0001e47c-282a-4828-81a8-ba7a188930c8	1101
0002b75d-4f34-47af-bc50-dc29cda98f7e	1094
000b1e8f-0ded-4b85-85ec-ba8e0189a91b	1134
000dcb10-ed44-4668-b7ac-650434ca1899	1136
000ef554-302c-41f2-ac54-71ba84038ce1	1163
0012d6a4-1e4d-404f-9b9f-8a636ad1d24e	1134
0013eb9d-b578-4888-bdc6-a52b11c5a060	1119
001576b2-5761-4d96-ac4c-bc3314302929	1135
0016a7df-e74d-423e-acf6-ea2357cbbfec	1135
001bc70f-7010-42f9-a31f-675f6ec6c26d	1090
001c5a42-3c25-46eb-a18e-c3696f340a5d	1072
001c845b-578c-4d29-adcb-21d8756700f5	2013
001cce39-cb80-4f46-a0c8-507848e35c34	1076
001d3825-fb04-4f26-8260-14c4a8f7cae9	1133
001e3c5c-bd14-4739-9b47-0475f017df94	1147
00210234-0bdd-4d79-aeb5-51a51563a9d8	1134
0021448b-1fb8-425a-ad98-580814d8f0ba	1078
00214d3a-c346-4df6-9522-d344b88e1373	1131
0026a5e7-fb91-44b8-9297-be34ab2fe251	1097
00285ca5-f75f-41ed-b974-075b8a8bb838	1179
0029908d-706a-4239-977a-66a41c8f59a8	1081
002c3a03-81d9-4a3a-a2ae-94cf64217b24	1136
003000b3-e63b-4149-bc67-4741abd9b3ee	1072
00339a4b-ea60-433f-bc37-a3e2229b319d	1122
00348e6a-8bcc-4069-a104-8069b693aed7	2070
0034daa5-065b-4185-b71d-e01f7e7418a0	1076
003ab8d2-b51c-4f67-bc65-9e4faa13b6ec	1138
003b3391-240a-4cd7-a594-638134c50b29	1114
003eaf1b-01c8-4a98-af0e-562e505baa77	1147
00412ac0-0364-48a2-82ec-19da16aaf403	1073
00417add-ec6f-45d8-826d-212899e6e09c	1160
0042a031-c3fa-4cbe-bfe0-6dee1f25f763	1072
0042c638-9651-459e-bf31-26dbd92f1b09	1133
00434435-7535-46aa-a162-7bebcc41cb95	1138
0044c13d-0923-4f3e-baa2-d4430cc25cb2	1090
004538cc-597c-4361-a2c5-0ce9409a23bf	1935
004a5cab-e4dc-4112-8d0e-990274659dc2	1152
004c2a2e-85c8-4d16-9073-f3e7f299cafc	1082
005ef4db-2c7f-4776-b625-b260a8804df7	1090
0061aeb9-7576-46f4-a901-855be5df28b1	1079
006ae461-3937-4453-9c55-4aedc9faf0ed	1061
006b3e96-2055-48ee-b01f-f35fffe3f74a	1068
006d99b0-6691-4b6c-839a-6b66ebe7309b	1069
0070cdd2-8be1-4631-bf7c-c2197fe5e3d8	1094
00714f8a-aadc-49bd-a171-418c03a26f18	1118
0071aea1-693f-460e-87b1-b2fd820b6529	1061
007438a6-6f12-48e3-868e-43ee165d09c6	1108
0074a948-1169-4a0d-b428-8f3b5aa0b418	1127
007b0bb1-7651-4013-abf4-4ad108b2ba53	1073
007b3d43-dbf1-4009-bbde-4e5445f901a2	1133
007b5455-1df5-4662-9b0d-1d9e85e81fcd	1133
007e146c-a5f4-4198-af99-50237506d981	1071
008051e3-35e6-401d-822e-213771d767ff	1122
00812fc7-3622-48f1-9ffc-75b4b165638d	1071
0086f17f-4cd5-4ec3-9264-c24904d828b9	1141
00881913-dfd5-4e8e-91d9-9f855d06dcbb	1078
008a173f-dbeb-47e3-930c-f5a6ffc868bd	757
008c84ea-b584-45b5-84ef-b8e0985e5b23	1126
008da891-6d97-4ade-b7fd-4c14c11eeeee	1076
008f5021-6b71-4970-9133-591707ba8746	1077
009a2ca2-4ddb-471e-bf95-b63b229ccfe8	1049
00a8278e-8d5c-4890-ac97-b3a663c822bd	1075
00a89db7-6042-4e81-ba54-eeb4efec6d41	1141
00a9c224-403a-45d2-8c4d-316801426098	1150
00ad425d-5c24-4537-a65a-121c5f5ef7e4	1129
00af47f1-a295-405a-8936-89949015f2a0	1072
00b6c185-b22c-4d27-9f19-af2b9ad17ccd	1121
00b914f9-5e85-43f2-825b-d7abaa4bbb01	1103
00ba4c63-62bf-4f0a-9f30-b6a6a7a607b4	1079
00bf0286-71b5-4dac-9b59-ed219b521a90	1138
00c67e6a-613f-4155-9d32-cebd3f030a60	1133
00c92a36-c5e5-49e5-a371-0bfbe71c9861	1082
00c9ae82-de7b-408a-a4c0-2443719af1d7	1142
00c9e91b-210c-4ca1-adaf-88c789d594ba	1135
00d345cc-b6cc-44b1-acf7-75e80f25e88b	1129
00d8c94f-7341-4418-899e-c7a5e257044e	1129
00d9659a-4e22-40c3-bd0e-fef80dce00da	1119
00de82c7-d323-4823-a242-3bdcd6fdbe4a	1132
00e1b6d9-0dad-4688-984d-59dee9d6c291	1141
00e34e88-049b-440b-a27b-1de4fa20db46	1074
00eebd47-5731-4404-a955-838567df4026	1170
00fae966-ea90-4389-b0f7-3ff4be10fa64	1110
00fba54d-1aa6-429a-980c-700582839f88	1087
00fcf37a-ad3f-4470-8dd0-c0d03a248b57	1071
00fd8ce4-2d05-4176-acc5-7d68176d3564	1138
00fe6b38-a9da-4126-b782-ea0acdaabdae	1074
0102b778-da60-45c1-aa17-297573bb7642	1079
0103fa31-95ac-4907-b261-2519afe5d660	1076
010c0903-854e-499f-94eb-6e8aef0a7302	1895
010fe82f-1584-4c96-884c-d1320e4a4f04	1066
01129cc0-97a2-4c41-81cb-1a585071ce05	1120
0120be95-9d7f-4496-a027-1b3cc1eb15b9	1138
0121c2bd-d319-4398-9ccb-9aaefe12af87	1078
01240fe1-ca83-4097-8dbc-8a0cd366d26c	1071
01258f66-b552-4ffa-8801-e860204429d9	1078
01266041-875c-4f52-8deb-8fccf66aa590	1139
0126ce52-dcae-4633-b216-2810f0904ce2	1065
0128428b-73de-4086-8241-846e2738581e	1070
012a2ac7-5027-4198-97b4-108aa72d5610	1081
012ba0a7-bad7-4f58-8b4e-4b112e362401	1064
012e5d33-e596-4e5a-8c82-21e0f35e2b92	1072
012f1a97-f603-4f6e-b3e8-cd47a6024a2d	1067
01344aae-5ba9-48e5-aa62-d27cb9f107e3	1122
01345c27-55d3-4838-a8c9-982dd39e63d5	1074
01345eb9-b83e-4f74-b900-99cecedae939	1101
0135bbe5-4dd5-43b0-a944-658ea7354c33	2010
0137fbbf-7014-47a2-9633-7a49cc19a4ac	1086
0139325e-ebf3-45c3-9006-3f87823bf2d1	1082
013fc724-b25f-426b-948e-12f7c8cbb366	1131
0144adee-04f3-4df4-9e95-b20d520ef691	1966
014523a6-cc7a-4e51-9276-0aabd80d1da4	1131
01466b30-f332-4f34-b759-38f262566d84	1961
01469398-1012-4865-82ab-8890615a3dfa	1080
014af648-f1f8-4497-9880-9c15c10eb18c	679
01555f37-5d0b-4516-8848-1afa7f8e86b0	1086
015bbc02-31a1-4d6a-b3f9-ac04daf62ce8	1089
015d8557-e7bc-4f5b-8956-301371be8ccc	392
0164d175-514d-47a2-8292-222e308e205b	285
01652df5-e2b3-4bd9-b5d6-a7911acbb378	1166
01673e73-dcf8-45f7-a647-58993feb93f3	1073
016a8a04-c3d8-4972-8d14-a387f7379349	1161
016fa23e-df0a-465e-b886-6711694de427	1134
016fce95-0882-4932-aba0-1711bd9da3c1	1120
0170e920-4c5d-4632-842c-1b481a9f76a0	999
01711260-17b8-4f6d-96a1-281e7dcb9d13	1138
0172981d-1df0-438e-84bb-ca48b164fa1d	1158
017afe21-9ed0-483d-abb3-befb42408c67	1067
017d2516-944b-4c72-a509-d50951f3ae1e	1067
017f9287-240c-40c1-bc67-28d66674ef76	2154
01842dcf-3969-4a27-ad1d-11bdd7336b28	1128
018551ae-2730-499f-8d58-56a5b9fbb3c1	1161
0188aa33-fdf3-4a80-8832-89fb0754273a	1054
019157da-3c33-4790-aba5-87e5166393e9	1166
0192938b-78c1-4d42-a48e-e12b747f41a1	1134
01949fb4-e624-4039-91ce-a936719a6bd0	2040
0194d7a4-bab6-4584-a2a2-23577cc69146	1131
01960644-e812-4619-b987-b642f3b9333d	1070
019baa38-2c15-4536-a918-62416765c4b7	1136
019bac82-7745-46ea-a51e-ba4de7cb1a1b	1123
019d0968-f236-4d01-8489-e0bc3dedbd96	1136
01a06b6a-d718-458b-bec4-62018104a108	1130
01a072d4-180f-44fc-aeaa-b110e718a1d8	1135
01a1f49f-ab86-482c-b81b-1fe8213c0daa	1169
01a21c2b-602f-4252-b654-eada32088c44	1134
01a435d2-046d-42cb-88da-30e742adc229	1131
01a69cc0-e2dd-418a-9a85-b8e9b6b13258	1134
01abd7a2-284c-4aaf-8e6b-075bd5038716	1078
01af1431-8ee8-4344-b05b-528b900ba814	1131
01b1560f-17fd-4968-b34e-256114f5e01c	1135
01b35948-cc97-4fd3-a164-6ac6e0bee12f	1153
01bab449-b313-49be-a9e0-566d24d2091e	1071
01c67671-01ea-46a3-87af-208689250f63	1080
01c73f99-3c61-48d2-a60e-284ba60afbd1	1079
01d11269-a532-4d7d-b6b5-a870739b96b8	621
01d59f24-de36-4a34-aea2-b3aea6e72048	1118
01d65082-67b5-4faf-a8d6-3c2250fc0220	1142
01d6a36b-a043-4931-ae87-0a7aa76bc6f8	1089
01d7f323-7cf3-4195-a428-427ff2c8e2dd	1141
01d87a3b-9a1c-47bd-aa21-39384e464635	1097
01d98a91-58dd-4d4d-859d-a01fbaee709d	1138
01da996c-84bb-45d1-864e-f833269e2030	1132
01dfc714-5af3-41f3-b2b0-2f55e628e1af	1083
01e17646-bb5c-4de3-943a-040fc33d6796	1095
01e5d153-fa7b-4800-bcce-417eca6fae67	1058
01e9e4f0-f7c4-4394-a257-4c03d5b05402	1079
01ec3441-6a27-46c4-9813-2cc3592c93f1	1072
01ef8e9f-bf42-4ee7-aa74-7248a9e267af	1138
01f06d33-3107-4e1d-a77e-a22fcc3d3455	1102
01f1b9ef-0f11-4896-830c-efbe725de6d4	1138
01f8c6f8-c008-4b3c-aee0-e02932d71a37	2005
01f9ecac-f8af-4bb7-afc6-fab09e5660db	725
01fce08c-1dad-4ace-a9d2-3f9362a11908	1071
01fd7301-5200-4cdb-87bf-506c8b71e674	1133
0200937a-ddf9-47ac-8e19-970801116a4e	1103
0201f510-d22d-4d1e-9be5-94d36dd896f1	1129
02037657-0973-4229-8aa5-680f5d39149b	1107
020d963e-8460-4d62-a121-03dc74d200ca	1139
021614a0-0bb8-453d-b34f-4033a42d9534	1529
02162ec0-3a4c-4e95-9023-99ecb8ceb472	1154
02198922-5cb3-41af-b2e9-0376245fdace	1147
021f8438-4460-4b8e-afba-05dfe8aacf20	1063
022230af-d787-4224-84c3-4991a9cf53a7	754
02277976-def1-4190-b174-cfb8c21efee5	1137
0227e295-0400-45b5-8be2-84ca8c27f179	1136
022a3d16-9d46-4ba7-bebf-2edbcc26e9bd	1136
022b39eb-8c58-44fb-917c-8361a910b562	1133
022c234c-9253-4531-a1e0-b1aab0be30ea	1167
0230cbfe-b31e-4eb7-82a4-8df653af1aaa	1127
0232622c-4de1-4e33-8e40-4651ba20fe6a	1124
02381928-add6-4068-93f2-299a67b7cafe	1070
023c9511-0254-4c20-b836-92f2f18afe4e	1134
0245defb-6adc-4880-afad-ffe769899a6a	1127
024745ee-2b47-4bc9-b5cb-e26d97baf420	1091
024a4d2a-191c-41c3-b40c-de15b02046b5	1124
024ae2cd-4c2b-4e54-aa8f-f0b9e2c9cd14	1128
024fa055-a5ad-45fa-bf05-b45b1844d3ca	1129
025640a6-d3dc-49b2-9f21-8169f2a8e8db	1138
025fb90a-4ed2-48a0-b82b-10b25c2378c7	1130
0260e3d1-739d-4209-8501-54bb63022679	1075
02628bc0-86ee-43a9-b5d8-ffe184da7935	1150
02636da6-1d12-47e3-8120-0faca52d8309	1087
026b264b-bdff-4090-886d-f9af505e5d4e	1069
026d114f-9268-4034-ab3b-51ff8ba749ca	1077
026fedc2-f095-43c0-9547-5e531ef438ac	1078
02765218-4fda-4115-bea3-34c15cbe93d8	1057
027749d4-887b-4ac8-8fd9-aa9b0b32416f	1137
027ae901-6922-4eea-8587-9628df0764a7	1076
027b55e7-5fe4-40ed-be26-fd15380d3988	1100
027bb2c3-b6e5-4be4-8878-d3481cf68b44	1155
027d9bfd-297d-4a55-8959-c4170925cbc2	1131
02834bb9-faff-4eba-a4cd-ede7d0c97ff5	1106
0283d47e-60d3-42ac-81d1-027032084559	1127
02859e94-5d1e-4a75-acbb-346d5a557390	1129
02891177-ea55-4add-b1e1-c2e7d16f2ce0	1118
028a5868-fd6e-436f-8d44-aa86ae082875	1082
028b1960-f212-4204-b863-ec90dafa9e1b	1078
028d5876-7429-4e38-8350-213c74a02ae3	1129
028dce2c-fbc8-4d76-9589-0d75f17ce2df	1126
028fe5d9-d03d-443e-aba1-f7888179621b	1135
0290ebc8-72f0-40a6-bd34-c76c92ef0acb	1142
02952acf-3ce0-4931-b485-1254abf203d1	1140
0298b684-eb7a-42c5-8804-6bc1aebc94e0	1071
02a25d4f-1987-436a-9432-fb26ae35a53b	1079
02a38e95-221b-4e37-925b-015cc4ed31b9	1062
02a4a926-5db0-4421-96fd-da41ae8093e5	1077
02a6e655-5b18-445b-90d9-99045583fd20	1150
02a7d566-3170-4752-b74e-aa109b24316f	2043
02abad6d-eae8-4db3-b2cb-9623f0411146	1137
02ade1b8-8dc0-42b8-9459-0b917cbe097a	1125
02ae19ad-c356-4a3b-b237-b756a6e4fbcb	1134
02b007dc-b316-404a-83f2-694193cb1beb	1155
02b65e4c-4e70-4adc-9fc5-63d30bc8b37c	1127
02bbc46d-6c7d-4e95-8533-10718bf4cdb3	1067
02bd999b-cfd5-4523-96a8-ed70e376f252	1076
02be788e-3d73-436e-a57a-2d88f0edab34	1071
02ce6763-c201-4a5c-b0c2-0d4f58ca3e3a	1098
02d6cad8-60af-475b-a21c-5343a57be9c8	1136
02d89930-c806-4d1b-a243-dad0231a6026	1088
02dad142-6fee-48d8-93ed-d0397b939b0f	1134
02dd54b0-7ca8-4420-b3b8-f8d72517809c	1129
02dd67ff-0845-4848-a12c-12b54ac0dbc3	1094
02e18f6d-fe07-405e-908e-d3d6e1b90f19	1104
02e1cafd-9567-4f2f-b98a-c5a5b55afc8e	1136
02e2959e-c9b2-467d-b433-7ba2c8e8765d	1070
02e2b5b2-f764-4a59-9af5-291e57bc95b7	1135
02e49382-1e25-4f6c-9cfc-737925883528	1128
02e9019f-b639-4a74-a3a5-49c5bbf5c236	1071
02ed885b-b7ba-46fc-9892-f103574a3c65	1133
02ede9df-d7da-4d76-9bf0-22743155883e	1113
02f499ca-f0d0-4f0b-825a-cba81b1a4608	1942
02f7cc76-6ee4-4ae6-b43b-735512244465	1137
0303e6a3-e998-49b4-8158-f2a348472486	1141
0304381a-6c1e-4924-adf6-4a3623f4f822	1066
0304ad50-d286-43fa-a720-97c4b21647a6	1075
03096d85-b738-4ce1-a184-a4a27cdd29f7	1066
030aa8c8-db5d-4351-9d1c-d40cb791d4cd	1077
03169660-ea7f-4473-9520-2273f3d4cfdb	1282
03176ca2-08f3-4bb2-8814-11415333b92c	1154
03184159-da66-4a36-b615-930e5eb46fe5	1074
0319cdba-600c-4e2a-a803-7b666c1ece4c	1068
031fa096-fe8b-48ae-a18e-f62550e15371	1067
031fe61b-7057-4c22-b874-ef6e214b1a6b	1138
03270669-5a13-4927-a2cc-3e8d2f891167	1074
0328768d-ed92-4a06-9262-638314140f63	1136
032a4b20-0ace-467a-8fff-c140b2738c38	1078
032b5e74-39a5-4830-a2cb-afb51805f4fe	1080
032f752f-dc17-4518-a87f-9483dd01d725	1127
032fcf18-f762-489d-89bb-fafdb9ab52d8	1132
033705d2-d21f-4d92-bc35-ddfe3deec2bf	1126
033773ef-d37b-4b83-a669-4814c080ad74	1087
033a8462-519d-4f4e-801f-47f4094a3bb5	1141
033dad94-63a9-4073-948f-ffce9aba2c89	1076
03438b2f-2e64-413e-a040-e367bdb1bd0b	1066
034587de-f21a-4f26-a32e-8b0f65adeca1	1066
0345bdee-d735-40a3-bb98-c7e2030fc3da	1079
0346ade0-a3ff-4d74-a7d0-3034c5d4d6d4	1136
034b8a6d-d16a-480e-a270-491786990625	1147
034dd5be-dbf7-403e-ad84-babd82af711e	1075
03534ef9-eddb-40fe-9b6f-a28fc69a7cee	1132
0353f5f7-dc25-4e11-97e2-b7ca6775b697	1132
0356f268-2538-450e-b9f3-6f12b2d87bbc	1129
0360ccda-ba0c-4d48-acbe-ba97e490ec09	1139
0362db09-db28-4d7a-b376-77fa71b5d363	1143
0363c727-e616-4066-b4b5-3f0b6dd7dc04	1129
0366456d-89cb-400c-968b-efb2440b0c1b	1059
0366a753-479a-45d6-b7a8-5a9b432e0757	1081
036d35ca-e8d3-4d19-aff8-5f0282a2ab7b	1094
0375de81-2759-4d35-b888-f8573bca2f7d	1058
038185ea-80a4-4c97-a62f-0924e8e228c1	1033
03895dc1-c2b1-4259-8236-b2b238f9c0d5	1070
038e0422-cb54-416e-b575-d765a4236bda	1072
038e897f-80f3-4777-b525-2d7a9e10eef8	1080
038f1565-ca77-4704-a110-94a6f9f8b972	1134
039586fc-6342-4a05-9ba4-84132b0721a2	1144
03996d2d-d464-4ef2-bb28-74b87529a0e1	1074
039a3417-e6fc-467f-a639-8db05121829c	1158
039a6b35-8cf5-4480-b290-6c78a72885a6	1133
039c8ebd-55fc-45ae-b22e-f3d3847e6d89	1124
039d12f9-b5aa-43ab-80a0-5cad5ee12c49	1069
039dc77f-16da-43cb-ac52-1805f2d268d8	1119
03a2105a-9b77-4a00-b51b-cd266b15c3d1	1131
03a26467-3fce-4265-b87b-ded8382ec750	1048
03a8e854-2941-43f2-a6b6-10cf1df141e2	1156
03ad3063-ae7e-4ac3-ab98-c51adc26506d	1074
03af0f86-0273-4e16-a9bd-7531ef9730b8	1069
03b20b58-79d5-46fd-9250-49cbd3e1e968	1078
03b60e6d-caaa-4edb-893d-e5ccb2fb3f7b	1110
03b63bc7-5d9e-4161-bb79-acc7deedff9d	609
03b883f2-e1e2-46a7-b7d9-56e2d795a469	1075
03b975b8-c3ad-4b1e-828d-81a4db7ebe54	1075
03bcd2e6-4dd1-4d89-ae4d-751c6f2a85de	1168
03bd6d14-f538-4cf3-914b-7fb455e732e2	1156
03be3772-b8d7-41ea-a89c-cbe213dc6899	1073
03c141a4-caad-4ec0-902e-81e7501a7482	1084
03c1fadf-6ca4-461f-b8ba-c0c9778f8c12	1133
03c6112e-4051-4b48-a3d7-84bc4c9b53b1	1069
03c91559-0e97-42e1-8785-6eab910fdc8b	1140
03ca3162-e349-480a-90d7-c717963127a7	1071
03cacb19-340a-454c-a46e-9aacf4cb46df	1151
03cd0a02-14c3-4493-a778-55679af25c60	1125
03cd1fa7-2b84-4e4a-a300-7c041547825d	1048
03cf795c-35cf-496e-be12-3816866e3259	941
03d05398-ecaf-45e1-b9a4-a98a08c36697	1079
03d2688a-e23e-4a6e-ac6d-2d92b6975a2e	1127
03d524fd-6bf9-4852-bef5-86d889af44b3	1098
03d5cc0e-b458-4bb5-a817-067fc11cb044	1078
03d69bce-48de-404c-a11b-df3dd854e69a	1128
03dc5b4b-89a5-4974-a5b5-38d6325d8642	1073
03dea210-2fd7-4676-b765-abcff124456c	1134
03e2a4e7-c1e1-402c-867a-853610e472d8	1137
03e5c938-d1d7-49c2-be42-4794a6752ad4	1135
03e7b5b1-4aab-4672-81e5-1309e583a427	1042
03eac03c-5136-4eaa-b0a7-f7f304bf0bb2	1083
03ee6f54-f7d2-44f8-827a-e8fbe761371e	1072
03f226b5-7122-47c0-8dda-225b7df60751	1163
03f32030-77dc-4cd2-b955-a695d6fd3dec	1133
03f32ee5-af39-4617-8ec3-533aac533a79	1070
03f81689-4cc7-46bc-8f68-6bbe995ac7ee	1074
03f9dde6-f400-4bcf-a59c-108d7fe60e82	1071
03fb3884-4fd9-43c4-bf5e-20c88556e78a	1127
03fd20c1-255b-4c1e-9f31-1548390726ff	1133
03fd66ee-4d61-4288-983a-36a250d0a5d8	1128
0403be91-16e5-4488-bbc1-dc0bd862cf85	1140
0407cab2-284c-4977-a21b-8c815038943c	1090
040b9133-cb83-4ee3-9b31-c3c829382755	1146
040e0d86-dd10-46fb-9ed4-222788f3523c	1148
041128b8-2236-42fd-bf28-d97e202eb394	1072
0412183b-692f-4a38-acee-56e6e65361a9	1135
041862f4-a8aa-4fdb-99ef-493d05170452	1140
041bf921-0155-4a64-a60d-e7f2f1dfe357	1128
041c0854-ca18-4ff7-ada6-8abcc536897c	1097
041d6ffd-51a3-4cca-98a2-e58e3f13fb43	1130
041df78f-b6e3-4a8c-9039-aee505c4c801	1119
04223cae-f412-4f4c-8436-d73a22be4725	1109
04234e90-a249-4c06-9a91-c53c90b9713a	1127
04252601-77da-4c2f-8935-dd449b5d4ed4	1133
04284a9b-2ba0-4b45-948e-df01432327af	1124
042bc1a6-b0e0-4ca7-8bb9-ccc1adf68296	1082
04320230-3a79-425e-8ffd-7db3ae372d48	1073
0432e912-8b3e-4439-8a98-c1f505a4a8ed	1119
0435a3cc-46a4-4482-b49f-6c14a81e4b43	1144
043688a1-6611-4c6a-ab67-725005fa404f	1094
043853e3-eaf9-4a2a-9770-f4f8d7448de2	1134
04396d70-ed78-4c68-9059-1de25c7ce5c8	1136
043a4118-8c62-4023-bb7a-ba7ea672abde	1102
043b38e9-8681-4d77-ae1e-d97cbbdc6af7	1062
043cbe4f-b4af-432b-b585-5531c36a6139	1089
043dedfa-68d6-497e-a108-cb6bc7037fd7	1076
0445f442-d495-454d-a96a-68e884b42415	1075
044b17fe-729b-4062-95e6-644ed6172f54	1050
044df323-a369-4a80-bd87-61d5080dfff3	1140
044f8fc3-f49c-4805-9ac4-5aa5fc19300a	1076
045ecb37-4992-466c-b140-c55f706eb60f	1092
045f2929-d318-45cb-a35c-b06b8aa5b14f	1075
04653699-a47b-427d-afc5-6f0646e4e166	1140
0466861d-2991-4951-9be4-470c863cda7c	1076
04692453-fa82-438d-9f22-70ab22700b5a	1134
04699662-8154-4727-87d5-cf19f2338eca	1137
046a3389-3638-4310-940b-c154872d2cc6	1129
046f04f8-ca72-4930-a65f-e5f1a2fdcb1e	1142
0471bd55-de71-4d1a-9aa4-f1bc10bb9b93	1067
04793d32-673d-419a-bef1-8e28bcecf9ee	1079
0479b56e-471a-41ca-8943-bf527469a171	1069
047fa288-f3b6-4884-b70d-cec8924ca876	1079
0480b714-f1f5-4dc1-9a0d-966224f9cbcc	1096
04899267-76b5-41b5-988b-ee6101ca253a	1083
048ad13c-cefd-4801-8873-be7ca1e0556f	835
048c9ed6-b30f-400f-ac21-79938f3e3eb6	1096
048d2fbf-14c7-463b-8a3d-641288e04fc7	1116
048da504-a525-482b-b76d-b231de152928	1064
0490deff-4173-464a-be70-b00ffb525a06	1142
0491191c-37ff-413a-ac02-edee4dbbb7ae	2143
04967b45-ce59-42b6-ac73-726bac3105be	1111
0497bf2f-b4a3-43a9-9b87-d4c4f3f4ac82	1132
0499ff0d-ec8c-4726-8d97-b2027a9fd8f1	1134
049bd66d-f11f-416d-afba-95605bde32b0	1133
049ecd0d-3623-4225-a72d-ce27758119fa	1134
04a3e9a3-d536-44c3-9688-c6c818879c6f	1128
04a76042-30f9-4351-93d5-e28c5b4dc45e	1135
04abda6b-6b4b-4cdf-a5e3-54d76ffc0651	1072
04ac0767-3af6-4275-9885-3d8e530f8883	1133
04ad9ce0-7df8-444c-b269-a21cc9942875	1133
04aee169-7004-45fe-9185-97a3ecfae580	1536
04b04ca6-9997-48cd-8afb-953bbc3a8f65	1083
04b2e765-2072-44fb-a384-5b6866505f00	1098
04b3c04b-5fa4-4f62-b351-6b279a9c7454	483
04b3c5d8-05fc-4030-b4c4-a6bae3bab29b	1124
04b722b4-7820-42c6-aa66-020cda2d3a9e	1137
04b85e50-3aa8-414d-bee2-1e32e8f76622	1073
04b9264b-3ed4-4286-b6bb-3e614727e1e7	1127
04b964b8-9034-41a4-be24-f2a9bd87c43c	1078
04bc26bf-de88-4ae7-8c45-a7909ddfca54	1143
04c0ec9f-f689-436a-9d4a-c16f58a04c46	1151
04c62366-3cb7-4ed2-b1bb-94535f633fee	1073
04cb24e6-f69d-425c-b00e-8444c1d1281f	1133
04cce3f2-533f-498f-9460-ec989af1e699	1031
04d0d8c0-4c0d-4685-bc08-1e0504930364	1120
04d45a41-c1d5-4a04-9c19-5b80b83ba88b	1128
04d52731-e97f-4d2c-884b-e47446008fca	1077
04d66158-00eb-4da9-8067-84bd4cf8ab3b	1129
04d91b30-0d92-456e-9b8d-03d3c95847dd	1072
04da5313-ad3b-42a8-a23e-d638cb0b45c2	1103
04de8675-81ae-48dd-ad86-cdb05135c9dc	2031
04dff441-7a10-44ce-a348-76832a576129	1078
04e26357-6565-4b77-a1f3-2451ec476f11	1160
04e34c70-e5ce-4cab-a2ea-9cb3552e5ac9	1132
04e3fe14-c18e-4242-b79b-5490de2405ad	1127
04e86f05-0c3b-4264-8e10-81eb18c923ab	1080
04e936df-7e97-41d7-b7c5-6753e3a18dc1	1123
04e9b6b4-93bb-41e1-a1cf-453bab7eb382	1074
04f4bbc6-8652-498d-af32-409a0bf3706a	1158
04f53622-13ab-4d37-bcc2-4519cb3903f6	1077
04f80bf0-da27-451d-be76-7165dc21b128	1079
04fd80ae-3777-45d3-9148-8611423c5777	1530
0500d781-291c-4bd5-b70f-6978dade5d05	1135
0502084a-5188-4467-bf52-ce3c19c6642c	1144
050d00e0-bc4a-40aa-a841-e5201c72a370	1142
050e352d-27ac-4dbe-bb26-6f76e5f65dfd	1132
050e80df-f5f9-4932-9fb4-84f8dabc0d5e	1145
0514a40b-3a43-45f1-8e10-fc1170db7d93	1140
05155dda-d7b6-4d6d-9019-e00d4524ff36	1137
051d7f5a-1bde-49db-9a1c-169472fe806c	1148
051fbb18-ba2e-4d7f-8188-07182c74837c	1133
05244934-ccb0-486e-862d-265248afb597	1074
05247db1-2011-4fc6-9cf3-357b24cad5c3	1157
05251d42-c6aa-46e4-8544-11d25865c213	1130
05268088-8e80-428c-be47-857280507e69	1132
0528e55b-6b4f-47b9-badb-50e1950a6912	1142
05297803-1835-4c7e-8395-3aeb054af1ab	1080
052a8789-bdea-4ecb-9b54-57e80488708b	1941
052f0f42-009b-43f1-bc1c-31cd0ded4dee	1119
052f9556-6fae-4614-9ca5-b0bd629ab9c8	1152
0534283d-35cb-4d6a-972c-ff97c9d482ee	1135
053533a0-02ab-4642-81c1-7777dd39ee45	1132
05374f62-0176-4ff2-bcbe-b69de908e58e	1065
0537ce4c-4d58-4db4-9236-3bdbcc7a40fd	1074
05380303-0d1b-4d99-b469-13617f273587	1074
053a1d67-7946-4790-bcbc-3f561a6febeb	1128
053b954a-49f7-490e-85a5-e600e8f883c9	1123
0546ec25-8e1a-4970-86ac-85531bdb637b	1131
054c883e-7c91-4b19-9466-20931fa5ac24	1132
054d0b64-1f02-4fe0-a86a-35e789a21f35	1085
054db6c8-4d59-4585-a6c1-de02bab4d505	1128
055103c9-3d68-42f4-a318-839bcfc805d4	1074
05535dcd-a1cd-4ff7-ad3c-40ca26918a89	1076
0557ad54-4557-4ac0-8caa-90aeaba483e2	1101
055b5881-e165-40ad-8041-699feb5e5745	1053
055b6a0b-932b-4cfc-963d-a975e015daa4	1130
055c433e-6c8c-4402-982a-bfd6e8059833	1136
05637a8b-5f0d-40a6-8ca1-aaf866ce414a	1072
056610f4-0dba-427d-bb2f-f9c444a98c81	1079
056c4ba6-4d4a-4037-98fa-f491fe99d275	1799
056cad8a-6051-490d-88c0-051ff559e6a4	1127
057182c9-1ea8-4182-aac7-be1e56e103c0	1137
0577331a-597b-4d89-a076-f93a893a3597	1068
057a47c0-fd6b-4139-abf7-4672de935380	1140
057e7c02-a840-4425-95d9-2ae76237d9aa	1132
057fdb65-a940-4adf-8e4e-577ab61f20e9	1074
0580b6e8-baae-42ee-a667-dbb825564e47	1138
058628d9-ba1b-41d3-bc14-7adc992de991	1077
0587a4f9-bb4d-4cf0-b476-020258898fbe	1133
058bd507-c853-4711-8c30-a1ed1258e9ba	1126
058f4e5c-6fb9-4162-8db5-f73ed33d6353	1119
05936773-2ebb-4e33-8af2-a0b819ec7330	1148
059a178b-a78d-41f6-823f-1998079123cd	1133
05a2105a-205f-419c-a41e-1a0149958014	1102
05a37551-1fbb-4f68-9288-edcfa72b522d	550
05a38894-a316-4d8d-8a9c-38a161ac9326	1074
05ae1aea-2e01-4178-9cc8-2b6611b567e9	1147
05afd4c0-2e49-4929-9ac9-2c728d15ebc5	1135
05b219c4-899d-43b3-a234-d62ab3c3ad0e	1133
05b8549c-bb26-4f68-8fd9-020a3daa5edf	1131
05ba5e1b-3e44-4117-a167-7174a4329290	1130
05bb9f39-3e4e-4dd5-a1c3-02d658095655	1135
05bc605e-9ffc-4351-affd-4398433055b2	1145
05c48238-46d3-43ad-801d-8e3bd61606e9	2056
05c831d6-c329-4469-a626-26458453731d	1071
05ca4e3d-8254-4460-be53-3d8da2ebd201	1125
05ca77fa-9d85-4fb4-9de2-b0bbb28e3f4f	1135
05cac774-42a6-4025-b7e7-cec25dff131d	1095
05cc149f-fdc0-45f0-9705-31d91f81c6df	1138
05cc1e93-601b-41fb-a6d0-2babdc9d3556	1128
05db47db-0f0a-4afa-bb43-4ea428b9017c	1132
05de3ae0-a891-462d-8dda-72a5a4130893	1070
05e0833f-a5cf-4501-93dd-bb0bdae52726	1156
05e6071a-bb56-4fc8-9ed1-2f5333aadaba	1071
05e8c8be-53fc-45bd-9001-efe868c4a233	1121
05e983e9-e447-4976-87ec-6de0d346b13f	1141
05ea74e7-2361-49d4-bb75-d9e8fc96cec9	1080
05f0c939-50e7-46c5-b09f-4f1cb90770b2	1092
05f40590-3d26-4f14-85b0-9f4aad8933dd	1133
05f7ff1a-4b86-495c-bb51-57d33e0e102c	1093
05fb6c81-2b71-4ccc-8ea6-bf54972941b7	1162
05fe2bfe-1df2-46df-944d-df9bf801965b	1135
05fe3eb5-3aef-485d-b027-8dc2499c2846	1108
0600d524-1123-451a-877a-84ed0de5a6ad	1135
0605ffe8-3400-423c-9660-652ce34972c0	1078
06061913-e0ac-4424-8256-40dbe89fc69e	1146
060707dc-a4a3-4f89-9949-23f278bf8690	1076
06077000-927f-4286-aedc-f024ee49bd76	1160
060d336b-75d9-4af4-ab58-1842c0cfe3a2	1148
0613a0ec-4c2c-4418-8890-fddaba1846e5	1056
0618b359-66f8-44fc-8942-90a73f61c6d8	1126
061989e2-156e-41a9-adc7-a5862ac04118	1082
061b49eb-80fc-4f0e-9cec-6c1b7de6feb1	1066
061be60c-4070-434a-b29b-29202776f1eb	1105
061e17f1-311e-4bc9-9faf-e4912762d663	1187
061e22f7-d55d-4487-9c49-0bbda014f51f	1071
061e92c1-83e3-4efd-90ed-4c07576d05b1	1892
061eaf91-4905-409e-819c-e5674247d554	1124
061f6e97-231a-4192-8336-07028373c91c	1082
061fbda8-4489-4fdd-992c-de17377a83ae	1133
06239efb-4ee0-4a30-a18b-a4e53609fdc4	1106
0623a353-5150-46be-9c80-efe14f6af804	1129
0628ec79-91a1-4ac8-867c-223b9c275ef4	1145
0629f8db-4390-47bc-a90f-a28cebcc3c3e	1136
062acbbb-81ba-483b-a9fe-cdcad5bb31bd	1134
062b3da2-90d6-45d2-b4cb-0e89aa2c65e7	1127
062e3779-0838-4a92-8fbb-5c6b5cc52733	1129
063050ed-5610-4ac2-9be5-c2f800b61596	1137
0634127c-2b23-4043-9320-2a06d52e74e3	1079
06372912-da2d-4ac4-a257-d2825bd42f2e	1132
06391abe-a620-469a-ba0e-9ff85f970ff8	1128
063d6cb5-5d02-4474-863b-25c96b0a3deb	1148
063db5b8-7dc3-4532-bf04-2fe7f1e40738	1130
06470c1e-84de-4730-a89d-a95453084d95	1074
064fe60d-ed9f-4017-a6a9-4ed536b29104	1133
0655f3aa-c2d8-4fe2-9cb2-f5fdf92f5ebc	1816
06574229-c62c-4c0a-875b-4b379189d6ca	1140
06594ea9-7651-4339-83a2-76b1fb67c261	1135
0659e309-8ff0-440f-9588-100320b852d9	1077
065ba5d0-a0af-492e-bc78-a67ed1832351	840
065bd0dd-469a-4464-ad2c-efce18c1386d	2035
065c246e-44f1-4dbf-bf14-a5f6f897d41a	1055
065c90a7-8387-4da5-889c-0eeb58bdd279	1134
065d0950-34ad-41ad-a148-076aae3e33d9	1126
065dd89f-d3c3-4aa7-af4b-b6ed0b045c28	1088
0660efa9-f903-49b5-a4ff-06ab6d10e8ea	1068
0665e2db-221f-4cd6-b33b-6a0f3af2bc1e	1129
0668d328-f721-454d-b8b2-0acf7489c1cd	1044
0668d3f0-c17f-4910-8adc-45bfda6ac06a	1073
066a1c2e-2568-4414-b6a1-a74dd30e0d27	1131
06711dbe-901b-4683-b6f9-485c6ad35244	1072
06728717-c5c1-488d-ae41-f5cb3909e663	1122
0676652b-f3d6-4b83-ac7a-8057a42d965f	1072
0676aeb1-ade7-4b12-9ca4-2c049f6f22aa	1129
06778473-5140-41c9-b346-dd7ccf88f03c	1123
067791a1-3116-4482-8ad3-3d67d3c1ef9b	1150
067bae94-58b3-4ca8-894e-eb391201552a	1152
067ccecb-9d7f-4544-9eb0-0adb66a5de6b	1072
067cfa74-5536-43c6-9304-24793ca1128e	1127
067d0759-089e-4107-adad-59bb90425cc1	1124
0681af8f-4862-449e-b95a-d825acf3d79a	1136
0681cbbe-538b-4de2-8ec3-2d6d25736a6a	1074
0687fc4a-e05c-4085-8e3d-9ae343123567	1133
068964d3-d314-4c68-ad80-44cc30d7524b	1057
068f1c58-63e4-475e-9536-fdda53ff53fa	1077
068f574d-f5dc-4492-b08f-c30c7032cece	1302
069000c7-1b15-42c8-a848-a5a652c099d1	1134
06923dab-e2bd-4b06-9853-257460cb3635	1151
06955b0b-ab2e-48a9-be50-67cb73e279b4	1078
069a8934-757e-4d6a-9f00-92307bc220d2	1066
069b18ad-b69a-4434-ab10-20ef40524508	1133
06a0c747-392b-40c6-b843-ff4be3e5bf41	1150
06a1da6c-617a-481f-9abb-bacdf76a0cac	1128
06a2b34d-1495-4fbf-95dd-f2fdec69f985	1114
06a861f4-921f-4519-89a6-8a40f76e6c6e	1127
06ac3cf2-fece-4dd3-aa78-889a834109d7	1079
06b47f13-0b60-429c-99c4-5a4ea277a79d	1130
06bc0e99-4697-4fbe-b5fa-a46fd6bd956b	1142
06bc3268-86bf-4961-ae0a-a44fa6306ac4	1125
06bf601c-9336-41a6-b53f-5bb795ada143	1631
06bfb8eb-131f-4e8e-ab7d-74da573eb844	1148
06c02e7e-d1b8-495d-94da-394a829ea276	1094
06c058ec-608c-44e5-9e0d-8eb0baf74c03	1130
06c18c9b-eb51-4596-b34b-d026c092b428	1137
06c2e7b0-a284-4e00-b2db-0fdce78e2795	1082
06c8cf1c-9768-498a-a26a-9f04cfef7a50	1142
06cac07a-11c1-40f0-b7a4-f0326614a620	1078
06cc6d07-1df3-4b41-9a8d-314e45962079	1128
06ce3306-6d96-42a2-a493-aaf9d5cd4ffa	1073
06d07b85-65aa-48ba-8205-80ea33dc8e25	1155
06d18cd2-f875-4d2c-b1b6-eb4abbb7b150	1135
06d232f8-1a94-4890-804c-6288c220005c	1120
06d3f858-026e-416e-a32c-2eb78bd530c2	462
06d68d2f-70ee-4471-91cb-8baf57c0c03b	1086
06da5359-9967-42d8-b24e-2e868007f1c8	1124
06da6124-b253-4eaa-b178-88099fa65794	1072
06db38ef-710a-43f7-bccc-ac52dd749b15	1137
06dcc82e-6729-49b4-903b-660b63da672d	1069
06df14e2-bd1e-425b-8da9-5ff8519e66ec	1073
06e3a880-59bc-4823-88c1-66e51eff5bb0	1068
06e6bc47-ee3c-4587-bdeb-6bc26130ccce	1129
06e9091c-6a39-4b59-ad6f-cac5e032a0ae	1134
06ecc998-8a48-4e12-9f32-85624ab8274c	1096
06ee1528-272e-4544-85e3-475e07553aa7	1129
06f3e34b-5b55-430d-8c60-f6cfcd1d8cd7	1090
06f63da7-5501-4285-a59b-626499b79356	1132
06f946a8-1b70-455d-9165-c9e783e51028	1075
06ff8e64-8997-49bd-9e3d-48273a71dfd8	1071
0701bcf6-5993-40e0-a368-dd332509522b	1138
0703905e-a8b6-4dc5-b708-9da673513d95	1933
07085915-4893-4158-b3f0-dd882a851861	1097
070e598a-36c2-47d5-bbd1-c4d52386f2eb	1137
070f724e-4ff3-40dc-aa71-c6223597d8b3	1072
071522ff-e836-4ce0-a4fa-07989b95ddb2	1074
0715a4dc-01bf-4a96-8374-7ae37cfda443	1102
0716aac0-b146-4cc8-8f70-a7cf4d35c3b2	1070
07244132-e6a2-4ee8-959d-e735140f4b38	1075
0725e84a-ea1f-463d-9dde-67f959889325	1070
0729ee8d-24ea-46b2-ad92-bb823d128d35	1134
07345f6c-a5a0-489d-8623-862ebe932df7	1119
0735887b-c35c-401a-be0b-709cc3d7a198	1149
07419233-fb75-443b-9853-ac3f5be9af0f	1068
07447aa8-dc7b-4de6-a899-a7001f7700ab	1066
0744a8c7-9280-458f-814f-5541c9b3f4be	1905
07485aa7-1f29-4b68-b001-ea80bf6f926a	1137
074c7021-2280-4fe5-861a-ce9e19be2578	1133
074cacfb-b8a7-4a2d-adfa-1a18a1154524	1137
074f8f4f-2281-49a5-8a33-d93b6ff5373a	230
07517cec-7ad6-447b-81bf-ebb87ee156e6	1068
07549e2a-9c5e-4d82-8e85-612259b35754	1124
07555556-88c6-4e22-92f8-1699839cedd2	1132
07561d58-6bc8-428a-8054-ff13a252dea6	1157
075a38fe-48b3-42be-bb43-83f4f2cb4443	1077
075b021f-61e6-488b-a220-c60fe2f5d253	1056
075d64e7-fa68-458a-8809-c6270e6f4b1e	529
075f8cf4-a50a-4ebb-a23f-c5b39728f9f3	637
075fbe75-8df0-4423-82db-0918fec35f9e	1128
0761dbbd-1f05-495c-beca-a244e2f6fc83	1134
0768c965-4311-401d-8b02-7c2f42ab4440	1130
0775913d-d314-4a16-a434-ca0b2a5fe054	1151
07764963-d5ff-4cef-8286-179065d3aa76	708
077b4a5c-c928-4a4a-84fb-ea2e3bb60e37	1126
077db033-a019-4ad7-9dcf-e8f37c2a2e51	1074
077ff681-2305-4c07-b47b-f1d3819e08d9	1148
0781e113-430d-4a5f-b8ff-2d74c2d69c09	1239
078aa295-268f-4f1f-ac88-02558e2c0a18	1136
078b5553-d2a1-4e51-b564-0ab54f22fdb6	1094
078c3080-cdbc-4978-8bb0-2c824fa7881e	1158
078ff934-1cfd-4ec6-8c56-fc102a0d9cbe	1083
07940204-811d-455b-af81-82094f974308	1068
0798db5a-8055-4792-83a7-a2197624f9a0	1063
07a2f744-210d-4f2d-ae93-949e91b69e1f	1072
07a3757e-293d-4949-a54e-a9f4700b3a0d	1066
07a467e9-e643-44cb-90b0-d4d4304943b8	1053
07a4bfb2-4984-444d-8cb6-3bc62e268cfc	1119
07b3c3ed-b59a-4d3e-a1cb-b707112c8c3a	2080
07b6b980-9115-4985-b8b1-89fd7139dff3	1128
07b86eb8-ae27-4d01-875a-556ed54add76	1116
07b97029-1ac1-43d7-a288-4326fe9393cf	1070
07ba1e2c-344c-4247-b96d-dc63bf12353f	1125
07bd809c-b174-4064-9a7c-17167d05f9e6	1067
07be6e55-3117-465a-b205-8926f7f021ad	1145
07c308a3-91f2-4fa9-a421-f545bfa8d8a9	1130
07c6e335-0a05-4844-a5bd-4ba76c9d780e	1130
07c8f99b-23e4-40be-b705-c8d97646973e	1138
07d418e1-75d2-4221-8233-2d6651f6e1c9	1142
07d9a7a4-3ce2-4501-8d36-4f6bf27cc6dd	1158
07e20b18-307b-4a66-a5f0-d6a9f614c3cf	1131
07e9cb1b-1f29-477d-8da2-e8e297cb0b56	1138
07eb8890-ae13-4d8b-924c-c8dc79341761	1061
07ef6b49-38d7-4e45-876d-1efaaff02b9f	1074
07f12424-9113-4539-ab2c-ec6c900e813e	1132
07f34359-2282-4d90-993b-4350f98e32ab	1142
07f374fb-3c64-4487-a83c-15247d1173bd	1141
07f46a32-5441-4c9c-ab00-3a8e37c4753b	1074
07f4db4c-2232-40d8-8842-b96ac20fd331	1131
07f8aa5c-7274-4efa-9d77-ecf6aecca23d	1055
07f94eff-e7bf-4355-830d-4685fa6111c9	1045
07fafba1-9ee4-4ed0-b3ef-1cc46bf8e963	1132
08012ccd-7df6-43c8-bea2-42fb0f5a2968	1109
08020de9-86f0-4008-af4b-07b4e2346064	1139
080223ee-fbc6-4c18-8940-a3d65f81722f	1076
0804bf02-a7bf-4faf-b64e-b7cc318a4e8d	1140
08066b02-f02a-4de0-8165-5bc3aca920b4	1134
0808ca32-c63a-4aad-a72a-9e85632dfba0	2006
0809d169-5fcd-4dd1-85bf-aa218819ccc1	1131
0814204c-207a-435b-b370-12d1044665e3	1075
0821d489-bc31-4c3f-92c0-cf2a21a6d53b	1081
0821f73d-d34e-4ea0-a7f1-c4effb3fa3d7	1069
08273867-90c0-4d47-89ea-42f85b9a3615	1134
082cdd72-ba9f-475b-9c0e-18478bdd0db4	1533
0836fdaf-154e-4692-9620-d6a6f42a9e62	1133
0839383b-9441-49b3-8ab1-ea04c63bdf67	1077
083df85f-d19d-46e7-b005-16d27450616e	1129
08446342-35d8-4a73-ad31-6007bda1ac86	1151
0845a211-171d-45f1-a8f1-c2ae1b4248dd	1135
0846c378-ca51-49ae-bf98-c069676d6885	686
08482c6e-fa40-42c4-bf4e-ad216fecc386	1147
084aff13-c587-44a6-9a62-4b5f4be06795	1128
084c69f9-5a8c-4742-a5e3-b6c3bcee9131	1076
0850470b-782e-48bd-b15a-b0d93b3ce8c0	1059
085133d2-3b5f-4b3f-8c23-7c3b29f4c22e	1066
085b6fee-bae8-4032-9a44-b5b5b57d2f36	1126
085c1d16-51a1-445d-9dd6-d82b577a59fd	1132
085cd0c7-4755-4ef0-bb0a-1e23bd178be8	1127
085e7d3c-7e7b-4795-809c-fa4c2cd82ec9	1061
0862f7e3-1d92-4491-a9b1-40c3c2d1a0ee	1133
0863a748-f729-4dff-9afb-26681fa90d05	1074
0866a599-2177-45a4-8203-093b0ff9cd80	1139
086b6f52-5557-4417-8ede-c5439945fb70	1061
086c3912-6fd8-4f90-9b6a-e91f93e0cbe0	1131
086fe60f-5ed9-44f7-824f-db571e92c605	1099
086ffdfa-bf2b-4fcd-b7d7-5009301c9fe7	1133
0872a716-c1c1-48f7-a1f8-de0909f72fc1	1123
0878a1ff-e5ae-48bb-8283-10a6bfd63417	1134
087a12cd-7400-495c-9a8a-43615e675cb3	1137
087e2418-ae48-41fb-8dbc-81c9b9817681	1127
087f516b-c2f0-4328-81ee-1eff27be145f	1140
0881163f-328a-4ba0-883c-721fc00d1608	1077
08823b9e-3f78-4864-9ae3-a30540ade64d	1128
088310ad-42a3-4c2f-8168-85e582601484	2060
08864d4e-ed0e-42b2-8615-37e140977efd	1137
088853c2-fe18-4557-bdd0-3d12596ec2f9	1090
0888eccf-fe88-4d94-91d2-84bbe8eac032	1135
0889dc81-25eb-4f35-a286-7112ff88fcc8	1063
088bdeba-257a-47c1-9a72-031203866e01	1132
08920bac-249f-43f5-a357-4440487c1278	1149
0892d8e4-0cfe-4ae5-9ecd-9d5434497734	1133
0892db9c-d805-4202-8562-10dd21b564ce	1065
08965449-f823-4f44-a9dd-7eb5968c7795	1126
08967fc4-3836-4d37-88aa-4fa10264eb03	1140
0897d7f6-7785-49b9-84a0-f8257c4723a8	1127
089874a6-a7ca-423c-9539-5684f15a68d9	1143
08a7cb3b-2a5f-44f4-bea3-742887cbdf75	1061
08ae0690-a14f-46c7-9f1d-65a50094114a	1135
08b44828-8143-40f4-acb1-b7168129672e	1129
08b9dd5a-eca4-4228-b379-7144d3ab67fc	1064
08ba3b47-b341-4142-8daf-5a69ccf7f345	1075
08bb5e8c-74d2-4a88-baa9-d7b1f5c55d3a	1092
08c375b5-f5a7-4b56-8b7a-5482f6267a85	1148
08c7ec64-844a-4833-98a5-706d83e5f2a8	1076
08c8e9b3-1c92-4725-83fe-3f9791c6286c	1128
08d06532-d028-447b-a5a1-8bb9e01e0e09	1074
08d3a6e5-9c1e-4ba5-a795-690740333ad8	1139
08d40137-2590-4171-846e-f0a67c003e4b	1076
08d46781-fe94-4557-9461-e493651e9865	1137
08dca21c-02f0-4b66-846c-480064b171af	1099
08e21a74-d2df-406e-9b78-8e3549258ef7	1078
08e41a5a-d67b-4738-b4f1-6873aa8da5d4	1083
08f4b699-4061-475c-973c-2f099812ca9a	1065
08f4f932-0aab-44a9-b56e-e8f4163001b0	1139
08f4fc54-22ad-4cdb-af4f-26f1b63708b3	1063
08f5074e-5508-4990-86f7-c106555c27ae	1142
08f932fa-e90c-4241-8890-df1cefa90992	1087
08fd717f-7c7a-4636-8442-52692abb1b0c	1075
08ff03b8-0243-4860-a686-73e69feedf3c	1073
08ff2803-f479-424b-96a2-1dca3b4536cd	1130
0901656a-979d-4183-80ad-3a8386ec4974	1149
0903829b-58ac-4af1-a2b2-27a3979357f5	1129
0904c847-39d3-4534-9ea7-2f8616c98d76	1125
0905c88f-0dba-4777-a200-8bfb61d9bd97	1101
090a10d4-a679-4ba0-8aa1-f51d259d4895	1145
090aeb8a-cd78-448d-9dcf-26bfc94204fc	1138
090c8bea-6077-422e-9c0c-eaf77f33797b	1071
090cd545-8564-4f40-9cb0-03c956623ebf	1137
090db3f4-851c-485b-898f-32af05661152	1107
090f38b7-ad76-40d5-9ba9-41d0e84b2ef1	1473
09109cec-f86f-462c-bd95-d026f89250af	1077
091124d7-e4f7-470a-92a1-4d4c83fd6de7	1073
09125b9c-f2b5-4201-a94f-5bf11950e6d7	1073
0915a7d4-fc6b-4288-8a6b-0cd6499b47e2	1070
0918d13a-09c4-4eb8-8b0c-3c9e099d176b	1126
091a1d9d-1948-46f9-8ef3-9fe8ac74d379	2013
091d1a98-4730-4141-a8eb-258bf04409e1	1147
091f9bd3-acd3-4bb4-be5f-a7bb5038bd2d	1129
0920109d-94c5-4084-95ef-7c3eb201e569	1070
09203d9a-e128-4eb7-98d5-4f3b66da3b14	1133
092447fd-93fc-49b8-8c4d-cb80db988301	1145
09245447-e172-4a68-876e-185a1f3b1972	1136
09287684-61f9-4683-908e-ee146e582bb7	1076
092a5545-4037-4139-b4cf-9406ce6754b3	1150
092b0a24-f750-4620-82cc-da57068b0017	1065
092b20fc-8b57-4594-840e-abd4bb0a6c17	1082
092c4967-cb1b-4fad-8245-a88b66afc7a4	1064
092cd066-4163-463c-9215-bb1bc65dd420	1073
092d302f-cf4a-4187-af8c-8eb25ffa8c8f	1060
0932976e-d4bf-4267-80cf-eeb81c13e8c5	1090
09379569-c2d3-4f51-bd00-6042ebb1dd17	1149
0938af6b-2d2d-408f-85e7-09ef367fb509	2085
093bf470-14d8-452d-900f-977d2eca6e60	1117
093f9142-5279-4d8b-a689-45dd0cd42fe7	1127
094009d6-2f98-4406-958d-142937346ab6	1130
09427355-0183-4f56-95f5-9ed65d0b55c5	1110
09473677-c46d-45ff-af23-9423262ef65b	1134
0948ee30-8ff6-430c-93be-7413ab884bd1	1999
09498626-b3e6-460c-8712-f5e55744c19a	1110
094b0fa9-566f-4ab0-9f60-4193270fb75e	1072
094ccc60-656c-4dae-995c-b2614bd89184	1157
094ceae1-4729-477f-810f-059f2c70b166	1135
094f6e87-25b8-407c-9ebb-0f5eb28eefbd	1068
095be34c-b74c-41a2-8386-cf389512485c	1119
095d0eb6-eb4b-428e-8364-72dccb4bf7d9	1143
095ea97c-a798-440a-b1f5-1af28fc0d44e	1148
09668824-f0e2-419f-bdae-068b89aef3fa	1136
096e906e-b4cc-4f2a-9475-ed7ea2dd4d55	1081
09847674-3c48-4dab-b1d7-74bc52c5d827	1070
0985e4db-abe8-4af7-8fd2-54ef29faaa2e	1134
098620e4-a824-42e2-9749-75e2dc2f130e	1070
098c134c-4aab-41f4-940a-75de088de9d3	1116
098cdb90-4f84-431b-8439-997da82856af	1141
098deb60-749b-4272-88e0-34037c8c97ca	1080
098fa510-5039-4514-86a9-d1eb5bcfd217	1142
099052de-808a-4d01-8306-a62fe52f7fb6	1074
0996ca2a-4114-43f0-8ac8-53739fd5ed04	1059
0998423c-3e72-4bd2-9b9e-fdec3b1d9d6a	1064
099bcc32-b9ec-4eb8-ba4d-f981ea742bea	1135
099c9b9a-c517-4a19-b823-f91a3caaae53	1063
099d17d3-3a8a-4a8a-a067-a6ff47aeb1c7	1138
09a0d574-f211-453d-969f-2ddc1963a1de	1948
09a17c1f-935a-4772-95f5-79b8c03794b5	1135
09a1bd52-ee4c-4afb-84b8-73071887cb07	1123
09a1e6eb-8cee-4ba9-8f70-b4c6de4133b6	1141
09a23598-c4b8-40eb-b0e9-29446487415a	1139
09a5da27-a2fa-43b9-86d7-ad18c20ad1a7	1140
09a8a91b-7f46-4fed-922a-7b3c5f160fcc	1130
09ab2e8a-1363-40d7-a46d-918951eca9ea	1066
09af5d78-ec89-4d0f-afa5-e0f50e1a19ed	1522
09b0323d-36c2-49fe-8ee0-0167d9984815	1141
09b311f9-b533-407e-9d79-12ae2002582e	1069
09b384ae-f55a-47b1-953e-7885ee206428	1054
09b64297-0774-4216-abd5-4410fa40e38e	1084
09b66161-ef8c-4c90-8045-57e1d08578bd	1133
09ba8ab4-64d3-4a88-a736-fa6526918ca8	1077
09bc22aa-83b8-41e6-aa95-c2ae6d01d8f9	1154
09bc7def-74e3-4cf8-add9-a29578f3ae32	1070
09c057c8-33b6-418f-95de-9878f2a9d568	1125
09c1ddef-9bd2-4f4a-ae21-4dea01ab7da3	1130
09c1efd8-3d67-4a8f-a1d6-44e03e7afc11	1133
09c45b0d-2748-4de5-bd7b-6980a30e7ba3	1138
09c4f430-6f28-486c-9636-3220eaf60f0b	1088
09c62db4-56de-442f-b145-7cf0d9127bcc	1142
09c63fda-1474-47ac-91ed-65c162af6d86	1147
09d27c46-f2ed-4dab-804a-c9d1a0bdf09a	1129
09d2bdbe-83b7-49c4-80c4-7427663c2d7c	1137
09d39c24-47d4-4a3f-a4f9-999169c181d7	1137
09d7bba7-7fbf-4383-86f5-86113b508e70	1091
09dac7e6-d315-4aa9-8273-10333f3b1ed8	1150
09dc82f9-80f7-4029-b28a-97624015cb76	1075
09dd9f29-e9b8-442a-bbdb-169d3ebf453f	1124
09e26a79-f4e2-4771-8968-174ba4bf2e4b	1130
09e95590-d7a8-46e5-ae2f-a90e9e6253ac	1143
09eadde8-f230-45ed-9a77-1f1613b6fc3d	1117
09ec86ea-f67d-42d6-844e-7748ee65a733	1070
09f28de5-55f8-4a25-9621-8edbd8cfbf32	1134
09f33dc6-5469-4fc0-aed9-0c85964cd3c2	1192
09f958c3-2efb-4c1d-8b8a-4c219f2b4079	1146
09fb2689-da89-408e-9503-b00e1f96f505	1133
09fc323f-3942-4eba-8dff-b196bad2ed62	539
09ff8f56-f842-48bf-92f0-1d34ed67bc3e	1068
09ffbd92-ea83-468b-8419-2ec1dca26aba	1056
09ffdaad-f592-4dfb-bf42-20365ffca765	1135
0a00b206-1d19-4ad9-aafd-500dad4f7469	1092
0a00f849-6a8c-435b-b376-a154b9699ff0	1082
0a018609-99e8-47ec-9241-709d5df8820f	1112
0a08a62c-14f3-4ab0-8472-f7d1a5f6ea94	1064
0a08f6e1-9fac-4ade-b094-321793209139	1165
0a11a5a5-1b63-4fe3-8abe-56810145d759	1131
0a15d390-30c1-4235-b5a6-848f2cdbd53b	1073
0a16a5d3-a075-4835-8b17-5da55f62803f	1141
0a192671-7009-4d02-9230-62126c32752b	1132
0a1a83e0-2eb4-4142-8e65-1c244a7af128	1079
0a1b4005-f244-4d75-bc7b-698cd6ee0143	1097
0a1d1f77-6fec-4659-ac4f-634c3a2dc8e6	1090
0a2a1cc0-e041-43bd-a948-6e38e6cfd30a	1131
0a2a4c7f-4ea1-4f47-b1ea-daef7bb20b5a	1154
0a2bea87-5d30-4e19-9ae3-c84425a004c6	1071
0a2eb3e6-26b8-410d-b8ef-3e26bde0147e	1131
0a2f9251-c3b9-4957-bf26-ae6cb2c42be5	1138
0a32bea5-e98f-42c4-b96c-87ed8f836172	1136
0a33a01c-7571-4f8c-a66d-bdeb985a133c	1139
0a37e1d7-2ae3-4824-b52f-7b9cccba054a	1129
0a38b730-3e61-4484-a1ac-2666eec2a314	1145
0a4e3946-98c9-49b0-8bc0-02f3319b5a4a	1080
0a539395-d94a-4d8a-bc24-18af5f3b982b	1066
0a53b3ce-1145-44a0-89ce-92a0064a1200	1070
0a5555a9-f063-4449-a5b0-c1fce44684c6	1083
0a585907-ce3d-49c4-a89d-0ee32843166a	1138
0a62375b-c3ed-4b46-843b-d426d0928437	1143
0a6ac5d7-a017-403d-a48f-8951e3008596	1140
0a6dcf1c-a672-40f4-ad80-687fc9c3cde0	1059
0a722c6d-42a1-4b3f-ad67-3e6e91a88ce8	1628
0a7427c1-c9bf-458f-8436-5c6fdfc9db67	1076
0a74add7-d998-4b68-9797-e450a4320fed	1059
0a74e262-eb77-4bb3-96cb-27f6cdbc2646	1519
0a79abb7-f7f9-4ef4-9405-bdd7a8c06ab3	1136
0a81b6b6-f4c1-4c97-9640-aefaeeecc00e	1056
0a82f616-dee5-4eea-ad07-2669b2d1cf8a	1136
0a865821-aed7-4748-9b93-e2ba3b244c3f	1137
0a89b4d2-84b8-4667-bce9-4e0454b3d85c	1130
0a8bb797-c3ab-418a-931d-452bdd0373ff	1138
0a8d8540-05d1-4694-9bc7-0989b686a0f2	1136
0a926fd5-ebb4-4694-b4a9-bb0887699abb	1134
0a94b4ea-e66e-4b3d-89af-ba10b0c2ec50	1079
0a986fa3-e5e0-40f2-a980-81f7f822cc6f	1160
0a9d4018-6dc5-4590-997a-cf5c92fa0ceb	1095
0a9f6265-7e94-4050-81e2-974e51910cbd	1141
0aa65b21-e751-46a3-8b72-e81e18a5e68a	1134
0aa889cd-b110-4c93-9d99-4e0dd1678c1b	1070
0aabc541-1f9d-4e60-a954-d5707cca4721	1140
0aacbaf1-1e0d-4ffa-901e-0a566d75e4fe	1135
0ab1e811-9780-42cf-bb89-103941e0f386	1074
0ab4ac17-2183-4c33-ae30-54eea567b832	1934
0ab74bd2-4fa1-45fe-a6e8-b26a1d7cf4f4	1146
0ab993c7-3fda-4bd3-98e8-49fac722f3ec	1127
0abc1c31-0e11-464d-9090-f9671b15b985	1147
0abc5d81-b32d-4c0b-9786-5257006543b1	1114
0abd9c4d-b8ce-466c-b441-7b8deb12eba9	1136
0ac085d0-6d6c-4b31-a24c-2a1370aaccdf	1145
0ac20333-8a73-42d8-89f6-c91d6eb2d00b	1096
0ac50e44-6c66-49ee-8f85-82c9b853da8b	1148
0ac6651b-9a84-42cd-ab85-a6306930ffb3	1074
0acbfb80-1ee3-4709-b143-7176f7caacf4	1142
0acddae3-3065-46ac-9ded-174a058b6867	1520
0ad471a4-0db4-4477-8e0f-9b1bb45e3411	1077
0adef4ea-2e35-4a96-8857-bd1763cd74f9	1126
0ae023ef-e0b8-4c8e-a09e-3d3283669564	1068
0ae186f3-fba6-4415-a420-4eaf4e9eb006	1089
0ae447b1-9b16-4d09-a398-9c47d5f001db	1102
0ae5a0c6-3afe-4e03-b7ca-4785e10def38	1126
0ae60929-d788-4dec-b893-5a723784ec38	1134
0ae79858-bab3-4013-bd3a-acb24ba4be57	1126
0ae9e75b-3c28-42b7-b47a-381b82939566	1107
0aea899b-884e-4ad5-aed2-f8230d85117b	1123
0aeb664e-9d7d-49a1-9c28-9914805daa0b	1131
0aed8030-8f2a-41ad-8f9a-9f135dc6f2c2	1137
0af4cd5f-62bb-4b68-82cf-2b3f7abb848f	1544
0af81f20-3f6f-489b-9a68-962e443c7484	1139
0af9931b-e0c3-459a-9fbd-7aef487c7f38	1131
0afee08d-e65e-4783-bd82-33df30ca08d4	1173
0b0121fd-0b62-4604-abb4-53a459dbf55b	1129
0b057704-0efb-41d9-bdac-e918a2afa184	1134
0b09d14b-3af1-444a-812c-09ea77d3aeef	1131
0b0eea83-94bf-4172-aa29-ee6a0504f73c	1130
0b106cca-e427-491b-9825-9c8461d07799	1060
0b164123-e3a3-4bba-b1c3-3588d3754ce2	1091
0b16b2b8-f748-4bb1-8bdb-5f8e8fb16d7f	1071
0b17a695-33a1-4b42-a3c5-5ffd9c5a5197	1131
0b18bc3b-339b-4c8c-90e8-91d40d27c02b	1144
0b1ad4f6-7a16-461c-970b-d009dbde4f89	1062
0b1fe725-15fc-4e6c-b64e-6a981abd4360	1109
0b21a56e-3ff2-42cc-b886-6158e5fb06b7	1139
0b235b48-89f5-4e68-b6a6-298af6085ef0	1140
0b23d997-3b90-4fa8-b9b7-ae84389e4b6c	1070
0b24ffc9-d095-410a-907d-e8b16d4a08e1	1078
0b2650a7-43ae-4f45-9594-4a6096cc5d6b	1132
0b2722b1-bf23-45e8-8802-f21663e49e0b	1073
0b284c10-c9ad-4b32-a561-1919de66a31f	1125
0b288495-e399-4064-8f8c-4c7d8d5c46cd	1128
0b288638-3249-4ad3-81fd-d928c45ccf96	1097
0b29f33f-b35b-463b-99cf-32265c04747a	1069
0b2d2556-58c0-4cdf-9230-8467aff0de15	1144
0b2e5f8a-4355-44c4-9326-5463e9e6d870	1108
0b33ae48-6a4b-4bea-9a64-c00a3d882014	1072
0b340ba6-b1b6-4e9b-ad0e-226f4753553d	1080
0b34c135-b23c-406c-9f06-60d417bf3fcb	1072
0b34cbef-6b02-4747-bfd1-ab2ca330d8f2	1139
0b3801ae-48d9-4218-aeeb-4c2d93eb7e97	1085
0b3ae7ed-b1f2-4777-86e0-6a7685ed7afc	1154
0b3bb90e-f7f9-49a5-91a0-2e95931e6c4c	1087
0b3bfae7-f273-4da0-89a2-b9f4eda1ad33	1110
0b41314b-3620-46f1-a469-9ed8d2795e28	1160
0b417669-0267-40a1-9fe9-b8d6660056be	1127
0b41ba63-9f5b-411e-bb8d-71279ce64fe9	1069
0b47f837-2e95-4b8e-a04d-b4967da54f92	1074
0b4f0b5b-9c66-42d5-a653-717ee61ecc54	1087
0b4f87ea-727e-45cc-aff4-0ef09c474943	1129
0b535981-cd20-445b-a159-a67a5113b542	1141
0b54dada-3c74-404a-ac00-fda6272d8aa1	1068
0b5521b9-59b2-4d2d-a758-e60ef5ee2a0d	1072
0b561ae5-9d73-48c4-8b1a-877e1fe51ff5	649
0b5a9220-5fac-4dc0-b962-5ca209f29dfb	1531
0b5c4eda-c196-425d-bd94-b1bc099538de	1088
0b5c8e8c-34f5-4c83-b994-fbeeddac6394	1116
0b5e21ea-45b9-45d5-aca1-006612e9c06f	1139
0b65dc52-7c49-4640-991f-00f4c7ca213b	1140
0b66b5fb-a9a1-4ca9-a054-be0f9e54aae9	1079
0b70bab5-9520-4da5-919d-5db6bc1d121e	1080
0b7dfb91-28a3-46e0-b22e-bb28d9174e63	1081
0b7e3d88-c07e-4df6-bf2c-dcdefa2e554a	1152
0b7ee491-e854-491e-b1a0-a77954297225	1075
0b837c32-91c6-4ac7-8439-0e4d01ca1b9f	1139
0b83cd40-c9c1-4999-890a-6f4f6c5f5715	1529
0b85f2fc-9f2e-42f8-b7f1-2c4852c30913	1159
0b873970-97c6-4f2e-b9eb-e2323d582b73	709
0b87836c-f702-4447-a917-f74ee6851d6c	1139
0b8d53c8-35ea-4198-b408-382528405ecd	1152
0b915209-4313-4ba8-aae7-53755ec6c230	1158
0ba6c615-0432-46eb-b89c-21f89d8bcbc9	1074
0ba8976b-6610-480b-bf2d-82ef540dda19	392
0baaaad4-d036-4f4b-a7ac-51da55449ec8	1135
0bab83e1-33b2-456e-be27-111176fb6535	1158
0baf55d4-3e70-4d8d-b8cc-33a07d945e58	1067
0bafba1e-9eb3-4a87-b1e8-999ba308ceaa	1135
0bb1f088-7b52-489d-9b8e-d2386e0b28da	1140
0bb41321-2508-4f6c-9253-816c43c56110	1134
0bb41bee-4d66-4674-b56d-f42ccfd49c03	1130
0bba776f-e110-4e42-9ab0-98e7df624d39	1082
0bbaecd9-726c-474b-adfa-6c543c826b11	1132
0bbafbef-b551-4bee-afc3-bf91847de2d4	1125
0bbb8743-10da-4955-8dfa-303f3e1eb8f1	1133
0bc0d23d-a122-4a0b-b363-7a832a81d5bb	1071
0bc0f4d8-cf21-4a07-baf6-f3d50ba9e235	1144
0bc71a22-53af-45ee-a589-1d4f54128f8b	1064
0bc8f660-e834-4e4d-97be-c7f8f464c69c	1139
0bca1277-a43b-42ad-b9d1-f507673dd5ae	1074
0bcbe2a8-4e55-4565-ab5a-4785c247442c	2081
0bd0479b-d1f9-4d19-9264-cf04e544f480	1141
0bd3c9b9-2e34-47d1-b99f-4146fc177403	1156
0bd4df43-6777-45ae-a28c-412b65e0af03	1078
0bd62b0c-8a51-4960-8336-e95445ac28e5	1079
0bdb1cb7-12e3-414e-96d4-4588a78a008d	1135
0bdc3ab2-a7ee-4a86-977f-a4a6c8f4a416	1071
0bdce7d0-be04-418b-900d-6bde3d373fb8	1128
0bdcf801-51e8-4c8b-a533-af7ff0006903	1116
0bdd9d46-1749-4d23-be77-77f07cd46ac8	1097
0bddee6c-ab88-4809-b9e9-eba6c6dd9d4b	1140
0be2204a-598e-4249-b7b8-ba4d50c6d7f6	1129
0be41516-bbce-44da-8d8b-2c16cb3dd72c	1126
0bed0f4a-5612-4039-8366-fde6270982ba	1141
0bef3c3f-9e3a-49e2-8dc3-06e1a2e97277	1134
0befe17f-a4f6-4ca9-aa55-fed4e9b66df0	1093
0bf00866-6aa3-4e62-ac05-5e6e06760e82	1126
0bf233b2-cdf6-4695-817d-b5bd29e206a6	1139
0bf7b160-d42a-4879-aed2-abf4808fc2cb	1129
0bfb18ad-2c40-4ed1-bc3b-8853e5b1cb39	1079
0bfc7072-5f30-4728-a1b3-21693117f26c	1072
0bfdd60e-b4f3-4ab6-9c0e-6e16364b98bb	1066
0bff801c-8c22-44ac-95b2-2ba187153524	1065
0bfff5c8-38ae-48b8-beea-5033becbc897	1130
0c029f8a-8448-4c6f-b303-26cf85f75b3f	1082
0c02a8fd-cde4-4b25-a5c4-0462f9f76eed	1135
0c03db22-1c6d-4824-a5dc-2becf129da17	1060
0c085aa8-5800-4bf2-8ac7-8bc54084e761	1136
0c093b1e-2332-48fa-828d-5f95de68d1ee	1141
0c0ab8e8-7e40-4a4d-8ccd-dfad7154272a	1129
0c0ae04b-21f5-42e6-ac03-991272b33572	1138
0c0c2e4d-835e-46f1-96d2-1af65ca02ff8	1075
0c0cf01f-8821-4122-859b-b0f8f234e6d7	1067
0c0e9d96-f5c5-42da-a85c-d54429888624	1132
0c12abf6-0274-44c1-bee3-09668386f3af	1090
0c14a6b7-0358-4bee-a6f8-5e368c6bd4d4	952
0c153d19-4e64-4c33-a534-290d80bdf0f9	1138
0c160bac-e039-413a-8ea5-99d6fd02faaf	1138
0c166ca2-ef21-4fcc-a0f3-a65a16e60c96	1154
0c175a16-18b0-4aaf-a6a0-6a81f20f9392	1159
0c1d760a-dd3f-470f-8f21-b66db405119c	1078
0c23a9c6-b58d-4e4a-821a-e3d5a40ef257	1085
0c26c9e1-2b1d-4abe-bd66-e316cf151da6	1077
0c2df738-f0e1-41af-8019-556f429bfa30	1140
0c2e370d-72b9-4568-aa1f-78f7cd502f53	1078
0c2eacd5-9291-4f3b-b7a5-470097f7747b	1136
0c316319-67ca-4e8c-a49f-58632b1ab40b	1067
0c32adf7-928c-4e07-9753-e9bd8c888b02	1075
0c3540e4-f8e2-4d3a-a505-995355d70886	1129
0c3b6679-9cd4-4f3d-9a65-fa01a2962c75	1538
0c3f79e6-31cc-4d16-bd3b-aff7b2cace5d	1069
0c425f98-f9e7-4553-b2e3-aeefc49c73c6	1057
0c443b80-3d61-420e-bbaf-7d92d79c3e4f	1154
0c4a31e4-f35f-4532-b689-a70bcc8bf13b	1158
0c4d2b87-8ba3-45d6-8882-2842f4960d70	1072
0c5302ef-cbc7-4911-a7f1-874a5bfa78cf	1079
0c5328fc-6e83-4ff5-a334-bf222bf299f0	1129
0c57ba39-dd7c-46b8-88c0-710e88981466	1079
0c580d01-2235-4bc8-a238-44f31b67526c	1518
0c5860bb-8c0d-464f-92c3-e298632ff4a7	1066
0c5b3b83-959f-480e-b44c-2764a01a74e7	1111
0c5e15a2-58bf-4ff1-bbdb-f4b910724d15	1126
0c5f4ddd-71fa-4731-8d56-f124e4177b27	1139
0c5fb9f5-b6d7-4602-a604-7c662a3d669c	1147
0c742e29-1fed-43e2-afc5-48a863ec3fa3	1141
0c7a4f2c-fa09-4ccc-9317-9083e937d371	1074
0c7b6068-e868-442d-b995-36a50e537250	865
0c83adcd-7ecf-4034-bc2f-2f70a2c11045	3214
0c8caf8f-04d8-4e2f-aa3d-560ce33c935c	1144
0c94b161-6b94-4707-992a-c8c2ae3d761b	1140
0c96feff-1689-45f3-8943-ba1287cc2185	1091
0c9a54e9-5983-4e65-9c40-24fdae03410a	1120
0ca0a53b-fdd6-48eb-ba50-b5a48a61900a	1089
0ca1d530-007b-48bd-b7a7-14f0a607146f	1132
0ca90c85-df30-4bf0-aa87-29d84ad19c7f	1112
0cad6e27-8beb-4cdc-9f37-f1b5f6bb2d7f	1154
0cb38a50-dd01-4a74-acc4-8c840da0cb57	1069
0cb9804b-f0e8-44db-b3ae-8aab34ebdde9	1134
0cbcc2c8-6399-40a5-b253-3ff9ec532d68	1146
0cbce69d-beba-4e6a-91b3-eb24f7f5efd0	1087
0cc2e93a-ffab-4514-8d57-b9bde7f60675	1070
0cc3ae17-f43d-4ef2-9f7b-72002299258d	1065
0cca128a-10ea-4cac-a828-e7915d9c5b5e	1162
0ccc936f-7c64-41fc-aa2c-a26c5e7ebd18	1099
0cd5dfe6-1ee8-4527-a214-68505293c3f1	1060
0cd66069-3478-4534-8e09-a54d6cc538de	1121
0cd6d1bb-0d0f-4c95-b99d-c7d2509395ef	1136
0cd9c423-eaff-4a0e-a12a-5ef186d365ef	1080
0cdb7aed-0b39-43e3-a1f2-316d17ff0cc1	1117
0ce02523-c7c9-49ea-9683-ac2425df0cba	1142
0ce19f6f-c34e-4fca-bb90-55f80b938684	1515
0ce910d5-3964-4b66-bdcd-218787a02ff5	1140
0ced8eaa-b022-4472-886c-b505f39e7052	1069
0cef714f-e06e-4c0c-9277-fcb4f80b8bb2	1072
0cf0642d-007d-4a3b-88e5-eb0f647b2404	1071
0cf5ebcc-b150-4db2-b388-8b1733dd8804	1139
0cf6d9da-4742-4da8-bc75-83f3b46b35e6	1142
0cfb3dab-690a-4f2f-bc48-b698a43cca4a	1133
0cfbd5a1-e286-49c4-9255-7ff6d645b5fb	1079
0cfef5d3-49cd-4b69-acbb-8ab74553d8ea	1140
0cff1fc7-0364-4301-b0e9-70aac4eb7524	1077
0d00f265-c32a-469b-ae99-869fb169123c	2048
0d02f466-6e4e-4ced-ab73-cf012140b335	1078
0d037898-e4cb-40fc-9358-c6e4434c1ea4	1082
0d04186c-ef52-4c9c-843d-4d94f7ec5bd0	1075
0d051ada-fe6a-4853-813e-57ebc9865096	1069
0d0cf4a6-4b6a-4fb4-9875-fddf2f5a09d4	1129
0d0e56b8-3d43-487c-a013-2463091b63bf	1070
0d0e8f25-f593-4516-9ec1-8280a9a1c43d	1069
0d0f99f3-96e6-4b77-9026-1a81a0d4f50a	1138
0d141851-0a86-47da-a27f-33b4ae5e9664	1139
0d149412-bac4-4ac3-b7a1-dfc1bcc2fb8d	1097
0d17923e-73ce-4501-b86b-22e6979ed13e	1066
0d20c883-0a21-4750-af5c-3bfa0c80d329	1122
0d219007-fe7e-41d0-9f49-9144e386c9d0	1134
0d2b589b-3ae0-463d-bae5-a28f19f490b5	1071
0d32c0a7-d792-4ca2-a7ef-f3e15b29b531	1142
0d3d5cdf-9f0f-4f6c-9ead-de77b53bc9b4	1079
0d3e579e-5e51-4330-a99c-7d38e411ba7b	1154
0d4097e0-d24d-4cb4-ba03-250d446cf07f	1128
0d412acb-0739-4b7f-9d99-2b4b047d4ad1	1072
0d47f819-dc35-4245-9292-787fb08cc830	1130
0d4c160b-dbc3-4c54-9383-4fefbcc4b551	1136
0d55e287-ce58-481b-b65e-06d11aad0fac	1136
0d582271-0fbc-40a3-aa4c-346d296aec0a	1137
0d5b4636-1abf-4e4f-ae6c-d95e15e39998	1123
0d5b4f09-5828-41b2-b7d4-747177b5c3ec	1119
0d6123e7-3b77-41b0-9535-3122ea1eada0	1134
0d647235-bffb-40b4-9550-199fa6bf8628	1071
0d671991-03d5-4174-b020-fbacccd69362	1102
0d6d2b49-a080-4037-98cb-d86d44dae459	1168
0d6fda42-6f80-4d77-8aa9-cd396c391214	1137
0d70da61-8927-4863-bc73-1e8ba1671b00	1142
0d7ca9b5-99dc-4495-b08e-305126f20b53	1125
0d7f0ed6-2bda-4e33-941f-2be2bd490003	1063
0d7f2f5c-17f9-4fe6-9c11-2eb2783c01b0	1122
0d81abda-ae4f-4060-b698-3952530c2bdf	1129
0d89a03e-f99f-4586-ab68-fdbb5719d6f4	1130
0d89a6d8-dfce-4514-b1a4-2fa71153a364	1129
0d8b3565-8e07-40f6-98fb-be9eb9c0e14b	1134
0d8b8b70-7a2e-444f-aa77-737dc62186f0	1129
0d8bce45-5211-446b-8955-be067d1250f5	1145
0d8d448d-b785-4d2e-ab14-5aa23b46c096	1137
0d92636b-603a-4f3d-bda5-b0df59544c5e	1065
0d93bef6-05ed-483a-816d-606bc7b68867	1061
0d94b505-bbad-48b5-9247-0d77e3512f38	1153
0d94e8aa-ecbc-46e7-baf9-cbac87823f13	1070
0d971a40-2d1c-4495-a63a-10792b41568d	1078
0d98908f-1a5a-459b-9930-de1ed52c3a92	1094
0d9a241f-8e2f-4a68-9589-e9d476990afd	1133
0d9a5aa7-c5f5-4089-ace9-3397742a828c	1074
0d9b7055-43c2-4b73-b9e9-8db1b374fd22	1131
0d9c5fdc-51df-456c-a4d5-7831c67eb668	1107
0d9cfdf7-d4e2-4b77-acf7-f4c771429b1a	1074
0da13acc-8b71-4034-b488-6ee1f9163fd2	1135
0da20aeb-1aae-4efb-b453-742f20ea3147	1142
0da30c0d-2463-4f7f-98aa-506fa6b29e11	1147
0da681e3-27f3-485e-b43c-434c749e31b2	1145
0daa7a64-3bfd-46b8-9ccd-0f9eac817198	1081
0dac31f0-9628-4fe3-a93c-d6f49041ce9f	1078
0dad9279-812d-4199-ad08-afb156d151a6	1137
0db15d89-d05b-4d0b-9c47-fe076308f257	1060
0dbb19a3-3754-40f2-9d10-8d71f5477cec	1072
0dbd18d6-a229-4d41-b655-8c3587931142	1085
0dc21e06-a497-4ff1-94b4-665cc28be0ae	1128
0dc3bacd-f690-4e3a-839d-f88bd1f0f8aa	1082
0dc73476-d0bc-4eec-b73e-132f4fc252df	1135
0dc8e3c2-ee31-4507-b2b0-539ddf148baf	1074
0dc9075a-03cd-4602-a4ad-afb20d516ef2	1130
0dc9c80b-73ea-4402-b3d6-5b57d943a426	1072
0dccf034-ee0c-4693-8d97-076e43206e6e	1074
0dcdd336-7467-4f0a-9dc6-a8952f186ab6	1119
0dd07a9b-4da0-4283-b8f0-f9e2d60cb3c7	1080
0dd524f0-0ea1-41ab-9f70-d0fd644fe6b6	1137
0dd621c1-288d-4502-b9a3-be89bd51d93f	1073
0dd75ab6-b82b-46fc-b88d-ab1b52672399	1077
0dd7da8f-905d-4943-b699-36a9a1ed6f67	1065
0dd93efb-3979-4226-b75f-7c3065f2992f	1077
0ddc0895-4f39-431d-b55d-fd1d977bdeb0	1121
0ddd0059-4528-47a8-9c51-0208c98d2f75	1075
0dde2c90-3463-4d61-be48-0f7359a65a7c	1066
0dde52ef-a211-4e8b-9ecf-ec8ae9b36470	1154
0de0858d-35c9-480c-a10f-e7a3f12f6052	1058
0dedd13c-9e01-488f-90b7-7706004606c7	1138
0df023ab-04c7-4185-9eb4-977ab6a1f8fb	1132
0df21a67-4225-40b4-a6e7-f56bdc941312	1081
0df4b850-653a-42f5-bec2-775d0cdb754c	2062
0df4ed60-f6bb-4d1a-991e-5dd302d89626	1126
0df6a220-7877-4535-859d-ac0c11ebcb96	1070
0df6b8ca-9a7a-4e8c-8486-792fc84e7a9c	1128
0df6c72e-cb8a-43c2-8cee-d647c4539165	1130
0dfad232-7618-444d-bdc9-330d637a4763	1124
0e018c2e-c563-483b-914e-f7136204afa5	1129
0e0353d8-e465-4b87-a05a-156fb732891e	1157
0e04218a-801c-4b07-b0f6-79573d5be3f4	1130
0e0fe2f1-c7a4-48db-a23e-cca73d95cbfa	1129
0e169fdc-6981-42ec-ab7e-22629bf2aef1	1933
0e19614f-577d-41d0-9455-17f27bc70aab	1133
0e19d891-c5d2-43c2-b8eb-212a763cdff3	1127
0e1e2f82-e1df-4562-8c2b-bbcb8824d73d	1143
0e2060d4-65f6-4615-8d74-268a76f8a30d	1131
0e22b3f1-b757-440f-9a5e-e77a266277e1	1079
0e233bef-39a3-4d0e-bbb1-b7ec46d7cb3c	1139
0e2880e6-b038-43a0-bbee-6afc72e084f4	1907
0e307d9b-376c-404d-999c-d031b2af760d	1092
0e314079-29a2-4d97-8d44-b573c3f7a518	1068
0e36a317-8a59-4d1a-81ba-72ac612175b4	1074
0e3ba8f1-3a0c-4574-b769-86b4ae6ea071	1071
0e3e14fe-17d9-4baa-80a2-eae1a8448070	1125
0e403bdc-849f-497e-bf2b-962c44975d05	1130
0e419f53-84a7-4912-8164-e28da6d9620b	1068
0e428b0c-ba42-4be3-8a38-771ee2ba56a0	1113
0e43a07c-a678-41bc-a526-5e0ae98fa095	1065
0e43fad8-788f-4d4a-97ab-c232edd3462b	1136
0e46e02e-dc96-450e-aca3-79185e10d80b	2007
0e48eea1-9f45-436a-ab71-8356514f039a	1038
0e49488c-2906-4c89-8630-6a2a8db50043	1049
0e4991a1-aa5a-4eea-b918-e91e33490d2e	1131
0e51fcc2-b14d-41f7-9506-c5f8fc03deca	2045
0e543f21-e462-40ec-b0d8-21b2f05f073e	1122
0e5c43e1-56ff-41a5-a698-d1018fd65bae	1076
0e665e2c-ac56-49ab-969d-78ab54d376fa	1125
0e67eb08-d713-4634-b838-10e8e6335afd	1122
0e687820-1f08-4a91-89ad-141e31b3baf0	1129
0e6bc825-03a4-4e57-850b-17c91e019421	1151
0e6c7dd5-be4b-45d3-a8cb-f21fda926567	1156
0e6cd99d-1f49-4188-84e1-16dab81e59b5	1140
0e6d5a64-1ef7-4fee-bfb4-cac2423f300a	1878
0e6d7ef9-4ca7-412a-b1aa-77b627bd3407	1076
0e6fb069-c880-47c5-8a52-875ffecc2b28	1059
0e75ddad-9793-4ca1-b85c-c08520a49f29	1092
0e7e72dd-3731-473b-969f-002f22844abc	1076
0e803bc3-7403-43e5-b51a-13ad9aa67475	1110
0e84e443-a8d5-4a8f-b4db-58fc23d03387	1140
0e874306-1301-40ea-9b2c-7dc5c9cd41af	1394
0e8b82eb-e2e7-4430-a8c7-87c7a08dd93f	1127
0e8c9219-5950-49d4-980e-f10849636b8d	1095
0e973b85-e651-4627-9cb7-742cc11f7578	1091
0e984629-8348-453b-8ff9-4ba55f9d6b0f	1036
0e9e5e27-281e-498f-8a2b-2fbf1ef75745	1075
0ea3478e-80b4-4619-92fc-df4f5e3cdafb	1121
0ea697c5-c313-42a4-b7c0-d02c2ff9241a	1070
0eab901c-b115-4072-92eb-71d7987bf5ae	1074
0eab9983-0325-4e91-866f-c49dc6ad3e4b	1159
0eac2b6b-1e35-4b36-a042-4d535039b5b2	1145
0eae8ae2-a4b4-4667-94ae-eb10ba0d279e	1134
0eb2394b-92d4-4baa-922f-09f4ecf31458	1078
0eb24cb0-a207-4d7b-8a4c-243efbcec33b	1111
0eb613c3-cd3e-41d7-b58e-663609c79967	1071
0eb6c3f2-be4c-4173-bbb1-20832c217445	1154
0eb79b6d-013c-4d37-a6f1-0c2a9adf4cac	1056
0ebac9b6-658d-40de-85c4-0bc2d5f43c64	1070
0ebc9ce2-57f6-4ea8-829a-62d0331f5aee	1104
0ec5a6d0-7963-4181-8b13-498d7cc23c13	1076
0ec68e90-80e8-4000-8942-24047454aa9f	1141
0ec7ecf4-fb20-4878-a846-b172b0a41ad9	1126
0ecc4d2c-e47f-4aaa-8338-2aa79826aad3	1066
0ed18d11-4d90-4277-87ce-dcb703a00a02	1073
0ed2ce43-5c6f-4765-aa70-fa1651174fee	1119
0ed6c0c3-bbd9-4048-8a19-2b4dbbed71d8	1103
0edfa1a5-4531-4fef-a75c-213201a7b5a7	1072
0ee5ed7e-0a36-4cc8-b83b-4548d1d11002	1074
0eeb6154-ffec-4562-a92a-18d50df30f88	1127
0eebec82-986a-4ee6-b354-9d1327cbe666	1088
0eec0ec0-12bf-496e-8aa7-20f1393c047e	1075
0eecfa13-862d-42b0-a3f5-6e5775e73aea	1133
0ef3ba1d-f5e2-4831-881b-9caa267262e8	1126
0ef60d61-ccb8-429c-868f-efba918bff49	1066
0ef63b5e-4b84-4888-a6ed-541002d34bc1	1071
0ef7aaf4-b993-4264-98fa-ed7bbb0436c0	1121
0ef88038-4c73-449d-8ffc-5bce5033f72c	1137
0efe0851-f8da-47aa-95b7-4b04f5c26ede	1071
0f01a8c9-b173-46ba-85cb-401a5801dea7	1164
0f02d737-7478-4567-b101-5ead8179f6bf	1132
0f07d048-798e-4afd-986b-a88bffa408f2	1136
0f10597b-8c41-4eba-ac19-97139c208122	1142
0f12a98d-e864-4b27-8bb7-bf289ce2641d	1128
0f16519f-4b12-4754-a79e-bd74650f9bba	1078
0f194c50-b02b-4f3a-ae8a-3bea0db753c6	1065
0f1eaac1-0d69-41e4-84d7-d443885fcd2b	1130
0f1f3c0c-1021-490b-94d8-d19b89ac4653	1086
0f240d9f-7a88-4af8-9b9c-dd842f5cf008	1114
0f2512d7-e3e6-4367-9e36-d4d3f1a15f71	1131
0f27fbf2-93ea-4800-b976-deca39d17695	1138
0f2956af-94e2-4215-8875-24e92a5bfb88	1086
0f2e290c-606f-4a21-8649-9638e7a14128	605
0f30f6b6-e3f3-47f5-9628-9347bc7b7063	1137
0f33bf86-8c3c-46ef-9b05-aae5433745bb	1076
0f356ea3-6f83-409b-ae52-40c2a47d6cdc	1120
0f42f4c1-065e-4a92-9ba8-17f3e40ad45c	1073
0f4b1445-e933-45bb-b88f-1beef45c340f	1135
0f4cb9b3-a82b-4ab5-8436-17d11a3808e5	1133
0f5177c9-abe1-4bdb-8792-162c33d9fc69	1073
0f544d58-3f3d-4bc6-8ebc-8f2c1755c903	2022
0f54e321-3a99-4b21-8403-30dca0b69b89	1080
0f595fc5-a698-4ad9-abab-1391e2e5581d	1064
0f5a4096-748f-4804-a415-7c277cf6d642	1135
0f5a9d96-cc49-4bcf-8e8b-995053497a19	460
0f5ae6ec-4c47-4a81-bf62-ec974b33248a	1363
0f611b3d-454e-4f71-a8a6-be1a0e61900f	1131
0f68eeda-7acf-43f7-9a02-e0005c3560aa	1078
0f6bc0ff-2548-46c0-ab18-dcee4c83604e	1134
0f6df379-cda0-4022-8f91-ff2560e8e3ce	1130
0f6ecc16-412f-4f25-badc-7d3347d26ed6	1131
0f6f1cc7-f04f-4d8f-a58f-d2cb8708026d	1136
0f6ff570-c511-4f7b-b15e-a4b5105865de	1136
0f711604-1316-4c6f-9e41-fff4a93790f7	1080
0f74cc6f-7949-4355-9316-23eae2b3d9f2	1076
0f74fb91-a6e8-4692-8ff3-810d06d0e30b	1155
0f7527b7-da9a-42de-80be-f3dc53266051	1608
0f76f708-8e19-4892-a0c1-4a7f685c1e12	1135
0f771366-fdfa-48fd-8424-b6782f4d246c	1129
0f796969-54d3-4723-a745-88b71095200e	1143
0f7eb572-8d09-4ff1-b011-c52a57430a2d	2824
0f827429-ca16-4a85-a758-154a1ac639bf	1140
0f834cf9-4d43-4fa9-81b7-a0117d3b343d	2147
0f849bfe-fb88-44f2-859e-4a2fca8caa2e	1134
0f871b80-8839-4a4c-9425-bcf6dc64fa39	2143
0f8ceec3-635f-4b07-8748-4c2441217240	1075
0f8e6595-79b6-477e-b359-9349e7038356	1135
0f90b63f-3e7a-469a-bef3-8dbaec2921c0	2075
0f93ed79-22f5-4f17-9291-3fd4da221ce5	1095
0f942dc9-697a-4f2c-b46b-f3ba76df9c05	1121
0f9a3d7c-0029-4003-a0bd-6d9a6c77ed30	1127
0f9c56ae-4540-4551-bc82-15cd1516eeff	1132
0fa01ade-fd28-4898-a3c0-70c3d6826cae	1051
0fa2a3df-228d-4c54-ab71-7e185253a70e	1133
0fa638f3-cb41-4cfb-89f9-aba290609971	1079
0fa79dbf-303e-4938-9a2e-a65a33bb3faa	1128
0fa8cd74-0743-4516-afcb-b9a9b4dbab4c	1133
0faa6ba6-3797-4dd3-b169-f941c904e099	1143
0fadbb0a-3585-482e-be39-5870850062e0	1131
0fae5719-1279-4f86-abff-2ac78cc581f3	1075
0fb107da-2225-4b93-b78d-4549d300993a	1138
0fb17467-e38b-44b5-923a-e67bfeca3bfd	1067
0fb1f711-1a9c-4597-8e07-ad8bb46475e5	1138
0fb9bcf9-6b27-4082-b8b3-7a079a313195	1082
0fb9d284-5201-496e-a3c2-50012deb42f8	1143
0fbad648-ec06-4480-a7a0-d0cf4e5f64c4	1124
0fbb92c9-37e8-4a79-8ae0-40355074f53a	1125
0fc12d9a-d751-429f-8aed-0dde55b7bfba	1137
0fc3340b-c5ff-4290-bc75-398614a7b9e8	1078
0fd33a20-b9f5-4542-9667-c8bc5caac715	1135
0fd79e73-c10d-49fb-850d-b32979ff11a0	1073
0fd980d5-023f-43f7-8308-92a680f03e77	1123
0fdc0c2b-3393-4045-a7db-de81ce1c628c	1125
0fe05624-e117-4ab6-b525-c88b657bf70a	1068
0fe2565c-2e80-42e7-8f87-e7826350dd46	1068
0fe26398-1476-49cd-a00f-4207778cf5a0	1081
0fe6e47f-f4b4-4e0c-a9b8-12fadf0a6a39	1118
0feabf68-733e-4e53-ad97-e3fbfff76b87	1125
0fecb918-d8b2-4b7b-aedc-8842cd3e4aa9	1080
0fee1a81-f5a9-47b3-ae1c-8b153dfb6936	1069
0fee29bb-83c5-4b17-99c5-ccc9b9a8984b	1069
0ff2145d-b93c-45b1-9a08-df2ce0c9a75f	1139
0ff6ca4c-b6a8-4df9-83e5-62b98f20199f	1136
0ffc0ac8-8c02-4108-8189-00024960ec1e	1134
0ffca1e2-d6a0-44c3-932c-5189a54c5a2f	1082
0ffeedcc-0438-4194-b0fa-2da1ae0bc628	1155
0fff73e5-5cc1-451b-805d-c714391d475c	1150
10004e12-1777-4249-afe9-588579f6a395	1115
1001a61e-d24c-41db-82f9-d9659f941602	1163
10048d1c-309a-40db-ad53-5bd0c0fc2a26	1075
100976d5-0c95-44fb-bf32-d209c23cff97	1132
100c4ebd-33a5-4a87-93d3-92e6b753556c	1076
1013e401-973b-4bca-8e38-3b488d88521a	1060
10171a60-8878-4aa6-88dd-d3c2354d8a8d	1088
101ab6c7-81e3-445c-a64c-8b6119a49f78	1095
101adf99-5ead-4d04-ba4a-c8c1c0b923aa	1133
101b45e0-2c3f-4bf2-8cbf-578912d1cb6c	1072
1022b925-a454-4a46-a5e5-f7077abd84a6	1064
1023260c-8655-4ae9-ac08-afa4acfc7856	1132
1028e7ff-64bf-44f6-a16e-1cce286c2f4a	1071
1029a024-5f39-4cc6-8fab-6e9d8a0e707d	1062
102c3492-e3cf-4b45-9081-a097e870f322	736
1031ee2b-b7eb-4b4f-9f3e-73d260321d0f	1076
1033320a-7f0f-4e42-841c-fd525a89d1ec	1130
10351626-8ef1-43cc-9a62-7fe0f1d8d72c	1152
10360cc8-5ee0-406e-8562-2ab1f3f85997	1139
1039f811-10d9-428d-b349-da250ca6bdc2	1129
103f5fea-3464-4fdb-89e6-cd5b7b59df86	1972
1040c314-2989-4777-83a5-afd25c130329	1140
1042b096-ee23-4cc5-8a6a-d5bab0fd0f5d	1076
10478c30-3577-43fc-8712-3fc92dd1b096	1133
1048603c-4c4a-4f40-be0f-0a44078d9092	1154
104a4ee8-3980-487a-9f1b-086d9e20565e	1075
104c8815-8c76-402b-95e5-846bbb8c8dd9	1138
10529608-4e19-439c-8d45-5af1d1b06de1	1130
10545d74-f700-4d63-8f2e-df37d434c957	1068
105ee9f0-c1c8-427c-8d58-4bddd7f3afeb	1077
105f50ed-bdc8-4b5e-8c2a-ed54e21a81f2	1129
106388be-ecaf-4b12-98ae-c242d72e3102	1123
10658797-a0c8-48ba-a323-e41721313268	1138
106bba69-68d4-4893-a014-a75f6848002d	1065
106c0b52-4bd5-4e61-96b3-dc9f9aaa8e47	1084
106e5256-5279-4c5c-ade7-25861a41934b	1141
10700981-3cb6-4cee-ba36-423756ab3108	1100
1077a59b-4bea-47fe-8f79-4fe7ea2f9379	1092
1077f32c-d723-4a31-a911-3e8e590a82b6	1074
107a6bbb-db14-4bcf-ae5c-9652b72af53b	1133
107cebb7-30d4-4906-945d-26b4f4da2dc7	2131
107f585c-24ed-4c6d-a06d-f766fa5b7712	1081
10813d5d-0fd7-4f66-8fe4-e7c16ae3cced	1128
108bafef-c795-4c28-960b-1771221597f3	1146
109118f8-1f94-4982-935f-0a26de07b69f	1536
10963e27-4669-4041-b770-f028d67c848c	1136
109721db-0eb4-46b0-9df2-ac3c4f2bc621	1088
10991dd1-baf1-4dce-bb88-2f0b6d47192e	1130
109bc381-ae8c-419d-b497-1238e69fae70	1004
109e16f4-240d-420d-b6dc-a27321a61110	1143
109e36ba-e31b-4320-b62e-506dd60c1eac	1130
109e5fdf-71e5-4262-a4a1-efbc49b8af0a	1116
109fc647-7dda-415f-85ad-42e750561344	1140
10a29dab-4974-46dd-b354-868bdd1845a6	1139
10a56142-e5fa-4d41-833a-3918e12ea200	1077
10a57a23-e14e-48d6-ac42-66542965c304	1539
10a6db0f-574a-4c92-8584-dc2c3ba80c58	1151
10aa12dd-303c-4f92-bb81-4f94c64461d5	1089
10aadd30-9b84-4771-850e-711f0b4d54b1	1077
10ab2815-1c5a-4475-8ec6-73a39e2f0eaf	593
10ac7816-74fd-4fd7-8402-6fcff84ea0f7	1153
10afffed-0db0-4984-9550-5885f9225612	1136
10b249c5-14af-4c0e-bfbc-e817c6e61fae	1138
10b45a06-cdf9-4c35-b4fb-cf0c2c2b888b	1169
10b5ee5e-56d2-46dd-969d-bda7ca88efe1	1879
10b70ce6-5e25-4a02-adf4-d0d6532b7de6	1140
10bdb2db-4ab3-4ce1-9b23-ae6ab52d3a24	1138
10c03a98-5624-4116-9cfe-8c5718bd3a0e	1151
10c5585b-313c-4ff4-9822-4b2217b8897b	1145
10c579e6-806a-4b71-8c65-1f5a37c753f9	1070
10c90499-de1b-45c5-827c-34667296ad50	1129
10ced498-19d3-4a1a-b33a-03bd1b5999b4	1132
10cf390d-0250-4147-9dfa-fae4c9d6ebc3	1112
10d5bb6c-1274-46da-8175-8fefd6afa6e0	1129
10d5f1b4-3a56-4c4c-b4c1-0eac7e86f1ae	1109
10d70802-b9f5-4923-ad7a-121535216e3d	781
10d9f29c-c427-4694-bb25-4b2d0731c2e0	1085
10dd655c-9b5a-4cf6-8256-5fab1cebb74c	1133
10defd4e-2cf5-44a7-8980-70ab985d1239	1137
10df5d60-5625-49e5-a21c-e677fded4672	1118
10df82fd-160c-445a-91a6-26ac5e109862	1140
10dfa467-b927-4673-a022-d111c80eaffa	1070
10e0afc3-c0d0-48d9-976c-221807d2f784	1084
10e8ad2a-96c0-4ebb-996d-da0bde42ddfc	1139
10f1bd2f-148d-4336-ba7b-4aacd475c634	1122
10f6dec8-ffb4-4222-92ac-8be989116cee	1133
10f878b7-fee7-420e-98ca-b8a53f84287c	1140
10f8ec0e-fb59-4478-856f-251721596c30	1126
10fdc088-af4b-46b8-afdf-05d13b6a6e32	1127
11043a72-8b23-4a00-bb56-ccc09fd1233f	2059
1107d8bd-c4fb-47a9-8e14-34113ea60442	1067
110aba48-70c8-4663-a015-5493b8900a59	1130
110e8a8c-b338-4f54-aa22-4eca23d3aa70	1136
111576ee-843d-4c50-bb13-738b556d5e0a	1106
11166201-48e0-4aef-8023-e355ac799045	1083
11167191-063c-4e2b-bc89-aa65858b5555	1089
1118a4bd-a1d8-4e31-9822-df743db7b462	1146
111f7f4d-b222-4ba9-adb2-ebaddc3143e3	1125
11227477-c85e-4cac-a85d-baf238ae2c46	1137
11295dcf-0c28-421f-a030-63f314bf749f	1098
112deec5-ebd8-47f9-92e9-0e583f532c22	1076
112e1e59-5212-4a11-95ba-b4140c3ed9cb	1064
113140db-fbb6-4fb7-9b1a-91cd4daf13bb	1084
113215a0-e849-42e5-b6c4-2021dc394a5e	1075
11358747-2630-4c69-ab2b-72fe14932431	1081
113dc48f-d731-4140-8fd3-dc2e296b16d7	1151
11470456-aaf5-4768-ad09-279d36481f19	1131
1148301d-6d0c-4558-a104-c7c5f2bb2432	1146
114b51c3-c1d5-41be-83dd-1955214d70ea	1084
114ecfcc-b56d-4942-bf84-8097226178e0	1128
114ed007-ca23-4d3b-bbe4-f3fc02b1d589	1077
1150c6fc-85a6-491a-9c67-b0f97ccfd272	1137
11511316-291a-4fa9-ab40-3cadaa445fc4	1138
11516e70-f120-46a3-94d8-cdf94ad273f5	1071
1151ee8f-cd99-436b-9b98-ed8e067ee691	1134
115201fb-217f-4284-bc19-4288e64087c7	1069
11527b3b-2a6e-4293-a03a-a9c6bb3d9b44	1008
11535bff-4201-4395-b986-32ebdc314c1d	1152
115c21c5-73e2-4049-b7df-01e71da33168	1074
115cb10f-ceeb-46f5-b893-b025082a796d	1098
115d17e0-d1c1-4104-9ec6-5e681c95102e	1076
115fd2b8-f4bd-4525-bdbe-8f5e59051b56	1140
1162d2e5-4b0a-4f06-ac00-c5d261155493	1125
116842e5-481a-4815-9863-4ae9ce530559	1065
116b4865-5d4d-4640-a23c-3a97ee45decc	1135
11728bef-7727-4d71-8ae9-f9bd8afdc291	1143
1173ea78-6e9d-4e1b-a632-b25d48c40617	1143
11762c40-42ba-4101-8a9c-6a43c61d411d	1055
11764301-4494-43e4-be18-f300c4170f9d	1058
117a05a0-1de7-45e4-a96f-908cdd7818c7	1126
117c5ba1-aea2-40f7-afb4-b94d7024e49d	1075
117da591-b77b-4461-9c35-1c61672641e9	2061
117dd806-f9ac-4313-8962-54f7507fbf85	1157
118454a5-2de5-480c-b32f-c622ed046234	1090
118681da-2924-4d9f-b95f-d12dc0388ae6	1134
119baf00-db3b-412d-911c-a7e9f83cefbc	1086
119bfc75-cbbc-47d8-a9d4-91471c39f5ec	1074
119e6b90-a0ea-4753-b3da-2b5e83e6e789	1086
11a0ca3a-7bf9-4f4c-884d-46248226d8f4	2021
11a0def9-f29d-49fc-a440-feedcd52c3bc	1064
11a20031-e6c6-4de4-ab8b-c7de8810709c	1071
11a557df-167d-4481-b5ff-5a8941ba3370	1051
11a5dc24-a1d8-412b-b129-69aabc792f81	1080
11a70f33-7064-4870-8ffc-4aaec401b420	1131
11a8c153-1965-4990-8b0c-643cdd00d8e5	1142
11b16b83-c71d-415d-9c9c-b449331a61d2	1141
11b3bb57-6ba4-4720-8c65-363556b56935	1157
11b7de43-175d-4ad7-b520-f997b4cac935	2384
11bb9612-609f-4ea3-9f9a-78648c2ba395	1100
11bf0398-025a-4f99-bed3-a66722fcaff4	1067
11c0be2f-2474-454a-89ec-a7c4b1e39a78	1143
11c1303a-343c-4c12-a39e-ee9cd3dde9c6	1072
11c25787-f678-4a70-b9cc-48da77e6073b	1155
11c829dc-551d-40ca-8589-c4d697bccd4e	1146
11c8f020-5c72-45db-b034-da50932ddfd1	1136
11cc052b-0d63-4972-be11-ba1882cabca7	1118
11d2c484-915a-43f9-b506-c77708dd8171	869
11d36cee-c04e-4b41-90bd-7bc77e2b40dd	1128
11dc158d-7553-4f35-aa88-9b5ca9a7526c	1082
11dd7f8b-ad7d-4f6e-99d5-9b87acae2f2e	1131
11de2967-6498-4548-b478-da5f8e1da211	1117
11e28a1f-ac66-4ec4-aeaf-c5f770ecc69a	645
11e2b43c-7ad8-4b55-9948-1537a8b0bb7b	1090
11e425e7-415e-46be-8e23-147acb9db351	1073
11e95395-fc6b-48e4-8a68-ba4e7c55f186	1068
11e96fb0-95c8-4312-b80b-6bee8a5fa098	1139
11ee1c3d-b820-4689-8fc7-4fb6e2ee5d4c	1127
11eeeffd-b5f4-4885-b578-ea2bcf81cdd0	1063
11f30937-f7e6-48af-904d-6e01c3870eab	1129
11fbcd33-d876-4931-9224-7505f42f8006	1144
11fd9240-e1de-4bc5-bb62-5eb597939c25	1165
11ff2128-6fa1-4516-987c-e0f801f4277b	1051
1202adc6-5516-4ec2-ba62-a27f0d0f054f	1097
12037fd7-66f5-47b5-a165-ef720f37bf0e	1129
1203ad02-e023-4e5a-afbc-030652d3830e	1138
12099458-8385-4d0a-8db0-5cec0a8dd0f6	1066
120ba564-73d7-4a50-8568-52c05aaab79b	1134
120d0dc4-8a4a-4a3f-b7c1-7b0e342bd23a	1138
120fcc9c-7d35-4b11-a44d-4671d249f5ff	1127
1210a1da-1710-4c25-96f1-4b8a32665d8e	1161
1212b63d-e4b7-4647-9ae0-fffc67c8aada	1123
12137d53-bc87-4b05-833b-8aabc30b4253	1076
12158e37-208d-4793-ab03-6c58eac4d73f	1076
121e637b-95ed-4130-bfaf-a31ae241dcb2	1061
121e71a3-8a36-42db-a8e2-4fd4a1e54775	1135
1220b7c8-473d-4541-9069-19779344c95f	1138
12242916-53e8-4583-bb93-974411bc2232	1142
1228c686-d1eb-4a1c-8419-191c23b8e634	1074
12306baa-1338-45e7-ad50-e4285ab9f34f	1086
12395541-f6b5-47d2-8b11-d1c1db5a1515	1134
123c698d-d363-49d7-b33d-cfc55f4d73a3	1123
123dad75-752c-4534-a080-de4301945d16	1070
123de433-f8fd-4cb5-8bcc-df1482cf9909	1132
123f4827-a144-4990-99a4-ac0bf0fc79a8	1135
123f847d-415a-4002-9165-a5f373f17283	1106
124320c0-41a7-46ae-8dd2-5045cdee3864	1247
12448090-5b59-486e-91e6-c0711fc60029	1134
12467d74-e85e-4c9c-b5fd-82a39d57d0de	1105
124d6163-b7ff-4865-9164-ed5a03036aca	1128
1255bf41-f65f-4fb4-92d9-e76ef5bf710f	1136
125abc95-c2b7-45f3-9f0b-801ce6809fd7	1134
125b8352-884a-4cb4-9349-e8eb58b32229	1080
1260a153-5569-4886-a633-c2401483a5d5	1122
1266ecd1-e3e3-4add-9f52-468bd6cb4b03	1124
126844d4-c427-4e59-acd4-d635a49a89f7	1136
12709c11-54fc-4df8-a590-2cfa3c9afdb5	1128
127448f2-32a9-4a48-9dea-46d99b4597e4	1115
12772bf1-bc59-47a8-9488-a49adaa934ee	1066
127786a2-4722-4fc6-b6db-d1d17579636e	1072
127a3cb5-9592-4267-a2a6-8e2683702615	1520
128832ff-991e-431e-858f-50af6df9b8cd	1073
1289bd80-6c95-421c-bc4d-3d824462f5a5	1224
128bf353-679f-4911-8dbb-d56de09abbaf	1127
12938f5b-83cd-4f75-8cd3-26d9bb93a756	1137
1293f72b-fc37-4973-bcae-b7fca3ac90a8	1072
1296c7c5-443f-4e01-b44a-382aefa61a76	1134
1296de7e-4b63-49dc-8f0a-cc81de907cca	1136
12983b31-68d2-49ba-a7ce-419b34e698a1	1056
12a02da3-4bb3-40bf-83f6-8c160d35771d	1080
12a49046-1053-4167-bf4f-0b2c075609b5	1076
12a533f8-80aa-40c8-891a-ff28c189470b	1123
12a775cb-679d-4de7-b7fc-f63bcebb2853	1090
12a7dcc5-0185-4327-bbcc-b444c8a16554	1095
12ab0191-cdb7-4f3a-9a38-4c5e485f7eab	1000
12b273f6-ec9e-4952-8409-57a19ea8c17f	1134
12b43438-5803-4ffd-b79f-10677aaeb0f5	1143
12b4a8fe-341a-4f8b-bff9-f5a9f17c0c90	1071
12b54b5d-e666-4011-bdb6-9beb852c0207	1085
12b73a83-50a7-468c-92a3-6bdba7e5fe33	1136
12b9e0bd-3bb9-4d1d-b5f9-bdd639fa38f3	1126
12bc2704-9e44-4fbf-8821-e091a958de98	1075
12bec5ee-7fb1-4855-ba67-1b95787e8e7c	1135
12c2f3f2-f4ff-4e1d-8e10-d14e4097f4e5	1063
12c51895-bc6c-4082-b82a-7604e90fd22b	1072
12c7ed88-ff84-4b57-82f7-86008747ed59	1126
12c86b44-47f6-4f1d-b7e8-5c60cca6edbb	1157
12c92b21-6162-4149-b3d6-fc02577d2ea2	1475
12cb76d3-5ff9-4cb7-8ca2-d357b9e109f7	1071
12d23d1f-1cad-4dc7-b816-77cd2a5f2318	1133
12d2a8bb-5ef1-4204-b2a9-d9afc13362ff	1123
12d97b3f-e8b4-4f03-93db-8a34636a8aaf	1072
12dd2246-f449-4d49-a150-01a2cf98a61c	1132
12e1ed2f-f870-4938-b6ef-54b21fe12f14	1065
12e36394-d8c1-452c-a249-2f85195a28a2	1078
12e67956-d6be-4318-b395-49c73e538714	1143
12ebd022-7ae4-4921-8b55-d23cb3d23e16	1110
12ebfa88-0c17-409a-8bc1-b56789db93dc	1072
12ed710e-6089-4bcb-b80e-a4430c89f0ba	1137
12eead0f-a1b4-4b26-b14a-53b1188439dd	1062
12f122b7-f462-4cbd-bf24-c043ea868308	1131
12f1a71a-2814-4157-b015-420a805c714d	1065
12f3ca26-ca77-4c37-a352-caba58de7a58	1082
12f776ed-df3d-4941-bd78-ea6487671e41	1133
12fafab6-f448-4f74-bfa9-652bf93a25f4	1081
12fc7da7-9afa-4ccb-a25f-f89741e7825d	1130
13068cb5-bbe1-4ae5-b7d3-b628bdf872c8	1149
1308abca-6798-43bb-b999-44887c427151	739
1308c679-ad2d-415e-b612-dedb0b95a3a9	1141
130e4df0-76bd-4bb6-846f-dab9bef2c5f3	1132
130e73a1-62b8-4eee-a809-d82328293340	1147
1316e861-ecec-45bc-87ca-349b281991f0	1094
13184b0a-e8b2-40fb-a4c3-baf3f576a667	1071
131a2336-3d81-4b59-829c-57536eb46bf7	1921
131e6905-23ae-401c-9f88-0fe78370f80f	1068
1322d411-cb4a-4357-b3b8-86c651bd9fc3	1125
13238e1b-df4d-44d9-b337-f750fbc2efcc	1073
132d5275-c489-4e29-9331-7e76634220ab	1070
132f395a-854d-43c0-9784-d5908eac05fd	1136
1330ee7b-4779-4333-a895-74f26a99ea4d	1140
13313207-550d-43d5-a997-449e134bcb65	1132
13315e73-88ab-4404-bac9-7e36e90a3f52	1070
1336efd9-3075-4654-9769-b9e4fc131a45	709
1336f1f3-4a00-4803-a694-b45b7cd0f5e9	1138
1337c10d-07a5-4a7d-b563-468132ab3104	1127
1338f275-4f50-46bd-9d77-641767b55da9	1123
13391ccb-7cc2-4d04-b8ec-2038afe1f0b0	1097
133c5e7d-ea70-401f-baf3-b173d2082570	1087
1340d115-9e92-4a89-8e28-6d9882dbd718	1097
1341a700-531d-41bc-8b83-2f706f1c2dfa	1060
1346c732-2597-4d42-b164-9a0849268fce	1886
134722b2-1082-45f3-92fe-331826f4ba5a	1531
1349fe56-2661-4a20-8014-959a2edf7c60	1066
134ca3f2-def5-4c69-a562-7213e877d21a	1069
134e34e7-62ca-4705-b6e9-984414f67e68	1130
13539776-dcee-4429-ac71-42b13d39b048	1075
1353fdf3-e271-41c3-b512-561ba3da23d7	1072
1356bc0e-fce2-4846-94df-b774fac8f9ac	1129
13580544-d96c-464f-8189-a175c37be5c1	1125
135d8ea7-c568-4f8a-bd5b-9138bbf37461	1074
135e38f5-2315-4519-8edd-5cbdd3c0d740	1097
13627f16-251f-4d8b-a443-384c7c73d0d1	1139
136b278c-ea17-4abb-9df3-e6c31dd6062f	1078
136bf402-4ab2-49e2-9c4d-2dcb2e183c89	1127
136dabe1-1b6a-42e6-96f3-293c1af9ba4b	1083
13702696-2255-44c2-9133-d3a1b4a1daa6	1135
137fee52-7f06-4ebb-aef9-18a0f7e25e9d	1130
138a6dba-6dc3-4f54-ae17-7d9412d3172a	1070
13946f8b-721a-438b-af26-e968e1018202	1145
1394c352-7ad7-4c74-a578-39f5307da28c	1074
1399e340-5fb7-4bd7-9470-081dd996afbb	1130
139d8242-9ea0-4521-b5a7-05f932051f22	1132
139f7828-3c30-4ea5-9d54-d35b12106f7e	1098
13a08b3b-cdee-4b86-807f-407840aba25d	1072
13a2e372-2528-46b1-b7e5-07f7e7baf452	1135
13a90199-1ac3-4808-ac22-f05607033a66	1132
13a9fb40-5aef-41a2-92ee-ca12a46f51a1	1159
13ac62ce-f6ff-4d91-b3da-a8b221bd0940	1069
13ac6514-f28b-45e3-8ada-0edf84f30913	1138
13acf212-6e9c-4681-a370-64e71af90714	1073
13aeff09-1b65-4bd5-a5e3-7bead451e7ee	1143
13b2da57-d381-4b72-bd1f-fef2073f29c4	1103
13b9b4da-7a2b-4c48-b8aa-1efd66dac46b	1148
13ba9f99-dd83-4f02-8982-496c152af774	1135
13c00ac6-c79a-41c8-a24b-9908a04fbdbf	1079
13c54bf8-bcc9-4957-970a-90d861d5a9a7	1137
13c7090e-fa0b-4e32-b44b-b14f65bec473	1073
13c73f35-7ae1-4886-a003-591f396dba25	1140
13c78417-563e-44e6-b948-ae5cf70d9560	1134
13cca645-10e1-4034-8ab1-73d959c989ae	1076
13cd149a-13e8-4ef2-a37e-fd76cfa48f32	1067
13d0ca06-8cc1-45a9-addc-d2d2175bb5c6	1075
13d583d2-a4b5-4ad9-b14b-e3576eb3f6ab	1138
13d9b833-bc1d-4480-82fd-84c783572082	1108
13dd4603-cd76-4cdd-ad71-0132cf4f206e	1915
13df7bb7-3ddb-47ee-ba2e-38a0e9ce828d	1068
13dfe300-651f-451e-858a-cdecf503470a	1148
13e4a03a-db7d-4bd4-81a3-2edd9aaf4576	1136
13e642c3-e09c-4e57-b8c4-221adcecfcac	1927
13fc565a-564d-4edb-812b-1dc663b70122	1306
13fede9e-d243-4f4e-a934-37ed91a52b00	1135
140172ba-6497-4e34-b2e6-a195d27cfd82	1134
14058c0d-307a-495b-920a-4ef509aac9fe	1128
1408a729-d44f-4aa8-b3ac-141ceb0ab8b0	1085
140c7580-0675-4658-9627-be985ac9cd12	1133
140e29c8-d125-44b3-adbb-61b64b5af05d	1146
140fb3ac-878d-4a7e-a6f0-7f796fdb7fc1	1131
14141314-e727-4348-b52b-46dcc2033c8c	1126
141454a2-74ee-4002-9130-e30d7a733b0f	1091
1415169f-126e-48f7-bd21-30b9eb0d822a	1067
1418b7ed-7762-463b-b8f5-3f7f1b17731a	1012
141d38d3-ee35-45c8-9bde-eb3c87d39b92	1130
141d630d-b67b-4649-9d5e-9306c5ea8e4a	1075
141e1eaf-ca91-433c-9457-dd7e61f37767	1129
141eabb9-c68b-4148-803b-654c5ec89829	1089
14235223-96b9-43e9-888d-c504fc2e0247	1136
14235d6f-5c41-4414-aa08-e152fc19949a	1075
1427446f-a74c-44fd-ad20-e605e5a49738	1127
14290587-97cf-4bbb-99b5-81af4fcd212a	1093
142b75bf-8ef9-4573-92fd-67a8929bfb7b	636
142f9a52-e5bb-4482-a581-01da9b29d118	1127
14318b76-20ff-4cad-9829-65948ddfcc13	1154
1436403d-ecc1-4f81-8935-8327d7922b92	1077
143694a7-49d0-4a27-88bb-cd66f475fb5d	1079
14373a5f-687d-4bbd-bb75-be2b2bbc9a25	1135
14439893-43d3-491d-a21c-16f9b1039f80	1065
1445ec8b-643e-445f-830c-b902cff791f1	1145
14465d37-60c7-4159-a90c-91a928a28ebe	1133
1446d4bc-51f5-4c53-84cf-49f135755bca	1087
1446e0cb-40e5-42a0-86d3-74dbe3ada063	1141
1448ac1e-27d5-4aa9-a0d9-849ec90e5a8b	1069
144b528b-b20a-4c95-bc32-06cc1a87e540	1126
144cc3ed-9eaa-4a67-8544-6189db703468	1151
144cced9-e383-429a-890f-af68816f506a	1064
144fee9d-298a-4849-8740-1b0994969b41	1069
14550572-ec46-443e-ba24-7ac143df41ee	1051
1456d935-3594-49f0-b5fc-4414e2448d6f	1131
145ac8f3-d547-4f42-92f8-707aa3285e55	1136
145f7b3b-31d8-4c5d-9c34-3b25c38fbd94	1066
145fc5db-a5af-460a-948b-f6a2662a7889	1140
146066da-5c71-4ad9-91df-559910f6ddde	1154
1461d903-43de-4379-ae84-fbea87db2d92	1870
1464bef2-e14d-438a-8482-093220b915e8	1124
1465b78f-74d9-410e-8dc7-550bbcd44dbe	1148
1466c1b7-b953-4059-96bc-54c8359ced52	1083
1473aa48-c266-46ec-921e-2f92d02c63b7	1120
14755841-6a61-497d-8a07-de45881d8546	1077
14795e0e-52eb-4f7b-a861-66f025365e8c	1133
147a1bb8-13e0-4a9c-b018-d918eab0cf7c	1086
147e5699-6519-48fd-be96-b55ee0befc0d	1073
147ec593-544e-4bce-b0ea-551cf6091cef	1105
147eda1e-7082-44c9-b87e-75e0f562aff7	1119
147f3464-9354-4806-bbb0-c8387231ca63	1127
1484d599-940b-48b6-9fc1-a698aee6cb64	1155
1486dea9-61c2-42db-acc7-6767183aabb5	1096
148858df-e0f7-4647-8111-05ac1a32e8c6	1077
1490419e-32a4-4e2f-8029-d020720536f1	1073
1491d98c-48eb-420c-8536-4ef8a9862744	1088
1492efc1-dc0a-4a53-b47c-fa1bd58b3f99	1536
14959426-5fe4-4bcb-88df-302d7abd9ff2	1072
1498cfab-5b3c-4e57-aec9-00c4ed68d77d	1905
14993dba-1db0-4b98-a4b3-b2a5da0312d1	1073
14a20c44-7c4c-488d-8610-54018b302a7c	1126
14a249bc-2a05-4c2a-bc6b-2e705020eedd	1131
14a27ca1-d88e-4331-9908-51ea3b58cee2	1130
14a598f6-9b47-4f8a-a181-ce41f437889f	1079
14a924ab-8409-4209-9330-78655209f8f3	1090
14a99330-ff94-44b1-a161-100be3c38b11	1105
14af16ea-5298-4a68-a8ec-c02298d87d50	1134
14b17538-5c9f-4df4-8792-2bd39bc9a9c2	1078
14b1ec3f-bf94-471a-82b6-2eac2dfd2932	1130
14b4724f-7b31-4657-82c0-588687fda0c0	1272
14baa35a-0a81-4b36-9644-2824934cc503	1070
14bf4806-fd0f-4ce1-b636-1eb8b3168882	1097
14c03dec-f7cf-46f8-9299-27c6ab8f44c1	1153
14c48f9e-1917-43b9-b07d-70f66ac2d8e3	1132
14c4c915-6615-4c6b-a5ae-98ec6f713c67	1135
14c50e1d-bbcc-4fe8-b569-6e1ae0f7f852	1028
14c830a0-bfcb-46d0-9e3a-707899958924	1143
14d3d075-12d2-44eb-9125-96d7c2f6dc23	1135
14d406b5-0345-484c-96f8-7790fd3ca2a0	1136
14d4f882-90ab-4fee-b0a5-357011c0ff4b	1131
14d546e3-7564-4878-b95d-c6003a9dbbea	1133
14d598cf-3149-480b-98cc-4db529c977f3	1067
14d5d763-8c95-46fc-9d48-c77928ce633b	1067
14d64188-4a08-4035-a89e-1e6ba7e73b3b	1127
14d74e98-b987-4009-9945-42edf31797cf	1139
14d8cffc-71fb-4937-b86d-19a8323c61a3	1141
14d8d5ed-eaa8-45a3-bf74-f0ef89f81eb3	1065
14d98a5d-6de1-4042-a033-8a23239bfc43	1126
14da6496-27d9-491c-957c-fa76091ee520	1070
14e24caa-1172-4822-b072-ed117cdf289c	1150
14e4a34e-1427-4837-988f-8489930ba7e3	1123
14ecd78d-b625-4971-8a57-2c3f5065d4bc	1110
14eeb517-411a-4888-99d7-b5ea32ba1a1a	1130
14efee4a-ce37-4e61-83db-a13aa9e8d110	1069
14eff05c-4916-4a79-bd2a-8dea06eb4f00	1113
14f17059-babf-4f9b-95bb-31b32e9f1e64	1077
14f52b7e-dd23-46a0-8102-8468eecb431e	1075
14f6b806-8c4f-4fe0-8947-ccd13ff8287e	1128
14f79dfe-8aef-4fba-b098-1e71320692f1	1138
1501f2f8-a2f3-4bb5-8609-bbc079baaf4a	1137
15076a9f-75e6-4d3f-87a3-50d8ec6c8fbf	1131
15093bc4-a8c3-4a30-818f-70dd9398b298	1132
150d4f4c-e342-4a88-8623-2100d9dc81ca	1135
150e27d6-aa3d-402f-b662-03f8f171ab21	1131
150f6bc1-217f-43c8-8436-c8577b3f98aa	1137
15106e49-5234-4d48-8291-e93f88119acc	1062
1512207f-1f7a-4bf2-9b36-d58ea600b7d1	1072
1516a453-4c9f-4228-aad6-1c4208eb724d	1065
1518dd7c-370b-4d4f-bb1c-446199ef58c3	1114
151ad961-a242-4de5-b742-be5df297f688	1123
151e15d2-3162-49d3-bfea-18ce695f3358	1140
151f25ef-a451-4384-941f-55c0e687649d	1137
1527fb89-6234-4ff4-992e-dc9d6057be01	1163
1528c425-1e59-423c-9a5a-68c8d4ba10b2	1144
15298209-23ce-4a93-98c8-a4277ff85efa	1072
152ab4b0-3f27-4d17-8e79-728a2a58e85d	1091
152c7e28-586d-45b1-bcdc-17b6c83b5400	1115
1531763a-f4d7-4045-979e-8f7e7ae41e84	1079
1537a25d-1fb8-430f-be59-d54de4440523	1141
15390b47-8168-4099-9f3e-e8fac1b9b0c1	1078
15395ef7-2db6-447d-93a5-baf58963d267	1139
153a3b49-80df-4b24-96b1-697adf356232	1129
153e3df2-017b-4381-8f16-20845e66d72f	1125
153f5146-f171-4833-afa7-474a294581a2	1134
1544334b-9b3a-467d-b6ef-c162b7b1a069	1063
1546e349-fa2e-4c7a-b7dc-17f69750c2f6	1077
154acdc0-e392-4a0b-ab01-499ff933c40e	1142
154f52b9-b230-401f-84fd-a59d475ebb2f	1075
1555116f-cd66-4b8f-b47c-005aef844fdf	910
15551939-02bd-40fa-93a3-0d17260c1740	1074
155bfe30-d86f-4a74-82cc-e8d933e47a77	1076
155e250e-d8e9-4176-bec6-cd5b30732508	1125
15663d4b-e472-406f-85ae-191ec50b1d27	1078
1569cc84-b367-49c1-8f84-6cf1553f969a	1070
156c6cea-9c64-4927-b799-fd12128677ec	1158
156d355d-8ea5-4a70-a5b5-45f956e67b66	1021
1574a65a-4512-4d45-a3b1-157f6682ef3d	1126
1577a768-bc64-4bfd-a893-c2f937c49974	1127
157960cf-37c4-4535-b61f-8ef8d7c9f72f	1127
1579c74e-a9f0-4c44-800f-a2b3c84606ce	1069
1579d9ff-8cd9-408a-9ac2-eca119b0a9ee	1070
1579f6c5-c6f6-4a9f-8aed-311bea336d9a	1059
157a45ca-7ed4-4a10-81fe-dfb0f9f98887	1145
157c5bdf-45cf-4fe7-be71-ebe76942f801	1131
157e8a7f-5332-41a2-a53b-68479fef019e	1121
157f0fef-c14e-478f-bc29-04bac5027fc0	1070
1580ba77-4f81-4228-84bc-efdb57ae4c77	1070
15826c6a-5fbe-4388-8d2b-a8fc8119afa1	1065
15883cd5-e5ab-495b-ae4e-bbd34325760f	1089
15899cc0-2bd3-43ce-bddf-dcfc0bfe072e	1130
1589de3b-a9ca-44a6-8e32-4feb491f328c	1069
158c7fc2-6eaa-4eda-9f16-f049c9b378c6	1134
15945f67-cd78-49f3-9a41-e9e752be3dbb	722
1594a278-8e3a-4732-a9a3-d300bb80b58c	1132
1596d9fd-f9c9-4924-a98a-49465ed95edf	1153
15970730-0857-421b-b54c-3642c812c031	1883
15a42863-5c1d-4eb2-b9a5-d635f3fd2af0	1077
15a7838d-756a-4615-a19b-91e41b2d2ad6	1140
15a9f542-3119-46c3-9fc9-8604bce74f21	1070
15acdeba-61cb-4428-927e-d163f5183812	1075
15b037e4-843d-40b9-acb1-8f5f23e59a9d	1136
15b0b35e-2ad5-4053-99de-63bee65323c4	1074
15b14082-f16f-407e-bb30-465a4e1b6a17	1134
15b1ad9c-8e76-4f1c-8590-fb107ddd0dca	1137
15b3d4af-3f36-499f-aefe-4ffcce5da277	1134
15b69644-1f51-49ca-a056-b70574a98c02	1079
15bbe1b0-238d-4c9d-a6d8-db89a7ad309b	1149
15bd8f99-1310-405b-9dfb-850ade8d8ea3	364
15c470a1-2d50-4168-bdc7-8f1f3e103990	1146
15c71af6-917e-486d-add9-892605264280	1066
15c87c3d-7f74-43fe-9d25-72e5a08b03f1	1139
15ccdab2-8cae-4bf4-8af7-ef670de3fd1e	1113
15ce42c0-4e59-46f1-9be8-ccec28669249	1138
15d25c0d-ad51-4298-abcb-8ea6ada51fd2	1147
15d3643b-fcda-4de8-98e8-391f69078c59	897
15d547d2-9362-4e37-9d54-0f613530e5e7	1068
15d87639-020a-4d79-bc38-2e7ba975303e	1095
15da4212-8417-4693-8ed8-1300b6f257ab	1155
15db8d4e-a8c3-48df-86fd-c8b1329af842	1075
15dbd974-36f5-43d0-b02d-145a8069390d	1075
15ddd70a-2387-4881-a60b-7d5ef293ff93	1150
15e5bd31-55fd-417d-90bb-d0e4e0d22d5a	1061
15e704f6-0d4b-4e3a-be36-8f1ca9bdb067	1139
15e7d57f-c223-4fb9-9ec0-55e7376cd619	1071
15e85559-692e-43ae-a346-3b39569a4a9c	1451
15ea318d-1af4-4950-830d-39fbb5ed6a3e	1139
15ee535d-9498-40a9-a50b-b53fa88b38c6	1089
15f269c4-03df-408a-afc7-909e59cd2bb6	1139
15f2f545-f496-4957-af86-2768aba00f4a	1127
15f51df6-68cb-4fa8-8e67-06fe1b1290e2	1144
15f5b88a-b2be-420d-8ebc-18625846941a	1568
15f9b9f5-e39f-4e0b-9dcf-e6092c223ae0	820
15f9cd4b-175d-4e44-8edf-1b6e0d7e1534	1071
15faa539-362d-4ac2-9fe7-fedaf38bfc3d	1133
15fe7c0d-d59f-4747-a0b5-63b68f240ada	1138
1603cbf9-aa4b-4485-a73a-523907b4c0da	1079
16050e72-86b9-4750-945c-f9c99b3ce533	1072
160a2dd7-24cf-4f52-892b-8b263dc5cee1	1076
160c2cdc-1645-4332-a11c-7ee4a462ffe3	1966
1617b7c0-b96d-4425-96d1-5f820ccee308	1123
161c1ac6-8664-442b-80ce-107eedf1bff8	1077
1625d1c8-1c4f-40da-9d43-d7a95f614fb4	1133
16273b03-7da1-4369-9afc-c06a0487b2c4	1152
162ad5f1-8f1c-4c49-a6c8-d3a501203e7a	1149
16307c36-7b7f-4be3-851d-7221633ec92c	1068
16330c82-0275-43e9-aa0e-276d252cbbcb	1096
1638bd4c-1250-4fc8-ad13-edddd86e9355	1119
163916b7-e892-4031-ad28-2f1640cdf154	1153
1639ed06-6fe6-48e7-84a7-3cdd70328556	1135
163e9a92-5de5-401d-91ba-ef662567d313	1082
1644dec6-71ea-4914-bd66-3cf8464dd1b7	1135
164d0a7c-0c9f-44a7-9f30-3545b0cbc74f	1135
164f2829-6ee2-4d3c-9532-2c8b8d332908	1162
16510a68-6f61-4301-9077-ff4883a0c255	1074
1653d4c0-ae26-4296-8588-c61857b07b0f	1079
16563186-a187-4156-9b9c-102a6862638f	1139
165e1dca-9e8f-4d0a-b307-9d719d627132	1145
165fafad-12bb-4f6e-acd3-905c18dde56a	1128
16618a4b-8032-445f-869c-636d4488d793	1119
16665e50-cfa2-42e1-a8f3-804e80a65524	1142
16684707-0e0f-4373-99f0-5fe28181585e	1072
16721085-ce80-4a4b-a969-0787d28d9809	1094
1676f38e-8857-4cf9-8208-99bde971b91c	617
168338c5-1800-43c9-b55b-282b9202eaa1	1157
168f2853-f5a2-4d99-a798-9482cc0ea120	1136
168f625f-5078-4eeb-ad99-ec4fa3d8b296	1138
168f8088-4db0-4330-9e6a-a6263e00ddf5	1073
1696610f-76d4-405b-ba34-a89506fd14b1	1508
16987001-5d1c-404b-85a4-3db8a2066680	1067
16994d2e-8c54-46bf-9116-5535f33d7402	1092
169b1b94-2f06-45e3-aeee-a1941019fc58	1136
16a08b52-6849-4642-a5b1-e1a1bedb09b7	1138
16a3d030-dbb8-4f81-85e1-0cd6c3b9af7a	1115
16a47936-76c0-4dfb-ac1f-885f97f60bd7	1132
16a5ae65-7266-4743-8503-ba0e109cf353	1074
16a817e5-470b-4634-b71f-3847661aea39	1139
16a85f59-afb8-4dd5-9ba0-d4d9e74aed5d	1149
16a92976-b7db-4ffd-a361-e5b0074955b6	1069
16abfc13-d730-4274-99dd-93815f66836a	1134
16add531-a7ee-4b6a-ae7e-17931b322057	1152
16b1fe72-103d-4864-be78-ed2b8a6fee77	1127
16b49c16-a217-49dd-b270-877c65aca515	1076
16b61e8f-ac1f-49a1-87fb-9825f9cf9fd0	1069
16c1340d-d579-43cd-8ce6-b8bf5cccaa6b	1095
16c8ad1b-a638-4b0c-b0d7-e2519d93289d	1072
16ca778b-d0e8-47ad-8674-deacb639700c	1082
16d15d93-552e-47c4-b3af-64107ad27c0e	1133
16d184b4-37fa-4563-9d48-20f99701687c	1016
16d339e5-7dc2-4161-a130-8b4a15397e74	2052
16d603a8-81fa-4da0-b067-5d2e51910796	1060
16da8143-702f-42b2-bd9c-b65265f79ffa	1074
16db7cd9-a73f-47ab-a037-e3df194739fa	1120
16dd8e5a-d220-4aa3-be4b-f42266666c61	1129
16dfe392-4b64-464b-8c8d-fa37cd4f35a5	1076
16dff6f9-386d-4fc9-94ca-cf7739bb7841	1126
16e0b2ac-9701-487c-aaac-150d36b23e8f	1129
16ea8476-6366-4db1-bd73-69aa220d0d1d	1139
16ef427b-367a-4174-b510-350c4bfe2332	1076
16f52caa-5ac8-40db-a0fb-eb25f6003881	1076
16f5c6a8-8511-43cf-996d-8dfe32d22f8d	1145
16f90f36-d36c-4ab0-a7c0-4dd5ab6bf205	1158
16fe022a-6924-46df-8ecc-d7bbda39b33a	1066
1701c447-636c-46d7-8552-eeda83423054	1074
1705cd46-658f-4a20-a112-ed0fa681ef0f	1129
1709b37d-e960-4afd-a299-b8ae27a91f2e	1134
170baf60-4d98-402e-b58e-1312aa54170b	1104
1710b7ef-9269-4620-8ddf-358f929d485c	1126
17149b49-4012-4029-9d88-12b7018255d0	1139
17153b14-e0a6-4122-8cef-da9e696bd507	1135
17154980-584f-4109-bd88-fd86487467b6	1126
1718998d-7154-40c0-95ef-037af410639b	1150
171d0000-cb85-4754-86ab-4084572b3236	1068
171d292a-7262-46f4-aa2c-4e3abbd4c30a	1135
171d95ba-271d-48a2-b920-caae31cd1fd6	1126
171f7e57-b615-433b-9a84-369044d9ddf0	1146
17214e64-9ef0-4403-a463-8d762e5beb51	1121
1721ede1-7818-4807-9b81-667f08f2812e	2049
17243d9d-fabd-4ff2-9703-5fba95d1d018	1130
17278402-8216-4cad-bbc8-6222878d7b06	1075
172a8e4f-345b-4ceb-b89d-e46439a87a51	1141
1738bf3b-53f7-46e3-b515-9fac3f4af16b	1126
173cbf33-a537-48a8-b551-acf329123154	1133
1744c730-0b0f-4e52-b44c-dd9e06f7f822	1140
17476a60-7265-4c44-a182-3703aa5f6593	1470
174ac4a2-d58c-4e6d-973f-920f638484e9	1146
174bb821-d47a-409f-87b7-b6ad6b825d79	1090
174de72d-daec-49ab-8c83-26687eb0c5ee	1146
174f0c3d-8b28-4bb8-9c2b-3a84d4cc512b	1037
17507be1-fe97-46bc-836b-77955b215f1d	1077
17524e4c-d31f-4112-84ff-20ac8325ff12	1064
1752dae2-90dd-4b12-9af4-6fc5ce6567f4	1132
17544589-0c20-4042-8765-7025a24d1098	1131
1756cd32-9c55-45cb-a9c0-19e4d9e3043b	1073
175aac60-6f27-45ed-9bec-dfa27a68f9d2	1088
175c17f6-6e4a-4a4a-a0cc-2063c47eceea	1072
175d5f0b-bb14-47f1-9eee-1000855dbd3c	1088
175dbb42-2896-4724-823b-15f771927c28	1495
175f8201-e17e-4875-88c6-4a79bb216ed5	1138
17605c1e-a30e-4489-9f85-8bf6774a0544	1131
1766d38e-3dc4-4942-ba3e-044d4c870b80	1071
1767d242-d690-456e-b479-ce611fa9ced8	1074
176bab6e-ebc3-49d0-beab-1bc3c6777875	1020
176d674b-52dd-4487-8cf6-ff90d53713a2	1139
176dfd03-6970-4cf1-b359-4815f99c41e0	1048
17772f06-a496-4197-afb8-f91738946738	1149
1777c6cf-4837-45e7-b237-8c7552a1ad85	1072
1779f3dc-a066-4c41-b846-974c2936a2d0	1120
177add7f-8bd9-4991-8ec6-6f8065e4af30	1066
177e5fbe-5115-476c-aaed-461920da2b2a	1062
177efaf1-e54a-471f-89f8-4213dc5ec57d	1126
177fd1d6-e8fd-40a9-9d88-ea35be0aed0e	1126
178801ae-48c7-4166-ae89-5b5d734eb8df	1132
1793ab3b-b1a8-43a1-b534-96334a5235e0	1074
1793fc4b-7566-4c8c-a1f1-b7061963c7cf	1139
1797eaf3-5e5f-4b91-ae00-3baa05935635	1071
17a3134d-25e2-4e18-9a7f-ea79e33bcd1b	1131
17a80898-8e33-4fe7-bb83-1a0227ec3d28	1092
17a99522-6b9c-4397-86ed-823dbc247a9d	2022
17ae974c-1767-4a0b-acf7-649cc2dc8194	1127
17afde1d-45e2-47e5-ab85-37946ad59c7a	1134
17b27c01-94d1-40b6-b7bf-2c97baeb7629	1141
17b3a17a-67a8-4ffe-bda8-57950ceef4db	1076
17b4f392-9156-4cd0-bab0-499c875dc97a	1150
17b6aee2-0930-4b51-bc21-198a48368403	1126
17b90023-1ef5-478c-862c-8caf2fed1289	1063
17b9099f-89b4-4f6a-9ecb-e6abd3902b07	1084
17c06942-7d87-4951-a1b3-263701023603	1073
17c09a15-aca9-4742-a5d5-44ced9c458b4	2051
17c1632c-a9f3-46f1-bcd3-bc8f5c78a094	1141
17c604b6-ce1d-41bb-84d2-fabfdb56d689	1074
17c75f92-d5d2-4bfc-8cbb-3d1b4d99836f	1085
17cfb79c-578a-423a-ab13-c904ef9a57d9	1132
17d12405-c9c9-4a5a-9d8b-ca8a6d545c02	1133
17da8c9c-4048-4bb7-9b4b-b69c48528d39	1147
17dd1df3-b078-4cf2-a6ba-2d5964b08305	1129
17e0337e-139f-45ab-b800-546645119e32	1131
17e245e1-8632-407b-9b50-a8bbb6547f93	1314
17e82fb0-048d-499d-8f25-f8c297ab9bb3	1071
17eb573d-72ee-4fb2-b5e1-6bb7eecd03cb	1072
17ebb5a4-161b-435f-ab68-0bb6972b5c82	1136
17f222a4-64bf-47c9-8119-d19e3ff81f81	1075
17f45e55-519d-4468-b694-b4868765e5fb	1140
17f8a32b-80f2-4ae8-a4cf-0f2eb1596344	1134
18000a8a-a003-4de7-8bae-209b68e6ee1a	1092
1806da6a-dc6a-479a-86a9-92171fa18243	1133
180fbbb6-d3a6-45c2-88b6-ed34f269df98	1132
18115218-aeea-45e6-8c0b-3f7cd60d9289	1130
1811b04a-1dce-47ae-8116-ef2ccab23ac1	1139
18137161-554c-4565-a018-c0c74284ccc7	1100
18164ee7-10ab-4b3b-9015-bf3d4eac5e90	1063
1819f6d5-5e61-49b0-ac97-eda65da6c502	1142
18222db5-97f6-49e4-a3ec-31c46834e2fc	1120
1823f248-767a-46d4-8374-d59bdb53825f	1133
18250b4c-0fab-44a7-92cd-f19a5ae7c9ca	1072
182ff389-a58c-44b6-bca5-b3e9bb5798e5	2129
18302427-a27e-4932-99bc-949b8e40b0ee	1072
18310465-e5e8-4e5d-b31c-0bbc0c75e87a	1072
18318117-4be1-473f-bba2-7d9a278bf643	1120
18341122-1674-4eaa-a424-c5f9d023c37c	1064
183fc1d2-7a43-4b99-a9d9-6b4854edbc8f	1079
184263d9-babc-4555-8216-9b7f4367eb63	1081
1844a83e-ed57-4642-be36-09953e89e56a	1133
184a38e3-d3f2-4c4b-9d50-447707e5f038	1065
184e2fd5-3406-42fd-8058-8020c2016721	1137
185773c0-6987-40df-b8d8-e90c1445d0cb	1072
185e47a9-2a96-441f-87ca-7d6003d61d6c	1158
18615a05-7578-4cb7-b6f7-9c487cb85cae	1142
186ccf0c-bdf8-4732-9469-781f696d5a0e	1071
1870a213-c84c-4842-bbe3-cf623a69cd2e	1121
18791b94-376c-44eb-ae9d-3290c8dd20de	1074
187b65c0-4afc-406b-9754-b155b333914d	1135
187da69d-84d1-4fe8-acc3-266a4e7d1923	1081
187f025f-aa25-411c-98a6-c4ce6d38a2f4	1148
1882944a-271a-44f6-8232-4af113dde8d9	1092
1885e5f7-094c-4461-85ed-acd22622dfbb	1062
1886338e-9d7d-4969-8971-53c6c2c3f49a	1142
18879857-60ce-47b4-84c8-f509a8b69aba	1081
188bd13d-8343-4ea6-8e19-2c95f47a04fd	1135
188c7e99-e4d6-42f8-aee5-909911b17d0a	1145
1896c47c-b458-4edc-841a-bbb1363c0560	1109
1899134a-640c-465d-ad22-d680740b3865	1135
189979d0-246a-468a-8773-7a7fc2d9430a	1135
189a19df-723e-426e-871a-96a5192fc325	1076
189ce035-6378-4ba0-a20e-45639992925e	1141
189e1e5b-7a99-4ed1-8715-b35b18d20bac	1081
18a7eaa5-c925-43ea-aec4-55fd39d7319b	1080
18a9427b-2e04-47e5-90ae-ab9609a29105	1137
18a945bb-d951-4fb3-b9fd-db0cbb294863	226
18a95c2f-bce2-4999-a41f-d9f95aa75155	1076
18b1eea9-0a39-4bec-8644-907b10b1af51	1119
18b611cb-eec7-4d5f-a03c-e5979aaf48ea	1076
18b9f476-1f93-45ab-a0d9-47a7828b82c9	1064
18bae16c-e2c2-44f8-b600-11c9768b0420	1127
18bb9295-422f-4f57-8606-57b3b79867f6	1063
18bdedda-9ab2-4dac-bda9-63ba43836fac	1072
18be4d4a-0f4d-47e2-b0b5-35ba0b220791	1146
18bf7740-336d-4acc-8c9a-871366d503f1	1140
18bfb560-2a18-429a-90be-98d12a228b5a	1079
18c32e66-2d8d-4028-98b0-21faa1494305	1128
18c3ca50-976a-4fe2-9a8c-22b52f0322b2	1068
18c78dd3-d3fa-43f2-aa1f-400ecb83743b	1134
18c90f2c-ebce-4f1f-b505-d73e036e5cd2	1136
18cba855-c3ef-40be-88f8-d6ba1b7e4445	1142
18ce7478-700a-4f2c-9503-eb89bede71f4	1943
18d4e84b-f3ed-4416-918e-57e7ce7557cc	1072
18d77b61-a0ee-4479-abbd-6a0083b8536f	1137
18df88fe-b3a1-4dde-a807-ca81e79a1f63	1060
18e0fd86-6b53-44a1-8f4c-226cb89affc6	1078
18e4b2a8-d0a0-4c7b-9eb3-96b34549f178	1123
18e545da-9b0f-4898-bfd2-6d0f2ab919a6	1136
18e887db-22a2-475c-b8c5-30074895c5d0	1115
18e9bef5-cce0-43bc-932b-d69d377849c1	1140
18efb2fc-f064-4e05-a343-a754326d7b75	1126
18f096e0-7217-49a1-83b0-de242465f065	1136
18f0e813-9a18-4e01-b5d0-efcd43dcfacb	1891
18f17abe-1843-4201-99dc-086b76ca4a47	1061
18f235ac-bf4e-4c98-8b71-1b6a0e457cfb	1146
18f2d7db-c8bc-40f3-8e68-c6f5b88f9bc2	1062
18f2f964-e065-4a79-9db8-48bd7c708ff1	1082
18f354cc-728a-45a5-8291-1d2f37f3048e	1078
18f9c21f-f7f0-4d07-9528-3ff209f4be57	1079
18fb101b-0890-4879-bcde-82ea1710f34d	713
19009a5f-55a7-4179-9b99-d34ed90c4e5d	1070
190a638e-fc10-4eb3-8501-ed336b24fcbb	1157
190e0855-a535-43ae-af3b-50a6b795d5d0	1137
1916b214-61ce-45d5-a1c3-bdd9e29215ed	1080
1917c6b3-0cf8-413a-9d0f-abd6e737ff84	1139
1918f3a9-f5d2-4011-a8a6-f9d27ec106af	1062
191d6772-2a8f-4f67-b3c7-acbfd608d5d4	1137
191e65e3-8c6f-40c7-b735-dcffdca268de	1069
191f185c-c484-4fe3-9f8e-3472dcf75341	1066
19202c25-ac12-4b27-af97-a91649960d7f	1143
1921b861-62f1-46c5-a9ce-9e484fe2f444	1130
19247e69-dae1-475b-a41a-1bdd941bd0b6	1065
192687e7-2bb1-4932-adfa-5b199173fc79	1140
192814f6-42b9-49f5-a721-6f7c5e0b5e6d	1072
1928fa05-1355-4969-80a2-e456230a4be4	1093
192a4d07-18b1-445a-9c50-3bd799a4f874	1073
192af1bc-069f-41b9-a9d9-8d46ad147964	1130
192b1056-94f7-483f-a028-4a5b9f2d22ac	1146
192bdd43-c24b-44c6-b412-84cef79897c9	1136
192d6809-9d88-4efb-9802-aa04b13a3c12	1067
192de1c5-32cf-4d4c-82a0-0652e0a769da	1076
192ed6b9-198c-4e8d-b839-226e6c5f560b	1131
1933e2f2-362b-4cc9-8cb1-3d68016fb54e	1126
193807b6-6bc9-4ba0-9aee-432050b41faa	1137
1939e024-7a92-47cd-ae06-4f08e7c47941	1126
193a06f1-62a3-4ed6-a097-724cca2db651	1097
193a2daf-ed6f-4897-b610-fa5b12e9666c	1153
193a86ee-d273-4c75-92e1-1b896bfe8780	1143
193afd71-7924-46dc-a52a-b5987ed81679	1120
193bdbb6-8ee1-4b00-8dc3-4303cc5628aa	1076
193fc2d7-07e4-4078-ad1a-1ab372f06ef9	1080
194944e5-0a22-446c-86c0-a04db386350d	1671
194bf6ca-c41a-4137-8045-c0488219f56c	1143
194d0415-8503-46f0-92e6-44a9e14d04ec	1135
194d41e3-ae40-4000-bbce-49c2c580af61	1081
19511213-7255-4915-a908-0a6d8e1562df	1133
1955eba8-ad55-4ec5-bcf5-81b65f8f30d7	1140
1957711f-4ebe-4162-958f-b2cc72c97d57	1131
195d8ba8-4c07-46ae-a708-90e54726eedd	1061
1960ca04-098c-4282-8d5d-c441826e3c27	1124
196249e5-94e1-4d15-9361-658a26aed950	1142
1965a670-4b4b-4522-bf4e-a33fcdec49e1	1073
1969c94d-3309-43a1-b188-10eed2a9611a	1133
1972f973-1f55-48c2-9eb6-1bd0a2f5547f	1070
197c18b3-9ed3-43f8-8390-aebbcafd400b	1071
197f1f42-a85a-4cf8-bc30-fc2510e4812b	966
1981f170-bc3c-4612-87a7-458177db66ba	1122
19841b7d-2005-4f77-ac7c-d1a224c07936	1136
19842999-2d5e-43be-9189-2cdeee5865b5	1134
198edc78-d794-48d5-911d-926acce30752	514
19919624-1b4f-4248-9b8a-e3eab08d1b25	1124
1992dd73-17ea-4811-9f94-b12d6cb4f7a8	1143
199494a4-2529-43f4-9764-191c018e903c	1132
19988dbb-7c68-49c8-98b3-ea6906041b9a	1069
199e574c-1920-4bb5-966f-daf37ce67007	1075
199fb381-afe9-4f65-a87f-32914a183e92	1912
19a03b72-1e8d-4cc5-8465-e80b2dfb8b87	1063
19a11a7f-a856-4ddb-95a6-495daccc2d29	1070
19a46dca-63f4-4df9-8371-2f23c9668b21	1072
19a4734b-757a-4a3e-9042-f929f981edfe	1172
19a7d891-7169-49ce-8c29-ba508170b37a	1932
19a92d1e-a17b-4d07-a366-3884d2379e08	1069
19ac92f1-d033-4e27-bcae-29551ac85618	1073
19adda12-3d0e-4e9e-9ea8-4dd744cc343f	1150
19b55c87-5619-4ff7-937a-005bf98396f2	1142
19ba433e-81d4-4b50-aa21-c7a9e713bf73	1132
19c38bbf-cc76-46c8-9a0b-7c6cddd40ffd	1073
19c48d5e-1b24-4210-8707-d5d30f902ab6	1142
19c5b7f4-6225-4f22-9c93-4385fd03d1be	1074
19c5d2f7-4b71-4e6f-b745-14758e80d8a3	1116
19c77bb9-f59d-4954-8e38-08df25575189	1077
19c89060-15cf-43c9-b5e9-919e9bc08b26	1094
19cf3e0b-1ddc-45d7-8c65-79f6569fdc32	1133
19d056a5-b6fd-425a-8467-f1d6cc3bbd8a	1149
19d440cd-2cc5-4b70-8a72-8807e81ac8d2	1137
19dc4db0-d0bb-467f-a790-224da8828473	1137
19dcdc1f-305e-47a7-b5ef-bfc5b2390f61	1083
19ddeb6d-873e-4592-8459-895563dc4eea	1877
19e2f2a4-26fc-41bd-8fb6-8294810d78b6	1130
19e3fe41-6baf-4f50-99fe-be374f7b961a	1147
19e61bf3-a5e0-4185-8cf4-5a7cd5c8e355	1137
19e8adde-d9ad-4c36-9131-95e2da2a19e7	1061
19e8c719-7d16-435e-9ad8-9b97a4c7a4f9	1130
19ec6ca3-e760-4e7f-a2b7-de6af23890e7	1134
19ee7aa2-412f-476a-9c04-cfa542fa65a9	1149
19f20203-7523-4ffa-b0a2-05720037a64d	1130
19f9b02f-c344-4563-8287-17c006b860d8	1067
19faf8ac-b037-426e-864a-1b110f230755	1076
19fd2bb5-18f4-4041-a772-08bc9b31acee	1135
1a00f432-5077-4901-a16f-ee8fe2584f41	1143
1a0511a5-7b77-4400-8881-8a8cb910b785	1074
1a0571d2-36ec-4a50-afab-0c59507a98e4	1068
1a097a6b-257b-44de-a5bc-e831039fd1c2	1073
1a0bf009-42ab-42b9-b7a1-82b14d0a97b7	1117
1a0c5b8f-c89d-47bf-889c-ed07b26f782f	1154
1a0d834f-9e3a-4cb6-9075-065abbefdde5	1075
1a13ac76-ee5b-4bfb-8026-c66c1008b7a1	1079
1a1498cd-b61e-47fc-882c-db9c5fd0e31c	1079
1a14d717-6ecb-45fe-9001-24664053c028	1093
1a16cded-57e7-40d9-8f8c-28006b9aaed5	1080
1a174c8d-3c77-4b0f-bab1-2d920a03241e	1065
1a185bf9-5220-49bc-9a68-8f7e3521b4da	1135
1a1a5f22-25ab-4540-b3ee-ddfc66c04e93	1075
1a1be601-73be-45c0-9f7d-5b16de3021d3	1017
1a1c13d1-29ef-4ae5-9ae0-5d8f4da4c670	1167
1a1d2f0d-dcd2-4a23-b2fe-960a11c94e36	1062
1a1dae13-7abf-441c-9b00-cbaaa624c45e	1139
1a21e29d-d763-4b66-a5d3-ab067885aed3	1160
1a2866a8-619e-403a-869e-867d746dc3d6	1123
1a289e73-c59f-429f-901a-d500b3645cae	1151
1a2b4dc2-263b-464c-ac84-fee8193e45e2	1079
1a2b851d-7bca-4f09-9b67-d3f27d25c70c	1078
1a2ca021-7a6f-47c9-929d-43a734b7efc1	1100
1a326605-5a67-411f-a791-c79fbf3c07c1	1121
1a378445-bc9b-49ca-9bd0-4e872b00d8f0	1075
1a3987e9-651d-4a6c-8033-e509625196ed	1087
1a420423-e2e1-494f-af01-bb7882a8bddf	1143
1a47a67e-c117-4685-ad00-b0cd8c7d9316	1138
1a4c3765-7040-47d9-a124-745ab9cf4b07	1130
1a4ea31f-9139-421e-98df-4eaf9cb81432	1135
1a50310d-1df0-42db-b36c-0e6265ed0071	1144
1a509fa5-495c-418f-9720-d1eaf5c146ea	1818
1a50df48-d861-4bcb-ad14-f52cdc62fa60	1128
1a5500d8-18a2-4856-b2ec-2df03cafa976	1077
1a55d9fc-8fdb-4812-b41b-87092e122f8b	848
1a5702f2-6c78-4140-acbe-ef392bf33133	1066
1a571a82-f85b-4f42-a8bb-7b86f4e13e9e	1072
1a58faad-25b8-4ddd-a9a1-4e965a84ffb6	1161
1a5c9963-9cf3-4ec0-bed1-ead27a8948c0	1062
1a5edfe5-4810-4ce5-a67b-2e5c8e1a321c	1131
1a5fd0a3-61de-46a3-8ef8-edfba0c831f1	1108
1a6107d8-3166-4cf7-80ee-03be7b650e83	1141
1a614b97-7a68-4aeb-9a0d-47cd6397f7b1	1131
1a6563d3-92d2-4ea4-b89a-f82f4d75f74e	1079
1a659c59-0d7e-4e96-ad89-dacbb8044cb4	1078
1a6d9df8-3d64-4cd6-b7a5-9babab5f9843	1073
1a768d57-3701-48e7-aedc-60b15b48fa7c	1132
1a7e49ef-67b1-4f5f-a7df-70eaf4df40f2	1128
1a8098ce-33ae-48cc-aac1-c6a2d3ce95ba	1134
1a83f430-474b-47da-a7ca-8d9b8b8c3305	1157
1a8ad2f2-576d-4c7c-b34c-f2e6d7aab051	1077
1a8b00bb-9826-441c-a313-f09ed53540d5	1139
1a8d67be-73b6-4214-8843-ed288496fad2	1068
1a8ec5e3-79d2-4e89-9668-bca8b8b18d50	1137
1a9519c5-3a47-43b3-af09-d7aaa697068a	1142
1a9a461a-c532-42ad-a682-0891cb6ac5d8	1141
1a9ae899-7ac8-405b-a90d-5952e269ff47	1162
1a9ba23b-cbea-406e-8f78-c4c79722717c	1064
1aa0bd36-b1c1-45a3-95ff-651b6bdd6559	2015
1aa2c2e9-2e9c-4343-b0fe-97cf515780f6	1134
1aa41fbd-d65e-4dcd-96fc-e545fdca2d0b	1379
1aa8ab1d-a8d3-47c9-9f61-29005e894bf7	1074
1aab8e2d-287b-4239-8e19-868bec7a222e	2011
1aaf0697-77dd-445e-b6ba-e886647e729a	1134
1ab077b3-4220-4913-b1c1-261674648b84	1162
1ab25341-1a8e-47a2-a763-007c076fe4d7	1128
1ab4019a-eb2c-46f0-b3f2-8f8b7c658eb0	1126
1ab4dd86-5e05-46c7-9603-fae32ed1bd0f	1892
1ab62dda-98ba-41b0-a62d-c6eeab0ef2aa	1080
1ab71734-d5b3-4bd7-8afd-e737acd3643f	1076
1ab8de2c-5de3-47b6-b163-08fa178bcab9	1138
1ab9f61d-18f2-40b2-a03a-f68b61bab0fa	1132
1aba2364-1001-4d10-af76-89cdd19ec1b4	1146
1abb4ff7-ce1e-4442-961c-be350906f137	1134
1ac06cee-fdc4-4190-aff8-25d1ec8d19c4	1118
1ac4b571-f28b-4546-88b7-bfa3d3276698	1530
1ac50708-b64a-4097-bb9b-7c48d3c5ed97	1121
1ac9a0ac-13d4-4ee1-8aa2-045c9d4d3304	1150
1acee21a-e85c-48b8-b325-415323327828	1077
1ad43003-864a-4bce-af63-bd588f3f5ba2	1140
1ad91773-e746-4e4b-a017-8dbda554667c	1069
1adcde46-78af-42b2-87ed-65531c19ebfa	1071
1ade4bc1-a2f6-45f6-b8e7-3503fe041af4	1075
1ade8c40-5e58-4002-b723-d027cb6a93bc	1067
1adff42d-b22f-4109-9e42-e262bb60ba37	1139
1ae0b3cd-f422-4ae0-8c01-b26abaac058d	1070
1ae25937-45e2-4e20-b3c0-3e4c478e9a7f	1130
1aeaba78-389e-40c6-9bc0-05b1d45e97bb	1134
1af07778-5586-4832-b6e5-96acb589f8f4	1080
1af0ab63-1cae-41c4-b91c-45d2f840cfae	1123
1af2ee3a-29c3-4c30-ad00-eba671c8042a	1092
1af38686-0bfd-4ee1-b4f6-44f3e616522a	1138
1af4efa4-eb7a-4d10-ac80-e1454789be2e	1155
1af53c33-9aed-45ea-a94a-4056df7f2b95	1111
1af8599f-34b1-4a48-9771-1aa6da44129a	1075
1afc4eec-2dbd-46a8-a1b1-42f5dd05bc68	1074
1afdc059-03b9-48b9-adbf-473548e1686c	1069
1b01638b-479b-4951-890e-695d18496fc3	1065
1b0c4da9-6006-4643-a9cb-57c85b8da84a	1066
1b0d8705-28ed-43ee-8e90-0facfedf263a	1070
1b1988a6-4872-43f3-bdd9-362511902280	1078
1b19a6f9-5604-46f2-b8af-49deb7a81bb4	1123
1b1a77c4-e75e-48cf-b781-0c1a25e9b055	1117
1b1d534b-fd09-4f21-b08d-3c99afba490a	1063
1b1d5fae-1d20-45f7-b927-faaeaf4eadbd	1986
1b2348dc-e5f6-4797-837a-fa605fa29784	1083
1b26697f-3b10-44d2-9c8b-c2a5e1fbd380	1138
1b268279-395f-4a6a-9477-562b27d10c84	1129
1b27a137-0aa8-4d07-8b70-68b8e8fcf3c3	1073
1b2e79b9-fa0c-46e3-90ea-37ce1b1b7d37	1158
1b343cd4-cc19-4896-94c2-5b8d71824f37	1132
1b356b52-19b4-4862-bb89-d709aef21673	1075
1b377c19-1d21-4f12-8a04-28b30b204c3d	1133
1b37f72e-ecee-4f44-a1c2-11bd7c792182	1084
1b3d6151-3a46-4612-aef3-7c1cfed9e247	1134
1b3d8869-7de9-4a24-ad76-e32bc078d1f3	1078
1b3de68c-4318-4ac9-8ba4-365321233865	1121
1b44856c-f760-417f-b69e-69891b7f01f6	1073
1b462bbb-ac63-4f0b-9948-39abbf32936a	1531
1b4723b5-cfa4-40fd-9f6f-5f901cbe21fa	1072
1b475ba1-112e-416b-ae7f-efb15ef40666	1126
1b47934b-cebc-43c7-9691-126dd78b083f	1137
1b48e12c-fffe-4be7-bf8c-73e21c5e12dd	1062
1b493d78-80ac-434d-b144-a3f713c0b0ad	1136
1b4ceba1-dd9c-4ae0-b91a-c7c503ba863a	1068
1b4e816c-8d1e-479c-9261-457c4d4e1daa	1131
1b4f41dd-56be-457c-bbc4-107e8ba7ba7d	1125
1b5101ad-519f-4a08-a3a4-cbde137c398b	1066
1b52d75f-d7c5-4151-938f-8624714f2f43	1123
1b6511e2-2456-4d9a-9abc-6857d419a24c	1892
1b661c4f-425c-4d0c-a37e-179797452ec4	1071
1b6aba39-a18b-4777-9509-9651a9f7305b	1140
1b6fa326-3c41-4921-b4b7-104ccf3623a6	1077
1b720509-422d-4f78-917e-d5ae578ff8fc	1126
1b72d88d-3cf8-475e-9fea-a5e3fcc91853	1130
1b782bb1-62c5-43ca-8618-7f94f92fe1ee	1072
1b7af3cb-a40b-428a-a038-4688f891b84f	1134
1b7c9e3e-cfe8-41df-adf8-6f7d2788c399	1056
1b7cd032-9b55-4864-b87f-b1f053d0e066	1134
1b7df8f9-7c02-422b-aa97-7ba5191b850a	1131
1b7e8045-135a-4259-9971-7660962d47ef	1086
1b82c36b-9e3f-48b0-aec6-d59b0ed81527	1139
1b86bf6c-610a-46e1-b47a-7ab21d173a66	1065
1b86f8e1-ebc8-413c-ae8d-4123091536e2	1115
1b88381d-3f1e-4e95-be20-e0131b7d56bc	1074
1b8b1f3b-d207-4f90-90c7-50f7fb18a536	1066
1b8d698f-dced-4fa3-b906-9e115ca5e91f	1148
1b92f064-f90c-4104-aa4e-c39919c1a4b7	1071
1b95a354-7ecf-47a7-b422-3626fc61adf9	1073
1b996eec-8352-48c6-b85e-73c04384286a	1067
1b9e7e68-3891-4ec4-8963-af7c1ff9159f	1071
1b9fcaa6-1bbb-4812-aeaf-eec671a9d860	1069
1ba1f830-42a3-4015-abb5-75f6544d4a5d	1139
1ba35bfb-bee7-4007-ac06-ea60d193679d	1069
1ba4ebc5-963f-4dfe-a18f-e13fcc4f2003	1154
1ba656b0-9b26-4c65-9ff2-d13689e92bae	204
1bae42a3-1428-45bf-8ebe-879aa985ca41	1074
1bb1846d-ac39-4cf6-9f45-7576bb66a477	1135
1bb5db91-a1b1-4b6b-9498-3568d23c2513	1138
1bb700b7-371f-48a4-8ecc-1deebd49793f	1155
1bb75eea-6849-4c08-94a3-b2ab7be90cde	1073
1bb86a06-cb2a-4d6e-bd23-5d730c581f43	1137
1bb8d33f-ef28-4419-b48a-ac0af2023b6e	418
1bbdf8ab-c636-49c9-a270-f7b59cf73b01	1143
1bc022cb-ab6e-405a-b89c-622e9faa0389	1127
1bc50779-a386-4f33-ac13-4b98eeeb5889	1145
1bc9f2c1-85c2-4225-b8d6-99e7de5cc5f0	1145
1bccce6a-3568-4198-a614-a5edacfbedea	1099
1bccdcba-b906-4805-a2c5-d36983ee8fac	1073
1bd0b26d-7459-4661-b4e3-8b61c10d54a1	1137
1bd5edf9-7133-4da2-83a5-2686c901c83c	1130
1bd8e81f-0509-403d-b04b-96eef6e38280	1119
1bda6d87-08e1-4779-8db4-da15458b7ef1	1075
1bda9362-e926-4dcc-963d-6bc0485eafc1	1142
1be0f7ef-cf9d-4aaf-a9bd-7c8e5a48a84b	1141
1be36970-ab22-44d9-b9a1-971322164e4c	1070
1be41a60-a556-4f7c-90d3-535b3281b7e7	1095
1be84ccc-a726-4e73-8ed0-95c76f197434	1096
1be8b9c6-eb34-43af-ba47-ebe3275a8878	1070
1be9aba2-8ce0-40eb-9a05-62fc593200dd	1148
1bea89f7-52b3-414c-803c-e45448431c81	1137
1bee68ed-723e-41c3-8161-300fbefc33c1	1113
1beedbce-3650-4180-a467-51f2c8b9d478	1138
1bf0224b-ad05-4ce9-8a7b-64adac81278f	1139
1bf1aaaf-cd23-4031-8896-0f2c9540e20a	1081
1bf35bf2-9336-4c95-b5c4-2ad09747f205	1063
1bf4f13f-67be-4bca-8aa3-225b578510d9	1068
1bf5246a-46cc-42b0-b4a6-6c8d0f92cf85	355
1bf8c5a2-a5c5-4d1b-acc5-eb11ef6cc131	1075
1bf92638-3b88-4ec9-a7ad-ab8ba15bcea4	1134
1bfb6577-6d28-42ff-95e7-564262ab10ad	1047
1bfe893c-0757-4a18-8e71-5adba2aafea4	1070
1c0003ae-63d4-4622-977e-8700ff95ddc2	959
1c00a554-c83d-4ff2-becf-c00704e1a8a6	1080
1c019e30-f964-4702-8489-2df2185bee48	1062
1c028477-24c5-4c96-b4f6-6e2701c44670	1070
1c0fe5fe-a9c9-4d61-8df2-9f66d3f37045	1123
1c1030a4-d151-4749-9232-3d396a4f94a8	1075
1c176084-f4eb-47d3-ae52-70f44cacbc39	1089
1c17f857-4b21-4f82-b5de-6f1c509c8f7d	1151
1c19a192-2736-4a56-898f-565d9b1647d7	1137
1c1fe7ad-0590-4232-a231-893d73883552	1135
1c205066-6416-4630-bf15-84accf607ce6	1127
1c277bff-cc32-4a11-ae4b-e5fa583d59ac	1131
1c2cecf4-bb96-4623-83e5-e1448013bf15	1030
1c2db744-cca7-4664-934b-9d4918abdeef	1140
1c31ba05-9263-4011-9587-cd624369fc14	1144
1c31e504-d8a5-4212-b7a1-eab5888ca86a	1129
1c38683f-8bf7-4dfe-9c4c-24fe8251c91d	1133
1c38ad5c-0680-4f43-acd7-9641e5b3a0db	1132
1c38bb7b-1252-4723-a47f-48fb53023d6b	1094
1c3e515f-da9e-4f7b-b4b8-c4fb07ee87e7	1127
1c3eefcc-5d1d-4b6e-97c7-c60ec2b1421a	1075
1c4957e6-e4a3-4044-9cca-9853c6780208	1133
1c4a723a-dfc1-47bc-b3e8-da499043bae6	1133
1c4b37ba-d516-4734-8f01-ffe5190a5a19	1115
1c4b7de8-a87e-4218-92af-9896e5fe8195	1136
1c4bc863-b1fc-42f0-8e35-a19f9c821d49	1070
1c4ec0ae-66e2-4fe5-bbc8-f335ebfc6df4	2051
1c501063-c525-4e48-be06-7bfc89adda58	1151
1c53c02a-0c2a-4067-8701-3b9c2ef86e63	1081
1c554b60-1785-43d1-8ab8-ab81970bd89d	1082
1c574a60-d971-40a8-ac7f-6e27c72dbb12	1135
1c575327-7104-4fce-ae15-5c63ee8aa92f	1141
1c58006a-83ae-47d7-b9c9-355509687d4d	1104
1c5899c6-7427-442f-a6f3-295111a55868	2093
1c5b71be-f3de-4662-a673-8a5ce4c128e7	1465
1c5dd121-44b8-4ada-b103-795cb3f2d443	1131
1c6629c3-0db5-4b7d-aed8-48f4685ce0ca	1061
1c67bad0-a679-48c8-b472-8ec809075959	1069
1c6f76be-db2d-4259-820c-dd25dfb8ed60	1098
1c70035b-3654-4af0-aedd-262a8af8d605	1073
1c705e37-fa05-4042-9fb0-e4ab8dd68a09	1135
1c714475-fada-4415-a957-2cf55470654d	1136
1c724968-7803-40c3-bc40-63877e6ff341	1137
1c73de82-f723-4fea-b383-e49560d9bcc2	1142
1c740760-8d26-41e4-afe4-2d70e4cdcf50	1141
1c744b1d-4a23-4963-a5d1-82dcd658c18a	1135
1c7578f4-6c18-41f1-9376-94b9ce2c3f99	1077
1c77ed18-8286-45ba-9bdd-a9a1669286de	1134
1c7ca5ae-903a-4d97-ae7b-ed04664f06f2	1138
1c7f74c3-4b43-48d6-aa5f-dc77754ff7be	1136
1c83a3f9-f0a2-444f-a44f-c6ef36baefb3	1136
1c845693-98d6-49ad-8a3a-6025c7823227	1157
1c87bed6-3d55-4173-a072-138e97008fcb	1142
1c89165e-0809-4594-b9ab-b7c7814cadc3	1069
1c8a0c49-5dda-4bed-9afe-84987a69c810	1924
1c8fecce-beb8-45bc-a0aa-278d6eb18a32	1132
1c927f87-366a-4f50-94ec-b73bbc6ba989	1945
1c932b0a-b9e4-4222-9e01-a6b8a2c3af86	1144
1c950629-7be2-451a-848d-b8dbb7cfc7d1	1071
1ca1a293-e956-44d3-9123-11e94ecd7fdb	1133
1ca65d5a-befe-46a6-9e29-e11b4a263307	1063
1ca7174f-893c-4abd-bc46-e0ca509962b2	1143
1ca73b03-e3e9-447c-acea-fe8c38aeb522	1069
1caff798-02cd-4d24-afcc-a4f7457fffc0	1075
1cb27d83-4252-4323-b104-4c3767d1808d	1063
1cb2848b-4224-4ab7-a109-059eb0e4cd3b	1134
1cb4c47f-1833-466d-b805-6887d3e327f5	1126
1cb5ebf8-eaff-4b25-8de5-299c666fcca4	1164
1cb836b3-6d6f-4d1c-ba93-486ff3e21a16	1143
1cc13797-369c-4ecc-b976-da8493d02b6b	1116
1cc16d6c-f8c7-4352-aa71-17ee5d731fbf	1127
1ccd889f-7580-40f7-b3f7-60aeb70fece0	1136
1cd20415-2c9b-4d6d-9299-f0a9774a5c08	1139
1cd47a37-d546-47cd-b868-a8b1301dcd0a	1140
1cdc7ed0-d97c-4978-9e55-b7b4bc6888d8	1077
1ce42bd4-9705-4471-8d18-0891d1720589	1834
1ce5570b-20aa-4b50-a1b6-6c6e4317561b	1074
1cea3a41-e1b5-43ae-94c6-3587a4fe3333	1128
1cec052f-3a21-422f-aacc-c21821192b07	1071
1cec7994-be2b-41ef-aebe-c877ca14b544	1092
1cee0c84-4f0c-4516-b52a-6376f9c4b002	1074
1cf26cbe-ba7e-400a-a112-f0e079f09672	1532
1cf3fc56-f2aa-4fdc-ba68-7540b3afa890	1135
1cf6f9b1-1152-4840-bd56-1830baa3e83c	1074
1cf8f944-9efe-495e-a8a4-e73efdcd1466	1139
1cfb01a5-29f1-40e8-9e9a-7695f21f1074	1060
1cfbc31f-4dfc-4c55-9653-4d10d424b74d	1134
1cfeb0e7-2005-4751-a692-771e807b8061	1074
1cfedfde-922f-4350-b71b-1b49bd9fd49c	1136
1cffab86-3e96-4a37-8389-b4076b610e2b	1137
1d0227f3-c329-42b1-8d6e-03329287fa7d	1072
1d045ef6-a654-4c60-8224-5a3a124dcc9d	1136
1d09f0f0-79b3-49e2-a7a6-fdce9ac2629d	2076
1d0f7b6d-500d-4979-93c2-1c96d3d32ef5	592
1d10990c-4cb7-4f2e-acb1-55efbe2bdec6	1124
1d1a2134-7b38-476a-a63a-cbed83dd5dbb	1128
1d1cb21a-f13f-4976-965f-dc0e48f8ea70	1071
1d1d712c-d79a-492b-a38d-9e166475d4c0	1117
1d1eef3e-a0d9-40a9-b2b1-1895a8841344	1099
1d1ff0ca-e980-478b-828f-d56984c0ceb6	1129
1d2053f0-15d2-422a-a7fd-b596fe90458a	942
1d257078-be18-46d2-8b5a-457b0e6b534f	1161
1d2734d3-47e2-4bb0-ad93-8b865a2d6313	1091
1d3213ca-dea4-4c94-9eb6-42c2990079cc	1129
1d322a73-98cb-4268-b888-f5fb88b5a8db	1095
1d32781c-7e83-4fa9-b622-b7668ed2b9a7	1071
1d3ad4aa-eb8e-4b2c-aff0-dee70d2bbc11	1095
1d463e70-3678-4d11-82fd-084f1690105e	1128
1d4b7ebe-a4f1-4ca2-89f8-3c3667cf9640	1128
1d4baf9d-8168-4614-bf58-ddfe61f4a8fc	1144
1d4df44e-c8e4-4fa7-b72b-d51e86bb3a4e	1114
1d53c69a-ce78-43b0-84f8-fbccb3af6a50	1128
1d58f0c4-627c-4af3-aad6-a1d9b5ad9318	1150
1d596f18-a4fb-4212-af33-73bc8eae9e27	1160
1d5ce23b-9405-4f1a-a481-b8b9feae4fca	1070
1d5f370a-ffe3-41f2-9d47-b4a5deb2478e	1082
1d5fba95-2018-4fe2-8efe-493ee1d0c5d0	1131
1d6500c9-061a-4583-bb10-c273804a07ca	1934
1d67c2a8-f2ea-413c-a381-2ed12691d3a3	999
1d692605-b7a4-497c-9cc1-7130c840ed5e	1137
1d6a2a83-685a-4272-afaa-c1c2001dea86	1066
1d6d2a06-c066-4869-97f3-1da5cb23766d	1066
1d6f2f6a-ac19-446d-9394-eac77a38374b	1062
1d7757f7-8265-47da-bcaf-dc186ba29fa8	1075
1d7801c9-df49-439f-8b9f-8cf5fd379888	1141
1d78246d-9db0-4c1a-bede-d5ad6a44c4d0	1137
1d7867c2-e3c7-48fe-b240-e11ec19dab12	1147
1d7aac42-4f5c-4667-9896-2c6dd7c090df	1133
1d7aee25-aa93-47bb-ad3c-5646f5bd8142	1133
1d815032-a7a7-4bfb-962a-b1c20d662d36	1077
1d8a1b1b-e907-4f3d-992f-a9e4e89e27b3	1068
1d8dd9bf-87c6-4c05-bf4c-c9d67fba1a9b	1078
1d8e66c0-049a-4f05-9a2a-77d65669a1b1	1071
1d90e98b-d7e1-46d4-a62a-5a608e1d4e78	1134
1d913369-47e4-4b81-8a70-6f59824c0d2e	1076
1d958e33-8c0b-4398-8eef-c441a960dae5	1137
1d96108b-cc41-4911-aeb9-648936d1cf7d	1073
1d965d87-7093-429b-b734-943537b2121a	1070
1d98cb55-aa1e-41c9-9849-03fac3913da0	1157
1d9cd67b-2387-4ef4-a8e1-ba02943b4946	1077
1d9d6b54-9640-465e-86fe-d3b46dbb3a17	1113
1d9f5a15-aa53-4efc-8404-8ec8178b1d8b	1071
1da5361e-6489-47a9-856d-2c5b9b4ea4a4	1090
1dac951b-24aa-40db-8b9a-a332d3f9de24	1080
1dadcaf8-ed42-4be3-aa48-a70b14553bae	1075
1dafb69b-08e1-4e38-94ef-93fe9fb3706d	1068
1db1e87c-bc73-4e68-bcd5-f7f464a7d5b5	1071
1db2621a-6093-4620-8193-7d8a2d1650db	1082
1db8780a-1d3a-4203-baab-63c9b7a76a09	1114
1dba6257-5e30-4e33-b075-0537caef3c0e	1141
1dbd907d-a7f7-4387-a149-50cccb401bd7	1136
1dbed333-9742-4f07-bc4a-93b3ab99890e	1084
1dc3138a-9737-4b86-84d9-39f506fe63b7	1127
1dc3314e-7015-4ee0-9a53-78464cf55248	1140
1dc7f4c6-e179-40f8-8e53-dada2221e7e4	1133
1dc80086-b3fe-4203-bc85-67b5d0aec776	1080
1dccd6d8-2bdb-45ed-91ac-e12fa41f369c	1078
1dd146f3-3e67-4962-a23d-8b62222a29c4	1067
1dd39c5a-57d2-4a12-98a0-96ec1f6644f9	1133
1dd52a1e-609b-42a7-bd92-ed1987c20f55	1088
1ddd2a98-21dd-4b16-b202-4d908608221c	1138
1de0a301-e9f2-4f2b-8bb4-418517bcccde	1146
1de3029d-eb4f-4366-bf3b-dece14dcd452	1141
1de31b9a-752e-4a71-9a75-9ce4e921cfda	1076
1de5d4ec-7cf3-4c54-aff2-d92fe8087f2d	1110
1de8e6e6-60e7-44f4-9022-05867401d1f8	1130
1de910df-8968-4e28-9af6-1f512b8ca5c4	1070
1dea4f97-4db0-4158-8a5c-36c329d98d4e	1070
1deb8f71-0e63-4e2e-b201-8379f5dc6405	1134
1deecb46-05ef-490a-b34f-ddc377a386f2	1132
1df0135f-1de4-4b05-8a3d-01e75ced4c75	1119
1df07e02-de5a-46ec-9fbe-fb421640bb9b	1128
1df4b38d-5ac6-4c9b-a387-47a620e91f56	1075
1df54060-f2f9-402e-91e4-319fb00ed875	1064
1df5f3f5-d40f-4cfa-be6e-923a536ea3d9	1066
1df5fc8b-c0a2-4254-b2d1-ea5f25be637b	1050
1df625fa-b50f-4eac-951e-0ede03df1bbe	1089
1df902b0-d027-4a1a-8c4a-7b95636448b2	1082
1df9eb71-7b74-460b-a102-4f30128e0b06	1131
1dfa4608-8506-4f5f-8afe-cad6383773c5	1142
1dfb8131-a93b-4fec-8cfb-81980e18a7b8	1140
1dfc9411-a37d-4477-b7e5-ec2173fb1440	1072
1dfdcaf9-1fbf-4943-8e69-f9b3e9818e09	1103
1e01bd4c-58b6-41df-8951-7f0d074724b5	1138
1e0346de-3905-4ed2-9d2a-05a5d6a17b2c	1092
1e039b6c-e640-460f-92e4-c1ec4a44af38	1134
1e04d7b5-2552-43b9-af71-707abbd99ed9	1154
1e0585a5-ce61-44ab-bda8-b9b5ad1c6b7a	1149
1e07a668-937c-4e2e-a516-78fe0e5e5452	1078
1e0e54df-1a9f-4694-8ac8-df76da917ce2	1965
1e0efa76-1412-46a8-b8d5-8ddecdbf1b93	1155
1e0fa638-7e2a-4ee2-b3e2-4afef2bc325d	1088
1e13c71d-2d7c-470b-a184-f79757ed79bc	1133
1e1668fc-648a-44e7-8b8d-e6d5e3972b39	1129
1e1a4e18-d9a7-49af-b919-51ca4d2f835d	415
1e1dadea-4597-4e43-a39f-0a1dee8abf13	1138
1e1e18b2-0fbf-407f-9594-001a4a5167ad	1128
1e1e7527-8620-4020-ac76-166a6e9e77bf	1126
1e1f2045-2622-4cb7-9a9b-11180a81d2f4	1070
1e23bc3c-e87c-4cc2-b949-ef1827c2d98b	1120
1e2446af-eb22-45df-82a0-bcc085320d54	1141
1e268c1d-a0da-4b5f-814d-77df75c9f108	1090
1e275644-d533-4168-9490-b33c004d9fc4	1088
1e27f8d5-2f32-42b1-ba08-6736c3de5469	1063
1e293f50-a628-4ba5-abe0-b0c284429120	1145
1e29d456-5b93-464c-8539-614da0381038	1076
1e2c0549-e232-4a3c-8273-80c77164c56d	1119
1e2f9615-74b1-4e42-8b4d-83f2ca88d4ba	1128
1e361e53-ca7b-4a28-a4ab-3403a63ab054	1133
1e364dcb-9c4a-4548-9595-d8c8aec2852f	1159
1e3ae964-c8d2-4c2b-b60b-8a6086236eba	1078
1e4b6831-bd23-4b61-93b0-af50c50f5a40	1510
1e4b8eee-9a39-44e7-a54a-7ee4f1f00b93	1070
1e4df6d2-6f06-4d57-b502-ff9ff435a3e8	506
1e4e0fd6-42b1-4922-ba94-3cdd003c2c12	1078
1e53a4ce-4ebf-4598-95a7-e591b38f12c5	1125
1e53a4d4-9dca-4ef2-a408-c22af2785e02	1132
1e53e24a-b83d-46b8-bdbc-878f967e2cec	1149
1e5b986e-a492-4584-b734-af614321e4ae	1092
1e5c3162-38a8-4e9e-ba69-ed4be287ff30	1078
1e608fb1-c26f-4db6-ac48-73c7e21cad19	1075
1e60a73c-6474-47ae-9bc1-f3aeb9c709af	1105
1e62a3d8-fc93-4497-95c0-7334af355464	1135
1e658155-6783-4417-a95a-c0802bea5119	1135
1e65ed1a-fdb0-4d68-9393-d81db1c26c6a	1140
1e6cbb57-d795-4a44-8870-4eaa9e57ae57	1083
1e6dcae2-c4d9-46c6-807a-2ee79b15cb7c	1139
1e70461c-88e2-4b08-a676-e69444346f50	1075
1e761b90-f265-4fc3-a334-dea7e5e1cdb0	1137
1e7d760f-73a4-4246-a2ef-737b9b9f91df	1111
1e7ec786-f8fd-45d2-bfd9-bb5f0bac30c3	1134
1e7f9522-a2cf-4f75-8bce-f948425e652e	1130
1e833c40-cab2-462b-b339-357336be73f0	1136
1e866293-af9a-4c4e-b7ef-00aca9f09337	1136
1e88e1d4-d21d-4523-9efe-a0bf7d7089c1	1135
1e995b66-6f20-4663-9c19-219c1142ab47	1150
1e9e0381-4210-4fd8-b348-7d34eecbd3f0	1071
1e9e3c22-5e4e-4516-88c8-ccbbbf33e277	1155
1e9f50f8-62b6-4231-849c-56c057147390	1082
1ea0af40-cf86-4714-be6c-cd625d830840	1091
1ea4308a-6156-4c98-ab15-09605606688a	1139
1ea65585-e099-4b70-b598-1debaa8a4151	1134
1ea77530-7e0b-43de-a524-91bf7b0f8d7c	1145
1ea7b871-8b4b-4836-ab11-0a7573405cff	1125
1ea7fad7-5dcc-4f75-9028-195b6e660ca1	1143
1ea9b38c-b118-4cc7-9502-1c50d6fe52f7	1077
1eb37677-63f5-46a2-bdd5-1db4f99d6ec4	1131
1eba933a-9fe0-49ad-aa54-698938ededc8	1078
1ebdafd5-0e8a-4b65-b3a4-b0fdc010f84e	1144
1ebe71b5-f392-4093-adc3-36d90ccae1cd	1071
1ebe73f5-91e2-46a1-bc9b-f7aad01841d8	1135
1ebefd42-94d7-4b48-be6b-31a681664071	1143
1ebf2931-d685-41cd-ba4e-155c71e554ab	1142
1ec07abf-01b7-4c7b-8772-79dabed1891e	1073
1ec09f55-aadb-4939-b602-1678aae90155	1137
1ec16866-f12f-49bf-bc49-fb1b47b76eaa	1129
1ec264c3-bc3c-4866-ae2c-8895a1f26b67	1121
1ecbfdd3-941b-40fd-9de5-fa9706a8337d	1133
1edaa62e-05de-4c0a-978a-b49bd712d1a4	1138
1ee25396-dcba-476b-9476-9567d33ca583	1137
1ee257ca-e173-494e-9ea7-f4f95c18eadd	1134
1ee447b4-e1fc-4b08-ad2f-8b5851c85c1f	1066
1ee6b608-7cea-4bee-8514-4a339d43b161	1138
1ee94397-d860-43ba-a652-0b6eaf0b79ed	1137
1ef0a1a7-a53b-4baa-a74b-bc93c9e32617	1135
1ef18aa5-3bbb-43c5-be80-bbdb97a02879	1145
1ef917ce-eeca-4409-889e-f5a495fbe56d	1113
1efa8b1d-bcc1-4ab7-a3e2-32babe8b1587	1139
1f046cdf-c4bf-4c75-9a59-7b0d14f85d4d	1134
1f060de1-8cbe-414f-adfe-59d5ef7be00f	1135
1f127d47-da4c-4212-b884-ada218efe8b7	1142
1f19611c-6763-4d4e-b946-916e358386d2	1075
1f1ae2a0-0b91-4bc2-a35e-1ea2b3a75f6e	1128
1f1db327-76c6-4b8d-9b1d-94485aa8dc71	1143
1f1f7505-d5bd-498e-89cf-dfd9dbaaa8d1	1130
1f1fc304-37fa-4bc1-bd84-d8e7577e27a7	1126
1f212a49-74e1-4e4d-a38a-2080f46d6c1f	1068
1f22460d-793d-4333-a324-ae59ad517305	1134
1f237b12-2044-4739-ac79-5dc134a5837c	1129
1f28e231-ec15-43dc-949e-d2ef319f1d44	1072
1f2a3007-07eb-4df4-8e55-8ba632f92448	1076
1f2c25e3-105a-4f1a-9788-68e4c06b3110	1139
1f2df69e-fa84-4f29-add4-d1f8e0ef5b94	1130
1f3427fb-725c-4d57-9f68-b4a7ed5f8ecb	1092
1f36b88c-5ddd-493e-92b8-9edde000bf04	1101
1f3b9dca-6b3c-46e9-9127-dd4c83a79f6e	1127
1f3c3321-62c0-4083-a710-3e62cff99764	1068
1f424746-0115-4ad6-8db9-44da9da2c9bf	1068
1f430e02-9840-4ed7-b611-3347d40f0aa1	1142
1f47a845-1d16-457f-8da8-93b083cd9047	1138
1f49623d-e6fb-424c-ab56-0666c9cb4dd5	1139
1f4a247a-eda0-4fc5-b20c-a96187c9703f	1064
1f4c52ab-0968-4cff-98b0-9e4ef01743e8	1075
1f4d38a5-ba6b-4795-9c28-4a0e472fa959	1144
1f4eabf4-52fb-4835-b041-db8a497cd293	1151
1f51ed44-4c9d-48c3-b169-606b9c8beeb3	1071
1f5420dc-7050-4c61-b94b-b0ad65d0c98c	1093
1f560418-3eb0-4186-8d14-692cc54ac9b9	1135
1f587918-01c2-45f8-bbf0-28338684cb3f	1072
1f5d2d07-0c80-4c65-8189-f3eeef02b060	1129
1f5d64ef-d518-417c-8918-295e3bf74dba	1075
1f5ea5f7-2c91-44ec-94de-fe14072e6493	1131
1f6151c8-c5da-4986-9c7d-512093fb8c2f	1160
1f61815b-3136-43ef-9d39-ef3e8e21970c	1136
1f635d14-f2b9-428b-b24a-6f3ac90247ee	1070
1f6cad0d-990a-4311-957f-1a19afb58197	1141
1f6e667b-d686-4443-aebb-81fda2b64db8	1115
1f6ebc9b-f422-4d79-b52f-8e63a5966293	1125
1f7426db-4eb3-4b06-a6e2-a4f1703db7f7	1143
1f778b33-8ec1-4129-856d-f014d6b087a6	1127
1f783cb7-9764-45b6-a4c3-b95ad1767544	1142
1f78ce02-ff35-4ba7-8767-9297e670bea5	1127
1f79f804-efb4-4896-a272-b2d2df3a5341	1136
1f7e7c36-9983-4d9d-9050-d45aa14d850f	1095
1f864cbd-66cd-4984-933f-131bef7b20a9	1076
1f882748-3f10-484b-b150-21a10c6d67a6	1135
1f88d427-a231-4b00-8108-2fd5b04d53d3	2182
1f89c093-b175-4379-9237-a048aa4585ae	1146
1f8def2e-bded-484c-8adb-63c2eda5cf07	1136
1f92183d-3344-4f29-a1ca-5c185adaf5dd	1154
1f9257da-7c42-45c0-b46b-e181ca033d02	1153
1f948029-a568-4d10-adc5-91db17d88206	1138
1f958a34-1e93-4689-addf-14bd7408403b	1061
1f98cd3f-d81a-447f-9098-d7ef74592cd4	1107
1f9a67af-ebc8-4411-95cf-56dab04e128a	1134
1f9eead9-2921-4b05-a193-853c24f4ba57	1086
1fa1d3a0-63f4-45ab-bbd2-9d53f0b592d9	1127
1fa32a75-ca46-468f-9a48-bdae27ae75da	1079
1fa43670-67dc-4a5b-9c42-f32968d7ddba	1094
1fa590a8-a113-4ca4-aebd-a9b6aa37e75c	1091
1fa72a28-d81e-425e-86e2-67b57c5074c2	1144
1fa89812-e4ea-4c06-b614-1246413b28d8	1070
1fabb577-6a33-4459-99c8-2a43cfb7b7c5	1135
1fad2091-658c-49a9-b2f9-28939938d39a	1072
1fad9534-bf78-45a1-b049-ab948a0cecd7	1079
1fb1a171-ba32-4ca8-9fc3-72e7fc309184	1131
1fb2ef95-8430-4154-8573-d75e1a4f989b	1067
1fb46c5e-1be0-482f-a2ec-7535ff980897	1135
1fb8db94-e2ed-4559-9662-578d845f29a9	1138
1fbf294e-2d4f-4b64-b456-5cef097d2887	1130
1fc379f8-0ca0-44dd-aaef-d925f0d8717a	1092
1fc7dc55-04b8-4354-a9f1-de46bf545a27	1158
1fcf47fe-826e-400a-ba88-be28afffb5bd	1136
1fd01877-30cc-4a34-940a-009e213e54fc	1062
1fd153e8-bf78-4947-879d-3ed9f63bd57c	1135
1fd3c43c-3bb2-430f-9265-99fbdc38559d	1071
1fd48c3c-429e-42e7-9ca6-1a62864a2490	1070
1fd4e238-ab00-44c5-911f-e3b7cfa70d2f	1137
1fd64534-0996-4611-9dca-87e9ede0f952	1123
1fd7c94d-2084-45c1-a487-c8df64d90462	1078
1fdb394e-4f70-4446-a895-2f3eab315c62	1125
1fde55bc-a215-43dc-9e13-8d7cfc92bbf8	1131
1fdeaacd-2601-4b3e-b3c6-a208a17e83a3	1123
1fe69000-34e6-47f2-9333-4d5c7808e35d	2157
1fea4027-f3df-41f7-ba14-4e11fc4237b1	1073
1ff209fb-5548-44d7-a261-55421ec1b8e1	1141
1ff57d34-40c9-41fb-a374-685e6d69c0fe	1087
1ff7c95b-4efc-4e81-924b-19c875ce849b	1080
1ff8caaf-6dcf-42b1-a121-21a4237eea6c	1075
1ff97a92-3427-40cd-86ae-0ac87e193984	1131
1ffa7e52-7ad0-4e96-b275-88cb9db65c30	1134
1ffa8ca3-1abd-47c6-bc92-a1d16d8a3195	1135
20075ffd-bca4-49a2-9251-5d0bded2fcc5	1072
200cc67c-808c-4955-a6c5-da1a281422f1	1140
201248c3-2f41-4600-a66d-b68728a5f184	2020
2013a4bc-2131-42e7-8296-d1797970d20f	1136
20165320-3450-4484-8a12-4425a5d263b5	1076
20171535-8f30-4864-b2cd-95d79a10fd3b	1083
20172d80-cbaf-4458-b93f-8e49e3ca804b	1150
201734a7-2eb4-49bd-977c-d578562c4d77	1142
20242682-d213-4742-a975-2cf93bcb4edd	1139
20250fc8-28de-4d4b-98ba-a22f83e21779	1078
2027ef65-06b3-4f85-b784-5dfa20c194ea	1133
202ec106-55b3-448e-98ac-fdd54eb89e21	1122
203093b3-d3f5-469d-9a4a-78d206b17911	1030
2030d156-0472-4c2f-8df5-cb505dba802d	1060
2032f8b8-cd2c-4f72-a6d0-78f9f7112dc2	1073
2037394e-0999-4cba-aac6-573e15eca87e	1092
20378072-1ce0-4187-8132-a2fc4885f21b	1150
203acd26-7984-4e4d-98d1-3e5adf6e2333	1173
2041c5cd-0add-4d31-bcae-975e8ee974d9	1133
2045ff48-fed7-474b-8b9a-1f91a13ef33e	1140
20462a5a-2263-474c-bde8-f427f2d01b83	1151
204843aa-7c05-436e-b5ab-7fc30a8f5104	1120
2048e066-1872-4c96-940c-e9dd970527b8	1075
2049b5ac-7c82-42a4-b727-17f5e5a3ef59	1133
2053bdcf-cb6c-4300-b67b-0a848c9850cd	1098
2057580f-6bcc-4e8b-b786-09477bd58941	1138
2058388d-f96d-4f6b-916e-e6ab74e84ac1	1077
20663f80-d61b-473d-be8d-b83a09aed215	2054
206870fc-65a0-42a2-ab03-83575e89622a	1169
206bd09f-b581-465b-82e8-6be7f243020d	1068
206c321d-f994-40a6-a677-ae70bc892069	1069
206cfc3f-3771-426d-ac59-6e7abcf1bf1f	1068
206d32bd-c133-46fc-b5d3-918b90111606	428
206ef90e-f613-48f4-80dd-beaf51c53646	1138
206fb920-ccc7-4ca8-9229-ff5bdced1cc5	1134
206fdf6e-d956-4e07-b165-c3542f1f85bc	1090
20712e78-f49a-47f8-84b5-a4d7a32981e3	1071
207d8467-6a71-459c-9502-52fcb0484979	1135
207f26e7-428e-4a96-9121-42108ac750f0	1075
2081978e-2b8f-4900-aa17-b6b99d97cf59	1052
2081bb25-966c-4eed-a3ba-0022675ea81c	1104
2081d62e-3e7f-48cf-8c07-519756d9cf1b	1153
2083ae16-ce7a-462f-8be4-decbeadd2356	1139
2085a55f-f3ef-4218-91e5-3e58f29c8643	1078
20867218-bc5d-4bd5-9ba9-dab38bd114e6	1071
208a2866-c1a9-4434-bb20-11afbd3109cb	3073
20919d63-b8cc-4cd9-8978-2a6a503b0192	1067
2093e4f4-e236-48d6-90d2-8a902c04416a	1078
2096e6e0-c111-4157-8190-de2ecd9b7df9	1141
209bdb88-0210-46a7-9b1c-8af2a58db550	1071
209d3cee-5d57-4565-a8ef-0a9263d65e11	1098
209d9a93-81ee-4f8a-a734-fa4175af00b7	1123
209ef3e8-2c74-4af7-9130-dbaaf9f16ec5	1074
20a92315-0376-4706-858a-04b8fd49dfeb	1076
20abace6-7793-488d-ae30-de43a51b607f	1066
20aeadda-530e-4f1d-98c0-69046dd06cda	1127
20b203fc-e72b-4f32-b827-59d16978960a	1068
20b7ded6-adeb-419c-9f29-1bed5e2314ed	1130
20b99b37-98c9-4d1d-89b1-6283b681e821	1127
20bc50d6-cbeb-49cb-8fc7-3918f0eadb63	1131
20c0da1d-9975-44b1-b967-9706297fe6a2	1070
20c54454-0657-4f9d-ac54-6bc50e42f89d	1130
20c89dcc-7eb2-4b63-bb08-07f18db68381	1126
20cc6c4f-3293-45f8-be17-02a405fcdaa7	1074
20cd6e34-0815-4208-92b1-dbf642607ae7	1136
20cf9fe0-0b3a-48f8-94c6-d60e353bbd9d	1137
20d62ea6-b114-4bb5-8e60-94d567e3aa53	1085
20d6d30f-b238-4240-80b4-ce43dd8d1c98	1093
20d8bfba-d60f-4dea-8024-c7169b8734a0	1089
20d91b43-9b9c-41cd-a28b-ae65de59d70c	1079
20dc8f55-86b8-4f46-9e20-57144208e2c4	1105
20df379a-ddce-4308-ba8d-f855418312e2	1052
20df9001-7562-4859-8da1-6dabf9a38621	1078
20e1142a-813a-46b8-9bb3-3670e5074b24	1137
20e26117-cf83-4942-8a6b-32f6a67c486d	1126
20e3741b-8c0d-4bf4-8299-2cebeb7c7575	1132
20e924ca-6e75-44d4-87df-becaf41b86c0	1067
20e9c828-a11e-4a4a-8a91-2003d2db1ee1	1080
20eb00f0-4e37-4743-99a0-b0fbbdf70ea0	1081
20ee9768-9941-4f03-b57b-a4367851f42a	1137
20f0abad-72c2-434b-9820-761cd52e891b	1128
20f9e56b-c8a4-410f-bfa8-4326a15d7048	1075
20fafe82-230d-430a-9aa2-e417edcc788f	1139
20fedc77-2598-4c09-830d-46453d72d64c	1084
2109a905-73f5-4d0a-806f-a206268de5f4	1131
210a50a1-ae81-453f-97aa-58cf1e799753	1133
210a9bcd-9dbe-43b3-b042-b7750adb6dad	1134
210ed85e-1f90-41db-9df7-4737822167cd	1129
211c0ce6-72e2-435e-a22f-4d5fb49fbe48	1074
211cf885-6b1f-4373-bab5-c991d6c26d46	1131
212e7afc-5398-4a9a-91ae-f77942a7d116	1116
21309ba1-ef12-456a-a637-dcdadc54cc80	1134
213313f6-ac1c-46e1-9002-42eedccb936d	1136
21331497-fd73-4f1f-b871-665a8bfc2079	1141
213a0b63-e8a0-4ad6-b4e8-25bb946578d9	1155
213d7937-13c9-4726-b9d4-ab845b2c2b2e	1070
213fe34e-0189-4977-a885-61f6375a6d5c	1123
21457aa2-4c98-46f6-a4bc-b79ae18a4846	1146
2145abef-ad7e-40eb-8b93-c40bf8ff9319	1075
2149772b-5b83-4a02-9845-6309adc40656	1171
214ddb50-cc86-45e7-b623-77ffda3b3e02	1162
214fa1c0-49ca-4edc-818a-4263c1217932	1135
214fd40f-d9aa-4c22-bb77-8d40dfb1c751	1082
2150544d-44e4-4329-9e1d-5b7ed2d66831	1130
21546d4f-67f9-4ebc-8559-ddcc10fe3985	1155
21554886-8f67-41fc-9596-92bdf2d9e09a	496
215e892d-65ea-4798-8b49-65e985ccc766	1074
215ef346-2b64-4ce9-b25f-1929bc5ae7e0	1126
21643c54-238a-4062-b258-f7337eb0cad0	1133
2167ee4d-b061-4839-a396-ae6111686e11	1127
2169ea8d-5170-4dcc-a41b-95ac0f14433c	1079
216a6a46-8d2e-4a75-a0d6-ca3d96a2530d	1071
217f132c-4ac0-47f4-b27b-f3f7098a21eb	1104
217ff8b8-00e7-4e74-a39c-efac9c94baa5	1118
21803b1f-577a-4847-bc52-03f8ef6de020	1126
2182a171-acd9-4628-b22c-69107cb368eb	1174
21845526-1133-4764-98eb-c4fabc62bf22	1133
21847884-acfc-405a-99f1-724554d74a13	1131
218542a3-1c29-4853-abd5-a551edd15577	1073
2189ca86-722c-4679-af10-852a363e8e41	1125
218f421c-df36-45ca-9302-717d4a56806e	1074
2191f054-425b-44ff-87cf-3b8095f0eb98	1122
21920f1f-70c4-4fbf-9100-58dc9b28233a	1100
219626e7-23a9-4fc6-9429-5cd729f4651c	1110
219a8907-088d-4d2d-8a04-a06fb44eca63	1130
219ca083-1b71-4795-b4db-58d13edde79f	1073
219cebff-553b-47b6-aecc-5b356773962a	1060
219f3d74-ae1e-467c-beba-3ea75a93cb1e	1110
21a01f7c-6eb2-4a18-acda-12d1cbedfb12	1083
21a30b30-619d-4a82-8aaa-d83357296edf	268
21a38a25-3f07-4ac9-a2da-a311e1c37baa	1083
21a6bbdd-69eb-4047-9feb-fb0643725f35	1276
21aaa185-2843-4465-8267-b6236702a94a	1124
21abed92-bd9b-4837-82cc-418a7728c6bf	1063
21ae2634-ea45-4228-9650-edde827970e5	1135
21aff5e2-b029-4c3b-8426-22517512b2d5	1141
21b4e59b-bf4a-4c8d-a970-ff75d5129b18	1111
21b5ac17-90cf-421e-a582-e6deb66564ae	1139
21bd3583-8e7a-4c69-b310-843e93aa61cb	1118
21bebc7c-0805-4705-b2d9-34687bdf1a07	2390
21bec889-8150-4ea8-9e2c-327d5cf1fea5	1128
21c17c30-03a8-436d-875d-0e5d0be78489	1080
21c19f05-229d-4b05-81bf-56f506476486	1118
21c2e594-6ca3-4f2b-9fc0-3189c151dae2	1077
21c5e8c3-2abd-4e4b-b51a-8404741a26e4	1066
21c9ede6-c5b8-41aa-9006-a06ad56917b4	1133
21ca7c61-48f6-4ea5-a9c0-da9b70fbe204	1906
21cc2c49-a00c-420c-acec-3633b3140b80	1126
21d0fad5-f102-42e2-b3e0-288c233d2773	1069
21d6943e-338a-41dd-bdb2-97b249fc6c44	1062
21d7a418-af94-4b69-a69d-7e557bf2ea68	1070
21d9aa21-89d7-4833-833c-9cc0f6a03a23	1133
21eb84f4-e12e-44fc-9bba-f30458756ff6	1135
21edeb38-6011-4241-bf4a-9ffdb60317b0	1129
21f0c5b5-ab07-436f-afe4-94a6897223a5	1071
21f512cc-76c6-4124-a590-b182f5c2eb28	1073
21f5e5cc-1d8a-4c9e-a618-96c9b12401ec	1073
21f9d4ea-78eb-4ba3-a0c6-92d1046ef99d	1092
21fd0db2-e6d4-4e39-9182-56ad172f27b3	1135
21fdcdcb-8b64-4849-9376-16e089130367	1122
220c71f6-a23d-4c37-8b18-1171bca29fee	1129
220d3a20-bd2f-45fb-a985-afbfe90a9890	1141
220f0aee-1f32-45c6-a2e7-84bf62dbd453	1087
22121645-cb6b-4178-939e-d59490ec1971	1099
2214693b-9b48-47c1-b96e-d078e6b098ee	1130
2214c1fa-8565-45c3-84df-f81e49012799	1133
2215cf67-5b43-4fdf-b4ed-922dc649e68d	1070
221733f5-58b6-4908-907a-4db7ee2748d8	1089
2217ba10-caf0-4d51-bb89-131ab2a7132e	1147
221a84f9-ddbf-4380-9bfa-0fb1c3740f25	1140
221f61e4-7a2e-48b1-be52-04ae97e28fd7	1069
222aab5c-61ba-418e-9f1e-64aef38b5c87	857
222b4ae1-7d26-456e-af2a-5e97d2fc50bd	1141
223089fe-8abd-45d3-a8c8-6270655773c2	1126
2230e3cc-c529-4d5e-b74a-7b17e1b79a43	1145
22323e4a-6163-408e-af86-7acf03a32eab	1066
223668f1-1d83-44b0-a91d-bf0fd3b4a1cd	1059
2236e9fc-23a8-4e25-83df-0818ac20ce66	1080
223a4507-27b9-42b2-828e-1141ef494594	1063
223b5518-5405-4294-8dcf-8b506590ce62	1068
223e1a64-3def-4089-b447-c5612677e28b	1139
223f28f6-df9e-46b9-8b60-eb5af76f2847	1135
223f5481-61b4-47a8-9c2b-727c6ff70d47	1128
223fb2af-9e58-4aed-9ec5-3370a8381a1e	1136
22404f3a-5921-49ba-b3a9-d8a35bed11ef	1079
224143fe-3d4e-4ad8-b9af-64add3c1b973	1065
2241dc81-bda1-4000-a97e-c0baf3b31235	1073
224de180-ff2c-4704-aebc-b455c05b0f54	1069
224debb8-a38f-4712-b595-4355c2bf7c64	1139
2251e187-a1a8-4f51-8bad-f296e51ec80e	1154
225334dd-109c-4edb-9a11-e15eb960f7ab	1074
22540bd4-a067-479b-95c7-006c23d3401e	1072
2259def3-9202-4604-8e8d-8abe0e561b79	1126
225e1c00-44e2-4f6c-bea9-be57054a3589	1129
225ef8ee-38b2-4c72-9a27-9fb42f8c721d	1075
22639b69-35c7-47d2-99e2-644b470c7d46	1072
22666e32-7e8e-4a93-a9f6-57be8c9670d1	1097
22687bbe-91e3-44de-8476-9c40dd9d8b87	1078
22692385-4084-4e8f-9de3-02817b1e6d3a	1066
226ae05c-7769-43f8-b200-7d5278b6aaac	1092
226d14c6-6b90-4d6a-915f-2faa1f6004d0	1127
226eea77-8f31-451f-8c35-df9efd8f4a77	1146
22718046-ce84-4582-bfe7-c2dfd7df2fbc	1125
2271d0f3-1984-44e5-bae9-3441639c1539	1152
2275c776-b05d-4b87-bd35-28917ba06f30	1136
2276a51c-182b-4428-a11e-d4247939e21a	1088
22784158-2d2b-40ad-a997-ccbde5bb6eb7	1068
227fcd3f-3ead-4879-aa63-b38aec427e67	1134
2280173d-1891-4bca-938f-0fe6eb8baf9e	1067
228904a4-f331-415a-9745-81ff7f71dd51	1085
228a2979-dbc5-4862-a451-e0e993900883	1143
228b487a-2330-4a14-812f-f0948acf34da	1153
228fa57f-a857-4bac-aeaa-7c71c2fc0717	1135
2294e7ac-e5f1-429c-aa69-50786b5bb8c8	1135
2297fe1a-4815-43fa-af0f-ed0b5b1c317d	1118
229b8ed5-624a-40d9-b092-860d7fd21e4e	1138
229ece90-6018-4bc1-849c-fa3c70c1c9c8	1113
229f0a0e-d322-4828-951b-20c6a5acbd67	1130
22a02b79-9ff6-47a9-b790-6818804cab02	1124
22a17795-a09b-46e8-b2c2-52bd752dce93	1155
22a2faae-e23d-4ed6-bf83-18d108200315	1064
22a58b84-86a5-48d6-adc6-1e4ebaf40b77	1075
22a5ee1f-3958-4b36-a6b1-bc0559a6ec9a	1068
22a7febb-6a59-42a3-b70b-b45fc6cdd957	1069
22abb742-6bd5-4d2a-b7c0-0dee776c4ffb	1104
22abcd2d-df57-4c26-a33a-411978dbb62d	1134
22ac447c-2841-4c14-97f8-52745be8ecb5	1128
22ad13b2-0d49-4cf3-af46-14feaaf946a1	1124
22af76ec-2d0d-4314-8ab8-d4bcb66926b0	1131
22b6fa8f-e274-4556-bf36-8f13a95cf914	1084
22bea76d-7cf3-418a-b37c-2bd3153e5aef	1127
22c36d82-ba5f-422f-b06e-51f032d07207	1125
22c53ac9-73e4-4d1d-81d9-ab7aa9247f6c	1133
22c56350-3cd2-4375-97ed-f38dcaebf237	1147
22ca6e26-ef79-4068-9ede-68618fb80f08	1160
22cb34d1-df19-40a9-86a9-18e0ace80adc	1073
22cd0807-63c3-4061-8375-d74d88f220bd	1124
22cdd6d5-ca05-4573-baa7-7d7d79b04e3e	1086
22d35dcc-ebda-42dc-b06b-0f0ae6a54d3a	1531
22d40fb7-d877-4032-ac96-11fc7b74259b	1137
22d75cdc-b06a-4edc-8039-705db9e932ba	1139
22d7b0e1-f54b-440d-a4b7-ba3949f81b5e	1143
22daaee3-92e7-412c-957d-1d6fb1dd111c	1138
22dcc7a6-7e71-47d6-9f1a-93dfed60bfa2	1070
22ddcdb8-4bab-45ae-9193-f8ecf997a73d	1065
22e1c753-f6de-41cf-940a-c74b10091671	1130
22e27b6f-3fe4-4c9a-95eb-2019ec51d407	1087
22e69bc2-5729-439a-9fd9-e7e781c5874b	1098
22e71182-9246-4d53-96d9-a819da95e9ec	1095
22ec8575-6e07-4967-962e-19e16e3fb11b	1124
22ee736b-a8de-4439-9365-464744948c2c	1132
22fce5ce-47b1-45af-a887-9951ceb26fdf	1120
22fd6e1d-e1b0-4a8d-8f2e-da90b927932d	1109
22ff558a-9235-4c3b-a126-4346e08a86bc	1133
23003920-157f-427b-971b-709bdc919814	812
230708bf-85d0-48fc-902f-7c0d43508b4f	2043
230825cc-e764-4c96-b616-99c4ab2e6411	1080
23095f7a-e660-4063-9ac2-96a549be268e	1137
230c69cb-aa0f-4386-b4c1-e922b86937d3	1082
230d5052-afca-4c53-a8f4-4aa6cdb6ad9f	1139
23109d12-6ee0-4c31-b6fa-79a93826d1f8	1066
231815ad-f5e7-4713-bddd-e7f7ee36379a	1062
23187180-6aa1-4f1c-b330-cfe628de1653	1127
23206ead-f216-4f87-9870-0639559aa513	1155
2320b382-8388-43b7-ae24-66faf86df857	1048
2322e448-6f69-43d9-87a3-724423d4beda	1072
23238f88-c216-4190-ac60-43ca79d6778a	1130
23250afc-12b3-413e-b1c7-6f625ca776ab	1140
232e2cc3-5d7b-423c-bb6d-cb77c3d14542	1062
233201f7-f221-4e16-bc26-f4f1a17370a3	1053
2332f528-87ae-4c06-8287-79e7def278a1	1105
2333fadb-935d-4cbf-99d5-9f56f99900a2	1060
23377828-4772-407b-8616-77f857493473	1104
2337d241-c6f4-46af-b0b8-153d5c73b97e	1141
233b1c11-ee02-4022-a995-441674d4fd60	1097
233c77a5-04f4-4646-86ba-e7bc94bf1d06	1078
233d97f3-96f8-43bf-ba14-964f4a73b44d	1152
233def65-84d1-49a4-924e-43abcc2e6eb8	1138
233eb824-1ef8-40d2-bcf2-948db2608440	1128
2341ffa1-50d3-4de2-ab1a-b2955894fa44	1136
2342e167-481f-4c4e-8cd9-e508b604f38a	1139
2343920a-1916-44cc-9378-9a4b24d0dbe2	1131
23445078-e8a1-443d-a1e9-fab56de0156d	1146
23461a31-b76c-4d49-b04e-2020cd2dfe6e	1124
2347147a-efa6-45c9-aae9-1678bd2be219	1132
23492a9c-4e6a-4aa8-95fa-7eea4e85ab00	1130
234b97a2-9376-4afc-a28d-d2d22652125d	1125
234fdd6a-2f36-4218-84aa-4dcc5d55a3cc	1058
2352caf8-d314-462e-932d-6524d60e0ff6	1070
2355657a-ca9d-4c55-a7c6-a2a6515ae690	1128
235658b4-bf1c-4498-acb8-b112d3d3f2b9	1144
23566a3c-0be3-42d0-8908-1991a870ffda	1140
235b24d6-581a-4477-8361-caecfdf42e9e	1140
2360850e-7375-4436-bd48-10a29b5e0663	1146
23641dd9-5b2b-4a2d-96dc-d52d660b2b78	1076
23655a52-d067-4233-b9e6-3f52fb83e8ff	1145
236ae92d-43c9-4471-9705-b505564f2b37	1140
236ef885-728a-451e-b594-90914802dc78	1095
236fa488-b88b-4e27-acb1-7844353747bb	1135
2373f84b-9bf5-4c92-900f-22e592b280a1	1065
2377edbf-5b1e-4a1a-bd99-b7321f5897d1	1125
23792061-4c31-4bdd-8c84-3e57923f1f93	1134
237de103-2c16-4d41-9594-4d3db1bf0d0a	2088
237e6348-d277-4266-80eb-6a7f6de464c5	1132
238015f5-5ee5-4660-a14a-b4ab06bdc448	1135
23846623-75fa-47d9-b656-247bb0f538d5	1071
2387567a-578b-4e3d-ac6c-bfd8422ff810	1128
2389125e-cc6e-40fd-a993-dead47674b61	1126
238b6547-c734-495a-af31-2bb4697ecd78	1072
238e9623-815f-4309-b51d-d38a673ef206	1164
23902d54-d014-4b30-a894-85bdb306935a	1130
23911c42-65be-4100-8932-4fcbe63770d6	1138
23924eb3-9e7e-441b-a890-8cb693b4840f	1137
2392cf23-31bf-4e37-955b-3fee658d9ef0	1109
2396256b-1c02-4d7b-b246-0cb0be378ff2	1131
23973b2f-6104-47fb-b073-b604a71c0c8e	1147
239945e0-c82b-47db-bfef-3cdeecfb160e	1158
239d62af-8024-436c-8222-c1d1f90f815d	1151
23a07c0f-4879-4cbc-a69d-4418a2ead97c	1073
23a0d00b-e9d3-47c5-abe7-ddc0cf23b914	1133
23a65292-9d7c-4754-8abf-8f7777679f98	1075
23a6a626-4442-47d6-ba3d-8820ea999a0b	1076
23adcdfa-b8dc-4c4a-b19b-1f956bb2a17f	1137
23aee8ea-9962-46d1-b42d-e497b7e40407	1139
23afac89-a4dd-4b1c-a578-1c1329f5415d	1059
23b036c8-6d07-4683-af62-29c6dfc8a364	1066
23b2ce83-c6cc-46c3-b415-4402412bf70d	1119
23b70f46-1e7e-45b3-a54c-c88f27d682ef	1067
23b78e46-29f3-494b-82c3-ca0e2ccf70dc	1133
23b7c31a-0771-4d80-95dc-081e0b09b25a	1140
23b7d63d-114e-44f2-b9b6-7ee7cebfa393	1134
23be6eaf-649c-47d0-9ed7-54bee8a3861f	1133
23c460dd-642f-4555-a6f0-da12d46dc24d	1136
23c52645-08c8-4cbd-b3ab-3bbbf3b81267	1126
23cc1bed-0d28-4e9e-a5ba-b67f70c161a5	1067
23cdff00-5558-409c-9778-674627bf757e	1136
23d1e21e-cd5c-4c88-9ab4-b0b4b829f6c6	1079
23d8ec37-14b6-457e-a5bf-41fac8333e77	1139
23de1f6e-f4d0-4aeb-bdec-154d6aa39c02	1130
23e64480-cd9a-453d-b835-c0c91b0d54b9	1139
23e789e0-9200-4753-9b05-4e9b59184564	1060
23eaf93d-1b25-4f52-8ba1-103fbd212710	1133
23eb911a-241e-44c5-8146-0e9ae210dd2e	1069
23ecb705-3a16-48e7-b8ae-661a095f87be	1948
23f7349d-0b53-4ac9-805e-10e90cf1460b	1155
23fa579c-4706-4664-a0de-b9a363b1fb4a	1126
23fd9e84-f8c0-4585-ad30-4e3eed3d2547	1076
23fde20b-84e7-45ec-a9cf-5425e80324c3	1146
2400535a-42ca-43a5-b282-2b0e9684039d	1071
24030096-793c-48f4-b931-5d297f72edfa	1137
24054c28-4240-41e5-81a9-6d3ae31ad3bd	1069
240fa3ba-442b-4f09-b3b9-6bfcc733456e	1457
24101695-f0d4-4000-9a1e-f36452351c94	1134
24106935-6b77-4f7c-881b-ec60ea6991e0	1141
2411c990-82f5-49a6-af77-898b4cb70c50	1075
2416dbd7-5ddd-4257-878c-0fd0fcf63f3f	802
241a0a07-f238-47af-9ea0-17d729565dcd	1073
241a162b-2690-47de-ad70-113b25139d84	2057
24243c7a-e4b3-4688-88c6-192c133abd33	1136
242cb8fe-7dee-43ae-a0b3-01c39b5ad2e1	1070
242d8f2a-4471-41f2-84f9-96891718e1ed	1082
2430b43c-00b4-4396-bfea-0eb7493b015a	1144
24318a4c-4c4f-4967-a66b-542e3f9aafa6	1077
2432f8e9-9239-474c-81e1-b837dc723c1e	1075
243648c2-c7f3-42e3-9ed1-fca5e639e5ae	1129
243fd668-76a2-4834-b0b0-129af9174438	1078
24427fc5-c361-4d11-8e80-fd58e42c8667	1140
24480456-f786-44a3-96d3-9809ef21c874	1123
2449d97e-0794-4f65-bee7-17ce47e72b77	1132
244b4bd9-49a4-44c8-aa5e-e58e58701798	1129
244fde5d-2ea7-47ae-b869-08ccd2bccc8b	1124
2450c604-759b-40f1-8f70-d227ef7428d1	1132
24510f65-aa35-49bb-a98c-1b1bc331f776	1080
24565d89-d0e3-4bef-9cce-d542bc5b020a	1144
245c42ad-f4f6-4b0e-a3b0-ec7543739cef	1131
245e8fac-8794-47a1-83b9-475dbd33d239	1126
245f3ba4-0b45-4f9b-ae43-96165dc2a81d	1129
24602690-20a8-4b10-b153-a836bd0edad7	1121
2461d27c-8750-435a-911b-00a5848b76f3	1064
24697816-29df-4c3d-85f8-b858f7c87f4b	1073
246a03b5-705d-4985-8264-73d6de23d4ea	1078
246c5618-b738-4493-a10f-b4fa3439e028	1078
246d74e5-d7ba-44d3-9f99-c27f88c0e192	1068
246f6001-e34e-4db6-b06f-808b7d31cc78	1075
247055a7-9e6c-479a-a0bb-37edf118ea27	1148
2470cfaa-558d-4531-a565-cc203ef6c830	1137
2472599f-3ce5-4e16-a00b-e41f71507b6f	1136
24778464-26b8-4b1a-813e-816cd7f40b13	1134
247912ce-4077-4ea0-8f2c-a0a39e657b07	1144
24807865-37ff-4df3-8df0-e20adcbb5531	1152
24811f95-1995-47a4-bc89-e149e33f32e8	1144
24867609-f9be-4495-9c72-860c812d2a21	1065
24873ae2-9422-4a81-adc1-8ae0b65c5eea	1144
24875183-c559-4cec-9478-7f469031b358	2026
248781f8-6b4d-4335-93e0-cee76d7e820f	1135
2487aa55-7b09-46bd-8096-984f1924578c	1130
24880860-eb1c-432f-9577-c59c88317851	1139
24884729-603e-4f67-a810-56b2845d9dc5	1128
2489a3e9-02d5-4a7a-92fb-0e56d7ee3aad	1092
2489dc85-33bf-49a4-84b0-dcff1a45f814	1093
248ef633-ac4c-479d-b43b-bd9217c4cd67	1137
2495bab9-c485-4def-92d5-f7642d77a680	1920
24983f6a-437f-4bfc-8ef9-f8f18558d9e2	1072
2499b8aa-359d-457d-87e3-8513980987f9	1132
249c05fc-895b-4140-90e5-aa135f06ad19	1069
249c7e17-930d-406a-8e00-395363bfcb99	1069
249cbac6-98cf-4b7d-9913-de988515cc27	1426
249d151b-8351-4725-a04a-fe32a7c7365b	1071
24a14e53-feab-4091-85a6-bdcf327db808	1141
24a34375-982b-4f39-b7ac-1aafb0b27dfc	1070
24a78850-51f8-4273-a912-2f0528a06316	1464
24a8ad13-fbce-4756-b49c-06b8d8baf6a3	1126
24a9bb7f-08b0-4d3a-84f3-dc3a3f2c8d93	1134
24aa3226-411b-4c92-86f7-a12ad7a2fec3	1135
24acb802-ee14-419f-ad90-46e63f078064	1102
24b4c22b-04e0-4bf0-9e82-2941e3a47c0a	1146
24b68110-e079-4fc6-afcb-20af894a76ba	1074
24b6a6e9-007d-49c1-811c-f4e41c1de5a1	1043
24b6b761-94eb-433b-881b-b36efe27bf23	1133
24b8cf04-0e09-444e-8a93-26cf37ba7fcf	1137
24ba7b2f-468d-4aa6-aee2-c8ce26951035	1116
24bc2f8b-f1ee-4449-bb33-346f955caa3b	1068
24c177c1-abe3-4a95-862c-1376e1561866	1127
24c3a3fd-4481-469b-a5cd-20d40639c3bc	1074
24c98fce-1961-47fe-8afe-43654eef9aa4	1131
24cb6f0e-24de-44b9-937e-c3596ef9931c	1068
24cb7f8b-d412-4401-b1e1-48a38d053c0d	1136
24cc4895-2fe7-4b16-ba1f-1aacbbbf6aaa	1069
24d44d81-6e78-4268-a8ba-e4eade9467b5	1142
24d8615a-085a-4b6c-aade-625e6d496bbf	1133
24dd4719-084d-4c16-83bc-a6ef979a801e	1137
24dd543c-0045-4d6c-97e2-7fd68dc58560	1154
24e04e89-5d6c-4713-bbc5-0185ee5c566d	1126
24e06ca5-48be-45db-9406-cd1f309cba56	1106
24e339a4-64db-4f31-91c8-dff9a1dd5f0d	1075
24e972a2-afae-476d-a689-5ecf05f96a88	1075
24ee7e11-abbd-4683-87a2-f5f4589b1615	1150
24f3c016-54bd-4af5-9330-3680f6138aaa	1139
24f437d7-4038-4dce-934e-de159c5916b5	1137
24f43ea6-df31-44d6-9974-b5a6ded22341	1126
24f6365d-3e95-4bfd-a1d1-d7910ad61877	1142
24f6af92-8def-4325-bba7-781758086203	1070
24f827f6-2574-4122-afe7-ce3597a67dc4	1077
24fe552b-79f9-41d4-90b0-13d19f2f8f66	1139
24fe6f2c-4f59-48ea-9d72-cf241b0d394c	1082
2502e17e-1c02-439e-96b8-660a50659cbe	1066
2505ed6c-071b-4fda-b8a6-18157a7e3cc8	1117
250acecc-3025-4977-a724-7f6c65a923e9	1142
250c36a6-7b91-4c21-9b9a-3f09562fbcb2	1125
250e2979-9477-4e84-ac56-b1fff1a3bb22	2162
25163b79-1107-4489-b70e-7ffcb1f20445	1151
251950a0-7165-435a-9740-676514beced1	1112
251a5256-14d7-400a-bebd-deeb56fd0e2e	1088
252067c0-5309-4e75-9976-fc1ac1b4d57c	1063
2524af9c-cab0-437b-862f-a0f353b50414	1142
252a04bd-55a2-4122-8d65-0377ce1bc89e	1132
252d8f79-c883-438f-8c17-953e460d0c73	1132
252db284-a48a-4896-99d5-9009da52a20e	1155
25365f2a-22ea-42ad-959c-84e5f060b92e	1140
25367bfd-c1f4-4e2d-9dcd-c0f681d428ec	1137
25372056-d879-4c78-83f4-6996634f9cde	1128
25396acb-dd52-4fc7-9957-5c4ccd37c4b5	1131
2543878c-6e00-479e-b743-8c43100504a9	1149
2546b8cf-d6df-4341-b253-1945d219afde	1165
25470b30-f90a-4b73-91f8-8efdc8c27088	1140
254f0418-dd0b-4dcb-9c89-860e1f6b5e22	1049
25510d78-9af8-459f-ae29-a757bbbe332e	1082
25530a1e-2ed5-4a4d-8f43-02fdd9ca9938	1128
25531f53-366a-41f1-b5e1-51ea665f11f4	800
25538bfe-2591-414a-9f36-b43e9c937527	1136
2553c1ed-033e-4b1a-a08f-2cc2c9979be1	1136
2555ae91-828c-4096-9f47-6ff3d536d52c	1137
255b697f-aeac-447e-98ba-e417aa119ed3	1151
255b9318-ee36-410d-9e11-5a27c7b7d0be	1133
255bb479-0943-4408-b095-618822090d2e	1067
25602639-a76a-4366-80e6-d3cef7dcb9d7	2005
2560f97e-08cd-4d3f-bf11-6f49a20a31b7	1125
25638519-345a-4d14-92be-94f3260d3a8c	1213
256411e6-bebd-42bc-9b4a-6ddca388eaac	1088
2564ef47-3702-4ba0-bcf1-c2ce5e727e73	1133
2566fd81-0941-4454-8bf8-7af805cbbd27	1135
256e4838-5d0f-4976-a727-36a36bd0c350	1130
256e9116-d08a-43ce-82ab-4c76ae7d0e0d	1129
25751f6c-7bf5-4d4b-96b2-d9d2c03b4871	1917
25766c11-7998-4d8c-a8c8-5371b7401d87	1072
25787539-cac3-44af-aab4-3ff5f04f0e4e	1134
257b46cd-a21b-47da-b0b3-8049d83628e3	1754
257e20a2-064c-403c-9e1d-f98c514a98cc	959
257e7d0a-8f1e-4016-9fc5-4833c8887d63	1130
257f690e-067a-49b5-a218-50bda19c3956	1068
25814ace-d145-4515-8997-3829adff9137	1077
2584e8be-455f-424d-9c12-4bf7ea89fc39	1144
2585e92a-568d-43a9-86bc-f6ffaf0c7066	1138
25862bde-0a7d-40c7-b956-79c59ca16eab	1082
2587a6ff-54a9-4112-b611-ede00c5a12e5	1131
258bcb2f-237b-4d58-8bf1-1d10bfcf7350	1074
258e7d30-a6cf-43cb-bd26-6f9513f9aa73	1159
259371c8-893d-4866-bca3-58f52e393f7c	1102
2596d6f4-fcf2-462b-9ae8-98f0d105c32c	1074
25978cd7-5102-40fb-ab98-ce8cfa7a9413	1124
259b3282-d115-40f2-a12b-155b482dd955	1141
259c4e4f-39c8-4639-bfc2-e4a1812a04a8	1135
25a1a25f-8c19-418c-9bbf-b21a61a46d5e	1136
25a657e1-e515-43bf-83d6-54b48c84c9e5	1136
25a694db-25f2-41ef-a217-ef5766126da1	1124
25b3424d-0940-484e-b2b5-d1674177a9c4	1105
25b36c6f-be36-47ae-bd20-a71a35750aad	1072
25b39c14-64f4-4605-93fb-4c63d72dad5a	1130
25b611ea-980f-470f-8ae7-6732ae9ec919	1074
25b7b4ec-2dc1-4a09-aeae-33d5366845da	1138
25b817e6-7089-40cb-ac7e-309ce13dd928	1131
25c0297f-be22-4c41-b386-1c5122d5b341	1075
25c1eb7e-091f-4756-ab6b-04925282ac6c	1072
25c28d61-6113-4700-aeb8-58c2a057c6c1	1081
25c4e0bf-f980-4532-ab92-4a632b146281	1065
25c6ce11-5048-468d-bae4-a146434efb30	1082
25c8cbfd-7b45-4304-aa6c-b085c0e39c37	1118
25cb4674-3346-48e2-bca6-0f3c9eb10d35	1027
25d26c53-96c6-4048-bc12-23e612db5f29	1123
25d4929f-c781-43d0-8201-5adcdd25785d	1097
25dc79f2-1717-4ecb-84b8-7339078ece78	1137
25dcb772-6cef-43b4-870a-355b024236db	1080
25ddf284-ab89-4cb7-a545-0e4bc05d1c02	1082
25df526d-ebbb-4038-a32a-1b131979e3dc	1156
25df9291-e52e-4db4-81e7-4ca264b3e354	705
25df9f4b-2093-41a5-91d0-bc2bfdd490b8	1078
25e3ef0e-7ec8-40e1-82c4-42092dc9fb2d	1506
25e70573-28cd-4371-95e2-07e1f911f845	1072
25ec1481-a929-44ae-aa91-c3a8ce569812	1893
25f27cc1-6458-43c2-a5eb-e3f3f3aa179d	1135
25f61da1-82df-4b12-98e1-b3c89232d3d4	1069
25fa27e2-31c0-4885-9f04-fdd1808fa444	1131
25fa5d6d-9e71-4fe6-b762-e9f6ce741746	1079
26092d3e-b8ff-47a2-907c-dcdf6148ef95	712
260980d1-4d2e-4325-9231-41f7c3bd15e0	1127
2609e97e-3c76-469c-8343-c803ad5c3b17	1070
260b7473-4a7c-4a3a-8b61-862db820b453	1090
260b9c9c-1ae2-463f-80a6-6b7ec7e13fec	1127
260f4d02-fdd7-4199-96dd-ebbf2fc23441	1140
2610ecf5-a47d-49df-9d97-a6cfad9713f1	1074
2611e4be-66b4-402f-8ff0-4fcf97e71390	1069
2614b186-dc75-497f-b973-fe29e45701b3	1077
2615460e-5023-4796-80c6-22331d7feedb	1132
2617f22a-e5f3-44aa-8135-5eb2522e4f85	1134
261e28f7-9316-4798-a859-310692eadd16	1067
26222294-4373-4af3-aa3a-a6214cd8d648	1137
26239dd9-7655-4947-88ac-1eecf7f587af	1077
2623b4c1-5618-4527-b8cc-2fccaba30bad	1137
2625d9bc-2317-4307-900b-7660fa7bc5fb	1072
2628a0ed-bf9a-4894-a169-51aee65e8494	1077
262baef2-c886-44db-b1f4-3c7ec0f7161d	1136
2633560d-b1f0-4ad5-8c6a-574183a12c26	1053
2633aeef-9f0c-4436-afaf-a55194250b72	1143
26347822-9751-418e-85dd-fa214f102a69	1123
2635fdd9-ebe8-4b1a-bc70-ecf8a397f08a	1127
2641ff28-93d8-4921-97bd-eee1f5dfe793	1126
2642794c-2984-4e8a-94bb-9bd3453353db	3008
26428f32-0a3e-4c40-96e9-fa22b85ba38f	1153
264885d9-d280-4792-8d74-d2951ae799ff	1134
264bb44c-2a0d-4fa0-9c16-edc0f39984ae	1294
26520512-bc8b-4cfa-afb8-6a9b58798b76	1082
2653c1fc-0bd5-4a7b-ba77-4bf898dc469b	1086
2654e42e-c4d3-4c6b-bdd1-114bcff8149d	1074
2659768f-248c-407e-a64a-c696f82f10f8	1133
265e1aca-8692-43bd-8f76-44138442675b	1139
2668b224-b51b-4a82-8b34-d8cf7c628e4c	1071
266c7c16-66ee-4f0c-b3d4-92f1fb2cde58	1993
266e8363-c00a-487c-9fb2-031192162aef	1109
2675558e-b6de-45e2-9842-b7f987862c57	1068
2675c170-e6b9-4ac9-b2d9-e5691095c845	1081
2676b291-118d-431a-8f1b-cbd626426661	1145
26823db9-8795-4dd8-a0e2-a686725f48d5	1148
2687768e-84da-474e-b5a2-f7fae1096152	1067
26894ccf-97f4-4b65-9926-ec72c4d7aad2	1150
268be5b0-56c5-4fe1-8d31-5b897907f205	1134
268e27cf-946b-48bb-83cc-77be826a5c59	1124
2695a765-5aeb-453b-8149-8df842a6dd12	1887
26973577-aebd-407f-af7a-08d20a579ee9	1133
2699493e-bae3-4752-95ec-fca020717cef	1133
269d4607-4d98-4eeb-8cbb-3b554b138e7a	1090
26a12cd9-b274-4235-af2f-2456a9a74cc9	1073
26a3d8fa-d77e-45a3-921e-74f627955af5	1143
26a659b3-6455-4c6c-af48-878d912d8b28	1071
26a80842-1c82-4933-b3b7-155928164acd	1092
26aba2e7-713d-4c57-b73a-4498324aeaf2	1934
26b13221-e8ab-4ec2-baec-c9d474cc31e6	1068
26b1f7dd-25d8-489d-b161-1d8268c86aea	1135
26b96e7b-e8ee-4e7a-b65f-d549c9838952	1146
26ba2898-c95c-42de-b7ae-21b480daccef	1136
26bf89ba-e68c-423d-855e-1d29baa30e36	1087
26c25530-0f9e-4d9d-9b70-37308c4ef261	1131
26c3cc28-2b41-41df-b5e2-9bd1a6dfd59c	1096
26c3f935-089b-4334-878b-bec2d58749cd	1145
26c6c61b-aace-416e-97b6-f6a0e09730f5	1074
26c82236-2c0b-4b13-889f-f09f991c4922	1134
26cacecd-cde9-41f6-a9e3-5c9c4f4ee15a	1069
26cbf339-3a05-4bab-8f91-5036bbd3ca96	1147
26cf1e1b-0daf-4ca1-b1c3-0f5cd0e2b6e6	1099
26d71bee-cc1b-4b18-9f29-10404094073a	1138
26dcf7dc-f6fb-47bd-8a81-dbf76ffa4931	1134
26dd07bc-2986-4f22-bf6c-926bd4a74857	1137
26e2fa45-f8c0-4ee8-9eed-433c7e28eb32	1145
26e3e6af-b749-499b-86bc-d456a127e04c	1077
26e5f335-575a-47c9-8a4a-1b49383e083c	1135
26e6d0be-dec5-499c-a18b-8a8b5eca8192	2022
26e86097-e438-4690-b753-9340f3ad2d4a	2140
26e8e335-3c83-43c5-b1b5-7a28565cdf11	1074
26ea2b00-f66f-44ce-b751-2ea7c2afc22b	1094
26ea836c-4d2c-410b-82c6-f39da3c49b02	1083
26ef4a69-4b70-4b1f-ad27-760e1ef66b47	1076
26f4e10c-2c76-4d0e-9c99-ae64c4fabffc	1137
26f5e26c-7dec-4920-95fc-bf93f1915fdf	1116
26fa4487-9589-4a7a-8849-f5d1e5877a9b	1026
26fcc1bd-5cbf-40de-a0c8-5742e1b95b50	1135
26fd5ce5-ab59-4819-9015-12285e4c152b	1076
26fdaa99-ad81-4e77-95b3-d3e14c59b6c9	1138
27013a98-554a-4862-a454-e403fe1b07bd	1077
2702349d-9277-4d85-bfbc-5c412e40d08e	1082
2705b56b-1ea4-49e2-afd6-b53b9512d7d4	1070
2706e9ee-9b15-49b2-92bc-8971032203b0	1069
270759e3-dcdf-4d73-9d63-8c3c0a8b0917	1060
2709a82c-515b-4b6b-b3d0-02e950a0473d	1133
270a1ef4-b11b-4489-8aa3-ad8464d72bfc	1074
270a668c-9510-42ac-b715-6b5a6bd65a20	1132
27170d9c-d916-446a-a755-f808be3eedc8	1155
2717a17d-2128-46ba-90b8-39d748d5c07e	1132
271ac96c-44f5-4953-b47c-4b7bbd1124fb	1137
272251bc-f870-4a3f-8b57-a70e9518e5d0	1067
2725bd9b-1ef5-42e7-8060-6568413c1c10	1155
272d0886-b6c6-4523-a5a4-26373a06d15e	1073
2737b5fb-435f-439e-9fc4-8e10613a40f0	1074
27393790-07dc-4e3e-9fed-9ab1439469bb	1069
273c8919-878c-4e16-bed0-f0002502708c	1088
273ee664-6d33-4374-8db8-850397a2d352	1124
27473945-3cbc-49d3-9673-3375ce96ce35	1131
274e8e14-36e3-4567-a146-e783c6ac5578	1133
274f0475-2dff-40a4-b2c6-d33e1a068a5c	1068
275070cd-102a-41be-aefd-add5307150b0	1142
2751438f-3b2c-49b4-8621-8da9d539002a	1135
2753d9c5-92d6-40b6-be0a-371dc49d81b8	1076
275dcecb-b117-4dfb-a758-668ab232ed70	1131
2769d13f-396f-459d-a52d-5e0cdbe3e9de	1097
276f37e2-e853-4a5e-9556-b334301a284a	1101
2771fb8c-23ff-465c-b772-f0231802568c	1129
27730897-4479-4a39-9aa2-3209273465d9	1137
2777c1a3-0b6b-4d37-ae71-b1160d4ae23b	1134
277b1549-843f-4e99-b8a3-9266ba06840f	1140
2783a2f8-3635-432b-8fdf-8edd78bb3be0	1075
278a9f20-1b07-4c6b-8548-668752798d4b	1077
278ac80f-676f-40be-a450-3adc92cb82f3	1077
279351fb-a8a5-48f4-8e6f-a207082df752	1076
27962a3d-06da-4a07-ab67-cc75262f6c7f	1063
27999a55-ca75-4f96-9410-8c52e315ee39	1133
279ab936-8bd7-443f-b84d-e1d609bbba1c	1130
279dcc75-3823-455a-8059-1addf6249918	1078
27a42ac1-3cf8-4340-8216-f99e54b9b3bd	1071
27ab13eb-15a1-4d95-8cf7-727f1aa25893	1132
27ac7da3-5a62-4aee-b20b-e75d1fed9b45	1134
27adcfd1-7ad7-4512-8ee6-c7e71e7ad676	1139
27aed852-3466-47fa-9d48-27c15ec4cf14	1139
27b169d2-5813-4948-b33a-824c99713c93	652
27b6d279-4015-49a6-be47-25da1dd43a31	1137
27bd3026-541f-4d0c-a872-6764466fd31b	2106
27c042c4-4f39-4b96-9bd1-43e1d28c9fea	1134
27c3ce9e-6484-4fca-9ebd-847bbaa5f779	1152
27c56d61-7f1e-46bb-986a-0ae585c8878e	1069
27c86236-290b-4d90-8a94-80d0d064598a	1149
27c9025e-f2b6-4f1a-991b-4d48ad2ab5fc	1073
27c94ea1-77c9-476d-a50c-7cecc5a1e84b	1883
27cab509-8393-4afc-9571-7f2e81ad3d51	1120
27cdd14a-bac4-4683-bb92-52f66011d266	1079
27d56a80-ef8c-4f9d-a3d4-7dd138cb83d7	1076
27dcb881-c8b2-47d8-a144-f80cec58c0b6	1077
27e342b6-fe56-454b-9db0-c8c8432bae72	1135
27e94a5e-e92e-43ca-816d-c52a7e0b83e6	1140
27ead50f-9ab9-48cd-bd16-570c47ecea36	1132
27ebc96a-727b-4ade-bd0d-5947f3eb20fa	2051
27ef53f8-c421-43ad-b330-ca1afeacdbbf	1143
27f01a72-a468-41a9-82e6-d9ae9c143456	1135
27f17f62-2f6f-4427-aa1e-a81dc8a80d53	1147
27f4e81f-fac5-4182-930c-ba67ce6826e7	1130
27fa457c-3e80-4140-8b00-122b803bba1a	1069
27fb3141-e316-4ecf-a03c-91c06f63c899	1075
2803fcee-980c-454d-bfbb-9c1098adc254	1071
28077bb0-9309-4e24-afa8-e1726fba8725	1128
2808beee-d6f4-4f17-a681-d2f77d22d172	1072
28090905-40c0-4cdf-9df6-fa28eb72d035	1079
280b90f7-ed67-4215-a0ff-f0da23e71577	1131
280f075b-bacd-41c8-a7e8-27abde81fdc9	1527
28128cfa-6557-4d39-b82e-12beb49e1647	1128
281bf64d-55a8-40b1-b500-d9a332f85c95	1071
281e3924-4ff3-4dad-9078-df763e15bf4e	1128
2822557c-8f74-4d91-b090-7faa5a79f9c0	1140
2823b33a-05cd-41c9-81ab-4734d81bd886	1175
282437f2-962c-4f20-a24f-2299e5d6d92a	1131
28253da5-ed8b-409a-bb9e-24a08474721d	1076
282e7b7e-5c0e-443f-b978-d520ca05daad	1128
283495d9-54c4-4340-934b-d25f32aef30c	1105
283b5749-6f94-461f-93d8-f8e74332afc2	1145
283b6dc0-819e-4653-bcad-9cc723788d82	1071
283b989c-54dc-4f95-8811-5c71834a7e24	1121
283bc971-88f3-4622-ad43-743779483502	1071
283e8567-243b-4653-b9b8-54f43afcfdf1	1136
284dab61-39f3-4315-91d3-16572ff720fd	1069
284ea69d-4be3-444d-9d0c-61dc8f099004	1063
28515c0d-4161-4757-a543-f2f990cd2e33	1129
28527024-6623-4f91-84ef-6473ff50830a	1132
2854530b-c0bf-41d9-a6d2-61526654861f	1089
28546feb-06b0-44cd-b261-b904e215ecb7	1122
28577a62-6756-4d6a-acad-7c02e14b24ef	1069
28587184-47a9-4006-869a-0aa86401cf39	1129
2858b741-5bed-4bcf-b90d-3794a3c84dce	1071
2858de1e-1860-4072-8668-de06f4c9558d	1080
285cabd8-64d6-4a20-a8ed-bfe7684706d8	2113
28614d62-6eb5-4007-a397-a43b1074f45a	1140
28680f1d-7023-4c51-97de-400dfb27e033	1135
28688706-567e-40c2-9093-f5e5d16d9ddf	1137
28692da4-ea11-4a1e-904a-5b8254ccce03	1077
286da227-7584-41eb-8599-3bb1e87026bc	1077
286ebab3-79ee-433c-9d3f-fc83ee7bcf52	1190
286f066f-b7d4-4fa1-821a-fd7d0aa92fac	1069
28714a3e-98ec-4a12-a74a-81d3ae364fcd	1085
28754143-68d0-4295-a129-5ddb58b1f204	1099
2879c4fc-0766-4cfd-91be-c6771acb96e0	1068
287c7c45-8765-4fd3-9e7f-7e384a3f95cb	1072
287ddf14-4084-436c-ac16-238d2d09c8d1	811
28800714-8013-44ba-80eb-bc4613f677c4	1097
2880c51b-e071-4927-83ca-ce25021cb154	1073
2884a2e2-7958-4a86-b4a6-e0451f7fb235	2143
28897d12-bef6-42ed-835e-5fe4f3c6edd1	1074
288a54ef-01f9-4e7a-9178-c9e16faed992	1140
288a8d0c-5e1b-4c20-b4b7-09f5d6aba9fa	1066
288f9b32-73e7-4b70-bc57-a334a3d08652	1075
2892bf42-9c34-40a0-9c48-a5aa4bfbb144	1129
289ddfc2-ad66-44d0-ae3b-9f81502daa1b	1072
28a3d113-5733-436c-a612-ac8bed2eb3a8	1115
28a6a945-565a-40a1-a453-f7a19d1cc6ae	1192
28a700ed-26b3-418a-a648-1d6d325c39c8	1139
28b5ac3a-e683-4db4-9616-b671b7afc05b	1151
28b7f344-16ec-4479-81b9-333ec9d422fd	1069
28b844cd-5737-4453-8e3a-9c33b90b179a	1140
28bd0e1d-2538-4d7a-bd4f-d7f2ac152503	1129
28c11736-769a-478f-a47c-a0e86d47cd84	1140
28c216d8-872a-42dd-bb75-2ff0381af21b	1142
28c57586-2298-4a05-9fd0-5bcddda0cacc	1121
28c986f0-c58b-4a80-99c9-c88cf2514ed7	1131
28cc37b3-16fa-4baa-9e43-130c9b084571	1074
28d049fa-2e02-4ded-bff5-62055cb8a08b	783
28d3fbb9-5944-466e-8d4a-be2780b27298	1111
28d5cee2-8fb9-413b-8cd9-77e7e303cdf0	1066
28d8b595-79e3-475b-8ffc-ec9c74577135	1130
28dc57f1-4eba-4929-9ca1-7d636e2abd54	2029
28dd6d1a-5208-45c3-b5e6-5ea77f8f5d4d	1124
28e4d746-fc92-4b4a-818c-a384f321a8b2	1135
28e8e942-4378-4f73-bdca-ef72e06e95f7	1140
28e91fd1-11cc-4060-b7a0-f0d185f991ed	416
28ef4d2f-2c81-4eeb-a34d-302e74525253	1130
28ef8b6f-8207-4eff-b429-a211dea0d37e	1139
28efa480-4470-42e6-8772-10a8752181b6	1135
28f2b870-0cb6-4e85-80b6-2f57e2e9b25d	2047
28fce8b3-6c6c-4ace-bf66-190765f2ad58	1136
28fd7eed-854d-44dc-a5bd-2c96565a4039	1014
28ff4ceb-6f87-48e5-a677-2e2d1339bc1c	1075
29060f3f-3a0a-4c6c-a999-896472960a3d	1088
290cc293-8ca0-4171-b75a-bab2032b1189	1155
29106d7d-422c-4afc-bfbc-abc1e486fa05	1077
2911aaef-faab-47fe-b46e-2041195e14e8	1142
291733fa-696e-4e5d-b0e2-f355187dedb3	1132
29187b88-0b17-4ee0-b2b4-47166e597e0c	1143
291a77fa-4524-4920-a17d-0a74f9168aef	1056
291d86e2-11d3-4d8c-810c-add4f09bcfc5	1070
291f5672-e24e-4a7f-bdae-e7aa8bf244f8	1071
292105fd-b9b5-434a-aa4a-5c7259899df5	1077
292777fe-336c-4478-ab68-8c3c9e88425d	1085
2928a15e-206c-494f-8ca3-5d92020fd5ed	970
2929a38a-561d-4b67-ba64-82ef71291778	1138
29331fd7-2e71-4ed3-9a61-4464133b4057	1132
29356d69-fca9-4c1f-83cd-4b7e7db3f890	1076
2935ea64-ad76-4c13-b8f8-b3746a88cbf4	1134
2936aeed-7f39-4a85-89f4-d78ec12420da	1136
293c0fcc-fb2c-4423-b0f3-51cc1af92f44	1505
2940c771-69a1-47c6-bd82-1beb5774bca5	1136
2942b557-74d1-4caf-aeea-e5699a895564	1079
2945e071-bdc4-42c5-a66e-b03f70ca7c9b	1097
2946701d-165d-4d41-86a9-64307f52e255	1087
29488b40-9a82-4100-be75-983991fdd9f6	1071
294cbba6-8081-4703-b14b-ed74f948efb0	1075
294dd34c-fb1b-407e-a4e4-a0a5c8c06365	1112
29513ce6-3998-4230-bea3-1b4c6da90739	1120
29581c72-9cbd-4a08-aba8-9ba50d99342b	1079
295ccedf-29b3-4c76-972d-98a6475b596b	1070
29649c66-dc6f-4cce-8190-bd3b248e2297	1150
296b354c-33dd-4d0e-8da0-c004384e8b42	1137
296deb75-6df2-4ced-88af-e7b1461fd3d4	1134
29701bec-828d-4850-8e5e-6b49d9c7a41f	1135
2970d3fe-8ae6-4418-90f3-090c038faa71	1132
29757c2a-fd32-450b-9f4b-db455daa1193	1135
2976d3d4-7b2d-42c7-b342-3ab1f0e2e9e5	1142
297bf859-1c93-44bd-860c-ec99ae95e6b8	1171
29822535-29d2-4317-9fb9-c63354e31652	1078
298467b9-cd7d-45c6-be53-583c1dff9378	1087
2986f22e-4c4a-44a9-94a6-dfbf87096433	1073
2987265e-3bed-4015-a10c-5d0f829c1a5c	1149
2988b2bc-21dc-4fe6-aada-ac9de828e24a	1070
298cd449-c97e-4938-bc32-7f90f021d46e	1132
299deba8-03f6-40ec-9d6b-4e76c6dc38be	1129
299e8c00-9688-4178-8cf4-c02993e700c5	1067
29a3aa53-371d-43ee-939e-bd5964cffbb1	1137
29a6bd9d-adde-47d2-8a8e-9f6a7b4adacc	1140
29a75859-5632-4c43-b3f2-69eaeb53bd0e	1097
29a82075-3e8b-41bc-ba07-1dc964cc0b73	1138
29ac0246-4c9b-4c67-b065-6fe447f219c8	1080
29add607-52a3-42d9-b4e9-30239fe2355d	1836
29b06c9f-f249-4bb7-996d-87ccaa25ff9b	1081
29b1449e-5bbe-4e5a-aa1d-e8bfdac247d8	1076
29b3766d-2bdc-47ec-98df-65f5f8397d9a	1091
29b3f9c4-5624-40cb-b07e-169f02947b98	1138
29b4806d-2e27-476e-bf37-773aa29cbcce	1136
29b5cf74-56d1-4375-b362-056905d4b781	1079
29b9114d-aad2-4dcc-8b6a-688de59d2835	1140
29b93710-58b6-4737-9adb-c643f84aafd1	1131
29b9e078-7df1-499b-a1bb-bfe1dd54c681	1139
29bbac50-d385-4225-8cf8-70eb87c2795b	1149
29bbeaa9-12e6-4655-9a1f-d4e2ad6f106a	1077
29bf0e9d-afa1-4343-8b3d-18318bbd4bcf	1079
29c277d6-4bcb-4881-a0a9-b9e528f86576	1121
29c3e94a-304a-497d-9151-509bc43ea27a	1137
29cc2ff1-a183-4259-ab81-d2c7dfeedf13	1070
29d18acf-5cb5-4bf1-82a9-25e41d55044b	1133
29d253f1-cc59-47f9-be76-33a4b7594e5f	1071
29d566fc-9b06-4ba7-98c0-9054c78d0828	1090
29d72f2e-668c-42b8-920b-8beb9ee3ba03	1154
29e4733c-744a-4462-9524-e38bc1b40b5c	1109
29e4b6e1-0b5d-48eb-b0da-a6f62b8baf3f	1121
29e9a387-529a-4c9d-9eb0-cf1dea6966bb	1148
29ec1ada-b263-43b5-8dfc-fb55f7edae03	1080
29ed588d-0796-4924-9e02-e3bcea85329b	1077
29f12d65-b308-438c-b543-3818f83f3e5f	1072
29f7ba78-2485-419c-b250-d1c0c4726f13	1078
29f822c1-290e-4bc3-86cf-c082489f0853	1128
29f94045-f21d-434a-8ba0-1523e3416de7	1060
29fdeaa5-db1f-4612-a8cb-cdc1e13442a5	1139
2a01e3af-e26e-4498-9b93-9c2a4c79ff8d	1105
2a06e38b-2189-4aea-ba24-847ba548eb4c	1076
2a0b7de9-f8b1-466d-aa36-489d4cf238f1	1136
2a0e042d-1d01-4a87-8919-6d9818f08c35	1090
2a0eef33-64eb-4aaf-ac1f-c9894b6ee4ab	1134
2a1381dc-5ab8-4b9e-bbb0-efc62bf394a9	1067
2a1e5a12-3000-45ee-864b-aed8c2f7fd8e	1133
2a24fde8-61c3-47a2-a302-a60465787710	1076
2a28f381-3b29-4e4b-86e6-e39e3e7630fe	1072
2a294504-747c-4b86-a081-ab672de99a7a	1133
2a2a1d86-92b2-4ec3-baf3-7106adcdb8ca	1158
2a2d6384-8a68-48a0-b2fb-6dfef2e0bdf2	1073
2a3687f1-5ab9-407c-bc60-29ee16b87d17	1141
2a36ef27-f87b-417f-b602-390607a60a68	1086
2a382efa-2007-4368-a577-f32ac50dfb93	1158
2a3f039b-3c66-44c8-8898-228b97dac794	1132
2a41ba19-cbda-416f-8ab0-a683ddaca15c	1079
2a442d97-97e3-4d2c-8dc6-2ddaa229e34b	1070
2a453a2f-a2d1-467c-af58-f04b788f8e58	2224
2a458af1-f574-453f-9954-ccb5939a4a71	1137
2a4a37c1-b9ee-40d7-8fe4-fe8c642d5256	1146
2a4f177e-814d-41d3-8c61-9cc817377206	1143
2a4f201b-68ec-4073-8f33-bedd9695b7b0	1068
2a597948-725d-4622-a270-116ae8d1721f	1062
2a5a17e7-9daf-48ee-9b8b-47479437a288	1073
2a5da899-fcb6-4716-ab58-a90c40a75b0c	1136
2a5e3cdb-83e8-4a39-86b2-96d42a770b7b	1088
2a5e422a-4c3e-47ba-94df-358f2e28a3f8	1056
2a5fb74c-28f7-4210-9b23-5bebf777a88c	1079
2a619e74-c88c-40ce-85f0-2d6185f276aa	1073
2a61b4e4-4afb-471c-a537-ac0c7fe85ec8	1106
2a6326a7-08b3-4e09-93f1-ebcb8f3311cb	1063
2a655f44-4d92-414b-97fa-dea8e30fcfe8	1067
2a65e0c4-e7ba-4f3c-9238-dc1fe0dd38a8	1075
2a667b20-dace-43ca-99d3-ba00ae9d4c64	1136
2a66b30b-d88a-4f1b-8a63-6cbd01853c8d	1161
2a69af0a-eedd-4dc3-a566-135691ff1ad3	1079
2a6e4f8a-2cc1-40a0-ad42-4c98a6513164	1127
2a75c0cb-893e-4d1f-a070-c68b34bc9480	1149
2a7689c4-668c-4e58-b7c1-dfd0f1fd2b51	1070
2a76cc7d-10b4-417e-ad62-cb9a6751d537	1069
2a778e38-bbb4-427f-bc5d-cdf5bf9f5dd7	1132
2a77d66e-e088-48a1-8d7e-1f3309094210	1156
2a7ec9a2-cb98-42ca-af58-dbcc89b2107b	1129
2a8003e0-e12d-42a1-9d1b-faedbcfeca12	1147
2a85640c-c3e3-4020-ba4c-9b5ca24f498a	1138
2a8a0a64-9857-4d03-90c6-670f21b885d3	1158
2a8dbec5-f419-4312-95c9-380e7b49d2e9	1071
2a910868-c3c2-4971-aa64-dde4c27ea76e	1065
2a92a7e5-0ae7-486c-9631-d6e9db165c81	1140
2a93abf5-1964-44d4-ac64-6480175967ce	1138
2a966ce5-b849-4fed-81c3-65f72d2b945d	1137
2a99c9b2-430f-47a9-87fc-132397600740	1116
2a9a851a-31ea-4c39-abbf-267719ea54d3	1154
2a9b4a60-19d6-4ad0-a4dd-0dcfec0f1d1b	1096
2a9bc10b-e44d-42be-8311-c00737fbb77a	1080
2a9c5c4d-c438-48b8-a092-0b91e7e5eede	1134
2aa0067b-f4f5-4d66-a046-3cae8892fd65	1127
2aa2c768-dbd4-4bdf-93b2-54bbab8c4ad0	1151
2aadd48a-0ca1-45dd-9c19-e3d86d0ac3d8	1120
2ab16ce0-110a-406a-be12-fb67735fe271	1063
2ab343f5-34a1-4d32-997f-9130027495c2	1076
2aba46aa-1ec3-4912-9a37-d1d0c7032298	1117
2aba56b0-9b6c-44ab-92ed-3105119081a6	1077
2abccd34-b2c9-43c3-93a4-8c15c73e7edb	1097
2abd065d-cbfa-47d4-990d-4c14745af316	1125
2abeca7b-e217-406d-8409-9f8c00c25b91	1061
2ac2c400-5e8c-41c2-aed4-5357293eefea	1128
2acb306a-5e08-47ad-8e60-0a130568230c	1131
2acfe3e9-8cf9-46af-9e92-d07b67210edb	1127
2ad51568-b2b1-492d-aa22-d81d5968831d	1129
2ad9ffb4-1e02-4d0a-b75c-7c81a6ced3fb	1166
2adab226-1c32-461d-9b8b-594d096b7c6f	1125
2add2b15-49e1-4d10-b6cd-13be1aaff0d1	1058
2ae051d6-20c5-4c2e-9011-d41ad515ecb9	1131
2ae0fda3-1426-471c-adec-eaa2baa3dbb2	1124
2ae8cff7-96d8-4d7c-8668-e6f003dd6e3d	1077
2aeb959a-a950-4ede-b8ae-197b226b8bf1	1142
2aee6bfc-4808-4d11-8115-299e096dadf7	1069
2aeed8d4-f9cb-492e-a273-34e6e48d4f49	1133
2af21b81-5735-4551-ac66-947a73f030a8	1076
2af25033-722c-4ebc-89f0-0827d8e8f678	1114
2af51cbd-f0be-4074-9610-fc8b320877a6	1134
2af57b92-a4b9-458e-b8ac-914502b9180f	1241
2af5cb71-9123-4d32-a2ab-c0ccf9959fb9	1136
2afc7ef2-2d8d-4694-87cf-9ac90fa26813	1063
2b06c718-a616-42db-b3f6-8d096db941fe	1133
2b0be3d6-733f-4f8a-bcd6-e3c2a9d2c782	491
2b105015-f8ef-4171-99b5-e76f652b407a	2079
2b13a221-bf2e-46c6-984d-5603a8e61bc9	1130
2b167171-a8b3-4cf8-84ef-e03bf653977e	1137
2b1cf2a7-9b66-4492-b5f7-3861f477ddcb	1062
2b25ad25-924c-4aad-8719-c311878d2216	1139
2b2820fd-c5f5-4a10-bdde-4d4066488894	1136
2b29bca6-b9b0-453f-88db-3eabd1951de6	1947
2b2d3935-8c20-4d0a-8ee1-f9128d14e843	1142
2b2fa686-cb0c-4b7a-a973-d014aa737330	1073
2b342f08-5686-4be4-84a9-e2936a371c3c	1042
2b34d081-7d49-403a-a2e4-ba6b73e06bb7	1078
2b38868f-87da-49e2-9fa7-105681631e7d	1099
2b3c5c3e-682f-4ad5-9072-dbd41edea97b	1861
2b3c83f5-c13a-4cd6-8080-facf959793c0	1082
2b3ce2bd-d0ed-4b67-a12d-5cce09c458e7	970
2b3e7351-b198-4528-9cfc-69dc53d7d86a	1058
2b414f7c-7eeb-4689-95c8-27631984e551	1136
2b45b612-01b0-4ee1-aeeb-d52af36a3f43	2579
2b4a4e52-6299-43f3-bbda-9b174e6b3eee	1129
2b4a5b94-b0d4-49e4-9d17-b2c4a3cd7930	1086
2b4abe44-7e0a-4de6-835f-09c3ea88f7ba	1133
2b4bc305-4235-4126-84f6-b74db66c3b6c	1136
2b4dbdf5-ea30-4fce-a1cd-1dbe85506998	1140
2b51f08e-84b5-4400-86cc-19f3856555c3	1132
2b52eac8-eed0-4251-8649-b09edff9f1b0	1132
2b5486b8-abb1-4b73-8661-22e8d6b62fe4	1130
2b5a866f-6d5a-4fe0-bc55-9dae8e956787	1060
2b60264a-5653-4667-bd77-869410ef1b34	1140
2b602b36-789f-43ed-a25e-8580e81e8eb6	1086
2b65887c-8d02-4f7e-941a-b8276617237c	1122
2b6a76e9-b7d3-4b08-9d1d-cc572d906982	1079
2b6b1b07-9a2a-4b70-b6e9-3f8e474b4667	1066
2b767ec1-472f-4918-b278-0c5aac5db37a	1067
2b7a0163-eb28-4c2d-997e-252ac90d4191	1135
2b7cd64d-ee5e-4ece-9e60-222fe8051d8a	1057
2b80c1a8-ffaf-4de4-ac53-b1986378c06e	1147
2b813222-5345-4627-ae3e-03f42ed78399	1092
2b813e9d-7d1d-4c8d-8923-702d749f88fe	651
2b81d21c-3b1e-4b11-a6a6-04040199591a	1133
2b8eb3c0-1ee7-4467-9c0c-2e29a8f8bb8d	1123
2b90eb3c-694e-49c7-8c9b-97ced40484d6	1120
2b96fce0-1e6b-41a4-bda9-79a7471ad308	1130
2b97fade-def1-4cbc-81c3-2bb0468e8002	1137
2b9a5db1-b166-4850-879c-91385b5fcf0c	1133
2b9b4a3e-68e7-4141-9d66-bc0305e30ecb	1127
2b9e6254-bcc3-4ca5-b1d3-e1c7b3ec23eb	1087
2b9ef6e5-657f-4ec7-a9c5-32bb9a5ba5cb	1136
2ba2c75e-afcf-4ba1-8011-8b7f6dabc178	1204
2ba3fec8-8b09-4d30-a807-95531651a7d2	1130
2ba4f533-269f-449e-bb47-b0a0bbf5ed6e	1134
2babb229-5633-4fd5-b3b3-a8ad73d0e34f	1529
2bae4520-ca4c-4f42-a076-5ca81185ecda	1065
2bb32694-2695-4740-badd-59a12a959b33	1052
2bb342d8-9149-480e-853b-7a7e0f3350de	1072
2bbad798-bd28-4d9d-9d7e-bf493dabad35	1086
2bbe8ab8-a6eb-4446-871b-9c23c9f21b3e	1076
2bc2d03d-a813-4805-b484-9af02202366c	1136
2bc2f05f-0557-4ab4-992b-312e311e8014	1075
2bc51a95-8198-4818-b69c-9a023997248c	1141
2bc55207-cadb-4e69-95f8-3446842adb99	1124
2bc85538-eff0-498c-b232-96a2fcd8e899	1133
2bcd5bb5-c94e-4c36-ab05-dfc3bc10b60a	1112
2bcef749-4503-45de-88f8-ccdca45f594d	1966
2bd154d5-d6f6-4867-8964-26f346469939	1139
2bdd12ab-8bb5-49ff-a0cc-565b91da8d3d	1117
2bde97c5-009b-40e2-a47a-836b8a3b41fc	1146
2be8aece-7770-43e9-bf31-ff6170796ac4	1113
2bed6ac3-47cf-4b72-a2aa-8856a38eba8b	1128
2bef16d9-89d5-4630-81eb-30b90bdf91a0	1133
2befe7c0-76c8-4768-a0b3-a0393b7838c2	1206
2bf03f32-3c19-4291-a0ff-04c4887d4665	1148
2bf403b5-e751-4f11-8b9a-db246d07e54b	1135
2bfafd58-8f15-4773-ad55-71e15b271820	1070
2bfcfb6c-bc97-406f-83f8-bea364a72e7a	1071
2bfd85da-9883-4b7b-b975-bee148988a01	1116
2c026325-7e17-4dc7-addb-4cb4c5bba54a	1140
2c042c81-220a-4bb3-9933-58ec28436e68	1137
2c0482b2-2105-46e8-aca3-5f85851189e7	1092
2c091252-65df-4302-86bf-4addff43c435	1139
2c1235b3-1e41-4388-ba23-07ac4164af93	1065
2c129b6c-d010-47fc-b271-6fe00d9da8c8	1145
2c144a12-7276-4ffe-a10a-be668c3bce82	1075
2c1ad352-9e08-4052-a102-9cbe6a476097	1148
2c1d40c9-cc3e-4ef2-89cc-dec72a683342	1129
2c20001e-ab72-4fda-95ac-bee44402c34a	1135
2c2125d1-dd5c-4365-b965-7ffa8e08750a	1120
2c269e15-d70e-452a-9bda-9ce6c55a3d50	1084
2c2c02e5-f4cc-495d-9950-76bbf98d154e	1074
2c2d97bf-5a3c-43b9-8995-410eb788d0bb	1529
2c2da064-0c8f-4184-8e27-5325e7dbd1ee	1135
2c370a28-ac33-4567-880e-b6a9b4a9ee06	1087
2c3859c2-44ff-4b45-b55c-470b3464d854	645
2c39a95f-70dd-43b6-b911-2f250a021af7	1062
2c3a8e93-6e92-4bef-b982-5d0a02ee5eff	1072
2c47e66d-6d97-4c42-a05a-943334c229e4	1487
2c4c6f99-f6fb-4a56-ac18-55cb9c0efd91	1074
2c4dd752-5775-477d-ad65-e40ade4cb5a7	1112
2c4ecdb9-76df-4b95-b3ef-173455dfd104	1123
2c5372e5-2883-4048-9f79-d62170c4f22d	1166
2c5cb3c2-d476-4f78-960f-ed84fafd9734	1128
2c5f4d19-db68-41a8-9362-f7ec29b12f62	1076
2c61af2a-859c-4527-9367-8009e25ff3e7	1083
2c61b281-f08f-4628-9c66-9abbcc8b4858	1071
2c6355a1-4a06-4b31-931d-f8eb804afdc4	1120
2c641542-6f48-4cd5-82af-9fbf0b287dd1	1069
2c64bc39-365e-4380-8353-454f146eef7a	1087
2c68a2dc-d1fe-43ce-a287-da91cc1e53ce	1119
2c6af05b-c6f7-4426-bb85-1094d7313b61	1080
2c6cebaa-004b-4818-be5d-e6312f7edbb2	1073
2c7420de-0fae-4bb5-8563-8270686b7080	1500
2c794af8-04fb-46f8-b885-83592d7bdb93	1049
2c7b419e-bca9-4275-bc3c-e40afaaf25df	1085
2c7e1f50-7786-4a88-867a-014621ad9837	1076
2c7e8e1b-ed00-473e-86c5-6c75da895b1c	1089
2c85af6f-10be-456e-a934-f9255282b328	1131
2c860a80-1651-4afd-8bf3-f1f2b1974434	1106
2c87c2ef-8a04-4a4e-8705-321e70a3f43a	1150
2c8902b3-ad6e-4d19-9b43-6a75414d3908	1154
2c8a9344-bc9e-438b-8063-ec9e10124b4b	1128
2c90caca-38f0-4216-a4de-cafde4065bf9	1071
2c954634-960b-4e1a-8a93-b83c2b94b45f	1132
2c95ac83-e71f-4b7a-af2a-a2e3a8b0145b	1087
2c9a8301-22b0-4af4-8ec0-7cae73064985	1143
2c9b5780-6669-4a07-84d6-114092a9716a	1067
2c9d3376-88e2-49b2-97d4-5e14e7e72cd6	1033
2ca2c130-48d6-4c42-8935-e24de504a0b3	1073
2ca33c74-a375-4411-b66b-ee935f71b7f4	1080
2ca42fd8-c9c6-4ba2-aaaf-db6bc592751f	1070
2ca63555-942a-4d9d-9799-cfc7cd20aaa0	1141
2ca88ac5-f6b8-4099-8a26-9d6c5e42c944	1134
2cb42007-1815-4da3-a1fc-aaa31b87f7e7	1076
2cb9de44-3bd2-4151-9a47-a428113dc610	1120
2cbad3f9-9e5d-41e2-8f8c-3d4ec38c14ef	1135
2cbbe733-4769-4c38-8aae-10edd01236b7	1136
2cbfbda4-7d4b-4303-a6c1-7334b7c6dffe	1064
2cc4c512-5477-4f4c-983e-6f84d65d9868	1065
2cc99e1d-aaa5-4b94-8193-22e3c9d294f5	1071
2cd44dfa-7945-41d4-9e55-68c02fa9ed67	1076
2cd57e3b-2544-403c-99c4-80039d6c6711	1139
2cdc8c6a-1dfa-478c-b9e7-6fa38d9f9047	1074
2ce0be66-5016-4b43-8e88-d73e4d95d340	1123
2ce0fcea-952d-4fa6-a436-ece31a56f625	1133
2cec5366-830c-487c-948d-c4078cb70118	1137
2ceef95b-3588-4e01-b487-13252ccd4646	1114
2cf3f9ee-6f1b-4290-a56e-02e812cd6532	1123
2cf4a06d-66ed-4b6e-8e1c-71a9309fb2c0	1098
2cf4d356-cd67-455f-b0bd-5e0c07f29c65	1136
2cfc5666-e6f5-45c2-bb6d-51b2e5feb080	1067
2d0417c6-917c-46c1-b2f4-183778f24c06	1116
2d048289-c80c-468f-b265-7102e43df844	1128
2d048f81-6c5f-420b-887b-4b8848835cb7	1078
2d06abd6-f266-4fa0-9969-b01411049281	1077
2d09df9c-61a0-4d8c-9e0f-fff66b75d40f	1083
2d0d2375-d3a4-4252-a59f-e62ece352eff	1136
2d137340-e5ed-4b94-a441-53912db78304	1123
2d15301e-3a48-46ae-bde5-cf0ae0bacc75	1136
2d18b014-94ee-49b6-91bc-5b3cd5b844ec	1067
2d1dc595-5f5a-406c-940f-aaaa02a8b977	1071
2d1ddc7f-49f1-4e24-8246-dca0a10499d9	1136
2d1e197b-f90d-449e-a24a-e97490ab1b8c	1141
2d1f0fc8-751f-4add-a72f-299d9409fdca	1095
2d3040de-6bac-479d-8763-42923379e69b	1123
2d31bf59-0e40-4684-ac12-0c26ba6611d8	1129
2d34a250-bb7b-4eb1-b62d-ecb0cb9d8fad	1144
2d38bd3a-5a2e-49fa-acb4-7bfa3ab3c1cb	1076
2d3a9b4d-25ad-467e-afa5-7ee784c4f228	1068
2d3c2648-17e3-420b-a014-2dbd6e810605	1137
2d3d9129-0241-45fd-aa02-efc3f49227dd	744
2d410097-ba72-4583-8bff-e2e1e5a0af16	1142
2d415f36-0513-4456-a3d4-f36ffc94ff29	1135
2d449349-bc66-48fa-b7d5-734ba0948bfe	1073
2d452602-ae72-4480-bc28-46844960f926	1078
2d474a19-73c9-480c-888f-490ceade24af	1134
2d481542-c530-4935-b63e-0507228fc2b0	1110
2d4b303b-da1a-4d0b-8c1e-5e70467acd23	1146
2d4d8343-d12e-4ae0-bef4-9cf2469e9393	2180
2d4ec953-9c8e-4f70-a7f9-8ed5aefe42b9	1150
2d4efe20-51c7-4d8a-9b8e-330b83d66739	1337
2d534159-f0f0-469b-bb78-1acfa51ad950	1130
2d55c0c2-ae4f-4649-a480-d9725567cccb	1131
2d59f122-e720-4d09-a2a4-432a5ce5f3bb	1154
2d5a6ee8-97cf-412a-822b-8ad7641823f2	1124
2d622fbb-e6c5-4551-88da-ed13eef87fd4	1123
2d630a62-5810-4b8c-92fc-8d90bad0aa25	1064
2d631cc1-d7fd-4d51-bb8a-bae179ce0d43	1131
2d641b9e-4dc1-46e9-8552-a39c61cc3f7e	1132
2d688ee9-cd11-457a-954e-c3672efdbc1e	1124
2d68dad5-4e76-4e21-8ea1-c61128928421	1077
2d694abb-b289-4477-b8ca-290532492fb5	1969
2d767867-0c1b-4aed-a9fc-8b6022401a4d	1065
2d7b5056-65a0-4d8a-b127-df3917ba61ab	1124
2d7be31c-9c98-4574-ba13-a2c3b783b157	2138
2d7e0327-a09f-4c75-ac59-a707c16161bd	1137
2d82d506-97e8-405a-80cf-b262b8ba556c	1064
2d84c2c8-2e6c-4d45-8c0f-fa6aff744390	1124
2d8519f8-6b14-43f5-aea6-f62ddff11956	1144
2d86a8eb-8e6b-40ab-ab5b-619d6c2ad298	1129
2d89b733-d446-4b6c-82e1-a2f77b736a97	1123
2d89ed86-244c-458f-8fd3-89fd8932c656	1093
2d8a3a41-c1de-4215-9e39-4442241c190c	1085
2d8df5e7-1873-432e-88e2-7470ebcf8d36	1135
2d8ebcbc-b245-41ca-aecb-368e98141b6d	1135
2d95d6a4-1019-4ba8-a552-2c81ac4472d6	1052
2d969862-13da-47e9-abee-63cbfecf916f	978
2d97605b-6a04-423c-8235-948657a38254	1125
2d9d0e2c-f280-48eb-ab2b-5a9c5e55c6a5	1078
2da07cc6-c7fa-4a01-bc76-e3cbfb90ab24	1156
2da14e7f-1308-4139-ae97-820210a3d0e0	1131
2da7e0bf-37e0-4f83-a4c4-68e7a5210037	1130
2daa4a98-0759-410a-b0b0-46631cee4d7c	1075
2daedd55-af64-4b40-ba6a-c6013e29995a	1138
2db05a8b-aec4-45f7-bd79-62f38cd7a28c	1136
2db0e872-8b59-4c86-a9b8-6a0fd82fac77	1068
2db28909-76d9-43b3-9b12-68db8f4faf9e	1067
2db7e651-3f77-44db-9755-c7ce9ee5fa53	1522
2dbb13f1-102a-425b-a34e-c4929e1a2fa5	1074
2dc59aa3-b3c0-487d-8d03-52b2d04e24b9	1161
2dc648c5-46c3-4dda-918a-864377eb3f1c	1124
2dc6d546-d164-4222-8407-13d0a9c9ad67	1060
2dc93cf8-fa9c-4b66-9f97-aac9633507e5	1123
2dd211f3-92db-487e-b5c1-baf72f4fafe9	1078
2dd2d743-8281-4af4-b782-55db8d832656	1135
2dd778a6-1e06-4e9a-9b76-3a9732f3f7ef	1088
2dd7a12c-97f7-4637-a013-f397f669cb78	1076
2dda1b8f-1503-47ad-ba7d-9692f64c613b	1114
2ddc67a3-bbbe-4582-ac8e-7bff8c29da80	1139
2ddde4e3-a21b-42b7-938f-321a43726cde	1135
2de08d51-4d28-4777-8261-9ba9b29f7140	1148
2de1d47a-cc0b-412c-8ff7-ccdda92cad48	1151
2de27b54-5f2b-44b5-b883-2eddc816a82a	1074
2de40bc9-76c7-4648-9d38-38a0594179ff	1138
2de7ca47-d40d-4e61-9a86-b3f1f10c4046	1140
2de8df6f-d06d-4974-a2d1-5b75cd55a381	1052
2de9434d-fd74-4840-bc8b-e344db80dd99	1136
2dee0cb0-e9a1-4f22-8dfe-3f01c9e9b474	1127
2deee651-05dd-4236-bffc-bfecbc96737e	1136
2df25c39-f29f-48ea-9e0e-877b8fb04acb	1076
2df8988a-500a-4520-8b37-9223d1beef4d	1134
2dfa7fe5-3328-4bb0-bd3b-65a37ac93974	1119
2e0064ad-1778-4cc3-89df-245176f2e769	1133
2e044115-a66d-4af5-9a8d-5ce83c29738a	1075
2e0553ca-d525-49e7-b13b-9946c803b2b7	1080
2e07fee5-090b-42ad-acb3-1605819b0d26	1083
2e0921dc-8e8a-41ff-b95b-c26aa64380b8	1127
2e10a5b7-44dd-4979-9c94-e1b485b22765	1123
2e137e45-a8a9-4548-8e56-07e4cb77c260	1148
2e14666b-836a-4838-b54d-0ecd3e8ef069	1127
2e156afe-a762-445d-87b6-3c65885bcc72	1079
2e156c31-7c72-4bc6-afdc-8eb26c2229a7	1123
2e1cffc5-038f-4144-9e33-5c95725f3b63	1114
2e1d3e30-4051-4d32-be33-654cf8d31a96	1071
2e29ae80-3dea-4aec-9800-190f0b79c79f	1082
2e2b488d-fb1f-4714-ad26-0ff2f3ec679c	1130
2e2e5366-857e-4eab-881e-0ebdbe56ef7a	1130
2e2f9cdb-b408-4fbb-8eeb-42d01c97319a	1080
2e307bf9-4d9a-43cc-b214-0ca3976132d5	1114
2e319cd0-3687-4d85-baa7-46257c0f5a81	1072
2e31e929-f08b-4d45-8890-167e65380001	1133
2e329f95-9107-408a-b112-7a45283c7f8b	1053
2e33cc01-1190-4fa5-a56c-59329b05eae7	739
2e3a0e4e-e85f-411b-a1a7-3ed64a5ea788	1069
2e3b297e-d99e-4689-a24a-53d127033696	1136
2e41b8a5-1d81-44b8-b562-37d9aa4915fc	1072
2e4388ae-8dac-4425-9338-d915bd2e6379	1074
2e4788c2-f5de-4e6e-9c26-9ce6a8fd7538	1131
2e4d218c-eeac-4ae6-a692-dd777e882708	1059
2e4d3d53-3125-463f-85bb-2b1efdbe9428	1071
2e4f6556-5b79-46c3-a631-0bc66f5772c1	1073
2e4fc91e-dd5b-4608-b26b-1544e5afc404	1136
2e5238bd-b963-4a08-8c15-a4cb574db4cf	1131
2e56e0d9-3fef-4f70-88e3-cecaf530a27c	1130
2e585f66-2453-436f-9275-2deeca4c38dd	1116
2e5e42dd-2d56-45c4-9699-d639f2da92e7	1141
2e62c2aa-ec52-4e7b-a122-a1a9f3396d95	1079
2e6549f5-2c98-46d3-be81-293a7308fe31	1147
2e678776-4d12-4217-a48c-fc22052808d7	1079
2e68d4b6-9e1e-4bc7-ad78-8437453408e8	1141
2e692675-6cbd-4dd4-850f-78987574d5b0	1142
2e69cf7d-b6f6-400f-a53b-a2ab0bf792b3	1137
2e748cdf-81b4-4110-b055-6fac8ab18728	1071
2e7c315b-18c9-42d2-92f4-2b3c429d0899	1134
2e7c9575-6c88-4628-8c5b-3731674a4e14	1129
2e814877-28a8-46f9-b55a-361e47c8c24b	1143
2e88d2ae-d44b-4f60-b2c1-6705020ccb5b	1129
2e898832-a326-4115-88fd-554f0196b981	1142
2e8b40f7-c2ab-4078-9e9a-71ea9e5113dc	1152
2e90e39d-170b-4a12-817a-7a7ca8c56714	1135
2e912e94-83fc-4f02-ab15-76873d3f642f	1135
2e969c49-986f-4f7d-89cf-03535a1bdf65	2044
2e9853d8-1d25-4fc9-9eea-5017cc05df17	1071
2e98d43e-3e08-45d0-8ad7-12c86d5891d7	1130
2e9d188a-3a73-4c8f-9a76-a42b144e2c36	1068
2ea2263a-5fd4-48a3-9e7c-c3e5ea8ae70a	1119
2ea35fb9-7565-46de-8f7d-f30f2c22b4b7	1122
2ea38336-5d62-4938-b52f-bf0c05b58a60	1074
2ea51005-9905-485f-b4e3-433ac0b1e333	1089
2ea6570f-c2fb-4ed3-80e0-fa371194e6ff	924
2ea759ec-4c08-477a-ae20-b88ab437291d	1078
2ea8d862-cf8d-405a-888f-7b3d0ddc37b8	1077
2ea9201c-10af-44d2-930b-f4cbb25aa3f0	1145
2eab4f62-fc99-457f-990c-f47c0376e1d6	2046
2ead8cd7-0f20-4793-98cb-70a0f8c42ae5	1126
2eb12d35-90c0-4ec3-b355-1a6c6826a793	1070
2eb6394b-728c-4075-afa6-912622e30e60	1128
2eb685e0-efce-4990-be6f-e27ff3941ca4	1086
2eb7967c-5f14-499e-b735-3d36f94419b9	1074
2eb8ac91-53b5-4967-b6f6-b20ff1252e55	1111
2ebadaae-42db-4e24-a0df-f3c2687a953e	1132
2ebddf2e-668a-4c10-bac2-e6566caf2a59	1051
2ebea478-0463-47f7-b2ee-59573f84e908	225
2ec0baf7-0461-4f17-85bc-99fe1ed20ffd	1085
2ec13a82-6895-41d0-a866-a30d8416203f	1136
2ec198a6-3cbc-49ab-8c95-f9ce51c19cd0	1133
2ec964df-83cf-4c5b-a23d-f546973498a2	857
2ecf773d-a615-4741-94d3-c18976841913	1065
2ed48f69-8dd5-438f-b107-b6a2dac01fe8	1073
2ed78ae3-2126-458f-8b2b-24b8eb00dfad	1136
2ed89905-8c91-477f-9ed2-d7a1a2c83ce8	1072
2ed8d5d7-77b1-4712-8f73-336d00988fd8	1129
2edc733b-a8f2-4209-9c79-306d8d09db0e	1132
2ede0072-8350-44e8-aa8e-542313ffbf23	1139
2ededba7-8630-48ee-b214-1cb6d429c8b1	1070
2ee1f745-fbdb-477a-bb22-688be4a97123	1126
2ee273d5-e7e6-442b-91b6-7136d7a42e9d	1123
2ee3a5f5-d90a-4179-a268-499ee607cced	1081
2ee7e3d2-1df3-4f96-bff6-1487a461e02b	1068
2ef16776-2307-4c84-9778-fc1a955b418e	1129
2ef1a61a-653a-4958-a4f7-b7d8698c0860	1108
2ef41881-74af-4118-be8f-8c10ed86f691	1152
2ef55b84-46fb-451e-96fb-eeb0d0547bd1	1071
2ef6e03d-5059-4365-ad7e-8564c115af68	483
2f0002da-9e69-402a-a71d-0191e4c604a7	1139
2f00a8a0-6543-4d82-88cf-117d3100c348	1076
2f048abe-0d7b-428b-8ffc-47e5be5cdf2c	1143
2f077a5d-0245-48a5-9150-63cd54508545	1068
2f0999c8-9f89-4d24-b353-688a3b8b58d5	1075
2f0a20e8-9f5b-4602-8c5d-ed33491d3a6c	1125
2f0d5b3c-66bb-4bc2-bf5a-40cd1e825251	1115
2f0e208f-215f-4bae-84fd-5099befa2370	1074
2f11f3c4-e7fd-4845-99b5-3ff80f305276	1073
2f1547b4-1667-49d0-9bec-5e6a1df76360	1154
2f1694fb-7870-4e7a-911c-505b1e5e43d7	1122
2f179bdc-ee5f-43fa-a27f-b15b5f94c255	1128
2f17d320-87e9-4b52-ac48-d5e063dd9d6b	1146
2f18b471-44d4-4256-8729-77de50ff54fa	1077
2f197873-d4de-463a-a587-bba33a28b388	1142
2f1c4ae2-0e47-4874-87a6-99230cf0e714	1124
2f1cb0b4-0620-47db-a51d-2c99858dda76	1127
2f1d7865-4733-41a4-8127-0e48dbc115d8	1082
2f1f0c57-96ea-421c-acb6-755f2baa3b78	2057
2f232991-ded5-4172-b9bf-f39207faabc0	1055
2f24b1e9-2a35-4f56-b030-1b8bfbceb1f0	1068
2f2538ac-dcac-4522-9b07-9a8241034add	1366
2f283622-11ce-44df-b96b-a68b0d81a343	1131
2f2a03ce-479c-4b82-a5c5-57b922099647	1082
2f2b7f89-3a8c-4c34-946b-668229150e38	1136
2f2f05de-2d88-4ce5-8a81-fe97ff885375	1062
2f2f89b6-71af-4136-9f97-c8c5bf1538aa	1057
2f32eaaa-421d-4337-9f41-86d23aadc1a7	1126
2f34171c-7056-443c-9fcf-9d436925ad8d	1076
2f348957-3993-43a9-8b67-43ec064a7928	1124
2f364ffd-8b83-41b2-b3a8-ef40d8bdd07d	1074
2f36de74-d291-4917-af0f-135f8afb7596	1068
2f3752c3-ea63-4f99-b58e-389e553e4e14	1137
2f3dc977-6055-4e26-9ef5-be1c85f5af47	1078
2f446e7b-8fe5-4804-95a9-e841cb47fe72	1141
2f4588e6-b537-4076-a6cf-95e6374814c6	1133
2f4c40aa-ac21-4ccd-8506-a6432a7c8a76	1076
2f4dabc0-9cf4-456c-9e8f-27137f7f7ee7	1080
2f4e837a-1a00-4c51-9135-ba959b782bc4	1094
2f4eec1d-4e80-4dfd-82d2-7df03f4cca7a	1066
2f541228-e4c9-45f8-a0f0-066257178ac8	1074
2f55af82-d99a-4993-9e55-6f945ed2716e	1081
2f56d096-cc46-44cf-9b34-a1e761d1b5f0	1082
2f5cca21-b6af-46a5-8f37-6e91b7039225	1126
2f64a328-2d23-433a-a245-b99e97a7a2ad	1136
2f67cb0b-88c1-4086-8e2f-2376a10567db	428
2f69243a-0238-49b0-bc08-8fb95228c064	1078
2f69fbbf-bbeb-42ac-88fa-7e585d56785f	1161
2f6a8123-6fcb-4f62-946c-51884251d1d7	1089
2f6d40cc-281c-4008-ad39-415c03ede212	1060
2f6f3783-12aa-44a1-bf73-43854a921584	1130
2f76119d-5f6d-43ac-bd9b-ae680f0e8d61	1154
2f77efc0-6820-490a-ae9a-d2da66524f1a	1094
2f7a1aab-9374-435d-acd9-f66201d25e73	609
2f7c3330-a45f-455c-b774-790f1b4cc733	1158
2f849a07-8a45-45a9-a410-5ac14b58bdaa	1167
2f868bbd-e316-4d27-90c9-a1033edda948	1070
2f86fcf9-f7a1-40fd-b4cc-14e29b0b43f5	1140
2f8cf1eb-4bc6-4ef3-9a08-3d0ca82e9d15	1137
2f8d0a81-51bc-4c34-99a7-e2b60a69b2d2	1121
2f9091e8-6514-4ddb-b219-b388ac2e6179	1939
2f9c49a0-6bd3-4c42-8e2e-e863dff21c12	1056
2f9e30d6-af04-45d2-92ff-a36135c84a14	1150
2fa2ae0c-c41f-438e-94ba-eb774b6d1fb4	1159
2fa5f5f9-0b2b-4428-ac65-caf31386a51e	1080
2fa63a5b-e47e-4841-81a9-f9158ff18e3a	1080
2fa6d26c-b35f-496b-9e7d-344dc208e28b	2132
2fa7bfc6-5cf4-42e6-b8d9-6237c8a0932f	1069
2fa8587b-5139-47c7-a6f1-719c1222c0d4	1139
2fa92f9d-13dc-4a49-901f-ee3d328f187b	1073
2fae1509-37f1-4989-af02-eb424b452242	1133
2fb14455-6628-4457-bb5c-534129afbae2	1102
2fb2704d-277b-46a6-b4d8-b265155d6222	1142
2fb29270-5b52-4f58-817f-0fe13f728a69	1057
2fba6378-8aa8-424e-8cba-302820843a67	1064
2fc89656-6c61-46ed-a756-4316b452c095	1135
2fcf6ee3-78ae-4620-9e63-bf6b7d9cf453	1134
2fd30d36-854e-48c9-ac3e-6f38d8f1870b	1132
2fd4c742-b309-41b8-a217-94f32b5052b2	1068
2fd805be-eac2-48a0-8900-2a76d09625ca	1160
2fd85032-5911-4324-8814-970786406659	1124
2fde293f-0491-45b4-ae87-18b3ef64d2cf	1127
2fe1957d-504b-4725-8247-529ad837b240	1145
2fe45ed8-86b0-4899-82d2-e3ebdf79a80c	1121
2fe46194-a9da-4070-ab93-235af1f51fa3	1063
2fe4ed8b-a23a-4495-86e6-d561a65b581b	1153
2fe64aba-741d-4221-96eb-0d7fbe4de856	1130
2fe9195f-43fc-407a-93fc-9926987aa901	2161
2fe9950e-8fd1-4552-aa15-fba34b681a45	1073
2feb57d5-60b2-457f-a8b8-186308a1a200	1132
2feba02f-3683-4f6c-abc9-34c2350f9cac	1986
2ff40a3d-da71-493a-b99c-ee5189e7dad0	1135
2ff56814-e247-491c-988c-ed1912265ef7	1133
2ffc423d-0701-4b24-aa05-cd2bd70add01	1072
2ffc5dbf-b3b7-4717-b878-96637cac947f	1129
2ffe4da0-4672-4bfb-8cc0-f3ce3ff5fc0b	1131
3000dee3-8c1b-45eb-b92c-251cc4ffbd77	1150
3003020b-f780-416f-bc23-749acd222436	2083
30044408-a383-4a3f-b4fe-55c7695d942e	1156
30053895-1e31-47a8-a85b-df3594ed8c7c	1133
3006835a-e38b-4dc7-8199-c1bc06518b15	1133
3007db9c-760d-45c3-a9b2-ab5103b81b64	1070
3008d338-149e-4aab-9fec-283aaad2e4e2	1133
300dee5a-6655-4854-bc82-716d00cd450a	799
300e50ac-2490-41c7-91d8-c397dd026a86	242
300e8361-272d-45a2-84ac-c4c16fe83369	1080
30136d77-9e53-4381-9541-e9512a535444	1065
3019d4ca-fb26-4449-bb61-c8c6fb07d6bf	1141
301a8f11-44e2-4c1b-aa38-2da9d68620db	1064
301ee981-c403-4e2b-a80a-c92c9bc8fa08	1167
301fc160-3e87-4a46-a42e-c343576e8741	1092
30213734-482e-40f5-8662-d9679d3462a9	1121
3024e7aa-d085-46c3-af09-8cf7a7ae3173	1144
30254076-c0b7-4420-b18b-9ce33f3d2516	1515
302a4499-b26d-43bb-9e2d-c76f4b185962	1072
302f4020-5e2b-491f-b1a8-2637416d31ef	1141
3030054e-175a-4cd0-9a12-61bc2ea6828d	1075
3037b254-4206-4007-9b39-5492ac8bd251	1072
303880ef-4f24-461f-bbfa-595173c16390	1068
3039d714-ffb8-4bdc-ad06-8b453ce51760	1131
303c69c3-561f-4a2e-a4a5-248b21d5431f	1126
303c9ea3-854a-465e-9ec7-63db55687322	1154
303cedec-00ec-42d2-b624-0ff99bcbd9ce	1078
303de4e8-9e72-4cc0-bd91-8b6d58ee55fe	1131
3040588b-b8c8-421c-b75f-af7339a17b52	1110
3041d014-e97b-45da-bd8d-5908410ec9d8	1134
3045eaa1-8459-4f43-b6cc-33e9e4b60920	1054
3048f767-e886-4f30-b945-345d7ab6ac7e	1141
3048f8fb-106b-4c98-b93d-015f0dda5efe	1136
304f1af2-012c-463a-b96b-d2de59882f83	1136
304faff6-40ae-4e54-b4ba-987831bf09c5	1133
305179b6-6d67-4653-ac38-275bf696d553	1094
3054e650-9b4d-4313-b583-88709caee70f	1140
3055f1e7-c7f1-498b-ba1e-cdf9831b52ec	1079
30619602-25ac-4817-bdfa-b9de8e8f7776	1137
306b22e5-8bbe-4fe1-b7c4-9dc39ec77c10	1136
30707267-6433-4014-ab43-ddf6977de579	1074
30713af4-68d4-4517-b798-672f5012cd5f	1156
30764854-dda6-4224-9da6-2dc275bbb25a	1074
30797a75-b645-47f2-9ff3-f774f6a69ddb	1131
307dee5f-4c47-41b0-8411-3a95d8a9e76f	1074
30800ee9-02dd-4284-8c0f-ac8f72f319ce	1084
308032fc-0aa6-47cf-a8a5-e93b560a9c95	1143
3080cfb8-84b3-41e3-881c-9d46e87714ad	1126
3081f1d5-083b-401b-9432-3c7bac49a818	1038
3081f951-800e-4d0c-bf5d-286588d89018	1129
3085ea82-590d-4129-bf1b-a8043f14edc1	1080
308b126d-1554-48ee-a904-8d77e70a4dfc	1075
308b23e0-363b-4045-a438-d3200f86886c	1088
308b6a86-6ac5-42f1-a03e-c92f6c04806c	1087
3096fe1a-bd2d-40e8-bf7d-130fd8e0412e	1078
3099c8d4-babf-4bcf-8a58-57bbaa622c13	1130
309ba377-ceba-4c3f-bf8d-88ff9912a0c8	1132
309df41b-c448-4fc5-ae60-62301478ab74	1134
309e0f86-56fb-4e02-ba6e-2ac3e8633d6b	1072
30a060c6-e312-42d8-bbb9-5dbebdb5ac91	1107
30a5ba28-83cf-4cdc-8e53-0f4d9f0ed619	1136
30a7f9f0-b06c-44ea-a2c2-c5c8f5ed8411	1160
30a91fa9-3e21-4991-8648-fe8f9e6e47db	1066
30b27ea2-0543-4a99-a96f-cfc8c6ab7f33	1073
30b2f4de-8d00-466c-ac31-535fbcacee8c	2035
30b4bfc1-55b1-452c-8d02-7ee7acf64026	1081
30b4ec7d-0a35-4c1c-b80d-5947625dc846	1096
30b81c8a-f4d7-4ac8-b8c8-fd7e9d24fb1d	1075
30b976ca-dbcf-491e-a4a9-3c6adb8d8085	1193
30bb1720-496b-4f46-b42a-9a2ce73b2260	1078
30bf8030-8734-4004-b135-d578f9c01f8b	1124
30c5b8d5-c369-418b-b316-bfe79665d327	1075
30c9a833-fb8f-4a74-8036-b453053985c3	1069
30ca2634-279a-4306-9d0f-2dc3b25b617b	1078
30cd7a2d-7072-4178-9f24-53c4771cb4ca	1137
30cfd36b-9403-4af9-8562-7050ffd38e5f	1060
30d0022a-eefb-43f0-b723-88b79248554e	1127
30d196dd-b5e9-46cf-9732-63c809870a74	1042
30d5700b-4946-441d-9361-8b0145bcd860	1137
30d84979-6a43-41b5-93fd-9610e086f88c	1071
30dc14d6-1557-4043-b502-801fc65d392b	1077
30dc4bde-c24a-43a9-aca7-7dcb7725977e	1134
30e35d02-b833-492b-b549-5566e5c15313	1135
30e49560-97e7-4a67-afdc-e54fd762a731	1140
30e58826-a7cd-4e5a-adcb-449b488ccfba	1078
30e6d322-43d7-4466-8419-4b4e4ef142dd	1132
30e7026c-186c-4e62-bc63-42684d6ae8c4	1137
30ea10f4-40c2-4ed5-8933-dc6bcca8dfea	1128
30ece76e-22ea-4faa-9721-5918ffa28eeb	1067
30ee00df-6f27-41ed-a9a7-400f13765eb0	1138
30ee3914-69cb-4d18-8200-324ef0c5a957	1114
30f6ba0b-1ca6-4d17-a093-1bf88cb4eef3	1101
30fa08e0-1d19-4201-8763-4d7cdcf50f3f	1079
30fad3dc-f1d1-4ae9-bca8-b761ac2fe8b9	1134
30fea4d4-c4a4-4dec-b8fc-f128f9c5f687	2044
30fecc0b-86fc-4d4e-881c-84c39fa4ceda	1099
30ff6402-3b67-4373-a318-446a57137d2b	1073
31103617-71fa-49d8-b2a7-c0723277cc0e	2067
31116268-a6a8-4520-a201-0239cedd76f3	1156
311234ea-2388-4f84-9b9b-de4142aae7be	2082
31152266-b7b6-4791-b8be-f0e9edc0c87f	1155
31153e46-3da3-41a9-8499-c3967a9075fe	1141
31240ba2-93c0-40e6-9b1b-d315d7a0af64	1095
3130d3bd-f3ec-4e38-b3f9-90ff414337c2	1085
31336dfc-bc7a-46f6-9c66-c69ab15a5196	1061
313a7f2a-3409-4cd7-a2ca-689afae38756	1137
313daa0a-6305-468b-b26e-66e8d4cb7d1a	1073
3143b05c-3e1b-4670-96c1-47aa6f9f2c87	1061
3147b708-1f0c-4edc-8370-4c4bb6277662	1118
3149d769-db1f-4dfe-b9d7-c48cd2ec10fc	1162
314a05f2-ee72-4d27-9108-104c46321cdd	1074
314b40ef-18a6-45ca-bb5f-853ac693a9e2	1121
314c2fb3-6bc8-42c2-a646-459d28db18b1	1135
314dcfa7-f780-4fc8-8c98-6c380254c5b4	1139
3150d36e-f21e-4ec0-857f-41dd90832688	1134
31522fe8-777d-4e4c-b9d2-78f38c86a3b4	1076
3153180e-ac6b-4830-a518-2d5a8509a64e	1078
315598eb-5f5d-4382-9244-6d2b4fa90280	1135
31562e23-f687-4604-8a60-2bbee93d6c23	1139
315da180-70ae-4191-97f7-f284a30c6f6d	1032
315eeefb-21fa-48a0-9772-25d434cef8de	1136
3165961d-c7c5-4093-8240-463aa270d7c2	1098
31668a68-02d4-44de-a675-c4f4b8e31a20	1082
3166e8a4-fd50-41da-8f58-dc2a8c4fce8e	1130
3167c0d3-66e4-437a-9138-3272743532f6	1140
31680b48-2784-4949-b246-9b04111ef767	1071
316a27c0-d7a3-4dcc-b954-d0d82623628a	1154
316aaad2-18ac-4614-92e2-9da48d570af5	1732
316c1e5f-60ec-4c5c-a4f7-4e2cdef72684	1072
316e1695-f9c8-46ce-9885-d292bd773033	1085
316ededa-5195-4871-ad60-1abaa335602a	1144
317427da-c916-4c5b-b377-94142d14a43c	1137
31796ba3-e8d1-4b19-a806-b7fb7b4221d7	1123
317ec1e2-4bf0-40fc-958c-f62ff0c357a1	1136
31853de3-05f0-4ff5-b29e-462fae2a8a7f	1135
318886d6-5ea9-4a17-be42-0850c38cbe52	1137
318a18a3-f064-4c7a-8a99-d4c56378fbfc	1069
318df59c-d991-4733-8bf4-aa5ee00dc7e5	1122
3199b8cb-2acc-4518-a0a5-1013c1b060de	1154
31a07e27-a4bd-47f0-8c6f-603fcd69c94c	1134
31a10a8d-cd7c-431d-bded-9b22ef65b87d	1128
31a4024e-2ca3-4e62-b1ce-7daab1b5dfc1	1132
31ab7fcd-6f4f-47f6-952b-8c64fadf86d2	1130
31abbb66-2f93-478c-b383-1cc8eb0e55a9	1059
31acb214-428c-46cb-9aa2-e0783de4392e	1129
31acce55-527e-4eb5-bcf3-40fb85207c56	1138
31b66ee1-5dde-4e4e-997f-dfeada05afd7	1135
31b78992-ca4d-41f5-bb59-72c078b50051	1138
31b8a048-88a3-426b-95e4-083c319a6428	1131
31bc80a6-a5f6-413a-9e87-0ac1d4caf5a8	1105
31c523af-7921-4abb-afe8-4fcc03037da0	1134
31c5588b-6894-4072-b960-7f1a95ceef3b	1083
31c9914e-628d-471e-be30-9a1282da7760	1068
31ca11d8-0395-4200-ac52-7f90d28f9586	1124
31d78ad8-77ef-4997-a9a0-613a7606fcb5	1133
31db8372-ecb4-41c6-b793-e4f6dffd938d	1072
31e147a9-8140-4772-af60-24123ee280d3	1076
31e32882-56e4-44ac-b375-cd84bba1079d	1131
31ea8963-a1cf-4ce7-8b5b-831d188a627d	1092
31eb835b-0559-480b-922b-6df744998839	1078
31ebd185-cc86-4e47-9af7-7ff3c7a15316	1126
31ec9e38-20e9-4183-8ff2-2aa00af99df1	1132
31ed7586-4bf0-42ed-ac9c-390f5f6f95b2	1067
31f4bb3b-4c3c-4f78-ad1b-ee52a247de36	1103
31f69e14-1cc3-483a-ac32-e8c54306148c	1146
31fdcabd-adc1-490e-9675-ca9c07143487	1168
32016b03-090c-4b8d-bded-d1c1bc9f34d7	1096
3208ab1c-b0fb-4f82-901e-1095d4035337	1143
320a6985-1a57-4356-8638-81918317811a	1072
320e6cb9-e0ac-4d38-bc6a-e723650f6b18	1127
321e1433-4c66-4101-b975-d560f5f8b9a2	1538
3224ae33-4325-455b-b5b9-a6a63fa681cc	1116
32337c2e-bf13-40a8-b733-9bab2a5ddbcb	1133
323b128c-f59e-4e26-ba41-7a4343de4832	1132
3243d2e5-cd04-40bb-b343-68dee33b65c9	970
32442109-afae-4d22-bcec-5818ee058ba7	1131
3245815b-9853-4a96-9dd9-eb4c2cc36002	1138
3245a6a3-0dce-4f3a-b036-04992ce269d0	1064
3245eeb7-f853-40f2-8f98-6ae0c6c2d82e	1072
32488538-7cd9-40a3-b99e-04e612fde9c5	1140
324885b3-53c4-4e83-a1f8-c1354b3e4bd1	1090
324a0f55-591a-4310-bc1f-0a951190be02	1073
324bc1f9-0bcc-42d0-bef5-776ca7bb10e2	1132
324ce401-4e39-499b-8a1e-cd650a7e5fb5	1138
324d5ff7-8a4a-417b-af25-43d2e935fe0d	1137
324ed06e-7c05-41f3-8a1c-f77fecd074f9	1077
324f7c42-aec7-414d-ad13-46d01978c2e3	1096
32515260-f873-4cb4-89d2-dbec3ec82d20	1888
3251ebee-ccbc-4043-865d-9309273b22ee	1127
3254cb87-4d48-4f7b-a117-b2c2e55af525	986
32598d4b-e738-499c-b3ec-8434f2977df4	1133
325a2e9e-2c89-4f9e-8348-1ff3bfb348e1	1080
325e4ff6-3cd8-4ef0-a44b-de4a5b0c434e	868
326132aa-664d-4ba4-8198-482ce892de5b	1078
326ced89-47e9-4f24-8b7e-cb02b53ee4e5	1120
326d27e9-c84c-4cbc-8d07-6280dd4c2074	1061
326d6c36-f235-4533-9f00-f49107649dee	1063
326eb5f9-4a7f-4ed6-8c45-17a098c94291	1081
326ec3fc-6be5-46de-8273-9b495c040084	1134
3271b5bd-dca7-4984-bb15-da20427076e6	1094
32773ab4-b009-4caa-b784-70ab73292dc8	1136
327b0ff4-c207-415f-8f1c-da4ef8a5b254	1126
327bca3f-bc80-472f-9f7f-0d25502f5078	1131
327d037c-a127-4b94-962f-7fa556b9e4f9	1070
327d1149-c6d6-432f-b152-de93ad65d254	1140
327d59a6-69b4-45c6-b52b-11b252bfc3c2	1069
32842b82-0711-400a-90ca-128e515bee52	1153
32857546-ef39-41bd-840f-fb12f12c586b	1103
3286b6f2-c28a-4a2c-9229-7655f3892420	1158
3286c7d0-8597-4361-badf-10d8974c0bfa	1155
328f99c5-4a42-4a9e-9cd0-65799dede20b	1088
3294efc2-365b-401d-9678-489740f2a77a	1078
329dd415-8802-440e-8071-9a08c8c971ea	1135
32a8c8b6-0f97-4d2c-b31c-0e19f2e4fec4	1079
32a9b67e-7e70-40ec-8a6b-7933afd1eb09	1073
32ae7fb3-e09d-4ed5-b29c-ffa1b688b8ca	1130
32b3b06a-6cf2-483e-be5d-9f3bbb36a830	1063
32b41163-bf61-4ac8-a854-15295e3472b5	1073
32b5da78-1786-4c98-aada-1173e355a471	1077
32b88f05-422d-4deb-948f-32f031de58cd	1070
32b98323-e2d4-4b6b-896a-5dece661abfa	1134
32ba996e-356d-4452-a9ff-6153d59aea24	1063
32bd4e73-466a-4c57-9a83-ea1753e55589	1132
32bfa4be-ea64-412e-83e3-3c063fbabb29	1076
32bfb84a-62a9-4c6c-acf1-49a95069e594	1150
32c2fca1-a9ff-47a4-94ab-f73dca86acc1	1133
32c527df-f9fa-4f0f-94f2-d60c4bde3623	1389
32c60121-b12e-4401-bd75-3ded5d41b533	1107
32c67a75-b195-433a-8bee-0621e4fbc5c1	1080
32cc3343-0950-4eec-b5f2-c6783f7d33f0	1132
32d13e12-223b-49af-ae3b-12868d79403f	1067
32d444a5-9002-4126-ba3a-f516ca5ba9b3	1143
32d59a24-a0d3-40b3-819f-1b20e39cdbe3	1067
32d6fabf-25e6-4fc5-b147-032a5910d114	1070
32d943a4-5e5a-467a-bc75-14921309cdd4	1101
32db86c1-55ca-4c1c-9996-505f0559190f	1131
32df002e-4b9c-4b6d-ba76-4ef69c686b05	1077
32df6ca7-dd00-4dfb-982a-cffc3f569423	1071
32e2ec24-d1f7-4ec5-aa6a-1b48bc3d5340	1074
32e84137-2b8c-4539-a692-e679142b882d	1074
32e86b07-11d8-4937-9e13-3bc9f7c88048	1134
32ea0fbd-c948-4bb4-a797-55cadebc09fa	1145
32f19ceb-8918-4103-b2a5-5e8dc3ed8583	1085
32f9bbcd-eaf2-40eb-9db4-da560a1ba378	2007
3301b7b8-c54d-45e4-a37b-460fed5f1243	1121
3302d1d9-2737-4153-9f91-afc110d19695	1130
330567e2-6d48-476f-be0c-cbd25ca2eff4	1074
33058184-c8d4-4625-a623-6e74f3adb954	1129
33089ec6-e2da-42a4-9236-1f05ad8de1a3	1120
33096700-7065-4a01-a4f5-32e95a8cf20c	1134
330b6e70-310c-4c63-a014-3364b4a09a55	1133
33110096-65b7-46e7-adcf-ad6ecca06634	1137
33142338-3714-4687-a417-185233255b27	1132
3316904b-0fdc-46a8-88c4-5c27f686428c	1072
331a097c-6713-4ef6-af48-34c74051bf89	1144
331a3667-499f-4d94-b336-81c49a0c52c3	1067
331a6ad3-5a34-43d5-938e-c25bf48d7d1f	1132
331b22b9-29c6-4752-84c8-e9495c45b21b	1135
331e1346-0a1c-47d2-85cc-8bd94ad6153f	1074
3320c30c-5912-40ad-af33-0a08b761c333	1155
332bad77-2556-432b-ab46-4a29c1cff321	1153
33303627-aa41-4028-aca5-bab193c8771d	1083
3332ed4f-f0ea-4b43-8a6d-1911f757a998	1073
3333dcc0-2541-4631-bb28-421107616a1f	1156
3334604b-e2c7-4ac9-9e91-d3685609b8f9	2111
3337ed03-75df-489d-9c92-19f84e628de5	1128
333824f3-8a27-4162-8936-f483d9f9a656	1078
33409f7e-34c9-49a2-8988-1f01bd131953	1145
3340a004-6de4-4051-8802-b5d737a931c7	1136
3352c357-3095-4ec9-9290-87ca93961dd9	1075
3352e781-0b49-497b-b630-edca5745d4cc	1132
3359d5ec-fad7-45c7-b1c1-c06128b4d5c7	1135
335b6e04-6068-4e8f-bc3a-f1678dd3584a	1131
3360d776-0262-46aa-b538-84ed7bb695be	1145
3361c71c-031e-4614-9166-48f9be0959e2	1069
3364c131-45a7-4112-ae50-633a8e2b2d4d	1076
3369de3a-ba83-4dda-a0a7-90a0196d09cd	1078
336a1f48-ac59-4bc2-bbda-4aa18c550893	1137
336b8964-d41d-4edc-be30-143d44afd089	1145
336f1efe-d212-4c7e-8177-64eaf528bd4d	1070
33704312-7637-486b-922d-7409131e8eb1	1131
337315a4-0d10-400e-b409-c9841c8eaaee	1079
33735c15-5a1f-4863-af99-b5e5af37ff1f	1133
33744381-504a-44a8-8cd1-3fe1c11b5944	1076
3375b574-d5e4-4d37-824c-8a1d91b96875	1131
337865d4-27b4-415a-b87c-21663f838c8a	1159
3378e835-1146-49df-8723-51b587097fcb	408
337b3a61-f5fb-44a8-b7ca-e73ef1a7f9ae	1070
33872f3e-3010-4a3f-9847-8757d2377d71	1133
3387c5e2-6d75-414d-a683-16b3f7465069	1063
338db727-5485-4c7d-96cf-8c258b959386	1102
338eeccc-6388-4111-b459-87c9ec8302a0	1148
33902aff-65ce-4823-93bc-05d44648d2cb	1119
33956de9-f0f3-42f7-9608-f38407bdc0f7	1075
33974a21-0dc0-446a-9921-a40ed290ef1f	1074
33976cae-dc6a-42a8-8093-9c0f91cc6b83	1109
33985815-4715-4b71-99db-2c487b155773	1131
33986a59-2853-4859-9f04-125f2772eb21	1061
339a47e9-76d1-4ccd-956a-853b1ce07bb2	1136
339eef73-d619-499c-9da6-09c870a90fe3	1075
33a62e73-b1d2-47dd-ad89-7d4379766e03	1060
33aab262-0437-41ac-a6c5-c9b465230c48	1165
33b77c0c-fdc7-4b5e-9643-70be402c509e	1069
33b77efb-d9e3-485e-ba25-8a49d8a783e3	1061
33bd514b-581c-4341-a111-a1f8c5069c5c	1142
33bdd29a-c03b-4ea3-a876-689eeff8eef9	1136
33bf0dbd-dcd4-4780-bbb8-89af604583ac	1136
33bf1b70-6258-4309-84cd-4bdb64a06257	1128
33c3c74f-2861-4fa3-9fb5-ab2aa9be1e74	1143
33c92d82-3257-4f80-86f6-fa03a5646576	1118
33ca76df-efe3-49f3-ad95-13b8f40a51e6	1081
33ccc409-dd36-4a63-805d-20f7ee618b9c	1050
33cd06ad-a3e7-4719-8a25-3b843704d5e1	1113
33cf68df-fd92-4fa7-8dc2-95203c0fefe7	552
33cfcbf3-8e51-40fe-afc1-f478c9100473	1136
33d3f026-5b4c-4224-9fa5-f9f2ceb00575	1139
33d47c15-69a7-4a3f-b040-e40f79dc101a	1141
33d650d0-0f33-40ca-9863-bb98dd58c9d7	1134
33dae651-4bcf-4343-bfbb-25bc9e173b88	1074
33dd0ba8-7172-4089-abc8-9762838de973	1136
33e66e03-b5fa-409d-b2e6-9941a5f6ce62	1114
33e7aabc-3e20-417f-8f71-3f23cb9c99c4	1081
33e7cd9b-586d-4271-898f-4660544b3d40	1156
33ed9bc1-1ffc-4295-bc8d-492a1f9ebd5e	1143
33f1e613-0b3b-422a-a091-ea8c6bfc8340	1124
33f360ed-dc9f-4f3c-863e-26003d504cb8	1069
33f4e3da-a43f-43f7-9bf4-5683947b468e	1072
33f88091-44a5-4bff-9f3b-97c415caf865	1069
33f8ed01-e26b-4408-a249-32a16992f335	1128
33fccf42-ba14-44bb-a2f5-e5ff6332d924	1153
33fdee9a-bfce-4806-bc31-d6cb22b84f88	1145
33fe2385-f542-4d4f-acbe-b93de4e259df	1069
34088355-9162-44b3-9bf9-1d345f4f6113	1067
340d233d-0c5f-4a63-8f05-74d24e052f04	1142
340d4a20-d80b-4409-963b-a45df07b18c3	1140
340dcc77-0827-4dc5-8f20-47a988765633	1080
340efc88-fa15-4808-9097-335ae54bb49d	1126
3410416f-91bc-4367-a00b-755852434d7a	1143
34108858-7e62-4f16-a03b-95f1709fbc18	1125
34120272-f018-4558-ac22-73897d96d06b	3316
3414ce51-8288-4aa1-a181-fe5e950f80c7	1131
34163ec8-8035-42ad-be5c-24a8ae9824a2	1137
34185578-ba00-4a9c-ab8f-592de7f96a8b	1897
341d670b-de06-4c8e-9fb8-bc2d1a4c359e	1134
341f30fd-e240-4057-b9b8-638dfff4ec36	1084
3422802c-5e13-45c9-8062-edc4a61bf7dd	1110
3423d81e-ffd5-4c01-9399-d39c7db33b9a	1140
3429934c-eb04-43b6-a50d-a853669e39e8	1077
342b6399-e714-4bff-818a-b94f5bd81b93	1084
342bd1e9-41ac-43fa-8ba4-422361725f91	1917
342fff2c-42cc-4f9e-bbb3-00c1b4cbba83	1078
3433c1ce-b788-499d-99aa-afb106e25756	1023
3434a11f-bddd-479c-95ec-a3c240ec351c	1066
3436bf6c-bda3-418e-8a7b-7ca7532c65a4	1118
343a1076-cb58-4b57-a3d7-7c8dcbb5c4c6	1110
343c331c-cacd-4078-93f6-470cde3d3ea4	1068
343e675b-8604-45bf-a2bc-542789e078c1	1136
344080ee-5402-4f24-97da-2583e43e6411	1069
344211dd-e46b-45f6-833a-018cfd61af21	1069
344630b9-e2ed-43de-b8b3-907a1082c15b	1078
344a8778-ed4c-47ef-aca9-273c8281de40	1075
344b1af5-59b6-409b-8115-92ba54488b0d	1147
344b64fd-29f8-4c65-b52e-5108a6543b23	2079
344eb8d0-432d-457e-b043-4048308ecb92	1082
344eda70-fc24-4cc2-8e1b-c94ee672e431	1073
34526f1d-548f-4859-8d34-c29948ee8243	1133
3455be8a-2b83-4e52-b9b0-98e4b29d7c33	1071
3458b57a-ac4b-4299-89bd-3a91bb1ed908	1130
34591860-54c8-42e4-9911-abef24de6849	1139
3459e333-65f5-41c8-8288-e1b2e869494a	1124
3459e60b-8d9b-410d-b7a7-41d6e1d01868	1081
346129d2-d5c3-4d14-8aa9-a68032a0a81b	1065
34615e48-9c49-463c-9dde-6dbd2a839d19	1130
3463e8cc-591d-47ed-86db-8c7ad0da34bb	1156
346567dd-ac58-4fe1-b359-a53e8ef4b964	1123
34671573-cbb2-45ba-8bfc-7dc36314ff33	1145
34683360-fc10-498f-98e5-8ea5c2b523e7	1133
347f3046-ac3f-4848-abb3-59521f0fd5c9	1126
34832af4-d14b-4260-bad9-c5a103b7fde2	1132
3484f498-05e6-4bd6-9b0d-95fe0582d700	1081
3486cfa1-2b4e-4838-a675-2f4a05896c6c	1069
34891416-10eb-4230-b725-6380c63e8602	1082
348cd68f-fc3c-4568-9598-2eb7f2627a92	1139
3491986b-aa57-4d2a-bb44-29a4298d6773	1127
3494658d-2ffa-4662-8bb6-a5724238dad6	1083
3496d24b-b686-474f-8f40-246668a1e0da	1073
3497b4e2-14a4-4e4e-91ae-1a2fb9cca789	1066
349996b1-1b66-4d08-bc81-ae2a0488f935	1071
349f8983-6bdc-4d12-abfd-4d419e030459	1144
34a0ff4c-1a54-4ae8-8d5c-adb3740abaee	1072
34a1dcf3-cef7-4c66-8607-5eb47ae4815f	1143
34a27c28-0e2a-428d-a210-27269295fca9	1142
34a32dcc-4949-4dcf-bbbb-20b9b19a758d	1139
34a5467c-375a-4b2b-abf5-901e2f32e493	1055
34a7ee80-b775-44b8-86e8-7c8ca27938c1	1448
34ab5cc3-509c-45f1-8750-06fe6c123a72	1140
34ae4454-6486-478c-bc8b-d64738eef64e	1129
34aec55b-6711-4edc-814d-599fcb0bf045	1139
34b268fe-8cc8-4e5d-a44a-8cf35066aede	1062
34b8afdc-fe49-4616-bb36-375ca2204059	1065
34b98b01-b0fd-4589-92f4-1d2ac846279d	1071
34bfe2c3-4901-4ae5-8407-3128c4d6736e	1060
34c0e89f-2b72-4668-a1f4-7e01b19932d2	1081
34c39ab0-4d03-40fe-926c-b43598330e81	1074
34c45e64-675e-4e5d-8111-6371b47baf87	1144
34c7ad21-6f19-4051-80ab-e95068f27029	1932
34db223f-fd3a-47e4-a406-f4127083d9ef	1142
34e64172-52f7-4384-8150-f7de04383209	1143
34eb53d3-59b4-4d43-8b75-0898c8800b48	1135
34ee6dfe-d1a2-4a5b-b66e-527c8b80a2b0	1068
34eefe70-2386-4773-9356-219c8096e76c	1185
34ef6d3b-3b04-4fa0-9810-14361aa24c15	1127
34f19b98-f8ec-4927-a8df-1632abeb24e1	1132
34fbd99b-0ca2-49ea-8ce9-8fe9b48941b8	1070
34fd9f44-e15b-4857-8841-36996fef739d	1063
3501f713-15bd-4e6e-bca1-fc2f02bfbde7	1068
3502463d-d3c1-421c-9867-329f8ccddec0	1126
3507e103-8d91-4fa6-bdbe-2e0eeb7358c9	1151
35086110-49c6-4ded-9b2a-29892eae89c7	1165
350a560e-920d-400e-a511-d5dc96b98a50	1153
350a6c24-2dd2-4c19-b98f-4f4038379e41	1139
350b0b43-db99-4e19-a733-522dd7a6da00	1105
350c5093-4597-4ee0-b3c0-0bc7066259ec	1153
350e5a05-b42b-40f8-b445-1f48f21cf9e7	1130
35100db9-7fb1-4a5f-8ec3-8b4daa8381c2	1133
3511adf8-6298-43be-ad85-32ef8a654709	2033
35141491-d73e-41cd-9107-c650745c1fec	1132
3515096f-6a1c-4e56-9d1d-493e0af1b76b	1131
3519667a-6688-48d3-b234-0b67a07d9cc6	1148
3519cd12-5fc0-4a6b-9177-d1475870369b	1077
352168ef-428d-4bb5-bcdd-f45182adcc02	1071
35251118-308a-4ebc-a2ca-016ef900eeca	1064
35298e60-ad2f-4f58-a36c-7187d02a071e	1075
352a6430-214e-4cb0-9103-132f78ba7b5d	1130
352f78a6-e4de-4254-909a-1f93a4875d58	1138
3533dc81-d216-4da3-9bf8-0780ee35ce90	1081
35341e0a-da4f-44e6-969c-60cadb51b23c	1139
35365ccb-1191-40e9-b2f4-1e6157f655c3	1131
353955b4-ac88-49f0-90ec-45d6b63e29ff	1119
353cc8f3-e212-4e0c-b95c-54f16e6e58c0	1134
35404b12-0252-434c-97c5-c3557a89d303	1146
3540c42c-0543-438b-95d8-dcb76ab22114	1124
35434bb5-0501-4377-bd58-e168248322d8	1092
35473e95-8064-49e5-80f6-acb340a28229	1127
35481638-1fe0-4fd8-91c6-b065dd922cf7	1133
354981a5-0ad4-48ae-98d9-cfd89539fbb2	1142
354b8561-f4bc-4490-aa86-ff9e105c4ba1	1128
354b8fe7-15c8-4b16-a926-12f90b11481e	1135
354bc4a6-ab6a-409c-9bd7-644f3cc5170c	1135
354f06de-f720-428c-810a-9123e931e7b9	1072
3553a742-a91a-4a75-8dcb-1eb9c4969d04	1146
35556ab0-c79e-4050-b907-13c9303e4ec9	1157
3557b946-3381-4235-a311-d0ffa879b57c	1070
355860ae-8a18-4d08-a618-07e014705431	1071
355cee18-b549-4bd7-91c9-cab913599f4d	1066
355e9056-daab-4145-9e0b-0e89da4c09fa	1129
3560ae65-c473-47f3-94d2-4f072043f0f6	1123
356205d1-3879-4312-b16e-0bc01500669d	2139
35648ef7-7cb0-4927-a3e2-2768f37c64e2	1081
35671140-4e43-4d3c-8994-7de411db6175	1068
35677fbe-87c2-4c1a-92e9-07959568a2ff	1134
35683e2c-4fba-409f-bc7e-1ea146a48250	1073
35687ec4-d7b3-4c86-a774-c9731c42e56b	1135
356c9315-ef96-41ad-8c90-81ee25127cbd	1071
356cd1cd-10db-4365-a3e2-d467196d5c75	1126
356e10a5-0886-4db4-989d-81e6e52a8f99	1134
35700309-327f-4d87-af46-06f4061c43d0	1102
3570d192-c43e-48fb-b594-c86da2ae77c9	1078
35757eeb-05f7-4cbc-9de9-d030c4ef67c5	1061
3575e806-9305-42f0-9e63-42883f9254d6	1133
3576eb68-a397-40b6-aa4a-3c12030b5ebb	1062
358304bb-4dd9-43d7-87b3-5b4a97896037	1133
35842051-5669-49b4-bf43-df861101a37a	1136
3585b1ad-5eb2-4524-b731-291b855cfaf3	1142
35861902-aa4c-4f92-9d1c-a68d43c2aa9d	1074
35885154-8444-400f-abdb-1ab238caca9e	1160
3588cf34-4080-4436-b6ee-bac5a0a38812	1102
358901a8-1fd5-43d4-ada5-b4b853e61f82	1080
358b008f-74b9-4373-9187-b58b4ed1d040	1070
358bdafe-0328-44e2-95aa-b7a3e3837d85	3152
358e4abc-2b3c-4da7-b664-056bd3180189	1087
3590b1a5-2652-4bff-bcd3-de74030ed580	1084
35913b5b-da8b-4904-9ac5-532093edd3cb	1068
3595ca15-3502-43c2-9a13-ff00d398d934	1087
35967e4b-248d-4cd6-8249-84a1eb25c578	1067
35976c51-44cb-46f0-9ed0-332516bbe834	1117
359ab938-5543-4587-b0f3-4ef2122e4fdc	1142
359b283e-2d38-457f-88bc-f72f0f1b8653	1163
359c6a62-1ab2-40fc-beb3-d2e78003b674	1127
35a41243-d890-42f0-aa7e-227d454975d3	1140
35a4f3a7-40e2-41dd-8dc7-ca5bf3ec1079	1282
35a68cb0-1484-454e-be90-4edca0be0d7c	2115
35aaaca4-1583-4265-a26c-6fc3d9706352	1141
35aaed68-01c7-49ac-8df8-40401723b4c6	1141
35b145de-d0c5-411f-a0ea-7cff723529e3	1075
35b76dad-f830-40ed-94fd-4b6e8d4d92b6	1073
35b818c5-502c-476d-a678-995222c701e8	1070
35c2cc66-e21b-4e7d-b867-d4565e436009	1135
35c38092-7c86-407c-b269-03caf772ba29	1090
35c53274-8076-409f-b8c8-a5d4dc48e8a6	1076
35c76240-b5b8-4351-bfdc-b0c2eafc7a35	1133
35c79ee8-0548-4591-bc1c-e1676b729a9d	1109
35caaf1a-cc9d-4077-be96-f8916afa9236	1063
35cd7ef7-b309-40aa-bc83-980b7d57373d	1055
35cf9e19-2182-456d-8cd3-7af9dfefe6a2	1131
35d2b721-9151-436c-9c9d-b2651542a4a2	1149
35d5275f-b009-4b1d-85ae-7d1e3c163620	1141
35d540cd-233a-45ff-a06f-85c2b4e58f47	1131
35d63c8b-a5f5-401a-8731-ba873040a70d	1074
35d64e08-867f-4b65-aa4c-087a8cea8901	1125
35e1c31c-decb-4e3f-a6f8-50b708cc3516	1071
35e23f52-22b3-4bd6-89ee-9aa68514cb76	2034
35e32770-bf6d-447c-a704-ed16cdaff3b6	1138
35e977fa-0e5c-401e-9dcb-4d027868645d	1160
35ebdfac-ad72-415b-8504-5ae923a4f4dd	1286
35eccb49-d888-4c00-a68b-13c0a6127e04	2038
35ed8555-914c-4f25-af14-edbd685475b2	1058
35f51bfb-d3d7-4517-b3f6-96a6ca31242d	1091
35f55d4b-6315-41b7-9bb5-fd7b10daf6ed	1076
35faa0ff-4e81-49e8-8f7d-8d453a9b738f	1068
35fc4d7c-5dee-49de-bdf9-225dd5db4027	1064
3605761c-5b90-4d62-b62f-2f710c9774ba	1066
3605d011-a860-4df1-b875-2aa217d4ba64	1127
360f826a-3b1a-4826-8184-35cf604bfd5d	1134
36119c8f-704f-4497-be57-5f975ab13845	1137
3613013e-5eef-4f65-a514-b75b59748199	1124
361832e7-6007-44a1-844f-4cad6396bde3	1011
361b45b3-a264-49b3-886d-236120f09cf8	1130
361e4b32-fa82-4aa8-bb94-5c50fa818374	1117
3620b34a-2877-4135-ab56-9666aa2795c6	1138
3621e471-2237-4c3f-af97-2d8516cff3d1	1074
362ff2ac-7040-4262-b7e8-cbcd7f6752e9	1066
36332568-95a6-47b8-9e16-51512c24e104	1135
36352237-65c8-451f-b3d3-8586d6bae8c3	1081
363b53ab-3051-462f-bd90-0409f8d75e72	1132
363bf032-806d-4c14-a76f-43db5eeb2993	1127
363c6cf2-142e-44e6-b224-2722af48dd3a	1063
36491d98-c6ab-46a5-ae43-4d2f3c06525a	1081
364a5fd3-743f-42a4-a161-eccf97105d95	1137
364dc7d6-b1b4-4c47-8315-2584ba28bb73	2033
364f0033-4b64-4dca-adcc-214b3339ee05	1080
365662d1-e9d1-4e1f-acff-07577f839243	1137
36591550-65c7-40be-a390-ca58156c990d	1139
365b47a3-1e00-4375-b548-ba117c7244e0	1078
365b78e8-2991-4adf-a2ce-59033c706e52	1057
3665166a-de8e-4002-8bce-63bad8bf3bd4	1140
3671846f-f700-44f7-8fa2-e22eaffe7537	1150
36729d7c-5f63-493e-9643-90722b3964ac	1151
367306b3-7c52-4f65-99ea-cc64a91405fe	1069
3674895f-cc20-4047-bd19-3178bf44f6b7	1071
3674c7e4-c2a9-4c6f-8e6d-8cdcc1d7806a	1932
36764ca4-a4a7-47f9-9c32-4c755600306d	1131
367b8390-3832-4e53-858c-a71433453bb5	1531
367bc1ce-d780-4506-a21c-832793975bdb	1058
368168e7-ac13-440c-9bfb-4c04a570fc3f	1127
3681b12f-5c62-4282-90f4-110d03d427d1	1116
368407ca-0194-4ece-8964-66143cc8892a	1140
368aa8ef-1d8b-4aeb-b216-4796edbf9fd9	1088
368bb519-2685-43c4-91ea-817909851126	1134
369049bf-a62e-4194-9b71-1b74ac9aae11	1105
3690c7b1-d4bb-4692-8507-1fb6b77b6c40	1130
369b0b1d-7783-4c86-847b-3959f591ba1f	1094
36a1b661-43ac-477f-ac54-78dd5e5dda19	1140
36a1c7ec-6812-4034-b3e9-af46398e039b	1136
36a3404e-a46d-48cc-add5-530b7d490e71	1130
36aa4496-8ee0-4d91-af6d-8a9512d6c7ea	1074
36abb4ed-8a55-4d7a-85bb-30a0849cf524	1133
36ac5235-2ca3-4268-bc6a-58417808b74c	1141
36b0e929-4092-4a4a-a9a1-6492517b9870	1069
36b59172-9622-469a-9f52-eec2dfa4e9b5	2091
36b59646-29e0-4d41-a6e5-9b6c58739527	1133
36b82032-0b55-48b4-8753-4fae3d53beb0	1129
36baabf1-5869-4f65-9eeb-948b29713f91	1071
36bf48a6-6bfe-4558-a418-6167702e891c	1076
36c67f0f-bd44-40c0-a8be-29ae193ae94e	1074
36c871a6-f1f8-4acd-beda-9acbbddcfe0b	1136
36ce7285-0bb3-49c8-8f89-e5f363070ac0	1148
36d06dc0-8ff4-4d92-b7c9-612777b0afb9	1069
36d4a124-2cc2-4cf3-af5a-0247e7ace445	2033
36d4ed35-c0fa-4524-b2c8-37ad74c7af4e	1143
36d6a91b-8ed0-4272-9e3a-7ea7721f9447	1140
36dbe639-3ff8-41bd-b0c7-bf8ef36e371f	1158
36ddce77-de2a-4bdf-a281-00a998b7d32d	1123
36e1b91a-08a0-47e2-a4e3-f04655ca0c0b	1079
36e36538-721b-487f-abc0-7be5302dcaac	1134
36e7bb25-964b-445d-bb8d-620db2d4515d	1136
36f01de4-e39a-4161-91fc-935ba0184e61	1064
36f7a09a-eabe-4517-835b-6b2a895230e0	1082
36f90c84-048b-4746-9fc0-b7c6fae5a924	1130
36f9cd03-325c-4151-8b22-3eda8622aba4	1061
36fbb7f5-5465-4136-8ee0-157fe2fd8925	1131
36fdbf21-4baa-4084-af0a-8807eb5a2472	1051
3701141b-26e8-49e5-97e0-2bb0ad361e80	1105
37060086-8b6e-47a3-80af-469172a8447c	1138
3706eeec-2b00-44f1-a50b-42f06cc61c5c	1524
370f7e24-af03-458a-b2eb-3484fd5d1df2	1133
371383fe-de62-4338-a3a3-efde06e5947c	1077
3716b7ff-5ca8-4187-a7c1-4341cb488a01	1140
3718a9b4-0f5c-4334-90a1-4dd9b168f6d9	1153
371b8cc3-fc88-4a43-85e2-8501b1d2a5d2	1090
371fc380-6bea-40ff-85f6-b44faabd9c94	1128
372164e0-2b91-416c-8b10-f2d8aefe0a9d	1140
3728600f-ad97-4553-9aa6-a27046787176	1140
372dcb5c-ba56-4d82-9175-0cb4339cf69b	1135
3734688f-bd8f-4554-82d5-91ea4bc85f6c	1138
373e3d06-ad50-4a96-bd79-f4ade1396179	1065
373ec9b1-ffde-4564-8c87-77d2e7f1a044	1136
3742973b-0ae8-4fdc-a3e4-23a52b0bbf9a	1134
3743d5f7-8d43-4575-8dcc-69fe94abf6e5	1083
37487b4b-6e02-42c4-9867-90b21d0ae37c	1130
374a5222-9059-41de-9763-1eab9e204894	1071
37516c94-1dad-4803-a820-3229ff4e7f7b	1072
37518745-3787-44f5-99e5-d6bba23a3987	563
3752fcf9-cd4a-4f99-bd17-a39c2e6c2ca1	1131
37530348-68c2-4257-aa45-f61301d7b63d	1124
37537f89-82c2-4d30-b3e9-6b115dd2cb28	1074
37568537-8c5d-4d6c-8186-bd36af2ba61a	1073
37588e9c-8a28-4084-92e8-47840d0d5ad6	1073
37595a00-de4e-4fab-9530-ed48b5742508	1098
375a2897-b039-4a9d-a7e9-39c31282d79f	644
375a5e9a-0d86-4fbb-8eb2-d7b675f2a335	1067
376045b6-ab54-4558-a5d3-7f596fd19591	1116
376574b0-968c-4e36-8e70-0c5b5dd00be0	1158
37670637-b20b-44bb-b980-676a893445e5	1545
3767abda-880a-421d-8710-ca3ca565da48	931
376a218b-a5f4-4f5d-9e65-0a3dd4097b37	1145
376ca34b-b1e6-4e91-b5bc-d058c022d7eb	1158
376df193-fad6-4571-b1e7-6ba99d81666f	1080
3777cb8e-7078-47f2-8b81-3d94d98a3cee	1155
37796ab4-cfc6-4644-aaf7-e23b2531101c	1065
3779ae89-a6a4-4081-8a26-3e2ded51d1dd	1075
377a304f-e019-4c42-8eff-63501dfc6940	1114
3782f834-1ef0-42cd-847b-ce75c79eace0	1138
378afe98-9c47-4b57-98fd-72c3786a2373	1118
378efe31-5672-4f61-99af-6ac8dd83ec33	1135
378f23cb-c427-4dda-b5db-ff07510fb9b2	1127
3797887e-662b-4bb2-9c88-92f73a1b66c1	1063
3797d0ee-a1d7-457b-a953-7b22491d409d	1134
379a168a-389f-4657-980f-59c65123dd23	1137
379d1d49-4e9c-47b5-8343-17b83519c38a	1154
379ead9c-1087-4915-8f0b-b845f232060e	669
37a46cbe-1caf-4a82-8cfc-12d63f255301	1089
37a4e5c3-5d71-40b3-91a7-748e8d603019	1132
37a67179-bbfc-4730-b4f2-2eb3924327e3	1124
37b0884d-b515-4060-80bf-34c36dfaa161	1090
37b9c8e1-dbd4-4449-a114-fa92f8cf2a1f	1084
37ba2b83-243e-4a93-b293-45ef658403d3	2049
37c53922-8e4d-4113-af6c-c6dc836da6bd	1138
37c64add-4a02-4777-b6bd-9d3cf92c53f9	1087
37ca62b5-425e-481a-9ab1-8f0d5f039627	1920
37cb777c-9ee5-441e-948f-4856a0b693c8	2154
37cecd7c-fcec-4b84-97c7-8a769839d6e1	1131
37d15624-8dc1-4825-9beb-33e38f340216	1139
37d32861-d0ee-401d-bcb6-eaca3d7469f6	1131
37dbfa30-fe62-4138-8b38-297c16f90e2c	1127
37dec50d-4c6c-481d-94fa-fdf76c1e962c	1114
37e251a9-50e1-44d7-be6f-13f0a8c30036	1135
37e25858-e963-4e2e-b9a0-13502a75c9fb	1135
37e62230-398d-40b6-8d8e-856c9010fc2b	795
37e78fda-0f44-422f-895c-d39f3289c7f0	1067
37e9d42e-aa81-4e7c-9bc8-ae61d297fa5b	1092
37ec704f-5bf5-4393-8ded-fa7c26c2751d	1180
37eca954-43bf-4288-b78a-aab85729e7a9	1120
37efd2b7-c1f1-4441-bbec-e5086aa1ad10	1070
37f10a36-da99-4179-bb12-169b0e252fef	1139
37f49749-6754-4e03-8a1f-9abe7593e47b	1130
37f65aaa-b28a-4a18-b92b-c5143d810db1	1070
37f6643d-38a4-4773-acb5-d0e73245dff7	1134
37f7abf1-6700-4e7b-a760-283c34ab138c	1074
37f929ad-da29-4a5f-baef-49d708a1dad6	1068
37f967be-2f7d-4139-8930-8d06b930c991	1132
38010692-44cb-4c0a-ad0d-5299d412eee8	1079
3804f25e-0c91-4801-8c83-17523e9ed632	1137
380630d2-efa8-434a-8aa7-d46ea6d55962	1076
3807128c-e4d5-439c-98bf-7f1328a72cdc	1138
38078ca9-33cc-4ce4-bbfb-8e7fd5aa88a4	1088
380956b1-b893-401a-887f-3111a95611c1	1072
3812a67c-88fb-480d-a735-f41a8e316043	1126
3815270f-314e-4eef-9352-8a4866692922	1068
381d3cf2-20f6-42cd-a97e-b86dbbba1c65	1137
382240ad-e05e-4d76-a73d-2d524e5344e5	1135
38235cfe-8074-4dfd-a9a7-33a5529f0f6f	1071
382675cf-43a3-4945-9749-d2499d3f7857	1047
3827d810-b88f-4a49-bbbc-0e13fdc250af	1135
3828c30b-3f2a-4e5b-be88-f4eb21c3b8e6	1142
383636ac-91d1-447e-9301-80675358d1e9	1073
383e31b2-49b5-45cc-b9e7-de66c46c0f40	1162
383f1fa4-1027-43ac-a195-6e93bcc97975	1073
38437aa8-a5c3-4912-a258-55b2f2013013	1117
3843d751-2e05-4d13-a36f-632e45a9c2ef	1092
3844bb73-ba43-4bf5-909e-e7559aa47c72	1134
3847abde-33d1-477d-8af9-3408d35f92c9	1080
3849d79e-021f-44d4-aec7-5c710ea73103	1098
384e9650-3fe6-44ff-850e-b55a0229be31	2038
38523ceb-335d-4ddc-be30-0a4975496a97	1070
3856eacc-8b9c-4bd4-a226-238aa6705da8	1138
385cbfc8-3957-48f4-a196-424421a1980e	1139
385ef1a0-1dad-449e-9816-3bb28b293c4f	1137
38648fef-8e53-4bba-98f3-692cce5a32e0	1074
3865612c-96a1-461a-b1cc-9514cbea439b	1073
38661089-8d91-4373-8f21-71a38e459b3a	1073
386813c9-4eca-4ed5-b569-4c226d8fbcaa	1072
38685579-e28b-4456-8df3-377d69d37b5b	1063
386bcf35-1725-4b5e-bf0d-bfa34f210b31	1846
38763947-67f1-4f2f-98ad-403c000eb89d	1129
3877087d-3581-41f9-91eb-4bdc0c0295fe	1131
3878dacd-9761-466d-b96f-bba7b2adc618	1070
3879eb2d-1c01-475d-93cf-a67b88d3eb8e	1210
387b9a26-d0ba-4695-a73d-9424c9d31784	1142
387d92b7-e435-48af-82ac-fc68e7cd312a	1089
387fb51c-69ad-4daa-901d-7740bdd0db09	2122
3886b352-b2bd-40ea-a006-2d8cd0bd8e44	1136
3886fa51-4d29-4ec6-8b22-acf6c28ab40e	1123
3892f341-babc-4a3f-a6bf-ba29e37e0043	1065
38966bdb-297b-43dc-8717-a94a2bc523d9	1073
3898a374-ef07-4a4b-bcaf-f03cfa692147	1134
389b7d09-adb4-4188-8cf3-784d7dd8823b	1079
389ed0cd-cc17-4ae9-8d64-4c4d3d7c6781	1076
389fc146-28b0-4dbd-8193-6cf3ba160b76	1136
38a243eb-0940-47b6-abb3-40d360b9f1f8	1085
38a9fc3e-8d63-41a9-a039-7702caff2b39	1146
38aaef01-c711-4696-80af-d89263d2d6a2	420
38ac26e2-57b5-4ca8-9ffd-7bb64bd3b1b9	1127
38b23dee-41be-4abe-8b48-f30a087fce8a	1076
38b32c35-f63f-4818-9845-5df55b3e57f8	1131
38b642c5-cd01-42f8-9cfc-cef754673695	1069
38ba201b-93c4-442b-b360-495ae2fa7f48	1126
38bb5601-c168-4103-bb0e-9b9b6ef56b32	1069
38bf2f8c-51ca-412a-be8f-fcbccb1e1457	1145
38c126cf-bb75-472b-9710-b4745bf6e5b1	1563
38c26ae2-b8c8-4e92-9f59-ebc340996486	1088
38c346f6-6acf-4982-acc2-3dc9baf9d1e2	1135
38c910a0-3814-4805-a833-56c121ea2cf6	2056
38c91329-9b3b-499e-9ba5-f1333f879c53	1095
38cba7d9-ef82-43e6-8e1e-aeb9780826c1	1068
38cbdba2-5ee9-48cd-9f4a-9c375685930d	1132
38da53bb-cca7-46e0-8694-4019ee9db788	1851
38dce881-f146-46b8-9c65-aa150159610e	468
38dfd247-cdce-4b1d-b9b8-fe2f1e73c370	1134
38e2dba4-b7e3-4560-ac70-60cae217da99	721
38e565c4-6442-49b6-8eb7-a931746cfa8b	1133
38e9c819-fa5d-4d79-8368-76b663659239	1078
38ecc3c9-cbca-43b3-95c9-93d9abf88bac	1100
38ed11a5-4495-4e14-9b22-ec21fb3edb47	1089
38f46e3d-6b17-47f9-9cfa-a8769d527d79	1112
38f57797-d215-4d9f-abc6-052507a3a1cf	1078
38fc7140-e575-4bda-9e57-03b954fa3bcf	1123
38fca41e-80a7-47e2-86d7-77222056e53f	1083
38fee1b8-b821-401c-99c0-c360d56f4d06	1074
38ffac78-1359-44f6-b208-3102b9bb6b9a	1154
3907a98a-9472-44cd-af78-8273325630b9	1136
390d4c95-ac13-4fff-9fbf-d516431434b0	1062
390eb1f0-3504-4b3a-ab1e-af6aa7348fcc	1134
39103a68-455c-4936-9734-d00f53249c1f	1136
3911922a-74d8-4f1a-aa71-15b54c38097d	1078
3914a1da-f2c3-46c3-af85-27a9b6236ddf	1072
391a3342-4c29-4f3e-ad05-dcd036fe082d	1074
391afbd9-911d-4d6d-8f75-83e32011b222	1132
391d9e09-4050-49e4-be51-3f655577ab37	1073
391de9fa-5dc6-4d15-8e07-7b66dbafb805	1133
3924d02f-3463-4d7f-ba4c-a2a31ce6ca29	1078
3927af97-11b8-427c-bffa-1ec4e3924369	1131
392b3b39-2146-449f-ba43-fd5c60380bc1	1087
393207e4-8766-4270-89c3-532400c956fe	1123
3935cb7b-d5a3-4193-8d36-fa7d241e8be8	1127
393846ef-3ed7-46fb-bfeb-30979d52fde6	1132
393ada39-5889-4710-9eeb-947c74ba4cfb	1126
393b6cab-628f-4542-9921-8ae21b217409	1151
39414669-d7b2-424d-be5c-282b270be030	1053
39416fa3-4484-4022-95f9-abed1609de57	1130
3941b092-efaf-4538-950c-a3f43d0e9272	1998
39448d93-f048-4acd-885d-2239142e3c81	1138
394ad1fa-e1cb-4a9d-9248-cb878f83acaa	1138
3954b772-7abf-472e-aafd-ce16c465670a	1137
3957bd1a-62b8-4748-a42e-e7164fad4e5d	1092
39599f07-5e61-46b5-9f4d-36326fae4152	1075
395edaf7-821b-4176-b862-041222779ae9	1152
39605b83-61a0-47f6-9fb2-45007b101bee	1131
3962f89e-371b-4fca-b24b-67d060fbe587	2026
39644400-4fae-4fec-991e-0501f265c7d6	1129
39648ea6-a650-4618-9bb7-15ae2d17fe58	1138
39666671-1577-41e9-8d2e-8ad0b4ad3bae	1134
396a30d0-bb00-45fe-88db-405269905c19	1071
396eedbb-5e14-47e5-bbd9-c912eb6aa2c3	1072
3976e898-506c-45ea-895f-b90123c9ad86	1059
3982ecf3-dca4-4056-b568-3a6b45f9cd21	1118
3986a801-d547-4f9a-9960-5c641220c201	1132
398732fd-4a0f-4701-a599-ff03b6d58a96	1130
3987e8a8-088e-452f-83b3-290010f7e6ad	1072
398dcb5a-80f5-49e8-85a8-9f24392a293c	1116
398ebb50-082b-487d-afee-22457208fed4	274
398ed391-0152-4bb2-9452-f29f2038fa19	1078
398fdec3-85ca-4c4a-8394-21102a23f8ed	1088
39917c93-cc8f-4f7d-96fe-cb764c9d925a	1054
39919a38-c33c-4d58-b4b9-90d341fd46a1	1156
3991da82-c5c9-48ef-9b33-3fb97e10b951	1148
399a76e6-3ead-494e-ab06-666caed096ce	1139
399a9189-b5de-4256-aa08-efa70e7bcd4d	1112
39a0b8b6-d07f-4eb9-b712-359d954afef3	1135
39a3dbd4-0d12-4447-a89b-579efb82a0d8	1133
39a5a3fb-2158-4259-8f9d-6b7165aff560	1068
39a8937d-4d1d-4d11-86ab-47eff917f091	1095
39a8e696-e812-4e21-8e16-f679c1c854e0	1117
39a9c0d2-9797-4ef5-ab30-14eaf0042c72	1133
39aa9b6a-0a8d-40a2-8332-c9da47a24646	1138
39ad5074-6c4f-4d6c-88dd-55b1eed034f0	1151
39b20f15-9122-4af0-8be9-9fef7b294e5e	1141
39b585e1-f881-4d70-9142-68484f5bd6cb	1061
39b78e20-b60f-4ac4-b836-cbf6127316e3	1077
39bc0b62-26f7-4741-914b-321a2652ca7d	1070
39bdc32f-d126-4a70-a474-da6d2c09cf6b	1084
39c10ab7-96d4-4a7f-9af1-b1008e7a33c5	1152
39c3ef84-860a-4597-a79d-3a362e5f66e8	1092
39c74903-7b0c-4e3f-96a4-56d98d04285e	1088
39c9f4d7-d0f5-4f9f-899c-3fe47ba46936	1126
39cffc27-2703-44af-8ca2-56e5d9c9495a	1128
39d104f5-adae-4efd-aa1e-6e8eda5c8f5a	1108
39d3613f-d2f0-4846-a918-3130032d2cac	1140
39da1692-b4f9-47ec-aa15-e5462e3796f6	1131
39dcf627-6c12-4df7-acb8-673e35015264	2127
39e403ad-513c-40e7-af5d-569c95e5aa64	1076
39e4bacc-05ca-48db-bc0e-0421353d413e	1075
39ea5821-df3c-4d82-96c2-452aa0b6c1bd	1129
39f6fca5-c69b-4a81-b3d1-bd41c3ade80e	1081
39f8b898-8625-442b-a4f7-3891a3817ae3	1168
39fc0d35-421a-4d49-85cb-ffc5253edd29	1193
39fc57aa-3c40-4b18-83a3-7e64137b6c8d	1151
39fdac6c-277a-4a27-915f-79b2df04e408	1142
3a02b3fa-34ee-4610-acba-a4a2f488d5be	1127
3a092a49-dfc6-44c6-82ad-9bd9d07874f6	1093
3a098f33-6a17-4e28-ac4f-9808933d30f9	1127
3a0bb464-6172-4f5a-b3d3-c6e6777a0d15	1147
3a0c047d-0c9c-480f-9098-2628c8978bac	1135
3a0ecdce-cfa7-472a-a212-6d733f8667d8	1137
3a0f0ef2-723f-48dc-8d0e-9517af6bc7ae	630
3a135362-e2c5-4734-aced-9640d456e5e0	1077
3a1bc78f-bfad-47c0-bb22-6b41022e0ee7	1065
3a2062ba-d44d-448e-9f66-720873acdcc9	1147
3a2a51b1-9515-4b50-b230-cba1cbfaa48f	1068
3a2ddf43-b59e-4d67-a6cc-c9e19f31bea4	1136
3a2f6b8a-b51e-4660-8ab7-36c5cd792735	1070
3a3ba7e7-21c5-4a95-a7fa-302af3e4d643	1090
3a4207bc-4c74-40ea-8121-ce7da0dc792a	1094
3a4784de-9434-4371-b7a7-6b443fa5128d	1062
3a495282-3e6f-4636-a3c6-5188cd257b7a	1070
3a4aec3b-ac24-48bb-a4c8-f62eda672701	1072
3a4ce82d-6978-4948-8f05-b2574bba129a	1135
3a4ed03b-34d6-4d5a-a146-4626b860ac93	1129
3a505f3e-5a00-45fe-ad1e-0ae4a03e995b	1068
3a50bc29-c068-4a8f-86ad-d0556de9a8a7	1071
3a54130d-4fb7-4aab-9a8b-e68ab4d8e806	617
3a56fa83-3e25-489d-ba0e-dfc5c765c7a0	1137
3a5d0afe-8284-4f21-b343-5627417bd3c3	1135
3a5dca15-0dea-4bf8-8c78-e37311c4cfd3	2033
3a63d6c8-862e-47a1-a210-8edbc3db978c	1122
3a650af5-4709-4314-8b4a-65e62ab9d627	1128
3a65a247-9a2f-4e48-adc6-2585832ef87b	1143
3a6685d9-ee56-4c3d-891f-9b150fb421c4	1148
3a66b02c-13a2-4ab9-9e00-86b651077c4a	1070
3a66bb7c-c58b-4cd8-a30f-539525003642	1135
3a70f1a1-ab43-414d-88b9-12a28ed7c03c	1144
3a733a41-1459-416d-bfc8-b4336fe2e633	1074
3a73b8f4-8d34-4b92-ba7b-c231bfc6e107	1135
3a74e6b1-c95c-48d1-8bd9-7fa45c63760e	1117
3a777398-ab98-430d-b1fe-1dfac5c236ba	1127
3a790a53-46ef-4432-99c9-16ffb0238a15	1095
3a79a2cc-6658-4072-8a01-5c8e4a39d68d	1123
3a7d2f51-defd-49d0-99c4-7445a7126dd5	1101
3a817e99-cd56-489b-9851-1a7c309e80ab	1376
3a821ea8-0db0-4009-b899-8e962241e439	1124
3a828ff1-19f0-4545-ba78-52fb82f06da2	1095
3a837879-6bef-421e-a6f2-6215d0578135	1136
3a8ace9c-6089-441e-a00d-042b1c73bf49	1138
3a8af494-ccdc-417b-af15-6072f9d92f04	1127
3a8d09fc-68df-42cc-a6bb-68383ff35ac8	1130
3a910609-e50d-4d1b-a0dc-320c42588a97	2060
3a9203f4-81f8-4dc8-b8be-c35936c22943	1144
3a93053f-2cdc-4f55-bd9e-075bdb3d8535	1135
3a958815-a136-4a5e-820d-d83286a05672	1140
3a972ef1-0aff-45ac-b3ce-f38fe9ad3d21	1134
3a97e58c-758e-4f64-be46-91bfdd2317d9	1150
3a9934fb-6757-4d57-9014-d202546ac8c0	1092
3a9a9aad-6edd-4ce8-8647-25c3b1251b32	1134
3a9b0e52-dd7e-4d3a-acfe-59885309349a	1124
3aa15d8e-a744-4d18-85e9-7ab46d06ebef	1138
3aa1f96c-bf37-4396-a3e7-0e20c3c034ee	1094
3aa3af59-6ce3-4666-bdb5-aa7d523b50fa	1135
3aa6304a-7689-4a99-b151-22596113538d	1112
3aa639dd-22ba-4cc1-a803-cc31f6dc3f5c	1077
3aa7a82d-2478-4640-bf75-b3994052f20b	1076
3aaefce6-7b06-45c5-957d-368833857954	1140
3ab10d17-ed59-4bdd-83e6-5a2d5d5e2ea8	1128
3ab222ad-38e3-42fc-b566-048778658b65	1073
3ab42e12-8075-49be-817b-1bf0debcc640	1076
3ac666e1-22f8-4d1a-89f3-815365144f00	1071
3ac9034e-9ae6-4b35-808d-23728dec60dc	1153
3ac9c511-3888-43d1-8ce3-59120264f559	1131
3acab602-6538-44a8-bf0d-79513ec382c1	1128
3acae162-f145-462d-8994-2a3e2744d6c5	2066
3acbe32e-df4f-47c4-b400-818332ba4104	1135
3acc224f-e5e1-436b-a739-fe649d2f6855	1127
3acc8c89-dd8c-42ca-9187-2f4c6f78f3c6	1126
3ad05d81-e251-4d40-a1a4-4a6bc3398fac	1078
3ad0f66b-d4cd-4b32-8628-a97ad67847ab	1119
3ad74700-caa0-43b0-8d1a-f549d53453b0	1129
3ad961af-c9c6-4ec7-85b1-b7f44df734ec	1508
3add77ab-028e-4537-ac83-083e627ca9f6	1139
3addef48-bda7-4984-9e02-84ddd03e79ca	1125
3adf5fcd-ecd7-4f2d-80e5-18aa4257244c	1064
3adf943f-cfde-482d-917e-4c4797547e01	1136
3ae4ba12-c8cd-441c-a74e-faa4204d88d0	1133
3ae5d037-088c-46a6-91b6-ec14738b51cf	1080
3ae6a573-8260-4f0c-b0d3-5b4eafa1ac4f	814
3ae6ea0c-8dca-4189-8612-8a051d9a1a83	1126
3ae90b92-00c1-461b-a7cb-b0678680a7ab	1084
3ae9635a-cb57-4e2d-845c-0cc6dd8f501f	1069
3aea9663-8194-41fe-ada4-cc0dd22e52c0	1071
3af0e0b5-9d80-46a8-a826-427228bd75bc	1135
3af7afc6-e286-4feb-835c-2f0433357bec	1075
3af92101-3ed9-447c-84e2-51b264e85bea	1132
3af980b0-abc7-4e74-a3a1-c2c2bef2765f	1072
3af98fbe-c9b6-4625-a977-0f12cc83d81b	1131
3afd5652-5068-4a54-b984-9ef1bb226b3f	1074
3b025f3a-83dd-496e-bdcc-a2cf044d2be5	821
3b0549a8-5e55-4854-81bc-c4f38ad04fd0	1139
3b0b7023-4a83-41de-a7ac-ca1699451290	1070
3b0e624e-f613-4edc-8f06-ba4cd80b0c18	1133
3b149373-1971-4501-b14c-c799b05c2741	1126
3b15104f-add5-4505-a43f-2b5effba5571	1134
3b18f164-66d6-4e11-a56d-11f75b8a71b9	1072
3b1b013a-48b3-43ee-b6a4-bda0a34d11c1	1081
3b1b7e36-7662-4107-a029-d3017e1d0011	1135
3b1cf58e-14c9-4ee7-961f-53357006cb0a	1095
3b1f68a9-72fc-4f0f-bb1a-9f83047a857b	1079
3b23dd57-6df8-44b6-9e8a-35db8719fb6f	1150
3b27cd04-c9b5-4745-bf71-48c3774c5433	1075
3b2c3721-1fe0-40da-95c7-953002471d95	1134
3b2f0850-ec5d-4a04-98b8-a0160ffc22d6	1144
3b3043e9-8291-4575-b93c-e540361d793c	1075
3b324fa9-4963-45c1-9902-d88cfac83eea	1088
3b38c5fa-2d68-46e5-961e-e4fbbed76c8c	1024
3b42f8bc-4d6a-41b7-8cae-6c22aca03504	1090
3b442d2c-5dab-4106-9ae5-cc45227d7322	1132
3b44865d-a69f-45d6-9805-c187205f8127	1136
3b44b50b-5824-4e5e-8f15-34bde31e8c94	1072
3b4af834-3bf3-4c3d-ab2e-b9d0e59dc6fe	1100
3b4d88b9-4b05-41e1-981f-3f3e65c0c709	1135
3b50943b-fe39-4e34-861f-acceed5ad75b	1134
3b5bc811-7163-4fcd-be94-f23e9efab35f	1076
3b5e0f94-2d89-489c-a69b-04a1b7db0038	1119
3b615687-57b1-4e54-b12d-f04ffad21d5e	1072
3b618af0-bc67-4763-a2b4-caca16cf8b81	1068
3b62ab97-3df6-4b63-97d6-c274ad6db45c	1127
3b649646-2e78-4611-a872-a85dd055e843	1136
3b684abc-b85f-43e3-9af2-a022ef1b2bd2	1834
3b6c20f4-b5e7-4e92-8583-4cb7ed3ed641	1066
3b6e0598-2f19-49ff-bff8-6ed45629003a	1129
3b7208d9-a20c-44a2-89d2-6d591b7d0c22	1079
3b78b076-524c-4055-b6ef-9d9b74c77ff8	1123
3b7a21d3-9950-4731-a240-e809c595b6fe	1136
3b7bc50a-4022-42fd-b8a6-8f14434c2a90	1114
3b7c9791-4716-4e03-86c1-a97ae5d1b66f	1141
3b8539e9-7b8a-4f98-a689-4a4b0e9c107e	1134
3b877583-eac6-4b2e-88df-469de10a044f	1076
3b8fddcb-ca5f-43d2-8da3-3801e02a59d0	1131
3b934235-7fc6-4a11-b96d-af9ccb3561b4	1148
3b93539c-31d3-4906-ad94-4294aa37db6e	1142
3b95b4e8-451f-4bff-82f8-3515601d0d1b	1119
3b98eac5-2d9e-43f9-9445-1c62f44520da	1079
3b992253-2e24-4f32-8f8e-b74da344ac7e	1071
3b997b84-c6d9-4862-a3c9-00b4b5753cbf	1071
3b9dfad1-0f73-4906-b511-9e3ec821a208	1132
3b9dfe1f-ad07-4b97-b6e8-c2020ad69211	1071
3ba12d21-4f84-4ff8-a196-24c9a54f6ff1	1138
3ba3cd7d-ca39-4f3f-ba28-95bc1c21b21a	1132
3ba763de-2505-4365-a137-8baa91b14040	1131
3ba9577c-6726-4a91-95b7-4a0b71c572f0	1116
3baa3053-e09e-49ea-be1f-afb22372673a	946
3badc7ed-152f-4286-8f62-cb3599b0a1cf	1081
3bb07dab-7b88-454e-be26-fe8043c7d890	1138
3bb1f8fb-d8b2-4d86-ba23-3aaf43ac6ec6	1134
3bb28793-bd1c-43e3-a692-9ef578ca3cb7	1146
3bb84442-f24a-405f-9435-4bcca9254357	1126
3bb96932-1633-4f25-96dd-be0696ab9ccf	1067
3bba8415-c79c-45f5-bfbf-07f450959039	1078
3bbd69ea-3721-41cd-a351-658a0c567c31	1080
3bbdbc1e-d91e-4a7a-8736-2cc4c4a69997	1074
3bc3f9ca-24b7-4351-99be-c59b3ffd762e	1133
3bc9109b-e68e-4a3e-9a71-e12708af931b	1091
3bcd1ab9-41fc-4a8c-a507-5b09e1d26946	1209
3bd01f31-aedb-4ee1-8c37-36d6943fdf38	1059
3bd17c56-ba71-4bf9-99a3-2240443ad3ae	1085
3bd30609-110c-454a-b622-9d2841654cee	1068
3bd3c4c8-4141-4d05-aec4-27658ca8914f	1070
3bd5d6f6-7998-48b4-88b7-a306a04cea19	2079
3bd6c67d-8ce3-4186-ae00-1d24e0693e36	1137
3bdff146-ce1c-4c40-b06b-cdc2ee560a56	1073
3be4e37e-0782-4ac4-a826-d50f09978201	2045
3be526c8-c2a7-4f1b-877f-c174f9dc610b	1131
3bec867d-cb34-42f7-a138-19cd9cc1cef4	1141
3bed4676-ca0c-4970-bfac-9063a577d364	1082
3beed393-b47b-4530-b500-3eb0dfc23775	2001
3bf0315d-9a44-48a5-80cc-cc9d1388b5ea	1121
3bf34c00-453d-4f23-bdfd-4bd2ecaf9d3d	1138
3bf43fb4-3e5a-4fb0-8cff-161910c45218	1070
3bf44334-3a2f-4491-b9d1-6b9fae123673	1093
3bf822cb-6b91-4193-affc-1196f9c89d0a	1139
3bf8b4f9-45d8-42bb-a7c7-6672d63758f5	1072
3bfa2d5f-a25c-4ac6-94bc-7392b4d2dde3	1068
3c00aa88-7925-4802-9f8d-cb239e9ba4e2	1128
3c05af7e-5918-4372-8f3c-634d21a291bf	1125
3c06a378-7b91-4f71-a96e-17b60ed5da1b	1135
3c07cf72-a3f1-4a70-ab73-7ede3ff6057a	1147
3c0e0404-4583-4c20-9e23-aaf32b257a58	1153
3c0ed083-bfd9-4888-a2f9-0cf93500c028	1072
3c148b05-842f-4913-a924-5e483c8d04aa	1138
3c14c02d-92a5-4050-bcb6-92424b37a8f3	1136
3c1691f5-2f2c-4e2c-b7b1-dc8dff96e3b0	1102
3c1a1954-9fbe-4a1f-8677-f44bca52af77	1136
3c1f0cf7-d039-4ceb-91b6-813c413b8368	1029
3c1f71cf-3d35-4eab-9596-52b56c5f4bda	1131
3c1f8cdf-65d7-406a-8d1f-f64131ed18dc	1129
3c2bef4d-f5c1-44af-97b9-dca4ea1b9cad	1130
3c2d4c9f-bdf9-43e3-a073-f848173686ad	1124
3c306291-f606-4051-b748-a153807798c9	1074
3c327688-e130-4ee8-815a-d98a709db5fb	1130
3c328660-4207-40dc-b624-078ca6d4a39c	650
3c338151-4ea5-4301-ac7a-f465f0e59900	1069
3c37a232-f590-410e-a614-940897aa8337	1132
3c394286-52c6-46b0-a83f-94a9fbfd87d8	1075
3c3c94d6-bd14-4736-912b-86f56c5e3af8	1103
3c3cbce4-2764-4436-9cc7-a553d5717990	1091
3c3f7e30-f878-4d0c-bcd5-7693ef6302d9	1135
3c46310c-df94-4cb4-8ed6-87d567fc3a78	1844
3c477c6d-545e-48a1-9e7b-cf4f66324891	2059
3c4a5881-5be5-434b-b417-97c9f1ef73a2	1120
3c4e6231-b018-48d9-9418-d30b6ac3f725	1080
3c4eea18-7d81-4936-9b65-16cd6c3dad9f	1127
3c511974-b4ed-449c-8d39-e906a5e37bde	1070
3c530aae-6935-451c-be1c-13fbb1315eb4	1135
3c572948-f9b8-450a-b642-b93a461ed514	1147
3c6261f2-bc6e-4636-9eef-5afbd8859718	1124
3c69c7c6-3736-4ba5-a271-df36caf2dd37	1136
3c6a1a23-7785-4637-83bd-15fe6f04e486	1101
3c6f20af-54f4-4798-b51f-cf320c9bd3f8	1155
3c7196e8-6848-4ceb-902e-25a69b4602ff	1081
3c73e6de-74ba-4836-a538-77f82f04c261	1073
3c742a2e-31b9-4d38-920b-a0429ad12375	1071
3c76ec69-8bad-4b8e-a13b-d9dfb4d72a2b	2033
3c788cfa-9702-479d-a78d-ceb1ed9ac146	1135
3c7ba3e1-8bb0-4845-8202-e7731bde89db	1135
3c7d4a8b-6b4b-4391-ab7f-bdf385543827	1125
3c800af9-b011-427e-86d3-03e7c8786e74	1121
3c8173e7-4585-4c3d-8042-79c12ddd168a	1098
3c84f40a-7033-4ca3-86a3-e782ae587ed5	1069
3c85882e-1508-47e9-8faf-1317e2694ce0	1110
3c8814bc-0dc8-4e6c-8443-3660035b72f1	1080
3c8ea3f4-364d-4650-b6d0-f02a34e36254	1093
3c8eddf2-cebc-4ab1-af6c-d6411bdb378f	1073
3c917b2a-9447-4fda-902a-e3c6f571df3c	1146
3c93dd1a-fd94-4f32-a147-2a4779c2d272	1079
3c97920a-7ed7-4807-ae17-1384e2fe9d51	1073
3c9a7ca2-b404-44ea-aefd-c4f2abc37868	1131
3c9b345b-676f-45d9-a190-3b24bdfe34fc	1134
3c9b45f8-de9c-4b77-8889-1881b79cf616	1129
3c9e6cfc-4607-484b-908d-6c16dab26c93	1137
3ca0d051-ba44-40d3-a992-efd1710cf5b0	1117
3ca34ba7-d51c-49b8-aa51-860928d5f129	1161
3ca4a4fe-89e2-494e-ad5f-8d9376ebd388	1113
3ca8fec0-c3a5-44fc-b536-b67b16cc3b44	1077
3caa046a-a034-46b2-b56d-2757a3dbe83f	1056
3cab806d-d482-4e98-8009-ab8ebd3186c2	1156
3caf7301-ed54-4f57-ad95-d4b10a15ed96	1129
3cb092b3-d590-41f0-aa74-6bab7f03a61e	1157
3cb3847a-8b97-4cf8-9108-7c4cc7b38770	1155
3cb85d76-df28-4693-a8a7-b1199d8e0d7a	1075
3cba0316-fad8-4a14-939d-7078d070708d	1069
3cc5f114-ba6e-43b4-a240-c45443e572cd	1101
3cc76279-504c-47df-9cb8-6a8978de2bbf	1083
3cc9d6f7-0711-4155-8a5f-fd043ee2ea0c	1131
3ccd1259-d677-4d87-ba10-6316c3c330bb	1136
3cd0bc04-a16f-4bf2-bc32-4397dd0eebc9	920
3cd240f6-1376-4292-bfea-008edde6ee4f	1137
3cd922b1-773a-4a10-88a7-f978596feb1a	1137
3cdb3408-74d9-40b2-beae-4e01195a8c97	1137
3cdf459f-c481-4c7a-aa5f-44acf47de6cf	1134
3cdf7dbc-ccdf-4939-b5f7-cf2efcefee98	1145
3ce4505a-3729-4b98-80ac-230f62513542	1073
3ce4a180-6c5f-4746-8967-b534f783d8ad	1139
3ce4d451-1bc7-45e8-a323-84d31fe90021	1095
3ce969fc-be10-4c87-b32c-b185908204f6	1074
3ceea869-4ff8-4487-93f3-6be76c4f641e	1070
3ceec6c3-0b2b-49eb-a753-cee9441f9862	1075
3cef61f7-410b-4139-b215-df7532dcc4ba	1125
3cf04184-d752-403a-8d23-c3489848dac9	1153
3cf4c08d-64e7-4070-b920-a4974be5e48d	1074
3cf8602a-e2c8-4594-8315-bd06e649ba56	1089
3cfbb9a9-5da3-42ee-af08-278b3baf81e7	1071
3cfc0b9c-b68c-4957-ab34-981efaff7b16	1138
3cfd3c92-2b1c-458e-b750-fac2d8708402	1136
3cff0250-b6bb-4b31-8739-0007651b3e0e	1143
3cffafa0-6771-41f1-802c-b547f0c85ca6	1110
3d064df4-051a-4285-9549-65c3158745b3	1125
3d083a53-0692-4e24-b629-6ffba78ebfe3	1127
3d0be9ce-51ca-4c06-a2ef-304194f01cc0	1075
3d0d691c-fb23-45d3-9cac-b66eaae787b9	1054
3d0d8984-fbf2-4b73-a34b-6ef1e759f38f	1134
3d13e681-3de1-487a-9b76-72979e9160c2	1065
3d1425d0-5f09-4a7b-aae4-cb270d8413f9	1789
3d1b59dd-898f-4c09-a454-2d8139b8e468	1136
3d1ce21a-b594-4b12-ac9a-79a53a2af1bd	1152
3d1db0da-911d-4638-9e16-b3bfd2c2271a	3059
3d1e9280-ba36-4600-aac9-df1a86f9ac1b	1068
3d1f8d75-7e44-4c7f-bfda-76e97dc5d284	1120
3d20dfde-78a6-4f21-846f-7749c1fd31f2	1075
3d20ff50-a8f6-4201-96f4-b4299f02cd4a	1124
3d25cd4c-e7c1-45b7-ac33-c73e478fe4d2	1063
3d28553d-f901-4106-ae08-68a454a803a6	1130
3d2a23e3-7b82-4adb-9c24-57f3b54a777b	1064
3d2a8419-05e0-4745-beac-71ee98cadbd4	1059
3d322cd0-bd78-4b25-9bf4-935eb3faf41f	1128
3d33b719-f347-4cdf-a556-651d9ffb4c97	1133
3d345e8d-9dc5-4c2c-ab6f-444dd0496f3b	1149
3d3af730-6aed-4e39-b829-50f527b27545	1066
3d3b393a-6a81-4326-93bd-0d34eb734312	1136
3d3d267b-c23b-444a-9a39-cdb782885707	1124
3d3f61fb-8e58-4a78-b68f-b0ce694c60aa	1076
3d445f03-4b43-491d-9e30-eeee0619c573	1130
3d458d93-6ce0-4064-a1e7-63474c884702	1061
3d4654ae-9df2-4e2f-9052-e2c7849fa109	1135
3d481e18-98fd-4325-aa46-c9f21badcb45	1126
3d4872ae-12c3-48e8-94f9-9c6b1ffb8d73	1134
3d487b2e-9879-4072-9673-70c55940d4fe	1133
3d4c13cd-ee5a-4612-b962-1d819260c22d	1070
3d4d5fae-3943-4439-addd-0968e1404795	1070
3d4f1b92-3687-4b2f-9363-9ba902715400	1068
3d5e5dc7-d9c5-4cfc-b795-838ddf2683bc	1094
3d5fade2-fa07-43f0-a141-1626a6a92d46	1124
3d61c71c-3711-4bcf-b2f6-93046fbea8e2	1124
3d620b71-c8fa-4327-b587-ac91c43d7d3a	1079
3d631e21-ceab-41ba-91be-f5bb06711b4a	1135
3d6e67ce-9885-4c58-b73f-3dc3ea1acb65	1106
3d6e841f-ac38-4871-8dd4-322a16d5decf	1137
3d6f10f5-3e99-491d-b720-c18bcc448ba4	1138
3d7ab20d-41b1-4dc7-903f-61de35bdffe3	1156
3d7b6a4a-23ef-4ff1-95c1-f61d62cb673b	1065
3d7be352-7ba6-470e-9164-2cc4c67189f2	1166
3d7c0774-4574-4364-9141-db0554b82e73	1111
3d80287e-b0e4-4af1-8ebd-38f468def8b5	1844
3d81918b-2538-44d4-8361-0958458a31d8	1131
3d8191ca-fc77-4cd3-b95b-063b2c65bcf1	1138
3d82e3db-0231-4e11-aefc-9b6848277ee9	1136
3d887242-0f8c-4b1d-84b3-94ec7263b6ef	1134
3d8d2156-1cf5-44c4-b510-954a10a58511	1133
3d8e30de-9b24-4217-abeb-e1490e58c283	1137
3d90f0d3-1685-4ec9-8c4b-68b6cd9cfe21	1066
3da61424-bb75-43f1-a07b-ff90175d7e00	1071
3da6b82d-32c7-4fda-a942-65e2ded53aab	1069
3db271ef-e47e-47cd-a8cd-fe21571255de	1138
3db2d454-e6c2-46f6-8067-7f9a77f545a7	1135
3db46fa4-7fe3-4aa5-b268-ddccdb3b884e	1137
3db676f1-dc89-4e34-8523-9580aa202318	1090
3dbd24f8-d03e-4926-be59-a8e20f93600b	1134
3dbe0ba6-8977-40ab-adba-4c0883e44fce	1069
3dbf367c-27cc-47d5-aad0-a35b09117206	1075
3dbf3d30-4178-4fa4-b11c-fbaa835d23db	1049
3dc64d96-d560-4f75-a990-7a560926f090	1090
3dc83428-7cbf-4891-bf26-d228ff4fa407	1072
3dca66b1-cbc5-4050-b870-518f51421c53	1049
3dce4d0d-3e60-48ac-9880-9333890edc24	1067
3dd601c5-6fe1-44ed-85a3-0c7888a1dcf7	1135
3dd6d15a-ec34-4a41-aa41-4d4259634149	1139
3dd93541-dd97-4352-a92d-48573b968edd	1134
3de204b3-3c28-40ed-9c9a-bdcf2de6b2fe	1071
3de47f71-7b71-48ff-a326-f137e1c58e92	2099
3de5b7dd-0518-427b-aae3-d94d2e91ddcf	1120
3de856f4-8199-4e0c-871a-fe3570956822	1073
3de9a36a-ab19-430f-bf43-8dc12cf2f490	1143
3debcb00-6e2e-4243-b51b-4817b96ffb9e	1071
3dec6943-0c92-42ca-beb3-6c52b8275737	1138
3dec7122-99d0-4f5e-9d90-a4def128fa24	1089
3df42937-fe1a-46d4-a134-c1ed74d91744	1154
3df723a6-1743-4316-af5e-5ee47d86dd92	1086
3dfa50e7-a2be-482c-b481-70791b58b6da	1066
3e04861f-c42c-4b94-b46d-1f35eb357023	1126
3e07ecd0-d3d0-4518-808f-43d20827220c	1105
3e096a45-0c6a-4d4c-910a-bdd6f7239f20	1082
3e141737-4371-47d0-8e70-095d23f73bd7	1131
3e167123-faf0-4a8c-8a5b-350dc6766de3	1083
3e172678-cc15-436f-85b0-7fb8f305edd2	1131
3e1dcaea-b886-4cb2-b7bf-5a239d1194d0	1093
3e1e07de-6d9f-4be5-9a4b-b6dd678125b5	1075
3e23a7e5-f47f-4e58-b019-95f1dcfd3744	1041
3e2bdf3e-f4ac-4fac-a3f0-7af28d7cf94d	1074
3e2c502e-efa5-4b16-a667-a4c03d6c479d	1892
3e362c55-f609-406f-82bf-9ef472446951	1073
3e39949e-a505-4333-914e-7b0fada614a7	1064
3e39bb70-1b5a-485e-8237-eba2010c419b	1074
3e3d31f2-8a53-4670-8f07-47f9fc270d78	1103
3e3fb0e5-c490-4ff6-a70f-1cbc2a183ec0	1076
3e4311a7-7b46-4815-b582-f48b1aff116c	1072
3e431592-e81a-49b0-85e8-f4d0f6afdd41	1069
3e45b571-0975-484e-865e-42e02d4b079b	1104
3e4c4d67-c8be-42db-bcaf-b241ad29a4b5	1132
3e4e94ff-694c-462b-928d-1c7f2b30accd	1139
3e5327df-b1f5-4108-b526-3321ca0c6bd0	1133
3e583b2a-eef3-483b-b562-632cf60c4127	1132
3e5ef72b-e686-4160-a41b-33d4a7a0a809	1133
3e5f00c7-9c5e-44c2-8d38-096201261ea2	1145
3e607c7c-79ac-46f9-a06e-3dadadd21aa6	1119
3e64817d-dc2f-496f-a719-bfc77504897b	1060
3e65c34f-bf76-4c02-84b9-5a77ee8d5381	1133
3e68e9b5-5893-4231-9e68-8150e1c88be4	1139
3e6b2083-dd6a-47cb-8bb2-e843756525e4	1137
3e6deea6-b1f3-419c-bb36-0127531fe497	1142
3e700a36-fd82-498c-9c73-894671c64022	1069
3e738b14-ed6a-4323-bf77-d20e55c2b3d1	1124
3e74c353-8e64-4603-aa88-d41965d26879	1075
3e78f71c-a9cb-4d3d-acfb-83498aaea876	1085
3e79df2d-9bcf-4036-962c-ca3ea0e36282	1095
3e80eda9-e152-456d-a839-01bb73f7fd18	1131
3e813b66-aa64-41c4-a5be-acb30f3fbdc5	1151
3e8435bd-bda8-465f-834c-81b0b7a67434	1075
3e84f649-e064-48f5-a059-a43772ceb153	1139
3e8523e1-7781-412a-bbc6-975a380bf7b3	1059
3e876144-0d7d-48b8-b6aa-20bd8230e05e	1081
3e88d759-aadd-4b85-b039-cc3630aeceec	1077
3e8927c9-37bc-4cdd-ba56-5f17b05e939b	1111
3e8959cb-43a5-4dc1-b71c-908a1dce5179	1081
3e8abfa7-aaed-40e1-b473-e40f052a129c	1158
3e9002fa-ec5e-4b1f-a4d4-7e015c13182f	1138
3e9919d6-4f0b-4682-bd1f-8a59a1aa36c7	1135
3e9cec12-4d76-49fd-9d92-c282afbd90e8	1128
3e9ecee5-66da-4ee9-bdd7-88632c0b026b	1132
3ea8e6af-b529-414a-bcd0-5227da851729	1105
3eac4e40-4df7-4c2c-9c06-39ea321a733d	1089
3eae8a2e-17e1-4db3-b0d9-d34a7f87883a	1065
3eb2761f-7aee-4fce-82a7-e26acb6c71d0	1083
3eb925e2-e443-44da-8b76-7d6712da2310	1064
3eba9bee-9f5a-4fb5-9849-f2d9b6b76336	1133
3ebb2834-a3f5-440c-b431-13daebff3fa1	1141
3ebe2c25-a505-4a23-bfd0-78890a8d49ae	1128
3ebe6cb1-92aa-4b65-9102-8e15538c9656	1135
3ebfdc17-490f-4034-b57a-98c127443964	1133
3ec1344c-fe8a-4728-923a-159fed34349d	1132
3ec20105-d630-4bbf-a805-b59e01febbe3	1137
3ec50c84-6844-4274-b462-db3cc595ee14	1077
3eca2078-2686-40cc-829d-ce1b2a4624fd	1135
3ecea532-f217-4a76-a88d-4190f9dbbb37	1072
3ecfb838-61e2-47a7-846f-70808c329e2d	1129
3edbb1e7-c18a-46f8-8b6c-41471cb108b3	1077
3ee33abb-6629-41f1-9e49-1f3bf55e4377	1151
3ee3cdc3-ba82-490b-bf69-d9fc88c70943	1537
3ee8b2b0-ba15-4970-823c-f64f19da8679	1080
3eec521b-5983-4222-9e31-52d8d38526ea	1133
3eec76d2-f206-4744-a43b-a0fe0f0b0fb6	1079
3eeefd52-f0dd-4c5a-8b2c-56c0adbe60da	1094
3ef31eb6-2eca-4a00-8be5-9e3e258ee2cf	1078
3ef58c2b-e7ca-4e91-8120-6e925c28ce1d	1136
3ef5cc2f-6e24-46bd-826c-3677e938b315	1064
3ef870d8-c1a1-4f4e-b7cf-57f4c6505869	1074
3ef8a2bc-c5b0-4d1f-8a49-14f69b3316cf	1139
3efc073b-3448-417e-be55-3b6103ce984b	1093
3efd4de1-e7d8-412f-93ed-5dfd9c1a4302	1127
3efd5d3b-6d84-48be-a16e-4c5c863373d5	1062
3efd8664-3176-4d8f-9083-8ad09400dc85	1077
3efe9bc8-ce2a-4c6f-a3be-c1b3cffdbf2e	1133
3f05a38a-0510-4f68-8309-5167486af1dc	1075
3f0719b1-4f5c-49a7-8c8f-bd10369084d2	1081
3f083ae5-992a-4e06-bcb4-493b67506b5c	1125
3f0c74fe-302f-4766-9c3e-64643e14e5e1	1130
3f0e7578-ed95-42fd-b716-baa1beb3328b	1074
3f0f8ed9-7174-44de-934f-773f8855768f	1075
3f10800b-5a64-4ebe-942c-1b336c7cfdea	1138
3f115e62-e49e-48ab-b0c7-ac1e3cd9a15b	1131
3f122130-09d6-4dea-9c3e-18c2dfcf8be9	1094
3f1311d0-0740-4f1d-b573-a385f355c7ab	1134
3f148162-01b9-413a-b288-9647d775656c	1131
3f14b2d9-5def-4e21-a245-f018f1993e2d	1135
3f22da94-721d-4e38-b251-7f8cab73d564	1082
3f234c95-b988-4a76-aa30-7edf67990ea8	1075
3f324614-fa16-410b-b170-5d1f3c973729	1123
3f341e6c-47c6-484d-8c6e-7a5300e60fb5	1131
3f3b2500-66ee-4eaa-b548-a5ade8e0f346	1072
3f3b3953-b5f4-42fa-9cee-e3a4c9a755c9	1119
3f425f01-101b-493d-8e06-fc690b517fbf	1131
3f45f21f-cf41-4569-888f-a566777bf36a	1063
3f470a82-147e-46c2-be89-11f3818c155d	1140
3f4e0d8e-20cf-414b-8355-ba9e500da66d	1089
3f4eab8b-8e5c-42e4-8a85-279d6717b7ee	1132
3f50fe66-32a6-4e1b-abeb-a22c49861594	1258
3f526a83-c13a-4d0b-b4bf-717aef252a75	1139
3f56ba60-8dee-48c6-9e7e-1e2bfeb1bdf6	1070
3f5a18be-cfb2-4378-adae-5674aac39961	1072
3f5e6651-28f4-4ec2-addd-2053819cf1d0	1066
3f6141c9-9d29-4df0-b012-7d8dc14f9dea	1132
3f64fb51-0c84-44a9-8b16-69f00445edde	1140
3f6919ea-97a5-4d1f-b904-128dea5275a9	1132
3f6a401b-f15a-4dbd-bf00-6e1afa247b09	1073
3f6ddf17-1cc2-40d7-9637-516e27026d54	1068
3f6f0b78-d5cf-4e0a-84c0-b85b45381fa5	1131
3f6f1d7a-93c3-4a5c-8240-5b95cb73e893	1136
3f6fe649-b46f-4938-b58a-ed2d103c5c89	1075
3f77964d-5d8a-4ce3-a2b0-e73b2dbc476f	1136
3f7a8e66-757d-480d-b9a6-0c302710a341	1139
3f7b5797-07e1-4e31-9e3d-1aec4c6771c1	1144
3f80eee3-f62d-4596-a31e-7bbf10215048	1160
3f861d56-8a8b-4ae8-83cb-b1ce3b1c126f	1129
3f872517-9cb9-469c-bbf6-c46faf675cc0	1121
3f8a582c-e919-4f32-88f6-7ecda1aa9ce9	1127
3f8ce9df-9c92-4dd5-9bd1-2b6c029647ce	1078
3f8eb614-5243-40bc-be53-bda8bf6bd394	1135
3f8eff40-e1a9-40a5-b23b-fb1f2b59299c	1117
3f94feba-4eca-4191-ae0b-bb4eb0578a61	1127
3f98141d-9041-43bc-a604-9907eab6bc2f	1135
3f9df66b-04a0-4627-8498-6dae2ff9ebf4	1129
3fa29505-8d69-460b-93cb-06931ea96b51	1131
3fab7a00-d3c1-405e-a131-a2910ad8ca1c	1074
3fac46c6-5db5-405e-af8c-386b1ec4cd2d	1157
3fac4701-fa5b-4e3e-9000-bb93673cbf49	1147
3fac6020-2483-4fcb-8b87-f461951121af	1075
3face345-488c-44bf-8bc0-1245d30c12ac	1126
3fad57d8-0cd0-46bd-b5c5-dcdf71c3dbe8	1077
3fb13f70-f7d1-4130-815d-684a69e1da52	1073
3fb2ee20-c541-474b-9986-70b2cd76a5f2	1136
3fb89c53-336c-4083-bd14-49204d8106ae	1125
3fbae9c6-6d98-4578-a747-72b2ec28df08	1075
3fbbea16-59cc-4153-b92c-2f580a78621a	1088
3fbfe1f1-f5c8-406b-afce-22fd14210dcd	1059
3fc3ef14-52ed-4963-8288-6b5113120bfd	2056
3fc4ff13-04d6-494a-a903-d2006e0d51a2	1141
3fc86cc5-b9ee-417b-a061-77b6caa7a6ee	1066
3fc9d139-68f4-432e-8c61-50d1ad5b1ff3	1150
3fca4bcf-b277-4138-b55f-d926128008c3	1075
3fca9c7c-9c9b-4404-87f9-691b16c68a96	1143
3fcbdd91-a77f-4af1-91a7-02f2336e5678	1077
3fcc8e73-c36c-4adc-a255-46e0614d8281	1115
3fd09df8-41cd-4fe2-b288-29fb44c8773c	1073
3fd17d50-299a-44c8-81b3-6bc5e71f0c4e	1070
3fd1d88d-cac3-4f8d-a427-b8f2ef04a800	1080
3fda1310-9aee-4d55-af62-173ca4c09003	1138
3fdcaeba-618e-498e-b2b8-8fa1d147d712	1076
3fdf9c52-6776-465d-bfbd-369b84b04d3c	1058
3fe2067b-60c9-4fa8-b90b-3f955f198811	1067
3fe2d0f1-d16f-4f25-b631-b36d20a5e980	1130
3fe336bb-aba7-4c83-adb7-de929d2d926d	1069
3fe587a1-269a-4f07-a740-6c50e4a1cf0d	1072
3fe5d6d3-ce86-4e86-ad7c-558260a77006	1132
3fe66f0b-271c-4bf0-929c-cf8410142196	1144
3fe9bc9b-5c9c-4131-917a-15d5f39267f0	342
3fef72ce-5c29-40a6-a42b-304505e42e59	1098
3ff40401-ba42-4c51-856e-a302e08bf7ff	1073
3ff6f9d0-b14c-4fa9-bcd2-e12dea99147f	1073
3ff78d00-c3a6-44c2-a451-caadc6d39861	1139
3ff80289-7253-4ec5-84e5-a641005ea240	1043
3ff981f0-7da9-4386-b100-d94f84e853bc	1139
4000de96-6f78-4c3e-b786-77b32b867cab	1135
4001f86a-d4fd-4c8d-8531-14f5abc7958f	1079
40030186-85b8-408f-a26e-d3e3f287d37c	1135
40058a8f-b93c-448e-87fe-16af56c39554	1140
40086a69-2df5-4afc-ba52-e421062a2b2e	1062
400aeeff-faa4-4b54-86cc-1e0f9e05b1a3	262
40127e81-cd14-4dc4-a143-0c556ff2faf7	1076
40157652-2500-44a7-a909-15c66d72bff3	1142
4019532d-a22f-484b-a40f-ca0391e313ab	1074
401fd3e6-8d5f-4112-8153-77d3dd539933	1068
4022189d-868c-4c26-9a2d-c0f6de6b7458	1076
40249a5f-b076-430b-9b20-439548f68bb9	1112
402b5955-b6a0-4a70-8cda-8379bc1baed1	1129
402d4c14-48f7-481f-8ace-635b5de2cec7	1079
40319223-4b8a-4aab-a268-3e66ec21e432	1126
4033e465-1dbe-449a-a93f-3a45aaf04ea1	1114
4034ffb2-d275-4365-bb11-81634f867184	869
4035b25d-b585-4431-8f72-5a50bd973f5d	1076
4039ee57-145b-4d5b-a533-42f2ff3cc90e	1089
403b71f4-bb26-4b16-8fc3-aa900d9009a1	1076
403c77d7-07f7-43b9-82b8-632eade09b2a	1599
403cccaf-b90b-473f-94c7-a750ace7a406	1133
403f1452-0840-46ac-b48d-2d1b490f66fd	1130
4041f5d7-d00b-49c8-be89-fc5676a14ced	1081
40446eb7-b158-4c19-a012-6cb0402ac4ad	1137
404bfca7-7b2e-4ba8-970e-1c10bc04b540	1131
40522216-4355-4532-97b0-9a3be87c328a	1126
40522cf6-5365-47f9-b2f0-80d0fd9e0ee7	1672
40540617-629f-45cb-9d83-ca776c118571	1074
4055d2db-585c-4f4c-8382-9962bf46a093	1136
4059c056-137c-4d0a-96be-ec76e5e8150f	1064
405b8d5a-9c54-4b8c-96e1-02ae3c4d9006	1020
405c3f14-bf92-402d-a9f9-7d70dabc4fe0	1089
405d921d-3dcd-476c-a8be-f6e8d3eb9030	558
405e24aa-78df-4d67-b101-4cf559396d07	1125
405e9787-8eae-4c15-9481-5745c7471e8b	1113
406272c1-bbb4-4a8b-b1c2-47bfa50c34ac	1106
40664bac-d90f-4708-a5f8-a3468ac496b9	1069
406709f3-9d3e-4591-ba5a-e9a5c284c879	1104
40670dab-3683-4ff2-8cd4-06243b2dfa14	1085
4069173d-9b99-49c5-b986-bd55a21da758	1132
406ab776-3a62-4e83-b255-dbf9c9024182	1156
406b8c7b-a1c2-4073-b023-f88b19a7a7c9	1120
406d7c4c-e037-43ed-9fca-7596a6ba9e9e	1136
406e05ec-a47c-4d90-9f2a-71a5a112781a	1138
406f3b38-bd27-4626-90ce-72655ff95f06	1157
406f4723-a725-4bd0-84ca-38f0ccec7c4b	1401
408761e2-507a-425a-8730-2b6c3ecbc3f2	1154
40897c3d-fbe9-4013-8a4d-00ef78afa9b9	1136
408cac1a-8294-4dc1-8038-89f27dfbb3d6	1129
408cca7f-45d2-4109-9e92-e11deb90eefd	1128
408e8a42-da01-438b-906c-48fb9b15f3cf	1103
4091459b-fc6e-46ce-8c58-890985a4c25d	1102
4092d199-8254-4de6-a2de-c432675ab00e	1067
40993f27-99f3-4d58-9a8d-ad30ffc95d20	1085
40996ec5-5d43-4fc0-a4ae-7983f5252f87	1136
409d6a7a-1893-4e60-89fc-ad9751f016e1	1145
40a11e92-da6c-48cd-b437-6ab4785f6ab5	1077
40a20bcb-4eb7-4ac0-8e70-3da2cb45f6ef	1130
40a277ad-bcfb-43f8-89a2-2df22e6ff43e	1097
40a37d5d-92b8-49a7-b847-a6278adc00ff	1063
40a40ff8-8737-449a-be87-e89402fdd560	1127
40a6d7f4-668a-423c-a29c-b20388f3b5a0	1142
40a87c33-133e-4a54-b56e-ba0f804ba2a8	1137
40a9670f-a4ed-419a-ab1c-17f7ae51c14f	1143
40b25600-be5d-4902-a297-11610385ab3a	1130
40b76260-5b14-4f88-9cc0-bcc6f0b25368	1140
40ba8e34-569c-4709-a905-a156491ba361	1128
40bdba3b-26f9-4c50-9a8f-1c346abc692d	1135
40c0827c-9b63-4c6a-966b-53be45515f9e	1132
40c676b0-1721-4d13-bc28-c11f6ff8c099	1069
40c75342-9d4f-4109-8371-92517efc13ea	1163
40c9c3c3-39cb-436e-b3a2-2d43101125cb	1137
40cf4a85-be1a-41af-9d39-1b1f55b164d4	1145
40d1836c-b0a4-41bd-aabb-db10a50a08a1	1127
40d252c1-506c-4965-88a1-0a5ff1d25c00	1091
40d73929-4de7-492a-8906-86b2262efe24	1073
40ddc4fa-0b57-45a6-b9be-783ebb2dff6a	1138
40de369b-0c01-4e91-947d-bf32bf30f89e	1143
40df8ef5-ffbc-4629-9dd1-956cda9dffe2	1096
40e481b0-ebdf-41e7-b66f-ce4585a73223	1126
40e658bc-4439-498d-86ba-d068dd436d84	1141
40edb96a-a54c-480c-8f47-bb2241f9f6d1	1122
40ef294b-ac60-4f16-b728-a6841517c668	1098
40fa430a-976c-4dae-8d39-9905c98cedd4	1081
40fb97bb-7a6b-40f0-819c-d9eba796bcd0	1084
40ff3e39-9187-4282-8767-eee2afd80538	889
41026715-d1be-4a7e-ac0c-f8930724c7de	1154
4102d60d-033e-4494-b592-89a4aa671034	1076
4104159d-f28a-4045-86d3-ed7394bf016c	1130
410602b8-c4cf-4e9a-97d2-eee7694e3ae0	1822
41063291-2492-4abb-9be8-be134d2c7209	1108
41092dd4-1cd4-4fbb-a68d-16d2a24316e0	551
410a21d9-f197-49e5-9db4-2bf89554c4a0	1136
4113db8d-7075-4170-a3d1-c6ba8c041c83	1069
41141f11-8015-4f67-a712-183580cbad39	1077
4114ab5a-4290-42eb-a1ad-02f3b7407972	1134
41196f3e-9c3e-4d73-bfc6-207fe70415d2	1233
411ca44c-aa6c-4b9d-9b00-14e6673b7851	1121
412350a5-1dc3-44e1-a332-5c27e6cf7a2a	1122
412524c1-c2e0-4d8c-b382-54062109ebea	1083
4125a9e4-7908-441b-ac51-e0db2e29df51	1068
4129d02e-f2c6-4660-93f4-b4b96991deef	1142
412b2052-6f83-4eeb-9ab4-8231b061c8a7	1151
413030ed-6e5c-4faf-857e-25a24c7bb890	1131
41330a4a-86c9-4e63-b001-3aa551fdb2f1	1137
41331a40-892e-4dba-a5dc-861cdd3e01f5	1139
41370900-c306-4cf5-972a-27f544255224	1066
413c1d9e-2172-4a54-b4da-c0852f107823	1132
413fb8f9-ba0b-4808-b424-6a23286d633e	1087
414020bd-eedd-40f8-98af-21986e11870b	1139
414237f4-e4c3-40a3-a4f2-efd6a2fb9a73	1137
41431c70-6415-4f15-8f48-c99d2121ec16	1140
414372ea-5907-4b05-89bb-886ffa3309f3	1126
41450dd3-0b83-41c1-949a-a928d3159e9a	1076
4145e12d-e009-47d0-b43f-31fb7e5322a2	1125
41466bd3-d872-49d5-90f4-53f4861d34e5	1060
4146a167-aaf7-41e5-97e3-9a0b3d1c320c	1075
41470615-2c17-47f6-a2d3-3fb51a18c51b	1071
414afaca-9996-4831-a732-1251f1e771f8	1090
4157ef4d-cfa9-42ad-a1ba-89a9cc0f0463	1072
415b5059-1ddf-4b2a-90c1-6564600b6dfe	1035
415cf109-6ded-4b43-9605-f48b50ebc214	1127
415d3d09-a6a4-4116-89e5-d761b09cff0b	1159
415fd65c-1506-46ee-b0b0-0492e454aea3	1120
4162c3a9-21ce-475f-95dd-7d63b16342d0	1062
41640143-ca83-4f7a-a4bf-91bfe0c1f17c	1070
4164dc50-ed9b-4c51-b17f-823855738a92	1142
4165929e-c9e7-4e5f-837c-5f4244cd4c21	1136
4165a920-f78c-48fd-9a1c-e49adad16487	1134
41671303-46ac-49ee-892a-e45c46302673	1127
41674eb6-4f66-458d-a5bb-3e666d5b7579	1051
41697eb4-43cd-4a43-8171-ca944e0fb323	1070
416ec376-9aca-4f08-a527-dfe4447a3ce1	1137
416f5f9e-5b3e-4e7f-a899-450ac13e8d63	1070
4170ecc5-04ce-4090-86a7-b10f90402153	1132
41757890-12cc-482b-bb54-7fdcee2bf7eb	1089
41767f24-b65f-419a-b924-483feb40bfc7	1069
417b91e7-2d9f-4166-9b5b-8dad67eea7fe	1145
417bef38-629d-4620-8fd3-4385069ccae5	1135
4180850f-acfc-4a2a-9a55-dcdefb56da92	1140
4184cf4d-29e5-4048-a967-165e09c4eb72	1074
4189c327-cd2b-477c-82f2-a3fba7c419ad	1076
418c0ee8-e4af-4758-8d90-28515e8fa0c0	1137
418f2079-8e3e-45ab-9a72-f8f6d44f697c	1135
4196c5c2-be89-41d9-9aa3-12484e93c440	1068
41970cb7-4863-42d8-830f-26e24f9214aa	1054
41991ec7-34c4-4faa-8e57-ac3910716f9c	1139
419a6410-42a3-4eaa-a088-3bec766fa344	1073
419ac4f1-0b32-4d73-abbb-3212931c619b	1145
419e3878-9749-4fdb-aecf-17fdf9b97607	1129
41a0c0be-ffa1-4f84-82af-ecf1c0c7d20e	1070
41a302b1-9e8e-4824-ba30-074b7e05fc5b	1500
41a4268f-de13-46e7-83ff-a532891e8042	1065
41b18d9d-55b5-465a-bb0a-7a9800ceb22f	1068
41b5562f-5795-47bd-bbe4-c122bf79ce7d	1078
41b68149-b455-4fe3-966d-8caca7f9de6b	1066
41b7cc88-0eab-44de-8d9a-5793a192b47d	1140
41bbc3f3-4ef2-4a41-a3f0-bc221b5f212e	1022
41bbc561-0856-4f3d-bae2-6595badd65e9	1138
41bc4188-a608-443f-8ce0-f3aec2f8b741	1136
41bc622f-463c-49b4-ae6b-7c51ff5a5e6c	1127
41bdb36d-2d62-401d-8c07-0b206360b2e6	1131
41c7b4be-d33f-4fe8-861d-0253f52aac26	1095
41cee856-36ff-4cde-8e93-aef7236bd188	1130
41d04f85-e9c7-48c8-a1a9-b2d195a7079f	1073
41d477e0-4b0e-461c-9048-908ce58c8b21	1150
41dbabe8-e5f9-435c-b466-4182278d3ef5	1122
41dcd217-89d8-48a0-a386-308280d6bc7d	1143
41dda94b-b841-4d26-ac54-2154bbcde802	1123
41ea3d67-22e0-4736-9c83-55ecda441fe1	1013
41ec45a4-e19a-4ff0-8b14-690e162020cc	1076
41ed46e5-9b72-4acc-af27-785e5d3d13fa	1137
41f42ade-0acf-4bc6-8e37-120be8e95898	1137
41f4fc73-58de-41ae-a9b4-9092b6f07527	1129
41f5ae47-b671-4d27-9e6e-f4285b3f6538	1136
41f6b4ab-7054-473e-b333-a04071de8982	1135
41f70654-9190-432e-bc0e-5876dfe3052c	1130
41f9dbaa-6b0c-4f91-9dd7-c65328168d3b	1134
41fcebea-d580-4f5b-a09d-8ba0545ed0cd	681
420289ed-cd13-4291-b6ff-87be6fbf8258	1072
4205069e-d925-4fc9-bcba-21f94ceedfd8	1131
4205221f-6ebe-4c2d-8424-8b50173edaa2	1139
42098326-c3f2-45fb-8e18-ae3d03509b6a	1069
420e13d5-0016-4d66-b770-0cea5aa5c2f2	1134
420f078d-f2c9-492c-98ad-5d9e647f0607	1092
42113b27-218a-40c6-abd3-99bb9811770c	1072
422cbf10-c130-40d7-95e6-8d4085405574	2070
422e7250-0d60-4762-8dfa-f36eab210daa	1077
4230c10d-b3f5-44a7-8601-885fb9c97822	1070
4233bd3b-f130-4c83-bfbb-74b9156ff238	1175
42385dda-a1dd-4893-9903-46577703c5b7	1079
42390c6e-d840-4863-bef6-3dc2cd3f9632	1074
4239a7c9-2641-43de-a758-677277ad4b6a	1138
4239b82e-fb8f-4f8c-9305-08faf87fcd07	1155
4239dbf5-47b1-41bc-9f18-6f527640779a	1127
423a849a-da36-41ca-bea0-ab6daa2f0790	1158
42483e5d-3140-49db-9152-c775fb564774	1075
42496f10-c033-40e4-bb53-e07aa983bf65	1095
424da95f-6b74-4373-a9a4-b83874a5d534	1133
424fec12-104a-43e8-bdca-ae6f8b4b4d2a	1051
42506bb9-f485-4d6e-afce-f6c32d79a1e9	1129
4256e302-0c62-47da-94b8-6dff4a380ef9	1138
4258005f-20fb-4443-a565-e5833afaa159	1164
425cee76-5d6e-44a0-ad89-42c3039b7541	1138
426135de-c4da-4f49-94d5-09f862c9fbd4	1082
42623791-091c-467e-8d0d-6b15fce8fb70	1077
4263ac26-708b-4eb8-bdfe-5a814a06af69	1072
4263f1f3-ec31-4ebf-bb7b-c251b89291f8	1134
4267f5b2-e997-4ac6-a18f-02bc1837a97f	1127
42686533-8eab-4629-bf49-c254bf0b1fe8	1135
426d043f-ecc8-4b14-80c0-28b68d342b34	1163
4271ed0b-a321-4c89-bba0-daec890b0f9d	1061
4272bed8-0888-400c-9e8f-c8d613c4a679	1137
4275f6d4-9bf8-49cb-8eb9-ca2df91b19fe	1071
4277b7da-9463-4319-987a-453e180934e5	1413
427cb0a1-1599-4f90-a818-fce3007c7a6d	1110
4280498d-a2f3-4bc6-b7b4-1ca7a8983280	748
42876739-d69b-446f-8c2c-5215d3d9f7fe	1077
4287803d-9922-4c4f-8a26-82020528b7c9	1132
4287ecaf-1eb7-49c2-92dd-00f92193cc36	1139
42888603-ad65-43ed-ab5e-bd3af38017d2	1077
428a5f22-4d2e-4a64-bc5e-e346c8bf56d4	1085
428bf187-8e2c-4e33-b0f2-a89eff75bb98	1063
428d1c7d-ab83-4b14-bc86-4b3013a8cda8	1133
428d2dc9-f8f1-4c75-91ff-a6d29f4a5f05	1077
428dacf4-5932-4a7a-8d9e-e109712fdb9e	1068
428dff9a-276d-4ea6-9547-a7c4693580c2	2041
429310a6-7057-4415-8b26-35c931165edf	1139
42937a76-cee8-4181-abf3-8a7168bb9613	1080
42952d7a-1e91-4542-b455-d90009fddbcb	1137
4295e1bb-ef08-47a8-b86d-e383aa5421f7	1149
429797b0-0a59-4029-ba1d-0c3e9160025e	1067
4299223f-a4f0-4229-ab89-04b48e58e9c4	1075
429cf59f-8fea-4d1f-a965-b0a0ae776591	1134
429e5d2a-bf5f-4572-b46b-8d791549fe30	1135
42a13a6c-4f12-4fb4-9e72-4177b7f7bc05	1135
42a35378-8660-4de2-ba05-c82bb4328bb8	1150
42a634ff-79fd-48bb-a1dd-b8adf49f47b8	2073
42a742f0-d6a1-4041-bffb-7df526dd09ea	1096
42a9b224-26d6-45f2-af3c-2bc8547dc979	1075
42ab889f-7f1d-4814-99e2-20a816f9a23a	1131
42b286c7-d41f-4f5a-a29b-43d21cdbe53a	1125
42b950cf-4eb3-4e74-90bb-e573d8d4f20f	1080
42bb1531-d193-4963-a595-3d7ca67bf0f5	1069
42bc249b-d708-43a4-8d7a-2bcc067c8a1a	1061
42c402ac-20d9-44ae-859b-f147fa2a89d9	642
42c58491-b909-43a8-8ba9-e7523709ebc4	1074
42ca2085-30a9-4070-bcd6-9e4d0fe28fc0	1126
42cbd640-fe10-4b18-ad2a-490354b533a4	1073
42cfc55d-ed31-476d-b9b6-74f339e9e15d	1139
42d07b11-543c-4542-a75b-4945c4b15ac5	1146
42de03b8-edb2-4d50-82e5-cc0ec6616df2	1140
42de4013-eb30-46d0-bb60-f2bd1d74e24e	1075
42df2f22-752a-428c-80b0-9bde4d4b396c	1073
42dfef6e-7d6c-4ba2-b6b7-7f956bb2f05c	1147
42e21fe2-e210-4200-a00f-bbc3204dc0b0	1064
42e447fd-eba9-4db8-a8aa-8451f11a40bd	881
42e54903-fc91-4a70-ac2b-6e4adb309436	1128
42e9de7b-b4e1-4a74-ad95-2af5d120a801	1142
42eaa059-ac50-4595-871b-d9331fc371d4	1067
42ecbca1-07de-4601-b2d9-eee0d12e8e81	1130
42ef9ed8-9fa4-4cee-ab50-27f7f2e0d33d	1126
42f71206-b944-4cc4-a89c-25f5f69d55b7	1138
42fe8a6c-6084-42c3-8af1-eeb435c3b12e	1139
4301f449-4c9a-47ad-8277-73a275d088b2	1122
430350d9-a5ef-4b3d-bfc8-27395eb38824	1125
430799a3-1a15-43cd-9431-279bdce6516e	1132
430a4059-3335-4a8b-a57e-b6079e23ff39	1161
430cd231-7b51-4952-b351-88505ab61b4c	1078
431121d7-d96a-4873-8b45-63096572579e	1134
4312666a-e1b4-4a49-a63c-dd4a20544bbb	1141
4314cbbd-2d76-4826-8dcf-8805ff8b5676	1073
4315c06b-d6b3-4fec-8b78-f2c1fff3c5a7	1127
4316ac04-d725-416f-a4b2-a48642e47ff6	1141
4319d067-8aac-4a5c-b467-12fa863f0d46	1156
431b0683-18b2-4bc2-84c2-5abc5a3ed2d0	1128
431e209f-aec4-4235-9571-d33bebc415c5	1118
43285c55-3a6a-4f35-980d-e5c18127546f	1069
4328d1be-efc1-47df-bc9e-89522d907840	1088
432ffca5-835f-444d-9863-ff3512fb1c48	1369
43306134-02b8-420c-8478-f0d60ce9d0ce	1080
4330813a-b8a4-4622-adbc-556990aee72b	1139
4330ec97-e301-49fb-83f6-244a2d47ce6a	1109
4333f53f-5113-42f8-94f7-eb2e5531076a	1074
433611b0-06ad-413b-95f6-89fda8644ad7	1139
433a8dc9-3acc-42c1-be1b-1edb4a84a473	1054
433b816c-a05b-48ed-8ade-9550dc49860c	1068
433b8932-270b-45a6-8fc1-5836b26e3724	1106
433b9059-742e-4d1a-b797-b108166b18e6	1142
433c92b0-7390-472c-9530-afaeec1ca96a	1134
433df036-fed8-4ac7-a7b2-2ce0531add9b	1140
433e0665-fb6e-4137-ba9e-6f71ba9d6b97	1139
433eaea8-2e0c-4b7a-9b6b-dded61f766af	1134
4340273a-73aa-4c4a-9591-ce668b780de6	1131
43419409-bfd6-474e-9c1c-926bfcef7612	1093
43441d8a-d148-4272-8491-7c24d1b50e5f	1065
43452f62-444d-4979-be7e-08cb53a4a5ec	1074
434a111e-234c-4b29-b593-0ffe3fdff7be	1078
434c6cfe-eb7c-484a-bcd2-af6f78979270	1127
4350895a-69a8-4723-88b5-2f3b05ed2396	1075
4350aa97-b030-4c95-8866-0515d7253303	1075
4351cc41-7032-4583-bf06-33e1ff8f4181	1077
43557566-373c-4ddd-aada-7e35c180e2fa	1134
43577ed3-3254-432d-aa40-a4f133320fdc	1078
435a6256-624d-418d-ba9e-0c9abe0903a2	1153
435c166a-2928-4f6c-b176-0780cda7d1c1	1074
435df382-9f77-4147-bcd4-fcb33d0c6f80	1139
4362e450-c832-4779-aeea-cd0d154dca81	1129
4369b667-553f-4796-9f52-2afeb76b1cd2	1136
436bf7b4-b58e-4c88-9916-dedff2226c37	1108
43725e40-64b4-4778-b521-9fa1983c9ef9	1143
43748159-db61-4e85-b8ca-f2d83dae8be9	1143
437928ae-3821-4e2d-a77a-1162866d91b0	1148
4379be39-b36f-45a7-b0a8-593a95111379	1076
4383fb03-1305-4cfe-b48f-693e74aba09b	1136
43845cf4-f637-42ef-92c6-3d40f43b7b34	1069
438624bf-838e-4187-85c0-bac534c684b2	1081
4389ea5c-2ddd-4602-8d8e-e94ba98803cb	1064
438e9bb4-d5de-4d6d-8d98-5dae2751af3a	1124
438fe884-a3a4-48e0-8ab3-ec0269a4d8ea	1132
4390a831-8913-4b65-b6b8-09d7f87ddd8f	1126
43977f4e-d819-4034-889f-08be7604de35	1069
439abae0-b029-423a-bcb3-bf172aa294d2	1073
43a298fb-11fb-4283-8944-3bd77b6c0033	1159
43a32790-e1d8-4742-b4a0-018cec4d96bb	1136
43a395ba-2c1b-4bca-a69d-9ffd740a391b	1165
43a6da71-6e92-46f0-9afb-7fca43799eda	1140
43a7855b-2e73-44e0-a3bb-c6e6e3c80e22	1071
43ab72af-fc2e-4f6b-bea4-261a29a09654	1138
43af0ffe-caec-47cb-aa4b-c49a865153b3	1070
43b060a5-4026-41dc-8ebf-beb59068d0b6	1075
43b54c0a-8007-4c0e-915c-5d66f223fbb4	1088
43b5daa3-a232-4840-b3af-6c7994e12c2f	1086
43b61a89-77ba-4802-b730-7d967dff43e2	1156
43b9aaf6-da9f-4234-a395-30a83d7de8a2	1135
43c3e89b-69c3-4527-b837-0ba0703ad6cb	1128
43ca31f9-ae56-4e67-baf6-947af748c5fb	1133
43cc0199-6207-4564-8909-34dbd6b4f2aa	1074
43cd4f28-2410-4e23-b601-15ffd304ab76	1147
43cf7e45-0599-4508-b4a3-acfab2d94638	1070
43d0dc5f-d13e-4af6-875c-f4c3b3ab6c1b	1066
43d8323d-2adf-4782-adce-8a5dfa81b53d	1144
43db97d5-c8f2-4659-87ec-410ee5698606	1092
43dcd811-d34a-401d-ac5b-6805e9fa580e	2558
43e2b434-62d3-4380-8509-1e1dfeb850be	1140
43e41810-7d47-4003-857b-28bbe041553c	1162
43e6ce6f-325c-4029-b336-f2b646e29175	1095
43ea04dc-c4e6-45f1-8371-5d0871230a92	1117
43ec7441-e0fb-43cc-b1d7-0c0132d59dbd	1123
43ecb2c6-d583-4494-8b3e-d26abb2aa2a3	1151
43f5af53-fe4c-4d04-9cc7-ed8ac20239e0	1139
43fd2322-31a3-4f6c-8426-98eb96b5f9e8	1138
440088ba-9f27-4aa8-b7f9-1d316cf7ec09	1080
44046b28-b355-450d-9a1e-a779227c7db6	1126
440640f0-ee39-47d3-847b-79d2bc5d1670	1130
44067787-94b8-4c27-9814-225d497c0c96	1131
44082215-7c7c-463b-b266-40d04bf43944	1068
440f2922-1bf6-4d1b-ba6e-bd60ebe11811	1083
44111cf3-bd70-4e15-bb9a-3107349c1d2b	1130
4413bb1a-8999-4a41-b2fd-7e0e2cc32d99	1093
441610d5-f7c3-46da-adb3-aae40730ae1b	1134
4418eb1a-0b21-423c-8536-12ac57a133a6	1133
44197135-955c-4f2c-ba14-ac0c4f59035c	1070
442947b6-6528-43fb-a728-3044653cf980	1043
4429749f-9883-41fc-b355-8386218a6c26	1138
442a179b-bfc3-40b7-904f-dd3215eadd1d	1071
442ca863-ff76-4b3c-8c3d-773d03be6b61	1069
442cc26d-2f8a-4685-af64-f7831d4c3a5b	1153
442d8641-6f1a-4405-be1a-7da7d294a0b8	1073
4434553f-5105-4639-836c-06f4539c7b56	1141
4434a46d-5275-45d2-968e-4c57dd8c7525	1082
4436faef-bb14-496a-b829-47c8ad06cce0	1146
4437b5df-1316-4636-88d2-77cbe5fe79dc	1136
443aaebc-17a3-449a-9d71-1b4e2d285054	1123
443c488b-b925-4f08-be48-957e95ed2832	1138
443ec769-05ac-4d0f-9c27-b48064f357e1	1130
44449e9f-f00e-4c3e-bacf-ef45e11147c1	1077
4444f27d-2f17-4c29-84f9-df5f93100699	1072
444941e4-54c3-4694-aefa-567511f99815	1132
444a36d8-32eb-4c3f-aa3d-d045ceb9223f	1126
444d45c3-8eb2-415c-bdd1-b01f348e4df8	1098
444f2804-c0af-4eb2-9514-e2485d0593d2	1092
445049b3-a424-4aef-8797-4ebeb7a68a9d	1066
44513639-96e7-439e-afde-ecd57565df6c	1136
44540423-565c-4fb4-8db8-5d195ac85bf9	1925
44550cda-5434-4ac9-86b4-11e8c974b7fc	1129
445aaac4-abcf-4015-9564-f7751c7f9d77	1066
445d91a8-dd51-47c5-80ea-86357eedd85b	1131
445e7e07-804a-45ed-a50c-515cd1d19a85	1133
4461529f-0176-47cf-8c74-ebc0a17d9c53	1150
44642396-f829-48f2-969d-12e58e3e2238	1075
446496de-f3c0-450a-9fdf-7269652c5e02	1128
4464f514-b38e-4c34-b551-55ffff16f8c4	1122
4465057a-c578-41bf-b8ca-f86831a972e9	1108
44656b52-2695-4d5c-b9b8-5088f63167b4	1127
446b43d1-ad78-4a6b-9b49-1f65ab56bed2	1134
446fee5c-edc7-44e1-a15d-3dc1cdc77c01	1045
44756084-e815-4126-9cfe-a52fbfc40977	1072
44772044-ec18-42fd-8712-8b567ac82953	1140
447934d8-078b-428a-93ac-98b3c927ea90	1942
447bf9a4-fbdb-48e8-a554-9ec7c513c2fc	1069
447f1a79-0de8-47e5-b05a-ce6492ccbc66	1131
448556b0-d541-4e20-b231-a78a196434cc	2015
44879e99-2f51-4f4f-952b-1c54f06c45ed	1069
4487b75e-b743-4c70-8336-c7fadf0efdda	1127
448871ff-b7e4-4227-9d28-34483ae60fe9	1135
4488a784-af42-4f33-87dd-a9340a45efee	1121
448af27d-60e2-4deb-97c2-6cf770d23628	1076
449361fb-91a3-4df9-a23a-c5fae5eb28b2	1074
44977a32-07ec-457c-892d-da1260c6c055	1077
449834ce-b9c9-4e9a-95a8-21d5dc7a2720	1073
4499e035-7063-4e77-b5b2-6209eacd1adc	1071
449a9ef0-c366-43a0-8155-dfce38c6bc19	1076
44a3d4f2-a5ef-460d-b54c-f5d5f389ee87	1076
44a85902-aace-4296-9512-c339cf559a11	1151
44ac4b30-dc56-443d-9020-ae164ce69730	1068
44ad0acf-4178-4a15-8653-869343a15b54	1073
44ad7c79-2677-40d0-835f-5b540f6d7881	1096
44ae4b29-0190-458d-aef9-05dae8984eef	961
44afd96e-787a-44f7-adf3-cbcbd2f644d1	1093
44b22d1f-ae8e-4aca-9892-5ce50a6d49f5	1138
44b3050d-6aa2-4a52-a3c2-5903f15a2d1c	1138
44b44172-1917-4df0-af04-e1e4b7cc269a	1123
44b9e26f-4cad-459f-815d-274f1495fc43	1076
44ba09a3-1935-47f4-b3d6-1dd2d8840410	1127
44bae61c-7fb6-4a32-ab5d-c7dacbdd8184	1139
44bb07d2-26a1-44df-94b6-803883d2f054	1137
44bbcc75-dc72-4290-bd6d-be5e0ba65116	1097
44c2d754-0e10-4eb3-b607-a97618ab996d	1072
44c3132a-d818-4d68-9f28-379d062dee42	1134
44c3484b-97b3-457e-b40c-e9ca4c0e0c19	1135
44c8b45b-294d-4fab-a350-8bc97aede5b5	1079
44c91ba7-95c9-4b3f-a365-7ede024d2443	1123
44d054f4-d2db-480d-852c-134e796eb292	1065
44d0bf8c-b637-4480-b056-b8155f14366f	1133
44d1fdcd-c2b1-4560-ad3f-97276d358c37	1140
44dd8666-4b47-4382-8945-81a6a7656052	1134
44df462a-c414-4824-8362-be0da3d2c72a	1139
44e36848-7930-4e1b-abb1-c68ffaf96363	1132
44e539bd-e1ae-461d-a663-3cc5957c90f9	1131
44ea58ce-f0e2-4d8c-bf2f-6a183cc10527	1138
44ebead0-e251-4bdc-a100-0933199d6787	1132
44ed3a0d-df7a-4f45-bcf2-cf4117c84c4c	1067
44ede82d-b4e2-439d-b310-334a4c437a23	785
44ee40f7-4f3f-460d-a7c0-ba57aeb3d5cd	1060
44f1a28f-b768-4ddf-81a4-f6dcc98e2609	1125
44f2fd7d-3c39-4b12-b5af-f545f8716fa9	2140
44f749b9-dd39-4d4b-aaad-3665eef126d7	1132
44f8b53c-3c21-4f7e-8682-e6b05d7f6e6c	1073
44f97b44-3417-4363-9874-bda9473b2606	1074
44fd8449-4878-464c-b6ca-68249148504e	1134
4501c909-7e33-4ae3-8a41-0fd56e41e6f1	1097
45043e19-8993-4b69-8d64-e609fe16a759	1141
4505c7e9-04fd-4850-8209-82651fb9c219	1890
45091041-e78d-4161-9695-888691e06673	1139
450b8534-2bd5-4a86-8939-13e22ed0901e	1158
450c3d19-ed02-408b-aae8-96d9107f611f	1077
450ddb3b-b93c-4831-b2fd-e705ef3a5dc1	1070
450de85f-03f8-4f99-a8de-c10a1bdce2d7	1075
450e4d4e-ad95-456a-b453-cc97c3cd5f79	1080
450ea249-6043-4d88-aa68-f0b640e67563	1073
4513eff7-8fa1-404e-8a93-c1b4eff75711	1132
45173075-7a2c-4454-909d-eb33a6609531	1086
45176c3c-db73-49b8-bb98-a2b48499023f	1128
451b78b0-f6c0-41d8-b14f-57736d1f87e5	1072
451ddb85-2937-46ac-8811-150300d2adcf	1112
45238a6a-a919-4d22-818c-5963c8b7690c	1136
45275d21-f0b7-4282-bf29-06e9da3bf41d	1076
452998aa-4213-496a-8acd-a5d3830f8504	1158
452bb3dd-2e72-4320-870a-fc79840cfabf	1127
452dcbc9-04ab-4bd9-bcd2-0b0051ac4a74	2012
452ed9ce-97da-42cd-a3dc-d7e35337c810	955
453108a0-dfc5-491c-b113-955141176f00	1080
4535ebcb-1b80-41a3-93d9-c36e092f9601	1127
45365879-1c29-4d71-bc50-707224a450ab	1076
45376e75-c285-469b-94bc-9525ed4070c1	1065
45398b18-c906-4db0-aa72-94c4cd497274	1077
453ffe14-b9a2-4351-a40b-25022d8cd85a	1151
454330b0-b0eb-4ebf-b623-ec4cddc20ab9	1132
4546a504-d1d4-45a6-a96e-24767c608b79	1089
45483b7a-9764-4b5b-add6-87a85d3d58a7	1131
454ec976-9673-4b7f-9c3e-3c58829dc32c	390
454f06b6-5456-4af6-9015-48458e650b79	1046
45507599-efc5-4270-b27e-8a9c891bea0e	1067
45550733-aaf3-45bb-9020-f307234e759c	1151
4558e184-c3e1-4b52-a0ec-12e0f805bb8a	1129
45595600-37f7-4504-91d5-6ac8930ac9b1	1133
455ab5f4-afe3-4d22-a792-9eb15d9c77d1	1133
4560c193-7218-48dc-a6f6-f54eb6e08f99	1164
4566c87c-b86f-4fe5-b750-69f92bad135a	1140
456dc28e-3d9c-457b-bad6-71b40ca063b4	1073
456eab1c-84a4-447b-b547-ae23b299db10	1093
456f92d1-aacf-45c9-8f39-b4ea45d55bd3	1129
456ffe36-faae-4069-aa40-c85e6b6b5c9b	1090
4572ba4f-d27e-4bec-9f27-28ad72d718e0	1128
457575d9-7f4e-4269-969c-e909cb94332c	1073
457e328b-5c16-4d08-b4ab-90cfad648433	1093
457e4736-7d6a-44dd-ad9c-213911a5e995	1126
4581b290-7834-43ec-9180-e0bcd359d41b	1076
45842ba5-c8ec-4693-990d-2b1b47c2aa69	1077
45847a1e-7c28-4c84-bfb4-f6afdb36dffe	1074
45854a46-7174-4452-acdb-c693bd3f1b06	1126
4586d802-26c3-42d4-a329-6e17baa8f139	1071
4587cd63-adf4-4d4e-87d4-d6099e6b8df1	975
45884d91-b071-474f-a400-122aa65d95c4	1112
458cbcff-467b-4373-a8d8-3de4c3450aa5	1083
458d9f7a-76ba-47a5-b712-707769dc1b87	1126
459327dc-6d7e-4cf6-90d3-a097baaeda49	1133
45967b2d-f949-4d25-8c4f-02bc2732d229	1071
4597f936-ddb6-427b-ba75-baa01cb14472	1074
459ae594-70ee-4db6-8e54-f1173a3cb5cf	1088
459fdf1e-a182-4c56-b0c3-1c9d5c858b4a	1130
45a1c311-8d2c-4287-90e7-986d5980300a	1163
45b07c79-eb80-445c-a6a7-c5915fec10d0	1067
45b256ce-5ac1-497e-a105-430a2212bb8f	1072
45b275b5-f102-4480-9791-98b66c858022	1131
45b32a88-827c-4c03-b698-59319ad66dc4	1132
45b6947a-ece5-4536-a10b-7262fab69c5f	1154
45bb6bc2-d391-452e-8f66-254aefc84d6e	1075
45c570b9-0bba-4203-9304-f76844eaff75	1842
45c5eb16-d8ea-4424-934b-b76653894b0c	1134
45c72f99-9404-412e-9d8c-1e5df6e2933d	1092
45c79334-18c2-49b9-986c-af6a27941df4	1888
45d4c2a4-0221-4f6d-a7bc-0a1074cc4e8b	1127
45d514da-e7ea-4fd9-9d6b-c363611cfca2	1167
45d655f0-237f-43d8-87b8-00322c128b8d	1143
45d6625a-a150-4e66-affa-2c821dba2caf	1132
45d79b43-312d-4227-97e2-1b3e90edbbec	1132
45db838f-5a65-4b24-a1ae-0bd057df31c5	1136
45dce1c6-1317-4aed-ba53-4e6959e1f5a8	1127
45e0be87-551c-4022-8dc3-3fc097c0e909	1117
45e165f5-f66f-4aa4-b3d4-6f48c29b9549	1130
45e2474a-75b9-470f-8f16-ec88299ad500	1072
45e27984-6904-4aa0-a223-258c36979fb8	1084
45e37a21-9205-4291-b099-a0005cd03674	1074
45e6de9c-bd1b-40c2-b359-f7428ec5f7fe	1137
45ee3a9b-9096-4bbb-b916-82576a00f6df	1122
45eec2b6-1369-4deb-ad30-aa60dcf2b538	1074
45f41f89-3948-48ff-9e1c-ca5dc79b2232	1072
45fd115f-a50c-4bee-87af-ab931355f8e7	1072
46006004-cfb5-48f9-820e-8dcaa2f49cc3	1078
460076a5-2de2-49ff-8d7b-f1963dc12740	1126
46021474-0912-4c71-99f8-1116bae7b19e	1080
4607116d-ddfb-43a0-b10e-fa0c8f913485	957
460b99dc-0980-46e9-8954-23b9bfcabd6e	1067
460f58c7-f457-47f3-bbfe-b86955edcaf8	1067
4610c407-4ad8-4703-a1bf-55930e9f01d6	1145
4615be80-cc2c-419a-b6d4-d1cdf763b180	945
4616f1fb-f22c-48d2-8b90-9859e3c4d97e	1103
4619f05f-14b3-4212-b8a1-a43552ce9c9d	1078
461b2a3d-dcf3-4188-9869-94a3f1350684	1067
461f9941-c2b1-4946-bfec-caa0d163b794	1134
4621e690-f146-45fc-b0cd-3c85d8544990	1071
462354f1-7e04-4ce7-8685-b7f4dd711620	1155
46235b45-b7a8-4c3a-a7ab-48ac653b802a	1135
46248c89-126d-455d-acd5-fcea9a20e57d	1082
4626b081-09ab-4c81-8760-4883c7213585	1089
46272965-353a-499c-a37f-f6438c3b3f40	1068
4627e98c-6e61-4dde-af82-fb2bf8804bd6	1119
462c72a1-d032-4943-81c7-86ee103ba09a	1077
462fc738-9f53-430f-9352-2d65bbde9b97	1074
4630e869-15bb-44a9-adba-125f3f9ff3e6	1126
4630eb1b-5599-428f-a48c-23aa16085c04	1549
4630edb3-4960-4bb7-8a7e-7e57138f2907	1068
46371c73-9f4a-43ab-b639-43c72c3e00a0	1137
463a3e6b-51e1-49e1-b20b-f84823005cc8	1138
463b3deb-d3eb-4276-90ef-b55278d0d696	1080
4642287d-ba79-4aec-8441-42aef5625f64	1133
464292fa-1a5e-4335-a460-5d7a5a3a32fa	1133
4643d621-9a59-424c-9def-d89d6f18467d	1138
46485f00-797c-48c8-852e-a6e5b37675a6	1146
464a0d1b-4505-41e5-8cf5-0e05065fef5c	1087
464f3f1c-2082-4cd6-b7be-f4f4cec5cd10	1137
4650c515-2d4e-4758-a515-dc5301e26df0	1134
465390fb-fa96-414f-82f4-5bd6eca2292e	1127
465408ba-9a9e-48b7-b356-1072ec27435b	1132
46541e2b-c8ad-450d-98f7-7a82bf5d4d8a	1062
46558921-7660-4d7e-8a3d-ef91db03721b	1130
46568770-bf32-4d73-97d4-15d881de65b1	1087
46611dd0-c549-4dfd-b347-a7bd7eada1f4	1143
4669e0f8-a020-4c3d-ba5a-d72940fc67b4	1144
466a004e-0e43-4af9-82cc-2c8677b3b2cf	1126
4675fcf3-1087-49b3-9520-e535f710e6ff	1068
4679bca4-f1e2-402e-bc0d-77b1c79ecd16	1109
467b901f-0d47-42dd-8dff-55d46bdd5496	1067
467e772b-7280-473d-8798-3e960bd3c03c	1143
467f419e-c2dd-41c6-ba12-f0ee35de5978	1119
4680f333-38b5-4f8d-8396-44f24d70d697	1094
46848ab1-a5bc-413a-b550-b6b4da9c573d	1079
4687d4e6-98a1-49a6-95f2-f37c7fdc1ad5	1130
46881188-c2cf-4378-b876-058f9d74dbb0	1073
468a8279-6b42-4493-9365-bb29b6b021f4	1072
4690c458-9572-4c52-8c29-bb686673c193	1133
46912fb0-8e1d-448f-b697-9b530c315e68	1081
46916ca5-7881-4e17-bb58-9d2994b5e76c	1129
46979a2b-1100-4867-81cf-f6cb2db717e0	1135
469ad93e-4f07-4a3a-8003-5ae263c77a43	1138
469d23f7-f261-40ca-ad7f-f6a6b36ca4c8	1882
469ecb08-774b-4585-a3e1-d25cd59030a7	2045
46a0dfc2-1e5c-46e9-8b09-46922a677f56	1128
46a193f5-ed28-4c2f-abf3-ed95e9d33f11	1400
46a42cf5-b9da-45ce-9137-763bf0cf5a51	1131
46a47c6b-df8e-4fa8-b40e-538c4cacc150	1074
46a500e8-49c7-48d4-bc3d-80cd348b8003	1140
46a7896f-74f8-4657-9a67-2b3cae8f501b	1060
46ae81db-0dab-46ea-bfd3-8aeb5fe1a5fe	1075
46b0072b-563a-4fe4-80e8-849e6388525f	1124
46b0ee15-0664-4805-84c2-13742cfcebf3	1091
46b5b60c-3263-4251-a867-d98d5988b9f0	1142
46bef3a0-a771-4796-b885-3a6a25591152	1153
46c01a1a-ee5d-44d4-a7f6-04e356560116	1085
46c54c7a-2a5d-4e5a-bce0-a1680261ee15	1075
46c7258e-05b9-4949-95f4-aea757e909ad	1080
46c814e6-0391-48c9-9b59-a0fcf83a923b	1149
46c8e2bb-b086-4e80-9d81-2f24224e9a77	1141
46ccd5b0-ba02-48f3-9e02-ec6ff578832b	1157
46e43cb0-96dd-41f5-b3c5-59edf2a27c58	1093
46eb4aca-5c75-41f3-89c4-c7baa2766cd6	1136
46ec2d85-0f2c-49df-acd0-1e50a3de2b9e	1084
46ec9942-f4d2-43a8-81ae-4947bf573b65	1077
46ed62fc-b985-4ad3-9b6c-5439587caf08	1076
46eda42e-1b38-44b8-974a-9700752c7a8f	1113
46efdf83-78f9-4f75-853c-6b9620a7bd8f	1128
46f4f0b9-80bc-4600-90e6-86f63b261240	1131
46f6126b-d80e-4af2-88e9-66b30e1ffe66	1135
46f6a997-d0c9-4123-9894-8eb061bdd4da	1132
46fab13e-9569-4b09-b27c-6cab2e4ee73e	1072
47039d05-1d4a-47e0-b0d4-4de0112725c0	1077
470ceb0d-fdea-4d35-9e44-5f471088ac9c	1068
470da885-f12e-4a27-9b46-76ed5f72754a	2148
470e5918-15c9-4d9f-aa17-362f87731faf	1064
470ed5e7-89e5-4d6f-a440-b6806b7327fc	1154
470f149e-b614-4ec6-a352-d47707f51ebd	1128
471c2da6-17c2-4d18-a6b7-eb4d7b750507	1143
47216821-011c-432a-993c-3f16cb1432ad	1088
4724c440-f75c-4f17-bbb8-0f2041b11c4c	1152
47278cef-e43f-461e-bb66-aa0767cfb311	1091
4728c4ad-2a7d-49d2-9aac-92e3ad1a5c68	1999
4728ccf0-5a60-4f43-8835-1f41d212ae58	1091
472a6695-6b40-4251-a783-f9e058bde2e1	1139
472c2bac-82d5-406f-98b1-8499ff88716e	1143
4730a2e0-d702-4450-ab27-ba56e32b1d7d	1137
473a2cec-047a-41d0-aea4-9d7a9369c203	1073
473bda2d-f859-41a4-9e33-b1aa8c55fb1a	1196
473f5b23-755d-4ecb-aa05-428756f8a9ca	1067
47423029-e3ac-494f-a7cf-5b44910a1ba4	1133
4745d731-e1f2-4eab-b27b-d1d56c5f28c4	1122
47488a4d-efbf-4219-9c73-173a97480ab0	1133
474d2218-f9a9-415c-9e2e-d508bc40392b	1131
474e192d-5ab7-48d2-ab5b-8e92fea0fee7	1102
47502f5b-88f8-41ec-bc13-7e6f144109fa	1111
475588d4-c7f6-40e1-a97e-cf3723aa8b06	1137
4756a15c-fc44-4ba6-92fa-c051c107b51f	1074
4758d506-4a7e-4582-9ace-908332865c1b	1133
4758eecc-fc05-44ab-ba33-fe61ff66c850	2076
475907a2-f79f-413e-bbd8-1c2e6ddd257e	1076
4762fd04-360d-4245-b93f-9a80ee72bced	1074
47640412-1526-4c58-9de5-5f2af52bd3c0	1078
4764e55c-e2f3-4d96-a796-602b7ed4a644	1157
47650876-423a-46b3-b99c-6edf26ac52d4	1129
476bb44a-7f81-4f73-b825-1a0a86d74c8d	1136
476f59f2-31a4-4681-b562-fcd83bcaf7a3	1079
4770695f-7548-4370-95f6-43425d8e8d87	1070
4772c711-ed1d-4af4-b23f-d2ca67747c93	1137
47742c5f-c57b-4614-b478-18c57db87ab4	1072
47743577-110b-42fc-878f-9cbcc6c4692d	1142
47778359-ce99-4f79-bb99-e62f1852d7e7	1198
47781589-8a68-44e0-9b3d-418f96cc28c0	1067
477edbd5-8671-4ad6-98e9-5d77cd15974f	1131
478b46f6-f744-43f1-8dc3-8ed4390e100b	1544
47911665-31bc-4c13-85e9-39b4f0c31986	1117
4795a192-364e-434e-9873-ccf9656e847c	1152
4795e688-78bf-4521-a0ad-be6aa17e049b	1127
4795ff83-e63a-43e2-b6a5-ef687edaca50	1074
479ac9ef-41e6-4d8f-b9d7-1fbd56c5da90	1079
479cff74-a20b-4164-aadd-d4b079254719	1124
47a0af61-adef-41f0-b5a3-312f08f95cfb	1067
47a4c79a-12b7-445a-8164-737a205e5b29	1134
47a5b784-9cbd-4735-b790-f7d2b6395430	1118
47aebb93-758e-4f4d-b6a9-fa51bad89487	1141
47aecc8c-20a0-4ed7-b19c-ee34d16ab6a3	1072
47b3a055-92c7-43c6-9687-0c5e617e278a	1120
47b7dbd1-9009-41fd-989d-1e4346d720ca	1120
47badf9f-6a3e-4145-9c14-76146e52558f	1129
47c60983-de26-4b25-b3de-2cb9fbf8a0be	1073
47cc6c1f-7da4-4224-9045-d8647760162d	2026
47cfc7ff-9335-472c-9bbb-d2a1b31c6f15	1112
47d64f81-086a-479c-9887-9eddba5bef77	1140
47d66127-ce69-44fc-a5c3-d2ffb6f1477e	1198
47dcb629-2b04-449a-97a7-143e680602be	1137
47e0912c-94cb-4211-ae62-6579b7997c0a	1073
47e0d1f6-ff06-40d4-bca2-e1f0cbcdf191	1129
47e2ee3a-cb2c-4634-a10f-e0644bbdf31b	1130
47e468c2-dd73-4c7e-aea6-d5fc6e39237d	1126
47e8978c-c314-4b25-90d0-fb3daf767eaa	1131
47ed039c-95bd-48f3-999d-28ba7e49d94e	1108
47ef9f74-5071-4a3d-b677-a98c20e58a96	1065
47f3142d-d55f-4e75-9c23-329b5fc1fe7c	1072
47f40795-b271-4915-b2a3-119802093cb9	1133
47f51569-e395-4713-86a4-cf0361c5c930	1146
47f8c03c-839c-473e-97da-e0f7ba466ad9	1141
47f92bff-949c-499b-9f19-994a11ed2f46	1148
47fa740a-80cd-4ba6-8fb9-c49d1c1003db	1122
47fa9cfa-dbfd-43cd-bf76-d253c4941493	1134
47ff826d-de55-4806-b613-4009c058ee0e	1142
480c3cf2-8829-42b6-9ddf-0ae2a08cdbfc	1134
480fb93b-f5fc-4698-9ae6-cc164f05d85b	1135
4813402d-1b04-4638-b19e-5e10dc56c916	1133
481698db-e7ff-4b6c-aab5-312cba8e80d0	1081
4817cbaf-b264-4d7d-a757-0dfa29d2714b	1071
481d90f2-ec96-46d8-bc25-775db7fc2ad9	1153
481dbe99-76e7-42c0-be62-d5ad6647f273	1079
482326a7-6e4d-43cb-aa97-234ca8036baa	1135
48236860-7d3a-408d-8751-e45b4b4e7aec	1152
4824c69b-0580-42e4-924d-71bff24df077	1153
4824ea14-d8c8-40d7-99a6-a15795216f5f	1121
482d328b-2591-43cc-8f00-6b7021c7c920	1076
48327cf2-948c-437e-9eaf-22c466e61d90	1102
4832a8c4-3ebe-4339-8abc-41220171487c	1131
483450db-8c15-4dc8-8ff1-775a8915bdbc	1097
483b5570-e434-47de-b900-1ac2969a7df4	1090
483c7ded-1c41-4104-bb5d-d39c5ed65f91	1131
483d7c5e-7c31-4fbc-aade-607b5681cd3c	1129
483e5245-110d-4ddf-89e4-948b1ee0a4b3	1129
483e5bc9-22df-42a5-9875-3144125e20f6	1074
483ea081-6c01-4384-a0e8-bb8c285f47b1	1128
483f18d7-2ade-4df7-a832-ac1efb3faca6	1127
484318ea-aedb-487c-90b5-1bf87d12ba64	1143
484360f2-ac57-40f9-aade-771cf430ff83	1136
48443f28-1c98-40d8-8417-fd1e4d49e90f	1072
48468b42-6940-49f1-8b3d-aa10e1fd34b0	1127
4848ee5f-eb2e-4f1b-b413-2aca63bfa2b5	1075
48496022-9019-4ec6-9f9e-750e64e78caf	1138
484a9d6d-b212-419d-91f2-53b06b50ebc7	1130
484af4fa-0dea-423b-82d7-1b952bb4eee0	1078
48538adc-ecb9-4d0c-9f81-162dc1f00884	1075
48575b72-5377-4ed0-9aa9-ff9d0276a6ae	1127
486133e3-e2da-4ea3-bd9c-6d5ae39fca9e	1083
486eea62-fc5a-4213-bb83-059383774eb7	1072
486f5b50-228e-4ea0-bf79-67e61b1c3d75	1085
48701cf5-b54e-4d0a-82c4-b7601e61df76	1081
4873b5d5-e49b-458e-8773-3dfe2a96b8dd	1131
48752473-1667-4464-8fb6-449e6658e03a	1080
48775fc1-ffe0-4a2a-a4f2-f955626f98a5	1148
4877d76a-d62c-4214-ac3b-c8969a90389e	797
4878d695-0020-4d4e-a419-822d21af5405	2076
4878f67a-7aba-488c-a2cc-08f1439c958f	1127
4879c76b-e632-475c-8991-a00412986ce0	1099
487a3e57-3a8d-459e-bf12-e94739a7ead6	1130
487b41ed-e03a-4726-9fbc-046eb4a6b2c5	1132
487bb965-1d06-4747-b3b9-19de47164b78	1077
487e2cd4-2e3a-4630-b814-4c2f4f091746	1134
4882b877-f96f-4708-b3ad-b475015ab85d	1118
48830eb1-c033-428b-92c6-7431392d20f9	1131
4883baba-1a42-42a4-9a15-dd88f20d3759	1153
48850500-035c-4b53-be28-d4cd91037831	1066
4885242e-3bf0-4988-ae1d-402e743adcd2	1127
4888786b-2e99-4da1-b067-2fe93aea5db3	1140
488b71e6-afb0-4aa5-8bee-02b3b662e305	1138
488bb497-575d-4343-8a76-9b86027c056d	1083
488cddfa-523d-4581-a35d-26abe981835d	1145
48900e44-69f8-47ee-8a5a-3f85ab43e56e	1070
48904607-07bf-4805-9517-9d4ad093e8ae	1070
4890f4ab-9b12-4e5f-880f-9f365a29db27	1074
4894e0de-05e8-48bb-a553-49b5496fdda8	1134
4895afbf-62f4-4c0e-96a6-5bbceb081e01	1068
489854a6-e764-4909-8035-34c794f0bba1	1132
4898fa46-51ae-41c9-a349-b7b74e1a6143	1156
489abb7a-57ba-48b0-9aaf-f5f3204b021c	1127
489ad040-c55f-4dc5-8e88-ebfb326616b8	1076
489c8905-118a-4251-aa81-26b10a5758a7	1133
489d94dd-3e6b-4066-8828-f1c468cd41b4	1157
48a31504-54dc-469d-a606-bcbfff3fe435	1143
48a40bd4-735b-450b-b7fa-66310c5a7f61	1142
48ac1a82-0577-48c5-ad24-5a6bcc175d64	1063
48ad3a8a-97c7-4fc6-bd32-8d9a061ca0c7	1123
48ae2e06-e320-4720-9f54-9398e5c7b7b6	1120
48b002bd-f94c-463e-b6f0-6af12c77de6a	1079
48b35890-5a28-4b2d-a647-5cc187f30cec	1146
48b551af-d65f-48a3-b894-29a46b7ec7a2	1138
48b7bbca-edae-45c5-811b-61b1f78c1709	1074
48c426ff-f70a-4cf1-aeb8-419f9ba155a0	1129
48c4f69d-8b4d-4671-ae7c-9a189c727236	1115
48c5d2eb-6cbf-4bd9-8262-2dee482ade9e	1148
48c99cbd-7ec8-4b99-b4bf-e53665fa6730	1134
48cbbf1b-be56-4b25-93ae-40feaa8b9db4	1074
48d196e2-05f9-4810-b34d-d5d4c211c220	1071
48d2d43a-d5df-4fa6-86bb-985657a89523	1068
48da0862-96d7-4bc6-a67f-f55faaf6a409	1132
48db046e-fb20-4747-8b0d-1646bc848bd9	1082
48e86c59-fc86-4a20-8aa8-46d16418ab40	1129
48eda71a-06f5-461b-9ba5-6b0bef9a4925	1075
49025c52-70a2-435b-9f39-2ce4997f8bb1	1137
490556fb-c6ac-4ec6-aca9-2b5fcb6bf32d	1142
490629c0-e08d-4032-b20b-aeaf14a01702	895
4909f171-d8cd-4e53-975a-2ab52f4543f7	1070
490efcd5-d63e-4e31-832e-90c7366641f8	1076
491188c3-a1e9-46e7-92b0-cbd42a58de3d	1071
49141743-8a47-4577-9ca6-0f6e20ca0496	1080
491ab336-7e0d-46fd-b0e5-81cb65acd235	1090
491dc44a-b2f3-40f8-bbd0-de5925c9aaa7	1075
4923ad3a-791c-4287-9c03-ae84cee2848a	1152
49288d90-6997-4ab2-96ba-4711fa051d90	1066
49325049-e681-4d77-abac-ecd735c24435	1071
4939da3f-93fa-4797-a638-722c66edb235	1079
493f93b7-f80d-47b0-a57d-8a9e6ac85b6f	1125
4941d9bc-17f4-424b-855c-4015cb3786fd	1370
4943d91c-31ee-45d4-b92c-5c08024741e8	1053
4948c290-f3e8-4751-9c8b-de566f39a553	1081
494dcdde-3c26-4262-847c-dc6e4b6bb14e	1137
494f6e88-2e84-4b20-bfac-643461a3988c	1071
4951d671-83d5-4179-ae6c-33c91c81b13c	1133
49534e62-af1f-44de-839a-dd6dae1a8068	1070
49554cff-15ff-4a71-af54-32eec914f35b	1051
4956cea4-9eec-4dd3-8989-3b797cb16660	1119
49574075-71d8-4f56-8f84-43ff1c5d2324	1141
49588098-4a11-44ea-8436-7d0cc510a4df	1153
495976a9-45e8-4423-ae3b-4c120fe4c956	1125
495dc6d0-8567-4b34-9eb6-a745da03faa3	1136
49617f93-44b1-4f47-960f-cfe58291c514	1135
49619a09-1b02-495a-b9c2-33e678107ba5	1091
4965c158-19d6-45ba-8aa2-0f3328985d7a	1066
49693f7b-bb7b-4fcc-ac14-9989f3c45e6f	1127
49699a76-19ba-45a7-9197-d2d2fb5cfe30	1134
496aab21-d7b5-4255-a505-fbba8df70ae0	1133
496dd00d-6a13-45ca-95c8-76fd9689e39e	2007
49755ffa-c4a2-4a12-acba-dfc1306d83a7	1132
49773a73-12b3-48b3-9121-e5c32429c4d7	1125
4981789a-6a0c-4987-9ca0-afa7ccbdd309	1074
49875fb9-3b56-4903-857f-88d08cd1e51f	1138
4988bcb7-f669-431f-8ca3-a455d91e4db5	1075
498a6c77-92df-415b-a6f9-2695448a6737	1072
498bd241-dd17-4425-b5be-3833b60356d6	1130
49923c55-0678-451c-b58d-0348f7639b28	1129
49927981-d921-499c-bbb0-b52fbf785cf2	1102
49969ab0-3872-491e-9e6a-2ecc437717ab	1153
49980d48-d523-466d-b689-80ae2e2331ec	1138
499a9430-0f1b-4db0-a098-2e04d1b9a5a8	1080
499ff786-4303-40fb-8c13-2e61d46ca5be	1168
49a451b2-670c-4441-83fc-2a5c0afd046b	1131
49a5db49-ca01-49b7-8897-bfbbe3b7c1fc	1149
49a68674-5255-4734-949e-e68f461ad7bd	1067
49a75099-35b6-418e-9802-fa42d01afe64	1134
49aa8d39-81a9-4a37-a763-a3f774dd4382	1145
49ac3a03-baf2-4d5e-8c8b-9f2a3ed81228	1136
49adc30a-e7ef-4f24-bc1f-a15b7b3bed45	1074
49af7f80-fe76-4108-bc8c-c74cfecfb3fa	1123
49b88529-0094-4b57-a7df-51fc0db760a0	1073
49ba2783-debd-4c24-9964-a9df9573c1a1	1159
49c468cb-de47-4b7c-9f04-b2e026514d51	1124
49c4747f-ca2c-437c-aed8-782036de2f41	1086
49c5b943-10dd-4fb3-a917-67bf3a60e803	1074
49c5cacd-b4f9-450f-b56e-3ec3b47e7b40	1068
49c8d89c-076b-403f-991c-e580cee022bb	1135
49cc3047-4e61-4638-a8c7-8322ed86c50d	1116
49d05697-dd9c-4f06-9344-b39b81f642e2	1143
49d0dbb0-5fcd-438a-9f61-9c353ab8023e	1138
49d140cb-a8ae-4bd8-81d4-e2ce8fe1ed49	1150
49db0a5c-dc45-4333-a9bc-3a96447ccca6	1138
49dd8fbb-805b-4136-9691-4f4e953979e3	1133
49e24ad2-a9f2-42f1-9ba0-9d1c438d3989	1132
49e2eb46-83ca-42ff-a6d8-0dd4a2ffdcb3	1150
49e44505-6aa7-46b0-b7af-9d2095c308f1	1138
49e4af80-f2da-437f-be14-4d3e2f59f332	1151
49e63854-c3b8-47fc-b4cd-118c20034387	1141
49e77fc9-c5e3-4828-91cb-e31a52046aca	1131
49ebcd97-ea95-4d24-9134-a600ef142097	1130
49ee2b0c-df95-4e3b-9448-124ff2b821df	1122
49ee8e6d-ef02-4b30-bbd2-968007e20e9b	1069
49f26599-9bb0-4dc8-a9da-63c7d6109eb4	1075
49f4acfe-9214-4373-8669-f23a727ecf31	1124
49fc6ebf-27a7-4cae-b57c-a9b36365706f	1081
49fe894c-293e-405a-9a9e-1abc18cc4e7d	1069
4a03be1e-9e49-46f0-9f66-cf9825f4c977	1899
4a052626-423b-4389-8549-d20206461cb1	1070
4a06e8ce-e420-4a5f-9b8f-aefb49f59d01	1128
4a0710fa-7e86-4fbd-97bf-cacca77ed865	1143
4a083802-8fa2-44ea-88f1-25550e8067da	1125
4a0864f9-8cbe-4052-a67f-0a84fdcf9e92	1067
4a0993a9-f21c-4d25-af87-5232c5cb25b5	1081
4a0e10a6-15d7-422c-82e1-c4e464c5d6f1	1140
4a11db39-7584-4c55-ba5b-9150ebd256ad	1073
4a14776c-0554-47a8-94ac-14aee0107b57	1135
4a184293-9812-4811-bc61-2e2aa3a672e0	1143
4a21bae1-8827-4ba1-84a8-1c5a8729f555	1129
4a252adb-5ce7-4c38-8f3e-a5a38f6a09e4	1129
4a262879-e449-43ea-b3f1-6b4d75ca7fd1	1064
4a275f5d-ef1c-4f5d-8308-9719111530cb	1135
4a2a96c3-b0a6-4f8d-9f02-675b7ea629e2	1184
4a2b3ece-2149-4d38-b257-b65c77ab6c3d	1125
4a2b6bfc-4919-49c7-9f8f-f94d16d09ba7	1131
4a348698-c010-478f-95ed-f0fa0f2fb6c9	1141
4a350243-8092-45c6-8102-c12acf67b9cc	1135
4a37beda-04a3-4b6a-926c-fb653ede33c7	1134
4a3a9f4d-8865-47cd-93a4-c8100f1430f4	1131
4a3cd516-30e0-4c4f-9543-fa8d438349be	1072
4a3d25aa-8b7c-45a1-a4b5-54355f458b8b	1148
4a3eaf4a-e63a-43b1-b1e0-4c8e42a6947a	1135
4a49b37a-202d-423d-877c-a1fe83ab3d02	1133
4a49ef2c-eed0-49cf-a462-e96eccd8fd19	1079
4a4bcbb0-2851-4803-b84a-46ced41a8731	1836
4a4c36bd-dd01-464d-ae9c-7cad2fb9daf8	2073
4a4dab9b-3873-4d13-89f2-f1d1cf6b83a1	1134
4a50176e-669c-4e12-a744-b069201ec98c	1072
4a5229de-f999-47eb-b52c-240afaa8865d	1102
4a556fc0-deea-410d-aa14-fee16f2740f9	1125
4a5bd6d7-e0b9-4a22-aee8-104a17d0dc13	1134
4a5c2136-c2b7-4905-84a8-7fb416a037c2	1122
4a5df534-b7bf-4475-b000-2e4a5f6272fb	1127
4a62a1a4-74d4-4f0b-b4d8-53847ff818d4	1137
4a65f688-8886-4f6a-85ec-bc32a9f4690d	1072
4a6b52f8-6865-4345-bf4b-127388536791	1132
4a6ec85d-0d2a-453e-b973-457e9a4c4e1a	1066
4a76e025-1aec-4a9c-b8f4-45622746acc4	1138
4a781b2d-a2ef-4387-a7d7-a11970b37ef7	1072
4a792880-543e-453d-84bf-037e20a19fbb	1091
4a7b0c75-bd05-4b88-afc4-bbdeb93acf91	1099
4a7c937a-a6bf-44ca-bb1d-4d65b8f00143	1142
4a7d332b-24d3-4ac0-920f-9c6181777043	399
4a7fbfe1-6329-41e4-952a-1858a4970926	1145
4a82b1d1-6722-4821-8389-f0a05f30a703	1133
4a842fbb-7038-477f-a0fd-fa9682e5664f	1078
4a87b4ed-2c04-44e2-ae0f-878b036f7734	1140
4a88db3f-b814-4ee7-8f0f-20a68f8d31cf	1076
4a8b6b97-4833-4341-8160-c43f8194718d	1139
4a8dcf2e-597b-4913-9cad-ca2df157d071	1114
4a8f3ad0-363b-4e27-8b91-9248c2019175	1149
4a910abb-b270-41e1-86fa-98afcd81280a	1132
4a927717-8011-4438-8df9-e4e0a8326de9	774
4a94e4fc-0b4f-4817-a25d-80e98e472860	1108
4a9b7ba4-7d86-4672-986b-e5a2aacf71b4	1094
4a9c5f1f-4283-426a-9d6a-e34ddb54c8aa	1065
4aa735d8-8716-4969-a7cd-8bd5561684dd	1068
4aa93deb-b779-4041-8dce-c15289d9cc23	1091
4aaa976d-a781-4210-b092-6b71aa6c217e	1133
4aaebcfd-5d1b-46c7-85ec-d0993a078c80	2151
4ab0f6d4-1fcd-4d6f-bf7a-b38d5316b891	1072
4ab35cb3-ae2f-465e-a843-056bbe23b458	1083
4ab6b086-7e1c-44e0-b951-2c48915c1393	1131
4ab6c118-8471-426b-8293-4e384d84d42c	1139
4ab997a5-7867-429f-9543-3c47a82e1194	1099
4ab9b10c-369b-4070-aa1a-2eba8155423b	1084
4ac1ed0a-6332-46b5-a79b-de3087d5c074	1136
4ac363e4-87a5-4750-a8cb-eabc24b31890	1161
4ac37801-4a91-449e-9667-77831b1913bd	1096
4ac44754-7a41-41a1-83f4-548710eefd8d	1143
4ac7e74a-5038-4d70-9884-83eaa8116aad	1525
4ac7fc8c-cf4d-4354-abcf-134268834a50	1134
4aca7766-d419-4dad-b968-0c045cdf463e	1149
4acd1eae-dc5c-46bc-99d5-f13a74fa291a	1074
4ace7626-d425-4680-b4cf-5222d98b239e	1077
4ad30f99-96dd-4069-b912-d0ae80d4a899	1139
4ad4d198-cb94-4251-bda5-1f51b62c0a94	1131
4ad4dc1a-314c-40c3-8765-5cbb8b02a271	1079
4ad8c0ee-b549-4947-9107-e130c351ecf1	1136
4ad8d2ab-439b-4eae-8e21-dc3a82478691	1138
4ad90bee-f3a3-4c79-8042-39baad9a1650	1138
4adaa71f-073a-4d9f-bcd6-a869d37d29cb	1123
4adba228-71a4-435e-b59d-4a3cd0e4ef07	1069
4ae1febd-9707-4827-b220-55792808f0b8	1131
4ae2e846-cdac-46a2-89e4-421ad07ec9a7	1135
4ae41587-0a56-4331-b666-60b91b9c5532	1093
4ae81372-0b26-4555-b280-1bd808aeaba3	1162
4ae8b5f0-6c30-4cbf-8312-588e2ab5e3d2	1082
4ae9cbdb-ae32-469a-ad53-7c42a4b263d6	1128
4aede275-ba8a-4840-87d1-1ea2203acebe	1066
4aee9c05-1089-4016-a9dc-d41a959626c2	1069
4af2187f-468c-47de-821c-725c6a424f47	1131
4af663b8-28e4-44e2-89c8-6df8a48e9f27	1123
4afa5e06-274d-47ae-b842-24e9fcc31e98	1125
4afb9e04-25fc-48a1-bb6f-09bbe6f69cd4	1073
4afc2e63-e06a-42e1-9ba7-546341730588	1091
4aff83ff-278d-43b1-9b96-aa231719d40b	1129
4b01d1c7-e647-4852-8703-5f25bf4f9b13	1127
4b03a5d8-ad73-4ebf-8e15-5e845a3e89cc	2169
4b03f8b5-492c-49c8-8269-de6f50a1f417	1131
4b0d0abb-5b02-4fb1-a6a3-2adde0e52a79	1140
4b0d6f8e-6768-4552-b00e-aa75362158d8	1068
4b0f2903-5f47-4659-a16e-3396df32f775	551
4b10b907-f154-4d91-af7e-ee622d47a35a	1075
4b1115fa-4a61-4169-afb4-f6ed749f677f	1122
4b19ab76-dc2e-4485-9350-76193ae9f740	1074
4b1ad319-063d-448d-91d4-0136c33aeea0	404
4b1bb8bd-dfc3-4f14-a6e7-6154d830d249	1102
4b1d4f88-ee6c-4fa3-a4b6-c3770d485433	1133
4b216f1a-b2b5-469f-9c38-a615e3282ce0	1150
4b285ff4-865c-4213-8703-4d040ec8e57a	1074
4b2ab944-6054-40a3-ab50-86782d98ac3d	1080
4b316521-a939-4260-a9d3-26576e2ca5dd	1071
4b333cd6-94ce-465a-8904-3b81e7e7a033	1130
4b337938-bd24-4f29-9893-4c2bfc56cb31	1070
4b3b1331-6218-4ff4-b043-da6cb8548729	1135
4b3b16ba-07b2-4373-976f-51dbe0dfe198	1081
4b3e21cf-7973-4c0b-9bf3-7308e069059f	1082
4b3e78ec-385f-4fe9-92f9-2f69881d561a	1077
4b3f9214-d5a6-4e9a-b2de-9348c320009d	1158
4b4076a6-2674-4c58-bedc-04420c58039f	1134
4b415802-04e0-4a2e-8d9d-6968feb40c08	1865
4b43eab2-b4f3-4d9f-9fed-8477015f93e3	2056
4b490384-d3b1-4fe3-bd6c-a4e8cb4d25c3	1079
4b4a4ab8-1f2a-4e09-ac5b-634dc8ec0ac0	1130
4b4b18ee-b586-4fcf-acfd-6e5ced228874	1072
4b4c0f96-df65-4fed-8556-6403769f00c4	1157
4b4c4763-70b4-4ae1-bb80-28dbef2d6c36	1138
4b4f85ac-2435-41a2-a8ce-f96d55955345	1129
4b51a44b-308b-46bb-b7f1-c70e12eae927	1094
4b529cc6-3c4a-41f8-81bb-328c315dc9b0	1124
4b557505-d041-4e42-8af0-855d4506a89b	1139
4b597ad1-9f4f-46f3-bb75-873a3c180e15	1134
4b6b0985-7ce6-45cd-8375-d60bbeadceee	880
4b71540c-17f8-40c1-9f5f-0fee6b78b2ac	1103
4b78701c-5a82-4ac5-b2c9-300649cd3963	1059
4b78f0e0-d9d0-4d9a-be7f-c5f7715e0802	1143
4b804c09-278b-4068-a62e-53a7cc51b884	1141
4b8097e3-30f0-45b5-9257-b7cf02ead606	1094
4b80acc9-add1-429e-9a24-572893e25189	1131
4b82fb7f-0219-4d9d-b3fa-c2f68be8205f	1075
4b88eb19-05a9-4d07-9476-1d189b0a4af9	1073
4b8969dd-b94c-43be-9c75-96477f2ec6f7	1132
4b8a6ad4-8065-4b79-aa83-96e1d15ad008	1077
4b8c697b-57e4-448c-beb4-89605c22db89	1136
4b90b505-c76d-46ff-998f-0b4ed0384735	1048
4b94970f-80a9-4bc1-872e-2ded10215f08	1100
4b94b7a2-b34e-4178-9cda-27670e200f46	1129
4b9bb04d-75ee-41b0-935b-c099edf1f311	1095
4b9c8c9b-3eb8-4f44-9a0b-392965f311dc	1137
4ba4c51d-7237-446f-8736-02197b61efa5	1014
4ba8906c-e078-4b7d-91c5-2739a05dcb6e	1071
4baa923b-887a-445f-a48c-89eb69ab1268	1068
4baad00f-7623-4152-8a3e-247dcae4f283	1073
4bacddb3-8d73-4810-ac66-5e94c5366653	1116
4badec34-d035-4fac-b043-f7dff3b5d469	1078
4bae37f4-27db-4463-8a00-303b68eff0ca	1075
4bae5315-5f92-4f44-a85a-3c6417ab7b97	1124
4bae6df3-da0f-41a3-ab6a-daeb40934741	1076
4bafe9ba-ae10-4300-b4ec-1becc7d70098	1131
4bb00f6a-6557-4518-a747-37e2bf58d5c5	1148
4bb18962-d897-4651-8cd9-baee0eb112a2	1134
4bb2f00b-768a-42a3-942a-23044388bae9	1147
4bb44dcd-a445-4029-8bdb-bc356e845597	1070
4bb610de-1317-4634-aa1c-2b89e167c8eb	1073
4bb93071-c78c-448d-86cf-2e8027f568d3	1133
4bb9dfd5-8fcc-4de3-a59e-bef353b1d8a4	1061
4bc043e9-d5ce-40a2-8bb0-fade55d5608d	1093
4bc07efe-773f-438c-aa6a-ef87f44de776	1165
4bc68f92-954a-49f6-b124-4ac2072a5481	1134
4bca4683-df39-478b-a2e7-a588caaefb2f	1141
4bcd5c44-c7ad-4208-9980-0185424c4046	1125
4bd046a4-f2d9-4d65-8a39-3819aa90be82	1071
4bd0c485-f109-4147-81f3-97abdf309367	1132
4bd6dd52-4554-4c72-a75f-d58e6b41f6df	1136
4bdbd43b-90a0-48a8-8a6e-c8f2feff1933	1071
4bddb52c-d4f3-4877-8fd3-c1e86cc159ad	1153
4bdf2ca2-70d1-40e1-a524-6d3ef51bbcfd	1074
4be0038e-188c-45c7-a052-a46bb68108a1	1134
4be1259d-cb3c-47e0-a287-06bd1bdf11f2	1134
4be14f39-945b-4e14-b648-2084d0e2a1fb	1112
4be1c1fe-0faf-4867-af2e-35eaf6a966d7	1143
4be69bb1-0592-4afa-a4a6-5ecfa609f6c8	1140
4bec6711-de71-45a1-93d4-31372810ffcc	1114
4bec98a1-c8a0-4cdf-ae84-b9fc32b41e4b	1131
4bf00df5-ce21-4eb2-a6b0-53b5e3e7703e	1084
4bf050bc-782d-4b34-afec-8174905ec81c	1134
4bf48baa-3125-414f-b34c-1d90d66044f0	1006
4bfdde9d-34db-408b-8b5d-9bb769c9b9eb	1142
4bfde119-5f25-4032-84d2-488f8bd12c04	1127
4bfe3973-8e6d-48ea-ad48-d01607c13658	1133
4bff1dfe-9187-40d4-9019-79bd081b12db	1080
4c025fa5-7a4a-4592-a498-ac6d62675654	1129
4c029694-7bcb-459a-b27d-b5085981ab83	1071
4c0878c0-524b-4ed2-9c9d-20ae31ae41ba	1135
4c08e8c0-3169-44d9-a4fa-baef6a60ffb3	1138
4c0a33b8-46a0-4d9b-b959-754ef079922e	1134
4c0af448-30e2-4bc9-8455-f7644a75912e	1069
4c0b0f7c-5c2c-427c-ae20-e23947ec7399	1197
4c0b7531-9030-4a50-be70-3ef64758e445	1158
4c0c89b3-53b2-4c0f-88f2-025ba4ca8190	1105
4c0e721a-23cc-462e-b3fe-fd1892b44d18	1901
4c0ff075-ed5c-45e3-b0f2-5e4f592dd82a	1135
4c10c45c-6a48-4c29-bead-d16bf0c61ee3	1070
4c1b4df2-8a10-44ca-ae92-0245beb84249	1123
4c1b80a4-c1ac-40c4-a81d-599e9b15305f	1083
4c1cf4e5-c175-4620-95c1-6db9f8d6ddeb	1066
4c255ef8-e547-438c-bceb-7bf1cd1d6dfd	1136
4c27ac6b-811f-43de-90ab-91ea66bb6050	1147
4c2801ff-36e4-49e3-8978-8a4c663527e4	1093
4c2a8145-c887-463b-92c2-03789f2ed9b3	1927
4c2a87f4-8ada-4f15-8761-bdd53d72b7b0	1160
4c2edbec-858a-4254-a522-96da8a5b2f8b	1069
4c309509-7f21-4e2e-8be2-8d654ec2f57f	1139
4c30db81-6645-4720-b34d-629435cc49ff	1135
4c3544d1-6ccd-43f3-9ec2-ccd60bd88f75	1125
4c36008e-14ee-4cd9-b28c-9e7bb5078cf1	1125
4c37f64b-90e6-46b5-9b3a-ae0cea1e1acd	1073
4c3a871f-fe75-4040-82df-939d9dfb743b	541
4c41b729-28ee-4485-9ee9-8276615c1784	1126
4c447e24-050f-428d-baa3-ee3c4cd46865	1163
4c454e4c-5b25-4dc6-95ae-11df83e33d53	1148
4c474936-a73f-435d-88c9-ca73ca357158	1155
4c4a96dc-9d58-491f-936a-4949756b2886	1114
4c4b42be-1ed7-42aa-b35c-19f414cedff9	1142
4c555dce-fe46-4224-81b5-e57560ed8438	1130
4c5850e0-4c1a-49e0-b1f3-a965eaf79a79	1136
4c596b7d-7782-4e28-8ca3-3d80ca0218e7	1114
4c5a8dca-aa71-4c38-a029-98d10461b06d	1068
4c5b70bf-4b20-4597-b772-0bd7a3dd79ca	389
4c5e08e5-ec05-4fcd-afd1-aa6114d56c62	1139
4c607e14-c656-4347-974d-1978b8d7fb07	1080
4c6a2ff8-8a0e-4ba9-8c29-33a91b516984	1138
4c6ab37f-f918-456c-b6ac-f0029e8db4cc	1119
4c6c49e4-9dbd-43a9-ba34-67c8c1efed1f	1073
4c6c60f4-f774-4f74-9304-2378ea68b011	1076
4c6fc363-afcd-42fd-9f75-fa7e0b354022	1146
4c707bb4-ab2c-44df-9360-06b03019de13	1127
4c72595c-4549-47c8-b38d-1405895474da	1131
4c77ae42-c3a7-434c-94ac-dd4e93e1d7e3	1138
4c792a5d-8fa6-4322-9993-af7e5f0a740b	1140
4c7d3fad-0d47-4ff9-9fff-c94ab862f573	1133
4c7f8fbc-1dbc-4379-9683-ed520e9a58e6	1120
4c805096-7ed7-4f24-b1a3-2ecdd609631b	1149
4c830ca4-d597-4bda-9d1c-2d1e13e298b0	1140
4c83d45f-35dc-463e-8f4a-5bc5574792d0	1092
4c84b5e7-29c3-4d30-b512-a318da43160e	1093
4c86745e-0402-45e9-aa86-2f9031d779b2	1131
4c892d32-4676-4cbf-94ae-0dc5dcdfd59a	1138
4c8e6310-cc0a-4502-aca6-b6d0f74b997c	1140
4c96aac4-c72a-4ce6-8779-255433fdaeea	1141
4c974c84-6562-4fcb-90e4-10659583428d	1072
4ca7c9b0-61b2-486d-8a73-74e57dbebd53	1077
4ca850e3-d455-4908-b74d-93224b002767	1127
4cad2802-9248-45b9-80ea-a34495ae4354	1110
4cae77b0-4bf4-4139-8964-3aaff12146bf	1149
4cae9800-993d-4fef-a1d1-c58344503f48	1118
4cb05f70-9639-4ab3-9417-2e5b87f27470	1132
4cb584f9-a786-466a-b564-0acffafb6840	1134
4cb60972-e0ff-43cb-bf90-505ddd084fde	1134
4cb60fe1-2bee-4430-a027-6bd17d9feece	1142
4cc1d098-29de-4091-b207-886b93151a29	1091
4cc2c34b-358e-4020-bfa4-4c873de2069e	1128
4cc510ae-67ff-4477-a855-7c8bf72f346d	1093
4cc9993a-06c5-42e1-bd0f-4d28f70bf0f4	1120
4ccb6569-ec79-450e-93c7-e9357b07da8b	1124
4ccb8382-ae37-41f2-b438-0b73ddbeaa8a	1071
4ccd520d-f2a6-4085-941d-690eda5ead76	1101
4cce23cb-85b2-43ff-9026-639cfdd06888	2020
4ccea923-0554-4b5b-826d-9b0ef82988e0	1077
4cd78823-2df2-407c-b962-9ed404311ad6	1044
4cdaacea-eb90-4472-b818-1ffe63539563	1134
4cddd2f3-8e28-41a3-83b3-7b3c3c776ab6	1161
4cde0a71-809b-4aad-9376-2e033a54854f	2089
4cde862c-d20c-405e-9741-5b92c0dac79b	1077
4ce0ba43-6c6f-4561-94ec-d73f5f570025	1129
4ce81773-34ad-4ba0-ab7c-f191be5c1dfe	1108
4ce9c87d-7fdc-4b14-825d-48730791a6bc	1135
4cebc439-13fd-4c86-80c6-73de2de94346	1119
4cec094f-689f-4041-a76b-3ca9d4a59a73	1142
4ced4de1-ebd8-4b72-a397-ba202b9924fc	868
4cf194ac-4929-4c22-8b77-9becd220d588	1073
4cf3ee99-41c3-47dc-b4f4-bbc7e68493ab	1135
4cf45fcc-93fd-4dc5-a34d-9b7a88d9bb7f	1074
4cf9f831-892b-4458-99f0-8f3c3a94168e	1097
4cfb5e92-8de9-4b2f-93e0-b826354dbab2	1100
4d05452d-5e5f-4992-b761-566923cc44e4	1075
4d05780e-2e07-479d-a6f3-2fa24f80c642	1144
4d07698c-a9e3-467d-98cc-2b4d8ce32211	1084
4d0b0348-10a2-4925-b086-fd21eca05388	1080
4d0ba270-d96d-4e22-bac8-af9b7c156399	1132
4d10ba4f-3b26-4057-a847-cf71ff911be1	1161
4d140dce-75d4-461e-8349-ac4c903964dc	1127
4d1421d8-106b-4a69-93fd-b863370b481f	1074
4d1d768b-df71-44fb-9804-23c05cc8bc2e	1071
4d202fe6-e39c-4a35-ba26-5a35d3b3125c	1125
4d208f13-a0cd-4ab2-a4bf-d30b0cf7661d	1136
4d20ac5a-fd5b-4af6-a1dc-1dc9342c85ff	1138
4d24c347-7b12-4003-ac19-2a120657b421	1098
4d26569a-c4fe-406c-9ea2-a9abafee7d49	260
4d2c5701-e2a8-4e1e-8277-b45a75a724bf	1147
4d442b10-2494-49c4-829e-bfccc39e5e81	1069
4d458f16-247d-405a-a086-b4b0c9e8a59f	1135
4d46ffaa-fa8a-4c7d-a25a-91e869e0a2e6	1133
4d480625-ffa6-475d-8e2f-54a9c36f5fe0	1159
4d48dd47-4cd1-4488-bd22-66dd090621ad	1124
4d5802d1-3281-4731-95e2-a8a747943908	1127
4d6005eb-cab8-4b24-80c3-4c3ce75a352a	1078
4d610ab4-f867-43cc-9a78-3b09508baa3c	1065
4d6159b8-b6de-4a38-9187-33c3e491f54a	1061
4d64957e-78b6-49f4-9e14-603a0eb6c7ef	1071
4d6a1689-c246-4bc1-adec-e665aba90d9b	1138
4d6b090f-7f3e-48c3-b5df-6e4692cecd33	1098
4d6c48c6-059e-44e9-9791-57609d367b5e	1129
4d722cb3-4819-40d9-96ab-2a253b5160dd	1132
4d758cc4-37de-4dd4-9809-8c7328e91b99	1068
4d78e4df-d094-4f42-bdac-2c0e82a79744	1124
4d79046c-3eab-4121-ab35-b897b60ebc33	1519
4d79ccdf-7d54-4a7a-974b-87a6e57fd003	1129
4d79f5e0-d383-4a54-9dbf-2af09eed2bfc	1136
4d81b1bf-4f59-4ccb-94ce-74c931a57f74	1129
4d840541-98e0-489d-96b3-68bee92ce44b	1129
4d87d8e9-b900-4ba7-a84b-bc3ffba15968	1067
4d89dc09-f3eb-41e3-b4d7-dcaf53ba3aff	1121
4d8f507a-072c-4d72-af77-c5814ce570a5	1070
4d90fbf0-3d41-453c-993b-30006a33cc2d	1134
4d931892-40eb-4304-a375-673107af2aae	1135
4d944c46-c1ad-448b-bb35-5305a36c9424	1081
4d94f33b-3fdc-4e09-a03f-90b4ac588d6d	1134
4d95af61-a09e-49b7-b704-64012d6aea5a	1079
4d9a0727-734b-4d11-9566-1dc33ecf1e37	1131
4d9b81f3-f737-42ab-b83f-ad2cd0528f02	1146
4d9cb7c3-eef2-4ba5-84ed-3729a628ab58	1069
4d9cd8d5-7925-4794-b3c5-9bf474270ac5	1132
4d9d4995-c068-48ed-bcc7-cf6c3e9f4306	1077
4d9f4a8c-9fd5-48af-9627-9f1de8db7546	368
4da07d2c-2292-4120-bd74-ea104079362b	1140
4da1e3fd-9e01-4539-8b8f-a05bd191b8b9	1135
4da28185-4adb-4842-a928-a5ad3eeee489	1149
4da668ca-7bbd-4d32-8204-5f8cebea994b	1084
4dac9d46-4e1d-4cf9-8c11-c4a1cb225b6a	1115
4db48fd4-fddd-4463-8b01-2cd95f43328c	1136
4db56740-8c21-4861-933b-f5f9ef8aa52c	1113
4db7124d-6268-4bac-8758-dcb611ef43eb	1065
4dbbde0a-6ce1-4167-8c1c-4c740da6df95	1133
4dbf6987-d258-421d-adc2-cdbb3b4e93ee	1078
4dc46ad7-61e0-4bd0-a1cd-5c1db1b304c7	1139
4dc6b991-c3c3-4806-87c3-59f498152b2f	1122
4dc9f754-de8a-4590-81fa-4bba754177d6	1072
4dcc33e9-1831-4ae8-9f0a-db71524200a5	1081
4dd91473-4589-46c4-acaf-eee12cd28465	1065
4ddebd24-4c11-499e-9a96-4dba2983c53d	1070
4ddf0a09-48c6-4994-8669-29965392350b	2046
4ddf6a0d-1259-4e9a-8b67-c43d617ca619	1143
4de15c31-491f-43b3-a966-382757102a3e	1138
4de16aec-8818-4d7d-a6c0-9eced8622995	1162
4de2cd35-0521-44af-b15d-3e9b82d69a6b	1126
4de73576-0924-4b9d-94c9-3c41167dc257	1143
4ded2865-a70f-41c7-9591-5b8ba8b63f1d	1136
4dee3201-243d-4dd0-b4cd-7e6ea840f109	1155
4df44d99-3e52-4c1b-b8ed-538178a25c57	1089
4df78b0d-5e18-4294-9cd4-dc7b5413af63	1072
4e00c54e-d76c-40b2-a7d0-6cd091f60004	1135
4e01b3b3-7323-4d80-9588-f8458562de14	1146
4e021800-bcc7-4dd8-8e30-758c6b03c125	1127
4e036dd7-aa81-4991-b105-7e55750a42f4	1139
4e052bce-a767-46d4-a5c7-a4d7b283b8c0	1130
4e05d900-50f7-4afa-b9ea-327c6bb8c37b	273
4e070b7f-e47e-4176-8385-2a1d2afe1eca	1067
4e0afb5e-5d96-41a9-af87-792564d54b4c	1125
4e0aff17-64b7-493c-9d4a-e8d2fe5da458	1127
4e0e8a8b-aae2-4da5-9f0f-d171a2b0d5e5	1121
4e0f169d-0358-4d00-aa0f-ffcd6399e123	1153
4e0f7b21-2d11-45f4-8af9-cb8304b72700	1138
4e0fbdd6-63b5-4620-87db-8eb8307cbef1	942
4e103af5-dab8-4b74-8c1d-3a360f961dcd	1107
4e15132e-6458-4aad-aa09-1d677b05febc	1126
4e1af65a-afb1-43f8-a6a0-81947e8a0f97	1134
4e1c55ce-e2bf-4798-a9b8-708745d7e9d7	1098
4e1f18f7-383c-48ec-96a7-8dc0983857e9	1133
4e200356-9b28-4d06-ba8e-4b2a93f7e9b0	1157
4e228b66-31c6-4336-930a-9d07cff0c12f	1143
4e2a65b4-7303-4de9-aa71-f8635b22b249	1127
4e2f11f4-8362-453f-a6dd-ef7a521be685	1068
4e378707-ccca-4c9a-8589-fbac92e38005	1135
4e3a3da4-0204-4bd8-a7ce-0b8dedfc84a7	953
4e3d8070-9d3d-4619-8ea0-74ea5b3b8815	1077
4e3f4d7e-c5ab-4e62-8e92-e31e347cc57f	1057
4e41f0e9-03ce-435a-852f-9f74e2aab933	1852
4e457e3b-7247-4653-9b2b-e75ca3fcb830	1129
4e47b03c-99cb-44fb-8dc6-5302f66cfe48	1129
4e47c92a-9fa1-446b-afa0-335bc0ed6541	1134
4e4837af-29d6-4281-aa75-e782b44e68a7	1745
4e48c65d-a057-4c09-9093-f7be3b1bb582	1131
4e4abfb3-aa77-4425-868f-024f814ff4e2	1136
4e4ce79f-f77e-446a-90d2-4bf0430f73b2	1118
4e51b063-c490-4f2d-b77e-05fe9d151727	1051
4e542add-f417-41b5-a959-3e217ee794fe	1129
4e5564ac-db54-4465-b8e7-1681d1fe3eae	1135
4e5672ad-a9d1-49b8-80f0-fa3f01c5ae51	1080
4e594489-42ae-43b9-9188-8df08f4f7eca	1106
4e5a7c82-bffa-4ad4-b3ea-ed4d720a4066	1132
4e5d0185-f016-4e56-ad4a-b9ff2edb9c0f	1131
4e60823f-3dab-4513-a3f5-d24913821455	1150
4e608a5c-7364-4121-9045-ca4a18ff2d7b	1132
4e6260b0-811c-4c1d-a04c-f23c4d147f93	1117
4e648ebf-ed6f-45e9-afcd-35b855d7d8bd	1136
4e660f2d-a88d-4d03-b557-4562c888f73f	1097
4e6700fa-e9aa-4869-b0cf-ac31ffdb4612	1051
4e69d65b-6ad5-4ccb-b05f-fb3d64da3be7	1068
4e6a3d52-8399-4e59-a146-88cf5a00443c	1086
4e6abfbb-39fb-4f44-bf85-a134bb70965b	1075
4e6d03c7-c2e9-4d00-bd60-fcbeb5687b1b	1138
4e712bd2-dba5-413a-a9b1-df26ec484605	1883
4e73a7f2-e22c-40ff-be37-fda0baf3ff20	1060
4e7a56fe-a160-4469-a2d7-f6bb873105c0	1081
4e7c048e-5c7b-4c7c-90d2-7736ab856220	1076
4e7ce3dd-ce93-4a5e-929f-2a7d7f01017a	1146
4e7deca0-f843-4046-b74d-76404390e00b	1083
4e808b2e-8563-4a71-93de-1d74bf94ad8a	1064
4e8108e8-3560-48de-9cdc-48885991c367	1118
4e875904-e7c6-4635-873f-635189c9bf0c	1142
4e8c55f4-d882-424d-93ad-c31ab5147e05	1134
4e8dae1b-f344-4d55-b112-85435ca72b28	1077
4e90f374-c096-47cc-9e97-f47c7eed165b	1134
4e955b6f-2dc6-4ea9-8be2-e5dfe12ebfca	1142
4e99b6c5-2b03-40e4-97af-97dc659a302d	1120
4e9d0600-84fd-4c9b-a0cd-ea98b3afdb89	1133
4ea567e5-093d-440f-90a2-ff05b8ddc171	1150
4ea58147-cc0f-4273-b297-937863cd8eac	1133
4ea78aa9-5bbd-4576-9058-262c9100f83f	1328
4eb37c80-9fa1-457f-ac48-64f3846f5053	1907
4eb74a5b-d245-4d63-b367-c8abb33eee87	1106
4eb8dc9d-668b-49e9-9ce9-bbafc0a3cefe	1082
4eb8f56d-91e9-48c1-b55e-6b7f061784fa	1072
4ebd6bc3-56ac-4521-89f8-bdfe383fcefb	1075
4ec12a8d-46a3-4598-83f2-9d06dc635ce2	1074
4ec33eca-52ec-41ac-ba1d-686b04bd18c1	1071
4ec6f488-8796-4563-a751-f052177affdb	1133
4ecc6bf5-2bac-4087-8252-e9d72dae3967	1082
4ecccefa-eb18-4641-a418-3e68b27c836b	1121
4ecd387d-5a67-41c4-99cc-00df05346a61	1076
4ecfecca-ee41-478c-aeea-8db6c6984ae3	1059
4ed085dd-3add-4bd7-bd62-a0ee40d7c999	1086
4ed9840c-0eab-47e9-b4c8-f36ae94d7da8	1075
4edae013-dbe7-4c4f-8333-5d1f9e17fd69	1122
4edba2ad-d731-4b65-8cd5-c311cba79908	1135
4edc4a5c-8a5c-42df-906e-89357e404941	1139
4edcdceb-42ee-4cd0-b132-d71d8e03cf15	1131
4edd0b7f-f532-418d-9357-24c6278af1dc	946
4ee362b6-28b6-4fa3-b813-187af1f1c933	764
4ee41ded-93b7-4f90-8fbc-37aed7d7ed63	1133
4ee5e933-4215-4f40-aa0a-eaaacde1cac5	1132
4ee67f7e-3a40-4f9e-a94f-5e270aa2296d	1136
4ee73dc1-ea33-4119-9fae-6c314e76f521	1123
4ee754ce-f9b2-4fdf-958f-8d65a69d1550	1138
4ee99712-39c8-4126-83b8-656e75dc5376	2025
4eea292b-2e4e-4ab4-909a-b8f3dc52d778	1137
4eea38d0-79a2-46ea-9a86-fcca7597aa30	1072
4eeed567-6288-4f33-ba34-4d25510a4afb	1160
4eef81bf-f378-498c-835b-78ab7fbdb915	1142
4ef0374c-bfa0-48c8-8102-0a82f0aab77d	1075
4ef050bb-5832-4d2b-b9d8-4944540e90e7	1141
4ef32306-c5f6-4e37-a9bc-65a568f4d3b4	1126
4ef62bf3-83cb-4e2c-96a3-ac679a200a11	1131
4ef9d6f9-dc15-4b60-9649-8120b953e32e	1072
4efcb1c7-7caa-4c8c-944f-cfd8d66bf6c6	1193
4efd321e-4d32-4617-bd3f-c92fca0a97ca	1159
4efef558-f0a0-4a66-bb03-a2b26f70fb4e	1079
4f011194-670f-446e-a1eb-1945d6d7529d	1140
4f04cd38-75aa-4ea7-bd2c-594b81b9c9a9	582
4f09bd75-142a-40df-8332-a682859315df	1140
4f0a337c-134e-44b7-b909-335d336fb9ff	1131
4f0b01d6-eb55-4e8e-b9f1-eb0dcf9b0db8	1128
4f0d4d84-7ef1-4e0a-b080-479339ef9e49	1129
4f0f1298-2b2e-4c0a-9651-3e069f1f6c85	1130
4f122683-12c4-41df-ba1f-48ec96470ceb	1069
4f1962f1-3a63-41e6-82d4-67af54fd64ee	1071
4f199643-2f77-4c20-8e60-630db9eb4317	1120
4f1be815-9e81-4e2e-892f-7ff9f6d8d818	2171
4f1c9aab-7ee2-463f-807e-7455a34661b9	1127
4f1e9bd3-a52f-4ff1-9f9c-561bde7f9856	1135
4f25b87a-d529-4c1e-b46a-b4e4cdb821c4	1130
4f283852-9c4d-4f65-8a08-3ab3b4799111	1069
4f29c6dc-af6a-4535-9711-fc1a7f5f209b	1074
4f2bb9d8-ffae-4592-87f8-3f0e55a166e1	1091
4f2d88b2-3a6d-46be-946f-e63b53895fee	1104
4f2fe332-bd37-4823-9109-551549c28f59	1134
4f305df3-f2a0-4466-ae29-9b0a65360118	1128
4f3a29c5-16d7-48ae-ad48-11095457d399	1067
4f3b44fa-ee1c-4049-9647-44c69b1e1407	1132
4f440a09-6c80-4a6e-99e3-5b33b824c606	1132
4f461ea5-649a-4e75-a52a-bc87aed43384	1138
4f4d8f48-db3c-474b-b3ad-b3b111562a5b	1117
4f4ee61e-dd58-42d1-ada8-c685f2f78655	1075
4f535e7a-9dbc-488b-9015-aade7cf82b49	1075
4f5371e8-94f5-4fe8-97d1-a1f65f8fbe25	1134
4f54d246-98d6-42b9-9155-cc0e6943b521	1137
4f550891-cc5e-49af-8b13-9a8cfdc5468b	1137
4f578421-7e1b-4887-b8ef-a369a53b6982	1156
4f58ac93-2bcb-4063-bbe5-ec9a0f189fb7	1134
4f5d768c-1631-4e48-ba6a-da72b1cc72c0	1111
4f5d77fa-a676-4640-8e79-d21a7090c51d	2047
4f5edded-0888-4efc-bff2-a5857b056ea0	1085
4f6829fd-2add-4fd2-b2d8-8755d23c4f60	1133
4f6d8301-8470-417c-a57c-8059891aafd5	1131
4f709814-72d1-42d0-910a-bf1339c07920	1057
4f725af4-b8a6-4de7-8271-fd13d9dc49b8	1141
4f744c42-1eab-42c3-911b-071e0a1b5037	1078
4f74f5d3-4fb8-48b6-ae14-1103665d75da	1069
4f75efbb-c20f-42c0-a5e7-997558318bad	1379
4f75f7a2-1f31-49cb-a3a7-b7f23b483693	1138
4f7ba5bc-9603-461a-a86d-0382d599369e	1155
4f7bc89d-8858-4f52-90da-e298c58642b0	1129
4f7d029e-5dcc-4bcf-a564-6102da5ed774	1098
4f7f9713-1151-44dd-aaa6-680ced94037d	1135
4f81e72e-1895-4111-9930-037ed9c46780	1066
4f86d515-8337-4c7c-b96f-5136fffcfa86	1138
4f87f794-233d-4f21-979a-83291aeea993	1142
4f8dcf65-4f6d-4729-8fe1-19f671c3a139	1064
4f8e1efb-73e6-496d-906e-e6860dccff00	1157
4f90a9f4-2083-443d-befa-b4c7916c469f	969
4f946066-df34-4d8c-8eb2-cb711e12c33c	1137
4f9518f9-03d8-4fc3-8bd6-9f761b6e6068	1075
4f964d08-f906-40a6-a7f6-49174d69eb37	1131
4f9c136b-9a76-42f9-8bae-fe98ec23ac3b	1135
4f9e3a25-fa73-4b13-85fb-30a72436f9c6	1128
4fa228de-1a69-443e-97c6-96eb271a1bca	1062
4fa273aa-4b82-49e3-87ae-4613b0f4c5d2	1065
4fa2e2bc-8462-48a8-a508-8526e23ed73b	1082
4fa31c4d-9056-4cc1-9dde-4acb7899d0e8	1072
4fa5e379-c0eb-46da-bf3c-34bc1e81d859	1134
4fac9eea-b4ae-4376-b8c2-c065a22690ba	1070
4fb17e07-d1f4-4358-9b9b-4b1a17b55cc2	1143
4fb55f0a-4285-4bfe-b674-29f62030817c	1130
4fbd8924-38d5-4e1f-a263-3f1eecb8bcc6	1099
4fc0bde6-072d-4b36-9c84-4f104ca876b1	1072
4fc1292d-64c6-4376-9897-e1283f29dc7c	1134
4fc74fd3-f03a-464b-9684-d3f39026c48a	1078
4fc87958-d68f-4819-b941-e970625d23b7	1710
4fcdd5a7-8aab-49b2-8bfd-d8dc03d22080	1137
4fd8f768-a743-4c38-9664-ce8bf8a933dc	1071
4fe0e709-21d2-4560-91a0-03dd3c558757	1133
4fe19949-bd76-478f-8eb0-ad1b1e277ad1	1077
4fea53ba-045a-4273-91ed-047b3ff6d7d6	1079
4fec4bd1-c2b4-4691-b55a-1aecab0cc74e	1084
4fed0bec-3ec6-4c24-b4ac-ec761e99ba97	1063
4ff34a10-136d-4942-9ca7-a8a99e79add4	1078
4ff71848-e1be-4d0b-a1c4-8adea204eef4	1100
4ff855a7-1e83-48cf-bd44-7572f01b10ea	1077
4ffd182b-47e7-49c4-afcb-78792b82b5ed	1065
4fffa55a-6d57-4545-b2af-f9c040c74950	1141
50026529-e9a6-4099-b411-03f9bf14b262	1072
5006a416-3dc7-4e61-8210-ad2b83262b82	1139
50074801-a589-4fe3-8ff8-46b93a75073c	1136
5008784b-65ed-4742-a73a-f0e8c60d8eae	1064
500abc4f-5311-4422-ac31-6b36249abbad	1077
500c45d4-0fad-4aa3-a89a-cc20fbe49847	1068
5010f8cc-c4fb-412a-9d1c-8c4ad2bfa0c1	1128
5014c6f4-9f62-4157-b25e-c3382dd96422	622
501bf186-ead6-4500-b657-bbfbc2448184	1083
5022a466-b972-44a2-a944-75f62f1227a5	1144
5022bc68-9a8d-4b07-aec4-45d473e22a3a	1137
50262ff7-c67b-40f8-9eaa-1a7b5b3841b4	1139
5028fbfc-951e-4c14-abd0-ef4fb7b8c28a	1135
5029ec99-4199-4535-b046-b3871bf00f95	1130
502b8731-1acd-4232-89fd-da781a3909a9	1084
50306a87-cd41-4316-9bc6-5eea0656797c	1071
50310cb4-de98-4c1b-be23-f12e2d7f066e	1133
50343a0b-ca60-41dc-b29c-08237973b667	1081
50358f93-9e76-4f64-9c68-19d49805e866	1135
50373d74-43bb-4b7d-acef-b58e595ada7c	1128
5039970a-5e81-48c2-b715-9ac8a0b34e6a	1168
503ade38-89ff-4913-8e1e-c9fe106c6501	1081
504242af-b741-4cb7-8935-f214740ad00c	1135
5042b4e2-4c1b-4dfc-918c-450b830cfaec	414
5043d7e2-f949-4ba6-bcea-6e6820a68603	1073
50465988-0677-4154-a683-e1e32adaf63c	1132
50467231-2f71-4d78-89fc-bd0d3872d9d4	1160
504ad026-29b8-46e2-8824-6bb983bcdf27	1149
504d64f6-2e97-4aae-9f45-95ef298ea2f7	1139
504fd71d-cf35-433f-b37e-57c6e78bc3d8	2063
5051fdbd-e39e-49fe-b3ee-fa2aa7c2e75b	1144
5052f41a-6aa8-4095-bae7-31e6b3cead61	1136
50556271-5ed3-4848-8b92-85bc96448957	1144
5055a2f5-f30e-4bbc-abdc-d001838f0d5e	1072
505ab74b-3c66-4ff8-9667-69b8e7cc030e	1133
505b3c5a-e44e-4f94-b3d1-4540dfdc1c29	1346
505cedf7-629e-40b5-98fa-8ea2d84425e3	1083
505df7ca-0383-43e7-a07d-e3e8899073bd	1134
505edeb8-920c-4a96-b7cf-8fe23ba7a631	1065
5064470b-ce83-4d77-9701-aa9eda2f52c4	1123
5065c073-c091-41b3-a292-738ee3a6c47a	1132
506ee615-4180-4086-843f-5073cb26f6e2	1074
506f3ff0-4405-4288-abaa-ca317634b67f	1090
5075062a-8e1e-483d-bce4-534f4c8cb6b8	1143
50752116-05a2-4a06-bc8c-63d2f7966d0a	1134
50768c44-fcb3-4afa-9f3d-0f4ecdd8c97f	1103
5077251f-677d-450d-bfcf-7f9bc1246fcb	1120
50773203-8c13-40b4-a7ea-7fad47ee8213	1134
50785e97-9c23-4f64-995d-830a49950998	1068
507b5cb6-9421-44a7-b62d-00ea2538260e	1606
507bbd61-6696-49e2-b1d3-43a4d311062a	1077
508570eb-6613-4595-b3aa-c91567a1bb08	1085
50868813-6e94-431a-9b50-b5c6f7f4bc4c	2155
508d682e-b94e-45d2-b30f-ae90ae584d1d	1168
508f7a58-337c-4072-9854-e9f0ad4b18ba	1071
50917786-faee-474e-926e-5ecc1200066b	1150
50933c3e-8cb3-4318-9ebf-227f7d1d2574	1148
50984b33-b1e9-4224-bb78-6dd38c481065	1130
5098f9c3-7111-4982-a5a0-0d60dfb2161a	1153
509c7c2c-55e7-420e-b145-8eb4dfc92c21	1077
509ddd81-f70e-428e-bdfe-3ae4208d5303	1134
509e21db-308d-4866-951b-c3db36765f80	1127
50a530d9-32b3-4b3e-bc6d-8a672be24628	1066
50a7dcd6-fd1e-4e84-b127-78eabb777aad	1068
50aa332f-31bc-4084-97a6-9b30cdafa0d4	1077
50ad9e74-ec2e-4f51-af5d-69c588a4886e	1058
50aed25e-f14b-430d-bbd4-b34f0226d7ff	1073
50b42d73-a5bb-4155-b5db-af09b4d0a53f	1071
50b6aa33-18fc-4446-9308-d1bbdb45b57a	1133
50b7b44f-c8f6-4b49-a405-4d62fcaea30c	1074
50b9c95d-4fe5-43a2-9945-2bab861c32d3	1060
50bd4916-1a73-49d1-9951-4feacf9ac512	1139
50bf0b62-5ba8-4869-993f-a22d8c9b7b52	1157
50c0f526-1c24-487b-8777-5b55bb55befb	1141
50c1c540-7411-4358-afb4-a87969504b01	1136
50c9835e-3157-4ac7-8a43-fd8939cc47b5	1123
50ce6499-011c-4fd6-8a90-5677d085361c	1072
50dc32cc-4480-4d0b-a95a-c1fc862e398e	1134
50e026f1-32d3-4da2-8446-3bb044b0e241	1146
50e09900-5af6-4cb9-bb25-7299eb783412	1137
50e0d573-c139-4e44-a94e-ec8d40aec418	1069
50e3d132-6100-480e-a85f-e37cca23361d	2165
50eb7fd3-8324-43ea-93e8-98c38efc2d64	1134
50ec635c-14ad-4e45-81b7-5ca8da393447	1136
50ecb4a4-840f-49bb-924c-c7798c737f6a	1076
50efb068-d3c9-456e-bc4a-a7c34ef65baf	1134
50f353ea-2cab-4566-ac01-1cef9422bd25	1079
50f38381-ee6b-4d26-8446-671a80cb4efb	1068
50f5fc33-2ea1-4c74-a292-9c5f245192a5	1140
5103a868-383f-43f7-b804-88b1a03f5616	1159
51086951-f3fb-4f61-aa3b-dd2ed0f92036	1093
510894c2-45f9-4610-84f0-29fb856df54c	1082
5109199f-98b7-4404-92b7-513850159f53	1131
510add5f-7ef6-4256-ad65-81d284d99e0e	1133
510bfae2-b6d9-4231-a584-87d58d8fecb7	1135
510e593d-319e-44f0-8edb-c7e620c750a4	1082
510fc087-2467-4325-aed7-bbb4b273a01e	1123
511d85a1-f659-4e14-957f-fd6bd6d93b5b	1072
511e1c6d-2378-4604-9e1f-4c93d8abbee4	1094
511ea28b-63ba-41e2-9a02-4e2167db9237	1080
511f69b9-7eb7-43cc-a6ea-c1fdf73afa5f	1092
512285ec-d819-4e57-869d-1d73351b8f9d	1070
5123e9e1-d4bf-4e61-b552-8219119b79c6	1134
51247a03-c90f-41c4-a1c5-ae63fa1861a0	1071
5126025e-14b4-4e9a-a8e5-7b7a71f0cbb7	1079
512f0a5d-7cee-46ab-a981-ba8b6c93a213	1138
512f89dd-7e2c-49e8-84f7-e245e652171b	1149
51303f84-7077-4f45-b584-cd61ce321fbb	1074
51337901-df18-4e7c-a2eb-7719ff96d463	1131
513945b8-90ed-4f82-847e-2a0b5ba60a0a	1131
513ca11c-e839-41ff-ac95-5ab793522723	1078
5143812b-c4f2-4ef6-a152-f357d9e07b57	1066
514a2075-6546-49fc-a564-df3439f898dd	1139
514a91b1-f0b7-4e7c-a532-f159f9cfd937	1125
514fc8c3-0d87-4308-b094-2fe6cb564325	1129
5153b376-ecee-4a08-98b5-8ce9ccdda2d7	1131
5154f001-563f-41c8-b37e-00feb2d0764c	1129
515608f8-822b-4ae4-8b77-441fe7ea2ad9	1136
51565b3f-9858-4249-91c6-88c6c402bf91	1081
5158e4ec-95e5-4237-9735-1bd9a9d3283a	1075
515ba9af-cc1f-499a-bee0-a8d5be3a3e3e	1074
515d69d2-93a5-48ed-a2db-1f18c8721b36	1068
5164c399-9406-4f9f-90df-14f56c3607f4	1132
51661a7b-8a02-424a-9ef6-370406f12202	1098
51677b87-0071-438e-9aa6-e87de2c27440	1072
516caf81-0906-4f46-8c22-b2433dcde7a8	1070
516d2a7f-f053-4777-abef-0be7e7780b6d	1135
51773945-f061-4870-8fa1-06348bb8c3cf	1066
517c3f01-4c63-4adb-bd81-4af9788ec122	1070
51801adf-36ee-4c0c-bf88-41b716bf40bf	1130
51810393-6e31-4efc-b2d3-74685460c60d	1151
5183d643-e348-4623-b782-bd74ae8ab5da	657
51856f70-a851-483c-b3a4-3106b704637d	1136
518b8537-bb09-4a69-9fb7-ba3d6a0d65cf	1134
518d61a4-1a97-48da-b13a-45f7dc4e1941	1148
518e7818-1af2-4a4c-af6a-e470b9c55ad8	1128
5190a52d-ec88-486e-b5ba-dca4711aa006	1067
5194ff9c-f082-4d95-80ac-c141f93b194b	1127
51955ef5-81f3-4693-b60b-6199a14d5dea	1124
5197d4bc-701d-4600-b06d-11d858cf2156	1146
5198b34a-a640-4b8d-a4b0-fb8355c3f050	1133
5199cfd6-e816-412e-b266-5ac95b936487	1141
51a13f94-3aa7-4da4-974c-07339e95a111	1130
51a4468d-e947-4abc-8ec1-c01eeeb4985a	1129
51a95a0f-1c0d-4d2c-b1ac-996b0f8a53fc	1129
51ab4bd5-40d1-4251-abc8-ee07a3a0111b	1134
51ae63a0-50d9-47b6-b63b-d50e8ccebbfd	1094
51b291d3-7c85-46fc-bf4a-e9f7e521f61c	1075
51b99394-7fa4-4915-9dac-cb3447b58fc1	1133
51bc6216-3e00-4c06-890d-ba056469d4e5	1080
51bf765e-c504-4d2e-9a56-bfea4dd18172	1110
51c22286-f444-4d4e-bd65-f1cde9638d82	2070
51c6378a-87f4-46c4-be72-d0c8ecd42833	1134
51cef91a-c0fc-4a4e-b475-17ebbddf9256	1130
51cf3e42-eeeb-4dee-8113-dadf05df046a	1069
51cfee78-6992-4146-95e7-8c7e1a6b72f3	1142
51d2a8be-7f2b-4795-8608-8e938f5bcc30	1078
51d3f5f1-5f6c-464b-bc3c-cbe4609d33d5	1075
51d88b13-2800-427b-b13c-3a9f9c9f3f12	1068
51dbc90c-fe7e-4e9c-a533-0a95cef755a6	1130
51efe8df-fe76-4d51-8e2c-02b2ba86db3e	1118
51f39be5-7016-4d4b-9cd5-f2d3236eb814	1133
51f5e143-e344-4c8b-990d-0920d2a1f359	1079
51f626a7-966f-4ab5-864c-beea3553628c	1128
51f650e7-8368-4c12-8cb5-fc1a40baba72	1133
51f702d8-6b05-4e8f-ba8f-de803a04126a	1126
51fdcf59-905d-4c9c-a39e-b81709231567	1133
51fe131e-1c67-474c-bbe2-4fc9d274f838	1142
51ff03bc-0bcb-4e32-a92d-6e649dacee9f	1127
51ff32a8-4a83-43a2-8fae-d7ebdc2da8c3	1138
52017084-7824-4c33-9f59-1bbe90211203	1135
52025580-37bd-4a85-961d-299ec536f5a2	1154
52056c90-c944-4110-a4af-4dfc61cc61c0	1094
52087a21-e966-429b-b5b8-d8a1a82eaf79	1133
52099535-c000-4623-9bb6-48b7141e94f2	1131
520aed24-744b-450f-9f4d-3c1de3a1a96d	1133
520d0712-4f92-48e7-b434-798ac3d1984f	1116
520ddcca-c0ad-44bf-a575-e644e673ba55	1126
520f039a-c499-4d14-b8d3-fb384db5e8a6	1135
52117e91-2a70-4145-93a0-37b01c04724e	1070
5218fec6-c9f5-4ce5-beed-77a7e86ec46c	1126
521d60e6-f7b3-405d-8173-6658a9b9fba0	1137
521e5b16-3e58-45d3-927d-52ad157d8375	1053
521e8bae-6eaf-44c6-95de-66dbbc0616c8	1074
522325e4-3a69-499e-91a4-abc79168f5b7	1110
52281bd7-d555-438d-beca-437969620569	1090
522b01c0-6f27-4dd5-b1e1-47347081bab6	1146
5231878d-4f89-43b7-b831-071136f92583	1072
52341614-fb25-4b22-8afd-c8fb22fa2d9b	1140
5238b75f-ee21-4b4b-afdd-2a8e2936edee	1135
523cef72-8758-4488-9226-769040ebfbe7	1127
5244e4cd-6042-4c04-aaaf-05dd2d6a2d5f	1079
524e9732-0fb0-4c7c-a603-97265d6e76d2	1135
52501b6a-0cf7-40bb-8511-ca6cbac6a3ee	1843
52510d0f-c635-4820-acb6-6a6ea0e8f78f	1126
5253eff5-24fa-4765-b6a8-3fbd7f54a0dd	974
52591095-2d9b-4e67-92d5-ac67c15f72c9	1125
525c4341-dc08-4e6a-abda-4e403c5d1180	1060
525d5296-ba3b-4c17-95b2-f8f42be8944a	1078
525d573f-202f-47d3-a7ae-09bfbcd945e4	1540
525dd558-5568-40e7-bb13-7d2d2b24d615	1532
525f3569-b29a-470f-b866-8439cda1797c	1078
52605a4d-a0c6-4717-8e8e-64ee9e0f1205	1098
5266c002-8f44-40fa-b2ee-c1d6d91de80f	1140
526dc526-4cff-45fe-ba33-d0134c5e01dd	1080
5270bad0-c31a-4330-b3ee-bc1c72ff972e	1136
5271c53c-a7a6-4e6f-9125-0f512e50b4a3	1131
527363b4-7a7b-4262-827a-d45c92eb38ed	1073
52762aad-7edb-4ee8-99ea-0514b76ca184	1140
5276de83-4162-42da-9c7d-f6544af39678	1088
527c92db-c1cc-4898-9589-b77cb3fbfe7d	1081
527d5dfe-da61-484e-80c5-9052c0903c1d	1073
527e0fe2-dcb4-400f-9feb-d7f19605631c	1058
52831f7d-2983-428d-a4e3-c9e57a4b60cc	1128
5283a2f4-e266-4214-89e7-ace019d8cd8d	1143
5283aff2-1e2d-47ef-aba2-0913ce002f75	1137
528709f4-e68f-4c33-b7fe-afd0b44c9543	1140
5299bd6c-33e2-40f3-b006-060eb9aec41d	1161
52a26eb2-77d3-4140-a5d7-59811dc85bbe	1073
52ad663b-e263-4df8-9cb0-20429a9424f3	1080
52afc0dd-5487-4002-b3be-fd6132d3a0ba	1138
52b029d8-9acc-4c58-a635-0651c9b83d1c	1073
52b0db15-1c9d-4fa9-8afa-dc15902559b2	1081
52b21b80-04f6-4966-ad7b-6c8d853896b1	1130
52b7d404-3ad6-4125-84e7-22718b2606d5	1076
52bd5386-4889-42d1-8c82-9fa144c8d979	1121
52bf6f9e-002c-464e-af2a-f3e6d3bc7b5d	1125
52c01258-a7a9-45f7-8fdc-1559e46607fa	1072
52c0cf8f-b98b-4943-84cf-ceda2c37d54d	1076
52c0eb74-8ad3-4e91-992a-0a2127652bea	1059
52c14064-0261-4f0c-bb64-5669f17a3f26	1101
52c7d46b-fb3a-4334-a6a7-33cbabcd0b02	1149
52ce336c-ff1a-48b1-93b5-d69e47c1fd6a	1824
52d0d323-19f8-498b-a850-e91367ef91a1	1137
52d9b829-2802-40e8-b014-0d95b58d11b2	1123
52db9d56-2805-48b5-b63c-ae7d85db6bfa	1133
52dbfab1-b1b2-42e7-8d63-7728efc1962d	1078
52e4989c-1747-45b2-9790-d45ace95620d	1071
52e57ca0-38ab-4328-9592-3989371bb782	1130
52ed9e7d-27ac-4500-9cbc-33fb368b8a72	1101
52f37c64-3c78-4404-a7dd-b5da587702e6	795
52f64817-9c35-4c6d-a081-c1fd19377827	1081
52fcf18b-c543-42b9-bae1-1193619d09dc	1136
52fe6713-137a-48f3-b0f7-495a19ef6275	1065
53027b15-1029-4834-8dce-f37e82571f1e	1137
5302c0a9-6cbc-4f2d-8531-df9a75111997	1082
53064c9d-e092-416e-92cf-dde17e7ffa95	1073
530a3c98-c707-4e70-86e8-d49707a3830d	1100
530c484b-066f-41e2-908c-eeaf496bcf51	1066
530d3d2a-61d7-4015-8b1e-06c8ce0b1b1b	1077
53135a39-e914-4b54-acc1-6fa14594831f	1477
531ceefc-cfce-4075-ab4a-6df55442a953	1068
5320fe51-24b9-43de-b2ab-f47044a255c7	1114
532168bf-6297-42ff-bd2a-c3f1f833d7e3	1054
53218576-1468-454c-aa15-8a8725ce1a0e	1069
5321d9ed-da0f-45df-9a8e-c0a9ee40c08d	1132
53244df8-15dc-48e4-8b69-291808f73dc3	1072
53254e96-8190-4d2d-8728-a326f05ca848	1096
5328dd5a-d16e-472f-b173-9a1cf42789b0	1078
5328ee61-d7ee-4607-bb33-231190008a3a	1100
532a10fd-a4d1-4cfd-82fd-d3210565ce1e	1069
532a3c36-5c0a-49b4-9a12-1fee874572d5	1134
532c7d4a-9108-46ef-853d-e86367b93e71	1137
532e0b41-7c56-4573-849d-218e05e49549	1074
5338e4cc-2462-4339-856e-52998940d8af	1140
53394d55-6db4-48b2-a4e1-3b29cc838c0b	1082
5341bc49-541a-4df6-b7b5-d4bd75d1d05f	1134
5342520b-7c43-4f61-a710-b3ee398754d5	1077
53460645-4921-461f-9687-76ca6447c82b	1081
5349cc3b-9040-4111-8f92-3f81b8b5defc	1145
534a5155-6856-412e-ad4b-435056e2a007	1146
534e421a-20fe-4deb-9861-fdc3ff4bf96b	1134
534e5d5b-6e39-4944-9624-43c839fc8bbc	1094
534ff9f7-8afd-4b92-a7c8-2f2262f3fa69	1123
53502630-c993-4215-9646-8f4628b111c0	1071
5354fc5b-2d57-4737-b463-2b3b6b3fbcf1	1245
5355bfb9-e5dc-429f-a930-c6e21c4ef5b9	1135
53575b17-93ad-4be6-81a3-41615925c3bb	1074
53581bef-d2bf-441c-b45f-9d5207890ea6	1145
53596229-68e3-45fb-8409-e249ba8027ac	1114
535ade17-e8a9-4a3f-996b-311b3a90623f	1073
535bc0ee-2afe-4a55-a74e-24d28096c8b8	1070
53608185-a850-4509-b4ba-4eaf2a3e7cd9	1072
53656501-7e1e-4915-aabe-658789898916	1135
53698762-993e-4e7a-97ab-2e1aac653372	1095
536ac2b8-50ee-48b9-8b41-90ed93d503d2	1100
536ef6b8-2df3-44a7-aa3c-fd418bb2de9e	1131
53703fcb-7b82-457d-b471-7cb1f2cf6cf8	1138
53718c7e-8bd8-4867-9aec-ddb47a9c013e	1138
537896ba-d13e-4ace-9c07-a2a0d2b8acdb	1089
537c68e2-9a51-416d-9e25-a96f3d1fcd5e	1133
537cb341-1006-4db3-baa2-2afff8a36092	1131
537cd87f-0fb6-414c-bb05-69517f21c8c8	1145
538080fe-f64d-4870-89ef-8f12f0bbe320	1042
53817a9f-877b-44f0-bc3b-d7dc1d97a8f6	1074
5383b39b-0189-4cc2-a6e1-8ae3c324003f	1130
53854cc0-ffcd-4f5c-8177-ea07264112af	1129
5387074a-9b85-4eab-922c-5eed67625db7	2036
53883d55-05c2-4837-929f-ce3196aa89e0	1124
538f1bcb-743f-400d-8322-446c59d06778	1140
538fb25f-49dd-47f3-8af8-1713143325c3	1076
539186d4-fcdb-4989-95b5-ca04a440ef67	1134
5395ced8-2129-4e00-95bc-33a4166b8c66	1076
5398ba8e-a6a3-4cdf-add6-cf32bbf379d3	1078
5398c270-93df-4fd3-a5a3-02c3187bf821	1075
539c83d5-539d-4b5d-a8b0-f16b423dd2db	1105
539eeb62-dfaf-4a5f-bec0-c3498271db13	1078
53a15f48-25c5-4bcb-aecf-0b7b0fd5a084	1134
53a35c02-b5eb-4e2f-8de8-2805dff85117	1141
53aca35c-56ed-4681-98d2-96332ff7f7b8	1126
53adb8f1-3dfe-4f41-a396-e1b624726e5f	1073
53b04457-971d-4555-b7a0-7f7fa9963af0	1144
53b24f7c-ea9b-4d19-9573-3aed8e6acc7e	1136
53b2fdce-3a9a-40d5-b0ee-fc4c78307452	1124
53b73fd1-f2d0-4d00-9811-f2b6a4e6cbd3	1132
53b9aa87-e414-4ce0-8bbc-10aff68f11d5	1136
53bb6104-7c3e-4514-8ae1-16cc455aa3b7	2039
53bc2999-7dea-4acc-973a-412eacf88224	1152
53c7cde5-fe67-435c-8c22-28244acecaa8	1134
53c83f4b-ab9b-4968-bbe8-f8eb7bed055b	1066
53c874bd-2e90-4088-a66b-6e652ee5d601	1127
53c98cf3-0113-4d5f-95a4-7abddbfda184	2154
53c9e902-7d9c-4274-89b5-6e7afcf658cf	657
53cadbc6-43f1-4c92-8b78-d5f92d066d04	1072
53cd03d6-b8a1-4923-b850-5414eb9b9c89	1070
53ce0469-b086-48c9-a5de-2c8ead6cd5de	1124
53d3e019-cbb2-4a53-b399-376a27249708	1099
53d9ed38-5778-4c95-925c-b59bdd1d7f7d	1069
53db5493-beb9-4fb2-a3eb-c2ca112165dd	1142
53def812-f03d-417f-8a2c-aa9dd9517369	1135
53e01bc7-9824-4467-a40a-631da5f4f45a	1136
53e02112-3195-4276-b2aa-48af76508207	1131
53e0c458-7f29-4e0a-a5bd-af0974e8bd46	1063
53e1bfd6-d263-4bcc-8e36-903c8f04e167	1137
53e5ac03-37c5-413c-bc96-8e12946f7dd8	1069
53e963a8-d4fa-4192-b23a-02ac0bae7c49	1140
53eadd7a-3fc8-44c0-a19e-2301e0f48012	1069
53eb3724-4545-453c-9d63-6d4ae2b60139	1130
53eb72a2-1ec0-4dc0-9f20-1f4ce7d24f7c	1134
53ec4b5f-6737-4254-bc2d-e29adb802e63	1137
53f4a806-d9f9-48d4-a483-b55d03683f81	1128
53fd31fc-4394-4de2-9b30-0b589d611627	1137
5400dbdd-1a4e-40e9-a88c-2ac56f88cd4c	1077
54045fed-44ea-4621-8108-9930aed7cdbe	1064
5407bb2c-8d24-4c7b-bfc3-41d790fcddd9	1148
5407dd8a-65e9-414e-a9f5-6e4ab1dcc833	1071
540eb720-9b57-44e5-a79f-c5c8d172e57d	1163
54107893-68d1-475d-96d2-730b7be25487	1082
5411f646-259c-431b-a768-80a56b1edbcb	1158
54132c4e-2916-40c0-ba7f-0dcbe476a079	1074
54137694-4cc9-4f0a-b7bd-008c2302efc7	1472
5415e2fc-19ba-4a30-a2aa-906652f3ff63	1077
54185cce-b375-4273-a7e5-f42ade6ea7cb	1131
541ca00c-1db8-4d17-8984-e8a111f6ee0f	1132
5426aef9-d3fa-4e1c-aacb-3fd651b2bd12	1130
54273c57-de85-4846-b7bc-f0ba41690ac9	1139
54287d63-55ca-4585-bb44-a5338fb91553	1138
5429fbce-5098-46f9-90db-efb7f16394c1	1066
542a9281-7d2f-4414-901f-6a2b78221b62	1077
542ae7a4-049f-4fa0-aec9-b70e559c0446	1075
542b6386-4144-4a4e-89ac-893f7bd97cde	1140
543bed7e-095e-425f-8b17-c9afbcaee66f	1140
543d9d4a-07dc-43ee-a073-467d777348ce	1130
543dd76d-0541-4ee2-b0bf-d02004580aef	1123
543ebab2-16fb-4570-b252-68fc9d05c55b	1080
543f3ad0-3c69-493e-99e8-0175b842c412	1072
544a8c53-03bf-4e00-addd-7f07a30594f7	1137
544e127b-0aa5-40f3-bd3b-d2b78b2d3b6d	1155
544e60d1-72ec-489a-b571-349f197a7bff	1078
5452baca-b636-45e9-9b66-cc7833b9919f	1089
545368b5-d46e-4ad6-a4fc-fa03131194d2	1081
5456333c-dfe4-4dad-ac6d-f2f01236aeeb	804
5457c408-82fe-40d2-9dfd-aaaf8abe2662	1143
546228db-c588-4e42-af19-8b00010769f0	1131
5464fe0b-e9a6-4b85-b210-375585cafe6a	1077
5467aa37-88c1-4ac7-b66e-85745f1f8d20	1134
5468f4fe-2a3b-4d66-a56b-aaa6d8764d62	1132
546a8b9b-be0e-41c1-b6a9-0449bbbb14e3	1135
546ac397-7630-4827-aa15-9fdc3b4481e0	1281
546cfd51-0e10-43e7-9097-7305f9d172fe	1140
546d67e6-59dc-45bf-a6e0-3168815c0496	1135
546f80b4-a3ee-4942-bd61-cdb8e8c86fbe	1135
5470264b-e3d1-4832-9d62-422c6a6efa3f	1124
5475d2c0-6cfb-4fc8-bdf9-2482700f10d7	1142
5475d2f8-7416-4627-8376-da45228b7499	1131
54760568-3242-4f26-8df0-4eabf6d6ba98	1078
5476c659-d4ef-4ad3-b5c3-4a6a965ded20	1127
547a15ea-c668-40b3-8d60-89e26e807ec5	1072
547fe597-d4fc-4002-abbe-af31cc8f9f2e	1126
54850e2a-8339-4ea1-8f97-b3aa0608d050	1151
54858103-3c78-425f-8572-b58e566fcc6d	2084
548d26ca-8e7b-4738-a372-84784b53b305	1146
548d69b8-31ab-4b94-8192-9b149b945ecb	1120
548e3c97-bff2-482d-86f5-488e538fc347	1155
5490042b-4435-4eb0-a05d-273edd332522	1058
5492e784-ee14-4728-be1b-adf0b9957aad	1126
549868b3-7056-4aca-b841-69eed6ae9d37	1066
549dd8a4-2be8-4589-89c3-0c1a227ae457	1140
549f3f65-0b0c-4b32-a1a5-b1e5c16f1873	1092
54a31113-675e-4895-b125-bd3b0dd143d3	1142
54aac55f-cc85-4c48-990b-83c10a6ac990	1123
54b0397a-1009-4070-a612-fa64b152728f	1135
54b617b1-b8f5-4cb7-b266-d32e5060149a	1126
54b6d9f1-050d-44b0-a1f4-c2bd4bdb932c	1061
54ba2be4-d77b-4d5e-8d17-6d94e91fe181	1126
54ba7a9a-a69f-4068-9709-21df6644e129	1162
54bedd53-9c31-43c5-a105-1691969022bb	1089
54beefaa-6de6-4d03-bb42-a2e3fbc3d69d	1137
54bfcc5d-8590-4c86-9ec2-1891a7e3e07c	1063
54bfe2a1-ef92-4b4f-bd2a-67bef317dc46	1136
54c3a0ee-dff5-493c-9221-a2adb631c7c5	1147
54c7daf5-6a1d-4a6c-ab5f-baf27ae06ebf	1139
54ca57f9-d4da-4110-9aef-cc31e067201a	1135
54cae987-4210-44a4-9ebc-98c625b689ce	1069
54cbe77e-191d-44ed-87f7-498d706e9543	1128
54d07fde-b99b-4b86-b026-d4b2733935ce	1127
54d5fac1-ac4f-4090-ad76-2d1a7a5ca92f	1125
54d90dcf-1408-49e8-baa4-4d26cf831a27	1077
54d9a92b-0433-4264-9d07-5814a22dc184	1078
54db66bf-115c-40e7-9271-c473f244b5e0	1131
54e035c9-7607-4340-b1d4-3b14982e4696	1143
54e1afa8-7ecd-4f30-a4a8-bea7f75064d3	1134
54e3283d-1adf-42c8-a0ff-c36960df14e8	1129
54e664cc-4683-4811-a5e4-87842f5cc3c1	1071
54e6a2bf-0180-4719-ab21-9a57f20ea936	1132
54e78677-53a6-4a95-a5d9-7b298a512458	1135
54e7ee09-fce1-4102-81d8-ea0b60a9bacd	1013
54e7fc69-2a94-45f1-b1cf-788cba5caa89	1081
54ea084f-cc04-414c-9a3a-bcc830e5c167	1120
54ea2b91-b510-4d6a-b367-e40cdc0fff77	1068
54ea97e4-da1c-4049-a236-d70ed870e893	1150
54eaf520-05d3-4304-988f-3d9b4686291c	1081
54ed6faa-0a0d-4104-b332-f81333ff12eb	1086
54f0afbd-b8a2-4fb2-81f3-ce351e8dad53	1130
54f38d62-784c-4c44-8982-2f70b3fe8812	1136
54f4803c-09ea-4b90-99ed-7bd9c817189c	1151
54f53673-fafd-4001-890d-673c5c0828f5	1133
54f642ec-1492-48b6-ae14-1e35c7934029	1063
54f81076-d0fb-4511-8531-2c7b8d538e78	1083
54f8b055-453a-4bbd-a42f-340c39e76e6a	1125
54f9e1b3-f1ee-4d11-b04d-424ad6df312a	1134
55013015-93c8-462a-a8ff-d3a7e29d009d	1114
55082e2a-44df-4909-80a9-5f5fcffb4a26	871
550dc129-b58b-4915-8b82-82e5120f4d60	1131
550f86c3-ef9d-4786-b16c-5a51e32b653b	1070
551053b9-96d2-45a8-a83a-82d74cfde064	1067
551256f8-2609-4b38-ba33-c9c0e9661607	1133
55151467-0cb9-4a94-b3e3-5c39c31b2616	1946
551548dc-7f0f-41f6-9896-c2498e17faeb	1079
55162491-b782-41ba-8bbb-44093172d299	1135
5518aa8c-cfb1-47d7-8c2e-5a4cdc2261e4	539
5518b471-3933-4387-9fd1-623919f8308b	1072
551ae97c-f681-427b-8f7f-39cf3aaa9dc3	1126
551b8c9e-9293-4678-a3bd-9c417d81302a	1149
551fe063-abdd-43b3-9f18-75533c21e867	1134
5520601f-3b7e-4203-bbdd-1d6f30d2ad64	1110
5526a740-2baa-42ed-bebc-00fe5e143837	1080
55285725-2a4b-4948-a392-8ee47bf24bca	1134
5531046d-3088-4152-8917-73dd8699ce72	1093
5534d204-45e1-4abf-85d3-c14439374cf7	1125
5538521d-6707-4c2f-96ed-fee460d41b49	1104
55389c45-e680-4c0e-bf68-2701b57d9567	1077
553b464e-2fe7-40ec-87e7-cb335068c836	2055
55412056-a236-4aab-998d-1d2c3ec1d055	1128
5542ad4b-7275-468b-8c9b-59ce6d7fbe18	1065
5544ad84-dc69-43d0-b2c2-70b57dd57ad6	1146
5547f560-f65c-43f4-a03a-e5fcbe036984	1073
554b92f1-2ecc-43c2-9aed-5a019500e466	1067
554cc306-7528-4f48-a006-536f1bda9fa1	1127
554d23ea-f167-4522-8335-1c13f43301a2	1082
554dac6d-dad5-415d-8d96-0292970928e5	1122
55512084-ab26-433c-8fa9-5c0280d7db36	1090
55514b8c-0d3c-4adc-8e7a-554679de6456	1163
555273b6-0bfb-4c29-8b82-31491b1a9211	1074
55549374-192b-4edb-99da-c377c757c152	1131
5557d86d-2997-49ab-954c-4cb25e956983	1367
55619317-53ec-4545-9789-2a1ccbc5a689	1050
5566d8ce-748b-46f0-9050-47fafe6ac139	1133
55671d89-d726-415a-9785-5be466903958	1061
556916ed-72b4-488e-99d0-59267f02fca8	1125
556dab92-9706-4ed6-a360-c0f9d03e440c	1063
556e0a74-4aa7-4259-9acd-0ddade6d673b	1065
5571eea2-75c8-4b10-8567-a5a55af0a4f2	1135
5574122b-0c8b-4a7b-b3d5-e5e7ea07ee90	1135
55752d25-2573-418c-b980-ed16398a00c1	1147
55759567-d761-4222-b5c5-4c2a260a1038	1067
557e360d-95a1-4349-9624-ef1e11a6cc42	1278
557e3eb1-4287-4076-a05e-19aec35c8b21	1073
55817d7a-d01b-418c-8d3a-cbad4ba594ac	1127
5586ed74-63ff-4f1e-a744-58cf553986dc	1059
55876248-5aa3-4f60-9639-d299211f9785	1127
558a1dad-1fab-4729-8675-023fd43c8f4b	1073
558b0d9c-9558-4bf9-8b2a-506ae76fd621	1073
558dfa66-2c18-4103-b2aa-5ff9b1af8643	2040
5590f3a6-96b1-47d0-a2b4-3b0aef0893c0	1076
55956ad4-7806-46ad-bbbf-364a1b9834e6	1131
5596af5f-99a7-422e-9b09-c21c7db15cb2	1128
55a0d872-e258-41ad-877b-093d21d3d98d	1075
55a43ea6-e705-4094-abf2-2a7b2567493a	1067
55a490d0-221a-4cf6-aabc-13060a0be0aa	1072
55a5389b-8dc1-48a5-83ed-3c47d100f93d	1074
55a5c248-0531-4df2-a8d2-cc972befa8e3	1077
55a6ec4b-bc00-4712-8502-c2c75fc2aad9	1070
55ac6159-887a-4ad8-9694-0ea0e71523d6	1105
55acb98e-8a20-4da3-be40-5f330ee8b89a	1146
55ada9bd-7b90-43d3-a3d3-0e5c02c9a787	1127
55b3aed8-12ab-4858-b120-be0e84af6b47	1083
55b4cf0d-c7ce-481a-a636-30f4ce94323c	1133
55b69e43-a5ba-4f1e-8bc6-11a31927e589	1132
55bbae1c-267e-4b67-8b14-426f11720e99	1073
55bbe119-ca9e-4884-8a27-e391bbd20bba	1133
55be2eb9-f59f-4d71-b9be-b4c22485d70d	1072
55c3453a-f62a-4fa5-bd0f-1fc17e59a714	1162
55c50d93-3da8-4251-a5f1-75096de3b803	1073
55c54cbc-c57d-418d-9655-2b1497205f71	1079
55c6091f-644f-4f41-a7af-62eb14865a8b	1128
55c863a0-5051-46e8-bc86-c62f1b2c62fb	1075
55cfdaa0-e31e-47e9-bd51-f485fd609fcb	2035
55d5e5cd-526c-413b-a767-80d0a34f0f28	1139
55dda43b-cc53-493c-bb47-dbfefd65fe28	1080
55e20cbe-8928-4ea5-a51a-c843e51a71b9	1126
55e5ea96-a9ba-4a9f-b50b-0c16d1e2f028	1129
55edfd34-ed24-420f-a980-cccb8adcd3a6	1117
55f13ab2-2b18-47ce-89d1-653cecba77d1	1067
55f309b8-6836-4aee-85e5-a7eb062b1bd4	1133
55f3596b-10cd-410e-9954-10d309e2802a	1080
55f3c8cf-2643-4570-ac91-83af1c9a00fc	1074
55f60c7d-19cd-4ac3-9396-7f18ce048234	1130
55f767b1-dc7d-4bb7-b64f-c5c875292206	1112
55f935ab-3cec-4262-b538-35f12f6bd3b1	1137
55fa1733-aced-4334-9c28-14e8c43c8e40	2143
55fedfbb-a03e-49d2-918b-fc444328dae6	1119
5603b93e-ade1-425d-a5f9-b1ea4e5617f2	1062
560ae427-b8f0-4ed2-99a9-80057a245fbb	1145
560b98e5-51b7-472f-b5f4-e480eaf1ad84	1136
5612ceeb-a999-4803-a77e-54adc5c29194	1073
5613de06-ed9b-4376-a5dc-686b08fad49c	1131
56149b32-4199-4285-a657-58c85cdd3c5c	1079
561568ae-c265-4a15-bdc8-146f686d498d	1073
561ee65d-d62a-4832-9fe4-5091a762f2e2	1140
562580c5-73ac-480c-9334-63629b2c48b2	1135
562813a0-8df5-4276-9eaf-7f0037b8ce87	1117
562a57f1-f2eb-45d5-9c74-28ba4634e17b	1074
562a5945-88ab-476c-9b7d-9befda0c0415	1076
562b5807-b8b5-4bb9-9b71-6746a5764ce0	1161
562c6281-f892-4a83-aecc-6991d33fc2cd	1079
56350d47-c4c4-4005-9427-8e27a415da65	1064
56360364-a371-4775-9500-7affccb33e5d	1136
5639e4b2-5758-4643-b3b9-4e1ad3b9f561	1075
56409cc5-7528-4b06-8f11-d9544a0c9453	1149
56463a7c-eb31-42fd-90c1-5095bb621da1	1068
5646ccbf-d238-4e17-8852-3caa3c0a9816	1111
5647d314-09c0-4ad0-ba9a-4ac5ca2bccea	2040
564b7d25-249e-460c-9947-5b00afc58196	1074
56507c44-6751-4ccb-a788-2bacd455461b	1053
565417cb-2346-47d4-9a0b-5fb1df35124b	1075
565e98f1-da36-4be9-bb38-a9623cd3ce8e	1130
565ea77d-e1c2-4a42-98b8-d7d1815b0175	1079
565ffd3f-3acf-45c5-81f8-b3c1b37f8302	1067
56603613-6e77-42fa-aa39-464bd5c78c02	1084
5665faaf-75a6-4fb8-84f2-6bc140101990	1070
5666d053-e279-46a2-838c-fa26226ba957	1157
5669f4df-7ddd-4f00-aca2-847f1d426ca0	1059
566a2e96-0708-4761-b884-72893de77108	1128
566bd239-77b2-45c4-ba59-c50e302d6f50	1065
566cd3cc-fb7f-4589-84e9-86b40ad27975	1076
5677f5fc-8b79-42e9-8cc9-9c24ad51193d	929
567854de-cb8e-43a1-ac0f-b2fd1ee66b0c	1078
567f2bf2-5cde-4e0a-b389-d77f0eccafd3	1132
56810aea-4434-4a16-a532-43655b133824	1130
56822761-c20f-4da4-9a50-6f3034714c91	1072
56862db7-3a2f-4d3f-8b49-ee33a9644ce4	1142
568831db-b9ca-4283-bc5e-222825052e7f	1138
568a049e-44d0-4c03-b657-d26279b40d76	1072
568b2f55-1234-4fb7-a855-acf6984c04cc	1091
568bb303-4692-4047-8c6e-67bd3c043c82	1116
568f21f0-c615-488b-b174-01501429b3bc	1118
569a2f3e-e971-4421-ac2a-e4b1d3f4e9f6	1128
569f7211-ecd2-4d8a-92d6-5fdefe0f1174	1141
569f7aef-802f-49ac-931f-1059abed32bb	1087
56a18c4c-2f48-40ff-82ae-d660abfe0948	1145
56a5413e-e1d5-4d54-bbe4-5fe7c8ebbdf6	1063
56a98ff1-b949-48a7-8973-56887ceae029	1070
56a9ac92-df55-4be3-a185-43b2b66027be	1068
56ad392e-a71d-4bdb-b289-cc2ceaaa506a	1138
56adbb3e-f8af-49ac-9221-2246ec19a8c8	1079
56af276c-d2f3-491b-9efd-d24d55500a49	1106
56b0e2a1-06c9-4d58-9c3c-80aea3afb024	1078
56ba58d4-dd2a-4e35-9218-5655a16460fd	1075
56badaba-a35e-432b-9bec-350d69ce1a45	1066
56be436e-18ba-41e2-b18f-643cc8ba87be	1142
56c445f1-f292-450f-a76f-0a0b2426598b	1076
56c8a084-60a4-463a-a14d-e13943cc5bb3	1071
56cc479a-dd74-4720-9b4e-3ba366853094	1131
56cde83a-fbbc-43d2-b2eb-9272befed52b	1106
56d0c213-a65e-4d35-85db-17cff01756c0	1139
56d5f617-9bc7-4cb4-b882-25ac342f6fd4	1126
56d939a7-2176-4a2e-86cc-60d7aaac4772	1081
56de3f9f-01af-4496-9902-0709e2569f88	1129
56e15957-cc19-4446-ac22-6ff701701a6c	1071
56e533fc-6c56-4019-8e5c-54579701e5b5	1060
56e5ebae-1d54-4c65-8a89-24e9afdb4dff	1079
56e7aba0-5f9e-4346-b00d-eb1772bbebd2	1125
56e915d0-c1cb-4dc3-a393-86a8f6313477	1136
56ea4fe1-317b-4949-ba16-4e98d42cb74c	1082
56f3cc91-f21e-48f5-91a0-d2f7a20e667b	1121
56f6d609-e5c2-4a8a-a448-34ea631911bd	1152
56f710d0-64e5-4081-995e-838567a35b26	1078
56f83c5f-f051-482f-8607-5c24042d4180	868
56ffdcaa-68e8-4876-ba84-3bff65f7af3e	1065
5700072e-b5cf-4c07-aa85-c3a7e5b7bd77	1108
5702e934-8974-4580-b013-84d1d23de685	1069
570899b0-89cb-45c8-8477-653db62a05b8	1138
57095f83-87fc-4452-b83f-0dbf34f25b6e	1127
570cef2f-f836-495b-a285-3dcf3b48c6ed	1072
570e3b6f-0f26-4bcd-8426-bb791b4f8713	1131
570ff649-1ccd-4038-8854-625ed03715ed	1139
5711c28b-8ba6-4ea5-b475-2d74f0498d60	1150
5713bd70-0391-4957-a6ab-76110d9a2c72	1071
5720f8c7-060d-429f-842f-40b2c814999f	1070
572106e3-e05b-489a-9e92-f824c0ae0773	1154
572598d2-d234-4992-b6f6-c55d1747fe28	1065
5725ad04-0d9f-4516-b03b-a7c72d3788c3	1094
5725b88f-1b6b-458f-801b-359d4c541060	1127
57271d6d-54d9-44b1-bd09-45afc5aca420	1062
5729dea5-0b0a-43a3-b359-16a3d3310375	1140
572a3931-412c-425a-9e01-0a5b86f5e948	1155
572eb9a6-0776-44c1-90dd-41436f861171	1078
5731fe83-8708-4238-b1a5-33c4a8b978f4	1075
57346e77-a6e6-455b-99d8-b2692152d27c	1053
573694ba-82d6-4ee3-8ec8-6b83463ae4b4	1138
5742f346-cbe1-4618-bdb0-b07c037dcb59	1131
57439db9-c6f6-49d0-b32e-bc5e6fc8775d	1141
5743da9a-2b75-48df-99ad-ab69bc39173e	1081
574573a6-2caf-4b1e-b81a-0865129f7018	417
574676ef-c60e-4918-baf7-a6b75d387bfa	1148
5749e5fe-9cc2-472e-90bd-bae31847175f	1131
574a3eb8-c9a3-4479-97f6-6206312bc9c1	1072
5752bdf8-85c1-474a-9b8d-d96d91a1078f	1073
5754480a-d833-4a40-99fa-da2f390f744a	1128
5759ea35-68f2-4e77-af41-04c20f973b75	1070
575db4c5-2be1-4271-8cfe-7e63f1cbf0ac	1154
57629f17-096b-4850-aa2b-e2598598383f	1073
57653a33-2ae2-4c8b-99d7-072170504293	1127
5766f552-9d1b-4483-8265-b67d58378455	1142
57675586-a702-4f58-83f0-2a277a29a0ee	1933
576f8579-6fb7-4bb6-9452-bf0609cf119e	1132
57719e15-402c-4e24-bfa1-c6a81b6ef637	1069
577637e3-cea1-4425-bbde-9d83f635b82b	1070
57796bad-fc7d-4b08-89a7-a621403235ec	1126
578199b4-3458-4e31-bb66-b7f6808bfdb9	1071
57855e3c-a7cb-4f40-9b54-a5ef899fe8b2	1083
578af733-5b91-482b-80f9-be2662f4ea8e	1129
578f6373-9cce-460b-8c3a-677a8787935c	1123
57921355-9b29-41c4-9fd6-7cfd6c667e43	1067
579dd056-2bb6-4158-9a29-3cc69e425f56	1081
57a0436f-dbcf-489c-aac7-ba8cb2dd0650	1129
57a1d848-ef11-45d6-81b7-3f16de811c91	1134
57a22e8c-1553-48a4-984f-37d1ced64b52	1135
57a5f0c5-b09a-43b1-a1b9-915f320d9c26	1135
57b0bd53-902b-430c-a1d7-09d319810b60	1081
57b5f79f-2491-45e8-bfea-7eaaa5066aad	1129
57b5fab1-dcc4-4cb8-9cf6-11f750fce185	1072
57b936dc-3826-4aba-87ba-4490a1b51e18	1464
57b9913f-88bb-44ee-9f1d-0944b58203dc	1067
57bbed14-52fb-467d-b90a-85ff0a55b4c4	1071
57c08495-da2f-4e5f-b85f-43f5c3f372bd	1132
57c91dd2-83ff-4d2d-9b89-27da1828b003	1071
57cabe1f-f837-4391-b0b2-ab12d2409567	1911
57cb0004-369d-47aa-ad3b-99e6282bd82f	1078
57cd779e-e857-498e-a1c6-d50dac34ed59	1135
57d3a9a3-7574-49c2-b90a-3d7a33605101	1133
57d43e46-a998-4cee-b788-d5e95eab0f29	1072
57d8ec81-1f57-4145-978b-66929411bdea	1069
57dcfcd3-f89c-4fe0-815d-3fce46bb7f54	1132
57de1f58-4bd7-4c00-b784-e7da143efda6	1138
57df175d-53ae-42ec-8c34-826ef50c5bcf	1078
57e0edaa-62f8-472e-bac4-d8c4505f56f3	1076
57e16f7d-a671-4d8d-9cf6-8c5bb9d5a9ab	1075
57e230fd-7f17-43ac-aa50-370cf6e7107e	1093
57e84248-b7a1-4132-a8f3-f3b4913f232d	1083
57eae7b5-9245-46f8-b3bb-3b18a6eaa16c	1144
57eb71f9-2cc1-40e4-ba20-6272c79d459c	1080
57f1c902-8299-420a-a505-5a2ba004023f	1093
57f1e99c-58f0-4ecd-8535-418b9419ec04	1094
57fb79b3-4649-4ace-b011-228a83b7feba	1129
57ff77fe-fb47-48a0-93f4-a452c5720d06	1132
5800aa30-a6b4-4645-b93e-430f95af2ae2	1077
580fd737-bc25-4031-ba17-c78dca34beb5	1149
58124350-55ba-4d37-b075-534ca11e0c53	1076
581a0323-7551-4d4a-a6a9-e78068e6c8ac	1135
581cc57c-b82a-4b69-a155-b2698c5520d2	1074
58226d66-c2d3-4cc5-9704-1cc5604aa673	1537
5825abdd-ed19-4db2-a707-9ba1c96e94df	1132
5825c6df-f60c-458e-a91d-5a371f7f20b3	1068
58270ad1-fa30-4a0d-be98-f9a5c7a2dbcb	1127
58301d34-b51e-489a-b377-d184103c4ed2	1076
583705d8-3ed1-4654-9d22-783756da98e2	1138
5838d33f-2e25-449f-b153-c74d0f54896a	1137
58392b42-0df7-4245-937e-bed3646b3e1a	1088
583b779c-a875-4f2e-97b5-d5c2a020b8fd	1122
583c41c0-2336-4592-b23c-11bf02828702	1071
583cc8b2-4d78-4890-b794-fe6c474a9c7c	1065
583d67c5-cad3-4281-b760-47eb537b0ea2	1127
5845201a-084e-4cf2-9f41-51e04b1c9039	1061
5846731a-3759-4555-a908-b2173d9ac0be	1132
5846e520-040a-4b76-b202-8246816ca0a9	1133
58473dd4-7740-4059-825c-3bb3acd95e08	2381
58477e45-0f30-45c2-9f5f-c01c4ec68e1f	1583
5847d071-ef8c-4d38-8a39-11f26ef4e545	1138
584872d2-d244-40f0-927d-ce07303224ae	3147
584cb904-14d8-4faf-8b16-e6aabc7ad1c8	1075
5851e0b9-bbd7-4f18-a720-6731d815da1c	1133
58555145-7aa1-4574-9914-51a122c3bfe8	1072
5855accb-2d65-49e8-b993-df2591b3d021	1154
58594ce4-e526-4f0c-99c3-af0ac9d86894	1127
585c7084-fa8a-42d0-ba0c-d3f465fb28c7	1071
585e7245-1ef7-428e-9ec8-97dc1f616c15	1153
5860151c-9e17-4809-a43e-c6b989a98ea6	1122
58601913-4969-41f5-8700-a4a275114899	1124
586227d3-4dd0-4384-9a70-1b132413d161	1073
5862b7e5-fee7-4686-bb92-b374966bf975	1092
5863902c-79ea-488a-b28d-3971f49150fa	1142
58694190-b360-4fbd-9209-3b17090a3c04	1129
586e5651-2905-47fd-a2cd-d15a3379fcf6	1944
586f4b15-fd04-49b9-a79e-b6a05f8c60b7	1134
58701519-59b1-46f9-89c3-61313620735f	1129
5879d964-c1ae-4a44-91c7-af4d910d8b96	1131
5879da47-e7fd-4f49-a19c-8caffacc9146	1151
587e7348-e60c-4076-a659-c53c7e90fd7a	1133
587eb9f2-918b-41b2-b2c0-45816d0a7e34	1133
5882c5b0-3d47-473d-b1de-52dea1f544a5	1076
588678e4-5a4e-496b-8198-577fbc3d3ff9	1116
58882569-6b49-4eae-9eb8-69658c64076f	1072
5889013f-1279-4cc7-af30-2f5faf397949	1072
588948c9-b449-4b94-a8b7-bc3441c91d40	1155
588be4c8-6c72-4ea2-84eb-8a368bd5732a	1134
588cceea-bedd-43b0-8ce2-f8658da206c4	1118
588e09f2-3553-4587-bcdd-52a8415b09ce	1134
588eb20d-2f2a-4e02-8e7a-b040f7802f40	912
58962ce5-0b16-4a01-ba3b-2e2b8b401017	1133
5897c5cb-6e75-4fa8-ac67-9263b6779653	1073
589a6a21-be0d-4db7-a2da-946eb4f19652	1143
589bed2e-b6f7-46dc-85ba-70baa256b79e	1138
589dcafd-e9b9-410a-bfb3-2b3735461f1d	1135
589eb067-edca-4cdb-897e-a3d2415499b8	1069
58a0dbb7-2201-4eb8-bfad-325ae01d1b3f	1119
58a6dd6f-7082-423c-9880-92b801585f61	2067
58a8dff3-ae54-4800-a167-43b77ced0ad8	1254
58aae944-b476-424d-9cae-1561fee20b19	515
58ae04ee-bc88-4ec1-b007-b4602ad33ff3	1062
58b05c68-f852-4602-ad59-c826c07f93e3	1124
58b6edd5-0807-43e4-b51a-2f11450b7cd7	1070
58b7db8e-a15c-4d93-9305-d1acd6b27a57	1076
58be9417-73d8-4f3e-aa91-d361b72fdcaa	1092
58c0aaf0-553c-41e6-89e9-8df01819a53e	1065
58c0c814-915d-4a02-bba2-3aed2f079ba0	1078
58c1f9b1-adae-4272-b76c-920851d6f47e	1080
58c444af-7afd-4dd4-aa3a-c9250c7002b2	1132
58c4d990-2450-4947-be1e-4106f0e01369	1127
58c59802-d801-49ff-aba3-8afe4f3f1980	1057
58c6d829-5064-4cd6-9d71-9bae0216211d	1074
58c82df8-e75a-46ff-a37d-2d1f58a7168e	1130
58d527f2-2b96-469c-8eeb-f74f5280a533	1068
58d57845-2b09-497d-a56d-f329016ffd11	1072
58d6fabd-3d10-4284-b2e4-a2dd5dea35b9	1076
58db1249-32ec-4a6c-93a4-c78a54f3a936	1138
58dcca0b-a6ea-4da2-ba00-1fcc5c4dba45	1137
58dcd3c0-a812-4a3c-98ed-0f6250786396	1173
58ddd883-51b7-4740-a396-f7ef93d7cc3a	1536
58e4abef-a324-4ec9-8a17-7180e1f7a498	1124
58e67ef0-40c7-4dac-9a91-db422ad5160f	1095
58eeb273-af15-488f-8f9c-294a41a94589	1066
58fa4cc0-6134-402e-9167-83c939574305	217
58fe7069-5f24-4b3a-865a-53502ca430e4	1133
58feb395-686e-48cc-b3a4-5e1959285db7	1055
59006973-ae38-4a53-854c-393854ae2f0d	1130
590095f5-7fb9-4b99-8dcb-33db19f7d684	1067
5903df2b-78ca-47bc-9171-bbec4d396be1	1148
5904c1d5-95eb-4ca9-8172-34043e33c564	1143
5908a45a-b35e-4e85-a07a-e5036eda66b0	1133
5908b3e7-2342-4ad5-94fb-20b4e03e5dab	1132
590cfda6-bbe1-43cb-883e-516d826e6af2	1137
591326f4-afdf-4b0d-9bc5-24979d53d7e6	1068
59157d55-b6a0-4b36-a5f1-0241caaa5c9c	1137
59263603-7681-4336-b8ed-421294e1db1e	1136
5926461f-161c-42af-b2d1-57d74b419665	1035
5926466d-edcd-4097-b837-8ec9d4f5690e	1077
59265085-72c6-4c7a-b004-b3e082f7d576	1070
592bd302-1216-48d7-98b1-df52eeac5327	1079
592c5f28-4fd4-46c5-afa6-034323a3331e	1134
592d979f-d86e-4bb0-af61-a175fa944d6a	1121
592dbb12-a3b7-4a96-ac4b-fceff4ab174f	1071
592fa672-e3b5-4863-8c9b-1c69dc4461af	1126
593172ad-73b0-483b-ab48-51b28fce68ed	1137
5932ba59-03c8-4ff5-a811-8b69ff507db5	1086
5934ac3e-e416-48ed-b432-5002daad7fdc	1094
593ac1f7-6d71-4601-b873-bb5d972b1aba	1132
593e4553-d8d4-48b1-bae4-d76eb43afc4b	1077
59447d45-3807-4af3-bd18-18713cb42c11	2150
59472f85-243f-4595-a2aa-c5249fcc235d	1065
59479eaf-71f2-42d7-b4bd-5a2e43d8082b	1091
5949c75e-2370-4060-a901-6d2fec67df73	1142
594a81a4-235e-44d5-8cbe-6c05b5e32a05	1136
594c3daa-cfb0-442b-8b1a-b4669ba1d87f	1140
594f55ba-bc4e-4548-ad2b-6bcbdf50932e	1073
594f5731-7e0f-47bd-8508-d98f25efe194	1069
59517afa-9b85-494e-8103-70ba172314a2	1076
59526e70-2fae-4d09-9c07-f0843199d4e9	1128
59538bed-6253-42de-95bf-261fe6e6bd6b	1066
59560da6-c758-48a9-b20f-02cd41beb44d	1130
595ba900-94c1-464c-87eb-e4927cb37a2c	1153
595ccccc-4d25-4302-b962-fd817bb8bfeb	1111
595e7022-094b-4480-a5c9-16cb80b7df4a	1114
596b4cf9-51ed-440e-be8c-2e508b1fa5f0	1102
596cd7a6-86b2-4a38-bbdc-21acb917c7a6	1132
5973025b-6252-44f2-b37f-bf6552fa4cc7	654
5974952b-5ba3-4d6b-ad0c-c52490e4b490	1131
597653d5-42b5-4005-a0f4-1ac4b7a902cd	1143
59786af5-9b1f-4933-a0bc-388ff3520316	1093
597a20de-bbe0-48eb-86bc-268cb1270690	1143
597a3f74-22b8-46ad-81c8-0d4640ae4e09	1099
597bdeef-fc8f-4d15-bf43-786e032e5325	1077
597c926b-13be-4309-a944-ff1ed117f5a5	1072
597f3ce1-a43f-4008-942d-86cfcfd303ac	1129
597fc8d2-9d4f-4048-a5e9-51c783bff458	1133
598401fb-ceb4-437c-9403-df7ff75c4b98	1131
5984c0f7-d676-479e-8ccc-81af5a9bd3f4	1068
5985dd51-db78-478c-a3b5-fbfdaefa12ff	1063
5989470d-01c1-4a96-a08c-60a959f7eca5	1061
598af539-4a9d-4e0e-8d90-b857bcc82ee6	1081
598af9fa-4305-46b4-a186-d8d2a4b236f1	1095
598b38c7-effe-4e35-a889-3f970fee2adc	1136
59910f2e-3f5a-4849-9682-7b04b6ee61a9	1140
59931481-3850-4f3b-895e-af639b178e50	1075
5995ded2-7753-4b6c-a5eb-6af7009972d7	1133
599711d3-4eb3-4d85-a9ff-1c6db179a7ee	1077
599b5cea-22df-4513-b30a-30ebb810d91b	1143
59a14199-ea76-4b49-af97-dbbf8b8fd77c	1069
59a2d5ac-dcbf-4584-abe9-50dd68002b7f	1067
59ae0788-61da-4847-9e86-d29950662e4d	1067
59ae0cd4-928b-4694-85ff-5d9161c1f3dd	1069
59aec731-bf74-4c1c-aad7-2355f065a560	1134
59b4c5f7-4001-4916-accd-438cf7d4c363	1079
59b563b7-773d-4f6c-af15-8570f02e60d2	1139
59b8017d-c267-41ba-a138-c4a6036540a2	1074
59ba6d79-ad8e-44ab-bcc5-972eb39f00d8	1127
59ba8728-353e-4038-89d2-5800b5861196	1141
59bb42f7-61eb-4777-ad07-c2b9d5341ec1	1134
59bc468b-4445-47d8-b94e-d77cf74c3f44	1136
59bfa552-bfd7-4857-bb9c-30738aaee21a	1128
59bfe341-0d77-4c19-961c-a30464292b04	1119
59c08655-5acd-46fa-a48d-e4354351acc1	1086
59c50215-93cb-4ee1-a035-b227179556dd	1138
59c618f4-aa97-4713-aa0d-27809ca6566c	1133
59cdf177-4837-437f-9f6b-ee22bf6d1335	1088
59ce10ef-062c-4ced-8cb4-d525c2ff691b	1066
59d13328-f339-42a7-b84a-b2574851b5a1	1131
59d19c59-72b5-49e2-946c-d91a1f008eb9	1072
59d4613a-0571-4cf1-8fce-6286bbb8cc7f	1063
59d8ec80-4c00-4f39-90d0-eebdcfeabe0a	1083
59da537a-2357-4cf6-8b6e-88fea9563adc	1076
59dca41d-f380-4392-b5d3-a6b92acd6169	1088
59dce90b-0202-4466-b882-3f0b578834a8	1128
59dd35b4-e065-4280-be8d-d5213aa645a3	1135
59ddad13-cf73-4045-8db1-cb17d8cc45b4	1070
59ddb915-da8c-4705-b55c-1d1144ebc089	1145
59e1afe5-dcb6-47a1-a800-912f6157e6b9	1141
59e1b73b-3606-4a7a-99e9-4de890c16d75	1132
59e1ee29-4554-40cc-986d-f191035723f7	1134
59e5354b-2bfd-4ee1-84db-4913a0139b60	1139
59f3d41f-6719-407f-b9b1-d251397e9b90	1067
59f648cc-81b9-4ab0-9e83-ddf73e444725	1117
59f9b66a-40cf-4bfe-90cd-227f2b9cb1f8	1134
59fcf27c-4e48-479c-aae3-b3f21102fc54	1132
59fde6b6-5c8a-44ae-b22c-f10e866628af	1116
5a004bbe-99be-43ec-a595-6aca979dab00	1069
5a00fbdb-bf2b-4bef-875d-7e04ecc12006	1140
5a014e86-3e2b-4102-9d82-45ce8fdb0f72	1135
5a077f12-dc2e-4541-b01a-7e6b366c553d	1134
5a08035a-3db2-4d06-ba71-29cdbe2e14b9	1071
5a0b0a20-3f0f-4765-b533-74b234520933	1065
5a0bea85-3cde-43d1-ab53-aa8b35dd042c	1153
5a0fbd72-99b7-487d-ad69-766a3af8dd70	1152
5a10d585-ef02-4d73-9617-435bbbba4633	1131
5a128839-72a1-478c-b1bb-d199b489f624	1071
5a12ac52-cf4c-4c0e-a307-6bfd01d68c1f	1067
5a130b7c-748f-4223-8d81-30ee295f6e54	1135
5a13da7b-ee8c-4ad1-b780-e92335e9eb08	1082
5a142863-7839-4da4-bd2c-dd08b47ef344	1068
5a16a127-f21c-4b39-892d-90f4e8a16c24	1133
5a1822a4-b960-4bdc-bf8d-3afe6a1ba4ff	1145
5a1b2f83-c962-42b4-941e-44307b867c72	1135
5a1dc262-8f42-439c-a91c-c3fd8640a4c2	1125
5a22c2f6-4450-4599-8858-8aea715fda0e	1137
5a2e6705-b6bd-4d22-b85b-1470661182b9	1136
5a3206bf-b051-4805-a7a0-f96c74bfdafd	1078
5a326c67-36fa-4435-81c3-66bca03c689f	1153
5a35308e-ce13-455e-a22f-64629ec65023	828
5a376635-65c8-414a-acf0-34a1ea9c3aa6	1130
5a38f561-7d17-499f-93d3-cc83860b2808	1094
5a39cc51-24a8-419e-b510-c16a2baf370e	1076
5a3f3b44-fad2-4e78-a99a-d1f11742b44e	1121
5a3f8f42-7a53-47a7-8270-14614ff7f7f2	1136
5a403577-7e24-4afc-85bb-4b5ec51f8eea	1078
5a416032-07d0-4a91-a40e-47afd8a42d51	1073
5a4350e9-54d9-4121-af47-9c41a3259fa6	1066
5a45ce9a-8fb1-481c-93c8-edc1761af8ec	1153
5a487224-dd9d-4c20-aa11-f51bf2355cf9	1114
5a48977b-7971-4faa-8cdc-fae2430e1787	1066
5a4ae453-9714-409b-9ead-52707932e300	1079
5a4cc467-2890-4b31-aa44-01ff324273da	1139
5a4e498f-5afd-4817-bfd6-6b1f5e1e4c55	1134
5a5069fc-00b5-4fc2-a13c-138f12c0b016	490
5a529b20-b083-4146-89bd-989ac1ba9384	1125
5a545829-e634-4f81-9ce9-416b50ed2ac4	1113
5a5b5847-7da1-47aa-af29-39b8b4fc5ead	1086
5a5ba36d-f60f-4d39-ac78-e6bc48841b34	1077
5a650d60-37d4-4b7d-a704-57082c5e7b45	1066
5a6b3189-f3cb-4773-ab24-265f3b251e38	1137
5a6d7795-47e7-423c-921c-566330165120	1076
5a719458-496c-4fd6-a188-9962f3a17010	1527
5a72c676-e3c3-47f4-9f9c-4c3ba9acd920	2046
5a763154-c8b5-48a4-ab38-e1cb41739a80	576
5a79f0cb-f0c6-4170-9c87-3ec5a80e67a7	1156
5a7ac3a6-80ba-4f0b-98a2-c74251a4cd8d	1136
5a7ae486-4214-460f-ba63-9c4629bce115	1131
5a7e5f84-8d59-41a4-aea7-bfbd30326a3d	1072
5a8063a2-6204-47b4-8a31-56dc73a9c974	1135
5a8441a7-8312-4e25-9397-0260bf92c631	1074
5a855dec-a00e-4d6e-9f0f-cfeec51e5060	1160
5a8630a3-e021-4325-bc3a-4d2f57c01834	1128
5a8885e2-b280-4d8a-aab2-43f8ebeff3d4	1081
5a95bdc9-18d9-4694-b4b1-fb4fe8618d34	1117
5a97b4aa-fc84-48a1-b85c-e3f1595fd79d	1073
5a98d6b8-ce1e-4000-9282-37b63418c08c	1146
5aa793f0-2939-4716-a10a-713865cc5532	1135
5aa9bf98-56de-4024-b01e-66230cdb0c67	1127
5aae4da4-bad3-4627-96d8-8a682f4ae335	1075
5ab59033-7601-403f-92ba-af1ae7b85df8	1128
5aba3982-332a-45f9-ac2b-5717031248b4	1135
5abac27d-9629-42b8-ad7d-12fec496d5a2	1139
5abbf850-c57c-43f3-bd72-4208efa98ed0	766
5abd2694-53b4-4b38-b16a-553d43bc9f7e	1073
5abe7e25-76f5-4552-aff9-88665665b2c6	1161
5ac1ffef-ca32-4003-8e71-ecec6c766fcd	1126
5ac2651d-2801-4803-9e91-6c0f02d06737	1065
5ac44326-4121-4e86-8da5-fffffa9073c2	1135
5ac6bc64-e778-49c6-bb31-a6b3adce8813	1068
5ac72c82-668e-496d-99f0-de4a9ea832b9	1125
5ac86b13-ee9d-4235-8e12-83e7a318e78b	1136
5aca1015-fc60-498d-9b24-f9de92eb3fe2	3220
5acc8949-bb9c-4cf2-9d93-46167f55f110	1071
5acd377b-399f-45a8-8792-63ac3790f59f	1066
5aceada2-3947-4885-b81a-991e89cdca54	1155
5acefee9-e915-47d8-b9b1-8426102b442e	1124
5ad26453-2599-40dd-9662-2f221b349f22	1124
5ad43e4e-3155-43f0-8e84-87a9b908e9f3	1127
5ad538aa-95d3-466d-9f2e-58783eeb2d64	1062
5ad80821-aaa9-4b69-a066-93b2ebd4f3ee	1081
5adb9bb3-7425-4da3-9045-a4added31f6d	1139
5ade35aa-3959-4e00-ad90-476d5a9bae54	1057
5adf47d1-7620-4cf6-a837-a3597698bcb9	1129
5ae18740-9e93-4acf-977e-3462ff4746a0	1068
5ae19de5-fbfb-4379-8376-3da6859a0a36	1136
5ae225ce-f670-4890-9556-2809d35b451f	1130
5ae73fe9-bae7-47c6-9108-1ee8960b1897	1135
5aed4d55-69f5-411a-b83a-d1a87203bfc6	1071
5af149f2-83e3-45e0-827c-e6eee16e102f	1109
5af67c68-5496-4228-b681-0829fddf60a4	1072
5afb146a-222b-4522-be36-65b6d37704a2	1132
5afc1c55-4b9e-4a3b-afaa-cc866d55a1d8	1140
5b004041-12ee-4872-b71b-c295b0aee081	1141
5b042a74-0561-4039-a0b8-c71a13dd3cd8	1075
5b06e51a-75a1-4bc8-a916-5177da48d5d4	1118
5b0cb54a-601f-40fd-8035-ee395831bc34	1134
5b0e4e83-47f9-4ecf-9cc2-6357f899b352	1117
5b1060ab-8993-4fc1-a728-0070575ac01e	1072
5b144337-3ea1-471b-a470-70314067920b	1134
5b164213-81f7-427d-b249-2bda4bf66df0	1132
5b1761d4-9c20-4f88-b567-940910c1e955	1130
5b183fcd-c2b9-42bb-bc43-e9041c85cc01	1075
5b1af2df-4257-4b76-a0b5-d7ef469408c5	1141
5b1cb405-6159-4238-a1a9-bddded453ed0	1133
5b1e9636-14ea-4512-a94c-b7ef275f056a	1095
5b2558a5-1e28-4f4e-bafb-da51ad223e17	1135
5b25bf34-dad9-4a15-a439-43df29f8e236	1070
5b27ca4a-a7fe-4b0e-8c95-1b551258be10	1142
5b2a6bb3-13fc-441d-8269-1bb0aed8dccd	1125
5b2edfed-1cab-433d-adba-fc17371e91a2	1125
5b34556a-12a5-4365-acfb-0aa64c9911ed	1120
5b36ecd1-4705-47d7-b64f-9b7022ca34d8	1073
5b38b7c4-c7a4-44e1-a43d-477b1cdcbc11	1063
5b391f4b-ddc1-46b5-a21b-27c235d5393b	1129
5b3c0a43-3214-4d4f-95a1-2e25b4e2b5d6	1089
5b3cabf1-72c7-4e6f-a8dd-9f851622a549	1126
5b3cf0af-1c61-4281-9116-03d00651aa68	1077
5b3dd548-b435-482d-8015-f9d41319c268	1152
5b408804-94e9-4755-9560-ade56b252a51	1130
5b416d6f-01f4-4cfe-9e10-8c7ea2ff82aa	1056
5b42a6f5-aab6-4c90-a67f-9f73c6c6e353	1131
5b444ef5-15e3-4022-9a61-4f0454425d9b	1140
5b482c01-e63e-4e11-9bf4-5e7673472df8	1109
5b4ed8c3-eae4-4bd5-86c0-443cef8a10bb	1053
5b4f2a0f-b183-430c-82c3-c93f1d518e72	1133
5b4f32ec-241a-421c-84e0-cf1be1d2900e	1060
5b530017-0101-426b-9309-5b4fc6e4ace1	1076
5b53ae64-4030-4a97-867e-316104e30775	1138
5b5a493c-b147-42da-a33f-887480b95bc3	1064
5b61b7e1-1d2b-4cf7-93e3-641ccc068e3b	1056
5b642c96-1e03-41d3-8cab-038ccf10a434	1109
5b66f8a0-4338-42b7-86d0-8d4de06007ca	1130
5b6a28f6-5201-40cf-b9fb-dafe5df91387	1136
5b6aab05-7117-43ca-8204-97e013d6ae8a	1095
5b6c1ed1-1e4d-4423-9257-913eca10eaa4	1080
5b700639-4a53-4493-b583-f4da4be2c6c8	1158
5b709284-cbc3-4714-a429-c2fc3b64d138	1128
5b718c49-3d9f-47ba-98be-da6bae6f5ddd	1113
5b7b4841-7943-4e1c-9a07-5a47a06e2d96	1070
5b80335a-d5fa-415b-bee7-2ae741c55de7	1074
5b810954-2739-44f1-b8bc-5d87d0c42556	1079
5b82741a-6bbb-4edb-afbf-211c07b013e1	1075
5b84f351-a5cb-4169-b2b5-9f1fa933d16d	1078
5b8a279f-74c9-40bb-ab58-771194f68fad	1137
5b91738d-02c8-4d31-ba8c-48d8f424f32e	1145
5b98261f-8b87-48ab-880c-f4474285c85f	1135
5b98f94f-35e7-4284-9d82-13fe0829141e	1079
5b9ba71f-9133-4f3f-bc16-30fe9a98adf7	1154
5ba1410d-ed0b-4b29-8770-4c77a5381e12	1067
5ba35ca3-c4e9-4311-8df9-5871f540a5f4	1072
5ba7a170-b7ad-4024-933a-f7475327875e	1120
5ba8c9ec-4b40-4e16-a96d-abbdb91e1d10	1073
5ba9bb8f-f137-45ff-889e-6784e3ce2763	1134
5baabae2-3763-49e5-9e3f-9b9e2bd41c59	1135
5babbead-4279-41dc-8f47-11b74b21033e	1072
5bad69dc-12dd-4f43-993d-49f12ddf59e0	1129
5baf3a70-8fde-46dd-b893-6462ebfff88f	1077
5bafedaf-47c0-426f-a4ad-c18cb2810b90	1129
5bb1b88a-d6db-4915-b89f-850b6c07263a	1127
5bb9aacf-13a1-4fc0-a8ff-9a0bd674f2f9	1072
5bbd23fd-b1e4-4a17-b4e5-05f3c7dccf36	1076
5bbe05da-6f01-434f-b39d-64c8106e06a2	1075
5bbea79a-8e8e-4ebd-a645-c23b1a92f617	1118
5bc128ef-2acd-4d54-bd3a-87f34fdbfd42	1071
5bc24143-e591-4323-a97d-e9e2fa390543	1147
5bc30250-d0de-4daa-b84e-9d72ef60556d	1072
5bc3ca75-3d3a-4cdd-92bc-d89bf19f10b9	1071
5bc5d7bb-1d79-445c-afb3-07c00430acc8	1068
5bc73efd-0cba-4c0f-8be0-4d4cf2f2a384	1138
5bc8c849-06d3-4b7a-93bc-ab68b915a6e7	1080
5bc9522e-1dd6-43c8-aeb9-243b8bdda30f	1064
5bd4bcff-fa51-4266-b30a-d2523f3ac32c	2066
5bdc17ef-0e29-45ee-b3cc-6840c56bbfd6	1128
5bdfb5b9-0cd1-424d-af23-00c0b08eaf6f	1142
5be7f5ad-0347-4467-9ef5-4f6fb71c101c	1140
5bebd2d0-28c3-489e-bb5a-d4025d7d6af3	1078
5bef9ee0-a29c-4426-a148-34893c733f79	1075
5bf0359f-5833-47db-85f1-a88805ff6d92	1130
5bf071c1-98b7-4bf4-94b4-f5571e3d602d	1133
5bf11910-8dd9-49ef-94fc-b18b2574277d	1971
5bf25d0e-b11b-4503-a509-7fa9d567f0c7	1152
5bf42e8f-7635-4396-8ad0-df6da6e4ca2d	1136
5bf44fbe-689d-4eda-a0a8-ad8cdc7605fa	1093
5bf9b717-09fb-4c43-871b-762bcaed620f	1073
5bf9bed2-e9b2-4a68-a0ce-4e356278578f	1135
5bfdc3c5-e861-4c8d-9a2a-c347454ae32a	1128
5bfdfb66-9f11-42b5-aafe-be6b4ad355ff	1137
5bfe8981-0349-466a-a077-92fe31c81c5b	1074
5c033602-d1dc-4f33-a92d-2978c4118200	1142
5c040360-ff70-45b1-8611-276d52d08ecf	1074
5c062e8a-3f61-41e8-aaeb-f093eae55943	1160
5c0d0038-dd72-40a2-9dc3-bbb7e22d3951	1062
5c10d2d6-70d8-4430-a171-46dea1f4ca72	1136
5c12c16b-795e-4b9a-9d2f-a5ff460ab7cf	1127
5c13ab56-3592-4c13-a502-9d8e841e138e	1141
5c155311-f056-4b90-be9e-ed43c569ed9c	1077
5c170801-776a-4f6e-9d0f-9f239ace5b40	1139
5c179729-ecf2-48c3-8597-fd09d2fa3da2	1133
5c17cda2-7dfd-4457-90e6-ac0f91aa21b3	1141
5c1b1728-174b-4471-b84a-43782d6b4508	1532
5c1e1da8-e996-49ec-a9e0-a3fdb99794f4	1152
5c1e5f30-ec84-4397-a7c7-88d437200015	1071
5c2053cf-00fa-477a-8637-0093f5b4b08b	1130
5c234ec9-0d29-48fe-833c-94bcef3cd6ed	1079
5c2700a8-9e38-4dac-9b94-57f7f96452e0	470
5c28abb3-6da1-4243-9292-1a690fc2f0fe	1077
5c2dcf4b-8df2-44ef-a401-9377efaa41d9	1105
5c2eccfa-2252-4797-bfb3-4f93f05313b9	1076
5c337269-6270-40e9-a8c3-77dabfae69cb	1133
5c39b337-abaa-492f-a89c-6a6b4b49135e	2174
5c496b0a-737d-4371-b342-65154f47173f	1132
5c4c8c7a-253e-4089-bdd1-7001f80610b5	1137
5c50408e-6ed2-411d-9af7-99a44b406c7c	1148
5c5406eb-62a8-4639-8860-509d9d6a34ac	1125
5c58aeea-006f-42a4-87b4-761bb30c13f6	1132
5c59197e-0a36-4682-89b8-9308243bb3b5	1094
5c606762-780f-4c43-a345-ce01441a6ae0	1137
5c60ecf2-0c6f-43ce-ae0b-c985e6284510	1133
5c64b1d8-278d-40df-b419-6989dbe7f67a	1074
5c6ba675-54f4-4014-a704-3583d483cdbe	1094
5c6cf1d5-bfa7-4a26-8ad8-c08cfed66323	1074
5c75b7b1-fb8d-4c24-8e43-22de8eedb615	1145
5c7b801a-e021-4d59-8642-e9fbb3904d9c	1118
5c7e9ba9-2d66-45ee-b69c-b1554ac76de5	1151
5c80b0d1-bcc9-46ac-90c0-36c481fdf1a9	1071
5c83fb8a-f6c9-4e93-b97b-82ba7da6a310	1130
5c87b61f-3971-4d0f-a53f-f8656a1c9de7	1098
5c924845-783a-46a2-a633-832c6b16325d	1079
5c9911ab-af70-4a1a-a7cb-424f07d90df0	1088
5c9cfe4e-b577-4684-b905-fbd0a731958d	1134
5ca87e4c-74f0-425a-ad01-bdde39a3d6de	1128
5cae4904-1efa-4c1e-a423-fb6a9af97ab0	1090
5caf92d5-5fa5-495f-bda6-f75fc80db6cb	1072
5cb00e7d-2812-4b74-a3b0-76362121ef88	1130
5cb154dd-31b5-49be-996f-281b01737d62	1120
5cb1faaf-d688-416e-be74-5eb16fe41161	1136
5cb2ed2a-bd80-4aa7-8db4-2660a9765b12	1072
5cb33e64-07eb-47c6-a1f4-d0feb46812e0	1135
5cb77151-0003-40f4-bba1-017a720a0a51	1154
5cb82def-b512-486f-b2f6-27abc9629e94	1076
5cbbd29e-a25b-407d-bc53-c534af377e65	1067
5cc93dc0-e3d1-4e6f-98ea-bba3ed280a29	1092
5cc999c3-c0ab-4fbb-a33d-90e8fe42c7c8	1138
5ccf8187-13c2-4afc-b85f-754c896162ba	1124
5cd1eab8-8141-4ab7-9bc4-9c4fe2e07744	1187
5cd272c3-eb3d-4de4-824d-5cf72c183066	1148
5cd30643-c192-4c82-b569-e125f9b41e88	1136
5cd44b91-19ba-4fef-b020-40a6a2c3d5d6	1129
5cd50648-436d-476d-b1a9-8dc14691ecef	2082
5cd6888c-6b46-49a9-a750-ae9b059de07d	1126
5ce0b159-0f61-417f-9f9b-730e548b8368	1133
5ce1926a-4bc1-411e-87a2-b32fe40a9e52	1140
5ce3fdd5-7043-489d-aaab-b77a30056afb	1128
5ce7cdc7-70ab-44de-ae0a-79048c2f75f3	1078
5cefbaf6-d8f8-47a7-84c5-f20a6babc2a3	1082
5cf1e838-8bbe-433c-bfea-a25259610329	1133
5cf52298-c125-47f5-bd0c-931de8ffbdc1	1073
5cfdcf59-7ee5-43ea-ab80-753effc81e56	1136
5cfe1485-18fc-4b24-b3d1-03a94ba7e3a2	1074
5d02b6b1-5926-4653-82f1-3f1bab105c01	1067
5d10f7a9-946e-4740-a003-b58e7184537a	1081
5d11fa8d-dada-4b50-9c9d-66d05130f69a	1131
5d12082a-35cc-4ec1-9685-11e35cefef71	1138
5d1412e9-59df-4606-b2a7-20a185b267dd	1131
5d14ba77-91cb-4ca0-9276-630a34db6266	1125
5d1af143-0bf1-4dc6-a49e-51ca1c5ed018	1125
5d1c76a9-2b42-493d-85db-b0574347a982	545
5d209434-549b-40ee-84fb-45644ea08f37	1137
5d2111d1-7609-43fc-9673-dce68c41a62a	1129
5d2122c4-1fe5-4f1f-a393-9525288a42c4	1132
5d2323cd-3e48-4545-82a6-0d13cd0800f6	1132
5d2d8536-7ad9-4e4d-9426-3ea93d408391	1067
5d2da597-3649-4d20-9151-2f81d888fa57	1138
5d322622-2e7d-481d-980a-af323974051a	1066
5d3c203c-2586-4910-93fe-eacac68846e6	1068
5d3ccfe8-6dbd-4a45-92c6-d85ed418748c	1129
5d412648-e341-40a6-b609-5b752c90f42b	1133
5d423e81-3811-47a4-b8b7-340751dbb331	1070
5d454e62-15c3-4ff2-9045-7b50975936dd	1915
5d460c11-7810-40a6-a5ea-014c848f2bd8	1129
5d4ee8a0-a3d6-443c-98b7-3c4b3d2ffb27	1141
5d51593f-978e-4c0d-817d-6ff43e16c431	1096
5d54d9da-6935-4424-a984-51f804a7de95	1156
5d5bd44b-0b0e-4d94-80f7-b9b9bd073e4d	1068
5d606adb-a74b-484d-8204-be2541235328	1135
5d60cf16-3eef-41f9-9949-31ee6dd3d991	1076
5d6a9029-d1a0-4bc1-9dfe-0f8297658674	1144
5d7506e7-cd14-4ee0-af1f-064ba68ef65e	1071
5d822b82-6064-4141-97eb-4fcb1f3be93a	1241
5d8c0f6b-2358-46b9-bf84-7bcbff64c5d8	1156
5d9069cb-1ec2-4c4a-a54d-d0a50a19052f	1168
5d965730-d491-4132-b6af-fde6064c82cd	1076
5d970610-8130-47a4-a693-c68b3ed131fd	1071
5d97cc00-15bc-4baf-9dda-fc47e6f338d5	1079
5d98131d-807d-4e7b-920d-8fca441453bd	1142
5d9d48d4-8e32-4d12-8e39-e5e2f8446a1d	1123
5d9e9e24-b5c7-495c-ba88-8f1979885c98	1138
5da4f97c-4304-47f2-b869-e95ad3b50075	1075
5da527fa-f937-4691-8d8b-9495cb2ced03	1132
5da62bb9-d169-4740-9b99-9882eb11ad0d	1144
5daeaa41-d7d4-43a3-a910-99f11a29b22a	1133
5daf88d4-5119-4fb2-8cbc-ffefc6c3df5d	1111
5db0ee3f-bcfd-4ee5-880d-25afb9328ddc	1145
5db865b7-98c0-4edf-894d-1d0a2fd5f86a	1082
5dbaf71f-88ed-4700-a60f-6da2b86b18bc	1073
5dbcb2b8-39c4-479e-a572-895d8981da90	1068
5dc12e3a-40d3-48aa-87dc-c1e58ad4f636	1130
5dc67f16-6e26-46e6-acea-5aec2849f263	1130
5dc98812-747c-4efa-ae4b-e57ddb8906ae	1111
5dc9e07b-d44d-4671-be27-6e5562ee6940	1898
5dce63bc-2096-453c-a155-d590898fbd82	1134
5dcf9386-7c08-48ed-b563-4b56f74b35aa	1149
5dcfda69-456b-4500-8ffa-906dc9b29299	1127
5dd2627b-0d0f-4f67-ae10-c1fabf956776	1085
5dd9d73d-a9d3-437d-b06f-b42cc84f3d69	1118
5ddb64de-aabd-42b9-9509-534bbdeed859	1123
5ddd1a0a-28f8-451e-b979-f4c29889b0bd	1138
5dde5f28-bec0-4a12-a602-14f7f9715ae2	1136
5de42c8c-ad2e-4fbe-85bc-a8672f545c81	1057
5de97b1f-af3a-425a-89ab-80e8f6e26bfd	1159
5deb5661-1421-4089-900f-4e4b9b0e4eeb	1071
5dec3d12-8e8e-434c-bc2f-78424b0c15c1	1125
5df1196b-7539-4583-b337-32beb4ff4a23	1140
5df470e3-3bc0-4453-8ff6-4a69b34d391a	1067
5df7b25a-6772-47c9-8122-d2e3129c67bc	1120
5df8f664-9b89-473e-95df-885d46951d76	1141
5df953c7-138d-4528-b87e-9c2890d920c0	1133
5dfa1293-efbd-405f-8f6f-b42d1a442170	1134
5dfc7077-fe32-4d6c-8914-a289fc782037	1070
5dff8b6c-5002-42f4-a82f-d3585d863209	1129
5e00e1c3-81d5-4936-8844-114474c41118	1113
5e056362-6822-4e13-9dc0-2a5e7ebf8ab2	1070
5e07f1c0-329b-4bb1-a8a5-dbfcdb4d0767	1139
5e08117c-b15e-411f-af0a-812587b9862b	1132
5e097ebf-0238-4ac2-8848-5dc67fd0c00d	1129
5e0b6eec-e0d3-4e3f-b1ef-08b8f01225df	1070
5e0be0e9-10a8-4bcd-977f-ac383567ceaf	1070
5e0c4079-b2a4-4cc6-a94a-71dbd148c99c	1131
5e187abf-6e83-4d60-b04a-cc3f48b76f23	1139
5e18ba25-7cda-4a14-9601-81088c413fcc	1130
5e1a9e70-eb89-4ef2-a0d2-61ba55d9e564	1072
5e215be1-43b1-46bb-82dc-d51b6290d24b	1829
5e21f1ea-185c-4928-bb89-d0cbc73400ac	1138
5e242c7d-279e-4439-8170-35ba0e155a25	1094
5e24fa2d-41c4-405b-a19a-68f64fa8f58c	1024
5e2f2a05-f06c-4a8b-8c9d-6d10fd763624	1088
5e331155-26b1-4e78-a1b4-d3c2f0b1adb2	1130
5e33557b-700e-40ac-9967-7a329a36e3c1	1117
5e3468ac-5e7a-4ecb-b528-071ff210362f	785
5e399dca-5946-489d-9658-247c122856c3	1163
5e3a625e-0bea-479c-b114-ffb32d72f733	1135
5e403a20-30e0-4d33-88b3-6da8ded021eb	1132
5e44b8e7-7466-49cc-ac2b-3a087523f2f9	1138
5e46730b-76a4-4cd6-ad39-1cf380bb4f91	1098
5e4ba4c9-7816-4b66-905f-111c70f43ce5	1142
5e53d347-fcf7-43b8-a9bb-96a5734adbc2	1079
5e54cc65-8f7b-4570-a0e2-a015db2440e0	1078
5e5a0cae-1bfa-4fcf-abb8-030a78bb20a6	1068
5e5a3bdc-22cb-4bb8-9b40-de9a7a8bd391	1079
5e5ace65-d44c-4391-885c-df60dbaa1a83	1081
5e633656-244a-439b-9875-bc844d3fa30c	1138
5e64000d-d671-44e4-a241-8335e44111b6	1077
5e6689d1-a762-4eb4-b4de-93c0b9490be2	1099
5e676979-01eb-497c-b0b8-870a3df2e33b	1112
5e6c8fdf-0888-41c2-961e-f4c28959466f	1133
5e716a7c-745c-45cb-8047-71b6bf467e33	1154
5e745e5f-ce07-4e15-97ea-4e721f653776	1097
5e798ea9-fed3-44b6-a8b4-ad3ad9836384	1137
5e7a35f4-d327-46d3-9693-15333fd222c3	1142
5e7d5ecd-d853-42d9-87a8-6f22fa511d37	1136
5e87036c-e24c-4ac1-86b2-72ce8071e120	1068
5e8bcbb8-452a-426c-88e4-4a4d56e4d661	1096
5e8e0f19-a265-4206-91b5-8460f11ceab6	1129
5e8f7e9f-2459-4edf-8338-b1fa56de8c9c	1073
5e90422c-32e2-4ff5-9d1e-78641ab1b7bc	1860
5e90ea04-4f1c-4258-8fc6-1a4858f82bfe	1142
5e975000-566f-4827-85e6-fd06d8a28eff	1126
5e9aafe7-10fe-4a0c-98d9-3b7899462199	1073
5e9b1eee-72aa-4a86-b3f6-b44d275268c3	1068
5e9b4a2f-c0f7-4edc-b1d7-6a1fd5dd0416	1134
5e9b90f1-d2dc-4270-bc5b-a546e09ead3a	1131
5e9c3643-397d-4948-a6c8-a0c4fe4cc070	1092
5ea20b9a-8206-404f-8608-90cc072f772f	1101
5ea6026d-190b-4d01-887f-cb93b70f9829	1154
5ea61071-bace-4412-b1d7-143351489d59	1077
5ea6927d-8359-49ed-9b25-474381ed2b54	1160
5ea6d39d-0da5-4998-85ee-8c92270af5dd	1146
5eab185d-84eb-4caa-9213-30531162eefe	1094
5eacbeac-920a-4a93-9268-7672f2a0613f	1147
5eb18c5b-b765-4163-9013-737cfdf4ca64	1133
5eb2c204-f93a-46ee-8b6c-cf24e4cb8364	1070
5eb3dcdc-299b-4e60-bb72-dcad286cd0cf	1073
5ec228fc-cdb4-4bde-b531-9ddd6162ac4f	1097
5ec3a0b1-ffd6-4fd3-8283-b34cc5c1b5dc	1134
5ec3f41d-58ef-45ad-975b-3ff00f841cc3	1151
5ec53109-49a6-4876-b925-2f105b67a30b	1068
5ec978b4-2f22-4001-9be0-ed1b2f65e37b	1105
5ed2775a-1802-4bd6-b72e-6154e8206a92	1924
5eda7345-b1f5-4a3e-8971-5405880b783c	1129
5eda8e08-cc66-4854-8d9c-bb651891d827	1131
5ede89e9-57ce-4c6a-b09c-f72b66c90012	1128
5ee03049-6da3-4856-80b6-99757772795a	1074
5eec167c-d64b-4cb8-a713-08115c1dce78	1140
5eeec3b3-e929-4f84-bf32-b4cb51dad4d2	1073
5ef0895c-353a-4a58-ab56-9f3ff2fb6cff	1071
5ef4fe24-cdf7-4f3a-97de-93423bd22e14	1071
5ef682b8-228a-4a6a-beae-5953b6a554fa	1135
5ef855c1-4ebe-42b6-8555-4f12aff95289	1132
5f00d9ed-770d-44f9-97f9-70924c067120	1068
5f0111ac-3be9-4d73-b551-c44052d65aae	1096
5f025add-b769-467b-82ea-22b86803f632	818
5f08f987-777f-422a-b2e4-2b57b4e0da32	1136
5f0ed31f-d3fe-41f5-939c-11aa042d93a1	451
5f17195e-48e3-409c-82e9-e5476affdc6e	1134
5f1781c9-388a-43b9-bcf0-4c1ccf2e37fc	1132
5f1a45c6-d7b1-4b4e-8c0b-5d8ea3200b6e	1070
5f1a608d-bee9-4897-a11b-46747dc56ae1	1156
5f1d120c-84df-47e6-b41e-5c1c44bfb7d3	1125
5f265846-908c-405b-b09b-575cb0281ca0	1129
5f2e5b4f-b398-4fc6-9e5c-189220a45a30	1070
5f3221a3-8a85-4f58-bde0-da175eb2b362	1074
5f349f98-a32c-4761-8bd4-b8fff6ff36f5	1077
5f34e2bd-00c1-47ce-8097-822092c2265f	1079
5f35a40f-7eef-4b6e-8b4f-da764999e91b	1073
5f377d3e-effe-4666-95e4-f71e1ac547d7	1066
5f37ea38-c10a-4bc7-8604-3661883e6ea6	1162
5f383044-ec8e-4034-803b-facbf35454a3	1073
5f3a32e5-7818-454c-b977-91cc17010df7	1137
5f3d8b67-9d55-4aff-a624-fcd41e53f587	986
5f421def-3099-4295-9100-9537ead8d1f6	1069
5f431098-2439-4ed3-bbe1-865687e0a46a	1078
5f47190b-e131-4b23-b494-71679fd84a53	1139
5f4f4ceb-4793-4731-8db1-6b25735cbebc	1065
5f507ed2-399f-4652-a1c6-9d2d87776b9f	1159
5f533842-45f5-4327-9ef2-d02f84f0dce6	1130
5f57b2d1-31d9-42f7-a3e6-30d0b318a1cc	1140
5f588729-99dd-4d72-b240-50c6c2c064a0	1048
5f5922eb-6cb3-46b6-8356-d5f772f99dd4	1138
5f647f83-8bc8-40a4-9e07-15c78d777853	1064
5f665632-f0fe-461c-8caf-02c4b7ca1755	1130
5f6912b0-f755-4608-9674-231b5db2c784	2153
5f6b8673-9e1d-44a7-a06b-83c46ae3bee7	1128
5f722fb3-4d03-44ae-b879-98b5645aa49c	1074
5f80591f-f602-458c-8e49-05d4bbfb030b	1830
5f83b39e-c4c5-4204-b0df-28797e77ed56	1148
5f841b37-4991-4114-bde8-9248711a9c96	1069
5f84b44f-acb7-4892-ab55-a3ab08fed5eb	1139
5f885621-e0fe-456a-94ab-02a1d3a23155	1135
5f8c2a07-c247-432c-8351-d1254598a9a2	1068
5f8ee2da-cafd-41ef-951e-eb7538a590cc	1141
5f916735-c2d4-47be-8ef2-a0567078226a	1092
5f93c07c-0bf4-45be-a454-7ef1388b6136	1072
5f93efab-ab10-4f35-9ef8-d6f17c560673	1136
5f9b46d3-9639-4267-ab9b-94653a66fbcd	1150
5f9c16d1-37b0-45e9-879a-82544159a0bd	1188
5f9da75f-84de-4e31-ba32-134b51cb9758	1295
5faa3ff6-1ebc-4aaf-8593-7a1f5965880c	1068
5fab7608-b0f7-4a04-a2a4-0ea83c5858e3	1092
5fab81b3-98ae-4109-961d-857e03255ce3	1060
5fac27c5-11b7-4fdd-987a-eaa9f9113624	1129
5faf16ab-e2d0-4947-a626-dd40fdc95b27	1079
5fb5574f-0598-4508-a54e-59fa0daa95a6	1888
5fb5ddbf-3da2-4740-adef-0b459f069b77	1879
5fb5e826-8e21-4183-8749-c50100a520d7	1130
5fbb0fdc-f6c0-45f7-8a0f-8a8ae1fec004	2021
5fbbf4a9-0bb5-4652-b2a0-fd8ac01fd56f	1139
5fbc1978-cdce-4c39-8a08-99abf60d3bde	1130
5fc03d99-5cb1-446b-87df-59852883d223	1124
5fc13610-43aa-42f1-a087-59f0cc759da0	1131
5fca432c-073a-491c-8c3c-8138a2c7069c	1068
5fca6092-e156-4c25-8d43-3a068d1eaf03	1139
5fcb12be-8c96-429a-920f-2bd8b98ec9e7	1130
5fce21b5-f012-4568-8df4-80c81f0ca32a	1097
5fd07242-a1dd-4499-b707-4402bfab8d40	1136
5fd88da7-eeb9-4d40-8754-77803d7622ac	1136
5fd945bf-8976-48c5-a8d7-0040393b2f19	1533
5fd9f30a-6f0f-4dcd-be9d-ee81aa32b01b	1136
5fe12638-aa71-468d-8f59-576414d780a3	1816
5fe1a54e-c0f2-4f3e-b39a-66a9e42b2644	1133
5fe28cf0-dc54-4c3d-bd55-e093c1bf9ea7	1075
5fe395de-6caf-4838-9de1-65cda40d86fe	1152
5fe7ef5a-c970-4432-b8e9-0ecf43e06e0d	1089
5fee7d85-d7cc-48f3-9b36-188459f8b91a	1122
5ff70552-c803-48d0-9384-da4ef6798344	1132
5ff76e29-df8f-490c-81c2-1755275ea49f	1133
5ff837b2-f26e-41b2-8561-943555a20a18	1083
600130a0-5d11-482f-a223-3ac0ef386412	1115
60063009-3643-4fe0-9e04-4ac5c6d2fe47	1075
60091096-728a-4aaa-9645-538725bcc6df	1081
600b0352-0d1f-4f68-ad4d-082528b494a6	1132
600ef73b-af0d-451b-93b2-fec9b8e44d4d	1138
600f20c7-4078-4f9f-873a-fa529c257afb	2118
60128499-9b8f-4762-bd0a-d23be2171b27	1066
6018a151-0a73-47a2-8425-579234e57a15	1142
6019ab71-8784-4b94-bcb6-f201880569f0	1136
601a5013-7a5e-4b75-b57d-e0b8745811fa	1077
601d4cfb-b8fa-4a6b-9ced-64c6bf648e60	1086
601fc9d3-90c3-4a51-9d01-c2c46a36f225	1077
6021dd61-7dec-4e26-976d-460433725845	1118
6028c738-cf61-4e84-a077-fd0c86225f5a	1139
602ad340-4fcf-4e2d-860c-452b92c8deae	1081
602b0f41-aef3-47c9-947d-e5f2e6c61bc8	759
602c137c-b378-48ed-998d-e55a7551efe8	1070
602df502-d754-4aa9-89fd-75ce8af2a6c8	1120
60311a0e-1d6f-4c41-8f57-db6ec251d8be	1066
60315d50-437f-4836-8a95-1cc752b3e9ee	1093
603a197e-6c60-4304-8267-c315fd157712	1077
603ab85f-94ab-4e17-a3d1-21e6a19c9b35	1079
60445fff-b063-4390-a227-600ece221199	1107
6046298c-ad50-4ddd-ba48-c9c96f06a08e	1074
604f6893-adcb-4287-820c-de37eb592ddb	1072
6053679d-1d10-4cdd-b4a7-973b2f618070	2018
60545b84-685a-423f-b25b-f2db6e604cd5	1074
60552659-73a9-4fc6-82e4-c58952e770ba	1130
60620f91-2397-4c77-9c87-cf6e5eccfdf5	1138
60638708-b33c-4545-9ecd-6e49e356f05e	1131
6063b5f2-75f8-44e5-9913-bdfbe5a34de5	1144
6063fb10-9f31-4344-a785-c06f259696a8	1156
6068074e-9ab0-499c-b986-1cd8ca91b4f5	1077
60683a2b-a6a4-400d-a1f2-51400882095f	1078
60688494-3d9e-4c69-be2e-e5886802bd95	1142
606a900d-690d-46f7-abd3-e0f91fda88b7	1104
606f1852-8e93-4530-8378-78284151f041	2010
606f9a9f-632e-4cbe-b3e6-13885c3a82f6	1077
60729b8a-4361-4128-b9c4-8ab532e5d593	1079
60784924-e067-4b32-882a-52e7d82be1c8	1074
6084eb54-1974-4bdd-a221-9139a4fa2283	1071
608aba7b-1295-48aa-b303-7b11fbd0277e	1160
608d51e2-805a-4069-8dc1-b6767ad3f960	1155
608df750-bfd7-4a93-91f1-69d08761d7c3	1081
6090a496-7acd-4642-a86b-733bf5dc8e97	1056
6090ca73-fb1d-42cd-95a3-22a1c742f5ac	1064
60952e1c-ca68-43e3-a4dc-9e0648391000	1077
6096ab8e-c037-4c31-807e-4e5ee6ad2ef2	1133
6096e2e3-02eb-4c5b-a26b-195488a24ad8	1108
6096f647-9c51-47a5-a7af-f41a178d58b2	1067
609a5c1e-985c-489a-aff5-7a53493684b1	1127
609e96d2-7943-4301-bd9a-d1b12a5f1888	1105
609eae02-d9cd-49ea-8e5e-21cd156c3da8	1120
60a08d21-00cb-42f0-994e-f06d21763f53	1068
60a5ccd9-f4eb-46dc-bf1e-e5d969530a7b	496
60a6dd82-db3c-46ff-b156-e0300206ab9c	1128
60a7d804-2515-429b-9aff-df5b11d21fae	1139
60a8819e-ad7a-42d7-9405-ed65ef0d24e1	1078
60a8de0f-99a0-4424-bf8a-4afb807804be	1125
60ad9141-0934-4033-ab45-cf10c62d1323	1143
60b1e2a0-ecd9-4b75-a74c-70377b56bc68	1079
60b54373-caba-4820-929d-75c374a13ab0	1135
60ba98fb-3856-4da4-ac16-752d5bbeea6f	1126
60baf4f5-2518-4115-8063-07aca69d380e	1128
60bd164e-00a1-4be5-909b-88d162e234b5	1870
60bedb46-8eb5-4e44-95bc-8291db7f0bd6	1131
60c37554-e59a-4eef-bad3-f05f6226bd47	1134
60cf157e-6487-4af8-8f51-4dd7894a1d67	1143
60d01d01-61c5-4452-9563-b76af41b7bbe	1129
60d3e328-325e-42c1-87b3-8024c52cfa69	1123
60d68722-c52a-410c-b847-0805ab817e0e	1126
60d84a73-082d-460d-87f4-d613db03f4a8	1133
60d9e165-b698-4656-889a-556ec37d699b	1901
60e1ccee-2bfb-4ae4-bc19-5645f65d0aeb	1132
60e279f7-a9c1-4a2b-a074-c2d6a2961081	1134
60e5b456-42c7-4666-ad20-37340493c1dc	1131
60e614b4-a4d9-41a1-8f72-66b9eaf6df5c	1082
60e84534-d000-4acf-a830-23a1b7926732	1079
60e93c20-67f5-4e5c-96e6-085a116546e5	1118
60e9a997-79f6-4b0c-ade0-3da5c50b6dcf	1131
60ebdaab-1d5a-407b-8031-9f46ac5f53ea	1072
60ec3fb9-8832-4321-9ce8-769815e0db72	1118
60edfe08-b8c5-4817-97be-b3455c3e30bd	1137
60f0961b-cd81-48be-92a2-574ec0552241	1127
60f26cd5-99b4-43d6-98a5-a1795edd90df	1071
60f55664-ba47-4d87-ad38-f4bc835db9a8	1129
60f84eef-30cc-4636-aab9-f2232654d752	1104
60fca2a6-1e91-4e0b-867a-1fe6e78fa9d6	1089
60fcea8e-cd31-47b2-9d34-da1ae4f83d64	1139
6103f99c-bdf3-4f45-92ef-10c8be129442	1071
61085f24-e365-485d-86bf-bafe6a33f36a	1087
611118a3-31a6-4939-a4ad-7305d331ff9c	1072
6118f979-371c-47cf-8866-d4d01fac00b8	1079
611a9afb-03b7-4ddc-9064-6261f2df0bce	1065
611e1370-2bf4-4caa-9831-0a18140af0de	1072
611e881c-d4e3-41dc-a5ef-ccb0dd09fd30	1143
6121a64c-9066-48c2-86e6-3b5027892740	1123
61220f93-6fae-42f2-abde-f91e4d478fb2	1069
61234713-6f25-416b-861f-c5e89591829f	1875
61280ce7-ced1-47f6-a28b-80263dbc5853	1130
612e848e-a077-4627-8933-5148d0a1233d	1133
612f6d62-780a-40b8-85dc-eac681231c1f	1141
6130ad9c-eac6-42e7-a78d-8e556a9fc57e	1145
61339152-5681-4fea-ad1f-b54962c96c3d	1171
6134ef23-7fea-4fbd-82ee-54755a628d2e	1080
6135691a-58f6-43e9-b0e7-f553b0414149	1072
61396ae6-faa2-456b-b342-f4cf33489c24	1122
61402e29-7e7d-4350-8df2-58dd9db8c975	1131
6140bb99-4315-43e3-86c6-86f01be7c4d1	1088
6140f5cd-3523-4fd1-81e1-15245e82271a	1071
61410f62-d4a0-4d78-9cef-b4082c6feacd	1136
614370d4-2d7b-4ea4-99e5-645984612f3f	1138
6145b3a6-39b4-4deb-a11b-1d939ae5f8e2	1160
61489939-1e9c-4398-b5b2-6d387ecdc064	1141
614985a0-e397-4597-8a6d-829d90afbc8a	1136
614ae216-0d10-4bd7-98c4-5bd7cbc19025	1091
614d4a9c-0b6d-49b1-9598-e4d23b54811d	1082
615032c5-8607-4a87-a351-03247060b21c	1131
6151872a-7d9d-4044-9156-9c5ac1f94bdc	1089
61528b37-19e2-475e-9746-d417717c88b2	1135
615b9d0b-34bc-425f-acc9-cbab6a374923	1145
61673722-455b-4b00-aa9b-9601490d52d5	1121
61675544-033d-4e6b-9e1f-4e6e99518f9e	1135
616c7b66-38a4-4b00-b634-3c4ee37706b2	1135
616e83aa-52f3-4ce8-a8ee-93310ea3cefc	1069
616ea9a2-c793-4a50-a650-948149f7a530	1070
616eb56b-6ca3-4eb5-ba39-78c3b5989ee0	1065
61709b39-42b2-4301-8acd-50c6edec9996	1135
6170a2ca-39ed-4060-b304-716c1833bb44	1138
6170f0b5-3e17-4322-ba75-a567af695a77	1064
6171b192-be09-4002-b46c-f485df6d4e60	1077
61721f87-93a6-4513-8aba-00392169eecc	1147
61728b80-17a3-4be9-b9ba-45d319793f26	1157
6176e0fa-be8d-41c3-a71c-411e505cfd6c	1136
617b47c5-d3bd-445d-8c6d-b95252465b99	1061
617e5261-fe8b-4333-8237-5fec01b6c98c	1071
617f6e10-a900-4418-8aca-34fa9a03be25	1094
617fa1cf-ad33-4574-be14-0ee0920e8dd2	1068
61816c30-79d5-494c-8e59-679bfe3ad50b	1156
6181a1de-cec5-4335-9202-b8cecfbfab6d	1069
61823199-1be4-45b8-9f6e-b71625813983	1131
618789b5-6002-4f63-9e58-c5ca18c317ce	1138
618f03c1-9a8f-49a4-bc9f-8e8222f2dd1f	1126
61959122-0bc5-4886-b8c1-90542b6ca3e5	1131
619d45b7-84d1-49ba-a5f9-3c69c08e99d6	1076
619d60ac-89c8-4618-b685-138527c362fe	1130
619f0bd3-17ca-4f2f-8386-fd331ff20446	1073
61a0949f-4d31-403b-95c8-6c2b5f2d786e	1130
61a72fc7-ca19-41b1-ae59-954f8279a044	1135
61a8f6b5-e0fd-40b9-8360-863bb2878809	1067
61a9c82f-bc7c-4802-bc34-bd469631ae80	1132
61ab8558-dea6-4118-8c90-65f13d1cb1c6	1135
61ab9733-0cbf-4929-8607-cfa5fbd6b1d3	1142
61ad6850-9d9c-4a13-a7b7-8105d7c47608	1106
61aff96c-2646-49a3-82d6-f808a4de01d1	1070
61b20b60-3cce-4ec7-b2ca-c5022fc235d8	1589
61b4e311-0045-44f9-bd7d-8e705d1d7ddb	1153
61b93971-7ec8-486f-a4ec-d402159700bd	1140
61bcee3f-db8c-494e-8eb3-cbc89c6fed38	1152
61bf78a5-b636-407f-a5ed-51a1dbeada2b	1066
61c01a3c-4d7a-4213-9e1b-9b2517d8cc1a	1140
61c0933d-e3bb-45a4-8f28-789c4f93051c	1094
61c3502c-a839-4e9b-8b5a-7ba95b2342bb	1137
61c8ff59-40b9-41c0-9c53-c5a786884b60	1108
61c99374-19ad-4bae-82e4-866e5c6bd49a	2050
61ca52f7-7316-4860-a12a-48542ef1e853	1073
61cb89fa-cb7d-497f-8b91-1e5ee35b1bc3	1065
61d188b4-9ea0-4536-af45-e57159a6391f	1071
61d55af1-8231-4902-ae02-274f91b02dab	596
61d8adcc-ac74-409f-bd3e-6c5b86ede54e	1068
61dd2109-8c66-422a-bf2d-1b4dfd231913	1073
61de847b-663f-4237-9781-2b1eeb85a38c	1072
61df92bc-5f13-4c46-a524-0318502eb0b6	968
61e0e32e-5bcc-4664-a738-9a2dc7260de8	1077
61e75c24-90e2-45e2-82e0-934b813594b0	1139
61ef5151-c751-45f8-9fa3-529fa0527157	1076
61efdec0-a6ff-4e8d-8e3f-f0210d9c14e4	1129
61f3218c-40b5-4ff3-b66a-cdebdf23e2f3	1110
61f480b1-1e86-43e1-b53f-250af5c85f46	1075
61f4b680-4753-494c-b8b4-a7053b2760b3	1071
61f89f26-bfa8-415e-9599-aa55d670824f	1128
62015f79-7fec-4302-b5e4-57915bfcc13b	1081
6204850d-fd63-4ff6-82da-ddd33f260a44	1147
6209c47a-8a95-4836-a97b-c86a1ca17c0d	1129
6209d086-df18-48fe-ae87-c17d869dbcc0	1132
620e3c46-9f1f-47e2-8658-fd6bd2c5bb67	1112
6214e31b-4507-4ccd-aa3c-475b5113a44f	1059
6219f3f6-85f7-475c-949d-8944f23a0ffe	1068
621a1f9f-ae9b-49fb-91d2-d532742ae0e3	1134
621c756d-dcf0-42a3-950a-99e4919fd80d	1078
621fbafb-fe6f-4c74-b3a3-7322b6a73f09	1161
621fc989-f663-46b3-85e1-3c2128cd0b1d	1079
622064e7-bafc-441d-9495-c91a65a3953b	1131
62227fb8-9908-4f70-a8b9-053353ee1711	1121
6223dbba-9daf-4dbd-8fde-38e80c5d255b	1138
6227ed40-f507-492b-ba34-4a109d7d0919	1054
622e098a-d21c-43ff-b5e6-bec00b629a5c	1076
623152fd-72ea-4b97-b5cb-18e5dc726ec3	1144
6236c2c4-aeee-4957-a089-63f4f85cdf24	1147
623dd3e1-3f75-4f52-b896-3ac2eacfdad1	1159
62409a96-4773-4258-9f11-66790e8a4005	1135
624613f2-6d6f-407d-8e46-305cae9094d1	1139
62483e5f-df80-4074-8d6d-73a7962be852	1040
624b7714-e0b6-496d-aa1b-7e82be7ad176	1077
624e0666-aaf4-43ec-80a4-5109a8692a4d	1121
625bc304-b316-4e50-8fe2-7ae1958f02ba	1074
62603138-e083-474e-854f-0ccfdf712949	1132
6261dbeb-4b7e-4dc6-a5d6-82d3110b2fc8	1137
6267bcf7-031f-4d55-b93f-872f05fe0830	1068
626b65dc-7cc1-4824-a41b-f09c7a80d100	1072
626c86f3-3fc7-43c0-a5c8-881c54898208	1140
626c9c9e-585e-4521-9914-98e30443585d	1140
626dc727-7817-4565-b32b-4416f69e0b8b	1145
626f3773-e095-4c1c-88f7-aff847480293	1146
6272ea45-8725-4326-9fc0-fb1474e3c91b	1124
62730968-d2de-45c4-8395-8e508b6211e2	1128
627480a3-f817-47d4-9014-44c5f0438955	1157
627ab4ea-643c-4ca1-9c82-b5d656195cde	1139
6280500c-4a7f-4c82-9cbb-455890e8e3ce	1140
62813e34-983b-4ada-8512-12631ba72207	1128
628490b2-267b-47a9-82a6-54f3b2f24974	1047
6288b07e-0c6e-43cd-b31f-292fa3a03813	1142
628c835a-f645-4e71-9f60-9c69182f76fd	1079
629059bf-83e5-4a9a-a6bb-2f60c058bf9b	1059
62931868-0e3d-43e8-8eec-c506aa25d25b	1066
6293218a-275a-454f-8548-c42a3efa8ed1	1131
629af34d-c9f1-46f4-8a43-b966747656bd	1133
629b5174-65e5-4417-9da7-b91e00d029ec	1064
629d7229-4ded-4a52-b517-2fa491f5dcde	1538
62a3dbca-b72e-4129-a5c1-d6a939f305c3	1130
62a60aff-b59a-47ab-8bc9-0dd035fad641	1136
62a7857c-4954-46e1-adfe-b7558c24f730	1106
62a7c00c-59ac-4dd7-8ffe-2d43af488ff4	1153
62a88c6d-4347-4331-8b84-cc5f485fec48	1143
62b1026f-999e-4d03-887a-b87299f3ac4f	1052
62b5ca5b-e2af-4505-89c3-58023c705028	1066
62b72fe2-a484-49ff-9509-64575aee60e1	1158
62b8945f-bbf1-4ee2-9742-f79804f3bd28	1134
62b9ed37-de3c-4f79-bce7-26cd3d0d1c03	1086
62ba97bc-2b62-4989-b562-500e66cec787	1069
62c90c78-9d21-4dd8-8656-60f792f4a5e7	1133
62ce229f-6de6-4c3e-86ce-e55c5ba31a84	1131
62d67d13-9719-4294-856c-78c757f99664	1066
62d8d7c4-c1f9-4eb7-92e0-6758dc847692	1148
62dc3645-db6e-4ed2-8412-edbfc5f3b032	1136
62dd5739-95cd-4a8d-a32b-9fee67edc0e2	1134
62ddc19c-5f7d-437a-9a47-4e3dcaf2a741	1130
62e11bdd-f265-4c3b-afe7-5b5fd013bc35	1060
62e258ba-af82-4d5c-9938-ca607d771ad7	1131
62e3091c-51bb-4acd-aeeb-ae06f64d3277	1136
62eaa00f-a32d-4fdf-8e46-c04c7a7cb016	1133
62ef2470-149f-4d3d-a576-67a90cc3099f	1071
62f0f3a3-242c-4927-b747-16073ae499a5	1160
62f10b0f-bd7b-4e77-af12-7b785f4acd4c	1130
62f15780-6169-4ab5-89cf-0412c8a3f338	1136
62f216cb-e8ad-4a94-9e84-f6746d117613	1127
62fa2865-092a-45a0-85f7-0d93deb9547f	1108
62faad33-8d7f-4545-a86b-8c021910a57e	1079
62fb713e-048c-4942-b6ec-514d3664f002	1087
62fc6fe2-1a5d-4a17-ad80-b18040dd4a61	1090
630187f0-88d5-4ce8-a127-ea1fd62185d7	1097
6301e38c-5749-4503-9e8e-78ca62f77850	881
63057afb-c77a-41f2-b238-5a19c0b90583	1079
63057d58-fc4c-43f0-bc94-84f57f0088e7	1127
6306ec91-cb34-4d73-81bf-692b1a1bca83	1129
630ae057-642a-4a45-96bc-536d782daead	1071
630b1f0f-41c9-4a1a-a346-d0381357ba82	1128
630c02b1-c139-4b86-a5e7-2bb060b87271	1073
630db012-aca7-4ad6-b5eb-b1c53d7656ea	1120
630fa699-9722-44f0-83da-e238b5e1423f	1075
6319fd8b-2ab2-4a70-b546-d3b05d3c1fb0	1136
631a681b-eb4c-4464-8d2f-2824ca489943	1136
631cb5ff-624a-482a-ae17-38cb3a11f36a	1066
631e39f7-7d07-4b42-bbc8-908727e50d28	1134
63205417-1c58-4483-8ff1-3b6a6b1989c8	1140
6329a283-24d3-436f-8ce9-307343a901b4	1067
632b0a6d-36b5-425e-bece-1c956b639b91	1069
632b3d20-9e81-46ed-b1f2-0410d15ff08d	1070
633189e4-161e-4002-af70-6db190e4a78f	1543
63379cac-310f-4019-b81b-1c74c81eb9c4	1075
6337aa67-ecad-4cba-a467-67a6ac8fb91a	2143
6338b167-ddb4-43f0-99e5-555f2e5baf61	1130
6345147b-ecbd-4d5c-ac52-a397231dcf96	1063
6347e8ef-b1ac-4c31-8e9f-e32d9063fdd2	1131
634b60f1-ff14-4e36-95bd-cab47618caef	1125
635010b4-5e7e-416f-baad-d1153372b3ce	1144
635958f7-bb84-4fc3-ab90-5d32d4625afc	1107
635c586a-061f-4077-8f5c-ea377d7de24d	1139
635cf87a-1693-48cc-bf1a-d6bc3c8b5500	1129
63606fa9-ee68-4e6d-8c8c-68b31ed52cbf	1134
63622496-bab1-4dbd-9610-ac28302b7dc9	1138
63631ae9-0f91-4741-89e7-fd78c6651f00	1141
63633332-4916-40ff-b1a5-3b30a50f42d7	1078
6368ce86-54d8-4258-8486-72178ee1c56f	1138
636cc05d-a7fc-4907-b224-f71b02e3b6d0	1097
636f6717-e878-4362-8c41-745d530fad23	1142
63720f47-6ae5-46e2-abc1-3b78c11213b6	1138
637228e8-3fc4-402f-b73f-9c7b5912ecad	1112
6373c225-ef71-40e4-925d-3ff439240457	1108
6375cac1-a95a-45e1-a6e4-e8d72682dba0	1138
637bf36d-787d-41bd-8d36-32f49bf2b290	1080
63801852-cf86-447d-ac98-9a9543f00e43	1139
6381f05e-ba95-4707-9f14-f1823da3adfd	1072
638871cf-9fb5-4a43-916e-85815c4115bb	1068
6388bb82-6093-4162-b90d-fc849cc58a88	1082
638a847e-ba42-446b-aa7b-481f7badae49	1056
638a9ec1-0165-4e0f-b726-f4e73213a7c8	1069
638ef1ca-2aed-4373-9e22-374ea4ffc324	1130
63958c8b-350d-4574-8702-31f5c6d11e40	1135
6397bb04-ad9a-4c48-bddf-1085cd538c82	1073
63999ccc-ed84-4c50-a892-b49779643798	1092
639bb8f2-1749-48d4-aa87-ed0d392d9426	1641
639f76c0-1562-4cee-9aa0-bc9a56f22cc0	1129
63a1c99e-2fbb-422f-a7d9-f22903f10c50	1126
63a7ed68-c6e5-4e29-8ae4-a62c5801a369	1069
63ae2b9a-a3d8-45ac-a645-82261c6d91dd	1144
63aec789-82b5-43ef-931c-7bc05b70b99f	1154
63b075ce-2ac0-4d7b-941a-9ef2cdf4e373	1127
63b0e233-f0d9-4e30-aaae-8088740390d6	1138
63b56b90-7c1f-4a17-8f61-9fe69a9ec0f1	1131
63b70855-3b85-43e3-a197-c413f29fc742	1072
63bcd669-be81-48b7-9560-f72a03f097ed	1073
63bf7310-df0b-48f3-adde-74c377f8b106	1180
63c0d2c7-fb46-4827-a230-85d5bfbefc33	1154
63c243a7-0324-4fd4-b0ef-7472b32ba236	1160
63c766c6-0201-4d8b-8485-1c568ad61087	1142
63c87248-a479-469f-acb9-3488c8aab6fb	1136
63c8b0b9-bb8e-41e5-a458-2d3b80b05408	1068
63cb961d-1de7-41cd-bb9e-574c0bdd3ac9	1140
63cfec88-680a-4810-b347-0f742ced8768	1129
63d03c74-8f08-4b47-9d79-586e25245400	1155
63d146b2-fb73-4cf3-9794-7f8429034696	1131
63da574b-cfc9-464c-b8ff-267f79675b63	1134
63dbbbeb-3c63-43eb-9eca-d11a2cddb210	1078
63ddf396-2447-45c5-8a6e-b12ec3146b8c	1134
63dff41a-d064-41cd-acb3-cba9acf4e3b7	1128
63e16421-bad0-4f5d-86cf-7157279dd44e	1061
63e7a391-1e93-4d62-b304-10f899c2fc40	1136
63ea576f-a346-404c-85b2-f37ca6513732	1139
63ed1f34-a4bb-46a5-af63-b5a914f7da03	1133
63efc47b-cf59-4a1c-8d1b-506997cd5230	1136
63f1c0df-d0e3-4b8a-8a8f-3996d4bfe962	1157
63f45f8a-a29a-4294-9803-97bcdb620e2f	1128
63f69c78-76ec-417a-9748-f1e08fb6fa7b	1075
63fb687e-6402-4461-b70b-9c64f7b0be42	1140
63fcb348-b23f-4bd3-8f9b-0acc3041a874	1134
64007c42-fb9e-4bdc-b480-030f47c857d9	1129
6401cd0a-b26c-4a05-a491-59657ac5e87d	1070
6404b536-7f71-4765-a82b-1b3f26c3754b	1157
6407bb49-7297-4e69-95c8-fd5f6707b599	1161
6409caf4-1fa7-4592-963f-42784f1bee0d	1129
640ec92e-e1c7-4af7-9948-5381089c78e8	1089
64100f7b-4734-4ce9-8946-b96a35c216ac	1136
6411286b-1a96-4918-b5be-3ae7d6aba3e7	1069
641154bc-0109-4231-9073-7007a76c93f5	1487
6416b2e7-e4f9-4c2a-a31b-4536e2484045	1137
6418a369-e217-4464-b92d-769b6a78420f	1143
6419c351-dbac-440e-a221-70912719f831	1069
641a8ea2-8046-4c91-8fa5-ac476edafb30	1064
641f871e-b1db-4922-812b-5c622bbad92c	1073
64202a98-5565-4e91-bfa8-f8e73f1a44db	1140
6421c1c2-fafd-4a3f-ac0f-280320fd0601	1120
6422df98-b4ca-486e-8d29-2a1f1391ed24	1131
64270002-c588-47c0-ac3c-ea0d7639749e	1084
64278aa9-0b48-4974-b0c3-cb08312dea36	1142
64279962-7c94-4dd6-94b6-624bfa6d8477	1120
642a3c43-1184-4a7f-bea2-1560805203d9	1072
642f21c6-7eba-4c05-8d9a-0c6372c70a8c	1142
643029a8-3f0c-402f-834d-6a8e9303a7f4	1080
64337e5e-a9df-4e6c-be2c-dc95c4d1f16d	1072
64417485-26af-4034-9a7f-777e00444eaf	1096
6441d982-4a1b-4c9f-9052-6f5d099825cd	1119
64421896-4f6e-4946-ae31-bfcba4262472	1162
644294e7-34e2-4e67-878e-9e549b93815a	1133
64483096-aab4-4778-85ce-45b6987872bc	1342
644bd628-79cf-405d-b2e7-cdacf6167829	1095
644c3846-1a05-40e0-8166-39c40dcc9503	1065
644c5c28-c5af-4f51-b61a-d8a990fc7212	1131
6450578a-b1ba-412d-8766-e0446623de6d	1111
645114f3-880c-4ed6-a3d1-1e73092caa05	1079
64513e32-d6b8-4e8a-83dd-0cad35e72c3e	1073
6455219d-49ef-45b0-9287-49a81af0502f	1132
64581875-8183-461e-911e-dc5d34c3d4c5	1076
6458cc90-57ef-4e10-9895-25c2d52e77f8	2050
645a404d-5cf1-4911-b419-0d5f67190769	1130
645bd525-8dec-43ff-9730-b8edcb9d95f5	1068
6462029c-f8d8-4e98-aa8c-1bf43257239e	1094
64625790-e360-4c0b-b06c-3aa807fa51a0	1141
64656dae-0011-495e-86a2-b0e9276363b3	1116
646a98f8-c278-4e5a-b9e6-3ae8f7f9d3e4	1130
646b2f32-e4cc-4363-bc1b-5ed1533dd928	1140
647194ab-b416-4d2b-b7e3-3af7e6570310	1072
6475c924-ed5a-4ef7-9944-b3e7547a74a5	1161
6478fa24-3735-4ee9-b5ce-4992872607ed	1061
648606e9-7a73-48dd-bc72-483283886414	1136
6487ec46-a933-4472-9387-581d6d563f49	1146
64893f3f-3089-48a4-89c3-59b1c794dad6	1079
648a3102-1d6d-4193-a5dd-53a3a34cebab	1134
648b74ee-ab48-4483-b82a-643c39bd8275	1072
648d7402-0d75-4998-ba35-31e4753eb5ee	1140
6493e297-f1ae-46b4-b9e2-0944be65ba99	1131
64948c60-12a7-428e-8f7c-2c644cdc07bd	2009
6495a5a5-5ea9-4765-8abc-745c2c90b53d	2184
649b72e0-c85d-460f-aad5-1f510c9d6f15	2161
649c8731-a42f-4b4d-8eee-23191d71906f	1136
649cd956-46d2-454e-84fc-a96c89f566b4	1130
649d713f-edc8-47f3-86e4-b8af734c8a4c	1069
64a40212-2b49-4d47-b0cc-462c59523f14	1072
64a474dd-5bdd-4972-846e-19f8f5334d8a	1071
64a77459-8ad4-4953-bf0d-6bac3df8ffb0	1123
64a7a310-df58-41cf-877d-26328e2c223c	1127
64ae8bb3-7963-4915-b4fd-fc6f87e041d2	1165
64afdc21-f19b-4b89-8659-101e9d261ea1	1149
64b583b3-a857-4d82-b4c2-294c3ea8b0f9	1078
64c35ca6-1653-4b06-8574-406c0226d61a	1138
64c3db06-b860-4eb0-ad84-ff012811ca2d	197
64c51235-d283-4030-a63d-48e3bb934731	1132
64c57d69-bb7f-4138-bee0-c8c6c863ccae	1077
64c5f24b-693c-4893-8b32-de2de54d65c1	1071
64c7df46-fea9-411e-a3d1-a64e09a1ff3e	1143
64ca1bb6-833d-4b06-ba45-24bd286ed332	1130
64cc990b-6ee4-45b2-bc38-f8a9b53c8658	1135
64cc9a8a-1d1b-4b0d-81b0-49013d560c8f	1087
64d015ac-4c22-4caf-9105-f4ed34a8d005	1067
64d4c75d-f213-456c-b551-b92fbb6ed7ee	1076
64d7774a-ff0f-4cf1-9553-e4defeb0bf57	1076
64d85285-1ac2-4198-821f-fef0696bdd86	1130
64daa09c-a8be-4f29-948e-bb8822214065	1103
64db609f-abd0-4b81-b83c-530a0d794db4	1136
64dbe676-7026-44ea-958f-941895ac899a	1114
64dc78b2-c317-46f4-b6ed-668849645b58	1126
64df0a91-934c-433e-8311-ff6138bed315	1096
64e1909c-27e9-4e8c-806c-a0304c20e986	1151
64e2bfc6-a1a6-42a8-80fe-ec53b4b91274	2008
64e4de58-b931-48c6-a591-0efd08b0f5a1	1079
64e66d0e-6590-4cb4-b658-1e06e366b417	1079
64ea7920-fb04-4a9b-8869-12a702218c5d	1151
64ec86b5-31ec-4708-a4a2-861ed565bff7	1145
64f200e6-b8ff-409e-b5bf-8e55e63e51d7	1082
64f25106-a893-4998-98b4-f9cb177c234a	1145
64f28a69-be6c-4e83-a425-17ab58b6ebff	1132
64f9dac1-7634-4c4a-83b4-f64354deb773	1082
65014079-7b7d-481f-9778-0cfde7045bee	865
65062f64-ccfd-4be7-a42b-ecdc9cde6395	1135
6507fa0d-9bb1-4144-ab08-eac9de8a8aa1	1088
650dc144-7cc5-4af4-8918-4ec67c08ee20	1149
650e6e8c-4084-4840-b6ff-0b45e3d04360	1064
650faca4-7669-453a-b8c2-51809282c7bb	1108
650fb32b-cae4-4e7d-812a-ac0c740851c9	1129
6516c8cb-ef8b-4ec2-a856-d3cb6a90f3e1	1064
65203706-f864-4690-af57-3c8ec8641ddc	1074
6525cbdf-a3b5-4b1c-8c30-5423bb2c1ba8	1075
65266ef3-8bfa-4a5f-900b-a48a889728ba	1087
652679c2-f1af-41b8-bf79-1e1bb7fcb5b5	1136
652f80d7-1e7f-4595-9a78-89118094bc62	1060
65320fae-3c27-4a80-aff9-1d750d7e85e3	1102
6537a03b-8c58-42c5-82d9-c9da93e40c71	1126
653a3554-29ca-4a35-ae5d-63ba562bebed	1147
653a6034-f843-47e4-8eb1-b3c1a7c554a7	1068
653bea26-35d7-4fd7-a76f-b6d4c84098a7	865
6540c0cc-c786-4a9b-abd7-090d91231686	1079
654161a8-05f1-49dc-bdc2-bab2d59b13d5	1152
65459ac5-3544-4c4d-879f-75b84a720161	1134
65459ff6-8f66-4317-a6f1-d7af69b524c8	1077
65496991-c0c6-4878-abd2-dff0be00f7a0	1124
654e5af9-9c9b-4dd3-a2d2-9d852b65f146	1917
6551bc7b-b87a-4e59-973e-eead2074211f	1138
6556e6ff-0c09-4a7d-855a-05fd4d361b4b	1130
6559967d-fc35-4588-a9a0-d6ef44c80c53	1145
655ab6d3-1c0c-4da0-ba00-531caf377390	1079
655cc516-c94e-4533-be09-87227cd9f61f	1149
655e11f5-cd2a-4493-9350-10705c0ae211	1135
65632889-920d-4dd3-ad09-08c72503346b	1118
65686fb2-6d23-494a-af6c-36ed8a829b80	1984
6568e02f-275b-4abf-9036-746cff6e4d99	1107
656e834d-0fd3-497a-bbe5-30a154fa961e	1133
6570c0cc-55cd-4ebe-9abc-08570f08cc7b	1065
657375be-1735-48f7-b760-adae7d3024c4	1132
657d7301-665e-4b5c-80cb-c67d100a6ca4	1130
6589d20a-f8bc-471d-8e88-3968670adf41	1070
658a7f48-fb05-495a-a123-c15717f10294	1074
658abe89-46e3-4293-b0cb-b38d0a75215a	1131
658b6794-8adf-43fe-8d99-5d07a51eb395	1074
65905600-68e5-42f7-ac3a-658fe3a6ff68	1134
65912991-a1c7-4c86-a265-d93fe863aab8	1141
6594653d-8883-4b5a-82f5-b0409184bca4	1139
65990cf6-8d71-4d49-bd35-3b823d4a7ed4	1132
659980be-a27a-48ac-9e3c-2b31b8124a18	1133
6599dcf4-55d1-4389-b420-79adaa9dd45c	1075
659b6e59-4460-4d79-b0cc-3addd39f6cec	1116
659d4ef9-4e2e-442d-b750-8f221f85ba7c	1129
659d61c5-de93-4801-acdc-d4a31ac82d6d	1074
659fb12e-66cb-4a94-9e87-ae031e35a95a	1123
65a33430-7efb-446f-9518-aa7f8ede25b9	1136
65a3a73e-da4e-44b5-9e09-3354a5e72f6f	1129
65ab6f39-4070-4c1c-b9cc-bc28aa29a4ec	1132
65b64456-b6e1-415d-b97e-d0abb3ab04e2	1068
65bb48a4-bf3d-41fd-ab70-34324475bcc5	1084
65bb5a57-abf6-4999-8c87-8804d9e62d5a	1073
65bda639-c205-4707-9643-19dc37588223	1075
65bdeebd-7a8f-445b-9416-389ade9fcee9	1133
65c5f1f0-0d87-4f9e-8527-9d1913a57322	1069
65c748d7-2e52-4791-8a2e-653f9cc98d44	1138
65cb1a8b-b897-4750-b664-2fbc0966c841	1076
65cb7032-1949-407d-817b-6da80f578940	1073
65cd7e34-ee4a-4169-8232-fbff86103dc8	1099
65d1bc20-3683-4e01-adea-7df13af7d578	1066
65d20816-aed1-4a82-b5c9-b38c67d1c072	1062
65d2762d-c0f2-4c87-b178-907677020869	1128
65d443b0-f0b2-4d60-a5de-b7e6a891c087	1082
65d52b0d-1bad-4dee-8e76-a3e521c0e937	1136
65d8a55e-7a1f-4145-b8c5-c77ef07752fa	1141
65dba95c-b3e2-4dee-a294-0d251ca11718	1055
65dc89b9-10c4-49dd-9463-7085d9cb4eb9	1135
65ddda66-5cba-4de6-8a7c-7a82b9d6a385	1092
65df6499-a679-44f1-9ea4-9aaa8941e5de	1120
65e0055f-82fe-431c-9951-8e727e9eb63f	1075
65e0fa33-2c49-4fdb-b40a-57b82844a253	1151
65e33d66-724f-4712-8455-836eb7afece8	1071
65eab7fe-345c-46ba-8c22-f56677dadfe9	1135
65eb4d40-e745-4c88-ac40-c78a49b01775	1132
65ebd7c8-897b-4f81-9ae4-607a3c65f03f	1070
65ee5b4c-c293-483e-a770-8c831967f66d	1125
65f11c14-385d-48eb-b9d4-ed4765ac84f0	1124
65f2b5bf-cb1f-4a1d-aea1-8363a1b43525	1123
65f7c668-7904-4161-adf7-1d6cf91c9821	1134
65fa4a1e-d4e3-4aa6-a8a8-790055712c54	1130
65fa776a-6cb3-40c1-beb8-735a0c176d3c	1136
65fcf456-1c88-4775-b616-d87c4b5e7a64	1053
6600e86c-9d14-4297-817a-641e6ec305af	1064
66027f0d-5c97-4bc0-b16a-b5d26d546fa1	1132
66029575-7238-40f4-8374-65e30002e8e1	1134
6609784c-3f01-4d50-95a2-55636d72bf0e	1133
6610637b-aacc-4466-9e4e-8a22c01e4eaa	1046
66125ebe-57ab-437d-8091-1b4e5d3a595a	1077
661685bd-ee5d-4254-bc76-1a7fbdc9a964	1138
6616bf63-2e2f-4ce4-aa47-5f1e446275b5	1073
661af468-2bb1-4b9a-94c1-1bbc2d7c23fc	1143
661f303f-cbc5-40a5-ab5c-b735ff0c85a0	1073
661f5292-ae25-47dc-8e6a-d718f961fdda	1125
662334bf-646d-4007-9987-340e50171439	1133
662347d1-6437-4094-b402-901e381a1724	1156
66234c3f-10fc-4614-a6a8-1e6599615d58	1139
66246a8a-7b1b-4e53-bf9d-b6d812144704	1081
66265ea8-8a5a-46a9-b625-799f137323c0	1125
66362972-4c16-4b0e-b4b9-b5083b588c7c	1073
66362e60-1e7e-4ca7-afc6-349f3619194c	1130
66382b89-fbd9-4e17-ab14-41022e9927a9	1134
663c6a96-9407-44e9-81b7-14ca2990c9ef	1075
66404ff8-0c4a-490b-ac1c-941f9b8e37ce	1079
6643c848-d1df-4393-a5f6-7965da4c270a	1118
6644f17a-ade8-4b2a-b32d-3f5684af4dc8	1140
66496aed-58d7-47fd-b288-aaeb0f9a4913	1135
66516edd-0ecf-4a0a-a7b6-fb894c309879	1074
665265a2-092b-4682-936f-20c774c283b3	1132
6657c9cf-142b-49f8-b9ec-3a4dcfea0a9e	1075
6665a9b8-d6b0-43f7-b2aa-a49cc3320c0b	1131
6666747c-497c-409b-9957-ba55ec2095f9	1074
66672632-410c-4b52-b98c-3e1f190f3190	1133
66692c2c-d794-45eb-b323-d6fb63a3adfc	1153
666a2907-0012-4b00-a4ce-cd65d69217b0	1137
666c4382-f0df-4934-ad9e-cda7d869456a	1139
6672355c-b4f8-443e-b09d-469a3cb30d8c	1141
6673974d-12bd-4054-b783-6b74cdbfc49a	1152
66742902-64b7-4395-843d-e9f3a14f4a2f	1051
6674ab0e-c731-4ae2-b54c-25378aa69541	1083
66750f87-83b4-4398-81a3-0fb4ebece3a9	1080
6677e186-65e6-4bb4-8ccb-e47d74387645	1081
668402b3-0f15-4621-aab1-adeeab833fbb	1123
668479c1-c33d-4eb1-8733-0ecec3fd81d9	1095
6685fd7e-38ac-4d23-9f03-a24712fa2ad8	1070
668c8dcb-c5c5-4ca2-8eb7-19621920e40a	1065
668e7bdf-47ab-462c-b8ae-9546d370a0d2	1072
66944d16-d026-4b7b-b61c-9b89fcc09e7a	1083
66953bac-c5eb-40f1-958f-c08249ae657f	1068
66966015-d77a-42bf-8489-8e9cc318ce34	1257
66991d0d-c811-4db0-a987-df1b0074c751	1076
669a0a6b-e5dd-42fb-8ff1-488e0cab7876	1122
669f0735-3814-4ccc-94af-391ab6d49098	1127
66a1bcdd-d5f1-45a5-ae29-1b0d890a7f9f	1134
66a3a677-9232-4482-b437-01cbcfcdaeaa	1136
66a81dcc-233a-499e-8634-32b21c1d3cdf	1078
66a8aefd-585a-4419-b318-a2aabb697e33	1104
66a96e08-9e34-4579-b4a6-6ff39699839f	1124
66b15179-6041-40b3-844d-da74f96c5786	1153
66b207e3-6e12-4c26-a181-589fd5c697c9	1070
66b51a88-efae-4268-9bbe-7ac90a5cc4fd	1076
66b8385d-8aaf-46d3-81cf-cec0eeaf04d5	1072
66b90a17-0061-408e-97f5-03b1a73bf415	1094
66bb7da9-e06f-44be-9d95-b7202bcbff64	1120
66c96c68-ee4b-4e3d-9616-1aa5b4c40c26	1154
66cab945-0ee1-4603-85d4-bb6d4f141153	1130
66cf64ba-8a98-4443-a7ea-ce93202e6a1b	1158
66d31572-2212-4c9a-95ca-8aa7e984640a	1068
66d3bc4b-3dc7-43c4-881e-78aa0bbc8557	1088
66d56f2c-a196-460e-9014-cde0c3585ae1	1067
66d694df-7875-44b3-98aa-46cdac28145a	1128
66d7953a-ed1d-4f54-bc82-b00c9b88ac46	1136
66d9fc8b-9a30-457e-98e4-b3a739b30c51	1130
66db7f22-4a91-41c8-bad0-69c4cafc9a26	1079
66e02e7a-3023-44f7-a501-d38ccc10d0e9	1135
66e302e9-2b25-4708-8c25-09c12a4a173a	1127
66e8d283-27b6-4d22-b00d-caf24dfb459a	1150
66e98736-272f-435d-b188-72e329558ff4	1116
66ebdead-0b76-426e-b724-db4364068038	1142
66ed08ac-5239-457d-83f7-9fb66ad84a85	1136
66f042b7-c13a-47ed-a56f-b182a0d7a12c	1146
66f38816-856b-4a43-9ef8-0dd3705ab2b3	1131
66f6d259-96e5-4cb4-96c4-284c058614d3	1063
66fa6778-13fe-43d0-8ccd-66533c2b1ab9	1067
6701232d-5d96-454e-bcae-0265ccaa747c	1078
67019229-6dbe-46d7-912f-f77c518f1dfc	1064
6703902e-bdd6-49b6-b7fa-7bd48b1657bd	519
670779cc-2969-4c5b-aa49-ad589f58539f	1074
670b3a79-7181-45e3-a2be-c2cb505606eb	1134
670ba9c3-da48-4e69-8fa8-e8b0b15fe48d	1075
67128f29-0fe2-4743-8475-27c0268bfd43	1147
6715c3e6-a2cf-4989-8584-a76e69e15c2b	1137
6715d5fd-c352-404a-b784-4549c173cd10	1156
671b08ec-4012-4f1d-b8f0-6044b9c43161	1080
671ce28d-ec11-45b5-b93a-5a054e1d47c7	1161
67223c76-57ad-445a-aed3-24a281364c8b	1130
6724e67b-bf84-45c6-b04c-7e37a6fcce95	1070
6727548b-ba4d-40b0-8f82-91e47e4ee587	1159
672ac638-b894-4e49-b645-8dc78b8de08d	1134
672b29f2-8c0d-423a-989c-5587ef80452e	1074
672df4bd-afae-45b9-890f-c75903128824	1095
672fe1ec-d5a0-452c-ab23-d7f7f6cc73ae	1154
6738c99f-7d2b-4740-a909-8dd01a840962	2030
6739a8ef-f0f7-4eb0-8cd3-17567b608314	1136
673ad35e-8cf6-4aab-b9e6-8355440f98f0	1142
673f28c7-446e-4550-bb66-dcaced7666e2	1105
673f6e98-ecff-48b5-80ef-cef3da9b2c57	1135
6740f1bc-f3e9-4c2a-965b-11c10cee4563	1073
674185c1-3716-4f7c-a995-285ce738275b	1135
6742b4c8-0db4-4dc3-91be-d319d4cb8fb4	1076
6744efc3-e374-48b7-aa42-d7e17dc3d869	1074
674ae81b-037a-4ab3-aae9-932826506555	1131
674afda1-5059-43dd-ba23-8a1b3d58083f	1102
674e21b8-f3e5-4ef0-85b8-ac7e4b1b117b	1108
67506e57-1ca9-4fb0-99f9-83c46a77c31a	1074
6753236c-00ab-4c17-9808-f540698d6992	1125
675567c1-8674-4dc3-8c11-5afc06c0de9d	1134
675b5c3d-4929-4b15-a7e5-f0559320832e	1075
675bd7b9-412f-42c3-b7ac-836df8a222d8	1138
675e0f8a-e9e9-417b-bc21-b8944e475fcd	1135
675fa211-ea50-4e29-a13b-c23556750d47	1074
6762e012-2e7c-4de9-97c2-c5c01726f4a4	1132
6762ffdc-4cb3-4fe3-a98c-7103a9dc3579	1058
67641f6d-d347-43b5-b3a6-a879e8b083a5	1135
67644392-9b37-472a-b11b-1907d00b8e42	1137
676a3cb2-7a11-43bf-a9a7-2af1db967543	1123
676b3d1b-87e2-4cd6-a076-0989246395ba	1081
676d34b5-9d44-4983-be1e-0dcfc9763846	1132
676f2b13-67d1-48fe-b500-36878d5871b5	1660
6773c4ba-55b4-46a8-a75b-2ef4b2983cc5	1072
67754076-e7e4-44ba-9d87-351cfea15500	1131
677b81f7-e80b-417c-b640-ed9c44d98c71	1137
677e364c-2fe6-4fa5-b897-d136d104adc9	1132
677f3653-f036-44e3-b542-e78b9d344521	1150
6782bcd7-7fc0-45dc-8822-94f55503d7e0	1137
6785ac9a-6156-42f2-a047-25be8f502acb	1076
6786f220-a91d-4cab-896d-464607bed9ee	1128
6789ae91-9534-4bad-bc85-427d697cbbf0	1139
678c6365-e705-48b7-bbcb-2cb3e8afc743	789
678dc32e-410d-4e2b-91d5-77b8ab4613b6	1126
67927d39-2f28-4be9-8ec8-2026e7656c3c	1079
6792a77f-6f17-4ca7-9d82-cac9f6991c4d	1070
6795ed21-7588-49b6-b7cc-723ab341be1d	1073
67964511-5043-4aa5-bb1c-a657303ef931	1073
67978722-7946-4351-8583-bc09d389025d	1075
6797db2c-fcf6-4eed-aa34-274d9281b488	1136
679f34ec-348f-4e2b-8975-586fedcb90e3	2056
67a19146-86d3-4f1b-9bd0-d9753188017b	1129
67a9dceb-cb0c-4a5e-ba51-97eaf4428bd9	1128
67ac7c14-b297-4a86-b5dc-084e98f6d988	1130
67adad7a-ad74-4194-971f-324f81a6c171	1936
67b1b3c5-622e-4319-ae4c-9cccd35b7437	1075
67b3d123-8a13-44fa-80d3-8a59c2872d15	1145
67b956e5-a4bf-41dc-ab4e-8e7cf16e3f8a	1156
67b9ca9c-26cc-4813-bbf3-22fd3f3edbb7	1074
67be2df5-8e7d-456a-8c4a-5ba091f083fb	1091
67bea3b4-7a53-4a2b-b3c5-9d63621a2d5b	1115
67bf2b73-1b10-460d-b3b3-aeca099efd43	1070
67c0ff35-da6d-4fef-a481-000084bea61d	1132
67c25b93-2125-42dc-b031-c65f1ab15f53	1147
67c28473-b289-4d01-93ff-34ce08fb14ab	1130
67c2af2d-14cf-4800-878e-751646687a83	1133
67c40473-b63e-4580-b82c-0f963a1e110a	1361
67c636e6-50a0-4a09-bf1b-0d2e37393aec	1147
67c87551-d419-4c96-a8de-b64b00e9e58a	1425
67cee6d0-620e-4c2e-9479-59a83724becc	674
67d3273f-1c5e-47d9-9ebd-a8591284a979	1078
67d6c77f-5f2e-48e9-86bc-a46a96bccd77	1113
67defcc9-43a2-4fbb-9ee4-2ba41cf5ed07	1074
67dfe89f-c70f-4921-bfef-38a233ee43d7	1094
67e455c2-3bc8-4877-88b4-6a5c2d59514c	1131
67e7ed84-00ff-41ed-b5a8-da2421da124c	1142
67ec098c-ab21-42e3-b37e-e5cef26d9b5b	1144
67ede431-dcf9-46d9-9dfe-fa41e4ecd8a3	1076
67eefd84-939a-4bd1-8ad3-55fb2afcc726	1066
67f08297-d93e-40d6-ba8a-d986b77b90dc	1076
67f365a0-4466-46dd-8882-d7d2b7808242	1124
67f7b4fa-5eb8-48d2-a440-a8213a82a3be	1089
67fa6abc-bd8f-4faa-8969-bd4d719f1a10	1159
67fae175-d2ee-4360-921f-03049f99b2f6	1155
67fb9440-e216-4313-a71a-ccce7611144d	1143
67fc6962-aade-4dce-b59d-9c05867a924c	1076
67fd6e28-62f7-4770-885c-e8e30dcad628	1141
67fd82e3-516e-4101-aecb-dd114fd12e80	1133
67ff1670-7ce8-4414-8546-712ab66c18dc	1205
6800570b-e29c-496f-9767-13b5a34efffc	1148
68022234-6e95-447c-9a84-122e1f962e38	1160
680854ce-7180-4007-b032-ef42ed5ebebc	1136
68095b0c-442d-4522-bb75-de8c41435b41	1061
6811d114-0f2a-4ca0-a682-14ad8d31e8c8	1072
6812bdd6-6136-4c0c-9d8e-caa6619f6338	1081
6813a9e8-d0a1-4040-8ae9-687ad3b3e637	1084
6817a2a3-cc3e-43a8-b747-f474155a2592	1070
6819c993-4db2-4174-9b96-525982a10360	1132
68211756-1a05-4be1-9b37-3cd78f84521d	1139
68214038-ba12-4f53-92b3-332361e14168	1074
6821886d-abeb-447f-a591-62f784aa72cc	1078
6823a203-3d26-4b2c-87f9-c92ed9c94cef	1102
682632a4-1293-4983-9588-f201db0c3e30	1035
6828824d-5bef-4f96-9f2b-380c36a0a92a	1895
682dbac4-62c6-4445-9c3e-3818c2df7a83	1067
682ee15c-fbc3-4e01-b8c1-c25a1febd854	1138
68380d1a-34ba-494a-b430-45713752a9f4	1110
683a7677-35d7-4b3d-bcba-7034b2f347df	1070
683c9900-c512-41eb-9076-945274f68d99	1135
683d870e-fb70-4d8e-a3bd-042a45cb81d2	1067
683ff658-2d31-4a06-b304-42c5d78bbd34	1072
68405d70-7f57-4985-87aa-bcfa3f873386	1085
6840d281-ed22-4109-97bb-7d23ca7b1d28	1131
6848e324-e31b-45e7-8c68-62cf486ceee7	1090
6849c607-be5d-430f-a226-94f45803cca2	1155
6850fa62-f5aa-413d-9246-54995cf5b467	1131
68524fd0-f70a-4da3-9a4e-05ff2c94eb32	1069
6857790b-7893-4a1f-99a7-22259bc1ccf4	1072
68588bbe-ed79-462b-a10d-eba32e5e6d10	1137
6859eae0-c23e-4cb3-a00d-3b921bb1d3ee	1084
685c7ab5-fda2-44c4-bcda-6a8fe64dd190	1137
686a3ed8-5e14-4c86-aa74-e29df8b6d115	1147
687a60c1-8c3f-43fd-bc35-b5efd1ed7280	1120
687c0be6-a67c-4073-ade9-e35757c3621a	1146
6882f262-9379-4466-a7db-b73268db040c	1129
688496d5-c2b7-4f8f-8cb6-e61b765480c8	1140
688795ce-1b62-41c2-a1b5-0e80fb7c8471	1082
6888abbb-1e4e-45f9-98bc-d6fb0fc597ac	1131
688a6f91-23a4-44cc-b19d-b338c747162b	1137
688d24a1-d737-46bb-9a09-24e5259b7687	1071
688e66c7-bf01-46f7-9cb0-023ae4f46cd6	1090
688fc626-5fa8-4faf-bcba-f6fd078e440d	1135
6893439f-79c8-4c41-98a1-03bac61ff181	1130
68939779-a363-4215-880d-2bd19b277e70	1129
6893e830-fdc7-41ae-b52e-ac8d7a45eecb	1077
6893f822-c5f9-4348-bfde-7ac583088e71	1135
6898a746-d7a1-4b2d-b6a9-7f9b1c851cfa	1074
6899d1e0-ee00-469f-9a4e-afe51b314b65	1065
68a09c59-84b9-44c5-89d1-f1783ab99392	1076
68a65d7e-8611-4eaf-9f4c-613dfce4e732	1533
68b737fb-87bd-41bb-9bde-b9011f1cd2c8	1065
68bda69c-e2a5-4d81-bbde-e53c03193e17	1113
68c1519e-a12d-4f14-9f78-b94c997371a7	2044
68c3c42e-bd84-4951-8669-2efd3e54f8e8	1067
68c4d99b-3ffa-462b-8497-537fc7f56a55	1146
68c6829d-338e-4ddf-86e8-005f4058eedb	1156
68c90a52-7ad2-4e01-b2af-e8ae459afd1e	686
68cd904b-d793-4b56-a14d-045486769260	1063
68cf3faf-4179-4346-8d10-bffa9fb251f2	1126
68cf8af6-7ac0-4914-b617-3917a48d1f8c	1125
68d21d37-c44d-4064-8935-da21ae7cd598	1154
68d881f1-ccb4-4267-aa36-0357c43c0f69	1072
68d9b0e4-1942-483f-9a93-0e38064cd16b	1131
68dd65c3-6929-49c4-a189-1974e291b4ad	378
68de3721-5dbd-4c56-a086-83f4bf90f373	2071
68e04c56-73a9-4e0c-ba41-67e04f175c1c	1136
68e14620-2d27-45be-a6e9-bbf056cdefbe	1073
68e4aad8-b8b5-4256-b11f-5ad9d3c6f78b	1072
68e791fc-734e-42ec-8b02-e5c00171af13	1069
68e7c8c9-0f2e-4097-93ed-a528d298a8ea	1136
68ea6faa-3fdf-4522-ac9a-a69f6b89206a	1131
68ea9d21-6232-41d0-8920-70a0ef78c820	1141
68ee3853-241a-4ec8-8daf-70ea65d860c9	1080
68ee9f9a-d102-4dab-a0e5-0a505dd458aa	494
68f0ff3a-2008-4a93-9856-a48502ba542f	1136
68f2c29f-069c-4b18-b372-fd4fdb46a1d1	1078
68f8997f-f613-4ec7-9659-69775f8e4581	1137
68f9c3e3-9ecd-4423-ab11-d98a513e768c	1110
69062b99-0da8-44e9-86e9-52ad3c244438	1138
6906b8dd-e971-46b2-b8b1-2304c8e6cff9	1069
690bbf2c-1206-40b4-a383-ed0622dfc812	2735
690f3a27-7bca-42e8-8756-484b1b633cbd	1121
6911fa9d-f117-4455-b32a-dcc764b93749	1066
6912bf9b-a1d6-400d-b8fd-0af4908d9d28	1090
69177908-a6b7-47b8-9988-d34782d8c534	1076
691ebfe7-3a70-4116-a5ac-73021a6acb5e	1077
692147e0-d476-4005-beee-1b2a19505bab	1133
692412f8-2a52-492e-ab28-20498baf1eb3	1130
6924cfeb-72f9-4776-91f9-5cf735b43ee2	1055
69253320-e242-4b72-8e8d-deff66628833	1135
692a09a8-7253-4fbe-a424-46ab1ae467bf	1149
69319241-9336-4f95-98c9-2102f4a51c42	1140
693486a2-eff5-4dd4-97e5-78fd6ff465d5	1886
6936d038-df84-4bec-acc1-c1489b134bd1	1132
6937307e-20b0-4486-b8e3-fb5c1e66d418	1082
6937e099-8338-45e2-a282-45ca0e6fba6c	1126
693a0d2c-b209-40a0-81b0-8f4e09796d2b	1138
693b5c1b-8245-436e-ac79-0b0b2c66c884	1151
693e9490-4723-421c-92ec-7680c4f27071	1135
69405ae1-fd91-4aee-b740-899862e5401c	1127
6943b02d-965f-4540-972d-cf868c66c0b7	1132
6944d395-da23-4e19-bf3d-fb77b1b27da9	1139
6947754e-ebe3-4d53-8090-981bce5c4950	1067
6947f04f-f91a-4201-aa2e-b8a702458931	1091
694bfb2c-d0d3-41ca-835d-1a76503b6f8a	1150
694c707e-6d45-427e-8d50-3da73d372fc0	1084
694eb7f6-10b7-4c04-ad01-3602e536b7b2	1111
6954c66f-0f4e-4c73-b6b6-5036e9b8da77	1075
695c592e-963a-4a2b-8891-a94716479eb2	1087
695cc4ab-9ebd-4c22-9cb4-b071bdfd01b6	1136
695d506b-f047-4eb2-90fb-d4ec7b2c97cb	1136
695df7e5-4930-45e7-b48b-d284cd6e8ddc	1070
695fb7aa-9252-42ea-af44-659df67321e6	1150
695ff499-2621-4ab6-af93-9681fd199db2	1119
69610815-1c28-4ae1-b150-74c7bee0f215	1063
69616359-6d92-4f04-bf4e-0509a623e5de	1083
696283cf-3cdc-4a6c-b30b-40f709b3dba8	1131
69640a12-1e1c-4d61-964b-5c3e12b5346d	1152
6966da3c-7c45-4c3a-805f-f4ef062a56c4	1150
69677409-0343-4aa0-a070-d20779ba2955	1162
696b517d-c6c2-4da4-a2d2-da2f85a5e1a3	1113
696bc3c8-9c3c-45a6-83de-3ef5bab16f45	1096
696be589-fcfd-4366-8b75-cf861dfa5062	1070
697756bd-292f-463b-b4be-fe1ac4c4193d	1083
69785b8e-76c2-4d58-bc7d-601fd961c124	1093
6978b942-608e-4eda-88c7-a6e3e15d60e0	1107
697aae80-4a4f-4fc8-bc29-8b6c3642fc69	1089
697b3df8-acd6-478e-974c-322c2250c969	1124
697b9d42-0aa7-488f-b990-6778b3f9a8fc	1138
6981d552-df8b-45eb-897a-a3af8deeade3	1081
69845b2c-8c66-449d-9acb-f42f4628b5d0	1086
6987092e-0b8b-4121-a2c9-900e55bd860f	1078
69877ddd-25a5-4ac7-b248-dfd84172668a	1135
698b3046-1d35-484c-a31f-0f5d46158b1f	1159
698c3124-d818-4c32-ab1c-56f57ddaf8fc	468
698e4e1c-4011-4a4c-a8fd-a30df6d1fcc7	1134
69a07fd8-c773-4a40-8501-bfbf9a9f1023	2085
69a33616-dda9-4fac-92af-a6e198d6174c	1060
69a43686-75c3-4f8d-828f-6ac17654d317	1141
69a43a28-8508-4e3c-9aba-d6259ebafcb6	1329
69b06bd5-8716-4dac-8d3d-b89642eebc54	1079
69b818a1-e853-44f0-9f2f-b3fb9b6fda4e	1074
69ba2f58-acdd-4fa1-bf71-6e99d1fa63c6	1461
69ba3129-522d-449c-9602-bb9bc30dff2b	1156
69bff5b1-8e34-4c4d-a3a1-ec724e2af29c	1140
69c13cb1-3417-4601-984e-bb86ecd53e2c	1093
69c20855-4080-4878-bfdc-e089914a2b2f	1134
69c31e18-4f12-48c9-811e-64dc75e29d81	1105
69ca8ffa-32f4-4af6-bc72-608aea96eb71	1138
69cab231-c152-42c9-ad07-e12cd9ba301c	1126
69ce0857-40df-4379-9170-3a5a4309942a	1092
69cf4a84-3783-4f1b-88d7-38b8e2fdb5dd	1115
69d36271-8fc8-4d44-b1a4-8ce3c1f656b6	1099
69d7f3d0-53a1-4d37-ad9c-66c7e09d0044	1132
69d89036-e63f-48c1-87ef-70bbf352ac2f	1153
69d93ecd-ddb8-4012-a07d-be2a99e159b9	1129
69dce5ac-71ba-4971-847c-f22512b55d6f	1124
69e03090-e95b-4697-a1c2-26b05c6c9797	1065
69e0d25f-526f-4b70-9d81-637a327c5bb3	1137
69e3e9f4-b2d4-4b13-8d92-8715cc1cd99b	1072
69e6fc69-ea3c-4f9a-ba6d-f537add96ba1	1069
69e85772-3010-4f31-a193-c022aa07b9bb	1070
69e972f3-1388-440b-9473-42306394f05f	1079
69eabe77-aed3-4c09-a394-73014a934cd2	1059
69eba26e-949e-492c-a0c2-99a15377656c	1134
69ece816-f8ab-4d4f-b3ee-d88cd9abe05a	1507
69f11dec-dc6c-4488-bc62-82e0936f5425	1131
69f88b9b-971c-4a86-bac8-840befa77509	1079
69fb89b4-d856-40bc-afa7-517cf8792ef4	1134
69fe09b9-f9d0-4d28-a808-017ac199771e	1074
6a00f1de-cc80-4d22-abfd-96a9c366e098	1149
6a06fa0c-a70e-4fc7-8e5b-5d12a0df2f1d	1173
6a0913a9-683b-4bff-825f-e0c41c49269c	1083
6a0a3b31-4dcc-44c5-a363-64bd14e30c83	1062
6a130438-ad3c-4efb-bd1e-1ae8b4ec519b	1128
6a15a715-ee42-4760-a018-3d5507e796af	1070
6a174c33-a8be-481d-9015-080d51da8e2c	1065
6a197611-0db8-4901-872b-b18506b53174	1132
6a1a44b7-b93b-45d6-9149-6b40c238be34	1151
6a1c51a8-98d4-4b6b-be47-c3009485a627	1105
6a1c7a57-d9df-4dab-8137-991075f9784d	1066
6a1cc0c3-bb1a-4ffa-84c5-d87bdc6de12f	1062
6a1e645e-a953-4e0b-a018-8f71aa5d8980	1133
6a200600-8403-42a7-9f6a-7591f3db03a0	1108
6a208a02-fb1e-4d08-baa6-9ee617475744	1134
6a21e7d9-802f-4596-a48b-bbf5103d2f65	1131
6a25b06d-9f3d-44d0-bbdc-b19a627a91d3	1135
6a26c3cc-e0a4-4e95-a9e8-d93fed9be2a0	2034
6a271392-e77c-4bd1-990f-a4f19fd6f11f	1139
6a2f6366-4948-4514-a063-75f888627eec	1131
6a339f10-c4da-418b-bfc8-5a96618b672a	1074
6a33fdfe-90e7-4b27-8448-8e4185df037d	1076
6a359c72-0f31-40d2-9439-273a44aa3032	1133
6a35dcb1-2528-4657-ada6-343e0ce81611	1151
6a3f465a-9186-4800-8664-f7a5ceb6b1e2	1068
6a45d9ea-f191-4538-8ba6-8d60e41df178	1069
6a48b1b9-be8a-4124-b4f6-15940f2899ca	1079
6a4ebfc8-c873-4d6c-b2a1-73ad37dd3974	1081
6a5023b3-9f21-4f51-98fa-cab008dd8995	1079
6a530989-1cbc-48aa-b2a8-6ddd771bf38d	1134
6a5440f2-0ecb-4372-b1ca-d6caf52bedd2	1084
6a57496c-fcd0-4384-b1a4-3b7215ea92ed	1133
6a5983d9-4e33-4567-931e-e7765667139b	1067
6a5b6d94-6ec3-4573-95b8-9b1f3f632ee2	1091
6a5e1fae-8c55-476f-ac43-0719468d715b	1129
6a5f47df-5ee1-4e2e-8af6-3961b8112c00	1130
6a62768f-b525-4df1-b4ab-094b6007a55e	1135
6a6c03a1-ad11-4533-b7d0-a30506fa6023	1142
6a6da95c-834d-4805-af5f-38c3755c940e	1091
6a6f4cb3-8e48-485e-b87e-6558ae1d6fb1	2099
6a70ff6b-8618-49df-8103-93510cf555a9	1076
6a72c1e1-c954-4f53-ae05-6b281371c731	1141
6a76f7d0-508d-4174-92ff-3ba492e58c0b	1080
6a773ab1-069f-41fa-bbbd-347d82db4e76	1810
6a787ac0-1c05-4d68-b96e-2819fecd92ce	1085
6a79057a-9f17-4d47-a89d-17b73fc9fb8a	1065
6a7c1d85-cfc1-4bb4-8722-23d1158f2636	1055
6a7d5876-0c5d-42bb-b0fc-4ad2462a58ae	1069
6a7f001f-3119-4559-8dc3-b86a6168c917	1139
6a7fd085-b138-45ae-93f6-30b47994bd2b	1080
6a806322-93d7-467b-82fb-633381352ee5	1082
6a808b8b-d416-4746-8bcd-6b8031c03ec2	1131
6a80eef6-151d-4afb-905f-d6fccc027370	1094
6a875b34-da5a-4b05-a4f0-39ba45bde3de	1138
6a8a9bc0-2ecd-4f7d-bb1c-9ab7a2d3c5e8	1126
6a8d3576-f97a-4128-863e-8502ea9066d6	1068
6a8d44cd-2680-41f4-b968-45c8ee87feec	1076
6a8df3a3-57c3-43bc-b897-5eded966a6c5	1076
6a8e0399-0933-4e55-95cd-c0b1dfaf70b5	1134
6a96c776-41fd-4186-b1b1-dd6d4fddd93d	1073
6a9b0041-2f7f-4fb1-a8bb-222f2a0f5987	1131
6a9fdc75-399c-4860-87ec-30a9faed53bf	1155
6aa04c08-e273-4caf-a582-930d1f8472dc	1140
6aa27ffe-f43d-4fd6-b8bc-87467da4ece3	1092
6aa42f46-02cf-4c98-ad0c-a1c76f99cb38	1132
6aa44dab-a413-4b7a-b535-b8254bf387a7	1078
6aaa8fd9-7dab-4839-aa3a-a2afc037ab9b	1134
6aaea8df-22b5-4b21-a561-7c7f45b581fd	1060
6ab2e6f8-ebe2-407e-911e-b3a39e2f3b33	1131
6ab49ab9-02bf-4485-bd8f-ba30a2585429	1133
6ab8c1bd-1e7d-4d4b-925a-d3416bf03019	1136
6ab94259-606f-4454-ad77-e63f51ee2fad	2028
6aba0fda-78f3-4136-9a7a-68b130c27e7e	1055
6ac5e51b-07f7-4175-a2cc-f76b1f9c8f91	1129
6ac7118c-d9e5-4dff-8600-aab73f129360	1069
6ac75a6a-5d37-497b-a314-994670f82620	1143
6acaa528-5898-41a5-9c5b-14e8c22cfd26	1118
6acd5122-c621-4c40-b3ee-0508f2c4a27d	1133
6ace9894-0075-4351-b8e6-d506544effbb	1078
6ad38a33-821e-4bbf-a280-94c9258e2fdd	1141
6adced72-42a5-4d68-937f-f1ca30b68dd2	1843
6adecb90-616f-4be3-a0a9-7e22db50e9bf	1152
6ae3a260-1b9b-4971-9175-2071771841e9	1145
6ae3c4b0-c875-4cd0-8ae4-a7818736d2ba	1127
6ae4d7b8-04cc-4c4f-9a69-f174abafe689	1054
6ae58ed4-ed6c-4754-9bd0-ecd2d3ad99c3	1134
6ae62869-2276-49d7-b88c-3dadc2f6b55d	1135
6ae754d3-70fd-44c7-be81-acbaf49e281e	1136
6ae8efff-0dd7-4902-aef5-52c2f2611f28	1758
6aed9aea-2a4a-4ee2-a7e5-b998a74b259d	1080
6af095f3-422d-4fb0-b375-f38c31dc79e2	1060
6af1b6e4-ed80-4b74-93c8-6a2c7e843dfa	1134
6af34660-5b5a-43c3-b428-a3f000b72e36	1112
6af3bf38-3b35-4cd2-81c5-c67d0120c37e	1073
6af74372-4340-49c0-b11c-e9811585e13d	1069
6af84416-58a4-4385-93ec-a487bf8a5fe5	1106
6afaf66a-af1e-4fe3-9e7f-3d3d9d87d797	1076
6afcbe82-00d8-44bb-b754-562f33429ae0	1066
6b033b04-27ff-4c4f-a498-de2267f32368	1129
6b043127-2901-47bc-b17c-51979281bd56	1073
6b090247-a400-483b-8006-0a83bef3f095	1129
6b0aa605-1879-4270-b9dc-a0288e8a7473	1132
6b0f2682-34e7-4b25-a598-af60d301e2df	1130
6b11005f-99f6-4227-8226-7d060c605fb0	1125
6b14c385-94b0-4415-95f3-b28bbe888495	1141
6b14ca66-bfe7-427b-b76b-5e5f4ed31755	1074
6b1523e1-5897-48f9-8777-21dc62e0e37c	1065
6b156ae9-6f16-494f-acac-421f738b4804	1141
6b167a3e-9003-48ef-bfb2-a483424e9ee5	1083
6b197e76-2069-40e0-b586-536a4ce5acb0	1140
6b1d9a9d-4c05-415d-b417-66b40e542862	1075
6b1db21a-06fb-476e-9cb4-a5132282cd85	1073
6b1ecc53-a9bb-4f92-9ab5-ff9f8f9e7ab2	1071
6b210a4b-2627-4a02-9707-a271c538f8f6	1128
6b24dc05-d2f5-4752-80c8-24455a1a8b5c	1134
6b261e86-dc3a-4066-9e47-52a6bb5220b7	1127
6b27a7db-927b-489b-9278-bf36fa37742a	1074
6b28439d-a285-4a41-94f2-a183414c94ec	1083
6b2872a3-b48d-4019-8e51-66a00ed38500	2043
6b2a2586-26c7-4b09-909f-93b188bda9d1	1139
6b2a5610-c163-44e0-830e-a6f2ee758962	1064
6b2b2d5c-087c-4c06-8447-0482913db4df	1068
6b31201c-f8c8-46cf-af1a-92a525ad6ada	1145
6b326b80-e089-4a95-8592-0639fc6e6d0f	1130
6b33ddee-cae4-46af-8a94-6d55a84dafa8	1125
6b33fd2d-a16b-4beb-b920-e1814c41874c	1138
6b37a963-8b12-4479-b797-8aa7d0018e8a	1138
6b3a53fb-2822-4e7d-974c-16f4faef03ee	1068
6b4351a0-8817-4f47-b510-5c2c09a3a8e3	1075
6b45bd22-6eba-41e8-b560-a1c920d0c9dc	1143
6b48716c-7e94-409f-aa47-68c78f73c9ca	1131
6b4bb473-4ef8-47ec-a790-c2f8d8548eda	1112
6b4bfb5c-e6b0-489a-8653-dee9e2b9aac8	1128
6b4ce0c1-ecf0-4d3e-97a1-33b7dab4a710	1132
6b4ea944-7fab-4e02-8951-2ef527220856	504
6b5141c7-d9f6-48c7-955c-df4bac7d520a	1048
6b54b289-6090-4be7-966c-d7a668a796c6	1141
6b55f2ba-87c8-4721-84c5-c7f069434065	1071
6b56c076-d26d-477c-a1da-032c4f8456d5	1141
6b5d84f9-73d0-416b-93cc-9a4c9c4d3b91	1621
6b5fb523-21b7-4e7d-841e-cd4c3f522328	1160
6b6195f8-f222-448e-b938-f0b21c6c7ad0	1141
6b64f130-4e91-43dd-9281-a6da234f1d4a	1072
6b671070-aa50-415b-ab2e-12ceeda456fd	1132
6b6ba973-e640-4b28-83b1-f087f08db288	1146
6b753071-fea8-4996-88c6-0aad2b15d730	1131
6b75648a-20d2-4c97-abba-ff365bb00f9c	926
6b764a20-3c08-448a-a42d-c217f23719d1	1072
6b76a6e7-45ed-43d9-912c-9fcf7135ee07	1120
6b76b639-98d4-4cd7-98c7-4ac9ee7dafc1	1066
6b76ca93-385e-4c8a-ba46-6d852420b8f5	1123
6b76f336-85a4-4dce-92ca-6b4f7f2f19d5	1132
6b786bfe-9442-4e87-932c-3d68b7242784	1166
6b7897c8-b4ac-48f9-b92c-e88b3ada52f0	2071
6b78d62b-f1e4-459b-a61e-fc4feca373e0	464
6b794dca-8ba4-477b-a44a-64aef24ca752	1136
6b7f2245-41a5-4f4a-8996-5b86994dea0a	1108
6b8096bd-82c4-4503-923d-4ee9ffcc354c	1115
6b82fa63-1659-4d34-b2a9-89e5b88ba685	2066
6b9927e0-3637-4968-a77a-a6c0e5d60800	1075
6b9982d4-3c3a-46b2-acec-3e2760b7b149	1075
6b9db362-801d-4f1a-954a-dfebf2f39eae	1093
6b9f5b92-7450-4ceb-b6af-d0800734acda	1148
6ba08f62-cc4b-480f-8825-b7aa498328a1	1128
6ba19635-9cd9-4cc1-a1f8-c1e210445bac	1058
6ba267da-db13-4247-88ef-54d26b42feb6	1140
6ba65747-50a0-4b80-b75a-4cce18c36696	1085
6ba9017a-b03a-4398-930b-93c1b2351dab	1131
6baaf229-ab82-4664-ae98-c9f674fcaeec	1069
6bae218f-cb28-4189-8255-f34ddadc12bc	1144
6baf53a9-2739-4473-8fe8-b50b2d10dfcd	1071
6bb203fb-4749-4eba-91cf-29484de46cb1	1131
6bb4d66d-ef91-497a-b5d4-9560f21809da	1057
6bb63ca5-9a08-4f33-95ba-4bf29e486268	1131
6bb6c5ca-2e75-4494-955a-bc4bd1bf3c51	1130
6bb7fcbb-de05-4595-a11f-3c0fc7b46c75	1136
6bbb4dcf-36e2-4ccd-8f78-39dae100cc10	1137
6bbcd814-73cc-4fc9-97c9-d3cfc3100315	1080
6bc09bf2-7683-4e81-83d6-bb50ea7344a2	1136
6bc1ff01-62e0-4650-ab4c-fb52e096e728	1056
6bcede99-50da-457a-9d9b-5247eb1289cd	940
6bd00788-c340-48ea-920f-aa6954ed2180	1122
6bd023f6-59fd-45cb-928b-dda5ffd0c4e0	1137
6bd0ccb8-26f8-47a9-8039-89df06fe2d83	1125
6bd0e4fc-ba0c-48e1-bc89-b12956378c6e	1155
6bd11d0f-e60c-4c76-9d56-0b177cecd5cc	1133
6bd59565-e456-4be4-be1b-28dd939b9adf	1138
6bd613c0-1392-4b84-8b7d-fd1dc676caf0	1129
6be0f758-345b-4f5d-9a4a-b7bdaadab521	1078
6bebb2c0-9c7f-46ec-8037-48689b8801fc	1134
6bed4923-601f-4bc8-8e98-bb361f5218ef	1067
6bee6840-ac85-4eea-b995-d8000c4baf34	1078
6bf18763-c9f9-460c-846f-935c017b938d	1137
6bf5a893-e855-4947-9ebc-22d24dc5a9f6	486
6bf6cdca-c455-4d69-b268-5e3b7f4d86f8	1126
6bfc9c51-d931-4f55-a00d-25fd0e904d1b	1136
6c003999-2c89-43b9-960f-ad5cb64ae21d	1081
6c010a9c-063c-4df6-b351-0610d1c3708e	1092
6c02b872-3c9f-4624-a850-c95906421138	1137
6c040798-0517-4a9b-b411-ceeb9cd90e35	1133
6c0a2de5-49dc-46b1-ba46-9e67fb7a9278	1065
6c0c6423-6b88-4a34-a9e1-a55897f2ac74	1128
6c0d7c7d-b8fb-4992-b717-9aee5daad277	1074
6c0f42b3-800e-4076-b8d6-492e530be1db	2025
6c0fcf52-98fd-4aae-ae96-16d7921754ab	1072
6c11f0c1-0ee4-49ac-bbad-35bd23646589	1094
6c1396e1-545a-4d12-a86e-001675cb2564	1136
6c1b7407-5e21-41bb-9127-a9580d4c2443	1037
6c26c591-1872-47e6-b3eb-a5063b4bbf29	1092
6c28c118-65df-4435-a3f9-8f25fc9dcb8e	868
6c2a58bb-3252-43d1-9b6d-8b25ce1e4df2	1125
6c2b19f7-043c-443a-afde-daaf56f1dc54	1076
6c2c7bd6-17d7-4361-8257-950ef924da4b	1127
6c326265-e539-42b0-8eb8-86120ae5f9ea	1462
6c36b0f1-f8bb-4e3d-bb69-86bb2c952f1d	1948
6c36ba74-0986-4cf1-b739-7239121ead50	1143
6c390149-1e66-4927-91ae-445a3b5d9892	1147
6c3a2f9c-34a5-4931-a562-59ca5510d867	1076
6c3ed678-e293-4725-95f7-f17358fe9c58	1137
6c43548b-f182-417f-a8e0-c63806029bb1	1068
6c4396b1-a412-4793-af34-8c40a2ffaa53	1074
6c43a1cd-d171-47f3-a271-33d7675c528a	1088
6c44692d-30e6-4560-9b8c-07ea914670f0	1067
6c4b53d4-0b63-4502-ba72-f6076fd14499	1076
6c4f5850-ac73-45b8-829f-30d79898f068	1135
6c509636-d9ab-4935-bcc7-865894e0a0d3	1120
6c5f881e-81e8-40ba-8c1f-86bb7a81e180	1139
6c6be3d9-4ac1-4fa7-bd42-2163705f7c1e	1073
6c6cfedf-47df-4350-a16e-e56a8e145ead	1138
6c6dffae-b12d-48d5-848b-a5e3478ee376	1070
6c746dbe-140a-4782-b658-53546822e75e	1142
6c780006-572b-4be7-b980-5563e60104a8	1066
6c792492-9579-42f5-9d53-9f54db37c84e	1143
6c7b5f2f-65a7-4079-9a9b-c2ed87e0e5d1	1136
6c7d6043-ecc2-4241-adf8-9f1bde8c08f5	1076
6c8674a8-f7a1-4ec6-b31c-6ab4d89fc321	1063
6c8741e0-9625-455a-b064-21e84751f10b	1111
6c89125a-2e51-4e9d-9680-1eff10a0771c	1937
6c958f1e-c768-4d16-bbb6-d02e9a2cb9fa	1089
6c961eaa-d37d-4bfe-b8d1-f68e796f40a8	387
6c96bd37-9c82-49d1-b6e3-087593f9ca11	1349
6c98b339-7dfe-41e1-a555-8a0075f8506b	1148
6c9b73b3-7571-4f18-be85-7938a0212ad7	1134
6c9ba317-6fe6-45cd-a433-bb4eb9bffee7	1239
6c9d2d7b-5b91-459b-9229-ce06c081be5b	1135
6c9e9fe7-d6da-4610-a44e-b937afbb2dec	1079
6ca05b09-6490-4c35-9176-0ac63c9553ec	1079
6ca13def-0e61-44e5-93b4-8440656b01c1	1134
6ca169b4-2493-41e4-a4f2-da0c5a3051c6	1105
6ca3e166-337f-417d-8e16-d9f80f6d1aff	1110
6ca5f729-6e82-45f7-9455-b9f6fd401eba	1138
6ca625e4-b825-4020-a0d4-c6fd75d54d2b	1137
6ca9cd96-2b74-42dd-84a5-9bea0b4cf27b	1131
6caa6fc9-b7fe-4624-9214-af070d6d94c9	1132
6caa8444-e2bb-4bb3-85f9-864e69417904	1083
6cafb60b-5364-49a5-af4f-e47e145a61c4	1073
6cafde01-04ef-456e-a187-e07a662e7c2e	1129
6cb19aab-9f2d-445b-813e-de378526aafd	1072
6cb206e9-5af6-4563-9979-89f4d7f2e8c4	1136
6cb5ef5f-b954-4ec4-9a02-2554f27a27c9	1136
6cba68b8-89d8-41c3-8d4a-dd95e22d5574	1135
6cbc4103-f8fc-4fd6-bbb7-eb16929677f1	1080
6cbd90d8-940d-4eb8-882a-af90244e4061	1069
6cc7c15a-3466-4fb7-83ae-c62c6670c072	1138
6cc9a9fa-ff48-492d-94cb-084227c5d04c	1146
6ccc9d63-6131-4ee3-ac4c-eb6d67390212	1140
6ccddb3e-290a-430d-8700-0a6286ee8f54	1102
6cd337e6-3c13-41cf-a012-6bff50382e2e	1133
6cd53ca7-babf-44cb-a6b0-3fae590b316f	1135
6cd84cf2-370b-4688-a2a1-8b6854bd62da	1139
6cdfda96-4539-4134-b642-09df861d6b35	1146
6ce21c37-f9d5-4022-8fa3-983c049d10d6	1095
6ce34d98-16ed-42a7-9c2e-cd2800cfcd7a	1124
6ce52a0d-1a9a-4664-9849-c2bb4ddd3bf3	1080
6ce6cdbf-06d7-4b53-924f-c0254aa96998	1075
6ce8f590-dd8c-45ee-adfc-6ec746f5ab1a	1135
6cea0abd-eedd-4d46-a791-3fda70398d13	1076
6cef78bc-d75e-477b-ba01-e614696adfcc	1129
6cefc2c2-9749-43d5-8d87-459332b02134	1150
6cefd640-8894-4faf-a894-ba1098413f29	1138
6cf43996-c29f-4908-8cb6-9c075b83e86b	2046
6cf6651e-7ac9-4756-b923-4758d1e24b36	1076
6cf86d71-01b4-4460-9421-c6606b1a6a98	1132
6cfa0eb2-5e2b-473d-b229-49c8519716c6	1140
6cfdc4ef-c627-47d5-b186-55bc67db60b2	1069
6cfe992c-7bdb-4335-9595-324e9d412b15	1160
6cffa451-96bd-401a-93b2-9612722a54a6	1070
6d00834f-9cce-482c-a3c4-292078258f0b	1135
6d01dc34-2252-41ab-9b23-11de8ad2de8c	1078
6d01f52e-dc43-490c-92cf-7e267108590e	1073
6d087b1d-cc74-43c1-b64c-8743e8581654	1071
6d0a96e5-3681-49c4-89f9-f5d7767d47dd	1127
6d1343a3-d384-4e27-abcb-c1bffa65a2ee	2082
6d135bf5-4fb0-42a5-a260-08be6fee3d8e	1129
6d142cfb-df1e-4184-a3cc-48c2e8a4c9b6	1085
6d17dcd4-cd62-4416-878b-664b3d4ca3cb	641
6d1841f4-8628-471a-92fb-8d6142b0f868	1129
6d1e7947-e573-44ba-97c7-c338c6625c9c	1132
6d1fcf2c-9724-4e9f-8e32-cca1c252cc90	1132
6d22823a-4a53-4e84-8450-2bbb5a42de36	1078
6d242eb7-24af-4c1f-8b7f-1ee219dc4c89	1152
6d27e9af-1661-4cee-933e-6bdbce2be655	1133
6d291be8-2bfc-4e84-812b-212b3cf763b1	1051
6d2b1898-de4e-452e-b68d-05dbf337e88a	1071
6d31553f-7072-4a73-80f8-35028465f4bd	1143
6d3ef39f-3d9f-4d6e-9ebf-e233d70e2b62	1140
6d4006ac-5508-4737-81a3-4adbb4732cdb	1076
6d4097b4-ee51-4e54-b530-94ea806c8cf5	1133
6d46451a-d6d2-441d-86bb-ebebba6d5910	1133
6d46d105-14f6-4c5c-9470-daec5249dea7	1132
6d478cfc-2690-4453-95b7-0ad258442bdf	1141
6d49783c-0ee1-4706-ac81-786d1b5122c0	1070
6d4e287c-e836-4fc6-b7be-e5ab3a9c82aa	1129
6d4ec422-0d23-4fd5-bab8-91388abbe860	1069
6d5a1a2c-8e0e-434b-8844-b36501a60151	1132
6d5a674e-fa52-42de-a64a-aa4ba23a4b23	1136
6d5ab1cb-1dee-4dc4-b951-d79352a93ea2	1060
6d5c8570-6dad-43dc-bed1-770ad5e4d905	1085
6d5d5e4b-ee3d-4320-b60b-33e0973d850e	1076
6d61b98d-1101-4bc2-bd78-fce94d9f9d00	1107
6d648b34-e2b0-45f4-870a-92b98a2ec861	1179
6d654fc2-9c5a-4261-8c7a-e76e2d2dd686	1148
6d69953f-445d-4606-8a8c-185aea0127c8	1152
6d6c59a9-baf3-48c8-a018-5a1e7029345e	1172
6d6cf2ee-fa49-46ca-88c6-17f3355d463d	1124
6d6da4fd-b118-4252-97dd-2bb243d51f7d	1088
6d7c06a8-8256-4310-86e8-c4bc78072811	1070
6d7ebd74-143b-4018-8c99-79719ab7a550	1118
6d7ff45a-f13e-4f3f-9e2e-0cc0dd76feba	1069
6d87947e-bd7a-4bf8-966f-ee2f9f3d9b71	1146
6d8e0cd1-2066-4954-bdc2-a62b81b5e57f	1093
6d90d575-7374-42dd-9f59-7981cb2b63ae	1130
6d90e563-c0be-4088-8037-a5e9ccb490d5	1151
6d95c59c-fda9-40eb-b4f4-14f540f1765d	1130
6d9745fb-d3f9-4e42-a702-d54fe5d7c1e4	1067
6d98675d-e72b-4ba5-8c6a-8dd04724c90e	1153
6da254b5-07bb-4330-a878-bde8b40f59d6	1112
6da37e08-c0ee-424a-982f-1fa3b54bb763	1139
6da8b21c-5706-44f4-b576-a932d8bfeb4e	1127
6dabae31-b606-4010-a57e-7cac5bc857d6	1131
6dabeb26-98f0-443e-8eeb-06c10eaf9a58	1131
6db03ba1-e390-429c-bd68-aa9af2ae265d	1078
6db079e0-3166-497c-b992-d6fb0dfe3892	1075
6db53075-973e-46a1-b640-7ae95f5fe897	1128
6db7c7a7-3bec-4a79-83aa-940fa9ea034f	1102
6db9252a-d27f-4c18-afa8-d76248ffed87	1129
6dbaaab2-074d-4ad5-b36d-19b3f63b68c2	1146
6dbff84f-445b-40f4-a3cf-dbf4f3eb2b42	1070
6dc6d17d-751a-4142-8aed-957f62466a97	1135
6dc7f0ab-031c-417d-9f47-3de523477776	1092
6dc8afca-a10e-45bf-9445-a99712c4d311	1065
6dc9b063-bce1-4e5b-9ddb-308556a0c7e0	1134
6dca002a-b25d-4bfa-9dbf-f12fd8ede1a1	1124
6dcbe815-35e5-4123-b646-0ed812f12ad4	1851
6dcc6ef2-62cf-4f34-bc23-59916b7117da	1078
6dcd49c2-65d0-4edd-9738-0ab65d0bae9b	1104
6dcef663-3241-43a8-9e30-8b265af11b2a	1147
6dd0dfaf-d586-4557-abb2-794608953eef	1081
6dd13444-4efa-456c-92c3-089527fee395	1540
6dd4c999-c19e-4e5a-ac95-c2b1ab8474a5	1067
6dd67c44-c8b1-473e-a32d-e876765cf805	1142
6dd7857a-20d6-469f-b5b1-12a4590cd59e	1129
6ddafa09-137f-46b2-89d8-8a85918baea7	1086
6ddb0d54-4e8f-48f0-b1ac-0b8319ad6daf	1146
6ddb8117-c5a4-4f98-9af1-5af141cff6d9	1148
6dddaaa5-b61a-4412-8212-ef8eb690acad	1056
6de1f527-ef50-429e-9761-922aaaf4e471	1930
6de26037-a1ff-4290-be00-4f1e0586fe35	1135
6de5a558-4309-466a-a026-00696477962f	1137
6de6dab8-929d-43db-a2cb-b078fd27b811	1134
6de7671e-7e90-4697-a070-7b0f2f632483	1142
6de871fa-834b-41f0-b94d-7dccb9c82892	1073
6dea0106-a696-439f-bd02-ed468537825b	1138
6deb7007-55d0-410c-8e0a-b895f7c1a799	421
6dec7c19-26c0-4a86-bf74-04aad352b9cc	1134
6dfadda0-504b-406a-b2a0-d515a7b7576b	1147
6dfe630f-718e-4b4e-8b6b-66f8c7ae8feb	1128
6e00cfb1-083e-44f3-9670-b2b8899c86c4	1125
6e021f3a-b967-4939-9b69-946cb6c31a3f	1083
6e0788fd-fba5-4268-870d-54c17782a3bd	1136
6e0cec02-ba66-42da-b4c9-6c1499d1aa95	1074
6e0e2fb2-6164-478f-a1f7-d63065fae90b	1134
6e1105ed-1ade-4bac-b731-e96e421e0637	1075
6e1304b6-2dfb-4a67-a4c0-ea1dd0fbfccf	1127
6e177f1d-650d-4f8b-9cb2-a880e75e6550	1075
6e262100-8fe5-4ea8-9e4a-c37fa6e92a16	1135
6e292565-d44c-4e1f-a7b4-e40bd2ae847c	1114
6e2a0f56-57d6-43b2-bc35-a9f959c189da	1138
6e2abdd7-b1ad-41d2-a8f9-8b18e8a1fd6d	1141
6e2b70f2-a702-4cef-95c1-3c28d4a6ff2c	1140
6e2d3e62-ce2f-44d8-9116-d702bfcc019a	642
6e2fca52-80e4-490a-a161-e8721feacdff	1135
6e336e1c-b943-411c-b5b1-906a388db35f	1125
6e3b85f6-18dc-4efe-bee7-0d09755e51c3	1101
6e3d03a4-34c6-4ca4-9666-99c590a214ff	1131
6e3d4000-9fbd-400e-9abb-ccde89321bcf	1129
6e41b0b4-7af1-4bbe-9eed-4e81c8f337b3	1133
6e440504-35b9-43e0-a36a-32a5060a6c14	1075
6e44ab6a-9833-4164-a96f-bb4c95a78525	1084
6e47da19-b06c-456a-91f0-c4e902ed0587	1977
6e4b4366-12b7-4751-8013-e46bf5b34346	1136
6e4e9322-1fd9-4549-b728-1585f15372a4	1065
6e509c81-4505-437a-9a7c-42c311883fc7	1138
6e510ec0-730d-491b-a49e-c6c81152b23f	1138
6e522b20-0906-40e8-8c0c-38e472556fd9	1083
6e537e65-6c0d-4062-8f29-89a2847fbcec	1127
6e5406b8-47b7-49fd-aa8e-70e5062c08f1	1127
6e56a9e4-c318-4850-88a0-21a02bd61958	1087
6e5abc82-a57d-48ec-b411-d53300aff2c2	1078
6e5fcd40-f5a0-415f-bd43-e4304d34bb91	1070
6e61991e-a915-448b-b51f-2370dd3cbb60	1153
6e66978b-9cd4-4eef-816d-e0818eb12c98	1133
6e6821df-a085-4ef1-8f3e-96b21215ed3d	1171
6e6a0190-07ce-493f-bc9e-ef19f78d1e21	1064
6e6a823d-17fd-4268-b09f-22723194b278	1143
6e6b3f4d-f0d8-4ba6-ad27-42398a0ca593	1067
6e6c89b3-a25e-4eab-b2f8-09989e423c08	1066
6e6eae34-410d-4a1e-a74f-656c19d86243	1059
6e70bb75-17d3-4129-aed0-0c8ec3be9908	2039
6e71c660-636c-47b5-86bb-73dd7929d885	1083
6e720ec2-e917-4e3f-856a-90d8a58f74b1	1126
6e72fc03-1dea-4117-8ca6-41c4ac923487	1136
6e7ba4f1-3433-4e3b-a7e7-f03eb307c60a	1067
6e7ef0e3-cf0c-49ea-aa49-a44b8e3e11bf	1148
6e8061f6-cdea-46b8-85f7-60b98c60fd4a	1135
6e80ff3a-80b8-4dde-81a0-b57534f93122	1082
6e85422d-c6d2-4c69-865a-69ae2256f087	1123
6e862593-419a-4489-bc46-a4bb79c02369	1069
6e8a07b0-e622-4a78-bf29-811537824461	1061
6e8a0cfd-8a7a-4a0b-b9d7-85eff0906c2a	1068
6e8c25ae-684b-4ccf-b5c6-dd2e28483901	1076
6e8e6e04-3b77-46ea-8344-3b444909bac4	1070
6e929d8b-c8a0-427b-8837-89e06f0bf67f	1150
6e943e03-08ee-492c-a9bb-d4387c65aa8c	1133
6e95ca3f-8209-48d0-9ba5-bc08594efb43	1123
6e974d44-eba9-404a-bbb2-547b06de35dd	1138
6e9acba8-64ee-41c8-afbd-b7e2403b56b0	1063
6e9c1bb8-4996-428b-82d1-7910fc75ed0d	1068
6e9e8f94-6d76-458c-8000-60d8689523aa	1081
6e9f74f0-635d-4201-a689-afc10285241a	1049
6ea2deac-6316-43ac-88a2-18614781030f	1165
6ea61cbd-a0c6-43d0-a56e-d4948fa9d8d4	1145
6ea79b34-fef5-4ce7-9af0-0f1cb18044b1	1071
6ea80f1a-c4c4-4519-a48e-c7fad0b78619	1140
6ea995e0-a693-4ffb-988b-8974afc3929d	566
6ea9fa92-a9b9-4668-9c09-1986f9a5e923	1148
6eaa54db-8ace-47ba-a3ec-441f9edaa19c	1137
6eae99bd-441e-40d4-9503-8c52c5253d11	1130
6eb0f907-fa77-4e9d-a1ad-9817db3638b2	1061
6eb21f6d-13b4-4666-ba83-fef9fdf21175	1159
6eb5ac98-b08f-42ee-937d-e72e09122f23	1132
6eb61d32-b1ca-40d5-8097-9061ec751e66	1074
6eb65060-3c53-4859-b7c2-961c984784a5	1129
6eb94446-38fd-4ee1-8f1a-129f8ac341ee	1126
6ec39508-6ce2-4b49-86c8-be229f9f4d75	1073
6ec50b71-07dd-4659-a4fb-fa2186e919b4	1082
6ecabc21-de91-4d15-9f20-e57f8afdaa18	1138
6ecc2142-84c8-417b-adcd-b751e34734cb	1123
6ecd064a-d49c-4694-990f-1fa06490e17d	1072
6ecdabe7-1b8d-4f7e-b079-22b094e28939	1076
6eced95e-d2fc-4530-8cfd-1910d6c3fb1a	1085
6ecfb37b-92c7-40fd-bb9f-c846d62d7813	1090
6ed09cc6-c33e-430f-a21c-4e3c997cd656	1073
6ed657bc-d2f3-4328-ae2c-5aa0030d2722	1135
6ed7dd2f-dfbd-4343-8ff7-0a6ec5cbf383	1073
6edd2d31-a462-42e4-9b11-793263f99cb1	1154
6ee09236-9356-4b52-9a5b-a5111891b409	1120
6ee150b6-0304-48cc-ab6f-c915d4450159	1135
6ee17d56-3b0f-4074-beed-218d544758eb	1127
6ee497a8-1304-415d-a7d1-ee7591b49b79	1125
6ee7e0b1-b05e-4aec-a9fa-2e902acb72cc	1096
6eeb5047-3084-4e3a-989d-953339f59263	1137
6eeeeaf1-ba7b-4dbd-9dc6-897d55b77dc4	1132
6ef36888-54b1-4c7e-94d9-36797cdcdbea	1138
6ef48a0b-2d9b-4497-b2cc-df0c93705ef6	1121
6ef4ba04-3a05-4a21-93a2-c3a3c1db0b94	1078
6efef4ac-c47b-419e-a52a-1836630b2b82	1137
6f004acd-f9c4-4b4c-a390-fd877ad81e00	1074
6f06be11-8a0c-41c2-b4ff-89f0d2bc900c	1131
6f09d0c1-eeb0-4bc6-9c78-c454072cd903	1134
6f0ba1d2-68ad-44ba-9a4b-faa73d58994e	1069
6f0bea53-2286-4396-99da-2e8dad656de5	1072
6f0f0f1c-d057-4d46-93ae-cb55d8dc06ca	1068
6f139145-a080-46e6-98df-b4d83ef8a4f7	1073
6f153c83-92fa-4f19-9eb8-100a6370e52b	1137
6f168d43-28be-4582-8c9f-114e6a847b57	1135
6f16db90-9e92-4449-8a0d-7cb29ed25192	1084
6f17659d-d0e4-4718-a420-6106a834d6a8	1140
6f193c46-f499-40db-9f8d-eee78e245dd9	1114
6f1a6545-67dd-4a89-a85a-a892f5c745e0	1097
6f1aaa2b-7509-4527-976f-7795d8793d41	1073
6f1c6043-efa5-4b6e-96e4-9cdf7cff3e2a	1132
6f1c8652-d072-45c4-8d8c-564e29848589	1094
6f210050-7fdb-4098-8a0a-24c7292efd41	1084
6f23a77d-cb89-42cd-888e-dfc97a058e79	1073
6f25bf8d-e762-4e6c-bca2-8407e4876f1e	1064
6f2ac9fa-0ff7-4270-8236-84d2ce8a6b91	1133
6f2daf1a-02e0-420f-852e-fe3b846cb225	1126
6f2e0cb3-d666-45e3-9fa6-80c283a781e8	1077
6f3b2369-309a-48bb-ae66-26c450d0680c	1141
6f3c22bd-501d-4187-a19d-5989d598b5c0	2110
6f40d67d-8805-48bb-970e-a76d5ac81181	1075
6f4554d9-7a2c-4cd3-8041-8fad4faa27a6	1133
6f4658d7-7d80-4ad7-bbb8-84fc882bc777	1083
6f4880a1-7947-423e-ad54-47c1eae75999	1073
6f4b0f55-e8ad-4d49-9725-e0ca90c6fb20	1099
6f4ffe33-4a69-4bff-bdf4-7649c387920d	1131
6f5156fe-8336-43a8-a3ca-40e5abe48f20	1092
6f55421e-cc1b-41f7-9492-6ee7619bbcde	1141
6f55779d-e108-4046-a143-c08184ad5fb8	1021
6f58f0c9-a01b-43a2-be46-c5eccb22bdbd	2007
6f5e16af-4ee2-450d-9859-618c244adca4	1072
6f5ea2e6-2a84-4a2d-8798-5616976db54a	1136
6f5fc667-1d9a-48cf-9baa-b747a97e8836	1480
6f602a63-fe1b-465f-a350-e7940bb8352a	1086
6f60dcb0-4542-4c86-ae0b-6e87543ddef4	1085
6f64fad5-8e33-4f7e-98f3-d328d8fbc0ae	1113
6f665474-d0f0-4915-a3d4-c694562a90aa	1142
6f6a880f-7524-4598-8379-44e56270ba0b	1094
6f6aa45e-5ab4-4815-8a90-a258d6b1743e	1075
6f6c1d05-70eb-4ce7-8d35-92815a3fa7ef	1068
6f6d6900-7bf9-4299-b7a7-19cb7654f7e8	1146
6f6ff548-9656-4f5a-8ea0-f38c2c8acbab	1129
6f711be9-32a3-4608-a248-31e9a541e0cf	1059
6f74aa1b-8eb6-4fc9-b9ea-50fb81501b5c	1117
6f79f708-f72f-4fd2-9e9e-5c32fecb4e28	1104
6f7ae85b-dc39-48ca-802c-07e4cef97ad0	1128
6f869165-bef7-4e37-a94d-2f2b53d247cf	1134
6f8833d6-ef03-430b-a560-5f74c2edcc72	1138
6f8bc1cd-c75f-4bb5-9f31-c851cb64ce3c	1133
6f9249d7-6ac0-48db-9cb6-d124f347af97	1073
6f943e38-f1ed-4ced-bec9-9c1db4a4ea3d	1123
6f95d16d-8119-455d-982b-07e449052ad2	1136
6f962b4e-b3bf-454d-a983-299a1eec5622	1140
6f9942b9-20b7-423c-834f-c6e59c0ba4eb	1091
6f9f8131-0f9e-43fe-8b7c-e1853ef7f2b8	1132
6fa4ce3f-9100-4ab5-8e68-4a9ef617270e	1074
6fa50b40-7f54-4b47-8971-69debff21d03	1071
6fa7081a-d834-4e88-a1cf-a0445d5c5c12	1098
6fad0522-20cc-47c1-900f-1a81dd51069c	1168
6faddbaf-3db2-4e81-a51d-1b35c96858cd	1071
6fb2e6e4-691e-40db-9de4-f5907cf5bda8	1113
6fb71559-17c1-498a-b916-6a57d84327de	1125
6fb78860-4fe2-4d96-a59d-42f9b8a7ee38	1125
6fbb0eb3-493b-42df-8a73-e6382c302c1d	1159
6fbebaf6-43b8-4023-a492-c72540c95cc3	1074
6fbef42c-ad0a-4386-949b-6a8191062b20	1132
6fbf08a4-46d2-4850-b99e-16c9c730b68b	1134
6fc2442e-f3ba-4da8-a176-149c0d23109f	1134
6fc39508-e287-4039-a86b-dfcf6472989a	1070
6fc59e9b-1d0b-4e37-a895-00fad233c77f	1132
6fc76d55-0ea1-4c6d-83d1-05aa05eb6b20	1116
6fccf986-ad03-40fd-86f3-c21be3863cf1	1134
6fcfab02-ff40-4ede-ae48-de60de586c9e	1077
6fd4abef-39cb-4f63-adf7-e08a0bdcece7	1125
6fd72891-9e55-4037-a9c4-4082987c4c9a	1075
6fdb760a-7078-420c-84f5-6acdb8b3e89c	1072
6fdd76f2-7749-44b1-a36c-b56dde0edc67	1132
6fe0efe6-a0a1-4c84-af16-42fe54d132a7	1074
6fe15a9b-32ac-479a-8882-d61a09d555e9	1073
6fe45707-0a96-45b9-b80e-53063392dd60	1133
6fe47725-bef7-423d-8150-452e77f7d090	1149
6fe78b1d-5ac3-44ce-b1d6-dbc769cccf76	1121
6fe8779c-9c25-4701-8e8e-f5dc13ae0073	1126
6feaff87-0f0e-4170-bf54-62aeede73129	1127
6fee8e88-7694-407d-b31e-3503a9b2a8db	1074
6ff20599-8df2-4c42-9902-6aac9918c0b5	1052
6ff48c7f-5c41-4ecc-9ef1-ba3551c073b2	1073
6ff7c59a-4b90-46aa-900d-8d79f8a80579	1097
6ffb3356-6032-4750-8d7f-8b37d5970dbf	1133
70014716-73d4-423a-9919-81e7f6606a70	1074
700473f5-9044-457e-b107-646dc1642c64	1076
70051d08-b78c-4e39-8446-60368d94566a	1137
7005404b-a301-4bff-9e3f-837ee8160821	1126
7005b145-916e-4ac1-a90f-275348f95a8b	1130
7009c7df-4a8e-4087-b97a-24ef88c1a6f9	1074
700c4fe6-ffc9-4364-a7b3-19feb7926634	1137
70136c34-6355-4010-93c4-f304c255c5e9	1137
701556f3-4cbd-420b-a5bb-0dc196729dbe	1069
70161d6c-bdfd-490b-9c0b-690a160ecc5e	1079
701624eb-2c0f-4064-8abd-97d5dfda1d6c	1127
701cc3f1-a42a-4e60-a66f-9fe5e49c9eeb	1072
701e0342-29c6-4fed-a810-e3b955cfea4b	1092
701f1b59-07fe-49a9-ac4d-1a9e7ce1b05d	1063
702050eb-eb11-4a94-b5d8-1184d27f379d	1847
702aef2f-5fe4-4a52-8ed3-f2f560546882	1067
702b3ce3-463b-4a5b-bf4e-3757558f4bdd	1142
702b46bf-dbac-4796-8de8-1db9902a0d4c	1128
702c111b-cd42-4e3c-9010-ce45d8bece64	1113
702e09dd-e31a-4b89-b916-d7d44293253d	1140
70315c6b-8494-4760-b198-27ad0c3643a0	1160
70323008-e10b-4599-87a4-7e2813cb46a5	1118
7032ac3e-e22c-4e9c-b0fd-7d4e054635a1	1137
7036bfea-2ab0-4600-865f-d47008630b19	1098
703802ec-6fb8-4797-becb-463574fb6cde	1135
703f295b-0762-428d-b441-f348df0979aa	1131
703f8864-8e28-442a-b884-2e3da77e6371	1132
70431ae0-19b0-4505-aa2e-fa7b6ec7b1ca	2076
70447c0d-e4c2-43b6-82ce-712ce1664176	1125
704cb25f-3055-4da1-9eb4-53fb3f95cc22	1129
70539175-d0f4-42ac-9fa0-2b6e05884d22	1126
70581f6d-20d1-402d-98d9-665e45976c40	1121
70658a79-ecf7-45e2-9270-48d2b33e6101	1129
706f64fa-1711-455e-834c-a0da9c3cadcd	1058
70790c0a-4ba6-4bc8-b758-46f60761374a	1076
70797bcb-c931-45a4-b37b-b741b67d7295	1076
707ffc7e-86d8-4013-9218-f39fe57a1c63	1158
708d3d36-332b-4ad7-bc0e-e6cbb3e73e3a	1116
70929c13-ea23-4831-a7de-cce97842c24c	1126
70944124-ee41-4e0c-8072-22b9d940aa7f	1067
7094c8f8-6ac0-4021-a624-b12d5845ff2c	1073
709be026-23df-4566-8508-d5d75ec195bd	1069
709eb84d-7e56-409a-8fc7-81a2c6701b35	1134
709f7d8f-b5fa-4898-a349-eb468b8745ed	1068
70a0634c-6ae8-4adf-85bd-170c5b350f65	1151
70a42cef-9bb5-4961-a7ad-03c39da44e3d	1064
70a6a4c1-0852-4ea3-ab39-9d33d2dc4d52	1081
70a71cc9-a67a-4ec7-946a-38acb3e2d55a	1132
70a7482b-3e13-4890-b018-28cf60a64e7b	1074
70a8c679-ae6f-48f1-a2b4-4327ed854c1d	1060
70afc0e1-0515-45dc-82db-b94f78d3dfab	1125
70b091a3-d8a4-4518-bbb1-9f7c5326349f	1070
70c03617-72f9-4b16-b3bd-937f98eafbfe	1137
70c18677-530c-4474-ae40-eba2fa8213dc	1060
70c30ab0-f391-4c4b-8450-fb74a8606901	1078
70c443fc-b665-403b-adf5-c4fd97b8b529	1065
70c482dc-4c3e-44fd-aaba-be3c7c6741c8	1124
70c620c6-0f7b-4ea9-9452-9aef8a87edb3	1065
70c787c6-123f-412c-a9c0-1f434897358d	1143
70cc56f0-a97c-4ad2-99c7-cc09c88e3ebc	1127
70cfc6b6-042f-4b58-9390-3bbcab427f1d	1097
70d00cea-f87f-419f-bca2-baee77b5f2ad	1142
70d057c4-6c4e-43f6-bb38-f52b9c768bda	1071
70d09b80-4ba3-4c0d-b9ba-5b91c1e1f814	1110
70d0a54e-91d8-4726-bb03-2cc2a61bb176	1079
70d425a5-c05b-49d4-9854-020b4e950f89	1113
70d461c5-2baf-4033-af64-70f8a8756e00	1132
70d52935-8974-47f7-bd1a-3b8d14abcd58	1061
70d69682-a53b-4a63-b664-35677b53b83a	1117
70d70eb6-a468-4b15-ac45-1b35efe317db	1117
70d84e9e-0598-4a78-9ec7-f3b3e9a36772	1091
70d852a6-aace-458f-96db-5bd46471ff95	1075
70d9322a-bc9e-45a0-bcb8-dfa75ea14a04	1069
70dd3a74-6c28-490b-af89-d902ae24794d	1071
70e29b56-4442-4246-9bcd-138896a8a46d	1159
70e4ebcb-e441-4c48-9aa2-a2a1bc7782f5	1133
70e52258-a55c-454d-b8ef-7bf472566b79	1076
70e675a9-4857-4d78-a389-6df01231074e	1153
70e7f753-2df9-4f37-af06-08f652fd7f2c	1139
70e8b3da-9812-4d03-9eb4-0c9292a98ced	1165
70ef9b8a-7228-49b1-8b0a-1569e2574888	1086
70efc989-7473-403b-96df-927609fc9d4d	1073
70f1c13e-56f5-4295-9472-05b0a76746af	1136
70f2ab49-a9ad-4c9a-a73f-29c95a9cbe89	1067
70f8c0f9-b59c-4ea4-863a-dcc97d7a3440	1142
70f958eb-88cf-4155-a061-8c6dbdf6ef39	1116
70fbccd7-f23b-4b88-a26e-fc667f499630	1085
70fc9eab-db3a-4f42-83b8-6c44edd667c7	1232
7101f695-bde7-4795-8391-93d79aaa4a70	1127
71053b91-5cb4-4305-aa38-628a88c8f9bc	1077
710a8943-fabc-4f53-a94d-60b3052e8c68	1078
710b0457-f5d9-413b-ac37-6f8d931ce03c	1134
7115cb81-b781-4a9d-9612-42d1bfffc9f4	1466
7116de35-a820-4189-9e09-9879e1cdd3c0	1064
7119c6eb-d3d7-4fdd-a766-84a94207eb8d	1134
711d2435-22e9-4199-86a0-20a9c5f4932b	1131
711f6950-692b-4487-a9d6-dae7fbc43759	1060
7124996f-5bf1-4345-929e-f0e61036d36f	1541
71286135-ca9b-4405-847e-07b1f9ab71cb	1071
712ae4d3-1eff-45d0-ab63-e184a2ceefc4	1154
712d4591-e5e8-4417-8490-fc882acfa295	1143
71300101-c702-4a61-9bca-1c36f78c6caf	1141
71300295-4f32-42a7-828d-68420dada245	1129
713274e1-f7ba-4da9-a5a8-f74a9a791f6f	1129
71362ec9-321f-4e4f-bb4f-e87624a58988	1139
7137c700-c54b-4bb0-a2e0-681be2cf28fb	1070
713a5758-e598-44b9-8be3-6011ee51b30d	1129
713c837a-be6b-4a3d-be68-8dafa3b9d26f	1083
714157ee-d1ed-4f18-9198-da45567f3d0e	1087
7146229e-f0e6-4aee-8e89-023403c63375	1068
7146cc96-8900-49b5-a196-e0232ca9a209	1149
71481ec4-75c8-4beb-b613-2539377c97ba	1137
714a0427-4c74-4e2c-a5ee-43db0425927b	494
714e3ba2-45f7-4a6b-9c90-8c4d95548dc3	1131
71533df9-5433-417e-b693-53d4871479e8	1132
7156ff7c-c179-4465-9000-1f4eda156959	1074
715bebb5-e607-4681-9051-1c75db5fe984	1131
715de519-ddfa-46f9-8c17-d57ac1fbd33f	1135
715e1ba1-2786-4c80-829f-57ac57303567	1065
71615ef7-6720-473d-bdd3-ceeec51f269f	1149
7162a99c-3b92-41b2-9509-fed84b458e7a	720
7166cb6c-3abd-4eb5-a6af-1ae5a88316cf	1179
7166dd25-7d35-466d-8ebf-79d989f9e271	1115
71685373-9973-45fb-9121-2f5396a96d1d	1132
716b41b3-a5c3-44c4-af78-a309086ef347	1069
717089cb-0657-4536-ba32-40dcd347d60f	1127
71709a20-3861-4791-8256-91a60ae705e0	1139
7173cb30-c2e6-42b3-bf05-845f3a59c839	1134
717a737a-319f-4d9d-b048-1945de8730ed	1077
717b33d8-610d-4f7c-9617-071a683a18ad	1142
717ea6da-32fc-4114-a814-590232743226	1476
717fc477-6e9c-46c4-bd6d-d209bdb339ab	1079
71847ef3-a5f8-4278-8605-da36203665bb	1164
7186d4b2-381b-40e9-a178-cd9405eaa8fd	1072
718c425e-9f8b-4d1a-9b24-020eb96415db	1101
718ebf91-b4de-44d5-87af-3f221cdb79e5	1074
7190fbf2-3cb1-4ca3-b9b6-a54f2d8b88f2	634
71953cdb-80ba-4300-84e1-8fbe94a4efd1	1137
71986a85-1a5f-4c8d-9ff3-6e25eca2ee7e	1076
719d2e9d-f25b-41a3-aa82-b876ec349778	1132
719d6b39-583d-4cfb-9fae-c3c446437d0d	1075
719f301d-78ce-4b3a-bee9-d23a5d41f9f4	1135
71a683ce-7c05-4273-97be-c09ab2776c08	1133
71a81e95-2a28-4a41-95ba-fba2367b1e90	1140
71b066cb-bcf8-4701-b9f2-ecfcab6bf138	1142
71b6e83d-f4bc-431f-b296-131f32fe7659	1087
71bb1d0c-67cc-4035-be1c-f0c31adc8a24	1076
71c16d73-d6a4-4986-93ae-535cec65b701	1133
71c76775-0108-447a-9117-31ed5ebf9bad	1154
71cadec2-b515-4f80-b73c-e78c5e9d252a	1128
71cc1184-4dc8-4804-95b6-f3bf4c23d36e	1140
71d0f0ba-debf-4f21-8e30-9136e55f5303	1132
71d13456-49ae-47f4-bcd2-504d9646e721	1076
71d4630b-6e45-47ca-aaf8-0a719024f383	1137
71d4f010-f6d6-4843-8b4d-30a23aa31d8a	634
71d8b4e4-f8a7-47ca-b590-7053fc1deb24	1075
71da6939-334c-44c7-ade7-4e8531feadd8	1135
71db5ca9-6adb-4638-a79c-d5ce7969a950	1123
71ddafc0-52e3-4f08-a3f3-1285eb200811	1054
71dec72f-8045-44a0-8a4b-e593fbd7fa38	1064
71e070aa-3921-4646-adbc-6c9d1fa7641d	1145
71e2f55e-446a-4e72-989b-638357494792	1137
71e3ca9d-2689-4821-bd29-b52e2d9f63bc	1091
71ead2b5-f103-4e0f-9995-33bb4003f1ed	1133
71ead8df-71ba-45d2-b400-63169c8baa00	1133
71ed113f-c70d-43d0-a7ae-af8c9951df34	1135
71f18c2b-8f22-4d24-a287-c2c03dc0d921	1078
71f39889-4e4a-43da-9fd3-70e959dd2b87	1079
71f3de6a-6401-4f36-8115-88ae939eb534	1127
7203efac-2e0d-4a0a-a15d-442c718cee2f	1142
720502c4-2f5e-4884-8723-565bed7ee214	1074
7207501c-ee07-4658-8558-fc26d6239e1e	1138
720ee6ba-0ccc-42db-a63e-9365fe93ed9c	1886
721b1ae2-d010-4151-be91-1e1e57d203f9	1121
721bc0af-0155-4320-badf-1d6517d57af4	1095
721d666d-a387-485d-ae90-5143964c53e9	1152
721dc306-a29c-4655-aa55-08c920d0a445	1090
721fb85e-1764-4008-a964-b9948e9af2e0	1072
72224b26-2888-48d1-a777-55422b94f0ef	1141
72236ecb-67b9-43a2-9889-1e6f02186016	1076
72236ee1-b96f-4348-ab70-3469ad786c9e	1128
72298c49-225e-40d8-92e7-28fd2a41c3e9	1145
722a3850-0392-4898-b50a-5320a40c6419	1120
722b0fcd-e384-4278-a824-7c2179e64090	1134
722b5d87-27d3-4778-9583-408ae1aa4fc4	1066
722cbd2d-eb7d-42c7-a39e-eb949afe74b5	1098
722d035d-c422-40cc-acd7-c79c9c97b142	1946
7232c6f5-6d53-4e11-a8c8-64f8d3839786	1156
7233f6a7-e890-46ac-a5db-72d665489a63	1130
72392852-4a0f-4b57-bdcf-6bd6b7517d10	1111
72408737-093d-4222-a754-a3e603448c82	1139
7243f8fd-4f11-4caf-899e-fc235a927f11	1075
7243fa6c-f53f-4df1-82f2-0ad9834b1a9b	1076
7245633e-c33c-420b-abe6-7b3956450f80	1129
724ef4d0-67f7-46fc-8f17-08ad623b63c3	1755
724f676e-ac52-4066-b4a4-6dc0ab8a0541	1081
724fa98f-6022-4b88-80db-99aa51caea57	1068
72536bb1-ab23-4a53-81b8-6eeaf7b0a3af	1089
7256abb2-f75b-4ad4-9f1c-6c764e6ebd02	1077
725adede-d6ba-4c12-9839-c39a6f2f75cc	1133
725b62e0-f78d-4f63-8d7b-8a6c40a07ef4	1138
726036f8-7c06-4734-b987-44d3cfd1a60b	1138
726495b4-f5f2-46fc-a0fa-9312a7cbbaa3	1070
7267eb8b-5e28-4c00-bce1-1db8ffaaa25c	1053
72693544-2092-4dc0-a36b-8c3162a1d244	1076
726da38f-0b1c-4fbd-8ace-cca8b3286721	1139
726edbfa-ee44-4ae7-8a5c-c606b85c4a7c	1092
727d5405-0281-4bed-8d73-51e0978bd1c4	1085
72819c13-8988-4e3d-ab35-7aede5fb2109	1144
72845dce-a750-4643-a12e-8c5c77272978	1071
728cb552-cf2e-4f94-8cf6-b76d07851637	1133
728cb9bd-b4a9-46f9-aae2-f6e1c9d6556c	1072
728d651e-3d89-4db8-8218-6e1d35c10e48	1122
728fa854-b03b-4a09-bcf6-bdb4e56bd216	1099
72904744-e81c-4206-ae25-9a092904fd12	1141
7292875d-981b-4bc9-985b-b7c5e0daacc5	1053
7293612a-d304-4a96-8269-ff487cc77793	1133
7294907f-5964-4e74-9955-364ea5d8082d	1072
72961732-c09e-46ae-a7d6-b1c2b017b1e7	1132
7299f216-4b86-48dc-a0fb-390aa8e9288d	1119
729a4077-7452-4308-ace4-f1f52866be32	1137
729da179-9dc1-4a79-b13c-bbbf859aaf98	1137
72a3390c-5af7-4a03-9c25-43e682a6c3d0	441
72a55ef5-9caf-4b85-9a25-4f67bcd7c143	1115
72acd43f-1efe-429a-9094-466060a846d7	759
72ad1efc-0df2-4f49-a3c6-76f48677d3e8	1137
72ad448d-eea0-48f7-a48e-4e8d983fb9ed	1235
72ae1810-962a-4f46-a160-ec708476772d	1070
72b27578-b6ed-48bd-b14e-6a00336289fa	1072
72b295c4-1098-4133-b13f-7fb290345ce6	1132
72b36db9-3f24-4d7b-8aca-2e4a2dd25914	1068
72b577e0-946b-43fb-8f99-2c6d2934bbb5	1106
72b5f246-1378-4e78-b0fc-48020e66cbee	1131
72baf1d3-941a-4f35-89f7-cb371620bbb7	1071
72beffcc-8ed8-4e03-b612-455cf520d03e	1070
72c4637e-8b0d-41d3-acb5-0ad6a8421293	1121
72cc9bc5-d8aa-4d5b-954b-ea7ef4eb04bf	1127
72d16ee7-da93-4ae7-b6fd-69e6ad8d4f8f	1109
72d25bec-7249-4b91-b0b3-ccb3ea6cac27	1115
72d47af1-b3fb-4fa1-b5a0-2ad68d414936	1082
72d5fce9-9b72-4f6a-9dd3-4fee4bab7b90	1135
72d9479e-bea6-4a7d-8052-69aced3b5a01	1154
72dc5fce-0510-4a29-8c77-3ca74492e323	1076
72dc8245-6d30-478c-af80-f54ea87bb9dd	2082
72de8367-9cca-4162-83e9-fcfba1437f26	1127
72df06b9-2b4f-4543-b90e-579484b402f6	1064
72dfa838-0d61-474a-9cce-68aefab5dd75	1069
72e2bc5a-6532-4fa6-a0db-9427d3004b37	1070
72e5f7a9-adbe-4c34-a256-6d74ee5ab5cb	1073
72f1dde2-3573-4fb5-81b3-af58bc14f963	1120
72f4977a-970f-4f3d-89c1-47f636e8406d	1134
72f63a24-795a-4af8-8fc8-061f585913cb	1531
72f84795-252f-4d68-83cf-c7c0c71ce919	1114
72fc66f8-d690-4e50-9555-c6afaa627e6c	1027
7300cfc9-803a-46ab-8bdb-ee88499329c5	1113
73034b56-cc75-4f6c-bcf2-759469b33db8	1129
7308c470-0d69-4a79-8bb5-9fe0e0250c94	2653
73093a0a-6d2c-46b2-b97c-703b15cd0e92	1129
730c0ff9-96ab-41e9-8f14-3daa9d6a8263	1139
730dddff-09b4-4016-b099-decbc2ab1334	1058
730e0591-4b0e-4e7b-9bb4-67d59762c526	1126
73111fdb-ea61-4bdf-b8a6-da36c5a300c1	1064
731153a2-3dac-4943-95bb-7554027636b0	1132
7311d957-bd1c-4dc0-9252-b9fd40f9520d	1069
731389f1-fc9a-46a4-98be-adf0040488c0	1137
7319b711-70cc-40ee-af14-2a5418ec0f9b	1163
731e25c1-bf07-47f1-b288-ba218f2ec0a4	1078
731f74be-d10b-4e3a-b728-86ff5c2ef4c3	1076
73236875-595c-473d-94d7-2e228eb812d9	1144
73291fd8-c75a-4bd4-a285-c352f87b1658	1123
732a5236-8585-46b9-8c42-67b09c6646f1	1132
732ca58d-3b5d-42b0-bb76-c87fd3f2e20b	1064
732e12d4-eba8-4cfa-ac6a-8cb78476b9da	1076
733898e5-b59d-428a-8f33-14a2bfc3a6d7	1072
733eeaf2-fa45-47c0-900d-00745284354f	1064
73408ec8-9500-4654-a35d-508ffd7692e2	1061
7340b831-bf68-44c5-b81a-55a55deebfb7	1125
7343d722-542f-4a39-aa6b-40ac0b4912ce	1077
734572e8-6fb9-4a1e-b7e3-418bf5aeba09	1115
73480eee-2528-43ae-8133-b108c4ab302b	1076
734d8502-5826-4889-990f-04bd338b588a	1095
734e6c80-97a3-4aef-a5e8-b5257e3eb6f9	1126
735144a5-e210-4e72-967c-33e87a88822f	1139
7353c85c-d36c-403f-859c-acabacfbc6e3	1138
735799ea-f0f8-43d6-9623-ddb2354323a0	1652
7357adab-879a-4e8d-a1ed-6d5bd78a6dbb	1153
735a54f3-5aae-4560-a27f-83e6950cac22	1137
735d69f9-fcc6-458d-a2d7-4b18a6806458	1142
73617bde-097b-413f-8105-4444f61c2119	1066
7361dde4-3357-481d-a8d2-ee1faebd6a61	1077
73634847-edf2-4a36-8397-e22ede34b113	458
7363e016-bb65-4c97-add0-2bd87fc4dbde	1158
7364983e-6b15-44a0-aaaf-9d8d62c4d907	1129
7374c165-120c-4886-8b33-67197a52cfe3	1136
737c98d5-b42e-4bf4-9f90-1b819d90bd9f	1067
737f171f-7914-4f95-a831-e0737888dc85	1087
7380d9f4-bdfb-403a-a328-d051eb843eaf	1130
73823d86-2d19-4da1-8961-521b18d6ba28	1151
73824057-d267-4bc2-a4b1-d5e29e8d45db	1130
7385b257-0935-4946-bb26-024db0f58422	1073
73877fd5-dd83-40ec-a1fe-92c5fef5d6ce	1118
738de70c-c63b-401f-99c6-abb6ceabfbaa	1058
738fb3f4-3eda-4d1a-b7a5-8d2a9bb6a30d	1136
73934137-5104-47e6-8e2e-ef3061e488f4	1138
73937a6b-fc08-4f27-ad84-4a628592d867	1083
73946edd-8d04-4631-a11c-5597b5514006	1080
739920b5-1b06-4034-89c2-b18f05e9fc78	1130
739d3e11-c117-4051-bf51-cb105be57517	1128
739efffe-87c1-44f5-90bf-5fb97ef381b6	1986
73a19597-ba5e-4ce9-b82a-43abf7852840	1074
73a45079-ab35-4a21-a24c-89e66669f4fd	1156
73a6faf8-49a2-45fe-a7d1-ac33ffe1a31e	1074
73b0182f-d984-40aa-81b1-dd73c62fc619	654
73b08d83-c757-4241-babe-703eb4439a86	1135
73b7e35e-09f2-497f-bbdb-24ca9813fada	1083
73b9fbe7-5acd-4c08-bb16-5c58656fcc16	1067
73bad756-5167-488c-b840-159be517a6c3	1076
73bc40ea-6e8f-408f-8a62-482082548c60	1136
73bd14a0-51a3-448c-b734-4dc5646e0f29	1123
73be651a-6d0a-4e0e-b040-0fa209a997f2	1152
73c0e546-b77e-48f5-a2fa-602f32af8148	1093
73c3526a-649d-4a72-8fa9-aa3220fba61e	1068
73c5bdf2-8488-42f4-ac98-8655bf42e06d	1136
73c8313c-7921-4e6f-86ff-db007a37d62b	1135
73cb543b-d2a3-4730-afc6-074d4270be37	1069
73cbd310-296f-463c-b513-8220e6608fa3	1094
73d0a3d2-9f85-4f38-90d2-83677196cd73	1063
73d498fa-f960-45b0-bef3-52fc269637e7	1136
73d5fed1-3d7c-49a2-b58e-3ddeef15080e	1062
73d9d798-814d-47de-8dee-74b234f79906	1069
73dbb57c-7d27-45d9-8156-6fc1618edcd6	947
73dd363e-323d-4a03-b78c-376febdc8856	1069
73df8473-b5d6-49dc-8931-83ba0bba736b	1073
73e7b30b-94c0-4c70-a5a0-6050b91be1f7	1157
73ec8bbe-e891-49e5-82a5-b7d472ccf00e	1130
73f17360-2689-4a26-9dbe-233130f06f1f	1065
73f197cc-25dc-4ce2-8178-7b089003cd01	1064
73f395d7-76f2-4aba-95fe-c76bdab07487	1100
73f52b64-e034-4845-92a7-d0e922ca355a	1075
73f61ba7-39ce-4f3e-a1d1-0614b7a4a141	1134
74080cfe-e631-4ef7-b9cb-4279ceaf2168	1068
740aaca6-27ca-45c0-99ed-cc58c72e515d	1078
740b869e-ce6e-4ef4-8e7a-5c8443271f2c	1134
740ea485-e6d9-4c64-aa1b-b176b002fc86	1905
740ebac6-bb66-4201-a1c8-3ac965591b7b	1116
741967ae-d5d1-4e7c-8fd8-5acee1ff3dcd	1065
7425d73d-6386-4428-aec6-b7b3fc2e0549	1059
742cd722-6802-4b33-ab6d-7971a146bfc8	1079
742fb95f-a1bb-4bf9-af05-f311ff6244e1	1134
74353976-31d2-4a5a-8ccf-9f2d36146c35	1152
74369fad-a6c8-4f38-9bf4-adf3e9916da7	1156
743917be-baee-406f-88d4-37a0262a5d11	1080
743b2849-fffc-4e4e-99c6-bf4ba7eb60c0	1146
743b56d8-29d6-4c48-b042-40264490b6a6	1128
743ce32f-422d-4ae3-a6ab-9a1d44e8db42	1127
743d8776-1a9f-4bd7-8c0a-b6a13e181831	1138
743e4c24-6193-42b9-a453-f48c41e09427	1125
743f9d75-556d-4a8c-b3c8-62f6f838b100	1146
7442c7b1-7df9-4a90-8945-242c7abe0b2a	1120
744b30bd-42eb-4823-906f-592d9d0393b4	1093
744c1477-b324-46c7-bc29-4e66d7650dfc	1136
7452be56-b002-4114-9607-c26e0e91710c	1137
7457af9f-fc92-4b18-85f5-6a37a3f5ee25	1056
7459d1cc-4d29-4647-998b-6c9f2a20ae8b	1141
745f7999-b4bb-41d4-ba03-6c7e1b53dda6	1132
74610675-58d8-4910-b626-97e1bd32c1f7	1073
7462a3f3-3b04-4878-90ec-d2b4ebfae315	1083
7464103a-7af4-4026-9387-ca7a2d9d1b19	1145
746a1722-2c32-465a-a5c4-5fed2e0781e1	1066
746c332c-d3bc-4d2d-bd87-6a1a1ebe1bc8	1137
7473fc82-31df-45d7-8174-5d088c5c014b	1131
7473ff3d-7f1c-4ac5-9cf0-1e59a810569c	1135
74768808-1a17-43b4-934b-4e3ce352539f	1117
7476ce48-f259-402c-8fc9-227ff3877b92	1079
74785760-5c4d-4332-9a04-832d7c57f11d	1059
747998cf-d238-4f50-9a9d-0ae55e9ae444	1070
747ad2f5-6b5f-489e-b540-22823826eac9	1134
747cb60a-7c07-4910-b12f-65c45278a789	1145
747f9091-c1ce-4887-95c0-b583a160d08c	1111
7486874e-7b57-419e-8be4-9102498043fc	1088
748bf484-3d6a-4c9d-9c76-f649ed865c6a	1066
748c8915-c419-4c07-af62-cc90611dcfe2	1138
749359ba-621b-49b9-84bc-4cd73c4f885a	1147
7494bab9-8e6d-4991-b5bc-5367a63043b4	1132
749c7147-ea22-44b1-8dda-c8bff17c8f2f	1157
749e645d-852f-46df-966b-d05116b68697	1096
74a25b8b-8fc9-4057-bacd-5af776d79355	1082
74a31a83-4915-4089-bf0a-c90ceace1af5	1142
74a85cb8-ab64-4939-be65-ab7c120d1104	1121
74a8fe57-72a5-49af-9913-6cf0a374b77e	1075
74af5880-1798-4be4-a250-6ff4054d2533	408
74b19f60-010b-4a23-b86a-d1177254a37d	1094
74c87341-2d13-4c93-8faf-3152448ff417	1084
74cd6e89-bb0d-410b-84fa-8ed8a57c0db7	1930
74ce5fcd-672f-4ccb-ac7e-dfb385d5b9f6	1153
74d28dc2-b0a4-4d90-85a5-cee9599de458	1088
74d2ae9a-fdb9-441b-a06c-bc500dabeb1a	1124
74d70c41-9c03-4bc0-af44-de2455d56c3c	1073
74d75974-8ea3-4bc1-a626-02a8d12a85bc	1140
74da0749-52ae-4983-aaa7-1a43ab12d864	1237
74dbc042-d1e7-4383-812a-57b6e9d63483	1129
74dde967-b703-4333-b36d-bc87088e2a9a	1138
74e3bdd7-eafb-45db-b713-3fb3c98398f6	1126
74e4c1cf-04ec-44e4-99af-3718ba41cc23	1129
74e6ec0e-3626-4bf9-8aec-028a3a8ff9fb	1131
74e7b30b-a2c7-459c-9338-15153a1e34db	1132
74ee298c-7352-4da1-9ae1-42d5ccbef9f1	1138
74f6817b-95e8-4977-8276-ea142ecb10a9	1069
74f6c649-687a-4183-aa3f-466cd60d077c	1141
74f75ae6-b229-46f6-a12d-b7b430f15d99	1126
74f809d6-f6ec-4da9-9678-2e5b03104d6a	1131
74f8ddf2-9236-43fa-813b-c149d6477b9d	1055
74fba589-571b-4a6b-b018-8f5252dbaf46	1143
7501913e-729f-4e0c-9510-a979d3ea579a	1163
7506b794-4f06-4150-81a4-f636261c8088	1172
7508f4ee-4a8e-4480-b570-0fa667935b4d	1118
750a462c-975c-4d9e-8cfa-83fcf66d438a	1089
75125194-2b83-4906-85ac-01491cd33a03	1063
7513f51b-e5e1-4b84-b5e2-ffaefa62db31	1133
75176180-7af4-4191-a3a9-9eb8b7ba56ac	1073
75176e23-1506-4277-9cf9-950019de0daf	1139
75177372-3b0d-4be5-8cc2-f5af8f008a74	1147
752470bf-d1e8-40f6-b616-9884b6829cc0	1135
75250ef0-dde0-43ef-bff5-c3559b0668ba	1076
7527f09d-e273-4dc6-9ff2-ec7708ddb7a6	1128
752b1324-9cbc-4119-80e7-f96e1c7f33b0	1057
752eb867-187e-4cf5-81e3-e8384e210e5b	1070
752f5e4d-c2c0-4106-87c2-2f162ac4d2fb	1075
7531bda2-a81e-41fb-bea1-d64844ad95a6	1064
7531df50-8c86-4051-a6ba-43f64642a8c1	1071
7532f79e-ce49-4637-b339-081efbbd471d	1075
7537f980-8feb-4272-87c3-0179d44b9d81	1133
7539b0b3-89a1-49ee-9d72-d37af440f3b6	1063
753dea8d-b663-4629-9df4-be82160bba43	1068
75416e60-0316-452a-be8d-b79e6385e60e	1063
75431ef5-5f82-4f24-a0b0-513efcb7092d	1075
754cf375-8e17-4b93-9791-1638182b4a14	1139
7558697d-9312-49db-88da-5111044f6248	1069
755f73a8-0a5d-4379-aed1-43a950b3d04a	2129
7561c362-6ff0-4b36-8145-20cc9cb2b8cb	1101
756e6521-c406-441f-b033-44e51b05164d	1129
7570b480-ad43-4694-9bdb-8298a3e03fbe	1162
75722db2-c65e-430c-aa42-4fe2f2fe6369	1148
7573809f-9344-4d3e-bd6c-7ae8f91b8204	1059
757b3e8c-9948-45b8-8623-425d936121a9	1144
757c723f-9fe9-42f1-8d08-3c732645c4b0	1124
75853da5-914d-4e74-a876-1b79da77b9e8	1064
7585b542-ff9e-4156-90f6-b3fb4c75a3fb	1087
75861683-6648-4e34-8585-1524aaf2ae84	1143
75862cd3-fd4e-4115-ab8d-d34c29e7777a	1130
758a22b6-26d1-48a5-9501-2d4af7f5ba6a	1138
758e0430-e03d-4d8e-b80c-30bd60a84690	1133
7595d0e8-b495-4ecd-9a6e-383f113c808e	1136
75967182-1a16-4858-91ab-298aa645e007	1134
7597172e-8075-457f-8723-2c2343d708c5	1075
75984ebb-549c-466b-8fae-4860db9e76ef	1122
7598ab93-1016-4938-958b-94afb7a52417	1134
7599a74d-fd8c-41e1-8712-8d3c7475d8d3	1166
759a3122-c285-4413-85d9-9c051d3674c3	1069
759e6d34-5c9f-49a8-8e12-cf16744ed1dd	1075
75a1566e-39e9-4c1b-a58b-e1ab4e0a3aa5	1138
75a308c8-2652-425a-ab7c-c3fec2ec65cc	1128
75a5ca6e-b219-47ab-87f5-5d1fcf8fb3ab	1152
75ab56b8-31af-47a9-b062-3f97fdb590d7	1078
75ac5629-93b7-467f-851a-bb020592d23c	1136
75ae7c4c-7a67-4efb-aa09-881e65879d3b	1069
75b1cbba-4e75-4bbd-bae7-117c0c1eb7dd	1153
75b2659e-4da1-4a6f-9e0f-74206dc7a28c	1054
75b3d4d6-ad07-4f76-9e31-bb6f7870d8e2	1103
75bec404-e666-498f-b050-2f5cc344c1f4	1123
75bf9358-79b7-4c7a-b5d2-01f4a418eeaa	1123
75ce62d4-fa07-4c41-96e7-90476d4659d4	1135
75cef23e-f67d-48b4-a68c-8b1f1d9c4ec8	1152
75d1c541-ab85-46d0-937e-cc6722c7a2f7	1138
75d2a70c-48df-4341-9c78-e1f2fdcf64eb	1124
75d455d3-e9dd-40b1-a697-e5b8bd6eb631	1147
75d5c982-e058-4fd0-aed9-ea6ed3d20d78	1125
75d5ca03-b088-428f-b38d-24f9a03157d3	1060
75d7256b-2b22-4c8e-8e05-1752f3695132	1127
75ddb23d-dd41-41c0-9a00-a02d02fe0d6e	1155
75df649b-76e7-4d35-bdc6-796376c8dfc7	1121
75e135f6-51fc-4698-95e7-77a0331172aa	1124
75e8aeea-db26-49f1-91a0-545afcfa079f	1129
75e94705-3dff-42b4-84cc-fba2895fdd5e	1075
75ea5d32-a312-488b-acdb-834354f02b25	1132
75ec7ab8-f5ed-417b-a4b6-bef392689e14	1130
75ec854e-78ea-4c13-9a72-aa831ba9e6d1	1152
75f9055e-6030-401a-af0b-dbd3964aa514	1095
75fb8539-edd6-4b43-867b-d43cf15bca4a	1096
75fb9806-8960-428c-9f44-9dfc05b191a8	1098
7605ec0a-727e-41e1-97ce-f8eb94827288	1139
76061b34-af98-44c5-b220-accae3fb1aa5	1020
7608a684-6c45-4fa1-80a0-9aafc17fae96	1078
760ab96f-7529-48e3-a827-ede8397f9e8d	1123
760c1b69-d5e5-41c0-ad52-67206a910288	1074
7612ebcc-5e59-4caf-96f4-ce867471764a	1150
76193eae-1fac-4606-b4da-3d0b1741f4d8	1858
761b92fd-4f72-4a4d-bae2-681a78e0b1d9	1127
761cb022-b082-4e94-87c9-27b270422020	1087
761d12ba-f57a-4a72-a6c1-3968f6aecabc	1135
761d451d-5bf4-48a6-8e95-8901f1fef6e7	1119
76234187-e711-4bdd-9c52-78e22604fdcc	1116
7630be64-19ba-4d32-b76a-9d7948b146c4	1064
7631b56f-fcdc-4ce6-935b-8de8012cfa2b	1138
76331c27-dfd3-4e2f-80d9-62810d74662a	1063
76351ab1-afeb-444c-8dc8-d3ba9404f869	1529
7636e292-194c-4fa2-8256-5ddda18f249f	1069
7638c8aa-bf71-4935-8633-f5dead6faff5	1137
7638ffff-d96f-4549-afaa-539f82f0e186	1122
765425f0-309b-403c-8e64-83d1d5bf0296	1081
765db674-f432-4b7f-9ae1-c40d813809aa	1077
765de26c-d919-41f0-9664-b25372126c96	1267
765ec460-63e4-4d71-b138-6080601933b8	1127
766238e0-5e1a-4244-a82e-4feac0f92cca	1077
7663eda7-ce41-4df5-86f9-118a36efb345	1119
766824f6-ecae-47a1-a90c-bbb7982e2e85	1134
76699e72-3e12-42ff-bad9-ad4bc8253a3f	1068
766c57b5-28af-4fcd-907b-6a162bc87814	1148
766cfabc-514d-4c98-8a1e-dc47f6c109b2	1097
76775fb1-1118-43e8-97c2-f4fefb82ee39	1141
767830fb-410f-4713-bd7d-3fccdcdcac7d	1073
768252cf-fdf7-4e1e-9ee9-2568ce919faf	1161
7682a242-ef09-4139-8202-30b670e26015	1117
7683ffc1-15eb-4175-ad3e-e701ca5c2513	1141
768846c3-690b-4f83-bd8a-1ef8efdcf9b4	1145
768cbde1-921e-481f-9f50-8f63dbe63528	1161
76902336-581f-4c04-bef8-ad96f4a7439d	1138
76907988-5cb5-4cce-8921-d3054b5e2124	1077
76907ff9-dee2-4a27-9992-9a7f9d65fdb7	1069
7691c420-6fa6-479b-b779-1dcb2c32435e	1072
76935871-21b1-426f-98a2-6af0285800e5	1134
76969454-51e1-4eca-af02-46860b830765	1074
76970f51-c422-48c6-9ba4-b8b689ab2a41	1142
7697d2ac-11fc-4d17-b3d2-add7fcbb4808	1126
769aa4b9-4fd4-4ffe-b873-20db252ebbc5	1086
769b24bc-35a9-40bd-bbb0-6b846551f63a	1130
769b803b-fa32-49e2-b4d5-04ee4791833b	1128
769ec94e-dba8-40cd-95b8-6ef688220d33	1125
769f3b18-33c7-4560-8342-643d3cd34b57	1129
769fc4b7-7de1-4c26-8690-a5f0805ced69	1153
76a4278c-81c9-425b-bed3-7143014de4ad	1136
76a45c1e-3dd0-4ca9-a288-86203192c80a	1135
76a5828a-d217-48fa-83a2-bf18d9e71539	1143
76ab4492-90ff-4ba2-9c95-984a708110c1	1104
76ac31fb-b26b-430f-ad7e-03b0eee5f67c	1076
76b15002-2f64-40b1-a788-86ec628c7fcc	1117
76b35a1d-3dd9-4f4b-8afa-f57d7c5e9e06	1150
76b4fdeb-20d7-469d-8aa7-a5089f9ec16f	1073
76b6eeae-f44c-407b-ba5b-cd5701caaa29	1139
76bbbf75-8d1b-409b-90c4-ea70b6843b45	1134
76bf7d21-9c79-4203-beb3-414a8ac2c6ef	1081
76c0c75a-88ea-4425-b4a0-b32b67ff0a13	1055
76c27225-2511-4eef-b26d-9270d1e967b3	1132
76c32b73-2d3d-4611-a256-3ae04d57a084	1134
76c4a70f-28fe-47b6-8a22-b2a02e296ed6	1153
76c6f9da-901c-4c9e-beee-68fbe6c7a1be	1159
76c7ee20-6011-4db3-8172-31086fcb51c9	313
76c828a4-6a06-4e21-ad1f-34b91fd812f3	1143
76c907d8-4c66-4864-8cbe-e40c7e8c65c7	1069
76cc4cfd-6e1c-4e7f-b7ee-d70639a7d1e2	1118
76d28846-618b-4b5e-a5a2-3776861f7f5e	1159
76d8857e-a4ba-4ef3-90f7-ec0a1ccc901d	1066
76dd95c9-66f5-44bd-9450-046e834f0ef7	1133
76ddc0fa-47c0-49bd-b983-72ca1e334364	1137
76de0ffa-711f-4283-b57f-a279be00ddef	1079
76e12e0b-c841-4f2b-947a-daa936b2e0cd	1069
76e26550-6ef9-41d1-8113-55da851418f0	1127
76e2bdaf-a17a-40bf-a906-f623a84a8087	1083
76e49ee6-4362-4fb0-a3d1-cb05b6a82d26	1161
76e5edb4-ae15-4479-a720-c490ee85561a	1068
76e7ecb5-1db1-4e02-a55f-769086ecf58e	1150
76e84456-8a6a-40b0-8ecf-47a5a928dd6b	1130
76e851c6-7012-41f8-8f6b-79b9d11961db	1060
76ee79bf-41eb-413d-b763-b75d791b06c5	2648
76f18ba1-2db1-4c05-8527-bb2223f655c9	1928
76f1f50e-60a4-472c-a5fa-0bc1dab8a528	1074
76f4e3fb-de8e-46fb-8d5b-93d3ad349565	1150
76f93175-6af3-41a1-8389-1fee4eb47399	1068
76fb355e-c9ad-4f23-8a57-f51855860542	1126
76fbef26-d0c6-4979-a5ff-d6e408d70052	1162
76fd00cc-3543-41b4-a276-5deea840b138	1078
76ff2009-9adb-42f1-99d0-b9f91d009418	1069
76ff500f-6e13-46b8-a040-9f78bf976d10	1094
77007adc-6227-4ead-99da-e2ac26948e7e	1117
770914d1-b632-42fe-9156-97f841e13121	1136
77093134-00ea-4556-9ea2-74b9a08862e7	1066
7709f8a5-b3b2-42d6-9235-8b59084e03b7	1129
770a2c1b-e94d-4939-8d58-26a7cbd75ea1	1078
770a4bf7-0d6a-4ec7-a5ed-7fcd81925a3c	1137
770c3ace-ab63-4f87-9b13-e2aca93b1a79	1127
770ef008-a976-42b3-b497-2dd87710d2da	1066
771aa8d6-53de-4432-b645-b10d1d7333be	1083
771be5db-ab09-4fa0-aae0-0d69394ec6b5	1077
77228d6b-73d3-47b4-8b0e-f60a498585f7	1131
7723e896-a711-4046-a9e5-81d2f907ff89	1139
772873ad-6272-44f4-9b20-c69f7fe36c91	1075
77298320-9ed6-4b96-a657-31cd8d94bf1c	1068
772b1a92-25b4-4e65-bf47-6da1ee9cbc53	1077
772f6b12-6ea6-4139-8561-645bbfb6a507	1133
77302f18-747d-4080-bba5-18475b4b2858	1134
7732bf11-5060-46e0-b103-7987188ae335	1128
773740ed-9a38-48ba-81a6-556bf1365647	1076
773a019d-6a3d-49ed-815d-3bf1be801998	1105
773c75d1-aea0-4911-bec3-d68e53e1d8d9	1129
773f3f80-26ba-458f-b308-8f7c12868882	1132
77438017-c8b5-4528-88a3-1bff890ea8b4	493
7744386d-d776-4722-bb67-731a04bf11e4	1077
77444a3c-07a5-479f-94e7-70120bd50bcf	1126
7745295b-72d6-4d87-b042-d94c5e5f3a46	1135
774752c6-036f-44d1-97bc-9e5eaad228aa	1124
774b12b3-4622-4af9-80ce-c2de5c65b55c	1074
774d9d6a-3e6a-4de3-96ca-2a5be6fd81ba	1134
774e238c-6284-4948-a4b1-d1884c32443b	1133
77504cbe-557c-4a7b-9a4c-6cf596228803	1127
775301fe-f3ed-40af-adc3-e7ac0d624a3d	1094
775952a6-80a1-480a-a924-d4d61444aa19	1095
775d7e28-2a8d-4b41-8831-1b8acaa94794	1132
7761d72c-0771-43f9-9563-59e84fa9785f	1124
7762b2d9-e7b0-4ffc-bfa5-bb29cc32a02f	1148
7765961b-d72e-429b-bfe3-62c6bcd846cb	1137
7765c889-b453-4d5e-a9f5-f6a783253331	1074
776d0c51-1290-47bb-9b66-350157082ed1	1130
776d3f78-2fa1-4290-9528-bf0405f9d6f7	736
7774f6e0-3f00-4cf0-895a-6dda93631181	1155
77752ff6-5b66-487f-8540-e5764011a3b4	1146
7775df68-62dd-4987-b4ae-307496a17597	1144
77769856-0373-4c9e-9f27-2fe2976dfd59	1132
777cb103-26ec-426d-a11c-f76bc16f4bda	1076
777e0595-29f6-4378-85bd-5dfa0fe7fd26	1135
77802355-b349-4262-a0b1-b1da30989141	1096
77874fbd-b507-4ec4-ad91-a4818612c67f	1072
778a3b0d-7de8-4813-a6ff-37442aeaa03e	1097
778a3bbb-267e-41fa-b874-91905a560fc4	1112
778adcc8-c64b-47c3-85f7-fd179f5acaf4	1152
778ba8b0-aff9-4f8c-ab3e-a5912fcf7b84	1072
778f0589-14c1-4995-aa4e-dae75f7a39f1	1077
779239b9-5d69-491c-9c8f-f561c30aaf8a	1144
7794a5c7-2184-441b-890a-2d15f91ab808	1142
7794afee-a770-4840-8617-a2f40e2ba033	1094
7794e6a3-3ab5-49b8-beff-ac7975e817e6	1070
77984479-591b-4809-ae49-544272ae413d	1077
779acdec-c91c-47ee-8fdc-5ede8093c49a	1458
779c3f7c-d74a-42bf-8766-c1205cf9116b	1138
77a77fcf-4aa1-4869-bda0-2bfb19ebb531	1080
77a79679-2925-4ae1-aafe-5009a6616227	1121
77aa2e07-6c31-449c-b22f-e59ee383ef45	1111
77aead4c-61a0-4cc3-913d-3cbb663702b2	1075
77aefded-d02c-4d23-a539-41fcdb9d09e6	1067
77b2e3e7-4dd1-4248-b812-44be6533c11c	1132
77b6c48b-ff04-447d-86c9-ca982888e321	1145
77bbf893-a092-45b9-aa67-517513cbf0e1	1136
77c51d37-1d24-474a-8374-f8249f4bb764	1138
77c68e93-d6b2-439b-8af2-635a776234a6	1130
77c6c7b9-31fa-46c6-ae61-b398354fe05f	1070
77c7a6d9-1625-4228-8572-11a09fb3cb08	1128
77c9f998-e405-477e-8863-5bbdacad9875	1072
77ca8c12-6f25-4a7b-a6ee-121c1549c1d7	1142
77cabac0-dab5-432f-9abf-24bf60ea6da7	1077
77cc4980-d0d1-4016-ac87-ee2117ff8a56	1070
77cfb300-20a0-49c8-950c-8c9e5a514643	1101
77d38f99-7025-4f61-8c42-1345612fce5a	1165
77db511e-fcd4-4ec7-89e8-775ac71cf042	1084
77df9249-c48d-41ec-9cac-8387fcf57e64	1078
77e1b09b-1a4b-4f42-bed8-2fe7e8612adb	1141
77e65be7-08b3-4175-adfe-81bcbe458454	1161
77e77ff8-2ffc-4fdb-960a-d8a5cebd09f3	1075
77e7a89c-c7b9-4fd8-8222-4f5a27234d6f	1132
77e81094-ad9b-4057-b73f-313cf698d8ce	1073
77ea9eb7-27b5-406f-b25d-6d8295872628	1071
77ef412b-122a-40c1-b4d3-4d73389a3cab	1078
77ef7c38-9602-4863-8eb8-106c59252196	1133
77f56f34-46f0-493f-b8fb-e6b833dbab78	1503
77f8b340-4366-41e9-98b9-7bc8211d3cbf	1143
77fbbc56-5171-48af-bb2b-99e761efe699	1078
78036ea6-cb16-4f89-81ac-409c94d337ab	1135
78063bfe-c678-49ce-8369-22e3528add8a	1145
78083ccc-3d0b-49d4-9798-1c740e950b6b	1135
7809e914-6366-432e-8e88-ac6f5264b793	1143
780eede2-fc66-4311-8663-22ac84e07616	1057
7816c46e-b995-412e-a852-94e19c779caf	1131
7817888c-eb85-408b-8e9a-cc6f07aa61f2	1070
78184696-4aee-4d12-ba5b-a5f31c731f1e	1128
78197147-0a56-4397-bfd5-3b6a8ef27c96	1145
781a4607-4795-4a2f-bb57-c4ad895ea3e7	1096
7825754d-e8c4-434e-9014-303d283cfc02	1060
7826532e-7f78-4f4e-a864-d176b5a4307e	2147
7829322c-5014-46f3-affa-a0cfbd200817	1925
782bb034-c8bb-4dc5-8020-f1f5181959e5	1070
782e3596-2b45-4846-9081-ffbb331fcd49	1132
78303579-66b5-4167-8dd7-c4c4a600b061	1113
78306686-145a-4010-999e-87c0851d22f4	1135
783083b8-8b8d-4c8b-a083-e0df77b6711e	1065
78313936-279e-48f5-997e-d9db7a1b7ccf	1074
7832ca6f-9246-47d2-8bd1-135c4d60226f	1141
78377ac5-6871-427c-a4ed-56678aefcb06	1568
7838d8ed-8137-4f05-91af-3e4ac799abcc	1136
783942f7-dd8c-42d3-ba11-cf595c11dad1	1129
783d9426-ab8a-4b24-ad75-4a9e63110096	1070
783daef8-8bc7-489b-9d3b-510f35e21f3d	1077
78453f2d-1811-47ea-8b73-e64c55c03722	1137
78454022-75b0-4338-a229-8521d77c5a91	1934
7845498f-0d66-4c20-bf6b-15305d6d154d	1150
784855d8-1946-4a8d-b6b7-9d695a6e7fe3	1123
784a2ba8-e6d6-4459-bbef-eaedc29a1d04	1140
784b604e-3906-4aef-9f88-bbbc306a525d	1141
784ecbc9-4a10-4fba-a847-fdd3c5827e54	1113
78536dc0-638f-4881-b77f-bfe316a4bf20	1070
7857812c-c087-48a5-8693-88fa93b68eba	1997
7857abdf-b389-4e05-a133-37b5ab2ea696	1130
7858176f-0063-42e3-b4c3-e9cbac28ed52	1124
785820cd-4a95-4465-87b9-4a3cd699310d	1112
785d0cdd-6db9-4e9b-a869-c546a0db10b3	1081
785dbf07-6b76-4a7c-929e-8373152fcc61	1136
785ec281-62ff-4476-b982-6fbf00f22d7f	1064
785f209f-bbd7-4596-89b8-01b8fc605fb2	1076
78652135-b65b-4620-9fac-cb6f300fc55e	1066
786612de-748e-4ac8-8bca-b0fa1ba4bc04	1126
786619cc-821c-42a5-b2c5-599fd8b63724	2012
786b8145-e5a8-4a0e-bd6c-796def9bddb2	1157
786d4288-27ee-4d85-8190-549a2a64ce6d	1062
786d8304-1447-44d2-981d-2fcc2a1e3a22	1073
78727e5c-13ac-4ba0-b53c-a5367ea13e81	1135
787303d5-d577-4a9d-ba7a-da44cb4e13d2	1077
787681e7-682e-4970-b321-ab7900389277	1073
7878276f-f0ff-4c20-9c06-58d395674f8e	1117
787a2580-8773-4302-9dd7-aa528c413ac4	1073
787aee49-4e4c-40c8-9e12-3a624ab46fed	1075
787bda3d-a59e-40c7-9468-ab2d75dc1539	1139
787dbe1b-3739-4fa8-bf40-a820d108b807	1136
787e2e44-d80f-4f88-a886-21dda0d162d4	1118
7881112b-ce1b-4844-b4db-fa0eda3b6227	974
78839d38-5350-45b9-ba91-fa068b26b606	1087
788702b9-ced2-4fa9-a1ee-427dce7985c2	1076
788d58f1-d823-44bb-9ee5-bcd093007400	1143
788f673b-eb7a-4b11-87ed-7c0bf88daa1b	1139
78902b37-0bc8-46c4-b0c2-5136d500232c	1069
78928cde-87c9-4fbf-8347-34237e47367e	1159
7895c181-d86e-42eb-b88d-a87654878ce4	250
7896c34b-105d-4ecf-a45e-7d7a3c60c71a	2033
7898e148-7a82-4614-8d24-553c48d61696	1065
789985c2-e225-4888-8c44-7385eb33aea0	1136
789a4517-610e-4a7b-89c2-457488e8ebb4	1066
789bd736-0f19-4c26-a467-c0b61b1beaf3	1134
789f4d11-c96c-430b-9b64-3a5f9eaf6396	1133
789f5239-941a-4b9f-b486-3cdb614a2d46	1128
789fb353-9e19-4125-b107-544313838214	1159
78a5a5ac-36fb-4d7e-bf09-16993a48d5e3	1080
78b155cd-cdae-4820-94de-b3fa9848e15d	1130
78b231d4-50c1-4a76-a4e5-b33d82887c22	1142
78b44545-1015-4156-8816-898bbfe605a2	1138
78b6bf55-8d35-40fc-aa8d-205a5acf4cf0	1137
78b92622-7905-4add-92f9-e05cb12876af	1127
78c3a58a-838e-4777-97d9-9239896b0a0e	1136
78d172bb-2939-4e15-896d-81b38c9308f3	1136
78d3490c-7dc0-408e-b842-ce053496993f	1146
78d4fb2f-f9cb-45cd-a0b8-59ec914ebf5b	1142
78d7c9c9-ac3a-4528-af78-21c06797f7dc	1067
78d85d99-c82b-49e3-81fd-84b9cdce1ff0	1133
78d9b9d3-0739-4b0e-8b2e-fedac6c12039	1133
78de3331-0dfd-43ba-8d9d-99ddf7e9ba0d	1073
78e536e1-8206-4d7d-8fcc-21f48973729f	1140
78f09fca-41fc-450d-b9c7-cdc33ad64b1f	1072
78f2576a-7835-4bb2-a416-dc006ae78e35	1134
78f6e8b1-b158-4a3c-a992-7af81de5fa1e	1096
78f8dbc8-6c76-4439-a018-802cab601fd3	1133
78fc0912-3c98-4d20-a004-269c1e01372c	1150
790034b7-ba91-4b9c-bb25-fa2ec8c9cf3c	1072
79022d36-dd2d-403e-9242-d03ffecbe3fb	1756
790231db-d0f0-412d-b3cb-cf18272c709d	1064
79030b2a-c1b4-47ec-8b81-6702d7e3f7f3	1134
79041c22-2a1e-4fc0-9a65-38d0f395dfa8	1134
790a81eb-89f9-4ad5-9d8f-0652be20a4da	1066
790c0e9a-7f80-4c33-9fc7-7b4f6b59a7a0	1129
790da0c7-fc0a-42bc-8edb-f0bda20b09a7	1060
790fc15a-035c-4e21-a244-a5532a47c7e8	1125
790fefcc-bfdb-41bc-8950-264498dbde4c	1136
7916cdf6-69b8-4b2c-ad2b-a55f083171a5	1108
791e2073-df44-4310-a3c4-db8a72e05dc1	1543
791f1be3-e127-4da1-a9b6-2d256105832a	1129
79200323-bd09-48c8-9a18-c724b97bdbd4	1077
79207c22-3514-46bc-ae52-8356bdc0c568	1079
7925cddd-fd9e-41f1-9e6e-f62f7b6046cb	1082
792662f1-eb69-49d1-bb10-02bf7a04a104	1053
7928edb7-e633-4098-8add-464200167f4e	1137
79328008-1d98-4ab8-a647-ecfd3f2c961b	1086
7933671e-5989-41e1-9837-3f588026a480	1111
7937cfba-ca57-4262-b76e-2e2a32cc8d4f	1152
7937d240-6e17-4c67-92b5-2e2be155d60a	1131
7937df85-31f4-4ee4-afe1-370cd3c17f29	1136
793dc86a-6ef2-42cb-a8c1-bf2480087366	1066
7940557c-f06d-42b4-9089-7973841f5e59	1118
794dbebe-a445-48ba-b757-8eb4b73e120c	1079
794f5471-c79f-4e99-b32b-ec15f390a34a	1129
7951837d-1ef1-439d-adb4-ff32e7fc0928	1071
79519c2d-7e08-419a-b02e-18d5c5e6317d	1077
79559177-2c38-4117-9117-d7a79dfd3d45	1138
795ab1b4-1d3e-45c1-b24b-c884c76269b0	1155
795c50fb-b2a3-45b2-8c08-500730fa55c1	1072
795e54a4-842b-4545-9030-038f6a5650b8	1075
795ec809-9a57-40a8-8acf-a1ae647da094	1161
79600d6c-cb22-43b6-b5d5-8e276671d29d	1144
79641544-1f19-4e74-b1d0-06c903026188	1155
7964662e-539f-417e-9eb4-116824f245b6	1141
79652910-c385-4f90-a8c9-2895fd485c38	1078
7966c635-7de6-4dbc-b17f-fd725ab76606	1153
79688fe0-2908-43ec-bce3-dbe22fde832e	1074
7969e042-e681-4117-8127-883f989484a5	1134
7969fb76-0922-4052-84b4-b0a8dbd8d7c7	1124
7970649d-06bd-475e-b19d-79b9cd146412	1067
797700e0-5030-414a-950d-b9f55c135471	1066
7978ffd4-19d3-4cf5-aa6f-2e83aca17f52	1081
797b3762-2935-4696-a47e-6fcd324584d5	1126
797c529c-1428-400c-80d8-110b4d7a032d	1139
797d37f0-a623-4eff-89be-770ac43855fa	1129
79845a97-6fbe-4254-b308-7eb352183c72	1126
7988174d-e1f0-4f7d-ae2a-5b0b59eb15f6	1070
798bd33a-cfea-4514-a450-f2a7f7b265b1	1133
79971618-3771-454a-bcf7-c8248bf7616f	1132
7998ebf3-f198-417d-b451-b8f31c925c4d	1140
799b7a80-780f-49e0-88fb-844233a2d347	2166
799fdf8e-2b2f-4bc2-9605-509bc2c2bb60	1071
79a0987e-2cd4-4bd8-8282-d5e71a163191	1134
79a0c111-aaa3-467c-ae04-a1a24d10249c	1077
79a0ed2e-114e-4234-9f2b-39e2204b70e8	1137
79a38451-392c-42be-b69b-944341bcc7ca	1149
79a3dc72-3102-43c8-911f-37c6fefaa2db	1151
79a5120f-c710-47d7-b5eb-9f4faeba9b41	1134
79abb285-6154-40b5-8282-9372cdab8ca4	1135
79ad4f8c-852d-4159-96f6-840a95ab8953	1129
79ae4118-43fc-4277-a8b0-770c4bd97e8d	1140
79b8ffd4-5857-42c0-a410-c4dd0a4297cd	1988
79bd03dc-0d60-491f-aa54-a731ff83c400	1143
79c0ddca-c1fe-46b6-9fec-2a6b6d8bbb3c	1147
79c7436c-57ff-4bb1-93fb-bc8cd09e99a9	1134
79ca2286-af7d-4458-9eb5-e9e5029568b1	1090
79cfbeed-cd1a-4783-a8c5-4c188f231afa	1074
79d31e90-4888-4d8d-af6e-834b00ccc2e3	1125
79d65c82-8f0c-4ff9-9e12-14b7ccc56d44	1142
79d91a6f-eecc-47fe-b7e1-0e5b4efe161a	1131
79defd01-2a0d-46f6-b91d-b2688d260173	1078
79df0d81-83d1-4029-818b-0ce30af5c147	1073
79e1fa57-b935-4f1c-abbf-d8a76dfb62e9	1127
79e4beb6-2b71-43ab-b399-85154141f44c	1138
79eaa064-4836-4ade-8ebe-d5fd9f49a9da	1137
79f43190-bd4b-4492-89f7-3c8984a3aa17	2015
79fddf0b-775b-4e5f-b292-43c240ad3b2b	1133
7a0573fd-e632-4196-9f16-a68ef069d855	1074
7a090471-8a18-49fd-8357-72a9b10ce6c6	1138
7a09babc-ded8-4569-b1d8-cd05cd79eb88	1066
7a0d3b1c-b355-4a89-9c22-c0abe8dd03f9	1147
7a102654-61f0-4e24-975d-7a2dcdfe423e	1517
7a10ca41-868a-4679-a3bd-baf7ebb366f3	1126
7a14aca6-04ec-4b06-967a-5372f6485cfc	1071
7a15ade5-2512-4eeb-a6a9-c535361d5ac0	1071
7a160e06-46c4-4fc8-9928-fe614bf1ea90	1122
7a19420c-4ee8-42e8-8445-bd5f16051e5a	1055
7a2001c8-a2c6-4e34-81a9-ed97343f4921	1078
7a22aa52-8612-4db7-be89-c2624b2d0a5e	1073
7a25bbe6-c987-49ec-bdc8-2b28c5b65adb	1134
7a29a4df-afcf-4d10-8fbf-88aee5e1754f	1165
7a2e12c0-ded6-4178-9638-bfc2298a4d9d	1131
7a34e9ec-615f-41ae-9ffb-6a5ad009ffe3	1137
7a35882c-68db-4f4c-97b0-d6ecd32ebd4d	1080
7a3593ca-73de-4f33-b230-abf7e7ccba34	1045
7a37d2b8-8aa4-40b5-9f0e-c4031f3cd6c3	1150
7a48b6dd-8324-4ff2-9de5-f3f0a5f240e6	1139
7a4d0dac-6b58-485b-82ca-30b9fce1cb6f	1079
7a553cd4-e966-4583-a9ca-d045e8ecf3b6	1137
7a557842-092f-44db-8c31-dd6a865324f8	1074
7a5595e2-d074-4176-bf32-f4b8c757c629	1135
7a57e744-ff8d-4df2-a813-ef11b142114d	1085
7a591457-c0b1-407b-a69b-80777af5634a	1129
7a5a9036-0a92-47fc-a332-3aa58b110e70	1125
7a5c97ba-26d7-4c45-9854-1f97cca5dc1e	1184
7a5feb97-557a-47ed-9310-679f2d6a64a2	1126
7a60b3e7-86a4-452b-8537-a5cd620c59ae	1082
7a6437f0-4e28-41f4-a693-4ca09998fdf0	1128
7a67aeca-46a9-44c3-97df-cb28125dce75	1133
7a692d89-4a35-4ac5-aa56-8faac420a3fa	1157
7a6935cf-4534-4d82-a9cb-e49ca6d945a9	1133
7a71a5af-5dd0-4769-aec4-ca3e97284c62	1134
7a72ded8-7a82-4296-810d-ea610d3606a8	1153
7a79c9cd-6bf8-4a59-897d-d59651c44a20	1075
7a7b02c0-4e3c-4e6e-9bae-4ce630874bde	1131
7a89d415-7b3e-4494-8c81-8f7336440257	1136
7a8a14a8-c77f-4605-a768-708e7eb5ed57	1907
7a8e16ca-526d-4a51-8faa-bcb53a81074b	1075
7a92c686-e5c7-457f-a708-8356b8afd3bd	1142
7a97928c-65e8-42ae-995e-a60b4be56a6f	1071
7a97f72b-1f52-42f8-8b90-a94fb951b7b2	1078
7aa15d6f-21aa-496f-9544-ceec8fdd85ef	1075
7aa56a75-fdbe-4c4c-aaf3-33eae13babf8	1157
7aad0da4-0c2b-4bf0-a599-08fd5c67d42c	1069
7aad52c5-cc6d-4764-8aba-e0704f3d5c37	1135
7aafeb3a-e432-4de1-bb43-dac1a389a7f6	785
7ab1ad80-51ec-48a9-895e-6ec5a7d231a1	1894
7ab21a9b-c140-4fe8-8021-1c20c0992fa9	1130
7ab24022-7b0c-45f0-b689-8372509948c3	1075
7ab37d03-a193-4631-8865-f7672faf4895	1084
7ab9df8b-4c12-4a2b-bf33-ee5bf8a33981	1083
7abc6a0a-931f-4181-bf26-6f50236f2ad2	1063
7abcaa83-c029-4761-99ac-9808398b13c9	1128
7ac5e01c-a40b-44b9-b8ba-2a4662b0cafa	1162
7ac64a77-bb71-4d57-ae11-e19a003ac319	1140
7ac731be-3252-4fb9-ab87-8c04c4a14107	1130
7ac8372c-5fa1-4a33-b2ea-79e28fb15e47	1069
7ac93f98-9657-4609-883e-6e984f4f048a	1077
7acba020-22c6-4f72-9381-58cc1ee1c56a	1138
7acebbc6-b7f3-47fd-aa2a-ea4958bec779	1138
7ad050a9-e6dd-45a3-9950-b3518b2b9461	1070
7ad050fd-5c13-4fe2-8861-20c10516944b	1055
7ad1760b-2234-43df-805d-13f6eedab491	1091
7ad74875-1d51-4835-b7d1-0b9f053ae4f1	1059
7adf4cc3-22b3-4ed2-92c1-6cdbb893499e	893
7ae00efd-4563-4b7d-aae8-a79f1ca93317	1066
7ae0d434-5cd8-4c6c-ad68-790456141279	1107
7ae2f9e8-2b5e-409c-bd92-a1ab27893f15	1082
7ae31f60-73f8-4bfa-8b82-9e9c6c60d547	1060
7ae349b2-a3ad-419a-90a0-ea386b407fd6	1072
7ae4bcdc-c3b8-458b-bb28-aeb93118260e	1129
7aec2fb6-a1ec-4f57-bb0d-ec0a6f2f6372	1060
7aed482a-1a4e-4582-a64c-1fd8cf51b1bb	1142
7aee8d9f-aa4a-4053-8e87-6c841d36ea5f	1074
7af21b44-f9c8-4180-92dc-55a95a65ef32	1965
7af49481-c1c5-446d-8a02-d84dc494515a	1135
7af8d419-a58f-4353-a6ca-82e1ae26960f	2187
7afa12f3-43b7-4f7b-bece-a9e1627c8ba9	1887
7b066f03-b029-4e18-9210-45444abbecbd	1155
7b087ebe-66fe-4797-8ad1-0ce7dfec1144	1139
7b0998c9-e269-4b01-b6ff-61495b3a77f5	1141
7b0a4a01-5c37-4653-952d-301de4a5d3d4	1110
7b0e354d-252c-4a60-99b4-58cf2afd38ca	1141
7b12eaf8-8b06-4f7a-a8b8-377c98dea0e7	1068
7b1602a7-d340-4526-afab-cc4d1b5ffcf4	1130
7b1626bc-e034-4f56-83d7-bf08ed95a0f1	1077
7b18f49d-d482-422d-bafe-8901328884b3	1140
7b1adfe4-35f9-487e-afdf-e7d4cf2e8e88	1129
7b1f8b61-2d7b-4bad-8ef2-2bec1058aeae	1069
7b1fb308-1382-40d1-a88f-ab72b790a570	1077
7b23e0ea-c49a-48b5-9cb1-840ba9c3ce88	1080
7b24537b-abb6-4322-b6b1-1048c9b5cfe6	1132
7b2732a3-ef7f-4724-a32c-d85f6d925aea	1130
7b2968f3-8367-4198-950f-e49cb493a981	1134
7b2b4198-ef3b-4ccf-8054-2a8212b74be2	2113
7b2dfff0-b67f-4e10-8969-152e3bd18b79	1146
7b2f9669-c99d-4c49-91e3-d143f0a63bb9	1130
7b31e308-d9a4-4765-8953-db3236466748	1133
7b34643a-8939-4f48-849f-c162a34a997c	1075
7b35871e-0306-476a-a7ee-c766ae3021ce	1132
7b35c09d-f00b-4f5c-9c63-ca110cff2d81	1142
7b399bb9-cf4b-4e7c-a05f-927e969f2bd3	1136
7b3a2440-a35c-4a97-9d06-e64f9d54c6db	1073
7b425621-c006-4711-9ccf-91cf8d2bf7a6	1131
7b451bb7-abd0-4cb7-8182-d02af4a7828b	1072
7b474528-3a8f-48f1-8d82-f786985a2550	2036
7b482318-1235-4da0-8576-01a30d53317c	1149
7b4ae724-9b4c-4764-a1e8-4818511efe63	1095
7b4b2196-1402-441f-9261-13c69947ae73	1140
7b4c0989-7f23-4b00-9b54-064d877af515	1900
7b569e58-07d2-49fa-9a20-c9f518cc575f	1128
7b5bb979-446e-4546-a1f8-336274593961	1074
7b613cab-0868-4f83-8aa5-ad410d2c26de	1118
7b628d2a-663c-4e7f-8392-b08ca12afe9b	1133
7b66b879-ee37-4df9-bc12-5dcd5f90e067	1064
7b6acb58-6a74-4c71-b05c-7820348fe7f1	1137
7b6d8a65-885b-4ffd-943b-398f8bef32df	1084
7b71b847-eac5-4fa5-985e-b84d9ffec30c	1141
7b770553-0a78-4535-92d1-6464aa8cecc5	1154
7b775ccb-f4bd-4752-940f-e87a847c462c	1075
7b7b229d-c716-42b1-8101-e18ffa7b7170	1091
7b7e9085-ffef-404b-a35d-a0e5ae9e6f09	1059
7b806026-e74d-4573-b941-1a4933aa6bdb	1078
7b80c204-bf82-4e17-8233-71292c62e2de	1130
7b8544f6-453c-448c-b0dc-90735ee6d215	1079
7b8d1416-0df9-4283-92ac-18415d24440b	1149
7b8edbd9-cb33-449c-abdc-95898eddab4e	1118
7b8fb721-ac72-48c1-94d6-ff24c6ed0741	1137
7b960cc7-c7b1-4390-a23d-c6be0f490fcf	1143
7b9a8326-4a39-4624-8ad9-d18db1c124ac	1130
7b9d6b81-78f8-4355-9e58-a9e802eada13	1139
7b9f05af-3578-4d8e-b952-dd4c04f72f7e	1129
7ba546e2-10c4-4e60-a537-2f17c867201d	1130
7ba7e9d7-76f7-4870-9c80-e7d62db90443	1134
7ba9f7d1-32c3-4e0b-a818-ccfac3975542	1158
7baf5727-23f0-4dbb-975a-feaf8e8fa341	1129
7bb122c2-09a3-4c77-b909-450db135d19f	1076
7bb9747a-dfe4-4e2b-b221-cc2260faadd8	1064
7bbd457c-f373-43be-a2e9-1e1b7ddf4f8f	1130
7bbf4208-d829-4cf3-ad91-066c4f4dbcc1	1138
7bc4b17f-eb4d-41bb-97ea-ecd9f62a4a7e	1125
7bc5de67-ec37-481c-820f-8754117e69ac	1143
7bc74055-b101-4744-8374-4db5b7974a07	370
7bc9df02-56b7-4499-aa70-bd4854bc5e18	1996
7bce753c-c7d4-4ee5-b609-3027b58874e8	1883
7bd0d249-694a-48b2-82c5-e38e17acdffc	1075
7bd12371-fca5-470a-b2ac-ecd198934db9	1096
7bd15f15-6a3e-4336-9753-ef5fb4945d39	1144
7bd1aca3-25cb-429a-8e46-d0f5a434a449	1136
7bd4c791-38ff-42b2-8fcb-56b2122218d6	1134
7bd53675-70e3-44ae-8c30-4874e4f9fd96	1138
7bda2647-6a46-44ca-8963-1bba5018521a	1130
7bda5437-f5d8-4f04-93c6-1b07549435c3	1073
7bdfe005-ac79-4f01-91c9-6da65b2fcdd1	1132
7be40dac-8b56-4f34-a6c2-31284da3cc47	1066
7be43c6d-ac85-4de3-b1ee-fc8545a2a0f0	1073
7be87c99-78e1-4d9c-8f76-6b34b3aa214a	1138
7beb7695-1eff-4abf-8604-5fff7de63e4b	1076
7bedd143-84f9-4328-9c9a-e78e1625e6c7	1145
7bf337ea-4770-4615-acb4-e4e1cdc1a3ee	1080
7bf4c2dc-250a-46f9-8adf-83b0427b8330	1140
7bf4dc96-adeb-48e1-b9fa-1c345fcc62ef	1127
7bf6b8d3-fe38-4497-964d-d411d7896da0	1131
7bf82e20-271a-47df-8ff9-0e2b2b82030c	1134
7bfd2a3d-fdad-427a-a144-c0642b65de82	1077
7c02b851-7a4a-4875-8c51-ee10cff0bce5	1076
7c064981-34db-4c77-84fa-57e6c59006fb	1118
7c084e41-1078-4680-a92a-2350bdc8efd2	1065
7c08815f-2ac6-41ae-9200-7c27e2ca6311	1080
7c0df0d8-d502-48b1-8795-abf984d51ef4	1068
7c12b42d-bf26-4ff2-bce6-e1a8590c745d	1074
7c14345d-7e13-4bf7-a034-5a44a71a5cb9	1134
7c14c15b-840d-404e-8a3f-23056801a31b	1075
7c185934-2719-4dc7-965a-509c597d082c	1079
7c21a8b5-5c9b-4e20-ad71-7af67f295dc3	1132
7c23537b-eff2-44a4-a68a-8c28cd53e8b6	1131
7c2cc490-1e41-4196-b5b3-cd037f34bd7c	1076
7c2e72aa-e38f-4909-b7b1-b4161e2eda79	1132
7c2e7ec4-8c63-494d-8c71-a40acd5e7073	1139
7c2fb073-9724-4a65-95f8-4cc9f98b83dc	1129
7c30f04e-239c-4ae2-b897-06c94224e92b	1085
7c335ecf-c7bc-4bd1-9dd9-31ee64e73e62	1137
7c36335f-20c9-49ba-ad88-13086a0da994	1155
7c367cf4-14b2-44e4-97ff-67147dfbf9f7	1136
7c397c7f-d0ec-4f12-8677-e5fb7dd01339	1074
7c404673-3284-4f3b-84d7-ed9b0156d7ab	1069
7c46fc80-b800-4cd1-bf77-1da1133d2b05	1078
7c50619b-3522-4a91-901e-3d1df099aa49	1076
7c5874a0-5430-4971-96a0-2b163030e058	1526
7c5b3799-f1c7-48cc-b299-3be94e57e81e	1072
7c5dbd9f-2072-42b2-88da-dc40c628aad3	1077
7c5e3796-77bd-497c-8111-cf343b10c039	1119
7c5e7add-0ba2-4ba4-83ac-931abc0d1a6d	1151
7c5f3b76-8979-4a48-a0f0-0d14e3bc6d2e	1146
7c6029ec-8652-4baf-b558-6928cfd5dfad	1136
7c6440d8-5e55-46ae-ba5a-d0ef95ad84b7	1123
7c648eb0-762a-4323-b69e-a724da990055	1136
7c652e24-7d34-49e0-85b6-15b2ad44cd3a	1138
7c65fb8f-3444-4905-a7f7-509451a6a57f	1073
7c6c4af3-1e8f-4a4d-9117-fb98b36de944	1141
7c6f6932-6ce6-46b4-8b8f-c9a03c68c1d2	1135
7c706be3-a413-4979-828f-c99e26113a13	1072
7c733cdb-5402-4810-8ee0-d2595bc9e160	1139
7c742977-f356-46d9-8601-0693cacc720a	1155
7c7909fa-7675-4d0a-8002-12a160f79213	1138
7c7a1e87-61c3-4cb7-8ce8-f77e56e83433	1076
7c7c0976-86cb-499d-94cf-a975f5043586	1151
7c8575dc-3f7f-4cb6-a291-4955315efe94	1132
7c8718aa-354c-4b04-8588-7c655b82ba2e	1150
7c898c9c-b135-452c-b179-62c4d4a245d2	1061
7c8ba9bd-b62c-4fdc-af03-67a81c0d6c8b	1124
7c96ddbd-ceab-4d0f-a3d9-cdbceee89402	1074
7c989cb6-2ccd-4ab6-809e-4d9707371f4b	1135
7c99eda8-67e9-493d-b945-ab0451693fa7	1105
7c9c8e2b-c002-4845-a0c7-de4ab88cfeee	1128
7c9cec0d-c62f-4b95-916d-e7b5849a708f	1136
7c9e5e68-7238-4324-a810-493ba077fd03	1070
7ca03d8c-407b-4fa1-aec2-bb44e402beb5	1081
7ca0e1b0-c7e5-459f-bf60-4b510ee4f5f1	1069
7ca14c0c-66b9-48ff-a5dd-1eddcdc8d755	1071
7ca59d53-ea76-49e8-ab2f-02256d4426a0	1146
7caa7cab-2af2-40cf-b4f3-9d2058023201	1081
7cb49431-9b29-4bc1-b63f-f47209fba4f3	1116
7cb5e4ff-e8ae-40c1-b020-6af470f6c86f	1135
7cb6515e-39f2-47d9-a44e-c3df67f4a1e0	1159
7cbac600-cae6-47ea-9c06-75047b79590e	1120
7cbb7051-e571-4b33-96c8-84b76a3cdb5b	1069
7cbc06d5-ab26-4473-8638-c7439dcb6ec5	1138
7cbd6558-27a1-410a-ba3a-d1690721dc12	1123
7cbf2db3-be46-4799-a42d-df6e992c6a12	1074
7cc539c9-1f59-493e-aa85-7c9f42b2aeb1	1146
7cc60d4f-1c04-4eba-b36a-c0ce988b47aa	1153
7cc92c80-649b-4bda-9921-d2bb7347938d	1080
7cc92d01-e1c9-4dc1-ad12-54a1aa337895	1072
7ccbf887-1b2a-4d21-926d-a63f77a27239	1082
7cce5c9a-7716-4bb4-a570-9652d8005f8a	1137
7cceb84a-0b13-460f-925c-0fc55620cd70	1069
7cd60402-e79d-4cc1-a46a-c3d9671c21a0	1140
7cd70d50-d7ac-4005-b536-d9a9407ff404	1068
7cd7bb8a-e59f-46c0-beec-3ce1cffd48a7	1080
7cd9a8bd-4a49-4e3d-8082-8656de441887	1133
7cdabd6d-2145-41ab-9694-73544d6d0757	1137
7cdce97e-0f6a-411c-b3af-1252bc4eea55	1076
7cdd2d4f-1254-410d-9a43-81486b4c5aa4	1120
7cdfccec-ef17-4a0a-b53b-86ff45bc843d	1062
7ce36915-ee5e-4d40-b1cc-737f8e796bb8	1134
7ce8b605-794d-4557-a08d-8b98fd423256	1069
7cea3200-50ca-4a71-bf5f-3d946ac85f92	1156
7cea344b-f7c4-400e-bd5c-9f1ec612fb2c	1132
7ceacb82-5707-4365-bfd0-cccbd59c1809	1068
7cf22615-769a-4e0f-98e6-cb23fa328a2f	1134
7cf6e18a-a737-4b30-a731-77c8b29cb86a	1158
7cfc593a-9c58-4563-87b9-4d57959e88fe	1139
7cfd65ca-1c30-4280-93bc-002bde0c26ae	1140
7cff25bb-3907-4004-988d-7bd5a34e63a4	1065
7d027b95-8429-47e3-9722-5a596a998125	1139
7d02b2ba-4433-4650-9b84-462d28c02b7d	1089
7d063079-ad50-43e5-b66d-4ccd2a27749c	1129
7d0eb690-1c40-453a-8846-a8c15b3f5221	1144
7d108d31-4f1b-4a15-be6f-7e91392dc662	1114
7d13c5e3-f497-4401-ac34-5a0fcd4ca5cc	1078
7d168c1a-6116-4c78-b722-06d158f64284	1969
7d169b26-6315-4d4a-b1e3-a53e3c4c9fd7	1126
7d18da31-d64b-4f23-97c2-ab97449181a8	1079
7d2159c8-0042-4480-9316-0d8845a92110	1073
7d2b33ec-59c8-42ae-9e0a-ec6e029e5865	1076
7d31a835-bc62-4d62-9a3d-511ba82286cf	1128
7d326415-5d56-433d-b484-0abb69926924	1131
7d32a499-eda6-4e3f-9a62-980ee2113723	1152
7d32d076-e36b-41ba-8d22-069e5407dc82	1073
7d3959f8-f8ab-40b1-94bf-01e6f515deaa	1078
7d3a908a-1f6a-43da-a8fe-99b832be6593	1132
7d3ad74d-3cc2-4afd-8a72-044bb75a185c	1137
7d3c8439-5a4f-4521-bb2a-f009473c4245	1141
7d3cd9fe-a430-4d5d-b1df-118124af3b43	1108
7d3fde11-c481-4682-8ce2-aa963b45c3d1	1137
7d4241cd-2d4e-4c07-8d63-320054f29eeb	1471
7d42fd46-5f75-41a2-9ac1-cfba20cdff17	1669
7d448989-56a3-49c3-9876-5e0b02fcac9e	1134
7d462b7b-df25-4fb2-ad89-26802b22c941	1131
7d47a87d-c507-429c-ac99-2affb650e282	1120
7d4a72dc-5fd3-4c2d-aff9-8d4e8755d749	1139
7d4f36b0-92d0-4ff4-93b2-d33209118748	1709
7d506177-4640-480b-b44a-1c087113f0b8	1126
7d50a1ec-fd62-4725-8837-49b677dca93f	1073
7d50dd91-1ece-4cdc-8c75-eabe45ceefc9	1131
7d50de98-ad3a-4707-b43f-9a23c99a0900	1158
7d53a27b-6a26-4446-9b05-86f74ff218e9	1075
7d54fbf1-315b-42d9-a2e0-74b4c20c0bce	1079
7d58a06c-f4d4-4671-a2f0-ba750c8943aa	1110
7d5c8d96-391a-4464-9586-1f4d2cecbef6	1082
7d5d9dfb-da4f-4efb-b7e5-3d9599fa10e4	1137
7d5e743c-12f7-4e5b-bcdd-ae85fa4cf05f	1137
7d65c395-05f0-4877-88b2-00b1674bb0cd	1143
7d67aaa5-f114-4d9a-a4d5-9a100f0759f4	1157
7d6884f7-88ee-4191-b09d-e105430e94eb	1074
7d6c4d05-afae-49ab-9c2a-e25a68d130a2	1135
7d6e9590-55ab-4b9f-bec4-5578130296d2	1142
7d72be23-3f52-4e84-a799-7f8155ed08b3	1142
7d77023e-e796-4dab-a87a-c802f9dacfc8	1100
7d799f98-a6db-40a0-89a7-73f070741d5a	1089
7d7adb62-91fa-4b6a-a4c8-acda3a01a68e	1133
7d7d3d20-7dd4-4aea-aa8c-382af00404de	1072
7d7d7b21-a375-438e-a24b-a7a3880fd2af	1130
7d804da9-f454-43d3-b7a2-08c20b784248	1132
7d80f2c6-d542-49fd-8e21-492e45c4c2bc	1133
7d95ec30-f021-4bb2-90fa-2279161a2f8d	1141
7d9fc4af-721e-458e-94b6-6f298561ce44	1144
7da196e5-8039-46e9-aeb9-cda84b9f902d	1129
7da1c00f-b0aa-404a-895e-ec3fac4c0a8b	1079
7da29ec1-77dc-484f-94ce-6f6636257904	1127
7da4318b-08e8-4b7d-9c26-c5ca31f75662	1142
7da8bf29-02ce-4c23-a19f-3787fc5a2192	1065
7da94729-191d-43fd-9d56-ee24af6cef6d	1108
7dab6d7c-bcae-49f6-af7f-adafca910555	1139
7dace670-db5a-46d7-818f-6cd4948392ad	1125
7dae2cdb-4c94-4a6a-aa61-f908860b6126	1144
7db157e2-16ee-40ec-a25a-9cd4dbc27c23	1144
7db2d22d-2e99-4dbc-a129-e0b661e823fa	1135
7db44c64-edf8-4305-8828-95a8a9fc1c04	1130
7db4fdd0-23f3-4bb7-868d-fad08c00ccbf	1140
7db5da99-01ee-4251-909b-01ff517913f5	1072
7db61e2f-67d4-47b3-b8fe-966c2246ab37	1125
7db68ad2-fd32-43b9-b5d0-6921df49d034	1081
7db9c8ae-b389-4d9d-a7c8-639866e74721	1128
7dc33b9c-70b5-4beb-ae5c-2c5ce3562a75	1137
7dc37820-3c24-4840-aa03-5903169516f9	2201
7dc61840-8cd8-4aa2-9535-798710ea3e0d	1121
7dc64f07-06b9-4356-b24c-f7f7780f9913	1077
7dc6df04-308c-4294-9a93-853ade1e31d2	1138
7dca4287-7855-4e4e-bd44-ab818b6c9360	1070
7dcb43b7-5897-454b-bc6c-fbc84fc150e1	1899
7dcc4ef2-e88a-4448-a58c-755c76c7aa6b	1134
7dce1fc2-fc8e-4de5-a874-6ed7e22f8738	1092
7dd351bc-36e2-40e9-8b21-41b2ac2bdefa	1534
7dd7d87e-e29d-4734-8eea-8dda57f4a46c	1136
7dd9fe3c-52bc-4ff1-bdbd-084339a07165	1136
7ddd1ba6-1387-48a3-ad14-3a88692142e7	1137
7ddd74f0-0312-4cde-98ed-93f84e52e93f	1090
7ddec4a4-97c3-4577-aef2-b7bade72f788	1095
7de17bef-f628-48a7-abe4-c378f9ad19fd	1134
7de6b1fb-c002-450c-b3e4-043974780b4b	1131
7de70382-b31a-4f40-950f-af74868cbc3c	1122
7dea5ef0-a61e-49f4-8046-111c6329abb9	1073
7deddf77-0165-46a1-aecd-bdb42aab58d1	1074
7df07a33-d56f-4c3d-bf0b-949ff0f5ba08	1137
7df437d9-a665-4fd1-8f7a-a4b788fce6c0	1134
7df50818-acff-4d80-ac98-c78e7e28c500	1128
7df52cba-6af0-4073-9d1f-3baac033143b	1125
7df61af6-0e08-4efd-91ef-27231d1e1517	1099
7df6459d-93f8-46b5-a7a4-813ce3beab21	1086
7df71db9-18ed-4007-9da9-a4f8d7c7efb9	1073
7df8b22f-2de8-4c64-a075-3c9fdd92fc0d	1071
7df8f53f-8997-45fb-9b43-01fe2090269b	1144
7df96db4-bf6b-4240-bd6c-20e13d07ffe1	948
7dfb0be5-10a4-4dd3-a674-537e6b113f7e	1538
7dfd5856-8203-4067-a54f-7c8a042ea72d	1133
7dfedc58-23c4-4ec5-802c-e86f37432dff	1080
7e01d673-75cb-4d7e-828a-b60b6f82e308	1129
7e027f1a-b9db-4fc3-9cb7-d008dcab734e	1140
7e054539-3da1-4415-bc37-1bda805ce9f9	1162
7e05cc45-f3f7-4f96-b7eb-4c30672b8a25	1136
7e099b61-827d-45c6-8b09-2020364910a1	1094
7e0c00fd-f466-4686-856c-aadd0c6fea3d	1154
7e0cc94f-08d7-4688-abe9-68def1e4e040	1078
7e149d78-0547-4e2e-8e2e-cce0aadaa542	1072
7e15db7d-f96e-4a26-b790-110ff250f748	1137
7e192b1e-059c-408c-836b-23c7b244d2b9	1138
7e1db914-5f4b-4a9c-9503-d9cb75d51129	1070
7e1ef764-db1f-49c7-b549-365f16a20eb7	1106
7e24636d-c13b-4f5a-9eba-e8f85f6f023a	1072
7e258b8f-b836-4e8c-9e03-88ed5a012c33	1070
7e263dd2-26b4-4726-803b-8306e51b908b	1072
7e291fcf-fb87-4a02-9b84-f5b3bcc3df90	1094
7e2b4a75-a147-42c8-9784-63d02b81b1fc	1076
7e2c54fc-686b-4601-92ec-1f66eba43d3d	1164
7e310db2-3870-4f82-b7de-fe7f931229cb	1135
7e314974-03cb-4150-b5e8-a823c8a89557	1139
7e3258a2-8403-4866-8191-e6679f0bacd6	1077
7e3aedb7-e800-4353-a956-293dcd2e54a5	1140
7e3b708b-2bd1-47c8-b419-086c4bb7567e	1075
7e40bdaf-224b-4c4a-8e9a-fb31d50447a5	1126
7e420bc3-80a9-44bc-b435-c834726c122e	1139
7e448ea6-9a08-46af-8146-51675d38d5a8	2144
7e461030-0637-4a8f-988e-54d7c5752424	1136
7e48438f-4aed-424b-8705-bce417c824ad	1070
7e4c5eee-4b49-419f-a2a8-18ce38047f54	1083
7e4ff9ae-3599-476c-8365-51a89cf8ff51	1154
7e547daf-0a8e-4aa0-bb39-95cb600721a9	1120
7e5bd1bb-0dfb-46c0-9a5b-1374c2bea9b8	1056
7e5dbb61-05ac-4ebf-abd0-3fbdfd23320b	1077
7e5e7c86-5f95-4f5e-914f-688bccedd3f6	1151
7e5e93a3-83b3-4f8c-99f6-a035371b8f8a	1138
7e5fa525-9296-431e-a581-d85d4e10c2fe	1129
7e61fce2-a001-4f3b-829d-1307d6924938	1084
7e7150bc-c138-4c31-857f-11e0a2669d71	1074
7e771cad-db1c-4b8d-b395-49262e7b948f	1076
7e7e483d-ba0c-48e9-94c1-6896915b22d1	1130
7e7fa817-9d2c-4893-acf0-49f3a7205854	1128
7e81222b-6d91-4836-a5c9-4ba31b8712f8	1069
7e8209e1-0a61-465e-ae66-53893875d6fa	1075
7e8267c2-1606-47a5-b305-5a1d01d0ff63	1073
7e848ba2-a8aa-4a16-b354-8399470db0b0	1138
7e8ee1af-5d08-490d-a2ad-505e02c640fb	1085
7e905f48-b91e-45e4-8d7f-1ba2060719c9	1082
7e910106-64d7-48f8-a143-6b9066fd2966	1141
7e94c925-1b34-4355-a890-559962900fef	1081
7e957197-9bdb-453d-9c6e-e24a527fd848	1118
7e964d9a-9cdb-4851-8acd-370a34a7b31f	1104
7e9ba9ec-1e86-479e-92a8-e94ceb4445b4	2125
7ea0b726-4827-4abf-a524-e58c451870ef	1079
7ea26afc-4861-46ee-9f46-1c03e802edda	1134
7ea3b2c6-b6b1-49d5-9d49-d26c7f71d94a	1136
7ea5469c-5102-4538-95a1-c98866ff9c58	1100
7eaad91c-dce7-4552-90e1-2e57c7bd8eb2	1065
7ead689d-1d2a-4392-92f2-163def04f4ff	1069
7eb83dae-7061-43a6-b9cc-316fa94c2d53	1129
7ebc1e41-d564-438f-9870-bce69a9c4d76	1074
7ebdfcc2-fb5e-41b9-9442-51f921381b69	1075
7ec0480e-f3ff-4a0b-827a-a8ea0b0800ae	1133
7ec18e79-9b7b-4bc9-8b4d-bdcf474577a5	1077
7ec38a1c-cd73-4d4c-a9b9-407504b44d4d	1083
7ec97800-a4fa-4c50-9eb1-0f0846e3977a	1072
7ed11fbe-72b2-4cac-a2fa-8ac3e1955507	1119
7ed128db-a19a-4d14-9ca7-80f6c57f2d05	1073
7ed1b816-c16a-483b-b7ef-9904bcc7178d	1066
7ed583f2-bb14-4c6c-8254-da73855146ec	421
7ed97f1a-7b01-4c62-a257-5dd19e89a5f1	1136
7eda7faf-ad95-4149-b652-0800b5caf272	1075
7edc3701-92f1-4d62-a909-7899517d4401	1069
7ede1372-2e15-4d9b-a0b4-25b8127a5650	1134
7edea260-e1f3-4525-a8d8-820d74be89a5	1140
7ee2f855-22b8-42a4-b196-d28d16399603	1131
7ee3c633-60fe-4753-be52-c452d054baab	1078
7ee43dea-6b87-4c41-b55b-3c736d2b3902	1147
7ee4cb15-ca45-4409-b849-9e0872c1070d	1078
7eebdce2-cbc2-455e-81a2-22991cd5d92d	1086
7eec9a85-ceeb-4e9e-a155-4568829f401c	1128
7eee3694-8131-4152-b863-09ee722a9bc1	1106
7ef93d97-9877-4f09-805c-e5ab2e0fbede	1134
7ef9e815-2de1-4cff-b10d-eba8204cfe7e	1125
7f0693c6-8e60-482f-b4d5-74dc5820b705	1068
7f073713-0800-49ae-8369-b2acfe765aad	1154
7f087890-5803-4f13-b983-7cea065180d4	1070
7f15489b-b8d4-4fca-8926-82d23f8bd536	1141
7f16e2bf-0be5-4fa3-81a8-d3673915bbc6	1075
7f1a4027-9522-4de9-b023-4fa7047e071a	1140
7f21270f-6292-41cd-a437-39256d9a299a	1131
7f21bdd0-a5a6-4a09-9736-d2d3632a7940	1141
7f25946f-dc68-4674-90b3-81a806d57d18	1086
7f288d2f-9cba-4285-9401-42dec10d110c	1089
7f2e38d5-532c-41f1-a6cb-cc577411711f	1073
7f2f0e27-354a-4ea8-b698-a8e0792c89ad	1136
7f30498c-9900-4787-b02d-7be7aa5a3070	1086
7f353949-4378-420f-8061-e323e3cc08a6	1085
7f3846fb-ef45-4262-851b-f648d3d0cc46	1141
7f43a6dc-4b9f-4690-b41c-e3b89bce0cbf	1131
7f44969c-9a29-4d6b-8773-71c5da9da901	1122
7f49d326-c662-489f-ad19-975ebbd89a61	1078
7f4c4cf1-cca8-483e-a331-cb0652465848	1135
7f4e38a6-75d7-4aa3-8f03-5d965fd7e43c	1059
7f4f3e02-f0d4-45dc-a0cf-5d98d74b28a5	1131
7f553d07-2f5a-4e26-ac98-aa578c802adb	1079
7f57cbda-c02c-4428-9e8c-d45edf3e0a72	1071
7f5b1db9-e451-42aa-bc04-f02fd94c35ad	498
7f5c88bf-c661-4a05-8b40-0287d20c2da9	1096
7f5fc3c3-753d-4f05-a608-b477fba70200	1156
7f684576-37fc-4d8d-b3b6-8eef1b1d3471	1065
7f693f98-74ef-4952-90ec-ffcb5b3852a7	1072
7f6a3b81-4f4f-49bd-abf1-a5dc14370773	1069
7f7136e3-41f9-40e2-b7c6-534bdd85a77b	1132
7f7621ac-6814-4909-9b66-6195f2c5e43e	1132
7f78012e-6158-457e-808a-d51f7beda81b	2052
7f78905a-8923-43a1-ac61-485a54c9bf42	1079
7f78c251-c2d5-4c04-9736-a054a918b75b	1111
7f7e949a-9146-4dc0-8985-1c3313e50fb9	1157
7f806e39-7bca-4bd8-99a9-7a089046f879	1069
7f831977-678f-4f42-a680-d8b850d5ed36	1083
7f84dce1-2c7b-4b51-b12b-6261e569da28	2065
7f857ea4-c47c-4284-9539-cdf6df48de4d	1523
7f87e1d4-dd10-4d4f-87b9-ce772aaee558	1107
7f90e2f5-0833-4e66-90cd-54db55eac7d9	1134
7f913286-3a62-4b86-bf0f-027cda8f1da0	1068
7f981674-45a3-4b44-acac-843ee78b2f97	1120
7f9db300-4783-4ee4-967d-6ee8204ed7a0	1137
7fad441a-87ac-4bad-9764-03273a00c6a8	1128
7fae2c48-e7d8-42b9-8113-f207c4f68a46	1156
7faed524-2dfc-4bd7-85a4-257da04d9127	1070
7faf88ea-86ec-4cac-82dd-b8260a25718b	1054
7fafd353-681b-4de8-9095-bbdc13e8bdf5	1126
7fb11ecb-eb3c-4e93-b121-84a98452d643	1077
7fb34e3d-04c6-4aa1-b276-54fd41c00daa	1137
7fbc7760-b514-4e5c-8bba-9dcba610a53f	1072
7fbcb930-771a-4818-9c4e-dc4cbd96315d	1069
7fbe0581-f940-4d09-b001-a457ddd525ff	1142
7fbfccb5-11c6-4cdc-b63d-514ebfcd43be	1105
7fc5261b-9a48-4ed3-a4c6-7fe00b21008f	1079
7fcdb5d4-c12f-4290-9c58-3e9dfd5fcfbf	1069
7fce2897-7cc7-476a-be37-75d1b8df80b8	1135
7fce2bd4-06bd-4601-ab74-ca504c44bfe5	1066
7fcedac5-1464-4e40-8417-9dc1eb84535a	1074
7fd2d073-faed-4067-8f17-0f280162ba61	1132
7fd46993-c44f-4ea0-bd5d-afa4c25b6525	1076
7fd84937-4027-47ad-9958-175587c56b72	1072
7fd8a4ec-e9cc-45e6-b81b-fa9b971f7a37	1098
7fdccee5-2129-4cee-9f4f-71f131e10430	1136
7fe0378b-ed48-43e2-829b-eca3f24f9280	1081
7fe32ea4-9681-48cd-970e-fc97c18f4220	1132
7fe6eb85-da4e-4e5c-aa0b-d90dcbf87d50	1142
7fe724c6-9682-49b5-ab82-d4798865fcfc	1061
7fe877b4-7a86-44ba-abea-4fc1efd680a3	1074
7fee5076-8205-4c28-88ad-4ea3d192f12b	1131
7ff41550-dfd1-4dc9-86cd-4c6316a05b5c	1133
7ff63d80-d199-4450-bab4-005c494d39a7	1123
7ff696c3-59d5-4670-a12a-98e7991b20b9	1093
7ffd3f63-75c5-47cc-bb35-752c5e6d7868	1134
7ffea1a9-892a-49e8-885c-071c5e9fd3b4	1638
80096dec-73da-486f-81b6-fd1ee681788f	1151
800be3a7-066f-434d-83db-09135654a183	1070
800e7890-5d36-4d2a-b60b-25cd4bbd67f6	1083
80113094-8c14-4a4e-a4e9-711904782ab1	1072
80126151-fcbc-40bf-a3b3-407187a3723b	1136
80129dee-c0c6-4b60-85f0-b6b150d16966	1140
8013bb14-f0af-4383-915f-a1963c7fe5c4	1132
8015ac30-c5fe-4369-a76c-56b3166918ba	1068
801848cd-895d-457c-bbd6-226722402ac9	1084
8018d3b7-6137-4ec4-8238-b8e6fd627254	1071
80202972-4ecd-4d70-89dc-dad01ec4a506	1137
80215231-b562-4fff-b190-e4879dc94a42	1073
80278219-a313-4b5e-9bf1-6f6c87b3b613	1135
802a5739-c8c5-4867-927d-2ef8a69bd402	1141
802b3b48-2fcb-47d3-bf65-acceeae107df	1128
802c3e23-e27c-4fc2-b80e-0f78facbe1b6	1074
803239ce-5162-4bc3-91a3-93f009381bbc	1071
80334fe4-c487-4121-891b-834d6b928893	1069
8034cd25-1eb3-4e77-921d-88054fa9be41	1129
80384600-54ed-46b2-95ff-d9e06be87e72	1091
803886c2-51ad-4e56-b1f1-a7efa253c8f3	1135
80413444-c5cf-42d6-8185-bb42598662e3	1134
8044c927-5826-4f71-a331-940b12a01c8d	1140
80452a10-597e-4393-be4c-02c88a3701ba	1070
8047bc36-8597-44e3-bb9d-7c291ee51671	1139
804915be-6e2f-44b6-bb0a-212e1ef06a0b	1092
804a9301-7f61-493d-b131-053409f28a2c	1131
804b2fb9-be45-4783-9d9e-da65963e0d37	1070
80500f6e-dcbc-466e-98fe-ff34e5cc1551	1139
80505cb4-a48d-4644-abef-1e244afc603d	1070
805065d0-d575-4553-bd4e-791ce377b1a9	1081
8051b28d-ff73-4179-9fa4-0591f7e916f1	1138
80545071-44e7-411a-affd-f7fe507282e1	1134
805478bd-9985-4ac0-bc7f-056534c6146f	1089
805727e1-7c55-45ec-88af-62b8cd5dff9c	1052
805c334d-b1b1-420d-b724-afbac8599271	1157
805fb8d7-dae2-4b0d-a1d2-387870d3950e	1035
80606bd0-ad01-40be-8360-ccbedb52ef35	1136
80611b5d-e7a0-498e-826e-cd911bd92f2e	1097
8063ecec-7680-47c6-8360-716d41e80fe4	1071
80652f52-0ad9-49ca-945a-c41e5cd7f5f8	1142
80659e51-89bf-4bb8-8fae-fc2f846ed9a9	1036
806682b4-fa7e-41a4-bb6e-9ef58b3b7d7e	1124
80700ca9-a559-4fbe-99c1-c031e9794e4b	1134
8073094d-ae99-4870-985d-634228f73325	1114
8073dbc9-5f31-4d77-9ffb-ed7bcd17124c	1157
80768fda-83ad-4542-b395-fdec4a318c6f	1138
807e674e-3a21-4541-8c8d-2a6ed2c9e60b	1088
8081e049-0bfe-4663-8f27-6848baa0d714	1136
80925e16-2675-4912-934d-e9a345794376	1079
8093046d-3071-4067-9691-874489e0bbd2	1079
8093f87c-c9a9-48f8-8a77-abead125ce5c	1085
8096262a-bfb9-4d3f-8478-0d80b45fe4bf	1105
809868cc-c326-4d6a-8b74-12f8749b9125	1127
80988d8a-95c4-4375-a72a-96c5c45e01d1	1131
809c7cf0-61f6-40a5-b4f3-3b453ecc1f13	1115
809eae3c-8169-4326-bfed-4a07965e89a8	1158
80a2e980-c32b-4e10-8a26-eed082fd2517	1100
80a83398-d50e-476d-bb11-52f6ea110ef5	1133
80a86f3e-26e9-418c-a3e9-6d0c385b43e8	1130
80b1ca68-8f13-456d-82b4-77532e6b1f47	1075
80b40432-b61e-4307-94bf-cae748fcb8b9	1130
80b57521-92af-43b1-b786-a173c54ec1f6	1162
80ba5cb7-e119-491a-ba79-00a9dc2d334a	1145
80bc96d0-eaf6-483b-abb6-ad332ed1ea3f	2558
80bcc44a-3ec5-4d8d-b8fa-43a5d03dc227	1099
80bcf163-4059-49b4-88d0-2c528e00e436	1134
80be0e09-e21b-4764-8c18-d08081be89a8	1073
80be111a-c93e-4ef4-b68f-2c3a339e1db1	1098
80bfdb76-30ef-4b7c-b646-147486f8a730	1138
80c600ca-09d6-4b47-8ba1-2abd2a1f41b9	1094
80ce5c25-d5a4-42dc-a5c2-e075d9539c0e	1131
80d614d3-ad93-4c77-953b-0da1efcb3bc4	1058
80d77e62-04aa-4f42-8876-ef815f1bfdb8	1073
80d9ef49-161d-4146-a3a9-4a8713a9f7b4	1074
80daf7ba-f93a-4683-9e79-b5c261db13de	1091
80daf9f9-9d6d-496a-89f8-f91520d6e245	1135
80dc7bb0-8184-4ce9-b875-123c6c1453f5	1064
80e39ca7-52ca-46ab-aadc-194765b08958	1070
80e508fa-029d-4d59-8825-a63f98deae48	1077
80e61e9d-e0f3-47a2-8013-ae39a2868105	1078
80e7ecfb-72df-4959-a9c7-b93aca5628d6	1127
80ec11cb-e30e-4486-b721-4ea6e3094e8f	1071
80f0e094-6ba3-4260-84f8-f5c0656260e4	1085
80f73292-8680-49d1-bc34-29ae953314a6	1139
80f964fa-cd63-4839-9ca9-9d6e9065cb10	1061
80f9ea48-d9e0-4018-b6fd-71350fc1539b	1136
80fa3a10-cbbf-479f-a0f8-56cfed53267a	1137
80fa4cc9-3527-4b83-991a-ca2aef27bcc3	1073
8105155f-2362-4999-95c4-42b7986d8940	1074
810717fa-a3a4-41e6-9d01-45ebaaeab4d5	1086
810a1549-e017-494b-a3e3-ef98f724ed67	1080
810c7eb2-4965-4eb5-a980-7df74f78edb0	1064
811230b1-3a99-4891-a32d-082663f345bc	1138
8114ca3e-6ca7-48f3-8cac-f6188a737bb2	1095
8117b100-5152-4818-a722-3eacfd223823	2114
812011e7-fb65-480b-b5c5-05ebc2de6ecf	1129
81280ab1-7f41-4ad1-9894-c5c0789ad9dc	1089
81282657-a727-49ff-967a-a79d46cc029c	1076
812a221e-f4a7-46e8-a15d-49e4cf646267	1407
812e7f17-4a9b-46fd-9118-07b639d20278	1131
813602d8-3fef-4b98-aa35-c7dd036c626e	1134
813801e0-e118-47d9-9bf1-2a01a8851f74	1115
813812fb-3476-4d78-ae09-7541b83a8043	1102
81393626-00f6-4166-ab5a-b443a6220240	1078
813c4c5d-ac69-4e0d-900d-5f0a90ca7a56	1064
81439489-8b31-4658-96af-7d3e2110ac6c	1071
81493460-8520-4b62-b219-518abebfda7a	1134
8149b02e-3a75-4a70-97b2-7391f77ec74a	1139
814d69bf-aa3f-4a63-b85a-63f4438307cb	1148
8151d907-a151-4d5e-8976-96e26fca0f67	1095
815afa7e-0b9c-4b22-8b5f-c5457817d3e4	1091
815cc76c-76cd-46f0-8650-d94f0c16b702	1027
815f7d30-8070-44e3-bd41-e165718ad469	1143
816075a8-7e04-491f-bc5e-4371722be706	1062
81630f32-2862-42a8-a711-a44ddec7d58c	1139
8164474d-ead3-4f9f-86d8-d1b7204b3ef6	1132
816ba31b-d668-4b49-8778-2aa1b75f6461	2112
81723dfa-f285-4937-8e56-5c3e30190be9	1072
8173d58e-74ef-4c08-b9b4-dcf05aef2d65	1997
817408de-6e12-4944-89eb-8158976b4e7e	1067
817ab66e-43ea-4e1a-bde7-80e048640b48	1158
817b8493-f29a-4a42-bf7b-f3aaf2f44067	1114
817fadcd-93fb-41ea-9b8f-2a84d49ca026	1092
818116e9-9801-4ebd-a43e-97d40ff1622e	1070
81823f13-c5f3-48f8-951c-795cfe0d1c88	1071
8182b5ad-6098-4ad3-8bca-9bb0f2c4a597	1105
8185d8c7-eeb7-4dc2-aa0d-672730d9236e	1050
81889793-134d-4d08-884d-9309ec35dbba	1136
8189cfa8-1338-4565-afe1-17eccb94640e	1069
818cbc2c-058d-464b-b85d-dbc3c67148d4	1134
818e4435-6c3e-4f42-8ba8-b3a8ca6aad0a	1073
81926a69-49ae-4098-ba4c-93135389010d	1086
81960098-ce55-4924-8c5d-c0bdb5619c32	1077
8199919e-538c-4a76-8ca9-7ab152b9e037	1070
81a284fb-ada6-409a-a88f-8d1281f0aae7	1143
81a4b3c1-9661-44c5-8cb8-7a291d19e816	1130
81ab2afc-1ba1-4cd3-b13a-a43e4faae094	1068
81ac0bf6-5a16-4576-8e69-6b3216cdd3b7	1130
81af826a-ca15-4094-8ad6-8c91bccfcaf3	1074
81b1fdb6-66e2-4e22-b402-3edcd0d2d234	1073
81b7aa44-c21c-4914-ac30-442a025bc798	1076
81b7bae7-b6fb-4c82-a6e1-bbf407974150	1143
81b7d49b-be9c-44a5-bf9b-1d30d2bb6b11	1117
81b97be6-11cf-4198-989d-923f86b847e3	1075
81ba7631-d5dd-4b4a-8d95-68e10b89c1e1	1144
81ba9f6c-51b0-4d47-ad7d-72096a33c69f	1066
81c96717-bc45-4875-85ef-5ee39d6a663c	1074
81c993e3-7811-4a32-92bf-e583f2d940aa	1061
81cb2fa7-5eff-4074-9631-d0c1e9bf87db	1157
81d937ff-cb94-46d2-b8fb-d0b7bd9e331b	1141
81dc0e33-a05e-43ad-82c3-6c0b4e606775	1073
81df2537-8f2c-4550-82db-104c318e3787	1132
81e1c0a6-d99c-4bf3-a94d-ce8b9549e69a	1074
81e1e2b6-dedb-4a45-841b-2fc688f01e51	986
81e63aae-0564-4752-a1a2-17e5d2352c2c	1135
81f54e38-6304-4800-af85-c9bc4236d597	1140
81f55c4e-263f-4bba-a867-933ec00ab912	1078
81f5f790-b385-4ee9-a10a-f12297cdcb17	1139
81f60af1-be04-4c68-ab1c-b28535186e40	1130
81f67dda-cd07-40e5-8035-2e109082bd8c	1164
81f7e99b-3bbc-4833-8cf5-5e39e1f67abc	1133
81f98c65-ed92-42a2-8b4c-47a80a9ef034	1091
81fcb5cd-ccbc-4b9b-9279-b2dfcad233f3	1177
81ff7932-2291-4a25-be20-fb118656fa8f	1073
8202b203-fb82-42b1-ab6d-ffdc7b4c9449	1168
82036edc-4198-4688-ad70-d2a7f95bdc1c	1130
8205a1c4-b897-4bb0-a16e-9e9dca8e3af6	1129
8206bd67-f3d7-474b-84a2-5645a7d820a6	1145
82070eb5-3873-4ec2-8beb-5e6635212a24	1129
8207eece-3785-4f9c-a482-8c93605930b8	1723
82115388-aca9-4139-9dd3-565f008c0578	1136
8216124a-11e9-492d-a792-e2c15d0a85bc	1067
821a56a6-172b-4c94-ab91-e38603935b74	1078
822f3449-6021-479a-8500-bf681af21165	1093
82387a99-584a-4422-9cfa-80b1b0bc6061	1114
823cb40c-5b72-48c5-be5f-248a76aa16aa	1073
823ff027-16d0-4260-8cfd-58e4f843d975	1130
82450d0a-c8f1-4c78-9721-ad71029374b3	1071
82475546-e5b0-4ecb-a0dd-80338d5d90df	1083
8249cdaf-ac9d-4926-8d12-733460f37ace	1129
824aa601-2207-43e8-8cd3-a91339ebba42	1071
824ecf1b-7b92-4488-8786-c4107384124d	1123
825258e0-ff3c-4e81-9e90-650a3e44346b	1138
825489bc-579b-430c-bb44-6ccef9ecd5f0	1155
8254c01f-02ea-48e3-b244-86dff4c3caa0	1134
8257827d-55ad-4acb-ac4b-4b7f4bfa11e7	1062
825be4e3-6e83-4ed2-8440-2c3f2a34038d	1141
825c7432-f063-4e1b-975a-9eb3b8e42203	1159
825ddefa-65a6-487c-aa68-c8914ff12154	1076
826294cc-a4f4-409b-a97b-645f675cf7b8	1132
8262c7e8-c218-4a56-84b9-d3517ff6af9b	1133
82630974-1c54-41fc-a9ff-3cb6f7f800f8	1081
82631de5-107b-47ef-8e5e-cf175c605986	1072
82646fa5-21ca-4dbf-a642-4a51408dcf48	1153
8264c575-b69f-4266-af7d-7a25e82fe865	1133
8265c897-ebcc-4825-af47-9d3506b17b79	1076
8267ea03-ab19-4ac1-8598-fdabed52a4f6	1156
826b8961-0fdb-42d8-9e58-02ee43b66c97	1140
8271943d-366c-4ec0-b93a-87b03ea2694a	1134
82754c69-ef28-4be5-887d-d23fc4ed3c96	1071
8276029f-c6ef-4229-82b1-71f1067d21e0	1077
827c0b0a-39bf-4570-8213-fa620c3867c5	1139
8284c541-f0e1-466b-8dc0-a226bdaa8527	1139
8285c1f2-aaf1-44e6-a565-fdc00c5f119c	1083
8287d59d-629d-4947-a8bc-bd1dd242d35d	1131
8289e8ee-09f7-4eaf-bb97-9da06284beac	1125
828b7c24-8160-4d99-8690-7ca843b177db	1074
828c18d8-813d-4a2d-9d66-7835f8ed82b3	1077
828d3e0b-7493-4e4a-adb3-e943296c557d	1141
8291a79e-5ba6-49e3-9b32-5099aa1c9a0b	1138
8292ac25-7621-45e4-a5d3-9619242a1159	1136
82973d80-51df-4355-8791-642de05d8dea	1068
82977a7f-e155-40e4-9f7a-585932f4d9d3	1069
829d792e-5fbe-49be-8fe0-9d24702d96c2	1131
829fbc0a-e539-4c40-8e9c-4dd94af83a94	1069
829fc0e8-edca-4d87-a280-620904c9381e	1076
82a2ee6d-d061-4bd6-994e-20a7e6aaefa1	1126
82a51854-e4f4-44ef-9f0b-ad0316abae46	1074
82a98892-d44c-4c84-8ae3-ee94b532ee4c	1161
82ab7216-1689-4ac5-844e-557d2dfafb6d	1068
82ac2942-144e-4375-9335-9be3bb26a73f	1142
82b009a7-d130-4845-8194-668a358fb66b	1106
82b1a218-cf0f-4cff-9baa-d18bdaa70d0f	1131
82b57219-fc93-440a-b404-edc8db6acbb8	1080
82bab7a6-22de-4f1b-822d-d93a52aeff13	1132
82bc445e-9ecb-46b4-8df6-8db15a157642	1128
82bcfe42-8581-4b26-a78e-774c98b8a677	1150
82bdebbe-7a02-467b-af20-023bcee3a618	1124
82c00997-c60b-49d5-ae0d-781abdadfe6a	1080
82cb09f2-f378-47d8-924a-d03983afdd1a	1071
82cd4244-24d0-49a5-9a4b-697cb19890f1	1127
82cea478-251b-4c7d-9cd1-0e3a2eefd718	1160
82d0afdd-5fe4-44a0-abab-5568b2d42efb	1136
82d4b22d-4794-4c50-823f-1df6c601f5bb	1125
82d650d3-7d61-4aa9-95c8-8e79ddf55b30	1079
82d68b5b-3b2f-40c6-a716-7d5066f4d770	1067
82d91e80-469d-477f-b479-a2aeee005be4	1073
82d95a32-fd37-40eb-9359-8c9e44a12711	1067
82daf9c0-be5a-42fc-ab1a-398f85dfffe2	1140
82db5351-c394-4ead-9ab6-5f707847c989	1128
82dc17ac-d871-4cef-bd37-d2650f9e9a11	1133
82decbbf-5f50-4672-9731-352e79120718	1081
82e26b62-3efe-4fbd-8886-c7f1f755396c	1145
82e35f00-bed2-4cd0-9cca-a3e274e6c4ab	1093
82e56999-08f2-4195-8c22-26bcb5ec2133	1072
82e98f37-5993-4768-8245-ac2caea5779b	1079
82f0956e-4b60-44f0-83e5-daf896e8ef94	787
82f0a186-ffda-4441-b7bd-24bfc29db667	1131
82f14596-2993-4dd3-9a43-ff69e2295843	1132
82f4a57e-7999-4eae-81e4-642b6ed696a7	1087
82f663c5-b24d-4390-aa70-2ae5c6983750	1128
8300d11b-6210-43fc-a4cb-c43b8dca409f	1074
83011f1e-bfeb-42c3-bfce-1d161c7c454c	1040
8305b3cf-e30e-4034-af28-6f941924d39a	2109
830d9251-6500-434b-ad8c-e25c752b1853	1064
831268e2-0a5a-46aa-9840-ba5daeec6e27	1072
831a5471-8420-4ff6-bd3a-470996cdd7d6	1138
831e91f9-cf66-44b3-a205-d76de9a36dce	1126
832296c3-e42f-4e76-b2a3-a327bcac0970	1067
832a0b1c-c9b5-480f-ba29-e070de140596	1068
83311e37-3304-4017-8b38-c22bf2ca6c07	1126
83384eed-fd2d-4c84-b681-01f78e6de2f0	1146
8341d987-72a2-490e-9a4d-b06bbf8a219c	1129
8348a2ae-c71b-4742-8871-1b2abd359f8e	1076
834c37cc-ab2a-4986-85a7-af2801e5c5c7	2045
834db688-cc94-4226-b770-eead39275ee4	1131
834e235e-6513-47db-b3e0-885b941b436f	1069
83518709-a489-42c3-909b-fd02a80d002f	1131
83565505-a2e6-4072-8bf6-1abd4e7bfc20	1141
8357d324-90ee-4478-a9cf-53b33d572fdb	1084
8359678c-6309-47f1-bb74-912e5a9b533e	1077
83599e52-ab48-444b-b3d2-9f7bc10a8b34	1078
835a1db0-4a8c-4acf-ac20-b20a2702e93c	1065
835cf49c-081f-4788-92c8-ad2956642e5d	1130
835e10ea-bceb-47f1-9c61-7c348b2090a0	1093
8362f2dc-a572-4cef-975e-1f11f438a81e	507
8368bb60-dd9c-4120-91e1-48ff20ed5029	1074
83690641-4d8f-4b6c-a974-00104a786060	1030
836c4b61-5c6d-4df7-883e-f3e4a4a96686	2048
836f7d8f-2c58-49cb-9b24-3d595ab8cb58	1074
837405b3-875b-4957-9121-a25b50b92b3c	1077
837425f8-7dc4-431e-b713-02ea1657b399	617
8377070f-cfd6-45ce-b758-c796dc44f4ab	1097
83776c58-4f63-4bb9-a5c3-99dcbe7f1e8f	1081
83804076-1e5f-458e-80d5-0b1ff5129c28	1140
8380acca-018d-4fc8-ab50-1e7bd5609c8e	1131
8383b5a4-6730-4f5f-8607-02c5203630b5	1136
83871b4c-90c1-43b1-9f1c-0ea69ff138fc	1069
83877c89-7719-4eff-bf5d-0ec6a82cae44	2165
838de7a9-29fe-49e7-90ff-7854efc83a84	1144
838f7627-55e5-402c-99bc-07256089b760	1141
839077a7-37f6-46d5-b21c-0e33bbba3aa9	1079
8391bffe-190b-41cc-9489-9765995dd590	1084
83930b36-8e0f-4555-aad9-334aeb796a22	1673
83983aec-2e59-4b59-90ef-04a43e561c88	1101
839dd596-72f1-4537-ac48-c17604a01027	1096
839e39f1-70c8-4b8d-b679-66a223ad9e4e	1135
83a24171-2381-4818-b84e-37bac38a497c	1117
83a59961-63ea-43c0-bb22-bfe1278c9a17	1134
83a5be4e-429f-4f30-ab2b-bdda76b6d0cc	1063
83a6b361-44ec-4bfa-9e54-7d9613a1f86b	1068
83a6f236-3dda-4f39-a0f7-f282263ef94b	1132
83a7b5e7-cd43-413b-ba07-67dc8f0e87a4	1137
83affebb-c7c7-4eb6-a1e7-15307b788c03	1138
83b9a2ab-4c26-48a3-aa3d-f38a157dc12b	1135
83bb6964-40a2-4e23-812e-ef671befcfa0	1160
83bd6e84-d025-4fff-8e7d-6c3902c00fcf	1063
83c25866-b626-4f5b-a4a8-4e6b29a090c5	1060
83c33c46-eae4-4da4-8d19-7dabbb993ff8	1135
83c4d8ca-c0fc-4a52-b4af-4545dbb1325e	1131
83c4d995-ec88-415b-ae17-62fd62ec070b	1068
83c5635e-83b4-4e3b-83c7-e21e34d91879	1128
83c6fe30-9990-4228-9d38-333020475315	1152
83c9adc4-d93a-4088-bf5b-3c34747ba792	1127
83cba480-4a26-4534-8446-837642d06d0e	1141
83ce51e1-37e8-44df-9ac5-8d7453d6db5d	1122
83cf0878-713b-4400-af5f-8a5382ba4aee	1118
83d13719-7f7a-4c5c-9ded-aecffb6cd26d	1100
83d8ea9b-a316-4a97-9cb5-95e64ed1c3a8	1065
83dacbb5-fc09-4965-b5ff-d1bed45d05bc	1077
83dca6ca-8a83-4d5c-9d54-01041811766b	1131
83e20000-c47a-4b58-be19-70efd1fec42a	1070
83e2d5d4-cf09-48fd-a7ce-fe7041087e69	1141
83e3b742-09b6-49f2-ad22-39eba4b0a92a	1136
83e4c891-8b94-4308-81d0-9efe455b9b2e	1149
83e53143-6b11-4610-85d2-9cea6759a47a	1125
83eb7281-a019-4ef9-a36d-902e49916e39	1074
83ee1fa1-e4de-4d03-bd29-218f36504008	1162
83f0079e-df7a-4636-9080-6fdcee9eff62	1064
83f2bd44-cae4-470d-a0e3-74589704e55b	1071
83f90c31-0ce7-4a31-b664-7896413ad773	2083
83fa5467-cac9-4f88-8f74-98935dde485a	817
8400886b-6ebd-46c5-bd18-b19398a3fe7c	1063
8402398c-af7b-4570-b866-6bce53dcafb2	1140
8403d2c5-6b1e-4c1d-9e0e-ead0c7770109	1136
8404ec80-9840-426d-ad40-96f6ea1cba56	1077
84104188-17db-40b3-ab05-223353b9b783	1139
8420bc33-17a6-4dc7-89e0-b024cd610729	1066
84260259-4f6f-4330-836e-c93a99dcbaca	1130
842b1184-fec0-46c5-af7d-5cc229b1a134	1077
8431281c-7ff3-43de-a44f-efd6bcf4d582	1080
84313522-c803-4843-84f1-ddf4a7873863	1135
8432680e-f779-4f1c-9d46-7fae6fb1f720	1152
843321d0-a898-4263-9562-e49b20c9019d	1143
843456e1-da71-4dcf-a7fb-cf821b37dfe5	1126
8437dca0-9865-4e2f-8600-d8c728c74d95	1198
84397832-d801-477b-bd9f-f2652f6e392a	1141
843b1cf1-2569-4984-a23c-8a8b767cb2d9	1123
843b5e2a-bb56-440e-9b79-4ab613dd6e0c	1096
843bf34a-8479-4dd4-97aa-7035bbb2271d	1128
843bfb39-ee79-430a-9560-7a86561fcdd8	1124
843dc1b9-6688-4b4e-8bd0-9a593043a05f	1124
8445eac5-fdd2-4dfb-9fea-a588d2463c7f	1139
84474abb-ea90-45d9-9e48-6a99796f323e	1025
8449e8f0-4e00-4b1a-ae23-844c518a9149	1139
844cd0d2-ddfc-449d-9d28-e0703f2859a4	1128
844f0185-a648-43a6-bcd8-3a53d858ac90	1144
844fd0fa-ed7e-4d3b-9870-b0808c9cf5c6	1126
8452c74f-b2bc-4e9e-aa8f-57dae4aeaba7	1140
8452fc9c-119f-4d0c-bd59-31b063effc33	1131
84534e96-85b8-494e-be56-2e52c75389d3	1075
84578cca-806e-4108-bbe6-2616aebd1180	1072
845e06a2-b4d4-49ae-b9c7-e7fcde99c458	1130
846494f1-462c-4539-b532-41aa0cae26b7	1078
846bb6f2-9d2b-473d-a397-3e17deb6910e	1095
846c9acf-ef34-48bd-8ae5-61a229d6ac91	1120
846d5ad2-ef89-4fb5-a9f3-438591769ffa	1148
846f693e-1458-40ef-a9f9-556d360c24a9	1129
84708575-0702-4568-914f-7ded45e2ab02	1136
84709e23-7305-4e00-9b32-e997226214bd	1152
8471468f-da02-49a2-b02c-7be9e69bb410	1056
847bff78-61d3-43b1-b6f2-284bb51e208a	1124
847c3606-d45a-4c8c-8196-c92641c295e9	1126
84804643-22a8-45e8-8b55-6c20b3554a8f	1141
84872a97-d101-4ee1-ae1a-a468120a3ff0	1138
8487b8f8-4b32-45ae-af27-68923f53c7d9	1138
8488d1c5-d932-44b3-9482-15c643c98c60	1155
8489c067-aaf7-4fe1-ba3e-1d91c86b8ebb	1343
84962783-0a1f-4edc-825f-b0a2aba680e3	1143
849cf3ec-6836-469d-88b3-0c8ed1683077	1130
849f4ca6-afeb-4bf5-9763-f72141b98399	1129
84a287c8-6973-44cf-9bf8-945f5a79522e	1126
84a54600-53a7-47c2-8946-eec7a46535bd	1150
84abbc4a-9f85-4f2a-a331-123919cc6f98	963
84aca449-9f30-4f48-8954-b38327c17bd1	1114
84af87e8-debf-44f7-be01-90f106c2dc4c	1129
84b3ccf0-fe8b-4bdf-911e-4896cdf1c4be	1071
84b8be77-8c12-4edf-995e-0bcdd70ee2dc	1129
84bbe54e-5279-45d3-b0a9-99ebd2680695	1129
84bf49cf-ef16-4d39-8543-2d80a0239a99	1067
84c09b15-80b1-4b32-8f0c-0f8e6aff23a6	1120
84cadc3c-eb18-4e5d-b1d2-cf16d563038f	1149
84cc7624-3bb8-4e9a-a479-50a092db5fa2	1131
84cdbd6c-813c-41d6-ab8b-bd58d4c0b5d9	1129
84d5d68f-841b-425d-8e9a-8348f422a322	1144
84d8493c-0d37-48e8-b092-710cc7b247de	1133
84da6995-1459-46fb-aba3-0cd6709028bc	1134
84daddce-a0d9-40f5-948b-a22d03ae38d3	1077
84dc7375-619a-473a-9d94-87ffd528994d	1137
84dfb3a7-8856-4354-b427-afffb058109c	1113
84e10e5d-f70e-4d6c-9eb3-19d9cd511fcb	1129
84e392a5-3f64-4d04-8423-68ba9b9935cb	1089
84e435f0-ecdf-4917-a92b-b7211c59ed51	1134
84e6393d-1d50-4f1f-b756-aa2bdc5db910	1077
84ec4d5c-6ec1-4b4e-8e38-f2e1aace3aeb	1126
84ef8ae9-13f1-4aad-b26f-ffa17f65708e	1630
84f176e9-7b06-4738-8334-9f10a748de96	1137
84f34e9a-4e9f-4f9b-bcab-95027fbe6bf5	1137
84f5e0ff-ef9a-4579-a75e-54f579e9af96	1151
84f6c30e-959e-4495-b8cf-ca0f6082ad6b	1129
84f6da36-94d5-4064-8b9d-cd2664cac4a4	1071
84f793db-df91-4da2-8c1b-4a8787f48178	1072
84f8aabc-5f90-48e4-bce7-feca63178ad6	1129
84f8f38c-8968-4b4e-89e3-a9aab92b6932	1127
84fa931b-f15e-4e04-b62d-a53b8eed4523	1132
84fc03d3-3c30-40d8-b88e-68c3d88c7bdd	1154
84fd9ebb-ed6f-43be-b1ff-5470e489f234	1128
85035779-35c7-46ae-aa31-5c9b597dc201	1139
850359ad-959c-4372-9991-76cdb28abe3b	1080
8504f093-7068-4909-aedd-d25c78f42d2e	1059
85075166-0618-4931-9454-a1801f3ebe82	1112
85079358-50fe-48ed-bb1a-09d97b3696a9	387
85123d66-281f-481f-b72f-b6da0b2ceae0	1135
851965d6-9656-45a7-b9ba-cf86b1a438b6	1127
8519fada-f49a-4224-a069-a6f750b88e0e	1141
851b40ec-d3a3-4e4a-bf7e-db7df3497fb6	1171
851df2b9-8411-46f7-b873-29d84a1c9ac9	1140
851fce00-b4cc-4796-bd28-f65807e5ecad	1132
852ce6c3-8dec-4685-9811-f5fdee422d33	1121
852e5ba6-2c1c-43c2-83b1-24acf1f5b383	1140
852e6e2b-419b-44c3-84df-dd4dfd774434	1105
8530215b-6e89-4d32-9f4f-6f0ed310b8f1	1136
8534ead7-0a77-462f-aa25-84fdab27c8ce	1074
8535dda8-82b0-4775-8d8f-75fee1e4fbbb	1153
8535fbc0-263f-48d8-86f3-66dc90a1290c	1079
85369287-c05f-4016-a1e5-61b6b4b7b013	1128
853d7404-ca82-4387-8232-1950b2a8b555	1065
853f739e-62cb-40dd-ac23-38fcdf1a59af	1075
854670ef-f6b7-4df9-bd29-a0f47e810432	1137
8548418e-19b1-46e5-8b7d-9982530d5307	1074
854a70cc-0bfb-440d-b1ef-87446be0ad43	1129
854b02b5-9c0f-434b-a4ac-8c8e25cb4427	1134
854c6583-732d-432a-a8df-ed8067f7ed78	1136
854ca973-d579-4c38-8148-cdaa202a2eea	1116
854dcf13-16ae-470a-a031-2b6781441025	1132
8550595d-a864-4636-834d-aa403a0a335c	1476
85513ab0-be9f-45c2-9d03-ec4b5338d9fd	1530
855289cf-bb6d-4c8f-a991-2d5b242e0ca7	1137
855ee732-3ce6-42f6-8672-47c589159d32	1134
85611ff0-e155-40a3-85ee-3e81a94039d3	1132
8561cbd5-e31b-4784-8b2b-b0b94d7b2cad	871
8567d877-e16e-402b-996f-ebc822361ffb	1082
856a34a4-3680-47ab-9238-7e60883c3a62	1071
856c2fab-304f-4340-a0c1-b24ae639b43d	1135
85706b02-b3b5-47a4-b432-cf6f72284a83	1155
85752440-1c4d-43dd-a076-51f5edc81e21	1138
8579f73d-5392-48fa-9b54-679e26f13053	1129
857f6e4f-1ccd-4443-a332-6de16e673d21	1147
85819a29-8d27-43a5-9957-747c44340678	1147
858383d2-c642-4c11-a6dc-0eebdf72baac	1120
85853a66-fb78-4c9d-b91e-8b4fb6083893	1134
8588437d-6193-4b64-a868-9a4064f3e1de	1066
8589741c-fcaa-4965-94ae-fa41f6c68ef0	1128
858b0f35-21b5-4953-b25b-849dfc539a27	1098
858c76bc-38ae-4a65-9cd7-63d0f175c9b7	1470
8593a423-407e-4f2b-b6f9-c8fdb7160d04	1140
85948765-02aa-4488-9605-dada3756c5f2	1119
8596b5e6-c33a-404c-b603-2421b46161df	1144
8597dc73-2f6e-489d-b3db-4fdbfc383b82	1075
859d081f-83aa-445f-95a1-94cf10c1faff	1158
859e1ba4-29f3-4cf7-9c7f-18d95d2f4194	1144
859f65cb-872a-443f-b1a4-687be6350306	1004
85a0919f-308a-41d6-931c-1dfdb1aa032e	1153
85a52489-d771-4f54-8f4d-9c81c9dc3e3c	1070
85a7aee6-1e3c-49a3-ac22-014ed56d6027	1072
85ad808d-c32e-48c3-abb3-578875d31a5a	1113
85afcc7c-dfc6-432b-98eb-7aa13f606b46	789
85b0f0d4-7043-45f7-843c-c9d80cc3952f	1130
85b83120-02a2-4e87-a21a-4bd64041f55f	1077
85baa997-8e49-41e7-bc3c-be29fc143c8c	1092
85bb530d-3df9-48fd-a110-41693e3e0017	1130
85bb893e-7b34-448b-bab4-d126d3233282	1073
85bbe737-0901-4010-9588-ea93dc175f37	1072
85c4e161-6b65-40a0-b4cc-1185d10749ab	1098
85c754e0-c009-43ab-a7de-2af0dece2d61	1073
85c88a5d-d8db-4248-a723-56bfb30ed07b	1079
85cad6b4-68c5-445c-804b-bc5c55584bf7	1086
85cb0029-1ecd-4e18-ae81-af50ae8de18c	1066
85cf840c-fb2f-4e96-be70-3ce110353a9c	1146
85d2530f-4adb-4043-8911-a6a84d3f0f18	1135
85d40e71-6b42-43b3-a15c-2f6fb2690ac0	1078
85d8245f-4354-4e62-bcb8-7f952a5976a4	1143
85d92bb3-4270-40a0-ac93-7ccc5d91cdf5	1136
85d97648-a926-4006-94df-fdcd3dfdc7e4	1136
85d9deee-e8c3-44b0-8d48-42cdbe0d5a2e	1073
85db235e-4d0a-4ea9-81ab-cf08dc185be0	1077
85dcd00c-a31c-4725-bf58-4bdf1dc7be11	780
85e02351-37b0-435e-8665-9f86ce1e73ad	1077
85e05c5a-d784-4c89-8664-1d93f7b25af6	1126
85e1b7ed-f148-4acd-87d2-3ae92c55dfc1	1138
85e2659d-cda4-48cf-80ee-fa23c37a6c1f	1069
85e53822-080c-430b-bf8e-7f5aae9d4e95	1029
85e5e242-a267-44e7-83d6-3d2f31603987	1082
85e6bbfe-3067-4c8a-bc95-3738c6bcd8de	1143
85e79997-5d51-416a-9f38-1b0ae5c49723	1078
85e7f735-5150-41de-bd9d-78848b427f4e	1071
85e982fa-7048-43fb-aa16-4acde5be9566	1113
85eb69ef-6154-4033-afde-213716463a60	1097
85ebed47-de04-4b37-9946-047b2fd55099	1132
85ecb3c3-558f-429b-b2ba-ca3bdc29adf2	1086
85f06aec-da7b-4b58-9644-60e2f7864060	1148
85f52028-cbb6-4e9d-b6ad-136332c70700	1114
85f69ad4-787d-4652-b287-e243edd188ac	1024
85f84fc9-e2ee-4a99-904f-667c04d4d4c0	1143
85fd26e5-f5e3-4b52-97b2-0dcd81e8cf0c	1073
85fec72b-0bba-449d-8277-28e7cc17e1fe	1137
85fefa3e-8de2-48ca-8c25-0f3b384f3ebd	1171
860d4725-9299-4dbc-a325-f7ae7498ebf7	1099
860db24f-0fa1-4948-9356-45803e608da1	1137
860eecbf-9a96-45dd-92de-fe7c7e146ed6	1068
86110e8c-69e3-4e88-8efe-86f1fda31254	1129
8615f9c0-c94e-4b4b-83a0-7ffc14593e4a	1135
861a646f-f36b-44a0-9504-85fcf224f39d	1075
861a8592-fbbf-492c-9941-51ae72799c61	1127
861b5302-f6e3-48f4-a3fa-cc55a99cacbe	1068
861c201b-5c84-4a82-b8e8-59742996929c	1132
861d10de-baf0-4035-8c8d-796334c19376	1142
861fff5f-d161-4ea0-bf0e-95f6fe6f7a20	1145
86209ae9-69cf-4b62-b19e-a9cf730c4af7	1129
8621625d-f97f-4f8c-af30-feae170a569e	1141
8622d05e-aec8-491d-a1aa-c4c2cbcf424d	1121
862357c1-e5ce-4e97-832c-f4f0e94c1061	1083
8623d50b-c499-42dc-bb4a-21c08655505a	1074
862ef3ae-8e7d-47a3-b6d5-e669dc0399fa	1133
862f2c80-60c9-44f3-992b-1c953dd25fc7	1075
862fce58-5a9d-4d54-b332-d832f875cdb4	1138
8630b4c6-f721-49cd-b8c8-7698084848dc	1088
8632f726-9a5a-44c0-816a-cb5202206f6e	1133
8633c5e6-16f9-4216-aaa9-8b3701547f44	1073
8638c9d1-584f-46c5-ad2d-d7eacf323b98	1074
863a53b4-7efe-46cd-ae51-713b579c5fca	1074
863aeab1-e7c1-493f-8e08-67a704280fab	1096
863dc72e-0c76-49b9-a392-7cb5f400d899	1075
86410ac9-ff89-47a1-b308-e0f228558ec1	1067
86426a87-c1c7-4414-bce6-49651f3def91	1135
86435f14-a796-4021-8b7a-2d1c6a76e825	1127
864488ee-ba7a-4329-b4db-ea4e0def52c5	1129
8647a6e9-a1fd-4bbb-ac40-f3c5f47d73d9	1132
8648d5ba-c9f2-4828-8780-bab2af24a02c	1127
8649c526-f63e-454a-8d07-b0c2a41b3250	1095
864c58c0-fae2-4cb2-a37d-7147ce0b07be	1084
864e2a85-6442-4aec-9684-b6ecb5b4a612	1106
864e6894-b241-467e-a2bf-500d9716e6f9	581
864fb2d1-de3f-4228-8dbf-8d0e2003fe3f	1134
86501bc9-1bd5-4a97-b331-2d39023fa420	1126
8655e3fe-79f4-432b-a5d9-27272520c931	1076
8658d115-1f91-46cb-8792-e4d7c78a021d	1070
86592d2c-66c1-4d27-96b0-e6f2a4f3b453	1047
865a5e10-8909-4cfa-b17b-ad6b1c69cbda	1073
865ce391-2ba6-4bcb-80ec-d34a74d81526	1060
865decf2-a19f-458f-a542-22999a7260e3	1136
865f7caf-f4ad-4d13-8893-e051e6d0ad09	1538
8661a031-81be-4ecf-b3bb-ec4326d91fe1	1144
8662667b-f451-4902-817d-374069f858dc	1135
86669135-a3ea-43ed-abec-6b67890f6779	1128
8667b2cf-bfbc-4d34-9fc4-9e9512c3fc27	1142
8667bf70-70bd-4133-a47f-1911a0f89133	1076
8668543d-f5cc-491f-851a-8aad22b08290	1136
866b2db9-84c2-4ba6-8861-75f44aa5b991	1065
866c179a-1efd-4c34-9261-cee3ddbf01d3	1071
866f162e-1f08-4659-9032-6682536443b9	1158
867199d1-48ea-431f-a3ed-16a5aa4e15a5	1079
8672947f-c579-4824-ae8c-fc768a1003d0	1064
867a5f8a-7fb2-4f88-bc3f-11bbd7fc2c9e	1141
867e19c0-d14a-4c6b-9b90-8e0b7b2523ae	1071
867e5d87-5619-4da2-b3cc-9b26e85db1f8	2251
868587f6-845b-451a-bfcc-263b73e90d1c	1057
86884174-88b5-4cf9-a009-cdb8d0e84ac7	1144
8688fedf-8f0c-4674-876b-e81cab77aa49	1116
868ab4ce-c8dd-4062-bcb3-5028499e2fb1	1127
868b34e8-0b8f-43c0-ae8f-01367f86aa1a	1103
868c8c47-037d-43a2-9aca-e7375ee05fc8	1072
868cf071-b688-473e-aadd-5f0afd32e219	1079
868fcef9-a726-44c7-a500-4c5c095e611c	1130
869ad8eb-3206-4f28-ac30-dd50df22c5e7	1084
869b80af-98a2-4691-88f6-c942d40e92c6	1132
869c6285-ef94-4d5c-8bb8-0bb8ad751bb4	1123
869d1e7b-41ea-4e9d-92ba-83e946e4523f	1118
869ff128-d2e5-43a3-91a4-0227c92cadd2	1073
86a1cdc6-d3dd-4e0a-8cbd-822ebb75d2ae	1081
86a583bb-e579-4c87-b7e6-b536eb1ffe6c	1065
86a64f31-78b7-47c9-a091-6cb4871e6d6b	1074
86ad2cbf-c0be-431a-8476-30ea5a453848	1113
86ada9f4-f899-4f87-93d4-b3ea936db0cc	1129
86adadcc-559d-4aa4-b9b5-9dbe856861b1	1144
86ae98a3-da46-4a5d-ac0d-bddabf8fcfcb	1100
86b4d078-8543-42c7-97bf-81802d0b9134	1073
86b56207-fdbf-48da-9930-29fe43a6feac	1141
86b667e6-e7e3-482e-9bf2-6cb9595b51ba	1071
86b6c67b-0274-46e2-93c4-d8ba85096f70	1090
86bbcd01-71d4-41fb-80c4-5d2f13d746cc	1137
86bdbdd4-cc06-496c-91ce-6a7a227df419	1080
86becf9e-bc16-4e12-851c-f08933c1d11f	1099
86c0fb7c-c207-4eba-9c6a-4ef007cfa620	1124
86ce748c-b184-41a1-b799-400aa6108840	1130
86cfe1d4-11ff-4637-8732-5fb64de55d63	1167
86d2c84e-71e7-40bc-b96e-0b1af629d70d	1077
86d65daf-4e33-41ec-8f30-ba07adc3ea75	1072
86d7f799-527f-46bf-9619-4f2c60d10fac	1134
86d91937-37fa-43cc-a8d5-948e866fbdc2	1103
86e5ff44-cbd6-487d-abdb-3d9d197d1e26	1124
86e64534-9895-40cd-9b66-3f340ec4c136	1125
86e7bbea-98ef-4b90-8df8-4ef014847c12	1092
86ed0c3e-8cd1-4174-8496-cc2420ee56e0	1134
86efcb1a-0ead-4b0a-8233-b2a2e07c4103	1145
86f13d23-d85b-4b8a-a123-4c6b2f6a595d	1067
86f15eff-bb6d-4ba9-8b1b-a7db08309f86	1082
86f2f72c-a8f3-499e-9070-a0d47bcb0684	1154
86f4cda9-ddf1-4385-a2d6-ce7fda32c756	1140
86f5635a-314b-4c08-ab61-b2f93e9a362b	1531
86f6c2d6-cdea-4ec3-aa92-7ce22f8a58db	1070
86f81729-d7ab-4ab7-b45c-7ea17211309d	1074
86fb1546-362e-4048-8a8f-aef23c7aebac	1133
86fc2955-73a9-4ba1-b174-1d2019e19a3d	1072
86fdc5ba-a2a2-422f-820b-5f45239d35a6	1077
87011e27-5a42-4242-80ba-71064203fef9	1089
8701b4be-019e-4250-a2c7-410346de8786	1131
87045f4c-95d6-4156-aea2-5f4e7236a32d	1129
87059a47-9d3d-4628-bcba-735cf114e643	1062
87059ceb-57fa-45c1-9432-1ef327c79e7b	1131
87070ebc-e624-4673-b1ac-fb168c870df5	1146
870f48a9-ae92-4548-a8e2-cf672f6ac483	1128
8711f592-76bb-456d-b180-a5cc9f724906	807
87169aec-68f0-4229-9771-bb7ac250dce3	2099
8723e45c-d8f5-4ac7-9c73-812a20270d63	1147
8724dd16-45b8-445e-a24f-bc981ef7c7d3	1143
8725b534-9ce7-46da-baa8-105d22fd84a7	1135
87263748-3be7-41a6-8c86-e397ab7e5253	1134
8726fc69-e153-4820-9c3f-9564a8fdd810	1138
8728ec35-343d-49f4-9a10-c9ce4f4b99fc	1089
872c58ac-c42f-494a-b0fe-6851f1af5f69	1131
872df08e-dbfe-4222-8ea7-62a9105140e1	1130
8730acdd-d2be-420f-bd06-f8558cf93885	1167
87318e1b-d90b-4334-8927-2cd1b6d206a4	1137
873706a3-f23f-4887-8d93-5d94ea4cdc1a	1141
87372e59-f114-4ea2-bab0-87d11d848229	1073
873dc359-9613-43b3-afef-e4c8fabe408b	1127
873eea2d-de4c-4537-8b9f-f2da729ec744	1079
873fe573-d882-43bf-b220-4f1c54e503bf	2046
8741135b-9d45-4fa4-9cd0-45af731f351a	1138
874368df-5ad5-4d79-be64-e51de4b6d3a3	1100
87460d8d-2498-4981-ab35-f6ba2cb07f3a	1073
87479032-2681-4ff4-8b70-32d3df0d0d2b	574
874ad0d2-bb67-41be-8153-58f9c2f85a8b	1071
874c5659-c0cb-4027-93d6-6757d409b28a	1125
87508f9a-856c-4e4c-80aa-1649ad9b0dd0	1066
87512af3-8eef-445d-84e8-9a9be8b169f7	1138
8751bb56-b7b8-40b5-886f-f23e429b1f5c	1070
875249d2-e408-4647-bc83-35e4fc96fabb	1093
87571908-ccb0-419e-badf-5de6e9b0e4e2	1072
8759834e-6a62-4b90-b869-ed99810bd4a4	747
875b63e9-ea8a-4dcf-bd73-3e35a3d1fdb2	1070
875bc89a-4b99-4dc6-b205-43a2f43684bb	1094
875cc046-8a5e-4686-9384-8b3c38dacf62	1133
875ec807-f6a1-428f-a9a5-b9de038a0788	1068
876a65f3-2a2d-4338-8d84-dec2f4d2f59f	1136
876d9982-90d1-4368-a5ab-e18edccd69ae	1097
876e09e8-5859-419c-b8ac-b5547dd28745	993
877290ed-0bc3-4881-a468-b2c00eff94f4	2048
8772bfdb-4682-4eaf-b6dd-3965ffad8c9a	1069
87732c12-e0d8-4114-8c48-05b7c01463b1	1120
877ff91d-9bf6-4984-a9ca-83f99d37b9e4	1139
87820a11-087a-415a-b7d1-1db926b527bd	1066
878975d1-0a7a-4fce-9628-d6f46629848f	1082
878adb90-c4b2-4405-b903-49e3da883c04	1137
878cd9ab-8ae6-4312-bed2-9f9f0f76a4cf	1079
878eddf5-9c0e-4bf2-9d9d-712d2235cfea	1142
87936fed-7912-44f1-a6cb-eb7a0ba191af	1079
8795c680-7baa-4445-8e0a-a1a2a016d81b	1077
87a21af0-8c99-4cee-acc8-49ec18cf1a95	1125
87a5be45-6cec-4faf-b606-c02336aa0dc5	1130
87a94d23-03f0-4e81-b197-03aa02370052	1068
87a9c905-1199-4510-b205-4a6a2b4ca7a7	1137
87acd95c-1483-4ed7-ad27-429adc34adb9	1124
87b1706b-2239-4401-b904-acfa77c9782d	1141
87b3ad1d-82b5-416b-93a3-f42e7a711b9e	1131
87bfe0b8-6eac-40c8-9c05-470f148ea517	1149
87c45254-2a10-426e-a6a9-c4faca82ddae	1104
87c997b2-a261-4202-ad15-dab468acc12b	985
87c9c98a-5630-4a90-807c-55ddc8d86a14	1116
87cc1040-517d-436b-bb74-37aee4b79871	1078
87cc31b2-2272-4233-9c48-e7f7dca38d63	1088
87ce0235-aab2-432c-ae6e-7db67de06336	1063
87cebe66-5302-415d-a590-2be266c64ebb	1131
87d3cb88-c8d0-4494-a685-3188a26249e5	1075
87d3d1aa-d956-4905-aa39-8301b8696e15	1141
87d6f136-36cf-4d46-917f-144c6a825c97	1160
87d716c1-bc51-40b2-a68c-ee8ff496902c	1137
87dd9a50-1ed8-4fb5-81ff-1e9d577ee768	1066
87df5a91-75e4-4d6f-8fe6-62a2a5e19e0b	1122
87df697d-d44c-48aa-bb88-82a5b0a81f59	1157
87e32da9-2a7f-4609-8d28-c7b7bc8e881d	1092
87e39249-6639-4be1-813b-3cc689dde276	1124
87e4f83e-20a4-442c-82d8-9f4541ca2762	1079
87e731bc-2df1-49e9-b4c7-20393341a3cd	1089
87e8a0f5-e1eb-42c4-a9c0-e124f6911be2	1145
87e944a3-4a7a-4343-a992-3eb3c27d26d4	1315
87ecff11-f2fb-48a2-86c8-d89fc08b88d4	1064
87ee67a7-e965-4c4f-89e8-cbceec9d1057	1129
87eec0f9-e46e-4ece-b0fb-2279ffd2545e	1941
87f09d87-460d-4e80-a99e-9402dd09ce1e	1144
87f46d05-d775-42ac-b2cb-3010af646271	639
87f5464f-d88c-476e-b04b-491671100b11	1052
87fa23b8-bdfc-4af0-b7cb-0f7b98a325c3	1070
87fc1042-40e6-4c93-8e78-2b2ef40a75c1	1133
87fdb82b-fc75-4959-80bf-f957e7339b74	1072
8801b324-aba3-4d3c-9792-28729253afcc	1074
8801f96b-789f-4c53-b7cd-e879eb094cd9	1084
88033acb-2517-48f6-9f09-158ba9b9ce36	1154
88079ec3-ef10-42ea-9b78-7ff71e7b4e40	1058
8808b5df-0623-41ea-bb0f-9d74fb693bb2	1149
880a07aa-7eb5-4be0-bf27-6257ead04913	1066
880abe4c-2bce-4273-839d-22ea11ac19ed	1145
880b887d-fd60-43db-ab91-78ccaa659e8f	1125
880d3204-feb6-4c70-85d3-519a26986900	1068
88138bd0-de17-4239-b29f-7da1caa5d61f	1069
88159e8b-7144-418f-8d6b-3ae8f8d8e9d7	1138
881698e8-db83-4d7b-ae9a-3c7f8e10d5ff	1078
88181721-a811-4438-a8ed-fa707ec9c883	1127
881ec4f3-dc3a-4d19-9818-9b19482b8b72	1161
88209d5b-f356-4a48-91b0-4d8624899957	1144
8820b288-d3f0-4d97-8779-a6f6c9bba364	1133
8822ed53-6f6b-4fd0-a417-c57c4183b2e1	1080
8826f934-b5c3-4cfe-b457-3391dd9d1c8c	1141
8826fe54-8204-4b4b-bab2-20577869f00e	1155
8828eed3-066c-4f8c-977f-721b6a0013ad	1131
882d89fd-8dad-4ce5-a837-317fc5c1e951	1144
883072ac-a3c6-4995-8a64-d14a5e4fe994	1139
88318bee-f648-401e-a19a-39b3d7c5017e	1049
883243a9-a005-4dc3-a710-71cba5c6b26b	1132
88331e24-d8b7-4bfd-8f9d-d6f2f44536ab	1070
8833bae7-820e-4ef5-a40a-30cfae09e6bc	1126
88349047-e82f-497a-91db-0a14731c3928	1131
883492f0-8129-4966-833b-bd081dc4f047	1155
88366c4a-0f3c-4d12-9b29-bacbd9cc612c	1059
88383b54-e49d-4b4f-8742-6af040bbf748	1070
8839228f-dae1-4963-bed8-0d3bd987070c	1072
88393bbc-8e94-419a-856b-229a124d270a	1126
883e3511-ab8a-4053-b166-ef3e001856f7	1168
883e8e35-a514-4d69-9bd3-028980a89f76	1061
883f76ad-1507-411b-8ba1-67b79d9696f6	1150
8840a761-fb43-4c3b-b8d3-fef1c514b870	1102
8841fa5f-65c3-4d7a-bea6-5f8547ea59a1	1136
8842f414-d3dd-4380-a1ce-e2918163e67d	1157
8844a1bb-2c02-4186-ab36-0df8b64913af	1159
88490893-b8bf-4210-b00b-563ed46bc95a	1073
884938f8-b711-47ab-b512-f3be5e3b9ff4	1067
884d7181-eb79-4936-a44e-d8cda23167b0	1069
884e02e5-1df2-4c18-b756-dc7ca284a7c9	1084
884f6e96-50fe-49d8-8c09-438fffc61d92	2052
884f94d3-072b-4492-a66f-ab3e5734af6b	1088
8852b100-e6ef-4bae-acde-a745631ec309	1121
8855eb26-a95f-4904-a494-9ba6a75d8fb3	1073
8856f3f9-8397-4d6c-8da6-ae4c90c418a5	1065
88596a13-8f8d-414a-af88-6dc5cfd5b866	1133
885bccd3-a112-4e20-baaa-1302d972641f	1137
88604b77-b9ae-47fb-806a-09b1c64287c4	1136
88642c9c-8ec2-4831-acd2-291981e2bbd2	1135
88647d53-01ef-4a97-ad2c-6fcc505e9992	1069
8868a5f3-6f01-497f-8669-e4c19e88ac01	1139
886a03d4-6026-4bb6-ac6e-ece113dad99c	1127
886c396d-9a2d-4927-99c5-173d9a76e128	1070
886db66f-4fe4-4dd3-9f73-9a0070c6ba6b	1069
88730891-61a2-492a-bf92-f119347ea273	1136
88763b4a-3901-4fc2-806f-b8b8e3063db2	1080
887de38b-f9f5-4cd1-9cfc-7cbe41fb49a9	1079
887e50e2-f57d-4ac3-96a7-cf486688ddd4	1144
88809845-a093-450c-adf1-212159eebe6f	1081
8882bbb7-954c-46b6-9d52-dc2dcd229fea	1152
88895d82-f932-43ff-a96a-13a6c948a376	1076
888eaf23-0c4b-4da9-a5b8-83c27b5b2d87	1140
8893c15f-55ee-4492-b58f-be6893b31a3d	1067
889689de-4fec-4a41-ab69-9de362cd7418	1270
88992e87-4e2d-4907-8e08-8d9f58caf44e	1087
889b7652-c101-4832-8192-afb70524a2ed	1077
889fe992-04fd-4f9f-82f4-077fa4778e8d	1074
88a11ea1-4e07-495e-ba89-4d2d4e62f20b	1156
88a28fe6-0112-4e3e-a0f9-2f6242f839ed	1145
88a7e179-80b6-4263-beb5-4a7588439afc	1069
88aa7528-b011-495c-9efb-c207d17f6f30	1111
88abaae8-d688-4b44-aa4a-bd9760d353e4	1139
88b13c23-5ea2-4e64-826e-240bb2fa5c48	1077
88b396da-11c6-41a8-a0c5-b02ef980f0be	1133
88b7fa75-92cc-408f-92df-93a91c36bc4a	1124
88c1284f-38c4-4707-8fad-a55712567afd	1071
88c4898b-4420-472a-951c-28fb670e1339	1141
88c7270a-169a-4e08-9214-3ea8a5de53c2	1133
88c7dc86-90a1-48ae-98f2-525ed87387bb	1132
88ca32cd-4fb0-4aa8-b2a4-c407edc22a51	1144
88ce829b-2fdd-447e-a11a-f70e19c4f1c0	1111
88d1bd7a-7fc6-4e51-8dc3-aea9991681b7	1078
88d75e9a-6873-4cc9-bb32-40279e7ee38a	1136
88d9e492-fe41-4206-a9b3-10e8271a0434	1073
88da505c-914b-473a-bebb-bdd386cdcbd8	1084
88e26ef3-afe7-44c7-ac84-401b4dd979d1	1125
88e69ae3-9923-43aa-babb-ef3e2d752a79	1097
88ec8276-c720-47e8-91e5-9f4f0e4a098a	1127
88f1ca79-6649-4c48-80a4-607f6f0ffb64	1078
88f52fa5-00e2-4ecc-9233-10e10f834d47	1121
88f7a552-bb79-49ba-a272-2d360c398d59	1067
88fe4551-d6b0-4a17-94f8-35240c759214	1135
89011dfa-f28d-4322-8740-698a898992b0	1075
89012717-6f6b-4664-aad8-365524363e0a	1116
8901fff6-4d45-422a-80b9-e319a7c8558c	1156
890284d7-627c-45b3-bb61-59817a82079f	1063
890639b1-b84b-4579-9e76-71845fdeb200	1142
8906ea02-580a-4380-8d60-e0761c798625	1132
8908a4fc-8b65-49c3-bd25-ae997b16b6f5	1075
890bb385-e917-4b82-864b-a0367fe0480e	1150
890c8a3c-2635-4b37-b1d5-0b0a0fdcf70f	1130
890c8a60-0e39-4a47-b0a5-2fb6281f7d8b	1150
891433eb-81d3-4595-beea-b510266550b0	1925
891754b9-ec54-4e53-a3f7-10a21223c1b9	1137
891a3862-de3c-420f-bdc7-013f4a8cbbf6	1081
891b9555-3fdc-4eae-8378-ca3bd976c2ea	1059
891c7001-0cfd-4357-85eb-bd77afc4056b	1095
89245e64-b25c-4951-83b8-846e712670a7	1098
89262b03-ec19-4330-b452-74903086db5b	1139
892b717b-625f-4f00-a450-be6bd55680b2	217
892dc83a-585b-4dac-bbbf-c46e2d47d495	1137
892ec132-1bc7-4c15-bbd6-cb62d99e8dd4	1078
892ed6ac-af21-4d52-99d8-4b3d63b7e6f0	1153
892f2c62-9f24-4694-83b4-3b69b3239cd6	1152
89351017-9cda-4f6c-8914-dda47a8dc251	1074
8936780b-b4dc-439d-9bef-5b3ef1d96295	1077
8939b072-1dfa-4806-8dfb-e746c977acfc	1146
893d193c-0cd4-45d7-9030-04867eaa9c10	1135
894206e6-0613-42ba-a05a-7f7cf1175088	1067
8943c948-f57d-4810-9565-8642c60287d0	1127
8947f337-74ac-4551-a16d-ff5236f00a6b	1139
894e9e83-2fd0-45c5-a34f-6237519c75ac	1141
8953f5aa-76a9-48d9-a980-bf6f875f9077	1071
89556bc3-67a0-49bd-a889-0c8f492d2a5f	1156
895aa08d-ecb0-424d-946f-4a03ec825dc4	1071
895bf2e1-6c7d-4a4d-b897-73ed41a95040	1133
895ee44c-d26d-4924-818f-760257db5850	1165
895fd2ff-d630-470e-b39a-4238aae569df	1133
8961b9b5-c0f3-4926-88e9-86943b5bdf6e	1132
89633409-66c9-4676-9141-9ee1c8ee4cf1	1076
89691b86-8298-46f8-bb84-9867ad3dfd0b	1096
896a9504-e2b4-4c9c-9e95-45303cb3a908	1085
896c862f-697f-486e-b486-3a023039dfcc	1108
896ddbed-5ded-4867-ba62-a762ca6a2b19	1119
896e6fc7-28cc-44a2-93c7-db5169d022fb	1140
8971703e-907b-40d8-9aa3-2c0e96165c7f	1130
8973acb0-a57a-4f27-b399-9f117f8f7be8	1072
897d336c-8ea6-4f02-bb01-706e7f12dc4d	1140
8989afc1-6993-4df0-9002-c1189b685c4a	2043
898b15ae-6b17-46df-b242-a4425e94f4d6	1137
898c69f5-33d6-47a8-94e0-3dee58eb10ab	1080
898c76bb-3d0d-4bfd-a636-cb6d41e70d5a	1077
898de89c-2098-4b6f-8767-557ba541d565	2049
898f0969-6668-4718-bb49-2f4da952eafd	1061
898f3d2a-e5ed-4c0b-b8a3-dd9f31999ad4	1105
899747e9-9ce0-4563-9559-3c952bf204d1	1139
899ac79d-2ae2-4695-af49-ceecabd3597e	1144
899bb597-6a82-4fbb-a031-c1bd682fdfa0	1079
899c2383-470f-4481-acd9-ec9e1f55418b	1078
899ca8c7-666a-4db1-b52b-1f57cf9a9111	1069
89a15f54-e6b6-4a1d-94ab-577dbf676355	2054
89a3a73e-d78b-47fe-bbc8-ec75d8fbab88	1138
89a5c3ab-7046-461c-9e78-0fc411cb51ba	1140
89acab2e-b1e9-44ea-b10a-74bbc476c003	1135
89ad6e30-a9a8-4eae-a9ff-7c5c4e715d6a	1075
89ad903a-7a01-43e3-9b56-a7765c695975	1075
89af9bf8-4dda-4d4d-9ba1-c7fa42c6d4a9	1142
89afe5e3-fe33-45a7-9ea3-3864ac92ea2a	1134
89b0c2da-0a72-4315-b64f-8a4530752c19	1137
89b158b6-bdfb-404f-8f7c-e6d35d9ee51f	1158
89b1d7ba-fc6a-40b1-a4e7-bb5bbc1651b9	1135
89b2142e-907f-4b7d-b3f4-bfccab8ee6e0	1131
89b456a8-c9d1-4aa6-8f60-0501a94dd6be	1093
89bbe9d9-9ac4-40dd-ad27-199728cd0c25	1098
89bd0c4a-4e2b-46d1-9258-cc8e38e29303	1130
89bd1ac7-5020-42b3-adb3-127c8fc01e44	1120
89bdf626-638c-4aaf-8ef2-9539f89155e6	1137
89c1a076-7b98-46b3-8bb6-8747f0016ef1	1123
89c3ee5d-1ec2-4487-a83e-0244b40468bd	1142
89c9afd0-9adf-4bb1-b1f3-74015a0148c8	2036
89ccdb79-3636-4a79-b236-3680a77e5877	1069
89ce082d-5af4-4730-8a59-7ca33e509993	1083
89ce2291-2f82-4890-af2b-e26699b72be2	1135
89cea93f-be7e-418a-af4a-9c0e3a7372f1	1133
89d0e8d1-b0f8-4860-a46f-b3d8387bef1e	1143
89d3f657-05d7-47b1-80d9-8a67edba2bef	1131
89d4b8e6-b833-44ed-9c8f-f056fc8bc15a	1151
89d922dd-ad61-4049-8a5d-0a0af87e3d6b	1133
89da2912-ba9c-4feb-88a4-561b9468cf09	1082
89dedbc3-ca0d-472a-8839-046f0d8a5d58	1160
89dee14b-f4dd-4ccc-aa10-db1c45f4a8d7	1134
89e0d6df-bf57-4c6a-be5e-dcb08f0d99af	1134
89e17863-c8fb-4b2e-bb46-c5a3de1ea304	1074
89e71bac-340b-4bfa-b58a-4cbdb70909ab	1061
89ebe70c-49d4-4e5c-8114-ce0c1da6d927	1132
89ef41b4-92b2-4693-b028-5ad64ee93daa	1114
89f14da4-d178-48ac-9293-dacd27915ebf	1064
89f452e3-393b-4ce2-88f5-6312ded12918	1182
89f516ad-dbd6-40e9-abab-da6ab12a4101	1131
89f7d0c6-4d72-4f6f-a548-ca38d1b9649e	1078
89fb9ffd-377f-4c44-a440-10ee3697c620	1132
89fcfe2b-f391-46c6-a960-0c491cb7bf3e	1089
89fde991-206a-49fc-94de-8f4eac06cf5f	1143
8a036a35-adb3-4757-88f1-c678e08e1c20	1136
8a0469ed-a65d-4edc-8271-b2e307ec053e	1130
8a051e8d-037e-43da-b3d3-5289c5391cdb	1144
8a056bf4-2bbb-4f17-8827-2f732b36a4a9	1143
8a0e8a5d-e921-4583-9790-a66bcbc19fad	1120
8a112aae-d452-4d64-83ab-781e27d5cab0	1078
8a12898c-8009-4fc7-b8c7-a387cec06874	1085
8a12f0bf-cf76-4611-b862-3b88f172a219	1130
8a13089b-188a-42f9-b230-9d7a1e7496b0	1065
8a1903f4-3a66-40ac-8b58-e6de84d19285	1083
8a1b32de-535a-4df8-a8fb-db44073eed2e	1140
8a1e4a5a-18f3-4270-8518-fd0ce52bfc0a	783
8a1eaa30-6bcb-4d2d-b445-f1357a1af5fc	1070
8a1ed65a-cc40-441d-813a-0a73e687f1c6	1125
8a1fd2e3-8283-4bc4-bd48-2e1f82b4e62b	1083
8a20d29b-a717-442e-9136-640aaac152d5	1131
8a24fa53-3725-403b-829c-6343d5730c95	1073
8a276611-8526-41e8-b4d6-d4e74b6ea010	1084
8a308a69-f99b-462b-9be3-f3122b64595c	1128
8a336eb0-3f8d-4b87-a2ce-531664601cd8	1150
8a342dd2-6e09-447b-80bc-e6ac3de4bd75	1134
8a38525d-198d-42a6-8558-9902dbcb3d44	1135
8a3c4bb9-035a-4eeb-b66f-63e18a231c6f	1133
8a3dd0ad-0eef-48f5-bbe3-5b3b9f8fd5b0	1070
8a3e6fd4-d1b0-4409-a095-3ae7582a934e	1048
8a3ff948-50f6-43e8-b6df-b4ee653d3092	1070
8a42c032-659b-4466-b672-9b8b260e6e04	1096
8a465835-d7cd-4ab2-a06e-b27e039c1560	1135
8a4ae822-45d0-45ef-be48-b2daa29322bb	1068
8a4b18a1-d652-4609-ab7b-5d92462e4508	593
8a4b2972-6540-48f8-a699-57476a671119	1136
8a4f9b11-c342-4f4a-a997-88120590e216	1156
8a548d82-9924-4896-9917-cceb9c2c6eb5	1076
8a54ad67-e425-4c82-874a-0353c386b3ee	1139
8a582f25-96e2-4f8d-80e7-c524bb8d25e7	1135
8a5bfb82-df48-45ae-9cc1-1841c0799b3c	1117
8a5d0067-5704-42cf-8b0a-d027f1925751	1064
8a5fb43a-16f6-4409-8e0a-23f4f2245025	1135
8a6a6e4e-806c-47a8-8417-1d86aebe5749	1152
8a6b28cd-5862-4b74-b243-9ed47a6590d3	1137
8a6c8d1a-b9f2-41c0-9b11-1828cc151f31	1127
8a6dfae7-4f53-4fe1-a255-43c4bd9ab503	1123
8a726ef7-6e1e-4668-b146-0b8ef2633e95	1147
8a7b1ece-c96a-484e-90b6-31f4dd5e04c8	1135
8a7c29fa-330e-4715-9df8-c59f184b7b8a	1073
8a7fbb73-1158-4e53-8084-8bc67dcffbaf	1996
8a80f4bc-f6d1-4394-8abc-9e2b0d5d3c4e	1118
8a8100d2-e9fc-434e-9786-f72b378e694b	1134
8a82fc97-bc6f-4d4a-b9f7-aa98b101ce04	1074
8a883eac-5839-4ec9-b1b7-8188929c6a20	1139
8a8d36c1-5606-4e69-912f-53d370db79d6	1131
8a8ebbeb-f6e0-4cfa-821f-48b4bb50f073	1132
8a8ff90e-80f9-403f-92a5-ad72026814cc	1034
8a97c577-a0f4-4fa5-ab02-1ec425537a7f	1076
8a98045c-04a1-4c2e-b199-5ee14667b6f5	1126
8a9c6c7b-a7fd-469c-8b14-9ccf0cd1f299	1103
8aa2d4b3-259b-4be9-bead-ce4e7545419b	1080
8aa44372-be1f-4e42-91c4-565d1dec03da	1129
8aa7dc67-7c08-4320-a7e9-080897d8be5b	1132
8aa8d0e0-e71c-4bbe-8751-e6b3703bfe40	1114
8aabbc19-1f81-43f8-befb-c3b4651e23e9	1120
8aae2b78-6f2d-4fd2-896f-6ec811949661	1071
8ab41f89-aade-4ef0-b58e-ad62d2934a79	767
8ab718fd-2cbc-490e-ae08-44a55d77a787	477
8ab7a358-af67-4a5e-9a5d-bc71719e0c8a	1136
8aba5b4b-21af-4892-a715-17972504a696	1091
8abcf6d2-2d7b-4249-a65f-88b476eba17c	1133
8ac19c73-1b58-45b1-a928-eeb2bb0239b5	1137
8ac2df9c-09dc-4580-b0c0-2e9249849d8d	1080
8ac2e302-14c7-4c22-92c0-7df73ac35cbe	1154
8ac6e40d-e898-47cd-b3de-6469fe8ceaea	1147
8ac97439-f31e-4d69-bb66-afeb4ca1c8c3	740
8acb80a9-9466-4d2e-98e2-f14c21b449cc	1153
8acc0f60-d310-4389-93a1-d039faf1418b	1139
8acf04e7-56c0-44b3-902a-8b99af123420	1136
8ad2360f-262a-4da1-bd6c-6f7d39bdb1f5	1135
8ad2cde4-62dc-4101-a3d6-7acc927ff97e	1079
8ad3d5be-9f21-4ac0-ad2f-977698568238	1095
8ad4727f-9e79-44ab-b369-0137102871bf	1143
8ad64e50-93a7-49e4-882a-22b5bfaf8f06	1067
8adc06c7-08fd-484e-a220-24020fd99397	1133
8ae699b5-a943-45b5-9357-2eee26e43073	1082
8aed17fb-1af9-4490-b0b1-2628f74467d0	1071
8aede9c7-4886-48ef-8768-059145fc75fb	1151
8af0ba2f-698b-4048-aba4-ca701a63f66b	1135
8af3cbbd-86db-44de-ac49-7835c30f7735	1069
8af491f5-c77a-41ba-bf02-52c26d4d4f5c	1137
8af5dae3-ae3e-4bbf-8860-53b8583e2208	1139
8afc0306-3167-4f80-abcf-437ee163bafd	1132
8b0097ef-1e65-4076-906d-f17befccd10a	1079
8b00983d-0b77-4c9c-9212-68c9109e1c69	1146
8b038dbd-b02c-4d36-9857-2028630ab075	1094
8b05a205-9be1-454c-99d2-6b8fad12c3a6	1124
8b05b2fc-f86e-4a85-8292-514aa1f2266f	1157
8b06f9b3-30a4-4013-bf22-4e9305490e95	1135
8b073a68-8ccf-46a6-a645-1edee8d00d4f	1083
8b100a02-57d5-4cb7-9df1-374a67912166	1146
8b11187b-bd0a-4723-941d-1904790fd30b	1134
8b153eca-145c-4376-ba1a-382636bc6d19	1075
8b15d3b0-ee96-47eb-beab-deb1db9f8582	2110
8b15f38d-2ad4-4804-83b1-74d6a2ed4f44	1075
8b16abe0-f92d-4f0a-b62f-0fd0328362d5	1127
8b18046a-a608-4c1a-b322-0856572e4d5c	1081
8b1bf7be-940d-4a9f-a55c-245f25e99ca8	339
8b1eebc4-4cb1-4abe-a0e2-6492db6ab662	2032
8b1fd9ca-9b63-4e68-bda2-08494cc65026	1135
8b24ab91-7f45-41fe-a578-29c251794706	1063
8b290c97-ae05-4a42-b2f1-5f77f729a842	1085
8b2b49d8-d08d-43f4-a75f-9d32da9c8bf5	1162
8b2dc19b-68d3-4a7e-bf95-97a2f4168fd5	1131
8b322a5d-11c1-4754-ab4c-9f9dce4a32a1	1079
8b3277cc-a85b-4f23-9c69-3aa10bfc0c04	1148
8b32c9aa-88c6-417c-8551-13ecdda499ae	1091
8b3cae14-b721-486c-a3f9-34566f0b41d5	1128
8b3d031f-f8c2-43bc-af5b-f359d70140d7	4130
8b400495-a11f-4625-9648-17a15824a2a6	1137
8b410c1a-2b7a-433b-9167-10b1461a145c	1137
8b414f24-5142-43d9-93de-a884942241c5	1125
8b41b80f-d0b4-4c56-bd7d-d05376d2ed7a	1136
8b4200d7-c1b8-41ca-88f6-fc3b9760f841	1155
8b4390bc-e270-4812-a4b3-7cd290516837	1149
8b473597-48bf-4d6e-af54-e25492deb279	1137
8b473f97-65e6-416c-9bc4-63cb38c7e4bb	1135
8b4c1430-380a-4f46-a5c8-75daca16a4a4	1071
8b4c8037-30d7-45c1-90c9-979f10280a2d	1067
8b5027a8-445a-4a5e-971d-8065ae6f3c5d	1137
8b549ab5-0b2c-4a80-a082-4621c23c64af	1079
8b59da8c-bfe8-41b0-a1c2-eac843438b0e	1140
8b6468e4-d4c5-4a35-b445-3b1bbe123084	1140
8b6637bb-1a76-4e7a-abe2-6e362550fb3a	1127
8b688ff5-fdec-48a3-9433-c0bd14e91c5a	1133
8b699417-d663-4db2-808d-cc05cd52c12e	1129
8b6d0bcd-0b20-4102-bcdd-23373f1ccedc	1122
8b6f8373-326e-4e93-a1f9-640e907ca442	1134
8b75c204-5638-4303-9c53-8ae46b9f944c	1065
8b7be3ec-68f9-4aba-9b4f-8cff5aaac829	1070
8b7c558e-8298-458d-928c-218d22b40c9b	1065
8b7c681f-d2fe-4f29-8c26-69ad4751ccd8	1127
8b7ebd66-39d4-4d30-abae-8daf71efa709	1141
8b7ee829-b8d8-4d1c-8f02-840149045dab	1065
8b85e9d6-2ccf-41c9-be08-b3623d0cbcbf	1144
8b8af090-f570-4091-b0df-e900a6bdd4cb	1114
8b8cf20a-5ccf-4c6f-bf99-259e4a2bcfd1	1068
8b8eb4c3-13ee-4c57-b8a7-16cd7b5ae977	1154
8b928ae0-cfc3-48f3-b30e-20538d7e802b	1133
8b928c82-cf24-45c5-9df3-cfeed61cb5b3	1060
8b95ae77-8a5b-452e-8790-bacd1521f044	1142
8b9bffc3-bddf-4470-96fc-68154b1f93ba	1136
8b9d853d-b952-40d2-818d-46e184d58f5f	1120
8ba1129f-9885-45ce-ad26-ae8d55554496	1047
8ba18fdf-fe6d-42d4-a00d-12cba5ffc822	1128
8ba1b8f1-f188-4547-8cff-9c41f1e14ec8	1106
8ba3e198-7d85-4c9e-8af4-41ee3eca5699	1120
8ba4d59b-9ba9-4e94-9a81-e7fabdf06d23	1075
8ba4dd6c-5f76-491d-8b5c-2043cf320d99	1128
8ba4ffc9-b8c5-454c-8911-6429adb98651	1131
8ba557b2-355a-4e4e-ba73-265a02648ca3	1065
8ba983c7-38af-4023-bd38-ebf3ecec6926	1073
8bad833c-0256-4771-b477-431e4b93f30c	1128
8baea7e0-7d91-47ff-afbe-918abb926d00	1133
8baf31d1-e8fe-4132-937f-9f9014339cf8	1069
8bb63933-9238-4196-a82a-538e96de8916	1070
8bb78294-2117-46e8-85a4-6c7f199abf67	2058
8bbd94f5-4f97-46a3-824b-7d25c5035ea0	1068
8bbe0bf6-04e3-4185-ac51-6c1e33da8503	1128
8bc00df9-5b71-4341-82e4-d1ab31cbe551	1147
8bc2d6e4-4e0a-491e-a64c-0a5dcb0eadcc	1091
8bc3674a-1841-4bad-8f98-47f101a03aa1	1071
8bc77eda-4fc1-4d90-b201-22667740d92a	1145
8bd1c8c3-deff-4628-8400-032eb736d0f4	1107
8bd252dc-ecb0-42bf-b83c-f812442fab1e	1070
8bd418e5-77d5-44e9-83d6-ce0b96be2409	1121
8bd49ddc-44d1-4e5e-ab5e-227793dcc9d9	1077
8bd6d0dd-090d-46a0-bf74-cca59472851d	1134
8bd9a683-79fd-4459-ad17-7b0a72c1c766	1145
8bd9e74f-e864-4450-96e4-80c68c30f887	1134
8bdabb31-aa43-4ac6-a77d-5d879861b4cb	1109
8bde7d90-8b06-4c70-918c-656b8ef208d8	1079
8be40e33-5d44-4616-a112-d23aa1afb083	1070
8be66795-6eca-4feb-83e9-9f788c16d231	1150
8bea7f81-f295-4cb2-8bf7-0fc2b1a9d201	1071
8bead6a4-d84c-41f9-9924-f6b563733fb1	1139
8beb404e-32c4-4b99-b6a7-5447966761fb	1136
8beb8384-d304-485c-b50b-80cda88e3126	1134
8bed93fd-6e3b-4103-bd25-f99d9edf3182	1069
8bf0c629-2b39-4d53-86e3-7275d3953d75	1121
8bf28732-0513-4b4b-b099-ce0302c637c7	1087
8bf2b015-870a-424b-8bf3-74b4933c64c2	1128
8bf38925-4846-46a2-9418-ea36f1e9dc2e	1126
8bf8d168-e643-4d5b-83bc-b4373806dcaa	1074
8bf95a92-21fe-4eb0-a8cb-7f7ab7ddf9e7	1130
8bfa06a9-8219-46bc-a6c5-57362e31266c	1117
8bfbf0a0-eebd-487c-962d-ded0508c8978	1146
8c004e73-98c4-48e9-bdf7-17a39b7e571e	1061
8c08d340-22ba-429b-8e8f-12223c6b6dfa	1092
8c0cd2fe-6f44-491a-8c31-df2428d33a73	1078
8c0e1981-9232-4ec8-87e4-62a991fcd532	1137
8c11ac69-027e-4418-af28-fee253ace5e0	1060
8c154f87-8fed-49c6-b0cf-83ce8f826a67	1133
8c1a89a2-c466-421c-9f4b-8f4a1b9f58d5	1159
8c1a9257-f2ea-445f-a7b8-04c1df2aa475	1138
8c1acef1-e897-40cb-9620-1e05671c02a5	1146
8c20a6ee-8183-47c8-85f0-a35c79183f83	1131
8c2202f4-b6fd-4691-b5f5-6ea71b4cb048	1141
8c245fe7-27e7-470f-9fcb-aec73ff8bf19	1138
8c26f5b3-13ce-4309-823c-4754a959bd7f	1135
8c2912a0-7dae-4434-8107-aeb6f04a815a	1082
8c2bfeaa-1d69-4485-a49e-72041515f70d	1132
8c317a33-1044-4a97-bc65-e8067551f78f	1096
8c33d2f8-77ff-435c-8cf0-6b27933c3f41	1025
8c36a169-8bb5-4af9-9b98-a628fdf324bc	1000
8c38aa00-c6ce-4f5e-bb14-0aeab17df436	2012
8c3ad2ff-aacd-4cac-9f5f-f98cbbc0fe31	1134
8c3b0554-486a-4e1f-b0d3-9eddf664bd40	1129
8c4015cd-57ff-4df4-9ccc-d9ad127bbae2	1133
8c40fe5b-2f72-4614-b3f2-4f8bbecfe268	1143
8c4256eb-d6ef-45c8-8bab-09bf7e4e7919	1125
8c46d94b-695b-4f37-b3f8-1ad69da79099	1104
8c4747c2-993b-4698-8a73-006ce86ca736	1154
8c50c4ef-fbc9-444f-b2c1-888d714f21bf	1058
8c5105fc-231a-4a42-914d-ebc7ca160683	1131
8c5781ec-0be9-4207-b31f-9ab208a670d3	1128
8c5a9e0c-8365-419c-ac1d-9cfaf466dfa1	1137
8c5de296-1dae-4bea-ad5e-566021451c22	1077
8c5df953-7c76-48cd-95d1-09b4e34e585d	1123
8c60dcd4-efc1-433f-b55c-83329dcc515b	1079
8c66595a-3dba-49d6-b654-f8e58adbef0c	1134
8c666b6c-b902-4144-a83d-2454821d7459	1065
8c697c93-519f-46c5-acc1-4caf63b5c87d	1134
8c736c43-7b42-4184-91cb-8a60884b508a	1140
8c74926e-f95b-47df-90c4-888ba97049d5	1148
8c755c65-6d31-4496-9f64-f35d1c966ffb	1076
8c77b4dd-292a-4c2a-bca9-c6d32777d55c	1130
8c7886c4-f3b1-4770-b9cd-1a4f96edbac6	1076
8c7b18b2-e813-4e3e-a6a7-d0f4a98c4bb8	1133
8c7ceb88-c214-42ba-874a-00066259d3e7	1067
8c81a267-aaab-4679-b279-cb996106953f	1143
8c84b7b4-7e8d-4a77-894b-66236f7913bc	1118
8c86245e-2213-4b9f-9b41-200c97b5b63a	1054
8c89c0dc-054b-4f08-8bc8-7ccc501c33f9	1159
8c8a3ad7-120b-45f4-8844-2a867251195c	1142
8c8ec22e-c5cb-4bdd-8561-b6a6de2ca772	1081
8c8f038d-1f2d-4a3e-98b8-82cafeb02938	1088
8c8fa2ec-7215-47cb-b95c-2ff7b366375b	1078
8c91e2e3-f8d9-4896-8764-b426cdd670d3	1136
8c92b8d2-722e-4881-9781-a61b61259997	1139
8c93a364-a678-4f39-ba54-025abb5c68a7	1086
8c93d26d-a1d9-4e9f-9fc3-b211c5fa2261	1071
8c94d103-94e7-44b8-ab10-871386a562ce	1135
8c97e7ef-587e-4ff0-b125-be9176216a90	1115
8c9849cf-59d9-40be-96f6-c1baef1fd5bd	1066
8c9a2f4b-f3c7-4570-a4e2-ac4d68adb6ff	1089
8c9b4d39-d40c-4728-b777-38e406b3e443	1133
8c9e88ae-f59f-4928-9c54-43bab313b7d9	1124
8c9e9e2a-5409-4a87-b83e-fdbf3f7199ea	1139
8ca3db76-cfa9-4552-8d73-10f7dcf5c3fa	1124
8ca463a5-2878-483e-be87-baf660fbadaa	1075
8cb50563-0cb0-496e-a28c-e0d628284527	1120
8cb9a202-9c57-49dc-a0be-3fbcefb60516	1137
8cb9ce27-84b4-4cbc-b4c3-6a2a932c975f	1073
8cbb5639-4a14-44c5-be78-75b1011ff996	1136
8cbc27c3-0e5d-42ef-b01a-b3ef23642ae0	1143
8cbdb8a6-b186-4585-ac8d-4c70ef16124f	1158
8cbecc03-f109-4991-b8e9-3e20ff762163	1105
8cc3db9b-63ec-42c5-8722-49d7f58780e6	1127
8cc717a1-46f5-4cfd-8202-ba911cc0f567	1149
8cc9ee7e-4168-4ef2-a401-c2063368a7b6	1135
8ccab3c2-eee7-4f93-bc28-c3f1ffc91160	1078
8ccb2ca7-f9bb-430b-9f05-5d3197d63587	1126
8ccd5ff0-1894-4875-a2be-4ee5eda2b55d	1150
8cd3371d-4217-4c16-9bc4-5e913efbf554	1120
8cd4290f-1fd6-4d6e-ba34-c5441ca5dd2e	1134
8cdb857f-6e71-4c37-a708-96ad090e390e	1132
8cdde3fd-2b76-4976-a2f4-b43cb75eba6e	1123
8ce2bb23-a633-4f16-9d50-357af90718c8	1828
8ce42bca-7b7c-4db6-b24f-f1b23d7a2f93	1128
8ce6cd7b-f5ba-40fc-9c62-df06918c433f	1067
8ce78d6e-1408-4e3c-8d7a-0c332d71c363	1146
8ce8322d-e160-4fa4-bf57-ab9507648a38	1026
8ce95a6c-dfee-4b70-9d78-f6be023945f0	1124
8cebdd18-b715-4919-b069-c31d723e99df	1130
8cebe9c7-cb7f-489d-ac54-fed3c6c3700c	1141
8cf75f44-cf41-427f-a213-317281dccc2e	1152
8cf7ce16-2223-46f2-9ae4-bd53c802ebaf	1133
8cfaa8c7-4e2f-468f-901f-5026c020653d	1156
8d013146-7b61-47bd-9ead-f7b5d7ac7b89	1892
8d036b47-720f-4697-bc02-e40d9d264254	1150
8d086f40-3cc0-427b-b16c-6da7ab2b2625	1146
8d099f50-0f05-4872-8db5-c44178099448	1083
8d0b1e1f-45ab-4936-b657-6278445bdd3a	1953
8d0b6987-9881-438d-b2c1-46c9cc2053df	1085
8d0d1bce-aebd-4469-8feb-dc78f4af07e6	1069
8d0d4d77-67fd-429e-bf48-b9a891611ac1	1135
8d0d956a-177e-4202-a19c-2cc8a64e2256	1149
8d16e0fd-70be-4abe-b695-97c0eeb93a92	1065
8d1a04ea-427f-46a0-982f-11d85d48fe9b	1127
8d1a4dfa-b252-4c35-8537-cbed05f05e40	1068
8d238afc-bcc2-41df-b669-8b8f939cbf8f	1070
8d23b436-98a8-40da-a318-082a9ce6dbab	1140
8d240044-d74a-44db-b138-9315ab84d60a	1086
8d26e7ba-e2f3-4349-bbbd-89e0465c3e6d	1135
8d282e99-7454-4f4b-8e75-7c3046ba5bc7	1141
8d2a46a7-feee-416b-9de2-553438cc34fd	1099
8d2d1e66-766c-48f1-87b6-2e154c9bb54c	1140
8d2f827d-688b-4f2a-a13d-f137e85ed37b	1095
8d31d0ac-486e-4add-83b5-dc40e088dc52	1071
8d32da26-ce17-4095-a751-cd60c0eadc75	1072
8d35543a-4ef7-4d79-a5b6-4908aea6f12c	1133
8d35564a-bcd1-4881-9a4c-e097d805813f	1922
8d37b9a3-9f5d-4ebc-a9c7-29c4817e111d	1086
8d3a3f81-b2ae-4d53-9a37-0673e2d05116	1085
8d3b7555-c21a-496b-850f-c8dd6067f8b1	1125
8d3fcd53-2511-4953-9e97-e8cb61a709f8	1087
8d40dbac-5b6d-4a87-a517-b4dec6e4de3a	1128
8d498105-bdc1-4c30-8f62-c42e4a53d31b	1105
8d4d8ec2-0c09-4997-bc9f-f115872bd539	1066
8d50f288-89c8-406f-a73a-1a3125919d3f	1075
8d555ed2-782c-4bec-a2bf-eb77c2433892	1971
8d57e0ac-86b4-4042-9918-47fc7a704700	1109
8d57e3d5-3a82-478a-a69c-1568ce831288	1132
8d6384fb-7008-4a89-a7a2-346becd84bc2	1080
8d677009-fe91-4f49-8bc8-7b20e8c7f20b	1092
8d6dd371-835d-42be-8336-f3221e762ca2	1135
8d6e443c-5283-4836-8b47-4b3cd787b6ff	1068
8d6f8f39-7b35-4525-a69e-32e23ac5e601	1068
8d717393-a9d4-47ac-8252-8ff5682e055d	1092
8d731c1e-3578-4ada-991b-be034283e641	814
8d746ae5-5c00-4d87-979f-66d004aef630	1139
8d798200-eb41-4fa4-ba32-b7bf842b0ebc	1135
8d7d413b-475e-455c-88e1-9a531de43dc1	1069
8d7ef5de-b43a-423b-b54a-8d36802d1d9f	1076
8d7f7188-b3cb-4f08-b67b-e884901b772e	767
8d886c70-8460-4c12-9203-8ebcdcc45f7f	1136
8d89fd69-7bd5-4300-81bc-8e7bc641546f	1138
8d8f1f0b-74e7-4e0e-a43f-ef51641065cc	1104
8d8ffc02-7959-4ad9-bfec-f2e7cb12bda9	1075
8d93192c-e3fe-4cfa-bb34-1935f1f70272	1124
8d9657b7-023b-46c3-ad2c-838094c52c51	1117
8d99c6d4-3019-4ab7-951c-5f129c6a1efb	1139
8d9a8748-fed1-4035-aa7a-bc777b1e714a	1071
8d9bc7fd-c7e0-4330-83c9-6254a85bb196	1077
8d9c39ce-56e6-465c-9414-2074dd02df69	1138
8d9c69fe-e85a-4850-8221-5d9701c3b6a9	1059
8d9e392b-b45f-459a-8e72-b8b1f53bcca4	1131
8d9f967e-1ca4-4521-b505-021bdb53bdd0	1067
8d9fac6c-0047-48b7-9793-cf575f6003ac	1082
8da14d64-9e27-4012-a6ad-744e06901531	1078
8da5cf7c-6d98-4eec-8439-1b28b883447d	1137
8dac22f4-309e-4198-9505-9c4e6a8d8efc	1065
8dae5473-0610-44f4-bb38-9396771664b9	1139
8dafd3a4-b1cd-40a1-9aa0-c1c9c975d9f3	1131
8dbac277-af1a-4a21-ad47-5eaf0c2eb7a1	1130
8dbc3751-2c88-4ec4-a2dc-24fa30268a25	1156
8dc1218d-990e-4f1e-9362-790e197132e7	1067
8dc6497e-5669-4a9a-a79b-8d32a9a751e7	1137
8dca7a4a-576b-447a-b2aa-3b08be418925	1075
8dcb7e27-bca3-494c-9472-181d6fc98c7e	1079
8dcf7243-368f-4ba3-a1f1-2f3c51b234f3	1204
8dd01c62-da09-4e80-b52e-4911f7e4e3b4	1136
8dd56f9b-4893-4c36-b49e-fe45991a648b	1124
8dd6f0ea-e5d0-45dd-8843-c311715d8380	1106
8dd87265-79b8-4864-b858-cb228a8c8dda	1084
8ddd018c-e801-48ba-97ec-d1e39a534565	1138
8de4402d-42a2-4040-8af5-89541f15b6b2	1116
8deb0f88-8088-4546-be5d-6209f38f9436	1143
8deb56b2-e150-47c0-8a7f-21bf5c072a2c	1123
8deda711-1117-4262-bbab-85a3424c4109	1441
8dee9253-c9e1-42f6-87e2-0d7048f55bea	1114
8df1396a-3fed-49eb-bcee-6a446c8873d4	1134
8df3a4b7-14e6-4c89-b48b-a575d2d6594d	1071
8df9449b-a648-404c-9097-8482b58a3074	1132
8e05152b-19f7-43dd-80fc-b2519e4fc0c0	1083
8e0f63fd-9e4c-4cf7-9c46-298bcf3a721c	1066
8e10e3c4-3817-452b-bf0b-25363957b03c	1136
8e1132ea-dc75-444e-9228-f4566abcca01	1136
8e145641-4a20-4e15-8de0-3e8e68ee6afc	1142
8e167b15-d3b8-41e0-a977-d3ff639f6321	1064
8e1e7bb8-84fc-480b-8f09-c3f407b2d61a	1075
8e20165a-63f8-4008-a46d-9a8a169d9599	1073
8e209ffb-4242-45c1-9eef-2a7115346310	1079
8e214a3b-21af-460a-9959-65872b9a912c	1072
8e21a345-79ea-4340-8a1b-a8e27ec4a89e	1137
8e25e648-a28c-4f90-846b-e39b992b5504	1139
8e28bdfb-dbb9-44e0-8d0a-b4b90686aef1	1075
8e2990b0-b227-4adf-a462-b88e4b0dbd2e	1120
8e2aa654-a820-450f-abc0-cd5dcb145a26	1139
8e2cdae3-8b2e-46ab-88f1-bd2b3aa51a03	1073
8e2f0ee3-0ebf-46d4-be55-5d89a32d77b4	1129
8e2f8bd1-7e25-4981-8fd4-29471caa75d9	1067
8e300340-ca15-4cf1-ad45-1960bdd022b5	1064
8e3316c1-0602-4e1a-ae3a-a00d75cfaa0c	1060
8e3735d9-4987-473d-9ea8-25e696923002	1068
8e3bb903-1e39-430b-8e6c-77c79be78d7a	2082
8e410e05-919a-48a0-9d48-21fa824b63a4	2143
8e455cd8-ea9a-415c-95b7-404ecfd284bc	1067
8e4677ca-73c4-437f-abf5-f49a92b8e131	1134
8e484850-2e42-43af-9f47-5a691125e259	1068
8e48a85a-a4ee-44f1-bd17-116864e0ab4f	1077
8e4be6c0-2f7c-4b19-9526-c26aae60f33e	1065
8e4c4504-6491-45a2-818a-3e72e08117ed	1138
8e4dbf83-7630-4177-b643-6bc665b31512	1068
8e5a0ec6-2891-44ca-930f-8b74ae8d972b	1150
8e5a260a-4905-466f-9358-e62ab0a42840	1130
8e5aaa4b-8018-4827-89bf-eb4b6cca9eea	1145
8e5ca614-b262-4f02-ba76-b0400bf3389a	1155
8e5f9e0f-e86c-479e-951a-daf135b5dea8	1129
8e616184-d89f-422b-a441-0244aee52b8e	1103
8e64fcbf-6096-41b9-a845-6f7efdab179e	1077
8e6a20dd-eaa6-4b0c-8c05-47f4fdaef1fb	1132
8e6c903d-02d4-4ca7-9dac-a43e87ea46fa	1072
8e6ec2e7-ce05-4954-8e84-0bbc04f7776b	2035
8e7268f4-6c20-4d7e-8529-86a819778bcd	2027
8e741090-f5e2-43ee-b2c4-3377ff2ab278	1139
8e76a26e-b1c5-4564-968f-eceaf4b7b961	1116
8e781f65-6c19-4a00-8637-50ce33a9b551	1130
8e7dbbea-e824-4345-8aba-44ba9a2f64fa	1069
8e80e6fc-f631-4519-92be-502fcaf77165	1131
8e82cb98-9cc6-403f-8201-bfa231a89321	1072
8e84aa72-209b-4a62-a4b3-014801f363bb	1133
8e85bf60-499b-442c-a742-e5a091b38767	1032
8e867595-38ab-481a-beb1-6dae2434cdbf	1074
8e8910c1-ad88-428e-b5be-bfca9f9a9ce6	1124
8e942772-2ac1-466a-a6b2-8a0b63691b2b	1135
8e947805-4917-4d31-a0f6-d200c5f8d341	1117
8e951c8e-fe0f-4706-b444-1b0a40b8c6ea	1137
8e973b20-344c-4b67-be11-b7436c7a79d4	1077
8e98558d-a712-4db2-89a4-b5d7531319c4	1159
8e98f838-e45c-479c-af03-00ccc7e8e289	1137
8e993bb7-a938-4e65-b7b6-e9beff2c5e4d	261
8e99d758-644b-42e6-9a5d-a1f25ed45c2f	2069
8e9ee53f-fdd3-4501-9dcd-97f665431b69	1049
8ea21d5c-cd5c-4aa1-92fe-16b45f581b05	1139
8ea27413-aa27-45dc-8392-53689a3584ab	1119
8ea63216-ae62-4bec-a52c-d96ca4d74ab6	1073
8ea9b1e0-d257-4493-8fdb-a1cc6cf99e5a	1131
8eab2cbf-393d-4621-b10e-19aa37a65d0d	1134
8eab95c7-79e8-469f-8c68-1767009e4834	1074
8eb49001-a4fe-47ca-a1bc-53e247b6a956	1160
8ebb8452-3694-4a0e-b376-e1430db85bc3	1092
8ebe9a86-158d-45e4-8cd9-6f961be0dd32	1071
8ec4b0e2-a557-4899-9a15-4159c139a06e	1078
8eca287b-4d69-40cd-b6ef-370b05511275	1134
8ecc08d4-3d9c-4322-9a2a-560c48d84e96	1128
8ecc1f00-ec57-4240-8291-a63770514a44	1076
8ecf5b07-103d-481d-93f6-42203aabf04f	1098
8ed525e2-f98f-4078-b8eb-e4a9fd8f9050	1123
8ed64385-2abc-43f8-93b5-8e0ed1a6a5d9	1073
8eda158e-c383-4323-8e23-ff7bc9e57aa1	1134
8edaa79d-b6d5-4675-b779-666f6925a72d	1129
8edf69f1-a5df-46b6-991e-da13af220f19	1097
8ee187d2-406a-47f9-90b3-2d7039ba9332	1127
8ee4d775-1dd0-4266-b223-0b34f5007b25	1135
8ee6c71b-8cee-4eb6-a9ad-b1a0665ebea2	2046
8eec4874-b96e-4e48-98c1-cb544d7dfa3f	1082
8ef229d1-5e4c-4fbd-9717-2ab9bad9cdcc	1149
8ef3ebe8-d094-4d23-bdb7-891289c2b689	1138
8ef43c22-936b-4e02-81b6-14b18030c4f9	1066
8ef4a7c3-8916-4b43-9997-39dd56c42a9d	1129
8ef4fa52-7c4d-4a40-9cfe-dbd3e3a05ea3	1071
8ef61d36-4bf5-4992-8d58-73200cd373c4	1140
8ef8e9f6-c393-4a95-a8a7-61b98bc7bec2	1098
8ef9aedc-3881-43d0-b1eb-80e22180c6e7	1077
8efb0b3e-2a4b-4bd7-ac94-73c6ab99fc8c	1482
8efc0ef4-03b1-4386-b7dd-56a3f375aca0	1152
8efec079-2fcc-4b99-93a6-88ec12bf0125	1123
8f0274b1-66af-4ede-82f5-9a674b79e8e2	1071
8f040069-699f-4938-9827-2e17a7e696d0	1121
8f058a39-faac-4ced-abe1-abb74ca125d9	1071
8f05f101-436d-4009-9595-ee905fdcea2e	1159
8f0869e1-c176-46c8-950c-8f984fe265a7	1073
8f0e54db-7c04-4fe9-a5e6-7dd3a8eaa1dc	1168
8f0e622d-ac83-453e-8d7b-7a2e80067f5c	1564
8f17c75a-5727-40a6-8933-58be11e2e2b8	1090
8f19600f-eeab-41f9-8d5b-497bb585885d	1516
8f1baf8c-4cb5-415f-81ec-ca350d74d5df	1160
8f1cc9b7-6309-4a59-86c1-bb18e92e1424	1079
8f1d5d13-6347-4126-bff9-493e702ce4d8	1090
8f222684-1c20-40c8-93ac-884cd6bb5fda	1115
8f23db48-4851-4fc8-9af4-a8b7814cb09a	1121
8f2798be-7cce-48c0-bb4d-6affd09027ed	1078
8f28cba3-569a-42e5-93f6-a1040408a1a7	1125
8f29bf00-0abc-44de-a507-d85e92851491	1140
8f2f3d43-2f72-4d42-8553-3858f1381cd6	1928
8f357c1e-a4a0-4351-9675-304781d62807	1141
8f3de5b0-fdef-4b47-bdb7-a297fee0cc5d	1075
8f416c4c-cb09-4b88-886c-d01ff129ca60	1132
8f436079-8860-4028-acab-1484dce1f15b	1074
8f46a6ce-7f51-498b-b753-8916ab147d75	1071
8f49ff83-5010-4e01-8d0f-940bd210b633	1136
8f4bb773-0b3e-4bff-8adc-e939aa9e4aec	1048
8f4e686c-1ca5-4d4e-93eb-7fda97eb1e09	1049
8f52d72a-e225-4541-83cf-2716bf4f4f2e	1143
8f55bdfd-0b14-49b7-a535-090c6d3c9c0c	1109
8f6783f3-b55d-4f21-bcb8-c6501c46a79b	1136
8f67a2ae-2416-410e-92b3-a08006fe5da6	1081
8f695952-6e8f-4a12-9308-b4c431064362	2042
8f69a6de-2c64-474e-a690-efc10e67465f	1135
8f70d9bf-9b27-4875-9d64-22eec2ab177d	1131
8f775825-659b-4bfe-b026-5e9982d5de33	1132
8f78badb-f089-4187-834c-0d0ff6a62bf2	1138
8f793806-0355-4d67-b9a9-ffb6bdef1afd	1073
8f7e3c65-b955-422c-a80e-1c53b137aa77	1065
8f809e42-4cb8-40b2-881f-bf0ddfbe950b	1070
8f8142f2-66bf-4421-9cb1-971295ebedc5	1160
8f855e42-83ae-48c5-aeda-a27eda1d5941	1075
8f879b41-7ff9-4798-af42-3796847c4088	1059
8f88dcda-0834-40d6-9802-01c90069673b	1138
8f928314-ab68-40e2-a793-92479a2fb98b	1003
8f94e60c-9886-4962-b72f-39bf1daf7baf	1071
8f95c778-f7a5-48ba-a6ec-277e88aec158	1083
8f95db8f-50cc-4de4-b8dc-a0dca7a24606	1067
8f9b6b63-8136-4c20-b3f8-f6631f652bfb	1071
8f9d381a-7397-4c1a-adee-4794221ecd78	1131
8f9d5391-f19e-4575-a7d2-96c1da26db54	1068
8fa90530-961b-41fb-999e-3d4fb735cf36	1153
8fabae69-620d-4bd7-88be-3cc0d460b5b8	1478
8fad2178-7ae0-42ce-a5ce-0d9c6fe10a66	1139
8fae8724-c2c0-4a6b-a33f-12a09a5fd086	1132
8fb17dcc-857c-4c78-bb75-25b94a45a6b1	1128
8fb6428e-43fa-40c0-a181-47d2337d3a86	1142
8fb74a03-0ccf-4114-b4c4-e9f2508a9183	1145
8fb7b5c3-f6c6-4001-af3f-0ac8be2e9190	1065
8fbbc3db-539f-46e8-9ac2-a18ec6cb3fbe	1077
8fbbf70a-860a-4f40-90e3-4099cf1ced2d	1141
8fc0bb09-784a-4e16-ada4-b538becda416	1077
8fc9881b-fff1-4613-85a1-1818c873f4d8	1154
8fcbedbc-acb3-49e8-90a4-2bce7a6d68ed	1091
8fd0213e-f9f0-4123-bf88-859c3a261e9c	1080
8fd081e4-8a88-407b-a2c9-8bc9f1367eb3	1131
8fd9d819-867c-43b4-833b-c1bb93803ab5	1073
8fdbef66-be6e-4df7-90e0-5874c4ba60c7	1068
8fe5e742-c6c6-4cf8-8854-69aeefaa3466	1131
8fe7fd28-96c9-4340-99fa-8986bd46707e	1132
8fe83522-a1cc-4b37-8aa2-707d40d3633e	1127
8fe909bc-da6b-4f86-9372-37c319c17272	1072
8fe95667-c613-4337-886d-d8942c5a6ca7	1156
8fed526f-8a95-434d-ac5b-3af4766980a4	1523
8fedba4a-e2ac-4aaa-8ffc-80ee4b5f7605	1133
8ff3ad88-66fe-4848-951d-4e716845ef40	1137
8ff7006c-8c60-4618-8079-8af791a70925	1085
900565d0-d065-4633-bdd0-ee82630399a4	1128
900a96b6-8a26-4606-adf0-5c8e21139f82	1157
900be8e8-df75-4276-8ea0-70a5628b9da7	1070
900e03be-40d0-4ede-8860-eff07887db15	1123
90125a73-c5f0-4307-b75c-0c3ea1780b0c	1162
9014fdcc-8050-4f01-9bc9-1aeba4652839	1082
90173b42-b340-4d69-93fb-ad3034c352f2	1076
901ba97b-d1e9-4baa-9ef3-38c435519926	1073
901c6a1d-391f-4e04-b06b-504298907c23	1094
90207df5-4bfc-43be-905e-941910172653	1074
9020888b-6f70-460a-bd20-2b05f0836aa0	1118
9023cf20-880c-4755-9bc8-fe3d334c405c	1130
9026289b-f08f-4050-9b05-293abfc3a2a3	1068
902cbf7b-325f-4fb9-850c-b859be294208	1129
902e8b25-0488-440d-8888-1b86339423ca	1133
9032bd99-1195-42fb-a6b3-657879ba74f0	1073
9033a88c-1876-4313-855f-277061406708	1066
9033b83b-f7b9-4218-a0f7-e7f41145217d	1096
9034077c-d5c1-4b95-948c-e1b9a42794e9	1056
90343976-f5a2-4347-b330-637c6df21a7c	1091
9034d767-8c47-4131-8ec7-8089ef4f531a	1136
9038c7f6-ae71-437c-b25a-19ece10037e3	1061
9039dbe1-043a-41b7-9a95-9bc9adf4a34c	1113
903e5186-90b9-4e6b-a2c2-6071a3ea7ae6	1040
9041485f-d79e-4610-a64a-68c989428a5e	1086
9044d70b-46dd-490f-8cc3-53a805bcfa9d	1116
9046d504-770d-480a-8bad-95e7186bd4d9	1137
9049fb48-29c9-411e-9f10-9608e97ea480	1130
904f7a20-a4fc-4445-a25a-0bd58c95bd88	1133
9050b289-5062-4928-8085-73c25922761e	1069
9051634b-428d-41fa-ac5e-8be9c48bd48e	1117
90581779-5c6c-428c-b05c-38781a9d0076	1137
905a08f2-9d76-48cc-8eb6-29ccfa879b90	1068
905ad1bb-ec81-4c4e-8fc7-f6144bcb8b46	1139
905bc877-2c38-4983-8fa3-ba15f595b9e2	1164
9062fba6-e71e-4fdc-bca5-1c8d0ed3a239	1132
90665142-e297-4a54-a61a-d4c6b6135c64	1127
906aaa6c-08e9-41c7-b100-599f6ae1d96d	1069
906bbefc-163c-48b5-9214-6b66b065485a	1068
906dca84-6f76-4e1a-94e2-bc212b10af29	1067
9073356c-4405-4cfb-8d53-e35c7447d353	1142
90745c1e-346f-4e50-98b3-ee4aafd726fd	1153
90751413-8414-4b09-82f5-bc76c661ff14	1099
9076b5f9-a6e2-4554-a52b-6d5a4379f6dc	1133
90787e00-1f33-4db1-905d-7b16e2857c17	1078
907a932f-f0df-4bd4-9c9a-6bfcec994649	1083
907ec8bb-1fd9-4ad1-9691-1e3fcb847ab9	1096
907edd96-5a1c-4e82-921f-9338ddf46ec2	1141
908110b3-60cf-42ef-a87d-7c6f57b88982	1128
908892e8-2275-4008-807b-b8ce98ebd04c	1085
908b1d49-a6fd-49ee-a5ce-8ec17944c074	1078
908d7f56-fa29-4d40-9e14-7b181ee866e1	1072
90963d05-2d3e-4c2f-976f-37b8528c9450	1151
909b8bd1-af68-4b54-9417-cffad18bc442	1072
909bb5a5-5627-48b6-8040-f3cceda47680	1140
909db25c-e70f-4877-b16c-f0b62b38ee2a	1078
909e13d5-6a30-41ab-b27b-22e4b97ede10	1139
90a24b5e-7d03-4964-9a03-cb3604593d24	1123
90a337d1-2f6a-4153-85c9-4fb6a904be07	1133
90a7123e-ba14-48e9-874b-af87c68409b9	1129
90b68526-b219-4f18-aae1-227c927a69fc	1138
90b6871e-5395-4d20-885c-8108a9759512	1162
90b6d746-9818-40dd-bf56-0d654a6b16ad	1138
90ba19c9-34a6-4565-9f7f-79d14a42ce56	1131
90bbd0ab-3979-4e72-89d2-0fbeca53691d	1137
90bcdb42-ed26-4c6e-87b2-06d2bd5faa42	1152
90c184fb-6c8e-4471-901a-154dad3b46de	1129
90c1ac84-e21e-4939-a066-ffb62eb32434	1073
90c2fa83-c728-47ec-bd3b-7709586131ea	1135
90c6f390-5de7-46d9-bb1d-acb86f574cf8	1579
90ce2166-3d40-424c-bfb1-83dc3829a221	1144
90cecef4-5420-41a6-8aa5-d16936492ce0	1064
90d0d775-3818-4776-b59c-6fd039f56c6f	1076
90d31f6f-0d26-43a2-b2db-71f62ba1c5b9	1102
90d56e6d-8801-4819-92af-6209b6d8387d	2170
90d76991-a4df-4a61-a98a-89ba6823b6c7	1071
90d90d3e-e474-4ff4-9989-796e72c4e503	1067
90e29de5-2f8b-4c9d-8670-d110467409e4	1101
90e73a1b-9245-47bd-a27f-74a49de0929e	1113
90ea9b9d-0d86-4930-aeeb-5e7eb4916a4e	1139
90ed201b-d6d1-497a-bbe1-3e718cdc3923	1061
90ee8045-fb62-4ef7-88a9-0e2ab6c7a798	1137
90eeff18-e99b-4929-8a40-e994a971a681	1153
90ef8ed1-2bc5-4646-a1f5-a31f63fe479b	1136
90f260b6-f449-4318-8160-fc6f9fac3cf6	1137
90f3bc62-cd37-47dd-b36d-939832f34923	1154
90f9e0b2-d008-498d-8d73-22cf1f2f0364	1081
90fc9fba-ef30-4f7e-aae1-308cb2c15240	340
90ff2bf5-f928-492e-879a-ab82b3ac98d6	1078
91039f31-e1ea-4228-8e3b-14cf61ec2ae9	1115
9109e8cc-030c-4eb5-b60f-431428b38f42	1065
910e590a-9525-4ce1-9a5f-e4a4e9fc5585	1077
911547f4-1591-4979-951c-bb94a395e83a	1146
911842bb-e6e8-4272-88dd-2cddeefcac3d	1136
911a0cf4-2a00-421a-979b-b9e47b32c4f8	1123
911bddd3-92e7-4a9f-a157-b2867e6e9db9	1136
91202760-e1a0-4968-adbc-1129d02bc855	1134
912667bb-c478-4f95-83e8-393a976506e4	1082
912968c0-5f30-48f3-8ad2-206b607efd5b	1077
9129817e-b85e-4481-bd5d-6fa3dde90aa4	1125
912a95ee-eb13-4a84-be02-128631f63793	1142
912c2bcf-e079-4d05-9e4d-b5caec7bae7f	1072
912da47f-9404-4a1b-b318-36b8fecc72d3	1079
913715a6-3526-4a5e-8f2b-bd2586545ac1	1130
913c02e1-2fd6-4e7f-b81b-9fd860363e74	1127
913c29cc-256a-4922-aa97-fdb4f4c5eb4b	1137
913d685e-21a0-4bd1-856f-26902b664c10	1131
913ef5ac-f685-48fb-b93f-2ae48c02fbbb	1140
91403c6d-bd67-45ba-9da9-be202bbda1d4	1062
9140a5c0-1dbf-447e-b92b-7291e7a38005	1096
914349d0-5db8-486f-8a49-f600f1bc6752	1140
91481f28-4aa2-4b17-847a-ea06247b3210	1127
91483041-b683-4360-a099-0fb7b32c4399	451
914f721f-4b55-411b-8eae-d5155b44a480	1139
91516487-d342-4b92-b7c7-9d80782bc8df	1132
91518de9-ae21-4f45-a62d-45af715902ab	1061
9151acb2-d31b-4c39-a998-d20dc3dd8b28	1153
9155f762-ad63-444e-828c-e953ac2db4e1	1065
915973cf-a9ed-4005-8a08-e19bb4df1055	1138
915a8be2-1f07-4dfc-8163-31ed25df45c8	1061
915def47-3f0e-494d-bda1-cd0140adcc33	1137
915fe362-1f87-45b9-8b9f-91644ecdb093	1149
91610673-a9c7-4651-9260-d86d402b7dd6	1136
916270ea-66b4-45bb-ae44-845f6564826b	1074
9162999e-4f85-449d-824b-cad60f94f473	1148
91633cea-da3d-40a0-b303-e4f7591bfb9e	1124
916de0a0-52e0-4ddf-a515-4bc72d5458a9	1065
916f81d4-288b-4f70-a27d-04d360a77b83	1132
9170302e-af92-43db-9f8a-792e161c34d9	1064
9173678c-9dc0-4b73-8a0f-0b0c39817920	1130
91763f5f-00c2-4c21-a66d-612bc09fc322	1079
9179101e-40bf-4979-8b52-faa07dd2bc02	1072
91794968-3d97-4ddd-b23b-679bbf0427e6	1132
9179d173-78c8-49a3-8811-cbd3f7a6b450	1127
917a2239-5489-4ae5-acfc-5ea7e130e4ce	1156
917e2668-4478-4e73-aed2-511c9acb237b	1142
91847344-3110-475d-93ad-26b6cab8ada4	1072
91847cad-34b4-46b0-a0fd-f35f2083a979	1097
91898005-922f-4b1e-8889-088f8eeacb2f	1080
918a41c1-cfa1-43dc-8623-b17a7d49466e	1131
918fca4b-9be1-46dc-9f8b-26465df4095a	1167
9193016e-f89e-45e8-9321-0a3c05632869	1123
91960de0-d50a-42af-9e5d-9686d5d45feb	1074
91988e04-7fdb-4240-b0f1-a0cd52c4815b	1139
919ca8f1-4e54-47fc-bcab-785e52a1e44d	1073
919e653d-8fbf-4431-87ee-63b959568e8c	1133
91a27f89-d063-444f-86db-4baaf4d466e0	1103
91a5d5c9-3f62-43f7-a5a3-44e56ec0a519	1074
91aa24c9-4837-4bcd-89fc-c9e8ce1fb156	1074
91ad6f33-24f0-4216-8fe5-d31ed183e81f	1135
91aee633-3abd-467c-8cb5-196694427128	1067
91b2dd46-1c52-4802-b9cf-ddc4dc08f955	484
91b77817-d4a3-4689-bb3d-8154525e77bc	1158
91b94b01-7ede-413d-b0cc-2afb2b49c3e4	1134
91bfcab4-60c5-4d8d-bc4d-ac9547976e13	1134
91c0b655-4c95-413f-8296-03c985eb9cb8	1132
91c3f82f-4034-41e2-adec-2006a9f0f0ff	702
91c58c0d-8eb5-4ea3-a00a-78077492eb55	1071
91c9580f-0d00-43ef-adfc-744e3e5613dc	1117
91d04bf3-a394-4e24-932a-cd36242b6e4f	1141
91ddab90-a004-46f0-a9ff-e59d5ca15292	1140
91df6676-a9c5-4c6c-a881-c46d58d035ad	1135
91dfec81-c266-42d0-b2b1-636bc79deb39	1540
91e06eff-24ce-455a-9cfb-efc35642be9a	1136
91e41c2b-2eac-4eb7-92e6-e2416ff808ae	1072
91e47e5a-12c8-433f-a757-c6b6fdf2c8de	1144
91ea0b1b-3eb5-4024-9ed0-3a933fc9f9b8	1134
91ebbb55-a3d7-4dd4-963c-b395cadd0ca1	1161
91f293b5-c674-4092-8f0f-757d2e921e4d	1136
91f358f6-4a4f-44ac-a3a5-068957f7f9c2	1139
91f55e0d-a062-4349-ae35-95f25b0e42ae	1036
91f58689-adf4-42c7-8d5b-333b8059e1e2	1126
91fb82fc-6b49-41f6-bdc0-252943db0471	1135
91fc5251-6853-489d-9da5-a47a28add7af	1236
91fffcd6-c517-40ca-9c1b-5043a470a410	1073
92006c18-6dfd-4033-a133-855f1a7cd730	1135
921325af-081f-495a-8635-a947bb7e9b9b	1130
921d6e87-ff2a-447c-b840-e62e3a9b76bf	1134
921db36e-165e-4180-9405-bd4130ad847e	1066
921fdb68-ce9e-4197-bc48-e41c0e42e6ff	1138
9225e846-cbe5-4211-ac7e-3452b3269220	1087
92263717-7c88-4401-af47-5878453e7cfa	1153
922c143f-e3d7-4b3e-a862-ceeaaca826da	1121
922c752b-c9d4-4cd3-a8f9-a535bb1a9022	1135
922ddc65-1ea7-4d31-9d0b-911e60d82d20	1131
92311011-106c-40e6-bab2-6875123236b9	1115
9231792f-1581-4965-8b37-cfbb9f394467	1875
923d3a55-5d60-4fce-981b-7aa1503cfd5f	1074
9242e50b-0a7f-4e74-807a-0f2de0c9f908	1074
9247535d-7b3c-4e83-a1db-7495543ede56	1136
9247b2e3-7988-40a7-9d85-13ab70a22e80	1149
92483c97-f7ac-420d-a804-01726e10af27	1126
924935ba-b93f-44f0-8097-5b7ee16863a9	1072
924ae9c9-1d76-4649-81a5-87f26e02ff02	1156
924ccedf-bffb-4d63-9891-9beecc8922ff	1015
924ecb41-2afe-426b-855d-55da33dcfe6b	1064
925aa967-3beb-4133-8ee5-cda007020c07	1068
925d4a66-4ee7-4577-b576-1e6f54e6cb34	1080
92635e62-5552-4e50-89eb-fa4b1b2a90e3	1072
926f4f56-6851-4599-bfcf-ce02234c5482	1137
9270a418-1a5e-4ba2-85f6-a718192baa7d	1072
92732f4b-fa42-4295-b06a-13ec9d3516f7	1084
9275008f-fded-4071-86b0-4843ad29ea57	1078
92773ea7-00d3-4544-917a-0ecc1b82e023	1083
927e4817-5767-4d75-ae81-f36836b60f68	1124
9280fac1-5fab-42d4-9373-7ea48f6bde83	1068
92833c10-9aed-4c96-b403-2730d32999e0	1129
928395e9-bd4e-462b-908f-d0b25b15c9ed	1080
92848665-a758-40db-a645-21a25af4a329	1126
92848bb9-6087-46b8-a041-20862d0ccbd1	1080
928587ae-ccb2-4045-a7be-9cda09497a62	1068
9288b6c6-7015-4eb0-891c-95416f82f128	1078
928ed0a8-da85-4c7a-b579-e87f57f4a88d	1069
9290309c-8a89-49fb-91e6-bcad92aff76f	1119
92925da8-b887-4741-bd65-fce025ee470c	1143
9292d879-4eef-40a6-a710-1123fb4b179d	1098
92935313-bc3c-43a8-94b9-4a44d38f19fd	1084
9295e38e-c871-4b13-a86a-fc29a74628f6	1091
9298c484-ef52-4f10-8235-dd79dae59373	1084
929aad9f-340b-4921-aa69-b50ddf9c7a2d	1143
929ccbce-4886-4160-8efe-e0c63c31a6fb	1151
92a20ba7-0728-4034-bebc-e082334c0bca	1135
92a7b97b-e99a-4547-930a-0f3818df31d8	1128
92a81216-fc10-46e3-b79c-989f147279e0	1139
92a96481-cab3-4104-909c-ed0fee9d7312	1158
92a9927c-96cf-4691-9606-919630d20e5d	1141
92ab1d4d-25e1-4630-8807-2dbf5c895ae5	1135
92b6d97d-5359-4b82-9e7c-45e4d28eec85	1070
92b7f4b7-4305-4502-a2a7-d532bfb31214	1152
92c1f792-4e3d-4711-9eda-8a1139cc01f4	233
92c3c903-d9c5-49e9-bbdf-88cbd62a729b	1078
92c50dc6-46f7-4ebf-8200-67dd661a57d3	1158
92c835e7-6dc6-4d9e-ba9a-e65514cfe31e	1129
92c89696-0de8-46eb-ad71-0bdbee4c53e9	1058
92ce3c17-4f09-4152-b1ef-77b180c72341	1147
92e0b22b-934f-48f7-832c-55c2a4b7cc0a	1078
92e18c8a-e9a3-4c6d-a6c9-afae215f84fc	1145
92e3a7a8-9545-4f18-be0f-d8d0c990ca35	1137
92e5f908-510a-42bd-a4c0-fb8a58b69902	1076
92f00a78-7fbe-4bd4-992f-c7b5048100aa	1140
92f8ed33-dca9-48f6-add7-88ee5aeaadb1	1068
92ffb429-f613-413e-bf27-76203fd75f9a	1133
93013e8b-875d-44f3-892b-c14e70f62717	1123
9304fe00-092c-4d8b-91c0-7a94df061da6	1157
93094ec1-536b-4e56-a75b-14bd5a53db0c	1133
930b7f46-1914-47fc-ba17-f68d3db00d80	1074
930bbb78-4f7c-4ab3-a4f4-1a78edd74d41	1086
930d602d-676e-4d84-b5b3-7b754852b2dc	1132
930e27e4-51e3-4279-b8ed-bba62dd78a8d	1131
931060fa-4091-4d5d-b6ea-9b04305b7c17	1112
9311ede9-eaa7-48a7-a3be-e18bc58e0fba	1136
9316b859-28ac-4407-8244-64c296873c7e	1143
9317afcc-6c75-4c70-9833-32eff19b95f2	1139
93195856-b904-464c-b6de-ea0abe53abbc	1132
93216f75-706a-4f79-a354-11530d9ce935	1070
932c7061-6599-4e73-ac45-421e7e00e4fc	1148
932fb13e-f0b2-4b6a-8602-b80663aa3ad0	1136
9332c517-af6c-43a0-bb13-dfdcb3d4cc4d	1151
9332dd09-aecc-4125-878d-2a06a3ff1c66	1071
933eda1c-557c-4a07-8688-7b07507a3124	1142
933f9dd0-168d-4ed6-9196-2f53acc67638	1156
934276f8-c684-457e-8ba4-7adf1ff9d95d	1071
9343544b-dd05-449e-a9e4-d88799ef1f1c	1142
9345f6ef-5b42-445d-a5c6-ff6f644fe813	1064
934a611a-3d82-42e9-a73c-269cc7ce2202	1132
934bae46-20c8-4442-bd88-f34afa590ad4	1096
934bd595-bbb6-4dca-a989-7ca6eca77147	1148
93506648-a0a2-4cbe-bbaa-c48b7cc244c3	1127
9352bd33-92fd-4542-8134-8f281edeed3e	1147
9357057a-ebad-4b6b-8481-686907517c7e	1129
935788ed-12c8-463d-8e07-7fdcef2c25de	1945
935a7cad-947b-40a0-8c0d-662772c102b5	1072
935db2ca-4d29-41c2-a4cc-3ceee1adb8b2	1091
935dba61-7335-453c-b747-1a7eaeba4e1e	1142
935ddfb3-db7a-488f-b97c-dfab41d80e87	1129
9366d46c-feb9-45e5-84b9-24b09110ffbf	1114
936a3312-e5a3-4f21-ad16-e7c7a911d0a0	1145
936b68bb-de37-4bb9-920a-205d5edc4be8	1085
93714abb-c498-47d1-99e8-76eb811a1ce8	1093
937290e3-72bd-4d97-8271-49feadeb6a6c	1073
9378261b-620e-4531-a3aa-35bb3072665e	1079
93783580-2d34-4873-a4d4-3ff8c9177ca4	1152
93799d74-8b2e-49d9-a5d5-a504753f0bec	1137
9379a66f-5341-40ef-84fd-3fa36f0a0a66	1072
937a90d3-bb42-4692-b1dc-d5428ae896d2	1067
938023d6-7839-46e7-a2b3-94747d49bf61	1079
9380691a-abe7-44ff-8885-0f58056b3af3	1125
938693da-3bd5-4658-b414-caf260d94afd	1064
938be912-ca1f-4f23-b869-e570f2ea7c5e	1136
938d530b-962c-4817-9361-008be06c4b85	1128
93956df7-c51c-43f0-98c4-0bdb01461bfa	1138
939954c3-8922-435f-9221-e8720a281220	1132
9399c8a3-048a-4016-a89e-1f23e46a8e8f	1078
939bcd75-2c72-4c6a-bbe7-4de14edb94bb	1088
939bf9de-1b14-4f53-908f-56ab3f82a257	1125
939ddb5a-968c-4daf-880e-0c711febbcd4	1090
939e346d-7bd1-4a34-a3f5-d9ce7daa2acd	1124
939f407d-a6cd-4249-ac9c-68effd1af98f	1137
93a2fbcd-707c-484c-8b9c-19501725aeeb	1074
93a332fb-2a26-457a-bb3b-334e5dd68789	1078
93a631d2-1821-4474-b916-43476142aae1	1075
93aaa92b-a134-49ee-ae48-fcb45bf7c21d	1089
93aec68e-f24a-4d8c-8ca4-cd950952ebf5	1082
93b2ebec-a1aa-4453-84e7-d7b5b2e09b2d	1136
93b4bef9-618e-4b6f-81e8-cc4a8e850c54	1135
93b68a9d-1f09-45fd-a20f-2408a596f79b	1151
93b8f00e-1282-4f97-9e07-d207bd4979b0	1058
93c03c41-4c65-41c9-84bf-05a8562991de	1071
93c237ae-bba9-43f2-9d4e-721659618d54	1134
93c4e1a9-d3f8-4925-a8e6-5cdffa75068f	1072
93c9d901-956b-4b74-9324-f60c6bb48f34	1132
93ccf5e0-3ccb-4aec-9939-ed3c18634aff	822
93d29297-cf27-40dd-a2cb-39d800dc502a	1070
93d3e0ff-3e17-45ca-8211-8cb70cf116e5	1157
93d6e035-5bf0-45fd-ae43-9a799a560c04	1134
93d7c455-6a1b-4566-80e8-01c009006241	1152
93d931cd-ab70-44d2-a8d8-dbd0396b0823	1160
93d9855e-cae3-4889-9d24-95145d8fbc0f	1138
93db5c14-1d38-4cb0-9b14-41f4245d081f	1067
93dec03d-9abe-486b-aeed-86e5dcc3f846	1408
93e062e7-ca4d-49c6-b55a-d8f7568b28b5	1155
93e0be73-c347-4554-a269-182ee5f7c1a3	1073
93e40bfb-6036-48cf-9889-ddece73aef1f	1122
93e70c2c-417c-4124-a5f2-fbc0dfff29f7	1123
93e91cb6-334a-4520-8f4b-75f37d7f7b43	1128
93e9f2ab-957d-4527-a508-1bfab2318571	1127
93eeae43-276a-4de8-bdbc-6b721ef9c700	1066
93f0ec75-3617-4e21-a956-bc572a477fec	1145
93f2d157-9e17-4173-8a45-db9b460656c5	1074
93f2e34b-4a62-4c8f-876a-bbe81ad648db	1133
93f4951f-6beb-46b0-914c-15adcbce343b	1076
93f8eda9-3262-4110-9a5b-f38f164db57d	1137
93f983c2-7c89-487f-ba07-ce26cfd02700	1137
9400f4af-0abd-4ce2-b02f-5db8caa4415b	1077
9401f3c5-05af-42d4-9e0b-3e0ffe699f9f	1876
94058971-6121-4134-bbb5-ec8dfdc00c3d	1102
940e4920-4847-4e5d-859b-72e4dc99df87	1138
94179c6f-f562-4377-8767-65996cfb68b8	1126
94189ad7-8ab7-4f55-8b6a-cfd18027f3ea	1086
94212552-a5d6-40d2-8b3c-dd4bc1d6c083	1134
9421552b-b5d9-4d3a-98c9-e38da17cc4ee	1156
94217235-26b3-4676-9ef9-db0e9c990e6f	1131
94225336-a98c-4d3e-a161-4480de9598d8	1131
94251b62-0856-4946-8dd0-bb40fcf08e8d	1076
942745c3-c814-4475-b2d8-8575830ea601	1067
942c0ea6-aa30-4c80-ab49-c325835df3ca	1079
942d2a0d-dde7-40d3-afd7-32070b4a173a	1144
94359bca-db2e-497a-a89c-45d7f79d2607	1132
943a234e-e24e-425e-9db0-f86e42274849	1142
9440afe4-363a-4382-8448-dd6625c5a202	1076
94438b83-152b-48b1-afd4-a2d09a380809	1132
94453fb3-a004-4a50-a0d7-bcbe4a814474	1137
9446f094-abe3-4194-b201-29032b48aa6e	1129
944a1a34-f57e-4cb5-a937-3d01067bedf0	1069
944ec7eb-8c12-4b72-b71d-8d4d8ffb92aa	1128
944ee00d-6fb0-40e5-ac44-7cd610523f37	1920
945340f2-3962-4e55-ade9-4bb9b70cfa50	1146
94544e52-ab63-481b-a6ac-c26a8b9a2a14	1082
945bfdab-186c-4493-955a-62b7fcf11e36	1145
9460ff11-224c-496a-a336-3d4a18f50d7b	1000
946285bf-0129-4504-b882-e3115edb9335	1075
946603b5-c30f-4804-8a08-2af6bcaffd48	1125
9469aafb-fe04-47a6-bffd-4a9ef6e4d686	555
946d7ff7-93a0-4d47-807b-5bce4153e50b	1144
947081e0-4795-4682-bc80-8c5691513897	1071
94709328-100d-4b6c-b23f-3b67962be046	1140
9478d40e-29c9-4686-bf36-aed497474998	1125
947aa37d-803e-4aed-9313-a99650e1ebb6	1076
947aa5c1-4ea0-46b8-b43e-974126c3f4eb	646
948258dc-b998-449b-9abb-0bf7beaf2fd7	1132
94856210-2539-4d15-aa73-85935127b468	1134
9485e777-9120-4885-90af-488daffe22bf	1138
948617a8-ee04-4bd6-a1ab-42d5b90999ed	1152
94871819-a069-4919-90be-dfa66cfcd275	1134
94886f16-ef6f-422b-a0cd-02586359296e	1133
948a48d3-3ced-4294-a7fc-953679c02ece	1130
948bc1e5-053d-422a-8633-3820b9bee54e	1066
948cb5db-7e0c-460b-8aac-b7717b067235	1087
948e1aa5-480f-45cd-a494-c2ea873ae479	1127
948f8c88-8059-404b-88ba-7d25f56ee7a3	1133
9490c069-4e33-4bfa-b3fe-e15f32d7b764	1051
949178d6-7c78-4e8a-b54a-464da7228282	1130
94972f80-d64f-4331-8b43-6aab31328568	1074
9497b856-0128-483c-916b-7462c3735d37	1077
949cdc20-3942-4111-98bb-d3258fd77960	1068
949f6f34-f210-4be3-a6d2-2250bbab3f60	1130
94a1638b-9b1f-4eef-9f5b-df3ff6785d58	1130
94a3a8f6-b84b-4806-ba10-2eb20bedac27	1134
94b1548b-8f4c-4f32-96e8-81d2cbd3eaf4	1125
94bb38d9-4b41-41fb-87b4-3fc10f54e34a	701
94bc926c-9546-4b37-81ba-3a235b995340	1133
94bd3bac-075a-49a3-9707-f7fcff4a7bce	1530
94bea08e-6482-41cf-bfe2-19243ae780ea	1063
94bf5944-ba8a-4ca6-bfac-557cf4894f4d	724
94bfd73e-b130-4ba5-aece-29ef9bc17a28	1080
94c7872d-98dc-4b43-865b-f2f3696ac9a6	1082
94c94fd4-f5b4-4dd0-a320-7320d7dd8eca	1082
94c96bcf-3982-41a2-a357-e27946dc4881	1133
94ca4d92-720d-49a4-b77d-7f21d3107e1f	1139
94cbfca2-ab35-4b37-937c-544d7fb3900a	1128
94d0910e-4e8e-4fed-bc7d-bef383b66fe9	1118
94e06538-c9d5-4439-a804-2a3592e823a2	1145
94e24399-b02f-4d37-869c-e20a6c188419	1126
94e53d4e-6872-4719-9571-b6cc0a571117	1137
94e630dd-47ce-48de-b151-64129f14fcc3	1073
94e9ba1b-dfbe-43d0-900c-940832db21cc	1135
94ea523c-9fbb-4784-b325-d920aeebf43a	1145
94ee479c-1124-4af7-b1e9-239a0a532686	1138
94ee59f9-6d8b-41df-b428-e8b734a21ea2	1083
94ee8734-37c5-4bc3-beab-28285bad268d	1141
94f61890-27d0-4ec0-b076-e0b6904314de	1067
94ff6345-0e4c-43d3-84b4-31c2bccb363f	1139
95001369-6409-4a82-9562-13e46b9a37be	1126
95078a57-56c7-4112-bc19-98028af0b4cb	1078
9507f503-cae9-4a36-a0f9-212d684959c4	1151
950911bf-f3cd-425e-9d30-e52b4594701c	1084
950f1aed-eb74-4af8-841d-121aacc854cb	1152
950f7315-0924-431e-98e5-0693cfe89bb4	1148
95110eff-7866-47cb-92d0-af943858704f	1068
951476cc-40a4-43a2-9d50-5dae7e00e1b2	1135
95238fa6-dedf-4a30-9892-f1d2e1006b11	1153
9525ec02-4679-4084-82e1-a0113db1897d	1155
9526fcdf-dbe2-4e0b-8cf2-d42e6a577e4a	1134
952beb8b-1d81-49b4-bb24-22b6d1a4c311	1128
952c7774-a3d6-4230-a59c-e31db3e231a8	1134
9539887f-fcd0-41bd-b43d-8fe1c03d00c3	1080
953ef460-6835-4e6d-a4fc-0e9ae8112207	1120
953fe899-3ad0-44b5-a0af-4f936f33f1b1	1062
954184d3-3178-4934-9812-cd58cc197593	1139
95509e25-10c3-47a5-b663-0f8febc49710	1127
955b4a2c-dad6-4c10-9476-1d88c01bb507	1079
955f101a-ff23-4002-8182-580d58b04911	1073
95665c96-c6cc-4fe6-8c60-7e815e9a7c29	1128
9569ebc9-1564-41a5-858e-80fdda4a4bb7	1140
956aa6ad-e979-4bcc-858e-7f1d3aa3daa6	1072
956d7de4-ba57-473e-ab87-a9831a62b86a	1129
956f9a69-2586-4d28-8604-ace378824b39	1117
956fe249-d423-4ce2-83ae-9c358c47c59d	1127
95779024-ec69-4f5a-b098-10713ff23829	1094
957791a6-89d2-484f-b00b-d10c14d608b2	1145
957b77dd-8dd0-446b-8943-c67113d73105	1125
957dcc48-7f94-43f9-8d92-d8358130471c	1153
957e21f9-c1dd-4647-ad0c-4464e199374e	1080
95824e5f-6e3b-4f3e-b0b2-01eeb0543bf1	1078
95827ba8-e244-44d5-a55b-d45a473acfc0	1137
958319f5-91d6-447b-a4cc-799e44f3ea99	1069
9586f23c-1962-4dd0-aa91-44b7f7f300b1	1151
958787c0-913d-4027-9624-aff4a7399243	1073
9588489c-41cb-4df9-84af-11f0ae0b91d5	1083
95887f0c-7aaa-4811-b8ff-6b474754f6b7	1137
958d4969-6c24-4b9c-951c-3eb09d0e741b	1151
959a51e6-ee9a-48d4-91be-3c4925f7d320	1113
959c5049-edf7-4eb6-ac9a-b577c32bc9ff	1083
959e896d-7a08-48ac-83fb-79ed80a1176f	1091
95a062bb-1a59-4ab2-8075-d3f37ea36461	929
95a1659e-bf99-428d-8792-72ae35309084	1000
95a3b8e6-e133-4996-b6fb-6d759fb09da4	1135
95a8d5ec-89e4-41f8-86c9-78c63bad7d7b	1135
95aa61c0-fd90-4c7b-9c2f-3389de58e109	1157
95ab3d12-6c50-4c9f-851a-88f3812b9fd0	1067
95ad05ff-8f22-4335-86e6-d52a02477c5c	1098
95ad83b1-cf9b-4483-9500-0fc7baccc361	1129
95b2948c-3210-46e4-9c0d-44ee491005b6	1134
95b93d83-6b38-4b3b-9f70-c9bdbeffbe3b	1064
95bc307b-61ed-40af-95dd-634842a32265	1094
95bcacc5-b705-4b0a-b549-e4db1e5a8aea	1134
95bd8206-6708-4092-878b-c8e39f6621a0	1126
95bfbdfe-373a-48b0-a1d6-6902f3b989ae	1089
95c2c94c-b4ea-4489-a898-c76f222f60a9	1079
95c343cf-3f7a-4388-bfe5-7d1f6fac1e6c	1084
95c6d652-8d77-47ce-baab-7869077cd385	1090
95c7d6cf-d8bb-406e-b841-b7e3e1398173	1114
95c8e6a9-1b04-416e-a25f-0a8615887583	1073
95cc4761-0763-4a82-9b3a-72bbffd45b0e	570
95cdb499-1d25-419f-99ef-ec010d197b04	1132
95ce5616-507e-48c7-b823-f68b3c29937a	1128
95d1f87d-c334-4985-919b-b1dd97225543	1126
95d20f32-6479-498d-8797-6b2f07aff59a	1133
95d44602-ac3b-4e4a-8c3e-b7f5e820c50c	1121
95d8a1ef-6af4-4a87-8910-9138378e41b6	902
95da9b87-3bcb-48fd-adcc-961083060547	1125
95daa927-3b44-450c-8e4d-aec35d632ffb	1151
95dfeffb-d6f1-4fe5-890b-c3227e159dab	1095
95e2339d-ce68-436e-a7d2-0e8ce4d61b79	1110
95e82425-048b-4cf0-9edd-6403e8717d3d	1156
95e95384-1959-4afc-bb95-d1916d1aa3a2	1126
95ec30ef-5684-42c0-97ff-ec1722be3ef3	1094
95eefa29-6b32-456c-a375-527819e078b9	1081
95efe834-b243-43cb-9dce-366e213d213c	1074
95f0c480-91ca-4b3b-bbc0-8990bf1c54df	1130
95f5f28d-427d-4555-8e87-bb3925793214	1146
95f82a09-9d35-464c-9fb1-4b0075771cb6	1131
95f8c144-9e61-47ae-aeaf-2579eb868711	1091
95fc7e46-efb3-4afb-b50a-a333722c1913	1135
95fe22c6-cdb7-4479-9542-46e78152461e	1130
95ff218d-0f3e-4d8a-bf8f-7600a390804a	1075
9600f406-ee08-4741-bebe-d697540abe96	1072
96015bcf-6cae-4658-985e-a5214a99433c	1139
960252b2-19fe-4601-bda9-51686e181f07	1157
960db800-596e-4b40-ae83-deb7dc59c4ec	1073
960ea309-4c87-499c-97a9-9079d05a2a66	1145
9614ef2b-f569-4c97-ba23-3b56b1c0201d	1135
96173fcf-afa4-402e-a18b-4faac8153139	1133
961982b4-bf75-429f-9be6-ba5a41f436d0	1044
961d7207-60f2-450e-bc63-41e47dd48409	1067
961fe9a8-accc-4ed1-936f-59f602a573f7	1049
96242b75-0981-4d06-b79f-9d33e22f26ea	1137
9624bbdd-9759-47ca-a427-c1b3c11cbc6b	1078
962dd7b1-be5b-4f19-befc-ff46ca82b8ca	1076
963928c4-9726-4613-bb75-3d6cec33abb2	1141
963cf282-216b-4325-aac6-05cf781272a7	1135
9641499f-0b44-476a-abb1-6f1516b35975	1138
9642ea60-00df-4b24-9f3a-31ecc28fc2f3	1088
9645293b-8c04-4091-986e-2b69f49a21b7	1127
96468872-068d-44f2-b420-1b9a64d06bbf	1068
9646f96c-a443-428b-8c49-ff1c538f4999	1133
9647c6af-5f40-4bc4-949d-78d52194a8b2	1140
9647f02a-cb1e-4165-a91e-e71a5707a215	1074
964e1b77-4d03-4c98-a1f7-0fdfe35cf594	1136
9650749f-7656-442e-b168-fc953bbdf257	1128
96512dfc-a2b7-4d69-8f8f-0a15dd735d38	1080
9653fe9e-eb93-422c-9f56-5b2d51991a09	1122
96548a98-8d6a-45ae-bdad-5da55ca2fa37	1144
9654d0ad-c4fb-46c8-8859-40cbf4470bf5	1081
965afcb6-83ab-4f2e-b857-bf05da23eaef	1096
965b35e2-d649-4734-aa99-3aa609d7024c	1132
965be56f-fecb-4325-a07e-9fa5225735ba	689
965f6b15-a45a-4723-8d7c-5c6adc0b726e	1076
96621ac3-1f71-4349-831e-1ecd0e878588	1131
96693ed6-eefe-4931-9610-6cce6cba84df	1131
966a8063-5285-43b0-b83f-f4ee78b88f6e	1131
966aa4ad-34a8-4ebb-a230-9b1b204bef15	1133
966c6225-a98b-4e77-bf1a-f4b10e17ee26	1138
966e8bcc-8139-4a3b-bdf4-e44f2e18b83a	1143
966ed227-2c9f-493a-b727-4c6f6f8a45ed	1092
96707902-4cc9-4658-a2d9-9441212b86c3	1107
9671c3d4-eccb-4080-9d67-309382a156c5	1073
9677324d-40f5-44cf-8f75-2318d2be091c	1135
96778e68-8b89-4b60-b05d-5e21533821a0	1071
967a6e0d-c838-45b8-9ddc-78dd07b18465	1127
9680f62b-c9a6-4e1d-ab9a-8e2f68752fa3	373
9684d91f-9b51-4a0f-8d27-a47b5eb9fb5b	1137
9686908b-0630-4dc2-bfa8-9dbc7ec65cc4	1068
9689e0ed-5d9a-4c70-af5d-c2ccd6085ac5	1129
968b5842-2162-4b08-b348-834f679a26a4	1094
968bf935-44fa-4737-b2af-4a4394b6bd8d	1072
968d8492-71fd-4c99-9056-838c13292779	1062
96905da8-a4e7-4273-a128-1cd76e5aed91	1142
96a052a9-4390-4572-9a1d-45901ee2f06a	966
96a21b95-1ca0-4d6d-a3f3-8e53cc6f5602	1125
96a4f8d5-16b5-4260-89ff-222b25d71e9b	1128
96a51892-c18b-4127-be42-1527b2366470	1070
96a9849e-a623-41c6-aad5-cbc41183015c	1112
96adf824-ef83-4031-b4a9-3e9bdd3a9536	1075
96b1db26-6d2d-41cf-8a4b-8ce3501ff07b	1077
96b45e38-40b2-43bb-be67-f8026836d4ee	1137
96bde25d-cace-479f-8e50-e750637c1c5c	1138
96bec9c7-8918-4258-a281-6821807ca419	1068
96c1193b-c073-4f58-9b5e-f7b7ed0b9ba1	1082
96c4f400-d54f-4c66-8876-7f978c420cb9	1085
96c5bbee-0fc0-430b-b2e7-9df3810e53cb	1126
96c5f497-c20c-4ff9-913a-d89bd7c73363	1081
96cda8c9-4925-4e2b-89a5-9d52b34fc068	1146
96d3994a-ddc4-4f50-8ade-74bae3c038c6	1162
96da7b13-bcbd-487f-a905-7758811f633b	1089
96dcea6d-85ed-449e-a955-4c7477434532	1068
96df9233-b7c1-40d9-9b9c-c87f4525b0bd	1137
96e297e5-bf29-4b75-9f92-835d4e7c9a56	1144
96e4073f-e499-4373-827c-ad2ecb1dc21d	1137
96e649e8-2494-469f-9f33-2c57a173da0e	1128
96e86966-4c2e-422d-9841-6adfacadd4dd	1138
96ed6839-8bc7-48f8-a876-0024aaa46b26	1072
96f1fe20-ddf9-46f1-8565-815b28b407e0	1134
96f5c0fa-1b37-4653-83a9-fee09798e7b9	1087
96f980c2-db81-460e-8594-abcfae8f02c7	1126
96fcd916-ab07-482d-a63a-09d5d357c12f	1150
96ffb25d-6379-45c7-8430-c841473657c0	1139
96ffbd8f-0519-4324-a11f-d18a69b8c196	1141
9700c043-f102-45a9-97fd-802d12cc0513	1080
970236d6-80fa-4229-98ac-b318fbcca2b5	1114
970370c7-f17a-4fac-adca-e23bd2891509	1078
970b5725-59e6-4426-b593-0877bdd1d321	1128
970c2758-e42c-4a28-96d8-2c4a99d27dfa	1075
970eec3a-d8ef-4cbc-94bc-5bac3047f83b	1070
97143050-cf74-4056-a96d-48601102afde	1127
9727fbb0-4fdd-4d80-a4c9-4ce57bcdccc4	1070
973d6b71-18e4-432f-add5-2a73879b2f90	1066
973f5cf1-41b0-44be-b545-44cb8a9487d2	1133
97412c5b-bac3-4fea-9e5a-fa40a69f11ff	1139
97427352-436d-44a0-90b6-ddb3d50187dc	1071
97448386-cd50-4a7f-822f-75e117be8cbb	1135
97451103-c46d-4372-9ba5-1360d3d5def7	1165
974f3054-6143-4e15-b43c-d6239711daf5	1140
9754abe6-0569-4b0f-a8c9-3d385cc0ceef	1129
9757f362-1bd6-4c9a-931e-3122e5ac03d1	1127
975bb11b-2c19-48fe-bbb9-fcf1410129a5	1131
975da15c-dba7-4953-bc05-4636c33ef412	1154
975e9f97-4776-4316-b9bf-088fa736a7a2	1119
97655393-9162-45a7-9079-610c4682a11f	1113
9765ae04-86c5-45c6-9517-e7c8683cc39b	916
9765b9c3-071a-4bc8-aa07-a06a244c7ee2	1138
9765da13-f23b-4497-8218-ce00127b800b	1092
97669614-2ced-4d38-ba80-4f9cfa948c85	1087
976ab7c6-bfa8-41e1-bd75-7924decd3a26	1128
976bc74a-2d37-42d1-a71a-990f5baa493f	1124
976fa292-3f88-4618-a78b-07e4cf72ab54	1115
97785420-8c1c-4a71-8290-516cca0081c6	1050
977fa5c1-a6b7-467f-8687-d9c0ca426ed5	1139
9788a831-60f9-41bb-a8a2-18e98e35bbe8	1124
9788fdc8-40a0-4c3c-8527-b50d95e45c8e	1071
978b8b07-0513-42bc-b2e1-7ecbcf06326e	1158
978be51c-be37-4886-88f4-d67e81b706a8	1069
978c4874-3229-48e8-b78b-9377fe432953	1074
978e04cc-89a9-4103-bbdb-b42b712dfb1d	373
979880d4-0eb7-4f8c-97c5-93d107aba07a	1135
979c739c-2fc2-4930-a988-1526312ddaf8	1160
979f33ba-b272-40c3-82ca-6fc77dca4d10	1075
979f7d0c-5a59-405b-ac99-12e04b2fa7aa	1074
97a1be94-6d38-4f01-acb3-e1d660324d69	1094
97a9a102-c88c-4eab-84f0-49455c1e011b	1073
97aa3724-6465-4aeb-8ba6-f8d6c53a9460	1079
97abfce9-7de3-4943-b675-bc23abfd2758	1129
97ac6ef6-3de9-4760-811e-a8884c0fef33	1102
97ad50c4-0b8c-4381-94a1-29a8efe3dfa0	1126
97ad65f3-2bc2-4cc8-b7cc-a846c4b130b4	1073
97b211c7-792d-41e4-9578-e01a1e8db231	1070
97bc2f1d-b246-47bf-be4b-7e0aef728e54	1128
97c5ae77-20f4-47fa-8a31-d18e538a9788	1131
97c6ea2d-cd35-4d64-a459-721ee841be77	1127
97c711d5-f807-4146-b349-9e49857e2093	1137
97ca858c-130d-457f-8d47-2d97ee9692aa	1075
97ce0de0-ad6c-4e1c-9380-fa2a25fc4db0	1132
97d1e0ea-c9b9-4aca-be81-95b86598580f	1076
97d2c11c-06fa-436e-92b9-245a1fa5e356	1139
97d4483e-ce01-488b-9125-f59ee455664f	1076
97d630f3-dc14-42cd-8317-9b26e9de0075	1159
97db8d60-dd05-443c-8acf-39111808d72d	1076
97e4db42-9a37-44a5-bd67-af9b4b93f401	1134
97e5dd4f-a4a8-4747-a15f-23590f54c747	1137
97ede450-2a54-48ba-88ee-9f36bc680ee3	1249
97f0e053-3d33-4256-ae94-ea566bd16db5	1082
97f37573-ea7b-4ac4-be77-5978f192f056	1136
97f3d373-cf8b-4f3a-abe1-95e4e4cc7979	1059
97f44a69-f1e7-41f8-aadb-c2f1617c3564	1196
97f7efe9-28eb-4ad7-b0a9-951e7c4407c7	1074
97f83a80-4679-4d73-a4fd-9b1adb8b02e6	1127
97faf570-81aa-4919-a344-26609940ad17	1132
97feb5d8-1d8f-49fa-90d8-b3c6215ab40c	1166
9806050a-c6d8-468d-a4c7-46f0d4d5dd16	1097
9806a4be-a94e-4407-b198-5e3b60a2ce97	1077
98085d9f-67cb-4499-8453-116025812539	1123
980df02d-3c38-498d-a515-8f6cc7add165	1066
98108e2e-adeb-4ea7-a9f1-4cf268b0c8e1	1150
9813d970-5afa-43a5-a917-aee49ab6610e	1528
9814d78d-335f-4d7d-a3b7-47804d71d052	1140
9816bc49-76b1-4314-9d54-46408fb7b38f	1129
981863fb-f30b-4b44-81bf-ca0a02ae7900	2134
981ffe5c-e420-4ae1-9405-e93bbed3ae3e	1116
98204513-e443-4487-ba02-3b0b2f1412ab	1134
9820cc8c-1725-4c9f-907e-f6321d2bfa7b	1135
982308a1-871c-4617-9930-5316a47cb902	1134
982385ca-c453-423b-b9b0-6d529b2c72a6	1069
98257c44-e447-41f6-94a5-e55334fe6da1	1116
9825a304-f77b-4232-8cc1-b30e2cc14aed	1131
982b0a46-c20c-480d-ba8e-66f3e2456814	1068
982bd159-447c-491c-a90a-921f970947ab	1078
982eee7d-e6be-43db-99d6-3cae206a7c85	1070
9832b8bb-59eb-4020-95a3-ec8a1403496f	1070
983599e1-4e60-44ce-a5c1-a23827df3475	1153
98362b92-00b4-4c7d-9745-4731034ee2a2	1145
98368b98-f953-4f60-aa0d-cf48f2242763	1129
9839364e-bf9f-4908-afab-27962349ebbe	1140
983aca83-a109-4e74-9dbd-66197fc13446	1967
983b547a-4d19-466b-b7e1-2fd4919c33b4	1056
983bef05-f5ef-4466-b87e-0d1676831a2e	655
9840f1f1-752d-4aff-abd0-98f4597126bc	2540
9846f8a5-737b-4a75-86b0-3f7b6f287b9f	418
9847170f-fa88-4371-8ee2-c0c2fbfe5503	1076
985048a8-0ad7-40a5-a099-8eecd2ed0b91	1065
98508a84-57f2-4386-88b9-0ed0ef4fc449	1153
9850c789-eb87-497f-8c6f-760e876c61b7	1135
9856b038-9cf5-4818-95b9-9539ba92e2b4	1065
9856ec24-9bbc-41f8-a112-d6189a0bc1a8	634
985bd334-5fed-499f-9b59-fd6d05c8ecd3	1133
985d0f35-ed37-4a02-a168-18ff8d32357c	1078
985d5a8c-41f0-4979-a55e-06c12a226b87	1122
9864698e-9f05-4ae5-aef1-0839fd6e7b06	1126
98655141-6970-4f5e-b455-561bc8b3cb56	1129
9865809b-47d9-4f02-8d36-4d42b9d03494	1134
986920ea-f83e-48cd-acbb-e2fef96bf4aa	1127
98698443-4d6b-42f9-bdb8-d61d58135bbe	1138
986ea060-3796-431e-805f-749e373c9c44	2086
986f249a-ec3f-48e9-be99-befa6b3485fb	1081
986f7fdb-8baa-4776-88e4-e4eaf9c1ffc7	1124
98706750-d540-42b3-b50d-7f4044edb2e1	1132
98742220-1910-4437-adb7-f8d3324d1fef	1088
98748c6a-8116-4912-b11b-a55867a372ef	1121
9874ffbe-6e7d-476c-b7ba-ccfc91c97b76	1158
98769a9f-284c-4255-9b4b-cffb1d7bb4e1	1128
9878193c-7e91-4e63-967a-9835510e5b10	1145
98798ff5-2100-4a9c-95d6-30f0fa1d91c7	1067
987f41b5-fac1-4c6d-a547-e13f9f0ad7bf	1138
987fb4d2-bf0f-4f03-a835-b0d955b5c8c8	1066
98813c9e-e9ac-4f3f-8438-6ef54dc252f2	1127
9881a161-ebb7-4d39-aacd-c6a1676aafd0	1077
98834a3a-0ace-42c1-a8b1-7eb88a0af4aa	1072
98838ee3-fc4c-44a5-ac15-d7f9cdc9c121	1069
9884d989-2fbd-4af9-a09c-2a9e1d4d9740	1101
98868c46-b8e0-4001-8baa-fa521f5166c9	1067
988bf628-54ca-4cc8-be61-23e518ff3dfc	1076
988cda30-6e03-413d-9dc0-97c32bde72c0	1067
98919ca3-44d9-4225-b679-2abd17c576ac	1126
98952efb-4ee4-4b53-b092-62203feba9e8	1169
98955630-6e98-471e-bc50-a20158a617c1	1141
989591e4-e65a-4825-8f51-9fb4f46965c8	1075
989a5a6a-28ba-49f5-af4e-b5a3fafb8b1f	1162
989a77bb-2bdf-4731-8aa5-1a935c393ae4	1965
989b8231-40db-4e58-8698-b47a072afe45	1135
989e42c5-30fc-4368-9f9e-01a39384a528	1073
98a0fc30-db18-480a-8ce1-4fb1a6d2bc60	1132
98a117ef-1bb7-40d3-9433-f9f39c6e470c	1135
98a5110a-ce78-470d-a311-264229a2ef4e	1131
98b2135e-6d69-44cb-9ad8-88ed7c1875a8	1130
98b86ee9-65fc-4ba9-bbec-c25bcd422ff2	1081
98ba7377-20a7-4e3c-ae52-1304c7445aff	1133
98bcce8e-ba58-46a7-b9cf-968dd15d237b	1136
98bdbda9-0efe-4a8e-8769-70b015365d6f	1078
98c3a671-e544-4ca6-9de7-265ac3733dd1	1153
98c4a2c6-3453-4022-bfca-6fc61849549d	1072
98c552ac-bd90-4c92-972c-1103f066aec9	1077
98cad3fa-898e-40c3-b34f-e9538bd267e8	1079
98cc565a-2a6e-4ebc-89a4-ccbddd53d1ae	1129
98cc8c12-ffec-4192-b476-ef75eaab07be	1136
98cd8fc0-2b27-484d-b538-d645419141cc	1075
98cdec94-07a8-4852-8fce-1ea8c100f58e	1130
98d07f59-73db-4493-91c2-416295f557fd	1083
98d7e330-82a5-4c64-a94c-a6b9cbe5fae6	1130
98d96e46-896b-443f-87a0-20e71025f10c	1083
98dca35d-3afe-4441-af52-5f0d9fad8d03	988
98dd925a-5931-42a6-9b46-d33c4189a476	1135
98e2a85b-de4c-40db-ba0d-539c2a60124f	1058
98e2cca5-6fa6-4e95-a338-b0c434762caf	2037
98e3c60c-d385-4bc0-b02f-275358568885	1138
98e3df09-cde7-4a53-9a5e-ff83d2064f99	1129
98e41c58-e957-4cae-9f01-6c9d89050641	1132
98e85ec4-187d-45e8-8bb5-14b76ab4f230	1138
98ef8162-c871-4527-981f-8509d5f3d735	1120
98f17204-2704-4d15-b38a-d9b1e5b9bbf0	1072
98f87296-0b76-4a89-a48a-b397a0ba6b72	1071
98f9d5da-3dae-4939-9180-ae3e83493ed1	1073
98fa30d8-0385-4d57-a114-16e115cc30a8	1126
99049aa3-2ab7-497c-a1f6-0c243514aa63	1070
9906c688-2e02-4031-8c96-16e469fba565	1124
9908597f-abcf-4f14-a644-4fcc9b9d113b	1129
990cbf16-2179-438f-a5cb-cdb2aa350331	1129
990e0e7e-09d0-4f79-93e5-708700cab534	1062
99118f0d-7b6c-46f1-93a5-64030141e96b	1143
99135b4c-4923-429c-b0a5-b1fbf5b6a73c	1139
99178c08-e426-48dd-b9d4-7145144f1fd5	1067
991c9c4e-69df-4104-9cde-a59f4d8bfd12	738
991d04ee-ac05-406e-bcc5-269afd020e17	1127
99201aae-9db9-4141-9ab6-aec67e1ef971	1131
9920fd9b-e7e2-4e2e-a66a-76e43637f45a	1137
99224050-74a4-4e49-a10a-0b1e0c981bc7	1135
9923b0b6-9b73-4787-9a20-64d37098daa0	1059
992df5a5-47b7-413f-aa10-41a8c884d7aa	1068
9935217b-5e2e-44e6-974a-ed80e25db1a7	1144
99368271-f7f9-42e3-9246-8ae7d71f5ee7	2152
993a44ef-dd6a-46e0-9048-83e014023f3e	1077
99403f01-5a1a-4f5a-9983-12da02295d1a	2153
99421e56-ae25-4db4-b153-41ed890b966b	1134
994794af-2c51-43cd-b3ac-8c0b5e1887f5	1089
9948e4aa-2d31-4e7f-8fa3-d65433af83e3	1102
9950f6f8-2e8c-4bc8-ab03-395caae895aa	1141
9953087b-8aa5-429d-a938-c3f808b27d70	1134
995def30-fc71-4078-9297-0e4d517ef234	1068
9961a1a7-853b-4da9-a3d2-6c762b141e02	1095
9968d09b-976c-4920-b1c4-9e62631cd8b9	1137
99695209-325a-4d58-bb26-27bdf86ca464	1070
996a9472-0891-47f9-9276-e4219d9993d2	1067
996aa361-743d-4d78-b9d8-a8630a809598	1128
996acc73-0fd8-41f3-b2e8-84ea3fad7185	1138
996be9d7-61d4-4148-b4e1-90facb9bf3c3	1066
996d9f46-4873-4ea0-8e7a-561f59c0036a	1877
996e4ee4-c6d7-4185-8d35-f1b6708fb1ce	1183
996ec7bf-7bd8-4ab0-857b-d44a32c9ecb9	1071
996fd604-6bb5-4236-8164-aa67a07a3ac6	1144
99704ccf-ed43-4053-ab60-47f6aae9d15f	1142
9974282d-4066-4812-885a-df8c42821b57	2181
9975c006-1f71-474e-a410-2d3a56ef3248	1135
9977e821-c175-42b9-a84c-a646e63a3763	1136
99782f78-569f-4fb8-b301-7fc0288db22b	1128
997a5d61-ebb1-4c62-b5ba-c6c76bd74d86	1071
997cc0db-7049-4470-8e14-e6b968a6f45f	1159
997d2071-4789-46d2-87a9-0b91fe160f5e	1140
997dd766-623c-4d44-8d93-bb9e8f557250	1102
99810251-981e-4e04-aa18-6014f9e5f962	1129
9983e283-ba9e-4145-841e-0e5f83d8199c	1137
99856c65-fbd1-4382-bf54-fda2872016be	1134
998cda78-7df1-4bd7-bb78-c1d060ed8a19	1079
99906ded-b79a-429d-bdc7-2efb3095afdb	1129
9993c9fe-a6fb-459d-b752-5b53e28d8f3a	1133
99952640-cf2a-4a49-8452-25b3c165b130	1096
99989c32-a47f-4307-957e-0695d2fa2a0a	1117
999c8e62-989b-4721-9a06-3ab92aa1ced6	1124
99a046ca-14e8-445c-9b40-52ab15edb90f	1069
99a0764c-7a42-489b-a90b-e10c96409515	1135
99a18e9f-f19b-4eed-ade1-363378989186	1131
99a5619f-1187-4522-a189-0d9a933b33aa	1072
99b169fe-bdb1-44ab-93a4-7b4d85c703b5	1064
99b90da0-661f-4016-afa9-f4707e5de86d	1142
99be7784-3ac9-43ab-9326-b556f9f6be25	1095
99bf578c-1fb9-45ae-916e-3e2d3b897c77	1145
99c4d986-16af-4155-a071-22947ed72d8d	1120
99c4e09d-2211-4fe1-9ea5-9e9c277d4e64	1078
99cadd31-d27e-4f07-a14c-d68e77a116c4	1132
99cb4378-ca1e-4871-8d98-22d1aa41699b	1132
99d251c7-cbbb-48cd-adaf-4e0bca511d81	1142
99d64021-7c71-4908-95ce-7352eed1b202	1084
99df9641-f447-488c-8fed-a7bd46c1147c	1135
99e289e2-75fe-4d27-ae85-54ccb4577e37	1128
99e3cf82-c9d4-4c1e-9a6d-2206c7350c37	1089
99e6ae84-cefc-4fe6-85cc-dc8a4c9297d0	1129
99e78a7e-8a99-45c0-94c5-2c773afb8233	1154
99ebc125-913b-4de0-af4c-456690073a45	1076
99ede730-51df-4057-abc7-4f113d24202a	1079
99ef518a-2a91-4050-a175-0bd81081a098	575
99ef845c-4e26-4dd6-adee-689a938e167d	1145
99f0a3f3-65d7-4504-87a4-d6db424bed2f	1070
99f0da66-5e47-43f4-be41-22703769cf36	1070
99f3bdca-4bd1-42c3-bbc5-fe5f27de0dcb	1147
99f42b39-4d09-4271-a0f3-214822c8bade	1052
99f49dbe-d6ce-4f2b-a997-80a9c2ed0b25	1135
99f7d35b-4569-4c0f-8956-2ad9e9ec460a	1066
99f93aad-ec3f-4233-8191-1307fd8a2642	1132
99fca226-edee-48bd-a41f-1242f7522bb5	1059
9a01375f-5557-4ca6-93f0-4d4a53053ec8	1079
9a0471d4-0896-4e17-bdc7-e56a9bdf46ba	1075
9a0b2c1a-6a68-4de0-bd89-accf487e3779	1076
9a0bc023-bd66-41e9-ac68-6a381300c5d3	1114
9a0c9b14-67c0-42fe-bb7f-7056cfb80656	1077
9a0d465c-5520-479c-be8f-cc6a9b061967	1136
9a14cc77-cd9d-4685-8945-e9c5111093f3	1070
9a15c6b4-0706-40ea-9015-bd2ea6091e29	1141
9a167b6c-7727-42fe-bf4e-13ff24dac4ac	1076
9a17a256-1e65-4541-a111-7c9960f8b801	1137
9a1909f2-bfae-47b4-a45a-66f07f1be30e	1125
9a1cb7d2-0f18-42e4-b347-7b061b7b42a2	1131
9a1cf61e-e2e5-40b2-89eb-c8e50f402b0d	1130
9a1dcfea-95af-4a53-8713-b7759e729e8e	1076
9a212424-6f19-453d-b88f-e55bdf9496c4	1098
9a2147d5-24a6-437e-9a17-f1981163314d	1133
9a24c6b0-bcbe-4d0d-b159-6fc574747780	1126
9a256699-8b0b-4398-b206-489290e322e1	1126
9a2ab32f-ac47-41d0-a180-7b84185b0f50	1081
9a2c476c-6549-47c9-8ae4-bed1e74b69f7	1049
9a2df874-fe5c-4605-ad15-a77d97c33a03	1109
9a33a9da-f0b2-4ebb-bddf-f95631beb4ed	789
9a389dc9-89af-466f-9ac3-f6a0588ffa12	1061
9a41965e-b19b-4166-86b3-9a2f33521180	1138
9a447bbe-7c36-4e1a-8eee-717cf783c9f9	1074
9a4830d3-b68a-4885-a848-c78e35baf188	1129
9a4a7d3e-2da9-4f76-97f2-42c0ce864c9d	1138
9a4b717a-65c2-4504-a66f-e73561b05aa4	1126
9a4b8ff2-dbf2-4360-bf4d-06a30da546f4	1125
9a4ccf2c-e833-4165-8257-7cfb1fb60ccf	1129
9a559d62-9b21-4082-8305-55750210845d	1097
9a57d0e1-301a-46a2-8125-e9c1db17b3cc	1003
9a59943a-6e62-4497-b3e0-391dc5ac0cec	1135
9a5a2ede-b404-4a1b-8d63-b7bc7ee575e3	1129
9a64252f-a0eb-42b2-a853-fc64a4bbf215	1063
9a6a3709-c68d-49b2-9edc-570554ce9830	1129
9a6e4103-7594-44ce-83b1-a10cb70205b6	1137
9a755114-805a-4628-87ba-d7deaec1f22d	1103
9a7636cd-177a-4038-bea9-74650c206e70	1070
9a776d0a-2ee1-451d-a2db-27766a9ede87	1098
9a7b869b-1055-40f2-aef5-87bf689fa474	1114
9a7c0b34-781e-4be8-9942-f3534aa77328	1131
9a82554e-0ace-473f-9270-00bc6956280a	1122
9a8713ee-daf8-4528-adbf-ad09a2d7c082	1097
9a89ad08-7af4-4c94-ab36-d192c35cebde	1136
9a8a5d55-3777-423a-b3a6-e08eb5808043	1135
9a91a234-1d9a-4e0f-bf8a-f4d7b3e1059e	1855
9a91f0ef-ada7-4e46-adc9-0f90be279eff	1074
9a93468b-74f5-476d-8dd2-43f676e69f7b	1146
9a947da3-584e-4a2f-bb84-28829cf6f3f1	1049
9a960521-8de6-4200-a1fc-3c43cba3400f	1137
9a973494-b51e-49fb-837f-567b167361a4	1139
9a97bab4-59cc-432e-8a42-bfbd950015ca	1133
9a97e296-8a4c-4fdd-a753-c3d6e4f5a02f	1120
9a98dd32-28bf-4bb4-a763-5c1296593d30	1075
9a9ef709-d98d-4fca-8c73-98e6b209fd65	1098
9aa51039-a859-4de4-a106-25f07912ea14	1070
9aaa6890-d5b2-413e-b093-d39e7754464f	1082
9aadc2fe-a6dc-4972-8ee4-f784bb3d8513	1081
9ab1b2a3-0a52-4521-8fdc-d9dde496c790	1126
9ab244d1-0771-426b-9904-d68473614126	972
9ab254df-e34b-43fe-a6e7-2df8a8acad9f	1130
9ab2f973-693e-49c0-a6a3-e2cc5db70e67	1139
9ab51c06-6fd7-41e7-b948-2fcf500d7b19	1133
9abb0de5-0fd4-46ba-99ac-49f4e2364f35	1088
9abb926b-6add-4402-9e5b-ff8ab88df060	1073
9abd46a3-3b79-4751-96c9-ef99958ce8e5	1078
9ac0bc05-fe8b-4e1f-a7e2-a3f489221d71	1083
9ac17678-df7a-4edb-8580-2f0fd390aacc	1120
9ac248ba-a150-49c7-959d-70a91d8fc65d	1150
9ac4a69c-efcc-4bb2-93ea-ed6cdc579eeb	1069
9ac74a12-6366-44c7-8128-6f0627503e70	1071
9acde916-5760-4f96-9302-8fe6ff88780f	1134
9ad11965-41e2-4178-80ab-cc826a6c94ac	1130
9ad35268-e299-4e8f-aa6d-ffcd20d7d6dd	1077
9ad37bb6-082f-40e5-921c-24bf672ca3ee	1134
9ad5bcd8-bd84-43ed-b045-590144f844d8	1076
9ad6b0ce-b27f-41f9-80b4-e0bba0abf80a	1153
9ad72ff6-aac9-41c2-b220-53d4f08662d9	1136
9adc3ed6-fd8a-44d5-b127-4d4223e03d4c	1129
9ade86e5-fc0b-4570-b03d-9661a7eddfd8	1076
9ae1aea1-4988-4c01-8fed-c304d49add05	1126
9ae2fd6f-ab2c-4d53-8246-79d6b227c69d	1076
9ae3351a-413b-4319-9d02-edef5283bc6d	1070
9ae81054-c252-4154-b10a-1ae4901318dd	1129
9ae9a749-aeeb-434e-9231-28d1152613d0	1136
9aebb58e-638a-4e17-83ad-6e9f0ba6749d	1080
9aec5134-2044-4083-a3bb-e75157765fb4	1066
9af075f9-d8f8-4d0f-94c0-d180b55b4d72	1114
9af8a840-3814-42bc-beb8-46457d483921	1129
9afa0ea2-a0b0-4549-a378-e74ff39388d8	1138
9afb9ba0-329c-4923-aed7-b91c0805b86b	1133
9afc0359-9e42-4b21-ac23-bafacf197914	1072
9aff0c93-73cf-4e1b-a5ac-c67bb7812afe	1136
9b01c3f5-74c9-42bb-831d-150db892eb77	1136
9b047e9f-bf07-423e-b0fb-e6527e9cc6bd	1163
9b066096-ead9-4270-bf23-0e12459f9b62	1130
9b0d2f73-2984-4f03-886c-1c1017f3ad51	1067
9b133817-037b-486a-a39f-08e06e2123ac	1133
9b148ded-1835-4836-91bd-4e97f235b238	1128
9b161e35-615f-48a3-a9db-725f3f86e08d	1129
9b165e1e-241b-43f0-ba29-341bceee5049	1133
9b16c3f9-0e42-4773-a252-e085269d5b4e	1140
9b1b1567-e332-4b34-9286-a02da88dd9fd	1068
9b1f3cda-3b0b-41c5-87e0-2c686f37323c	1126
9b223cd8-1ad2-4c64-8363-497bab9e4666	1094
9b2320b3-1969-4c2d-bf38-fbe6af4c584a	512
9b2680b6-fb64-4c28-a4a4-be8b04abf6f1	1134
9b27e276-1772-43d4-86bc-cd1790eef664	1076
9b27eb52-031f-440a-afd3-c12e2e53f00b	1049
9b28c323-0a0c-4e33-b832-3f11fa83d896	1076
9b2b9156-eb7f-4c23-9771-f2bb4862b0b3	1098
9b316588-0d31-46e5-8bbb-91a290bf00f2	1146
9b31c864-4793-4ddd-9d6d-054087e1f4db	1127
9b31ec40-ed9e-49b5-9ec7-f8a84371935f	1134
9b3599f9-1b4d-4a62-ad48-6a58007d6c36	1132
9b36388e-7423-4922-bcbf-5ee5cc579723	1152
9b37cea0-2b12-401e-b0c8-3ce397efd0de	1073
9b395afd-fddc-41a3-957c-12d93af69ac0	1154
9b3fd6c6-424d-458e-a9a0-e41c02384e74	1151
9b409d97-0738-4193-a473-b36cf2096b4e	1105
9b41ace8-c726-49dc-aff1-c42b4dc862b8	1125
9b42c5d4-4493-415f-9995-d0e245c4b40a	1126
9b432456-90fc-48f1-a77d-0712c20899c3	1144
9b4361e3-f79b-45f9-a574-640fb0206eb4	1100
9b448284-c682-4809-847f-6e7c0c00e28f	1130
9b4558c8-e245-4c27-84b9-de09157afd6e	1132
9b45b5b4-5cc9-45c5-ae60-03790614c81b	1154
9b4a6494-2ec3-4f83-bb2e-ec67fa505fc5	1073
9b4b38e7-489a-435b-8d5b-593305fa643d	1128
9b56e9e6-6f17-4c08-8640-8269b9b1af30	1074
9b5c5cbc-c21c-487d-8bf5-e91c27737f94	1147
9b5c6623-a2e4-477d-8d5f-e18879801545	1072
9b5c91e7-f5e3-4a0a-ab72-2cd345b1f4b7	1129
9b5f0de8-cfbb-475f-bb11-1448a41153a3	1134
9b5f3392-a8e8-4d21-a357-3756bb5dd586	1079
9b642460-eae9-40c0-9790-b62d775d29bb	1158
9b645409-f6a5-4151-b63c-e1f82eba2572	1066
9b66a4ef-3945-4042-80e9-a0a8030b22d5	2091
9b729ac8-2cef-47fc-b281-d30b9eaa05f3	1154
9b7311eb-25d6-46f4-8aa9-68f408314d47	1072
9b7343de-421e-4367-8775-fff2c85d3c0f	1078
9b75ca6e-9b41-48c3-89ed-0e75c75f508d	1069
9b79730e-3cdd-4e4f-b415-11282a0244f5	1142
9b7a5057-3143-465b-9eb4-8190866dd97d	1075
9b7ead5c-0e9f-4355-a924-45e972943017	715
9b7fe454-9f76-43c2-878f-0d7aeeb4abb2	1134
9b81a2c1-7867-4a24-aa3c-dd45b2237197	1081
9b827699-498f-413c-8da4-dc070554bed1	1070
9b83c453-e254-45c2-a53c-e2ee85648861	1147
9b849e72-234e-4dc9-a5f6-df435a96afd8	1135
9b8a156e-bfc9-4f7c-b0cc-0dc5f88800de	1128
9b8b4c28-f4c5-4af4-8e95-0fe29b918b84	1110
9b8bd55a-0915-4cdd-aaf3-d589c375a995	1137
9b8e0509-0c4f-4ee1-bcd4-b90093b1d579	1136
9b936eac-08f8-48c9-804c-c7564c248936	1132
9b961139-c0b4-49cd-833b-e316b27558bf	1131
9b97bb2a-3403-4746-a198-fcc9727dc06e	1116
9b993112-83b2-4926-a7e9-b23d974cab94	1137
9b9e638b-e315-42c8-bd78-e5501c194724	1132
9ba05cc6-ec22-49f1-9e1f-94b328de9b1a	1066
9ba49fad-01db-4a4f-98bd-55b617b25bf8	1123
9ba5bc9d-e539-467d-a993-81b947d57fa6	1074
9ba8c1d2-af19-4253-8bc0-c038af842577	1132
9babf069-c192-4c11-a146-9b703394b074	1081
9bb0bcab-d710-4dee-baea-2015c7bda74b	1080
9bb19414-13ac-4743-9e29-f2af1181f6c3	749
9bb4b4e2-cff4-4b60-9306-d0a96c196bec	1125
9bb60253-c6a4-4758-94fc-da17a8b86abc	1154
9bbaf6cb-ced9-4bc3-9858-35f1975ff269	1092
9bbb0fff-b6fb-489e-a05d-b14530265fc8	1157
9bc3eaa2-5329-4675-8bad-bf7bb61b90d3	1123
9bc409a8-1f55-4aa9-b8a7-e4779b296995	1153
9bc74516-c6ef-41c1-b965-2322763a7d56	1534
9bc85f05-6b8f-4b1f-827f-34cd21240a8f	1070
9bcba376-2ef7-4cd4-8a62-8efd51d3c77d	1074
9bcc72bb-08d0-4b0e-a17d-b5e5518b1e37	1139
9bcd21e2-3f87-4232-ae17-8b89a218a1c6	1075
9bd0ad4e-df19-41d1-aa10-5a423ff2271b	1079
9bd0fa4a-d4a8-4ef3-be44-43da52e44e87	1143
9bd3130e-9c5d-4b7e-b489-6bf3434f5bdc	1138
9bd5b51c-7a5a-4241-933d-53677c34f61c	1136
9bd5d365-1bb6-4b83-8f69-60dadf4872b9	1047
9bdc8fbc-f4af-491f-8e45-d4f180555bf1	1157
9bdd506e-ef46-4d32-afb7-a6f182d75557	1144
9be2dbfc-41f2-4f31-b813-c6fe2155345a	1073
9be3d32d-a887-4b55-b00a-ff8bbb504eee	1077
9be7c220-853f-4216-8cbb-79e5af06ee56	1138
9bee6f7e-124e-4815-ae56-cc14094c0262	1093
9bf79a31-9cc1-4dc4-94d3-a7a0ec3ef7e5	1104
9bfc7a30-1d95-4ce1-981f-f3c0e67aca68	1140
9c00d2c6-3f3c-45be-9477-097c48601438	2101
9c10233c-45cc-4912-a742-936dcfb74c2f	1135
9c147fa9-b0a8-4490-b83c-91308e97bf0c	1066
9c1e43ff-39f8-4ebf-be75-820cd5607183	1093
9c1ecd2a-781e-4c5a-a80c-0fe5c5da4f25	1129
9c200b81-3b4a-42db-a319-3fa5df57f894	1995
9c27ba06-8479-4de8-b3f3-7c2defd1b291	1154
9c28342a-bb93-4685-875a-fb3a6614aa36	1114
9c2951dd-1d09-4445-88ef-027f441b454c	1071
9c2a1ac7-f3c9-4880-83e0-69a2d8629739	2107
9c2ab903-48ed-4c11-8505-2deb2aba609e	1067
9c2afaaf-12a3-418c-b9e6-f6df0a20a763	1069
9c2c8f27-48e3-48a7-9858-4c5522adfa07	1136
9c2d7c16-36e9-4aa4-b108-317d05d77d30	1125
9c2ee6ad-1a6c-4943-a8ce-6e7e5cc5fbef	1135
9c356f56-8570-436c-90f6-245fab2cf303	1108
9c36d1a0-902d-4685-8c9d-a21de33ae6bb	1122
9c38cb4a-2352-4389-9895-d097aa522a1c	1097
9c3965d0-544b-419e-9f29-ba8b1c8f48cb	1128
9c41cbb6-6ed6-4a19-8844-5f9984da4fb8	1139
9c458c83-df90-4d5a-b462-e592939382f7	1078
9c47c2b0-1126-4d8a-b435-28e888dec786	1131
9c4c0235-62c5-40c0-85ff-11ba43c7d857	1061
9c50f2f6-97e6-42bf-9bbb-bb3493cf8c05	1103
9c522210-9130-48b4-aec4-7c3a3b0749f5	1074
9c5228e7-68b9-47bd-9a0e-3521a1b74b38	1127
9c5474ea-5d68-42e6-81a5-e93a3732d3d1	1136
9c55d927-1d61-4aa0-8465-c49277380be5	1124
9c55e1f3-98d6-4a03-bf6a-1dd8fafc2e2e	1128
9c57ebe3-09c3-47de-beb3-d4cfd2dc1688	1072
9c5a189e-9f36-4241-b50b-e57702557fd7	1076
9c5cdd85-1a37-46f6-a89e-a478a001bde4	1132
9c64e709-822f-49aa-92da-f6e37c3980df	1131
9c65f535-6da8-4d64-8805-d2b3a9881710	1144
9c6b3463-a960-4978-9c72-25a2c285b5c3	1134
9c6c580f-5acd-4b7c-b1ce-78b3e62e9bb1	1133
9c70bf18-ed1c-436e-a74e-8a48872e3a13	1133
9c739d86-a205-4cc0-a82c-b0ea327d6de8	1070
9c75cd67-12e0-42d9-b6b0-7b7d082c164a	1124
9c7873e2-adde-473c-8a13-2fa0be9e4a6c	1079
9c7e1572-f8c2-4136-bc36-2e2b18a75429	1069
9c7e15d5-d8ce-4ff0-a1c7-b6b62a5b0c0e	1097
9c7e462a-5f9d-4482-bd32-939272c60930	1078
9c828e3d-f8db-49f1-8c02-24d97cfd5274	1144
9c835200-e25d-4c7e-80f2-4dc9ae8ff0f0	1124
9c83bcf1-58ef-4c33-944a-315bee556a61	1141
9c8455d3-518c-4436-8106-3341c1bced19	1085
9c855226-7a88-4cc3-9968-efbf0601d802	1141
9c8870ba-c0a5-4655-8d64-6fcc1681edb2	1067
9c8c7419-e905-41c2-adc6-7ac7ee4948cd	1139
9c9757f5-8f58-4817-b8be-b333298cb2ca	1079
9c986cd5-c1e6-43ad-a0f4-7d1a602aca56	1134
9c9d5f29-d414-4dd6-a16d-d6e290955eca	1070
9ca990c6-7d25-439e-bbcc-a93ebbef7600	1132
9caeaee5-8254-4d5f-bba7-a860c89cdc6a	1135
9cb20543-69d1-462d-b020-952a9bd83103	1127
9cb6bc37-8bd8-4fc4-ac7d-e0834a8da440	1146
9cb6c817-1061-49e4-8e07-e49fb3dff103	1067
9cbe8322-ad2f-4c3f-87b4-81c8c892e80e	1070
9cc01352-abd8-4754-be67-5b3b63b906a1	1164
9cc14f96-0e73-4e7f-b1fe-6edc139ef449	1128
9cc3efb3-0240-4e28-b057-7e1569ea5e05	1135
9cc67e88-3c1b-44d4-a885-39f85f90668b	1136
9cc6b1a2-d291-4d8e-bdbe-674c43bc0f68	1129
9ccaace4-e7b3-42d9-820d-ea5ac47eeed5	1129
9ccd0fec-58a1-4a7b-a148-64556983f36f	1071
9cd06da9-6a9e-47b4-b99a-60c364907bbc	1076
9ce07efc-f950-405a-8c5e-fe4a244af646	1130
9ce1fe48-4a8c-4c51-83bf-a1e56a7c4dba	1073
9cf25bdf-b7f7-45ef-8f78-6c6989ce800d	1124
9cf5f088-ae3a-4150-ae06-06b6852ffbb6	1133
9cf75fb0-8b9f-4654-9192-9ad1a8c9ad90	1074
9d01b227-5dea-4640-8be0-beaa0c47e6b9	1077
9d03b8c5-60f6-4b5f-9b8d-698ec087486b	1076
9d071fbb-6e84-4c81-b134-6e2b056576f7	1136
9d08b199-33a9-4ea1-b26b-01596a4fc617	1130
9d08ea9e-662b-4484-851e-7458d34fe133	1141
9d0a0766-c6d5-4782-9d6d-88e35c8f8b0e	1080
9d0a0af8-03fb-4550-8c8d-4f5dbba96418	1068
9d0b198a-9421-4808-961d-3c4e57773dd1	1134
9d10ee87-5d4a-44f1-a715-63132efd2132	1132
9d134b46-4563-4b61-97e4-5ba735fa7681	1141
9d179177-f87a-40af-b1cb-1b4ff36e99cd	1126
9d1d47fd-9239-4e4e-bc35-7712028e5ba1	1144
9d259822-c581-47d9-bdac-58fb23320181	575
9d28af43-3e79-4c18-a888-cef6c80860c4	1079
9d2b6916-6f73-4540-8b3a-5376a8aaffca	1069
9d2bc213-79b0-4af0-b16d-2cc23be6d469	1068
9d349f5b-169a-4f24-ac65-6c2f910e66ed	1068
9d365409-d68c-44f2-b57c-66dd4a4bc163	1128
9d37558f-0957-41fc-9b5f-5a373c90565c	1111
9d3ebc1a-1ad9-46b3-86bf-3d722f05ba49	1134
9d3f291b-d137-46a9-8fcf-ba16c3ce5d30	1135
9d432110-0a2d-4a0d-8d7b-bc3d10efb78a	1126
9d436464-fe9b-4b38-b99d-0b47802dd017	1121
9d475c38-b5bc-4706-9fef-16b2273d8c5e	470
9d5074a3-912a-4112-8415-41e41b53348d	1127
9d53498c-7066-48ef-9c67-22c4599c3c23	1142
9d55e41e-bd9b-4a5a-baba-507ffc686b14	1128
9d5733bc-20bf-4cb8-9ffc-2a7334cb4f0b	1121
9d5be00b-0ee6-466c-8ae9-70bdb92b9c4b	1065
9d5ddc88-1741-4c68-81f3-31b6c1b73b9f	1079
9d5f720f-abf5-4c9d-9f32-4dc931a8378e	1141
9d63f8fe-f7b2-4bfc-a087-896ae2d1bd18	1068
9d644ecc-6e4e-431b-bf72-3458feaa0fb8	1065
9d649805-71ad-4ab3-b4fe-91fcbe6d4849	1137
9d6837dd-05c8-4041-9443-f3cfbfa9c3de	2244
9d695964-1e6c-4f13-ac97-326155c0baec	1081
9d6aa90f-369a-41ad-afc3-188d97dce0e2	1131
9d6be5c3-73b6-4faf-87f1-c01b1e14abf2	1131
9d6d4e10-4907-4de7-a4a8-08a453eacfd6	1081
9d7106a5-a6f7-409a-94ef-08762b657267	1139
9d7865e9-91c5-4664-8962-5640b90c0441	1081
9d786c46-b6d5-439d-a246-0270e18ba71d	1095
9d78c4a9-e746-4754-b61c-76eec4ff9282	1128
9d7bf4a2-b892-4e28-9417-113be2eff5c1	1134
9d7d837c-2cb4-48f2-b97d-b082941cd8de	1067
9d82f718-fac4-402a-a380-b9b367add6c3	1135
9d879841-2999-4da3-9d72-da663ed3d36f	1062
9d88be64-550a-4726-af56-bb4ca1ad0266	1076
9d8945be-90df-416c-bffb-d7491d55702b	1125
9d8b6c89-b22c-49ef-9deb-7ca7d228657f	1134
9d8c9cdf-d478-4ed1-80ec-7cf1cce95796	1131
9d8e9405-f32c-43da-8b5e-76f7cd4d96ad	1074
9d93845c-c0bc-49e8-9ab6-9a5b4edea8ac	2059
9d97496c-34f1-44a8-b583-5e3233c3488a	1073
9d999cfd-df55-490b-bbf8-f20c517012fa	1113
9d9d9900-475b-4fef-b79c-db9afc35fc83	1087
9da32665-8c3d-4d42-8c94-4a5f5b607676	2032
9da32b97-9dd8-462a-a7ed-ca63f9a02e50	1127
9da5228a-3cfb-49bc-b304-6b690f418c24	1082
9daa605d-8bcc-4228-9575-ae5b511e5d03	1130
9dae15f9-f72b-4769-8dd2-b7450f019379	1058
9db394b3-47e8-44f9-a284-94db67918773	1121
9dba9147-c79f-45b1-9df5-123c65f47c0a	1139
9dbc140b-6493-4a2d-a32d-e5f10cba7269	1145
9dc0ef4a-8552-41a9-ae70-40ad188639a7	1096
9dc51b30-7ed2-4c81-b109-9729e21e54a3	1137
9dc52d21-ee27-484c-9665-65ff0d363404	1077
9dc881fe-71ac-405f-a2b1-af9c94ff964d	1079
9dca0286-1184-49d5-9311-47813adb958b	1171
9dca35e1-6079-4326-8200-b4e1f1ebb370	1130
9dcb13a2-0aa3-458e-8863-5cd418fb6d94	1144
9dce2ba1-d3e4-4873-a104-4a0cb36b5814	1117
9dd5c2df-cd93-42ad-a0d4-30c72c93e1f1	1130
9dda88f1-91ab-4e00-a4b5-ca64ce6b6767	1079
9ddc3e17-1def-46ca-a3ba-092c5fd1142f	1137
9ddcfec4-8642-447c-b659-72adb2347d6c	1058
9ddd03f4-a908-490a-ba70-a6454df058f8	1074
9de053d8-1729-4ace-a5cb-6c5d07d321c6	1135
9de2b021-21b4-4e5b-bea2-bf6ac2b66f83	1073
9de5837f-1b17-4d35-9426-7d65ad05e425	1136
9dec46bf-54c3-48fa-84d3-e31583729859	1087
9deeacc6-cd74-4334-8b85-d956d6e99a74	1141
9df5eead-59e8-4924-b381-de17690c74c1	1072
9df8e470-dffe-4e32-9c88-cc93ebf33521	1074
9df92801-9785-41a9-8f39-e070806ec3eb	1124
9df95a9d-4326-416f-8930-435b84a0e829	1141
9dfd2bf1-a078-4565-8191-8788e4b094af	1098
9e00a9e9-a4b5-434d-8a07-c02c661a21e4	1064
9e0762ec-5f1c-4eef-9587-f9093c092f5d	1142
9e0948a4-d431-4bdf-8afc-3a94b3f03c1f	1137
9e0bc118-f0b7-4813-a65d-0e5cf4abf4dc	1062
9e0c1168-9fce-463b-a9a1-4641419dd534	1134
9e0d87d1-cf76-441a-bd6b-364a59d42576	1117
9e0dc1f5-6554-4bb6-8349-97eeddb466b7	1141
9e1243af-539b-4aff-a69c-ca0753e8ca73	1129
9e13afb1-41a1-4f8c-9cbc-405fe4cd02a2	1133
9e18921b-7f81-44a1-9161-57de89e60a84	1133
9e20cd4b-7fa1-40a4-8877-6dfcd2dc315d	1126
9e230bad-2891-402f-8921-b9d7941c34df	1122
9e24d235-63dd-4846-b780-9994aa35f858	1135
9e2637cc-bf70-4c3e-92ab-6b1aeea0380a	1133
9e2a1cbd-d8e1-4b22-beaa-7df1facceca1	1132
9e2b6773-5a43-4609-896f-e72eaef82c01	1153
9e2c8e59-9d4d-4a30-a2ed-5118c39b78b0	1134
9e2d582c-edc3-486a-b7c5-62ffc48347ec	1052
9e2d9267-1959-40cb-a29a-692b43e38abe	1158
9e2e25e9-4510-47d7-8955-2db53173c896	1080
9e340565-6c8a-404e-9d68-5cd6cbcde154	1123
9e34d21a-d6bf-481d-bc79-17ecb6a7b1ee	1157
9e35736d-d706-402d-aebd-18b65b0832a0	1127
9e357484-242d-47b9-9466-b34cdcc6b7f1	1054
9e377766-9072-4794-9a8f-93d70e4f1a4d	1077
9e390f83-881b-4741-9f97-87f62315b3bd	1155
9e3bc643-239e-4006-80d6-9f98e18630c1	1070
9e3de26c-eaaf-4e12-ad8a-39d7d4c981f2	1068
9e3ef05b-9c13-4f48-b148-4cead0b1af36	1127
9e50bc3d-ccd0-442f-b3eb-3a1df9c3691e	1072
9e51eafa-68df-408e-9691-87e88fd48b2a	1074
9e5310d7-1392-46ca-9316-7f28e2f9b044	368
9e5312f3-b2ff-45e4-a056-b3033d1a2f69	1069
9e561d11-0eb4-4356-a3b5-66b8d68508fe	1125
9e5855b4-9fb4-4249-af12-55da3838e9fa	2098
9e5d393b-d6ca-4e50-bd70-5955d009a2f8	1152
9e5ff69f-ae32-4e79-b461-d2b6a34b387c	1075
9e61dd3e-f6c6-457e-8222-7f7a0c1bf190	1068
9e632a46-3928-4035-9cea-d51630399c30	1161
9e63c505-4667-4b51-83f3-31af2630be92	1129
9e6b10a6-ed75-4530-a2e6-2b37357288dd	1083
9e726aa9-442b-46a3-afc5-3475c63d4d72	1124
9e736cfb-32e9-4ee9-995b-74eb9779d50e	2126
9e757921-c9d5-435e-bd55-161ab3159405	1137
9e782177-61f2-4752-ba84-dfc5bb56cd1c	1129
9e783da1-245f-464c-8cc3-8080d0622da3	1142
9e7c161c-2a27-433b-890a-1f200f6ae59a	2032
9e7c98f2-d794-41fc-ad81-c7ad6f167ab2	1070
9e7dc31f-c132-4b66-b1c7-ebbea6994d86	1078
9e7ec02d-ec16-42fa-9320-454eda8d845c	1069
9e7fc6ef-7599-4863-8bf2-91da07f391ff	1079
9e879551-d015-4b4e-b327-ff6e5afbf20b	1063
9e87b75d-38d0-437c-859a-e6cb2dbd52f8	1074
9e87d069-d21d-4225-a54b-e6cb30716df5	1072
9e8fd10a-c841-4b48-a979-7f28565094bf	1134
9e942167-e437-4877-a782-aa6d46e4b2e3	1129
9e977b03-2083-4dd5-ada8-ee3e853415ce	1079
9e97a695-b0a7-44cf-a0d4-646ef478358e	1160
9e9b13c7-3f58-43a5-9e6c-a39a90408365	968
9ea11863-afd8-400f-8024-cbcd59e3892d	1135
9ea2660e-7cda-445a-a9c7-8a578a802390	1141
9ea60701-2149-4606-8e10-7d1462fd19de	1131
9ea6c04e-413a-4631-b145-bdd3c1601156	1089
9ea6cb5b-9362-4d2c-8d24-bd4302eb1a52	1132
9ea7f463-c2b8-4dcc-a99b-9370e8d8fafe	1068
9ea7fe92-c95e-485e-b2ba-6f09095e49ca	1076
9eabbb6a-cedb-4867-a3f7-fb4159a245e0	1133
9eabc8de-700a-4a1f-a72c-4c2658210629	1063
9eac668a-a3a3-47f9-85cb-a6cdcfce9a64	1082
9eae71de-b800-482d-9122-285054e1c807	1096
9eaf5d95-c910-48c0-9c75-c8786add23b3	1147
9eb5b6a0-b9dd-4fd5-8873-74c5e5151523	1075
9ec06a7e-821d-4220-a703-4125c7155d28	1162
9ec0a6cf-1bd9-4a1f-b826-2fdbdf8a2b87	1097
9ec298a9-8a8c-4085-9809-6f03cdff064b	1923
9ec47423-cd11-41b1-a018-14a024bd3da6	1149
9ec4928e-f7ef-42f1-8f09-01b136d8c527	1137
9ecd40e2-0a11-4e35-a15f-d799f59d60cb	1137
9eceea85-36c9-47eb-9776-58ff99518039	1147
9ed0e530-9748-4b9f-9e86-5f7d871e283b	1148
9ed23e95-e1bc-478b-a0f2-35cba66566a9	1130
9ed28530-35df-41fe-aa9d-4d37c2176a75	1122
9ed6f364-7b46-46bd-a953-997911422538	1148
9edb3b6b-db7f-4824-982b-8eccfc78491c	1134
9ee1d938-3c7e-4873-834a-874fe1748e44	1088
9ee2c931-9320-4152-b088-646d003a83e4	1142
9ee2d385-3f56-4c8d-bd54-d7a3c2404e8c	1147
9eea29c0-d55d-4fd7-961c-e4f7d67826e8	1135
9eea4571-65d0-4806-8c42-2ec7b910b063	1074
9ef4694e-0770-4351-8a83-001eaa0be39e	1129
9ef8bde5-ed7a-48c7-a40c-850163113007	1409
9efaf0df-e0f7-4841-8e82-bc4e50871dd8	1071
9efb5baa-2a16-4bad-8839-b38bd7fd9fd6	1076
9efc19f4-615d-4539-9cc4-76557e6c4112	1133
9efd610c-2ef9-458e-85c4-3101fe72f262	1125
9f01766f-5236-4e44-a641-aa0f5c612c45	1116
9f02d81c-4c46-4c83-970d-00f2c4bf61da	1132
9f077598-b49a-4760-9ea3-039d89f2509b	1075
9f0975a4-f288-48bc-b1cd-ddb6d135fdaa	1075
9f0ba3f9-4fdb-4b62-a953-5159da4cf2e7	1255
9f0c36ee-1fd6-44e8-bef9-c05e7ab2102c	1072
9f1038f5-5481-47c8-9874-48c6e69375b2	1079
9f10866a-c2aa-4728-8cf7-25a1dc04d08d	1064
9f13b478-8af8-4e9d-aacf-65d43dfa07d3	1156
9f18cac2-cf9e-4abf-a29a-bb5ce456e480	1136
9f1d9b7f-0423-4be2-a486-431ad2f1a867	1137
9f1f0b68-eea6-450b-8a95-a93a58161a0b	1128
9f1fee87-3988-409a-9a65-0132f50f34c3	1527
9f2194c8-6a65-45a4-8a3c-0b98b452429d	1157
9f250123-9e4f-43a0-983a-2b00dbee45f2	1067
9f26d77a-a433-44a3-86e8-aee9f324e46c	1129
9f27a65b-b405-4e0f-aee6-68f398aaf854	1075
9f2fda83-381d-41d4-b901-2027e7973f50	1075
9f3319a5-4174-4dd0-b423-af6150b24597	1531
9f3497f7-82fc-4c37-975a-35f34504f05d	1140
9f3cc6db-81de-40fd-9944-2c0eee4baf00	1067
9f438d80-9fce-4286-a803-2995ba2c9062	1089
9f43d0f0-82ce-4710-a57e-70040dd077a9	1067
9f487b6d-201b-456d-bef2-80c7e4f1a725	1135
9f4a5fba-2c4a-4ec1-a5f3-7004069aeab6	1065
9f4d2677-3452-4e37-817a-cc63b9d8537a	1131
9f4e7258-45fc-48fa-adbd-b2b8bcef2ea4	1118
9f4ec387-1ac2-47d7-a8b1-93ca456bc921	1131
9f535c0c-79f8-4146-86e3-742f707c49ec	1097
9f53ea53-b85d-4b62-b196-56533bbeb693	1063
9f572244-0b5c-4460-8094-e4c23433fb4b	1129
9f58a150-9a35-4d06-9787-b032026155cc	1078
9f5b8479-7e1e-49ad-952c-b7b6d91e956e	1126
9f5cbe4e-b9bc-430a-9b2b-b11c6b895723	1135
9f5e322b-6a12-4784-93a0-83ab0cb30cfd	1076
9f5f0351-117c-42b0-b4dd-c0feaf67c147	1155
9f60c9fc-d319-47c5-b140-da3be79d9ef6	1150
9f678940-8553-4aff-82ea-269f2911b163	1133
9f682517-5b5e-4488-a458-bb8d1669786e	1133
9f71b2d6-3167-4b0b-b8df-077511ad3669	1135
9f77eff6-0535-4c61-823e-edb5e5fadc7c	1138
9f798888-6b47-45c5-84bd-122984f0cc14	1071
9f7d2042-b8dc-47c2-a966-e3ad7629d654	1128
9f7decaf-2ec1-4fd5-8d3f-190a1eb702da	1118
9f83301b-c14c-423f-91f2-cfbb202a1b65	1131
9f87741d-8190-41ce-8331-3768873524e7	1097
9f898664-90c7-4260-926a-126080115599	1138
9f8abffd-388f-4067-a415-73625c4243f0	2092
9f8d9769-eb65-4d3b-8348-f7d70ac6242e	1159
9f8de85d-bc3a-4dde-bbbf-85577841f16f	1069
9f8e920f-2f0f-464f-a016-2f46a59b8f85	1072
9f91f8f4-e49c-4e7c-85ea-6d2e792e9050	1069
9f96e0d3-cc58-4daf-b23e-79abf3dd1288	1062
9f970cf2-af89-4865-a546-2d3d17189c2c	1074
9fa0cddc-a946-4485-89b4-0973197695c5	1132
9fac4b1b-08d9-4c9a-b9c2-90eb23c83226	2093
9fad7f10-2bbe-46fe-802e-b85ef5e67eac	1096
9fae180b-c07f-47fd-b4dc-13cd47a9fbd6	1160
9fb3540e-a286-48da-b671-8fed0722d1b7	1131
9fb43a5d-7b4e-4b99-be67-b2a7dc59c0b9	1136
9fb4dcbd-f861-4d4f-a212-35d287ccd08c	1076
9fb83418-6996-4d9f-80cc-155a7bbd80b8	784
9fbb419e-77f8-4204-94f7-a3cd37a71e98	1141
9fbc9a49-e39a-48de-8b96-2d63dcced492	1107
9fbdd9e2-e87f-4314-a72f-b4c436f125f4	1082
9fbfb87b-76e5-4cb1-b17f-9cf9fac10e5d	1070
9fc36291-9b1e-48e4-ab0f-5d0f38ada4d2	1076
9fc3dab5-53e3-461b-9e82-5a8175955057	1134
9fc531c3-e26d-464d-872a-68bed15f67f1	1102
9fc715ab-b651-4971-8dba-2fa3bcc5956b	1123
9fca9384-7b2e-47cc-ab4d-c2b788061b99	1130
9fcc7f9e-e27e-4f11-ba89-75710926ad6d	1149
9fd009c5-746e-4f21-a992-37e9662741ac	1127
9fd13619-ac7b-4344-8b67-cb7baecb3b19	1138
9fd525ec-dde0-4de3-9aa7-2b028486d3a7	1163
9fd55b13-f27f-4148-9518-a2ccb026e216	1136
9fdaf1a5-8b79-4f92-b6a1-05df105fa3e5	1072
9fdd2a7d-2749-40f4-8201-f1d613c347e7	1130
9fe05db4-7f4e-4ff0-be17-d6f109e0ecaf	1122
9fe1ee1c-ef02-4b70-8244-1539c61bda69	1072
9fe206d5-5c3b-42e8-b748-d23037ef8cc4	1127
9fe64575-bd2a-46bb-ac0a-ace69e240893	1135
9feb7178-8ab3-4a99-a013-7677e2deb4d6	1073
9fee1dd6-bb14-4ef4-94d7-cf08603868aa	1125
9ff000d0-5de9-453f-9f33-60f7a218acc8	1129
9ff20b8d-91b7-4e7b-bedf-2b9d19ee3ebb	1071
9ff2a4fb-462c-4e87-9391-55708f3be6dd	1070
9ff6c839-54a3-4d0e-89b2-10db3d3c8dcf	1111
9ff9085a-58c3-4150-87bb-4b28aa227653	1135
9ffddbad-c176-4a74-b5ca-a532b6094e16	1070
a0000580-c189-4619-9832-613831320789	1140
a000a5a2-ac3f-4149-b04c-34fbf98ea5ea	1065
a0078d8c-1a5e-4b01-bfe9-954bd2fafedf	1074
a007e415-e5f5-42e4-ae96-d3c7d8fb21fe	1069
a0132d7b-1b41-432b-9157-3c083f156729	1063
a013de28-0e4e-4835-a606-2c88b05d3ab3	1069
a018d018-063d-4792-9a08-7c9a6e17a5f8	1120
a01eb1b0-0951-40d6-bc0f-8fb50f781720	1137
a029420a-aa6e-44a7-bfc3-647bb449ee73	1079
a02c0d19-36b0-43c9-b9a6-77bf10212570	1176
a02df327-90a4-4942-a3a5-419a9e55c049	1071
a035fa6a-9bb6-4e39-ae40-292c77ae949a	1069
a0399d40-f461-430d-a5d0-fbb8ae7124da	1092
a039a1f6-ea22-4455-b19e-b8ac408a3d13	1125
a040a0c7-fde3-417e-ae40-603cdb0b0efb	1145
a040fe94-708f-476b-b4d2-37a64e9ffef8	1135
a049be00-3832-4676-80f1-b922faf9c48e	1118
a04ac6ec-af87-4b80-a191-fc4889603488	1127
a04b595c-f48a-490d-89ac-b7902ebd9125	1129
a04f5883-2910-4385-b925-2f362fcfab7c	1060
a052dda8-f586-4fbb-887a-c07e1d14b882	1131
a053fef7-8165-49c9-a49b-7702c6e2de27	1135
a05924b4-428e-4f21-8f7e-b8a8c28581f4	1144
a05db7e7-2d34-43dc-b52f-70ead40ed479	1125
a05e3257-7578-4e16-bd59-4017a69a51a5	1073
a06185cf-220a-4f9a-94bb-f824e5d93583	1132
a0634f3d-0006-4ae9-9f68-cd38e5340031	1135
a06c2c29-f144-432e-b8d0-99f32d783072	1113
a070257b-5bed-4946-9d3c-62667b9f0559	740
a0702cc2-3fba-4900-b4cb-e08c46b128f1	1892
a07824e9-d4a0-4573-9853-680dece3bc0a	1133
a0785d2d-c98b-4a4a-b11a-337384c6519e	1132
a07cf3fe-f63e-4e94-80fe-58195196268d	1140
a07fd3fc-eeb8-4800-928d-4fdabd5a714f	1129
a0800f70-367a-49d4-83dd-e43fc41fcb3a	1144
a080a028-5363-4eac-8dda-5f9dfd5acd7a	1100
a08cfbe6-8bdc-4abb-9716-e498eb60dbbc	1079
a08fef52-f7f4-4f58-a8bf-a06154b2595b	1126
a0911331-5ced-4c3e-829f-6e2e3e9050d1	1134
a0933956-18ba-48b4-b833-e7a7e8ccf652	1075
a095f84c-77e6-4358-8142-0e868310fdf0	1132
a09f8b69-b329-4a46-a4aa-275f7fb2a6f8	1078
a0a54d85-95cd-4316-85a0-b62fdb48a290	1132
a0a5d9d5-089b-4b56-a0b6-91acc5083d25	1081
a0a713d9-3966-482f-a675-6df7d8a52632	1119
a0ae4264-f4ac-416f-9439-46f617ad68b5	1127
a0b02481-34a7-46ff-970a-d0331f0bb239	1128
a0b12092-c280-49c2-bf7f-0b40b9450076	1077
a0b17f6a-7c1a-4db8-b554-5ccf586730a9	1154
a0b86be5-613e-409e-a1ae-52473d626522	1138
a0bb326a-1fc5-4026-9707-590f8a7419a0	1137
a0be1e30-dc8f-43ba-9775-1e74337179c5	1058
a0be53f3-b1ab-4810-8ffc-605c59b2fb40	1141
a0c0625f-655e-4b5d-bf48-d9c61faac7e5	1151
a0c08527-98e6-4687-b19a-89d040004386	1076
a0c40781-47c4-4247-8669-16271b6de4b4	1073
a0c4718b-cd55-4a2e-9ff9-2563bd1a315a	1137
a0c4c916-7784-44d4-8cb3-76b416d6c488	1128
a0c52c50-1d70-4172-86e2-6a86dae18346	1068
a0c81e77-85b5-4780-b655-0a00f24dbc41	1056
a0d11aa7-477f-4407-8d65-a2e54d8ec99a	1138
a0d15664-9b09-408f-bc78-540c7f32251c	1129
a0d1a501-774b-4734-a4d8-b61aa76d6c91	1109
a0d2ea75-717d-4ebb-96ce-71f5a187fe5d	1102
a0d883a7-4a21-405f-be22-9da4b5030b87	1141
a0da381f-7af3-4f0e-890c-3316b0590e5e	1097
a0dce983-627a-47f3-baed-0f9f4586228c	1129
a0e0162b-b450-400d-84c8-065d920c26b7	1073
a0e2ce43-78a3-49bd-b909-71373ca2470d	1095
a0e7326e-da60-452d-96a1-687c836bb858	1155
a0e80908-ab01-4013-a125-076cf431f792	1126
a0ee9f63-3ac1-475d-ad89-f469f6eb4a35	1122
a0f0361d-d116-48dc-9770-0b295d784acc	1145
a0f04357-69f4-4715-8b68-8b84edcb5de3	2038
a0f157fe-db19-488d-b77f-cc57a043e695	1132
a0f3afbe-b984-4807-b59d-346ca44b1c8c	1114
a0f3db9c-bae1-481d-afad-a1c2b3c53f47	1124
a0fb3975-e36b-4e96-ab46-cd1f4346f5a7	1131
a0fbcca7-d536-4db8-86f3-50a1662628e9	1095
a0fe4b40-61fc-4bc0-ac77-97cb59b9fe82	1138
a101b949-50e8-4019-98ab-4165e5de329f	1154
a107834e-8e84-4e8b-b606-e51464fd5df1	1072
a1086e37-1401-4a77-b14a-19a79be5e474	2009
a109327b-a0c0-48e5-ac5b-defe1e08b52d	1136
a1095047-08bf-4ce2-a5be-484f42b16812	1082
a10d982e-84cb-4a3b-996d-b5670c4a4a20	1122
a115c533-ca4c-43b4-9d89-255cf0520495	1128
a11b4b58-e30f-4f5a-a0bc-6ce656c075ea	1141
a11bbd86-2656-4660-b3de-6fb140f8bc24	1088
a11bdd6a-a14e-431f-856e-dd5f6deffa8a	1150
a11ec943-7d28-4dc0-829b-8f9e05a2f98d	1132
a122111f-20d5-4a6d-819c-7f426f5ce94d	1085
a1236fa8-de8b-4ab5-af45-ffad8ff1b454	1062
a1247eb6-d669-4734-8d30-099e38a246ac	1075
a1251626-a339-45c8-b263-faaf3fbd2577	1135
a125427a-6efa-49ec-a715-c6807f980928	1065
a12699b2-06b4-43e1-9a53-33073a887986	1143
a127be10-d266-4639-b4f4-27e977e39e0a	1094
a12b439b-daf8-46c4-a963-810da69b177b	1116
a130816d-948f-4a56-b911-227950a3d834	1144
a130db2e-6453-48d7-b14e-1569f797bc07	1072
a130e355-20ec-4956-aa97-265b9047e354	1088
a133ae67-b625-499a-b98e-a0aba3dafbd6	1142
a134c4f2-5be8-43f0-a374-9e76402e9d24	1152
a1356ccf-ddb4-48a5-b902-7361d6c58030	1116
a1370c11-b49e-4fa8-8e09-65967c5ad13c	1144
a13c02ad-4fbb-4a3f-bd0c-3c4f5c4193b6	1137
a14084c7-2672-4e63-9106-e5b3254329f1	1127
a14678d4-7313-4819-9284-5850622f336e	1076
a149ee1e-2622-43ec-9ead-5ca2e744ae05	1132
a150824c-46ad-4155-b859-3727ed0b1fa3	1075
a1559c66-8e5d-4349-a101-3eda05ecfd4d	1091
a157454b-8e78-41a2-93a6-ea72dfc18e47	1080
a157df6b-7629-4d3c-8a04-d25b5a39539f	1149
a1588998-8c31-4586-af87-9c95f3452341	1127
a158ab06-43db-4d39-82b6-1d5ccaccbb0f	1074
a159e70a-06e8-404e-992d-42ac2711a439	1121
a15b05ec-116a-4bd8-ab5c-dabba20219a5	1149
a15bf939-0add-453e-a7d3-2c72f426ee35	1076
a15cb313-5299-45a1-87fa-a7ac48ff367c	1131
a15e9dda-82d0-4f2a-8097-bd8c2e2a10f0	1108
a17089ef-95f4-4c49-bfa0-0837dcfed8e6	1136
a17687cf-2c75-4756-9520-4d997e1e8335	1156
a1788b7a-e9ae-48a3-843e-34d217677234	1060
a17c0942-8fcf-4eb0-8eb3-abc1844c5930	1129
a17ca6c3-b59b-4c8c-beb7-e34e278220fb	1139
a180505d-3173-405a-a8cf-684ddc3015c3	1152
a19215e2-d2a2-4860-883a-43d0f2b4275c	1135
a19450c1-de94-43a3-bd3c-2cdd829a68f1	1135
a195f7a8-902d-452b-b461-7f112541b2a7	1096
a197e1fc-a3eb-4b37-a095-f840a8baa050	1049
a199fede-5513-4cba-80b6-d3298319a820	1131
a19a85c4-993a-4015-a60b-ade40d24eeb0	2063
a1a79b7b-6d1c-4356-a393-784fd49e52c1	1103
a1aa1675-eafe-4313-96ee-14f986b40313	1132
a1b1ed9e-101d-4359-bae4-694578c51cce	1151
a1b1f978-5fba-4b7e-bf5d-2aec8b4f0be7	1127
a1b4a0eb-481f-4d63-9704-dec2a30f2736	1135
a1b58941-d630-41bb-b655-454cf9466e74	1154
a1b831fe-fde5-4dd1-821d-c2d60ebea519	1889
a1bca16f-2c09-4f90-9213-28e00520db26	1137
a1c1bfa4-be95-4470-980e-b720a99b36db	1135
a1c2cbf2-39a9-46ae-95bb-985bd65d02d2	1136
a1c3822d-e297-4dfd-b00c-5c115c5b4bea	1134
a1c5b258-5dc4-4c7a-a6a8-d7aefb301efc	1143
a1c5e940-b61c-490b-8408-0a8c39414933	1071
a1c918ed-3639-4489-ad90-2983a3e968bc	1141
a1c96c24-bc3e-456e-8168-e7f9b0b3e4e2	1125
a1d02611-baa8-40d4-985a-2eb6f0d40f4c	1076
a1d0e2ea-eca2-441a-aec3-6f2eb3861ff7	1068
a1da0049-073b-4e69-87bc-6c6778b29e20	1128
a1dd97af-a923-4fb5-ab84-3654afbf4e49	1147
a1e04cc8-cf0b-4754-bdbf-498556c7ef93	1150
a1e3c33d-6b94-4c4a-ad9e-5ffc15f56ec2	1133
a1e602f4-06cf-4653-860a-7eb6d86309d8	1072
a1e65851-2342-4459-a1d8-af9ee7df0a1c	1109
a1e6c7e3-543d-45c2-92bc-a907b342c398	1078
a1eb5191-e564-435c-b561-3b500fd332c3	2195
a1f0f406-487b-4a57-bf96-7035ba3900a6	1159
a1f7d6e4-4366-4149-a183-56620da57380	1135
a1fb7f66-9e99-4df3-9fdf-7a0c4d25f4b6	1642
a1fdb527-b1f6-4358-9db2-10a99668963d	1139
a1fefece-42ce-4931-9919-2e7cedc25604	1074
a1ffbd24-57ae-4401-904e-9eea1ddb9984	1079
a2002e59-0306-485a-9b02-2588ce56d6d6	1066
a2017055-d82a-4065-a811-ab5bb2f21e7d	1125
a203e5ab-5e3d-4194-b379-f1bc36a17984	1075
a20424e6-1189-4e91-bafc-4346f8fa739b	1074
a2081163-4419-471b-a4e1-77a596942bd0	1070
a2098e2d-5848-4ae5-82af-5c2ab75dc08c	1069
a20d4709-62ac-41b5-88c6-7de6074fa7fd	1138
a215579c-df8a-49ba-8999-f842d69d636c	1133
a2185f91-4a25-4f00-b2d9-4a119b0b89ec	1075
a21de8f6-f57a-492e-aa01-693b4600bf06	1071
a21e31ef-82b1-4098-b0ed-892dc7f5a230	1145
a21ffeb6-a974-4c35-a218-b29b1973284f	2028
a2270991-d1ac-46b4-8d74-fdeda92803db	1133
a2292b15-d34d-40f6-8924-a2101a079fda	1128
a22a7c50-ac29-49ec-a47a-50df34b84f1a	1883
a2335fe1-833f-4eaa-82fb-3ac9cd64307b	1104
a2348593-3914-40eb-ad67-72be747ea8e1	1131
a23afe11-7c91-477b-9b38-c7aa2c38c2e2	1130
a23df3cb-9b12-43f8-a25b-d643019b1902	1127
a24279c5-1aba-4f84-bead-4fe41df2d80c	1081
a246ae7f-4af9-4cc8-853e-a0eb0c804d6b	1069
a247570a-0f7b-40e7-893c-3463261643b1	1125
a248be2c-6e64-4844-be07-bf84e368c7c9	1129
a2490e18-8da6-424a-ae06-0f6a30de75a0	1152
a24a18c6-b240-4a01-9e40-435bab4cf49b	1081
a24aabd0-11ca-432d-901f-652e0e27e08b	1077
a24d38b5-153e-4f6f-b22b-cc730319da8c	1126
a24f4512-54fe-4e79-ba09-ea45c0598d6f	1132
a24ff7cb-fe8c-4116-860a-9c6462158b5e	1124
a24ffea6-4c36-48ad-9bf3-f46080889a05	1146
a2545782-aaa5-4abc-a43a-2f65d5b6ef1f	1134
a255f283-eb30-4eb1-a95c-e5782b1352d4	1123
a25b3ffb-cb33-4e5f-a7c9-2833d5586dc0	1164
a263d7c3-252f-4443-a108-3663a6b2e27a	1158
a2648365-71de-4f48-aef9-f19373db78d5	1143
a26b5508-0f64-4037-a8b9-3f95c830967f	1073
a26cd66b-cb6f-49b5-8563-5a66bb60a82c	1013
a26f2661-22dc-49e8-83c0-b6a1414a24fe	1086
a27495ab-feff-4f67-bfe5-8ddeae959b6d	1133
a2770162-1f3c-4756-abd6-c0c0fa0bcdfc	1139
a277329f-bf92-4293-9557-5eed4115b754	347
a2842282-65f1-449a-8c0f-a200385f002a	1157
a2849bfd-dedf-4467-a7b3-294a9bcc66dd	1074
a28586a4-5d93-47e4-8246-512f5eea09fb	1083
a28d040c-4d27-40d8-9241-54dcbdaf4343	1156
a28e419c-78f4-4ca6-a3f3-364efebd2d91	1129
a2947892-93fd-45c5-98e5-aebc7461e475	1130
a295d315-7469-4f22-9545-dc9321e95839	1135
a296b49c-d7c7-4dcf-990c-25c6710c7cfe	1139
a2987070-f95d-4172-9280-ef7d2e62c6f7	1095
a29d5bc3-e327-4947-a15f-d2223f45c553	1141
a29da220-c7e2-457d-9d19-eada234e96f4	2368
a29e5208-090e-4da4-8102-1891333d6df2	1150
a2a359a7-d27e-4e61-8a11-358dede211dc	1137
a2a45dfc-346d-4a38-877f-4ed48f81ae9b	741
a2a6fe64-13f6-43ba-83a6-2f1e549f2ac5	1133
a2a9efd0-416e-45af-a02a-3fec65b31a1b	2022
a2ac342b-6935-455b-85f7-52f058abb740	1115
a2b00cc4-6c22-4679-abee-07a3d1280a93	1115
a2b4c387-0477-4218-9671-743a7c4cd192	1133
a2b4e432-ddd1-46f6-aa3f-8be69caa93bc	1132
a2b63c70-2d05-4bac-b77a-58bc6c06a597	1137
a2b76d0e-1dbe-4bb0-8ad0-285b16077a84	1128
a2b7b7b4-0ef6-4e1e-b174-50789d94d7aa	1133
a2b7d824-ed30-4a6f-99a2-0cd57a580aa5	1396
a2ba0419-d12b-4213-bd43-a88366cc6764	1157
a2bb980c-809b-4251-ab33-7e5f40a939af	1077
a2bbb8e1-88ee-4d00-b53b-4908c421d8bf	1135
a2bc4b05-9e96-4cb5-bc9c-3f05fd4e482e	1095
a2bd9558-e066-40a1-afbe-4263b39e1ab3	1997
a2bec743-dc48-4b6a-b1f7-5a72dfaad030	1144
a2c485e2-fdd5-4f3b-a3bc-b70786293b1e	1125
a2c66759-a6cb-48fb-8c2d-4be48f8423aa	1065
a2c8c246-fab7-47c2-8ac0-b2d782b52e1d	1139
a2cf135d-db84-47c2-a1f0-6cca148f59b3	1102
a2cf3fcb-9e31-462e-ad5d-992846cd7fa9	1138
a2cf6c6f-a6ac-4006-a2f8-6891577fd193	1139
a2d01833-3694-4eb0-ada3-38deb153a5ae	1138
a2d16521-8c79-44f7-8419-308f031bf862	1135
a2d4a099-768c-4a21-989a-22c98b710613	1135
a2d731d5-6d6f-41c9-9bc6-627036fbf84f	1130
a2d87d8e-723f-4ff6-91cd-c1c1c74f385a	2099
a2de07ef-6944-478b-ae22-c9fe3ccaeb32	1063
a2de4a3a-d3cd-4f4e-8b7a-4329ea34370e	1073
a2e0139c-b155-4171-bf5f-9aa8e4ee0230	1144
a2e255bd-6908-4daf-9ecc-2f7e9d4bab40	1138
a2e73897-d9a5-46fc-9b35-d5ecb84726bc	1074
a2e7873e-a76a-4dd6-87b6-661fbb860d24	1067
a2e82de2-b066-484f-92a5-4da50a544a01	1133
a2f08dd6-7f6f-497e-9bbf-33959e3135a1	1140
a2f0b2cd-eaee-4a0e-8527-cf37e8a26db1	1129
a2f14fe0-5683-433c-9228-3f6d83a1191e	1129
a2f26acb-7d79-4b3b-816d-e471ddbef1ec	1134
a2f58131-968f-4554-8fed-d4cc2287e29c	1140
a2f63e7f-b073-4b76-9ed5-881bb9bfa581	1081
a2f6cf8e-6e6c-46f0-ae18-d85b32f58980	1072
a2f8a6c4-f007-4f72-b1dd-1cf64b878e79	1073
a2f9fc72-e1f0-4345-9fbb-d4abe348cc18	1146
a31900da-924e-4394-bd89-85cc32989a9e	1077
a31fa955-80d6-497f-b819-e57c86d9c5c4	1076
a32e07d7-3d3c-4b15-9270-441c4fa5f226	1137
a32e8b4b-2c2d-4669-9274-997a183f7429	1136
a334c8f7-ceea-424f-97ff-c4f1b6ca48a3	1130
a3361d50-09d5-40cf-b4a3-a2e1ce549387	1071
a3382959-1239-44d5-97c0-0b72a724eca7	1075
a3397486-4369-40e6-84e6-b84d46f5cdd3	1535
a33a00a5-e4ae-432d-aef9-b77f8b4632c8	1069
a33aea8c-51f3-4d95-a13e-55a4e4af407d	1131
a33d55d1-5b99-47a8-8f4c-cf9af8d78035	1069
a33d68af-cdce-4ae1-8873-de27f702a8ec	1132
a33f2c7f-f35b-459e-8d3f-0060c64391e5	1131
a3414f7f-bc11-40e0-ac78-84f0acc2edb5	1120
a341629a-ae52-40a2-9f8c-940909caebd9	1134
a3424a3f-d28b-422d-a081-ce3ea3222797	1121
a346d6fe-aa23-44d2-8927-996c5df1a13c	1075
a34d67f1-3994-4787-bf17-fdfd838afeb2	1142
a3522441-b22b-4db1-9fb3-f23c46350184	2636
a353e02b-e0fe-49b9-a84a-2babf4eecc24	1121
a3542bf0-0715-4441-940f-379ecd4d3376	1108
a3570ff8-1f98-4a87-870b-f2911d25b801	1054
a357ed32-6970-49fc-a96c-aa9a2e0cad3d	1073
a35ab4c8-bf69-4c11-be63-d337da83471c	1127
a35f69e9-e17b-46f6-86d1-f1d9ba1c21cd	1068
a360cc74-d13c-4889-89f1-4194f6868e04	1136
a366b009-6f8d-46ba-b888-a02a436fa47c	1130
a36d8357-16ec-4eb8-84fb-dfc49dc01fdf	1071
a37171b3-6c15-491d-acbd-18624ca19af3	1082
a371ff6d-9330-4c2d-ae01-4a006b14ca67	1069
a37ccbf3-a08c-4a14-bfd5-b836dc8535d7	1153
a37d69d7-d5d7-409b-b769-72660940059c	1142
a37dd942-01f7-4198-bd8f-c40e1d4385dc	1117
a380605d-795c-46a9-93d6-2b592016e9e8	661
a382e6a3-fab2-488f-ac33-03ab166eecec	1155
a3855690-3cce-48de-a7bc-5cbd52324c11	1075
a3863497-5227-4ff9-b0bb-3f59d1ec68cc	1128
a386b78a-bdd7-4c9c-b4ab-73304fe687a2	1131
a3915320-ade3-465f-a43b-ed1df40980b3	1110
a391e097-8b66-43da-86b6-f79235a6718c	1072
a394ce45-9d21-4419-abc6-6d546055a4b8	1074
a3990963-bce7-4aaf-914f-e0775ed4abd2	1082
a39b7e81-3b74-40e7-8665-9f750b3b19d9	1097
a3a6c1a3-2a2f-47ea-bde7-e125468f8db4	1082
a3a7366f-c2e3-421b-9c0a-3c25152db7ed	1138
a3a7df9c-7296-4f0c-adb0-2438d7480305	1153
a3aaafef-ff82-40fd-8cd4-d06898488a48	1067
a3ae594a-4145-4fab-a364-936f42e7e580	1087
a3b37b6a-f0a9-4278-badd-b4dcd36ae335	1138
a3b5e765-8fb0-4250-b49e-d275f5fc2802	1147
a3b75f4e-8417-4927-a8c5-0dcb5c9ae740	1036
a3bf37fd-9f08-4d6e-8505-5453c57dcb78	1148
a3bf9c9e-553c-421a-af10-fbe5ce851b33	1070
a3bfb7c7-a1a5-47ca-a364-88e538201dd3	1066
a3c004fe-a5d2-480c-9206-bf29cf15fa5e	1077
a3c06825-d442-480d-8908-1dfaeaf812e8	1148
a3c0d3db-f664-46cb-a2f7-7adffd46b5a1	1132
a3c11b4b-6bab-4221-aa9a-e7228db35ca8	1102
a3c351a5-dc6c-41b1-bcf1-cc841f40a45d	1085
a3c4f464-7aa2-4c4f-88c3-98c3038f385f	1151
a3c5e217-2155-491e-bbe8-c1d4c5d379b4	1150
a3c730d2-a2ca-456e-a61a-06a72dbb252a	1115
a3c8f625-89be-43da-9d76-e8c2c8d5fbc6	1133
a3ca88d0-d4a0-4579-99c7-607019007b67	1073
a3d900f3-2794-4f41-aa00-22d6ee3813fe	509
a3da7f0a-3fc5-4efc-b8b7-6d204a7f72a5	1129
a3daa856-cdec-4f22-8352-531d6b9ae8d5	1073
a3dad956-24ab-4699-99a0-cfb06fb8cd0a	1139
a3dc368d-e15c-4094-bb3a-7563cb2f1db0	1081
a3dc40bd-b437-4edd-be08-7112f3700c12	1071
a3dd3232-7cee-42c0-b7f3-dfe7cdfe0a80	1064
a3dd39ae-b74e-4487-a0be-8ba6506d28cc	996
a3e1f6de-a5ee-40e4-b2a8-2ed8d2ab5f8d	1076
a3e28fb4-8078-4b25-bb30-ea03d031cbfb	1068
a3e5e7d0-4ad4-4c7f-a122-d42b5ed833fc	1135
a3f282ac-9491-4ff6-bfdc-5862ba74bd4b	1135
a3f3982a-33a0-4b25-b7ad-1f672e8b22b4	1133
a3f4c7c4-c92f-4f74-995e-0aaca9f4d516	1136
a3f5adad-3113-49c4-bebf-c790bd5930fe	1067
a3f628bb-1cf6-4666-aaf0-fbc9792115fe	1128
a3f6909f-dbf3-4349-95ae-a2658f5e407d	1066
a3fdc400-07fc-4f60-8827-4dce42246a02	1120
a3ff50c5-c8da-4906-8e48-ffd491e412e5	1150
a402521c-0134-4369-b609-304243e960f5	1145
a4048515-122b-491e-a87b-e6b534d4c39b	1126
a4059736-f05d-4416-af21-2b120497211e	1132
a40aef20-41e1-45eb-afbf-fcb9933430bf	1067
a418ec80-4bc7-42bd-853d-9d8feac6305c	1139
a424076a-9dc8-45fb-89e9-dcc90ce7ff57	1157
a4253ef8-b825-4152-a5b2-40b2353b8f4b	1128
a4276862-329f-44e7-a2a3-03e2f1b6ec98	266
a42f0f2c-8b05-4253-836d-7a44e37c123a	1132
a43006b5-7b3f-4c93-bc22-597a88cf21e6	1071
a4307b2c-c36d-48c4-90e3-66715e69e090	1121
a430f62f-1b07-4d2d-b940-a1523e87947c	1062
a4311cf4-dcd2-4620-ba55-7c6ec021f1cf	1072
a43285fa-940b-45b7-b309-bfd2cad3146a	1134
a4374adb-6386-4112-92e6-95e7cc3f6ba4	1133
a43b8f94-d297-4477-9454-19a5392ff33b	1157
a43c6a2b-dd59-4b6a-8900-478ab7d7812f	1158
a43e6980-365d-4042-bed2-3f972d259974	2112
a43f32a5-773e-43a3-8afb-54f4bdeb3412	1081
a44058fb-4db9-4507-b54a-9902b9350467	1131
a440da5e-6860-4f97-80e7-9ddb000dd6d4	1054
a4430013-a8ee-4f2b-b67c-5c5c788ec254	1147
a4440c23-c397-46e6-a530-462888b2b69b	1068
a44e9322-116e-4a89-8194-f83037734145	1077
a452c7f5-c7e5-434f-bf20-3aa7e800bb85	1135
a456c9ec-ca2e-4e27-863c-62223ad08971	1136
a4586a95-d034-4973-b80c-a5c3008321b0	1108
a45bd088-8711-41b8-8667-601b394543b2	1134
a4612ad4-0c37-4c08-8f8f-ca1671fae830	1109
a46929a7-93c0-4265-a44c-7d2adb2c4c96	2152
a46ac935-1123-4830-adf9-66224bcfdb0d	1118
a46df360-d6f5-48b5-8c28-264f95a6c4d3	1131
a46e4e87-a3ac-46fe-95d2-e5430c23f9bf	1073
a46ee060-1d57-44c2-8ab7-aefa9f606a0e	1145
a470f6b8-13d9-49ec-b948-6c853b1ff8aa	1127
a4770e42-ecb0-41fb-bc20-a209dfc2f680	1072
a478467f-a7e7-4c6c-9306-840699df551b	1134
a47a6e6a-b9c7-4177-9006-79ddd955079b	1075
a47d0fa0-21f6-4748-a673-f9161df31289	1130
a4805807-0ebd-4a41-9f24-40d37e1e1638	1073
a482c104-4b83-413b-81f3-75adc69cf587	1138
a482e18e-d23a-432a-bf04-3034535223fd	1129
a487f4ae-ed09-4bf2-b058-e7e65e246cec	1082
a4881c6c-1f96-4613-bdf1-ec4b89b58800	1133
a489b21e-408a-4a13-850d-086bf4c971e1	1061
a48aec9d-36f2-48c6-9ca5-c4985eb119bb	1152
a48c202f-09ee-469b-b91e-4da1bc40130b	1081
a48c4770-adff-440a-9936-5fd62042be7d	1160
a494e4bc-198e-4f7d-8abe-a30aa0c5c3e6	1133
a49892c2-c66f-4b8c-b03a-ab4e0cac2b1b	2032
a49ccfb6-f98a-4211-8c80-f749f363b78c	1078
a4a17fe7-298c-43d6-8621-45f3248ccf29	1077
a4a18fc1-cefa-4b81-a8bf-e9fe4f8cc323	1081
a4a52dd3-5f1e-461e-95d8-3e60d9430cd1	1079
a4b005f2-a054-4193-b8fa-14df64dba28d	1068
a4b17971-b4d1-44fa-b987-bb18383c96d1	1070
a4b41c7f-6397-42a4-98ec-912cec53d2da	1130
a4b4a288-2ef9-4111-8e3c-a6e41aac6050	2143
a4b714aa-7aef-4c27-95bb-591dbbce73d1	1128
a4b7a558-313c-448f-bbed-e35955e64f9c	1077
a4bf2e0e-3d00-4364-bf66-39c355512ac0	1075
a4bfb963-290d-4679-a47a-69f4fefebe14	1139
a4bfe799-f59e-4d9b-a12c-f933f86ce2bc	1164
a4c1ffe6-3e61-46cb-a803-5ab448bc3958	1158
a4c5e19f-f2ea-444b-a3ab-3b32e2a0ee93	1076
a4c78092-3893-47c9-98c9-e7d15565c1b4	1063
a4cb3931-13b4-4a04-9933-32f3607d1a83	1069
a4d0a71e-3635-46f2-ac9f-c82866094440	1074
a4d14394-9460-4623-9d01-c3fc4584e98c	1134
a4d32588-579f-493a-950d-ad85952f98f6	1143
a4d33190-a2c0-4cba-959d-d5be301fa8f7	1122
a4d9d9ab-a782-49a9-9eb5-ad56c34855f5	1078
a4de9ed7-e3c5-4aa2-960f-fd7972ff8d04	1074
a4e1a0bf-fefc-4fa8-b729-d6488ec6d5f2	1138
a4e236fb-ed56-42b3-8163-ec2027bf3ace	1131
a4e3d9b0-27b4-4d93-ac76-2131a48b9ce2	1146
a4e76e32-0a28-4fde-9530-d7ebcf8748ab	1232
a4ea4c02-0337-46cd-aa24-06f54497e560	1109
a4ee5518-41c6-43aa-8683-14735ebc2295	1074
a4ee8c80-d425-40a3-9947-09c78dcb3852	1529
a4ef4ce3-9bdf-4ba5-946b-4bb1cc8f607a	1068
a4efd3b6-0951-44a4-9f1a-ee359bca6d8e	1133
a4f64d4d-db53-436f-838a-07885a6e2f10	1066
a4f703c3-66b2-41df-a1e9-7867707ba6df	1076
a4f805f2-d64b-4704-a88e-b27ac0969b09	1073
a4f93026-c83a-4f77-8d54-4afb24e8114f	1136
a4f9690b-281f-467e-932c-36ce7e5b415a	1068
a4fc5e1a-0d0e-4954-9b2f-185276b5223a	1093
a4fc9ccc-5b57-4524-809d-aa2bd5aafba0	1139
a4fea33b-e73e-441a-8513-49e45c8a4793	1101
a4fff5ad-1fb6-4f0a-b07a-48c76c0a48f2	1144
a501f604-11a6-4e40-bf83-2645f66ba1c4	1109
a5040538-2ebb-42ad-a48b-7f1135ea375d	1160
a50c5a8a-b355-49cf-874c-ed8ed5276381	1074
a50c72b2-a906-41ef-86b7-3abafb8cdffd	1465
a50c8b6c-57cd-4049-a8e7-a73304888e23	1131
a50d0402-d41d-4207-89fb-c4634e0ab04b	1058
a5104633-62c9-4596-bfe0-80ae30bf8cec	1519
a511e275-d3b9-4274-a282-324fe7a397ab	1122
a513bd85-a972-437d-ada2-328b69e5690d	1088
a51a4c5e-e67b-48ca-a8b6-9e3a7dd04661	1028
a51b48d4-8ffb-4d54-b6c8-fe421e2d78fa	1126
a51b5164-7438-4744-b6e2-e4ddf15fd42b	1069
a51bb2fb-9f0c-4548-bff3-da3fc8e9a34a	1080
a5309bb4-7e2a-410a-ab4b-640e332b9afb	1138
a53103e4-a582-471a-a6bc-60a694f33865	1123
a53333e1-f976-4d98-a7f8-8aecc5cec730	1130
a538b927-2cee-4ef3-8877-7aa6607e53f3	1137
a5399a2f-a896-46b9-8816-bd9e5f79b2df	1131
a547a704-9560-48e5-9865-adb8e70143f1	1128
a54943d2-666e-4864-b655-e3b0efbcfbd3	1110
a552070d-b614-4445-81f1-3242900ca7af	1133
a5544d4a-e698-4713-a175-8093d4b8b410	1132
a555132e-db63-4722-a11d-93de8083aa0f	1081
a55f61eb-202d-429d-bb86-060a63d1845b	1124
a5600e99-2918-4dd1-aa90-8771b1a2b9bf	1134
a5628247-d3b9-4209-8dae-5b0baaafd4f7	1125
a56c2cbd-4dd6-4529-9a52-9beab8aafa1d	1077
a56d9791-f32b-4687-9027-d9008ef2fdf7	1528
a56fab92-af7f-43ce-9d2d-7b4222c1ab22	1076
a57174b1-e253-4386-b862-fefb149747f2	1068
a571a551-6b10-42de-8370-02981ac1e066	1072
a57d242e-f672-4145-9eab-441aa09728a8	1076
a57e45b7-464b-45eb-acd5-37aceb5ffd3a	1076
a5815e9a-5315-4d34-aa63-2fa9960bfa31	1073
a58317d7-08b9-449a-ae15-ae6a2eddaf19	1148
a58beffe-b443-4a02-95d3-7c7b1311d05b	1137
a590dbd6-2ee9-4cd5-9db0-5631a5aea947	1063
a5931da9-686c-428c-954c-ed9f7f11ae26	1075
a5979ad6-5316-450e-94e3-6ebf71fffca2	1075
a59d6001-b541-4de1-a0f9-3c881b8f6dc5	1128
a59e2f49-770e-48a6-b669-3c79ca536433	1075
a5aa4435-af6e-4240-a25e-1edb8d9ead37	1114
a5ab9bd7-99d9-4092-945d-43d2eb7fff8f	841
a5af1e1f-2def-46ca-9a90-582dce737dbe	1127
a5af6d2d-1301-448e-8b1c-a2d277662f40	1096
a5b0b881-af91-4b68-af33-d619adf46a30	1074
a5b677ba-8a1c-42e7-9e2d-5ed09df392e5	1129
a5bb67d1-7d2f-41f5-a445-8781307df47a	1126
a5bfacd9-100a-4891-ba9b-3511c7521b39	1135
a5c06d2e-c76f-4e06-beff-3b181c2d79a3	1078
a5c347e1-247b-4fbc-8cb4-0be0e6b247f2	1069
a5c75169-b8fc-4a27-be4f-51e28b2f8150	1075
a5c913f1-6172-4bda-99dc-7830b83fdf1a	1145
a5c929ac-17a9-4bd8-b82e-ce030ad0f352	1064
a5c9e4fc-61f8-4f29-866b-a850aadb70e8	1079
a5ca3c88-8ae4-4a73-bb69-bdcd035c4c40	1145
a5cb30dd-db12-409f-b41d-784bb1ce948a	1076
a5d0f7b0-a5bf-4b2c-92b2-79f355d2887e	2070
a5d14fd8-f143-4cbc-8c9c-ce8d43eed06b	1127
a5d5a16c-80ef-4d9a-a8d3-9ba0541e0c86	1131
a5d79bf5-13f0-4c86-9b34-0897a0e3a917	1130
a5de1c62-0f2b-4779-b7ac-c9da00e0df52	1134
a5e67c24-3d80-4859-8855-cd196eec4ad2	1138
a5ec8c65-629e-4119-8365-515b2f254fd9	1071
a5eddf79-f9b5-4c17-9937-b37e000a2cd6	1122
a5f0b80a-b9ee-4ee8-bdf9-23621cd7b58e	1135
a5f48ee5-72a1-42be-88a2-a23a99cf4dbc	1065
a5f695f3-4dbf-4478-805f-ce0834ee857a	1144
a60689f6-9cba-4533-a5b5-4912b99f7eca	1139
a607ac0d-3670-45e8-95db-e42f1e00b7af	1072
a60b3fdf-5eeb-4c73-a2e6-b49393f6bbc8	1149
a60bed46-6509-470c-923e-6cb72183fc74	1142
a60d91b8-9c53-4bae-873b-b9bb5536332d	1079
a60eea68-123f-4611-83d8-14b0bdbfe1f0	1080
a60f828e-d2cb-4c6f-9271-448290171443	1137
a610a7a0-33eb-4909-9a13-cbb61eeac94c	1126
a6156e61-1832-4647-bfe1-27b63d9e0d65	1119
a61c9d07-ef98-4939-8791-13b9fb63b5d7	1106
a61d7011-b366-45a1-8915-7d9781b596ea	1125
a61f0f4e-74de-47bc-969e-cbba9a22e9dd	1151
a61f80f6-164d-4d0a-973f-e297634fc806	1068
a626a7a7-f86d-4fe3-a82e-f9ef972d7c86	1122
a62a6233-b083-4c20-a705-bb4957a83044	1144
a62d408a-a144-4947-8b9d-ff1931381db4	1137
a62edc94-d302-474b-87ba-f729259c1a7e	1127
a6362b7c-cf08-4f4c-992e-158826dc32e6	1117
a63c0976-b818-494b-8046-5cb3c396933f	1161
a63e185d-0e52-4c4e-8d23-ecde5e39b683	707
a6402067-14b8-4018-8b19-2c489ea1b2e9	1124
a6450e58-7ff9-4849-afa8-07db5fe3d382	1071
a6457496-20ef-455c-a304-d0fe0e70b5a6	1188
a645cab9-d39c-4258-a943-d576a378ca91	1133
a6471d70-1413-47ab-bcb1-65743fc1ec81	1089
a64d6852-0471-463d-97f8-41aca7dd246e	1142
a6567630-9156-44f7-b1d8-727dae82dd60	2017
a659a0f1-a07f-41f1-a48e-f2e79f75541b	1086
a659de23-e505-450c-828f-9b390776d7cd	1135
a65a8510-5310-4e5b-9ab0-8f62815b4feb	1092
a65ab3dc-3d89-4dfe-85c4-580793d32849	2078
a65e0138-c9a9-4494-8f36-0c8d2448c92a	1063
a6607e79-d7d6-4c49-b79b-3a7c678f5455	1159
a660d4e1-2163-4777-8ca4-e2f322b1f167	1129
a6624829-a31c-4ee3-a239-78f5f656e00b	1071
a666bb22-0eb8-48ff-8b9b-b22b8a1874a9	1069
a66761d8-dfb6-4031-8b98-a53b422e92bd	1139
a66d2592-1ea6-4afa-99f1-6746b534f63e	1071
a67d1c1a-ff94-4a68-b722-7c3e9af87381	1072
a67e421c-d549-499c-8ee6-2da2c4c18937	1134
a68251e1-5cb4-4995-a676-6a72088bb7c6	210
a685555e-4c42-4d1b-8c44-a3ce9651109f	1098
a6868913-8b30-4210-ab9b-9a9b7091aa77	1181
a686cbd9-2c87-438d-9d12-d3106e98cc06	1126
a6892245-1d7f-468f-b51a-1f4c1975825d	1092
a690f247-b7e0-4cce-ba04-bb906ad28e01	1081
a690fe61-4bcc-4483-a979-05708aa05206	1095
a69157fb-756b-4270-b094-8c338c064fc4	1130
a6958f1f-8024-4f3d-b9fe-230df4a9da9f	1098
a69fa9ca-27f4-4d4c-9539-8bcbed569208	1139
a6a8d3e9-7e33-4c16-94d0-deb8e4d4c4a7	1476
a6aad943-cdc4-4620-98fb-edf644cf8295	1079
a6acea19-dfdd-4cc4-826f-988d2c761644	1136
a6ad7fd2-d32a-4358-aebb-ed56d5a97a23	1083
a6af3d9d-b52d-40a8-ba67-0803d21ba9c9	1365
a6afc982-010a-4478-b24a-7772bf86b70b	1132
a6b13555-f70f-4ea4-ae75-fb68a81aab53	1473
a6b149b6-3408-48a5-b9b4-72a2f77dbf90	1149
a6b5c450-f8f3-45ba-86b6-402a966cc6bb	1127
a6b8157a-ccdc-4cf9-9b1b-6398bec9c05e	1076
a6b84990-bb35-461b-a907-154deedbebac	1137
a6bacc17-d28e-43e0-80f6-8fa6d1c4c0b9	1123
a6beb732-25ab-4a7f-9661-fbbc46ec3383	1134
a6c380f1-2ad9-44b2-a6c0-54c5f168f572	1132
a6c6eefd-1e32-4e05-8af8-b2578aa25370	1071
a6ca4c26-071a-4d62-9463-28e6d3feeb18	1061
a6cab1be-a944-4766-b194-f56772379c57	1079
a6cd9482-9942-469f-9322-daad010bebb4	2011
a6d54de3-2007-4fd1-821c-a72cd4e29b7a	1067
a6d860f5-4c22-4b47-a57b-e35b7fe819c3	1135
a6d97bc9-34c3-4624-817e-46e006f0c143	1139
a6db6c8c-7784-4813-a10a-a756e401e857	1067
a6dc7d40-167e-4c4c-b60c-e6c4697d7b7f	1073
a6df2a56-6e0f-40e3-ba35-dcf53315ee51	1131
a6e05e71-18ff-4fbd-a02a-db7ba852609f	1152
a6e18338-ecbd-4062-92c8-100ae9b11616	1076
a6e1b2a0-33a6-4965-be59-13e093d2b51e	1089
a6e549bd-d8bb-4439-91a5-f49aa3f03803	1133
a6e66446-02d7-468a-a795-f99f742ae5da	1077
a6e94c65-1792-4c21-acc8-831608c5431b	527
a6ebaee2-c844-4c28-812d-e404bd0f7ab6	1134
a6ebd175-c238-4cc0-a077-92e7a78e14b2	1130
a6ef63a9-a375-4002-8da9-ccbb73bcfc6f	1127
a6f2b393-12a7-4afb-bb16-fc6c1aa27535	1139
a6f3c65d-cf24-40b7-98a7-91764dd194d8	1075
a6f741c7-b3cb-4ccc-ab78-0716035bb170	1168
a6f773b1-4a9b-44f2-985e-7621e427c18f	1124
a6f87065-681a-4588-bfea-441a3b6b8da4	1118
a6f9d983-c1d3-4cec-bd04-63d10ad6e9e4	1135
a6fa802c-089b-438a-9ad5-dfb2184fdc88	1069
a6fd333e-56cd-413d-aef0-db0aef776cd7	1123
a6fdb2ac-0ba4-49b3-9769-840a4bf13014	1093
a6fdc244-d404-4de6-a8c4-fafd60768a86	1132
a708a2c0-bcb3-440e-956f-a7e8d49e26db	1076
a70b1a58-08ed-478a-bf36-2839e1733d3a	1068
a70c2365-a1bc-421e-b468-4691cf3a52fe	1129
a70f1452-01e2-4f95-b79e-f6838fb62ecd	2044
a713c50e-80fe-4b63-90bc-0233bd28bb0d	1114
a714fd40-774c-43bd-ba5c-512dc6228d88	1089
a715b717-8251-4202-906d-96337ab726e7	1070
a718cc1e-2768-4e30-af21-67679a3a0406	1077
a71b0bf7-7dae-4ca8-b3a9-943edc964fb9	1127
a71bcd24-8068-4c8c-a0b3-e72b6462f019	1127
a722f689-1482-47fa-a718-4ce3e8517dc2	1107
a72513d3-af7d-44b2-94e7-1a6e92ac1d50	1113
a7253645-eb95-4a0a-ae03-45eed15caac5	1135
a72674b9-67fc-4d6f-b82c-36f935f78ec0	1126
a72bfb2d-bddc-4d57-9613-e18fba84d14f	1079
a72fd45f-cde4-47b0-b311-81fd0672902a	1125
a731df26-50be-46c8-9635-37d3fc8ef808	1072
a7377310-571c-4f12-b2e0-34b0bacc0b1b	1151
a7382750-be5a-4cd3-a7a7-f826dc4c1214	1079
a7382968-4206-44d1-9cad-e9b482de0e0c	1136
a73e19d0-4ddd-4c9e-9ca3-ca1682907537	1076
a7404ee8-9c8b-4318-b4f0-eb8f46876c4a	1092
a74703fb-ceb5-4fea-9b46-d815170b19f7	1051
a74723ef-e06c-48a7-b2a8-521528159140	1137
a74c1b04-b559-4795-af70-147adbdd191f	1070
a7505a94-05d2-477d-bd62-66f3bf2b4a07	1135
a751136d-12be-4529-83ec-3b312a7d4340	1133
a7564176-b7f3-4ab9-82ed-b685eba1def3	1077
a7579c00-80ca-4092-a141-8a1699a72106	1125
a7580dff-0227-4510-a8f1-9c33f50b83db	1075
a7588ff7-3e48-467a-9aa8-632a5a7a0e8f	1127
a7593b96-20d9-4d12-bf78-47ab0441c84a	1056
a759a3e4-2817-4670-9005-0b32ced28e9d	1082
a75add02-0ec5-4c8c-9448-2dbc92bf9874	1145
a75cf22d-1e0e-4dcb-919a-88f7be9f0e68	1069
a75dbdf5-9a60-4441-b020-a7fa183648f7	1068
a75fcaf8-a74f-4063-8490-ba1673b54771	1151
a76090c9-eef7-48b4-ac70-eff7418a46a3	1122
a7678c41-9b71-4a68-a9d9-a7e66ba39cd5	1075
a7687b29-1e0e-4cdb-b33c-3df94891cfbb	1135
a76f0dc7-8c91-4f21-9b87-ade8a10735d4	1133
a771707c-9a8f-490d-8795-178b26bcc1ad	1127
a7756474-7084-4802-a089-fd65584d99bf	1071
a777c5a7-575c-480e-89bc-d466e62964d6	1153
a77849b9-f8f2-4c31-add7-7ed035eabdfe	1145
a77865b1-28ef-49c8-9e5d-9ff65a462612	1135
a77b1480-def3-43ed-a565-07873fdb8915	1135
a7840425-7403-49b7-be2f-194bceee2d8c	1123
a7930324-3cc9-4adb-97fe-361d629ed908	1133
a794155c-6899-4457-a442-d1a00af41aad	1066
a794f9d5-9356-4a82-8166-6ef8b2a72f1e	1155
a7955136-bfb8-4e9d-96e4-3a309fb736f0	1141
a796d638-1c74-4a8f-8f9e-32f38d459ff1	503
a797362c-2030-4193-8557-f8a9dd378fd2	1083
a79c43ec-f621-44f3-b1a4-a32af5efcf87	1116
a79d6755-8a5a-4d52-8c3f-f513801d69d4	1121
a7a3c49b-df6a-4a28-a9f2-c1dec9651f1f	1130
a7a7f493-8bc2-4b3c-a722-ca73c646605f	1086
a7a81160-25b9-43ea-9182-340490dfbecc	1068
a7b30745-4ee7-4242-8feb-67084d5e0496	1143
a7b5084d-59f5-4789-996d-359ee7d1bd12	1143
a7ba6447-cec4-4ff3-ace0-549a77451d79	1092
a7bb155d-29bb-452a-b19c-b9eaf715ae52	1072
a7be66f0-56b9-45ba-bb8c-d51bcf66421e	1139
a7bf8785-0744-4543-93b7-43433eb71fb6	384
a7bf9deb-b188-4db4-aff2-c6f9d16331ac	1126
a7cc1c60-59a5-4c4f-a0f5-6c0fcadc468f	1139
a7cee37a-1947-4c1b-aa9d-1b464f53e639	1075
a7d3f273-8ac7-43f1-8931-3ff30576860b	1130
a7d78c4b-63f7-438e-b451-cc8290c66532	1121
a7e1a4fe-9d81-4216-9193-4bc822368bb3	1137
a7e3aa40-af87-493d-9d51-4cf5318b1fca	1065
a7e3c2f2-add7-43ce-94b3-0deca1bdb353	1075
a7edd4c4-9ae7-48d2-bbc9-38e3b370439a	1089
a7f6e7ed-1a11-459d-862c-6707e7b3e25b	1142
a7fa4847-735d-4d89-8260-fef6583346ce	1142
a800ca03-88e5-45a8-8773-8aec0a792c92	1133
a800cfe6-d375-4a83-b41e-8e805bfbe2c0	1136
a803d7e0-07e9-4ad8-b377-0e69876c6210	1129
a8065590-0aa1-4e3e-9ce5-3e56a475e11b	1134
a8070e22-ea06-422c-b02e-c7efd63fa96c	1133
a80a23a4-8aa6-4212-b842-f8336167f20e	1488
a80a7d79-1916-42c1-9b50-9153bc58f064	1078
a80d9e8a-0dd2-4d77-afd2-63cb5511fd3a	1148
a80ffd35-e6aa-4b79-a12e-2e979b4ba34b	1059
a810cdd0-e7c8-4bca-b4b1-f3144d1db0ae	1143
a812cb51-8fd4-48c6-a55f-cbedce0a0690	1072
a81b485b-b7f8-45b8-819d-faedb62f6f46	1072
a81ba717-08b4-442c-b490-9fdb730657cc	1070
a81c92cb-b5e6-414a-885c-e553d0f40713	1099
a820b50b-713d-48f4-b464-7cac94083232	1081
a8216c6b-903a-461e-8db3-6ba1ac9533c3	1107
a821cc59-7dab-4669-91c5-6a5860162698	1065
a823853f-ea68-4729-b6e2-0705e86ef7f4	1133
a82e09af-c060-42a7-b3cb-f3379a18f710	1079
a82f2018-4fee-43f9-b761-0fd0d881b49a	1139
a82fa5e7-afdf-48fd-b0ad-659638d37134	1133
a82ff171-95a0-41a4-9004-14c0fda9105a	1132
a83029cb-3928-4b35-8de9-966b709337a4	1147
a831ff22-dd35-4983-92fb-15215df8d35f	1076
a8339974-b304-4017-b610-919e5393f6ae	1142
a838430e-c03d-45da-936e-9f8026c1a136	1129
a83a20bc-b4ad-4204-8981-c1560088abad	1131
a83fdd09-564b-4deb-a2b3-291829859586	1151
a84055d7-df01-44d9-b35c-b8eea372cc92	1068
a84570e0-4e85-4656-abb4-afa0d30bc0ac	1130
a846743f-8ef7-4489-b36d-ce05144c75ff	1113
a84a82e0-cea1-45e4-9aa2-8772c14d51cd	1989
a84e7819-3cf6-4403-8b30-20dcf4f5d07b	1133
a8516ce9-5d54-468c-b627-9e2a6e4ab708	1142
a851c6cc-1853-4756-802f-06068a55b6bc	1130
a8532230-55fc-4a3c-8e33-38518a5c7815	1152
a8573788-c7aa-466c-b5a9-c407d82d7ce4	1155
a8582c4e-9b99-4d26-8886-15ca7fcf551c	1134
a859ba47-02dc-45dd-b628-6b14195de256	1050
a86301e2-4f44-4bfb-874f-5265caf7f7f8	1139
a864e56b-3b16-45ad-ab91-17e983a124c5	1110
a8695c1a-ddf3-4e2f-abee-5718bdb24953	1148
a8697f8d-e142-4b22-b4b1-d098ca703f5b	1114
a86f585b-a6bd-46c4-8df3-5deec76530ee	1069
a8707777-1e73-4efa-8aaf-e3b718a16f81	1131
a8752317-3861-4a70-9110-35f0e0ef9c28	1070
a876bb91-667d-48f3-874d-9440a040eac9	1140
a878e74f-b8c1-451b-948a-b16e241cf645	1075
a87b91d3-8df1-41b9-9f56-cff12a6df202	1075
a87d060b-ea51-4260-8384-bdf7d8d31449	1096
a87dc0f4-8d81-4397-b1dc-dbc49a7d7657	1088
a882d98a-9bef-4e6c-bc5c-424fbc8999a6	1139
a8851ef6-ff53-4524-931c-07fc30f1be9c	1081
a88674c4-3de1-41c5-881a-fbab17804bef	1136
a8870443-e5af-4de0-ab23-72b8a42b65ce	1129
a88b9f77-484b-4038-9a91-2c654c616a53	1068
a88c9c2a-bfc2-405f-af60-26db020699fc	1139
a891a0d2-211a-41e8-b1c6-5ff44e789695	1134
a8921bd7-7bdb-48ff-8fa2-d443943de051	1160
a89a13b7-e3ff-4906-a064-4fdef8467342	1072
a89ab0db-ec71-4296-b38a-3778abea618b	1142
a89b8afc-e128-4b10-9d2d-336554d6c701	1091
a89cb834-fac9-4711-8a05-5ca81e38e96c	1908
a89d0ce6-52ed-40f1-aeb0-5c0d48a0032e	1082
a89d0d9a-9b55-4495-ae24-39267ee6ab31	1142
a89dc6e4-076b-4fdb-9ca5-4c1cce9a29c0	1081
a89dcfb1-efbb-495e-be03-6e678b417256	1073
a89dd6be-ec6b-4f3e-8b73-64ce5a3c25a9	1138
a8a171e5-d7f0-46b6-af7c-2075c720fdd9	1139
a8a51960-a391-4526-9c91-9c16f870c43d	1133
a8a9af02-acdd-48af-a1c2-01990fa8485a	1059
a8ab1e80-a40a-46d7-9b50-a6fd7c177cb5	1075
a8ad7af9-1e4f-4aaf-9c29-6a7ffaf04038	1136
a8b3da5e-8b5e-4095-a3e6-698eb27ce425	1077
a8be3af0-faa5-4061-a9b1-0d1ecf6e76e1	1129
a8c1eb48-2700-4c46-88f7-f3e5c45c504c	1127
a8c31e19-1af9-45ce-888b-c95603e081a7	1134
a8c65178-e127-49a0-a8c2-8c294437a1c6	1080
a8c7b70a-a172-44c4-9e43-a124422e022e	1124
a8c9f7ab-8e5e-43ac-acc0-24465d1ac802	1139
a8cfe7cd-ac51-4416-9769-76dc613f7dd9	1146
a8d48bc4-dead-4a7c-9e23-93826a69236c	1140
a8d83e96-f645-462e-980b-a532cc18d79a	1082
a8d8a3b6-4ac1-46dd-b51c-be94057b5ec3	1136
a8de3df2-e4f7-4988-a6c7-a151441396a7	1110
a8e49887-3ea6-4bf3-9012-0e70d3c97562	1064
a8ea7cf9-2143-404a-a978-6a73c864f3d8	1135
a8ead5fe-ed30-402d-8dff-6e1e7c839303	1139
a8ec86e6-38ca-47c8-bfab-06c6ef35d684	1087
a8f715d2-7bc6-461d-93ec-b0cc9e38056b	1140
a8fb8973-e826-43b7-8046-b82d40dd7545	1136
a8fdd0d5-2265-46a8-9ddd-51adcbd6303e	1134
a8ff2bac-3a16-4721-9319-cdfca3ee105f	1127
a901f8df-cf77-45a4-95df-22468c6e7bf8	1130
a903f1ae-bbd4-489d-a91b-f80eeb7ddf83	1172
a9071c4d-7747-45f8-93cc-1dbe9a68d6ee	2097
a908ddf6-494d-43de-8b7e-fcd2b11f4b3d	1073
a90b21c7-f262-447b-b130-433a5a84160f	1079
a90f0df8-9d33-4dd4-a0e9-a39eb6ad1830	1074
a90fddc4-dafa-4f36-9965-a87ed75ad9a5	1079
a90fe959-ddd8-47f3-8113-5eec4008068d	2201
a912a44f-b7e5-4863-994b-a21f6d27b73e	1073
a9187a25-5705-45ce-a10b-173f874a8107	1126
a9191d70-c045-4966-9183-cc92f42d70a7	1135
a91db3a3-dad0-4b4f-bc89-f8422a5df2d1	1137
a91fd434-2980-4b9a-b24d-fc5bc21984c0	1072
a921ec46-ef5b-4834-a009-a7508de7c38c	1133
a922e30c-23b6-4d17-93b2-2d4f41cf3b23	1131
a9239a78-c509-430e-90c9-17e5095a8d5c	1130
a9264a28-cc3d-43d5-886c-7497478d91b9	1073
a92b4763-cc55-4e60-99f1-029404dbe726	1134
a92c3387-8f3a-4b3d-8e6a-e2a5f7971f76	1157
a92fc47b-8291-456c-aacc-c66c8c7d7b1e	1083
a92fc7d4-f2ee-46c6-9799-87f2c8a77a6a	1059
a9360704-1398-49d7-a702-4f8feb8e1210	1076
a936d043-c6c1-41fa-ae76-1cf39e19877b	1145
a939f055-22b0-492f-88e5-e89b3bbc9039	1072
a93cb464-eafa-431f-b21b-b22673fbe501	1120
a940caee-6cc1-493f-99f4-36537de4e7d9	1133
a941406d-551c-432e-9845-d4586b67ba35	1134
a9423b81-bc8d-4066-95be-7fc51a00300c	1134
a9449a44-a48f-4cf6-a3d4-813fd93d817b	1129
a9455503-1e70-41fa-a21c-5f87178c0fde	1138
a9489580-8844-4475-b6ad-6956ea1bb671	1081
a94964f5-70bf-4c6b-b0b7-252508f9caf1	1143
a94d18d9-3935-46c8-8a3c-87beebc8f1e8	1135
a94ebc86-6e3a-4c9d-ad21-5cb8287851eb	1133
a953669b-f67d-4eb3-b669-0375b00cee86	1132
a9550208-7ee3-4bdf-8d96-f4932e552df8	1140
a9564440-0e61-426f-8795-3e1b184ce379	1970
a95d5118-fe06-4df1-b9b4-d53af533db68	1071
a95e3999-7d3f-451a-8722-dd8da580eea7	1137
a966e97c-0b3d-4e9f-b798-474838efe1c1	1125
a96ebed4-c4c9-4a90-a7a0-6db5e5f785f6	1134
a9709704-3a40-49e2-82c6-86467802c064	1126
a9784905-d92e-4532-b0a0-c08c9c1eb376	1126
a97c754e-8cdd-4bbe-9aef-c44819d986a1	1148
a97daeab-9229-424c-a424-c513b18c2e4c	1140
a98400f9-86d5-42ec-ba2f-9b850c92e7b1	1142
a9861a46-a1db-43da-b820-7fb4bedb6056	1076
a986392c-e526-4758-9200-860efc453edd	1134
a9886eaa-5d73-4981-b773-f929d43a1c24	1131
a98bc44a-8369-4180-95b8-b42092470f06	1128
a98c0878-a3aa-4492-8bfb-5702e46f555a	1139
a98e6a46-a4cf-4ab9-9e6b-587c427a838e	1142
a991eb05-bc88-45e4-9548-1c89a305174c	1150
a99a7ed7-bdc0-4edd-996b-4b2336bc2904	1134
a99c8c9a-a478-4a23-8281-92021b7730e9	1134
a99ddd8d-c0de-425e-9b82-80b3c73d2acb	1139
a99e3f35-335d-4bf4-bf9a-e4ed5785dbbc	1129
a99f31f0-c642-42ea-9002-559024fc2a51	1127
a9a1d98a-95c7-4ef5-93bf-92b5a78a38f6	1097
a9a3056d-8eb6-4afe-a552-481f86f08752	1088
a9a646c0-28ec-4beb-8430-f34ed3a0c306	1088
a9a66489-61c9-42f5-8779-7668e627d101	1130
a9ade278-ee06-4313-80fa-d8979e33bf21	1070
a9af7490-9bae-471f-b24a-da8e93a6dad8	1137
a9b3d9b6-e9e6-482e-993e-12e8b8f1fa41	999
a9b6b545-d901-4e42-b3eb-3f61867b65b8	1076
a9bd419d-767e-4d6c-a329-68c9d8ccefd4	1129
a9c196bc-62b4-4f40-a8ed-c2d84914b784	1075
a9c1d22b-69d7-48ef-8f81-dfce4767e7ad	1137
a9c32930-638f-4b7a-92e7-ff4f387862e7	1153
a9c400d1-5795-4e45-8395-4d1b37c5edaf	1137
a9c48ea6-7a58-4c32-9138-072a22534539	1132
a9c773d4-bb92-4587-8813-ccddab693819	1112
a9ce19de-0593-4206-8ff8-26058119e339	1066
a9d1d191-f51d-437b-ba25-0c264819d7b7	1068
a9d71d91-1522-4c0e-9cb0-436f3de18386	1137
a9d8d3b2-2b96-4ede-b43c-cb9d2ee536fa	1081
a9dbeb4d-d2b2-45b2-a455-55a4f6e30a06	1118
a9dd48e8-70da-4559-9f58-3ae8001fb346	1142
a9df6257-4cec-4f64-95e8-78fce26fa560	1074
a9e4e873-eb5e-4d49-a8a2-e6e73404d686	1127
a9e65e96-9301-47f5-bb93-9f9013c1abe4	1138
a9ec01e2-e844-4f15-ae66-42493db90d92	1127
a9ec2d37-2579-4125-87f1-e01e830dfeb4	1076
a9f6d60f-fc2d-4040-9b6d-f55d1742f6ca	1144
a9f841b3-20fb-44f3-8bf9-4838093e0ba5	1122
a9f8d1c2-72e6-4d1d-836d-abab8eb632ac	1130
a9fea8d8-fffb-45fd-b5c5-826fcafe9c46	1096
aa05c055-45f0-4419-b438-51f8310c2f50	1077
aa0bb168-6039-443c-aef9-468cc690bd7f	1131
aa16916f-c7ec-4e4b-8caf-5ea52738b016	1137
aa17acdb-1a08-491f-b3da-e39a30ee4c0a	1080
aa194b30-89d1-408c-bfcf-a565144226ad	1130
aa1bd83e-d190-4d27-932a-677f018a7a39	1136
aa22833f-5275-4fc7-a64d-4b910d88d209	1129
aa2796ef-2326-4f9a-a7e7-a1b74bb310e1	1099
aa27a8ee-cb6f-4936-8776-b7ec093d9f53	1131
aa27db3d-1eac-4bd5-b7b9-c61097ad9f99	1137
aa2b2e76-6e9f-4f1e-9464-6ca2b15f908a	1078
aa2c6a90-4da9-4b54-95be-81f29d5c0e96	1133
aa2cfc24-c24a-4d6b-9cdf-99c1baa0891e	1079
aa2e1ede-b047-4a58-b561-1df985fc1f97	1075
aa2fbd88-4c2d-4564-9b49-9cec0717b33e	2131
aa30d411-91ad-4057-95df-1a5fdba66c1a	1086
aa3523ce-aa85-4ca6-909a-7bce6f9fb8e8	1129
aa368eb2-347c-4095-952d-9c17f6bb06e9	1139
aa3ac7d2-af91-4669-9ebe-a59d5bf536e0	1136
aa3c1c83-9f9a-4a5e-9286-c5e4b61fac5b	1110
aa3d8146-e125-40ce-b7f1-9b0c48977450	1147
aa3d8a94-b2f2-4631-b506-a82649ff062e	1125
aa40601a-4a96-4636-a2b2-65dc34fd2685	1132
aa421e0b-c903-4076-940a-1e7cfc0eee89	1069
aa434d4e-9634-44dd-ae8a-3901a7960616	1063
aa462317-2ae2-4297-ac12-4bdc186c87d0	1075
aa4d42d8-72bf-4f4f-99e9-4709e06c92b5	1082
aa4e7a28-70d7-41f4-822b-0895ad6bc282	1065
aa52b354-d19d-4d6c-9872-332fb7005032	1133
aa54ba96-8b22-4493-b2dc-9b9840875fe1	1152
aa579ea0-b9d8-45e7-bd65-3368414928f4	1075
aa57f6d1-d88f-4229-a1e3-fa59f9fe3e96	2041
aa58b8c4-3a4d-4753-a851-39b7cd3024e3	1082
aa5b2bdb-bc12-4357-a570-d8ecd0bb3294	1117
aa5e2d6d-c234-4436-8c45-4d09ecf04dd7	1063
aa62a8ee-d4e8-4388-9f09-a6f41ca8e19a	1070
aa63aefa-8b30-434d-8b27-0c0359321a42	1124
aa6ae6a6-2ccb-47ef-9b34-195e5f76596a	1095
aa702634-38aa-4338-89be-f354f7ab5e70	1125
aa71839b-d3c5-4c52-ae06-1b406fcd64b5	1134
aa7a525b-d3f0-4dad-8b8b-a8d929fd7c31	1076
aa7fb6f6-5880-4691-a823-cdc8500326bd	1072
aa7fd07d-ec5e-4a36-8d26-13c2b4efdff5	1070
aa80831c-a663-4696-a2b1-49423c546c26	1132
aa81e8d6-ad9a-4620-861a-094844847fa6	1071
aa896efe-b5a7-4b96-92be-5f4955bc6dd3	1096
aa8d0617-f929-4eaf-9419-f0e8dd4eb384	1075
aa902722-2ea3-4d61-a21b-6dbacf76d839	1128
aa91a528-7466-4565-86dc-98cbf9259838	1126
aa92c694-cac2-41d2-874f-17ca5e5ace45	1107
aa92d5a9-8231-4652-8dfb-2b8dc7135720	1132
aa984a55-19fc-47ed-b629-80bb6fefff91	1073
aa9b094c-2f78-43d0-bafd-e192f5b64de8	1130
aaa18f93-254f-41cf-b2c8-d6a6661a6993	1131
aaa33855-d092-41c3-9c4e-631e2e7947b6	1128
aaa5f7d9-da7a-4fad-b9c6-7ec7ad7a57fd	1138
aaa649b0-10fa-4073-81e7-19af83359133	1118
aaa6b033-5f35-4cb9-8657-09c22dedb5de	1133
aaa77844-f84c-4ae9-a713-179f31577ed7	1127
aaac7b39-16dc-469a-96d6-6346533ddb40	1132
aaacfb46-39af-4542-ae44-cd1c885f9f7e	969
aab0a990-969f-4a3f-866a-be88950a1274	1136
aab154a5-f87b-48ba-9abe-22344618fabe	1072
aab225b1-ceb8-4fd2-8a91-f3bca3e6b372	1134
aab7abbf-9016-4426-a97b-23efd79262ac	1078
aab827ad-797c-448e-875f-b398c54db5c7	1074
aab864eb-b34e-42b0-94bb-e17b56b6211a	1136
aab87fad-7a7a-4bef-a44b-fe37da15c564	1137
aab937df-8fdc-4890-a793-1899196b34d9	1140
aace505d-2d33-414a-980f-42b4e74d5df7	1072
aad868f8-8cbf-433d-885c-cb94d3a9044d	1062
aadbaa84-3943-436e-8625-95887650952c	1073
aadbdc3d-d093-47f4-9e7c-586439f28727	1151
aadeb5ab-5e5a-4699-9ec6-3dd6d5743d6e	1088
aae3f39a-2e82-47dd-ba6a-03d03a465fa1	1114
aae6d209-10f1-4cec-8d8c-0de281010149	1084
aae78f59-87b2-458a-a8f3-c838e015c41d	1117
aaedc806-9383-477b-b3fa-acc3a6af91f8	1071
aaedcce1-f5b6-4ee2-8e1d-40e42dea8959	1145
aaedf909-5a7b-4592-ad4c-e0d4e0bf0cbd	1480
aaf15c4e-ffc1-48cf-86db-7d360803dfdb	1090
aaf690bf-2c94-4b86-841d-ab3200aa5541	1139
aaf7f9d5-60c1-4e9e-b46e-45914e15eb39	1066
aaf81b8c-ddc5-48d8-884a-bee2549092b1	1139
aaf8ad6a-5a33-4415-9529-811bcdc2a6b1	1142
aaf99a73-46da-4e0f-a787-65bf7f2bdf65	1073
ab0004fb-d151-4199-a4c0-b58d065b05d6	1078
ab057865-ee4f-48d4-8d44-109168322b37	1132
ab081335-cfe7-49e8-96ff-499d9b9bd45f	1086
ab0f9785-6b35-4707-b084-4680918c9725	1072
ab1a9550-86ba-4160-b74c-8de7babaaf8d	1076
ab1c5eb6-046d-4c92-9416-75284cfbdda6	2057
ab1c92f0-db93-430c-9263-1d24c5928f28	1082
ab1f8c43-ad95-491e-b817-7855289e5c87	1111
ab22e61c-c780-40ec-8a23-dc8aad069409	1133
ab2afbaa-719f-42ce-a190-33aafc97e353	1129
ab2b7e4c-320b-41d4-9556-6b53b2c6d44b	1139
ab3399d6-694a-4f49-a2b5-3e48d58b75ff	1062
ab3f874e-de23-4c37-8956-eb3711d99319	1860
ab421d8b-fa90-4f52-aafa-58fccfc46359	1065
ab4311c4-db2d-48fb-a786-b754eee0684c	1158
ab4967df-da94-42dd-9b0b-6105d036bc8b	1128
ab4ad842-c7b6-4ceb-bd09-6843f416bbf7	1067
ab4e9de7-e3f9-4736-a326-2f0755790e31	1150
ab4f1eb5-aa21-4836-b20f-e64ec69b8b2a	1138
ab50e13a-4600-4bf4-928d-9a5f2d2d545e	1066
ab530108-616b-4bef-96fa-7b2f173c9eb6	1147
ab53afbf-aeda-45b8-98fb-d87685cf6424	1136
ab53da27-308a-4e86-8fe0-3ce136c1abc5	1127
ab598813-062a-44c6-bbee-9f1e656fbc37	1081
ab59b6e5-25f4-4f18-948e-414844051920	1133
ab5adf0a-a8e5-4655-b995-102be322320a	1081
ab5b3364-abc8-4eb5-9810-2a8e63637038	1063
ab5bd6f5-3755-4d0b-80e8-40e2e97b761f	1081
ab5cfe94-9b06-4e97-95a8-6df6ab1775fa	2031
ab5dce40-b4ba-413f-832f-92ab3196da03	1125
ab615adc-0944-4ea3-b910-b43bccbd8f67	1137
ab62839b-a2fb-4b5b-bc30-42a29e0dc5f0	1136
ab6ebd20-ba89-4b1d-86cc-4b4447bcb568	1132
ab72b5a8-da47-451e-b2db-e03bc5162bfa	1131
ab747012-f9e6-4623-b933-9858d0957f01	1119
ab76d5c9-4aff-4f59-ad64-4aecd44af194	1139
ab78210f-0bc7-4316-917c-0f6e1957c793	1138
ab791577-8ebb-4cd2-989e-6b35dc4ff618	1075
ab7b1c88-3ee6-40f3-8938-9e7dfe89d37b	1136
ab7cbabc-c8f1-4540-b1aa-e39cc8756e82	1074
ab82a514-44f9-4c8b-acc3-ddecf7f8eea2	1163
ab83fe0a-94cb-41e5-ae3e-d53acc9a4d70	1134
ab86acdd-650c-46b2-9dd2-835e95f8e85e	1081
ab8dd2f9-8dfc-4362-a73d-ac157a9c608a	1102
ab8e5e20-c59a-45fb-a325-95abd5c90e19	1070
ab91471e-0a01-4e55-a3c0-538c7d7af273	1160
ab962c1a-b327-49bf-944e-cef88802f63f	1134
ab9fa735-adb8-43e7-87a0-466c58db2442	1100
aba040c9-20df-4401-950e-e9977244fc74	1127
aba1bb00-f2c0-4b2e-ab4f-d400d251b666	1139
aba3bce7-ea7b-4664-9b41-b6208c3136f4	1145
aba60a80-4219-4c7a-afd1-2e94401d0f3c	1130
abaf7436-094b-47d2-8e51-601d5dfdc7d8	1154
abb00a9b-4f6e-4a0c-a584-a944b356900b	1133
abb3c78b-f643-4971-a824-a3a43e8d62b0	1133
abbac4c7-53b7-412d-a0d0-13b5643f40a1	1138
abc166ed-dfbf-4d66-810d-bee77bdc273d	1137
abd074c3-760e-4064-af15-dfcbc321985f	1070
abd1ea64-b0f6-477d-9b85-131be2ca466e	1064
abd3d398-ed1b-44b0-a978-4cf1be09df8d	1122
abd42d26-9c3e-4428-8c89-0312c3ca5b0c	1089
abd71ccc-293d-46ec-af91-f4ca339627b7	1067
abd989e0-3a7d-4854-8139-40ca0ff6fbfe	1130
abdb9252-771a-4bd0-958f-bd12b9be85c7	1114
abe00786-938e-4864-806e-8e9a4d365406	1117
abe1c228-d1f5-43be-9b55-468f216a8c0b	1137
abe8df1f-3a84-47d4-b6bf-55886fbb7684	1140
abeb139f-5d10-455a-9856-443ccb1148c9	1135
abeb530f-47b4-4c98-98f7-5c0aba29514a	1132
abec9520-ed14-48bc-a9be-45edbe574307	1078
abed6764-8197-4917-9dab-475dd143cac8	1129
abef6761-eeba-4d38-9d9c-990a409f84d9	1141
abf16e1c-0b9d-42c2-8dd2-907c3e4c2556	1143
abf19537-b222-44a2-bfbb-780e4365b4a8	1062
abf55d41-f0dc-4b96-bb05-e08a6ab4517d	2102
abf65388-64d1-4731-bebf-c5267da50ecb	1066
abf8f9b8-9405-480a-a941-d506f7f3efa6	1134
ac027cf1-f764-4834-9859-f502d7c81815	1130
ac09d3dd-3f9b-49a4-be68-f16f2bb61ca2	1079
ac0aa962-e308-4ccf-a969-8177c27917f3	1135
ac0e1563-5c7c-45c8-9b1a-019fd48bf774	1119
ac0f87ae-2c8d-4784-945b-098ad1fae523	1952
ac16bcd8-6bdf-4463-b1a4-4aa1163c290d	1137
ac1bc497-270a-495e-a8a6-9e85ef215963	1157
ac1d2768-7c2a-44fc-b215-548d6b6d1eac	1079
ac221d96-ef07-4315-8eda-d1fa6a572487	1128
ac22c460-83de-48b1-b278-93d358182881	1138
ac2510e2-0995-4d53-9404-1c0ab0a77990	1136
ac2538a5-002a-4a4d-a7bd-12288b69d477	1067
ac31b09d-fac7-4a88-83e4-fdd6731958bc	1084
ac321dfe-d984-49d1-8df3-931ab84cab3a	1151
ac35a945-4c06-43f1-bd81-c0e8adf997ca	1071
ac36026a-2a10-475f-96c5-218dce49adde	1150
ac36f957-0886-479c-bedd-a150881f1321	1030
ac37b250-f8b5-4f50-87e9-65b5b0e11a4b	1120
ac3b1609-bb9c-4075-8cc0-b2e9ddbffa2a	1072
ac413d21-1e9f-4baf-bfb5-49459540342d	1067
ac436aa5-7d2a-4e60-977f-cadb5225736c	1913
ac441e6a-c7e3-4fad-97fa-3e2b370fb8a4	1588
ac46379e-4810-4932-9e22-b0b4d77180ff	1127
ac4f7615-3a54-4472-99bb-5de42e7a79a7	1136
ac535b0f-32f4-43cb-a9fb-6a81c6840c8b	2153
ac542b04-a434-4da3-8aeb-fdcaf8f077d3	1076
ac547035-4cca-4e38-a097-235bfe9826e1	1132
ac56ca5e-7daa-417b-bdf3-bc0366ccac61	1130
ac5a022b-c3af-4938-baa4-ede1c07ad7fb	1072
ac60c34d-bc91-4058-908b-2016fc1d9835	1065
ac67f886-3a1a-466c-8464-3f267c764400	1116
ac6f52b6-34cb-49a1-a059-ac207d4a2e76	1108
ac6ff5e3-5573-4685-9f9c-9b379a0edace	1101
ac7050a4-1435-43a2-8dd7-10bbaecc7eba	1167
ac717d5f-0c25-404f-8ee3-5c46f3e2f957	1078
ac7234f0-1c95-41ea-8556-2a41d189b276	1144
ac72b035-d795-4432-942c-4a119af3d896	1071
ac7737fd-4760-406e-b555-f6848d23a754	1117
ac785e58-e4ae-49e9-bb42-83f0eb9b13f4	1140
ac7b4e19-ce4c-4cfb-9aab-e292b942b19a	1066
ac7b7741-ad70-4991-8aca-572324ae0606	1071
ac7bd23a-3541-4a4f-ab9b-1cb6a28b193d	1134
ac7bfe67-fa20-4340-91a2-781e8a107f43	1149
ac7dd6e4-4f19-47e7-8769-e9916ce70cb0	1134
ac7f457e-5993-456b-83dd-e2892995b287	1065
ac80fafc-deb8-4b53-87f7-1bafb82fa763	1132
ac816909-c71b-4f4d-8e1f-ea8eaa83877c	1096
ac89d7b0-35a1-4f41-990b-717c21bf426f	1131
ac8b39d5-5953-43bc-b8bc-5ee30ac527a0	1629
ac8c635e-edea-456f-8d35-9c6347f8096f	1130
ac8e5951-5384-4235-9b33-c7dd3ad91a24	1117
ac972562-2259-447c-89b8-5c68885d19f9	1054
ac9affe2-c48f-4684-9808-d78f1c4f63b1	1094
aca2b597-5796-4b89-b0a6-35bf44f607bf	1135
aca31c9b-d7b3-4dd5-ab6b-b0c060645188	2833
aca78d97-6a28-4103-af1a-6ccce2879ced	1069
acae78e4-125a-490b-a47d-098a1d501788	1119
acaeda21-6014-4c49-889f-79ee3e33f970	1139
acb70436-8c20-4910-a571-5183e375c988	232
acba5cb4-54d5-450c-b320-7d14c3613984	1067
acbbab25-4d81-4255-ab20-a2f4114ca4c1	1122
acbebce3-3c44-46eb-8416-ac3fadd2b91d	1137
acbfca16-711c-476a-8d77-7568b2f18e31	1073
acc24455-5f87-4372-a155-cc9e69c04448	1142
accb7a57-20e7-432a-9121-8ae73c877aff	1133
acd0041d-791a-43bc-98f3-6a6a320f9929	1073
acd44404-de0e-4929-bc1a-19e57b97992d	2046
acd753b4-a9dc-4343-9c17-c1b3afe817eb	1070
acd9df84-ef7f-4725-8d9c-e519bec0c79e	1055
acda0239-e208-4dd1-99ba-72880452467c	856
acda1b2d-05ea-4abe-b37f-79f5cc8b7e7b	1136
acdb14dd-1286-4c78-a595-f399d0dccd34	1082
ace2b926-1436-4846-8432-680764e67785	1133
ace2bed2-1713-4766-83ac-01fd62dc6a0d	1070
ace60ed1-4e20-4de7-900e-5a948708ec35	1895
ace6711f-edd4-45e3-8be2-5ffbd986e758	1069
ace739f5-2045-4d41-af80-8e2e7e2329ce	1145
aced52e1-1a92-4bc5-a0fa-41c61fc4c7f7	1110
acf04e0c-be5b-4701-815b-8f8a7b250fd6	1070
acf48421-d37d-4e6d-a5f8-e8022a7fc080	1122
acf7c0a9-4f97-4390-a5cd-d3df224c434b	1055
acf904c5-8101-40c8-a413-316259c02868	389
acf904f8-8942-4892-b768-01a4a3cb6268	1140
acfde8a4-94ac-4693-a61e-940574e0a7fc	1173
ad009007-3231-4ed2-a3ea-48a78e8e0222	1134
ad01d430-ccf7-44fa-8945-db12fb105423	1153
ad025ee9-7e4d-4ffe-8b30-d7d0ecf20a3f	1143
ad03a5e2-f8c5-4ef8-a81e-62dedaab92ba	1144
ad0b333a-45fa-43f2-a0bc-efee24166864	1130
ad0f2783-f17c-40b3-9731-31024fe14bf6	1134
ad0f908b-bf11-4ac6-8103-be2f327272cd	1099
ad12716c-b167-453a-bde5-2eac39977595	1142
ad183e27-e7a5-4937-a269-5a65a256017b	1137
ad199c05-a5a0-4d0e-a650-a08bb8f9fb4d	1074
ad1be57f-9e92-404a-a2a6-16a6505ed353	1151
ad1c239f-93c4-4914-9ddb-025db1d54f40	1124
ad1d60c5-000a-4d1f-b1df-dd27206418e6	1135
ad222291-775d-46b9-a522-30310da7fbe5	1131
ad27d75f-b94c-4b51-913d-662bdac6bf79	1637
ad327ca1-cb98-4f72-afad-83d24ccd6ce6	1073
ad369bee-8dd0-4abe-9169-24a08c9489a3	1128
ad3a3d95-405e-4db5-8bbb-b2e307f83bce	1072
ad3c8db7-d137-4f4f-9d04-311b9818a98c	1076
ad3ecd82-7e81-4194-8fd2-a300e7deee42	1138
ad466e15-2f2f-4aea-9ad1-853345d66ced	1134
ad477441-2730-4db5-b5b0-adbbdd2982b9	1154
ad4e9459-6662-45e9-b5d5-591b219b4259	1143
ad5040d8-f116-4417-bb8b-b723e779a8db	1159
ad5c1826-c388-4b87-b7a4-11820e66756d	1109
ad5f1d14-5205-4944-b316-e64347272774	1154
ad6179b3-f40b-4fac-a1da-32c2d2f635f4	1197
ad66eb04-5fb6-42b4-a990-d7071afafed1	1058
ad6b705a-367c-48cc-bfb4-41f445c41210	1066
ad70a395-416b-42f2-abc5-76268cffc60b	1065
ad714f98-1056-4a61-abc8-dd0bb8f79eb4	1135
ad72f9b5-9059-4e94-b08d-208cfaf8c5ee	1128
ad736a45-dd1d-4bc9-a3ce-781a3182c312	1072
ad74a620-133d-4e2d-a79c-f84df0551e5b	1707
ad78801a-25b4-4b8c-a7c7-bfbbd8372d15	1521
ad7b0a0e-1e82-4cfc-a220-49f342f17fb0	1083
ad7ce8cb-f8ca-4d7d-8aba-0d16f85438b5	1139
ad7fb5a5-0a4a-4399-8a95-2ebb6904e94a	1074
ad854931-9d03-468c-9b56-a26b1a8bf7b4	1095
ad87248f-e051-479e-a2e2-81bce07bddcb	1129
ad8e40a0-7b8b-4f10-85e7-88fe711762c2	1067
ad8ed34a-065b-4529-a699-d3d014191738	1128
ad96d39a-5186-4ba3-b49c-fc74a02e67d1	1136
ad9acabe-cb59-4329-b6d7-1accb7846a05	1535
ad9cfe8e-f623-4460-b486-0d452691c40e	1133
ad9dbbd0-85ea-4ff2-be7f-44db8feeaa65	1131
ad9f03ab-aa25-483c-8a4d-813f2533a372	1120
ada20859-c9ee-45d1-9b19-621a1d8b8a0a	1125
ada456d7-a06a-4f19-9fee-13beba5b70f4	1011
ada479fc-fc63-4a03-84b8-c8d836b0362d	1126
adb0c806-1e80-40c9-8c27-143f8a03e690	756
adbb010f-d6ba-4f24-a6b3-70b7807a4737	1127
adbccaa4-c73d-478a-af9f-368661071ca6	1143
adc00dfd-09a6-48ed-ab92-d03f34b42e58	1065
adc60882-6d6e-4847-93e4-3504c44c0529	1133
adca7224-8cf9-4b07-98e7-d28fed2a2721	1136
adccde17-3853-4560-9bb5-83dc3eee1f23	1058
adced2a5-fbad-4662-87fa-4a01327c2ec7	1133
add2991c-fb37-452b-a84e-8e37ad87e292	1154
add34551-e9a4-4a19-9d72-37c54b15a3e8	1134
add8fab9-f152-4dd0-a48e-60848c04ad38	1136
ade0914a-26b9-4dcc-a31c-a6374f957f96	1075
ade482a3-099e-4464-a00d-cf2a986b77c3	1125
ade5357b-3365-451e-b466-85201a8a8507	1147
ade62004-8231-488a-9d91-d89012c6341b	1153
ade669d3-711b-4c7b-8649-3f64a16a51ca	1133
ade75084-1390-4acd-99d9-b8a28b64da1e	1144
ade76736-3213-4ce8-9417-76e4224ffa83	1132
ade816f2-f5f1-4dce-809e-41aee746d35a	1144
aded31d6-c7e1-4b88-af15-d71d60dd67e8	1136
adf1da9c-7c56-4d2f-bd8d-690f04a790e9	1080
adf2667a-9c96-4825-ba3c-624fcce89a8c	1074
adf2a213-fa89-4911-88a1-8632168d3d34	1475
adf4c6b2-922d-4d0d-8174-922bf672227f	1480
adf500c5-6e6b-47ca-ae1f-f348f020fbee	1070
adf81d02-5225-4ccb-a183-75a8bcf5fab6	1134
adf8623a-dc88-435e-81da-bd308c81d8f0	1131
adfa1f19-52ca-4be5-b2f3-1a5126881972	1060
adffc806-d03a-4076-a68a-716d9717e81a	1135
ae000630-2148-421f-b1c1-62c483704986	2107
ae0b1539-a77f-4e05-8835-1ec587047627	1135
ae0c0103-15c1-4138-9279-1ce50dd5c552	1065
ae0fedb5-bcaa-4d66-a938-93bdf7988b4b	1140
ae1224a8-47c2-40ea-a2ea-faf84f2d6a7f	1127
ae17e2f1-2a10-4af6-9c80-e1770d2bd173	1129
ae1d2727-7c82-4c42-8f48-0859c6c3294d	1132
ae28332b-187a-4d51-9b8f-8a4095e38010	1115
ae284924-4f1e-42a5-805d-215d4eb662b0	1073
ae28d4aa-ebef-4388-b63e-29b4d0e3108f	1131
ae2cbc0d-a04c-4832-a97e-80438c75a20f	1063
ae2f5b27-1f45-41ba-945d-889b38ee217e	1128
ae343799-5086-419c-9884-9ab57b050ad3	1078
ae34c628-f000-4567-9736-1d9aabdb2b5e	1126
ae3558f6-c868-424f-9ae6-c2d17d964b2c	1065
ae38373f-007d-47a3-92ca-dee6515a6686	1132
ae3bf5ff-5b4d-4dac-bb1d-1989019dde5e	1062
ae3dab17-c41b-4986-a2f3-f7a79146113e	1063
ae466f48-0984-42d0-afa4-42c449e26dfa	1089
ae49826f-59a7-4947-9527-a3b4a166d3f7	1070
ae4bbd64-0adb-409a-aa76-9dc4d18a9bbe	1256
ae53ef0b-12b5-4505-9d21-fda77bfc0ca6	1076
ae6209b3-55b7-4f8f-b0a8-1e44a8866639	1124
ae6242d9-4437-4458-b87d-edd3cf188f04	1078
ae649972-fd8b-4812-9002-718a12aeb6e0	1076
ae690400-336b-4f45-b59d-5a9813447a00	1152
ae6bd13d-4710-4add-bbb0-d09acf98b83b	1152
ae6c78a6-482a-4d7e-8d96-34884a12c88c	1082
ae6dcc0d-9c7a-4f06-952b-6de399baf259	1089
ae71f587-f5a9-4aae-a1b4-02c0acf6638d	1153
ae736955-1038-42e0-8863-0b6197c38ebb	1134
ae74d468-46bd-4e53-97a8-355299b8c861	1074
ae74f754-3ed5-4837-b67c-e558b00e7050	1065
ae7755a6-f66e-477f-9bab-57efa29cc775	1160
ae779850-15ee-47b7-988b-42d42f8b24e5	1129
ae7f74a0-02b5-43f6-8203-0f949883f890	1122
ae8095c6-257a-4501-8418-a424d21c8976	1090
ae85986b-3d37-47fc-8569-f422e1f4ee39	1112
ae860f02-3f79-4335-87d6-f4a034c3bc80	1066
ae892751-3220-4bde-aa8c-034e0eba92a6	1129
ae895448-ad3b-4d58-ab63-b2f378f56a91	1095
ae8ad68f-63bd-4a4c-aca9-3ecd575035cb	1064
ae8ba15d-0e46-4f4f-9007-0c57e169ac79	1090
ae8ce26c-965e-4e64-8b15-9f9efac20fc0	1079
ae92a6cc-8e03-4877-ba4e-6a0e1fbc8a37	1137
ae93207b-ce3d-42d1-bd51-ff14b296d907	1077
ae94a9e4-99cd-408d-83dc-fac8a7f3252c	1077
ae9543bb-40e6-4ef2-907f-320d2da41b6e	1081
ae97f296-974e-47bf-8ee5-9aa7d7533e24	1130
ae98b10b-e104-4973-a30c-57d1578e1e39	1132
aea0b9d9-fba0-4a4c-b7c9-83c3d9356742	1127
aeb35c7d-ef07-4f33-90be-a8e7334a811b	1153
aeb74f18-f913-4637-a324-9957175490e6	1136
aeb777ff-c990-4e91-91ce-cb93bc07c0ce	1146
aebb6280-b635-44df-a7fd-9e11a4a87403	1137
aebc1629-62e0-47cc-ac23-4955ad979eb1	1166
aebe3bd1-4cd4-42bf-9669-c1de76ae44d6	1140
aebfcec9-9521-4100-bc91-ab9ac72475e3	1108
aec71059-64aa-4994-b0db-2375bb130783	1093
aecdcdff-c9ee-4e7b-9fd8-fc91077d78c1	1138
aece3039-9013-43a9-98dd-a1364c7b5c9f	2155
aed0b3fd-526c-45f0-b72a-ce4a6904c81c	1133
aed3e5b7-d545-49c6-adab-6e62e781a3da	1137
aed442b4-643d-4f7b-a9d2-cb361fe48cc2	1065
aed49533-0191-4999-b976-d946f44f8f17	1068
aed57bdc-f94e-4f87-ad8b-d3e150b23705	1132
aed63bb3-ebaf-486c-8ac0-dfcf7c007ff3	1135
aed8d805-4691-4274-a18c-9d2915bd3b81	1136
aee06558-5ec5-49c7-8632-0269e52ea18d	1135
aee29df9-a131-4534-a5d8-a37a058356bd	1138
aee52464-3b2f-4dc4-b3c6-4db10de00f81	1063
aee83fe6-a2fd-402a-8382-b3820e62369b	1071
aee89a11-6f97-429e-8717-f6774e4d5ab7	1512
aeebe456-eaed-4e62-b96a-ff4fa08c175e	1060
aeef9f7f-a0c0-4681-a53e-9d9534a70717	1145
aef099ab-d086-4837-84dc-8715ddacb971	1136
aef27ddf-9067-4b44-b5e8-31dcffc0cc17	1115
aef32b6d-1d72-4ffb-b471-476fcfc9deb8	1129
aef44d0c-e55f-49f0-9e33-ce6527ddbc9d	1448
aef78ea8-cbc8-4a4e-a189-726d776c0138	1075
aefd3096-b430-4669-a458-4b988ebeade2	1185
af008559-31a6-4c10-bbbe-6ee39ddc483b	1124
af01ff58-f022-445d-a0d7-3d6187b2c6ed	1087
af08a321-fee4-4ce8-a028-49a3499c963e	1065
af0b9a29-8d10-4ab6-86a4-940899ad15e8	1082
af0cf7ce-87d9-4c08-8f60-b16795a5dd3e	1072
af0e4590-320d-4284-b013-a63257211437	1137
af0faa09-b746-453a-b694-6aefa833066c	2007
af10c5ef-4c97-4ab8-803c-bbd5805a8880	1166
af10f192-e8e3-49cd-a99b-b8c5c09b8c8f	1072
af11a3f2-82c1-4e8d-8493-369bf104d959	1225
af132d2b-c673-4d35-acc2-067e3dc5d95f	1134
af135ac7-fe05-4109-a748-7e8b5fbf166b	1135
af137db6-c020-4e3d-9a39-23c1dc7a20e4	1138
af13c478-77b1-43b5-acad-6f694c4f211a	1065
af16ab93-ec99-408a-bfa9-60144db55485	1086
af1773ac-3ba0-479a-8f09-0bcab1e1985a	1095
af18dad2-ea8e-4cb0-8bd6-eef111c6423d	802
af1a119f-6cd6-4ce1-83de-3bb540a7d158	1129
af1d6c17-0342-461e-8365-92a27c978282	1079
af22feba-8c36-4af9-9d5f-f8d4dd4ca8c3	1079
af244541-2388-40f9-89f6-71dcc7dba349	1140
af268857-c938-4215-af82-7acc01fa70ec	1157
af2a8d0a-55e6-4717-ba13-3733b63b5581	1119
af2b0fc6-4583-46b5-9582-49e8948632b8	1127
af2b9ff5-c9fa-4a9c-9e75-d5535d5ff3af	1130
af33e43e-95b3-49a5-91ae-9ef94d4fb980	1083
af353317-9669-494c-ae0d-5335383726b6	1144
af37b1e8-dba4-478f-8bd8-dc21d957b755	1071
af37cd35-b46e-408b-9b67-5d82b55146b0	1093
af3813c6-c0d1-44c4-ac0e-60b4829e8128	1143
af3820e4-7fc4-448c-8276-600b43d61794	1077
af3d6abb-58dd-4117-9cc2-5d12aacd59d2	1087
af3e364e-60da-4b12-9e26-39b86a355b46	1076
af421767-bdfb-4ef0-917f-749247e8d38b	1077
af4aa1d6-1e02-4a3b-948a-0c4c4d614d34	1138
af514f47-9c74-42b9-966e-0ada92391c2d	1134
af590750-048e-436b-85af-737e614d440a	2148
af5a8bcc-e69c-429a-876f-cb2f2faf26cb	1135
af5b4867-930f-455b-8a5c-351d8dc5f705	1099
af5b77d3-18a2-4f8a-ad35-28c6dae7c350	1135
af642373-651a-46ce-831a-ddc284bc2e1e	1093
af693f06-4659-414d-b123-ebebe41ccc97	1077
af69ee41-d5f8-4148-84fa-4a56a86f5038	1138
af6c4c4d-f82b-4da1-9cb0-b2a660e271c6	1075
af6e4520-f3c8-4ea3-854b-c8e4171b56ce	1072
af6ef51b-1d2f-4549-88f7-cb52a925865c	1109
af744ab8-5505-4746-baea-982aaf5eb08a	1085
af74f7e4-0efe-468e-afe1-c5243fc1576d	1990
af765a64-4098-44f9-a1b3-77aa947b3244	1140
af76f3de-0c13-4a0a-b89d-1e139b99a485	1135
af7d9151-12c6-4fdf-ae63-086276215e4a	1137
af7da24d-33ff-47a3-be11-a5a45eb1cbeb	1085
af7fdf72-16b1-44bf-a5c7-acf9a866b4bd	1894
af826b7d-bcc5-4ad3-a29d-bfa210fee1a1	1137
af83dc70-ae50-4823-9bad-ca96f32b08d9	1071
af84a4c1-f27c-41f5-9998-c9d1024ddf6d	1074
af86ca1c-436a-47c1-b4f5-e4b098b92b27	1071
af88c510-7638-481d-b1c0-f0c602d6bd24	1074
af8a1304-ce2f-4490-9356-f0287200641c	1083
af8ac81a-0208-4b56-b4eb-61a0a019138f	1072
af8af2e2-5a13-4907-ba0a-edb7fd438eda	1154
af8fb518-906c-4270-93a7-ca052681452d	1086
af910e9f-9cee-403d-92da-2e95d92432a5	1162
af95f0a3-48e1-4f03-aec2-50cc7316bfd8	1163
af9756bd-a99f-4aef-bffd-1f8026d7b180	1127
af98bc75-e24e-44a0-9893-dc7bcbe0aa6e	1130
af98eeb5-43d2-475c-8743-18450e1728e2	1138
af9df9ff-0055-4d8e-bacc-794cbbe1fe5b	1128
af9f4d11-243d-4e94-92f0-79db59f8452c	1094
afa865c0-2306-4193-afc7-ee5f71823a10	1121
afa953f9-d89f-4114-998c-8b7a6cec44e7	1135
afa98b0c-2b76-4e4d-95d7-558d500b24d3	1469
afab9a31-6c0c-4e7f-a66f-f10826d3c670	1094
afb03069-0838-4cec-a8c5-9edffeb06f48	1081
afb9c42e-fd92-4d09-91ba-a6c9ed9e8cbc	1136
afbadfe1-b290-4493-b65f-cde8ae456ef5	1075
afbbf09a-e2a0-4dd8-a506-99878a3d3a2e	1073
afbde40f-89a0-42b2-8762-2d9c1e0e54fd	1134
afbf342c-47ac-411e-a0bb-4daeb3a7bc13	1130
afc03e02-d890-4a87-a8e2-134934cae48f	1069
afc10e85-2ceb-482f-b1ce-863dfa9aca9c	1138
afc39509-cc27-4ae4-a893-dbae38dcdc47	1135
afccd08a-7170-4aac-a3ef-7311bcc1917b	1076
afcd2436-8e05-48dd-abc0-c349e5f377df	1065
afcd9dd6-72e9-43f3-a7e2-d87e9b7a4295	1134
afcf8c4e-eb68-466b-82d6-8ffa727dd4c4	1133
afd113b9-7d1a-45d3-890f-a4fe61aa46ba	1148
afd1af11-2e92-4420-875b-95837cb93722	1136
afd3153e-b50f-4f34-b31b-bef2cab27384	1083
afd65e2f-1d2b-4446-895f-f9fec73956d0	1131
afd71b9a-1df8-4225-a857-4fb3adac96ab	1145
afd9a4f7-5b7f-437d-ae39-71b3a943beb4	1102
afd9fa53-b81a-4247-a76e-a145180d7fb0	1076
afddeffb-a7c2-4fc9-ad5f-0ef1117ef2b5	1137
afdef9da-0247-4f72-9fba-4ebd9d66fa67	1124
afe21701-c493-4a3c-ad6f-4a8c94cd0b59	1074
afe3d9d1-2f5d-4cfd-9c8a-8fd3290b3db1	1068
afe50c6e-3276-4e8e-b135-2d13dd523d7c	1148
afe5b7d7-a249-4b97-a028-24aa11cefea8	1136
afe5ec34-57f9-42c6-80db-a036b5eb6ab9	1072
afe9e4d3-4596-403f-aaaa-cecfb70efd7c	1525
afec3f0f-7db6-4c79-82e2-21153de98521	1126
aff2dfbe-b35f-4162-a31a-83160f4b958d	1164
aff44ea8-1c52-4ad6-99d3-e0c1417a6538	1146
affa1889-e8ca-4e18-8d06-0775fcc5850f	1076
b009dae8-b97e-4957-8427-fbf18bc0c63f	1143
b00d1129-e1f7-43ea-b96b-d7c8cfc5af1b	1076
b00f892d-7d70-46b3-b495-4e838080a8a6	1120
b011a3c3-4938-446b-9200-b6e1b540cb83	1115
b02115ed-6a82-4522-b41a-4133f2e27b8e	1070
b0245f37-b9c6-483a-95c6-fbfb0e027caf	1131
b02684e5-9bea-409f-94a5-94a6608b9270	1081
b029833b-7091-4652-ba9c-6cb368624df3	1120
b02a655b-7aa8-4156-9556-387c7bbf6e03	998
b02d4edb-319b-47cd-a0e9-5fbd3e40bc14	1076
b02ec2e8-910c-439d-bd04-5e9975b83955	1134
b02eff63-2eb1-43c6-b024-5214e33881af	1072
b02fa3bf-1f1c-4d10-9c8e-4f62970af4fa	783
b0310eed-64b5-4571-b23e-a87f8fbc1f80	1128
b032dd66-36a6-49a9-8395-fdcf6066e805	1136
b032e892-7554-47b1-aabf-e861b8354b6f	1137
b0334c5d-e025-42ab-b4d0-ce95d5793bb7	1076
b033b270-cdf8-4c57-a74b-2bfa1b4f44c3	1165
b03633ed-89ff-4d9f-a353-b7804ff4103b	1059
b03c0414-7447-4bc9-88ac-1be3fb47c159	1913
b03c36a8-accc-4be7-825e-ec0afb36df6b	1132
b042ca5b-b84b-4e07-a181-b67d622423e5	1080
b0430866-e75d-4704-a946-2f1cf209c63e	1251
b0458210-3be6-44a3-bf5d-8130e1b1b320	1134
b045f60f-6fd1-4ed1-9689-98381eafb39c	1075
b049212d-1f1d-4b52-9004-5fd2e6cd86c9	1130
b04c9421-477e-4e24-be0c-b6e51a52f25f	1076
b04c9620-993f-4d6d-9b76-5eceb31465ce	1076
b04e81e4-9dc7-4286-82ac-d7b2b3998f0f	1072
b055a7d2-ba9b-4762-bef1-7596b879d820	1126
b057e5bd-930c-4513-98a1-77289f22762b	1136
b058ebe3-4d41-4e66-8827-d5e927f3b7ea	1076
b05c537f-6f17-4610-b88c-07f5f45744dc	1075
b0603c9a-be66-4755-837a-b90b72b983b5	1087
b060d898-dc9f-4140-b925-5d5576e17670	1067
b0614da3-e9e2-4503-84bd-c3a49e24da61	1134
b0616e28-72dc-4853-9e90-5c833be3a0fa	1134
b066864c-98b5-4e02-b6d5-36fb0e38a3c6	1140
b0701ca7-fb22-4d99-b131-c578575c4402	1135
b079ac4f-d296-4298-ab15-dee06cec2b08	1155
b07a1674-1e7b-4d6f-89f2-ec75dce44a75	1074
b07edee1-6f73-40b3-b622-6afc6e0c9372	1087
b08148d9-a112-4a5d-9361-b9d38a0f8f69	958
b08396bf-8f74-4a1f-aefe-e6b6680b30a0	1110
b0868bb7-d215-42d4-972c-3fe7a69cdc19	1072
b0887fd9-3f25-486e-bbf4-aed2251bd7dc	1078
b089d68a-d2d4-4290-bcbc-cabc7d3d9e52	1132
b08ce924-ee3c-4454-becd-d80c4f1bb29d	1129
b0913446-61b1-49d3-b78b-067154a15515	1986
b0939697-6745-48d8-a865-7b9c89734fae	1125
b09ace0f-e29d-4d8d-8b12-a2c65aa14e72	1071
b09e36dc-f45e-4eeb-8846-b4a04070502a	1140
b09f2537-fe10-4b7c-bc85-00bdb87cd729	2055
b09ffe1f-4ce6-4d93-bb03-464e328d13a3	1141
b0a147dd-b49c-48a2-854d-7684b1db658b	1127
b0a3cf18-97aa-4aca-8d7f-fd6c49d9b844	1075
b0a480e0-398e-4b03-b147-13f3cf159132	1127
b0a69ec4-d731-4560-9a65-4ab24889e504	1067
b0a7faf8-8ea5-406a-966d-8502d854144d	1138
b0ab62a7-a5a0-4955-88ce-6693dcb6814b	1133
b0af89b1-4938-460e-94d4-566db40207b4	1137
b0b8d42b-841f-4cd3-b3bf-c607f8c8429c	1134
b0bbe4ca-52f6-412c-9b57-69fe31e6cee8	670
b0cca8c8-1288-4eab-b1dd-b0b430754b95	1085
b0ce672e-31a7-436f-a0cb-d37bf121b75a	1133
b0d2b79c-76f0-432c-9320-fac45ab90730	1075
b0d3df04-7f5f-424f-8e52-eb08b68d4a41	1067
b0d8cc8a-95e8-464a-af4a-340b37c1adf3	1132
b0da7769-e54d-4e7a-933a-f2ef751d7d09	1130
b0dc74d1-622d-472d-ba82-f6381d886ccb	1140
b0e09fe4-2ba3-47b5-b40b-204cccfa98b9	1096
b0eec672-551a-4805-a365-3e002fa0018f	2149
b0f0009b-3744-402f-ae1d-48c3a8e5351b	1068
b0f9bab2-1575-4081-b16d-53c9ebc3a1fd	1067
b0fa5598-a098-4efa-ab8f-393be1ce83a6	1085
b0fe9640-2543-4b21-bdda-59f525788f7f	1115
b102abb0-e45c-4601-b1a9-e8c1d6189bd7	1127
b1092f86-3a0c-42d4-b98f-94d1fa5d13a8	1131
b109b1dd-a94b-4e5e-a8c1-c3b5b51453e8	1138
b10aa252-c528-4537-b890-61942c929d8e	1133
b10b9c5f-3241-4258-b7f6-5cfc4327c096	1074
b10ba580-9453-4ea1-886f-c7286edeb324	1125
b1109f20-445f-4343-ad82-36ef475f6911	1127
b111b469-4c72-4777-bfdb-553907547e81	955
b1176fbf-3e4c-472f-9376-3a2c4350e997	1125
b117a2e7-2ccf-4d02-914c-d9fa9d007d8e	1152
b118dd37-31e1-49ca-ac86-4df95628b018	1078
b11bd3a1-2d3e-46da-bdf1-d35b15a83588	1078
b11fb060-c16b-4ad1-8eb6-c2ec26efb310	1073
b1237845-a4ed-42eb-83ab-b213a99c7903	1074
b123be6c-d35b-4eef-afbd-0b0443ff15a6	1130
b12931b4-5012-41f7-ad63-6b2f5bda910d	1100
b129da6f-46ef-4505-a53a-e3917557b804	1074
b130eabe-a57b-4cb4-9502-952c1f7724a1	1068
b132e866-a882-4600-b09a-e8f7ba54b2c5	1065
b134e6b2-cc2f-4d81-aa90-6cab0003d8b0	1134
b136c540-9aec-4be2-83d0-787f62add6cb	1128
b139dfdd-1b42-48f1-82d7-aa65d3ec73f1	1137
b14104e7-dd19-4d7f-9930-98bec691cf91	1075
b1410bcb-b325-4e09-a43b-e225a1be732f	1078
b147a7ed-51af-4f55-a99f-1eb594e8a222	1089
b147be44-d8e5-404b-ae01-34f1ef9e8a9b	1070
b1488535-e96d-4814-acb1-551f7fb39001	1121
b149e7c7-3a1e-4db7-b2fc-ee883c536904	1078
b1507d12-8a7b-4de7-9d3c-ac2d15e2b673	1142
b151521b-783b-4915-8451-fd9abb6e1b00	1127
b1525e53-5df5-4ffb-b108-b030d96cd7aa	1158
b153e37a-ebd4-4f6b-a1f1-52514557fbdf	1134
b158611c-c97b-4b30-841f-5d34e0ca4d96	1121
b15aa1e8-5a3a-482a-81fd-fc5605b0fdb7	1138
b15b1fda-9a53-4eb0-9f6c-cc03bc9325c2	1143
b15be2be-e14c-4eeb-8ba5-4746a33a8654	1129
b165fd22-7b8b-4e0e-899c-8a79653fdcbf	1129
b16ccd00-2189-48f4-8c5c-05aec847beeb	1079
b16e190d-191a-48a4-9fed-fb369809796d	1133
b1724603-90a6-4a7a-a25d-cff889e04e7e	1128
b1729f1d-a0d3-489b-80b4-3a9c340ea3af	1131
b173560a-1507-4000-9efa-a82dd08ac701	1129
b1758e0d-49ba-4396-9f17-f7efbf886945	1065
b1758ed6-50ef-493b-8322-8dcb11d1674b	1133
b177b27d-9a81-41bc-b197-07ab5e391eb9	1069
b1784555-9d7f-4043-9fb9-fee6ab6f1ba7	1045
b178613a-26bc-4a95-9a77-a01d8eb26f2d	1469
b178cecd-288f-4eb7-afc2-ffd6d0956fa1	1131
b17a35ce-dae4-44e5-ad30-7f5a2b21684e	1127
b17e3141-fcd7-4fa5-9be7-372a17efe519	1155
b17e6f19-53e0-4c4d-8d29-b83e9ba6a5c8	1087
b17ef8b4-5490-4e87-8ffc-0a83db0f7863	1148
b1884657-b832-4606-a686-3b4d94536b1a	1095
b189d441-5961-4500-89a2-74376f875934	1582
b190b92b-4507-41f5-8818-ae540ca5a620	1067
b1912f43-6a84-4c0e-89b3-c0ec503a3af4	1103
b193b41a-3ffc-4aff-b217-8f76f4479096	1098
b193ebad-27c2-43cd-b86f-3950ec727e9e	1066
b19439ee-7237-4de2-8e4b-613aa32488eb	1076
b1990168-ec62-4493-8a8a-594d9d3e94be	1140
b1995ecf-c6d3-4f45-b05f-f31563de621f	1135
b19a3d8d-d14a-4cfa-8fa2-ca7abe70ac49	1158
b19b7d30-9bb2-4a08-8e58-d700e029a601	1126
b19c03de-e5ce-4d21-876c-99bb38f264f6	1132
b19d8fca-3aa5-4cf3-a8bc-ba5653b93c3c	1075
b19f675d-e2fd-4b30-be69-042feafa6ed8	1129
b1a210b5-963d-487b-9e05-6e0684e7b0cd	1127
b1ad19f2-54a4-4f58-9aea-fdd61665e634	606
b1ad3c46-bb57-43ce-b4c5-1caf01626835	1077
b1ae6519-c833-439f-a104-a773aabede54	1070
b1af99db-12af-4010-a1a4-c64a86560565	1134
b1b023d6-b095-4b3a-abe7-9674758d4895	1135
b1b189cd-b811-41f2-bc45-002b13bd4461	1085
b1babca2-b9ce-4373-8f39-56bfafe5256e	1100
b1bd334d-b9a2-4702-b835-2341fa96f041	1144
b1bd61b1-6548-4b6d-b2e2-173d84a11012	1119
b1bdae72-7a82-4b1b-8a98-6aac6efc9919	2092
b1c511df-b278-4e07-9f1d-50038ef96054	1138
b1ce38d2-035f-4484-a685-c34a4c8c6131	1141
b1cec8f8-b6de-4012-ad47-0c3ef49e29ca	1101
b1cf1475-c59a-407c-95d4-c6ea99965bf1	1146
b1d42fbc-55d3-40bc-b2d8-dd9a7bc57e92	1134
b1d53ea1-2db3-4e60-bd1d-11512828e817	1065
b1d8463a-13cd-4825-b478-b0b535187fa6	1130
b1e13d4c-e4c5-4f62-af7d-b0beee56776a	1134
b1e2fc1b-88d2-48a9-8dcf-5d9f9d2eef14	1133
b1e74d79-1c8f-4215-88ea-17736f1b32ba	1076
b1f48299-ed85-4637-a6aa-a108e162cd3b	1068
b1f6fc70-4d7a-4e70-b70d-6532b7e3ce40	1082
b1fa0ad5-0ef6-4a80-84d6-cdaf5838bad6	1169
b1fb22a3-d7b6-46be-ba7d-a0db8c89cf41	1086
b1fb556d-f3dc-4330-b77f-99f9193b393f	1131
b1fffac7-1b26-4551-8a2b-d68aeef3398d	1077
b204782d-d897-4c15-bf65-6a3df71f0f7e	1164
b20503e0-96ea-4a21-975d-06d0a3a80469	1116
b2052da3-c530-48df-9a4e-7f79af8b15ca	1127
b206d4e9-7a44-42f8-a8bc-d9b912cb9fe2	1138
b213b3aa-6b25-4700-9869-ee7796213d4d	1142
b214773a-3c0f-4b6e-8876-e0bec1b0caf9	1084
b2157fd2-bb48-44c5-8e1d-5c5f6aa37b56	1070
b21ed085-3388-48da-b692-1e69913cb782	1141
b22143ee-1d10-41bf-8434-8b94523bc8d8	1082
b22598f4-30be-4059-bee8-6b5a27f19c08	1134
b2262356-c336-4df9-8f7d-49090beb7a19	1143
b227828a-0eff-4520-bd8c-36f2ed63013f	1037
b22981f7-d964-4c07-b776-693bd647554f	1130
b22a0834-14ec-4768-987a-dce45925f553	1093
b233d33a-8e1c-4d18-a2d6-e1425d7c9316	1126
b2342348-c687-4e18-8bcf-d3ddf155e4a5	469
b2373522-8585-4bf4-aa7f-cd46af4871eb	1132
b237bced-fd38-4895-8586-917d5391a924	1070
b2389fd7-29fc-4c1b-aaa5-f0441572b7b1	1077
b23a2901-1f9b-40eb-9d35-76a1b2916e18	1070
b23d50ad-a727-4de0-a56c-43b739107031	1064
b23e1122-415e-44da-bc24-a4b0b346f656	1169
b242b040-3b51-45c3-871b-7b659ddde89f	1163
b245490f-8895-4b2a-b8e8-5c26937163e5	1122
b2474f99-ffbd-413f-8ec2-fbb0b0775657	1074
b248e4e4-1737-4fab-a0c5-60dccf31515b	1064
b24ae2c9-f566-4214-94aa-3d99f7b88d2d	1078
b251339c-170c-4f40-b3c1-95d36d858412	1071
b25671bc-c230-4a54-87bb-541a7df2d26d	1071
b257934c-23a5-4338-b6f0-2c3e5a60300a	1136
b25b7675-f76d-4568-ae53-bf35ae413ebc	1073
b26162f7-34a1-4776-8716-2a23e40da98b	1148
b26457b4-44a1-49e5-ab02-5b663568847b	1112
b264948b-7247-4cd8-936a-02a38fca75ee	1071
b268b2bc-498c-4bbc-b6d9-40111ea1767f	1133
b26a025d-e6e0-484c-86f5-272439dc2fbd	1079
b2732cad-87f1-44fd-b012-fd1131289dd1	1160
b2761d79-74d7-4e0f-8707-474920b806d3	1068
b278b851-4202-42cf-973b-4741491306a9	2085
b27a2bfe-9f4e-4944-ac34-5838be45cec5	840
b27b7ff3-94e7-4f51-82e2-e8ad7780fbeb	1147
b28158f5-b5a0-4ffe-9249-73c281631003	1139
b281bb9b-afa7-4557-a393-bb26e563c5ae	1066
b28845bd-1a34-423e-9cff-7f53a457d222	1136
b28baf66-cd1b-4c9f-845f-b076aad9efd3	1075
b28f28d4-e21d-49b0-a555-07b0c0e3d3bb	1124
b28f2ba9-52ce-4a83-9a1b-45be5cd906e3	1122
b28f8da6-4fe0-4b2b-be42-cdbc5dd3a062	1127
b291a6b2-ad4b-4708-af3c-fbc9c90719b1	1072
b2941b8e-5ab7-4826-b8d3-faee67d80027	1132
b29803a0-c430-4b1e-bdee-68b0cc6b9bf7	1143
b2a1f097-9b2f-4e2a-bbac-15ed2c59a951	1132
b2a2de9c-2a5f-47af-a3bd-8d9e3c992c1a	1074
b2a3bdd0-0d1c-48d9-b93d-6da8984260e3	1130
b2a554bf-369f-4dd6-b080-b85cbe552bb7	1142
b2aa47bf-a0b4-43d1-931b-c38ed4e43a52	1142
b2ac6e61-8a2a-4f89-a9c4-d50566808401	1081
b2acbf5d-d143-4c70-9780-2bcd6c622736	1142
b2adfa57-8e68-4ba9-b894-6baf906fab56	1135
b2b5669d-c6fa-4405-ba6e-4658add5aa8a	1136
b2b8720d-4867-42af-8f3c-8b3c00f429a1	1099
b2b8db29-e346-4566-a721-de53ee16bab3	1126
b2c0c2e4-3306-4c6d-977b-555a8f356aee	1085
b2c36ecb-1740-4296-8391-837ce9522921	1075
b2c5054e-6983-4af9-990f-c53242bee310	1082
b2c61b36-2f6e-4c2f-8913-54e70f3c4b34	1073
b2c7b07c-7285-43e1-b9cb-e6f31bbe9277	1136
b2c89ebf-632c-4f46-8300-618e4dc1709d	1158
b2cf2883-93b2-4775-96d2-299ed09953f3	1069
b2cf298f-89a7-4800-8009-62a9b850bef8	1097
b2cf7b73-c1f1-423a-8d4a-0a19d8aeab30	1062
b2d08914-b731-47e7-b731-0d8041657c7d	1128
b2d58ca6-de04-4525-acbf-bc3ce29ae91e	1068
b2d5a051-0af5-41ae-8132-376bfce945c7	1121
b2dcb849-84c9-49a0-9994-1ed41b1d34c9	1133
b2df6fd8-4f07-4107-bbd2-9b1f8eb9a162	1064
b2e455a7-f9fe-469e-933e-42bd50a60cd7	2038
b2e6b316-3fb9-439b-8bcf-9e9f5b5c7d6e	1135
b2e8b051-f40d-404d-a09e-24606554d5c6	1124
b2ec867e-50d5-4784-a999-f60253d48cda	1129
b2f52f45-c3d1-4c07-a3d7-6b3ef6f819c6	1084
b2f5334e-64ea-4f5d-80ea-ca173aa6cafe	1140
b2f79a14-b1c8-433b-9946-32689e30df11	1128
b2f7ae11-ed20-4ecf-aa3c-72adf77bac46	1135
b2f82741-cee5-4225-a925-cbeed7983abc	1127
b3013d0f-4e58-403c-b2b9-f1c96f3ea856	1075
b30715db-99e4-4df8-8749-0a42c6b853e7	1139
b307846f-1d99-4778-ab7c-1166f0233c76	1077
b30f76f8-840c-4704-bc25-2d258d435742	1127
b30fae80-a8d9-4f7d-9674-ae135ca75f45	1139
b3116756-801c-453b-af13-8994dce835c9	1076
b3135164-df78-49e0-8253-d8a27d472797	1163
b3138e8c-2cfd-4497-a00c-20b32ddea87f	1139
b316d7e4-2a80-4b88-af50-fe7246643f8e	1139
b31838f3-6740-4341-80ff-6a8262643762	1072
b3185bfb-dc03-4876-b2bb-f3612c36e451	1060
b3186ab6-9f3d-4afd-8d67-1e42284f37a4	1144
b3191a34-80a8-4b30-b49b-3391fd87d854	1147
b31ad2ed-4535-4b38-b168-083921d18ed2	1076
b31e4146-2b54-4814-b848-172e8dad4504	1070
b3234fb7-acc2-400f-8327-8fe84be192bc	1133
b323d370-3cfa-4c67-b8aa-28d3f384903e	1132
b323e089-3304-41ca-bebf-7db52d07ce67	1080
b3269d50-b7d2-4fa7-9717-57a36a645620	1134
b326b3b0-0c8a-43e7-b100-e57c868be923	1071
b328c1ce-51e8-4c10-bb5b-31fbfd187a9a	1073
b32db690-174c-4306-86b1-1c6fcb3c8cad	1079
b330a69d-c873-4aba-9c07-dcf87e9d6096	1078
b333439d-ceea-4466-8f19-cbed29025a3f	1072
b335402a-2689-4370-aeae-fa89f3bd37b5	1120
b33647e4-9862-4e99-8de4-474c7f0891e6	1080
b33ac002-c6e9-4108-b122-f81b0ddcfef1	1074
b33b9158-757f-429b-878f-a822246f3cab	1124
b33d7710-9bab-4ab2-8e07-405f728a0c54	1127
b342a4e4-7722-4f78-a956-a3d8784b98f6	1138
b342eae6-b935-4e55-b367-ec7aa5daf339	1156
b347298d-b5cd-4301-9c5c-aa78c5eceb2d	1092
b347e634-7b88-4999-afe6-c4d8b54014ec	1091
b34baf40-3543-4b05-bca8-d28670a39a84	1127
b34c9c80-ce9d-4721-8a6a-86179a60c3ea	1155
b3518fa2-8fc6-406f-86de-ca7006da829d	1463
b356f5ff-ea91-4e94-90f5-b28f7dcad689	1133
b3572118-05c8-4dc4-ad90-6be61a888e4e	1144
b35885b5-eab6-4f64-bce2-62aab8e867fa	1072
b35f8866-5a9c-4226-b091-d37b467184be	1071
b35fdce8-5119-4283-bae0-568371c0b219	1163
b3603dde-da37-4861-8ac2-d086a2a0143b	1126
b36b2ce6-fb5a-4229-9d48-9c9689c103dd	1068
b3740fc1-2312-4ca5-878d-5e3e6ced1f3d	1949
b3777777-1066-4e18-a8b5-cf62cf19ac15	1086
b379840a-6e30-414b-8558-e92b7f4a8411	1122
b37993fa-be2a-4a0a-9e59-1321d5e974cd	1079
b37cdab8-fafd-4ab4-95bb-a13d37f8917f	1138
b37dfad1-1506-41c6-8cc8-8765946a87db	1131
b38048e4-39d3-445e-ae05-2c81ab20fba3	1117
b3878c37-a3ba-420c-8a53-7c09b749a6e1	317
b388ff58-5323-48bc-aeb9-1fb8af24d4c9	1154
b38b43c5-de7a-48e2-95d8-1d96b11f1611	1071
b38d9d3c-88cc-4725-9309-5bd9b0d4bbba	1092
b391ea8d-00bf-4e8c-92bd-f673c055da38	1129
b392c81e-78f6-46e6-a453-92cdc2706314	1066
b398d9f0-845e-4354-9787-4a0a9285aa8d	1136
b39c6e8e-5dfa-4aad-8fbf-c43cf5bfa7bc	1139
b39d9541-6fa2-4024-8d42-88427c498210	1064
b39e0064-1868-44f2-b586-5c9fc2ba1ecc	1150
b39ea2bb-c1ff-42b7-8331-187baec0b3b7	1080
b3a0038a-5406-4a9c-b9d3-53bb4768d078	1132
b3a2aee4-7dab-4b89-90be-a89c703a896a	1074
b3a788af-fa4a-4713-b670-3555ec43c4ab	1073
b3ab56e0-f8d9-43e7-ad52-6cbf0a508cfb	1077
b3b17b44-43f8-46e3-bd0f-87cfcbba25b2	940
b3baff7f-492e-42a6-867a-6fc709e6101b	1120
b3bb1f35-44ed-48da-b748-9118d341568a	1079
b3bc802c-9b90-4266-b62c-9b54262dd07d	1135
b3bd43ff-9047-4aa3-aa37-81c4f6cbdb74	1076
b3bedbd1-92dc-4188-a7ef-b7c9c67c8bcb	1096
b3bf65d3-99fb-427f-be3e-309151785957	1542
b3c087c7-e3d9-4014-aa0d-67477893822e	1132
b3c0c039-a89a-4ef9-850f-33d58dd84928	1140
b3c31cc8-8059-4ac5-9afb-bdeea62e4cc0	1125
b3c3d555-95db-4ead-9339-abae0766fb8a	1060
b3c715e7-fbd7-4dcb-a4a4-b03ed9538c2b	1057
b3cb58dd-1d7f-435f-ac82-8589d587a3f0	1070
b3cc1049-118e-4d5a-a586-52858d8a6065	1126
b3cc872b-4103-4ebc-916f-63c8fff958e4	1074
b3d2f3b0-77f3-4193-8842-a63e1da1395b	1128
b3d42d0c-6841-4e94-9acd-4cd162cb813e	1159
b3d79292-661e-400a-bb9c-a72f460a78ba	1134
b3db7cdc-4b8c-4755-a966-d84502e56403	1132
b3e0c54a-62a3-4d12-ae0e-e4fda520fb63	1141
b3e4129b-b8d7-4994-bba4-ff84f54ac0c1	1131
b3e8a080-6db8-41d9-b83d-2f9d982c805f	1066
b3e9b6d4-7fd0-482c-b633-b5cdef78bb36	1074
b3eb3abf-4b9a-49e0-bcb8-d8ab0dc8b595	1076
b3f1fb66-40cf-4a10-90eb-774dfc7e3b0c	1141
b3f50a27-40b9-436e-a1fe-a3ecf37a20c2	1133
b3f6177c-3b90-4924-882e-a767e8ec730c	1128
b3f90257-4437-4e99-be4e-547b4f39e80a	1069
b3ffd7e9-01b0-4689-a049-8598cb7195dc	1130
b4006a37-97d0-4a3d-977a-cbec1c7e09fa	1067
b4027200-8967-4a29-8579-3437900932cd	1138
b40326a2-c753-4a68-bc8e-37a452b918af	1149
b4059dd2-f36c-43ad-8f07-ff1b527c02ff	1147
b4065b26-1cc3-4462-b2b6-cea81313b733	1141
b406a5d1-690b-4aaf-b8a2-2e296da7ecf1	1172
b409cc7c-c0b9-438d-a8cd-efba2b27e1b4	1228
b40b005e-d41a-44f6-8004-7853d4ac0031	1078
b40c3e6b-98c3-4cf3-9e23-33d59b27f948	1074
b40c6106-780f-4e62-a99e-e521a6e335bf	1099
b40e28b6-818b-47df-90ee-9e9883bd2654	1145
b41114a3-4132-47d5-b286-04b3888c9b4f	1132
b41185ef-2fe1-4ea0-b085-23e0b6ff5885	1102
b41248e0-1d6c-409d-8d38-534eb15ac1c4	1129
b416b092-d5ac-4659-9830-cc50b251a46e	1096
b4178a64-4f69-4b1c-9df3-dc6709f5adda	1084
b41e8fc3-3aa7-40db-90f7-a29acc6c9c7a	1132
b42444ab-1537-48be-8b3a-2c8ed189bba7	1138
b42c0f4f-c518-4937-992f-6159a2b6798b	1156
b42e110d-e434-45a0-8071-9e34a9e4b07e	1085
b42f7005-67fc-408b-a32d-13f2d2d2b823	1142
b433770b-9ce8-428d-a60f-195ab0e55c0a	751
b4347059-3170-4c81-a445-78cac5d20a3b	1141
b436e59c-5aad-4698-adc7-621d09d42156	1130
b4376b1b-41dd-42f1-a23c-0bfd412a583a	1097
b43ce5b6-c01e-4423-834a-ebda79c5f353	2024
b43ee86b-a328-46f0-9e61-9ccf81a4b196	1073
b43fbf8d-946a-447f-a1a3-42acf3b60590	1115
b4428396-d1ec-4111-beec-675221d94d6b	1208
b4443d98-8791-4607-bfb7-b8f9a5aa0983	1132
b445268c-2203-44cd-9591-b6a46c7ac23e	1139
b4465f26-d058-48ac-8e08-f2b860fd3b19	1131
b446ecad-794c-4374-8176-345cf8e634d2	1072
b4476e68-a2f5-4956-aa7f-435ce97bb58b	1073
b4489982-f51e-44ea-ae66-31368c74a51c	992
b452230c-0e1d-4256-bd3f-94858f76035a	1134
b4542005-fb6c-4f36-804a-4a7e944a2a97	1124
b4573283-a208-477c-9957-676049c8d40a	1124
b4576c1b-6eaa-4c7b-9adb-a2e14f898504	1072
b4589440-55a5-4ac8-9c8d-86e378ddbb15	1156
b458cf13-2750-4c50-882d-86c166bfa270	1138
b45a3818-9ee2-44c8-8314-14be317b49a6	1077
b45d9fe6-8071-4451-a467-86b3578e9892	1033
b45dc5c5-1a1f-4924-948a-b9fbf59355b1	1099
b45fe3a9-ad23-407d-bb32-58fcfb46bf8b	1129
b462f9f7-1ee4-4e12-9381-98ff3157b316	1072
b466725d-9021-4667-9466-69b40bbccf39	1139
b46bea28-3c98-4906-9fb9-85157dcba22c	1151
b46e4f73-3354-497e-b4ec-2413928bc651	1078
b46f5666-a5e9-401d-beee-bb2525810cf5	1089
b470c58b-5f79-4b35-a893-220efc4e61d1	1126
b472f922-0abd-4fb8-8cc3-676bfbe2f8a1	1056
b4753911-8df7-4f49-9b82-f3ffc850e407	1140
b47a76d1-3c27-4b6a-b300-48c6877776b2	1680
b481dbfb-cf27-49e0-90c9-9962ada560ee	1131
b487f062-3920-4f75-8d40-8222e468b1ca	1108
b48b52bd-ca85-4898-85d2-d9578e15bde9	1131
b490322b-71dc-4212-835a-d8447af64a2e	1078
b49861d0-2019-45db-aa59-0536b824baf3	1078
b4988481-f6bd-436f-b5f1-a4021bedc89c	1079
b49bfab6-8f87-4c31-b0ca-b0409a26b828	1130
b49c21d4-7863-431b-a929-0bcac52cdc1b	1115
b49df1c9-da2c-4335-bdff-aa1317a49450	1137
b49f40a3-8c91-4ea0-b588-984f6b66884b	1139
b4a4da5b-3d00-42b2-b9ed-97d786ceefc0	1132
b4a57359-52a2-4a32-9395-e1011646c79a	1144
b4a6a36c-21ac-47bc-9e54-7f987a028034	1082
b4a8d01d-6fa8-4d6d-a246-26bf28183d2c	1142
b4ab3600-6d9a-405e-b178-cfa2c18356ca	1127
b4ac17bf-e91d-4b9e-aaf0-878e4934579f	1073
b4ae33ce-13ec-408a-b996-e4d361289d05	1155
b4af9d12-a7e9-443f-bdf1-69a923141a97	2040
b4b0d92f-fab4-4f4d-a98b-5a6793ff4541	1138
b4ba97dd-7722-4e04-bc12-3c7d0f4f26a0	1127
b4bd1c68-8e79-494e-a1c2-05da495119c7	1130
b4bef2a0-31d2-42ab-9070-5fb9d322dc3c	1150
b4bf7f5b-2db1-43a4-b974-84cf80f56c5e	1132
b4c868cf-02e6-490f-85e4-928935934e5a	1075
b4cb4a01-df83-4fab-a58d-311c50fbe224	1136
b4cb6f7c-f8b0-4d16-9dfe-88bc2b17f28f	1134
b4d2f0e3-328b-4833-98fe-b66aee35071b	1073
b4d841bc-fc18-4a82-9cc8-540f9336f2d7	1150
b4d8b192-51a3-46e2-9834-c9023289508c	1071
b4ddd51b-a807-44f6-a1f9-dfc30587a817	1137
b4dedf3e-b81f-450d-9769-1ddcfc7e11ba	1073
b4df73d6-533e-4822-ab00-a38cc195831f	1128
b4e1ee7c-baa4-4d37-a247-a067792301df	1954
b4e23245-3f3d-46f2-8c21-92edb9f858aa	1142
b4e35fe7-3149-49df-9e69-f4bd039d20f5	1139
b4e38706-6d25-4d7f-8071-2f7eaa7fe8ff	1131
b4ea95d0-ed3f-42b9-b9ad-e8f7df26952a	2148
b4eb304c-0603-4d35-8ad0-758302e4ccc6	2137
b4ec71ef-6270-48ac-ae5b-39c5cb550355	1070
b4ece3be-bcd8-48a3-8fdc-6e9e731ffda1	1078
b4f0eb6a-2975-4822-a7fe-13fbf5c82cd2	1132
b4f34ef1-3bbc-48c4-aebf-77dae636ae69	1048
b4f363ca-9557-446d-b419-ac83a16143b9	1135
b4f4444f-c004-496e-a960-69185174427b	1074
b4fb051c-8bcb-4b2a-b44a-449ffa8f2d37	1075
b4fd9398-307c-4566-8e42-ef7595b9d01b	1092
b503fede-a5ba-4419-b2ce-820a272d1f2f	1137
b50480ec-8b06-4929-ad40-745d27aba257	1138
b504b04e-c6c7-4e6e-ba03-9d85ff0b0c86	1078
b506844c-607e-4a51-994c-f7ebf53d5ab2	355
b5092a6e-c50a-45a6-b588-20d5d9c19efe	1702
b50a5312-f35a-4cbc-96e4-e962eabf2e5d	1105
b50f24ae-0f29-4144-9c10-265727f8cea0	1128
b50fff48-d018-4ae5-81f9-0f261a274e35	1109
b515a3b4-3525-4d3f-ba82-9a1336309bc0	1155
b5174b84-a40f-4699-a8ec-6db723b432b2	1136
b51783d5-c64b-4dc3-8335-08ef8dc5b74e	1151
b51a2b54-633a-42c4-9860-dcac4b88e4f5	1138
b51bf707-a5a4-4115-88b2-3ba47b96a5e9	2095
b51dfd2f-667b-4faf-827c-7bfa8ce094ab	1071
b51f5cdc-9936-468a-8857-64736217c071	1069
b52708b5-be14-4cc0-8e14-ee04d18abd70	1080
b5296608-3897-4010-8523-ec8544b92145	1156
b52aa7e4-207d-4b33-b16b-99e39dd34d26	1068
b52ae887-29e1-4375-a13e-25380e4cc694	1073
b52ebbae-c353-41cd-a95e-b97787b33ca0	1115
b52fea4c-ff71-45fe-9fd6-0a4f7db328fa	1155
b52ffee8-067f-458d-af7a-191b9450481a	1079
b531e358-47e5-48f1-a67c-c71f607cb8c4	1135
b538e629-f0a8-47dd-b5ac-b8c4f868f6ce	1051
b53b6a82-a943-43d0-9ace-069374754346	1128
b53de28a-8f77-494a-9c05-7201b856f5e7	1164
b53efe77-aaf7-43cc-ad6e-d29c74ce0670	1133
b5428311-6b79-46d3-916b-089025119641	1132
b5459038-42d9-4c50-93cf-fd0dd5858b51	1075
b54adca2-4358-4400-8f23-b7c9ca1a4e3f	1139
b54b17d1-cec9-48d7-b827-bd1effad9829	1072
b54e0095-c4fd-417a-9b0d-1956755859fd	1139
b54e590c-7870-422a-8bd4-c607c13e2ec7	1994
b5509e54-6607-403f-8e98-ad551d12fae0	1126
b553973d-af62-412a-8b6c-a3968b3f3b5e	2042
b55b1fdf-386f-4c02-9887-049de9aec2ee	1145
b55e467e-68e6-4973-a167-bc027bdbf130	1114
b5662118-106b-4c83-83e9-5dcb2c5e5049	1075
b56a56c2-9f9d-4d7b-977a-dca4da436a35	1138
b56e4bce-1948-4045-96f7-7225bd5ab841	1138
b56f622d-7e6b-4369-969f-82b81d194327	1124
b573837e-fc76-4853-aecb-6b40c0fadc36	1148
b57a4cd4-2eb2-48a5-bdda-42f1bebeec2a	1075
b57a52f7-f28e-4267-9d2c-3c737d545a27	1082
b57baa9d-b84f-48ff-87c1-5526f66a8c69	1076
b57e15e7-0b2b-448a-9a40-d3040a56fb89	1137
b58336b0-0908-4741-86bf-5e4868010047	1123
b58e1439-6aba-4f58-997f-cbc8bc55db00	1081
b58e4847-d917-4e5d-b33d-5691c346ecdc	1074
b58efba6-50c1-4f85-97fa-0f82620421dd	1155
b5945c4a-d8c6-4648-ad5c-d7a48d455f29	1132
b595d113-1378-45e3-aaeb-726d1517e908	1090
b59cb7c2-7d2a-49e4-8b49-86142f7facad	1080
b59de57e-7896-41fc-bae9-825773fd3104	1151
b5a9d61f-5a0b-4916-96b2-65b5e21a8dbb	1136
b5aa4d2f-0fe9-418d-ba0f-5ff776666a27	1076
b5aba4dc-81fb-43e3-81f4-0729e095b561	1141
b5adc74e-8be8-422d-b7da-02a05568f4ba	1079
b5b09adc-71bc-4dc7-836b-2308988fdb50	1138
b5b2764e-6590-48fc-86a1-7cc43278aaef	1069
b5b442bf-f626-477b-b029-a369def635f1	1089
b5b884f6-8758-470b-8bfe-883dcd8a319f	1127
b5bcd75b-2d4a-4619-8a34-0c69def11888	1085
b5bd67bd-60b8-4792-bbe2-48fa3e1bd021	1127
b5be8cea-9f53-4e93-9df5-c14a5bdfc5c2	1130
b5c0f439-a809-4f50-9a8a-f13fe5a6bca4	1075
b5c1a975-fd38-45e5-b159-57d125369c65	1914
b5c28031-8940-4b14-9db8-f8d0f9cd7569	1075
b5c6a03d-80ed-45e4-9d48-8d4df7a91396	1056
b5c8b6cf-c463-4ca3-9b4f-37856a01f824	1063
b5cb3257-5234-46e8-844d-f0880b315d4a	1152
b5d17279-c8e9-478d-8ad1-dbf4135ee644	1130
b5d2b63e-1c79-46b0-a71d-d6deab7fa217	1076
b5d5af56-6c94-4607-a50d-342fb06836c0	1136
b5d5ff76-6c2d-479c-8ef4-64c067bf3705	1134
b5d684d9-315f-4e1e-8f43-c1d33ffda929	1135
b5d82782-576a-4938-a8cf-186b05a6ce12	1133
b5d8c6ad-6f16-4a55-aab1-dc53b10d97cb	1083
b5d920b2-0c4a-4719-bab2-b8de51584102	2163
b5e01374-dd68-443b-bda4-9c09d2e60d04	1160
b5e57a19-fd0c-49bf-a4c9-3c878a0ec11b	1079
b5ea3e13-d619-4eac-9917-bb5d0df9e608	1132
b5eaa8b6-a977-4efa-ae5f-f206f0274ca0	1114
b5eb7e20-55ac-4521-865e-584d5c791562	1142
b5edb235-6974-4502-913c-ebf267a0b754	1078
b5f12263-f4e9-43f1-9ebd-8c68c6a59f68	1132
b5f1410d-c59f-4d70-9c04-de56ad19ab01	1133
b5f2ebb4-988b-47e1-af18-680a2e9d6dbd	1075
b5f84886-9c77-47d6-9548-1d681705cb48	1132
b5f8fc44-0fea-4a91-adff-4b610d0bcc82	1081
b5fe3869-f866-4f46-8ff3-c5d80057e82d	1124
b601f22b-7df7-4b4a-b9de-801f0ea740e0	1135
b604b003-b3c7-4692-a918-586949375741	1114
b607bb5d-b02c-4063-b550-be705413f17f	1068
b6089138-2bb2-4d6c-b813-fc63e8c35200	1139
b60a0e1b-0dd3-48a4-a771-9d7eb747eea9	1076
b60ad9fe-b149-46e4-b905-e7341316585c	1075
b60edfae-9046-4c2e-81be-8939faafd692	1074
b6104409-9679-462c-b780-cd70638d2b66	1070
b61142de-728a-4698-94a2-5b1d13c4e76a	1070
b614ed8b-bf11-4bb2-89f7-2041acc88e5c	1080
b615a534-c6f1-4595-b939-60e0be93725e	1109
b6208076-9dd4-4eff-bdf4-cd7ed8925ec9	1108
b6236ec7-0f87-46d7-9038-441ba8721767	1133
b62484af-81b8-4d5a-90cb-aeb98291fddb	1059
b6256a6b-1efa-4b03-8621-db606a10e671	1145
b6271044-7a48-4d8e-a874-5be1d9a2ba2d	1132
b62b0902-06b0-470b-a83f-c51f2a2e3812	1085
b62f4a84-16af-4315-abc6-ecad6882c1be	1130
b62f8fd7-73c3-410b-b6d3-586aed42a7a8	1063
b631540f-ef0d-4c24-936c-da25d6076d78	1129
b6382bcc-b7be-4dbf-a523-6bcab38ebd25	1132
b63950b1-96b2-493e-8b1f-8f1fce3bc77e	1133
b63b9d1f-ffe8-44b7-b8f5-9ba0f720c764	1157
b63e08dc-454c-4db3-9238-713e4e726f8e	1136
b641b42c-ca0a-447e-9922-d5f628eb0cc0	1154
b6507262-3fa1-4cd2-b3a1-b7060ea9cd77	1152
b650802c-352c-4121-a9bd-e761d4ffad13	1133
b6573088-cf9a-42e7-af5d-c4573227a7d6	1085
b65eb6dc-6b34-46a6-ba30-28a752c28efa	1092
b6618441-0eaf-4111-ae6d-f09fb8e4ec67	1094
b6625241-307e-4b8a-8737-094f84e880d4	1067
b663a332-04eb-44d9-ba2b-5afb11b0046d	1135
b66534e8-ad9d-4a64-9f80-0d9c7571b401	1082
b66ba6df-84a2-4114-b920-46047c904b6a	1137
b66bb6ce-4bc2-428f-90f2-a6112b460351	1091
b66c88b4-02ea-4749-9fd3-e0374dc2fdf9	1132
b66d379a-6d1d-440b-9488-47474e7d716a	1081
b66d7155-dc33-44c5-a29a-00aa5ce3f880	1144
b6706a2c-64ba-4a2b-b071-c2d12f86ab30	1057
b671bbc0-017d-4806-a857-aeaf0972e65e	1106
b672985d-478a-4081-a712-51634583ebeb	494
b67530fa-87b6-4471-9fa4-a644c89a8626	1809
b67534f0-e9b6-4d5c-b3d7-df9ec52ab489	1134
b67b5206-01e7-47a7-8709-5a23bc04a3f6	1141
b67d567f-7b29-40f7-b309-9c0c703c956f	1138
b681363d-39ae-4a94-8feb-653aace48c48	1122
b6857dd0-009e-40e6-adde-036e6e9b63c2	1079
b686a543-e210-4426-bc06-5f282d8c48e2	1071
b68a1073-6548-4012-99b8-e7f7129409e4	1787
b68ca727-def9-4d35-abc6-91da7ee3495e	1071
b68ca770-8c93-4a32-a755-fb600d9c66d6	1137
b68d6b68-b1cd-4bbd-9d5b-146d11c196ac	1080
b68ddb68-da67-48fd-91d7-de52e9c0742f	1131
b6901c84-ad7b-4d46-8aa7-459e34d6adf2	1527
b690cf5d-446f-4078-8957-1d960ab6fc12	1134
b693bde8-2e3a-481c-a018-d0b0f16f6e18	1133
b6956328-d8c3-44c5-b46a-3ff9201888fa	1126
b696bb5f-13d9-4b07-b92d-f9bf0a6e11e7	1062
b697c946-f714-4944-a3e0-d79749882087	1131
b69e31e4-d38c-4983-8792-0988157c4069	1103
b6a0494e-35a8-4ddf-8346-2a29c36eafeb	1134
b6a238df-b62e-4208-ba09-ce387ba23cdf	1073
b6a2dad6-b4cc-4b27-aaea-d1469e4d8d7c	1129
b6a3736b-0154-495c-b8e4-e606f8e0d2c7	1131
b6a39ff4-2578-493f-a3c4-0024229186b4	1138
b6a7bfc0-ec96-40eb-9c61-f62546d3078b	1052
b6a7c318-28f8-4e33-bff0-052fd211f119	1134
b6a8ee9c-61d4-4c34-95e4-42cfcf9c14a8	1080
b6ab5de1-fe4b-422d-bea9-470198f749ef	1147
b6ac1810-28ea-4a3b-9961-411a4c7870d2	1070
b6b50950-8d0d-46da-ae4a-cbe3525479ee	1133
b6b5bd61-7ad8-47c6-97a6-7c50128bc72b	1110
b6b8416d-ae0b-405c-ad79-81fc266847b1	1074
b6bc96fb-da30-4380-9834-62cebf80c418	1120
b6c1c53c-2d18-46bf-86a0-b32b35f3c22e	1084
b6c21025-bbd7-498a-a625-18db72e38ff9	1136
b6c88433-ad71-49f5-9d84-537e9993dcfd	1138
b6d06ac7-f2d8-45d2-9033-e1024d0e9f22	1123
b6d3520b-cf80-449e-bb1f-46917bd062e2	1147
b6d6bdb2-55d9-4d92-aa9f-16a52dbda808	1129
b6da7315-1476-4e8c-b44d-5ae34b2d8c94	1086
b6da768e-5089-4a9c-acb5-992a7d6dfa42	1131
b6dbb9bf-f865-4b5e-83cb-fdd4b8027420	2054
b6df133d-5ca5-43a5-84ff-75bbb733857c	1056
b6dfb606-a338-446a-aab2-d4431a0d1cdd	1149
b6e1aed7-33ec-4af0-83ff-b6edffd597c2	1066
b6e3df6f-56ae-4024-8f15-e653a563d7dd	1122
b6e54902-3f49-406b-849b-b7bb55327bb6	1136
b6e59345-8daa-4cff-ba2f-45f0d0b0be1e	1095
b6e66b66-9d0e-46dc-891a-747aad3b817a	1155
b6e6d5cb-fb39-4421-9db6-8cff67592a07	1070
b6e86f35-b989-4e07-aaed-b229e33f7bed	1164
b6ea597c-d0fe-4f60-afcf-53c274996e38	1073
b6eaaf7a-e7e2-4927-8d81-395147cc1ed8	1112
b6edd629-6487-4cb8-b1d5-90753c560be1	1068
b6ef8bd7-77e1-431d-b784-d63fec0165f1	1131
b6f22849-7f43-432b-ab95-7dd98b7b389a	1149
b6f65026-89c2-4b1d-8700-2918ea73674a	1093
b6f764fa-8225-48cc-a750-07b2aa4704f3	1068
b6f88f36-349b-4e35-b741-74ca3f2dc07e	1136
b6fc6cb8-0918-416b-b242-cb22f8edfee8	1069
b6fd0d53-a953-4ed1-be63-7bc87c4f249e	1123
b7011875-1eb4-4d3c-af67-8f3ed99f02ba	1128
b713fff9-773f-4ef6-9a85-e12956d60fb7	1133
b715a777-848f-41a3-bb9c-48fc6570dbac	1121
b7173665-2de0-490d-a7d4-99532deb9b69	1074
b71829b7-9741-4424-8a72-7cfa5cd170df	1130
b71eeca3-e374-40f2-9637-94aaa3e41e23	1129
b71f3b44-47c5-4025-a68d-eb7c250791e1	1130
b71fa35f-bb71-4a26-ab31-58d5c5f9adad	1072
b7267f9c-2d33-45b0-8fc5-eea9ffdedb9c	1092
b72a1062-5b49-4dbd-b9c2-123928ed6550	1132
b72c3eb8-6071-4248-9541-e05a7f9f2d18	1076
b72fce38-f904-4dfd-bee3-177ae3ae6f87	1063
b73a18d9-575b-4adb-b2fb-80ee165bf2f1	1093
b73c23e3-b87d-448a-a1f3-41efab7fbd88	1112
b73d14e3-1dd0-4979-b816-03bbcbb7ef4e	381
b741b9c3-917c-403f-949f-e5fd6c22c04c	1056
b744fcbc-9351-4371-a5fa-e6f97dd635d4	1133
b746a7ce-3ba9-48d2-a0a1-4d41404b608d	1075
b74dbf84-d83c-48b9-8c80-8a23b761b5ca	1066
b74dfcc9-c1c6-49c1-afa3-249798855824	1069
b750f535-dc11-45e1-ab00-ad897cead874	1069
b751d6f5-8c0d-4fa7-9004-9d9df053ec04	1152
b7552f46-e1a3-473c-b1cd-aad799641bd7	239
b75692d1-bf0d-43e1-aeeb-f7b389c371d7	1127
b75768a9-f9af-4f41-8ee1-3de0c9215f5c	1160
b7592b34-ad59-49ab-b06e-4d031c074832	1116
b75b0f26-6f92-49c0-9ab6-83116c8d1639	1125
b75d15a3-fa1a-4ac0-bba0-b8158566957b	1169
b75dd5f1-618e-4183-a091-0c0dd4012d2c	1170
b767c0e0-db37-4a53-a31f-e255dd40a9fc	1158
b76fb746-b877-4817-a1e5-cd443378bb05	1075
b7707006-b44f-471d-a0b9-689431722b11	1069
b77bb470-67bd-4646-98b1-e47a12f5908c	1074
b780eac0-c800-49ea-b34d-0ab239be3c93	1128
b7863eb3-ed9d-4929-9afa-5448a8ba246c	1064
b789ad2c-1c3c-40e6-905b-000a54e36d83	1125
b78cfbdc-4aaf-46c6-937a-986736a9c421	1085
b78d635d-b258-4a8a-81f7-1d830ff6e395	1133
b78f3874-fa6b-47cd-98fa-10236eba7002	1132
b78f55c5-f945-410f-8618-0e87a4b2f8f6	2085
b792f3fa-eb51-4593-a3ca-6e97fd8192a6	1135
b79a3fa0-d59d-4de2-9d9a-a1a81b283af0	1072
b7a00897-ba0e-4731-90e5-6552c69e32b5	1136
b7a04640-21f9-4b6d-a4fe-ee60ea68e28b	1123
b7a16309-b843-45ee-b1f8-0ca67223632b	1117
b7a7506a-7cfe-4a64-abe9-eef6e84a7d9d	2072
b7a81ccc-5785-4d0d-a965-24dbc6762390	1923
b7a9651d-860d-41e5-9a88-926c5733d968	1073
b7a9cbae-1ec2-4ec7-a097-44dd6786831b	1142
b7ab7af6-a56a-42fe-b5c9-bbced5d4cb90	1070
b7aced98-e11a-4330-b3ad-724c937682c1	1078
b7ae42e0-5707-4ad2-bd23-0ac228e9e524	2161
b7b9399f-6d9c-4908-89e9-55738fce56f0	1082
b7ba2b00-67d8-4f5f-9721-bb7b68cdf46c	1077
b7bb04b4-49ad-4a0b-9560-d2bcf82aaab3	1075
b7bc8788-5a87-4926-b871-ed1d69903a99	1075
b7bec3a4-33dd-4dc7-91f8-d241deeb4585	1143
b7c48741-a2c2-47a8-8220-c550d5885d9d	1135
b7cbb575-be68-4b8d-9c7c-275e90cd4375	1132
b7cbcd6d-8257-4498-867a-25f24f3fb729	1076
b7cf7f26-434a-49f5-827c-08cd4632ce6d	1073
b7d75dd1-6271-4876-8963-87a4c1c752ca	1142
b7db383f-9f91-4767-9ec4-c947ecb5abba	1076
b7dcb927-c96c-424c-b103-5bfe42be2df1	1103
b7dd604b-27a0-4d05-8a51-af6c480812a5	1071
b7dfca2a-4b23-43d9-9420-0134a36228cb	1930
b7e0a1c5-a6cb-4cb2-9e5a-4bb67cbaf302	1067
b7e3960b-4a41-4ef8-b294-b5067e90c694	1138
b7e3ceb1-09b3-4aa1-b1c1-07b0aeb46af2	1952
b7e4f39a-c000-422e-b003-815d4e170fa6	1070
b7e74a7b-114e-4843-a62c-1178e2cf685c	1072
b7eeb37d-ef8a-452f-94b5-727a5e8ce96a	1076
b7eefaf6-d82f-40fc-89bd-857ca2c73394	1133
b7f08846-8e1c-46a3-8498-e99fbb57ed9d	1092
b7f1cfef-e0e8-4775-a037-cb5f32921cfe	1116
b7f34519-af35-4f77-bfcd-bb2e6706fe7a	1133
b7f3e69d-0804-4656-a01e-b73075056d35	1127
b7f5dfc2-5817-4f37-a73c-0f447cd5cc24	1128
b7fa7fd1-666f-4a0b-9a1a-b6bb5bf54b35	1083
b7fb0fdb-f224-40c4-ab32-eacf4825d64a	1939
b7fb15dd-881e-43e0-80a3-2c79edeba38a	1073
b7fd3380-6963-463c-b0bb-a54314ad7dd9	1107
b801e036-8b0c-4fa3-8fb8-37b68d2033ad	1998
b80611fe-797a-455a-a176-0fe2d4a18029	1069
b8067230-8e54-4aba-af26-c31f641ed28c	1141
b80d24f5-d2a4-4f20-b0a4-bf500febbe88	1080
b80d63d4-397b-4c29-a3ff-60704ea4e335	1065
b80dfb2d-f306-4116-a6d3-a55052d60352	520
b80f0dac-50f0-4a16-a050-f6620d8a4069	1136
b80f1d47-8ae1-41a3-9225-292383d6d499	1157
b80f65c0-1fed-4091-b3a7-b45a166e9da1	1065
b81ad5f6-2ad3-433a-ade6-b8c64f005aa7	1133
b8212e1e-8b5b-4ed1-ba4e-ff82e5c24bf2	1142
b822296d-c5c1-4c9f-aedf-49243f612c09	1139
b8235da0-130c-4b16-ade0-1af64e562dac	1146
b8241889-a5e9-476b-93ee-96611de53ab1	1072
b8252cd2-4062-4d11-ada7-d32ad408a9cf	1133
b826b547-f158-4167-bf7a-ea32f633de3a	1074
b832c9df-29ed-4f51-82bb-8c4a914afe58	1074
b836feb5-9882-4ee3-8c56-f8556c7e1436	1129
b8371bad-b4be-45d1-9c9f-a6ed981adda1	1068
b83a66b8-b081-4bfc-9dc9-abac144a1996	1098
b83ae9c5-6edb-4a12-bd47-ab79e46ea274	1067
b83c2925-e833-4c8f-9693-396b08736cd1	1073
b83d0fec-c4af-42d3-bd16-6cbc115cc64c	1076
b83eb957-0c85-49bd-81e1-63ec59886ce0	1144
b8408ade-4fb5-43c9-8e0e-95673b09fa05	1070
b84120ef-526e-48a8-97f8-83e5d9ad9130	1099
b844fe3e-0be6-4d45-add2-492f65f7739d	1137
b84b082f-ae45-4400-9f47-da33c32f1c53	1066
b84cbdca-2589-4a0f-813f-0ea735aeff13	1138
b8513da4-a885-40b3-a540-a2eb1fd323cc	947
b858a8e5-d499-43dc-9926-cb68199fb05a	1078
b8594ce4-716e-4451-9363-47b9927109c3	1071
b8595066-c699-47c8-9455-96b50851fff0	1128
b85c28f1-5795-42aa-b666-f240c8e6d2d7	1076
b85f6fdd-0a90-44d9-94e7-ff7d654a12b3	1130
b85fcd46-50d1-4e46-84ca-4d5cf8b01718	1068
b863b9b1-b1e2-4eb4-ad5d-9246d019b0ca	1082
b86d4a33-b2f8-4151-8604-fd8c2d763b41	1108
b87b5e71-9b0a-4040-9856-f7323aee24cf	1068
b87b662a-bf40-4704-a875-b1d4bd6ab33d	1148
b87b6ca8-2645-49c1-8627-796f4cdf2e58	1133
b87b9155-9ddb-41aa-9142-e39991baf762	1134
b88089d7-5eac-48ee-afd4-b3193c45ac3f	1075
b881ef86-2f16-44e4-90a4-8f833466bffa	1131
b8857579-2c90-41ea-a9ef-60792f909d8f	1133
b886d50f-28f3-4225-983f-f6d6e451231f	1531
b88b8c44-622d-49c7-ad7b-e763847f0aeb	1079
b88c2ee6-bc22-4cf1-9175-af4d0a33b8bb	1068
b890690b-9b69-441f-bfbc-a18ebe6e9f81	1065
b892834c-0360-421b-a398-fe41b7fcb6fe	1128
b89b1732-0037-4833-a091-0136d7d41c08	1143
b89ba145-6065-45b0-b319-3c3697c7127e	1093
b89fd2c3-91b9-4f8b-a453-5bd69aaf2cec	1086
b8a7cf3a-7992-43d2-a089-03057e413abc	1133
b8a8465c-1866-45da-a717-595ff3bdcf2c	1067
b8aab98c-4cf6-4daf-b02f-207dab6e2082	1146
b8ad894f-a751-4686-8d92-f6b8e49b05fd	1142
b8aeea0a-4696-43b6-8725-5d352aea403f	1136
b8aef39f-ed1c-4716-8030-f393ca7b6861	1128
b8b28d5d-63cf-4c1e-b2e6-dc9bc0cbd4ea	1152
b8b379fe-d660-4507-ac45-5866c541dad4	1072
b8b8ba08-4c20-4f01-9913-055e69ef0e79	1129
b8bf4934-7cd8-44ed-8823-bf404c995539	1052
b8bfb134-6240-4ddf-9e6b-1483cff7adcc	1069
b8c15125-290f-43a0-85e5-455658be543d	1072
b8c20448-1534-4a29-a140-7487d5042112	1071
b8d1cc96-0a64-45c0-b230-d07c384af97b	1109
b8d26d81-993e-4be2-b12d-095151d56200	1159
b8d2b5d1-d3d6-4717-8a8e-752a6973cc6e	1129
b8d3a9eb-f26c-4683-b565-61ccb350274a	1142
b8d99464-587b-473a-bafa-88f7981d531d	1137
b8dc19ad-71da-4373-bdcf-6df92ac71730	1153
b8dc26b2-f5f5-48c9-b2fe-ae5281504310	1062
b8de33e3-d737-4367-9bc2-499f77b52c90	1134
b8ded635-b903-4e6a-bdd7-9fdf83af4759	1128
b8dee7ab-0aa6-400b-ba4c-45f98b449ce7	1130
b8df6f6e-6a6d-4fea-a0a3-be8e057ffafe	1089
b8e223e2-852c-4317-b1ed-390dc0d1b8e8	1077
b8e33da1-5633-47f7-ac5f-e130e59e4e0f	1172
b8e46b0e-1238-4f22-89b7-03bcad2a754d	1075
b8e5ca3f-95d0-4a8b-b21f-557ddf596f77	1139
b8e750eb-e48c-4f0c-a22b-92675aaa1ec1	1131
b8f27126-0ccd-4d13-a60e-bbe02082b737	1161
b8fabfdd-488b-4b2d-8f2a-24fb070e2695	1072
b8fcc75a-c655-4639-9a88-9d8ad603c123	1122
b900d014-0941-484d-a953-ad9ce7d3a34b	1067
b9024f48-07f5-410f-bee7-b706ec1239ba	1124
b9049e0f-077b-41e1-a234-1bc3713bb35b	1140
b9059933-a378-4bdf-9723-8bb5ca8b44ad	1068
b906716a-c841-4f7a-a248-c676022b644d	1054
b90e8e1a-5e7a-4d8c-9680-6b7be20462dd	1132
b91d1046-9b02-4d50-a30d-f2104cd79525	1153
b920e573-1e02-4883-b9b4-a82893568d3d	1077
b924a1f7-2a27-4c37-a940-e4980a5b2c20	1130
b92a2785-d54b-4e1f-a137-767fa958afdb	1141
b92e7d10-b263-4eb2-a195-0a1f0ede0daa	1071
b92fb6c1-f37b-46f8-8e79-c8a501ce8544	1081
b9359005-1201-4a0a-82fc-99ac03898d9a	1147
b938e404-e3ec-4d64-8fea-238466e482aa	1075
b9390678-955c-4963-a9b6-e26f049f8458	1125
b93a22d0-522c-4259-9a51-96a82cb6d6de	1129
b93c77e2-e4a7-40d1-9624-94e9cf2885cf	1135
b93fae20-3872-4c80-9a7f-943d4dd6726b	1073
b940ae6f-bbb4-4794-be05-18bb0341c094	1120
b9443cc2-95a5-482d-b667-04c3c9876d68	1123
b945f1f9-a22a-471b-b13e-58dc49ed3933	1076
b9470031-fb55-44b7-afbc-852e8d97a24a	1072
b947ed32-2b4c-4ac5-a89e-34844821d051	1081
b948cac8-88c0-4c3b-ae0e-eba82edecd67	1095
b9493ef9-96cc-4e9c-8bfe-0b1535b57c18	1079
b94f135d-640c-4e04-a2c2-f2efc2b99216	1144
b94f4948-f6c8-4b11-905c-da2f25c71194	1084
b957d093-37af-436f-b360-b464fbd6f708	1075
b95965c9-e23f-44b0-b7f7-a976e8c3c744	1138
b95a756f-bbfe-44e8-965c-c55f8a7eea1a	1074
b95dcd3c-9f75-46ad-b4a4-10580768073e	1133
b95f0ada-c154-4c29-bd91-b42bbfbca00d	1131
b9635691-fabc-4a0c-bce1-a73f0e7297f2	1133
b968ebcb-5ce0-483a-9d81-48261c210385	1075
b96b2f7b-64ef-456c-8de2-b436134dc667	1086
b96e1aa4-90ea-48d9-a7b7-018b7ef74d20	1141
b973c3a0-e2b6-4aeb-8c8b-65063e317a3b	1065
b9782647-34b4-4c95-b966-905a635a1b35	1096
b978335d-f9fa-4c4b-829c-ece154dd593c	1143
b9787341-7f92-42e6-b577-01ca779cba3f	1087
b97ab8b5-e70b-4dd8-9832-7f619e9cdcc5	1059
b9850afb-451c-4ac1-bce5-e477305c95d1	1085
b989c3a4-0c80-483a-9fbe-890a077a2eae	1075
b98c202a-93aa-48ee-b10e-fe52264d6bd8	1072
b98dca81-b1e7-4996-bc04-adc47daa9424	1050
b98ea974-1387-4dc7-b3c7-8a2ff10340f0	1130
b99e753c-9043-43d3-b301-b0c2a3145b30	1149
b99fe4b9-250f-49eb-9b70-8cdf902abb8c	1072
b9a1b97e-abba-4768-8255-c0272d126f2a	1069
b9a69eeb-d5e8-4f9c-a851-477afab2df7c	1065
b9ad8229-fda2-4f49-ba84-2a383a1d8d61	1125
b9b23bba-4a2d-4aa6-ba42-027305119e40	1131
b9b4c3e0-d0c0-4a23-96d3-ef5acf695b6c	1134
b9b5ab73-f210-484f-94ac-b34c069414eb	1135
b9b75f8e-8507-417f-9c10-495f1102e4fe	1077
b9ba8f36-82fa-4f79-b4a8-6c9ee406b092	1131
b9bc33ae-bbed-4197-b8fc-b9bb63f68229	1153
b9bddbbe-cf4d-46a8-8e82-52149890273c	1134
b9bdf331-37b4-45d8-bdaf-01944a3feda5	1070
b9be8e23-e741-4a69-825c-90834acce4d2	1124
b9bfcb81-8d53-49b8-80e4-97d594c0c0d7	1052
b9c03e17-ea7c-4bf9-91d5-166e60c10fab	1140
b9c466ce-d43a-40af-bad8-4fa02a47e04e	1074
b9c53593-7999-426c-8b61-439ae2d7ae34	1253
b9c59793-fb84-4c20-82f4-788a336db6c1	1130
b9c851ee-a0c7-42ec-86f3-3dba9fd7b371	1135
b9c8dbe8-e03a-4bdc-9520-b38b8738e059	2017
b9c9ecd7-921b-4b30-8395-a6c5b54b875b	1158
b9ca8656-0535-4895-8394-05c32b1290a8	1076
b9cbbb85-58a2-4a7e-9b2a-9ea8628560db	1070
b9cc69be-9080-4337-97f7-65d21cf73ac7	1235
b9cdc532-fe3b-4002-96b3-05184f2bc553	1129
b9cf39e5-cc04-4712-8ee9-6aa72c5d6f16	1076
b9d81dab-afec-40b4-878f-14b32da7a274	1133
b9d9c2f1-4142-4475-9424-97aa378e2522	1070
b9dc81d2-4feb-440c-b23e-01dd73b178dc	1136
b9e563e0-0289-4895-9e02-db8d4055ca55	1134
b9edcb05-9504-46dc-ad57-3ac9d5e550dc	1092
b9ee9e6a-c13b-4cee-8f1d-7823c619dee3	1125
b9ef061a-b055-4e5d-8fe7-4b0f84ae537d	1144
b9ef33a6-e865-47e6-b524-405dd097c552	1070
b9eff35d-458f-4091-b27a-1b781f5928e5	1128
b9f18e72-839f-4b01-a553-88e6fcfeb502	1137
b9f61bef-9119-4f46-b07c-4ed4475dcd1c	1131
b9fbfb77-a1a4-4a8b-9b96-700040758901	1135
b9fdcdf1-f322-45c4-a037-3cceeeaf48b2	1083
b9ff7434-b33a-4a1c-8cac-90dc08dc3175	1139
b9ff749e-6ad6-4873-9b78-5ea66d7b195d	1098
ba015c83-c165-4a6f-ae6e-9a978dfb3ceb	1077
ba024998-0c05-4ca3-b447-a1b3a57c0eea	1122
ba072fb9-2c1a-4903-a221-3caf267b1815	1086
ba08b64b-b3a5-41fe-aadf-05673da0c178	1132
ba0b8f1b-5abc-4a6b-8b2b-d4e361aa83cd	1066
ba0d191c-2a98-4af0-bf1c-d3970ce20db3	1127
ba0f49cc-ed39-4e4d-a60b-ab70af730184	1134
ba11cbab-fc82-4dec-aaab-9fc655f6e504	1146
ba15112a-edcd-4b7d-8c9a-867f7905eba2	1134
ba185ece-97c5-476f-ab6b-3fb69e0c5980	1138
ba191f3d-46ee-4350-b69f-e75bc10b1fac	1145
ba1ad87a-0f49-4307-af58-a1517979f9e0	1136
ba1c53ab-e9ee-4508-8992-ded3c2a03d94	1134
ba27d957-fd0e-4d71-8684-9ddc58f9aac5	1127
ba297e58-8026-4322-8f16-e1a299763c8a	1131
ba29d079-8d00-4e27-82c9-8c85fd8c5580	2077
ba2a0d02-ab6d-4ee4-b56d-6b2c1296f7fb	1109
ba2ed4fd-ba8b-4394-9b43-3fb8347f3ee4	1123
ba2edb19-c2e5-484d-8378-aadec9e50e4b	1130
ba3081ef-9082-4216-8d53-232003eedfc0	1093
ba3838ba-66e7-4cca-ba93-d5750fc4d951	1119
ba39d76e-d492-4948-a8d5-55ebf5ef4615	1127
ba3c64ff-f609-4346-b7b3-28a067586efb	1147
ba3fad20-4712-43d2-a3a6-7dc29aaa0a67	1133
ba42e2a0-ba44-43c6-a2ba-685912fbc4c6	1071
ba4d3124-c73b-4aae-94b2-85a22211bcf1	1154
ba4dcf7f-c4b4-4117-a5a9-dc7fcfa19984	1073
ba4dee59-f881-4f72-9b1c-2a41fbe06382	2142
ba50eed4-7054-4f94-ad1d-8da4376dc673	1134
ba52517e-2246-47b9-a240-98be08617c7b	1076
ba54ac90-7923-434d-9aa5-c1b75de6527f	1136
ba5c1acb-0e7b-4a44-b56b-03c881be4092	1136
ba5cb689-b36b-41fe-b26a-ce57b786f44c	2003
ba5ff6a1-4099-4964-a797-ce3bf887089c	1133
ba642b3a-1008-4e5a-b0da-d66684d4dc14	1069
ba67f123-755c-4917-85ce-4fbd31a6bf75	1045
ba688e03-d142-45fe-a203-c8abd4050877	1123
ba6a3846-676c-4e87-bc44-261dbfe9698d	1085
ba6c3c0e-f7a8-44a0-8b4d-4165d8de10c4	1082
ba6e07b2-5802-4b07-a409-8eb69414b739	1136
ba70bd7b-489b-41ff-b32a-666405d86610	1130
ba7491d2-e897-4e7f-be48-abc1c76f32dc	1127
ba77da44-3aa2-4da7-a530-8e2dd668d978	1148
ba784903-a11b-4ea7-90b3-b4e5d9287972	1080
ba7b7dbe-9742-4c5a-a0ec-778099af0be3	806
ba7e186e-822e-40db-9f31-742002b90d24	1137
ba7e21b8-11f4-4e9a-8414-62888300dfd1	1130
ba84595b-e705-4517-938a-277121dabe9c	1165
ba8945ff-32ac-4167-ba76-0afd31b0cb75	1078
ba8aef34-0194-470d-a3c0-fc0b9e163211	1071
ba8e67ae-c324-4ccd-bebb-e02224437598	1129
ba8edb0f-806d-4374-bb3d-178cff58e0d2	1075
ba92c751-29a5-4799-b9a9-7c71d63d9014	1069
ba95ff79-aec2-451b-9f4f-1fef3a068a07	1082
ba9949cf-6011-4952-8611-903be7a397f3	1131
ba99506c-2e8c-4be9-9474-20b9223750b0	1155
ba999f24-47c7-437b-871d-3f073332ec14	1071
ba9da2ec-3e04-432a-a17e-ae078426f5bf	1143
ba9ecf48-69f3-4ee1-aecc-7b4a2919ac69	1531
baa35d18-2586-4573-bb7d-0413dec7d454	1101
baa8f5fe-d959-416b-b3fc-252f4f578a94	1165
baaae06e-301b-47b5-8d77-2b867b87028a	1069
bab3df18-a8e2-4ed8-8a64-9b8cac61ed24	1075
bab45637-71f0-446b-8b7b-fa47a339041c	2090
babd4399-3186-4689-a9e1-3c30024d4272	250
babf85ea-2773-4cb5-8664-62d843d31bfd	1061
bac09764-545b-437e-bd95-e38d02b18c04	1144
bac597f0-f669-4f35-b01f-784b4552ea0c	1094
bacd6ccc-eb93-421b-8504-d7a325cd07fc	1065
bacefad0-2837-4d7e-9e61-e84aec3f4490	1130
bad794e1-1271-4041-b8b9-5755938e9a28	1131
bad86b67-2b06-41d8-975a-0462a2ca5d06	1074
bad92956-11ea-4ff5-b910-1ddd7589f709	1124
baded259-8878-4d2a-a5f3-c381dca5faff	1065
bae0215c-97b3-4656-956f-343a342b0064	1148
bae1bee3-e6b9-4ac4-a29f-fc0347144294	1152
bae3f08c-39cb-45cd-b5c2-0287bb5bb4c5	1132
bae5aa7a-61bf-4534-bae3-04c8531049d7	1133
baec990d-b76a-4abe-9a75-cf7c77f8be52	1156
baf36721-2b98-4896-b491-b76563295f6d	1072
baf75012-9d16-4a5a-8898-eaf442f600c6	1147
bb03d221-914f-4937-a4fa-d0f97e34903d	1090
bb0417b3-72c8-48b4-944d-52b32889ae4b	1159
bb06ed25-e19f-4c02-a284-653c55b1cc67	1130
bb090dfb-8d04-410d-b61c-a86c702f473a	1131
bb0b8f93-3beb-4df6-aafc-4fe88545a72a	1069
bb0e4a9b-73b0-42cb-addd-a2a58d2ce7d0	1132
bb0ef6c9-26a1-44a2-92cc-8747ce87b06d	1096
bb13baaf-6c59-4fc5-8a6c-49277951f383	1138
bb14d168-f355-4946-94ea-f1105311b968	1133
bb162cca-3805-4949-9308-65e3774d0968	1162
bb176ebc-51cf-4b7c-b60c-04440400a1a1	1153
bb17b966-d66c-4c44-9fe6-f08507335a9d	1134
bb18a2af-93e1-4316-b91a-10830459decb	1127
bb18c8e3-e847-4183-a9e0-3b9fe93103d2	1130
bb1cfd4d-067d-4b27-b059-25330cbc42cc	1137
bb1d0d52-38ca-4c5d-8283-21ffb440d657	1136
bb1f0b14-7b6a-4d83-968a-74cca6094599	1076
bb20ff7f-7523-4132-a377-bf1199b4c26b	789
bb261331-168e-4050-81b8-0ae31ececa9d	1071
bb2b2e0f-b2a1-4f73-aa4b-4f0c5cc769b6	1141
bb2f5f16-54d0-4031-a525-21a83a6816ae	1073
bb323b11-8e75-484e-b4aa-606851eec1b2	1073
bb38775a-b065-42f9-acdd-3bbfd7770f23	1131
bb3d768a-c2fd-4158-a0fb-0cc43cc58ba7	1074
bb4635ca-fa9e-43eb-9afa-df49ca1b9e06	1101
bb4aa25a-38cd-4ad8-bd3d-6000f3abcbc7	1154
bb521ee8-e6f6-4b1a-b9e4-10b54d413472	1111
bb5666c6-48bd-4467-ad01-10602dae9a9e	1071
bb5730be-06cd-47e9-b6a5-4c534a822ed6	1136
bb61c43b-1bfd-4882-b0ec-030c453c4544	1081
bb6264a8-6ea0-4085-b36a-e348645820e4	1068
bb686d17-5848-4e3b-971a-5a5d388739da	1148
bb690bda-668e-4083-b9c9-e510254eed3e	1126
bb6c29cd-e4b3-4b70-8576-b5c4ae94439f	1076
bb6ca00f-6799-455c-8268-4cc28086ce6b	1086
bb6ce861-fed3-41e2-b2bc-c7166cedf1fe	1077
bb6deff0-1744-4eb9-87d5-98b72b7e1928	1144
bb6e3471-421c-4186-bc3c-02d809985901	1140
bb6eeae6-cd51-49a2-8fc5-9a385960a2dd	1528
bb70045a-257e-4836-b9a5-791d16570e49	1075
bb703513-e0ec-4f8b-b5d1-8ae442134329	1135
bb754b6a-9dea-4b30-a3da-ae66ecc4a03e	1129
bb7a841e-16c3-4c73-b559-b617224e441d	1126
bb7c2d59-5818-4a77-bbaa-3153c5a3f2cc	1142
bb7d4872-ac87-4901-a0de-2a1b78e0d84d	1143
bb80a228-8b1f-4ab4-b19f-08149ce5c87c	1083
bb80a2d5-ed7f-4c6e-9eca-3a1ece746aa4	1072
bb9422e8-e1e4-4111-adb7-2d76ed74aa9f	1147
bb94808e-76a5-4131-aac2-f66706ceb5ac	1063
bb9c798f-b16f-4190-9257-67d6fb53ee73	1157
bba85766-0d54-4ceb-8383-aafbd798676b	1077
bbae3172-3b9c-47e5-bd68-84193cdd08ee	1071
bbb3ae31-ee64-4b3d-b75e-72cfadc17495	1069
bbb47a32-81b3-4495-ad5e-5c090301ac9f	1147
bbb6a642-566a-4941-b49d-3ce0be82e8ad	1528
bbb943de-4a8d-4693-9e44-021af0726234	1072
bbbaec80-9d8e-43eb-a3be-472c2cea957c	1123
bbbaf026-55b7-4e88-b88e-5a7357ae217c	1075
bbbc2194-38e7-4862-99f4-848e7606839d	1094
bbc0f2f3-b331-4fc3-90f0-93faa23589e2	1474
bbc26208-d1a7-4d39-aa64-61bccbe7ebe7	1054
bbc37c8e-fd10-4ac0-be68-ca250e963bf8	1088
bbc6aed4-ead2-4cbf-8f2a-a266399ab167	1119
bbcd3f9f-556f-4620-b1aa-c39a34dd1720	1143
bbd1f2b3-f8a8-43de-ae62-1e7e4f2ab005	1161
bbd4f687-2920-491d-82c1-c3fafea63fe5	1139
bbdf58c2-c10a-4d7b-865e-108d4aad3819	1126
bbe2a30f-4791-46e7-b96b-61de8a9f0f3f	1113
bbe2ac4d-0310-4e36-bd07-4ff88ccff019	1133
bbe6face-4b0f-4acf-8ab5-7a4a964c888e	1160
bbec0be2-6f83-4483-bf76-53e77865bd03	1066
bbece018-bc1f-4176-a639-619c98b883f7	584
bbed986c-f410-4441-9806-e54dd8e8349b	1130
bbf3360a-cc9f-445c-a7b8-e4ebd99371ba	1129
bbf6e92f-9a98-441a-a089-28926efbd2a2	1079
bbf75a80-fd99-4e6d-bb3d-dbe253a51827	1131
bbfd41a9-01f5-4101-8810-a9de2b0acbfc	674
bc021028-24ff-4bc0-ad13-40c0258159c5	1134
bc046280-5022-4482-82d0-26f5342994da	1144
bc0afe7f-b537-4631-927b-47afbae0a294	1129
bc0babf5-a7d7-41ad-9b76-8c3f31e87927	1129
bc0defeb-14f9-449c-b1db-ddd825f9eebb	1091
bc13ab54-3e9d-47ec-9f21-df62c4aca373	1131
bc140426-6d2b-4e73-93d4-d1b10b25ee48	1076
bc167b50-3a16-4c12-bbe4-ff01c0304dcc	1081
bc1851a7-4ace-4faa-899e-01176f4b9f51	1130
bc1976c3-2d31-44ef-8d66-91ba6295e45c	1131
bc197bc1-d185-4a58-8e23-b0b89f4236c1	1090
bc1c6e18-a5b7-46a4-8cc6-d12a1196c658	629
bc1d0754-6f3d-4be7-bd92-3db13d2a8293	1107
bc20b917-c7a6-47f3-aa7b-9da7b6947558	1079
bc255d66-c16a-45aa-a42b-d1c6664f0b61	1069
bc29a7d4-b715-4535-a3fb-ad592252633e	1058
bc2a574e-d552-4754-8a29-688a57c19410	1128
bc2d45c3-bbd6-410e-929d-f745f3e2521e	1076
bc36c6db-8a33-46da-988d-3fefeafeb39e	1131
bc40fe08-73b6-438d-84eb-5aaa3cb03cbf	1137
bc41c08b-6661-46f0-893a-938f79697394	1086
bc431caa-7af3-4300-9a12-c565704c8373	1063
bc43e296-e2a2-47a2-a6cd-65940ef63bc5	1129
bc493812-6200-4385-af30-185ed3c4685c	1122
bc4cb146-07a5-4dcd-bf70-0df4b77434dc	1139
bc4d4a2c-8175-4067-a836-115c10b64aa2	1077
bc4e6568-980c-4a6a-962a-b236a963d880	1139
bc4f6eb4-46e3-497d-a749-3aeec0f4bd06	1135
bc53d76c-53cc-4f52-b12d-ee05138af408	1160
bc54a4ae-bdd9-41a9-aaef-02658f48d673	1101
bc567669-0198-4b36-9514-a982de306018	1129
bc5ab031-ebbd-4577-8964-054fa0532a31	1066
bc5bf34b-f94c-4ac3-9b57-5e29b6710b6f	1072
bc5c53d6-6296-44fd-bdab-1708bf56ac0d	1073
bc5f06f9-27f1-47e5-af9f-e010f19b04b9	1128
bc5f70c1-069b-40e0-bc69-11f6330e3056	1154
bc652e01-247e-41d6-93a5-bcccf0173429	1088
bc6764a6-f5a9-4951-ba44-0a9907ae0761	1136
bc70253d-7e4b-4c63-a05a-1ff1433eb120	1074
bc725052-bb05-4756-8a87-31fdff6fb2d1	1155
bc72ea47-6c0e-4a98-8481-72a1b5f8b79d	1141
bc731c9c-0115-458c-9fbd-15f9a43e462f	1079
bc73f1e7-d0e8-46d1-a9a9-bec0b016f3fd	1092
bc74e401-7442-48d1-8a62-7751454676df	1133
bc7b50b4-62be-4995-b4e9-8f47f29ef5fa	1125
bc7f2e14-5286-4337-8720-c3f9d64fca33	859
bc89641a-2bc0-4cb3-9f2a-a7a954a01a34	1135
bc89e4b0-b082-4f6a-aec9-8c594d7400c9	1517
bc8a35ad-027f-4124-871c-cb48952f3577	1159
bc8b9aae-7957-472e-a472-07100154bd83	1134
bc8d573e-8caa-4eff-a86d-c79567864e1b	1130
bc8f6264-adf8-42e4-980d-d21a53bb1116	1082
bc8fdab7-ddd7-4aea-a2fd-105dd3cb725b	1122
bc914a89-a5f8-450c-aba2-05b3d862ab40	1128
bc95a999-f04e-4a41-a73c-d2ad297663c3	1079
bc995d05-ded4-4a7a-9502-375bd313b638	1079
bc9ad841-9d12-42ea-b5ab-3cf6e1cbd379	1133
bc9b040a-8617-43b5-9027-de8275ddcf95	1134
bc9b822c-a440-4327-8a8e-dc2f48931144	2035
bc9e69ff-c455-4fa1-a52a-d72df89e1de4	1129
bca4c2fd-2f7e-4350-ab3b-89ff006d61df	1130
bca89056-ea4a-420d-b3d6-b7f891785cce	1097
bca89461-cbdc-4504-bad1-a1f3e69b4f43	1149
bca92972-dc5d-4075-894a-f98d24feaa0e	1129
bcaad5e5-6e17-49a8-b197-e80c5f124ab5	1109
bcac094c-29c6-46b7-a0d6-b26980254e75	1077
bcb1d06f-b995-4d0a-97e7-dd126e7eaa1a	2084
bcb39d6d-6760-4862-9c93-f63ceec6a7cd	1132
bcb94eb7-55c6-4403-ba40-4770f1a06558	1070
bcc34571-0a78-41b0-94ad-de8246d1f3a6	1084
bcc3dbef-5362-460b-a4f8-14c2de9a105f	1080
bcc72c1a-cfd6-4525-90bf-871f1ce2e7c4	1153
bcc96c75-613d-4827-ac22-468648ff83a0	1071
bccff67b-0a7f-4c03-9492-ef5e810946ce	1133
bcd68d25-d3de-4897-9a47-7d0703363592	1118
bcd7410b-bd1d-4d57-8f94-6842b72981da	1129
bcd895d4-0821-4cc1-a56a-c0abde9e22dd	1122
bcda4cbb-6135-4199-ba59-42a8d867823b	546
bce66501-659d-4fe2-816c-2cf28c690544	1070
bce6eeb2-6f37-46f7-8caa-6e8c5dca6af7	1124
bce721f1-d4c1-4d73-a798-922a5dd6f9ca	1127
bce7855c-70d8-4733-8902-abfa632b4f76	1160
bceb1329-3943-4a06-b8db-296a1b8c0972	1062
bceb3e33-6b75-4a67-97b2-d0b4828d8c18	1132
bcec2247-7f69-4c60-9ef4-acfc6040b726	1150
bced2eb0-1931-4f13-ba4d-e349ce3367cd	1143
bcf04787-2f56-4f7e-a0f3-100f777fee9c	1077
bcf1b80b-68ba-4a5e-b7f9-873e6ee1cd51	1075
bcf3b68f-fe33-4be3-97ae-6538b9fe1704	1126
bcf439c1-d901-4100-9933-fce70da60a82	1117
bcf54b92-b5a3-4dff-a37d-b05d61562bc1	1138
bcf8c348-f2e8-4dfa-945b-035090440f46	1085
bcfd2d5a-bf68-42e8-b0f7-60420bbd8e39	1816
bd0152c3-3d6f-4a9d-8ca2-3fcff1342b65	1145
bd0fc993-19f5-471f-9e17-e1d981e20406	1134
bd157e0e-e9eb-438e-ae49-0d9a847613da	1135
bd15d435-b055-45c3-ab16-84dd6c9fcc9f	1077
bd15df87-d965-48f5-babd-d6d701a1c148	1154
bd1666b6-fdd5-458c-b389-bfef18e79f1f	1101
bd187e4f-6886-4732-a723-fc8fa51e5ad7	1132
bd19aeba-c749-4d9d-bc38-1047cf432764	1140
bd1cf5b0-66a1-47e3-a46f-a8a62eccbd77	1059
bd1fb229-8f03-4695-ab3f-9d306103e107	1058
bd279605-09c0-49a7-b188-55bb43be6f77	1087
bd2fff33-d770-4fa7-9e03-8140e748c4b2	1130
bd3315e5-db5a-43c4-aa6e-1b13a9126cd8	2809
bd33393c-3f78-407b-8cc9-a23589920124	1085
bd335f64-2a83-4a6c-97d6-fbb3ebff1cb0	1102
bd35b546-27d4-4e4a-809d-55b22480cdb1	1138
bd362a79-8cf0-4def-a533-6afd72b22426	1140
bd3885e4-27dc-46b9-b851-f8a4890dd3c4	1067
bd499319-a8d8-4e47-b1d5-d333033f4282	1070
bd50c6a1-81a7-44cb-8911-5ba7a5cdd3a1	1074
bd56d196-de6d-44c9-8355-c440e8c1f5cb	1125
bd596153-aa03-4038-85d9-5375f0f16e1a	1073
bd5b4765-1dce-484b-ab98-394d20a3ef2f	1126
bd5badc1-c6be-43f5-8629-e465dcab6275	1138
bd61ffb8-e599-4eca-93c2-7b805d425d48	1136
bd641ac7-7e72-4eb1-a767-922c26e10980	1066
bd642686-39ce-4070-b1de-b3e664832d25	1126
bd66da3f-ee36-4693-9d01-cf43d6a0b781	1139
bd6993fc-6333-4b89-bc9c-eb358f69a978	1122
bd6d9b63-c4f0-432b-890f-2b82fbe16630	1127
bd713a0d-0cba-48a3-89c3-8e3e8b2182c5	1135
bd717158-f5e4-4327-b5ff-53da0e36cc48	1144
bd765416-0ed1-4cd8-845a-fe7686e42247	1842
bd779c4a-f702-4aa1-b8f6-d215b8076e90	1134
bd79680b-d1d3-4cee-8342-ee3e8fe9f50b	1124
bd7e7105-33a9-4cd3-a5e5-156d294f9ed8	1134
bd81ab8e-f369-4606-81e3-b02d618490e2	1135
bd83406a-88f3-4ce5-ad97-123d184f6b9b	2078
bd876856-fb19-4423-9c9f-e4e5db269f77	1128
bd89c818-973a-48f3-9681-60ca243f8194	1080
bd8b17b1-38f3-4868-a080-76289f9f91ac	1130
bd8df189-dcd0-4244-8d81-511ba7090fca	1128
bd8e8609-9451-49ec-9eb3-793f837038d1	1094
bd8eb122-70f0-47e4-bb77-639f428fd068	1083
bd934342-c2bd-4acf-a831-3e833360681c	1071
bd93a160-b2ba-4cb2-9f7a-21498993e29d	1132
bd948416-b4f5-49c6-8e34-3809b168b1c0	1147
bda0f14a-3f85-4e9e-a34e-ae3d5489bc63	1140
bda3505f-b3d3-4c7c-870b-ac56b3cfe144	1084
bda473ee-5480-40a7-bf39-909bbbee17a9	528
bda72bc2-39f9-4773-92ca-5fb5ea3b72e0	1063
bda7de9f-b9c8-44b4-bae5-b1b19303e9e3	1137
bdaa5616-a729-4466-bb95-84c8d359fb1d	1082
bdad2728-37b8-4773-a860-7153e289b53a	1096
bdaf9361-0d58-4808-956e-927d28e963e5	1132
bdb3930e-f8de-4920-9abd-b506304b1704	1084
bdb951bd-37aa-4658-b88f-75e8b83fa38e	1140
bdbba11b-860e-4f64-955a-aa1ee59a3e96	1161
bdbd0397-665e-40e2-8229-1bdfd6778aca	1139
bdbf934b-f35f-462c-b324-c68527852475	1133
bdc1edef-9d28-443c-b848-f0adb2290156	1149
bdc3e549-cee2-4ea9-a4c8-96505e7808bd	1140
bdc7940c-5ccf-4b77-a7b3-f911b7992165	1142
bdc7ed42-0ede-4e27-8e6b-150fc08b615c	1134
bdcbb3c3-8f36-4af9-9681-e44ccbfff703	1152
bdd0113b-5b0a-4644-b915-bb0973798a2a	967
bdd66a35-cb5a-4618-8509-f7405098d623	1161
bdd6b310-0eed-4a3b-93a3-ceba9cf4e83a	1235
bdd7d974-12df-485d-ab5f-d1730a2f9c48	1072
bddac94f-c5e2-4e0b-95f4-654d8e15c063	1076
bddedb71-f03a-415b-9e89-9d6d407edc02	1072
bde3ac8c-3809-4921-8bc3-0895fd7f4b67	1068
bde7fbc3-b4c5-45e6-81e7-21c53d46e957	1129
bdeadfea-9e17-4276-aab0-13cb2df8c82c	1066
bdeb8ffd-15b0-4bf0-9941-ffd6ce3f0c75	1124
bdec813d-3cca-4100-b10a-e6b851aeb168	1072
bdedfa05-908f-4659-9fe0-84ded6d58d20	1095
bdf0797a-a96d-42fd-aaff-9310532ded51	1345
bdf17c6a-1dd3-4296-8e73-454ba4b22966	1123
bdf18a1f-e35d-4ab6-bafe-dca50c60d2fa	1078
bdf403d7-71b5-424b-8753-9f8dfb30a621	1120
bdf76f09-0d6c-40bb-88b6-7bfa03c21cf4	1136
bdfe887f-cf67-4a57-9704-ad0fadb01e64	1123
be077b9e-bd4a-4196-bfa8-994dd9ddb8e7	1120
be093c4e-87fa-4aea-bd52-fd88bab94458	1126
be0a4a23-ac50-44c2-8816-745f0ceaeff7	1065
be0ae7ed-045b-40a3-8e69-35faf0a3d55b	1136
be0afc54-713e-409f-9654-e23c74b52433	1128
be0e18f4-5a65-4027-a4fd-f30ffef82380	2060
be0f23a7-dcc4-4bd6-b766-f7d5848977ac	1040
be107d30-05f8-43c4-aad9-6ea78a7fbfae	1132
be111d94-d16e-40fe-b59c-6fd9c30b1939	1076
be12091b-eb64-4a92-910c-ddd8b3949fc9	1132
be15627a-ea4b-4277-92b7-dde0b0c95667	1078
be186562-6b88-4290-884b-e07bb8afd68e	1067
be24a5ff-1e29-4453-b4e3-998b7cd91b0f	1072
be2aa0d1-3117-4c47-a1f2-65e2e12c13e7	1117
be2aaec8-1bc7-44d5-ac59-000958dc33dd	1151
be2ae0b7-1aee-465c-958a-532fe882755a	1134
be2e9007-c466-400f-b00d-b754cc33d54f	1129
be2f1b75-28f2-48e3-98c6-414d2e3510ac	1130
be30b989-64ee-479b-83c8-f77485cd1cdf	1127
be37ca4c-97f0-480b-ba11-16fc61317187	1064
be436cc2-0696-444f-98d6-ac122090fdd2	1151
be453ff6-0b61-4b54-b61d-d481310a1c1c	1108
be47038d-d048-4f25-a3bb-6421424655fc	1144
be48d316-912c-4eb8-b0bd-a777e8e2f5b5	1068
be48e54e-6cc5-4d33-ba06-43f29ac53700	1077
be49526a-03e0-4347-8edb-c59cc0d197e5	1161
be4a2da4-e1e1-4ea9-b283-be9e978b96ea	1077
be4db5ce-0485-4725-ab71-7d45f4aa2880	1130
be4ef54f-90f6-47f4-9985-61bde4e2e61e	1071
be4f31ac-ddb6-48a2-b5c5-7229d170cd2f	1114
be51d9b7-3f3f-4cba-ac7c-c325a6a8c487	1506
be532813-0f9d-422f-b81f-e6f82042979e	1131
be56adb8-bfc7-455b-ad3f-de77ac132001	1150
be5761e6-89ef-4ed3-8be6-637ffd84be82	1079
be58c02a-dd26-48f4-bde0-dc972b545a56	1069
be5a0973-8a85-4111-8300-2e976fa3e614	1131
be5c41e1-2cf5-4dca-8291-be79ecf89aba	1140
be5e393a-09c5-403b-afb3-cdc652efa6e9	1162
be66cf36-24ad-4435-9319-e39a6ef347d6	1064
be6c7515-faa6-4ddc-9905-c050422cc778	1082
be6c79dd-6629-426e-bbee-5a2fa972e505	1136
be720e8e-72e5-43a3-b14a-7d354b1eed45	1072
be7633c4-1c5d-4edb-8d64-6e6ef2287b31	1142
be76d690-469d-4f15-bb62-3215c8261e0f	1076
be77df71-9627-4395-85ec-43753e479bfd	1146
be78e1e6-d332-40d5-b408-755ba750bcc7	1138
be83451a-b863-4a55-a4ff-b7eba45c28e5	1073
be844f7e-07ec-44c3-831b-3d52e4e88fa0	1137
be852754-0ee7-4bdc-b8e2-a6f7f62dbf9f	1125
be85759e-5122-4d45-9f44-93caf6e13f93	1137
be89a71f-9460-48b4-99ea-1d9b25f624bb	1110
be8c0d19-82ad-40cd-8268-926041d26cb0	1133
be907a81-f4d0-4f87-bead-34988b24fa3a	1122
be93d1a4-05ee-4767-9adb-5617ffce5419	1074
be95945c-c31e-4bcb-a4d9-2a242ec1ddda	1126
be97beac-eca9-4528-a001-c4fcb9857669	1129
be990614-5f59-4b39-aaaf-bac0d4a053b0	1133
be9ee639-c705-454f-a319-cd9b2f141e89	1142
bea5076d-2ffc-430c-9062-81fa94321557	1149
bea559f0-15e8-45e8-8d6d-6275fa1e9ab6	1075
bea7b6ef-6afc-4586-977d-8a91d0f11592	1095
beab4703-5f95-42b3-bf45-c2a61e105462	1071
beac7ecc-4959-4ed0-b89b-44e35327c9a4	1071
beaff2f6-0820-4a29-a13b-12614cd2ea76	1129
beb205e6-5c11-4cfd-9e7f-3f77272dc905	1069
beb61b4a-01f8-4277-baa6-a09ded1f9c2f	1026
beb85c0e-2bdc-4ae5-870a-682a4fcf792e	1138
beb8d925-5e4f-4ef0-8710-4585ad5218c9	1132
beb90315-54e3-4f97-aefd-4fb0524a857d	1071
beb9150f-23e6-426b-832c-1626f3d1bbb7	1102
beb9d462-0636-4ffb-b98a-c59eed81009a	1052
bebaf9a3-164d-4d0f-bed7-6e4e758936ba	1120
bebdbf6c-7a2b-4730-bb47-3bb56ec8dec4	1073
bebec4f4-0961-466d-b9ed-55c1c06cf3ac	1124
bec20b6c-6946-4985-b642-86a47e712e11	1134
bec233cf-35ba-4962-a21a-6a4746c66520	1072
bec74ff7-48ab-4a66-84e6-488d1e7204ab	1067
becea584-b170-4a77-a7b6-a7544b84b261	1142
becedb73-e4da-4f98-bd89-51ab5f309744	1135
bed0d405-fb42-4eda-9932-6239558155a8	1076
bed2f9c5-d821-4f5d-ab80-dcf2f39a92c5	1168
bed8afeb-a5f6-4ca9-af9e-a5aa54d5c31d	1047
bed97bee-52d2-4a94-b1e0-3b8eaa4aca25	1134
bed9d94a-cea5-46df-aba1-7d92e263a866	1130
bedc40df-52a2-4a82-89cb-fe735a3d75e1	945
bedc67b1-33bc-4504-8933-ef36b7f1643d	1132
bedf468a-b243-4e60-a09d-654d4735cd41	1137
bee114e6-e210-495c-ae52-f51c9fcdc093	1128
bee11829-098a-4359-abc6-8768cfa0d399	1080
bee26bf5-77b3-4a56-958f-092ad03320e6	1145
bee73a98-d073-4238-a439-7e65bf6b1984	1073
bee78613-d3e4-4007-8f12-452811b84497	1128
beeb4615-dd1a-4fca-b2e8-30b96242ea8f	1097
beec674e-08f9-4bd9-8c74-391f1b6eb4f5	1131
beef02d7-9192-4185-b54c-10ccf5587eb4	1117
bef07d3b-0887-4772-8452-4c853e5e8ce0	1101
befb77f0-84d6-461e-8619-033ef37687e2	1075
beff6598-eaa9-45ce-a941-5ec6a70c69fd	1135
beffc3bb-4934-4770-ac05-1a21e0c18d07	1076
bf049fa7-d4b7-4b42-ae92-12d2af86f1a2	1062
bf09be83-4d45-49f6-af7d-00bdd36ec4c6	1088
bf0ad6ab-af18-4945-a16d-2829dd6cf8f7	1165
bf0c419a-be91-4e67-86fa-7e254036ecc5	1075
bf113ac1-ff46-4308-bb0d-400be6fb64dd	1125
bf1bfc74-0fab-45da-9536-6b336c6cd9c2	1149
bf1fd894-b681-4829-8dec-c908d5fedd47	1080
bf20047f-3c64-4567-950a-392a4eb84daa	1081
bf205233-6dc9-4326-9ed6-804f0e40915a	1134
bf20598f-2c07-4f4c-9711-b270cf6a9647	1073
bf20638e-275b-492d-9309-641da65ce290	1122
bf24abf7-afb9-4b1b-9d01-4579898265e9	1127
bf2864d0-bf79-4f95-a1a3-7bcb50e2de50	1072
bf32fd99-9a32-4ba9-bab7-e0941ac76b40	1127
bf3c5653-935d-492b-b56f-40ddbd639414	1138
bf3e17f7-e855-4638-8d88-c428fcccb54e	1154
bf3eb6e4-2c05-4db0-8e85-4d29c49b53f8	1060
bf40561e-b3d3-436e-8040-380888fb9d47	1072
bf41143c-797c-479d-95e6-d5f754493ed7	1062
bf416aa0-5969-45d0-8bd3-fa2d3d9cfdcc	1132
bf4207aa-a84f-4aad-873e-8e2a92b80532	1156
bf42849d-760e-4680-9893-14dd767d4fa5	1136
bf46ca58-0333-43f1-95da-2c50ec6f04a5	1157
bf48869f-2b74-480e-8bf2-9166c51b61b1	1067
bf4ad088-b3ec-4ad1-a431-6c48b9fca68d	1136
bf4b5ed8-1cc5-42d8-8125-498fcdd82b9c	1136
bf4d7e37-5a42-47b6-b0c1-71d0ffa2df9b	1128
bf4fe5ee-bd87-4252-802a-1229ac06e225	1143
bf533051-389b-403f-af5a-5ad7ce4d60a8	1139
bf564d63-4cf9-4b92-9cfb-7c4dbbe139ab	1065
bf57dd84-e2d2-483d-a336-07caa7508bf5	1132
bf591101-49c1-4650-857c-aacdb7157714	1132
bf5ff63a-24cf-4641-95fb-4b30ad5bb89a	1067
bf640476-7504-4445-8e68-6813c2f89d97	1131
bf6835f6-68fa-4e9c-8f5c-c01c22a06e21	1141
bf6a8ed5-905f-4068-9943-b5d894cd6582	1135
bf6fab5c-d1a2-4520-a405-54a541f32311	1144
bf73933e-f2dc-4d99-9764-37d811b1c482	1122
bf748608-fb34-4743-b666-da7d9475dcb0	1132
bf75d6a5-38f1-43f5-abf0-5308790d5915	1136
bf763c45-9317-4773-b805-eebea77d4678	1069
bf7edb4a-0710-4ec7-b1aa-dbd87779969d	1081
bf807600-03ee-4a26-921d-da1876c8d81f	1128
bf812320-5c5d-47d6-9339-5fc127c3e6e6	1167
bf827375-8ee7-43f0-8b3d-1aec30857115	1872
bf82a7c2-9bd5-4206-a8cb-37ae443460e0	1065
bf838723-ed74-4272-934c-f1ff8fa20c39	1146
bf8582a0-0887-4d30-b4c1-50eb2aeb6ee5	1084
bf874bdb-61fc-48bb-a89f-8fe8ef21e1f3	1128
bf8c96af-fad3-4c74-b27f-4c0437c8b60c	1138
bf8fc6e8-283f-4e6f-b46b-19bd9f3f7118	1127
bf8fd235-5266-4bb7-a3e7-4a1f56405fe4	1075
bf960fd3-9639-4ff0-a2d4-904dea976e6f	1140
bf99247d-cb19-4bfe-8f30-e78fcd0ded1a	1124
bf9cba22-e993-477d-8225-2b273c961f84	1135
bf9e9ed0-6798-4610-ad86-a2e57cee3c5a	1140
bfad0748-6375-4859-8f65-6d7140ae2eb4	1149
bfadb73c-559f-422c-b180-c0552faa3470	2012
bfbbac9e-d14c-4d8c-877a-8207c2e3abf9	1143
bfbfe392-5d85-4fa9-8f99-45f72ad4005c	1126
bfc161ff-db27-4c34-8950-5ff3b185d294	1141
bfc374cf-c5c8-4010-b91a-1732ad5208ec	1073
bfc79ecf-75ef-4309-951a-29e153ce1bf7	1073
bfc7bc34-417b-4b00-b0b0-ebd25200c456	358
bfcd0126-1d7c-4736-9a99-efb0f20460fd	1072
bfcdf224-efa1-40ca-b517-614ba597207b	1069
bfcf38f6-df05-47ce-9485-93d5312486ff	1083
bfd1a02c-5684-4dab-94fd-da60e46aa158	1093
bfd3bd3d-6006-411c-9e02-b7435fd4994a	1162
bfd47076-00f6-4390-a2ad-28e73e8417ff	1137
bfd92767-894d-410f-a0b5-b7536ea78079	1442
bfdf6840-4dd7-44cd-aaa7-ef98c63fae04	1137
bfdf8f26-b94d-4748-992e-bc4fc0656064	1132
bfe11a3a-99ca-4614-b609-6b8ebd9d635d	1135
bfe1264f-4111-4faf-b70c-dc8c616115c1	1135
bfe2d0a4-727b-4341-a266-781adcf950ef	1126
bfe45c4d-c142-4426-a54d-1be3cbb92278	1130
bfe5182f-8b4a-4267-9853-1ec555e0b9ec	1070
bfec4f25-1c26-43f9-8b38-d5ba46c8a5bd	1133
bfed2f39-fa81-44e5-857e-641972d15d4d	1127
bfee5a78-2ae0-4d22-bb2d-648f8ecc9074	1071
bfef2089-90ac-4249-87fe-299c46436f1a	1075
bff21d11-5ab5-4d9a-be13-ad8fbc7d3297	1109
bff63ef3-971e-427a-b258-31412ddbf1a6	1129
bfff8310-5461-44c2-b393-ddffdf093e4d	1124
bffffbeb-e207-4f92-8650-a5efc9d9cca8	1137
c005e2dc-a4ce-4416-9ad4-5961fa85e7ea	1122
c005ff6f-4692-467c-95c3-74cab8585fee	1138
c00e9622-0d9c-40a4-ba70-e92b70ea9ee4	1159
c0122a9c-a71d-4295-8340-8b8740cb6a77	1064
c0135a79-d518-41d9-97b5-16e536853c72	1071
c0156c61-4acb-4957-b980-777a07ade0b4	1133
c01c68c3-d62f-4b74-8aac-8229794e1d93	1064
c01f201d-ef89-4833-9137-e14f38f8cc7d	1156
c01f336b-1806-4ca1-ac96-2e54dc5aa453	1137
c02473b5-1c94-457d-8690-7a3818593f4a	1073
c025e22d-1e08-413d-b873-101a0aa7a75e	1045
c029f661-37a4-4100-909f-46a0685c85b6	1133
c02d9642-846f-4954-ab04-452ec56b103e	1130
c02eaf56-a14c-422a-a246-88d5e6c30540	1135
c02efa87-39e9-43d1-af05-662bf15adf5b	1127
c032201e-96ec-460d-a760-e454a33cc7c5	1136
c0325708-50be-42db-9fde-f197e34e03ad	1142
c03268c1-2627-43bf-9d0f-d2f7998fb60f	1137
c033f0e3-97a4-4469-9992-344e974bcfe9	1468
c0372693-9d17-46de-a3d8-1e5530919af7	1062
c03ba575-c350-4a8b-9462-752a53c885fc	1141
c03e42d3-5ddb-45a9-8e8b-30e66b94158d	1075
c03ecdde-265b-4135-8d33-160e0179aba9	1138
c0407224-0542-4b4b-abd6-fcc6e806621e	1072
c0414e53-8f9f-42c9-92db-ad19599f372c	1145
c042912e-8783-4020-80d4-984b7ad1cd78	1079
c04306ef-f348-4993-a971-1b1b94beb88b	1076
c0459745-966c-4c83-9863-bffd15f42fe3	1084
c04644c3-9c5f-4c25-93e9-8ae1cf01b930	1137
c0474204-ece4-48ab-abae-267bf1a8133b	1101
c047f7b8-07da-4a2e-a211-12e99906e205	1136
c0488a33-4c35-4262-9bb3-858f273073b8	1129
c05479d1-ef39-42b1-a788-528e09650ddc	1471
c054bb3c-6657-4ca2-b8d5-bc7718af9778	1131
c0557de2-5356-4f7d-8aae-eb8c6d8f57f2	1076
c057a4a8-5da0-4bd4-b564-9a35336deb32	1163
c057aaf5-2cf6-416e-996e-4a5d0e980656	1135
c059cfc4-37f1-438a-bda0-a9168e974e58	1136
c05edaa5-e14c-490f-bf04-7262d0ab904b	1090
c060e472-89f3-46b1-a6e9-b8e3565420d8	1073
c061add4-2e5e-48e0-b6c7-7b867c9b7381	1069
c0644392-b5b3-4766-8141-a197e17d2a8b	1133
c065301d-d959-49ed-9a0f-9cfa2af8400e	1120
c06919f7-c310-49f4-8276-ca5473ea505c	1097
c0709392-4d73-4d22-9b81-1253191a50e0	1138
c07e8915-1f7b-4c41-ae83-914c9611d373	1075
c080b6fc-f5a9-4a8c-98e0-b4cc5a682a12	1130
c080f137-8319-48d1-8e4d-272d76a09660	1072
c0826ada-3a89-4093-b564-a7801e8f407d	1132
c0867ba0-c0b5-4efd-849f-05b998a80548	1145
c088fa7f-e457-4bbe-8057-e36f16b8da2d	1075
c08e4cfe-f48b-4b79-a7ec-177a71bd7876	1117
c08e86af-20e3-491c-939c-3ba9125a80e6	1119
c0911880-9f4d-4163-b943-72d00a058611	1129
c092a718-7019-44e3-8c2e-0608007ff9ad	1160
c09ad1a5-eef3-41df-b74a-472e2508d57d	1122
c0a2cea7-486f-4994-80ab-4ea2860a587d	1135
c0a31616-7147-4409-b0b9-dbcde0c11574	1078
c0a99b7b-4063-4740-8134-6f50e2ea5a6e	1069
c0aaa865-9a7a-460c-af00-30cfee18a72d	1133
c0af8471-cce2-412a-8609-952e3cc71164	1141
c0afa0cd-63f6-4251-8f1b-13c9e301d1a2	1070
c0b2cea3-3193-42e9-a772-f4ee2ec1d679	1141
c0b372e9-d960-4f50-9d07-73e416895186	1160
c0b45303-b5a1-4ae9-b735-e8ea37ad7275	1164
c0b47e3f-7d6d-48ee-884c-b7b9c4743753	1067
c0b5e3a7-107b-4761-9a3a-1ee5be6059f7	2072
c0b72fad-5511-41ed-8683-a522900a8e08	1133
c0b7498b-aaa0-4bd1-afbb-dd964e81c445	1068
c0be7d01-51ea-4605-b44e-f217b90682da	1130
c0c05fbe-4aee-487e-a50d-bccc425007c0	1148
c0c4227a-ad56-4749-a730-d142bb8d4d3b	1157
c0c72161-818a-4833-b28b-f7c0a07fb5c9	1061
c0c8260d-46b7-4d5b-9352-48cb7f3a4ced	1079
c0d0f203-9788-4b21-a243-31bd6caa3f6e	1076
c0d3ae72-9010-41d0-aef1-29aa3feebaf6	1069
c0dcd737-ffcb-40db-b33c-8f7b36dc0350	1092
c0e324a1-328e-40d3-b999-9c6e72205fa0	1072
c0e3b1b4-67f9-441e-9e02-ed3f49ddea48	1135
c0e6428d-f707-4545-9651-60691684142d	2158
c0e6873a-8647-40dd-820b-938aaa16e5eb	1125
c0eb6945-49e0-4200-b385-b86185604fc0	1132
c0ecb203-d304-48f1-8a2c-4fd9cd889f27	1069
c0eecaf7-df6c-40e5-99d1-a92e64125d3a	1535
c0f27b5a-e21f-4d94-968f-6a9948c486ad	1137
c0f67094-6ba6-4065-ac39-02b035e5ff1f	1134
c0fb8bfc-ec07-42f4-9418-eff2abcaf64a	1067
c0fbcf38-15a9-486e-b00b-7678d3f4c0be	1135
c0fd8e8c-20ce-4b68-a027-64b7b7272f02	1137
c0fe21eb-c07a-4cc7-82db-0414d907c72a	1131
c1002755-cfa6-429d-bf2c-07f8e79b058a	1129
c100d6bb-c3e7-4fe2-92de-0d36e4645c32	1129
c101325c-871a-473f-9289-5f6354c69b63	1134
c1031357-ccf4-4442-8123-f76840da7ca9	1143
c1075aa9-125a-483e-b0cc-a3c0fd6b899e	2028
c107f075-733f-4b0e-971c-da4db973e727	1131
c107fa38-ad58-46ca-b20b-a1b8ffff4186	2080
c10b0fa4-0087-4da8-a29a-accd48ecaf01	2055
c10fcefe-8883-4192-99bf-1f76dde45261	1145
c111074e-7c33-4bc1-adf1-bec57e9d306e	1075
c113c698-73f1-42a1-bf1f-a3a65a98df4d	1077
c113e079-8a93-4776-a458-caa4576a3036	1132
c1149c53-86bd-4ff7-89ec-6f62ea4d55c7	1128
c114c205-9815-41cc-ad56-7e87e8aa4933	1138
c1174219-3dcf-4728-a184-afbcdc681021	1133
c1197a8e-d95a-45c9-b09a-264e69bea0d7	1059
c11a0967-9d29-4d4f-a2eb-ef711d5047f5	1091
c11e256c-ff9b-4b89-8943-c833b9fea74a	1132
c11ee68d-2353-488b-a5af-ba65b3b893e9	1130
c124f088-2f88-449c-b97d-030411c1b72c	1141
c12d5515-e525-4c2a-b568-85543604650c	1080
c12f1a13-8974-4bbc-8416-7fa07bbc7fa5	1071
c130dc84-2290-448b-bb79-8658e2a455b8	1924
c132444d-8d51-42e2-be7c-1095de8b8475	1128
c132cba3-8393-45db-be15-e889008ea4ba	1145
c1360154-c095-45f7-aa34-605b38667ea4	1154
c138c284-954e-42e4-9d3f-b6623d05012e	1144
c13f24fa-74e3-45bf-b664-0dabdd8d8963	1125
c143775e-45c0-4b43-8ae8-8f29409d3ecb	1128
c1443160-9698-4b17-8f0e-00a151fd418a	1090
c144e0bc-fcbc-4677-875a-64dda97557fc	1064
c14d2a6e-86e9-4ac8-af9e-e4dcd7706e1e	1150
c1505ed5-46b1-4b1c-a1a9-ba405473bf67	1131
c1552c2f-8e21-4a0b-8425-5e977176b081	1136
c1562aae-c6df-4211-8b19-b2567896dc2e	1136
c15b1697-3651-47fe-9f90-55d441921c61	1136
c15f41fd-34ef-498d-813b-460e25aea34e	1131
c15ff621-c818-4638-8637-9a9a9718da79	1084
c1619095-08dd-482c-a7d9-490271192ed7	1301
c16506fb-1f4b-4cb0-98c7-6a397df7ad19	1077
c1658267-3bce-4c4d-ac50-07c65bb6c863	1072
c1667afd-c4fe-48ee-bc0b-571b95167180	1141
c16891cf-b926-4d59-bd37-2615ecf8f56f	1070
c1697a3e-833e-4bdb-860b-19ab51b32cce	1085
c1702056-634b-4017-945b-8d571756c86d	1068
c177fbc3-312f-434a-b535-cc519bb2d3eb	1139
c17b8d06-dd5f-4079-b2a3-43261efb9bdf	1091
c17c0e7c-c5eb-4f84-a8d0-e359e2d1f1c4	1059
c17c71ed-c676-424a-a33a-12e166f8fd32	1104
c17c76f3-d3f1-40ca-b87c-154f2d4c5a30	1133
c17f14d5-4f57-47eb-b4bf-3905a95a84c3	1132
c17f7417-fa13-4716-a26a-4137cc6f1101	1133
c187ea56-9f84-402d-9c2f-f1e784edd779	1142
c1897739-be90-4db3-9ed7-aba6192502d2	1132
c18db7b0-ea4b-458c-8380-ea538d3b9630	1077
c198319c-32e5-4c20-9ad2-7d79f752e000	1081
c199c31d-d140-46a8-bcd1-63a0e5ff9343	1479
c19a2892-52ae-4fba-a192-9f2d46d14efd	1132
c19a3c63-49a5-4bd1-be04-d5a80276e2ca	1134
c19aca25-7474-4c9a-9bb6-c945e6beb233	1077
c19b0701-5907-4994-a43d-a718c954d5b0	1073
c19e8741-8aff-42c6-ba3d-52e835acb624	1077
c1a0f0de-c5a3-4c72-804c-ed6a7fa8448f	1084
c1a1b8e2-82ec-4ac3-8a88-bc5d320bd647	1129
c1a648ff-0cd7-461d-b3bc-aff5532f13db	1137
c1a6c12a-256f-4a6e-bef2-5a4b89454b60	1117
c1a9b912-541e-412b-9581-ce27cbec9600	1138
c1b0ddc4-8b9e-461d-b602-462381eb9b11	1144
c1b23c79-f40e-420a-bbe4-1023a00dca0c	1088
c1b40af6-ef7a-44c4-86c2-135c65cbc61f	1066
c1b4e0db-8f81-4506-9697-21b4bdcb56da	1073
c1c127b6-6e8a-47dd-a79c-36cbb06f867f	1154
c1c274bc-0430-4371-ba38-23dfbc283beb	1131
c1c29541-6009-4acc-b69d-b015c6d19f07	1127
c1c2f5a5-612d-4239-aecc-103f5875de7b	1157
c1c38211-d927-4b91-b358-9b4de4d4d50b	2045
c1c637d1-1f4b-4703-81f8-f0a79c08398c	1122
c1c6a3e0-9a8f-47f6-b9f4-ef7e4cbab324	1099
c1c7dc1c-6855-42aa-805c-4f250eb02e0d	1075
c1c91cb5-254c-4288-b27b-1ddfbf6b20eb	1134
c1cb1af3-e9d3-47ea-b747-c49ab433be8e	1127
c1cc292d-4ab9-4603-b843-7d75b81f5020	1066
c1ccf5c3-9757-4243-aff8-c35705157482	64681
c1d398dc-f274-4a57-88fe-fdb99ef2498b	1145
c1d61a46-ffd2-43ab-9e81-3d3bef552d7f	1075
c1de8e32-b20f-496f-9129-d74bac37a968	1127
c1deae2d-f6ab-480e-9a42-f2d3e30ac187	1092
c1df1fd3-d102-462a-b029-98fe70461243	1074
c1e5735a-6057-4957-bb73-cee7895f4200	1143
c1e640b6-8ec4-4771-ad9e-e91a0b579e71	1165
c1ede0fe-63e9-429c-bb07-c27d28c9dc1b	1170
c1f30575-b5ed-40ea-9b5b-8399ebf4ae54	1137
c1f59734-4761-47a2-bf89-2c53ba21c262	1077
c1f6eb82-619a-4e58-86dd-dbf3c92941a0	1077
c1f9d26c-ab47-4513-a664-b9933807c837	1119
c1fa6f7a-5718-44e6-b2f2-787d150a0c07	1085
c1fb6979-e8aa-4c35-845e-17b352507d9b	1147
c1fd2106-95e5-4cb2-8f72-891ccdc9aeb3	1150
c20022d5-253d-452b-b208-a39dd1d59f7d	1154
c20154ab-97ac-450d-a997-a8518e128741	1103
c2026065-dd7c-4d43-9152-d91789ea4851	1080
c205f7b9-5b73-4d63-98a0-5417877a0e88	1060
c20d776a-8641-48de-b438-c3e04006ac94	1070
c21123e7-0704-4b60-9537-8b664083bca1	1076
c211248e-16c6-43e8-ba3e-3f4992d786f7	1072
c211fdf9-68b2-4734-8dd9-bee20fcd1aa7	1138
c212a060-4337-4bc1-9547-4bb9591816c7	1068
c2169be7-16b6-4869-ad88-c0ba8f8b5787	1161
c219bb9c-f2d1-4d3d-89bf-b2f72c7eab42	1138
c21dabe0-aa5c-4c73-b401-3972bd563826	1132
c21f3440-5770-43ba-b2e9-859c5ecdc94c	1137
c2230974-449f-49fb-877a-335e3fd7e3a8	1134
c22b0383-ca95-4979-a9a7-8a03e7a9a8c8	1131
c22f8c52-6334-47a2-a308-f0f32ce43a62	1096
c231c179-2bcc-4864-b684-77f81536a45b	1162
c231d1cb-49f6-436d-b6c3-19a650242ca8	1128
c2357720-2cfc-4635-b722-82e119fbde42	1112
c23a7bc3-4c26-43e7-a330-5210c12e6cad	1075
c23cc0cd-d379-4ba0-9b33-7311a09e1ff6	1139
c23d2936-4605-42a9-8c67-a103f21c0bdd	1130
c23d7191-a827-494b-828a-6380e4add78f	1138
c23de715-bfe8-41bc-a00b-806fe5555e0b	1128
c23f53fb-3aa0-4b77-918b-b4f261583285	1028
c242b731-3ca5-465f-bcc6-c53dbc74889a	1141
c24708c2-d56a-4302-be48-bcc652368f09	1125
c24a7dae-4ada-46f4-bda2-201d207891da	1131
c24dfba8-71fd-4525-bd9c-7dece70e769c	1083
c24fa11e-0505-4967-b64f-d2f18eb36cee	1935
c2508a56-7eae-4b29-8c3d-d0f7aeca8de0	1072
c251f01f-3637-4ad4-b95e-76bc40a821e7	1126
c2524068-91d9-463f-a415-8417a7817c05	1130
c25315d4-6c33-46ad-9739-82e1ead59cdc	1138
c254211b-cad8-4ecc-af19-3ac15da7f311	1134
c254517e-cd2c-4704-af81-39071ed026e8	1071
c25721ed-7446-4604-8d12-59c4f90f991d	1082
c25c8496-0865-453c-bf9c-1677bc524a30	1142
c25e9cf5-185a-4b06-8a3e-24befa4ee609	1089
c25f58d1-b6bc-4bca-8e6e-5c2efddb8938	1065
c2608c1b-1d19-44bf-90f8-4d9783dea3f7	1058
c260d467-2c15-4a6c-9898-ee611b85614e	1132
c2610be7-d100-40c8-a4df-8171cd0d08d7	1072
c262fbaf-7f19-482c-9511-ad8faad5b246	1124
c2647bfe-1ed6-4fdf-b37b-eaa2e1cac6f0	1074
c266b5df-e943-42e1-a0f4-98a28ce75a1e	696
c266d58d-acb8-40a1-ace4-0edb3bab63f4	1140
c26734ff-824b-4807-90c0-5edde5fbd707	1074
c26ed4aa-b6cc-4d5c-96a3-ffe2f4ec2cc8	1126
c26eff64-6a86-4a90-94ae-f8ca902166cd	1129
c26f580a-7d51-4f56-b220-6c0e86b323fd	1126
c2716b16-468b-4b2b-94b4-6bff5b3e64d7	1129
c2742dcc-124b-4038-a4f1-d929d38ad5ea	1074
c278ce84-6791-4b63-8550-6c57909007bf	1128
c27a3ee7-4269-45f1-a0aa-f4a088b4c473	1137
c27a6044-2403-4736-9b6c-f6768a39e7e5	1077
c27f27d7-574f-436d-815b-bb425b025a5d	1136
c288510c-f8a3-4dc3-9363-de2d63889c3f	1529
c288977a-e6c2-4e86-b6db-67b7e9979c10	1113
c28da36a-bfe7-476f-82f3-f15a6df64c93	1137
c28f724c-0c7d-4cc4-8fff-51ffe856ec2e	1137
c290060a-bf59-415d-be08-0da65020ad3f	1079
c2929602-dfc0-4188-9e2e-797da806a1f9	1128
c293ae33-8487-45b2-98e9-5e3773a9ef18	1058
c2986756-9c72-4331-bb5f-fd77bee5a98e	1137
c29a22f3-8d3d-43dd-bd70-c78a4d3f3a5c	1132
c29babb5-501f-422c-81a8-646e264a7578	1139
c29c04ad-2592-474c-9f1a-9d0aba05ca4a	1079
c2a03bbe-b155-4c59-b579-b26a3ca2d35f	1069
c2a15843-434f-4215-a31e-170b0eaac0cc	1103
c2a4661b-d08c-4f86-a844-c0779ecbcc50	1069
c2ace878-9e8d-4a98-a48d-dccdfb247161	1132
c2ae150f-08bb-4a2f-9ae8-81a9db4b5697	1154
c2c3b6d1-a092-4580-a01b-e5ba28e7b2bb	1056
c2c57526-79bd-433b-8cf9-077ba3e880e7	1129
c2c76fa8-3ab3-4bb8-829e-28406b57aacf	1132
c2ca55be-6e5e-4c8d-9ffc-c6562b7ed52f	1078
c2ca7f7c-293f-4ab2-a44f-eafc39afc410	1138
c2ce713e-3615-45f6-9f13-3e69c0e873b2	1172
c2d18c3d-294c-4d4a-842d-d9d1328136c1	1061
c2d58b36-eefe-42f0-b4f1-d25471f32b1b	1067
c2d7131d-a1b1-485a-9836-18cc1bb074b9	1135
c2dee6da-fa68-495d-98fb-95b804e1c7e1	1131
c2e07da4-9fbf-4ccf-9361-22d96a5174d3	1543
c2e24b83-b5df-466e-8aa8-b9b48b42b8cc	1076
c2e300f8-2eec-46c9-bb86-0217059d7fd5	1134
c2e9e4ef-e6cd-4e66-b274-9eb0ac243a9e	1123
c2eb5dca-048f-4197-a626-9f3a85512db1	1142
c2ecdf44-aa86-4127-98cf-66008037a7b5	1068
c2ee7b44-1415-49bc-809d-834160157127	1132
c2f11663-1c86-4242-9a93-7e8874a9a8f0	1061
c2f45803-9b0a-4eed-9cb9-16bd10b07d70	1077
c2f5510e-f555-4d65-9b8a-29b199405746	1147
c2fa394d-fdc9-4a48-bc7d-6901cf3237ba	1130
c2fc598d-70fb-431b-840a-f425f2792b66	1079
c2fd0d68-0655-4ea7-afa3-4085e64f54b7	1137
c2fec6d2-bc8f-422b-986a-828761c3f4fa	1090
c30118e7-b19f-4b2e-9ba9-4de062d6c892	1141
c3032727-5191-4e62-9aeb-0d3dabd5176f	1136
c30643f0-121d-4b3e-9bcb-4e1835be3754	1075
c30e3779-ec3a-4bd1-bf85-b10e1d035cb5	1070
c310f9c0-5014-41ce-9d34-39819e201944	1070
c311f2c8-1909-4925-a633-22cb88fdd28e	1077
c318e601-9e0b-4284-98b7-e514d00bea5a	1074
c31d9963-7367-4f91-872a-c05120403b6e	1093
c31fb66c-7df8-4094-bc36-f67e929a73a6	1136
c32714aa-f4d2-4bcf-a364-5e6b52d19397	1077
c32a4636-ccc1-4296-89da-f5a9d1ffedb2	1125
c32c6032-81d4-48e6-b295-79bdcec71d75	1067
c32e0a62-c255-4c18-a32f-db98bc877765	1141
c3328233-154a-4957-8f43-e8284f0a2a16	1066
c3404626-f9fd-4389-9a32-5139c0a650e6	1078
c340675b-f8c4-43b3-a976-83ecc903022c	1125
c3426fac-0bed-40cd-a33e-c2898e58d474	1142
c3484f6e-062f-4505-863e-34160b12366b	1073
c349bf04-63b4-4d56-aaa5-9667aa5a46cd	1133
c34ab8e2-4808-4025-935d-18867780f478	1071
c35fc9fb-28b7-4ce1-847b-f6b5ad3adce9	1141
c360ff03-c0ba-44aa-bedf-a731cf6d465f	1129
c362160b-8a6c-49ad-b101-1301b0d7e3aa	1069
c36516da-3b7c-4aec-ad85-0dc06c20efc0	1166
c369aff5-c16b-4df8-b906-4e42808f037a	1144
c3707a9f-1ef5-42e7-82d7-794369e57772	1135
c3750e4f-eb97-426a-b0b9-fae0aab3c8cf	1087
c3772e89-d2d7-4a4a-b32f-ae0186b38658	1135
c384c5c1-6e36-427d-9fae-2a5466479fd7	1135
c38aa7d6-b0c8-4243-aaa4-eacb82ba9ba4	1160
c3994f9f-c0b5-4f6b-b403-1b6de070de0d	1947
c39e5d78-7f59-49d7-bc5c-2b8088ed15f2	1130
c39ff469-62ed-4dd0-b23b-051a03bb61cc	1126
c3a6cee6-c798-4805-abad-7ae9b5c02390	1362
c3aa08f2-63ae-40de-b459-4d6e22d0feb1	1117
c3ae6fe5-7b4b-49d8-8d60-0af45ac62d40	1123
c3b15e43-8ff6-4b13-831c-85b7e86fa723	1132
c3b2a4cb-d70c-48a1-9c36-fae00786bda2	1129
c3b5cdd5-d2d7-49ee-aa99-a0b9dd771090	1141
c3b60342-d3ef-414c-bf98-86f15897c16a	1140
c3b671f9-3be8-4f9a-9548-f65f8c70fe4a	1135
c3b75902-f373-4010-8656-0a6f001bb130	1080
c3ba8732-bb06-49b1-a870-3eb092c68476	1074
c3bd2a2d-4053-4c78-984e-051947a06e1c	1125
c3c58f2b-433c-4f15-b840-e880249faa64	1139
c3c70332-4c9b-4f5d-afd2-af01d1eb76ee	1074
c3c8a4f4-1b55-4ca1-9db5-67141c4ff773	1076
c3c9f76a-332b-48b5-a4c7-9ac2f4268e96	1061
c3d3bcc9-ed08-47cf-9016-7ffe2574c8cb	1135
c3d6adea-c222-49cf-bcb1-69c579d5926b	1123
c3d8d929-0811-44ac-9381-cfd27ddffcea	1079
c3da7383-ba70-4405-a51b-346141bd221c	1064
c3e71e6c-3de4-476b-bef4-8628cf590173	1133
c3ea473d-1484-4297-be35-1c95006b5747	1134
c3eef72f-bb59-4e05-9aa5-44e6d8b2f436	1134
c3f06311-dd96-4883-91de-3c96e7899f31	1069
c3f1ba94-1354-4260-94f6-ceb509e40b5e	1142
c3f2e076-945b-42c6-a114-28ea23575892	1134
c3f8f6cb-fe8b-4402-b2ee-aa2c611d8576	946
c3fcb63b-67e5-4653-9b27-9e494a088cf3	1138
c3fe2155-dc68-471e-9cbe-f6d32ef83317	1073
c401efec-2300-427d-a992-4e263428ead6	1077
c405db9b-2ba0-46e6-b445-521ab03fb765	557
c4085ed3-eabe-4819-b5b4-95807a482958	1100
c40be487-11b8-4148-819f-a7175b68181d	1307
c40cd785-38be-49dd-8683-39ace105ab7f	1160
c40f734f-fc8d-49e7-b32c-74099186d89b	1162
c4156268-4151-4b2a-be5a-9ba631f7a9d7	1152
c41e71f2-d8c5-4455-ba40-1e8c260e067f	1133
c41e8200-0620-41bc-932a-6199e9f85c04	1073
c41f7c02-3aec-4ff2-b4bd-c3bee46f63cb	1116
c42590e8-9b3c-4e51-a110-234b6769b6ad	1066
c4277808-f7c7-4d54-9951-ecab051ffd3d	1077
c42b6ea0-837f-4730-98bf-4cffb8928f6e	1121
c42d91a2-79aa-4a97-a534-ddf1ded8adbe	1075
c43a2b11-63eb-4db6-8213-25c6b9254826	1089
c43f249f-471d-4dbc-bfad-cede246b1d0c	1084
c44007d8-2163-4ffa-be06-4f617f62e019	1936
c4426dad-b491-48aa-8775-84df51f187e5	1135
c4444e01-529e-469c-becd-c7ccdc9eed77	1079
c446b5d5-186b-4ab0-b00c-1245aee5eb16	1137
c44cb78b-71e1-4936-a4f7-103572adfcac	1076
c44ea1c1-d3f7-41fa-ba46-cfe0391e4a4c	1068
c4504408-74bf-42e7-b6bf-d279cd1fbeec	1078
c451000f-5129-4176-ba08-5a101b301b38	1109
c451fb67-7048-4c29-9d00-65226c9905e2	1132
c453f512-f952-49ae-801f-905d7f09ea5e	1076
c4598a0e-5878-4906-9da0-43c79bba4570	1073
c45ccc88-df2a-40aa-ba03-56e0dae9dfde	1168
c45d89af-dc47-49a2-8c34-00d445a1af8e	1143
c46014f9-4a62-498f-83d8-016b4b7406c1	1148
c461d78b-9584-41d4-97d5-faea7392cadc	1130
c462c57d-fa7f-46f2-8012-f99b4a940625	1135
c4644001-aab7-492f-a354-774ac0d0aa59	1075
c4653b1c-19b4-42f9-a0d6-ea1f1f2b3b3c	1130
c4654d96-7573-443c-a2b6-e7cd5e4385f6	1157
c466be5d-2601-4576-a84d-e02bd4bbde2b	1081
c46b59ad-50ee-4317-88d7-6fe8e9c5f32a	1118
c46dda6f-064f-4ae5-9137-cdae22a6bf38	1142
c473fb95-612c-4daa-8ece-d5d43ae9214c	1042
c4769105-49aa-4adc-8373-f189a3baaaa9	1068
c4820048-ec18-4019-9eff-a8382f1ff6ac	1135
c4828839-7f02-43e0-901a-a4d17cf00171	1133
c4829962-6a75-4064-bfb6-0c92cc735dd4	1146
c487f61b-3cf6-4395-afd5-fc66b4529c7d	1130
c4895c1c-7ae8-4b16-b826-e135aed91590	1096
c4921c88-7955-4b6c-849f-59e242441aa0	1038
c4951653-6ddc-442d-9b5f-03dfcaac267d	1133
c49d00d9-3a1e-4e8a-bdd2-42956b883d34	1078
c49e3265-237f-49bf-95e4-a4b944222c70	1140
c4a1bcb2-e3b8-4337-8b4c-834710c2a2dd	1119
c4a20f12-243f-4101-887e-2e80b9818437	1995
c4a3a1c5-0507-45e4-9832-39d31882ea1a	1067
c4ab5e22-eb13-4f25-9965-982a23e79d4c	1067
c4adfa71-84ca-47a3-a1fe-222e6332632d	1136
c4b90d3a-2880-4ebf-9264-e0c130a0c3b5	1071
c4b97d95-8aaf-4a52-88c4-4b06873657b2	390
c4bb986b-bf18-4875-9c77-c12431b81c69	1079
c4c14bcd-2f1c-41a4-baa6-4dfcd7f734b6	1145
c4c168ba-46bb-4c6a-baa2-cbfc0b2aa4ee	1139
c4c7e570-52fb-4dec-a64a-3ba826ca9803	1140
c4ceb398-b380-4233-ab5d-c53fb6ad60e7	1121
c4cf99ac-a3df-4ffb-a473-7fa343f36874	1073
c4d24f0e-c749-462b-80a6-03a09e2dae15	1072
c4d39487-66f0-43c5-affc-dd96ee255e9c	1177
c4d4b3b0-ed77-4465-95d7-2c83e0c4c2d3	682
c4d5970b-d2dc-4da1-a90c-f54e2906ea5f	1137
c4d6edf2-31bd-4dad-b77f-cc9c60dfb308	1082
c4da6b53-2b46-48c2-9edd-a77269982b60	1070
c4dd4c4c-936e-4d60-81c4-da8875d1d43c	1085
c4e0f64c-9708-48bf-a923-5c42bd650e01	1137
c4e1b9b4-b0c1-4e53-ac30-3c0751a00513	1062
c4e3fe2d-50f3-4da0-828d-4529b8b6df72	1143
c4e50f5b-1159-486f-9b69-26343cde14f6	1077
c4e721f3-6d4a-405d-a3fb-0ef81e3b250f	1067
c4e850f2-0b4d-4b8d-ac70-6116ddf0bee1	1141
c4ea0850-7c8e-41e5-81b7-2ddcf33a2a5e	1116
c4eff3bb-e54e-40ff-a593-0fd2cd876727	1070
c4f19718-5305-44cd-8bd3-ee277090c78c	1071
c4f24370-7325-44f5-9c47-6f2f22ae1839	1073
c4f477c1-3dfe-4722-9e86-f5e00e5775ea	1068
c4f6b1bc-7837-4255-b8c5-a63576707f20	1132
c4f6de6a-ed67-434e-80a5-e91bd1890ec4	1107
c4f76572-5f0d-4b42-af57-923a8959f6b7	1140
c4f8e99b-13c2-4f82-8671-7d987d5d8a8b	1067
c4fa2e73-8e0a-4f5a-b7e5-21401dc62a9b	1130
c4fd5e2d-c066-47c4-9ebf-eaa533dfda60	1082
c501a3c6-c2c4-4103-846c-00d94d3c1a39	1147
c501e241-12a3-432a-ac1b-c3300570bc62	1133
c5069129-8da0-4908-9eae-452fd8f9f423	1140
c509f595-0e0b-4b6f-8b9a-28f3e673ec42	1132
c5116cad-aa66-4281-8b7c-4f69b9632d56	1132
c512da84-ab4e-410d-bbda-9557db42c216	1145
c513f591-7692-49f1-84bf-8e566684da00	1075
c513fc6a-1956-4193-b9cf-7b48cf18ee38	1153
c519d253-414d-4754-ac79-bd51da3af1ad	1134
c51b33a6-b4f1-45b5-a8d7-729d99ddb3d3	1075
c51d3654-8f2c-46bc-beac-995dfcfe9dc5	1135
c5220b5d-c867-49ae-b56c-6864b5d2d235	1134
c52344a3-e4f2-494c-be44-00d58c4f8539	1114
c52513c8-b82d-4403-ab18-8c0b529d4403	1100
c5284218-e36b-477b-8495-a6f99636d906	1134
c5296b49-cf00-4a44-bdef-70a83280fe60	1148
c52a7ce3-674f-47f1-9550-a64c55ad5e9c	1140
c52b8b55-fc86-41be-9855-45ab523a0a7f	1070
c52e9e02-7d6f-47b0-92ca-9cba05526682	1074
c52f9809-6985-4518-8eae-2635bc01daf6	1126
c53184b5-9706-4c08-97c4-aae04f9f42a4	1074
c5335157-f5de-4e4d-8d58-e8dd95047947	1133
c5341dab-4453-4101-a809-845ce7501534	1157
c53a3b60-878f-4349-891c-abc3e2c15da8	1127
c53d4824-dd8e-45ec-8289-c83e368a27ae	1106
c53eaa1e-2ecf-4ec9-bcd5-7396ab673781	1071
c540aabd-2872-457b-b6f3-0cbe2707bc5e	1077
c541ee25-be56-4a3a-aa5e-b68962677334	1131
c5452bf7-5af9-4222-9ad7-1c7b6c10a61a	1081
c5498543-1168-4c54-99cd-e90c3e519618	1119
c549f1ac-68d9-41f4-b0b3-86cd794a4d9e	1133
c54a329e-bcff-49b4-9157-7e42e686763c	1136
c54bd837-4834-4024-9281-33b49e24de6e	1130
c5505707-78b2-4510-a387-f6f64eac56dc	1033
c5533094-fe19-46e9-a31f-9b741bd4386a	1139
c558bb51-bb1b-4b45-96de-863fa50a9f0a	1148
c55a9779-4b79-46d3-961a-c4c95e61e6d7	1139
c55b184e-ff2b-4c30-917d-70f66e66f9d0	1130
c55e9133-fc8d-4cc4-905b-a15af96446b3	1172
c5619880-cbeb-483d-9a50-c12e417a6525	1076
c562ab95-91d7-48ce-a311-3857e54898f2	1131
c563ea5b-a173-4088-8610-2ba990f8b62a	1135
c5653e09-d91a-46e6-828a-8366b894fe22	1073
c5662161-13ae-463e-a7cf-bf59c15a9c66	1073
c56a62fc-4e1e-435a-a042-755341684e23	1126
c572b773-cfbe-4e70-becd-abc97cb1dc3c	1134
c5730179-8d78-428a-9cd8-f0e0511da17d	1130
c5741bea-d8a0-4355-9b71-1cdfc05100cc	1121
c575a001-64fb-40c8-a889-e9a23a8d4113	1114
c5766a3e-9718-404a-8ac8-fdf072c754d0	1054
c578b6ca-b76b-49b7-b656-a6d7dff4935c	1156
c57f81f2-ca00-4412-bdd0-a13c916ab22b	1138
c581bc01-c72d-4b0d-bdba-1ac97168ffb3	1072
c587a9f5-0d88-40d8-a118-674990ffe157	1065
c5886482-c205-4f38-a28b-ea049bf88f0a	1075
c58dd2c5-6cdd-4321-b8a6-9a880407e112	1107
c5a14720-c690-4407-945d-512f0fffff63	1062
c5a3aab2-71aa-4f2e-98d2-7b6daa30a9e4	1063
c5a3ed2e-68de-43b0-ac28-be3404c89e5b	1136
c5a6d178-d002-4101-9100-e1a06bb599dc	1065
c5a6e838-ccd0-4c10-875b-ffc1121d1fe0	1135
c5a9827c-8a26-4041-9d5a-a802a576cc35	1140
c5ace115-babe-4570-b852-b27e8c5b6929	1134
c5b07073-5e3d-4fed-a788-5875998296fa	1073
c5b31e95-dce2-46fa-b711-4ff9bccc096e	1072
c5b5ff7f-b1d0-40be-a8c4-43e4baec24dc	1092
c5bb398b-84ce-4ed7-a176-8241f10ba67c	1123
c5c36247-95cf-4120-89e3-a3980942559a	1123
c5c62a6d-5703-4a1b-a499-67c56cf6c655	1125
c5c651fd-9b51-4b4f-958a-de32ab19d886	1080
c5c6eb2c-0657-4321-9d40-c19ce741e2c1	1056
c5c729bc-517e-4063-bd59-79cbcc794624	1055
c5c8fb73-7e18-4428-86d4-4c338fd8056b	1071
c5cb7186-ccf2-43b3-b06d-213fdea9ca6c	1062
c5cd11c4-7e1a-45cf-a2fd-03b8673bd727	1134
c5ce7731-d282-4543-82fe-9def03d5acaa	1186
c5d0e885-8df8-46f7-b383-d4d44d4e9f0c	1878
c5d51289-341d-4d58-966f-2a0565bac616	1452
c5d85276-02bb-414b-a49a-b7e83e54df47	1079
c5daf9e3-0d6b-4fd4-ab8c-27eb7db0e5bf	1069
c5df0670-d807-4e4f-bc47-27f984623ca0	1143
c5e087f8-d77f-4a54-852b-49716b327b14	1074
c5e3b427-1ddd-42a2-8cba-b459ba479154	1136
c5e5e8c9-999f-45f5-86f0-f5d6641d3a60	1132
c5e65e80-6a82-4d16-be76-c3ffa56de3a0	1139
c5ed8522-12c8-4d50-885a-773efb2276f9	1073
c5f26aef-8bf0-4e52-8206-a10ba69c9d25	1138
c5f2bbc1-4882-46b3-890f-7165fe84eef0	1154
c5f615cc-3335-41a9-9aa0-6e9cd3ee8a0b	1089
c5fbce5a-5f66-4467-97f5-887e4039c6b6	1088
c5fcbebe-da08-4aec-9e80-d507e7b765a9	1142
c5fdc20c-cf58-4ceb-9b51-987da5c748ef	1076
c600f9ec-3236-4463-9128-9990d3d20cc1	2052
c601bffd-13b0-4b2b-abe6-efb1ed8697eb	1129
c6027aae-4260-4793-9f6d-ff8a246288b8	2141
c6031b72-8b27-4c3f-a680-a680bbe52347	1050
c607dd84-9f6c-4f4a-92b4-4cc45d061cee	1130
c6093457-a994-4374-a9df-f68bb431736e	1140
c60aff4a-78ec-4183-8c4f-c50fe60addf5	1076
c60e0e00-1af8-479c-809e-1e387d54cde0	1133
c610ad33-9051-4279-b66b-d968c59a4064	1126
c611b7ba-b77d-41f0-83d0-01c9ed7b744f	1135
c6168ae2-edb0-40e4-8058-dabb1c1d0c22	1150
c617856f-6aa1-4125-ac16-7ce5ec4d0ae5	1071
c61b6ed9-4d94-4aed-b5dc-7c69e478c38a	1136
c61c43b8-cd61-403b-adc1-c7bd6023084e	1105
c61cc562-5f42-455b-a5e1-97d02c26964c	1132
c61de172-fc1b-447d-817f-b411859d3e86	1144
c61ef488-b348-4996-afd8-dbc6252a4370	1122
c6233568-8d45-4cdc-8f0f-507b26c0722f	1130
c6248976-e365-4438-8821-2b5d312c161e	1129
c626e493-2363-4bb4-a451-cd1ffb596709	1136
c628a65d-e2cd-418d-9646-042efede6195	1137
c62c5028-b082-4d17-b608-7365de2f127e	1108
c62d353f-e670-4301-8e61-f03bd9623dac	1152
c62f00f9-9e8b-4a09-8209-d91605946841	1075
c6315eb3-c28f-4f35-ab55-710e7fe3fb46	608
c6356c36-822e-4a6d-b22b-c7594874539e	1132
c6359091-afb3-4145-854e-d6dba623e9bd	1073
c63654dc-0253-404b-9cdb-ab778510f61f	1878
c6369fdf-f7c3-4a7b-b522-682c40e6589f	1149
c6385c32-2696-45ae-825b-d52b2f175631	1127
c63bebf7-c25e-433a-a53e-39fac9a48dba	1137
c641d6c1-f2b5-4625-883a-82d02cd6f671	1160
c6420adb-59a8-4dbb-b810-727f995e3772	1075
c64507f5-5e84-460b-a106-fd6ca7223c7c	1137
c64b854f-a231-4f17-9c3e-bc23f0fd72b4	1126
c654357b-22b7-4286-b8ea-7e605a95b091	1068
c6570c76-ecac-4a97-a599-57d8801c86bf	1121
c657d039-1f4b-4cad-ac5c-3de7648d9695	1129
c657e1a9-4063-4e91-bddb-78eff31fbd26	1058
c658387a-5eba-4026-8b22-239dd6ecd1ba	1074
c658be00-666d-4f98-a4b6-40ecba8c0d46	1060
c658f3b2-5a33-4540-bf01-2e50a9efbb35	1069
c65c0cc3-c906-46c6-8d77-f9669348c83a	1125
c6606b78-8280-423a-93f1-967ce555170d	1137
c6660573-b31f-4395-9e7a-d58bceae56d6	1076
c6669d11-34b0-4456-9db4-d45aa11537f4	1138
c66c3666-9d09-4d49-9f73-152355d57e7c	1081
c66c4c7f-2b04-4ffb-af93-f8560156de29	1076
c66fd4f3-51da-47e2-83fc-c1ba8ecca540	1140
c67277db-9cd7-455f-b814-7a1decddbb2f	1050
c67468ea-802c-4ab7-b7f1-80529b75d502	1860
c67dd610-abaa-4c86-97e7-a8b165504c69	1144
c67f84fc-e734-425f-acad-a16dd43e06c2	1078
c6803a49-8621-4599-884c-1036e74df591	1056
c68357ca-0b79-45e3-9ee7-731c7284ac90	1069
c684caa9-70f1-4511-85b9-56e0bf87ba8f	1084
c686c96b-e515-4dfb-af83-334b46a9eaf8	1136
c68b3ef8-8fdf-4059-b1bf-9c982d43e9b5	1097
c68c5368-eea1-4620-990f-67d91fba9023	1061
c68f5050-c5e2-42cc-9c03-a28b7f8c3b13	1070
c697f38d-0e1d-4f44-b792-fdacb3a86c83	1135
c69af40d-1b48-493f-a6ec-043aa8fc9433	1073
c69b0b43-0a9e-4da5-933c-9c9161a5a490	1068
c6a2251c-3e56-451b-b094-6297ee33df49	1076
c6a28138-7167-4e3b-b8f9-9e471a3fed63	1453
c6a42711-11d9-4163-9c2c-54d03af02a69	1157
c6a944b8-3164-4d5f-8df3-b935683a813c	1137
c6ab69e3-1e27-44e6-9a7e-cbb91d9de32a	1080
c6abc611-8f83-46f7-9f1e-cf0bc8408ba3	1126
c6ae2a9a-8325-46df-958b-7d947ef6e2be	1070
c6bb19e5-3d6b-4041-9626-8a3caf922db9	1144
c6bea4cd-7105-48b6-a24c-e8e3b8c017ba	1072
c6c07a11-23ec-4887-a8c8-b0c854062a54	1060
c6c21a8e-2d47-413a-b356-46090228543d	1083
c6c5082f-85ba-4e18-81c0-a5b00756b8b4	1026
c6c67bb4-1559-41fe-935d-74471c2ea2d1	1096
c6c6a25e-a598-44ff-9aea-ad9a7eb0f8d7	1084
c6c77f02-966e-4ec1-a7eb-316e7175da0d	1133
c6d24125-d5e7-4b1c-87aa-f7f6ae34ea4e	3124
c6d48407-615e-4030-a23b-53416f54eca0	1074
c6d7a96e-8bc4-439c-bc9c-72171e9fb01d	1137
c6d7e10a-6a45-4d13-be66-6d2f3c6305eb	1091
c6de857a-b7b6-4df9-a0f6-580c8e4bab98	1133
c6e27c56-4598-45ab-b2e7-7ea3d046cb62	1082
c6e64a70-7461-44db-9ce2-235175fc45df	1077
c6e6dfcb-8351-416b-a6f2-8cc031f954b8	1114
c6ea5c41-9d0f-44ad-8525-8e2a9bd1ce7a	1100
c6eeada2-253d-4c88-a52a-7712a04ccd8f	1068
c6f155bb-b3d1-4a18-9674-110987ef12da	1127
c6f2bbdf-1e4e-4add-bb61-e9637e72b206	1134
c6fc899e-3d79-49bf-ad3c-04c107bbe9be	1130
c6fd76d1-6058-4b8c-b3b5-42eeca0a2bcf	1121
c6fe162f-731c-41c4-a71e-7039b58713e0	1063
c700626c-c627-409f-af37-e3b7bd1aae52	1131
c706c78f-a576-4cb9-9a19-d229e20a22e7	1008
c70b67b5-f7c8-4f44-9cd2-a7de1ae38181	1090
c70e6848-5cbe-42db-93a3-00c29de29854	1070
c70f3860-97f6-45f2-8b58-78c35c5ecbfd	1135
c70f51c8-da91-41c1-9557-495248c4fb1d	2001
c7130b50-8787-4738-8a0d-747543dc8ef6	1129
c7136ae0-b9b3-46c9-83d7-242d8f1cda53	1069
c71643e8-351b-4d9b-90cb-a3e249a56e6f	1126
c7170c77-3cec-437e-90c8-15cffa09ced5	1069
c71a4d0f-77a1-4cf7-b7d5-69d1d7164c7c	1094
c72064b2-3519-42e9-a753-abb4a6404f8e	1075
c7208536-d5a9-4580-ae64-f2e0c9096313	1045
c7231dd0-1a8f-480f-b421-1f73ccded6ba	1130
c7246980-0513-458b-a5c2-ad3d1a99debb	1139
c726cedf-cfb9-4865-bbc2-d276bac5e07e	1121
c7289eef-5ec0-44e6-b98a-62ff6069e5d0	1063
c728e0c6-6ad6-4d1b-82ae-50265cac1809	1159
c72a9c65-0b57-440a-a6a6-119a45e85445	1081
c72e93d5-1b37-4ace-a7a0-7f2d42e422ca	1065
c7353da5-69ef-463f-8c9c-f0adbea55b65	1135
c736f706-3a7f-4005-a943-c4b730a56110	1074
c7391655-3f3c-45b3-8219-18234cab200e	1081
c73a72ed-fba1-471e-8b42-19229c87e03c	1144
c73bd609-3122-4a67-a9d1-bfd7d20177a4	1078
c73d839b-db96-4c81-97ce-08928e9f4371	1136
c73f7fcb-85fb-48ba-99c8-c807cd1c5d90	1063
c746fe18-ab23-4cd0-8a69-b96e6c53f847	1131
c74bb4a5-0cb6-404a-a955-29263c68f6ca	1146
c750feed-a0c9-4615-aac0-1355cbc18a52	1154
c75ca0a4-5450-492c-b395-6791417ee267	1075
c760ddd1-4b04-4af7-9546-dceb42657a1f	1138
c76141d7-5d8f-40c2-8886-2ec757ca4019	1165
c764a910-ceee-47f9-a825-0e77acc335a7	1074
c7682204-6d76-4a0e-ad10-61e343dd5531	1145
c76a4083-10ec-4148-abcd-a86fa83f8b85	1130
c76da496-fa5c-4c9b-ad46-6962a92857ab	1131
c7701a21-5db7-4658-93f2-6712d633bf18	1133
c7780c9a-818c-4b16-8419-bd7e6234478d	1112
c77c48e3-c65f-4c1c-9fd4-7fcf85bee7ff	1146
c77e9987-c142-4ef0-b870-790ef3b31b17	1120
c77ffa10-830b-4734-8b6e-12e9ccddae21	1081
c7857a21-408e-49d9-97e6-487fb6b90e79	1135
c786a55e-260f-4653-96ab-1cae444a3033	1136
c786b936-8139-4f52-9c10-c1665fa54953	1050
c7874af7-5d61-4045-bb69-a1a34336f6ee	1142
c787b66e-fc86-4347-8dc9-80d72a706a10	1134
c787e53a-e48a-4cf3-a59c-b1c95fef7b00	1072
c78d0855-4e71-4354-9e76-b52153309b23	1071
c78e4712-d884-4c9c-a529-7ab4b390c08b	1067
c78ef867-f84f-46c5-b945-cde6b8b7e644	1109
c79465de-9a92-4b30-a926-11aca7ef78e3	1044
c79587f8-6425-409e-80f8-5f89d9869afc	1131
c7979cb5-d9fd-4177-ada6-e8be7f5225e2	1080
c7ac3096-8156-45a7-8b3f-c38ac85bfa77	1129
c7ac6a44-5d5f-460c-81c4-36926ed61757	1130
c7af0284-e468-424e-993e-f48deb42f9e9	1152
c7b85eae-a05d-4d7c-a6c3-d92860fbea52	1131
c7b967c4-a4f4-4517-ac50-aaf8c0b8f1bc	1128
c7bad3ac-47db-44aa-adc8-1bd1f117d26b	1058
c7bb6a89-deb0-4ec8-85c7-bbc35f0001df	1133
c7bbf1c5-cf6a-4277-9e9c-c57c6a8bed6f	1091
c7bc5ee0-c624-48ba-adb3-325c56f44cde	2011
c7bd6888-043a-4fa9-b810-049849647a67	1071
c7bda46b-b008-45ec-8dcd-a24c8abaa338	1079
c7bdfc2f-0f92-4733-90da-6d895ab25cd3	1074
c7bed1c4-1dfb-493b-bd11-4b943c02a6a9	1070
c7bef42b-8b33-4b92-b121-c5faa0b81c1f	1073
c7c26396-a345-44f0-9991-f1e521bd46dd	1074
c7c63d80-29e5-45e3-98b9-cd8f65afc641	1136
c7c81221-f5e8-4c25-9007-482230ec7ba7	1072
c7cc1b33-9b6e-4177-9854-8b5e9d0f18cd	1154
c7cc94f4-bcf2-4cec-94f0-1f0ce183606d	1074
c7ce7397-3212-4406-a5ae-6be10a4d723f	1125
c7ce9107-c05d-48e5-87e1-c8114ded3126	1141
c7cf1013-6a9d-4e09-9332-a96e6f6f34d9	1096
c7cf5d40-98b7-4883-8a15-ac6f45241a73	1143
c7cf77ba-0c7c-4f59-9d25-4497c83700e3	1074
c7d334bf-cdd5-4358-b62e-aaedb20bde3e	1136
c7d34957-ee38-4ee4-bc89-e6972d982bb5	1140
c7d37ce8-7062-4116-ad66-52cc3e92d1e1	1070
c7df0c59-ca1b-41a9-bae8-6d4d96621793	1138
c7df71fc-a2d3-4959-9a18-82648ca08a3b	1156
c7e994c8-c142-47d4-9898-64a498a320d7	1148
c7eb7408-2428-4ef0-8b58-d4a0b018e152	1068
c7ee5f9d-bf8c-4588-820e-0a7c730c9f55	1138
c7f0c11a-eeed-4a2c-af24-dc9725cef97f	1135
c7f53b00-60c3-4d56-baf9-8e8d6fd9c1d4	1090
c7f5faba-8862-48e6-89a2-2a8c83d85cee	1128
c7fd1441-3418-4f69-979e-2f585b35141e	1138
c7ff3a48-1461-4558-8acf-3d9b2a76ea14	1140
c8027181-4b87-4100-891c-798c2b0a6581	1130
c804b0a8-5c8c-4684-9dd7-b899582bcb05	1149
c805f57e-07d9-4193-9bc9-abcbcfa96000	1532
c80a395c-72e3-4ea9-9712-8e8ca8e1b583	1070
c80a606a-0901-4348-893a-d72942ca3616	1069
c80d9c39-1240-4d6e-b300-06b50d353b60	1085
c810a4eb-b6c5-4aa1-9ced-3ee490a46caa	1076
c810c396-c7fe-44e6-9a19-3e7e668775a3	1067
c81106d9-4806-4e94-abcb-4b80a35f1245	1068
c811bd5a-4534-4532-a17a-c63185bfd571	1141
c812ac53-fc87-4db4-9065-69860a8ec6e5	1139
c81334ca-7a84-473e-953b-bd7c91554e37	1131
c8146d64-af00-4540-b758-9d0bed52eead	1127
c816d0fa-ea5b-435e-aaa5-950c32941780	1140
c816d80f-6711-407c-adac-65571e468de4	1074
c816dee6-f90f-4570-9c69-29b4af39c504	1133
c8181f1c-dd02-4110-9f39-5a8705abe06a	1128
c818655f-64c8-42a1-926d-57ab745b85e3	1056
c81debc5-9b0c-405b-adb2-d7454d8698c3	1078
c823f797-ab81-4763-ae51-069a1ed46e77	1145
c825beb3-38ac-4914-b08a-6a70c3858cfb	1135
c8275e0e-78a1-465b-bac2-7a9abdf81112	1150
c8291e37-860e-4052-b332-c53d39d30954	1140
c82963cc-907e-4634-8ed2-1e015112e3d2	1137
c829cc00-ab36-4a7d-aa82-bb807009c3a0	1132
c8303f5c-3d1d-4563-ab0c-530ecd250fb2	1094
c8324399-3aa0-410b-a481-84fd78ae9a32	1077
c833dc60-441c-45dc-9369-a3edb7d9d5f1	1151
c83b64e0-c5a1-477b-8f9e-7fbd6b73450a	1138
c83d44ae-d327-42b5-8d1e-1eb00b54ea63	1074
c83f8477-22df-4d09-a457-4069d59d5a95	1093
c841df53-13b2-41b4-b642-1fa0fb0e1032	1076
c84a4861-1a7f-4cd1-acaa-20f3681fa077	1077
c84ad13f-a9ba-4fcb-9b4f-473a3614837a	1057
c851bb4d-8c0a-4f74-8106-cc73843be840	1072
c858d813-8c6d-4186-8cb9-c14358d600c5	1064
c859ceaa-7db2-4a47-af41-745bdf3cd227	1053
c85b5a57-5cda-426d-92ec-8b832778f2b6	1135
c8651ef0-cf62-40f9-b54f-0a2c927f1219	1068
c865edc0-7514-4a21-9ad5-35bf95029591	1129
c8663ea2-07b5-4d03-95dd-6137573e86ee	1077
c86be93c-71f5-4537-9d92-7cf27ec99346	1134
c86d92e7-51a0-4b93-b44e-87d6fdd4ccf6	1088
c86e8941-ea38-4ad2-ba34-cfcd587e6df0	1130
c8717baa-bb0a-44f2-9ec6-5d27d99db747	1155
c87b644c-da95-4564-946b-ede470c93ace	1133
c87d9b2d-21e3-4d05-8ae8-de573f2689c8	1087
c880b69a-5485-4659-b4cf-b3dd46b03633	1072
c881db6e-de2e-4039-9f98-c971725c37d2	1162
c8858bb5-610e-42f2-aa05-04247747022e	1079
c886178b-78ab-4dbe-bbcb-a459b6843dd9	1134
c88f83a4-a30b-4350-b1a0-bca2e355e7f7	1137
c8905e57-c8e9-419b-9dbc-07713862f1ca	1068
c8907134-9283-4c18-a2d6-862721f35f66	1073
c891eefc-36e0-41e2-85e3-d48907115a49	1143
c89214cd-e6a7-434f-988f-9169d1405d71	1128
c897923a-c62d-46c5-aa6b-e4f7a37f9b14	1127
c89808f7-0f89-41c5-b07a-753d12aa30ac	1078
c8998517-8441-4fe4-8339-71d1ea18f4ab	1075
c89b06cb-e756-429d-8002-c7e5205ac529	1071
c89fc187-5464-4a88-ab08-c5321321651c	1131
c8a02ddf-4d3b-45ab-9dcf-1a68bacb305a	1097
c8a55301-05c7-4af4-83e0-6ac73a548100	1144
c8a55898-6458-4ab7-93b8-04820c6ca125	1124
c8a8d915-9dfc-4683-a972-3becdb9872b0	1130
c8ac739d-e4c4-4d41-a64e-41498f8e1b67	1130
c8ad3422-b741-4a2b-b527-8b1a56912d0c	1069
c8ae21f1-fb3b-4f43-ba9e-bb203abbd7fb	1133
c8b0c5b6-235a-4d11-9a5b-6c4e4aa204bd	1133
c8b5e552-cba8-494d-abe2-15d0d4c7340a	1079
c8bf8be4-4032-4062-89fb-47a760ef4b6b	1113
c8c3f789-6218-4825-b19a-9ff12c1d1bbd	1084
c8c58340-44b1-4f4f-aacb-b9fcffd30402	1130
c8ca5b2a-4d6c-434f-839a-4d1303894197	1137
c8cdca31-3ede-47f7-ac53-1ab1324f4567	2047
c8cf91ca-7bca-463e-be1f-a2307f25ef6e	1133
c8cfa813-0122-4de9-ab1b-70b3f7f7ad2c	1069
c8da85ad-1952-4bd7-a43a-7f2cc5cb720b	1135
c8db3060-3290-4776-a7a6-fbb4fe8661fa	1082
c8db8aa7-a6c4-4ac1-931b-cb73dc62c8c6	1072
c8e4f7ce-1277-4738-9bcb-a748595e3a3e	1055
c8e82df8-c792-4c0b-843f-ce135b9992b1	1128
c8e8db2a-00d4-41a7-ae6d-34d214758484	1136
c8ec253a-254b-4a37-b22d-a4affa313416	1133
c8f86812-e069-4354-b480-3b5a3528b930	1074
c8f9a73b-6479-4658-b47d-1c86761e64ad	1095
c8fa1ce4-2363-4172-aa55-9af0ada95052	1936
c8fb01f3-f51b-4abd-822f-f0ac5b571a9a	1022
c8fb2737-70d5-4f1f-9b78-3e08f1d65342	1141
c8fda8c2-7ee4-41c0-b3a6-ce9a99e7acfd	1077
c8fe98cc-474f-41af-9b6d-c57c86de4a0d	1126
c8fede6a-3c63-42f6-a7de-72662ad860d6	1126
c9002734-e1ea-4abc-8230-ee09ec2fa946	1141
c9034879-13c7-45cc-b64a-ccc70c25f9d3	1124
c908a88d-db3f-4f50-a2de-038743a95cf4	1067
c9097a78-9a6e-4469-a361-ee1b3f737e8e	1071
c909a041-231c-40a5-a4a6-a6f109ca17f1	1143
c91579bf-398d-4d7f-933b-172531449039	1077
c91f9f41-3443-4e41-9c7c-f2d89092f3ff	1073
c920021b-ecda-4c1e-97ae-7fea1cf2cd9b	1079
c9215dd9-99f1-4e9b-9731-82d5c72f5da2	1086
c9221804-afc8-4f7d-98a1-53d6daa55e0f	1127
c9243640-23c2-4e9b-afe3-dcb899e1f7de	1143
c929efff-1789-44c3-88cb-ba8fbbac4d79	1135
c92a8727-dd2a-4741-be6a-3290e3e538cd	1140
c93066fd-450d-4f45-b288-95832acbd798	1069
c9323e1c-02ef-4c1f-bc78-8fce6b705761	1111
c932825f-d72c-460d-9c7b-297746df8df1	1134
c936d027-d9bb-45e7-9835-0919343274e5	1137
c93d7984-110b-44ad-8e1a-22a2edd2846b	1123
c93e0ebc-c374-4d61-a82e-4553ac057636	1077
c9406793-2794-4051-bd9e-cd875b9850b7	1079
c940fe5a-0ebd-4152-983a-71004391af2d	1089
c9463725-056a-4512-afd6-204e7a290b15	1083
c946c0f7-5b50-44de-b507-94fdbc383109	1084
c947dec5-c541-44c9-b8cb-ed60718017dc	1070
c94a9688-b704-4f03-88ee-9cb1d97e433f	1043
c94c02dc-10ad-4003-a59b-4d989fb71b55	1074
c94e6601-652d-4b56-bb55-6dc159473397	1130
c9512a88-987d-4c50-805a-9d309306a2e0	1047
c95ec8fb-9a8f-4047-af66-29257574a4e9	1134
c96092ee-a781-42ea-b2b1-e563b51b8e06	1075
c960eae8-818d-4260-8b98-75be1dba3190	1062
c9637d05-9f2e-45cd-87a6-4460999ba692	1074
c9662c37-7ed6-4ca1-a8b7-f48509e183aa	1088
c969b33d-b070-4728-b7f2-470634fbd3e7	1076
c96ab53a-cd2d-4cb3-a9f4-b1a3b6a066c6	1073
c96e590c-a5dd-47bf-99b5-508552c8cad9	1146
c9700818-e256-4f1a-83f7-b443473ac7d8	1117
c974928d-1d1a-457f-93bd-92ad82fb3ba2	1136
c97de200-5801-4830-9916-1ecf09cdfe47	1139
c9806214-d89f-4953-a0d3-ce25abfe9263	1131
c9809d32-eaac-423b-afaf-03a4386ef3ee	1132
c9810697-ed26-4e76-9d9d-873ef8d2660d	1129
c9832b54-5a4a-4f7a-bbdf-df86e412a179	1060
c9872da8-7986-4130-9ed3-75db49342bb1	1134
c9874477-6bec-4cf4-8458-e0143faa865f	1128
c9874c19-f545-4569-8a35-5d5bba88bb02	1090
c9880f96-4db6-4e86-9540-f5d9115f5c3f	1083
c98b5077-5afe-4db0-bdf7-ae7034f97c39	1070
c9934b1d-9410-49e4-979c-737d18bdbf78	1103
c99a27ec-2b36-454b-a40c-1a1b455de76a	1078
c99b5cf3-5e43-4a90-8486-42eaaa638108	1077
c99d59f2-1a76-46df-8ef0-47c8c04e1e1b	1071
c9a19c64-0c45-4edf-88de-bd61fb1100b5	480
c9acfa50-7010-41e8-9367-ad6a2ad8c28d	1135
c9af0e6a-ad42-4844-8ee3-7eaecc639e70	1788
c9af8004-0229-47cf-91dd-87ab47f89857	1106
c9b0e1ec-62b1-4923-a72d-d550024506c0	1129
c9b8d7c6-e9c9-4a30-8419-1b6a74c93233	1071
c9c242de-5591-4bc9-b98a-79048e39bbc5	1156
c9c2caa1-8186-4e17-b81d-2545bd676d53	1130
c9c8c7d9-8ab6-46a0-b2db-7c02992dbe07	1161
c9cb5a59-5b6f-45c2-9144-c6f05746b59f	1120
c9d053ad-41ee-45d3-b75d-f1fc2bb49a75	1063
c9d1befd-ebee-46db-b08a-8461cfb28cb5	1154
c9da1c72-f945-4442-ac72-fcfcebeaf926	1096
c9daceeb-2a2f-4d3f-977e-4aeabdfaab4d	1653
c9e1dabf-9422-494e-9b5d-0913f58659fa	1072
c9e3d6f0-2821-4631-9fc6-1574a6688299	1139
c9e49d72-e08b-4d27-a17e-6da01dd917b1	1136
c9eaa321-ca4c-4a1d-94c2-74314e55475d	1535
c9eacd05-d12c-4487-80ed-461fff88c953	1077
c9f78c0f-f6cf-43b8-866a-2739720c4b78	1071
c9f80e6c-809b-4741-8568-3fcc47da2da3	1074
ca031567-85bd-4bf4-a632-55df44eb2331	1135
ca05fe04-a242-40d3-bd4c-e3a99820c072	1134
ca08953c-6b2c-493c-b30f-5e6142c97369	1088
ca0c020e-f211-4467-9198-3eebc12d15bd	1079
ca11e204-2469-4fdd-a75a-b2f644cf9047	1133
ca1230b7-912f-4a0d-b194-62b900369a01	1134
ca12d65d-b693-4473-8988-e282f7aec9f9	1131
ca17abab-ffa1-4da3-a497-d7b0d1aebbc8	1112
ca17e65a-0724-4b3c-85ad-0a2068bb9d8f	1126
ca19cef5-d446-46cc-aea2-e34f8d2f8354	1077
ca1ada50-426e-4ea0-93f6-edff954b93c1	327
ca1b492a-e78f-4d41-bf99-3ca94e5520be	1074
ca1dd21e-b543-422a-9593-3e3739d26534	1131
ca1f0134-24cc-4f42-924e-d97de25c9a54	1074
ca215c17-f428-4e74-836b-545dd308add8	1077
ca325077-f327-4fd8-876b-25f86977dcec	1099
ca3649e0-334a-471c-ad02-6b69953b27e1	1138
ca367781-7ba0-406f-9206-ad8bb1c1249a	1071
ca371f4a-4ea9-46cb-b2a0-4ff7139d92ff	1065
ca3aaea1-db34-4f57-a1a7-510f9a20a948	2168
ca3f4244-e36d-4842-ab2d-579a9fe49020	1151
ca411bd0-4cab-4120-942a-58058facc20c	1081
ca412b9b-42bb-45bf-919b-2f48138f54c8	1922
ca48e1d5-4822-48f7-be22-6f8d90da5889	1144
ca4fb5fa-06f1-4d2b-953d-d85c62a5c69f	1120
ca5a01bd-994b-4abf-b5cf-8dd11c739712	637
ca5d12bb-3188-40ab-9f3e-56e0bc27be6a	1070
ca60be98-b273-4632-ae61-8ff1ca3ed518	1156
ca62e5d1-4e5e-4b0c-afd6-8826f99ad6f7	1133
ca633daa-2ae8-42e5-9d69-0d04a56f2cf6	1129
ca64460b-5ab4-403c-91dc-f066ac9b17d9	1078
ca68efea-17cf-48be-8317-419d5e632b53	1071
ca6ade66-c070-405e-bdcc-e93a87cf321a	1136
ca6afaa1-d1a3-4894-a108-8bb8e3085b90	1070
ca6b4235-e9df-4b90-b2b3-9994f6070ceb	1137
ca6b46d8-f07b-4d64-9170-f150523b62da	1127
ca6e7101-b536-4098-9595-ddbdb48e9316	1136
ca711efd-a52e-4e34-9c7c-fedbbbfa1621	1143
ca78254f-6187-4d1f-ae3b-9b9d391e73fa	1123
ca78a5b2-f57f-487d-9c9b-8935f5c6ab2a	1131
ca7abb3e-464c-40a5-84f0-acdcaa90b944	1076
ca836398-e0d1-4fa0-8ccb-89edf82a3714	1134
ca88188f-0eeb-4a75-a063-dca753a9f0ae	1118
ca89adb6-bb85-4c62-8ec1-0dce9b851f4a	1076
ca8f0521-83de-4587-89e2-bcb6ae58a63e	1136
ca9052f1-ba85-4a05-9ee0-3091489aae9c	1065
ca9bc96b-6736-4fad-8025-c4dd6ddc6fd6	1160
caaa0e59-150a-4aac-9b25-a39000a47b1a	1114
caaabf0a-7bd5-42d1-9042-8bfe5965478b	1097
caaebab7-6135-4b13-9eee-7bfd925eed21	390
cab0cafa-b1c6-4458-abed-3411a9d5c183	1067
cab1f00f-5c3f-4e3f-a5aa-ef56f6b09a0f	1076
cab2b4ab-e619-41bf-bccf-d3f1db218d0b	1071
cab3a254-f472-42c5-82c6-8049912e9eca	663
cab599c0-faa1-486b-8bc2-b3c4fd37bcfd	1130
cab992db-1427-40c3-88e7-8a130fc03b6c	1140
cabd2820-9bc0-434c-ac57-d217ebea8a2c	1072
cabdb209-779f-4448-9375-050d2238fc64	1073
cabfddad-0d73-442a-86c9-03cc01bb782f	1178
cac356ce-15c4-4241-9c98-4e14fce27c0f	1120
cac47277-d0c3-4f6e-b7fc-284b729be172	1143
cac82a60-08cf-4584-9ac6-4dcb4bfbd0ec	765
cacb1799-16e2-4d35-bde5-42ddac062da7	1123
cacdaef2-fa78-4d97-8fe1-f72838c7d5fa	1077
cacebe03-e526-435a-b0e0-ce016cb19f30	1128
cad21cea-99f1-4173-8a07-a11705649202	1142
cad2fbe5-eaad-411b-9baa-8ea17e657125	1072
cad51e77-943f-4502-b8b2-2f087dbb704c	1131
cad6b873-6fe0-46f7-ba76-8481f5e18246	1127
cad7101d-dac3-468a-8e7a-03c57ee4721f	1078
cad984cb-9710-469e-90e1-43b1d764e6dc	1070
cadbfcdb-7203-401c-98c4-235372a8999f	2069
cadd7d16-580f-4189-a583-84c57f99e89c	1160
cae25d7b-44cf-4cf8-be33-221cea29651b	1134
cae392c4-9ba4-40f2-a4f2-c4d1073d239a	1119
cae4a527-582e-44af-9a74-c07aa5e5a918	467
cae50587-90d9-4bcb-9a1d-cfb0ec13a85d	1122
cae7ece1-7f33-4692-b0a3-46518b27f1c3	1056
caef1162-f645-4e55-9d5f-f75a3644adb5	1078
caf0cb39-5037-488e-be84-9c7da888880c	1092
caf18f7e-8c95-4225-8c57-b34e0c474e3f	1142
caf60d7e-3e77-4013-bc14-a341fda2d23c	1133
cafb887d-2837-486e-8b21-5065c4d73977	1069
caff0189-3ba8-4da5-960d-01e03ec7fbe5	1132
caffec55-cf6b-4078-bab5-700383c92605	1134
cb02ea45-02f9-474d-9d56-2093979fec47	1797
cb07c608-a44d-428b-9e9a-36741a5a0ed7	1160
cb11f21a-d4bc-4ff6-b2e6-26a0c942c807	1130
cb12c306-b15f-4cf0-a614-7d35c534cbef	1132
cb163e83-de95-407c-b409-d615913f6349	1074
cb178cd5-9891-4dc0-bfeb-7693f6fca6f6	1091
cb18dc3c-c0eb-477a-9482-49770c768e68	1122
cb1a273e-085e-4e24-a826-d0e0a62d971b	1135
cb22e0a4-7a20-42ec-8c18-e1072cd9c7d2	1159
cb241811-c9aa-4767-9bf7-fe86c47e8369	1135
cb297c4d-d9d6-4c2d-a17c-936b9a7574d8	1114
cb29fcf3-2164-49ec-8970-517802a7043e	1128
cb2bb346-7372-4c36-86bc-7e55d57b1c39	1061
cb2ecbf7-4443-4b71-b9ee-8e5e57fc43b6	1061
cb345821-20de-4189-9c7d-674e6e0f68ce	1139
cb368fb1-96d3-41de-96df-6b407d710439	1135
cb3cb5b6-41e8-40ce-834f-0a183fe26b1c	1134
cb3dde8b-e493-4543-bdd9-38869554255c	1123
cb40be25-fa83-446c-8b11-20c35cb75223	1067
cb423b15-bfc5-4db0-9d99-10f1e7ccb0d3	1119
cb428a32-8102-4211-a51e-f81e84efb480	1137
cb49e6b7-9d10-4846-bc52-487f028844a5	1133
cb512f64-17e6-43ec-8af4-1ce03005bf16	1156
cb54f200-9a06-40c4-9dc4-b9d3e372aa73	1134
cb57059a-8d08-408f-9570-79b5c347ce8b	1063
cb583f5d-8f02-4b46-976f-8380e9b9b9ca	1127
cb5c1dce-209a-4510-939f-ac986dd80198	1148
cb6091ff-afbd-4b45-a942-62d66cd8d563	1130
cb61932d-6f5c-4587-b2cd-609877bfb122	792
cb629123-3b90-483d-aa92-ea13cb4cc5af	1141
cb6688f6-4d18-4b44-94b7-42195e1a2b10	1071
cb672c3c-9618-4eb0-bc67-e8e857ef3691	1081
cb67cc2b-5759-4af6-a025-733ae0a40ed0	1135
cb68c021-4ef0-4a1e-9dbd-d408f989ecc3	1027
cb6d7048-a68f-4981-8bef-54e6ec5b8cd1	1159
cb6fb003-5193-417e-9406-6945dd38ebea	1136
cb7067ce-3d5d-49ec-8ff6-9297472db598	1134
cb7884f3-53a5-45ab-8997-a98aee9aee32	1159
cb792896-0c09-4909-bd1d-497930a9365f	1061
cb79fcd7-bc19-40f7-8a9e-63e89a1b5035	1059
cb7ab9d0-44f5-4aae-a6ae-4344277e2e45	1080
cb7be4de-4d38-4db3-8496-c29b072b841f	1065
cb81a82c-a8d9-4783-bac3-dbb88829fa7a	2150
cb8232c7-0c05-4b8d-9a7f-338ba39311e7	1142
cb837ac6-b527-45f3-8da7-b9357fc5a299	1141
cb8621f9-dea1-41db-8def-6b03fd655b27	1095
cb885025-843c-4c39-b211-4d050450ef5e	1153
cb8a84cc-e97e-4419-9db0-7e48ca95c327	1158
cb8bb699-de76-4d8c-bf1d-21621c72e859	1134
cb8bec58-f20b-4c29-93bc-86c2cd1903ff	1128
cb8dbcc5-dba0-4b09-84e1-7b4f8a7719ce	757
cb90480c-c3ba-42a8-8c81-1b6dc32b642e	1077
cb921df1-f451-466a-9ddb-e8814e38b334	1155
cb93d9d2-6ed1-4b72-9b8d-73814dac50ce	1137
cb948754-b3af-4a79-a75d-819602f2eee7	1133
cb9d8b60-11be-44ea-a4cd-1eb3d7ac8e83	1075
cba623b3-3123-4794-9c40-bc6a8b5bc3a2	1072
cba95923-0e29-46df-8a53-3ca34efe10ab	1115
cbaa81d8-c97a-4c39-8150-5d0ca3268702	1130
cbade6db-c58e-40b1-8484-7752adfc95fd	1077
cbaef6e7-b10b-4660-af0a-5617b9fd3bc3	1134
cbb40f23-0f6b-4392-8ca1-8e78d98decc0	1095
cbb57575-6afe-442a-a605-27db0a196eb6	1132
cbb93735-eb93-47da-8fd2-f97a9589d1aa	2001
cbbeb9ed-579b-4f24-84eb-98a4934d0ee8	1475
cbbfba19-93ac-4af9-bf96-b3eb3c823f9c	1133
cbc55122-a2ec-40da-a4c8-f4b916a95477	1117
cbc65e1b-cd8b-490d-9e3b-7020456f4547	1135
cbccd496-59f3-4237-b436-941fa8d78f1d	1128
cbcd99e7-f30b-4365-9db3-b61e99f1597a	1128
cbd0fea0-1db7-4713-a4ad-13355b7f5799	2113
cbd79378-9a16-4096-97cf-c94cf2336f30	1135
cbdb210e-9292-4762-be4c-d865d8413748	1320
cbdc4b1e-a293-462a-83aa-6acf6a578bac	1105
cbe3268a-8683-4e9a-97d4-2f36f0053226	1089
cbe61cdf-5f06-4b87-9310-870cf69105f7	1132
cbe7f1e7-547a-457f-b9d0-b7265f96ce88	1077
cbecd2de-def6-4036-a4f9-b4cbed4d07b2	1051
cbee01a2-33cf-4eb3-982d-9e936ca12817	1126
cbf29eab-c9ed-46f6-b8d1-cfcaaf652f4d	1132
cbf31e53-f2ff-44ff-b5e8-fde88b056851	1065
cbf3bbd1-3f3d-4ef4-bfbe-5754e286dee1	2138
cbf4067f-4769-4b5a-87d2-49c447a2243a	1157
cbf4ca43-c934-4f8d-af3f-db7ef0d08857	1085
cbf5f6ff-e5c6-49d8-bf48-04d64318207f	1130
cbfe20bd-790f-4607-9d03-812288968271	1126
cbfe9933-6ad8-4eb8-aebb-0a3f5a059f9d	1134
cbff2a88-b7fa-4f91-95b4-00bbde3cf90a	1159
cc016d48-9e2e-4d49-9b0e-316bc90c4345	1068
cc01bfa5-3fea-4cca-ba68-d2a10df2cd44	1071
cc04080c-7821-4797-9e9f-66a50dd88f9c	1125
cc04514b-fe7a-4d92-af22-c52c39fac414	1116
cc086ae3-24f2-4ff2-b769-8294c41e9979	1123
cc0aba0d-ae3a-4aeb-ab6a-db80e4c1e659	1075
cc11b12e-7c54-4a8e-bb54-82d78e4b6705	1132
cc141c44-6138-4fbd-b670-f5751f4ef402	1137
cc156731-8326-4e13-8dba-bcab318d58ac	1124
cc1cc967-8d7c-40c8-9639-20dde63eb148	1065
cc29a34c-122c-435b-9d83-8529a47417c3	1100
cc2c62e9-be41-48ee-a107-4e7aae4cbaff	1135
cc2e72e5-df03-47e3-a1c6-bca19a399c1f	1132
cc338fc8-6e46-4acc-85da-c86252d9b0a0	1071
cc3dcde9-62a9-41c6-afdf-5e2dafcb3d7f	1413
cc403741-7b30-4f5e-bfa0-8982502b239c	1082
cc408abf-f886-4df4-9185-cc2802a60415	1076
cc419970-c172-473b-a7a5-637b798b667f	1132
cc435e67-c9bb-4b82-86f9-f23fe1dd2790	1133
cc436e21-7616-4175-9244-477df77eccc6	1155
cc43dec5-ad51-48ef-98e6-59dc16e2f7e4	1133
cc45776a-6dd4-4f45-885c-a383c303472e	1070
cc47f48e-384d-4995-a656-5614bfb17c53	1127
cc4a2b42-7204-4e33-b162-1e7ad9cb0c55	1129
cc4d7bdd-cddc-4dc2-b66b-ece3b47f7e88	1134
cc4e0a6c-74f8-49db-8493-37b91ce52b1c	1130
cc524cf6-5b7c-4fb6-9bfd-80c5c3818d9b	2148
cc560a24-464e-4cc6-a3a0-5b3e13f48dff	1136
cc58d9fa-664a-4271-b843-c859afca2bf7	427
cc5b7880-e5ea-4118-bf7b-fa1b8ae3ac67	1145
cc69f75e-69c1-4be0-8201-8706d226d11b	1082
cc6ae000-ce68-4db0-8115-f0a992813982	1160
cc6b90f5-8b42-463a-8c3f-bfeca4cf693e	1074
cc6c3441-4982-4c85-b32c-5a9b239d3a21	1080
cc6de514-39f0-4c94-bfd3-ab0b3f83b25a	1072
cc6e96d0-0846-411d-9ff0-d9f553389d32	1131
cc6fbb13-e9cb-4e5e-843b-a03244bfd674	1132
cc716fde-a238-45de-a2f6-5a9b826c11b3	1118
cc74e2af-35a5-4aca-8e90-506effe96745	1102
cc75b118-c472-4f8d-8348-5a1c4963a5c5	1052
cc7f37b9-bbc5-4236-9402-fa57524ffca0	1145
cc81519b-4e90-41b9-8fb6-5563c9d36870	1133
cc876d06-972a-4cda-8360-8b52c8e64e31	1076
cc87b512-aa68-48bc-9a99-cc673d3f70ec	1073
cc8e5afd-88ea-4f8b-a894-a31062e5849c	1066
cc8fe3d9-a0bc-43ef-b7b3-492fa620e258	1074
cc97a7ab-058c-4db3-9479-33d385516772	1138
cc9a63ae-7436-455a-b59b-cf52fa5f4dda	1092
cc9ad3dc-f870-42d7-ac98-6f00d3b3fb61	1136
cc9dc59f-3af5-469a-ad93-dbfc825939dc	1111
cca14d9d-488b-4044-9a32-705114b5ceaa	790
cca822c5-f3ce-437c-93a7-af08b7bb5c3d	1091
ccac20e4-a63d-4753-86d5-0378a1212752	1131
ccae738e-3ab2-4583-bbc9-8c479ac76bd0	1079
ccb2ddf4-35a9-448a-9945-3b23fc92b5b6	1141
ccb5274f-c562-489e-af43-e4df37f173d8	1071
ccb923f5-a427-4e93-8034-1cbb700a77f1	1158
ccb9c8d5-5583-4da1-a502-2872747defb0	1141
ccbae0b6-0276-481f-b6b4-03baa48fab98	1090
ccbd092b-870d-45c2-84bd-4838410c1eae	1069
ccc35ad8-d9c8-43c0-838d-7c5ebcc29c1c	1066
ccc5ed0b-b6f9-4096-ba2b-53524e5f97f8	1151
ccc98c8e-e878-4b94-b3a3-3c4143fde296	1144
cccf9dd8-68a2-4cc7-bdc6-d28d9d486f57	1078
ccd517b3-5609-4f34-a9b2-31df6dc76f5a	1124
ccd6671c-baa5-4417-9238-dfec2f193078	1166
ccd6a4ed-314c-4319-918d-5b58946584cd	1117
ccd6b128-d11f-49e9-9924-091b2aa1a712	1136
ccdfa2ea-e74f-46ce-ac15-7f31a1bcbefc	1136
cce4d134-2dc8-4309-aa05-f31545e529cd	1135
cce68f50-d9e1-4754-955d-d3e5e29ff9b6	1071
ccea4a9e-c7c5-4013-bd14-bd1e9192cf91	1142
ccea804a-f72a-4af9-bea1-648340e8758b	1893
ccef265d-94c4-4357-8574-91d7213d276a	1073
ccf0cb27-e3f3-48c3-bb6c-b7a042875ac1	1146
ccf1d798-6298-4117-9cff-53f52b5c6b12	1120
ccf4e41b-adcb-47d0-bb25-61c0c6615f2f	1099
ccf745cd-2736-446a-a1ed-042abf0a67e7	1143
ccf9f9ef-c198-4228-944a-bf023a44c345	1134
ccfd2d12-3e4c-4698-907f-b8c84071be9b	1148
cd0130c3-1a5c-4805-b4cf-86b5b880a3c4	1069
cd04923a-55a8-4189-9497-0a41934b04f4	1120
cd077669-d946-4ab2-b05e-97b79a7554e5	1135
cd080d18-f671-406b-a812-f9c0a91ae976	1462
cd0824af-b203-4af5-96f5-cb7b3dd920d1	1067
cd09cb68-75a5-45eb-b042-4a6a3a2e4e01	1154
cd122408-900e-4a53-b032-a5408b5b225c	1116
cd13f0f1-a949-43a5-b749-6b42e2ff1a27	1072
cd1874c4-1fe2-44f1-9701-f87eef839ec1	1076
cd1ef26b-9ff3-4baf-bf3d-12ad40146e1f	1071
cd26158f-2282-49ff-8f11-d31271773741	1128
cd26b17d-c324-4693-8baa-69919837bf74	1133
cd271cde-927b-4fe4-90e0-82be2d9f255f	1129
cd2861af-4dab-4354-bc2f-07b18d32a567	1071
cd29dab4-1f8d-46bb-abc7-0cda1bec4040	1135
cd2a1618-5a93-41a1-8a91-522b658becaf	1134
cd2aa358-0d2a-4944-96e7-e2f7f35e511e	1160
cd30bba3-27df-43c1-a010-b2092b47df84	1132
cd33ef01-2968-486f-8604-0b1bb88ffbce	1159
cd3679db-a76a-48cc-8ccd-8731172a8dd7	1100
cd3732d4-e653-451f-84bc-638156d77803	1085
cd37a52e-e053-4a94-a8f4-0cbd321cf44e	738
cd39154a-05e0-4468-9e4c-24b9c0668f46	1140
cd3a0551-eff0-4886-b115-4224f7816a0a	1138
cd3a2476-ea97-4520-97c7-86735f6c5609	1079
cd3b2b42-00c1-4e4f-80b6-4d48b9704b62	1126
cd3d2993-cb75-4d6a-8d13-f2b1c445ac36	1125
cd42d148-8096-4457-9660-269628e1c2f6	1139
cd455b01-598d-4e2f-b7d4-64007076371f	1130
cd465869-4c35-4f95-8600-ca55cadf6103	1078
cd4ad95d-e587-4fa7-a406-741cb549512c	1073
cd4b75ae-5aa3-4120-b9c8-83589f2c1e2c	1106
cd4e9f89-614b-4367-bd35-747c10df8eea	1069
cd4f6ddf-a6ab-4f04-8a2e-f890db316a4a	1078
cd5551a1-6274-4196-befe-38ab74614cac	1079
cd56b001-e4c4-4662-ae06-128316174b6d	1137
cd5b0d31-800a-4c1e-9e87-6fb5450329d0	1079
cd5eb825-bf8b-4e7a-95db-f01e8e78f9b4	1154
cd5eb897-de98-4220-8717-b9440d0f118b	1131
cd61271a-276a-425e-813e-8f13cd7b77b8	1082
cd619665-f40a-46e7-928e-3a0baa5aac26	1075
cd619aa1-62a0-4e19-895c-f0f0b637ade2	1076
cd674872-ff46-46b6-9c3b-42d202139322	1158
cd6a2e14-b73c-4af5-962a-eee404a257d8	1145
cd726963-3745-4b69-b5d0-4a436ea581f5	1137
cd740565-faaa-4c44-a5d5-cd8ffeb9a27d	1115
cd76e90d-a264-44ba-9994-32b0d6ac8955	1125
cd77f903-7f46-410f-9049-fa2aa1472075	1108
cd797435-6f28-4aba-ab22-fb048335ab9d	1087
cd7e88e4-714b-41ab-bef6-f65b39c7c567	1134
cd7f6c25-ef03-49e2-b3ae-ccfa540605d3	1131
cd80c8ad-c30e-418f-ba84-a8f5f3877b28	1143
cd814b70-5114-463b-864b-97f445d9bb6a	1076
cd82fb7b-f04f-44d7-ab5e-a01a8d14a46f	1116
cd834e6d-47a4-4831-8f95-f28ddd2e6f53	1398
cd86ed79-2105-417e-becc-083ae8e26bc0	1082
cd87eca2-fd41-42f1-bb8b-30376e97a0e3	1140
cd8c5d29-0fae-41a6-9128-0eb4af0aedf9	1127
cd8eea70-94f0-432f-9a8b-3efc8156b3fa	1129
cd90d2ae-e788-40ca-85f9-a98118e3de8e	1074
cd957037-95c5-4c6f-a9b4-d693c21a8b9c	1059
cd9d599f-e067-4394-aa97-b874e6efa945	1073
cda18c46-b894-4cad-aa84-5d03182660db	2265
cda259ec-d5e0-4246-b4e8-8d954891972c	1066
cda2c58f-89d4-4d2f-be86-41275c1d08bd	1069
cda3a5bd-5f4d-45ba-8a90-3d068c83ca84	971
cda78a17-8765-4a1b-8896-2746e2e4c599	1127
cda9b7c7-b3ba-43e6-bb89-6dc3b77d09be	1096
cdad76e3-8d75-4d58-819a-700fe92bec42	1066
cdaf6ee5-cc74-4f83-a723-fc785175ad08	1144
cdb27ced-ba0b-42c1-805b-35867abc025d	1132
cdb3df10-74a5-49d1-9b04-e834763f6e45	1068
cdb46fb6-2a0a-44f4-bc66-2d4c1ae9196c	1074
cdb523fc-fa37-4817-80ff-763d34e105b5	1139
cdb88d75-fe84-4300-b107-6927f5fd4041	1124
cdbb2913-87fb-458f-b489-c85376779550	1120
cdbc91a3-f532-417d-9e01-3ae1d638ced3	1070
cdbd1bad-00a7-496d-bb1c-b7921f283656	1131
cdc1be33-b8b1-4bb1-a036-47d4fce0d529	1073
cdc315cb-a622-482f-b7d4-129998d85e4b	1147
cdc64576-a844-46d8-83f0-69296965b4bf	1116
cdcb5f3c-584e-43da-b4e0-6cf62247b8e4	1093
cdcc7a4c-058c-479c-8ec6-be0be68efb47	1155
cdd28cb5-b9fd-49b9-a071-f72672d71769	1130
cdd2a4fd-0d28-47de-8ac8-aa696bad1031	1088
cdd63018-ee7f-4602-b891-a479128dfad7	1129
cdd7a74e-4710-4537-82bc-7fa8a21e9a80	1132
cddb1339-d6f0-4df7-9f62-8687d68a30bd	1076
cdde24bc-6c18-47bf-809a-d8afc788383f	1075
cddf4793-8907-4d15-b096-f4f75e5de652	1130
cde87dcb-4cd2-40ee-bdbc-b497ac9d55f0	1064
cde89c11-47be-4b22-b900-4e2399d82346	290
cde8aa5d-b03b-4bd4-9486-a24bac182e98	1134
cde8e4c7-9d5c-46a5-a52f-96ee2e1491ae	1049
cde92511-216f-41c1-bd43-0c5f63e4b08a	1134
cdeaea7b-457d-49fa-91f4-c777640a2b7d	1160
cdeb994d-0611-462c-a112-2e79b9c6c6e6	1132
cded645c-dcaf-490b-9be8-cedf200de786	1079
cdf8fe95-c299-4a46-8efe-f404d7948184	1139
cdfde592-64ae-497c-9389-d48dc6d434f2	1098
ce0032b9-e95e-46be-b17f-50e483b6e0db	1160
ce00c06e-4217-4c9e-8dcc-97dd0bc7232c	1132
ce01d1dd-2466-41c4-881c-716c9fd0ddc2	1078
ce03ed48-b457-4202-b82e-a5f691941f48	1082
ce07006b-78da-4a66-a0d1-055631085292	1123
ce0d545f-1fd2-4372-80d6-1eff84e4093a	1112
ce0e7b90-c087-44e6-90fe-9678536cf20c	1141
ce0e93c5-7bf2-4a22-93ec-cec1ce0d11e1	1133
ce11d884-f238-482d-8d6a-bf4cb056b6cb	1125
ce12fa02-0d5c-4a8b-8d19-bb22785c74d9	1120
ce169996-bd89-464d-bce2-f3461b12c07c	1079
ce17755c-bd89-49c7-9ae7-fa51983b5e66	1442
ce1865e3-f4f3-4b91-b3b7-9f028fdeac1e	1081
ce1b77aa-99e2-4fd2-9f2d-521ba961d021	1159
ce1c1c1b-0c0d-4ce4-b95c-5384e32700e4	1138
ce1ec284-46a7-4133-a7de-80a329af6679	1129
ce1ef373-c4de-44a1-8145-205642a2a721	1017
ce22eaf2-387a-43e4-a53d-c361a3079d51	1131
ce234c8a-7cb2-44ae-bfcc-a260b25813ad	1093
ce24195f-71b4-417c-922d-b79b4e8df403	1140
ce243056-0907-4e33-be1b-1baef5375a97	1133
ce25d15d-1edf-4e2a-b4f2-2cf641f4de97	1070
ce29534f-6a7f-40b7-99d8-4ba2f57fceee	1074
ce29d507-b787-42e8-8d86-e68d1dc1850d	1132
ce2c31e7-ef4e-43c5-ab13-5fcaf1a48f04	1069
ce2e985d-9fc4-4ca7-bf3a-64a8a215aa4f	1148
ce2f321d-2ffa-4835-a532-da45cd999dd5	1120
ce36bd89-c393-4008-87c0-16833cc2fbca	533
ce405240-0d5f-4f8a-ba9c-fd37ed76c346	1130
ce41a3e9-fa82-4503-9810-bbaa3eccd6bc	1083
ce442aba-67f1-4492-b996-b1cf6ce857c8	1143
ce44bcdd-8d20-4d87-b389-e996756c8046	1124
ce46f414-a300-4e72-853d-f757df7d168b	1143
ce496302-ccfd-4fc6-a7db-4f2bad046a9e	1132
ce4ff741-66f7-40de-a63a-4f32efa54566	1153
ce50f14b-10d4-4bf5-8d0a-569acbc2a6a9	1135
ce586201-0273-403a-8098-37e970592be6	1100
ce5a7e78-f7c8-487b-a001-1526c3bced23	1135
ce5a9f6d-db5a-404c-a08f-7e034bb8a5e9	1131
ce5da01f-a04c-4fda-9995-001e2583247c	1071
ce60c4c5-e8ea-4db0-b6bb-88c070aa6540	1085
ce640f98-1c4c-4638-b758-088502fc4d60	1133
ce66483d-6ec5-4fc4-be06-b273dcea8e6b	2050
ce66f4f2-3bfc-44fc-875b-a46c0ad57e32	1135
ce67395d-e057-4ca7-9972-c928f53b0d26	1067
ce673b4e-3bcf-40de-b881-91e20b0e4102	1069
ce678656-cb6f-4000-9707-2ec7ddf0b416	698
ce69a2dd-8ab0-4c85-a311-fdcb03192b6a	1132
ce6c4e3e-2cb8-4426-aaf0-9ed961ce7cff	1130
ce6eb1f9-b28f-4aa4-9a2c-de6cf9529ad1	1131
ce70490d-2edf-4f51-a8a5-0c2c6713750b	2084
ce710c4e-2f6f-43da-8069-1bcb14c9fc99	1075
ce710dcb-2529-4a31-a7ed-6cad40ac202a	1046
ce7ca811-673c-4305-b644-59eeef3d10ef	1138
ce7e33b1-d4d9-4367-b985-92693ed418d3	1159
ce8279d0-ca0c-4bc5-9a0c-118b6788695f	1125
ce843953-d943-4d8f-aa05-81976cdb18f9	1048
ce84b394-63f9-4aed-b485-d531e546dfa9	1128
ce8be17f-1e67-4077-a05c-117fa2672418	1071
ce8ff0d1-207f-4198-bb23-71ef0bfc8b7e	1130
ce901ed0-5859-40a5-b33e-1f827dfcf1ee	1133
ce91824d-df0e-4c26-91f2-d33fc8b520bf	1132
ce94fdcf-0dbb-4a37-b6d3-60a8433193ea	1078
ce996064-8256-4def-8ccb-6f2f5948b5a5	1137
ce9fa36b-a757-496d-994b-c0cc87b9e540	1138
cea02f83-cf05-43ab-a5e6-f7c110fce5ab	1098
cea83ddb-b28a-4cc4-a54d-70e6509ed286	1129
cea8fbfa-dfac-4302-b817-72557c66726d	1162
cea903b9-21a9-43a1-adf0-8db61d5d53f3	1075
ceaaeff0-8f8d-4afb-b57c-26fe4223a481	1127
ceab7283-ddcd-4c9d-aca9-d09a07059d62	1133
ceacec1c-8ebf-4326-8a2b-ddaf05b4997b	1072
ceae9b87-7d8e-431b-ad5d-474dc35fee04	1242
ceb0ba5d-1ff2-43fc-b4f7-8e6155f2d93f	1119
ceb0d7c7-254b-462d-9039-02612f4b43b4	1141
ceb50548-1a90-41d6-984a-65a52c39ab40	1089
ceb9d336-0870-4b91-bcb7-70f1c48a4874	1079
cebacfc3-f0ec-48b1-8bec-e7ba73350cdd	2146
cebda4d1-992a-40ad-ad2a-a092738f24b4	2055
cebdd179-8742-4289-9e4a-65695ecf9e80	1129
cec2d9ad-fedd-4e68-8a7a-129ffcab9ff9	1157
cec4132b-be35-466c-9238-720149641032	1139
cec62153-772e-4876-a77e-e9dd0facec70	1127
cec70c61-006e-42fd-aff7-7b884222a429	2019
cec7a71f-eeae-4404-bc68-a7e10a0f281b	1085
cec9a444-cb8c-4bef-9f4f-66e50591dc1e	1131
cecd75c1-9e4b-48f5-8c5c-c3bfaba3106b	1083
cece7115-9747-46e5-a1ab-39f19f487959	1075
cecfcd69-d322-4cd1-8e29-9e3fc3bb5967	1140
ced01a88-4ec1-433a-adc9-1e6a271b0239	1140
ced15bcd-6565-4086-b436-34906dbdabfa	1064
ced22e69-a0ad-4833-8155-93db12aad1f0	1125
ced5d104-afc5-4c11-889c-608fbd6472e4	1089
cedfa2ae-082b-4378-a979-bacb2357fa0f	1098
cee443d1-9807-4cf6-ad94-56ddd402b03d	1137
cee5dccd-952b-432a-86da-204d8d33837c	1076
cee95ba7-724f-4d4b-9f50-b2611bc53d2f	1129
ceea468d-3f30-4de7-b002-5904c6010fcd	1123
ceea6ac8-7bdc-4d09-be90-16ec5378b98d	1132
ceedb5a4-dc9f-47a7-812d-7937a73b138f	1142
cef0c7f5-b694-4d54-aa98-5de411ccfdde	1121
cef3af4e-4619-43cb-902e-7b3eda8d2832	1125
cef52f42-824f-48c5-986f-6e3e158ca772	1135
cef58da9-7856-455f-8a8e-5c80bb74a315	1128
cefac321-cdf6-44f9-a54d-7c78d1d358fa	1153
cefb66ea-762b-4575-ac41-d8643389a5b5	1150
cefd5844-df7f-4cee-8924-3a169430e184	1133
cefdde45-b31f-418c-9383-06072dc1594a	1085
ceff6038-687e-4354-81ce-d236285e8a16	1140
cf0189b8-45f2-474f-b172-f587a49585a5	1117
cf024ee9-42c1-42ec-a90d-76ea08503062	1138
cf035844-5164-492f-ba52-1968f83ab064	1160
cf05a275-a13f-4f70-af46-f75ddb687b01	1135
cf06657a-dba2-4fad-8476-8599d37f4fd2	1074
cf0759ba-1429-4444-b796-35dd49abaf51	1075
cf0d02fd-21c6-45c7-b0a2-43b2feb767fb	1129
cf111edd-9a39-4c65-bc75-5cda56d258b0	1128
cf17b754-3512-42bd-b028-21f7b066b1ee	1074
cf17f799-5e21-4f36-ab8c-cb358676eca3	1077
cf1a2e9c-a52d-4290-a5ba-1464ae324012	1074
cf1b21c8-10fd-49d6-bfe4-93b4ff945b08	2101
cf1ceb52-b9ed-4899-80a2-b8172a7a6bb3	1076
cf1cec22-0f9a-4357-8a88-6ba290a68c7b	1139
cf1de4f9-ef98-4e94-9291-9ce2048970a0	1073
cf1f860b-91ef-4e13-a26d-5adf8f607186	1126
cf2134f9-8f1e-4b6f-9d79-25053c4f8887	1128
cf2827a7-fbc6-4dcc-b885-da74878fdc2e	1081
cf2a3f2a-2aa0-4412-90e8-0f3cb70af093	1136
cf2c5248-3046-4214-b7e7-ee6b6c61e02c	1089
cf2c7c61-70f1-426e-a38b-7fe17f83703e	1078
cf2ce051-2b12-4b33-9606-89db0dc0e97c	1070
cf4047c8-5f33-4d42-b40a-37c225547ea3	2074
cf48d582-5150-4916-9895-be57c0e95bfe	1097
cf51cd99-87d7-4b28-a9d8-393742428aed	1095
cf5217d4-20cb-428b-aec6-723cc9087523	1136
cf59b240-7a84-4994-b600-e58d23bccec0	1068
cf5af667-0498-4af0-a536-b0ed86e19079	1092
cf5b5284-60ec-41f9-8ffc-1ea750dc6b47	1075
cf5f2e03-0f36-4e41-a756-b2595636511b	1094
cf6248bc-babf-4a96-80b8-a5fee824339a	1129
cf66660b-a0cb-4aa2-95b2-ff541a0edfd6	1108
cf6ceede-6a65-4fea-9eba-88a62a6c0093	1068
cf6f9927-4821-4ca2-bc5e-7db2e9eade94	1077
cf70667b-e5bd-421e-a706-7ba6221f3188	1895
cf744b71-58d9-4622-a24c-794b14c67000	1081
cf7672da-bd63-4373-a65a-605f0e925825	1069
cf76e524-b99a-4d60-8578-ea502734c557	1139
cf7c2de2-20f3-4df6-9a30-4791b1a2c09f	1141
cf807df5-62f6-4ba2-a2d5-7adc7b4b0e54	1064
cf827fd8-0653-4056-a12e-049006897bae	1075
cf87f628-0ad1-4233-a379-a25d9571e8fc	2148
cf8aaa76-b1bd-4e10-8dce-f905c4040c3c	641
cf8dacf6-3b50-4705-8d29-3ec42f126abb	2015
cf8dc5e7-998f-4748-b668-961862aec600	1131
cf8e1429-f257-4414-94e6-7365a23edf12	1075
cf9013dc-2671-4d77-90f2-f2fbf7d4bcc8	1067
cf902478-74b4-48f6-b1b3-c4dea6a6c439	1132
cf904579-238c-4b9e-ba4b-b15a9b6dc8c0	1097
cf90d483-73d5-471f-ab30-e35b615f7b93	1126
cf925513-61b8-4cc6-8eb9-39ab7896e20d	1132
cf930a6e-3ca1-429d-a762-14da65a7c3ae	1148
cf94dadd-ca93-4adb-a156-e9449dcf59db	1137
cf9548ed-8e2a-464e-a47d-3f4a6aed829b	1071
cf990756-4997-4e19-aa3a-e41363719ed6	1073
cf9b3f4a-4c48-429c-be02-f5d02c689045	1116
cf9d8bc3-924f-454b-b75b-4c5ba42d0a51	1073
cfa3388f-f861-4356-bb8d-5e531fe02411	1158
cfa41e77-b01d-4bbd-84a8-dd48773bb3f0	1146
cfac45f6-743b-4abe-af2e-5cb72cd8ac42	1121
cfaf9771-f2ce-42b0-9c03-f92647b9ed81	1098
cfb2309a-0021-4bd1-bf5e-00486733c7ab	1142
cfb44b2f-8cfb-4302-b690-e224c85ba7b9	1131
cfb556a8-2445-44ff-a413-ad2424836caa	1069
cfb78c98-3726-4edc-8ac5-5922d57b9e3e	1079
cfb7e870-caeb-4c1a-8cd3-d3d9afd9277a	1131
cfbf3554-99ea-44f4-8fd4-27590f7840c3	1137
cfc5a352-4c15-412a-9e69-1f09b1d950f6	1150
cfc5cb7d-f422-4d15-9063-404c16ad52e1	1080
cfc5de2e-ccd1-49f4-9f87-d597a3b762af	1110
cfc74cec-f8d9-4025-9b74-b4ac046bf139	1151
cfc9fa62-df7d-495d-b9fb-f44e81a33272	1122
cfcf1463-e74f-43b9-9545-2de2f1624d6c	1148
cfd08d4d-28b7-49b0-8930-a69d927aa44f	1137
cfd15940-7b32-43c9-a627-88a52141bd1b	1131
cfd234b2-0def-468f-949c-f1186f23062d	1083
cfd24c3e-a9bb-4635-b938-e4ae55f912bb	1180
cfd4ae21-3396-4673-a040-9dbd365571a7	2085
cfd612f2-f95f-49ab-b0f2-dee83ec41a1c	904
cfd7df40-3168-4c7d-a0e6-5003273e3a47	1085
cfd8adcd-8868-4959-a3ad-95ecbe011678	1081
cfdb7555-a5ef-4ee1-aef0-3ed9574c9502	1071
cfdc950d-4622-42c9-95b6-7ba8a9c2b092	1081
cfdd15c3-4323-4688-931c-b8e1924a5027	1139
cfdedbec-5fe1-4df8-aed2-64cb1ad16e43	1127
cfe109b1-1f7f-4c90-ab16-61525cf0cd81	1065
cfe3158e-104f-4774-8f23-707dcf7469ac	1086
cfe42990-b763-46c1-8bb2-32d5d851c55b	1070
cfe54b13-b3ed-4d3e-85aa-4d553b9a2cfe	1152
cfe76a22-7dac-428a-acd8-59675f70c2ee	1077
cfef688e-6e7f-4ed4-b324-4676354532c3	1141
cff86cb2-5a87-4649-93f2-5caaecf6fed1	1069
cffbe63a-e929-4f60-b30f-c8af639077c0	1920
cffee121-4535-41c7-a0ba-fd0573f02fe8	1082
d000ab4f-1684-4cea-a4b1-19116a263975	353
d0097519-55a3-43ba-818c-26da065bb75a	1140
d00a0210-4717-4456-bc25-7c926e54d657	1139
d00b55c2-5ee7-4278-8403-bef2bdb474af	1069
d00be263-0645-44e2-a273-316f4bb569f1	1113
d00de704-0a80-4b2b-82f7-c7e29f51926c	1061
d00ee1a1-910f-41ec-a042-19570886b868	1074
d00ffbfa-e8f6-4eb8-8969-fa1e97ad3e72	1136
d011b329-f3fa-4559-99a8-7f74b1f365fe	1081
d0125b7f-a556-4070-b0e9-52946ac898d9	1127
d018754a-f62c-419b-8205-37e91e9cccab	1018
d019cf04-0fb2-407e-acb9-a3deab2e7f3f	1138
d01e6874-0e14-48aa-958e-92d14e7cb616	1101
d020900d-4fb1-45a7-a3c7-519dd95784d4	1116
d024fb3f-2980-47be-92ff-de364ec2a3d2	1132
d0276bda-7a60-432c-a1af-14622d45a9bb	1120
d02b5a51-8ad6-4cea-932a-9c373d73217f	1738
d02c41a5-fa8a-40a9-aa22-a6ad66520be6	1073
d02d064e-cc3f-42a5-997c-8e7f415597b4	1152
d02db0fd-d35c-42ca-a2cc-42223e790e5c	629
d02e8309-15d8-4fb7-b7ea-f91f0d88a3d1	1134
d0334da0-f3a4-48b8-87a8-fab3c6beb890	1077
d0338ce2-033b-4997-9174-8f5ad3b67f9b	1077
d0349b4d-4440-40a2-844c-b45e9b349b1a	1052
d036f293-fc3f-47c2-8584-fc3090b9ef4a	1061
d03b0990-031b-4a9e-a4f6-892b1717af42	1046
d03b898c-1a09-4b54-a33e-d759f7587cfa	1134
d03dc4b0-8cf8-43ed-8085-e4e9b1463d4a	903
d03e9005-26b4-4cc8-9bf0-f53fff890061	1118
d0405edf-829e-4baf-b550-b5f0492bfdc8	1175
d046fa88-e835-4370-bdd7-5a62f1e31ae1	1149
d0492ccc-9e65-428d-83ef-044937e0f6c9	1135
d0493bb4-2a16-4152-8beb-60ac5140777e	1139
d04dfac8-7bae-4461-8efe-86532652a684	1136
d051106f-74ec-4334-bc24-0de963802979	2145
d0537872-1137-46bb-9e5d-6ebef697a7f7	1063
d055a155-4a47-406d-9bca-94699dc96ee2	1144
d05d5151-44d8-48eb-9203-bba1c4c512ba	1135
d05dc6cc-d1f8-4d08-9405-b90fc27b856e	1518
d05e0430-e40d-431a-94ee-de2d35f70393	1072
d06085d3-67d0-43a1-8fe0-141daf679ba7	1046
d065080f-ee7c-4db8-9a8c-7e05ae2acf3f	1157
d0654f83-463c-4540-8288-087fbd4aa752	1119
d06e58c3-817f-484c-9bbe-86e0dfb9852f	1070
d0709843-32f7-421e-b5eb-49239186b197	1110
d0721955-a03b-4764-8477-f38122320515	1133
d073c473-b34e-4c34-9c2b-3481ba47a8ea	1119
d076908e-8ef4-40e2-87d2-f81e74a2068a	1076
d076a3d2-8ddf-48fd-ae46-bb53b3eb6526	1123
d076b42e-83a0-4139-b8c5-57b1b199ed1a	1078
d07dc306-414b-4105-aad5-5a9e4878d5ae	1971
d07f0a81-a3c1-45de-b156-020a5832933b	1140
d081029d-3fd4-4636-9230-28e11dfaace7	1089
d083f441-f39f-4057-98d4-547d74663006	1134
d0840eac-557e-49d3-9da4-a9dc1c9f7396	1123
d085baf6-43c7-4baa-86bd-0b52243b709c	1060
d085e707-3e22-4760-bf69-62f7bb39bed1	1137
d085ed44-0618-42cb-93c0-c6da04a1f528	1135
d097a58e-749e-49fb-a999-327d8fa8c137	1109
d09d02de-0955-4a7d-b194-afba98c6beab	1091
d09e3a76-bf2f-4287-8235-fe8bf4f2f584	1012
d0a7f4db-b3b1-401a-8f23-96cf18619dc0	1149
d0a8bcea-5b2f-4d61-9463-717306dd45ff	1135
d0a8ef94-89f8-49bc-8932-50598879f6a8	1065
d0ab2bc8-7a37-4873-adc5-c743edb290a8	1083
d0b439e7-7256-4a38-bd58-206751e04b6f	1078
d0b6a7de-1a8b-458e-b39a-373ff4862cd8	1132
d0b73843-c9ae-400a-ab1b-4642709912ed	1074
d0b7d77e-7004-4f4e-9ef8-aae45d6adb6f	1133
d0b88603-f5e5-4aaf-8eab-16086d036dcf	1127
d0bc850b-2429-4fb7-8337-3ab9ee41d06d	1134
d0be1720-ae29-48b1-aea0-c977d097153a	1128
d0bf9bdf-9364-4aee-a05f-2f10d0f77a88	1075
d0c24326-b7bb-464f-bfc9-91aff9eb3af4	1141
d0cfc609-6ad8-4d4e-b331-1b15bfc36576	1126
d0d0ea83-053f-4360-89b1-f8ad3724e7f4	1097
d0d18afb-b907-4e53-ad79-afbfd7aa37c7	1135
d0d5d8ad-e587-456a-b130-92438309de76	1145
d0d5dceb-cafe-445d-91df-a1e719a18703	1130
d0d61933-e5b8-4e9d-ae1b-c78b822800d5	1148
d0dfed6e-3f78-48ca-aa17-e6eb1c53bb3a	1071
d0e3d2ee-af1c-426e-8a5a-eeb7c29a1d9e	1114
d0e6a63e-5b32-4e66-995c-15c7ec0768d5	1143
d0e81ecb-854e-44a2-a868-405431e98546	1140
d0f17617-e160-4370-8536-eedfe6c3dcd9	1157
d0f23898-444f-4fc8-b9a4-2597ffb3e904	1071
d0f6f9ba-588b-49ec-8678-51143acae4d4	1103
d0fb647e-4334-48a8-9639-eff737026ff5	1141
d0fcea4c-ac37-45f2-ad88-80788270892c	1144
d0fd9c7e-68c4-4745-8dbf-d3f48eb21b25	1137
d1014b89-ff48-4289-bbbe-98cff3641675	1104
d1061925-b38c-4a5f-8134-022bcda0f438	1070
d10b4c91-7007-4e6b-802f-c5b67b66b5f0	1122
d1163605-a815-4120-aaa3-83e16184d4e4	1130
d117cf05-1d76-4239-8292-ef097fec637e	819
d1182c5b-603f-48bc-a759-638997ac834b	1875
d11d8226-0c7f-4b2d-af8b-e5678a217c2e	1272
d11ed8d3-bbfa-4fca-bed8-265a36ecfb35	1147
d122f556-3f54-4597-b720-7bb11c7e6194	1149
d123ccd0-4c87-41c1-97cc-08ce78964478	1136
d12ab3d5-ec28-4c83-a4c3-c9dd5b4ee5c4	1076
d12aed22-40de-4593-b173-853fb26caefb	1151
d12cae03-dab2-4b9e-86d3-e8552af31aab	1072
d130898b-eeec-439b-94ea-2d0234d1274f	1068
d1355dd1-18f5-4f77-a478-9e07d24c1392	1069
d1367d10-72d6-431b-8c4b-277d2a9b5261	1092
d1383475-9675-47c2-a34e-f6606a0365b0	1085
d1396d56-9cb7-4903-8ad5-6859385a8038	1253
d13b4528-9f11-460e-92fc-4c8785e20ae4	1816
d13bc4e9-e6dd-43c3-b58a-f3b14da6f02b	1134
d13e75e0-2301-4d2a-80e5-f64b044f94ff	1131
d1413fe3-0910-43ea-8c7b-f6aa03ed82d6	1076
d14778da-1f77-43cc-a4a1-bf56f7f85e6a	1132
d149d4e0-9d22-4259-9ff5-5af546de3152	1119
d14a6d7b-bb4c-4b06-b2e7-b40a636999c2	1077
d151cd71-bf81-4c00-8591-1171fb2d7065	1082
d1592b5a-684e-4052-85d0-d9c2ea009cd6	988
d15a28f9-02d5-4ace-a0fb-31bb7de9d307	1153
d15c4f67-5594-4887-9fc5-ee17e6571c08	1158
d161c7ec-1b23-4cb1-bd35-2f3c38e27c5f	1153
d167b67e-bb5a-4613-b9da-44ec646f5921	1082
d16a3eba-432b-4465-8621-29ba55580ae0	1459
d16ff0ef-3462-4613-83a2-bac4d9323fa4	1113
d17748e4-cb18-4da6-a884-d5bf74496581	1083
d1775691-a2ce-4912-ae97-6397d2054a9b	1126
d17a1fff-f11b-4fbb-b72a-eada02daf8eb	1078
d17ad40d-da10-48f4-905c-b857288cf169	1131
d17b1863-f574-4888-b369-55662c2484c9	1097
d18609ea-becd-45c8-ab9e-619941555fcf	1144
d189c361-167b-430c-abe2-8f563e7869a2	1091
d1911a62-5497-44ed-bc93-d459a9ca4ce1	1073
d1940fed-70ce-4b91-a2da-7cd5f01dfe2b	1079
d1957366-b7aa-47dd-9ec4-8e45a98748d1	1060
d197e670-6f6f-4ff3-b7a7-696738a74c86	1155
d19a825d-e50c-4b2f-ba44-6806454e856c	1081
d1a38539-d2c5-4f87-a026-6c1c24cd42e1	1156
d1a3c77e-7410-4ac1-8917-349db2f0dc02	1138
d1a40721-9c8c-401a-ad98-871b3a94de3d	1071
d1a7b54b-3223-4bdc-9066-19929e53a668	1075
d1ab98b6-df9e-433f-9e47-95da4ac56a4e	1078
d1ac3097-2143-4878-b791-c31500477485	1171
d1ac3e18-27b3-4eaf-9796-3c15e30b2e08	1130
d1aecbfd-6841-44c1-a6f3-153e3c3dffb8	1153
d1afe9e4-98c6-4b7d-b462-75b5f5316025	1132
d1b1df22-18c9-47b0-b72d-5a874cd65868	1070
d1b2f182-7844-41d8-934e-a9d05c5cbdcf	1131
d1b37f2e-7e58-4bf2-a07b-f5591d295586	1098
d1b3b270-4590-4e0c-8486-d5ed8e8ace5d	1132
d1b7bdb6-512a-4c39-a2f1-55ef9ef16810	1109
d1b854d2-b36d-4892-96d5-14f4dfa7258f	1082
d1b863e9-93e1-474e-84e6-feb52e4da1d2	1158
d1bca65b-141c-409c-8653-62b48ad267dd	1144
d1be1419-2e30-4979-b5a5-ccc91355ea36	1069
d1c23b22-8bf6-44e9-876a-a2251f4c75ca	1080
d1c2628f-08f7-41ef-adcf-0e19c929b62b	1079
d1c68aa7-3fd9-495f-aa9b-a34b81d03813	1068
d1c94198-478d-4662-801f-30fa09540e9e	1135
d1c97a9b-0e15-4c18-a345-b3d9f9e460fc	1136
d1cdfa89-e68b-4869-bd7c-849590445cf4	1082
d1d09317-068a-4a9e-b589-690997fd8488	1131
d1d47976-751e-453a-8d1b-eaadabc07603	1090
d1d4a6a2-8271-45c6-a6b9-89849953fc08	1140
d1d82e03-0fa8-44fd-8917-95e410ec9d72	1071
d1d85270-c40a-417a-8686-49fffba2796b	1141
d1db33a7-e949-4955-b82f-f34535576205	1083
d1dcdcb9-0737-4a0b-abb1-23adc18e50b7	1073
d1df5e17-124f-4b72-9967-a34b43546918	1134
d1e33e84-30fa-448c-b4c7-1ff819dad09b	1133
d1e54890-4cf5-4e94-8786-18fa3c265768	1142
d1e6a83a-a30f-45e0-8258-2f3459ebab31	1132
d1eafae6-331f-4218-b44b-902938fc622f	1130
d1f1830f-a19c-4ff3-bfad-c4f16a642fb9	1139
d1f25d1f-25f4-414a-bca4-7877d3baf8ae	1073
d1f53f83-2ad6-466f-90f7-3ddf67fcb254	1130
d1f5a5a4-4dc7-43a4-af14-4c0907a38bfb	1134
d1f9a30d-288e-45c8-b350-be0de7a763b9	1137
d1fb9467-c63c-4b2f-9893-48373d2fecf8	1089
d204757e-ba76-402a-b5fd-fb49325540f3	1072
d206401f-d6e6-4219-bd2f-aee03889fc30	1136
d20a906e-63b6-43a1-87cd-baebd488fbc3	1418
d20a96fd-5d76-4378-aabe-b8e63294d095	1129
d20e0d49-feea-497c-8ded-7ad2972d85db	1055
d212d77e-1325-4cf6-8f53-8aac2e387092	1071
d2130edd-2648-49cd-a0aa-8daa99e04a23	1129
d2139ed1-f246-4e3c-b182-80d502893a07	1071
d214218d-6eb6-43ef-9c1d-d819639a591a	1109
d21497cf-5dad-485d-a89b-467dd082b526	1137
d21725e6-3699-426c-a888-432f66522b87	1069
d2174067-208c-4b45-ab33-2bedac3a15bf	1121
d219a04d-1d3c-488b-baf8-43d1b3d3c3b4	1896
d219cc64-be16-45d5-9684-079ee8f9de9f	1083
d21c9029-4f57-465f-a1ce-e971667201ad	1146
d21ce8f2-3feb-4c8d-9f23-4805ff1920cf	1133
d21e5b77-fd62-4f42-aaf5-b88f5cbf3c1c	1129
d221c39c-46e5-4cc7-8bc4-978f74259423	1144
d221d2c9-8749-4a72-94de-a71e89c2a2a2	1074
d221ef7a-14d9-4561-b7d0-591350f71de2	1133
d224fc35-f029-4728-a160-858edbbd46ff	2035
d22ad6f3-b6af-4aa0-bd17-33f32ebd8075	1134
d239ee99-4c8e-4843-8a38-ce5c958e317a	1151
d23e0568-2c81-4166-9bbb-db917d816219	1136
d249684a-2297-4dfb-8b09-13a49c0f27b5	1142
d24b503f-9def-4dcc-b472-9a377ef8142a	1887
d24f3970-dda1-4e66-8608-608a7a31ca5f	1152
d2573b3b-bf59-4983-a173-95a269e4748d	1112
d257cca0-3ca9-48ab-87a4-8fc11a19d5cb	1078
d25a3426-e02c-4bbc-92a8-d45ffe554cee	1138
d25b3e26-7a89-4225-82bf-4f16342073c8	1068
d25c5c2f-6f09-4552-a7c5-072227c1170d	1076
d25e03b1-ba08-467f-9948-550014816755	1137
d268e965-41c3-40af-a98e-73833c06d2f5	1136
d26b4025-923b-4d71-b78d-cc931182596b	1131
d26e8b47-3a6e-4f57-b30d-acc6d2198bed	1054
d2762b8c-f4dc-4d3f-8b70-a49dd169f5af	471
d278ce92-dffd-4c51-bf7e-b7f41b167f41	1530
d27a79fc-4aae-4f08-828c-4898f2a1feba	1067
d27bf8e7-93f4-4e5e-a48c-738dc2451cb2	1054
d27cbc8b-04d4-4535-82d1-ffb1706526c2	1122
d27cd8d7-423c-45ae-9e80-94b2576a4c58	1070
d27eda56-4920-4a26-b1b2-9809e94459c5	1079
d28219b2-aa9c-4c1d-98a3-e1303a0bb39f	1130
d282fa6a-ce7e-484f-99d2-1d3451a1fa6a	1139
d2833646-3122-42ce-9dc6-27a666f71c6b	1078
d2856a8e-f917-43fb-8e61-58c3a8668c0e	1133
d285e81c-c825-4a71-84f0-2c2f77ae4831	1154
d28c20db-bfc4-4716-9f90-486da2160ef0	1081
d28e6819-03b4-4e00-9398-908c2930e8fe	1068
d29c15e0-d99a-4609-825e-c053b87f2679	1116
d29e9a5f-d9a7-4edc-8300-4323f4f86abe	1141
d29fed5b-93d5-4c21-9e12-f90d5564834c	1071
d2a4edf4-ffe2-4eeb-9842-98aae84b96b6	1134
d2a6abdf-aec9-42bb-99b8-759f5ab415af	1070
d2afaf4b-3f5c-4375-a2e0-ecbc168110fe	1555
d2b41be4-4705-4593-a0a1-91225a492301	1109
d2b699dc-2aa2-4ebb-ac41-33f17bbe990e	1131
d2b7ee5b-6040-48ee-a1a3-fc659ac8b7d8	1065
d2bc5790-41bb-4a34-8f5c-76f315eabf31	1132
d2c39459-21aa-443b-8197-ccc7a3e638fc	1095
d2c44408-b451-4c9a-813b-2badcd962fb1	1092
d2c5a3b3-d3cd-422c-adb0-e5d9e81e1138	1122
d2c5f7a1-c114-47c5-9537-05dbcf30cf68	1138
d2d9d5f5-4661-4296-b2a6-54f493c642c9	1125
d2db9412-8742-4cc0-8642-2e944ad7a5e6	1086
d2e18f7f-d983-40bc-8603-6133fda46c3f	1159
d2e30f57-c8f7-4c5b-ae3f-da778960c390	1128
d2e72e6e-c1b8-4176-927c-a3f5927bcddd	1142
d2eb78a9-6627-47dc-a00e-d624a6042151	1090
d2eb8a23-0be3-4017-918a-f5b835be9ac2	1138
d2f3acec-d196-4ca5-8125-c3902c85b9e1	1126
d2f3d5db-7706-4ca8-bf35-10a817e41fc4	1071
d2f50548-f394-4b21-b531-898e1b46579b	1140
d2f9025c-1512-4893-9d40-3161eaee4007	1091
d2f9629e-cf56-4a96-9c6e-29a830223b94	1079
d2fa70be-a007-4235-a6bf-0728d9e02483	1160
d2fc6d91-43f2-4406-ac2f-c9caad8cf0b9	1067
d2fe7b46-01c3-46c8-ae27-6fdbd46d6e52	1083
d2ff5dcf-533a-4d84-961c-9e1de25d3383	1143
d300fb2c-bcb6-4f1f-b45e-4ca917f12fe5	1057
d3018b86-3f4c-4f8d-80ee-05b3a14d63f2	1132
d306af60-9923-4283-9afa-88dae7d2f98d	1080
d307cd19-a3ba-4ca3-a1dd-cc0d0f3ab6be	1071
d307cf74-ac05-4c37-ad85-76231b5233ad	1118
d3083286-55f9-4d20-99be-ee04a476919c	1079
d308483b-84b9-44ec-9854-673d6030b286	1068
d30a76c9-2d99-4f3e-a7c9-b6937d1459e3	1078
d3127120-e065-4309-a6fb-3b175c13881d	1932
d312fb5b-8059-47e5-845a-c3f202117b3a	2070
d3153b6f-9861-4cef-a8f9-498cd7adcc56	2166
d316be6d-b067-4a67-85d2-138c62184645	1064
d3195a30-6844-4dd9-9606-a396016d8641	1077
d319a175-cc63-49c8-adb2-615336252849	1133
d31d6c6d-ae93-4cf7-a99d-e75d78755015	1145
d31e6b2c-c0b0-46e7-8cfd-a053e36a4cff	1130
d31fc07f-1b30-419f-b208-94a50cc6ad55	1073
d328a793-228c-4674-9d0f-08b9cc0d16b2	1133
d32c7838-7f6a-41ec-a76e-8409b33f9134	1089
d32e237e-4daf-49db-93dd-198b46f38a0c	1072
d330becd-f3ce-42e2-b064-f46599cdbcb7	1331
d335eb3f-138c-4413-820d-bb1023ab074b	1506
d33613cb-4b31-475e-af52-2bc7a6348950	1131
d3381b88-fe04-4527-8c0f-fd1add2f171c	1071
d33b02a7-890d-4303-9fd5-6211e230a826	1070
d34c4412-7f47-4bde-97a2-9c61ebb048b7	1080
d34e50e0-a037-4381-8fb6-d6c2ae35b007	1172
d34ef331-0a79-478b-9c09-3bb6ce317c06	1076
d34fc195-c72c-4cdf-8271-c82756c64002	1141
d350a9cc-d2a2-498c-8f94-d1e2eda20051	1064
d3548ba9-8893-41da-a669-f3385c669ef2	1150
d355430d-d687-4048-8c85-d5e908def7bc	1118
d3576a64-5ad4-42a2-ba38-935943d1d7a4	1130
d35b171f-2dd7-49de-bb43-4daf64864957	1079
d35d65e4-7ed1-4e77-a4c6-3be09b236a01	1093
d35f1605-b619-4ba5-bb8e-1dfbc6bdafeb	1140
d361d23b-6dfb-4165-874e-ece4fdc0647f	1080
d362b65e-eb77-4b23-8c91-4a779beef2a5	1130
d362fa70-7b49-4f2d-ba57-1bf3497add7b	1129
d3648faa-4135-49b6-94d1-5720427b89e6	1126
d3650aa5-37ad-407b-9d27-9474297e0ed5	1090
d36ddc6b-6bf5-4f35-87a5-8166f8bb3add	1142
d370717e-6a8c-44bf-acd3-add4be861b18	1074
d3725053-3e7d-4d5c-802d-5a9cd0bbb9cf	1124
d3726fb3-3a44-4a53-b9ed-72b046c920e4	1075
d372cb31-ef88-4877-8936-e3d443bdab7f	1154
d3742e81-2977-4c5d-bc0c-8f87c651af6e	1067
d37c505b-b5fd-445f-8ca7-f486c08361d6	1138
d37d3924-9c9f-4b61-97c2-2412c9493517	1123
d37e7a71-4976-4169-aa54-ffb98c023084	1143
d3841e76-dc0d-4818-b216-14991634ef60	1145
d384ef99-5637-4260-ae1e-f3e11423bb44	1076
d389dfb5-bc92-4f8b-b65c-cb5cc3a47ec3	1120
d38df0ea-7675-4e1b-aa19-0d99b279d9f0	1130
d393f53d-42c6-4370-9db0-a4c7fecc1e2f	1137
d395c95f-dc85-4fed-bba2-6cc038d40300	1083
d3975897-2fca-4a7c-8fa6-751233a8df22	1077
d3977cd0-60ac-4487-b4ef-73c0afc957a7	1129
d39a435d-d4f3-4edb-b672-836b4d2909b2	2746
d39c1ed0-8603-4e30-a308-468c33b18027	1074
d39c3e48-2c7a-4efd-af9c-aef92c508b3a	1083
d39f8004-41fb-4748-8d5b-c18c323b50dc	1141
d3a35956-160d-4c0e-8f26-e476ab05e489	1124
d3a5a298-e19a-48f9-aaa4-eed394af4090	1140
d3a62743-70cd-4743-8835-99f5d4cd3e71	1081
d3a79577-dd8a-441e-8f18-53ffb31a04fa	1127
d3aa5f3c-229c-49e3-9baf-888c3dbb1769	2333
d3ae4af1-57a5-41d2-a893-48a835eb32d7	1134
d3b7b2f0-22c1-4813-a01c-04a74ebb589e	1146
d3b82c58-d1d1-4f82-8d2f-059acaa8858f	1132
d3b92831-0e75-4f1f-a695-d0284e233aca	1135
d3bc7e32-5d8b-41d8-8ebe-4688153dca4d	1093
d3c00373-97d6-4e6e-8c7f-ec57aa97a772	1080
d3c10275-4ccb-4c6b-b37e-e231ac880dce	1139
d3c24901-2bfa-4642-8e03-a865c5c1989a	1132
d3c37340-36e4-4df1-9180-48936a1b15c5	1109
d3cb9400-37f7-4595-a53a-48aa4fe0c34e	1074
d3cfbd71-44e7-4f83-b187-ebe5c2d71421	1138
d3d10d5c-e4d5-4e1e-84e6-43efe13ab6a6	1126
d3d710a8-a83d-4a1b-bf31-c87e05c3ebcc	1092
d3db2294-0504-4110-9de4-3989fef2fbce	1141
d3dfbb85-ac19-4b8c-b9a5-58601cfe1f67	1121
d3e099bd-d948-4f1b-ad75-c440717d4575	1135
d3e3c3c8-91aa-4912-acb7-a2c59ee60355	1132
d3e4308e-e176-4fdf-9bb7-b8f90ec810cc	1093
d3e941cb-bf57-42eb-989a-66aa6ade30a0	1130
d3ecff12-ba08-4e9f-9fb1-5440c03898f4	1075
d3eea3c2-f140-42a4-9320-eb6658f0d4b0	1135
d3f304d7-4d52-4b22-8a54-36a51ea92259	1153
d3fad45b-0a79-462e-a948-f1c0b69515cc	1074
d3ff7f16-5b98-4541-a982-7001e2dafdf9	1073
d41071be-f349-4194-8688-a825cd184f9c	1066
d4108f08-50dd-46c5-b947-04024b686e65	1068
d414125e-f03c-49de-b0af-7bd0f51aefca	2080
d41b7df0-9bf4-4d07-98a9-f16c2fe0baa0	1136
d41c9748-fa3c-4e70-b66f-abe660493e79	1146
d423a49b-f982-492a-a0be-88266c422d26	1082
d42c945a-7786-4a75-bc6b-32498ac5b2e9	1126
d42d9232-9838-4d1e-ad61-2288388054a9	1131
d43584f1-7310-4673-8c2d-759b50ce97c3	2020
d4377ce9-c3e2-486b-8bcf-19da54738e33	1139
d4384655-fff2-41ac-b750-6d8de7ca5eca	528
d43bfa54-50f4-4fca-b80c-3bf19f8ba436	1135
d43cdf16-6a96-426d-a0a1-b43b895a4f32	1140
d43d23c2-37d3-4c59-a1d8-7e49cbc0051b	1126
d43dbc08-8159-4414-807a-7163fe06a060	1131
d43dd0db-21d9-4567-ac6e-7a6081eef44c	1078
d43f29e5-8daa-4ed5-993a-bb0458f7d23b	536
d4410b60-712a-4e4e-94e5-f822698b6227	1086
d4422245-e026-444d-a1d3-637e26a72eeb	1132
d442d9b1-391a-4242-8ec0-b162a587b3c1	1132
d4434874-30d8-4125-a95e-4ab18d6e8db6	1080
d4443e5e-7258-4ced-9f35-735ec10023f9	1082
d44564c0-6a73-4af7-8aab-9a9b64ab5bf5	1138
d445850d-b4d0-47c4-88d5-f21140f0d40d	1147
d44821e3-4f48-4c31-905c-f9b504a2ffa4	1075
d448c016-d8bc-4a47-bb24-742f0146ae63	1127
d44cbe2a-b680-458f-be4e-c2f30dacfd90	1134
d44e73da-aaec-4f02-a2a5-14762e883e00	1077
d44ec9d3-d4ac-4a10-b8cc-9d3c886ee616	1100
d44efef3-c048-441a-96b1-8d0d269eae9e	1136
d44f4f03-6604-4870-90ed-d1bb7eb155ef	1132
d4522275-e64e-4356-acf3-9aeff20c103e	1151
d4556d81-5702-4cbe-885a-138302792043	1106
d456eb52-cd36-4154-ae5a-fe11d342ca90	1074
d45704e0-ba49-4d8e-9e7e-3e5bd05029ca	1132
d4580d93-1d4c-401a-99b6-3d83fa5d096f	1119
d45a8a2b-3ab8-4e28-a0de-e17b252cfcf4	1139
d45d06bc-7a6e-4dde-8045-c216f42a7975	1073
d45d76be-1b12-42f8-aba4-0f4e8efcc8d6	1129
d466e021-aed2-4a8f-bf69-c9b99e6cf458	1125
d4708617-75eb-4a86-b7a5-07d1fde20278	1080
d47401e5-fd56-43e7-b624-1fc6051fdfde	1120
d475250e-09a0-473d-bc77-34ed1ccdee41	1117
d479eb50-82e8-4c2b-ae95-9e613a7ba8ad	1118
d47aa697-be0e-4326-b5d1-e4844551e5ed	1123
d47b3c7b-d5df-4f66-9cc6-96c4cc109016	1077
d47f9a85-d3b8-478e-b626-8eb19fa4acc8	1121
d480dcc2-e634-4243-9ebe-9ec0441eeaa3	1071
d4815f6b-1563-43dd-a544-6ea3d98ba721	1076
d4830e69-4696-46f5-b6d1-4fd33f99cf3d	1080
d48336a5-05ca-43ce-b500-72dcd53b9a7d	1129
d4842600-8a7c-42ea-ac53-e98f86a458e8	1109
d48722a3-b072-4645-af0f-e69f66ce2f31	1155
d48a1631-7361-4411-92f8-aca26600e38a	1068
d48bf4b6-845d-40b3-af8b-d1f17a78506f	1067
d48cc53a-3726-4370-b5d8-ddf6200ad678	1140
d48edd07-e4cd-433a-80c7-2b2586269cd9	1120
d49069ec-1326-4cfd-85e0-f4d3f000bcd5	1145
d490a04f-4363-42a9-8f59-e5d6560e3402	1531
d491f160-b514-4d68-8191-3f1b9b0c2f45	1059
d4963a6f-b19b-4a6d-afdc-5fc55aad4f92	1136
d49867af-40f8-4c66-9347-b3b4f4a0f34f	1073
d49db0fb-b752-4108-9c0f-ca1b9a9a8a98	1161
d4a476c3-733f-4b5d-815e-528cfeef7348	2038
d4a48a78-62a5-4c40-a516-89f08f4dda44	1121
d4a7e76b-c5da-4960-8637-547988ff288d	1074
d4a9183f-702c-451e-ab0d-2e3fe140b353	1131
d4aa0ffa-0b52-442e-8e77-857dd857f8eb	1139
d4aaa574-ff41-4d1e-9257-3afb9310d095	1149
d4ae40c9-efe1-46af-be5d-0ca309aca6bc	1136
d4b17643-5bbe-4de4-9fbd-47006094a3eb	1113
d4b1c419-ad41-4880-b37f-415be98cbba9	1136
d4b695c2-4391-4759-a541-f3544938a55d	1082
d4baa645-13ad-4d01-92dd-b64e733c0adf	1160
d4c09b74-6b97-4ac8-9f91-8efb04cf53a9	1076
d4c46836-8eb1-4bf4-9a07-791adcd8e2e5	1074
d4c63a4f-450d-44e9-a976-c959d7d9ed68	1136
d4c6f915-fdff-4310-8d7b-0e260d0306a4	1071
d4c9eab1-3a67-4511-af54-3db65bce9e7d	1135
d4d25571-1ee3-4e30-9add-1e3f696a6f1e	1147
d4d29d05-6526-4a6b-9ef9-b725cd4c6ccb	405
d4d4fc10-abc9-4d32-a832-96772212faf1	1129
d4d5ca0e-f832-4339-bd21-8f522840011c	1117
d4d67145-a872-44e5-aeea-4cdac0ff5259	1131
d4d7a9a3-6026-4ae1-a1a1-9efcc1ddb957	1071
d4d947ff-023a-4280-8ad5-77b104cc36ee	1069
d4d99d7e-a384-499e-9ca1-ee4c1b8ac753	1118
d4dc7662-fc1d-4667-9431-e04c616cacec	1134
d4dcd280-eb7e-448b-9f51-72916ab91242	1131
d4de4583-7ceb-436a-aec6-5a041a1f26b1	1125
d4e5a702-843f-4334-b0a0-cb8398685b7a	1075
d4e5c22c-c1b1-4d65-8167-33607bd2b9f6	1134
d4e72f68-bdd6-4cd7-a727-04562e6ded72	1136
d4e7644f-aa5e-4011-9db6-dd003fd80830	1139
d4e7e467-bd2c-48aa-bc43-9b478f7f1836	1068
d4f2427d-9fb1-4c3c-8846-f4d28fa00dcd	1067
d4f394a6-4f4e-4369-bbe1-9c469eddf9d7	1141
d4f446a8-15eb-45c4-b839-1d491a3fad90	1068
d4f826a9-a743-43e8-ba5f-379251c7e16a	2145
d4f8eb5c-028c-4f5d-9c62-2379405aae38	1126
d4f9f45a-b32b-4bd5-af60-98413301801b	1138
d4fb8cbf-3145-49b4-8568-b2c88bdba396	1150
d4fd7df2-0f04-4400-addc-b63a143f59c1	1077
d4fe00d7-5d3f-4830-b2d0-1883095c87cb	2046
d5016a8b-7b63-4154-aa59-7c7dff7bef11	1856
d50513c3-a6b6-4b2c-a0f0-55e8183c207f	1151
d50642fd-9be7-4b91-b18f-eea288cff2ce	1081
d5098881-107d-49c0-b51c-24a9e25931bf	1129
d50a2c82-e655-4450-b058-287364c40c0b	1136
d50b58ea-d757-41f8-96fc-5a1175a6ce2e	820
d50b7375-1c13-4b30-a21a-6f00ca3dd3b1	1153
d50cac50-c9dc-4ea8-8e50-973eb33532be	1067
d50ead5e-63da-463b-9019-03ad5ac88879	1139
d5107e58-5c40-42e0-94ea-2b4f0077a02b	1073
d514f7e2-6701-4a84-97ed-9275f16a5d94	2043
d51af796-ab8a-4eeb-a517-6f15434f0b4d	1142
d51c1045-5274-4ef7-9477-f3f741edfdd8	1072
d51e6638-1a47-4645-a6db-fdf1acb092a7	1135
d51f5c83-24ce-4e0b-bdea-a21bf9ec426d	1061
d5220c6f-2832-4a77-a6ca-e732f52239d2	1092
d522938c-64af-4b63-990e-72e65d5ef00e	1057
d523e40e-a90e-49cb-9fcd-8c70c375a659	1153
d52534b2-1045-4cc5-bf51-b6f8cf697e15	1160
d527493d-f64c-4294-8123-85aa39d8e172	1091
d5279490-e53d-4e80-ab74-924c5eb2559d	1070
d5282abf-cb9e-43a5-bbbf-199be0f04561	1897
d53276e1-ebc2-43de-897c-86f961a9f115	1137
d53c5bf2-2f9b-49f0-a65b-565c1342e20a	1133
d53d8a26-21fd-4180-95ed-fe57455b0d69	1157
d5466606-3e75-4f2d-9880-e81b91748d10	1077
d54bd4ba-ee1e-402e-a289-c341a7db120d	1136
d54c44c8-9057-4e80-9ef2-8d5b67f5720a	1129
d54d19a1-3517-4d2e-9812-fabf2bdcc90c	1085
d54d9336-6c75-4d47-853f-5aeda5e0a983	1170
d54dbe15-85d0-4f55-aedc-53e34d67866b	1156
d5524dc4-bf2c-426a-9878-0d796ef674d4	1069
d552fa40-2816-45c2-bd63-256208b8f2d8	1128
d5553e1e-9319-4dad-87f2-82343d41f79f	1121
d5590383-d402-457b-b145-d1e24775923c	1084
d559866a-bb6d-4307-bd84-dc2b1eedb665	1132
d5619334-529e-4702-93e4-ddd24e3859c5	1136
d561f859-2332-4713-aeec-810b6600f485	1074
d564f015-02b2-4a12-935a-74afa86e1224	1134
d575fae2-6348-4edc-b5d7-9aa48b90226f	1139
d5763811-7bcb-4c4c-b73f-908b80e5c493	1084
d5768009-1d45-49ea-a9b7-2e4a773c65cc	1070
d57baf06-2b7d-48a8-85e3-e60b0ced4295	1139
d57bcd90-e192-4459-ac49-6e0015d1b470	1081
d57dc465-a547-4018-a13a-2348145e6a4e	1136
d58337ce-e14b-440c-83f9-09bb4853e091	1134
d586a720-d8e1-4dc5-883e-85ad6e2daabf	1130
d58aee5b-ea0c-47a3-b81a-5032d12a1393	1074
d58bfbd0-7d91-4637-8f1d-e096900f6f47	1104
d5932b6d-5f27-4bb7-97da-48373b02b059	1130
d59755d8-abd9-4abd-955d-156b0a3d0ad7	1143
d5981e17-8052-4bfb-b435-94df1f1135e5	1127
d59da721-97dc-45cf-81c5-93c369e538a3	1063
d59e4582-18b4-433e-9211-dfcac52e2097	1151
d59ef840-2c4f-4ef1-832f-1c4e07dbf211	1076
d5a66a10-5018-4f64-8d91-7f441d94fec4	1133
d5a97417-a596-47a6-be23-5fccf95408c9	1071
d5b0272e-4ecd-4565-a603-0181b0cc0e65	1129
d5b29238-30e6-4219-809c-1b211a903dbf	1136
d5b6472a-1ffc-47d2-9b59-3da9c5ec53f7	1140
d5b77b97-4b26-4b0e-a2b3-1ceebea79dd2	1154
d5b8a402-55ae-4450-82fc-fdff1a3cc05a	1126
d5b95cc1-d8cc-4ce7-83e6-2012a051fc23	1078
d5c00de9-aed5-4393-990e-f2d0a34a10d8	1058
d5c219eb-e14d-42a5-af98-021731e48b54	1071
d5c3aa39-0bbb-4129-be54-dad2c3a75e42	1132
d5c400e4-5347-4b9d-8df0-dcfb50c23dc3	1128
d5c8fb7e-0548-4726-8bb8-f97dbb6fb14f	1129
d5ca4a10-f5fd-4524-8d5b-f151a43d3b38	1133
d5cab860-2b5d-42cd-8b8f-3ac10fd45b7d	1063
d5cb58a7-4cae-48ac-b943-2d5a5de4248f	1135
d5cc69c6-f93c-418c-a707-0cdbb983ce38	1133
d5cff918-3c26-454c-9b0f-49a1dd231dce	1125
d5d0cd34-2c02-4590-82cf-8723e01872cf	1135
d5d50007-0c22-4b5b-aa79-41ebd5c9cbf5	1076
d5d621bb-c275-4b65-8cde-61ae9f6f7ccb	1142
d5d72b6f-524d-4bec-a058-617161115e32	1135
d5d8d3fe-71de-4aa8-b875-05f6f75f2398	1127
d5dd0ab9-e8f3-4925-8f4c-a82c3ec7270e	1080
d5dfd3c2-3f86-4400-aec5-3ad6a3bbd790	1108
d5e056ce-6c41-44cf-9ebc-8fcf204d2f67	1069
d5e8646b-7ab4-4685-8369-6997cc30d5d1	1140
d5e90e38-86dd-49ec-a346-60b08edd8e5c	1064
d5eb7ef0-3557-4d8d-8df3-0b113b683891	1137
d5ebfa96-e7e2-423b-9ec0-6bcfe9a911e5	1070
d5f0808b-2a61-4dc5-8f3e-07ccfe238de4	1059
d5f66340-445b-4c8c-bb62-689f8c10afeb	1082
d5f76376-ad5b-4b75-9a79-68a8a5fee13a	1124
d5f81045-1170-493e-a4f9-3e92216d92a3	1092
d5f9a60f-8cd0-4e72-aa10-f92ab94c93ec	1117
d5f9fa1f-ffff-4eb5-b1d8-58a55581949f	1122
d5fd86d7-5625-460e-b508-fc2a36d07a4e	1134
d602d92a-f063-4ab2-bd2c-f751177f8b0c	1073
d60791cd-0b5d-469b-8503-1867c53d1084	1108
d60d8361-d4a3-481e-b126-54d0f4d454c7	1138
d6116334-92fa-4b2b-8caf-001266e67709	1076
d622e0a5-3338-4f25-a4e8-4469e6ad9dbc	1085
d623a6e6-4455-4926-86be-3d1de65f2b64	1055
d635bb08-ceb8-490a-a70f-e65049a29de7	1124
d636dd06-ae6b-40aa-971d-1a28cec3af08	1160
d63a02be-0a60-46d7-9cc4-cd7989b14891	1129
d63b8061-a36a-464d-99de-df54ec75d78e	1082
d63ceb82-5e90-405e-9f95-1161e61fb741	1132
d6432d67-3bf3-439d-83e6-1ae3d7293ad0	1123
d6440e10-9304-4fd8-a657-9f1b49e64214	1117
d64976c6-aa1c-47a5-ac6c-b9f249fbd7b6	1136
d64ff398-be9e-493d-9427-31f0027fd472	1146
d6549bc1-3d0f-44c6-a934-67b9272e1081	1078
d6695714-ae7c-4409-8f39-ea3507dc3fd8	1079
d676214c-14a7-4122-85e0-a351ffbe0446	1079
d6771300-c173-442c-9b7b-360d871c2fa7	1057
d686f266-9a7e-4763-a137-b33f042501d2	1137
d6907cad-af10-4600-b310-304291ef6431	1063
d692cd2c-ef2e-46a9-b6f1-d501a0184564	1136
d6940614-462f-4461-a186-d5e577d8ab69	1110
d69708db-2293-402c-be93-f61b45c491c2	1112
d6990cff-5a28-4214-8aba-72d921864b05	1132
d699b8bc-a474-4207-b531-e40dd3ab1504	1069
d6a0a8d8-4dda-401e-8588-8a60b1cc90fe	1074
d6a1f8b9-d9e8-46b1-8bf6-dbf1c47a1fd5	1135
d6a653ea-63ba-424c-a4d7-818723e863a7	2095
d6a9a651-da9f-4dc1-b64e-2ff7ddf24b5d	1062
d6aa67b6-fff2-4423-8f15-2a0fc73f3fcd	1137
d6ae3530-855c-4dac-a6ed-2025efd885d4	1153
d6af28b4-f629-4c60-8622-d955a17bdc07	1152
d6b0616c-cc74-49b5-9376-ce152544dae0	1070
d6b1e80a-e38e-4be7-bc1d-25c324ff963a	1127
d6bb5bec-2c09-457e-9489-2516a5a04c19	1078
d6bd8a02-5781-403b-a96b-07948e5e10ed	1125
d6bdebf2-597a-4fbb-b81d-3e55567764de	1129
d6c2b787-45b5-4eba-897f-5f6aaa63804f	2050
d6c3923e-6eef-4da5-b875-e1f950f268de	1536
d6ca2c97-5f99-4138-acd8-f1c3e94041e4	1140
d6ca533c-f8ec-4fc5-8f1f-6b8803197ebe	1128
d6cbf2d1-8b19-4432-84db-1b4a5e7852d0	1075
d6cc7eb5-98df-42ca-9dc7-6ae477b028ad	1153
d6ccacd4-db5a-40d5-bd4b-5746e1f6580a	1067
d6d263ab-795a-4afe-b84a-3739fb9338b1	1129
d6d5947a-29b4-481c-b17c-f6f84dbfed3d	1135
d6d731dd-1e73-44bd-9019-d2c54b5c524b	1140
d6d73e8f-6c55-4445-a70c-c6919784d4cf	1138
d6db1cf2-df4c-436e-9c7e-adbf0ed6d277	1072
d6df3e6c-072c-4267-8e9c-18b1318f4f3b	1077
d6e006d8-1ac6-4b32-8184-f519a5f2b62a	1101
d6e12667-f5c7-46a9-80a7-aed416349f44	1132
d6e2966b-77ae-484d-9fea-81b95f8f0c39	313
d6ef1a02-e837-4a72-870c-0ab4151623ea	1066
d6f86b69-d25e-4007-a851-883318201294	1077
d6f98c2c-9a4f-4022-9391-53a57041b6bd	1075
d6fa2b7e-0505-4ae3-bc38-5b46f327162f	1135
d6fbc437-375a-46a3-af9b-9bf1d753f59c	1121
d6fbc7e2-69b5-47cd-8a6c-f70ea5040735	1085
d6fd05c3-acab-4358-90f4-fcef27664854	1065
d6ff4748-e8d1-425f-933e-e7c018ffac31	1159
d70206d2-f1aa-4546-bc22-d68f9b4b43f1	1076
d7029725-b19b-4913-9af9-e274cca1cdd8	1137
d7048de9-8022-454c-8366-24af8f75b4aa	1084
d70a6d12-2ede-40b9-81a6-1bb98d159299	1079
d70c81bf-8199-4bcd-8375-7e33cc9fa7a0	1072
d70fb405-8f8d-48cf-84c1-53c490fdd863	1137
d71ef3a8-603c-4e95-821e-6e001ed882c8	1105
d7209705-5eb4-4e0b-8424-aa4390dc1846	1077
d721c3dc-a56b-480f-b531-9e074fea0519	1132
d725d112-0e6c-41aa-99db-ab0683f9d7f7	1082
d726c006-d971-423f-b79d-57c32f38514a	1075
d7288dcf-501e-40f6-bdfb-77df8f242f7d	1126
d72ef87d-90f7-4ba6-8849-15974c8cb0f8	1133
d72f8333-5ff5-4745-a609-d48b675c35cd	1127
d734c7ee-6e7b-4cce-a2b2-fc2603f734b9	1061
d736cc6e-1ef5-49b2-aea8-366c6c6513d5	1073
d7406395-59e3-49da-9037-b8a1ee0db1e3	1125
d7429904-7922-45f5-a4a8-93177bde5cdd	1077
d7470ab0-1ed6-4ebe-aa35-292b7eb38967	1068
d7478b82-eaec-4e53-b82c-aff48f831a4b	1120
d7479708-cf29-4ec0-a658-cdee626efd95	1071
d74a2a50-f6be-4f27-a452-4bf8d8a249bb	1077
d74a4250-2d25-4636-b226-773103665a18	1061
d74a7d7f-a823-4540-9ad7-c8be50f56608	1078
d74aa653-f653-4b84-9386-cf463672130f	1079
d74c91cb-84b8-4bdf-bd8c-593cf9485422	1137
d74e5c18-3d7f-4216-94b7-ec9bf2fe053f	1132
d74f0596-82ce-4610-b7fe-09452464ca79	1150
d7520796-2e53-44d6-8930-ba8af6d8c87a	1147
d752129c-9318-4bc6-b971-e1637581d4a4	1134
d7525ea6-5603-42d0-8528-54f75d6d2170	1129
d752c40f-5e3c-4fc8-8058-3bed25aead4c	1074
d754391a-ee32-4259-a9c1-34cc3cc8329e	1137
d75632f1-10c0-4b36-a888-300e2a0d330c	1140
d7595a6b-c38c-4b52-9e28-b756d372452a	1155
d75e347b-d2cc-4a4f-8b1e-25d044a01a3d	1095
d76510b4-e4e2-485a-ad5e-a052918bb613	1088
d76874c6-7cf3-471b-8269-0672bef0ff39	1136
d7695cba-2269-46d6-a4fd-9e9615e63dab	1150
d76c8c98-c3a5-4117-837a-5b0dd4aa01c0	1094
d76f391f-470c-4549-b5c3-b8e6511b1ac1	1133
d7716556-bf11-4061-8cc6-2d5c07a0630b	1132
d775b4c3-be6c-44c4-821e-317311876407	1076
d779bf67-7664-4345-a52e-fda831c70200	1128
d77a1241-54b2-4b34-b763-13bd3c6c610b	1087
d77b7585-279f-424e-8240-08b5e65e7c70	1078
d77bba4a-e22f-4a73-aec5-5caafa4a7399	1128
d77c5e15-6a99-4594-8aa8-6b2205807b58	1154
d77dabf7-10ee-4cf9-84fb-65b4969c5f7f	1079
d783cf99-237a-40dc-9801-fa10b364ced2	1133
d786ffd2-71a6-4a83-82df-591bba6cf688	1076
d7871330-c946-4215-baac-c4c1c9c6ec9b	1073
d7891604-32be-4e56-aa6b-bf8996e3e3a2	1532
d78c51df-47d0-4577-a399-dbcc866f1911	1083
d797e535-bf51-483b-be4e-151f1129b236	1076
d798f05d-0555-4fb9-adc1-a8d79f8d90dc	1134
d79bb317-ba05-41b6-a02e-9be0b22e21a8	1074
d79c084d-3375-4179-81b8-b908984f515e	1129
d79c4d2b-1d66-4ac6-bb8e-24dd885ee95f	1073
d79debbb-d8e9-42de-975c-2478089fa3bd	1136
d7a0b86c-3651-4ea8-8250-c39a386943a3	1120
d7a6d50e-9686-49d4-a904-de05642f7201	1111
d7ab79c5-586c-45ed-8dce-bcf2b572915e	1134
d7af5a89-20e2-4bdf-bd7c-73674cca50b2	1137
d7b3d0d1-8e68-4887-b5f3-42a47a56daed	1264
d7b54d7c-93b7-47c1-ad50-c3bc24ff6152	1139
d7b7a5ee-63d0-4c0e-81d2-5539b21a82d6	1125
d7ba520b-962a-46f6-8903-a0a5438e75cf	1072
d7bea56b-cc57-4ab6-9933-e175f63bb35c	1091
d7c166ef-1390-4c40-8613-92cc025bc3c6	1136
d7c2ab0c-16fb-497b-9260-c4b472d7ca77	1137
d7c2fc00-8f38-4268-91f1-4ca6a05abed4	1134
d7c33000-eb14-4490-9eb3-220764258adb	1130
d7c4b621-4b8b-4f63-b8b3-4b4ed8565bec	1076
d7c4f044-e175-4eda-882b-06078c711431	1072
d7c6ec66-4c30-457d-a366-196ec300fda3	1150
d7cd2717-9c04-4dcb-b4da-15d92884b47a	1068
d7ce3f1e-a714-44ab-a3db-f46763cc8c0b	1273
d7d03d4d-877e-47d6-be05-79a9b54a7031	1129
d7d06aa3-b6f8-4c92-93e5-1737af491899	1016
d7d096a6-5a41-4771-b855-141c8e9b4c88	2051
d7d0f0d1-8c54-4fee-821e-4c1b61ae73a4	1065
d7d47d49-3f36-46d3-a9ad-e59e3dbf36d1	1136
d7d5e713-c6dd-40b1-8d6a-399be99cf5ce	1078
d7d76718-cc93-4a08-b158-de2be1386d2f	1133
d7dd5cea-d444-4927-ac9b-131334d0565f	1084
d7dea44e-a6d2-4123-9433-35dd1ed7e3b5	1100
d7dfeb7f-78d4-4930-9acd-f40c4871e613	1114
d7e05ca0-1ee3-48ca-aab6-eb4455ec931d	1114
d7e05d62-89f2-4b42-bc88-58924ae6c694	1100
d7e817d0-a2fb-410f-9013-1bb57c97b562	1123
d7f064d0-f09e-4e1d-89e9-c380ac8bc840	1117
d7f1789a-a50c-4d57-9aa4-d8d76210298c	1076
d7f2bf72-9e5c-4355-9e02-a29de1a95d5d	1077
d7f2db95-2191-46cf-be99-fec90dc82fea	1074
d7f6ddb7-4bdc-4bc6-9464-e34046f3ecea	1075
d7f73fd0-2cdd-4b88-bf13-b3253dd26f77	1128
d7f8ae86-d333-43b5-9696-12710cf081ae	1134
d7fcc0d0-ecdd-415f-8cb9-dad2ca185075	1138
d7fe9eb2-6e25-445a-8cea-27bd0f13efdf	1133
d80117db-49bf-4e79-83ca-5dfbe1cb9e5e	818
d80235ee-67a8-4c6d-a049-a36b679cd615	1127
d8024ce4-309d-4b5e-96bf-030bd363c22c	2146
d8048637-5990-400b-8ae1-2ff4f4f901fd	1137
d8079176-8976-4d30-8305-bc3215f03150	1937
d809ca40-666b-4536-8124-1754c15f4afa	1119
d8114036-c71b-41e0-8f67-d09e636e6a0f	1126
d811c5ba-862d-41de-b97f-1d987ac47255	1079
d81ae842-5369-46b2-b20f-76e60c84e2c2	1125
d81fe72d-c24d-4862-b498-909478efbfea	1145
d8252b74-5517-4421-8684-5963d225b940	1069
d826f648-6bbb-4f77-b174-3b7e334f1acd	1137
d82d6934-f492-4349-ad92-1cdf8f534314	1139
d82e2def-719a-4e4b-be49-5cc82be699fb	1040
d8312249-5423-4fa5-af2f-94a6082ed122	1148
d83183f8-2380-4338-8f5a-215583ac96f0	1142
d838c510-4ed1-4761-bf06-8eb6da1a3442	1146
d8391f50-ff2d-4d1f-bfb2-8d73dce490f0	1127
d83d2ee5-624f-4688-a802-05b3d6f6ed5f	1130
d83ff696-7d95-45cc-b8c0-7796ec06ce8a	1128
d8425190-26d4-423b-8072-95904f91e3fb	1133
d8488315-0989-42af-9530-1dcf6b3bbe83	1078
d84889c2-e81d-4cff-bdaa-1214dcdf5792	1118
d8530bc8-ee88-45cb-8194-30cbacbf2a4c	1130
d8534e8d-a212-4a16-9b01-2fd87110aee1	1083
d85792d5-8b7f-4022-ac0a-2ea42606b07d	1136
d85af59c-0824-4903-a34b-6fd086c3aaa7	1533
d85b9152-64e4-40c0-bf07-34866e73a6e5	1131
d864e787-0c6a-44f8-8c72-a0ccee45f244	2051
d865453d-7288-4b77-a034-5e2b4d3232aa	1068
d865472c-8031-464d-ab0b-740cb9fe913c	1077
d865c4b9-d416-44b9-8ab5-5f748cb6ae45	1117
d86b67fc-8f34-4b33-a489-a35ca8c257cf	1160
d86e6c6a-ab7f-4c0a-b59e-b94da4d3d27c	1136
d879c694-19b4-4f47-81ab-24dc2127fb5e	1065
d87d514a-0889-4d27-8308-f5c5fc138f15	1144
d8802516-45d6-4201-9320-4aacaabb92db	1087
d8854c01-31b0-4bca-b91b-46f5d0519fa1	1136
d889c665-52e9-4675-92fb-43b5efd65668	1133
d88de8c1-3c0e-478c-ad75-bb9bba342283	1078
d8918af8-0867-44e0-aca4-5fb3946f4bde	1137
d891df8d-a55f-4a7b-9674-7a9bef7183cb	1069
d895d033-0773-451b-99f0-32fdb9e0acb3	1070
d899e08f-b0cc-4edc-bb0d-664ed6acb8d4	1135
d89bcde9-12b7-441e-b856-c7963265c7a5	1122
d89f0035-a008-4a81-9719-5b59b4c958fa	1130
d8a58839-16c3-4024-88be-5a715d7f6739	1001
d8a8c109-4803-4f7c-88f4-5454b9707248	1050
d8a9a496-0941-4cdb-9e4e-a327bbae78fe	1138
d8ae6909-7358-4aa4-9484-b654cde735a9	1067
d8af2230-8498-49ed-8419-965d469c0848	1177
d8b007dc-17c3-4144-a891-306d4475be6b	1138
d8b4c02b-f80c-4e4b-8bba-0d1383880364	1131
d8b61863-77ed-47fe-8d84-6f6258dcba94	1136
d8b7c3f2-e13d-4327-b97a-912d3b2962f6	1078
d8bdf01e-e12f-44a4-b6c6-4f538a8e39c6	1132
d8c5121c-0c71-4352-9635-9475ee0b195b	1081
d8c6baeb-9edc-4304-a4da-56d573c97386	1135
d8c848b3-e0a1-4386-a1d7-ae816a83ccd4	1136
d8c92663-868e-45cb-92c7-441874da1366	1068
d8cbc6f2-98ba-4db7-b07b-50c240f67c1e	1101
d8ccd3a1-3ee9-4521-973b-09ac7226a061	1134
d8cd1bba-5713-4295-99cb-64cb2b52881b	1121
d8cee2fa-ecff-4834-b72e-e8aa7924ea65	1067
d8d95343-6a12-4f98-8961-e78b5d965604	1145
d8dc0f41-c07f-4c19-9684-cda07888ab9f	1134
d8de44d0-9bc1-4385-a301-d8fafce9b7a5	1054
d8e0bcf7-be36-4e5f-9416-01cac85f58bf	1136
d8e1e90c-5d54-4d1f-a6a0-b7ee07d11ee7	1163
d8ea3b0f-8919-4a59-a563-bce0b6aa22c3	1071
d8ebb9d0-5850-4cee-8177-e451aaf0c3a3	1074
d8ed4ceb-5a91-4b6b-beb4-c0dda4e686fa	1134
d8ee08a4-7d95-4ee5-ba54-06255ad7f50a	1064
d8efc315-4156-41c1-a20f-4bf424c5b76e	1074
d8fa5942-b5bf-4d84-bd46-d547960b9184	1060
d8fb98eb-b16b-412e-a599-13f90334536a	1147
d907d94c-49ea-4960-a055-e2e069f634aa	1141
d9093f4a-6ec0-4440-85d8-816f5a4eb758	1132
d90b8ba8-6bf5-4662-91f1-106f7a10de3f	1073
d90edeb8-4a2b-4a24-b780-3c5928317a7a	1070
d910c4f1-0a85-4666-b4ea-4def7302d153	1120
d9113389-e4da-4521-b864-6bd451507b8e	1140
d91355bf-97bd-4322-96db-36932491eeaf	1099
d9144930-c3d8-4005-bf2d-c3bd52dca48f	1147
d914b3b8-4255-4650-8d68-873fb583bb26	1074
d916d1fc-619f-4276-a7af-2378a57b118e	1074
d91953c0-e48e-4f6e-bc4a-d582085136be	2091
d919b7f0-4169-4a07-b2a1-a09c9c63b5fa	1124
d9208ce7-2c31-426b-9f57-56b650a6d5f3	1078
d925b239-ace3-49bb-8ef3-ebba343f8137	2063
d928324a-01e2-4f87-9998-3af054ebfbce	1067
d929b126-2ad7-455f-9349-9e7ee9107df4	1133
d92dfa0f-97fe-4685-a8fa-7f750532255e	1137
d92e5dc3-dd27-4cfb-8eb9-c9de3388443c	1132
d9332ee8-c173-4198-81a0-3586d8a7ede1	1093
d933cfff-b796-4281-9596-403b4637acd8	1131
d935b2fa-fd7b-4af1-89a3-da8d7eccebb4	1072
d935c9ac-2445-4b0b-8f2a-5bbb2fbeae58	1144
d945d2ca-0400-434c-89b2-c115490d84af	1055
d946e3f6-00c5-4584-8cbc-5538aa80d9c2	1140
d9479dee-29e1-44da-a149-63ef2ac3981c	1133
d94a16f2-367b-4252-9900-a73505f916a0	1128
d94cfe2e-b4d0-404f-b5e6-75b8fc164ae6	1151
d9539b58-0e36-4dd2-8758-859e8d58646b	1095
d956428d-9b87-4bc4-871e-b50d8f601711	1089
d95a4054-04d1-4ee2-897c-87dc3d3cd3f8	1129
d95bc1e4-340f-47fc-999f-869fd8a3e936	1069
d95d8514-9963-48dd-a5eb-aef64c37c9ce	1129
d96445e6-716a-42d6-9c37-69b0010f53ff	1123
d967df5a-888e-4e7e-95b9-28649f93fa1c	1127
d968c38d-2b65-476c-b2ea-2fb3d8eae475	1136
d9706234-df5c-4a7a-a3d6-66d7461f7149	1075
d970d00f-8d36-442f-b8d5-dd930afebc43	1069
d972e236-9c41-4e6c-b432-6166d5fc4979	1068
d974b84a-8585-44d0-8d72-f5ba3be43eb4	1079
d975ca1e-3dd7-458f-9975-1f0adc345c80	1068
d97de499-0305-4bab-aecf-d5cbc38c6342	1073
d97fb387-a0a0-49cf-b919-36c9d0cde5a3	1094
d9806489-fb4d-4dd0-b4f1-2576ce2258d9	1145
d980cf1e-3dea-48ac-8405-52539b60186f	1076
d981698c-eb99-4ce8-890c-76a07d17d6f1	1133
d986664e-35cc-4900-a008-2a001238623e	1066
d98a3665-0ade-45d7-8621-be8e0c805c93	1122
d98c07da-973b-4dfa-aabe-656ca9873ab8	1110
d995cb31-cf39-4b47-9a12-6dff0e13a777	1137
d99a1eeb-43d0-445d-a81f-54f935610f31	1160
d99b73f5-7590-4a4f-b350-a2927ada6755	1095
d9a16f35-35ee-45d9-accd-2b38f389517d	1138
d9a2c4d0-4da6-4826-9b6f-ea0efef13059	1078
d9a3d4bb-0c02-48d7-a53c-f3aa23c95a84	1072
d9a48316-51d5-421c-8355-4888e128bf10	1072
d9a58909-961c-42a2-8c17-2a3ffd66df64	1070
d9a778ec-f127-43e8-baa1-5c653eac1cbe	1070
d9a99062-0e30-4499-9e65-6603ac64c903	1139
d9a9edff-e2c2-49ef-8a1c-a0201ceb177e	1056
d9a9f681-b932-434f-93ab-8419267c0d7d	1068
d9ac2d0a-7f1a-4b4a-ba4a-d8e1f955a267	1138
d9ae028b-f5bb-4c09-84e9-574dfd46de36	1119
d9b0cec0-1f0e-4b70-9b25-0df6b8e9648b	1128
d9b6a6cc-9107-4dea-99fb-4ac1109ab50a	1139
d9bd6aa6-1c80-4428-a844-c65cc4e81698	1127
d9c05139-8666-4ef2-97fd-63a14c6adf47	1139
d9c35103-2c54-4375-9f9c-60893d8df760	1064
d9c7e587-024e-4cba-b545-a45122a96c21	1051
d9c9ac7a-d53b-4e35-a582-52a9a1d79792	1074
d9ce9d1b-4795-4def-a8c8-07efd07fc64e	1076
d9cf704d-6e6f-4a16-9b27-735dc38559f0	1129
d9cfe502-8ff6-42b8-8fda-1d4a863d14f5	1078
d9d038d3-10ff-4ae1-9551-1c7f4f527360	1137
d9d05a08-741d-41c2-9b14-a82cf126844b	1077
d9d5069f-5b87-4d16-aa00-58b8828ff3ad	1089
d9d63956-6666-4799-a909-2dc7380f43cc	1034
d9e07ea5-f552-476b-ac43-539bc8abe08e	1076
d9e14db8-d048-40c2-a844-de77f0da37f3	1078
d9e5df44-52f3-48fc-90c9-7f04a1788ded	1129
d9eafde4-6b50-43f9-9b24-1ea297b795f0	1157
d9efa015-838d-4ec7-ab96-447f80d395be	1085
d9f202c6-59c0-42fc-a49a-d8084a101031	1125
d9f22682-e0d9-41fe-90bb-0f87eb1e5082	1156
d9f2d27e-44ec-4743-ae8a-d45da8f6697e	1080
d9f3a9e2-150c-4f80-9bbc-95247cb779af	1136
d9f493eb-5bc5-49f2-96a9-d62467ee8eab	1079
d9f5a5a0-4dd6-4341-a230-0f858ad4222d	1128
d9f9d2f8-efae-4167-83af-9bfb4881e0c5	1151
d9fc06d7-5afe-4ac4-a4b9-749ee378134f	1107
da00c919-af0a-4410-8296-75f939f0263a	2029
da031d10-27a5-4723-bd2e-f5fe60ecfbd7	1141
da0a5f4c-5f45-4f59-ba08-f45d7ea5a568	1135
da0b8f96-2aee-45a8-a9f3-bc5f43cea70d	1100
da0d4682-cde3-4801-b554-f4c713261062	390
da1456e7-38f4-4c00-acb4-ea09ba758257	1110
da15d789-702a-4acd-b9ec-33b7725ac6f9	1075
da15dd6c-fff8-4acc-980a-5fc05009589b	1127
da19f511-e3ff-4395-8a65-bbd20788f029	230
da1b50b7-d76d-470b-9626-254ddcde4c24	1186
da1e2d26-ed19-4b56-a7a7-40979abc34e8	1161
da1fc7fd-9a9c-4af3-9808-f40c1d926120	1097
da210a29-7a0d-4633-b523-72e54c44bac1	1063
da2155ef-6782-4184-be60-9cf5e259c354	1079
da21ae5b-840f-46ca-a482-8175eb98905e	1072
da253f70-66bc-49b7-a9cb-42947e951b8f	2138
da26d99a-765b-4717-b071-ee9b038f842d	1133
da27f062-68d4-4955-a619-741243430117	1083
da2a1c67-60a1-400d-ad40-12775410fee1	1073
da2e1b84-b6eb-4de4-9bbb-5335a87d973b	1075
da301ce4-055f-48fc-b6b8-453da30435d9	1135
da30a8fd-c38e-41bf-ab38-167c8d42b52b	1078
da32ef65-e198-403d-ad1b-e6f5c5fe3d19	1134
da344f32-5fb6-47b7-a3e2-162760c7b2e2	1123
da35297b-eef2-49be-8d52-a46acf5e1699	1149
da38c02c-4fc4-4c4d-a22e-2de6a6857d74	1071
da3e13a8-76f2-4c49-bc33-d1c85965c981	1070
da40a9cc-df2a-4f1e-ac29-b6652db02337	1067
da41e05a-9138-4abe-a0ff-a5cefd6f4843	1145
da433429-8193-45a7-b1de-5a0bf0bec84a	2003
da44ba29-46b3-4554-839d-bb4525e78381	1080
da4a269e-28be-412a-a69d-c5c2957837ec	1154
da4f637a-e8e8-471b-aba7-8c3c38ca5e59	1136
da4faf92-3051-451b-a0cf-05410a89f781	1074
da5221c1-4694-4d4f-908e-59f46950757a	654
da573e74-32e6-4646-abed-7c1d7da4e80a	1163
da580bb1-5829-47ed-a698-61dfff54bea6	1161
da584ca4-a95d-4e53-b42d-7d74cc899fc3	1071
da5b2f78-38bc-4598-995a-31dacfa9997a	1125
da5d851e-2eb0-41a1-9a84-b05d2d4a68a4	1137
da60edbb-3c1c-4826-81af-49222289cf00	1132
da611775-77ee-4885-bd8c-e7c0feb77e6b	1119
da615477-a910-4d8e-85fe-0300404407cd	1121
da62ef79-b892-4518-a5ae-d986d7191fd9	1088
da63058d-09ea-42d3-ad40-6fed33f5ae36	1081
da680d61-7820-429c-b1ae-c516e305b3fb	1078
da6a8ea4-2f20-4864-b318-a0a30b6c4b2a	1091
da6d1044-5d3b-44e7-9cf0-fc9a271c7535	1118
da71ebf2-1ceb-4f0e-8520-a8de558ae4e9	1140
da765252-e7c0-409d-80af-13ac96af28ee	1233
da77b6e9-37c1-4c78-ba0f-ac2edab49243	1133
da7a46e1-15dc-43e5-9468-3308ed8b8bf5	1131
da7ac42a-8eac-4139-801c-5a9ef155f771	1088
da7aca4d-d292-4f9b-9535-ef65fd6ddc29	1133
da7edf47-421e-461a-9eb4-792463dceec3	346
da81331c-3c9e-4de9-b78d-e0b92f7ddade	1075
da813c5c-7c21-4f5b-b743-783a08c55755	1106
da899f0f-ee10-4604-bcfe-b90f410e052d	1066
da8f7a04-6500-4a77-8e1e-7f2fd0891751	1131
da9258a1-c48e-4120-b649-7b9aea4da79f	1153
da92bd43-6728-4a47-9264-5afee2e185f8	1076
da94c08f-80ac-4f40-b847-11dadb86a31c	1133
da9ffd05-f7e3-4693-9e74-c3413b9a8bce	1067
daa06b88-bf83-45bb-b421-7cf05493958d	1133
daa1e633-34c3-47f5-84c6-9ac20bb80215	1078
daa259ab-8273-4966-a322-f995994473e2	1127
daa9e95b-08c4-4fca-987f-9a3c0bf1b91a	1133
daac2d51-8344-4d5f-85b0-f539d6d68348	1123
dab188ec-6ce2-49bb-81c6-f1d0a48a7a90	1921
dab3f092-944c-408b-b293-600d15d07515	1135
dab61584-9fc3-429f-8807-11ba858b4f43	1093
dab66e10-be48-4b7e-8bc8-953709cd12a3	1122
dabcc00f-66d4-4c4c-b179-f9c98f05f1ee	1121
dac1560d-c5a6-462e-b1d2-68e9a7237b4f	1923
dac2b59c-20ec-4aa3-a5a2-195e475b310d	1161
dacdbdfe-4783-4096-ae22-b14d410a6f81	1133
dacec484-06d4-4656-b619-b89f283aaea5	1087
dad17971-76ea-441e-a7f8-50a5d80f753d	1067
dad1d3e6-affa-4bc5-bbfe-acbe597ac934	1129
dad3eade-8c63-4a86-b407-3792b1d009e3	1068
dad5da3a-e8d7-4aeb-b7b3-0e60df294993	1080
dad830bf-b0d8-44de-a490-43b15eed16ba	1091
dad96cfc-cce2-45bc-9e2d-a2d404496d07	1132
dae9259c-3cd8-4260-a90c-bba9eef470af	1074
daeb1dea-3f7b-4cd4-aea8-5d9953a2df6f	1076
daef2198-1f11-4b76-9c39-569ce16c98e0	1070
daf04bce-beaf-412d-a83e-d5b64791529a	1893
daf0d348-8aac-4fc2-a6d0-a0ded9ff7a7f	641
daf106cc-d5bb-40df-88fa-33bc5c582bcb	1134
daf6c086-06df-434e-b1b7-638a9a438cf3	1128
daf8d667-1a35-449a-b65d-d7d92b00f37c	1075
daf91034-d5f3-4426-ab8a-51e2ded14960	1091
daf9af03-0ced-469b-912d-b1e3648911f7	1138
dafbc9b6-e279-4349-add9-089e74fc2fbf	1069
dafc6ebf-94d2-4153-a419-e8ced89a95a1	1130
dafc7dbc-a7a9-40d0-b2c5-d79b4897f4aa	1135
dafe5510-6c69-43bf-ac69-28878fdb6fb3	1077
dafea0e5-6e09-46e0-a9db-1ac928bdf6a5	1080
db020047-abbc-4f6c-aa71-81133053df22	1078
db03d946-c47a-40fb-bb63-288acc05e2ed	1130
db05bd36-1c21-4571-b00f-fefc9cedad05	1108
db0628e8-6a62-431b-b27d-61a43c6eb1fb	1139
db0b40eb-26ac-412a-bcfa-716fee040d59	1096
db1006ea-901c-4e87-bd7e-0e0a56b7cf73	1128
db156ea9-59db-4d41-83cf-b3de2dafb55a	1159
db16a15e-503c-416c-98fc-53c9270f9623	1131
db17b2ba-1948-4f18-9cf6-1a94b626687d	1139
db290297-e89c-4803-bb99-aa5a329e61e8	1127
db2b8ea5-3baa-4b1e-8912-1fb6aa85b653	1146
db321985-7ad8-44d7-874e-a825a233f340	1124
db329dc3-e97d-4d6c-895d-c5aabbf821b9	1117
db32d3c8-2a13-4ad8-b91f-df7ba78d32ab	1075
db365830-a02d-400d-ac53-c2f716250ba5	1058
db384e32-cf94-45c2-8b8f-7151862348ff	1073
db3aca18-947e-466f-8770-9b44064ebc49	1070
db3e23b8-684c-4039-a9d2-f0044fa64e79	1137
db41c9b3-a6dc-4d1a-b34c-0b75b45f61f3	1127
db4265e0-50b1-488b-b1ba-a86c4c978c1f	1158
db43ea9a-592b-4264-b0c9-a683d44c601b	1128
db44c307-da6e-45ed-9d73-fb62068b2770	1124
db47da7a-b3df-4745-a954-3511c676a20d	1074
db4f48e5-996c-4dc7-9a1a-6fd96bd10bd4	1157
db526cd3-7e40-44ae-9d88-4433a02a029f	1133
db5537fd-686e-4e74-966e-1002f6f83586	1107
db587ac6-fd11-497b-b454-ad00e770e615	1127
db5925aa-19d3-4a77-a596-0c95806d7ea9	1127
db5d6c58-8321-4934-b660-c93c46c7f97e	1144
db5e08cc-3985-41e9-8fa1-83b9c5a8d35f	1076
db5ec8f2-0a8d-46ce-b735-81f8ce2117b0	1141
db623a5e-d736-4c94-b6c0-a4325c3f9375	1115
db62f943-644b-410d-a9e9-73951100ab31	1139
db6c8bca-1b0f-46cc-9b4b-85baca94b417	1139
db6ce882-a746-45f9-8126-5fdcaec3b583	1073
db6f1c75-dda3-4056-bfea-30d3af3261d7	1072
db7087e2-f61a-4832-bd57-94357324224f	1134
db751d31-dfb4-40ad-ab79-2e54a03a9c53	1131
db7cdb87-56a0-4d60-8405-967a26144063	1087
db7ff54b-f63c-424e-96f0-716c5a33d18c	1130
db811da6-a808-4ed9-8c22-7a0b003774bf	1072
db87198f-4bab-4d08-8232-de08b3a6f4ef	1148
db88b3ab-6816-4b9d-88d4-0317a4e7ab5a	1137
db8f17ee-f8f2-4e67-bb33-13d45aefea07	1045
db8f6590-59f3-4e7e-b374-e8b05e9756ca	1076
db900eaa-7a8a-4620-8ed4-bf87a39739f8	1155
db90d8a4-bf4e-471b-8a6b-00d7dd2b668f	1135
db945379-5343-4804-841d-f516d0bbf33f	1068
db9731a0-6518-4ed3-a397-c857ae458f3d	1139
db9830ce-9e7c-40d5-87c3-695c39382299	2039
db9a3272-6323-48c4-94f1-091ff332f1fb	1084
db9baaee-d882-4134-a629-5bc346005fe2	1137
db9ea374-9694-4774-879a-c3c2324caff8	1076
dba6890a-d55c-482a-9d57-a9b111980c0e	1134
dba6b878-a631-4ff0-adab-bfee26889c50	1140
dbaa2bf3-3772-488e-a37f-23c95f6de834	1124
dbaae8d9-6ebc-4897-bad1-de8209073f7b	1079
dbac908b-96e0-499a-874c-f94e55ac47f3	1949
dbad1f6c-3712-4f47-a716-2277ce32ba0c	1148
dbaf90de-2ef8-4010-8481-9d12d046bd2f	1161
dbb1bc5d-4b63-47b3-9b26-0c21a2832151	1132
dbb99221-7380-46f6-ad2c-f6e6daa8bafe	1084
dbc11619-31e9-4ffe-9a09-53dfdf517538	1137
dbc38f92-9969-4e5f-b64c-6b96a234f251	1050
dbc7b1e5-a86a-4db5-9ac3-358d593e0427	1076
dbcd8051-3146-41f3-9886-4f95ab545ccc	1145
dbd1f416-cffb-4c8d-80ec-71da18b27c83	1093
dbd33996-b458-4832-abe2-26925c70f230	1070
dbd51880-36b4-40dc-987c-52636d1e32ab	1150
dbde443d-7b77-4ce3-a3a0-08078c2e34ef	1130
dbdee0f5-a651-4a17-8cd0-a5cb65117728	1134
dbe504aa-2ebb-412a-83f9-a446d3508425	1136
dbeae84b-f181-410b-86c2-a89f84f88599	1135
dbf12dab-cb63-4518-b408-fa6bc48ed25f	1137
dbf560a9-1bca-49a5-83a9-a3f02385c2f9	1107
dbf66c2e-2928-4de0-91b9-e789cd8cba52	1071
dbf7fc4f-c734-4896-9ae1-127bad521a23	1158
dbf8fa5a-398e-4f35-9058-42856ec3a0c4	1073
dbf9e182-78e8-4235-821c-d4d16a9e97ff	1068
dbfc3546-f731-4e98-9737-ae9939265b5c	1125
dc095fd8-2323-4c37-b814-c26733971bd3	1076
dc0e9cd9-2cb9-4470-b133-335fa60aa7c9	1090
dc0fd212-6209-4788-a437-a16af9006b38	1132
dc11c47f-4d7a-45d3-8a61-44d392ef3c8e	1065
dc129db0-eca7-425a-9b4f-f386b809d61c	1138
dc137bdb-51ea-456d-9196-f3d468eba893	1068
dc13a5aa-4ba0-4f62-9883-e781a2488e1b	1057
dc1e8a80-cb55-4cff-93b0-45c6c0d3beeb	1143
dc1f0024-0c0c-497f-9140-15203c0bfb17	1138
dc223520-247e-44f3-997f-1d7ead71f6fb	1170
dc234309-cd1d-44d7-855f-1cf56691c8b2	1067
dc23e570-7902-4946-8b63-056fc7935f12	1155
dc29b58f-bbb1-4acb-a168-8265ad89915b	1120
dc2c7c41-7ca3-4309-9b2c-6261e32836cc	1066
dc2ddb95-e31e-4a7f-92e6-da329eddd0d6	1074
dc2e1aaf-f1b1-4a52-b39a-69d1c07e8d5d	1123
dc2f2edc-bce6-4912-a786-31e5cb18cd86	1129
dc373023-6f2c-4bda-be7c-3bdbf79bd251	1143
dc3b917a-6c26-4b9e-a2d4-5851a85cc4b1	2036
dc3d2519-e4cf-4701-aeb2-f4288ebf47ed	1150
dc3f3de6-32ae-4619-8e74-1cec2c76def1	1072
dc40f9fa-04cf-466a-92df-feb73ceb677f	1077
dc4351ea-5117-4a9a-afb0-f487ff2e52fd	1052
dc43e3cb-c7c3-45ff-a0d3-ae8cded3e01e	1121
dc4510ce-c3f3-493a-9ec5-4e868b6421af	1070
dc46ce20-6894-4b22-b6d7-66b406a19bcf	1079
dc483960-d304-44ec-86e2-2d75b3aaac5f	1076
dc4af824-9f81-4824-910b-4f40a4630c10	1137
dc4bea3a-7dab-420a-a69c-3777f0e0d124	1132
dc4e518d-874c-4d5f-bd33-9c1127a6f845	1090
dc500bc6-76ec-4888-ae08-8d8d6e4cb8ba	1524
dc54b9f6-da89-4ccd-914c-d7aeedcf8a6e	1066
dc55b751-f567-44cb-a5dc-23f61e25a5c5	1113
dc5ab268-7fa1-4e8a-bc23-7c64d48f810b	1073
dc5becc1-e0c7-4c49-9f5d-b7f7fa09487a	1076
dc6014e1-ede6-4606-a931-963492e41ca0	1147
dc645278-8527-4241-9db6-01657b8fe4af	1068
dc648ca7-0cc2-4208-af9d-2cc934ce3baa	1137
dc65ddc3-51c4-4689-8512-31d858724675	1170
dc660c3a-6d39-41f8-bd3c-a884c0e113cc	1133
dc691b9a-5bc1-494e-840a-0c11e2e776d4	1132
dc697bf2-cb28-4316-89d6-63aa4013ccc0	330
dc697e69-e136-43e7-ac23-a36c8551c233	1082
dc70aa66-1999-41be-b44e-709f75e34a80	1138
dc71955e-9625-4160-91c0-5077b5540b1c	1141
dc720656-4eb9-4e25-abaf-3cef1bf525a4	1067
dc72c877-476d-4ba7-a472-5b2a5156d45a	1127
dc7324ff-127b-45be-a4ec-1988bc776b2f	1845
dc79407c-c5de-4b7f-b0a2-409ec70ad2ee	1078
dc8277d5-cfd2-43d4-ba2b-c8b81b26d740	1135
dc829314-fbdf-4025-b568-87930c16375a	1093
dc82a33b-2322-4c26-a4fc-457718f2942d	1147
dc904e44-9574-4222-a627-a4ea51c6f688	1066
dc9106b9-211f-4441-8771-86b3e300f5b2	1128
dc919b3e-c048-44f2-9d45-766ed420f3f3	1068
dc91a37e-ee4d-47f0-a8a0-45a37a807744	1073
dc92a7a6-b683-4e69-b804-ed54826c5cd0	1090
dc92f5b3-0a63-4772-8d8d-f7ed4fdf2b10	1126
dc937fe5-72d3-4b2b-86ae-141d05a5a9cd	1129
dca058aa-ed88-4805-90ab-d8a7b16b3194	1074
dca2c53e-6e9d-4c0c-b2a0-d18ae60645f0	1127
dca3ae32-3604-40ac-b21d-4c46145b3c51	1072
dca70985-5467-4adc-a285-2c27d8fb3e1a	1114
dca70f08-aef7-4333-977f-2f3083099638	1067
dcb144e9-8cfd-4d14-83e9-68c1344e2820	1071
dcb40a76-4fa5-46a2-a321-2b60ca928911	1077
dcb88bc5-0387-4072-a78d-54ce76c12aa5	1120
dcb9c0eb-c2bc-4ea9-89fd-771af70323f8	1136
dcbca8ba-0796-41c1-88bc-c14a18b277f1	1133
dcc057ba-e583-4b75-9c37-a85308ea6174	1117
dcc8b9b7-15a4-495e-b70d-7b0bdbe1b034	1151
dccce887-d63d-40d5-89d4-d6481569b98a	1126
dcd28d35-a9b1-4f61-8fc4-8192e08f4147	1068
dcd35a40-33e3-4ba8-9906-a604a0543598	1123
dcd49ea0-bd8f-46a6-8777-ab0b56861fcc	1062
dcd5ab70-36fb-4adf-897c-1c50233dd838	1070
dcd9e66d-5959-47ed-a3b9-8ab9e1d4b61a	1126
dcdd50d0-c922-4518-abf1-16ae259f3991	1131
dce1b4d3-1e13-4df1-a576-270f4155dd97	1559
dce802c2-d07a-46d1-a622-eb56d0312cae	1062
dce838e2-747f-42ee-9d6b-dfcbab9b4d42	1082
dce9a017-b0f4-4f38-98a2-92ae42d1efa0	1120
dcebb1b0-fc19-4556-8d05-17af4f0cf4b2	1129
dcecb160-9031-4191-bff4-2ab56446d908	1070
dcef74d2-efd8-4d9c-92d5-4d83d4dbba8e	1130
dcf5a9e6-7358-44ed-8404-17deaff9dc7e	1140
dcf75b0d-8418-44dd-af9e-5bb595335c35	1127
dcf9a76d-21fe-4bcf-9285-69ed046b4676	1064
dcf9d34d-3d04-4bfd-bd5d-7162f0f41cf8	1108
dcf9e774-117f-4637-accc-35b8971da085	1069
dcfcabf6-23f4-45fc-948f-0e9be8d66442	1120
dd045a14-7875-4a50-a1b8-74a8fdac841b	1078
dd04eb97-25ba-43df-8c08-c99885998d52	1140
dd091729-3e40-43a4-9df2-d985585f6c40	1070
dd0b0d0a-bcb4-45d0-9173-da1ac4e5afa9	1074
dd0ce690-469a-41af-8c93-c903626e9e86	1140
dd136c8a-2fe7-4ee6-b6f1-5cf2a0a97cf7	1070
dd1f9923-cc74-442e-bf87-6a6896ab8ea5	1068
dd2198f2-4fac-4b7e-9f34-98d003dbc324	1133
dd2257b8-437b-42dc-875b-a44e3a6c8510	1139
dd2b6334-e2af-4941-8384-5c54c5d5f83d	1528
dd31ae0e-cf6d-4073-af8a-47e5dec8f73a	1129
dd3389ff-3db6-48e7-b479-df7ac8d5b767	1104
dd339ba3-536e-43f0-9dd6-02f13b03c4b2	1132
dd33cd5b-0432-4b81-85ef-fa59325d01c0	1142
dd36698c-b072-45b2-a251-da783779ee3e	1072
dd37ee78-e7bf-4918-89ea-f7416a655db9	1136
dd39eb02-8eaa-476c-b40a-62ef0e4d2eff	1076
dd45434d-0537-4b5b-a3e9-6c7c50e8f417	1073
dd48b928-0c3e-499d-99ad-591060c8b978	1138
dd4b67cc-0a65-49c0-99d2-c096086720e6	1132
dd4bfa0e-eabd-4e21-aded-9904106ad0d5	1073
dd4d9484-6b38-4ea8-833d-e0bc677544de	1071
dd4ef3f5-cd96-4384-a63b-d204f30d1f42	1070
dd544b29-9c54-43ca-9298-bf2e9948642f	1069
dd557ddf-0d0e-4cbd-8e1e-b11c11f4f75c	1129
dd5656ca-22aa-4f69-9c35-4a584c3ae7fe	1137
dd5dea90-8e83-48f3-92a5-b0144193bb39	1042
dd679b5b-a7fd-4a16-9101-0dda91e566a8	1136
dd6a334a-2a31-4cb0-8324-0548c7e630d4	1079
dd6a393f-05bb-4d6f-a5c9-c57946ae2209	1137
dd6d2092-d635-4592-9975-f46d6074c370	1128
dd769bd9-32e7-43d4-a6e8-3ae1b636a8c3	1076
dd775124-4e4d-4e26-bcbc-b2add1230269	1152
dd77b70e-11be-4bc7-84bb-c9f544f314f2	2021
dd79aa02-0ced-4636-b081-427c8a499ee2	1157
dd7b3889-28a0-4fd5-9a9b-3dc716da97cc	1064
dd7d6774-29e9-41d6-b92b-6986d4102b84	1067
dd886930-57c9-4d13-be3b-43a5a454f8f2	1078
dd8979cf-c41d-41b9-a723-8e3d99183530	1138
dd89f1d0-865c-497a-be5b-b1875fc2b5c1	1124
dd8fbe02-5e22-4303-a582-5617d91bd7c3	1142
dd8fed70-ec11-429f-8937-7b8ab447558c	1132
dd90d63a-713c-403c-8e48-59d39bb34df4	1140
dd914f11-c925-417c-9c07-4d17614b6c89	1076
dd93dbe5-6c22-4848-8100-31f2c2f8422b	1137
dd949920-bdb7-4885-96f9-e48aa2a86bbb	1076
dd9bd5bf-d0f5-481b-bbff-13fed083cc02	1096
dd9bec07-a119-4348-82bc-9ab3f9d5ed70	1112
dd9dfabb-2028-44a6-a762-f2cf175d25a7	1082
dda52ed1-8702-4fad-afb6-38a2bbe72072	1062
dda698a4-b2dd-4ab3-8f34-7653d391aa9e	1129
dda6d0f8-b9a9-4ca8-b3a6-61bfd289c1d6	1495
dda93ccb-72c9-40fa-84ab-089b078af3d7	1093
dda9ad23-17c8-4a9d-bae6-4674bdc658d7	1133
ddb22315-2735-4824-8cbd-60c70518c01f	1106
ddb314e4-e700-41df-bbf6-d1ce206feb83	1130
ddb3cc30-678f-4069-bdfb-99f90c3a8252	1126
ddb678fb-ff98-4b50-bcf7-39ce2797e0f5	1059
ddb8dd71-79d5-40f6-9741-b16811b261e6	1062
ddc0cfcf-45fe-416d-824a-b273dd95a0c5	1134
ddca2220-d38c-463f-8b87-348363e34f32	1094
ddd507c1-66ba-46b3-b27e-64697b7d586b	1070
ddd7d7a0-2a5f-442c-8a74-a56961b95ec9	1073
ddddf4ba-b85b-4bb6-a656-9cf0c3b72e1d	1078
ddeccb15-fff2-4385-94fa-0eaafed11d02	1138
ddef9a6d-5862-483d-90d9-a7b7906cb2b2	1072
ddefd582-ef5f-4166-a4dd-a5e4696178b9	1130
ddf14c2a-77a0-45b5-81d0-4277b8c48cd1	1066
ddf81a12-a37b-4d1f-8a45-d5b412ef4c16	1161
ddfc0862-28c3-4009-835a-a769d04dcc4b	1094
ddfc2ef7-5333-42e8-9646-43dc78e2792a	1077
ddffcd10-7bb2-4446-8a62-5c0eefa5c040	1099
de052683-0c18-4583-b85e-f81690ed724c	1155
de0710ae-53f9-4308-a369-f44561a4e544	1075
de08a96a-6799-44dc-a595-4b6b9aafdc94	1468
de0a1471-8c4b-4263-a746-09db2e3d0409	1128
de0e988d-6e51-4c98-ad6c-5725868a0d1e	1068
de0fc0be-2751-4e2e-bfee-5fad7c3d028f	1074
de1141f6-3ac3-440b-9e12-eab114ac8b1e	1076
de11428f-070e-4d33-887f-62be95351b00	1066
de1463cd-b6d1-4cee-9fdb-f194591527ec	1071
de14749b-2966-471b-b768-3e0959b75f5a	1074
de14a1b3-d94d-4cf8-a3d8-e7e0920ed79e	1119
de15753e-28a6-4e1e-a0be-82adb73b3dfb	1120
de167f4e-32df-44da-8838-a3fac683d3b8	1135
de199eae-38fc-44c3-bdb0-078d7a386699	337
de1a8bb9-7a00-45ec-8718-fdf0de7d7018	1093
de1dd720-4c13-4247-b57b-890f62558112	1069
de23ba4a-40b2-434a-83bb-cf0c9d30e5b8	1074
de2dbb3c-1e37-47e2-a583-740b1708ccb2	1144
de2e536b-54da-4850-a93e-927615d59728	1140
de346256-eba4-4603-9d80-3845b6393bfa	1138
de38138e-1a63-45cf-abeb-47f0181e60b0	1138
de403e90-6608-4803-b508-bd0e955020e1	504
de42ea1e-a800-4adc-91e9-da949c307834	1153
de435ea1-1c73-4bda-8780-d9a6611c1b05	1123
de4804aa-a151-4108-bc5c-fb38a5086ee5	1151
de495de0-f11d-4492-a562-0958f3962430	1528
de4b78cf-57a6-4617-a69d-b257b3b5a732	1127
de4d155b-4022-496c-8cb5-8c05caef24db	1134
de4e13b2-c505-474a-925f-05d394765a50	1130
de4ea365-3081-4f40-a41b-38aee7f71a56	1072
de4ff410-c19a-40b8-b763-c468a88f9795	1154
de505d37-670e-4569-9262-8adb167b9884	1131
de523b8b-c437-4c35-996a-c9296453cb53	1157
de55f16f-cfdc-45b5-9eeb-64c4b02e37ce	1131
de5b0bcd-743a-4399-adfb-39fb15c6b29a	1126
de5cdc1e-dbdf-4064-80ae-95a6a5552f8a	1136
de60301a-68e7-4672-983b-5e9ff2babf06	1079
de631e56-9c00-411e-bb86-83f7b092330a	1055
de648a6f-fb7c-44e5-a9c5-26cae1056fe0	1133
de64ab4e-8d3c-4f19-bb13-a27abb582823	1138
de6abea9-b1c7-4fa1-a9e0-25d5beb2814e	1073
de6b5018-0314-47e5-9bd9-21ef05cd8009	1145
de6ee925-748f-424d-8c6b-1dac6a1a89f6	1139
de707464-c1ed-4c20-a90e-089fd4c2aceb	1081
de71e78e-12a0-45f1-af10-ac7b38e6335c	1139
de75f5b8-3c54-459b-a1bf-f900bad0d1b9	1068
de77d9c2-7213-485e-b2a0-300ac9819b0c	1130
de7b89a5-9c10-44e5-af45-fdbd5e157289	1140
de7e2423-cb9b-44dc-94a4-323ec533f7e5	1146
de80898b-e822-41ae-95e3-7c3191b605d5	772
de815ff7-aeea-460b-8f83-be182d657fc4	1076
de8377b6-2d9b-42ef-ba8f-88734e359e3e	281
de860482-2270-4fcd-9cc1-8f34679b25e1	1056
de866ff3-da9d-4c1c-bc9d-de97a9a4709c	1134
de8db9b5-8dec-42f5-9cc7-ca7521f04dad	1069
de908e29-7643-4537-ae42-38dde92d6c4d	1130
de90980f-bba4-4774-893e-790a0fc18407	1140
de920ce6-a5ba-457b-90b6-b9c589ef0482	1138
de92298a-11cf-40f7-b94c-cb43ade0f2d2	1128
de92ce58-3351-4c14-99f5-24bb3441bb24	1079
de95dc42-41de-46c8-bb12-00ae6a24ce9a	1134
de98c39a-68d1-4aaa-8367-f8f5fe98810e	1062
de9b1db7-adb6-4208-a51d-462ca200a182	1068
deacac54-f64d-4e45-ae9b-1b15b5a750fe	1139
deae1439-1c13-40cb-9486-a5603057f3ab	1076
deb5a85b-73c4-4f49-a356-6d194c14fc0b	1154
deb6d059-bf91-400d-84f8-495bcdcbd407	1071
deb88551-7f12-4d55-ae4f-edadf12c2c5b	1110
dec1adb2-47db-4052-a369-706e4afdbe51	1084
dec3394f-c3bb-4b5c-a70c-c45a9f869545	1139
ded0589d-d21a-4cf2-81cc-ca657018f10e	1124
ded124fb-f113-4aea-a79e-6b962bdf7881	1071
ded91cce-97d2-4d96-baed-d8f3f34b838a	1075
dedba0eb-3c85-45eb-b03f-c3609f472984	1112
dedf3795-e57e-481e-886d-084b11f5c1f4	1098
dee0e20a-0452-4e79-8849-8cee1fe7eb9e	1069
dee21aef-8fcb-435a-8ce6-22516f8318a9	1130
dee2ddf8-e60d-41d2-9a1d-f867b086f8a2	1146
deee80b0-569f-4286-8b3c-bdb77847e40b	1118
deefad2e-d9be-4435-9925-8173c6ad0f09	1136
def25117-4a5a-4754-b01c-a84a6a85215b	1134
defaf47b-9e8c-4ef4-a443-ee47e42c7b21	1111
defc2933-99d9-4025-85c8-04ee8b92b6f4	1145
defc6309-7a94-4476-9a1d-4b69d428f630	1138
defd9183-b108-4a7b-a873-21e088acadf4	1134
df000606-388c-4f7c-91e0-31e603c8d7a1	1126
df01d0bd-8a1b-4a7f-a9ac-8fc2bcf14d64	1163
df03c3ff-4ba8-4b0d-8c69-2eb9a401ce31	1134
df06186e-c849-426d-ba99-08c61da0a0cf	1137
df15472d-b131-4621-a12b-49c91965450a	1072
df18632d-4c65-432f-8b10-0fcbadd7f139	1146
df1864c0-deb9-420e-820d-1882b9880500	1075
df1bd149-03a4-49ff-8d2a-a68fc3a86a2d	974
df1c13dd-2e5c-4d93-a635-af91e3621a72	1093
df1d9d73-5297-4f75-86e4-ccc7f4783a02	1137
df203998-aac6-4462-b913-1e191cb7a8af	1078
df240e83-534c-4e03-98a7-0b5e96fd3fc2	1124
df26125d-166b-4456-b820-f99243658295	1076
df261801-7e7e-42f7-a92e-7007adf9c270	1160
df2c456d-24d3-4a91-bbff-a3e7b7b5eeb7	1089
df2c798b-804f-44f9-b4c6-fbda3450919b	1129
df2ff496-d49b-41f4-ae80-60ece8da0811	1129
df31e75f-f99b-4677-bf62-a374dd71b392	1156
df34e458-e712-4f7c-9cf4-9ca7bc8f7109	1073
df3dac44-7129-4262-84bd-373c6a4f3dcb	1534
df3ffe2f-9213-4ebc-8570-5828d733f644	1109
df4a3d35-cabc-4a38-a59e-c84751ede34c	1103
df4b16c0-f3c7-41da-aa0a-ffdbc1e65bcd	1134
df4b86a6-7473-4a33-9dbd-ad485898f3f1	1132
df5715b2-593a-4553-8047-24772f292d85	1118
df59e301-b9ef-4faf-b0b8-2c3f5f839785	1134
df5e217d-1b86-48dd-95a3-9158ba952ec6	1133
df5f5415-dfe4-4fd9-85ec-8a9ea09cd902	1064
df62e017-d9f9-48ce-9fd4-2448cde10427	1144
df6c0751-fd3a-48ff-bebf-e4a68a0ce6e5	1129
df72b88a-8b6b-4fd7-a2be-2491806e0598	2024
df75192f-bf66-4cea-adf5-4df04163b3f2	1078
df796b60-0426-4f16-8aff-f57ef53251ab	1089
df796c71-f4bc-4fa8-bae6-1776be40ae24	1163
df7a07ad-8c12-429f-8896-1662be6b8cf0	1120
df7d007a-e889-4d25-a687-32a649a1c23d	1063
df812a17-1a94-4e67-b661-718f2e044dba	2145
df88373e-77b4-4583-9b91-0fd2b597af7f	1140
df888ff7-97d4-4d58-af97-42519f568976	1091
df896bb5-3219-4e06-864c-edd212bb9b71	1122
df89e4dc-87ba-48b6-adca-63555a01a647	1136
df8c2157-ecef-4747-8e13-aae3f03c023e	1176
df8d3372-0022-426e-b45a-7052c9219e5c	1157
df8d757b-817e-4f68-8375-0d37f1750573	1139
df93d629-4625-46f7-abf9-9ba73f09183e	1119
df94797a-1d3e-4d2d-a0a5-479522a62911	1082
df95920b-62e0-4953-8e54-8960060cfa71	1076
df993dc3-3b0d-4536-bf38-65f174295c5f	1138
df994201-6980-48a3-b782-89cfed21ffcc	1132
df9f4eab-31c8-4265-9cfa-150d4f2a8914	1118
dfa1ad42-e19d-4156-8cd2-18a59d8fa00a	1080
dfa5b898-af5f-4e6b-97a7-eae3e1cf454f	1128
dfa5c105-7749-4004-abaf-fd7e6268ec9b	1144
dfaf5fb8-1090-4978-9026-bff81b3fee95	1153
dfb17b82-9d1d-4241-9fb1-d6f779a65bdf	1128
dfb3b321-a45d-4886-81ec-2fb3264426d3	1130
dfb73aad-cbf9-42a7-8050-0a0fed159b29	1147
dfb88818-5233-4afb-9cda-8c6d61aacec5	1138
dfbc9b4d-2e1d-47ef-a3c6-bfaf94c977e4	1077
dfbffaca-9e91-45cf-baf0-e7242d855fa6	1129
dfc435c8-ef42-4ad4-89ee-5878f2625c30	1138
dfc44553-a95c-43ed-975d-85153b6c4bb6	1545
dfc99f85-0972-4634-9f58-ce1e71777763	1053
dfcaceef-f497-4788-855c-ca186c2f38de	1137
dfd62cc4-de08-455a-88b6-8f4a7c1a99f3	1077
dfd6b1e8-f702-4488-8ce8-7b46a6230b25	1075
dfd93347-0fc8-4c52-93d3-5da22839f2de	1133
dfd94b3a-c4d2-4f85-bdc3-a6afe3df2c5d	1107
dfda6ebb-54e5-458c-aa65-f68380767170	1083
dfdb8dfb-2b8e-4f2e-be29-500c2042ef02	1070
dfdc01b3-d9ec-40ab-81bb-41d2da861e9b	1070
dfec5475-7134-40c0-a2e7-d135bcd8bcb8	1076
dff064d1-d32f-4f03-8a90-7fb291d198b9	1155
dff2002d-9414-4af9-91ef-f124fa711fe2	1118
dff46a43-ef72-4d59-9e7b-8c26e2225992	1135
dff89cfd-b627-4759-88e3-6158c8a7ae01	1066
dfff9a65-0dd8-4d0f-8557-0c7b55162574	1079
e0003c99-e30f-47a3-b8e3-33b69f1f6d39	1140
e00455bd-711d-49d8-860c-550d04279225	1137
e00bc3f9-a2e8-4e65-b308-e10df85608f3	1128
e00c3483-86f6-4c5b-a518-c7471146cdc9	1075
e013a979-919b-4c2a-b8fe-cf94073b92fd	1070
e0141b10-b5f1-4a66-aeff-79348a436e0f	1100
e0146565-8515-443e-acd1-6ebdb90438bb	1070
e016f867-a1bf-4ad1-9de8-81353474d1ec	1136
e018144c-fa37-4581-be71-a8a3de649689	1132
e01ac31b-5bb0-4f76-af77-920a8739cea6	2118
e01b27c1-7cce-4a65-b203-bdb9fedf4fae	1141
e01e7c7a-c987-4653-bdd0-f62cd1132460	1074
e01ebf37-5259-4155-85e7-3ff3bbe9cc26	1140
e025c581-446a-4099-bbe4-7140724cd18c	1126
e02625f1-2df2-4512-a944-21b805d7d105	1071
e028b635-79f5-4b21-ac15-9c55dfcb1ae7	1130
e02ab03f-5f3d-451f-8316-7cffe791a3c6	1154
e02f7345-ac50-4f6f-a153-620978d7b05d	1071
e03005b5-0c84-434b-a790-466a747ca274	1070
e0319406-bde6-47b8-a85a-3259f00a6160	1143
e033c259-d468-437a-883d-3e2dd283f270	1136
e034524b-eafb-442e-9e3d-b5a79d4e48b2	1134
e0393e00-dcbc-429a-ae9c-59d003c85e07	1150
e03d916c-0b6d-4f8b-8f89-629942274bcd	1132
e03ffd0c-5e19-45ed-8a93-6ad79766e93b	1127
e0461378-3180-43bf-9d25-3d15206f1257	1129
e04c6c82-4520-4978-8d99-f05517b2b4e8	1855
e04d54bf-9f8e-4358-8e61-b4e46315adfd	1124
e04e4e58-f393-4e13-b978-a33bec0723ae	1130
e056bea9-8687-4580-9949-6eb23076dcfc	1126
e058e219-936b-40ad-a775-d51318b0c33e	1130
e05dd03e-bd6b-454c-bac6-ba1d9f1edb95	1070
e0617be3-88d7-4912-9c75-efb03886ed69	1130
e061f308-32c8-49c1-9e5b-d31d4927bb5c	1132
e068e043-8e0a-472b-85d4-1b2b31c430e3	1162
e06c9036-b9d7-40af-815b-232f5423b081	1150
e071d117-4c1a-4d22-b5c8-1f183df57076	1129
e0738e41-f434-4a1b-b280-5ce400af6174	1139
e076a7f1-5ee9-425b-9166-097e2a2c2da4	377
e076b2fc-9dab-417f-8b36-a91ffea3f1ce	1112
e078a7f1-91e4-4968-a813-de2436cf65f0	1133
e07b6eb0-23ec-480a-9380-7a835d152641	1144
e07e4507-25d8-4f39-b103-d0b093698679	1129
e0814a22-676d-46f2-972b-b01534dde08f	1141
e084b867-4823-49a8-abe8-215e82dd88a9	1096
e088b5fc-d7a2-4ba7-9281-6a49a3c8c236	1130
e08c9531-7bfd-4bc2-b07a-1664857e32e6	1136
e0901718-8e28-40d2-96a9-d528e0b984bc	1097
e090a8d0-c9a8-4536-8741-0dbd94578423	1150
e0977a2a-075f-403d-884e-371c58d61713	1146
e099b624-061c-4ae0-a86d-1659056229cf	1106
e099fe20-a10a-42bf-9d77-957d7bd8cd56	1158
e0a2409e-db48-4b42-813b-78694bd23f96	1124
e0a8bce9-aeab-4659-8ff3-2a65bc64511f	1160
e0af9f96-677c-4c46-b789-500e2c3d9a73	1130
e0b282f3-1b27-487c-afc0-8906fbeb6f33	1124
e0b6486d-b14e-4932-be7a-d9085a982992	1073
e0b70a25-59c1-4403-be88-8d4c437aa660	2071
e0b790eb-4790-4b3b-9844-2875121b16a4	1061
e0b79e73-ab2b-445f-a67c-d4d4eb75bd5f	1135
e0b90711-f26d-43f1-beb1-49d4537579e8	1100
e0bdb38a-ccd6-442c-a49f-69af51e2355c	1157
e0c679ee-7ff5-414f-9410-42c78b3174c1	1096
e0c6804b-d3cf-42cf-aad5-0d56fba85cf2	1133
e0c6a37b-8c9a-4a29-b2a2-d0094b350ee4	1078
e0ca192d-4b4d-4471-969e-be2f21210db5	1134
e0cba8e3-2412-40da-8184-7a9b504633c0	1131
e0d0cf76-6b57-4f68-ba69-aa9e91112f60	1127
e0d1bca4-faea-42ea-bcf7-d6717b7d72dc	1094
e0d3f88e-5d01-4211-adff-45fa9e86d6ce	1134
e0d752a0-2cb6-41ec-898a-44c987413744	1075
e0d807e2-99ba-4145-94ee-d7744e619eef	1174
e0d82860-8a7e-487a-a740-22be936d4680	1068
e0d8d7cd-ac99-4bec-a6d2-a4bb7a241be6	1131
e0d94036-82e6-47ab-af83-05581e2e0539	1146
e0db9687-d1b2-4a3f-82e2-a1574192c3ef	1170
e0de3195-d459-4fe0-8251-56a864e7bc00	1055
e0df4f3d-b494-4053-a975-9bb9ed583cc4	1155
e0e3475b-714d-4db9-ad30-16f1c5b9e00f	1137
e0e7522a-b16d-423e-88c2-39201b8d44f2	1076
e0e79ad1-31eb-4eb2-880f-362e90625b2c	1124
e0e89b69-b74c-4b3d-99c0-6ec13d3b09c6	1134
e0ea059e-9480-47cc-8954-434705978edf	1137
e0ec2bc6-742b-40ed-9b3d-f66b792e5f64	1175
e0eeac4b-d5e9-4e8b-ab43-fa8b4a878def	1138
e0f34755-aaa6-428f-8a81-2ec3589da44a	1146
e0f6c897-b380-4080-b70a-17d07d3e6c4b	1130
e0f7fd3b-929c-4353-bc50-eeef3b42715c	1074
e0fc07f2-fb94-4562-a61e-b1830104ae70	1063
e0fcb44c-508a-48a3-a980-a339d22c6343	1087
e1005e4f-75d8-4c76-a17f-cda62e06f629	1138
e102905a-2b2c-433e-874b-b677b9517d60	1086
e10478e5-8237-4518-bb17-cecbb432a001	1066
e1073256-f586-423f-b672-a2d739823e98	1090
e1088233-1d82-4c48-9886-accd06f9f2c3	1035
e10adcd5-dc0e-4b52-b662-fd2e37fd3f98	1082
e10cebb1-4742-4dad-9b2e-c0077ba628f8	1100
e12392cc-8423-4557-821b-ce22c360bb3d	1141
e1248e8f-61d9-474b-9849-c8c35d95267a	1128
e124d4c5-ceab-4460-be93-3e9228923102	1093
e12c7546-fd43-41cc-b7fb-12489e0ca730	1060
e1342302-dfa9-4d8e-acd7-b416d4e5c961	1124
e135c89f-2c06-44cd-a9b3-ce7344c14601	1137
e1382ed2-0992-49dc-847d-5114f4c3d1e0	1136
e13f67aa-d0ce-4bd3-9bf7-da77bb0af27d	1095
e143f12d-3a84-46a6-ae59-b540841d14fb	1077
e1447913-7227-4f79-9bfe-4f0f09aa21d1	302
e146508c-aef8-43b3-b7c8-4271ceeafea7	1113
e14950fe-ec47-40a8-89c0-e8fbac2d93df	1135
e14ca92e-e00a-431b-b6e2-f47594ea665f	1125
e1520bdb-3965-4a3d-9ed5-d6c16812e219	1126
e15413a2-64eb-4983-be44-bdb5ce9449ae	1072
e154d392-1f63-4cd2-9ab2-ebcd4a9a9284	1079
e16c03eb-d604-436e-a570-db929ffec0e2	1139
e16c4c2e-6b9e-429d-a136-362fa212458b	1158
e16d68a9-f87e-426e-96cd-a9219ce62e4f	1134
e16eb9db-8ae9-4f83-88f9-a12720737e36	1073
e16f1730-995e-4e67-a6d3-cc2e84e2ab5c	1074
e16ff3eb-9e7e-4376-a724-2a0fc78671ba	1129
e171b253-c835-4325-aee1-2f698b5cd522	1081
e17525ec-1987-4637-ba99-87a2f1dece8e	1110
e1752f3b-ef6d-4f2c-9ae9-9c840a484058	1117
e175c06e-8f39-407b-98b6-0df51a80e190	1079
e17cb0bb-229a-4eea-8845-6e645d4a5aa6	1238
e17eb1e8-d77d-46ba-9c7a-9e0931e6f59d	2059
e1804985-26f8-41c5-b6e9-2bcbf137d888	1146
e181e09e-b0c1-420c-987e-f52227ceb9a2	372
e181f826-cabb-427f-9753-de6b48965787	1072
e18aeb38-a0ba-4bff-8c53-15d021a760ff	1072
e18fb3b3-f1a1-4db3-b9c0-6de57553bcd3	1081
e1916ee6-6a93-47fb-bb36-e407ba6dbbb1	1142
e198558f-9e10-4d6c-b53f-98dad09fd86b	1127
e19cb35c-53a6-4328-aa5f-64f96b4027ec	1134
e1a6003a-de88-491a-a16c-846600ac6207	1090
e1a65691-5273-4ece-ac2f-950c6403f426	1131
e1a865d1-05c9-4a19-a00e-7cd899fb6ac1	1134
e1ac583e-1422-4bed-b055-ad53670c0b8d	1108
e1aeb202-5974-4287-b704-1d7f686678f0	1136
e1b01559-94c7-4e8c-804f-a9dba1727a8f	1080
e1b3867f-c72d-4d72-b194-d31a9cb6130b	1062
e1b9cd39-4c24-4349-8af2-14bac2ee65be	1065
e1bd60a1-1a53-4ae6-8afe-9dcc4150ca09	1127
e1c0aeb0-87d2-4dc3-be4c-1ac42c372a9b	1132
e1c2a6ef-53a6-416e-99a9-6bc935f14e7a	1159
e1c2de20-3e03-465c-b389-2109e1b5375a	1154
e1c523a7-2612-4f39-aa01-38b122201b7b	1134
e1c5d93e-cd9e-4025-92aa-7c0f7eb3dafb	1073
e1c69274-c835-44ab-88ac-4aa93bb521d7	1127
e1c6d47a-9fb1-4114-8d3c-fcfcf726594b	221
e1ca02d3-240b-477a-a63b-a8327a9ef45e	1140
e1d0dfdb-f95a-4459-985c-331645e56d21	1142
e1d1a01d-d7f8-47ac-8868-c2d616fc3e4e	1155
e1d43e7f-4da1-4b3b-8690-83431a49ee3b	891
e1d7656a-e038-480a-8da1-f55935b41fd5	1089
e1d7c228-db5e-4149-9650-90610337a1c6	1136
e1da9013-f21f-4190-9dbe-a15c116c2126	1131
e1de7eb0-e4e7-423d-ad2d-20c5b071fb0a	1145
e1e6de09-8536-4d4e-bb3e-6bdf38c625a7	588
e1e9857e-c95b-4cda-b090-c1a0bbf37b04	1123
e1ea314b-ce2e-4537-9c0f-74021bd94f4f	1131
e1ec80d7-f677-4006-a7b1-46166184ce09	1085
e1ece99b-b112-47b0-9359-c7b863ccbb06	1080
e1eec37a-d042-4f9d-a7d6-5d541d0ac56e	1092
e1f15b7c-9dcd-4c18-b751-af7db78fded4	1131
e1f99b10-9702-4755-a2bd-c9f600e72529	1070
e1fbd2a4-4cc3-4ec5-9439-c2ea916cb636	1069
e1fd1c34-bee0-4099-98a3-83bd867c4f96	1086
e2010537-cf22-48d6-ba8b-27dd697cd08c	1138
e204be57-69a4-4644-aab6-99aba374e629	1132
e209e21f-1fc5-4a1d-b6ce-355c2e50d01e	1018
e20e5c66-aa50-4be2-b125-81e993318f70	1133
e2193b49-95c2-4078-94dc-0a17a421e64f	1131
e21adb94-758b-4a7f-8980-614c136e1e0d	1079
e21b9fdc-1895-45cc-a069-5d60215ac57f	1079
e21de41d-4fd7-4a3b-aff7-fea927a86c4c	1074
e21e3e9e-b66c-4feb-99c3-00692599ad53	1134
e2241644-ba25-40de-a8c0-5e93bb893bc9	1128
e22a5b3c-83bd-4062-8929-c6f21620efa2	1131
e22abee2-d5b6-48f5-ab50-3124dd0b1603	1086
e22be659-ee72-4e97-85c1-60efd8e6d567	1075
e22ea35d-a4a8-4c95-a9f5-f6173098d0d4	1131
e2314d4d-cc1a-4899-bcf5-c78adec8fe08	1161
e2320266-3643-4c51-83a9-ecbf6655fc8e	1100
e2345420-f1ad-4d37-8cec-f4c975ea7dcd	1133
e2375e08-7b81-4e1d-8441-a6912845f437	1135
e237cc5d-6092-4369-aaa8-ad5f96c0b570	1080
e23a9d21-f44e-463b-b1d3-a016226789e6	1135
e23b4891-efa9-40da-bfb8-338e009f7085	1129
e23b77f8-243c-4cd3-a7ef-870aaa5fbd03	1149
e23c9a4c-0af8-439c-8643-1cf55f7a8eba	1080
e24408e6-b605-4a07-ad9d-c2aaf6c73d52	1063
e244288e-fab6-45c7-a72f-88991c7ce0a1	1077
e244dfb3-5b42-487a-b921-3ada2f52dad5	1069
e24a8f17-ab90-4475-ac7f-2cf49288de2d	1127
e24df655-dae7-4789-b32c-c2865fef7223	1137
e24e8bb8-0bb5-49e7-a5db-a3f5a09489f2	1102
e25424d2-76a8-4ddf-848a-7cb787ecfa1f	1128
e258a7c0-0f1f-493e-a529-df4d58eac27f	1129
e25c3194-381c-44b6-813f-5f1ed103445d	1109
e2640d07-6ccf-4012-8f12-aabb164dce84	1065
e265d067-2cd2-4b8a-a722-899b7c81b0b2	1078
e268ef87-88fe-46eb-b4ba-a19eaa2d7075	1144
e26a0665-2284-4449-bc45-cc2be4f4b4a6	1162
e26a3085-30d2-4cb9-b33f-50ee5e2bd69d	1137
e2741ddb-afed-4272-8cde-64d7d8a10663	1135
e2754985-a536-4654-8206-f39e3389a168	1130
e2788d9c-0cc3-4a2a-9684-69926299b07a	1131
e279b3f2-0583-4374-8c92-786d721c8c82	1141
e27cfc21-2c83-4761-9dcf-aec0508a409f	1166
e27d3fb3-7e7a-4487-bd24-b1c4be93ac57	1136
e27e9818-24b5-4b22-9122-89095eb296b8	1075
e27ed001-723b-4370-8416-935966dd611f	1077
e27f04a6-7fbe-4632-85ee-bebdb633b31e	2086
e284663c-389d-4325-a00c-0fe282e1326a	1146
e285f8b3-0767-4c56-9525-301b02fa1086	1133
e287814c-ff61-471e-a977-1337b93c4c55	1130
e28b0330-28e2-4157-9d37-06f6bac01d7f	1124
e28c3903-c206-455d-9f3d-324939cd5eb2	1142
e28cea8b-67ca-47ba-95f7-30c1abf071bf	1093
e2937e63-3706-4ae5-9fb5-6db5011827d0	1095
e2951466-6c16-41c9-9c4b-ea324f981855	1156
e29b7f9a-a5b2-440f-9598-1dae37258a5f	1134
e29c8aaa-bdf6-4871-971a-931c2d84bf6b	1159
e29da847-59a9-433a-b39a-6f2f9e9f4bcc	2110
e29de800-e013-4d36-93b7-ea17cc6758a3	1131
e29e0c98-e0f6-43a6-8f3c-a056971f977a	1072
e29e573a-207f-4fa3-a9e1-47dc13dde9e5	1079
e2a30343-f857-4193-a5c6-864d5e35aa7b	1142
e2a5e485-bd01-4bbf-81fb-8ce98af97a93	1063
e2af457a-31e0-401c-b3e5-cdef49225557	1153
e2b02ee3-9721-42f8-ab2f-dc70375dfd78	1128
e2b5996e-986d-4b2a-b292-8ecd6eba92d4	1132
e2bad400-6eb0-4c31-9960-a77f5d7ef46e	1067
e2bcc0f6-81fa-4df6-9cbe-b0219aa0317b	1130
e2bf93a2-36db-4070-bcee-9689202f444e	1081
e2c00887-22a4-4ed7-bd0a-4e0d03fec7f9	1091
e2c34712-d5be-47e1-aa66-b41f74ea6218	1125
e2c3f367-97ff-4671-81db-b5124b4210b1	1155
e2c47906-ddf4-4ba6-bd86-c712e96aba4b	1108
e2d080f2-9b45-4060-bda7-d1c9bce04d1d	1118
e2d42b82-b667-4238-8f84-4d79bb2d6475	2080
e2d87b19-8b71-43ef-a010-1a9a2031086d	1107
e2d8fff0-1ee0-4332-a2fd-775ec4a04758	1073
e2de812a-00d9-44f8-a174-3455a6276282	1084
e2e3467c-bee1-4472-9a8f-f416075eaa74	1144
e2e3c253-b50c-48c3-89c7-3cef305254d5	1127
e2eab915-65e9-44bc-9268-326e2ebd99bd	1075
e2ed26ca-e652-4ea0-8b3b-039b6060edd3	1075
e2f38804-a08f-4062-a752-23fad6faee14	1142
e2f52b08-b88c-4b2a-b66a-01df3cdee17a	1138
e2f7751f-59c0-4025-8f11-f251bad5d507	1126
e2fa0330-38c0-4926-9af9-26c48361c27e	1134
e2fb05cd-b496-4bdc-b5d8-bdf4accf5645	946
e2fbe47a-42d3-4050-a1fb-0deb1697b1e5	1081
e2fedc54-ceee-4d82-9ee4-aad6efa326fa	1114
e300ad0d-7cef-4dc0-b238-3a5351e56dc3	1529
e3015106-222f-492f-8bfb-2972dc1d6428	1134
e303489b-e9cf-469d-9e84-a161536e0487	1078
e30a5510-90be-41b2-bfa9-7c25a2056fa3	1132
e30e3cab-9ef9-4335-96d1-6d7aef6fbede	1093
e30fa62b-a252-4ba5-99a2-05595c0bc105	1974
e310902a-7988-42ad-91b7-1ef5947cd342	1064
e312fe56-0d89-4e6b-9dec-ef9b39d33e71	1075
e3134a07-af1e-41d5-89c2-8067b9da983b	1137
e3152365-87a1-41b7-b63d-6cb22eb4c5e7	1137
e3173cb4-4dda-4070-8da3-35767524a4b8	1136
e31a61bb-5aac-4d25-a895-f43edf2eabc5	1146
e31aa536-2f09-4bd0-94ea-7eb9002dcc59	1104
e31d318b-744c-4d98-9488-1322ff689fa4	2091
e3211adb-798f-4cc1-ad73-54457be0444e	1137
e322f1b2-8075-4824-8a60-382057fea287	1136
e328b9a8-893c-4707-802e-e49782e9046b	1123
e32a36a7-4e48-424a-a903-460641353c09	1085
e32a6745-bd8e-40a6-9626-b0b434a91c2b	1086
e32bcebb-a147-45a0-a35b-70baac530735	1137
e32c77a9-2f7c-4d9a-9350-435971f76ce7	1150
e331659a-d079-41b6-ae8a-87dd5e5b0ba9	1140
e33310eb-6ff2-42af-886d-efc14f143c75	1077
e3332cce-6bec-45d7-ac55-d44617aa6dc0	1159
e33576d4-3273-4cbe-b5b6-0851506e036a	1150
e33a5b89-7ea0-4efa-9213-654863f93a30	2157
e34627f6-1b14-4f5f-9876-01169cb42be5	1152
e348f0c1-25d4-4415-bc31-074d83d8f918	1089
e34b7003-86cd-4d03-beaa-d84ed34d6733	1134
e34cfcd7-a269-4b64-af09-2945fdb101d1	1068
e34d62fa-1219-47d6-aeec-4651d235c7c6	1141
e34ec7d0-f261-4256-a679-53c2ae93da2a	1053
e351cfaa-0d7d-4266-aaf2-1e0bab1ee542	1073
e3525781-f6fa-4f54-8f88-467085b24dc7	1086
e3572d95-126e-47f6-9aaa-bddb4a5e8225	1139
e357c389-9321-4f81-acf5-690246648857	1177
e35a3397-de94-4a04-97ce-ceeed61e8e30	1101
e362ae01-8190-4e55-8612-1dd2d9ab343a	1131
e36c04c3-e766-4c07-8ad3-30566885ba76	1091
e37189eb-d6eb-4265-8da2-45a252780113	1140
e37342e3-21de-41e1-9c38-5bf01a6eaa3b	1147
e37434ef-f16e-45b3-beff-745486c11825	1134
e37a0be0-3f75-42b5-89ca-9999706c274f	1081
e38a7399-f64c-4fbf-8f60-f3fa8995a5db	1136
e38b8fad-6cd2-4d83-ac2e-cad7421c4a00	1135
e38c609e-4182-42ad-869b-6c342630c650	1137
e390e6b4-8501-4191-b833-48352795179c	1139
e394c42d-d4d1-4e75-995d-6db49c4d4654	1926
e396a7c8-c846-4f69-baa8-04e705ee5baf	1114
e39ea136-60cb-4ed7-940c-8e2829e1852b	1132
e3a1b054-a8bf-42be-9829-6390220c03c0	1167
e3a23917-200a-417f-ac6a-4d25c51a996d	1150
e3a3af62-982e-450e-8481-9a7504d4e71e	1136
e3a4a220-bde1-420f-8946-f60182da476e	1077
e3a5b16a-2696-470a-9a00-0f38e00a01a9	1133
e3a8ad9f-f789-4230-9f27-76c187646632	1072
e3ab0b67-10ab-4caf-b5f2-3c4d3215886f	1141
e3ac03fe-8f62-48ab-aeaa-3a4356a59315	1134
e3adea00-a7ad-4910-87aa-8a369e0f3500	1105
e3ae5f98-9e05-42ab-b098-d64c54a22750	1154
e3b2cef6-ae84-4b48-b9cd-42d2754bd97a	1078
e3b3a6c1-9aa9-407a-a417-b3004da3a178	1130
e3bd1813-e580-4e42-8e9f-b46bba6ecd07	1140
e3be9313-9428-40db-bcc1-fe95e5699ceb	1072
e3bfb43d-725a-4f3b-a7d7-a28032f5defc	1129
e3c69b1d-d47c-4403-b170-4c4e1429d851	1113
e3cb710e-659f-4968-b0a1-6e2f4fccfd6c	1142
e3cbb253-3d90-43b5-8e74-6cedc059d058	1128
e3ccc56d-065a-47b0-9392-a2ae08829268	1132
e3cf9289-8028-40e4-af34-48bd9cb29188	1131
e3d24227-7ca5-4541-bb60-e49b472ac378	1072
e3daf69a-a978-4bf5-8398-119d51488dfd	1141
e3e2c5f6-f715-4ed5-aa56-5714bcb5130d	1128
e3e8e7be-f919-40ed-a314-528ab7fa73b4	1077
e3eec90e-3409-4d6d-a9a5-26a25e863420	1080
e3f054fb-577b-47dd-b16c-d3420b8c2ab4	1138
e3f2ee26-96eb-49e3-9932-2c574422d62f	1135
e3f48a4f-a3d0-4fcd-8092-866fbdaa7f74	1076
e3f5fbc5-f994-43ff-94b3-3373815c916f	1067
e3fc1d46-1a0a-40a3-8f20-67302e294667	1139
e3fddc27-11ee-4d33-b142-2ea95a41fd67	1142
e3fe11ee-a5e9-461a-96e3-eab716993d79	1081
e4012067-22c9-4c09-8d4b-adfbb7a83025	1846
e40302e8-7ceb-4b8b-a12e-7132f24a0730	1132
e405c6de-751b-467e-aa2b-fff33f5b35c1	223
e408a27c-9714-429f-9735-41723bc71138	1073
e408bbaf-7ed7-4087-a276-e1421426c292	1134
e409c1ab-29a5-4d08-8545-647859141341	1069
e409d84f-d69c-42a4-88e7-b56e497266df	1116
e40fd320-67b1-43f3-8368-43708878b7b0	1147
e40fe719-553d-490e-9cd8-72d55b872174	1137
e41025f9-7967-4ead-9e38-caf1c1557590	1529
e4132c0c-2450-43c2-96f0-ad029677f591	1443
e416d94a-3b94-4fd6-bfa4-b76de5834dfd	1133
e41a835f-f395-4b55-b4e1-834d43b2758a	1072
e41ac5d1-d2c4-4c13-93fd-d7ca7e25f7df	1063
e41b8cc2-767e-4409-95d1-cf62854c1947	1126
e41bccfc-488f-4e50-a7bc-6855d6ac402c	1142
e41bdb61-f1b1-492c-a1cf-03fbe681d356	1145
e41c9504-6a23-4b7f-8291-cf0ab6184a5c	1117
e41df350-18b7-4ec3-b026-709a963a1cca	1128
e41df711-e1c4-4ae5-add6-c88c26f746b0	1527
e4205b15-6c68-40f4-a63c-33e215e5f351	1128
e420e493-dc78-491c-8dd9-f1e14b4ee7e7	1136
e425f5d6-849a-4790-9052-c8554fa3081c	1125
e42ccf88-b6ac-41dd-8321-864b6df65a89	1146
e42df119-0870-4b14-81d9-f6ce0b244972	2074
e42f92da-14cf-4e43-9576-bbf2436717f8	1075
e434b8bc-1d74-4475-ae64-c6882e0dc59e	1073
e43925ad-b1e6-403c-995a-7abf6b005362	1131
e43f3c62-9552-483b-b8be-a97acab85a3c	1131
e44002be-689f-4dc1-ace1-56568c556b73	1089
e443caaf-d6e3-4c08-bc61-06d1be7f3d78	1082
e44bf1ce-b5b7-452c-8871-8aa36314dd74	1961
e44d788b-9b87-4f54-8fa2-9d67ffa9af11	1127
e4560b2e-743c-425e-86d1-815795badfd4	1123
e460fee9-e2ff-4b8e-a947-781c113d4f50	1141
e46245c3-4efa-43a7-ae2b-137f97b34b05	1123
e46a7524-9ba4-4b08-969f-498be6b31922	1156
e46e68db-9cc7-41cb-a582-e37cd246c73e	1135
e470a64a-6a47-4677-89a0-14b04755184a	1154
e4740fbe-74e4-403e-a147-31898d0597d3	1133
e476f806-05d6-42d5-a56a-d34576bdaf44	1089
e478185a-e8e4-495e-a4f4-b6c481827790	1065
e47a126b-ad22-4029-980e-67c59142d66d	1147
e485c006-51f5-43bf-be0a-6cba5363bbc0	1122
e48977b5-e3e2-451c-92ea-17d8e508224e	1131
e48c4bc1-ef7b-4587-be3f-67d0e7c6b98c	1132
e48e945f-6ee7-493c-9052-6277d160ff21	1151
e491d739-9e05-478b-a920-08904d4dbf9f	1134
e491e895-64cd-4d50-b464-ddc34139338a	1087
e492883f-a04f-46e8-88e9-09888507d947	1129
e492c14d-c56e-4aac-b634-26dfa42efe5d	1076
e4937c61-ffc4-417e-8fcb-03030528c352	1135
e493ee01-92a2-43ff-b10b-89f11db16c88	1863
e4977da1-8561-47e0-805e-d1a256978e5e	1076
e497bc5c-e95d-4566-b396-94ab6c44e584	1134
e49f9722-2cd1-4f04-abb1-f18d27ef00c2	1133
e4a21aeb-7e6c-4ada-9f0e-25fa9906ec5e	1130
e4a6dd13-f779-4917-88d1-dc69ccc8cfb6	1086
e4aa303e-7741-43b2-aac5-c9462c7ed967	1139
e4aaef3f-6783-413e-b505-d3dadeef0169	1071
e4abe123-b5b8-4a38-a618-6c2ed15eb677	1127
e4ad2bcf-4645-4a18-87b7-1a2a7fa95d48	1137
e4afd8cd-fd98-474b-a558-ee6f94e91b06	1074
e4b34f24-51f1-479d-95d3-fddc167d3c96	1087
e4b6b91b-436b-47c7-8621-bbc2e418a7b3	1094
e4b8b228-7e20-425f-bd7e-88f810d109ef	1139
e4c10fe2-64bc-4f26-89f1-bade2b064437	1126
e4c9f2db-116c-4179-89d6-f9605105cb05	1143
e4ca5311-b20f-41f8-81ef-cf91c9aa16a0	1072
e4cad9a5-91a7-4dbf-9f73-0b808e0a8c50	1125
e4cd159b-59ea-4181-b165-a54fdde7a206	1069
e4cef4f1-2e27-4bc2-945b-930347296209	1073
e4cfa859-72d2-4815-9c4c-3005bb103acb	1074
e4d1a4d4-103a-49c1-9d7f-a58909d714a7	1143
e4d952eb-83b1-479f-858a-828168fe17d3	1130
e4daffe3-ab4b-4117-9f69-36dda7b67e93	1086
e4db1f38-7e13-44de-ac66-6941665f229b	1134
e4de7136-e89b-48d5-8751-5b96b8851206	1121
e4dfd04b-d92e-4cfb-b68c-32e0be1c691f	467
e4e0646e-1d24-45f3-a597-874374ec1172	1127
e4e124e0-dc59-40da-b09a-7368e6f01c45	1065
e4e164f8-3ce7-47ab-92a6-939489f48910	1136
e4e78555-6f2c-48d0-bf83-443d9ad3e57c	1156
e4ebd14e-9fb0-4ba3-91bb-c96044b6515b	1110
e4efa41f-a70a-410a-bc3d-07a127b20275	1094
e4f4f7c9-2783-44ab-83f3-1841f6ab50b4	1538
e4f5afa1-495c-49dd-8153-e1680a0336f1	1134
e4f5ccc3-10cc-47e7-8443-96e4def3c0bd	1128
e4f7d592-a26d-440b-9d72-58be0640105d	1134
e4f8d087-e87d-4f5f-84cf-0c92ac655be0	1143
e4f8edff-1476-4f6e-b67b-6deb7d0cafc6	1125
e4fce5d3-a504-4fdb-99b8-f92151d67ce5	1139
e4fcf9af-28d2-4d08-8d4e-f5b30e48049b	1126
e4fd5ef9-1439-4500-9616-503e1a3059be	1043
e4ff7bb4-6e70-44aa-8649-20620bac6bdf	1150
e4ffe349-7bb0-4f5c-ac89-655716717647	1127
e5049140-37f1-4475-9545-97b725f88095	1126
e509f8e3-0510-4ea8-9d22-3f9366933954	1129
e50c275e-ebfd-45a6-a5bc-1513b13aa533	849
e512a01d-946a-4976-ab3e-a6b216fe1dcd	1147
e5151c23-3466-41db-9271-4bab4f592190	1145
e51652e6-8120-463a-ba78-52edfa9de23e	1075
e518b12f-1b82-44e7-9c72-2635498abcfa	1076
e51cee66-bf71-477a-b37b-208b6dc14adf	1132
e520f379-7a65-4113-a0bb-c7a3cb00cbd4	1064
e525b4e4-6f55-41b2-bcdf-1bdbd87f937b	1702
e5268f92-05a1-4a72-8a93-b9e11526a667	1126
e526d5f9-a4dd-4514-824a-360aa7d15721	1136
e5277677-1b7c-40be-a96c-9943c622b55d	1076
e52ee2b5-f7d6-4064-aa9a-8e56fc71ebf4	1528
e534ce88-f6ab-4e34-aca4-35bf1f8801ef	1130
e5366992-c263-4586-b4a6-b93d2ffc3e88	1121
e537b717-98ad-45ff-9024-c610cafbdbd4	1138
e53862a2-3357-41ab-8280-ac7b77d0d48f	1121
e542d858-7a67-43f7-a9c4-41f9af053be6	1110
e5445aeb-88cf-46b3-a062-4d6be01cd126	1132
e546ab57-424d-4b1f-acb9-b86c99635262	1081
e5497688-a472-40aa-87ec-367557b22ad3	1075
e54df216-7bb8-4ff2-8264-b8826a588351	1074
e551cde1-7c27-490f-9c36-d5dc656888fe	1131
e55540ec-d763-40b8-b91e-7e6e99152eb9	1135
e556f38a-e5de-4b10-8414-4bba6b9182d5	1132
e5570692-49f3-46d5-8c79-c1e4371be1ca	1132
e557dd5b-142f-4073-89c1-88759e6943ee	1141
e55b3635-07be-4770-a425-ad33867c5c41	1120
e5623911-dd24-4284-81a9-2163a1dd917f	1068
e562bdfa-8d01-4ec4-906f-9af5b6ef387e	1066
e563c3eb-5b8f-4239-8084-9b8302762589	1127
e5649d58-2365-4894-a7f9-7784e9d10b0a	1121
e56bcd05-39c6-423e-af8c-aabd6a95f112	1127
e56fd31d-f0d5-4c3d-8e5a-f4034fea2037	1046
e570db07-fe59-4100-a013-5f617a2bf676	1077
e57563be-6167-4473-ba86-72810aa796b8	1132
e576cf4b-cd91-4c56-9b09-057dbf8f98fc	1135
e579bc44-de97-4bb8-9c65-cdaa9834e009	1137
e57aedb9-41bf-4148-8efb-145db3e3452c	1090
e57fbcce-3f9a-4fd2-ae5a-414af1eff992	1163
e5836216-9b2d-4aed-afb0-50192b156302	1143
e58784fc-780d-46fb-88e3-f37fc9ead1fd	1148
e587deb6-5fe5-4fb6-9c14-efc94832fe5a	1131
e591e231-5357-462f-92cd-6543444ea1f6	1136
e5976763-f5d7-463a-9ee2-ff9806a64c93	1212
e5980095-6c49-454a-bfe1-e3bcf5166c5e	1068
e59a896e-c1df-49cd-baf2-9e5efc867919	1076
e59c4e7a-216f-4dba-b457-5d6899b7fdd4	1140
e59e4253-edc2-4f77-8862-7c04a28ba237	1134
e5a045a3-f16a-4b7b-909f-5b797f9991c4	497
e5a09d01-1c33-48d2-8919-1dd43812a393	1142
e5a547c9-67e2-42cb-b6c5-99f88b3f7475	1123
e5a71ee7-09fe-430f-836b-da1b3ab77eac	1132
e5a9083f-2095-4e91-a92e-f52b05445172	1075
e5ab7d94-168b-4072-b938-d431783a2886	1111
e5aefc85-46fd-4c27-9ea2-e128abe0e9b7	1122
e5b02457-8d9c-4495-a6fc-11e913cebbd3	1861
e5b2408a-c08a-4f1c-8fea-fd4068840acb	1130
e5b363eb-7863-4caf-b368-9b53888f82d6	1154
e5b83680-7d65-4bc4-81ff-8f9196d0cf7d	1058
e5ba1299-56d7-4381-bc81-1252e08cce0d	1123
e5bb65b5-7ffc-40d4-bb4c-ca37b5e0081b	1140
e5bc67fb-afd6-4674-bffb-3caa60643e65	1092
e5bcc6a7-8ce3-4589-9689-9c9f2744db85	1134
e5bd51d5-f0ba-4984-be98-889497e4ce3e	1081
e5c1460e-30ce-433f-8b95-78da9f1d9a65	1133
e5c3db4d-7d90-4cdf-a309-78d51a900ddf	1154
e5cdbb44-d015-4287-9f90-0fedc389b61e	1076
e5d27bef-2de1-4657-beec-f7d51c11c59e	1130
e5d6baa2-8688-4918-b02c-b04e0966a465	1137
e5d7ed94-129f-46f1-84fe-d7eac5ddf9cd	1130
e5d91caf-5403-412b-bc2e-1750e8d6399a	1077
e5db7a6c-965f-4da2-8ff0-37b2709605dc	1127
e5de958e-da8d-4513-96b6-7986c62f3c2d	1133
e5e021ab-91ed-48d0-953f-be11ab1bcfcd	1142
e5f18816-9c8b-4ae9-a69a-d37cf207fb75	1124
e5f2a8a9-26eb-4294-876e-08e4ba1714f1	1089
e5fe4d58-9124-47d3-8ec1-cfe599b8d32e	1083
e5fedd1b-6efd-48b1-b97f-07d7abd6b601	1074
e5ff7057-9910-4e5f-a4ea-a583b2dc3b2c	1132
e60441f3-76cc-4ed8-a5dc-b40697626542	1136
e6045720-3b24-4c95-a073-251ac4112902	1077
e6062236-0024-43b0-b4f6-16350764aea9	1140
e607f50a-cb34-4261-bd8b-1da0283a4569	1074
e60e0824-e34f-4843-a8e0-b2737256a111	1079
e612501c-2845-4a02-a3e0-e340994508e6	1068
e612abb1-3369-4847-a7f1-7093cc7bd175	1072
e6141469-3614-403d-9cf5-753e22e5ea64	1134
e616f61b-e5d7-4d5b-ad18-d306697cb3f2	1260
e6172859-2b0e-445d-a96b-2fa59f30cfd7	1077
e617ceb5-968d-4b69-82b9-3dcfe54b7d25	1003
e61a0a90-b50b-445e-8048-829c6c993f9b	1132
e61a1064-3e6a-4591-b97d-5309d1103c24	1134
e61df978-5e53-4c0e-b150-bdf9f954eec6	1099
e61f0edb-fe72-4e89-9945-a3b2b7ba5f7a	1127
e623992f-f907-4730-a99d-e7958f43fa91	1147
e624c9fc-658a-42b8-8b4e-c7fca1b8f880	1127
e6254fe2-5423-4eb7-8a89-66d6e648bd5f	1142
e62598df-ffa1-418c-b311-800f91c468bc	1139
e627e562-0659-458b-b6f2-2656c5fdf020	1130
e628e27b-9dc7-408f-baa3-17c2b1811612	1134
e62a4813-ea69-4965-b843-ee1739baa499	1067
e6332865-1199-44ea-a63c-369b91f16427	1121
e636c812-8490-4a23-8b94-247f16c52621	1069
e63ac8be-c67c-4bd8-bb56-528e49a48067	1133
e640aced-b13f-408f-a11b-8f7066a29548	1153
e6486a04-c35a-4790-baa4-58df6bdb05c6	1134
e649c463-e37c-4b95-bc12-450127229732	1142
e64d3822-fbcc-4fb9-b167-e56d33222a22	1066
e652af74-79bd-4ca5-a5d6-a65c8daa86e0	1116
e6584313-f49a-4e8c-b131-698569873ff1	1874
e65a221f-b126-4e99-931a-f2572db0e27a	1130
e65d4aca-902f-4baa-a5c8-d0ab21e96a7b	1202
e6612d2a-255b-4589-8aef-108db7052238	1135
e66468b2-97bd-471d-9833-10db25c1a552	1107
e6679235-03a0-4a7e-a238-22431dca2756	1063
e675cb04-57f5-4de9-ba82-e4ed20c48260	800
e6769996-7392-4267-8d51-cf1cfd7e44c6	1069
e6795db0-8b60-4101-97bf-3783322f4cce	1131
e67b9ef7-3d50-420b-9140-bb15087d67b1	477
e687174a-d066-4f2b-a433-b62c8d83ed0a	1151
e689671d-95d6-4a84-873a-1ade55bb60cb	1126
e689cccf-a8f1-4754-a59d-7475b18f01a9	1076
e689fdc6-5e4e-4a3c-8f70-964e058df8a8	1131
e68f4310-5cbe-4f61-b2d2-30aa82ca80b9	1072
e690a504-eb5d-4375-8740-68fe67af31a4	1091
e690ac60-87a0-4bcd-acab-a2dc0a1ce696	1077
e691872d-c5ce-45d9-aa89-c16e6dc646cf	1082
e6932c0d-744d-4b40-8420-1ca59e3c1fa8	1160
e6949e4e-0182-4d30-a29a-424726cbb849	1069
e69a6be1-68d5-4f1c-88eb-be8dd9c4710d	1135
e69c210f-4c32-4c47-8850-cf97c2165939	1074
e69c97c0-55a8-4e80-90e0-8b27c34e18de	2204
e69d7439-b822-4097-86fe-a232a184c6f1	1074
e6a01393-e1f8-469e-8c68-dcb3614bed71	1062
e6a0d77a-89c5-48e5-a794-2c6755c3db0a	1604
e6a289cb-1657-4dd0-9661-decbc817f813	1137
e6a43c97-4f58-4331-ac5d-5ceb2608e00d	1076
e6a92dd0-ce64-43fa-a374-52cf717604ff	1106
e6ab390d-12af-491f-9c5a-3cfb4992b5ee	1125
e6abe81b-a46e-4896-91d2-6d52eb813182	1070
e6ad1153-0a11-4773-b4ca-b6062812765f	1082
e6ad3c5b-58d9-4d1c-83d4-b8f14ea475d6	1072
e6b13587-0710-42ab-99f8-69457534263c	1086
e6b2716a-e11b-4dfd-aa2a-d130d233169f	1134
e6b34706-f743-477f-83fa-462b9592c399	1076
e6b58a89-5e27-4cc7-ae3b-67af7320ceda	1127
e6b93a8f-e704-4077-9a27-4dc3ea8739da	1123
e6b9612b-55fd-48c3-bc78-f0d9918fd81c	1909
e6bb64e5-f869-4f3d-9904-c74a0c3f211a	1075
e6bca8ee-ad48-4cb6-bb8e-b9e27b911ebe	1074
e6bdf2d0-ccaa-4e20-9b3a-ef4d17990460	1165
e6be4625-b22e-42c6-9f0d-329cf1a3ce0a	1078
e6bf4b69-ad1d-468c-8dbd-0c4996dbed2b	1123
e6c3173e-3735-47d4-b43c-8dbb037640c6	1536
e6c33087-4f79-4c2c-84f5-c9d2ec799cd8	1532
e6c524d9-f164-448a-8708-dd9a208e88b6	1137
e6cd9133-1a75-45ed-91c9-00925778c7fe	1070
e6cfa5f3-b36b-49e0-a1b5-a61a917f5096	1129
e6d02a7d-cff2-4683-b17b-6cb887610f3d	1081
e6d1f390-4855-40d3-8c97-add0e84017d5	1122
e6dd64f9-ea22-4dc5-be0b-bcb8664939d3	1123
e6e31a01-1c81-48dc-a5ff-51d3ec1f7397	1125
e6e58e3a-3721-481f-8669-8b54b788280a	1066
e6e71bca-6b99-43f4-8817-645912321c6c	1070
e6ede58c-6652-4ec4-9148-519e1ceff7d7	1137
e6efd53a-dc79-40a2-ae95-166b3473c653	1163
e6efe2fc-93ec-4a3f-af34-36d36f5decd8	1069
e6f08e2f-dc14-4452-91c6-74630876909a	1127
e6fb86b7-b995-4c2e-9e1b-39ab723c72ac	1072
e6fc8874-8749-4df3-bc52-934c8ca0685b	1143
e6fe172c-7afb-4664-af39-79c1360cf952	1060
e6ffc029-ee68-425f-b8e8-90c6cb2ecc6a	1153
e7020b57-4c52-4e53-af7f-5540d8efa985	1125
e7035ae8-bb5e-4a42-9c92-9ad1e641caf3	1071
e705f986-ace9-4a0e-a3ad-95c23211396b	1129
e70655cf-ea17-431c-893b-558bd08965f7	2037
e7069991-1747-4126-a3ea-aaffa5a09cf1	1145
e7098cad-4e44-4b11-a7b3-572eab00f047	1133
e70c2758-4eff-4fd5-8d7e-4a60d3202684	1070
e70c55d6-28b5-435c-962c-1a12ac04b270	366
e70c84b5-c71d-4ef2-91ff-ea752578b406	1088
e70cd35c-e13a-47f0-9208-67d188b62e06	1082
e7101763-bd58-499e-8ab0-ad7e9c15f3b4	1137
e7104310-2130-4e0b-b565-fb1da79893a4	1089
e711dd3c-664e-4856-885e-ba4c60ea594e	1111
e719c9be-b529-47c1-af93-71a5371bc677	1080
e71cf97a-5cd0-4b68-9456-88ad467ffafd	1071
e71d37a9-e6b6-406f-baf3-d646346705ad	1132
e7207aff-3ea9-44de-a61f-765a8bbefb1c	1074
e72593eb-5490-46c5-94a8-3f3a7a683fde	1125
e727ddbd-cf01-45d9-9bcb-f99220906f54	1078
e72a0ec7-5550-4b34-9d2b-39129ad88f33	1080
e738618a-598f-406e-b2e5-b3abd676d67c	1136
e73b08d3-c0b3-4ed9-80c4-fc552c078411	1087
e73bfeb6-43a8-47fb-a79f-b5618683215e	1133
e73e6e19-2ba4-40ce-8998-183359f895d9	1133
e73ef611-95af-4fa7-ad26-21096b94cffc	1076
e73f5f43-9e71-4c9d-99e2-8ee9a76ddb0c	1070
e73f607c-ab68-4910-bf04-265d582414f2	1137
e747ef3b-8ba8-4372-bab2-304dce41a285	1153
e74849f9-3c78-4903-90c7-880f3f1c9b14	1086
e74daf4d-c9f4-493a-8332-7d89203df5b3	1143
e74fff34-44cb-453e-aec7-4a9db942ec5f	1128
e752f976-e1d6-46ba-b976-f04bdd911cc4	1130
e754c64f-6225-47d8-8dcd-9a6f20063eee	1129
e75fd959-7569-4bda-8f08-5abb6fec1fbb	1150
e7625137-8782-4ff0-a3b1-5a9a1239eae5	1161
e762bbef-2dca-4a7f-a5ed-9374f5088cd8	1114
e765ceaa-896a-4bd2-b823-1db297ba39e8	1121
e76a912b-a5b8-495d-aa7f-367ed980a201	1083
e76c5e9d-fbac-4a3f-8444-f82db14922ef	1138
e76c710f-776d-4737-b565-84c1525810b0	1067
e76f5163-9184-4a8c-8311-9aee8b5f6484	1141
e77384b1-9bd6-47a2-8391-46711ed187fe	1127
e77aa4e4-44b0-4765-b212-42ac01820996	1075
e77fe001-224c-41b9-b340-046fdcdd16b3	1122
e780652d-c71a-4bbe-bb9e-af60e799c9f1	1121
e78113c0-69f4-4363-b40d-824bd91effbf	1089
e78719fb-512d-4e32-8fed-62da01fdca4b	1119
e78d3ab5-ef1d-46cc-bf33-a3731900e20d	1129
e78dbfa1-2cc1-4dff-87a7-7c7ee414945b	1160
e791174b-0054-4a82-912e-5492a13e21f3	1069
e791d12d-8000-47cb-9a9e-b1de854c0558	663
e7929a83-5652-49ec-b93b-caafa0f7ad14	1140
e7985b60-8c5d-4a2f-8e4b-1c9790e40647	1059
e79a7ab2-9a20-401b-94da-38a0ceb3e34c	1082
e7a2f0f4-619c-4ac0-b3f2-fce9d2edd231	1073
e7a4ee92-3ace-4dea-9906-80cd280d8438	1119
e7a8413a-ed88-4270-97a0-33095b68e74b	1120
e7a98890-3200-409a-813e-6b49fd3773f5	1065
e7aac03d-a0bf-4b38-8766-9d0c320d0af3	1074
e7aca08b-bf6b-495b-bad9-95ece650608c	1105
e7ae2317-7bea-490a-b2b4-e00f1fb1d44d	1137
e7afacd6-4131-4fdd-94e8-df2bb0073a05	1075
e7b047e1-e8b6-4979-926d-f97fe5cee353	1149
e7b5e01a-3b70-434a-a834-7a06c4062a98	1078
e7be4cee-aa98-4993-b087-b82e61ee3f0a	1076
e7c09635-73bd-4df8-88d6-dd77bded9b00	1071
e7c0fc1a-752c-4b61-bfa8-12aa5a06377b	1075
e7c5e0b8-74c4-4f1b-b3d3-de43952991b5	1145
e7c7f049-d967-4eb4-bf2a-0a791a67372d	1075
e7c95100-e4b2-4869-88b5-7b2844488d38	1142
e7c962a1-d571-4064-91ef-fc2442bc7e60	1072
e7d10869-5fca-4e81-abfb-cd424e2284ba	1138
e7d1af6a-cb1c-4f52-b332-c5b258579397	1130
e7d20205-f85a-4bdc-8bbf-61f91fc14688	1143
e7d6c754-f055-4d4e-8897-e48316b1ddd9	1119
e7d7a323-38a7-4bff-ab18-33714ce4c48e	1135
e7dad67b-3fea-41e0-a977-ede8d31c5849	1064
e7dd29f8-ba16-4049-bd1f-ae129ca8f309	2030
e7ddeff3-21b7-48b9-8402-344c2caec994	1076
e7ecc7f7-12df-4417-b5c4-00fb74304bfb	1153
e7ede888-35c4-41d1-9c5f-2479ee223828	1052
e7ef840f-68fb-4c9d-a790-1bd4a265afec	1138
e7f23fc5-34f6-45de-85f9-9ad6245564dd	1137
e7f2d90e-1d37-42ca-b7af-0b5f253200ec	1144
e7fa3c2a-f729-470a-ab51-aa682d0b6783	1076
e7fb78e5-006a-4153-9354-6877a10fe547	1075
e7fbeb25-4011-4f3a-b841-2eb30b18b93d	1139
e7fec567-669c-455c-9b09-7df26dbf46ae	1066
e80292a1-705a-4826-bb4a-c67c98e87705	1128
e809916e-4117-4b23-8dcf-e387874eb50b	1149
e80a575b-c658-426a-bf6b-89279c888f05	1882
e80b4a62-f314-4aa6-9352-8fbfcd2f1b41	1513
e80b5e0d-6126-4611-974f-de53396bacd3	1119
e80d884d-b9e7-4b90-8b52-44d625c9e591	1128
e8121717-fe74-4fe5-baf5-94042a7f68e9	1122
e81419da-8327-4565-b829-006e9b146cfe	1129
e81e0331-bbfe-40fc-adab-7a8fe0eeeb85	1115
e8204fee-5647-43d4-85df-61c361da1662	1175
e822f7d6-963f-489c-8f7b-c454770e32c7	1135
e8232a15-a78b-4b5a-8789-bae9c06e847c	1145
e825ad21-f38f-4e5e-8dd1-33d9e765f186	1137
e82664a3-173e-4a38-8283-5f08bfa0bee9	1140
e82806ec-5987-4f7f-9a13-ee236bbb4b6e	1129
e8304e9c-3838-4f81-9dd0-ddf9ff77f13a	1076
e8345425-d703-491f-99c1-f825a57f4ab0	1134
e8378d18-5e77-4432-be01-4a68fbb15344	1075
e838578a-de44-4a91-87f0-03d3c68b3a7c	1149
e839d6a8-ac39-43e3-90b4-a135c757aade	1061
e83c72f8-e1b6-43de-bd3e-13d617c85cd8	1141
e84020c5-8e40-4397-b4e8-a91f11799160	1139
e8434f1b-611f-405c-93d7-9d1e687b95c5	1089
e845650c-53dd-439a-8d1e-d4e1da51096f	1137
e8464bff-6cc6-4010-b74b-bf5488060cb3	1137
e84d8e2c-956e-4421-aae8-a2b101c56156	1112
e850f8d0-fd77-45f2-bbee-38443df7fb93	1064
e85461f8-1401-432e-813c-143e51e4bf89	1120
e855660f-457b-4ffc-b1f8-45ed2ebf3672	1079
e8569240-3389-46d1-a27e-cac297cf06a3	1117
e8581ac4-db18-46d8-9099-b3eaec8e3793	1068
e858d25f-b058-4c59-ba67-9f500ecf51a9	1075
e85bb64f-2877-4f93-8464-b886e89f1cbb	1129
e85cef7c-9c65-4203-a636-cda971730b72	1137
e860e869-c2e4-4c4d-b96a-3723702153da	1153
e86a30e5-71b5-4b7d-bfac-4b2cee6b2977	1079
e86caf5d-b709-4840-bc9b-450abac022d6	1143
e86e6818-cdd6-4fe1-97d7-46e261d5ae55	1138
e86f010a-4a6e-4f86-834e-8089c124e067	1136
e870c2b7-bea4-42a0-9e7e-5ebe06d89f25	1140
e8724b29-baa2-4865-a28e-a2677c42950d	1083
e876e683-97f7-4946-b0c7-235a9f20f51c	1094
e876f760-3443-41dc-af31-b5184c090a84	1067
e877665a-3d71-403e-af9a-9f2a38c24ae2	1072
e877d3cd-88a1-472f-ab17-2fa4030ba1c6	1138
e878a3a6-5dd7-424b-b1aa-3ca63f9cf5e2	1069
e8792b05-65e5-4f2b-aeca-b54dd857c0ea	1094
e87d67b0-adba-437c-86b3-50cb88eefe5b	1137
e87e5a0e-2801-4844-abdb-fcc34894c8c0	1079
e87ed0b6-2806-491c-9e05-39f453903cf1	1090
e881ade8-24c1-4938-9282-892d8eb40ead	1073
e881fd32-0db2-480c-a044-444dbe451f8d	1076
e8873ba6-ed75-4c2a-a2e1-4d68320beb5a	1093
e887c1bf-fc3c-44eb-96f0-a0ab0abc84d6	1133
e888428f-f43b-453f-8f62-8736632182e3	1133
e88a8a62-8904-4ba3-9184-10f0776999eb	1072
e88ce70b-9d83-44e2-b487-ebc513f9def2	1069
e88cf581-99a6-45b1-8d14-e1b7023a361d	1133
e88e8f7b-07d8-45e2-8c80-3aa2ac7d74e8	1147
e8901e84-ffea-4b03-bec7-d60549142dcc	1156
e892913e-2153-4ef0-97e7-860cec24756c	1132
e892fb13-14e2-4ba1-a283-9dc3536f4f7d	1132
e89adfb5-3508-40cd-ad14-8ecdb494c81c	1138
e89fa34c-f7ea-4af7-9626-966158b317a6	1140
e89fa786-a222-4b82-9c15-8b9c91125311	1128
e8a46df9-af48-4329-b7ee-5e2a29f8137d	1133
e8a6bf8b-60eb-4b64-8942-7e1f93c0668d	1125
e8ad53e3-72e7-4e59-9908-f1076910a52e	1069
e8b03524-2649-4bd9-93f4-da246e022300	1130
e8b0525c-468a-4e6e-9718-91dabded6545	1069
e8b409b1-12b5-46a4-84a9-99abbdaf5d73	1134
e8b85901-cb0f-4043-a058-1da475555c20	1096
e8b9424e-d7f3-4e56-baf5-dd1e6903e7a5	1069
e8b983ac-574e-49e7-a56f-d5b4793119ac	1129
e8b9f0ad-8ac8-4bc1-a0cf-1c0916cbc89a	1121
e8c1f012-994a-412a-86ab-777e9176a3f0	1132
e8c61307-b8ff-4766-a766-8be23d9e477c	1069
e8ccf9b9-81c6-4bca-90af-d28c25a3750f	1151
e8cf332c-5271-4969-8d2f-2681e9d44c65	1140
e8d0e77b-218e-41c5-857b-e0657e5294d2	1068
e8d3d103-91d0-457e-8b24-0392a90a26f7	1070
e8d54a00-e14f-4c28-bbd4-617dd390490e	2057
e8d5ab47-54d1-4878-a42e-532de5ec426b	1073
e8d5bcc9-ccc0-4172-ba62-a162567f1570	1075
e8d654f3-a0a5-4284-97f6-84532bef2506	1124
e8d8b711-4ed4-4794-b0c9-4e11ca49ac23	1132
e8dab575-dd21-41d8-9ccf-201c041b748c	1071
e8dd8da6-32bd-47a2-ab01-4b063bd9841a	1124
e8dde93b-0c1e-448e-b2b6-867433fa031a	1145
e8e82393-2afa-4094-8f5f-2a2165c2ca72	1091
e8e9e018-16e5-4bb9-9f52-53ee097093e6	1148
e8eb7656-ca05-4bd7-94f1-5dc273408914	1141
e8ed578b-9bad-4bdf-88e9-355f757f4fcd	1071
e8eef5de-534b-47b2-87f7-a479528a8758	1070
e8f16141-1838-4b56-b7ef-e9cd725efbf8	1074
e8f26e34-87a1-4a95-b122-2993f4dcd41d	1112
e8f4f7b0-631b-43e6-8e66-070a7c57ef72	1137
e8f633f0-0e7c-4d52-bb89-e16151431423	1077
e8f6aac9-2dbd-459c-aefd-55bd720cc584	1135
e8f7c585-fc37-4e0b-be20-9814c8b61eb5	1133
e901af79-a557-4a9d-9904-ff7a243724a5	1080
e906f4e8-3df9-4013-8f66-148d47467316	1138
e90bbb72-7114-4978-898a-49d8930810a3	1137
e90dc08a-a555-4b0b-9c5b-58d240ca77d4	1136
e90e5425-f9d2-4b92-be1e-a8e08f791e8c	1141
e9113f07-d98f-4001-b244-6df632308166	1155
e914677c-a64e-40c8-b885-4bdd962b2aed	1077
e91b5498-c02a-4e27-b228-08c181d28928	1128
e91bf15d-77f5-4c68-8b11-5625ede98b13	1135
e91f5728-4e85-4e64-87f4-9b3a21045c52	1135
e922dba3-ba4e-4fbd-957c-db4b0089356f	1155
e9243562-7198-4944-92df-eaaab7e8af3d	1124
e928b707-182b-428b-81aa-17aaa050d9bc	1134
e92e4393-191a-4e9a-bf6d-4c8a4b4f310e	1094
e9305038-8a09-4515-9ace-c29522807ea8	1137
e930b72f-3059-4ee9-984a-7c47a96fc364	1127
e936ed04-0cc2-4184-905b-2096bde816c1	1136
e939b4f9-20aa-4793-ade5-248dd064a4a7	1069
e93afad9-a688-4db5-825a-798fb6c00032	1139
e93fe78f-2683-4d84-8b5b-f48e82c7f1f5	1072
e940f680-ddbe-47f3-b60f-76b43a6976d2	1074
e94640e8-88ea-4718-af47-2bdd2b1415c9	1074
e94718af-0376-418a-8769-dde136ffd871	1066
e94a4845-b9a8-4dc6-a6af-429cacee7a60	1077
e94ab7ad-9bc6-425d-93f9-31a806f5a315	1081
e94b719c-10c2-47a5-8df3-094c616ffd50	1119
e94c82e2-e249-4394-86c1-be7ac14c110e	1151
e94ca155-796c-457b-a541-60581ae47173	1122
e94d193c-233d-4d28-a8e0-7864da0231c9	1145
e94f4a51-16af-44f6-8514-a7620f1eb4f3	1134
e9540cf2-8c20-4349-bd2a-d9fad8354c72	1151
e9563b3d-ab5e-4549-938f-94f701fee590	1075
e95730ad-7a03-401c-a354-9d8b0b7e32e9	1140
e958429f-e223-4766-b820-d28a45b9ff10	1139
e9597f7b-e711-4e79-8e4f-5ee44c952c9a	1079
e9607c39-d83a-4bee-b1bd-6a3ccb6c11b2	1128
e9657a68-1ba3-417a-9ff5-6af8d85590c1	1067
e96a4a52-8e7d-4d69-88ec-a6b8ac852e31	1136
e96dfe92-3d90-4422-b5d3-801c048dae25	1135
e9732779-3ce9-4bc2-babe-becebd00cce0	1136
e9740857-71c8-48c6-a8d1-854b4c2cd32c	1130
e975aae5-a17b-4d2e-a282-a3ad02fd805b	1128
e97a1337-ec9d-43dc-971e-e9abb43bc19d	1144
e97daa68-0022-4337-b27f-256cea845b83	1136
e97fa65d-9748-41dd-b6ad-eb494a3db8ac	1073
e981616e-cdbf-4262-9c73-7948aff7cc2a	1074
e9816956-577f-4aaf-a95c-7f15c13ca4e7	1081
e98765f4-76f7-470f-895d-e10285666886	1044
e988bbff-da04-48a1-9173-c98c51f0acb3	1076
e98a29ad-d84e-42aa-bebe-8f3ef8521ac3	1071
e98c5b8a-52b4-466d-99b1-013d83211a2d	1168
e98e7fd2-b916-4a66-b87b-51f8c2275f1d	1105
e98e86ca-9005-4b31-8ba2-8e953e8e5d6c	1176
e9914cac-d19c-4f9e-b8f8-0eb104092722	1132
e993ed11-8fe3-4e26-802b-33241fc31954	1136
e999a40a-b939-4f86-8b20-336c31eea6b6	1065
e99cb992-934a-4784-8424-60b652a92b8b	1138
e9a18836-6bdb-4b60-837a-c1f552838ccc	1076
e9a1f015-a44a-4a5e-a82b-6343ec240d54	1077
e9a6c4fd-113f-403d-bf35-2644b746b9c0	1127
e9a9df9e-7b06-4b07-91f2-31e198d2c7fa	1073
e9b35f73-430f-4828-88b7-2bcc2edfeb3d	1079
e9b891c9-f71f-447d-803a-49d85e8d8c71	1141
e9b8ec83-e460-42d4-ac3e-80519f552d7e	1130
e9b9bce9-f948-4efd-aebf-a322b65a4329	1127
e9bd0f9a-d034-4d7c-984a-b1f993ad1fc9	1079
e9c4c084-f295-412c-9a78-f5c2a22f9257	1073
e9c6a0fe-f98e-43c8-aed4-f1710444d536	1138
e9c6ce05-0166-4f2f-9305-b5b1dfc35b66	1039
e9c70ae8-f101-4db6-bbda-67a3252fee0c	1094
e9c7236b-f8ca-4256-9864-6b32f201d600	1077
e9c7b285-842a-4dc0-ab6a-d84cb009e668	1064
e9cbc589-aaf4-4a6a-a3bb-c14160014b10	1077
e9d69c9a-d7b0-4200-82a2-040729371362	228
e9d9ea7a-0404-4c93-a39e-3a5902b26578	1136
e9da2280-b4ad-4436-97d3-c0d9d8740d52	1130
e9defb1f-6c8b-40ae-8a52-d8f834810ae3	1146
e9e0972e-113f-4876-9185-f8077dc2b2e3	1066
e9e524a9-46bc-4f7f-b1fd-b89a11c45858	1094
e9e93660-7a77-4ebd-92ce-4f6ea2bdd0aa	1098
e9ed9a09-fab8-4d31-9bc4-4fa981a64396	1072
e9f3ea05-4363-4dc1-b7cd-c6b14634b57c	1066
e9f42144-8b58-4647-b03e-9ad4bbbc219f	1132
e9f5d141-ee14-49a4-9978-fa58ddedcac9	1145
e9f76b9a-6cd1-4a18-9bf1-6115333c28b0	1064
e9f9bfd6-14d4-41d9-b092-5bc360007c73	1134
e9faf12b-46b5-4f82-bf15-c2a449083881	1135
ea00a430-a0ef-4242-9c98-2dab7dedd438	1139
ea043f83-5495-42fa-912f-4172c34693bb	1135
ea0ca333-ed7a-4efa-b250-183b4ceca69e	1071
ea100e3b-d760-4c36-b0cb-37dc9333f6a2	1158
ea13743c-d486-464c-b60c-7b8dc5ad6606	1141
ea1571e2-19d3-49f6-8f85-bd309f3d3c20	1077
ea179394-0c5b-412e-919c-46652c6512e9	1136
ea1ac429-3815-4536-a7d9-b77cf7df0979	1133
ea1b577f-29a0-493f-af0c-0f38b7f5cec0	1076
ea1c70de-8b4f-47be-9efc-0b0b0c9cdef9	1126
ea26423a-3e05-42f8-9c77-3bde21efe292	1555
ea282227-7c11-43ca-93e3-7e507712865d	1074
ea28fc63-9224-4e6d-b5d1-f3f454f3ad0e	1073
ea296f18-b7b1-45c1-9ac7-edfbd0e47267	1122
ea2f8669-13bd-4688-9008-f897b99e37e7	1135
ea2fe48e-339a-4c26-9cc4-dc26dd88db02	1093
ea3188b2-0862-454b-8f73-555b70abba07	1054
ea34bcd5-7030-4eec-ac96-83ac6752050d	1156
ea35f058-8802-4327-8c87-805a08dab472	1131
ea398994-f802-4835-a156-730a98c59d1b	1138
ea3adc16-dc00-47ec-b311-bcaf5031106a	1136
ea3e46c8-d9ae-46de-a0c3-c639d6319b8b	1135
ea3e8aff-45c8-4ba6-b859-987493239dc8	1074
ea3f9df4-9629-4d03-9f62-b861e0bbe287	1130
ea431cfc-ba02-4bd6-848e-932dabcfbf0a	1138
ea4b9369-8ccd-44e0-94ec-ea05b13a24f1	1160
ea4c3f20-cf6d-480d-bf74-522f098493dc	1136
ea4da1ca-5578-4de2-b429-bfc24f6eecae	1097
ea5129b8-ddd3-451f-a656-87404633e7dd	1059
ea53b362-b53c-4c08-8b65-815caae97961	1129
ea58ac63-a29a-4a6b-b46b-1a4d0cbbd665	1131
ea5cb50e-3f85-40ab-9e1f-8c83de817924	1135
ea5dc8bf-b523-4bdf-8ac1-b46d9b383197	1130
ea6690d8-8944-47d2-8d74-eadc9f3c1748	1140
ea71b27e-97a3-4078-8e82-34040606a0e0	1153
ea756c0e-c7e3-4eed-8d82-23eebd0ec28e	1950
ea7b8c3d-3c30-497c-863a-cf49fe9bac8f	1073
ea7d68e2-e9ec-4a4e-aed7-abbafaa1c210	1126
ea7f0a66-4c44-4d99-a7f1-07818049d1bb	1138
ea8aca2e-8641-441e-9f11-aed0ccc31d75	1078
ea8c19d4-39b7-46b7-b03e-927edd72767c	1087
ea8f45c9-8f96-4acd-ab32-2e920ffc43aa	1128
ea9625b3-950e-4954-8039-747dbf5502fd	1137
ea973109-3ca8-4c4e-a88a-5e7f7bf2d32e	1126
ea976581-449c-4057-81a7-5b8da7e3bd6f	1087
ea9a206d-eaad-4f54-8155-5a2d8cda1d03	1129
ea9cd63a-4a6e-4120-be29-78e086a58266	1126
eaa0c5d2-b008-4996-adf7-98f6ced42b23	1062
eaaafc7f-8f4d-4dbc-b9a0-252f3e696898	1132
eaacc331-01ae-466a-82b7-3b1f53328564	1133
eaad761b-3186-4be2-873c-f338406b84f0	1133
eaaf284a-606f-41a9-9523-59d8e6085527	1123
eab035dc-4799-4513-94c2-2083c4760908	1071
eab3ef6d-d3b6-4192-ba30-d6cbe4364cb8	1077
eabbd9dd-27d1-471a-b37d-dd96025706f6	1128
eabc1be5-dab5-40b9-bbf1-40938f1e7d9e	1131
eabc886b-dd20-47fe-9734-c1e2da47fcd5	1068
eabcfb43-1eb2-4839-8baf-f7a7d9dbdaf6	1127
eac9a7ac-c946-43b5-98da-9ebd8eefae0f	1099
eaca31ad-0224-4571-b437-9a9295c23577	1133
eacb1124-a55c-4074-86b3-28a712948f30	1145
eacc3ca2-2404-4bcb-af6e-a722f267b544	2088
eaccc79e-4087-4eae-802f-0514fd26a4a5	1727
ead181db-55a2-4437-8c8e-994b611135f5	1136
ead3a7a5-6958-49d8-879d-a04c15115358	1106
ead837ff-3b4d-4e97-a66a-e4fc10cf6aa8	1078
eada3571-23f5-4822-b3b4-1d7f3e66eae3	1075
eae25594-d571-4e12-a65e-8b259a42eaea	1089
eae3aa0d-5c7f-48ed-a581-bc41a0717533	1132
eae508f4-bb58-45b1-935f-6863a30d4f58	1133
eae6bbfd-fd49-41a6-952e-4abbe74719c7	1062
eae82e3e-7505-46be-92a0-424409b55844	1123
eae96517-507d-4791-bd6d-7821fc33ccef	1131
eaecce59-134b-48ea-97bb-0658ffe86092	1076
eaf2f304-0855-457b-b808-df1d65b62c18	1128
eaf44af5-4d8a-4120-9d6d-fb07db285344	1140
eaf72244-b1a9-435f-bb22-fc38e15bda3c	1078
eaff10fd-6451-4dbf-8f64-1e12306031dd	1071
eb0785ee-34e4-4372-b522-c5542add5c49	480
eb0b676c-aa6c-42b7-bafb-f265fe074b82	1159
eb0c9c90-f031-4def-bd7e-1097b294247a	1064
eb1015b9-24d4-413f-be64-7561a37ea312	1152
eb1141f4-9629-49d2-a69b-648bab0ea6eb	1143
eb129558-f910-4398-a440-f6a75605bfc4	1080
eb14f830-959d-4cda-be48-d61a88222faa	1143
eb1e1aff-8bc0-499c-87b3-e8cc74ff2743	1070
eb1e230b-f1b4-4d21-a29c-bc742828cad8	1127
eb1f3f3f-b52e-4f44-9aff-9bcaca1d8392	1127
eb2053ca-9a57-4ab0-b551-5be4a8690902	1141
eb22a020-5e64-4fa9-ba68-347ca180d83b	1073
eb238f02-cf92-44c3-b851-7d040ec056ab	1067
eb24feb6-281e-48dc-9923-7e22cc7f97a8	1072
eb25c6ff-4078-4f92-9c73-a2294bf9fd51	1073
eb2a68ba-4129-4254-9d05-13e20d8664a9	1073
eb32ee88-6647-4657-9f54-56569e43582a	532
eb3908aa-05b6-49dc-b762-43f5abacd040	1157
eb39625d-5cfa-4e43-bc52-93468aae666a	1140
eb3a0a38-5fff-4a91-a409-91be166914c4	1139
eb3a3dba-b79f-4de2-99dc-e5290da30261	1134
eb3b6b91-f175-48db-9266-41d2fea7ab5c	1076
eb3f8b95-e801-4405-b2fe-f95b45f7658d	1127
eb404a67-1885-45cb-81c2-9f689f28c37e	1128
eb41f98a-6c8d-4f7c-a4e9-703c2990522b	1077
eb42d0a8-5782-402d-bce4-8a2ce24ae799	1538
eb42e93c-a15e-422e-9349-86306913e6ee	1064
eb4a48f9-1bcf-40a6-8457-7aa6651efc2d	1139
eb4bd56c-d0da-4950-85e7-f4ecfe41145c	1142
eb4c87cb-4c47-443e-b766-1422d725c033	1136
eb4ee0dd-3021-4007-ab14-cb9d08cb08ce	1126
eb55b7d5-a5f8-4fd7-940f-b695c13c8114	1138
eb55d272-4bd9-48ce-beba-806d3d0f97b7	1095
eb585747-bbc5-473a-951a-fe7cf5c6e613	1075
eb58708b-6905-408c-9a71-cce68235a421	1078
eb58b0ae-9857-485e-aee5-f03972c04638	1159
eb58c355-c116-4d0a-a63c-aeed7c395dfb	1129
eb5b8a1c-97c0-4051-85ce-1080e586fd8e	1134
eb639c59-235f-4e18-990e-5cf22c4ab5e2	1132
eb667b01-d1ab-4446-a636-e7202e359429	1136
eb67f363-7fe5-457b-9137-b1288579ff29	1129
eb70653b-5f73-4402-8dee-1625ec213cb9	1133
eb737a14-ac2c-479d-aeaf-44d3029ad9ea	1145
eb78e5c7-3096-4c7c-ba95-63cb362f6ff5	1133
eb7bd381-a9e0-4d3d-aaa5-3925334a78b7	1154
eb7e3673-9576-441d-952e-28b4d0e27944	1148
eb84b067-69d3-4686-b115-0e577e3d8ff4	1119
eb89763a-b673-45dd-8c5b-ad8a4b800052	1841
eb8b6e95-98fb-4f2b-b744-58b6639a8ac4	1136
eb911968-692b-4553-8b26-6da50ab35e15	1068
eb938cf9-b451-409b-8bcf-b39126f00243	1068
eb98762a-53ce-4771-a0c7-85f1acbae2c6	1096
eb98d31b-20d9-4079-978d-bd385b274ddf	1131
eb9b393a-1c29-4cd3-8b1d-2c69648a7d2b	1157
eb9da79e-fea3-492f-a26c-666c622d3bc4	1152
eba1de13-e987-4238-b55b-c80d2f130335	1081
eba2abb8-4d9b-47a4-b9c6-da88703a7e78	1137
eba4648f-914a-4b89-b550-b92005de1abe	1130
ebb13b1a-9421-4fc0-b04c-041ad4846c2a	1125
ebb1927b-4812-496a-92cd-aff92f287b24	1069
ebb332e5-ddd2-426c-979c-7790b3fcd106	1085
ebb92ed5-6487-4b8a-99ab-e60a655422b8	1068
ebbc12d7-472c-4337-80b2-130b596b9495	1134
ebbc3962-69f8-4bce-8523-a2933cdcdd68	1112
ebbdbd4f-325d-45a5-ba60-72386057d314	1157
ebbe8f76-699e-4bd9-973d-819d309502ad	1138
ebc873ee-7f4f-4fe5-989e-438642e822c3	1147
ebcac182-efd4-4e88-9e86-61af87d3419c	1065
ebcbe831-e73a-4478-af52-327d9fc3819e	1122
ebcdef4f-3bb0-4987-8f33-97f20b2b6831	1059
ebcdf18e-a24a-4cef-b03b-1e3e2c5c387c	1133
ebd3265f-c43f-40b8-9681-e318b6e57ab3	1066
ebd6d235-03e0-4cb0-a3a2-e644087c49a7	1132
ebdbfdf7-a946-45e3-b20a-dc55719ea2eb	1130
ebe122fd-d9a6-4cf6-af5c-05d900a3678a	1114
ebe6a002-f399-49ee-b307-0b33f00b6caf	1131
ebe89f21-fb9b-4711-ad65-6c75234d3def	1147
ebec5c68-a4af-4eba-a5dd-c0102bf3d0fb	1133
ebed988f-7f51-4287-9a16-426aa46ae5ee	1075
ebf47741-1654-44ab-a301-7ef4ac0ee37e	1137
ebf5622f-9e91-45eb-8190-0671e744e58b	1068
ebf69d65-7328-4c4f-af27-973323d3ca15	1084
ebf6eb9b-46e8-445a-9246-7ec4bd87ea10	1140
ebf7a36b-efcb-4b07-bf17-dc7f39e6d21c	1062
ebfd0556-168d-4f1e-9523-0d359ec65d9b	1141
ebfeafb5-58d2-4647-83ed-87a23bdbc5f8	1135
ebff47c2-e6a7-4919-ab4c-96576b7fd0f7	1072
ec00aa26-8d46-42a2-b6f4-2c75c4edeef8	1135
ec053e28-121b-4714-abd9-a1af0fefeebe	1075
ec068a72-7b50-43c0-bdd6-9f35cea35ce7	1131
ec097e54-e65f-4c7a-9baf-7f8955e36bdd	1141
ec0ca5c4-df85-4041-996c-199d1ef8d0a9	1141
ec0ebb89-0b10-4d7d-900f-c4ded909c855	1132
ec0ed8e5-0adb-4091-95d6-6af772e595dc	1074
ec0f3778-ad03-4ee0-88a7-08932ac3f1db	1071
ec11a4b2-3e0f-4f8f-8d1d-effb0cdaae5a	1072
ec129c8e-7527-4317-b3dc-e99f18c7b6c0	1065
ec191873-6c2e-4335-a2a0-aff0863349e5	1070
ec1a08ad-6a15-4eaf-9281-d64f1a72e3e7	1136
ec1f5440-ed5b-4076-afa8-9d6e4310eac7	1063
ec2080ef-f92a-476b-b158-c217a3c154a7	1093
ec2588d9-a46c-4993-beb6-5bbd27a47a24	1123
ec2b0094-8b6c-4e55-8b01-6a6e2d104068	1080
ec2c0e4c-0112-42b4-99e6-c661b51a6d8a	1132
ec322b49-8ff4-4eeb-8608-986b9c8d1835	1154
ec35cfe4-3769-420c-aedd-b7f6e79da5c0	988
ec373f2e-fc47-43a3-bcf3-c1be602bffa3	1060
ec387f8f-6163-4364-a483-833787ad39ea	1131
ec39a17e-faff-4dbe-b08b-8ff12ad05cdf	1123
ec3eb6e3-a6e6-46e8-ac70-34c5ab0bde18	1136
ec3f0fd5-50a9-47c9-aafb-9e47ff3ad8cc	1074
ec450161-0420-4643-a492-ea7b5628c092	1136
ec467a3f-4cb8-4c37-afad-6c1c67b7813a	1139
ec47ca34-1d8d-45a0-aa71-d587ce5dec50	1140
ec4c672b-8b1d-4767-897c-0e4362c5dff6	1137
ec4c74a3-794e-4b1d-a857-48c1a055c675	1132
ec541634-f221-4261-95af-47db19d0299b	1075
ec54b68a-68cd-4d4f-8a48-ff0c4a703a8f	1135
ec5cbab8-d93d-4ab6-b988-d60d25440619	1074
ec61af72-c6d0-417c-bc4d-3230453fd579	1079
ec63ee32-062b-4022-b6e5-5bd1c8d57a49	1139
ec6b66e5-0786-403b-9f14-7f7b420e66da	1079
ec6bf784-b6b9-4666-81c8-79a6ea068eba	1081
ec6f2595-b9a5-4643-8d04-2e442914968e	1125
ec757583-97bb-443a-80d7-9df2ff8f53b8	1130
ec79c6f2-007e-47bf-a1db-fb78ca2e8d37	1166
ec7bb1bf-3aa7-43d8-80e0-b468f570570a	1134
ec7d78f0-3fcd-43b8-8cd6-0e6f8db3832e	1134
ec827419-ce55-46ee-9b5d-83958ab7f771	1094
ec84c485-03d9-407b-aff3-2cb4bb611285	1071
ec87ac67-286b-47b3-8903-353a98da8c50	1145
ec8e6cb3-182b-41d6-a691-328ca58bff8a	1140
ec8f33a2-36b1-4f01-912e-c02b2baf6b45	1160
ec912cfb-f22b-4805-8e80-c1fb383693e4	1075
ec92d7e0-4b85-4fdd-bc5b-157dfa0b21b3	1084
ec9dbe81-59f2-412e-9c60-76bccad601cd	1068
eca353bc-b699-4c5d-a74c-603d3154c6c9	1073
eca70b14-482f-4d44-999e-8a4486ce4aec	1147
ecae44a6-b955-4b05-a630-9981590f4d89	1132
ecb312df-9586-40b8-82cf-d89af4273ec9	1140
ecb4d5a1-e1db-4a4d-9ae8-c9391324d34e	1137
ecb6932d-94a6-48e9-9dcf-7e8f088fdaef	1091
ecb7b2be-52cc-42bf-8a56-43fea6a0f830	1131
ecbc4db7-0a11-4fc7-b82e-73ff18e9cc83	1133
ecbd6067-af3e-4834-8365-9e1c7ec7b76d	1074
ecbeb40f-271d-4926-b6db-e36d50f9065f	1132
ecbf16d7-c5db-4a43-a930-743404f90e46	1078
ecbfe2c3-bc39-4daa-b37f-155bacdc2969	1136
ecc41ec1-5689-4118-8d35-e851ffd0e38b	1135
ecc4785c-803e-408e-8e24-a9609949208a	1076
ecc4c3fc-3624-48a5-b330-5cfe891048eb	1129
eccce240-7da2-408a-9cfb-56f882b5ee1a	1071
eccdeeb7-1fb4-4c30-80d8-1cb34c2a006a	1174
ecce81d3-cf1d-4003-94c1-bf151f02a9e0	1070
ecd10c7a-23f7-4b21-a8ec-894f5d8ddb7d	1068
ecd12f81-94ee-467d-a8e8-71b1d0d1280f	1073
ecd1dc78-5943-4159-abb8-adac257f3f70	1130
ecd5e6b7-cec9-4b21-98a6-c59271a20124	1100
ecd76d82-6597-41fc-8fdd-ae266027d082	1067
ecda6e27-4fe8-44ee-81eb-77311c6b65f9	727
ecdbb09e-be4c-4207-9866-8e388105ff3b	1122
ecdc4fec-b999-478f-a518-f1cba2c30d42	651
ece482c1-a7d0-4138-9bcd-42515ac79e0f	1075
ece8ab17-d5a4-4095-83c2-f40980cc5c93	1111
ecea0d2f-2908-446f-a35d-078495151caf	2183
eceaa84b-5c92-441a-be96-9102892d09a4	1063
eceb3c98-6157-444f-b7c6-0731fdf0c582	1074
ecec2598-6c5f-49a9-9bcf-aad39d55660b	1130
eced6de2-4dc7-47d4-880f-a7ec149fd1fe	1137
eced9b99-9261-48bf-8e7c-cf490360ab29	1104
eceea31e-67c0-42f5-b656-13accba0c91e	1138
ecefc863-fde0-4caf-a054-d6a2b9e6aaa4	1124
ecf0aa08-829a-422b-9763-1d94cbeccd45	1102
ecf1eeec-62ae-4865-a106-0337c504c1c4	1140
ecf5850b-d3c1-436b-ba30-c799b9b5fae1	1155
ecf80afb-d5c2-40b6-b830-5e5c28ed29f6	1137
ecf9e590-c773-43b2-a3ec-6b26c1cd4e16	1047
ecfb989e-c419-48c8-b727-690a6312d52e	1136
ed018beb-ee4c-4acf-891c-bc6046eb1886	1161
ed025508-4c4d-4b05-92c8-c483ebc30f0b	1137
ed02d0cb-5a12-4748-b1a5-d08656906cdd	1132
ed06e550-4d02-457f-a06f-dfea87c819a6	1140
ed0719fb-cdd0-450c-974d-4bebb836b747	1074
ed0cae89-db04-4d17-95af-9c555150ecb2	1072
ed0dd2b9-4c98-40ae-b3fd-9aabc2465f7f	1130
ed12f16d-d0b7-4f3b-a6b9-081840f26cb9	1126
ed13bac6-a808-41c1-bdd1-abcfe9afb73e	1134
ed14b7d5-13f9-417e-a338-60925ef08e52	1136
ed1d8e04-8b9f-40cd-ae66-64a1a4dd5ff0	1070
ed21b852-f743-470f-8766-0aabb8c6fe41	1131
ed227be4-af24-41f5-aec7-be80de836bbc	1302
ed3c9de3-326a-455c-85a4-843945abc6d9	1082
ed3d5023-32f8-468f-9d6f-b48fa724eed4	1085
ed3ed17e-7489-4746-87d5-2096c9b93e4d	1127
ed46bc6a-609e-40cd-baa8-d9c5ad19302d	2059
ed4879af-c725-4337-8165-7b8faf43f3d7	1081
ed49804c-bb48-4b1a-b992-af004f8ab17b	1129
ed4c95ae-a4b2-4d6d-80f2-1fde22fa185b	1075
ed502587-0c86-4f0a-aae1-acb0da41b1ea	1079
ed567aa9-3bc7-4725-aea4-d17f324b53c5	1072
ed578043-6209-4f65-aba2-a723ff912ae9	1058
ed57fb95-5085-4c91-8cc2-bf9a10df33d9	1125
ed5eabb4-2855-41dd-b6b5-acbf707b9328	1134
ed619d0d-250a-45ae-ae0b-d35bfdb64691	1136
ed64fb15-b92a-44e7-ada7-4035fd89ba70	1072
ed666ffd-c77d-46ec-a10b-c22c3a012879	1135
ed675d7c-ca94-4f0a-8105-22a7df09f721	1134
ed67e3a0-3fbd-4427-906a-5fcb7eee9a65	1128
ed6d025e-38eb-483d-becb-529bfc2ca22b	1072
ed6db66f-0636-420a-8abe-43de8a279c7d	1074
ed6db696-19e4-4047-a430-1a59009d9739	1136
ed6f07a0-e956-4c34-be00-607871975119	1126
ed71a3df-834e-4cff-a4c2-d9d350bc82f6	1115
ed71bee6-2e01-402b-9d81-3982ac5db5fa	1095
ed74e358-af28-4aa2-8e1a-90b498eb4efc	1073
ed773a99-4189-4322-a816-9e64f026b081	1066
ed7aa08f-e27a-41af-8362-674cfa26a1fe	1066
ed7bf781-4ddf-4b69-a7e9-b36cab0ae97e	1094
ed7fe9c2-0168-4a9c-a91d-90700eb5bc33	1127
ed805eaf-a65a-4ee2-9dad-1243376d0c89	1076
ed821d9b-6158-4842-8960-e1f309b345be	1107
ed83551f-b6b1-4f97-baf6-bea4b06b46d5	1135
ed83a55f-0869-4156-9066-c807bdc21417	1133
ed855367-bb37-4ec7-a775-ecb6ce3099ca	1069
ed87a00c-c520-4fc8-b921-38b37dcb4612	1138
ed899838-d962-433d-a8a1-4e41a2c6bd62	1154
ed8aaabe-4746-4d75-91e6-407925e572f3	1064
ed8f507b-1a36-4b6a-b6bd-830a406793cd	1138
ed911dae-1e62-4101-8ea5-1c469910b9e8	1141
ed98a9b1-cdaf-4b26-a8e0-454b368b5f7f	1254
ed9db1ce-46df-437d-b80d-8ef0952fb3c9	1135
ed9f591a-800c-4843-a983-9ef93235c366	1137
eda427cd-b096-4453-b4ca-6cf054cdb288	1112
eda94779-883e-4822-962f-7d21209e039d	649
edabd1ba-9316-4a6d-ad35-e2ee5263aabf	1070
edb2fc61-9e62-420c-8ef6-ff6bb5df8fe0	1090
edb4444d-7aa8-47cc-989a-4aaf7c9fbfe1	1080
edb5008b-a1f5-4ed9-86a2-ab0f9e90dd31	1073
edb654da-933f-449a-a51d-0091765fb651	1062
edb78815-3d8f-44a7-853a-e0803aea91a4	1074
edbbd3b7-5a6c-4521-a3dc-c79f30006dd2	1132
edbbf55e-cfe4-4d43-abca-2641a200daec	1132
edbcb41c-5230-4ccd-9d6f-8359371b4f7e	1120
edc1c5b6-4ee9-4bde-b53a-8b301ef58d72	1138
edc216a3-f6de-4c80-85f4-40fc05ada76a	1112
edc7934f-9538-4b70-a7ac-04ac96cfb328	1134
edca6fa6-9bd3-4b87-bf82-44265930878c	1132
edcbc71c-9db4-441d-a60e-d88ec8a55ece	1134
edcc2cc8-7e01-4e27-a381-471c24be2cc8	1072
edceb3d9-1d77-494d-b5ad-4860285fe01b	1169
edced25f-fb8a-42d2-8989-02bf3d26ef7c	1136
edcfef09-d056-46d9-9bed-5ad0c767c536	1065
edd0b94a-ed67-47ff-91fa-4ecde8f7697b	2039
edd3080b-284e-42a1-8a93-df776d2d5edd	1147
edd3d8df-c101-4845-8af1-1834212c98a4	1070
edd49d2f-e008-442c-af51-d518e3bc630d	1076
edd61445-ff43-4e00-9dee-1ff2a5de5bc4	1135
edd7d15d-513f-45c4-94f2-765bed4d3097	1072
edd9c0ae-685b-4cf9-8c6d-9bca78078ff1	1132
eddbe597-f29f-4707-b1ac-43c2cb68c893	1141
ede56e52-8ddf-4832-9876-4d46953c821b	1066
ede9f4ce-bb6c-4c39-9bfa-2329fb6aee61	1088
edf1b988-896e-4aeb-a2de-3b8bb2c79f2b	1077
edf41d99-e9ed-47ef-98c5-92a796fdecc8	1109
edf78673-413f-41e3-bb31-976ed6dccaa5	1132
edf823a9-1f2d-4128-ab50-7e5c35270006	1136
edfc0395-2ca0-43e0-a5fb-df0269941381	1083
edfd9053-282f-4bb8-a0a5-a7dfcded6853	1178
edff0381-6726-4717-8db7-b88186052e2e	1139
ee00d5e8-7d40-4a60-8769-3afa7f4bdbd0	1148
ee01bc18-ec5a-4879-91dd-af8e5487864f	1134
ee0339fc-073e-4f6c-9642-376897e8dc45	1071
ee04ed95-d4f3-4f49-a44e-4ce247636601	1137
ee069501-0213-4530-9eb4-60459e14f444	1131
ee0ec765-b273-4d36-b442-7138f973a94d	1120
ee0fc2bb-5e45-4ef0-8681-7ceefe22b070	1144
ee0ffa4e-9e44-4713-96af-55fc7aec99a4	1129
ee1062a0-82df-4823-9c95-22dae870a6d4	1121
ee1171cd-b141-413d-afc9-ae67af5aa5a7	1085
ee1209df-3407-4065-8a42-67d1ba0af537	1060
ee13f421-bd29-4f16-bf8a-7b9599643b65	1135
ee153c07-26fd-4591-9888-8cc12456b9c7	1165
ee199229-2fa7-4fac-b7e9-707b988a9780	1150
ee1f05b4-43f1-433a-bca4-365c54259092	1120
ee22a063-d0f9-4d30-b841-932507cad44d	1136
ee240f92-0711-4ca7-9edf-18d68e5e8cb5	1097
ee2629fa-6c49-4cb5-96d5-ac6fbbc654a0	1146
ee2f307b-77f7-4eb6-998d-790e3e81054b	1121
ee3137ee-8700-4679-be48-ac756b6e3b31	1132
ee318de8-0e7b-493c-bcd9-ea8e13f89eb2	1074
ee33794f-44e1-46e8-90ba-45b2b623afe7	1075
ee349226-2cb0-49da-a426-1a200c193752	1093
ee38a8b5-e370-438c-a63c-c67adc3b6af7	1094
ee3cbd48-d465-4d2b-9e7a-004069eea767	1730
ee3dcd21-28a2-4a2b-a463-acae4745005e	1092
ee3e170d-6131-4f87-bf2f-fc27c6a7d185	1157
ee42e874-91b2-4135-99cf-6d9e805a77dd	1084
ee45d44e-4505-4f1f-a025-5d4713a5b498	1114
ee470ee4-d908-42f8-839a-59c5dc0f539a	1143
ee54ae0f-ff37-4eaf-b1eb-a49a469e13e4	1102
ee5ba80c-be78-4e1b-8ce3-e17740c8224b	1077
ee5cd3fe-501f-433c-9c0b-f5c56f454a77	1069
ee5da334-68d3-407a-8173-12aeb9e40f5a	1123
ee61facc-7089-436a-9cb3-a2c46ea6d35d	1157
ee625a0f-656e-458f-8811-3ebfdccad723	1062
ee62d565-118a-4d72-bd76-d746ba7b9ff0	1126
ee63385e-983e-4290-b277-0d133b3b47ac	1134
ee6391de-f717-480f-8740-930b504652ea	1099
ee65c260-aa61-47b8-8884-5e1298c592cc	1088
ee67e933-35bb-4071-9aad-0bcde7c54c79	1078
ee68aa65-05cc-42e5-b149-f32a3e73a08b	1135
ee6a5799-1c15-4aab-9693-2be5b801b745	489
ee6ac746-8ce1-483b-b027-92c96b6c634d	1136
ee6bab27-35f2-47b6-bf9c-a57577938650	1477
ee6eae88-01c6-4c56-9e42-e5c73fc63242	1062
ee6ef059-6e45-4c9c-b593-9c267beffc39	1125
ee734c11-da13-4e71-a022-bd94086c2b6c	1134
ee7374e6-a33b-443e-9d7d-5f223a185547	1117
ee738dff-fb89-4e11-9577-fbc504084220	1083
ee772af8-1deb-4e2a-96e6-78878d6281aa	1071
ee7734f3-0809-4c06-9bda-b0e4f077f810	1142
ee79a58d-574f-46b6-a66e-5624b00c4f52	1086
ee7c9446-3b87-403d-8688-5a1e076e0cc2	1077
ee7d7173-03e4-4824-a29d-83c7f9873beb	1068
ee7e9412-5a0d-4299-ba9f-1251840e6a31	1138
ee80a522-dc47-4eef-ba8a-15f387e6ad73	2066
ee8423eb-f4f5-4361-be5a-12d81b6cdce3	1065
ee848d98-39a6-4e4b-86f2-d7cd827b1de3	1074
ee84d2b3-2c22-4230-866f-7b6f1ff50ecd	1065
ee898c20-1c16-4164-be02-d2a9a7f80674	1074
ee8c9876-8d45-4009-9f95-d0b1012dd85f	1140
ee8fbacd-b4c2-4d84-b1c7-57b456c7b25e	1168
ee91473e-f72c-4401-8fee-aaf3c85c7029	1090
ee95be80-254e-4870-beba-d6c9887e4fb4	1122
ee9a3fde-c93e-4099-9408-3e1afb3eb84b	1080
eea0201f-d725-4f45-81f2-237f6afdb623	1095
eea4ccaf-5f06-4517-a2a4-ed7a223b12e9	1062
eea517f6-0017-4684-93b9-5a1a0863ff58	1142
eea88f49-032c-4631-b46f-4d7bcad1b5d1	1080
eea98a0d-621c-4704-8b59-ae3457cff575	1133
eeaacbf0-d943-42ad-98d9-092842bc497a	1142
eead0b71-bbab-40dc-9f4e-5cf376f3e7d6	1066
eeadf1bf-80eb-405b-a246-4f4458313854	1130
eeaea8f0-cd5c-4850-a8ad-880e7923dbd3	1148
eeaecf77-7a45-42d8-b6cf-4501370d580a	1122
eeaeeae0-a0c2-4348-9caa-f6db08703ab7	1120
eeb1d52a-1396-4f4a-a416-7987affe4144	1126
eeb28db7-dbd7-4206-87fa-fa0a983da9b2	1083
eeb40aa8-f7fc-4d40-bbcf-d6253a12c798	1131
eeb52d35-17d1-4c85-bcc5-58929dab36a5	1102
eebb29d5-7e4a-4c1f-9adc-029bd0fafdb9	1070
eebb9fb4-847d-4573-a9bb-3f236bb94152	1147
eec0014e-94d2-45df-812d-54a61a662fd3	1067
eec147f3-ef36-4be4-a0ae-f128c6869e6e	1140
eec3c85f-2e24-4a86-b9dd-4b590bdc0302	1131
eec43020-8ef6-48ca-b5a3-796dfff03f3d	1139
eec44c2a-153c-4e78-87d0-af659159d932	1068
eec5774f-9c9e-49a5-a5a3-29e1642a691f	1091
eecc69f4-61f5-4cc5-ac3f-34533ed19e62	1145
eecc945c-9284-426e-aa65-44240d997bba	1125
eecdc066-419a-4df3-82c0-b2203ce5b088	1137
eed0ee09-08a3-427b-acf5-0100132c8a50	1072
eed15d1f-0393-42f8-9c1c-6ead6203e2e0	1073
eeda3a41-cc04-4da6-9c6b-cc3d182dac9d	2065
eedab31c-8d7d-4959-854f-e5ceaef4b7b4	1076
eedbe847-d72a-423d-be6b-5405d87da0f7	1075
eedc259d-3042-47a5-86ed-2da92aa74779	759
eedf8ba9-c07f-45f8-95d1-3ebe7376a21a	1071
eee14d8f-2d11-4318-9da3-187d51f21518	1116
eee8be63-9223-4912-ae07-a7b4c2b73586	1101
eeee6289-a5cf-4c10-9986-ac95a07213e0	1135
eef23f39-1363-426b-b8d2-5cd607171773	1078
eef62338-92e8-4043-9e5a-b92d87fc4575	1125
eef82320-1db6-41bc-b74c-7483936fda28	1103
eefa9366-1f3e-4a0f-84e2-c41e6ba7b69e	1071
eefc03ed-bb01-4099-988c-1b3e385ad7e0	1130
eefc6522-5652-4ec4-8f85-961b1c3ca6a2	1136
eefd0276-9cfc-4d40-a4cd-ad270fcb91dd	1140
eeff9e7b-c29f-4ff5-a29f-c3aeec917cbf	1072
ef03e486-52a6-4e20-b613-5326a8a2b0aa	1136
ef05ffb9-265a-4bb5-978a-45d7810b6635	1154
ef07e892-d34a-4692-9838-fbc332131243	1090
ef0c7134-41fe-4d1b-9f8d-7f8620a88b1a	1077
ef13a8b6-f177-4914-9848-cace63dcd644	2009
ef155c5b-20ce-45f9-878f-1c51e16af271	1146
ef174cd3-6342-46f0-bbc1-5e9c27a73e04	1163
ef1d0611-11e8-4e4c-8eb9-3945c6628097	1133
ef1d5c46-a713-4836-8905-b0770b12e2fa	1136
ef1d70ce-4d28-4b5e-abf1-865bb27cb9a8	1138
ef1f3510-71ed-4454-baf6-ad8119d9a518	1149
ef28a13b-6897-4bc1-97f7-d468646cb62d	1062
ef2df2f5-5dbc-4e6b-aa7d-2fa41cbc244f	1076
ef319531-737a-427c-b722-fda690de81db	1210
ef348063-0275-42eb-b1d0-fc05a300163d	1133
ef373414-67eb-465a-846a-3684ec091252	1141
ef37e823-2c6c-40c7-94cf-fffe947703f5	1128
ef3e59ea-c11f-4cca-9754-2c9dede4e4cf	1158
ef444d48-9aa8-4a38-8f71-f90b6c129ec6	1128
ef45276e-195a-4b0b-8dc7-50b52be2d6c7	1252
ef4c7a6c-a49d-4783-a2e4-1543fee9ecac	1086
ef4e9bdb-1a11-477a-a1e9-5c25bdecabae	1159
ef52045b-7119-407c-9c88-a89681a24615	1843
ef541823-5997-4f9a-9a22-7b08e24f79ce	1129
ef546d09-513c-4426-aab6-4b2328a97dfe	1131
ef5af17e-6648-44e0-b210-da9381b32b4f	1075
ef690b10-f379-4b85-9fde-cb423690d725	1081
ef6f1c3d-aa81-43c4-a880-6f41a1d51954	1115
ef725391-237a-48d7-a6a6-b54032159658	1114
ef746f80-4d61-47b0-aa5c-ce747223e616	1070
ef792df4-6004-4256-a853-f4e5ac7fd7d7	1136
ef7b71e0-7752-4973-80e1-c27a5b9ec48a	1130
ef82f729-c519-4da1-97cb-d4031ab708ce	1137
ef842acf-bf90-49c4-9ee6-07f8de55c4e3	1075
ef87430c-7041-4c02-9fe5-500bc76acd9a	364
ef876401-d924-401a-8301-9904eba7bdf7	1110
ef8c166d-656c-4486-b196-890a9ceee8ee	2165
ef8ec013-bb2f-4735-980a-e32ec4aaf20b	1128
ef91c083-ba7a-49b6-8066-0b4ac11de861	1132
ef9204b8-b12a-4854-8617-7943ac9a51e3	1141
ef92853c-7343-409f-99a4-4f449c7b9a1e	1127
ef95c82f-c81d-406e-ad19-d5956d206bba	1147
ef95d52d-512e-481a-baa9-d3cf6b75613e	1134
ef9d77f9-9e47-4a14-938c-0ee8e9f05e55	1082
ef9ec66d-4724-42f1-9b48-294eed59e847	1078
efa4ef26-4575-4bf6-9a01-38fffc4b0fd3	1132
efa74751-1ae4-4e60-9d53-ecf2dae19f17	1073
efa92da9-0d22-410d-95a0-4e02d759df93	1077
efa95b52-5c63-483d-84b8-dff02c5966f7	1130
efab014e-fe91-46a9-9141-da0f2d76eca9	1053
efb2a066-ced1-40f0-911b-56eeedd90d69	1810
efb64b51-e59b-4dc1-b38d-4f6d1e090d2e	1075
efb7cdd0-7b0b-4d0c-bcb2-55193098d89a	2035
efb82730-8d35-4dc2-ae0b-62487434ed5d	1072
efc50d70-b5c7-46ca-8462-7372ad9c9006	1134
efc7cf71-4b48-4f9b-9e70-f552471406af	1101
efc87c75-6294-478b-a95d-81197d5f9334	1152
efc96bac-4ae5-4595-9f76-4d0e07a6ac94	1133
efc99e16-517b-4ebb-843c-ff5d41f5976c	1145
efce7344-12c5-472f-a08f-b880ad17559c	1110
efd77cc6-f688-4363-b004-3a4e0326907a	1073
efd7ea0a-9383-4391-838c-6656d14a0c9a	1077
efdaa10f-a7c2-4205-9209-9a1207ee8125	1138
efde247d-60c8-4914-97e7-73044c28d721	1074
efdef6ce-690c-4863-b068-2b11a5b4a2da	1076
efe00409-95f4-4746-87ed-496e1edadfc1	1145
efe0056f-34fe-4845-b267-b9fff98770db	722
efead517-1148-4259-8adb-c65898f3ff00	2092
eff190ad-ad7d-4524-86aa-a1cd1242742c	1076
eff47313-8b4f-4ac8-8614-a013d14da55e	1078
effb785d-66c9-4635-a8c5-6114bc7c57b7	1073
effc27d5-dcc5-4ab1-828e-f4d6b5c4000d	1134
effd8bbd-4a93-4e34-81fa-842823d1b8e8	1130
f000cfd2-0478-4dc0-a9e3-0096654e5f18	1132
f00c6eb7-dd58-4d25-b0bd-f8e20af37f94	1129
f00d2841-7eae-4a12-ac16-c147fffb9431	2149
f00e25a0-8611-4c67-8c14-fa6445cc6682	1074
f0102620-47a3-44af-bd97-f3b0d4e08220	1133
f014403b-c2d1-4ab2-a75b-09d0de73cc4a	1137
f014e6c5-37f9-49df-90cc-833fb2d0cd1b	1161
f0179529-35c4-4c02-ae06-93c5513fd12c	1139
f01a1b04-9c6d-4dfc-845c-27d5ea540d4a	1065
f01aa5eb-3da3-4981-81b8-bfe94045bfbc	1088
f01facdb-c845-4eed-883c-92338ba6a8c7	1073
f0243013-836a-4606-bb9f-b09607a6218a	1137
f0243571-1e78-43cb-b8b9-235fb58698d9	1143
f029a0e0-85f5-40b3-97bc-38628ababbe4	1112
f02d95a3-afec-4ea8-8ff5-c02ca5da4a0e	1139
f02e1153-837d-4bef-9eab-afe4ff1ae1e1	1136
f033d87b-8158-48d8-9393-bda2de1e329e	1118
f034c444-cb25-4fd9-a99f-d234ad2f267c	1138
f0352f41-e28d-4d56-9b2f-0d78e08433db	1092
f0364227-22b8-4797-a53f-066481f44ccf	1133
f038400c-8fbc-4763-b2bf-4ad5ae1f9b01	1143
f0387abb-5735-42b1-abf8-cfa1adda5cc6	1125
f039d80e-10ac-4e5e-b29f-96f9ed228c17	1143
f03d5fae-2927-4f12-896d-ce6bc41b3738	2065
f0416a0d-1fac-472a-bcfc-f30498978a32	1134
f041c531-aebc-4f2f-9528-307ca9becd87	1054
f044f1f4-5938-425b-8f0f-5a61034017ae	1095
f04a24b1-9977-47a9-a99a-a900d317a508	1084
f04b1355-b717-4bd5-b144-7348c16bc701	1134
f04cf063-a750-4431-a6b9-3f4b2a089a5b	1132
f050aa54-53d2-43a5-aee9-4ecf7ec5a034	1067
f053c9f8-0cd9-49cf-9e5a-d61a9279de90	1129
f0548663-d857-44fe-b384-61925ab37302	1151
f054c1d3-528e-4ee8-9a5d-0ba258cdb1ff	1071
f0581e19-9b8f-4d79-975a-f17d92be2dcc	1124
f0628145-5ac4-49c0-b547-c83591156ae3	1125
f067efa3-8802-4e06-a3cc-2f88dda6862e	1149
f06aab04-704e-4c74-aa00-4b17ecb76f7f	1139
f06afdef-aad3-4926-833b-cf4aa9fb03f0	1130
f06b8364-ce76-468f-a770-07161b15038f	1154
f06d7899-dc0e-457c-89d2-fb9531a36f0d	1062
f06f3a56-fd7d-4862-b14c-a5ff0bfeef16	1125
f0745eb7-5f56-4b1c-a2ac-5ad8b72031ff	1080
f0754041-6c84-49c8-957c-d44582916f3c	1137
f0776fa2-02d5-4498-bd70-9a4b5d4acdee	1069
f07774be-b12b-46e1-8fea-d384d250d603	1143
f079dffc-0c70-414f-abc9-fc19d7796d04	1067
f07d21bf-cfdf-4978-a941-948ef1b20198	1137
f0854854-445e-4b61-a3c1-3050b912a1f6	1073
f0855a70-96a8-4953-bc6d-261524e9d17e	1133
f085bbd0-6d27-4b44-bbbe-da14033c2b4f	1149
f087d589-8ba5-4715-a26e-a2333ce2096f	1938
f08aeccb-e48c-4493-aed2-b35fa6b5bd6e	1078
f08b4f6a-0fee-4fed-a0ab-609664cec899	1099
f08d1c57-1278-4506-a0b4-00275b268f11	1131
f08d42fc-1495-4407-8a55-3eb9c7114d35	1075
f09088b7-b5aa-467b-b2e1-046676a7ee18	1069
f0915b19-924b-4197-b4d0-4f729b46f790	1130
f0932e83-afa8-4713-b440-d2232848534e	1076
f097f7ac-8066-4758-8022-80282512a28a	1056
f0987fc6-16f2-4655-90aa-55bd7a72f2f4	1067
f09ad28b-eba5-456b-ac00-d2c367bf9b28	1069
f09c2860-80e6-4f31-9bd3-4dcce2ee29ab	1138
f09da8b3-03fa-44c8-899f-c579237912ce	1115
f09ecba9-0fc0-4d63-a17b-001b480991ac	1149
f09f7c3c-4d32-4042-93a9-b2a094378ed1	1134
f09f9d7a-7c0e-4ded-860d-1d62f6bb855d	947
f0a0aca0-ef6d-4330-a420-f509879d0fa2	1089
f0a255b8-12c5-4a0e-a0bb-7a117e1e6b6b	1134
f0a28729-1a0e-4f10-8a84-4f84f5adaa5b	1069
f0a2be3d-1d95-44b3-a441-d9088b2f1d92	1143
f0a51e3a-8ad7-45b8-84d6-7ee2648aad0f	1136
f0a57786-4029-4e0f-8854-5c3a2a297b96	1078
f0aab991-2bf8-4548-8550-0aab4b106d55	1124
f0ac5ef3-3101-4141-a047-9825a7e0e133	1145
f0b0ebc8-7f86-42c3-9d29-19a835f2ef5b	1129
f0bcb398-3e84-4a04-bc6c-85e6aa8afc3d	1069
f0bdf763-9da6-4816-afd1-5949b25529b4	1085
f0c507f3-497a-4855-bc7d-e4b7544c0b3d	1058
f0c852d2-815a-4675-9c4c-692e2f07bc44	1123
f0d6d85c-23a0-4bad-abed-24574d951697	1132
f0d89f59-8b44-4f00-8bde-d657de966989	1150
f0dad8bd-020e-45fe-8284-541f0de36041	1135
f0de5624-961a-4d27-acdd-73635cad5c87	1072
f0def0a6-02c9-4486-aaa4-38b54d144352	1144
f0e127da-9a98-4d18-b14d-f221d466630c	1102
f0e2d2b0-c729-44f8-bd44-1edfb2dabf94	1075
f0eefb1f-d092-4d68-a64d-51541061714e	1121
f0ef7df6-7f1e-41ce-a7db-814cdb55888e	1087
f0f5e44a-c45c-4c65-a0ac-df0b412c9c66	1159
f0f8e4b4-2978-43da-9bcf-ca18b76976a1	1078
f0f95d5d-97b0-41d7-8724-1ee58debd8e4	1152
f0fca2c7-f005-4d3c-973c-a2400501f50f	1139
f0fd131a-c535-4649-b78b-daa602988a73	1134
f0ffb3ed-d397-4c8b-9de0-66ec476c7008	1075
f101df5d-b948-4656-bcbd-c6c431edca3e	1101
f10389ce-4da9-406c-ad0b-5500d14b7a12	1130
f107aab7-f4c5-465b-b13a-248f7c663639	1138
f10a8c49-ffff-4960-8484-f5dee159320b	1122
f10fdaf7-5d87-4b5a-b9f4-bfc8b063cf26	1074
f11bd2a2-16c2-4cd1-b716-b9aa752836dd	1073
f11e4c34-710e-49a9-8e97-60c473571dec	1146
f1224447-8d4a-4fa6-b837-c15f0d6fb50b	1074
f1231932-245f-47dd-8396-b5deeca758b0	1065
f1241660-c51d-4dbd-b9c0-b14500f7f336	1072
f124cb7b-4138-4ca3-be2a-91ff51f2cad9	1135
f12558f1-3b26-4608-b0af-521e06f096b0	2075
f12a6f0b-080c-455a-9676-b1d87eff9992	1137
f12e56b3-44bd-4cac-ab95-c77d0b71d37f	1069
f1306aca-778e-4586-8dc5-3ee59c9c1573	1081
f13161da-8a6e-4154-98fd-bc6b7b1f9ef2	1194
f139dd28-3334-4373-9800-797968ef040d	1134
f13e151d-578a-44f4-91af-91ac326d0f38	2080
f14125cc-2751-4ca7-bf2c-836dd059edfb	1072
f141d04e-5d4d-46c4-b590-b8efdfdf7eae	1133
f1425a97-8915-49f3-b094-cff2ef4c00a0	1128
f143b78b-f966-4bce-890e-d6f74574f057	1135
f1442594-da79-4ecb-b488-24bd0152103f	1114
f144e9db-5ab3-4c72-a9a5-03b811ca2b5a	1125
f1473978-3395-4576-a0ed-41e0c59060c6	1127
f14e332d-b518-4a16-8095-78116a4c346b	1133
f152a9f3-be03-4f8b-b5fa-ce73e4632af6	1129
f15443cc-1107-4d06-a990-691c1a4549b9	1124
f156f2f3-d39c-4d55-b749-ec0cbbe5796f	1065
f1588d9a-cbd1-4a03-b266-4861cc284628	1187
f159665b-9ca9-4366-adf4-88f68da8ca9c	1124
f15bdcfa-e895-4ba4-b089-3ef77b2d01c7	1165
f15f3be0-d836-4a1e-bd0a-ca132e63aefb	1092
f15fff2f-d6d5-4cd0-8b61-9f331a5c0fee	1071
f1655499-d447-4437-9403-0603dc27eeec	1072
f16739a3-fc30-4c5a-8d07-d268b5ae06ca	1162
f168746a-722f-4d09-90b5-033ec4262079	1136
f16a24aa-4859-4a9f-86dc-bff0c66e76f5	1079
f17071c7-d71d-4dda-9d3f-f86378016daa	1074
f172c703-cff4-469e-9501-3db77c436791	1140
f1737042-e036-4447-98cc-e9aaaf3f4dbb	1052
f176356d-7d28-40dc-9d64-542db21292b9	1065
f176f095-f476-4117-865a-11a84aeebd62	1076
f17b7349-b79b-452a-aaa9-a9b3a3c99dc0	1129
f17b7c75-570d-4ebd-b54e-05c6309a2e8b	1077
f17baac0-ef55-4175-b2ea-f34f7b51a1db	1068
f17bc5a6-23bc-4989-b858-7e82803bf71b	1129
f17cfab0-4cf2-4c6c-bd1a-2205137d43e4	1128
f17fa3f7-3ba4-4980-8607-91328872a4f9	1150
f181a2b8-9bd6-4bef-8ba7-b5c98d9de388	1128
f183c53c-339b-4ee3-8106-bd3539a4499b	1071
f187ea27-92f4-4376-b41c-7f0d704d13b6	1799
f187f72a-c117-4e87-8687-de0a4a0ec701	1073
f188b1a6-6024-4e91-8e2a-c5dd161b891b	1132
f1894d5b-51a0-469b-8adb-03e6c380a3ee	922
f18cd33a-2ece-4988-8811-15bb3b5e01d9	205
f18cef3a-3a30-4a25-90e8-27c18aa2d77a	1141
f18d2572-7e82-4180-bec6-18eb033d28dd	1123
f18d8937-c8c8-46c9-a152-a99fb14066e8	1096
f19364f8-ddbc-4aab-982e-3eda2fa17d34	1124
f1941908-fced-4a1b-b73e-d091ba53cce4	1075
f19f6c49-d051-40dc-945f-f52521edb919	1126
f19f7537-8c28-4543-b616-5b3dc9b94287	1155
f1a4572f-799d-4000-8799-e8ce099efc52	1124
f1b213f2-ecaf-4b80-b186-8316895e12cc	1071
f1b22c6e-f98d-45bd-a5f7-b835be9d356a	1053
f1b3e9d2-0904-40bb-9870-e2809c6b0721	1124
f1b5d2f1-ad09-4c7b-ae45-5414b28bab1b	1080
f1b67045-16e0-48b1-8c55-2b61d4362064	1092
f1b8ed6d-f0f9-44c1-af82-4e6bf8978d53	1121
f1ba6444-45f3-4680-a94d-392b4ba5de09	1067
f1bf5e02-f55f-4999-ab13-bba7c8ade31b	1139
f1bfe398-e598-407f-b729-5feee2997afc	1131
f1c14721-e80c-404b-a6c0-033cd526bea9	1141
f1c2c5b4-e504-4f2a-8bcb-04c6b13ba188	1109
f1c2e583-b2f6-4f85-9c41-c3161a0ab630	1132
f1c2e8bf-27ef-4c70-98b6-5ad9c620ba2a	1665
f1c4bef0-a86b-43fa-984f-3f86b1f738af	1135
f1c72f4a-5102-43f0-b3a1-9a1d2dc5196e	1138
f1ccfbc0-334b-45ba-a275-d8f5ea31b0bf	1129
f1cd742e-4cef-44b9-852e-43e0724925df	1067
f1d5524d-67ae-49f4-851c-c142370a0dfd	1130
f1d78abd-58dc-4041-9cd3-aaf2265f0d1a	1143
f1d9740d-589c-4af4-b6a2-4eb35844730e	1128
f1da4889-4a83-42c8-ab97-698c7423e0cd	1793
f1e02f07-bf1d-4a3a-902c-79166e4a5fdd	1137
f1e22bb0-42ee-4805-9b64-f1bb9f68dd13	1065
f1e3b441-2943-4d65-9032-72c933d339dd	1092
f1e75329-4bc4-4602-bd46-372119faa8ba	1808
f1edc1ee-9430-417d-be45-36746b2651b3	1067
f1f82cba-3b47-4eab-9986-100a988ee5c3	1138
f1fa8d2d-11a2-431e-8958-3897caa4df69	1159
f1fd45dc-cb5d-4482-a3fc-69686d3b13df	1134
f205c78a-b01b-4719-9971-a5a28c5d7847	1127
f2061dfc-f057-419e-8500-a99c9ab95959	1135
f20864e5-4e4f-4793-bb3d-3aee54a23ce9	1139
f20ff92a-0cd5-456b-98dc-38a28cc9017c	1921
f211019d-d8bc-41d1-839e-a9c3bf1a636e	1132
f211c65c-4ebb-4c6b-8cb3-deb8c982802e	1077
f215c8b2-4ddd-47ed-82b6-c72e9eddbccc	1148
f217e9f9-fde6-43b2-803a-89b4b6072f24	1112
f21909b3-721d-4edb-978a-dcb15a433d79	1135
f21d6f57-60c4-483f-91a3-eed3ccb2b95e	1063
f225ae5e-98f6-4ea2-9a93-ee569cacb05f	1079
f2269bed-c305-477c-b074-c0765e6107d9	1152
f226f35f-9e1b-4a76-ab75-ec18c5737c5d	1086
f2282532-1a50-4f5c-85de-4ec16bba77e7	1067
f22b2e6c-a5f9-48d0-9326-90737de60d3f	1080
f22f7836-7a66-4774-a143-d66352d871ca	1094
f2302e8a-2dd3-41e0-a42c-3dcb68f10dcb	1128
f2313a84-6976-475e-a8c3-7ef07187fe3c	1073
f2319d04-a7ad-4edd-8696-02c1d8241204	1078
f233a280-876c-4a7d-94fc-712c02f599b0	1127
f237e504-7bb1-4412-ba0b-7bf76029e9be	1075
f23e97e3-a0e8-4dd7-8061-e137f1a5b56d	1089
f2446269-2e55-4d8c-ba35-33dbb755a08d	1081
f24f8463-6a74-4595-9524-44815fd8a420	1134
f253aaf3-b115-4dc1-b6e2-1b9f5b26c734	1122
f265106b-5d23-4675-87dc-9fb9d25b0857	1071
f265f141-4cf5-4fd5-8c0e-0683de48eccc	1124
f268e2f4-afb9-4357-b6b4-1e4b9a594cca	1530
f26c1d3b-430a-436b-9120-4784e2350988	1140
f26cbdae-f503-4779-a3a1-bfaf376a1336	1128
f26d7379-3f14-4bf6-b840-a429a132f0f0	2018
f26e7741-ae1d-41cf-a6f7-71edefa89b91	1056
f26fa84b-8ac1-41fa-b709-32055f43d5ea	1136
f26fafcb-e50f-4aee-b824-2dc26afa8861	1154
f273c8a8-7de5-4806-b3f8-d18e419db847	1128
f273d4f6-3969-4da2-aeaf-5866d21868e4	1086
f2791764-1dc6-4047-86f5-b63b8af5336f	1073
f27eb7ee-9299-4f3a-aec7-ca4e1771d045	1073
f283129f-ac8b-4675-aa47-5e7e2843d1b1	1079
f28a74d4-f1bc-4073-ad68-5fa492df42f1	1107
f28af890-7895-49f1-a6af-3597b67ad158	874
f28b12a6-52c7-4e21-abf2-e995f669d16f	1813
f28c70e4-68f3-4969-8e60-2e8528b3c25c	1133
f2908127-954b-431b-ac56-1a41dff94199	1142
f2936d99-7d5f-4cdb-8a36-4e82db4cbc38	1142
f2942493-36bc-4e63-b958-d23426074ccc	1073
f298dcdd-698a-452d-9155-3af39a7bd5db	1166
f2a4fb01-d2f7-4d9e-a299-a046cd5f9c85	1073
f2ab2476-82a8-479a-9e0a-0c152236582b	1137
f2b31388-3f3c-4891-9f9e-6408de41950b	1064
f2b4a0f9-1a73-4e88-aa62-43de24c9cae6	1078
f2b71b9e-f127-437e-8cb9-e574cac267b1	1134
f2b7961b-6921-4f4c-a090-5fcd41959e90	1133
f2b96f56-7f1c-430a-9581-926d9f8357aa	1077
f2b9a889-2d2f-43fd-9619-98a3748060dc	1075
f2bb3231-4294-419b-aa0f-25793d908dc1	1134
f2c2098d-dfe2-46b2-9257-46ae4d7b1389	2022
f2c25bc3-32b2-4c54-b71c-e8f325e12dbe	1072
f2c68766-05f8-44c0-86ef-6e53844881e8	1076
f2c6eec0-5022-45f8-b4aa-3dce1b359436	1937
f2cb3834-286d-4877-9ee2-00fb98fd3cb6	1104
f2cf3559-0335-4eca-92d5-624312ba2a22	1142
f2d02350-5b19-4747-b3c7-f78540f82b8a	1072
f2d030ff-bbb4-43f2-ad61-ca67d614da00	1074
f2d05d2d-9115-42ef-991d-ee0dd76c30e5	1126
f2d0937b-915d-48cd-adf8-5550d895d714	1138
f2d0b715-5c0d-4d5f-b83d-5e49c29b1dac	1153
f2d773b1-60af-44b9-b84b-fa1bfdfe4afc	1132
f2d8c721-aea3-4b4c-be75-ff0239b92865	1094
f2d8caa3-3b63-4f92-8656-540ea0bdf715	1072
f2dd9b46-7279-4164-ba20-1c0e2e500bd6	1076
f2e1c652-36ea-4787-b49f-8000c5fae3aa	1114
f2e5acde-6e43-4006-b472-dc3dcd2e80ce	1456
f2e5e5c2-d4d2-49c5-932c-c3be24544444	1093
f2e81d7a-b9a7-4346-ae1d-30a702b929da	1136
f2ea2fb8-1bbb-429f-a78f-8a0c9662d1e7	1140
f2ed5a35-6046-4bb3-a6a6-cc9ebc45fa11	1082
f2eec8fc-3102-4ddb-9557-55d51cf0fd58	1138
f2eedf2d-12f6-45e9-810a-a6584587c599	1141
f2f2d2ae-d502-4af1-8ab4-15c923e7ccf8	1151
f2f7030a-b798-442d-96ca-2ba3ab8836ee	1136
f2f795aa-9ecf-4285-b327-51b1b34a03c1	1126
f2f7dd65-b3c4-4e49-b0d1-67ce3d080c93	1086
f2fcb4e2-7015-441f-9882-a38d75dc0c78	1196
f2fe0d48-e029-4173-b5c0-5c9448037553	1180
f301fddd-1dc0-45d4-ba66-8542d4f6d2dd	1126
f30484f6-a2ba-4d01-97a8-c4fac748b699	1139
f30a2738-7535-42eb-9712-e9e3ba20e04d	1132
f30a4c7d-38a3-413e-a04b-7af8d17f59ad	1144
f30c5a7b-761e-4cae-a57c-c29a667e93ce	1123
f30f3a86-2311-4b3c-95a1-88822d938537	1130
f3122ce8-3754-4b37-8108-e1ad64767166	1073
f313d5bf-201f-408b-bbc3-dc74166f7d72	1076
f3188670-4463-4cdb-b6cf-9322feb2266c	1116
f3197e6a-9797-4261-9e8e-5c098f6f2bbc	1077
f31aa5eb-5359-4f4d-b4f2-cbc0fce1ff18	1137
f326ebab-806a-44ba-a21e-64df0bf251e6	2032
f3272c62-6450-49ad-b385-8cb1ef73e317	712
f32aadba-60c9-416d-900d-e663343c0d3e	1070
f32d3b95-8067-401b-95d8-b14e77b34bb6	1140
f32daa1c-767c-4ad9-bdd9-894f2c863614	1134
f32f05ad-290a-445e-9b1d-b46fe1a40884	1131
f332a4cf-0f9a-499c-a4c9-2a8af7fc8f15	1133
f33318bb-67a7-4d6a-9396-a0bf8c2bfc94	1119
f333f7c5-4be0-4f61-935f-6409d8ecb450	1144
f3345cf9-8530-4fee-a94b-06fb0994af4a	1842
f336108b-c21a-4031-8183-55a1f7a638c1	1081
f339821a-933f-4494-8683-2eac7ab82fa7	1074
f33ce275-c265-48cd-87c5-909f14eeccab	1120
f33d0902-8c2a-46d2-886b-a8e6ab4cd56e	1132
f3459e56-a0ce-4f0d-84b8-7010de7fb4f2	1144
f3467d92-814c-4ae5-b6db-deacf61d4064	769
f3472ad5-73e5-4ad4-9a1c-4269aa8cf056	1067
f34b9c3c-4338-435b-b675-b84703b6e87b	1136
f34e3587-ac9a-49f5-8d9c-3c03ca3f043b	1096
f35067a1-eadc-410a-a43c-a8dd9aa5dc88	1130
f3517fdf-5f6b-4de5-86a8-8e7a298880ae	1069
f359c03b-5ecc-4322-837e-a16eba018eb6	1073
f35b757c-2fe8-4a2b-94c3-6e66e41c7a0c	1074
f35d367b-a9ba-49e9-90a3-5478d5881dfc	1138
f3692204-b294-4094-a384-ac415aca4e9d	1074
f369b5bb-4db4-41d1-851c-ef003cab49ff	1156
f36ad869-d20d-4a6a-93e0-0e469ae1c672	1137
f36d6df4-961a-411c-a495-73ce9315e55f	1065
f3714c30-aaef-492a-bbe1-f18c82917b4e	2057
f3717cd0-f9cd-4498-acd0-c4fec596c599	1073
f373d773-3e3e-4215-a905-71e3b462d2bd	1075
f374cc8c-a582-4be8-8164-84ffc3e1cbcc	1076
f37a7916-0590-49f9-bb9a-fc91e7e850de	1075
f37bb447-09df-472d-a58c-cf09f98cd9d6	1145
f37e5233-d388-4c3f-98f9-38312c1506d4	1137
f37ed6ca-0953-43f2-80b5-109dccfe96cc	1075
f37ef6af-4eaa-4e1a-8431-0bdd2db6731a	1131
f3845482-fc55-4be2-bda3-5d0a0d51a857	1129
f3865d12-8e7a-4674-944f-d4773e2ba993	1100
f3884330-f939-4be7-bf6d-e7eccc689048	1115
f38863f8-7ec8-4ba5-91bc-9dc2984394af	1120
f38a9ee7-ed70-43f2-be78-0749a25a212c	1130
f3911911-b987-45da-a9bf-2a1f2e4574d4	1128
f393a17b-6fdc-4df9-9dd4-002c6b1cba63	1133
f3982df9-98b3-4e2f-ba2e-315bb11aabee	1124
f399e2f6-a6e7-462e-ba5f-f813ecc1a800	1151
f39a2b20-4dff-48a8-b63a-0f08e27f04d0	1130
f3a42b78-d423-44e4-906f-b48163e09772	1085
f3a64bff-6b9f-4d1c-8d39-706e31fdc96d	1132
f3a983e2-4b0b-4a2d-a62d-c6c27d28ff22	1068
f3ad085b-cf69-4eea-9319-8d8b2104c3ad	1129
f3b038a4-35a6-4077-a0ac-f5e3ad5af055	1113
f3b7816a-e975-449e-a008-c74296a7500f	1094
f3bb5818-a7aa-4dad-8882-a2218a8e5cf7	1136
f3bf16bc-91b0-46f2-8b1f-76a4fbdc423b	1137
f3c059c7-c8fa-48db-8853-ebf28369e917	1077
f3c1d890-930e-4ca9-90f2-7458e4d449e5	1126
f3c35d91-d31d-4eb0-994a-db589d4d39bd	1073
f3c7fe73-0eb1-4c79-b673-3c7add597416	1132
f3ca439b-f341-4786-949e-cd130b865216	1078
f3cc75fd-e4d3-4219-b959-3d6eadbc3ac6	1062
f3d5e3c6-0958-4c61-9ff9-227a819bc538	1100
f3da70f2-de06-4fe9-ae89-3a344bc5f95a	1634
f3dc4797-c7c4-45aa-9188-ec23e4ac2d87	1129
f3dc6272-93d2-415d-89e8-ae5011fb3757	1128
f3e80804-b07e-4efe-943d-d435f2835030	1128
f3ea4457-fcd0-4b34-9f0f-00e481aab658	1068
f3eef56f-248a-478e-87b0-68341c9be2b0	1072
f3fc5196-9f09-40ac-aff9-4528910097af	1133
f3fe064a-8110-4161-ad02-4b05351e66bc	1081
f404530b-a2fa-45e1-b334-6fce45492325	1111
f4087566-373c-4eeb-b861-c591f0a2dced	708
f409d554-7b32-44f1-8ed1-a2a83c7d76f9	991
f40b4799-92a4-4e25-abc9-bf8f6df6eb7e	1059
f40b7b0b-f976-4017-8ee0-eeb978c7e769	1078
f40d6133-9c5a-4c58-ace5-eab4591466b9	1129
f40e6db2-600a-4567-b4eb-a540c077c34f	1106
f40ea417-601a-4275-be91-060b8af8bc87	1140
f40eface-4477-49ec-b36a-b72c60ce3b02	1130
f411e175-68bd-46f0-a180-063c8ab3bcf2	1117
f4129663-b5d4-4236-894f-3bdbe2bfe648	1077
f413a92c-90cc-4726-8496-588baaebfcc3	1285
f413b557-e423-496c-ac03-88ed3700b7cc	1075
f41a2690-73dd-4b4d-98a5-b70d269fce00	1140
f423ac34-271a-4817-baa6-dcd70ae5f6ff	1163
f4240360-7ebd-4373-b91c-0d776d955d12	1146
f425bd35-8c12-4394-9802-4f9a80b78ceb	1076
f427cd34-ff0a-4e2c-99c7-6d8c241fe2cb	1158
f42afc75-cebc-4764-b07f-9a087e6ddb6a	1066
f42c327d-50b5-4547-865c-4093b0d2b261	1127
f42d4f3e-ec99-49bb-912b-443796b5ac9a	1055
f434021e-96ae-4ab7-b767-2cdb028aa5c3	2106
f4355745-fc90-41a9-8cc7-bb00974c80e6	1124
f43c71e5-006f-46bc-9360-287ad76a9549	1131
f43c945c-041a-421e-a49a-309015cdf28c	1072
f43e5259-dee4-4300-b24d-13ae3187b32c	1080
f44001cc-2dbe-4fb1-a1bd-3ae7960bb697	1131
f44027a5-b68a-46ac-80c3-849879607376	1159
f44130c0-6c5e-411c-8a1d-9818123d09c4	1136
f441bde4-8670-4314-ba27-c148d6c9b44a	1126
f442c8dc-90d3-4065-8cdd-fb5d15c86ad1	1122
f4478a14-4e16-4a1e-a7c3-97125e29f820	1064
f4487d7a-aceb-4285-9f2f-bc437af58cfc	1071
f44a08c3-dc00-4e27-be06-2143098820c6	2104
f44bfe6f-2c6a-4599-b8b7-6370afe109fa	1069
f44c4280-f916-4a6f-a746-13a6ac135380	1133
f44f36a7-cf8c-44d2-817a-58480be122eb	1077
f454b452-7387-40c3-b063-a95f81b7daca	1040
f455e8c3-b4b0-4038-9535-8026804e77a4	1136
f455fff3-e98f-45df-a2b2-82d7f6d25ea9	1123
f4577107-4631-41c6-97b9-062d30981ae2	1110
f457a949-9469-4956-b5ed-1e3177419731	1143
f45d1784-49f4-4bf5-82e9-74c805d994c0	1061
f45fafc8-b5ae-4c72-9094-e35d64541546	1072
f4695f38-b68f-4628-b8f6-5aa4d08b39a9	1067
f4696f18-83a0-4ee3-883f-c9b32a302849	1073
f46e6bd6-27b7-4153-a332-2454f4b0513c	1141
f46fbf4f-abbe-49d6-92b1-576262fb4ef5	1124
f470246b-17d1-4429-86c5-f502ebc2c6ae	1073
f472c406-65ea-4ac0-823e-77fe5debc872	1135
f472c753-63f4-4e13-bcf7-bc91976d52bb	1131
f4746e1e-52d7-48ed-a61e-81fb30764b11	1137
f4795f1a-e676-475c-8a08-797b2b1421cd	1075
f47cf676-9623-46cd-9917-742356fefaff	1144
f48091e0-451b-48b4-b9da-7dc839aab600	1150
f484b985-8780-4eef-9d39-795ee4b3a2c6	1073
f4876880-1de3-4bb8-96c6-4f6ca9bcb78d	1123
f488ed58-7d98-4281-8406-e9eb2e7d5ba0	1091
f490c2b9-b01e-4ca8-86ec-037eca7061b8	1081
f4933fa1-cd43-4a1d-a83c-278031c52ba2	1137
f49621eb-c065-4527-97d2-9b7ba32e1388	1073
f49f1839-2b8f-4a8b-8040-10e90a74f937	1070
f49f2698-7f76-496e-9d2d-231ce2a39ddf	1135
f4a45349-3a75-4ddb-8d10-998b3d57ad09	1093
f4a62570-eebe-4a31-ad71-0aedde606f6b	1162
f4a7fe6a-50dd-4bac-8af6-813fc9ae3e45	1065
f4a90d73-c229-4f43-923f-96e91a7f6b30	1131
f4a9a8e4-41d6-4548-80ab-c795b734d1cf	1132
f4ab4f5c-6c25-49cb-a43b-39ebaca31a00	1062
f4b08ddf-c9e1-4e58-b578-a47501624167	1093
f4b55214-3e02-4d4e-92aa-2e05b4172ec7	1082
f4b7564d-559c-4ffd-9c6e-3d42bbeadca1	1890
f4b7ef52-ecd2-4245-ba29-df3b43df1836	1077
f4cc364b-8029-451d-8ce8-ea50a2375bfd	1120
f4cca69c-9afc-4ea1-b3d4-609e7c9af8fd	1132
f4d17af3-fe14-4088-a893-e9387065501e	1137
f4d2bf25-0a19-4b44-bad8-29a30cb78607	1106
f4d9789a-6a74-4aa8-a959-e21eb1dda7af	1138
f4d97be0-6f0f-402f-98c3-9553df49922e	1138
f4dbe414-5750-40f4-b7e9-0ac90c39477a	1135
f4dc6ee4-196c-4442-9825-26b10e717de6	1133
f4defc51-9236-4e6c-931a-408096dd37c4	1139
f4e11499-d1fe-44d1-a614-f93d82768889	1118
f4e27cb3-3166-4d5f-8f48-765a5e4ff951	1119
f4e31e6d-28d5-405a-a195-a980c211c663	1076
f4e5ae87-4309-48e3-aea2-e840da606f90	1137
f4e9f903-98af-4177-a4c7-28f5827d054a	1167
f4ec4afc-733b-4eac-b6aa-470fa2a0bc54	1062
f4ef7c9e-71ae-4586-8cbc-57be6d7ee108	1129
f4efd3d1-a398-4c6c-a35f-e8aec7ac2f83	1066
f4f2c790-8507-4bb9-9f62-c2d1f4f09379	1077
f4f5b216-c8bb-4fda-b72a-a0708cb5d236	1069
f4f80d01-697b-4f9c-b8e2-4f3d22e5e797	1149
f4f9dac7-171f-4bb3-bacc-da7cb80ce282	1071
f503a32b-326e-4945-9c6a-559452f28974	1066
f503fc5e-ea5f-4640-95f3-134643fd351a	1162
f509d707-427c-47db-b645-9684fae12994	1129
f50de497-aafd-4b62-b897-e8ad28c5dca7	1127
f50fbef2-b0d5-4ec1-a002-c54d343580f0	1061
f512e162-fbc3-4579-b868-0b7b3a30a7d3	1136
f515c750-9d3f-4f2c-8cc8-8f6e6d8c98ff	1123
f51a9184-4915-4599-bd28-2d2756c65dd8	1136
f51aeeee-9bc8-4eaf-9584-a3fa107b6de5	1080
f5209f4f-7a0f-4d5e-8833-b00fba62f2db	1124
f5250289-bf3d-4543-841e-4d98abf5a291	1067
f52619b0-7a7e-4a4a-8846-3993c47d74e2	1133
f530311b-e743-4d44-bd6f-bade700e99bf	1128
f5386a81-25dd-4feb-910e-d56808e058b5	1136
f53d19a4-2544-4986-a012-6b8470eca898	1128
f53ff3a0-cf62-4066-9e01-204d3c532de4	1063
f5400d32-39c6-4993-b5ed-87da7d502b79	1122
f541816b-a388-4dc6-ac89-32bfba7b4d6b	1067
f542c82d-c616-4fa8-879e-7ff3d6027899	1099
f546a89a-40e5-43aa-85d7-eca842c9bff1	1152
f547603c-24f5-4792-b774-0e210c69ad15	1134
f5491c24-adae-48ae-b753-a85ed44eaa73	470
f549641b-017d-4a05-a2d1-c3ebacf14b65	1137
f54a711c-0a76-4fec-80e1-78047c68e20d	1066
f54ad661-933b-4b49-8a97-0a64aaa755bd	1073
f54cf463-3d0d-4c67-af51-c4c224358fb9	2071
f54f0f9b-93ca-4a98-bf19-052e5cc791bc	1121
f556b56b-2835-43df-8fb6-b948429241ab	1095
f5572ead-eb79-484a-85d3-3956fa76831c	1085
f55a91a5-27e9-4f51-8409-08294064b424	1161
f55d3757-4cce-4260-b214-087f889b0030	1130
f55ecfd6-8ef7-47c8-9176-1e8ca63ad1bb	1129
f5611a43-6c80-45a5-a03b-2b06334d8e26	1065
f565c163-0d75-4023-a0f8-5bb115461d3e	1115
f568e4f3-fc99-4807-9ace-ee825b91f358	1076
f56ad983-e349-40d7-98ab-3f2034ea606a	1126
f56b0609-41e6-419e-9485-7b381343a88a	1129
f5715105-26cb-4458-9e9b-a81e64f03dcb	1080
f575dc02-2ba7-45d6-8879-7cf5c69e8096	1072
f57bf26f-def8-42e4-9c79-fb04e2c49d6a	1150
f583b661-a252-4b94-ada2-dade5c763d7d	1077
f583ff1b-66a5-4d7d-8d2f-368fd01a1311	2060
f587884b-37b6-49b8-99a1-42e35237248d	1077
f58826c5-8393-4f13-9dcd-f1534a59f2c8	1128
f592e3f7-b752-4f7f-9135-079db4ab4b57	1115
f5935ed3-d99f-43d9-97d1-ac25e3aa408e	1039
f5953e39-7d64-4501-8c16-8af107d48a08	1134
f595fde2-59ed-47d2-bfe5-5c2b1307277e	1073
f5968036-c933-455e-9e13-0b78425a6d3c	1140
f59f9dac-0a0f-4061-a71c-858ccd6e7953	1044
f5a7ba89-8715-4a7f-b0f8-f0a2f567db45	1072
f5a80bae-ac17-4f92-a4cc-69de595aa755	1076
f5ae55ea-4326-4250-b987-d4ddf3d1a1f9	1138
f5b406ac-8370-4d72-99d8-4b58386ea814	1136
f5b9ee0a-e2ad-4275-b6f6-08f5333f554e	1131
f5c0c7f1-0f42-46e5-abc6-1ba9010728af	1077
f5c77de2-7720-46aa-bd50-56abcfa650ad	1097
f5cad8a2-af1d-4611-ab08-77069feda668	1068
f5d13764-e2e0-424a-a679-691df76ad2fe	1149
f5d20c73-2d5c-4096-90b6-e2962fe1ccee	1132
f5d25043-f7d0-49f6-ac5b-74f6e549283f	1082
f5d29a3a-ecaf-487d-be15-3ac1ee962cd4	1099
f5d57661-7adf-4e5f-aa18-5e9c674d2083	1075
f5e0b73d-389b-46c6-899e-75822ea3eee4	1139
f5eb657c-3a94-4ce5-824a-c0db549cb6ca	1102
f5eed058-f3a8-41c1-a6e4-9636b303861d	1129
f5f3a8ae-d900-40ad-b9ef-1089696c7b18	1023
f5f59481-65d0-4ebb-8b36-5406b151e24f	1062
f5fac0e1-cab4-4cdf-a34a-0e6d43a7ecb8	1092
f5fc4d75-7818-485e-aa27-eaf721f9dd76	1148
f5fd144a-d152-4076-b9cb-3af48902e6a5	1131
f6018619-6a41-428e-9e1d-9b3ca6ab4963	1128
f607a31a-5cf2-495e-b9ae-8217fa8a2e6a	1123
f608a1cb-b580-4929-a3d3-e5a4585927b6	1126
f6097918-c01c-494b-b531-b60e6d337a46	1125
f60ac15b-d523-474f-a044-dbb6a5f634b3	1124
f60d0dc5-2d12-4566-ab4c-89c93565e804	1127
f60d5064-81cf-4d6f-95cf-6a42b9344f85	1067
f6142327-ce63-4179-8fd3-fbc77bccfb68	1074
f617b595-3ed5-457a-8371-88e754d1cd12	1132
f61b6fe1-3c38-4645-8182-9ebc2ec5f459	1151
f61f861d-cd09-4fa4-85bd-12fd8ac6e10d	1075
f62021b0-4ab5-49c0-974c-70471429b689	1121
f622fbdc-92f1-4537-90a7-8ec91ddd4a7d	1141
f627570e-0f4f-4b79-8049-2769fa9f2e7a	1074
f62b06de-794a-404d-8e93-3914ef033605	1130
f62c3f96-e08b-4c59-84ff-0564636389da	1123
f62d648d-57e8-4182-aa8c-57ad4756cefc	1124
f62f0e13-a01d-4ae3-a6bb-170c7b329c46	1101
f6354fce-43f4-4bff-aba5-7163db3b91ca	1138
f6393d87-8815-4b55-8d6d-293336e3edea	1140
f63b9523-06aa-4577-a77f-2b964a161600	1065
f63be2fc-c855-4c1f-95f8-9d7685337fb0	1124
f63c8d23-7cf7-4d61-aa0c-166dca3fb5cc	1131
f63cfe8f-cd32-4c7d-ae62-1676aade8c72	1070
f63e6a61-30fe-43be-80c9-bb645b49c7d0	1082
f63ed1a0-39c3-4486-8235-4944cf798933	1112
f63edf7a-5d20-43be-a890-37331c0f882c	1119
f63f434b-a6a8-4191-b28b-f87e6eac781a	1134
f6422698-c337-4bb0-9d8d-eabe7aa9fc04	1075
f645ea7c-02a5-49fa-9c6b-dc69e3e3611f	1067
f64bca72-2a7c-4698-a17e-ba5f31d79496	1123
f64f9fc3-38e1-4a4e-bccc-05bf60c71ade	1079
f654488b-ae57-4bee-9f36-c13b13669e79	1080
f65bb519-f7f9-4ef5-8b50-7074270f760e	1142
f65e52e4-ffb4-448f-b2f8-ecd18690a8db	1133
f65eeb7b-36d3-4cb1-81de-359a4565b4ae	1129
f661c7b2-be89-4f1b-9d4d-40cca94363a3	1095
f663a288-c67b-4053-a776-fb8e1a6da85f	1074
f6648d39-583e-4686-b509-12c6b36c7dbd	1142
f6651a1c-42ca-4e5f-ab62-b0207dd338ed	1137
f66722b4-9e3e-4e9f-b924-67e9de58b0fc	1097
f673c31e-efef-4da8-aed9-16b7dd842d8a	2596
f673dd4f-1fdc-49df-9f6f-90b46b16c388	1133
f67493f1-153f-460e-99a6-62f3c469e54f	1122
f677e2b5-eabb-4178-8ff5-467de57369dd	1082
f67838ba-71ad-48fd-bae0-6c83d30235d5	1071
f681c5ce-cd24-4f07-97d8-be380f8b6eed	1146
f683d37f-7ba8-49ef-8339-1c49291e713b	1121
f688f70d-4234-4624-a484-33220d3d7a53	1073
f689c6b8-fe50-459a-99e0-0bca9943fa37	1129
f68e073d-abde-41a5-bee8-9d8a2a67ddac	1062
f68f53e2-c160-42ec-b55f-0e4cf708f170	1133
f69182c6-99db-4ba3-86c6-293cd0775262	1125
f695c02b-80d0-4a52-abe3-9f0e1602a6b4	1080
f6989f8d-0034-4bd9-b55c-8f463453980f	1132
f69968f6-3618-4954-bdeb-f4623ef3aea6	1128
f69bd9d8-aae5-4999-8102-99ef862c4f63	1136
f6a100ec-59ce-4657-80a0-d8289ed36db1	1142
f6a1d8b6-0d56-464b-9c12-3eb8fa0b9114	1158
f6a294a5-eccb-40d4-8691-eba3bf93f55c	1124
f6a2b71b-7c90-46ba-9a0e-8fedd3672e8b	1076
f6a67a86-9658-4ab5-93a2-90c996d86ad1	1119
f6a9c623-39f9-4fb8-a5a4-551d02cdaf01	1135
f6b1b1db-c199-475d-b3c3-7a726a77c84d	1121
f6b789fc-6cd8-4d10-999c-838e20205ca6	1112
f6bfb915-2985-4e09-b85a-8994f20d2fac	1082
f6c2510d-fd95-4329-beae-9e3aa5b79f9c	1142
f6c45c95-b6cc-4409-a0b9-ab0a30143782	1076
f6ca6c12-ed99-4adb-90c4-40f56182817a	1123
f6cab2e9-b88c-4dd8-a0bd-1869e4c1ea1e	1383
f6d0724f-a23f-42fc-a22f-38d1b67195ee	1131
f6d07ba8-6b57-4879-b620-cff4c6367585	1030
f6d179e8-9048-49b9-be48-1cffbad9e04e	1073
f6d361ea-bf5f-40d0-a6d9-3bb8a3a7b79f	1125
f6d39e4e-7a57-4ec1-8942-d7cc1ee3997b	1128
f6d7873e-e206-461d-8c1e-ccdbbd6db83a	1135
f6d805b7-6416-44cc-ab3e-4f2deef68c76	1134
f6d8cd9c-8f6b-4e62-b23f-24d1accc1abd	1130
f6da72fc-84e9-4cfd-9c00-5014d13359c1	1064
f6de43c7-4d6a-42ac-91a7-ecac7f929047	1075
f6e39080-29c5-4f05-87f7-5846c74940a6	1075
f6e3b997-4f2a-42c9-a4df-d94b4d0294a0	1135
f6e56915-34f1-4619-958e-a682cadc888e	1084
f6e7a27a-d206-4b92-8874-fc2a27a666a3	1132
f6e98459-7faf-493b-b590-2f24a3d78764	1079
f6ec50cf-8a7a-41bd-a31a-3a992cf56028	1128
f6ed505a-fab6-49b5-9737-53406d116910	1075
f6ef68a2-ed9b-4146-9488-738b9603e0eb	1139
f6f0f0dd-e697-4fca-83e6-d51fcb9107f8	795
f6fcf29e-1585-40f7-882a-a4f7c8eb131b	1154
f6fd2469-8890-4278-b4d1-6f0a6891a285	1073
f702eebc-7fba-4604-855b-f8bd7d0540fc	1138
f707f840-ad84-4f9a-bba5-68c568c55af4	1072
f70c83aa-ad64-4358-87d0-1ba62741778a	1141
f70de687-5d7f-4668-886a-98858db45c81	1696
f70ec272-0369-4c07-9c73-4a3ec50c4328	1072
f70f6a11-6d4e-40d1-ab97-8cb0b923d892	1125
f7132086-fe93-4c4b-8dca-af4631910b26	1139
f71c668a-c3a7-4eab-b160-2f89039974fd	1156
f7209291-11a7-44cf-89ad-444c824ba99f	1110
f72afd2c-dd64-4ff6-94a9-01c92705339b	1145
f72bfbf4-92cf-4f12-8192-a301ea20b848	1070
f72c2fe7-27a1-4208-a8ed-111d9100f564	1093
f72df51c-f9b6-42c2-8344-729c8666e1db	1129
f72f9a2b-4595-4707-b791-a0f0a6abc187	1080
f730ed29-2007-483d-98d5-e9c1451db012	1138
f7350376-c78d-4a1d-a468-19f5e3b043fc	1137
f73a5274-3f21-4101-851d-783c5a43c694	1141
f73aa9f6-e0f9-4b3f-b8d5-d74044b7a42c	1151
f73b55d7-43de-4c2f-b2e1-0f7da5a22219	1111
f73b8fb0-324e-4b61-bdc4-d2a65eb148d6	1530
f7426cf5-1400-4b6b-983c-07ac72c00d57	1147
f744b652-91a9-4fb1-b0aa-82c1e06e31f8	1042
f74bb564-0a3c-4e4e-8a59-d716e7a12ed4	1075
f74c1c92-fd62-40e5-9475-e948866014ae	1076
f751708c-dda2-4f59-9cfe-e0f3f52ee50c	1081
f751f9f6-ac2b-4ae2-af91-976648f4b353	1045
f75d8f7b-d6df-4b42-912f-d2eedd760d7c	1149
f75e7687-7922-483d-bd2f-c7af12352def	1127
f75f185d-8969-4430-8a24-05d82b2232f5	1154
f7605a31-cfaa-4fe5-8bc2-dfabeac50f2b	1155
f7646998-0fb2-4f59-8dec-80a288557641	1077
f766ffb5-f67a-4969-b9ec-9639bbe2e4d1	1079
f76927ae-901c-4124-92ff-7fc74221fdf8	1070
f76a0591-75cb-418b-a1eb-5fbc7a239e01	1097
f7715ef6-e815-407b-bc9f-fd7f5852122c	1140
f772d727-bbd8-4846-843f-a25ffb19e73c	2039
f775f760-deb8-4789-977c-754d7244970d	1132
f776ec47-ab72-407b-8c79-df4093e67116	1077
f777af73-3ebd-40ff-b254-ca19bd96db14	1074
f77d6c27-92af-4457-a6af-5989a59cb4e2	1077
f77e2606-3a55-460e-bf76-8ca9e3792ce9	1133
f7836303-5c22-48fe-b8ca-1d0d54e4e649	1077
f7853285-0334-45e2-8dc6-057f546d8e09	1116
f786c9f8-9512-454b-92fc-4274d44120ce	1144
f78972db-5e08-4f2c-8fa3-2fea2c450d64	1077
f78a8903-8b20-44d0-82f2-78db9a6d8068	1132
f78c95d6-bc40-46a7-9c0b-cc9ec3f8d21b	1074
f78cab35-c77e-4650-b76c-a79d3563d06e	1102
f78d8432-202f-42db-87cf-efba4a74d460	1117
f78ec975-02c6-4b73-9402-d2fcaa24298d	1066
f7958c51-09af-440e-896f-9dbeb70e1546	1167
f79b420f-06d7-423f-afb9-a127fb83c04c	1136
f79dd7da-15fd-45c7-8fbe-f75adb844055	1081
f7a39db1-1a53-4664-995f-17197d8a2aac	1069
f7a6823f-74ea-4142-90f6-5e03fd54aa25	1078
f7a8a7e0-64c2-440c-9ed4-639bf4088cba	1127
f7aa69de-1563-4210-9909-9539c063dbf4	1067
f7ab4bba-18a3-471f-8ec1-524fe17ae49f	1142
f7b0dcb2-e961-47c5-8cac-ab6f4ef8f163	1069
f7b338d9-a47c-4a68-af90-f2b896fe3de6	1135
f7bd082f-7213-4b8d-ab0f-bdf38581edd1	1114
f7bede8d-be2b-4333-985a-a9efd8c60264	1071
f7c0683d-e185-4b53-9722-6e1b9bcf3fba	983
f7c5756f-4ae2-4ac0-8948-6db957f8377e	1120
f7c59b28-bf25-44cb-a022-03eaecf1186b	1123
f7c5a127-764e-4ff1-b921-3b03c52b8de2	1124
f7c9acdd-40a0-41d3-8877-444c6be281d6	1115
f7cd1c52-6831-4218-8c9f-02b3bc14aa7e	1156
f7cf1da6-c9fa-496c-8614-f7f1d6485240	1526
f7d0b302-1c9d-4052-a83d-02f4634cdf4d	1132
f7d1f992-2cce-4860-a8c3-cc56fd16a40e	1120
f7d396a9-c2cf-4af4-b13e-01aff972a696	1130
f7d89e47-c72b-4549-b8b1-d4cc9abe4a05	1083
f7e03458-9a5c-4507-9bbe-165ce995edff	1152
f7e2aa84-148f-4d2f-a7ee-fa6dd225cc7f	1138
f7e5dc5c-ad1e-4cfb-8e20-8c32a012f8a3	1080
f7eb586e-9029-4b44-bd44-d0a0e4957c9a	1116
f7ec65f5-9df8-4407-a6a4-5453ca90d94d	1133
f7ee359e-8e47-4e5e-a9b2-3a2ec1882e08	1131
f7f7c7ed-36c1-4e39-a103-063c5c001f9a	1075
f7f867d8-24f5-4c26-94c4-375f498e3422	1129
f7fbc573-3013-4b7e-a662-d6df148eeb55	1076
f7fd7e93-1fd2-463b-bb2d-a32e3f0be24d	1129
f80994f4-caea-41fa-be02-a83f8c6b43fe	2144
f80bb0c7-37e4-4bd7-a2ab-fb223925c959	1073
f80e8251-7b36-44ae-9c61-32631aa75241	1136
f80fa461-46e9-4d65-95a4-ac1001e6842e	1149
f812d893-7894-4bdf-8790-369db973f030	1123
f8141d3e-ffda-4475-a55f-60917eab012d	1080
f819609a-8869-4e56-8235-874ad0718b31	1132
f81a347e-2dcd-4d1f-bff3-19d3c0709fc8	2096
f81b1863-f165-42c4-968e-0a9ff1e08b9d	1052
f81b4218-59a3-4cc5-8c74-f13220737193	1137
f81c1754-9fba-4f31-a65a-ce41d6d80677	1071
f81c2925-7cfa-489b-a96e-e332be677f14	1138
f81eb30d-dda4-4005-8fbd-4dbedba0bb25	1138
f8214338-3948-43f6-a051-9254ef1374e4	1144
f8239c98-752a-47b1-8d08-7a0bfb1bce09	1075
f82be047-4349-45ee-a25a-ec3e0a3912df	1144
f82c908d-2ea8-4f15-96a9-a5a6e2801fc7	1100
f833629e-628a-4cfa-9ade-df0a034b6999	1122
f833e33c-f9c6-4aa2-9c69-c5b8facc7b60	1068
f8359a3e-7293-4e4a-a509-6a2067f9f2b7	1140
f83612e1-92a1-4341-8928-151738871ba9	1071
f837414c-2214-4b29-8a0b-8a0b40b52451	1137
f83bc32c-ba0f-4bea-9f6b-770c5be6bee4	1065
f83d854d-165f-4b58-bc7a-1ac33a99f1dd	1131
f83eb7d1-ef91-40c9-87bf-f07ec6ebaf3c	1079
f83febd6-0419-40f6-b2d6-32a41387fdbc	1126
f84d5b52-a0ed-4f17-aa48-d55cb152c746	1059
f84f31c0-d92d-4171-88dc-cfceac7d4995	1143
f84fe56e-c301-47e7-bf96-1afd79f41008	1126
f85169ff-2f16-47e3-bac9-9be23e3f7f52	1064
f854fdd4-3d92-4dea-bb91-3eb95cd2dd47	1132
f8560555-7535-4e3f-b1f0-2920fd0f74db	1155
f858a764-5ecf-4c0f-a605-1b92632e5483	1150
f859f30b-2d5f-4b6a-bf5f-e934136be9e9	1062
f85aaee9-6079-475c-b2bf-dc8a76185c4b	1149
f85d6ed9-86ba-480a-a7ee-6ca8d96a9ba8	815
f85db08c-6099-4211-8628-e8010f007bb0	1728
f86768bc-cbe5-424a-af44-dff9b98b599e	1074
f86b65ea-57b4-4c2f-80c1-991688513f90	1070
f86b86ee-2ef5-4177-b821-84ee77a2c699	1125
f86c69a2-ec50-4d61-9bd2-26ad4a16b83a	1126
f87b1243-729c-4af7-b031-51e525950166	1076
f87d521e-2aea-425b-b160-66499fef1291	1147
f87f789e-29b4-4bcc-b65d-bd0e999ab830	1140
f87ff0ab-e281-4258-bac7-36d31c1ea43b	1774
f8819f1b-fda3-4285-a8ea-05437c671864	1067
f88a7995-7ce8-49a3-a4f9-7b5e002fb9c7	1136
f88bf898-3a7f-440b-a2ed-3f14379270de	1129
f88c6e82-8463-4326-8d68-daa817c7532c	1088
f88dafb6-522c-42af-954c-020563daeecd	1071
f8921806-36b4-41d2-9e04-65843d056ee3	1147
f8963d86-3995-4774-9911-f0685edff206	1137
f89ab3d8-b33a-41ba-87be-2d9c5fd03047	1128
f89d9a50-5076-4aad-aea5-8de26697fd04	1066
f89ed3ff-45f5-4914-a485-b9818cc13466	1131
f8a0dee4-cad3-4429-822f-fed4966f4659	1150
f8a25a89-1e49-47fd-bfc4-d46ada16fdd9	1138
f8a34196-02a8-4289-b531-10ab25d85103	1076
f8a49fa8-3a19-4ee9-aa00-3adfd37358e7	1146
f8a811c1-b3de-4dcc-92c9-a8459ffe61d5	1099
f8ac608f-dc33-49c9-81cd-0d08907f3c1b	1136
f8ad7e7b-2d51-48af-8aba-d2b5fc379dee	1085
f8b3ab4a-11ff-4329-92cc-ee1387e62cb5	1067
f8b50014-7405-4cec-a241-a728a174ab9d	1153
f8b81e60-edb3-4a8f-a729-fc2831b88328	1134
f8b94a27-a1d2-465d-bd29-988f8c025174	1075
f8b9bead-8dc1-4789-b99a-61cbb7f5ddcd	1132
f8bd09b8-28fc-42e7-a256-428d01b91d5d	1116
f8c00bae-b38e-4d45-94dc-3a93a29fb513	1064
f8c5ce0c-0121-4585-8eaa-ea99044ea9a3	1131
f8c6b5a8-704c-4a77-9d1a-dda15eacfced	1074
f8c96d67-6ae2-44f7-81c1-cbdfd6959bd0	1159
f8c9ce58-21eb-47ce-a8d7-1aa23f00edb1	1140
f8c9e453-10f4-48ea-bbed-83a62980dadc	1137
f8c9e91f-87c7-4ee7-afe2-be21570ed3fd	1151
f8ca6897-33de-48a5-857a-3f838894b1e4	1127
f8d36569-55d5-4b0b-8b6f-156c0209b2d5	1606
f8d5e2a4-d9f6-434d-b4c8-7e606e5eac38	1074
f8d84170-0f46-4c09-961f-fa9818f927d1	1995
f8d86e49-8aee-4cb0-85de-2c0cdba3496e	1201
f8db7a0b-31bb-42dd-9c76-77ac9ec01612	2017
f8de587a-7668-4886-be6c-9a59bed79414	1140
f8dfc1e5-9c5c-466f-81dc-20b30cca74d7	1076
f8e0cbad-4ccc-47da-b405-e3d0623d1b01	1142
f8e3f393-168f-4446-92ad-86f26a3d9b81	1075
f8e9f02a-db13-4f50-8d23-c38cfb582cb3	1158
f8eb5008-883b-4da4-a0a1-97c5e7c3006d	1133
f8ef49df-a3d1-49fc-af97-d496d77ad589	1072
f8f53075-04f9-440f-a285-830790455354	1135
f8f81c42-1b28-4a14-96e6-fb8a0d9f396d	1062
f900bf11-d61c-4abb-8700-0fe9e47a8dc2	1067
f9052931-bb88-4a95-986a-a25663dc0a8f	1156
f908e878-e125-43f3-a399-4ac69c23136c	1138
f90db507-0fbf-4b87-98d2-b60b1784606d	1082
f9177061-57b9-4083-aacf-3ac49aca0407	1129
f91a0109-6988-402c-924b-2e8ad9ded829	1121
f91c8dd3-55d5-42f1-84c3-d2f3512ed282	1068
f91fa330-bc1b-48e8-bf3c-daabb9a3b56d	1127
f9201241-42df-44f4-bc0a-1aa5da04221c	1096
f9252b30-05fc-4edc-9a3a-33938e21b8d8	1085
f9254b74-ab9f-455f-8c2b-7397bef5dca7	343
f92579e4-542e-4a97-9c17-ce1a91f1bd38	1137
f9265898-4947-4de8-941e-eef185e21851	1076
f9285f13-108e-4783-ac63-0db02d1b0c56	1070
f92d27c6-43a5-47ce-890d-6a3aff09eb79	1156
f9310f9a-d0ad-449d-b2af-29afc7f96af7	1132
f933d550-39ee-4ecc-a366-d6016c14d287	1067
f9342993-181e-43a4-9fb0-4d4f4a3f89ee	1133
f934ab1c-eb94-43e0-8d7d-d0f458c4cf19	1139
f9369d24-bffa-46a1-bd36-2b321064318c	1075
f9390062-d661-4fe9-8c33-26aaa64831f1	1126
f93e3154-2f50-4609-9f31-dc43049bbd1d	1091
f940ff1e-224b-49fe-80f6-7445985bd422	1139
f941391d-cc42-42c8-bf4e-d8d16c967488	1128
f943e677-7c97-4e06-89f0-8dd7174abf1b	1165
f9455bfe-a589-4e70-ac3b-d1d9cb697ed1	872
f9459775-e049-430d-a79e-364115dc8bc1	1068
f94d5fd5-49ca-4e78-af28-254b4f1d046a	1143
f9533bd6-4449-4bb6-bb0d-5cf0d1d58740	815
f953bb9e-a196-4b57-84e4-8cf8191e3cc4	1126
f953cfc1-cc0d-444d-9370-e0aab0075ec3	2187
f9558092-4ef1-4f27-8fdc-4d4017c93523	1071
f9563144-613e-4f76-acb6-1bb6b4d87480	1150
f956dd77-95e3-41b0-83ea-817e3e50407b	2829
f95d2c62-917a-435b-81cb-b7341287a12e	1098
f95fabc5-3bfd-4621-b45d-7053b931190e	1138
f965dfdd-dfae-4d42-b48c-011c16acec94	1131
f9664a8a-b371-43ba-a247-4af217b57b97	1065
f96872df-4844-4aba-a247-9a973da596c7	1106
f96c2990-698a-41b9-9499-3e14f1b0755d	1135
f96ce203-eaf5-447b-b2f2-9df6e90fa2ba	761
f9703fda-22ab-4364-8077-7e2d2b29964d	1132
f9709379-44cf-4b61-8435-c7e97267d265	1135
f9716502-c85e-437f-920c-762e53c60379	1135
f9741a84-9adc-4113-8715-827d32877049	1079
f9741b9e-e69d-491f-b075-2ca9c1a19285	1135
f97822bf-b41a-4f48-9cbf-ce2a1faeed18	1068
f97d23ae-1128-49c6-8bf4-b71fa16bd763	1143
f97db1ac-8b18-4085-b499-16e4a4e8ac26	1130
f9817817-945c-4233-ba5c-7e5d40bad004	1075
f983c911-e7e1-4ea4-80e5-c90e12a69ff2	1138
f9890efc-3579-4387-9293-1eff9c76b557	1136
f9897113-d5bc-4927-8937-4f1cb867d1ae	1074
f98a7db7-6034-43d4-8915-c216765b20e3	1076
f98b44d8-5faa-4ddb-a506-1dee4ef27ee1	1137
f98cb17f-9d34-4455-abb0-3235e1e2c29a	1160
f9902617-ba48-4240-a497-460aaf8a3e8a	1137
f995218c-327d-4168-9f7b-21514fcbc6cb	1126
f9966660-dfbe-49d9-8998-3c04de86e745	1102
f996fc67-bf2e-4c63-898c-d16ddbb59c2e	1132
f99ca0ee-89c8-4534-a64b-6a02f290dbff	1129
f99def38-48b3-4786-9c7d-cc3f3956e814	1079
f9a133a0-f65c-456e-98f7-f83be8fcfd5f	1066
f9a1aba4-ba80-4cb2-b384-f09d08c57484	1078
f9a2f93e-6852-4d6b-a07c-52d2a66e998f	1059
f9a928f5-b30a-41ab-989a-7e4d89446c7b	1136
f9b038f9-231e-49c2-8c4c-d0ad00e5e727	1068
f9b85cea-2fa3-49ac-9124-f8c2ff2ec9dc	1083
f9b8c2b9-dd4d-4c12-911a-b1752e047124	1137
f9b8fc71-cfd5-44e9-b54b-dc728e3b8895	1072
f9b90e24-4884-46de-a0bd-d8952f36ca20	1159
f9c036d0-4019-4557-baed-03024d020a4b	1065
f9c3bd9e-9c98-4d4d-a1bc-fe3550922612	1077
f9c7ad68-39a1-4aa2-9558-1b0c27ddc229	1071
f9c95762-fc86-495f-8c74-e505df489f9e	298
f9cbf85b-33f8-42de-a657-76e3b0d6906c	1061
f9dc996b-dca7-421d-9553-4f041da08a89	1131
f9dddb04-85c6-4f54-92a2-f8e7c13ea025	1079
f9e0419b-9964-4eb3-8b42-23c926426812	1135
f9e56bce-0238-4a69-9c6d-8334c09053af	1079
f9e629f5-7a16-443c-ad4e-b5f86019bf2d	1135
f9ebec24-baff-4a53-8b10-1b112735c644	1081
f9ec4ac4-5e79-437b-9d71-42e046c739b4	1077
f9ef3590-2a34-4551-842d-e3c9c82a9859	1112
f9f15729-44ed-4f82-a7f5-bfaed87d6392	1070
f9f31e68-90c5-495b-9c39-e90d458a9deb	1154
f9f47341-f46a-4878-9f3e-96b068b7887f	1117
f9fd5202-4040-4239-9914-4986be278350	1061
f9fe79c6-efbd-47ff-9953-d4baafd2bdbf	1084
f9ff680f-3987-4905-aa08-a2fc385841c3	1066
fa0184d9-9a60-4baf-a0b6-303d926027ed	1129
fa04b6d2-1fdd-4dc4-af45-8c0f687bc4ab	2048
fa0cb06b-418d-45af-b735-bfb2c2110a10	1131
fa0e20d6-e096-44df-bc3c-889ed29e1b4c	639
fa107b28-4cf6-4c7c-971b-a69ee3391181	1066
fa123281-e387-44e3-9538-ad1eff677b24	1130
fa133339-6af7-4754-be34-77bdf26ab89d	1137
fa147a61-1ca6-471c-b3d1-af64db6adba9	1146
fa169d8f-c046-434d-aad7-442735b89cf4	1140
fa1902f9-1719-4a80-9e07-30dd8bd5850d	1077
fa1a0dee-870d-4085-b849-813598e68bbc	1131
fa1e725b-9df4-4a31-9042-148c92b9ec22	1117
fa1e89c9-0854-4d9a-a478-38594e915f6c	1134
fa2091ce-9a28-48b9-911f-1a3ec34d7443	1146
fa245ac7-2380-43a8-aa08-d36ff5fe474c	1165
fa2a6f73-f6b3-49b1-a7aa-6d4522038cef	1070
fa2d16f4-0364-4aa5-88e4-c319849efbf8	1069
fa2ebc38-b8f1-466a-973d-bc30e0aaf88a	1093
fa2fc923-e074-495f-84ae-a15729452b2d	1136
fa30f451-f7d9-40a6-878d-ce837e3a123d	1073
fa35a1ab-c7cd-47eb-8e46-ee1e0087900e	1128
fa366c6a-a3f0-4961-b57e-5dd0c9e646c9	1141
fa43f957-9c0b-45a4-be34-0f5d58c016db	1132
fa45f9fe-1495-40e8-a3c6-142c6f857f22	1041
fa4b9e9f-c9e7-4c6b-86ba-07b7b34a8ec2	1073
fa4c800e-40f9-4837-a56b-cddd87ba5e4a	1124
fa55962c-d522-4be1-b517-425e990e154a	1132
fa55ebe9-4db1-4c88-b658-797395261e5d	1138
fa56d0d6-af66-479a-b4ec-f3c70fa2a6e5	1096
fa5a51b5-3121-4aea-ad3e-70cabd261e58	1071
fa5c4d76-6260-4bf0-b22b-5519c5e8fe2d	1080
fa5e147c-4d14-4b01-9a1b-7296f754e916	1063
fa647dc5-35da-4b6b-96aa-9eb7dc6249f3	2082
fa6531ac-baa7-4eae-adf8-d6bd7c8cd09d	1136
fa68c0f8-41c5-41f5-808d-76d0b18f0e48	1139
fa6af3c0-07f1-4dd6-90b4-f0cada68ef2c	1139
fa6e8c00-81ae-4f43-a60e-8ede9bb6be6b	1131
fa7199c2-07b0-4f77-a1cc-c4b4893dd390	1101
fa74d924-090c-4d79-9644-10fd2b242a2e	1143
fa771279-43fd-45e3-b5f9-b91825a8e8ac	1069
fa78f7dd-9b3c-4e26-b2c6-4c84f84c913d	1077
fa7a1503-6534-4e97-862c-af050e51cc99	1128
fa7bb1a9-aad6-41e6-98cc-259dcac09a31	1072
fa7cf2e8-1643-4b27-9965-f65fda3923cf	1132
fa80d7f7-a811-4778-b4d1-e8e56a07fbe9	1094
fa84317f-6ff7-4994-9bac-68f8710a502d	1089
fa84c943-1769-487e-9528-b170a3bb2bfe	1137
fa853316-95fa-48be-80d3-ea43e7435ce7	1079
fa88292a-2346-4ec9-88fd-d3c19489979e	1077
fa8d7984-ec06-462a-a9ea-7d8f438a1398	1113
fa8ea812-2487-4232-96be-75e8d0cb9e43	1135
fa908f14-d966-4469-9a2e-d240d2b77d1d	1075
fa92b269-6953-4b59-b9dd-c1d16039b4b5	1079
fa934e0e-aa16-44bc-af65-bf7c3ee17cb0	1132
fa96b832-48d8-4692-a216-1102fc5c6b62	1078
fa96bd5a-d93a-4ab8-bc02-b3f7dc0d5c6f	1139
fa9ca3e8-8df7-4463-a442-dcd54718c08f	1074
fa9cd9f3-67c6-4939-ac58-2b4fa3db7191	1122
fa9d6301-f307-4384-a9be-5f77ec8aed75	1154
fa9d87d4-93b9-48bd-9575-1b08b6a2dbcd	1077
fa9fbb59-4f99-4c39-8453-1c11077c3366	1116
faa02ed5-c8f8-4ef1-9c6b-59ae3b2d716f	1113
faa51278-2dca-4c0e-94ca-17d32a84d3e5	1137
faa56f43-a087-4f7f-a20f-a3fdf6b6f4c8	1128
faa724a9-8993-4f5e-8767-1b60a6ddc786	1068
faab2db9-0dcf-4130-a585-58b018e57bc7	1062
faacc98c-12a3-4797-b8cc-41e0f455c94e	1119
faad5e2a-07d0-4e52-86cd-34118ecd0c64	1144
fab0262c-cda6-46f7-8b3a-cee2c3b09efa	1144
fabaf859-fcf1-4109-bcdc-046179aa72d5	1131
fac4eb43-3090-47b6-8315-0ae10836f74d	1068
faccf419-33ad-4d66-ac0c-ef4da506c0d9	1135
facf3a60-463f-486f-8813-d59744a41eaf	1074
fad14e17-7d4e-448c-9c33-2017c999a879	1070
fad6c26f-6540-4c7e-bd31-b22ae662d101	1147
fadad21b-7e6e-432a-8b34-509fea1995b1	1130
fadb95ef-514b-4e3c-894c-99ac4ed774fd	1072
fadbc347-032a-486b-b02f-4084e27a0095	1158
fadc5c2f-5a6f-43de-b65a-e69d1e3e9914	1134
fae16a43-b07e-413a-9161-d686512d5977	1082
faea8829-7b1e-4553-90f4-bab99ab4d91f	1153
faefbd67-2310-4a2a-838a-2ab379c27ba9	1136
faf59af8-07b5-4da2-9643-6099fcee0620	1071
faf68465-6b5f-45ef-885f-66e8ffd81be2	1152
faf738ed-070e-4110-a500-9b08af513440	1138
faf87561-a1c6-4d4f-94af-79273e59e6bd	1133
fafa2c94-9ab4-4cc6-b26c-4e62fa02f0e8	1134
fb031d2a-563d-4fb0-a1b6-e9d3a9049a8f	1077
fb03d4f4-2b20-4501-a668-8de8e9e747e7	1076
fb0684fe-a773-4e38-9294-7f0c98931866	1159
fb08fda0-7013-4965-9ccc-7c147450faf0	1162
fb093658-ea02-4bb4-953b-af9b01cfd240	1078
fb097ae1-dafe-409f-9f7c-8973b8377221	1132
fb0e8fce-b929-42f6-b11e-24d47d44ffe8	1142
fb0fc954-0c8d-46d6-8bad-e9182c0c64d4	1072
fb1143a3-4833-45d5-9c99-e150ec3781f5	1129
fb14840c-6267-409e-9dd8-e3507571b6fe	851
fb184cae-c2a7-4b17-9060-8bc8aa4f9e9c	1143
fb1df261-9ac5-4f3c-969c-cda621960378	1126
fb1efd57-2b7e-4f7d-bd12-b4edbc04135d	1134
fb1f4848-99e0-47f6-9272-1210af26d9b3	1079
fb2040bb-814f-449a-afef-32ec66d485e3	1082
fb2165dc-8b70-4fe3-805d-02addacd983f	1075
fb21f7c7-447d-4782-8366-e3eceefdbd36	1062
fb2922ba-866f-4e90-a363-7b65a752af2f	1131
fb330391-b3bb-42f9-8ea5-79b3c49fe036	1104
fb3528ea-d9eb-440d-843e-fbe65ebc2a16	1071
fb37209d-4b0a-4f32-b0d4-9f845e7bf285	1137
fb386f0d-d557-49fc-bf7b-363428184d6b	1094
fb3dca96-81b4-483b-ab90-7186c58d159c	1074
fb3faf02-5e27-42bf-8f3a-6887855e1451	4057
fb45cefc-c3d4-4024-8953-fa0aaf7de978	1070
fb482ad5-0ec5-41a0-be48-e469f9e53239	1076
fb485769-2217-4f1d-8814-9cb25ebfc1d6	1131
fb4f3f2b-eb42-418f-9e48-ac6a1b0ed225	1129
fb541e24-c51d-4e7f-8f71-77e13f232ef2	1069
fb566413-f515-4fcc-8023-219fe4fd200b	1072
fb5bb7cc-42e1-4e0b-88d0-cd62029f8177	1140
fb5f8933-c970-4749-9851-b04a879b3bf2	1139
fb65184a-78cb-46f9-8bad-7da7e969f0ad	1070
fb6698e0-60ef-45e7-bdf1-034d04c48a23	1074
fb674642-f50c-4f2c-8b18-f44fc4b47b06	1130
fb6944d9-04b8-4e88-9e23-9aa176cdd7b1	1133
fb6976e7-e0d1-4f82-a468-ce6ec5bd0097	1140
fb69cf34-1f02-4055-9e24-ed73c3dcbd5e	1137
fb725739-23e1-41c2-a1b6-9a63e5bcac57	1071
fb753a71-6830-48c9-bfbe-eae4eeabfe33	1134
fb766248-1e0d-4b8d-9d31-231ede575253	1133
fb7a5d8f-3877-41c9-9e45-1372fec7631c	1064
fb7dbeca-8161-4e52-9080-90d7976fe164	1139
fb817539-9fb8-4e48-ab88-f1f4094c0a8c	1101
fb8a5533-4232-42db-b5d7-826ef741a0c6	1145
fb9362b9-e3aa-4c57-b603-7aa66b9d8e2c	1162
fb952495-a5f0-4401-bb34-666e27039012	1121
fba3cfee-5884-4486-ad7f-3dd9a316cc9b	1121
fba727c4-ef7c-463d-808d-7c32dbd3b845	1123
fba948bb-9437-4895-b963-588bb3b3224e	1136
fba9ec22-54c2-4f6e-91a8-2f46fad93a07	1079
fbab68fb-2282-4bd2-8d4a-e31d65a3e6a2	1133
fbac53c9-3ec9-4796-af15-41ccb9332c67	1151
fbade460-7fca-4d65-901f-f8a8b9de83b6	1158
fbb0a8b7-c6db-4f2a-894b-ff781bd1d70b	1076
fbb118a9-7734-4d12-b01a-90c2e5036115	1145
fbbbeb59-ce90-44d9-98ae-5f5aafbcb4e0	1991
fbbfa201-6887-488f-a4dd-3bb62ad9336b	1135
fbc02c6c-6c73-49ce-afa9-36f19c91ab37	1127
fbc7c905-52e3-40a9-a7d1-a1dfe5d42465	1060
fbc93c24-19cf-41dc-9152-dd2a184e1d9f	1130
fbcbe36d-27a1-47dd-9fcb-709a47877492	1073
fbd34cea-e692-4875-bb68-df981d22d021	1137
fbd5e413-1eff-4faa-9b24-cdb08b15dd7f	1135
fbd88fca-a0f7-4389-b767-5272109af29d	1093
fbdec0a6-5ec4-4343-abf5-9c91316d3759	1057
fbe24389-d001-4283-8ac1-2dfd25e2f5af	1131
fbea4f95-4269-40f2-b88d-d55fd8698ef0	1129
fbeb1e7a-fb8d-4ee4-8677-91967f0fe9fa	1131
fbecd2a4-8a01-4418-b220-299771c5be78	1123
fbeeb6dd-2da9-4628-985c-44d22902f720	1113
fbefb0b9-6c38-4ef5-9881-6ba4de57e3ec	1128
fbf80699-0610-411e-99f5-277b3c208454	1131
fbfe9591-8a4f-4700-bcb3-5f511bf7c603	1139
fc008015-f029-47ed-be65-771bb7cfc521	1138
fc00bf96-1888-4bc4-985d-9eb92869c3f8	1133
fc03163d-9348-438d-8b89-00ab74a03d4b	1077
fc0384cb-e273-440f-9a4a-80f4a1a1cc8e	1136
fc0475a5-a19b-4338-a96e-2a2af2a4df6f	1810
fc06e29f-541f-489d-8157-443f04275da2	1092
fc08accc-afad-4944-b104-767278bf49aa	1068
fc09140d-b28b-45cf-9b7d-88d22fc21d71	1079
fc0972ab-b0a6-4011-a19c-30a176fd4720	1065
fc0aaf5b-0b56-4b5a-bd87-e5b328070984	1120
fc113eb9-94c2-4a93-bb13-d78da704b64f	1151
fc1245b0-f06f-4286-accf-f0bba4e57f0c	1136
fc19cd99-0150-42f9-9598-b41467df81b4	1072
fc1ddbe1-74af-4b79-b04e-de4994453b11	1132
fc1ee348-9761-4e18-b710-b4ad3dd1f99f	1125
fc220910-29e9-4748-80dc-eb335afe8586	1059
fc2252a3-a000-454e-a191-b47c4bf89443	1140
fc252b5b-30a3-4536-8671-b9f98ce95090	1134
fc273fc2-7fac-42f0-bfa3-49877e4481dd	1111
fc2c56bd-d62a-4cbb-bfdf-74d2eefd464f	1128
fc2d39a8-f90a-4b80-b380-d7159cdf829c	1075
fc2ea028-95ce-4737-a2bc-4f7e8ec4e85d	1112
fc2ecc88-98b1-4f67-b0b9-7083c01ea852	1138
fc2f0d5e-492b-4b49-afed-b4e5d4d5f357	1130
fc2f3fea-4a69-477e-95b8-7bbd6712ed77	1138
fc351dda-0c5e-43ad-a1c8-26842514371c	1155
fc3a491d-b5d2-4c79-ae1d-5551219702c4	1136
fc3d58f2-aa09-438d-8576-7c6b5d6a35ff	1072
fc42fd1a-164e-4d37-ba59-9519c16bede5	1143
fc438b86-96ad-4ffa-88c5-803918a4806c	1133
fc457217-9a13-4d77-885d-5196d6ed3424	1075
fc4726c4-68bb-4bd1-953b-7a10104156f6	1131
fc4af4b9-8f25-4531-b6bf-f09155c1d5f3	1128
fc4b89aa-375e-4a26-91c7-ce8eb2129629	1152
fc52519a-c863-4afb-b8e0-e529808439e2	1107
fc54bf44-1193-4669-ae5e-4b38f4a2f357	1126
fc54dad4-7e75-42d4-82da-917346f1ac75	1139
fc567913-44cd-4e14-a933-f29c5201bcbd	1092
fc56b19d-f698-4165-8d4c-42b9af23696c	1130
fc5777a4-5e30-4722-9764-869b4573b7e5	1125
fc61f9bd-9be6-4446-9531-b3f184984f40	1144
fc628ea4-2e96-44d4-b21f-770d15d39831	1136
fc659c4e-6018-4d41-a5ac-1d2cf6cb829b	1124
fc66e753-703d-4fa1-afbf-ddce88bb0aa6	1136
fc675c57-f6b0-42e6-bb8b-476dea7cee27	1081
fc69d5f9-6bda-49e0-9c25-4e0bdfa9918c	1134
fc6a3fd1-5d43-4f56-b117-db55001d49a3	1129
fc6a8103-b084-496b-b033-062938867c2d	1065
fc6a8817-564f-47c2-bff8-b6f2bf6c9ff1	1130
fc6a9899-76ec-4212-a740-a82c16a3bf12	1127
fc6f4cf3-1e79-4bc5-818e-e0698f15f21f	1065
fc6fb0fe-8d94-4ee5-b93c-bb78702c3a96	854
fc734fff-d2ab-40a0-b4f3-1d2c749bcb10	1130
fc765cad-abde-410d-b36b-ddebd626fa76	1140
fc76f13f-d070-42de-b915-11ead597609d	1156
fc77677a-e2b3-4f92-b591-c1383b4951d5	1902
fc793fda-c562-4da7-b524-869218bb4068	1071
fc79ff90-1553-4b28-8c55-6a0ddb1a6583	1071
fc7a0dc4-b009-4f85-a8ea-0781df2f1095	1132
fc807550-99d5-4cb3-b836-a0ed74caab9a	1153
fc848e81-18b0-4612-99c6-05f9680cda63	1079
fc849d89-fca7-4a0b-9678-6ba6e64c9ccb	1080
fc860bdd-f4d9-440b-bb69-7559772a8718	1129
fc884f38-a8f9-4716-8c8e-2b0968278525	1068
fc88ac6a-8ba6-40d9-828b-991a5f877d8f	1081
fc8a1d56-4aa1-4ec2-b098-f4d43dd0d24c	1145
fc8de797-50ad-4520-a88c-f6bf6cd55145	1153
fc91bab6-fd6a-4dbc-b7b0-441358ec16d6	1073
fc9242dd-2379-4815-af91-99d16348cd95	1141
fc9873f9-17ec-443a-91ca-e72bb4a6371b	1134
fc9b02cb-5182-4e9d-8a47-e36b9cc2ce1f	1128
fc9d2049-09ed-42c4-bb00-2cf22f3f3793	1120
fca35aa0-b7ff-4cd3-847d-45fe5994bccf	1078
fca3aacc-3e86-486a-b4fc-760d0bdb9dca	1131
fcabcda0-6a86-4d79-aa8b-16b54b2b58e7	1933
fcacd678-edee-4903-9f5a-cf0cbc8773fb	1140
fcaeb450-2ed5-4a75-9fb7-5c4f00a66573	1074
fcb07030-b03b-4f3d-b5f5-7e0251d6959d	1133
fcb10fdf-1c7e-4cc5-aef7-3a658877826f	1133
fcb3b4f3-0c30-4db6-b8b1-40099c16b1f1	188
fcbb68b3-6e23-4ce0-93ef-a670dfe7e203	1170
fcc2789f-7f18-4ee4-8cb8-ce92752ef30d	1160
fcca6dc7-09b9-4e2c-95b4-e69f83a03e00	1142
fccabd52-0a1b-4537-8b2b-afd18fa8a889	1058
fccac701-0fe8-4c68-89a6-24d160d7c5b9	1140
fccc1dce-0508-4d03-8282-cf051cda88b0	1134
fccd1ec0-f871-40df-a0f7-9f3422b010da	1131
fcd126d7-b3f4-45b4-a582-9e480520e1f8	1144
fcda7756-3d0a-4552-b778-d592fca427e8	1095
fce0a0dd-0338-4292-950e-524dbfa42cd1	1073
fce0ce3f-7b26-471c-b3b6-7c4a8c3604e9	1149
fce0df6e-3144-4e1e-8660-101dcab76aa5	1068
fce5d9a9-faeb-4c1e-8e45-febebeba99f5	1159
fce5f380-2052-45a0-bedc-37e26da4f847	1125
fcea197c-b277-46d0-a319-facbbb620fd2	1135
fceafb30-b83d-478a-bd0c-9ff18f5c8527	1132
fceb099a-983c-40eb-820a-84fec057abcd	1044
fcee25e6-e485-4e58-a878-69b7da075c99	1129
fcee3036-0f3a-4149-8a18-c04f3b11cdbb	1132
fcf23703-912c-4b00-81af-1ef2634f88b6	1067
fcf58949-9ccd-40b4-84af-6b73f8ad94eb	1090
fcf7b8a7-9c23-472f-b6b0-11d4cc2b5cb7	1070
fcf93854-d869-41f0-bf7f-5e1993a67216	1126
fcfaca85-ec45-4ef3-9b17-f7656e3347a9	1132
fd067b89-753c-4b41-910b-61fb2d7641dc	1129
fd074495-e2e5-4efb-b74c-d007f2fcac8f	1137
fd08bc1b-ba56-4ee3-bf47-14a6c4640aa6	1157
fd0e8b5d-9b69-44a4-95fe-15e3d5e0ed67	1081
fd109129-a290-482c-ad59-290c0fd86f42	1078
fd14dab4-3bfc-4d2e-8486-5c2d93704e7a	1473
fd16ca4e-2f82-4ef1-b431-c54090e28c09	1082
fd2a51b6-64de-4263-9f12-5a3933213c7a	1073
fd30c805-c967-4100-9880-e971d4747a19	2094
fd3456c0-57c5-4bd8-ac3a-9f95480c7942	1079
fd34dc01-edf7-44d2-957b-1e643adc0417	1137
fd39b652-2312-4759-9fe1-d4de33dc4386	1126
fd3b619f-9069-4fc0-8188-6a718fa30eeb	1135
fd3d4fab-7d6d-4dd9-8d68-19f3bf5b7b7b	1120
fd3d8f2f-421a-46c8-9d56-a7d91808be54	1078
fd3e32b4-041b-49b2-bfa4-67577eda9fad	1152
fd40a7c3-3bb2-451c-96e4-ae3c74947a8a	1139
fd414c3c-cec8-4d25-8304-86fd2ddb604b	1138
fd4278b3-f633-430c-8358-7a9d01ac664d	1139
fd444a15-a45f-4843-84c5-5e07b5b275f9	1125
fd486a36-362a-4b46-963e-1e87f3f1306a	1131
fd4894e2-1e0b-410e-ba04-2fb2e275ca85	1067
fd4dba87-30ae-4265-a36a-84f61ff5486e	1132
fd4e5230-a101-4acb-afd9-0bcbbf32383c	1074
fd4f469c-d346-4e02-be52-b4ab69d811a0	1076
fd4fe457-bdd5-4187-974b-6f12f6e59549	1138
fd509033-6822-49aa-8d24-c1d90604ccc5	1140
fd50ee43-07d3-4762-960d-41756f28cf01	1128
fd56ca64-9354-400e-8115-e70ac7ae1719	1068
fd69a595-385d-40fe-bfc2-ec2fd28c5609	1158
fd6a54c2-828d-45f3-a11b-02d935042820	1068
fd6eed24-5f91-473b-b4e3-1fac08d748e5	1154
fd6f086e-6707-4cba-b82a-f4b71b250f1e	1073
fd708933-a7ce-4a10-8fbf-b5007eca7969	1096
fd7206a6-2f48-41b4-bc5e-9ed1761bb735	1133
fd72eaf8-ba64-44a8-9cc3-ca8cb7b8896b	1071
fd76227b-9440-476c-a4cf-ec23b18381ee	2338
fd76f390-ed12-4b58-8a9a-4e939728d2b9	1127
fd77da9f-2d27-4a12-b39b-c81ca08d5f36	1071
fd7967bb-2ccd-4645-9c32-1282ea88dddb	1503
fd7c2999-5a47-41f9-b18b-f0320ad37950	1069
fd7dbabb-e917-4bf8-8275-65f3209befb9	1130
fd7e8a50-b6fd-4cc0-bd77-ce3b4bfb5e25	1132
fd800983-d20b-4d21-aa1a-35a4ce78d28b	1048
fd81d13e-d42c-4389-a28f-8c7b3f0fa5c3	1129
fd8621da-46f4-4f5e-82b2-720d4f85fa0f	1064
fd890952-c047-4684-aff9-6e2aa79d11ee	1070
fd8bbfbe-6c42-43c6-9ace-336f150a4922	1131
fd8d44f7-877b-4c51-b589-fd9eed9f8689	1128
fd92441e-2592-4723-af8c-09c1be306038	1100
fd96cab9-7616-490f-a894-07e1d501e0f7	1132
fd980167-6253-4d79-9b1d-8ec78babca82	1073
fd9fcb77-9e8f-43b2-905b-67a3e5bde099	1136
fda1d4d1-2cb7-4580-ba47-073a4e6483b7	1067
fda2849c-7566-444b-8a67-5a323ef376f0	1134
fda28a54-01da-47cf-be09-f1e285bb3335	1138
fda8a33c-2012-44d8-bd5c-a8dce13a9c24	1070
fdabca62-6398-4489-81b9-f0e0988e4e6e	1136
fdad8f6f-c3ff-4011-a2a6-666b91bb9a71	1135
fdb2bc41-e442-433f-bb3e-bdee1717609a	1136
fdb2fcd0-df5d-4c6a-a06f-04411fdcc7c8	1102
fdbc6856-4d28-4636-b28c-38de8c31ca01	1074
fdbe9c9f-67dd-4708-b4a6-9e32613e4bdb	1161
fdbeda86-f9fb-41c8-9524-e0284f089735	1143
fdc26045-70da-4e7a-b6f5-58a3e7641e5c	1037
fdc2bcea-6284-408d-8bd4-b47c0ceb9257	1133
fdc3c8c9-3c39-4173-be32-b805dc3f4a6d	1064
fdcb4b2a-3c12-4e86-80c6-fbeed8b8b412	1061
fdcec3ac-784b-4bf0-874e-e34f1c1f1354	1079
fdd3b5b2-dd46-4942-b5db-1acae3b0735f	1119
fdd3ee6a-458e-49ff-9468-4ac7f26f1465	1142
fdd930e0-42fa-4672-a316-74c33a396305	1136
fddc92b8-ddd0-418f-a339-d1879c62d081	1078
fde23aaf-46b7-4d47-ae6d-1fc3aad58489	1151
fde28dc6-a747-4e9f-b294-7fef986547dc	1463
fde41648-8dd3-42e1-963c-c88020611f0d	1139
fde74ad7-a84c-45dc-9904-2c6e6bacabd8	1108
fdea4705-a761-4e45-b2a7-9a7e2273fb46	812
fdea7c08-cfaa-4b00-9c35-abac3b673951	1071
fdef6d45-4ddd-4e76-90d9-35cd90a29b53	1118
fdefaae9-c8fc-472e-9e3b-d94afe3f0f76	1130
fdefbac8-b35c-418e-acc5-c8e69c4e1716	1065
fdf62b97-674e-40bc-bca9-a2090db284c0	1076
fdf784f7-f57b-498b-b020-c5637e54803a	1070
fdf9d613-bcc1-4dbf-8214-925a386082ce	1080
fdfb06cb-f745-4739-9895-4f99a0ca9656	1076
fe04d7b8-ea88-4419-9fb3-5507bd51a497	1130
fe077e79-102c-4827-8ab4-1c7918c25175	1133
fe0cc505-0897-441a-89e5-c737fd4a3e45	1099
fe1187be-566e-4459-a00f-505bc5b25259	1070
fe14092b-a437-4644-b673-3bdb403acc06	1060
fe14478f-9c75-42e0-911a-1541c8edfda4	1135
fe155dd8-fffa-4417-8b39-2eb302d2905c	1135
fe179b6b-3754-483a-8528-1873fa17bc71	1076
fe196ff7-cee2-4e5b-bdb0-e4c47330752d	1132
fe19a744-90c4-4ee5-b2b2-c88d3c0164d8	1136
fe1a4c2e-a91f-4c14-9f5f-5a1437978c89	1134
fe1d41dd-6548-4d3c-acf2-c4cc26ab39cc	1190
fe212dc3-fbef-43dc-841b-2a598d46a3f8	1140
fe2492be-1ab8-4c07-bce2-ee112b6528b2	1148
fe252a3d-1bc3-498c-b8d3-c3c8cb9ff1b1	1077
fe28a4b1-2929-4a47-94d4-374997b3e030	1138
fe28bd44-9196-424a-9e3d-bb8e08dc47b5	1130
fe28fa70-322a-47cc-adad-086295b26c08	1138
fe29d499-7216-49e1-ae6b-8da3fa4a310d	1066
fe2cb1e9-c574-4d55-affd-aa2a986835ab	1135
fe2f8526-0f78-418e-b429-fdfee73a3564	1057
fe2fc9dd-96d8-43c1-b185-df64ccdddfd1	1118
fe2ff3bf-272c-4e48-9e07-9452641d46d1	1134
fe3368da-52bc-41c9-abb7-3b89d2d73c73	1081
fe363d9e-bf98-47be-b5f7-26edc6e400c9	1162
fe38e700-3189-4582-9012-c1eee6cca7b9	1137
fe3cd946-335f-4f83-aaf1-3ed118de55cc	1069
fe40d4c1-f31e-4597-83bd-3d12572f8693	1092
fe473f35-0832-423a-8014-c6261ffccf86	1058
fe4a664c-d5db-46e3-81d6-792e3d63d720	1078
fe4ad0df-4aba-4413-b001-27775361b8b0	1075
fe4e56cc-a3cc-4d61-b666-849075b6a933	1078
fe54d546-9bb5-45cf-92c7-d72a61ac1194	1074
fe58a28b-a2ee-4981-a128-bf4764a13900	1091
fe59906c-f84e-4c7a-b102-9af069fa956d	1134
fe5b9092-312d-4912-bc9e-816933f88058	1061
fe5e30b6-deb3-4d2d-bc21-45db1688c07b	1131
fe606d76-3e33-4d01-9528-76f69c3188cb	1077
fe60d49a-c454-487b-b952-c2c9139bff24	1076
fe61d77f-6f1a-4960-8ca2-cb979c34c532	1129
fe663254-fbf0-4aef-a177-3cd6963fd7fe	1124
fe667b73-8051-424b-9845-bbe84af53bb1	1075
fe66e44f-3ac9-4305-a0b7-7e9c2cab40bb	1075
fe6c8312-1bc7-4b0d-80e4-863d7ad74e97	1140
fe703717-5116-4d7b-a91a-e8fa19afac53	1135
fe718256-9caa-44dd-a8b9-24398ec94306	1131
fe76c3a0-94ab-4141-bd87-a03b81961df7	1130
fe7ea78c-005a-434a-8d95-da1eed586896	1137
fe7eee47-3ea3-43b1-83b0-4dee445b2e73	1135
fe8642f0-26f9-45d8-84c9-2e8d33330cea	1933
fe8d75a4-8001-440b-8c79-1dc2f5a3101f	1069
fe936480-6d6c-45c7-b503-742c084a43cb	1133
fe93ed86-3829-405e-a958-5a191a1dc980	1139
fe963ccb-ca2c-483e-ae27-49cff32a835a	1066
fe966fea-28ad-47c9-aedd-20a303b69c56	1143
fe96a44e-6353-486e-be4e-c6d2d45550cf	1128
fe9e5069-04ed-4e2f-904c-34f7f39ab112	1130
fea3bcb6-3a5e-4d90-955b-113cf42cb220	1129
fea6f335-bdc6-41e3-8454-0c82bb17b917	1086
fea90fe0-621d-4bf8-bf60-91bd5914ec5f	1139
feac1934-7064-4170-b1df-19dd5083754f	1148
feafeb88-5998-4b6b-8e2a-34c0165f5fc4	1447
feb39bae-f6ce-4650-a3f7-98280e2ba089	1132
feb95d1a-2a02-4fb1-9fd3-744fa0398370	1088
febbb3dd-0cba-46c4-a62b-053431fb5ac2	1075
fec012af-110b-48fe-a9de-9d631dcfd76c	1121
fec09ef8-3928-47d4-9fdc-ef761d54c738	1089
fec1c4fd-fe31-479b-a5b0-d9fc280aee80	1132
fec4509e-d797-4c51-a391-e95d338bfc64	1087
fec70992-368c-4fdb-95c3-13765ca24e50	1125
fecb4ccf-d882-4e66-99d5-b7bdd8d30ceb	1118
fece2630-fec3-48c1-8ec5-5b0e5cc2bb57	1127
fed32bfc-509e-4cd1-ba3b-d87e2d1172b2	748
fed43185-6b28-415d-a794-754a7b4ac03a	1064
fed69128-7369-42ef-ba52-d3f447913f3c	1076
fed93e78-d4f8-45ec-8e7a-29c3b68becdc	1077
feda05c7-de9e-4cd5-8120-ec333281dd04	1133
feded09d-e2ea-4139-91c4-3a9abed0f7ec	1134
fee05cdc-d936-44e3-80be-517ef1bb6405	1190
fee60747-ed78-45d0-8aef-6313791331ca	1131
fee6e78b-c635-4d94-91dd-d62a7cb8d273	1072
fee6fc4d-939c-4c0e-92fb-7c8efa245385	1159
fee918ee-7491-4fcf-a0c6-5acfc49cecba	1118
fee9c992-4d80-4f55-9a14-abac424d681d	1141
feea992b-f13b-4828-b39d-732c9ea954ad	1135
fef15154-4291-42eb-9bdb-d314fd63c7a9	1141
fef57144-aa44-480e-a4c1-b2b444111b3c	1078
fef5c1f6-aad8-461a-a18e-354b64fc5a57	1121
fef7cc35-c150-4e02-ab6b-1d15fbbfd73c	1126
fef83e8d-f41e-492c-b368-ee23d2673e5d	1126
fefa3a2b-d6d7-42df-a03b-4864b2f664c7	1132
fefc6143-69ae-4b84-acb1-802cc508289d	846
feff3319-4dd8-47fd-90c3-9477a9dfdc62	2055
ff051614-d856-4438-98a3-64d08432c213	1124
ff0625a6-ef58-48a9-ae9f-db5d0f65f75b	1074
ff0910ab-8ca3-4498-abb0-295c817a9b18	1079
ff092bcc-6a42-48a4-801a-6a8653fb9a29	1079
ff0b61c9-5e8b-4fb6-9b97-58e2e41353e0	1135
ff0c4f8f-bc3e-4fe5-a79c-962a721a7083	1132
ff1b28ec-3896-46a3-89ab-0ce558269991	1090
ff1c2e1f-ec14-4131-8126-6d6551a0ab94	1133
ff1d0ed4-6dd6-4e89-a8b2-8428d697423d	1130
ff1d777d-7088-4936-86bc-4ef9845ec89a	1098
ff1da8df-6688-4c6a-ba86-34e4e0c01348	1150
ff1f9fa6-798c-4ac6-8c03-ff1359aa5e34	1135
ff22b2c5-bdcd-4005-aaae-c4c7bb59d348	1134
ff271800-3f8d-4ece-b620-7276d37085bd	1119
ff274171-da4a-47d2-bbf0-fed926edbfe9	1131
ff277823-0fca-484a-a143-11431159e009	1128
ff2a6b6f-34be-498a-92e9-7b5a05fc06a4	1075
ff2b661c-a2c2-478c-bf39-45a25416e028	1129
ff2b8071-4886-4e9e-8874-a8bb9509b74a	1136
ff2e97e4-2b1d-4188-bd60-2d76a7c26478	1135
ff2e9ab4-50a7-4e50-8626-122bc2d020af	1083
ff2eb3e8-52f5-4c33-b37c-52f10a72a380	1080
ff31a053-e6cb-40ae-8788-c61834ccb32d	1049
ff3a1c6f-9ba8-4965-81f8-b627a0da6fb2	1137
ff3beed3-fd03-4422-bc51-5a6f9f63f35a	1069
ff3e7354-64c4-48cf-9cfe-fdaebe130a6b	1079
ff403441-6a6f-4b44-9593-7ea48f8adadf	1134
ff41522a-941b-47f5-89fc-8b8fa9690ac3	1134
ff427ad4-c390-4227-9f43-e94234525622	1134
ff472d1a-8fcc-411f-9e97-88c88344c099	1081
ff49f952-ace7-4ce3-9cc9-138725cd47b7	1087
ff4a2109-39e9-4187-82e8-11a094fd307c	1071
ff4fc8d4-a8fa-4b50-80aa-f4f6eddeb7e9	1073
ff50f20c-823b-4b1d-a073-38a9da99b2dc	1133
ff51d92c-3f4f-4b0a-8308-578763711377	1131
ff546058-e6db-479a-ba77-1c8e3aa1395d	1112
ff561c39-f81b-4c3a-be2f-3110fd88177c	1072
ff5767a4-1f87-48c2-8184-884a23437e0f	1146
ff5c8a3d-62af-4b52-8d62-a6a0584e3a56	1107
ff5d63bf-3521-436b-a698-2ed633ae8de8	1132
ff5e5afa-a830-4eff-98b7-32228734dd5d	1060
ff62e68a-acb1-4bd6-ab34-14b97b106ba0	1040
ff66042a-8a3e-4f53-9bc5-fbabbb78261c	1077
ff6d6e51-448d-4b08-8870-b2b5e3bf0015	1129
ff717fdc-1f10-42f9-97e1-9b83dfccd697	1072
ff7e42fa-f0e1-40cf-befa-5e7cec7e7c72	1120
ff7f6ae0-85c4-4fa2-b499-54b0ba50491b	1105
ff7f6d8e-699f-40cf-a368-fbf8fff6ebc2	1149
ff834b06-6cbc-4277-8595-cbb692bc85c9	1079
ff89a375-507f-4b75-95de-20093440e094	1147
ff89bd97-477d-4ef7-b530-493cab489469	1080
ff8b9fc1-f7dc-494d-b3f4-90424f2c067e	1161
ff992649-535f-4e20-a243-c20c4c8e7e50	1069
ffa28343-acd1-4f81-8aad-b31107823b96	1076
ffa3b2da-6380-47c7-bc5b-42de1afc98b1	1128
ffa7eb44-d653-474c-81be-f13e1dae6b70	1068
ffa86224-05a3-4649-8ba6-3cf33c7e7d67	1072
ffac584b-6c2d-43d1-b653-2818d40b7cc6	1131
ffaee11e-7309-4eaf-af00-09a03f8eb44f	1131
ffb16b71-ac0e-44b0-bd6c-d6c520309123	1137
ffb334d9-8dfd-4bd2-963b-4de5b3c59949	1074
ffb930f6-13f7-4838-8698-1037bef24f81	1074
ffbc81e6-5fae-4b69-9bc9-21fbcb3fe948	1121
ffc09864-5fbb-45d2-81b4-21b6c8e0db29	1074
ffc5253d-d01a-4941-b410-61f71c402cac	1073
ffc5dd80-36dc-4946-8282-012cd4655a9a	1069
ffc6d3a6-2fab-4a62-9010-827db7ef581b	1138
ffc7b2b2-97a8-4a72-a3e0-5515b1e598a8	1067
ffc7dfe8-9066-49fb-afb3-71e7b9e512d9	1072
ffc8dccc-e7da-41f0-a9e8-f87a8ca55b1e	1071
ffd19fef-a295-4d88-b5f4-a01877b13048	1129
ffd1a5fc-815d-4ac0-a745-8c4cd6a35353	1075
ffd45522-6326-46a7-8af2-7185c22f4255	1084
ffd69c26-bf3b-485e-b3ef-9284d705f08b	1140
ffd73d61-8df4-4678-ba8e-d244cab15809	1134
ffe12f82-3712-4ec7-ac7d-62dc4fcc6b2d	1792
ffe39124-6240-477f-a938-3b99487634ad	1065
ffe5bd58-26fd-412a-84d4-46cf4211107a	1133
ffeb40b0-190a-4851-a98d-8b0b43bf60b9	1093
ffed68b7-c26c-40b4-86db-9df594045819	1103
fff72f75-23d7-4f04-aa19-3854ef8411f7	1066
fffd1305-375a-40bf-8021-0a676758c6e0	1135
