000a586c-fefa-4151-b002-dfbce0a37a76	851
0016ba73-3951-454d-bd5e-d93540f220ab	1173
001f08e6-2974-45df-b6c7-21f2e6b8263f	877
0023c17a-a6bb-423f-ae21-5071bd7ad121	885
002915b9-1c38-4f4b-badb-2fa9221061dd	864
002b3cbd-8202-428b-8a6e-bb0968f43392	886
002f575c-65d5-4427-a48c-c792aa015d66	862
00339c16-5c26-4763-bd46-4575ea4bbcc4	869
00370483-174f-4c1a-a9af-e24261541958	1180
003f65be-aa4c-47fa-9abb-74800cc7957d	865
00452633-f324-454d-b190-5b63dba08a4d	880
00467736-e6f4-4fb8-ad95-6a2c8618ea44	861
00480bb5-6d34-4725-974e-56b38cf5b219	1150
004904ef-5b25-4f26-bc4a-65d3e9da80fe	842
00587432-ec11-49e7-a662-c642c07de5a4	1162
0058e602-7be9-4bd5-be31-6d2adf9288c1	1168
005d2b69-9d98-4d6a-ae96-07bda797ba42	1169
005e9bfc-268e-4cbd-9001-589704d88e40	1172
005ea574-3dd2-479b-9bfc-449d80c19cea	2169
005ed2ae-470c-40e2-a22e-4246a014a71d	885
0061cae3-cf42-489b-99cb-b59eb3e2ac33	1201
00630e2a-23cc-4eaa-bbe1-60d3ec86d257	1188
00721434-62f2-4f4a-bd3a-3370f9c46840	1189
0074650a-cdc0-421c-818e-7a5bdfddf55f	1169
0078c2f3-4623-4f0a-b18c-0d133a4224cf	1186
007a02f2-0879-4307-a222-3e6b8c28d13c	1168
007ea7a1-f28c-4564-b116-314214bbe671	883
00805365-5f7f-40d2-8db3-fddcc141ad89	1188
0080f571-3418-4eaa-a933-abfb5e6fcb66	860
00833888-161e-4f3b-bad2-f872a9c41178	882
00873923-1dba-44db-9d5b-dfb130c34e21	1165
008bd67d-f878-437e-b452-584545762ebf	886
0090336d-5ce8-4b84-8a1a-f432f93400aa	1157
00920fc5-df74-4fd3-818a-e7ccd7603d38	1180
00950e7f-122d-4a2f-9288-5c9795a72121	1168
0099e91d-64de-4396-ba0d-910e5f993509	1177
009eaf2e-4dbb-4b2d-bbd8-4a8a8e09b23a	882
00a28ad7-295c-4f0d-8d27-863530835c94	874
00a74d8f-87aa-436e-b455-e20de68a6a2b	1161
00a77df3-b6a2-47e8-a8f4-e41ce8fe633b	1162
00a96b7d-4460-4727-881e-eccf63c22040	991
00ab9f75-32fc-4f84-bca5-8eeed341c329	1169
00ae581f-4556-4f23-a15a-62ace6035cb1	882
00b02460-84ca-4ebd-9c7d-a78ad6faa480	879
00b3d5c6-d996-42a0-a616-5438686cfd32	1159
00b63015-cd58-4972-b445-a2c05362bff1	863
00b744ba-7f17-43dc-b7ff-cfee3bfa65f3	880
00b7ab1f-65a3-402e-aa06-4195d902d73a	1181
00ba1b96-867b-43da-9310-00a4bb1853e9	1160
00bfd710-42a5-40f3-af08-f61a9669f654	526
00c3c1fc-b964-4a2f-810f-4fe57e82db2c	859
00ca11a7-026d-45e0-bd89-651e1b95bbc7	1171
00d3ca82-7f38-4319-a210-c37270188cda	1157
00e7f3a0-eb2d-4a33-a435-d220cdff4616	1189
00ed88ab-14ad-4181-a741-ea9983e458a8	1182
00f26b98-18c3-4363-922b-0ad953eff111	883
00f9a1dd-ba80-407c-8164-447376a25962	1185
01024796-9a90-4290-a9d1-97d867867be0	1189
010786ac-4ca4-4dde-80a1-af554a3cb724	1153
0115214f-d2ff-4b79-8680-42a6045fdc78	1186
011dab2a-2659-427c-bd98-d3b12a6d4fcf	854
011de961-7201-40a6-8167-cba6af331917	1187
011e28c9-0d9b-446d-93e9-9839fe5c2ad4	864
011f92b2-9fdb-4779-b328-c643046b906d	690
0122a553-c5ad-4a41-aabb-f8be05aa4d75	1126
0125936d-b537-4dc1-891d-eb7f87ef7db7	1183
012a0c9c-73a6-4579-90d7-3ee606cada01	864
012a6565-530d-41a8-9360-9c3f7687b586	1169
0130d3fa-7d34-4ce6-9902-277bf393b768	1273
013e6d0b-8ec0-4631-b502-d27cfb47fcfc	886
01414f9a-809f-4a6d-9906-786340c1539d	1186
0147c4d4-f8ad-4f16-9e03-b90daf5d2de3	1175
014b18d0-75bd-4251-981e-b0ace73c7ca7	1173
014efba2-6228-4d39-86e9-ef9c4710b523	881
0150de92-8485-4234-8cfd-aec5e0c4240d	1172
0154e57b-d072-4d07-a5fb-bdc5203cb7b8	1181
01577b90-a238-4a89-b4b2-138975abf767	1159
015b6f9e-f43f-4cba-a969-27ce63578579	1178
015c64e1-ce6f-4db6-a895-6d8a1e6b09bb	1181
0163d49b-c5ab-454f-baa6-9e1daeaf86fb	1152
01677a21-3306-4b28-a6fa-3830727ccdb7	1185
016d7889-1721-40a8-ab00-81b6a4b11e97	881
016d8fcf-56f9-4d5e-8bc3-ac301820a42c	1159
0172ef57-6f85-4cf3-bf07-df63a51ba27d	1179
0173cbe2-8d06-4fa8-80c4-f5972fd82977	1160
017937e0-3b6e-4dbc-8c5f-076a4bfca85f	1169
017b2bd8-13e0-4519-980c-a4f411274558	1163
018257ba-3875-4b08-b5a3-0eeb9165a865	1157
0185ed8c-d44e-47d9-b6fd-1e5c9ecc3e86	937
018db815-03b0-4999-9aec-536080ed7241	869
018e5aa4-f270-437e-84e5-4148d205bbe7	1167
0191b978-df79-4c24-9ee4-855fbce1bf0c	1164
019382ac-0d25-467b-aafd-007169fda68f	884
01971e9c-94f2-4904-b385-43a1ee5b67cf	859
019a5095-dd17-4b7a-952c-3d43108a0474	1184
019bef6d-b680-4e29-8d53-d027978422d5	865
019f8c12-7134-476f-828d-4b8a998ea567	567
01a1e650-fa77-428f-b677-821ddc919769	989
01a21cfe-9bb0-4856-8a54-a37c5b475cda	1188
01a2903d-c1f0-402f-ad76-25f63025cd99	543
01a6edc3-2231-4cfd-a9f2-0a68784abb50	864
01b1fac6-3935-4daf-b8ca-3ec747be4c72	1187
01b23574-25bf-4d40-bf1b-9dd3dc396223	1408
01b2f919-9594-41c6-9e14-a1e0cec80e86	984
01b4d4a0-a401-45da-b9e5-bee49fe88c08	1167
01ba0e90-b266-409f-822a-b3062436f4fc	1165
01bddf93-6380-4f74-9468-690518623f31	885
01c3ae50-179e-4534-9b4d-517cb06bce24	1192
01c8b70c-6c61-4cdf-a740-e55411589a8d	1162
01d59732-caa8-4be5-9758-d65b47be59e5	1176
01e113e6-0410-4530-82a5-b25b65bd2579	1153
01e6f2a2-1910-4a13-87b6-16fb0e9eae51	1924
01eb5445-600e-4a2c-bdb1-43a37b3e5200	1162
01f2853f-baa4-4b5a-9257-6c0dcd876a81	861
01f3b936-b2ee-4d87-9e34-67aecdc5e9b9	1188
01f3f315-a947-4412-a4da-0f5e0288b718	870
01f46b21-c65b-4700-a158-249e35a3ab34	1186
01f8b8bf-f791-417f-8ae4-cfc249bdb2e4	1163
01fbc489-6d41-46c4-9f23-2edaca03e4a1	1191
0205d770-4c97-4075-9691-3e82ac105ce5	1171
020a2c0c-d6dd-420f-b797-3ce2c107109b	1174
020f017d-7691-453a-be6c-454747a2baf5	884
020f02a1-6c2a-46a3-9cd3-26aef0dee477	861
0218085a-3167-4671-94fa-140b66710171	849
021e809e-c81d-4742-b801-16813a577da7	1170
022027c5-0e9c-4c9b-bc00-d10eaa710398	1164
02227931-c794-4461-b11f-bd29157a8890	1173
02241269-eab1-4239-8bb7-cdcbc19be2b8	1183
0226dab2-7bba-4511-bcc4-1f3fc52ce028	1177
022b4b0f-642d-4df2-a89d-02e160e41140	1168
022daeac-0520-4398-9739-3733b0a94eb8	1163
02312557-4154-4369-82b3-1ee7b1c2ca35	1177
02343b69-8311-458c-8c86-f2c96a0649e6	1184
02362841-e9c3-49e1-b29c-982551284dec	1189
023a50aa-5d6e-413d-a1e8-a6936c52838c	867
024387b0-ca60-49d0-9c7d-971f6854a19f	1185
0244b741-2ffa-4c0a-bb95-ec7b5ee664f3	888
0245f30f-39f4-4e90-b156-e4e954f776fb	854
02475b28-0722-4ff0-811c-57a89bbc6105	992
024781eb-28c9-4d1b-9fcd-6498c4625ef8	1172
0248de6b-5aca-4d9d-9f56-4dc5b59f7e51	1183
024955a8-6df6-4160-9e0e-a5dfbd8f4982	1178
024ac937-d2d4-4ebb-8776-e443988c94ea	1218
024f5d6a-482a-4df3-8cbe-2b5e6fefb215	1182
0251409b-b88a-4a63-b66e-567622304420	885
0254f3ca-bedf-4ec2-a5a1-d3e4e99f827b	993
025bb48d-da49-4991-8126-8306cb751ffa	1189
02654636-cb50-4048-afe2-6fd264b531ce	1283
02665314-1986-45dc-9ae7-15cac9ae8dd6	1187
026c86f7-b155-4a50-869e-9c8ab44696a2	1165
026ce029-772a-4f9e-819d-804169ca7401	1167
0271de22-5da8-4d25-b9db-a0c636c31455	1165
0279b0f8-2ee4-48c2-8593-a92043790901	1178
0284e93b-239a-4db7-bf08-04862c3e6927	1156
0289a229-2ab4-40c6-b8dd-7a05bdc85888	867
029204ad-b56d-48ea-94c4-5d453f229e57	875
029296c1-4d5f-4ee7-907c-1dd93e0ecbca	992
029a4b9a-8041-4b8f-b237-c7f39164d840	1188
02aa68a7-85c8-4837-9574-c4c28dfdddf9	1066
02b88b97-f681-4988-ad70-3032fce522e5	885
02ba1c89-aeb3-4e12-86d6-b909d1f1d315	1160
02bdcbe5-7444-4d20-9f72-2e775621cedf	1170
02c73779-975d-42d5-9a55-5cabba8d9836	1166
02cadc4e-eb5b-4ce5-b064-46e2741c65a2	1186
02cc46cf-0f86-4253-a0f2-dc09ab636490	863
02d38eac-8ab0-4179-946a-62ea2e615163	1163
02d7e171-1d9c-4a19-9997-fa53d217cb66	1186
02df52e8-887a-4f14-912c-136ff1b70839	1182
02e3882c-964c-42bc-978e-a58e6c891bab	889
02ec2797-b2f5-417f-ab74-75ced7ccdfc1	1747
02f2fbd4-0109-455b-8f4f-15678e96115d	821
02f32fd8-1bb8-4014-b530-109e4ca083cc	1165
02f4fb3b-66ae-489c-8cdf-bc7f673f3996	503
02fd0019-2370-48e2-b376-8c4fc28fc1af	1158
02fe7631-6e31-46a4-9962-cb5d20f91e2f	1179
0301e965-5587-44ac-9f0e-575e6e98ea3d	1167
03065a54-e475-4e47-9a9b-6306f92ef7a5	1165
0306c009-fc51-4d8c-b171-0ae67bb3b1b4	874
0307260a-ead7-4b21-970b-04089718928a	997
0308d4a6-236f-4860-8e0e-651389b2518a	1184
030b41f1-b1e1-4b78-ab7b-229a1039db2f	1184
030e0e38-b516-490e-9bd3-ccdca4faec52	1167
030f0ef4-ef25-42ec-8b37-6890bfdc9f55	1168
030f9968-bcb0-4c0a-b2e4-128b5c7c14d3	1143
03158a20-f740-407f-8818-2ead0e629767	1177
03190fb5-8e07-4525-8f9d-e89a243fc752	860
031a44e5-ee16-4079-a945-633b2f7f8f80	1185
031b3a49-8134-4f0b-b1d5-7a68fad79720	857
031b52d1-6e25-4e1d-a2c7-3f0b92788c0e	862
031b6ed7-0e88-4ab2-8c97-c6064f55f85b	1167
031d01e8-523d-485b-becb-838867b4cda7	1182
03229c96-2ba5-4399-b65a-cd86e8b3d8af	857
0327cebe-e800-4ab7-b025-3944616d5eb1	940
032d453a-b0fe-4566-b604-00716eb5f3ca	1145
033370c3-f1df-4dc0-b35e-7982a1b44630	861
0333efbe-18d6-47d1-989b-9be19811a9c2	1165
0335654b-7161-4d43-8a94-a3fbf0c94f54	890
03390e7a-6486-4912-bf68-a78f2b11f892	1171
033c4313-c1e0-4bd4-8050-c2cb6b4fb1f6	1177
033ead17-e235-439c-bbd9-a80280263a83	1187
034023b3-7adc-4d27-8c58-5804460a5efc	1175
03410132-f175-45c3-ace8-a04d2f1f96d9	917
0344c47d-a9c4-4abb-b0de-59392ed99741	997
03472bc9-026b-493f-b070-aee36346553d	1193
03476c38-78ab-48e4-9166-aef68b2edc32	1180
034a40c0-f1f5-4617-918b-030d85d9ec54	1162
034b3362-46ba-456d-b429-946d93998131	1152
034dcf98-dbc9-48b9-b76e-09ccb768eae5	1165
034eed3b-d2e8-46d3-9813-da150b332d13	1185
034f3d37-e5e1-4ab9-9e1b-758508f6a7e4	1165
035b8b14-6690-4024-9783-a5955350e944	860
035cc64b-c820-479f-b6c6-0784ba0eca83	1156
03644309-6017-4463-8b93-6f31f3cbcdc7	861
03651435-f157-4231-a490-58c2e6bc8a94	877
036984c3-9c14-43c5-907d-13d86635ad2f	864
03704bde-de3f-46aa-801a-5d76f887c63c	1164
037877b9-38fb-4c22-ae11-d8b66ad188af	1173
037e9714-9763-44ba-a487-72bb114301e2	860
0384e831-acc0-4ad0-ba90-eac1c2dd0410	1183
038bf486-78ba-45f5-98f7-b20f4ff64e20	1168
038d3ea6-6546-4f73-b560-60afb481f123	1164
039019e1-f756-4371-8c59-b84e5996371b	880
0390f8c9-5edd-4694-83e7-d2acf71c2966	869
0398140b-8e4b-4876-892e-106c78c89345	1190
039b7925-0d04-46a9-9a7c-de60dd1a6c2c	1164
039c9583-13d7-4348-b773-556db0608f0a	1159
039e987a-b2bb-4c0e-ab22-492bf747033e	1185
039ef0f2-41cb-453e-9fcc-5ddeed340827	857
03a118dd-8be4-4e47-88f4-16d20437526f	859
03a1f5e8-ab89-48a1-91f0-6ca8941f7845	1163
03a2607d-62ad-4329-bb80-386923c323e5	1740
03a2eef2-cd29-440e-b865-cb6c11104724	1174
03a61398-d5d1-4588-8a92-4382ce3a446d	1278
03ae2a25-7952-49a0-b10d-7a9dbe533497	1167
03b2f5c7-6beb-48a6-aefd-b19bd055bb95	1167
03bb6f94-a298-4765-83d8-67310b93b491	1176
03bc310e-71fc-4d83-b097-d322f0461d11	1166
03c4be5b-4ac7-40a1-97ec-cf69bb587726	1168
03c8febe-a4f1-4cd7-bb6a-44aab4e578ee	858
03cbdf8e-e5e3-4945-a64b-a9afd030c27a	1186
03cc5e09-8627-46a8-a904-20d944f926b5	987
03cd6bf7-63c3-4e57-830d-9b27a8c967d2	854
03cdd3e7-2856-4bed-addb-056bba5a9216	1186
03ced67c-5d44-4c81-b231-79a3ad4c62f8	1187
03d7a13e-433c-42f5-88bf-91a12ed372d3	1178
03e00615-b94e-4d4b-9f03-369d245a2041	861
03e1928c-5051-451c-941e-3520d888c3a2	1165
03e46cb0-5c01-4799-8390-9015c619f245	1136
03eadce6-3b31-4f5c-a18c-0d1c484f5a46	868
03ec452f-9852-413b-a851-a786d703f261	886
03ec98cd-b873-45fe-bbe6-c6bd2edd11e2	1187
03f28642-c211-4d8f-8305-53079d837c53	1187
03f33136-8efb-45eb-9d4c-abba349d7a74	1184
03f36b36-f6b5-4439-896e-7693374b964f	1158
03f79a01-63dc-4a7b-8001-550448e005be	1105
03f87c87-bd07-4cb2-836c-72bab66e2e60	1164
03f8f6d5-2596-4178-b9f2-1599b1355ab2	869
03f9f44f-05c5-4043-bdea-c4d929fec033	1183
04075aaf-e59b-4777-980f-16ae8add4173	1478
040f5ae7-74f1-4788-875f-f39a9c6daa5b	863
04105a90-eca6-4975-a88d-21c56c9a71a9	855
0415609d-232a-4bb6-9369-c68637c5f67c	1189
0416b952-8c4b-4414-8037-6a51f931197e	1171
0418dc1a-02ff-4340-b66d-30f7e738e7f7	983
0425aefc-d2e0-4ef8-95ef-fc2d85c7aa38	1182
0425d7c4-a0e4-4cec-b573-d1915aaef570	1169
042aacff-fd6c-43ed-985d-b7012fe1df32	1130
042ae697-9445-4e94-b80f-558d4849a799	888
042bbf04-d902-4834-b3f7-1d6c93929c32	1180
042ddc0e-47a8-4ce1-8df7-a28ae3c4a871	923
042e8856-6e92-469b-a58b-dfa4faba2c24	888
0430ec12-a9b6-4d0a-bf14-8831fe5986f0	593
0431f238-fe2e-4d81-8974-6a86f9e749cb	871
04322a42-e956-4fec-b199-f28bffa4e4d9	1160
0432decf-0b9f-4572-b66a-d3437cd1558c	1169
044106f5-ed90-4477-b8d9-44328bf821f3	1169
04425846-5dd8-4783-a0bf-2620ced4604d	1184
044d6f12-44a7-4eb0-9132-8693f60d1016	1176
044e6987-2645-4593-8942-9377588ccbe4	1186
0455db71-73c5-4eb2-adbf-dbb0166df57a	1161
0456e5f8-f1e7-42ab-b6a0-be5fee45bf1f	1172
045c55b2-0237-429b-ad94-42a04c049fd5	1180
045d2575-ae80-418e-82b8-0013969927eb	1181
045d835c-cc63-48d7-98a7-caaee766426f	1188
045e96e0-bafe-4f62-bb36-e68effa92204	1181
045f2741-34f4-4b37-9be8-0a707e73b3d2	1167
045f3b40-723e-4295-bbff-f2c4fc6d2829	1181
04608e3e-594c-40ed-8133-bfce3335c4da	653
046115b0-2ee4-4f52-914e-c5807613c445	883
046e845f-776b-4e0d-80e4-574217a91495	862
046ea567-7198-41ac-9603-cef201c58ffd	1165
046f1eb7-f145-432a-b781-349537c24f52	860
046f2418-8046-4c6f-bead-526d841e48a3	873
0476e90f-85b8-4754-a823-57225aa73839	1162
0477dfae-fea5-4491-b37a-e2f5611e3f9e	881
047c374d-9d48-4726-83e3-d16adbc73d9e	1156
0480d164-4819-4eac-8d26-45b91937a3f9	1183
048195e5-586a-4f29-b236-a6df3ea669a7	1178
04853aab-287a-4575-8306-a20918f8b97d	1192
048609a2-760d-440f-ab3e-b9160357e4c6	1175
0488e662-0102-457d-9697-d3fb2dce2bbe	885
048a8009-d7f5-4bac-97f8-b580b0620e87	1183
048b07da-3773-43bd-8a0c-db1786849b03	1291
048cfbf7-5726-4842-b092-05f8681788ec	1184
048d2e4e-2749-435d-b3c1-a53fa7e0ade7	1171
048e5282-89b3-4bda-8d4a-1c4d985a4553	1171
04911617-2798-4184-bab4-adb927b9a43f	1180
049378c5-853c-48d4-9e15-e397ec5ccd51	1152
049485ea-32fc-40f6-9850-2cdc865098b6	872
049d6ef8-fd4e-4564-942c-caa30f75d824	1582
049daf3b-29fd-496c-89db-d490309e21df	1147
04a93a38-cfe7-456b-a2a4-32e152b020e8	852
04a93dfb-4fee-4037-b804-07239e27aa6b	1162
04acd892-217d-4ff4-9db3-d5bcad5b8365	1189
04bf002e-0049-48b7-baa3-59a30190be30	1163
04c62f10-dd33-418f-86f8-41b83137302e	1175
04c8ee1c-9953-482b-8eb9-c4aaaac53983	911
04d489e7-3763-4fff-a5ce-12d22849e0cb	1179
04d94d93-3ecf-42d6-8e86-d6002feb4706	1183
04e3df96-a763-4ade-9a43-5b0744700021	1185
04ec88d9-a30b-4e6a-b1f4-97416a9832e2	1165
04f1b4cf-bbc1-4ba7-b937-8b9c33c5b9be	847
04f6ada3-5440-4dd5-bfbb-0343c726bafa	1181
04f98852-ef8f-4538-a1fc-a88f6711e8e6	1165
04f9bed0-bc5e-478e-b010-74d4500bb63d	1179
04fa98d6-444f-4359-b30a-18779254094a	861
050b382e-3a70-45e5-8c60-3c9427f4f018	1168
050d56b9-8a52-4b4a-bcc6-a1bdcbf4f628	1160
050fec10-5b66-4c8c-a883-7f15579318c9	913
051ad57e-af95-4d3f-9cbd-b393443ca71d	865
05212bc4-76ae-4f20-9869-6d8a17097cb1	1178
0521eb80-92cd-45b1-ae40-7de614b55dcc	1180
0522c1d3-1c73-4a0b-992d-89aab253f11a	815
052d9860-ef47-472e-80ef-8218865627cb	878
052ef663-9609-4dea-8ec4-7d48a33ed3db	1181
052fbe3d-28d9-47b7-a7a3-50649cb08585	1183
05320829-7abe-4cc2-9a37-6d8067374c16	862
0535ca5d-9efb-42c5-9860-43c1c521d668	887
05417ffe-6548-43bc-9e58-02851deff1b6	883
0545ee0b-adf6-4667-8c46-d01708f9bf75	1181
05467c1b-f74c-4d67-9cf7-6b4d04b35976	1161
0547a35c-e04b-4df7-848c-b513fb02b7b2	864
05526d18-43dd-4ce4-8cba-47b085d503ef	996
0553194b-0012-4ac2-86ab-f3984301790c	1156
055bb119-4b79-4a55-a64e-c6c0b8c5d04f	886
0561680f-fb42-414a-a574-85d271cb3d93	1165
056a4cf1-ccba-4ca3-91e2-359328745575	1169
056c15eb-3def-438a-89f2-95c167e6d12c	1164
056c7492-05b6-404c-83bd-e6f56d24d1f0	863
056cb3c4-14e5-4d87-a631-9e621101ccb6	880
056d2eae-c5f6-4e9d-9808-372d4a3c0f6f	1885
05725951-c4a3-49ff-90a3-9611d26f7474	1171
0576820c-d0ec-4bf1-b615-7b023148ce09	884
05770564-5829-4f07-8dd7-0f87bb5d8345	1182
0582d770-fcb9-4c6b-a8bd-354ccffacc71	883
0586b412-32f0-466d-9d79-7e50156609b2	1177
0586e640-ee28-4818-aa0c-fba5165d2b3f	860
058a5b97-11d6-417b-b2bb-165736dc2f2c	883
059541ff-444a-4f6c-8305-6cc4cb3cfe6d	1181
0598a6a5-4879-4bc4-bd20-c69fe578dd15	855
059b519b-19ba-4415-a2a3-4647518ab632	1184
059b5e2d-04a0-484d-8e57-5d52a692e424	890
05a2c315-4e95-46ec-9561-6840ea3eb5cd	986
05a4b3d2-e8b8-40d4-b6ec-b16986a388e9	1171
05a8d538-9665-436c-80b9-0fc8cb43a0f2	1153
05aa7e85-5d9a-4c9b-bc91-16b9c8885999	1169
05aaf083-58cb-43e7-b90b-0863d71828b6	879
05b0e30e-169c-4915-940e-eaf78f629e0b	864
05b1e95f-37ff-4cae-af71-22a912f8eb6f	1895
05b89b33-e26e-421d-b65c-e785f3db5c2c	1184
05b8ea7d-8a8a-4d04-9164-7d09a8b8a269	856
05bc3882-76bc-44b0-b077-89fd5aa1bd94	869
05c28173-1712-434e-b95c-5c8093d2ca8b	1159
05cc2e3e-4d0c-418f-89b2-528c774543f2	1175
05daed6c-12c0-48b3-97b1-4669b561af3b	880
05de4d5b-3766-47ec-b9c1-140b45b08487	863
05e11b81-00fe-460a-849d-f38fbea54c7a	1165
05e768a4-ffbf-428d-913c-cf62d235216f	1162
05ec9e0a-29ef-4faa-a35b-4e9ed7f56606	1165
05ed00ba-7592-4d45-92c7-72ad9cda0491	764
05eda6a6-8bd9-455f-a307-6b8750b1f2b1	860
05ee13c8-7acb-4f01-a5f2-05a9179e5b59	1186
05ef62f4-f419-426d-bf50-eca7c1cc21d8	982
05f00f7e-ab18-4f01-a992-88992ba670a2	1182
05fab218-398c-49df-82e1-08d0372602f5	933
06007104-94f8-4978-91b6-a553a30e33f4	1137
0600b06f-ec2e-4848-8f5d-0c82820fa5d8	1178
0602770e-c4e3-4e0a-a9a7-c23edb795216	995
06045d24-789b-4776-80f8-915ebb984ac8	1190
06048467-bd30-4c7b-a775-821b0bf46912	859
06049d08-7943-4030-913e-d59b0862cac2	860
060acab1-300d-489c-9286-e688edddb854	1159
060eccde-1154-447f-b95f-a54b20d8b46d	1183
06190acd-5f28-43b1-9a7a-7cceff8e6a23	886
0619a803-e52f-4529-a1cc-3e9d8a9b5235	1173
061acfd5-f46d-4ea1-8a6f-2021fcddf204	1193
061ba46d-4e81-42d8-84a0-8e5b063a9c9f	2295
061e91ca-9b09-495d-bf0c-48f6ac52b60f	1166
06205683-ce62-42c1-b3e6-02041378560b	882
06262e80-cf18-47a8-940c-3574101969e9	777
063ddbbe-0235-48be-b46c-60cb239795b6	1165
0642febc-d450-46ff-a359-eb3f490d76c2	853
0643cde7-8f0d-44ec-8d44-a0d028c4fbd8	1194
06441fa9-1c13-41af-9210-6c85cb7c9ba9	864
064ed977-9909-411f-a027-4e46d76e6c7c	884
06509e4d-1384-4034-981d-87e9096e75a8	1161
065b804d-08f5-411d-a7f5-5b3a91fb7d9b	1162
066676ba-c83d-44fe-ae6f-786bd5ce9394	885
06675538-8f46-45c0-b8fe-d902db61636a	1174
066b1661-1a6b-4e9c-b867-203a51b9b7f2	1182
066dcb9a-94f6-471e-aaa9-e6718dcb94d7	1183
0675f1cb-994a-43c4-b129-6414c2effa50	889
067697fd-2e59-40d4-9e8c-6d3e5d95e55e	888
067769b3-1ae8-433d-8d5a-5f7959299d14	1182
0677a578-cd4c-4a5e-85cf-1924f36abce3	1167
067cb255-71f5-4ba3-8570-c9841ef819df	1181
0680f5e9-7e0e-4ea8-bc34-9ba1868691fe	1155
06825c92-28bd-4a0b-8a59-056162672be9	1183
0689c632-4c01-441a-acbf-6e640e924098	877
068ac909-301d-4fb2-acbc-447eff041c26	869
068e5525-508f-4e70-8321-b95fbd293686	875
068e98e3-ac86-4179-83d7-a0da71dc4dea	880
068ef542-3e8a-4a91-a23b-103f0bf2746b	1189
0693ce6a-bd7b-4376-9a2a-dc9ca8bded12	1180
0696c4f8-5ff2-4166-9b63-341c44eb41a0	1183
069817d9-77d6-473f-93c1-295ce5e50f8a	1158
06989d3c-08f6-4aba-92b2-ec6e3d729a0b	1169
0698ab90-1d67-4e50-b758-cf54b789ce10	1177
0698d4be-2734-470c-be38-4011210e1760	1170
06995185-3b32-4b64-9591-9c922fea24ad	1918
06a16c00-deaa-4480-a559-1fc541e817bf	1137
06a7be75-b4d6-4ac4-8ccd-7c8d74978044	867
06a7e56d-977c-4dbe-b634-6f3ad57d17b5	503
06aad452-e53b-4bf1-9258-62acd29753d4	1179
06ac3d71-94df-4856-96c5-7128b9a1ebd3	995
06b5e065-4078-4d20-8d26-daa2e4c5a5fd	1172
06b9d588-97fd-4a87-bec9-1dff76194d42	1191
06bcf45b-5e68-4b68-bec4-b7799659394a	978
06be0a1d-4dd2-4caa-9eca-749876c15930	1168
06c675d5-23a4-4263-99dd-a23024de8ef0	1185
06cd348a-d92b-4870-841d-771da0352c16	588
06d4a116-a93b-47d5-b043-a9689bf3e8d2	1186
06d99c90-6aa6-46bd-a11a-c48c348c28c1	1184
06da47d3-e06b-4b1c-85af-106e033a69db	1171
06dac7c0-b8c7-4706-bf0a-6ab665ed321e	1168
06dcc667-6512-42e0-bdc8-08108e060cb8	1169
06e2b151-8802-423c-8eb8-d4ece6de4644	1188
06e3efae-6c68-43aa-b130-ad02f56da1a4	1188
06ec988b-751b-4908-827e-4c9c0557497b	689
06f0b496-b1b1-4c05-85e2-a35a1c0ddf83	1177
06f4f708-6cd0-49e2-8353-7bb3c8b9f526	1167
06f5d9cf-a307-42e5-8846-f2010251a412	863
06f6aebd-a73d-4a1b-8d84-97182a379274	1173
06f6aee0-9727-498d-9bee-d79ec65af29a	1166
06f7d7f0-a14a-4e9d-905b-7dac89e4709a	1193
06f9be47-301d-4052-9c03-7aa5a7ad701b	1179
06fe7167-6768-4c5b-9398-479b421694ac	906
07064e6e-9497-4e34-a850-4c508715402e	1175
0708ea79-a5e2-4069-bcd1-9513d56e827b	1168
070f22ad-3b37-45f5-8a8c-fd9f2bdb09ec	1167
0710ff76-0950-4e06-aa51-9077d901f5f7	882
0711cc5e-46d9-44fc-b881-b50492a2e770	1170
0718ce26-8d8a-4ee8-85c0-e60a1bac4eda	519
071a15d6-87ed-44cc-801b-41ed6bd1c51f	878
071a2a72-ab68-47b4-b833-ee3ddb3a2cda	1164
071ef8c1-979a-4dc3-9d54-ab5ee599f8f3	681
0726f86c-9a3c-4d9d-8bbd-f84686a0b494	1167
07299884-1517-44d0-9283-ff47ea083e6a	861
072a849b-c727-41da-a92f-90f97e24da48	873
072aa08a-f6e2-49d1-8cbb-efdc0f177e3d	860
072ab32c-302b-4958-8a55-d0805ddbca56	883
072c3c54-c8d7-4b47-8318-b373db06d902	1165
072e4d90-55a4-4f2a-bd7b-ef653392b32b	1181
0736d5f6-0d57-4da5-ba48-4fb4626cb36f	847
07411685-251d-4c7d-9bb1-6bb87ba982b3	1598
07424de5-eb31-4084-b479-43ef48aef067	1183
07430a79-2237-42e6-bb68-662975790ab7	864
07459433-5135-408e-9c92-effdcbecbddb	870
074c12c4-1a08-414d-87d9-e92f31d59049	1166
074efdc4-33c3-46d7-bf3f-6f5c830efb05	886
07503acc-cb18-46ad-ac83-94aac2b7c74d	1185
07505313-7b81-4da2-94a4-8349c66b8de5	1166
07569807-c24d-401f-ac51-1fb613eb7223	861
075a3a70-93f9-4b8b-9834-b7e9d8cc6381	1167
075d674f-4086-4539-a0be-3a6b587316c8	1181
07624fcc-e740-4a0b-af35-4241319f3448	1171
07630f1f-021e-42ee-b16a-de931963f002	1178
07631866-8966-47b4-84c9-5ac60bddc62a	1165
07666548-ed38-48b9-9f9d-166744948fea	1184
076974c4-e61d-455e-a085-7e45cfec171c	860
0771eb39-7451-4bb5-b059-13a62db368a4	1164
07738f22-67ea-4ccc-a1ed-663b7335e45b	920
077e7088-577e-46f9-9d3a-b151621f8912	1177
077f92f6-aa1f-4fbd-8f7c-f0b8d7bc9b51	1190
078081bf-0a59-4a06-b1ef-f9dac68e4f20	1163
078083a8-5659-455f-ad9b-e5c633d4e5e7	1189
07876ff9-18d6-42eb-bf0a-cca78dbb273c	863
078a3e07-9d48-4f8c-9e6a-57946517d810	862
0792663f-1af8-449d-a34d-bcec4e8e755c	1163
0792731f-04cb-4879-a11a-bf583caa7371	1158
07969725-5106-41f8-b59a-11117b9a2b24	1140
079bc98a-7b4d-4dc1-90e8-5baae1853daa	860
079dd1c8-359b-4eae-9129-13313ad466b6	909
07a13e9f-9976-418c-95e0-813f963cd37e	1156
07aa6b87-6e52-4eb0-8bf0-1a9429f760ad	1180
07b291e7-9897-43b3-9e7b-6a02a7f1f01c	1602
07b852cf-e5e7-43b0-ac65-b7210bdd315c	888
07baf0f0-04a5-492e-8e54-a92de90e8db6	1174
07bc5312-1c51-44cd-8988-cb4e76f2d023	887
07c7c7eb-9eb7-4ba9-9c87-111bf0d3195f	1174
07c822f3-c977-46bf-915d-9652b3c2ce92	994
07cc05db-fb0b-45f6-b380-e3f5d9e9f63a	1185
07d42b55-1419-4ad0-92e6-d42156b47409	1152
07d565f3-5141-41c2-abac-ffe891ae0fe6	1169
07d8d573-318c-4f28-93b7-75ef9bccd3a8	1176
07dbf7d8-e7bb-4686-b187-54b50f52fb46	1183
07e6cecc-6948-4ed6-967e-fb359814e6e4	1166
07ee1d40-85db-4485-b79e-3f8ee59fd0da	1182
07f07ea0-5725-4ecb-b871-76ebd2b0d0b9	1179
07f1a060-b85d-4599-93b5-b6665725c4da	1185
07f5517d-1bbc-4d1d-8c62-0f2b60ff8456	1177
07f888f1-1861-4ab1-94c3-0df522eb38c9	1183
07f8ef50-c98d-4c43-b56a-7d0e9b02984b	1180
07fc549f-66c0-49f9-9bac-44ff61d1e3f8	1182
07fe4fa6-9469-47e7-b11b-04083ad853f0	1176
080a37a0-4f6c-4e50-82f6-7b4fa982d913	1160
080e3aa6-1365-4f33-8388-670ebfd0cfe7	1156
08167eff-4f7d-4dae-9071-2410f5e3eab3	1177
081823a3-c2a7-4404-ad8c-2af94d6e0acd	1163
0818b17b-a097-473c-b1c7-039d929b7e93	885
081c457b-fd95-4d9b-b6f0-d29afd086655	891
08245f93-705d-44c7-bdc9-5d38114f05e2	1187
0824bc4a-824e-45d3-9418-5a737fe20fe2	1182
0827177a-dab4-4c01-9a6d-2bb657fa854a	875
082c1e87-5c72-4c03-892e-14886643700d	1192
0830dfb8-6da0-48a2-a923-7a12a23b4376	882
0831453f-575e-4ca3-8d67-a0449a9e9433	1170
08401a05-2bcd-4374-86f7-43bc636f6c9a	1168
08469f7f-96dc-4c71-b77a-e75bfd2f04d9	883
0846f7de-af44-4b46-a45b-bef712948cb0	886
084a33af-671b-469f-bea3-e646bc6f3898	880
084a8bea-447a-47c9-a559-6edb6e276e77	1180
084bc021-93ca-4e43-a9a4-42f41a6a347a	854
08514584-67ae-4292-a6e0-324a2616c84f	863
085636e8-0429-441e-ab48-ccc503674f22	691
0859103a-f0d0-4615-900c-ac201b4f3aa8	858
085bbe74-f2f7-4275-ae3a-1e313c810d86	1173
085c5260-2532-4406-9c89-04f602fd873e	1169
085d38ab-a42b-46b7-969f-295351bb5751	1173
085d56a8-4085-4629-b933-d7c3ef180f3f	1166
08669151-e5bd-4e5b-90c7-a5aca8309a27	856
086a9f93-746d-4f9e-9de7-cbf7ec981b10	890
086f6e2e-8613-41f3-adf6-89f05b6a24f8	861
08713bcb-8555-467d-b1de-3a1eb8d5aeb9	1160
087496d3-6892-4f36-866d-f89b88f42004	1188
08785bf0-c8fb-42f0-b015-757a00d3b94a	884
087c5679-14a6-4f25-9bf0-2caec56ad78b	861
0881acbb-a4c7-4d93-b946-9895a4974da5	883
08838ba3-e8ca-4f44-85ff-321418899ccc	878
0889078c-a37f-4cf1-b975-9a9c5fe4023b	1175
08891384-894b-4f20-a432-29f2f1bfeb34	862
088d9dc6-57e6-440b-be1c-3a5addafa2eb	1178
088fe633-2080-4144-a475-8326b2e261a2	1166
08903d9b-98d0-4023-8308-d744506416bf	1186
0895838f-0c3e-49c4-a394-4d6c9f77ce38	1184
08969d04-e877-4623-b60f-4991a3ad54da	1176
089a596a-9380-4460-b997-7ae9bdf9524c	868
089a6a80-be6b-47b4-854b-2e87ff3dbea7	1160
089c249a-2187-4538-9627-bba700c668eb	1168
08a6f45d-ccbf-43c0-ad99-92edeec7c060	1167
08af14b2-72e5-46df-8f62-cf451b408437	835
08b00a74-911b-47fa-abc8-04094c867098	1168
08b4aebd-7a19-4c3d-a73b-9538a35c6040	842
08b5231a-5625-4d43-a683-e5069865e000	1183
08ba167e-16db-4b1d-9b20-1396a37438d3	1179
08bb1164-7b62-464a-be84-f187cda0f7dd	879
08c78659-eb4f-4888-9ce8-55b87e60dcf4	1169
08cdad34-934e-41e7-94ec-41ff342df5b0	1184
08d2d813-9a14-4dcb-8f0a-3fc9e8fc5686	862
08d46952-22a1-4601-bb03-d9cb98852fa0	1188
08d4bdfd-f6c0-407d-bfc2-1920ba318ee9	1127
08d5048f-9ee6-433f-956d-883eba0bf9bf	1192
08d824d2-47de-4e86-9976-45521fb9b807	1161
08d84b80-4e87-4007-81e9-5c978720b2ef	601
08dc72c3-7f97-47b8-9775-9baefb35341a	1185
08e187a4-566f-4363-b067-6aace1640836	1160
08e55dda-57f3-49e6-83be-9142b3279bb1	1184
08ed34ec-f316-4e49-a968-0ff9ad27dcfc	1153
08eef942-0484-48e5-ae15-6a69aac2fa20	1167
08f23a79-e980-4cd0-8bd8-7d810fea45b2	1178
08f2b494-8c37-4fd3-b1dc-e00f719a0ad0	1188
08f4d14c-2727-4bdb-997d-77d9f7698f49	1183
08fbbd1b-e587-4a65-9bd7-95a6c13bbd59	1174
09047473-98fc-4e12-9dba-ef3716d687eb	859
090743e1-3f73-4c9a-8cb2-e9f7f3618dd7	879
0907f58c-6fef-46a1-8a27-e3cda699a767	883
09091168-6543-481d-a15e-7fcec8ad31e0	1177
09098de4-ce6a-4921-b062-3013a74c18b6	880
090a7fbc-290a-457f-8c5e-89fd7b3592a3	884
090c3aaf-3194-42d6-91fd-919781f723aa	1169
09108d42-d74b-44f6-bb83-ec87f579acb4	886
09173b3f-3f1e-4d73-9002-c6204b90ca20	860
0918565e-7e74-4978-b9e9-0fde50319ba1	860
091ab700-7d72-4956-accd-01d6895e4748	1167
0928e2b1-d03b-4dd6-8509-e2f2203b574d	854
09291e58-5cd0-44c1-9936-a4d437def992	1184
0929dc98-5c24-4bd5-9ef9-a95b2ecc34ce	1186
092a942a-6bad-4ee2-bb27-6405c37a2586	863
092e5b07-403f-499e-bba0-f2b0f4dc14c4	1182
092e5f1c-693b-4e98-9c58-5bd0f7234c69	1180
09335651-de75-444e-82c2-efd56c6eba8b	1165
09353b6e-7aa5-4907-b117-a9fc53f01ea5	2209
093ab8fb-8893-4dc2-a838-7eea39bb232c	882
0941f9c2-b437-4b75-a7b2-e0d5872c0818	2046
0946377a-e192-441a-827f-bf20ce32e23a	1178
095b801e-013c-4f0d-ad26-c6cd05ce0876	845
095e010a-ccec-4320-852c-8f2accff4028	1368
095eca6c-f768-48e9-8484-ab337fbd1bec	1187
095f47e5-5e73-4d27-a463-08f889bf16f3	1155
0960c68f-ffdb-41b7-9fe1-e1bddbde3cd3	862
0962b5f5-ff89-43c7-97b3-17f6ef3f3afe	1184
0964b072-6e7c-41d8-b8ff-d2225c706dc5	1184
0966a8f0-b87b-4068-8659-58278f1b1ab8	1156
096d5c2f-d192-4993-a779-5bbbf1c6cc36	1166
097403e7-c2fb-4efa-9aa3-844c54d64cc8	1182
09801dbe-860b-43d3-96f4-404390bed979	884
098089f6-f681-4b7d-868d-69321a7a6006	864
0982c9f9-052b-42e7-a5da-887bd05c8ba7	880
0987cfac-c7b1-4c0e-8b7e-ec599d5920ee	1163
0988955a-8890-4bb0-afb6-c9f792c5118f	1180
098dfd1f-deb3-44e7-837f-18021432c46b	881
099092aa-9c69-403b-86b0-e0f7f9e61fe4	882
0991ab95-92ce-4896-b1e3-ba2893a41720	1212
099406a3-49e5-4577-a17f-94dd976a4049	885
09976d05-2aaf-4e5e-8f62-ef9596418423	866
099ad810-13ca-41f0-ad42-f637d44642b3	1869
099e939d-132c-4a1e-96a2-620e51e23f15	1166
09a88ec8-9142-4b19-aeac-5443f1b4e601	1188
09a9d507-8204-4b22-b501-c0af37da5219	860
09aa7a16-9890-474d-8943-53b0e6f0b835	1189
09abb6ca-3e61-47a0-a866-6aa9dcbd0bef	1186
09b5063b-c4cf-411b-9b93-b59243541d34	885
09bd3d58-5c15-4202-8e44-9432f0f7408a	1160
09beea62-2a48-4c75-97b4-4e4690e59093	854
09c4007e-7967-4685-94dd-4c3527c806fc	1187
09c6fa4c-5cf8-4f86-8abe-050180176ea2	1171
09ca27bf-17c2-4515-88c6-14722d65ab90	1179
09d71f31-1a46-4d62-91da-f2a257cdc4ab	993
09d7dfca-6d28-4991-96bb-fbde6216ffef	1780
09dad347-eba8-4b3b-8eae-c5e3d16757ed	875
09dcb54c-1e8a-47a6-a1a0-5089c0f4d859	639
09dd039a-eb12-46b5-98c3-29d8ef7b1217	881
09ddd097-2a4a-4bde-88ae-fa910b775f09	1158
09eef3ad-090f-4c6f-b7db-9ecc08097ff4	1189
09ef79a7-33d8-4776-bf7f-58562642e037	1188
09ef8a9e-3a26-45ac-936f-32cacc6befc6	1190
09efde80-28ca-448d-b27a-85f4919e755a	1167
09f999ca-efad-4e66-8115-95dbad2cf7c7	1192
09fa0d0e-77b1-4af0-90c7-c2acf7169f84	861
0a01cbf2-b48c-4739-a955-b18e0a4ec252	883
0a0e3d66-0041-427c-8e9a-3de04e648352	1165
0a0f0b50-9a1a-444e-9e74-d958071efc49	1189
0a10b5a3-d613-48ea-8a87-f9c5b7a5b0fc	1164
0a114e7c-849b-4763-8839-0aeac5cf6f2f	1171
0a121503-1c17-45b6-832e-89bdbebe52f1	1186
0a127dbe-4b1e-4d4a-81e8-4417471bb031	1182
0a14f3a9-9397-4949-b348-07fe0c4beced	1184
0a2716c4-26d6-4322-8afe-c6ebbc764117	1168
0a27f1fe-12ab-4ffb-8cf5-6fe38e90b77e	1169
0a285b52-f223-4a99-b4ba-cf9ef96fa4bb	1162
0a2abee1-2792-46d6-b024-de1e8b4b5793	1165
0a3a6be2-90d6-43a3-afcd-d64407499306	1183
0a3bf5d1-9b92-46e9-9044-1b3bafe20bd6	1437
0a467bb8-d5ee-4837-9e0c-cb40922efc4c	887
0a46bfae-f0e4-45cc-a77b-d85296eaea56	1164
0a472be7-eb1e-4159-8d7d-3d75efb775a2	992
0a48b728-bb32-4a28-8361-cbf26dc2c7e1	1160
0a4bce0f-bdfc-4897-aeaf-226b412aad60	1163
0a50e483-eed3-436e-8a34-6506c009a107	1175
0a5c9307-d09d-48dc-bdb3-91e6bae7145a	885
0a5db076-f132-4e96-a76e-33897ea0b880	860
0a6331d9-9962-4795-95f2-2474bc97eca5	885
0a650b43-8a2e-497c-89d7-46b3c524f5d9	1184
0a6f88ca-91a8-451a-ba6d-a8ce341c9e4f	1167
0a714f67-64b8-4c43-b32d-c0b24974f96f	883
0a7d318c-7d05-48c0-93cf-0839e40411f8	1176
0a7df5af-c61c-4e89-b5d3-d453c9103f48	1171
0a7eac92-d4e8-4764-94d3-b0cdc72d3393	1167
0a88464e-8f33-4a1e-a9bc-b671576a6c0e	884
0a890449-08a7-4cb6-89eb-a9e17b889987	883
0a8c434d-999b-4164-918a-7bdee2a30cb2	1161
0a93f44f-01c9-46d2-be20-7bb0a52e0b63	1189
0a95abf5-04f3-4a7d-a779-7f0e7366f497	1181
0a9bd4a6-923d-46cf-86ae-4fb489d29f98	942
0a9dbdd7-483c-4c53-bb29-16c382626065	1182
0a9eb223-32ac-4ed8-8276-b03ef9df7118	1185
0aa24317-5ceb-4204-a1da-dd95a7c000f7	1166
0aa3a38f-5538-43c7-b05b-32a74aceea5c	1183
0aa4a2e0-6e95-43ac-86c0-c2a4d8540aec	884
0aa7c3a3-2ca7-4990-915d-057200fbff8d	749
0aa8b184-5393-41d1-8090-28c5e7cc4c0b	1150
0aaad0ad-d4df-4e0b-b4d8-ad3a4fc83db7	1529
0aab7e62-5a8f-402f-8cb7-693d4af8cfca	1183
0aabe948-4da2-4c92-9b8e-6cda3f4aa1d8	1181
0aac2a3d-a653-427e-b1d8-97fe7d60a1d3	961
0aaeeffb-e387-470d-8823-3df7c8697eea	1178
0ab32b67-2852-4855-b0ee-e67448bc83d9	1182
0ab65f5c-fecb-4c54-b8c6-e1459fe632fe	1181
0ab87183-4948-461c-b1bb-cb0ce281b062	1167
0ab87bcd-01e4-4055-bfb3-ac79f6963ecc	920
0ac065f7-6c7e-490d-8ed4-46a31dd13812	870
0ac16979-a440-4ff9-a730-9f413711a11a	884
0acc3d47-2264-42db-8b03-931c0e252d12	1161
0acd4960-1d8a-4985-b36e-be8da581b8f7	1154
0acf92ab-bc4a-4551-ae8f-a02413cb5b40	990
0ad21fc0-786f-4322-83bf-8b00ab140026	1184
0ad5daa2-f492-4d60-a447-5a48b7b57570	1185
0ad74f36-d71a-404f-89eb-077425479750	1181
0adf9bf7-2e5c-4a4c-a872-5bd1cf9bb9b8	1173
0ae185eb-109f-44a6-9476-c7828110f98b	883
0ae38203-5aa1-4f3f-8447-afbbe54f7a3c	883
0af02222-91d6-4238-b30b-828d4535c425	1186
0b05f048-0942-417a-89f0-44b5274aab17	1166
0b078107-abc7-4133-a69d-8aa2ccce1a15	885
0b0f1ef2-e169-4fd2-bbe1-57c6ec9a2a15	1183
0b136df4-70cc-4213-95cd-655831af221f	1177
0b14293b-1b81-4e1a-aeeb-178e42a4a6f7	857
0b14dc19-365e-4b4f-b356-c5fe354e3280	882
0b18b17d-3de2-4843-82b1-4cf11d1c5ce8	881
0b1d56e7-8647-43b0-a780-a45d7ed40e3a	1160
0b2340cb-22ce-4176-b241-1ad8da4b9b3b	1167
0b262a22-38e2-4a67-9b68-0d8605f197fb	861
0b2685d3-cd89-4ebf-8bd1-b809eb216a7b	1172
0b26cb86-6c24-4923-b436-f3a53203a94d	890
0b29b19c-b7b9-4fff-8ad7-3cd221c0b931	1185
0b305eac-bffc-4249-a99c-03540f653124	1190
0b33db51-06bc-4520-a7cf-108af28bd785	1185
0b38c7a5-ff8c-4c6a-870f-4404e614ffa9	1173
0b390239-4325-4002-9a2a-3ba8cb501984	882
0b3b3860-b1b0-437f-9850-2f4faa0525af	881
0b45d5b3-acc2-4218-bfd5-85b3ded7e898	1188
0b53fd63-f5e7-4b58-b946-a8c08d46ecee	864
0b586f72-b34c-4018-b71b-ee257ccad36c	1179
0b596864-dd95-45e6-9494-fddb5e5e65da	1194
0b5c7fee-cd52-4b29-9f76-383daaa4765b	1166
0b625506-1e12-4f7b-96b4-af107b8e8150	860
0b646b45-a8fb-4c08-b499-7434277dc07c	1405
0b6500c8-2549-4478-bebe-8a2f0c72dc0c	865
0b69607b-9dc9-4f29-9c24-20e54466eb78	885
0b6e4868-a2d3-43fd-9a76-8d1de548ebae	1167
0b6ee325-74b4-45bc-ad4f-3fc0576504ca	1174
0b716ea5-7c9b-4af1-bb60-f03f4f915cda	852
0b725eb5-57db-4fcc-bba0-f56390fba28a	1170
0b728236-e94f-4078-8d66-b070570eb9e9	888
0b758827-329b-4857-8edc-82ec143899b8	1570
0b798567-a29b-48b7-881d-f92f02519582	1164
0b7db2bc-d8d9-4877-990a-44f4d790bee2	857
0b7e41e3-24b2-4d97-83d4-a95d8a6237fa	1992
0b8056d0-8f38-426f-ba92-8702d6b80020	1179
0b860e4f-f15a-498b-b3fe-879e171b18d7	868
0b89ac5a-c6fe-4510-9c76-1697f9d61218	1160
0b8c945c-4516-416a-b44d-6e60ad150a21	876
0b8f30a0-381e-4a6c-8ae2-a5e9752c58e2	1966
0b91e6cd-4ce0-4f36-850f-21cc13e824a0	1183
0b952254-6600-41b1-895d-4e9a807945bc	886
0b967521-4883-40ce-8f41-cf82641ef421	880
0b96e13f-e8e9-414a-92b6-4c9ab81922a4	1159
0b990cb2-18de-4afa-8622-85c6f947984f	1167
0b9bb4b7-7e2f-4980-baec-c7b5fc9f58d1	1184
0b9fc36f-9e61-49d1-ac6b-1e6f4a697b68	886
0ba78915-8f08-45cb-a20c-064aaed48d3e	1169
0bacd1c6-8b5a-4bd8-835b-150eb21b6265	1173
0baf3510-85a2-4542-ab3e-f7fd47e1654f	2008
0bb3c530-99fd-4916-8bb1-0dc6fe5b7e1a	1165
0bb6f2c7-7dfe-4200-8f73-c0c19cb96111	880
0bbdf564-558e-4b58-a96c-1de521e30c91	1154
0bbfe508-02c9-48bf-a694-da5fdcf55f55	1013
0bc0664f-effa-4548-afc3-a04596187c21	879
0bc84fc1-7f8e-4f80-994b-ebfb79fe0b0a	1179
0bd33fa6-5574-40f2-8ff4-549f9a3aa547	881
0bd4905e-45bb-4c43-98d2-b8e7104bb952	883
0bd7dcfd-1977-48b1-b7ad-192070aba33f	1186
0bd9b1ce-424d-4254-93a0-5ed6fa8ecf30	883
0bdab679-9aef-4a7c-8643-a6f2a847e78d	1184
0bdd839c-fd9b-414e-be9b-7b68dd177be3	1183
0bdeadb1-a6b1-462f-8523-9d18a0a5aa68	883
0be0367e-c565-4b4f-837c-37935de23a71	1183
0be0f995-53b1-4ee7-8c5f-3cab7f592b10	861
0be118ad-25eb-424d-89c4-7b7abf8e2f75	1182
0bed86f9-dbd5-485c-ade3-0c351e7bd887	1160
0bf2ead5-d85a-45d0-9af0-bd994e54a922	1174
0bf70a10-8a84-45b5-94a1-3153001adbbe	1181
0bfb7541-cf39-4553-86f4-a3eb00fcc940	855
0c046b97-714d-4637-a065-7bce86222fbc	883
0c07e769-d8f0-4025-a574-604faa395327	1167
0c115a85-bb57-4425-97ae-f359e6c95016	1163
0c13fb66-24e9-4836-832a-61ef714e04a0	1186
0c1cd284-cb1a-4af2-b81c-f5d15338db9f	875
0c221808-1dd7-4974-b098-fe33a12fc6bd	916
0c242868-9504-4ab6-984e-909d9bd942eb	889
0c24d931-1d00-4459-aa14-3bb6b26dc5c1	1169
0c2c628e-99e4-4a1d-a43d-78411d0a1681	863
0c2f1985-9b69-4df3-b839-b75d662c4f80	1183
0c2f81dc-2a91-4b71-b585-c8d0d9126cfd	1150
0c305d34-8ee6-4b1e-8a7b-0efd0a761d81	614
0c31d261-ae5c-4b01-8602-7a506a4f665e	1163
0c34cf4c-483f-4352-84ef-44fa5651e842	881
0c38466b-a89b-433e-bf1e-4aed91db5917	1165
0c3b7238-ad71-4d60-8358-34eae0677aec	1166
0c3c3c6e-7779-4a13-9016-320de84757d3	887
0c3d86ca-6d98-4358-8246-330a1c49acb4	1185
0c3faf2e-1496-4954-b18b-5660039ea9a3	870
0c417604-2acc-4fb9-bbd0-63cf1e5a2042	1162
0c499e0b-97d4-4d8c-a202-755b11fa2755	1188
0c4a073a-fcb0-4f6d-ad64-74ea64b20ec7	1188
0c4a9899-771a-403e-acef-b6cb43476cd0	1167
0c4b1877-ecc9-409c-b217-0a00eda5b3aa	885
0c4e6daf-3162-4bd0-bd29-b399615a877b	1168
0c586018-f12c-444e-be44-7f6f5b316dd5	1169
0c5c1085-70a6-4dd5-9f49-5921680d8d3c	883
0c6a2b12-071d-4a95-91fd-0451f3272bd0	1166
0c6b127f-20da-4b10-9c4a-31693cfe266a	881
0c70b507-c0ce-4128-b9cb-e70a68fc46b4	1167
0c726aa2-2e25-46e3-8556-b166f59f1028	1170
0c768262-b08d-401b-a83c-6ce5d7766b2c	1180
0c77711a-60b1-42d4-89dd-1d6e748be7a3	862
0c78881b-7402-4339-b62b-47b5d60e673e	1185
0c78acdd-7e89-45a0-8dde-9fa9c51b45ab	1168
0c805175-5873-49a8-b7df-39bbc70bc1e9	845
0c82a1c1-2e86-4ac2-b5d6-7dff7ec46c19	1184
0c849f60-05f2-4324-b0f8-0de3a0da3cc9	1169
0c85dec2-b0ca-47d1-9085-f1fcde2bfc22	879
0c875bab-468f-426c-babc-6379c559cc2f	1170
0c88eea1-9603-462f-aac6-4f82612b3abb	877
0c8ab3aa-8bb1-4d40-89b6-4d3dc05452f3	1178
0c8b0c66-19c1-438e-a5fc-7a2759af7ee7	1180
0c915ae9-a1be-44ca-b716-1712f6be432b	1187
0c94efe4-bada-4106-86f7-2168ea5b4340	1186
0c99ab73-ed60-4e4a-b687-3f43cb0d6493	863
0c9a717a-9e23-4579-8321-592cdc8db632	1186
0c9c60b5-6967-4219-9332-d2238224cab1	1158
0c9cfc8a-eed0-49c3-ae3f-eb1b5b7c4e3e	1183
0c9e1d23-3a19-4a3a-b220-923ca1f0ed9d	885
0ca32851-17d7-4f26-a6ac-96796decd9a4	1163
0ca32b0a-8a89-4e8b-9a25-7a467368d3d9	1175
0ca47651-8b34-4091-a29f-efc6af53a3e7	1164
0ca85378-8377-461c-a8ea-7e4919d17cca	1165
0cab6923-2760-420f-b268-a98ef88de01b	1159
0cad602e-c22f-4ecb-a07d-016b14c1ac2d	821
0cb01382-a171-48f4-99d2-6441fcae74ec	1170
0cb7a10c-26d7-4d3a-a9e1-9932d9cd4a40	1185
0cb8b250-875a-482f-9067-8dfd36021aa8	863
0cb8b750-b4ca-40a5-b1a5-65f1d5b59e90	886
0cbadbf0-bd87-48a1-99aa-d14a34adacd4	885
0cbafe9f-edc7-417a-8551-4f5fd0162408	868
0cbc1c8b-9a21-4930-a709-86ceff171ceb	1171
0cbd645a-a5cd-462a-9907-50b40a0c34e6	863
0cc90cd0-e36c-43a2-993a-d5ab76d4c572	1164
0ccb9719-23f5-4f8d-8b72-481ecc7fb9cf	531
0cce27d1-b4dd-480d-b00f-2eec85c5ce4c	1182
0cd24361-9dab-4690-be6d-18ec8732b99d	1179
0cd261fa-3d25-4404-a47e-c34fcd3257f1	1159
0cd35d42-4e40-48fe-ab58-8bf0c9086df7	1154
0cd45d67-0def-4abd-ab2d-48439b8218d1	882
0cd6aca7-137b-4c90-8a08-5cf6c2440bbc	863
0cdb403d-5af8-48ae-97fc-c05fe13cbd53	869
0ce2f62d-f5f4-4412-85b5-34b0a388398c	1168
0ce93a48-6e7d-4abc-836d-605ebf2a05b9	1166
0ce9de87-28bb-443d-8d28-1189aefe08f8	1183
0ceabfcb-349a-4fef-94fb-aa6a14103d48	1216
0cf04de0-1992-498c-a9f2-18484adee30b	1182
0cfa0a4a-fe16-4e53-a40a-15c84d5f0383	993
0cfbfd4c-a7e2-4bbd-90ca-3221213095fb	1187
0d0b0397-da34-44fd-947e-287277d655bd	1492
0d114d8c-311f-4b8e-b60f-8df69b08fb56	1185
0d14b777-8bed-41f9-bf86-6318417b4fca	1182
0d1e15dd-cf0c-44db-a59d-8f3a8f8adc66	655
0d272c23-f471-4a7b-be4f-15e022e3dca3	865
0d2c660e-47fa-441f-81fc-a957fc20de61	1169
0d34510a-258a-430a-a739-551fb1ed688f	1171
0d37ab65-9e84-45a3-8105-db9a75ffd01b	1166
0d3fa9f0-02eb-45a1-8a65-0024eff517b7	817
0d40db38-bd8a-4b3d-a649-2c77402a8bd7	1170
0d428ff3-55a0-4121-8b29-8408738aa4f2	1182
0d48084b-69d1-4191-a1e4-ad865cab79c9	1155
0d4edbd9-557f-4c9a-bf4d-f535ed20c425	864
0d553d0e-b936-46be-b7a5-455822ceb4b5	1182
0d574724-2e01-4922-8180-f726a3b8e9ad	1176
0d59d48e-1fdf-4ca1-9c62-ccf3221a6af1	1184
0d60c4e4-fa05-42be-af5e-dff6aab4ccdf	863
0d620cd6-0a19-4e09-8183-1c932e33412e	1163
0d63c47d-3e51-4ca2-97c2-f31cb60d13f8	1168
0d6422ba-d60f-4b3c-ba24-db9b1c4957f8	885
0d654523-7c11-4304-b3c0-24fe1e87f8cf	1176
0d7688ca-58b0-4d01-a029-9eb1d7ff5c44	1162
0d78a43e-0686-4d05-a5a7-c5cef0e45888	1158
0d7e0ca5-48f0-4272-b426-5d9effa723c8	880
0d7fe933-a2e2-40ec-a379-7bf0652d27c2	861
0d802458-7fa4-46e5-92b3-f720a85df3af	885
0d855fa7-7091-4815-8577-cf026aabe652	1163
0d8d5308-9089-4d5c-8e78-52c19321ef8a	1629
0d98a95d-8dcb-47a9-bf86-2c1a1c856b2e	853
0d994180-dee9-4a8f-b53f-148524b44078	541
0d9dc3c9-13d3-45dc-82a3-8c031eb571b2	1180
0da0776d-12fb-4e06-9012-046bf7d5abfb	1169
0da3306b-63cb-4c54-821c-31aecdb4af21	956
0da3b5d3-ad3b-41c4-b2ad-50c9f451f767	1186
0da3fca9-50dc-4ec6-b8b6-e7d7148decac	1177
0da554a4-87e8-4a5a-8d56-6eae98cc21a3	1195
0daafd21-0397-4f98-8b74-24dc8224cc26	1191
0dabe3ce-810c-4255-9b19-9d083837e5af	870
0db10a91-626e-47ee-97cb-945ef34ba9a5	883
0db1cdd3-fc66-41f8-b49e-17a41470ac1f	880
0dbbc400-543e-4164-929a-c50f9b2482e7	1173
0dc143f6-48af-4da5-b693-4105b0087c00	1177
0dc5b4bf-a7fa-44fe-8dc9-ec80112dfefe	1182
0dc8a83d-c3c0-445d-b2c7-5b58b8a0a479	1432
0dcab219-bad9-4136-a620-16638ac986f1	853
0dcacb64-75a8-4892-8b08-7d595235e2c3	1169
0dd012bc-488f-4e05-bb3d-68f2ea5a6828	863
0dd0593a-0661-4c95-b24f-24a4b4ab2090	889
0dd46de7-71d9-4100-bca7-76a2182be531	880
0ddad9ad-bc86-42c1-b206-780a8ec1f47f	885
0de17aba-2ec1-419a-af1b-16a264e29fb2	1160
0de38e6a-7924-426f-b808-2e8d45c304fa	1183
0de3ca3c-2902-41e1-947d-081f89b05d2b	883
0de62b08-92da-44b7-b455-a8b099fd88c3	882
0de6c8de-8124-4e5a-a65e-63ffc1a85f6c	879
0de93705-a87d-47a0-99c2-55ec1123b4f9	1161
0de9d8ea-96d5-400a-bd17-ddefc744de10	887
0dea22de-2058-4033-a524-b142db5734b0	1177
0dec3ba0-c8a0-4759-a506-be17ea1d8576	880
0df4900c-1626-4881-9cef-9c52f7d0bc09	989
0dfb4c19-233a-451c-996d-ca02c1a0f992	1154
0e05e656-d08c-419b-a95c-4ef633198fec	2475
0e06f857-de92-4730-b192-b222d8a3d981	861
0e10bf38-2f13-4326-9815-8d86fbb42e65	2189
0e1791f6-5367-4d73-b658-74376cc6b4b4	1169
0e190430-cf01-40cb-9645-5dc691011b2d	1188
0e1e8749-400d-4c42-9541-1be50ef2d1ce	1189
0e1f7c6d-4603-4522-8330-d1a56eb9b08d	884
0e206c01-3746-44fa-8369-38ad332ffe20	1164
0e2636c1-3ac5-4636-a32f-832c57e452a7	1154
0e267bdb-c0fe-4aec-9300-5960b2cd1f02	1184
0e2939c6-542a-4f20-a69f-f8a0b9bdda8a	879
0e2fd6bd-d9d8-4865-99eb-dc1e3475fa20	1167
0e3037e7-611c-4c81-b4cb-d1c34d97d573	878
0e321b27-a4a0-4b13-bb1a-5d3b5ca23102	890
0e36a060-1134-466c-b8f7-7a11f4041274	861
0e40448d-f52b-47a0-a013-04f222830ac8	1237
0e5ad30d-e4df-410d-abb2-58d6eb57be41	1163
0e5b6371-28b6-42e5-905b-eb1a6c038a1a	884
0e5c1985-2b00-4df5-9f1b-a6bfa83b5749	880
0e5ce8ec-8a50-48f3-bdc4-77b19379f214	1186
0e5fc444-fe2c-441b-aaf8-49bf9fbb4368	858
0e628821-9ee5-4504-b113-aafb95dc29de	1169
0e629a5d-d4e0-4ef8-9049-a2b2e8c9480f	1143
0e641f95-3ee1-4860-a5db-de9f3a721821	1167
0e684f14-7568-4b75-ae67-745943b0a0f0	861
0e6a25c4-a476-4e51-b889-48faddb50800	1170
0e6d2ec6-b484-4579-a6a0-b4554c5ee812	736
0e706a32-b690-48f4-9bf5-61ae98f350a1	1187
0e80d2ec-4e86-4aae-af79-d9291efbf999	1192
0e81865d-eb6e-4df3-8b40-7968d2d5694b	1184
0e861c4e-a54e-47c0-802b-c5f3394f3b4b	1191
0e86fdb5-e946-465e-acca-75ee7f538f0d	1158
0e8e9926-bfeb-4509-8e98-01d7b44aa373	985
0e9cc7b8-01f5-440b-a003-1de1819d7533	1181
0e9ff6e2-3b49-4997-942a-b6a28d871e2b	793
0ea0ae40-aab3-4565-9468-608c390c8c33	1165
0ea57957-c831-4570-83e9-a9c6bd724fac	858
0ea700ba-837b-4a1c-9929-27b155e58758	694
0ea78268-1ed7-4081-80f3-c34f6dd7035a	1164
0eab34df-c49f-4645-b06f-11cca9f904f2	1167
0eaccd1d-bf48-4f55-8ba2-e4f6d6e29969	1184
0eb17458-f43d-4060-a1c1-0d044269c034	1186
0eb280af-32bd-419b-ac1a-e05802d452e6	1188
0eb98988-fc63-4e8d-bb07-11ea15438070	883
0eb98a4e-6548-431c-9aa2-7c846e544f65	625
0ebac9c4-f07f-4620-8b21-231e60472fdc	1164
0ebadb25-f88e-4422-bba6-8c06cb433249	881
0ebe7e83-cfd0-4ecd-9df2-53fe0e1d7379	882
0ec315cd-d8dc-4c1e-b072-b85afcea7a2e	1163
0ec7265d-3ceb-4774-a6bb-a54aebec8049	1183
0ec76e4c-528b-4fe7-8dd0-7646b6fb3dd7	1189
0ec80c51-0f83-4134-a124-062f1256470a	989
0ece11e8-4259-4ab1-9766-68df1dc74308	1190
0ecf5d43-d509-4211-83c2-29fbcfad8f97	1181
0ecfee28-a954-4eb4-bcaf-359c43e6d1bc	1044
0ed1fa44-e880-4836-ae48-d771fd242ea8	887
0ed35a59-70e2-458a-8700-56c43186fe9d	1168
0eda082c-2f97-4a0f-a331-5e56d6f476a6	857
0ee1e169-e510-4e31-a764-43b0d8648492	868
0ee7dcc6-0bb1-436e-8ad0-e9e7067a2990	880
0eed5033-6380-4c0c-92a9-85d3dd6746c4	1185
0ef364e7-114b-4d0d-a0d3-d193fdfc0069	1156
0ef69623-f9a1-48de-82c4-9b0d27014147	864
0ef797fd-8c13-486f-9a8e-a9549504dce4	1156
0ef99f09-c5ff-40b0-906a-29a5c34267da	1189
0ef9d730-6fcc-4f7c-bbc8-a0a126a71512	1162
0f0fb7fa-19a4-4271-a3da-24c83c3f35fe	1179
0f0ffc92-3dff-4c4b-86aa-654b143839b0	1184
0f15b4c2-a516-4c42-9fbc-d0643dc73919	1166
0f15fc7d-298e-4fa9-99e0-7d278c507963	873
0f1ebc44-1f22-4658-8c3d-b40052b74761	1079
0f1f6213-f586-46f0-a455-79e5d4867cba	1164
0f2045b0-70b9-4bc2-8607-0feb6cee3a6f	1165
0f214c23-2fd4-44cc-b49f-7bb5503d0b5e	1165
0f24fa77-6591-4994-b865-74dfde296582	1189
0f2b3f54-f881-4486-96e4-04fc9fb88a6b	1181
0f376a14-bd4c-4b56-a8d4-d2a82bdbf2ac	1175
0f38953e-98e3-45fb-a7a3-f9253d5ab7f9	1905
0f3b8ddc-dd12-4c55-b46f-eaa71267dbe5	883
0f3ec5cb-1a68-46b8-ba30-66715b4e25b8	1161
0f431625-48ff-4d13-9b48-f93412ba7f9d	869
0f45f793-b76c-4f59-9274-dc0e071daa61	989
0f47d9a2-34d0-4dd2-9298-6f9c12e33348	1160
0f489d66-e865-437a-aaf7-6ce64704305e	1162
0f4db4bf-6d4f-42c8-b486-82fb188bd46b	879
0f553eda-77c5-4804-815c-f3d4a6fc931a	876
0f5913d7-3e98-420b-b790-f6983344a155	1180
0f5bd0a5-8666-47c0-b623-df055238ac36	1194
0f5e1b16-c915-4ab7-ae3b-fd8a722c8447	1163
0f5e689a-099a-4d92-896f-19bd1d021a8d	844
0f62b3fe-e439-49d0-8729-44cdf85953c7	1167
0f672daf-9bb3-4c5a-960f-f6f190461b89	1165
0f683580-2749-4393-acec-c2f97392bee3	554
0f727a90-57d9-4b00-abe1-07d3b7016b1d	870
0f791056-222a-406b-a026-246c825c927f	1185
0f7b24a6-9ff2-4afe-ab87-10ea0f2fb118	1155
0f7fb092-e61e-4906-971f-709d9785c5f2	880
0f8209b6-9c5e-4b93-8900-82bf227466fb	864
0f88dff7-4731-400e-8a87-8cfc29e5d307	1182
0f8b5927-3087-484f-8757-6e5d61baabfa	1167
0f9af5fc-6e06-4bf0-9113-93e6ebd6a3c9	1119
0f9b2cd6-c4b8-4d8d-8158-54b4b5312807	885
0f9daa94-8279-4a47-9dc9-118aa09bd75e	863
0f9e3355-a51d-447a-b54d-e7adffdc353a	1164
0fa20f70-3d5b-4314-8640-da6bbbe8cf10	886
0fa318ab-b32e-4d78-b9fe-d0b669c867dd	890
0fa42071-c84e-4c8a-bbf9-3460e7e5135f	865
0faa3fde-7e1b-4438-9376-bf3ad399671b	904
0fac4891-6705-45d8-818b-ddb04ce1e857	1163
0fad4927-2aa1-4db5-8a61-e74a2b25fd81	881
0fae1aaa-be88-47ba-9d20-1fa0c2284ed5	1163
0fae1d31-a04e-4570-b4a0-0758b8920fc4	1180
0fb3b81f-7907-4309-8db9-12798fe3c24e	882
0fb64bbc-f592-4617-97d3-636f78e796f5	1172
0fbcd504-4a0d-4fdd-a13f-e23feacd96c4	1186
0fbd50ec-739b-4666-9e96-dbfffce2a834	1167
0fbf14ea-23f5-4553-acd4-81381922498c	1171
0fc4b6c1-48ad-4b7e-98f4-7b0cd4311191	1170
0fcc7d9a-c107-4877-acfd-39d2343f0450	1167
0fcc87f2-c983-442a-989b-c1570121906b	1183
0fcf8fbc-47f5-475e-a2e2-312dc16806dd	593
0fd357d6-1a66-4074-b4ae-c99d7f22cffe	877
0fd65e0f-9d58-4a33-accf-086a88cf7d3c	1167
0fd99d8a-1a48-4acc-bf7d-6af3381844e9	1167
0fe3a875-b823-4725-b4bb-d9c045e555ec	1176
0fe6a2a8-eceb-4ea3-8a9d-21501d8a91dc	1164
0ff8f391-61f5-4a2f-94ca-ce1e15254f59	871
0ffb3f8f-381e-4561-ab7a-8a700836298f	886
0ffce32c-ca61-489f-9173-209b3baedc12	1165
0ffd69cf-fd84-4a81-9a31-8c14c9506569	1174
100cd7ee-1dc9-4eeb-83a2-69b61c329e4b	937
100dba73-db2a-42b4-a866-6a24d292ec20	880
10104944-7b00-472c-b347-ef30abdb6c33	1165
1011f9f1-3501-4c89-9fa0-5c7f52c49406	1160
1012f0d5-a52f-470f-b628-3ce513edb7f5	853
1013622a-2329-4149-b9c8-429c888627d7	1190
1014594f-e1d6-4c51-a1b7-8451d3e86c68	1187
1014bb49-055b-47b7-9ee2-8eaa77ba5507	883
1015fdc8-5421-4e61-9bc5-e9b4a797b0b7	1193
10166389-6a21-4cdd-8876-d269b71bd593	1178
101744bf-c98d-470c-9ade-6c1d155ac6ec	1170
1017bb24-79ca-46ab-9d91-732970771203	879
101bf23b-4caa-4cfb-bd9b-8d1250e5c23c	1176
101fb023-3006-4945-ba4b-ba78a4e36da6	1179
10212446-04c7-46ec-95ee-27052f39118b	1168
1025947a-06d8-468c-85a0-2a57e88abd8e	1166
1025f0b5-a910-4feb-bbb4-1fe4bd6480e9	1480
10267de8-cfaf-4ff3-9895-857dbf0dce5b	861
102b6820-1d33-4704-8e2d-87d6de4703f8	1166
102c5a7c-e6a3-4afd-b6c8-8b67c1c68f3c	857
10325707-3767-4171-b19f-05f41e984556	1173
103d0d93-2bbb-4bc1-903d-ceec1d7b6655	886
104597d2-51f3-413d-9256-b17db0552ff1	1186
1047fffb-dde5-4e29-ac4c-055ce0043fcd	1165
1048d0d5-cd33-4b31-8824-c5d080a80102	1163
104a2ead-c00b-486d-bccf-03ff0bd34754	1184
104e1588-1618-442f-ac89-cb5aab874e22	1179
1053bebc-7f09-4782-a1bd-9583582a299d	1188
1054f8f2-fb49-4e8d-83a9-1bf66f2a2061	1182
10563077-adb2-4abd-a211-4d12ab746dae	881
10565f50-6800-4866-a0ff-da092dc62cf8	1174
1059308f-1cba-4970-92f0-ab272e5af45e	1031
10594b6d-700d-4fea-b553-1056dcd7ab9d	1174
10631ad4-82a7-4f7d-b002-bdb25f816af5	1162
1069aec3-6ce3-444c-9d10-057f9f162866	1146
106bccad-e076-4fda-862a-a99743faf38f	821
106d0cc4-fb1a-4253-a535-4540e3bf461e	1294
1071d1d4-7ef3-49d0-8e33-efacd7f01ed1	1188
10773d87-fe53-49f7-ad43-c262093a43cf	1177
1080fad4-984f-471f-b9e7-85273986e3f8	860
10818304-e5de-4031-aeeb-d4758e794f61	1184
10897ec8-e624-40c5-be37-573d3c657fd2	1168
10961a03-186a-4fa9-b773-20052c8f9024	883
1096f86e-d828-4f65-8a3d-db9bed9cfafc	1418
109ab010-3389-46c4-8a1f-0b9b75f1cae3	937
109dc9a7-270d-4706-a908-e75c9d326ff0	1182
10a066e2-cf72-4a60-92b5-873c8adec893	1177
10a0ba80-4c87-4718-9960-d1c4cda66807	1189
10a19003-59b2-474e-9957-342ec544fc8c	1167
10a1dc76-1b36-473b-9e3f-b6f4b4434be7	1160
10ab1d60-4e90-481f-bb79-383850365306	1190
10ae8ea9-738a-4243-bf55-7b759c955f0d	1178
10b1c107-403b-4002-aec1-8989acdb8697	1180
10b20aea-1e56-42fc-879c-fdba85d2ae2d	875
10b61105-450d-45d1-a6fe-f0a43c3c9b9f	1172
10b91d79-8b02-467e-9773-f4c9fdf5c6f3	858
10bfcd93-a2ac-4eda-ada3-5c664f051e33	1190
10c041a0-c7d0-4680-9ab1-11eb80cee0de	857
10c92db8-5a3a-4e0d-a983-b313a843d751	985
10c9a2ac-4a14-4d5f-a6a2-cda123795310	1178
10cc2b91-7a3a-4f81-be7d-5bc337185b76	881
10cc4b1a-7af5-4aba-bdee-c9a09b6cd590	923
10ccae3b-3230-409e-95b8-31486ac3e958	882
10cfdd4e-c9c4-4f33-9e87-d2f3c37883ce	1195
10d29778-9952-433e-b548-77dd3cb49221	1165
10da23e0-0965-48de-b5e1-c6c60e969ee1	680
10dba7a4-4493-436e-a06e-90ad9544ad7c	1166
10e104c9-cc1d-4348-97ab-5dd4567d3ac0	1653
10e10671-e650-493a-89ea-6919d13f0675	1171
10e263a0-4175-446a-9afe-3db5f36d5619	886
10e9921d-a39a-47c8-9bc1-8f115236a5b6	1188
10f08591-c76f-4211-a4a4-c7c7975b1e0b	1173
10f81067-04df-490a-9206-9761331ce56b	1154
10fbbde7-ffdf-495e-b687-ed3f759a8e08	1166
10fc5f47-75a0-48ea-9437-c95a092e46e7	1155
10fd27fa-2303-4b81-b6ed-e171b8ca30b8	1168
1103d434-4a31-40d4-86f4-14be9e8049f4	863
11072dbc-225a-4d7c-a824-e7f2cfe6a316	882
110821ee-3e44-4756-a16a-1b8b8202d4f5	860
11088d5a-f034-46c1-9ee5-1f15d904670a	1168
110b21ca-086b-42d2-ab46-5ea4bea2699f	1185
110c0ac8-ac07-41b3-b241-9913e94745e4	1179
110c71a5-7fef-4b10-bedc-550c72ca9645	880
110e6f1f-1d54-4a93-955e-8aae8e413910	882
1110f968-6c8b-4499-82ac-7f343662dd4c	865
1111274e-222c-4751-a1ce-5dc500ccdcf2	1179
111a33ed-fdad-47a3-b8fa-fe053e871454	888
111a45e3-7673-410b-9265-5f6b8c1b982a	1185
1120e373-c314-4046-8266-7f4e502468db	1185
11275d4b-30da-48b9-a1fa-5773fe347d22	1181
1127dd6e-bb7e-4851-9165-8242d95d62df	857
112ddae1-e0cf-426e-8c06-30cbfd4c99ef	1679
1133490a-e148-48ee-8a95-e0a3fdbfc397	1174
113780fb-32d3-4bfa-9d4b-86336737ce6d	1179
1139b65b-a851-4a60-b5c6-f45e9a777cf2	1162
113b802d-e390-40c1-957e-c6b31ec8c9f3	854
11537db8-d394-482b-894e-5a84626ff4fb	1023
115942c6-2aaa-4eb5-9e4f-ea34ef51ca65	1183
115a57bb-5f4c-497c-b9bf-5b212d7f5aed	882
11618960-d64f-4e1e-93e4-1d062ae4e32d	1162
1161b92f-d689-4092-a9a4-1cd10c42710f	859
11679b08-18d0-4310-b301-96b2518a8b1c	1162
11683d9f-a099-4f7c-8411-7faa9ee00d81	1192
116d915f-cff2-40bf-88b5-ce1bf34b6a7e	864
1170b704-abc1-431f-81a3-ae135fac7749	888
1172108f-5421-4806-9474-edacc936b72f	1185
1176dcac-6d05-4aae-8de8-707f1916d0c4	1183
1176ecaa-fc84-4779-838d-004748de6d1b	863
117ab824-9b89-4845-ae22-e973579e1478	882
1182ec22-309f-4381-8e7c-df3ecbf2bf9b	1173
1184f62b-4fda-4585-b8c9-01d0b24f5e6d	1192
1184fe12-2dc9-4c62-9910-5ea43d0078ce	676
1187f8af-1911-462e-9162-65c8f4d961d7	1177
118bed31-446a-4291-8834-bdd6ca0bf87f	879
11978027-c471-4dac-820b-3d3e36399c85	1180
11988f50-cae3-45cf-b332-3ae8f5723c35	1181
11a47206-9b4b-4d8f-9c5e-6af884a34de8	868
11af78a4-b126-456c-b77b-086fd8baaba8	1184
11bd239e-9828-43be-b587-c98d52d328f1	1170
11c77ae8-5e35-4aa6-9465-36a101c7b3bf	1170
11ca8e3f-7d01-4af4-99eb-182e8121985b	1182
11cfd31c-2606-4f22-9f1f-b31da205e26e	843
11d1629d-241e-4fa6-968c-9fe940d61124	861
11d6101a-c44d-4790-9900-d29cc935c25b	861
11e0740a-ecf0-4e3d-b9a4-fb3614340cca	1166
11e103a0-356e-4983-a1fc-c06e1b833e7f	1168
11e2ed4d-260d-4cd3-b358-3fb53b6265fe	1185
11f29ad4-8113-461a-8f66-2ec123512159	882
11f68839-a213-496e-b54c-122f24dccac6	1183
11f8cf7e-c1fc-4aca-bbe7-4132d6c9f726	1160
11fa0f31-8846-4b1e-bcda-01f96ee06aaf	1194
12036880-ce2e-4e50-afa5-4a9224d6336c	1186
12062fe8-4fce-400b-b032-4d8f67085603	860
120a0cec-5bdb-47aa-9eef-294842f9bd8b	887
120cb178-e0be-4986-b7da-be91b4dd6b80	991
1211ad12-e2c4-4a8b-8b3e-06f7dab33cb7	1166
1212ca5d-c9c6-407e-bb8d-98a61217b4e5	898
12176d92-06b9-49f6-8c71-7ef963bf1367	1162
121792c0-da96-4a66-b0c5-7d3e1aab88aa	1182
12199557-cab0-4283-aea1-82d6a98f0276	981
121a2eda-bbf3-49d9-934c-4f7fb890bb74	870
121dc54f-e2d5-4e06-9168-6325f529edd3	1159
121dd469-d9d7-4b89-a4f7-9f4c2d4433c8	1165
122503a8-52b9-4aef-bd94-1ba148cc787c	1184
12266df0-dde2-4936-9dcc-ae8fa08335c1	1159
1226a623-f84d-446e-a72b-b9d4a54153d5	1174
1227b7f5-5d5a-4a4e-a331-26ffb3a8f195	1185
122f9caf-16bd-4aed-aa14-da282de0c26a	1166
123bda41-9422-4d18-81a8-911553ef9250	1166
124402bc-8103-4761-91eb-2a9a57c22d29	1188
1245b3ae-0a43-472d-9728-e7bf4f91cc53	1167
124de0cb-c1af-4ccb-9f49-9ef445d34d20	1183
125589ff-77ca-44e3-a9ab-5fa1e7be4692	862
1255ef8a-9551-4024-9cfb-34f3c1120414	862
125a4afe-05b9-44dc-ac29-cd5374a10334	1153
125e01de-1a8d-40c2-8448-92d17dbd5b87	2061
12634dfe-61f9-47c8-bba5-c130a3d07461	1164
12644e8e-b7fb-49fa-94ff-8a41e3424a7f	1163
1266096d-04e8-409a-8268-aae9f36aa0f6	1187
1267231f-20fa-4744-b083-d02ff3ce3549	865
126736f4-b8be-4baf-8349-16aa16bc599c	1187
12696457-3f4e-4a14-a401-07e83355caa5	2005
126b09e1-cbb2-4710-bfc2-ffdd19d63731	862
126b4d23-0f4c-4954-b3d3-7a2546c2ca76	1172
126b934b-0ef8-477a-8ea9-4f51e155685b	885
126bcaf2-e42d-45ab-9dae-8d0ead50ce5f	1184
127200f4-77de-4d46-a980-1c7aad408451	1163
1273b6d4-2533-4615-9465-87648cad83c7	1180
12843c14-3c99-48db-835f-50a2c916acbd	1169
12856019-eddb-4e7d-8622-c9710646048b	1177
128b277f-94a5-4ea3-9781-65311e076707	1164
128b6640-16dd-4d44-b9bb-62f9e1113569	1186
128f438d-3dd1-4b53-b1e8-ccb917c3093a	1190
128fa02b-edd0-4470-82ec-ae493caf3970	1162
129443f6-1c8b-40b8-89d7-510ba2cb21a0	1104
12971f00-4ba6-4d83-9fce-1962761586c5	947
129d961b-5ce1-4872-bfc0-e2edd8d55317	1155
12af6a98-af85-4d62-ae5d-00a18097097c	1182
12b23e15-ddc4-4a76-ad13-88c23e445c4b	1201
12b33dda-d21e-408d-b7c0-4a8e483bb048	1666
12b5dbc6-c254-45be-9fa4-d86e42f58a6d	1168
12bcb149-daca-4581-b8b7-5129be0e6ea2	1159
12bedde6-a516-49f6-89f2-2cfe12b656c1	1166
12bfad6a-15a4-4777-88d7-1ee3a182e93f	1168
12bfbbdb-dee5-45df-8759-5ed10a47b8a6	985
12c136b1-0186-4624-b1ed-1834e2378444	1184
12c33840-d899-4630-a19d-7817e0b783e4	1174
12ce8003-0344-4f82-ba30-c80794a45a32	1176
12cfebd5-e83f-41d5-8f84-4334fffee4ba	1166
12d2dc9d-a9a8-454b-b1dd-50e317143fe5	1165
12d2f508-9eb7-4f0d-aeda-b589df9db13d	819
12da33e0-db4a-4d00-b6bc-4dea27e176c6	908
12ddeda7-a5e6-4a38-8e09-82510f8ad584	1004
12df1219-3211-47b9-9d26-59374574aa56	1181
12e002b1-2f72-4a53-9098-49c6d150fd4a	869
12e178f5-1086-45db-8652-25ec7b6c4860	1176
12e32a77-2819-44c4-86a5-435523589684	1176
12e968db-643c-4015-bde4-ab3f81fe4364	1161
12e96a6b-acca-4b5b-9697-7f17000f1ef0	1185
12ebcef6-63f8-4e2a-835f-de599e9b247a	671
12ec8a5f-1c36-423d-997c-db0a1b0e3952	1165
12ef6fa5-4376-45d4-ad3d-8a4f273efd01	1160
12f3e1bd-0263-493c-89b1-0678af625017	1194
12f6a982-ceb4-48de-a154-58d77436bc90	1157
12f7cd69-84cd-49fb-badc-8c298e0bdeac	1159
12fb1456-39c2-44ca-a238-4056b6e46e5d	1153
12fb35a5-c040-46c6-aa62-c5d2e367fd13	884
1304477f-529b-445b-b02c-5b0815b3df20	882
130bbf24-a9aa-44f9-9c94-afa1d66bb390	858
130cd107-548e-469d-8293-916726b90077	860
130db9b4-19da-4dfc-8fb9-5d76a784c0f5	883
13142cdf-b152-4d44-9ae2-dc4bc50dc57b	1166
13184e83-6fc3-4a0a-9a3c-b793be238a58	2127
131cf94f-9eb8-42ab-a69e-a7cc071e907d	1166
131f5dd2-d416-4aba-ad77-a43f58c22e0b	1162
131fbcf4-3a89-480d-8362-0d8c63ebc414	1212
1322f396-103b-469a-83d8-92ac9f2e30ca	1497
1327575f-32a6-47a9-94b0-387fbf42d1b9	1191
132e4796-94a4-481d-a509-ee8524d3f8c0	1163
132fb1c9-6f2f-4b66-a6e2-f62be257cd86	882
13321361-11b9-4fa2-ae58-3229c4375d85	878
1345a45b-f066-4122-9ece-41fb84bd31c5	1155
1345ebc7-e76b-44fa-89d7-555d68940270	1188
13466d8d-3da6-452b-979a-6a4e0a92cf4d	1173
134672a3-8f7f-4a0a-8e11-4b50ec349180	1183
13542fbe-993a-4fe4-961b-01346c927b60	890
1354b4ff-f56f-492c-9aa2-af458f71f200	857
13554462-523f-4bff-9fe0-9e2cc4cb099e	884
1355ec53-c1c9-485e-9d73-befb5b60cafe	1164
135a0188-5ba9-4fbd-8f4b-d9f6eeceedc3	1180
135b9718-1da0-4da6-8f6e-0df15d6d7318	1189
13611454-2a1a-4b2e-bf78-bc0179db00c0	1175
1361f08a-32cf-4aa2-b7c8-97623b94713a	884
13622b10-081d-4430-a897-a33d1a3e70ec	884
136b0e62-c891-437d-b7e5-39b0a9eba671	1160
136d60eb-42ff-4637-b3e0-25ba4d4ad43d	992
136f1d84-4e5d-40f8-870b-3dd3c191c1dd	880
1371f866-98f2-4543-8e28-e3ec8c3f14aa	896
1375647c-004b-4b5b-b29f-4e66acd0a74e	880
137bb00c-4d0c-4d98-a9fa-d0bedeb9e720	881
138e40c0-9af5-4cbb-a216-eeec79d20739	1163
1392110c-a708-46ca-af0b-f7f0f427f0ae	1168
139298e8-4031-491a-a2db-58575fe33f12	1192
1393c1cb-88e9-420f-8ee7-7ab97a27c870	874
13948655-5a31-477f-85f5-31ca2d5a765c	1181
1396de2b-4f10-488f-8155-60455e2d0de5	863
1398c812-6575-4d2e-9cb8-33cc8292f050	1181
1398f0a7-63c1-4ca0-9b64-32998e27f828	1170
1399251a-c963-46ca-99cb-ebaf69246931	1161
1399809d-1ece-413e-a6f2-1252481e2354	863
139e8f72-cf70-4340-a484-edb8903aac59	1185
13a07400-54b4-44d4-a376-c52df9eca21f	1166
13a83d41-60e2-485f-a4ad-0a9ebaf6336e	1186
13a89d45-3cb1-48af-8ab4-1e33b8b80aff	881
13b280c9-bef6-4393-a439-50e7e8a81e0a	1162
13b2812e-da47-4faf-862e-2a847e4bb2e9	867
13b56dd7-a003-4817-babe-8b0e54244286	646
13b58fce-c569-4973-bd77-12deff0686ba	885
13b5fdd9-dd25-4098-aaf5-85e552afe490	1169
13bb65f3-aa4f-42eb-bc1f-92c4fa722394	1154
13bd9241-a706-4d1d-b49d-ec076461122e	1170
13be7247-34a1-46b2-8527-c4b631b868af	1174
13c0a397-fd3e-4a0c-9737-d5d19a130b87	1167
13c1d7f3-a814-46ca-b9db-16f68c9b9a71	1164
13c7b8ee-1f82-420d-9816-1e8402f57bef	1157
13c7f2d7-c0d4-45bd-bbeb-c11b3ca375e4	1159
13c8679c-e6da-49a0-a75a-3747810b0717	1185
13c89092-7dfe-4e56-9042-9c5e50ce1fac	1190
13cbf67d-0c1a-4b57-a871-d75c05b30cd0	932
13cf9a23-3f21-415d-8df5-91c3594cafdc	1180
13d17162-d1b9-4399-b448-28dc47c87017	864
13d1bbae-cc24-4bdf-a964-ebf56ed6a6e2	858
13d9902a-26c2-4be8-8c5c-c5e3f37149de	888
13dd2d9b-865e-42d2-b6ff-903764ff9c04	2199
13de30c9-9a23-4b06-af60-7b0f74af1870	1197
13e3cd66-2feb-4d33-891c-439646600b61	1165
13e4632a-3244-45c4-8fdf-095c8aeab432	885
13e55d15-9b28-4fb9-94aa-a159ab6dfe9b	1163
13f0fff9-e5b6-457a-a744-a6480b440884	1195
13f23d1f-3c71-46e1-af0d-edf004419cf8	1168
13f32628-0aee-454f-a50b-d7657c5b7aac	857
13f38fef-0fb7-412f-92a1-d5331710ee61	704
13f3a717-cd6d-4e3e-961a-c39c54dce0c6	1188
13f8206c-7bed-45cd-814d-4edbe75eef23	580
13f8d57c-84f6-4ffa-baa1-8198ebae5e54	1703
13f92fd6-a6b2-4adc-a8fb-7b3a69b42053	1184
13fab872-d8a7-463a-aa88-aa86ab832ea3	848
13ff0233-4e1e-4cb5-a2de-d2a7ef81ea4e	668
14099844-8064-41da-9c39-f8d4c3fb035f	1164
140eae1e-a43f-4897-a9b3-38bbf9520576	861
140f9a17-f3bf-4967-82f9-ee477621d424	1186
14102570-067c-4aa4-9f5a-cc92bf643c45	1166
14104ca0-41a7-4e6b-91c8-b0fad2d53fb5	864
14126e02-cea7-4943-abbc-cb622c047c8a	883
14134dc8-f6d3-4554-8082-ff4d7ecc06d5	1030
14175cec-16c3-4436-998a-d434abaa6977	1158
142725e3-170a-4a26-adcf-8fb1fc9e5869	1150
1427a9c7-9044-41f9-8fcd-4758154d73bf	875
142cd16d-a0ab-44b2-a78e-7afcc39575c8	1167
142dddc3-4975-475f-aae9-a1a7745ad456	886
142eec65-7157-44fb-b34b-5348bb03deba	862
142f2131-3c53-4d6c-8a64-dde2aaf0a9e7	1180
1436c13d-c216-4db7-a172-09f6ae085f8c	860
1437b0e1-ad85-4d98-b9fb-169bf8c02e1c	1166
1439463f-6ad6-45e5-8123-4edc28b2d8c1	876
143c4bde-4014-4d90-8279-f10ea012db94	1179
143d9358-69c7-4d31-827a-658d05c8a578	1163
1443dc25-8eeb-4c18-b70a-15da0c743d87	1169
144467ec-411d-4160-bffe-98a1f3e96052	886
1446edc8-ec72-4671-bdca-fbc6b0d85ee1	878
1449360c-3fac-4708-af77-14d60758d025	1149
144fa91d-7b61-48d7-97e2-99640087b9ca	881
144fc237-5825-49b0-a5e6-3ff2009b19f5	1179
1450a44b-30a8-4ffe-ae94-3c7773399409	884
14529a9a-e273-419b-8b69-3df3059c9cef	1183
14573ffc-f725-4b39-91de-0434059824d4	1172
1459b782-60c6-4c0b-96ef-15fa2dea63ba	1161
145d9e7e-7e67-4fdc-a4cf-303547232b07	883
145dde2c-d56a-47d4-9aa2-87c79a8f48dd	1162
145e295b-71c7-458a-9a5e-b67f6eab2a09	511
145f75c1-8229-4307-9006-c95a77160579	1168
1462cbef-9853-4bc4-88c5-78c32bf4939d	1183
14684840-460a-41f3-984a-0d3ab840bf7a	1166
1469d69a-80d9-41e0-b581-2d3b18b11102	886
146a698e-fae1-462a-9fbd-052d8372b7e2	986
146dab30-4709-49dd-8855-356d48a3a79d	1181
147c745a-f6b2-47a0-baac-d89959b6f40f	882
147d73dd-f2d7-440c-a9ea-ab669430c3da	868
14830dbd-a3d1-4a5b-a364-fa9264d9c8dc	1171
14840630-b35c-4d73-99bd-e59a00ca21ec	858
1486b504-97e2-4550-abf5-cb1006cfd332	856
148f6c9b-15e3-411f-a9f6-9486862e3f8c	2087
1490f4be-09fe-4f41-8bd9-6ce05e795d92	861
149372a4-b0d2-47ce-98ea-85a20a36b640	1193
1496f2ed-c191-4afc-b352-529b81270c8f	1184
1497621b-02cc-416f-8a2e-9c6ddad746b2	1166
149a8185-2866-4037-b854-a4ce12af247e	1169
149f4eab-0e85-49ff-89bd-61a44baa1904	1187
149fc718-5e6f-4b42-9972-e29e4b06a99a	1160
14a031c3-a1e5-4d49-b92a-b64086dc0a88	881
14a76ba7-b1bc-4a17-989a-db844ff9fbf0	864
14a97300-24ed-4679-87d0-b1008e65f21b	1179
14aefb26-09e5-4ac6-8267-d19f04093782	862
14afbf30-89bb-4fa2-9bb5-551242a8bb49	1160
14b59afb-8d41-47bd-98b0-9fe7f8a81b68	917
14bd3442-dbb3-4678-a04d-75eb492bba3f	1160
14bed7e2-dcef-4055-9413-879f0c56ed18	880
14c24d24-0d26-4a94-905c-0433933fc5ac	879
14c3dc0c-6ec3-4baa-8367-80248b4edabc	1170
14c3fee1-6c92-4556-915f-071a8b306504	884
14c7d7c0-0b9e-4994-beb9-13222c2dab4c	1163
14ca9718-1b46-445c-9988-e9fea9032950	2204
14cc9a1d-b093-4e39-b033-ff0a3d6f74ee	860
14ce5a2a-51c6-4898-aee7-fb4f94b31975	996
14d03379-60c8-4fb9-8531-b2e4ea9def49	1161
14d7f5a6-c2d7-4406-ab61-e4dca857c3b4	1184
14d86e3b-f94a-46a9-8493-316659d14887	786
14db1611-a225-4b62-92d2-209cbc0b4f95	1164
14ddbf7f-2445-42b2-a4b5-bc3b22138c89	1182
14e462ff-4923-41f5-8c74-72b267992ad9	888
14e60627-2788-4e1f-a6f0-9419d46ff793	1167
14e74020-167b-49d0-a87d-801e679dcf0a	1189
14e75dcf-98de-40e9-90b0-95bf6dfdd835	1186
14e7a339-dd40-48b4-8b58-bd84073280ac	862
14ead3b8-1f2d-4e78-96fa-72e1df51af62	1186
14f0c27d-f394-4f7f-b926-e24309175f19	1167
14f29bb0-3f62-48fb-886b-b464bbdef34b	1188
14f610fc-763c-481b-a50e-7a49a615e671	882
15045cb4-8681-4839-909f-18464c182299	887
15083b2a-b6b8-4d84-8909-3f4893057e41	875
150c1c3c-2c42-45ae-a9fe-0371107644fc	1163
15105f03-e387-4dee-a2c4-863d63187881	1154
1512a8be-b7e8-4536-835a-d5dcd9f42cee	881
1514229f-3cf9-4083-a436-3e51f64bd56a	1165
15165b83-4af5-4c59-81cc-8df30440c58c	1168
152259ad-13ed-439e-b56b-51e4a24bb942	1175
152419c9-8937-4709-8a05-3889a4fb61c5	1180
15245255-7091-4b9b-be9d-d153442601cd	1188
15275e0e-69f3-4537-ad14-178161bc936a	1191
152aa3cb-ebbf-4d0c-8af8-d1c2a48148b3	854
15372be9-3d13-46eb-ae39-282dceae65dc	1183
1538e6bc-d9c3-47d4-bf5a-cb58f7d54728	1186
153a8675-428d-4f29-8c45-f17477a868c7	1176
153cdad3-6139-4059-a03c-64519963d02f	1888
153d7f07-c969-4376-82ac-1715ba3210d6	992
153e5d90-5fbb-4a4f-8fa3-90713ef5b45c	863
153ec473-ac66-4bf8-9876-f998cdfbf58e	1168
153f4dd3-4297-4b8c-b327-15e3be175600	882
15427e8c-3727-4d18-9067-d50fafe4a808	1180
1542d969-c950-47cd-a5bd-24343e4b3adb	871
154383d0-af2d-451a-97c0-a217331ff7f3	1405
1545532b-0609-4da5-8a8f-2d35ff4d7a8a	1166
154aa85e-f746-42c8-b976-d5491ffcfc87	1176
155ea804-c392-4771-8f93-9446580fade7	1166
15629ea5-a0ef-4cd0-87a1-b4047b245158	826
1566bf57-f235-41cf-90a0-ddc056512b67	1186
156f0de8-78ca-44b6-889b-fa75ac7e7baf	1174
15708875-886c-401d-97f9-beabbb01677b	878
1573f921-ecc9-411d-b83d-b9b5e514e495	885
15785eeb-2ea4-4208-a81d-426390b99379	1192
1580eff0-b4b3-4989-a739-63d774b1961c	703
158529bc-658a-495f-a17a-c77a12e09d18	881
158cae8b-ac36-4957-b257-0b05e806c38c	1181
158ff429-a942-46d8-b8e5-37687055ee7e	1184
15945064-92f0-42c9-aa3f-1e2f20ef4aff	1185
159dc6fc-c5ab-49ad-ab5a-cb3c0dfba1d7	854
159f5a63-bbd6-420b-ae78-93a03285cbc5	882
15a2eb3d-2727-48dc-978e-610d177c2eb6	1145
15a3cd3c-95a9-4d86-910b-7be72cbab003	639
15a4c468-b136-4a2b-a19e-cd794574adec	1160
15a89fe3-dddd-4061-b77e-5ca376872fe4	863
15ae7ce8-f903-42cd-bf28-93c05c65d3f0	864
15b298c9-c999-4d4d-b933-d64ebb3dfb44	868
15b36282-e10f-4a12-93c0-fa5a42584e85	1166
15b3e2e2-a6b6-4758-b05a-cbaa84fb7170	1184
15b66dd9-67c6-445e-aa34-4bc33562e5ee	1918
15b9d2ad-f630-4e95-934a-bb47c02c9a87	1167
15bae699-22ef-4623-a191-fda349effa84	1168
15bd0bb0-ae0c-4bb0-8701-61bc2e96ddd6	576
15c6e686-79a7-439c-8020-b19d06758581	1173
15cb5914-d51e-4fa1-942e-b0bc836e8a26	930
15cd8445-29d3-442d-b4df-50d349f0e3f9	868
15d2bcbc-46ca-43a9-a9ec-62cf6a57f5ba	1185
15dd9860-1b6c-4c4d-9d72-51308e2f8ceb	867
15de452c-3cbc-45ae-8d03-7c05550d2038	1193
15e3d46a-937f-42ec-b2bc-68209056be17	859
15e4e19b-b0c3-4331-9ba6-d8366f0658b4	872
15e9c5c1-df8b-422a-873d-81a694aaf838	1181
15ebdaf3-2fc6-4e97-9b3e-c25a3e5cd202	795
15eea3ae-e33a-4892-9136-c99e2a19f89b	1411
15f42238-b0f2-444b-a772-978e93db389d	1188
15fa4168-952f-45d6-b9fd-cf5f5a4f5eb6	880
15ff2561-a090-4115-89d8-7ed1536963b0	1184
160e9afc-a4c0-4ec5-98cb-2af7ccbd7133	1012
161134cd-ac7e-47e0-82c4-775362438b71	1165
1614200a-d32c-4990-bdf7-f885729a3790	846
1615b687-371d-4cda-ab12-e9158e400f88	867
161a7d35-e6c9-4dbc-8e92-c01614658fe0	1171
162083c4-5178-4bbe-9529-307dd5b08aa3	1172
1621e94c-a485-4b67-93c7-7eb5126a059d	1175
1628023d-239d-46f5-a7fc-8e8b6b9ff768	1180
16284bc3-97db-49ef-b226-e87ee5b901c4	1156
162b08e6-85c1-4fbf-929e-cac7f01ffca4	865
1633248f-2a79-4882-bf69-f8ab6f2a9021	881
1637bb0a-bd04-4cd5-b92c-aa0df28c51d7	1169
163f2532-0aeb-423a-a8bc-920f4d676491	878
16466b90-aab1-4423-adaf-39b001e01fc1	1185
164d1e62-9ffc-4fcc-9bf6-e0c6a5422558	1183
164de680-ad10-4f2d-97ae-e30aedc75e8f	1169
164f78f6-485b-416f-8ed7-864dab071731	1183
1651d2bf-5d02-490e-8941-db4e5a787715	883
1652016b-1059-4c44-91e1-d5eed87e0038	1189
1654b7f4-5302-4349-9524-5776250aee8f	885
165926e8-74be-4666-a3f1-aed4ebfa0867	989
165e5c85-31d7-4bc3-970d-1df611941802	1165
165ea731-ae8a-485d-ba43-0736b04943a4	1179
165f2df4-2b17-4234-bb43-219308fc5696	2223
165f4f41-140d-49b2-915f-3d772a464e69	1186
1667eaca-0444-4021-9baa-9d8e18f540a6	601
167c968e-bc3a-424e-af42-3bb40218cf59	878
168198df-56a3-4c84-b2d5-28bcc25320f7	1156
1682a54a-4cdc-4b0b-8431-88b0a52148d7	1178
168470ec-c517-423d-bf3e-b5d876efee28	575
1684ba54-3e5d-46e1-9661-f46256821b02	879
168ae1c0-d55a-4f3b-bb96-73c6b764c0ef	1183
168b5f9c-d080-4fcc-85ab-9d520662603c	1186
168b93ad-6751-4c9d-8bc5-157c984f8ed7	861
168cf9ab-167b-47ee-a3ba-495d216740ee	1180
168f6308-df29-4aa2-9f5e-63bca2e4ee12	862
169039e7-af36-4e41-82f8-93010cec1beb	1164
16941c41-ef29-422c-87c8-0e8f22f4f66c	867
16a13c66-a25b-4ffd-9ab9-96850d252d2b	877
16a25452-573a-48a2-a076-52ad0bed8f93	1183
16a402c1-3704-4f34-aa57-ec31da9afcd9	1186
16a6abf1-8c44-40c4-8735-9a5ca42f2d84	860
16a6e2e3-39a2-4d4c-bcd7-0ed6d8c6217f	883
16b13382-b597-4147-9335-9ea242b18697	1163
16b536a7-27b9-4fdd-b564-f4ba7b71a9f8	1167
16ba393e-63dc-4fa8-9d8f-297de950444c	1165
16ba4d60-da30-4bdc-ae79-406c042c79d7	875
16ba67fc-d493-4ffd-b576-6d51b80ae05a	1179
16c75b81-635b-411d-b771-7d6ad320e3b7	1183
16c7e534-f5f7-47f0-9721-3359ab190303	1155
16c911d6-dc55-4fea-866f-e5afb38148fd	1169
16cad113-67f5-47b3-9a96-28a394de8d92	875
16d5b1af-d026-4d13-9606-f3e4e8e6ffa1	1186
16d652ef-dc38-41c2-9752-447843bbd7d4	1175
16d6a393-cae6-4f2a-b06b-a6ebb6fa57ee	1165
16d8ecd0-8e31-48f8-b256-9cba995c22b0	886
16dcfeba-c5c6-4bdb-9277-aadb0fb02704	740
16dfa035-d413-4776-9e25-471326b60ce1	859
16e899b1-0794-4d21-a061-9c7148948413	1185
16ece7e3-b390-4c69-a23f-e7f5925299a4	1166
16ef2ce8-1d71-46e7-8af6-9d9933348280	640
16f63818-3dcb-447b-a23f-4f15cb10bb02	995
16f938ff-09f3-497b-b55d-4fa58bcd2956	878
16fbc50b-6e98-4f4a-aa08-5aa8b9c8e9ec	1184
16fdc69d-ff61-4c74-bad5-2c549b003f9e	885
17002ed8-79fc-44fe-bdb2-e1d737ca942f	1182
170398b0-17f7-4bec-a2db-3f52a86b518f	1184
1703f153-728d-40d7-b81a-f9defb11c1ee	1177
1705ff2d-615d-407a-8fd0-d1ba4d0d61df	1181
170a81ed-80d5-447e-b0a6-d5fa307dc616	868
170b12b9-07e3-402e-8c60-58a1d123ae73	1161
17135a49-33ca-4f57-900f-6e2626a794a6	1172
171937bd-40c6-4cce-a795-50a806d9164b	1181
172098a7-e49c-4932-a69f-02bb84617af0	1181
1724526e-7537-456b-b541-4b3ed654a773	1184
17272fc3-7bb7-4b80-83a7-916090d27916	896
172f6204-12fd-4a53-9ab0-71764eabd1df	1186
172fc4bf-b9a7-4489-8554-c1477f74cde1	1182
17306635-74ce-46a8-bda4-b8b01d96088f	863
173c40b0-8022-4a17-a57c-cd7ec4e45416	1160
173e8ce3-8da0-4401-be17-f580d2c3bb9e	888
1740a92f-398d-4a22-8a51-308d6a1d76dc	1991
174194de-5d03-4c13-ae10-ffa94394cbb6	1163
174e3870-7715-4bf7-83f2-b14d2c2d92b2	1162
1751b844-0411-4797-8c38-4e1cbcec22f8	1163
17577b6e-5759-4d02-a358-1032f9c6cdde	879
175e3cde-def3-470f-ab85-2a92023d964f	883
176835be-e7e8-4ba6-89fd-5a93005ff4a7	1165
176a0699-ff20-4dbe-b5a4-5d6133c0367a	1164
176b2fa7-20b8-4bd2-8290-6478198897ab	1167
176dc9c8-d585-4e23-bd1c-428e468b8066	1163
17773b17-a14b-4fc5-abb9-d0eb96f0f90a	1180
1778a7fe-b545-486f-acd6-d247da3fd1ff	1184
177a462f-dd6b-4727-9cd9-aafdae940d3e	1164
177d39f7-bdb6-43f3-851d-df6d2cb4b05e	1176
177dc35e-c11f-415a-84f2-9cedf6d5f74e	1165
177ef4a9-760a-4949-b669-e6aeab6c6edd	1183
177f1d9b-123f-45b6-afc3-c40a1c14b719	1167
1784d9f5-2981-44c9-a602-0e63765fc8c5	852
1786d07e-145c-4ef5-a1c2-eab2bbc5d8bf	1148
1787ce4d-1575-4743-99c1-ea78b2a369ce	888
1793d2b3-15f2-43f6-91f2-b1a5f1b210b2	865
179460d3-903d-4aa5-833a-e4ee860748c5	1170
1798a7bb-2dd2-4847-9d80-cb613bd8fa90	867
179ac67e-f639-4d5d-af7e-0d8e3c84a744	860
179ae059-bd27-49e8-afe5-c02635d64355	882
179c0127-836f-4372-b208-76c2ad3c1f1c	992
179dbe48-334e-45ba-8883-de8d8c8d971d	874
179f3875-1d10-4315-8e3d-f44e8d40b407	1161
17ac9bac-e114-4974-9f49-845b809a1c6f	1171
17acdd60-3cb8-47aa-bd23-296ca19abaff	884
17b0c270-2e8d-4ed1-9738-d1714cc93205	878
17b508b3-1d2a-4e71-b1d5-cfca2e7c323a	860
17b5a409-7098-4d19-9753-96e009aa6680	971
17b60f2a-cad0-4488-98f3-9c4d85efb4c6	861
17ba1406-d4be-4a01-a232-9a0c4b88cdc8	1303
17c1a19c-a139-4156-80c6-65ec583b6a14	1165
17c2d629-87b8-4a3c-9f4a-54ea5fcda5f8	884
17c6a0d4-9b16-4d0c-8ed9-0d2ba097ecc5	1177
17c92371-7a3c-480a-90d1-24ea333a664c	1314
17ce7fb0-b425-418c-a5a0-cb86da6554a3	881
17cfd66a-4384-4c5f-9f8a-4eb2e5e0eb0c	1185
17d2dd91-a6c6-4040-876e-36b58d1385a5	890
17d2f4ca-8220-497d-aee6-b4e58f0c5ded	877
17d6a0c0-aca5-4163-b5ac-d4d333f73a55	1165
17dac0f4-3ed5-4a62-96aa-0ccaa95103ae	1183
17e3ea76-a5a6-47f1-a4a7-608fa2090954	887
17e561fb-2fcc-4edb-8a26-6625a4db1004	2193
17e9fd36-8ae7-4a6f-80f9-e9d6b80c7dec	987
17ecb03b-4f3a-4ece-8a3a-5d377ec9552a	1191
17eec635-260a-4752-8be7-98caec57b97a	1190
17ef1408-6bf7-4c09-b05c-c4450b122718	1159
17f1b55e-13ad-440f-b650-4df700b4bc25	988
17f8533b-d853-4c5f-85fd-cc680d8e5803	1178
17f88dc8-6e0f-4731-b2b0-575f5719e731	1163
17f97bbb-b6c8-474c-8c02-054fa816f7db	1188
17fe69a7-ce6a-4c97-923b-c2c83f71dadc	1164
17fee0b7-48e8-4c69-a696-41d8d5475ba1	886
18134706-0c9f-465d-9e8d-c841914fca87	1164
18141de3-5b52-44bb-8e03-cf26fb647c58	863
18157358-d040-4fc8-a18d-ac7ab07fc8e9	1169
1819888a-e0ed-4264-9923-dd7d0a7a2abf	834
181c92a7-0c2b-4e27-8878-3e7cc2100fcb	1181
18203ef5-64cb-4f39-bc92-7f5314c59eb6	882
1821ce3f-f022-4595-9797-85f32711d215	882
1822b997-0892-4201-a41c-e3680502b095	1168
1827f299-88a8-4007-b1fb-b0ddfbfdacd9	1177
1829f32f-2389-41b7-a50a-8c8d7d98ac58	885
182e334c-abc5-46f9-8d51-f13375357c24	1187
1831034f-14c9-415d-b7dd-b275a0b10fdd	1154
183a40fc-baa4-4754-ba9a-20fb4ee9aad3	1183
18407228-8ed7-4fec-b8eb-cc1dcdc20228	1191
18475235-28fc-40ce-908d-ba0a8deaae2b	1189
184eb4d8-f7ba-4903-8eba-92fe717e12b4	865
18563b3f-ec17-45dd-be97-6675cb1e9421	890
1857fd92-8426-47e2-a8d2-f3d8ff1e4afc	979
185bdb2b-f28f-4249-8b0f-9a9066ebfbdc	1182
185cb56c-77c9-4e60-9444-a05391090311	853
186127c1-a640-4c2b-97ca-1aba2619e385	1194
1867b2c2-de95-4b9f-a60a-0b65316fec02	1172
18800d95-72d8-437a-9757-ad25f136c8d6	1166
18818ee6-b216-4017-b37b-5447f38e13ad	1183
1886d252-a6c5-4fa5-a24f-03825c411817	1998
18891ec0-27d7-42d8-a6f8-0f7aae91984a	1180
188b1de4-73c7-46ff-a4ff-5ab3e8ceafc0	879
1891814b-d0b4-41a5-924b-bf0b328a653a	1165
1891fa70-5f3b-443f-b273-ba00f3fa2e21	1161
18954909-53cd-481f-b9d0-58dc7fac6c88	991
1896e6d8-6827-4ce5-8085-edf472933bfb	1165
18970ae1-5c3b-4a3b-872d-68e4e3665af9	884
18977e8a-fd9d-4403-9a9a-8fb53318ca9b	1163
189ae195-8dbd-483e-b51c-1f11e2a4cff7	860
189cd3ca-d082-4a81-811f-354c1b9356dd	875
18a3db98-477a-4e69-9b4d-39494f6fcda3	1140
18a4ef69-426b-4794-a915-11f25c795568	1180
18a5b7b0-ef73-428b-84ee-ce174160313b	1165
18aa8801-70c0-4e76-9890-cfd2e11caabd	1185
18adde31-84c1-40df-a005-747fe4e5f4ae	1168
18b0175e-b192-4131-b59c-af86c59d873a	882
18b2e274-bf8f-48b4-ad8a-5079f60377e8	1181
18b5b175-569d-4bbf-a80f-1e5f5597a01e	1183
18b7a0eb-b0f7-4091-91b7-1798db356707	888
18b84f7b-fdd8-4977-9e75-e7fe3c14e37e	1488
18bd7f0a-f0eb-46ce-98dc-0d3dac021deb	876
18c52b87-c5b9-4d4d-93ad-1609ddab7cc1	1299
18c5b081-1f82-4a5f-a17c-bdb05783b9de	1179
18c64077-9d59-4a92-82db-dcdd456e9b9c	877
18c8470e-37c0-427c-b8fd-968de07c55bb	798
18cc9e9a-07aa-4f40-a842-bed27de2eea3	878
18cefb9c-4377-4891-981e-794e342516a2	1181
18d710e8-8255-41e9-825c-f35de3b21406	996
18d7a92b-22ff-4e3b-9608-0d4a4828d97a	1176
18d7ff73-315f-4aa8-a519-b4d1923a8f76	892
18dad84a-75a9-4d4d-b2cb-3d2d3410c4b4	886
18e07cec-9a74-442c-989b-fcfd29abd03b	1160
18e2a7df-5728-4128-8f26-1f1d2a069d52	882
18e47b74-837a-4cbb-adb6-496de2e77024	1183
18e5acdb-3139-472c-98ae-b54296150a16	1046
18ea6a01-f22e-4023-a5a0-4f815072c36f	919
18f217e2-8a37-40bb-9b52-6f863f296578	879
18f56af3-5204-4d60-9903-ddf51333046f	1183
18f6122f-6dae-4a8d-a7a8-a0fec195eb3c	990
18f7af6b-1a5c-40b2-98a2-f6675d5a7673	809
18fa572f-92d5-4467-8a50-929e0c905344	863
18fb46e8-1cf9-4095-a9c2-7b854973a077	1181
18feccb3-f146-4fae-9ba4-7d2a2367312f	1170
1908140c-fe9b-439f-be43-f8f118024d9c	881
1909bca0-b25f-4512-a786-754331339443	1185
190e236f-c353-4994-b76f-5abe57323479	558
190eaba4-66f9-436a-b5c2-45f62206a4aa	1183
19132418-c01b-44a6-9cc0-a90fd9ce54d3	1191
191d0b6a-0017-46f5-913c-c2216cf89577	996
192080a7-8fef-40da-84db-6ce86fc71215	883
1925ed63-8551-40a0-91fb-806f8cd4d581	1169
19274401-8be9-43ab-b730-2c924a414eb0	919
192be69d-f39f-4101-847c-d7437a87f668	1192
192c0e04-96f3-434d-bcf3-52ee29f0c615	888
19332642-9e8b-4a41-93f2-d736a36eda28	879
19334daf-6872-49c7-b116-efa59c9cee6c	880
193ae7ba-87a3-4e1a-8faa-14e8a2b84c64	568
193b74b4-c1ea-4d3c-8c37-3ef91571c8e1	885
193d0ade-e379-4ea7-a6f2-3dfca22d29e7	1165
194077bb-5d9e-4ca9-b216-93be19ff9da8	1188
19416421-629a-4c37-92d3-a4313d1826d8	1166
1952ee54-9c5d-4ffb-a477-a3a8b3741c36	877
1953480a-20a8-4d84-98f4-a5e361e174c1	1168
1955e322-d987-42fc-9b6f-622a4a458827	1128
195d2f2f-87bc-49df-872d-0d20fa5411ba	990
19634880-97c5-41bc-9058-29464d728e18	1176
196c25c7-3828-4403-bc7d-d8630084b6b0	843
196d6644-410f-4d91-89b1-f46fe137f853	1184
1971ef33-7a14-4785-8597-bd018c4636e5	883
19737cc2-ae80-4bbd-88df-0b59ded21407	1183
19741cca-86f5-4f3b-b884-7af9d2c5fdae	1187
197a00cf-7f01-46d0-b030-5b589f1bc075	1831
197e2fe2-d8b9-49f2-966f-a4708f02d5b9	1172
1980369d-7345-4ef9-bed9-66fc3ea29120	991
19839990-6c40-4c32-8bbf-0b27757340d3	855
19850d4a-5c57-4e07-b49f-e12165fba78a	1162
19897c9a-1a6b-4098-81c4-9a5d2c57d54f	885
19900810-cf8d-43b0-ad09-2c643014ee33	870
19969be9-c7cc-46cc-ab45-a815d7143f6f	1177
1997cc9e-1157-4be1-abb1-eba178b080a9	1169
1998396b-8310-4a29-a663-b708ca76bec1	1174
199eed07-3301-4958-b750-33631886e484	1181
19a29887-e4a4-41c1-a6bf-a481ff96b63b	1192
19a51396-a8f6-44f1-8c56-188211d42a18	886
19ae0591-9a24-4d42-8b29-4f86a6c4e608	1165
19b1d7c1-84d5-424e-a69f-90cbba0fc78f	1171
19b31760-f365-4ca8-b24e-5c8e338c3c16	1171
19b323f7-1a4f-498f-8926-2f80ec56082d	1172
19b32af8-0a97-436c-a7a5-5d3b23f88d40	882
19bdae53-a317-41ef-b4a9-7d3038824650	885
19c094f9-b107-4907-af84-bc676e9eeb0d	636
19c143c5-7307-4f37-923c-e6f0d9feb6d6	1190
19c45f09-5f52-4810-b790-f6a97c2ac117	1168
19c69fe1-f087-4cb4-9d4b-ca9f17e49801	1164
19c9750e-94d7-462f-b0cc-3d48a042ae34	995
19c982c5-b594-4829-8a6c-34855931b684	1154
19ce7be9-6583-4dc4-90ff-910ff6ebc87e	1183
19cfeeba-7dfd-4218-9bda-0244d65af6b7	1179
19d233f5-bd1a-416b-ba5d-17779eb35d75	989
19d4cc95-a8d4-4eac-9d7f-fa4765485673	884
19d4e531-a5f2-4e60-a0b8-21539ffa03eb	1151
19d5d33a-fd61-4894-a710-04b627e394ab	1170
19daad2a-1ce9-4f2a-ac11-de1cf8b86355	1192
19df739d-435f-42e8-91bf-2016ff496fcb	751
19e4d5e3-1785-4380-a1b2-98f8887b5547	1178
19e59d51-a6c5-4834-8a77-efcfcf1d5283	1184
19eaf4c2-56f3-48e6-b49b-dd76cf46fa4d	1156
19ebf5fd-d02c-480f-91cc-065986b9b9ad	1159
19f18702-f1f1-4b75-8458-ee1759e594db	876
19f5a439-86ec-4166-af83-ba609de1e026	1182
19f964e9-c9a2-4522-b4f2-b2ea57b14dd6	1163
19fa0c84-ec8f-4d5d-baa6-e52cac7489f8	1189
19fc15bf-e546-4400-ad52-256e1456292b	1172
19fcb0a4-0825-493e-b816-7f82d1a0ebc0	881
1a058a38-c15a-4b87-867a-9236eb0a505f	864
1a08fa19-eb2c-43cc-9977-504da56fe540	1168
1a110f21-4a91-4006-b96a-be914ef88f81	1178
1a163b35-58ae-4c53-9b9c-ecea3da38bab	1387
1a189646-7f9c-40f9-85b8-36e61ff3b988	1173
1a1b22e8-78dd-4519-81e3-4074d613dba5	1186
1a1ef0d9-2a04-4d09-8783-3ea06059b0bb	1168
1a2074c7-aa3f-4ff5-8808-0c2f5823c062	601
1a220bf3-f19e-479a-94db-3e0db22ba2a5	880
1a2a5016-7372-4e1c-ad09-a6e98778c2b2	1191
1a2aacf8-5770-4941-982b-dfaa3c4437e1	892
1a2ddb86-8a17-4df9-8d0c-a64acdb50cf5	1181
1a2eb6a7-4851-4330-b23b-c77f403212b0	1172
1a319b6c-21d8-4fdf-b379-681d64b01ba8	1190
1a320719-c199-4a3f-96ec-956deb202a99	853
1a35729d-8cfd-4d5b-b850-b4513572c3f6	1180
1a386627-0252-418f-880c-e15156e96216	1183
1a392aef-afc2-410d-b21b-1208dafce66d	1187
1a41a8d6-dff8-4cf2-acc0-f583cc69f384	883
1a4a682b-7cc3-425e-aac8-40b1ceca9fa0	1174
1a4d1c1e-53f8-4d89-a4b9-e828676a4408	1165
1a4e274e-b71e-432f-b8e8-81d1654f276d	884
1a4e88e7-a291-4063-93ea-fd9dd7811b20	1177
1a4f276a-418a-4f94-9df5-15340fc95e5f	1183
1a5075c4-5547-4090-a6c3-da58b1a24b10	1164
1a528195-4c49-4414-929a-cb592317882e	883
1a5cbf2c-a131-47ce-b9b4-d057244c1590	1167
1a5d9963-900c-4e48-b0d8-f9a3f280cf1c	1182
1a60686e-b43f-4589-9a3f-f6743fe1a8f5	1194
1a65e972-cdde-4002-af17-b10272c9e067	861
1a66aeb9-2bf3-4025-9542-7be40f1d1369	1163
1a66e046-43e9-4291-9d86-ff66fb375255	1176
1a686fc3-4e3a-4c80-b5ac-fb758cfcaa4a	1176
1a6a4d4f-cca0-48a0-b414-71d67c455878	878
1a6c01d9-9b21-4ba3-a800-834b38d46fc6	1166
1a75e0e3-929b-466e-bf49-8d1b8264edb2	1172
1a79574b-c3bc-4a72-90ad-b0bc68124982	861
1a7acc70-89ce-4a7e-8a7e-2d5fc59434d4	861
1a83eb24-cd5e-43fe-93ce-dc3ab71b5ad6	1162
1a868fb1-5913-46ae-9111-1743bf416a34	1182
1a893f81-dc95-406a-a6e1-920bad6070f0	1167
1a8b5eac-ec7c-4b27-b665-320484ee2a1e	1163
1a8de2a5-fb1c-4d58-960c-0fa47b73b560	879
1a913c11-3824-4f1c-b57a-0d77e888b384	1288
1a93c9bd-e990-47e0-9886-0a629cd32871	1187
1a9c7c2e-d5bf-4e70-a170-84e39f8e933b	884
1a9f155e-d321-44d8-ab77-b18e5e243bdd	1183
1aa67b4f-6899-453a-b321-d764474d7514	891
1aa68a2c-de4f-4392-a4e4-7360adc40fee	1167
1aa9b656-b3c6-4195-9ec2-5d2ce7b2621d	927
1aac324d-5e77-4b9f-be7e-3afe6c4a4971	864
1aad13e6-dbe7-47e5-b3fe-96f0ac5bf66e	550
1ab37e2c-96d8-414f-81ca-762c6725b1ae	1177
1ab58a0a-1939-4d67-93bb-95fd564adec0	1166
1ab89500-5ecb-49b7-8e13-453e2a37252d	1166
1ab91f3e-81e7-4108-8cbd-8bb15aa027f3	1164
1ab92f5c-4a53-489e-ac3b-03fc2740d69b	1176
1aba1882-39c0-42dc-a867-8fc13e5c9747	874
1abb6eb1-9fa4-4460-b719-572b45552add	855
1ac37bd9-0397-4a80-b4d5-1784aede4680	1167
1ac5ee00-c24c-43b4-91a1-e1921cdbfcab	1168
1ac8d7ca-1043-4c32-8f48-71543d4abcb8	882
1acac34e-e181-4d38-8898-925b9d183fe6	1186
1aceb1bd-a402-4a3f-bf45-963d652c79c6	1188
1ad1fe6b-9385-449d-a94c-021f27e3b31c	1165
1ad23d4e-998a-4af7-8121-23cef4660c1d	1169
1ad3e067-2bdf-4bc6-a48b-0d08db204764	861
1ad5a037-0d24-40bb-8f66-556361dde2d8	1167
1ad60f4a-b1ed-49a9-91a8-a6d8540b2f76	1162
1adac4d0-4557-4dd5-b1af-7d4d9bfeaec3	1146
1ade37b1-906b-4430-ae4b-c040a8e885d8	871
1adf36c1-067c-497e-a4ce-2eb086ab66d8	1595
1ae3697d-8aa0-4e98-aa90-b714b373bd56	594
1af2af04-9618-48db-b85e-79773715bea0	873
1af3349d-7ac0-44da-989a-90893cc43b58	1167
1af847c0-8485-4bb5-a748-23d4fff90d25	1164
1afb6034-2da1-4584-948e-1af4bf149286	1293
1afc1d2c-c6d9-477d-a078-9e74cd706d69	1177
1afcac05-50f7-4d89-bdb0-6c254b165be2	1168
1afdcb25-7b69-4583-ab16-a3c08ceb621d	1178
1afddd55-8713-4b59-b285-1a6b895af463	864
1afddf1e-9b2b-42e0-ba9f-0b749305f410	1184
1b00eb9c-0cc5-4be2-8c23-85fd5cd40330	1184
1b0b6b94-dcdf-40be-9b2c-02aab3d1f379	1184
1b0fb8db-e48d-4cfb-8d79-5588b55cd284	861
1b10cfa7-c353-4fc5-9ea7-72ec5e8b9c4a	859
1b14460b-b2bd-473a-9cc7-7978bdca58f9	1159
1b1822ea-4867-4ceb-9c92-a05bb587f00b	1188
1b1ea5c9-7032-4cdb-9171-5838b1c6a413	1168
1b206f11-a29f-4568-ac35-9c3d070cf2d1	1162
1b226884-f820-4c39-b8a0-428ac4db1b45	883
1b295bea-bbfb-410c-9af2-3e1f19dd4425	1160
1b2b770e-6aba-4571-a40f-42f55af3bc7d	1160
1b32edd7-5276-4a49-a847-ae79b8396583	1167
1b33eed3-50e0-4bef-b983-ba914b89e860	861
1b45cb1b-e504-4d3c-bfa3-b6799755b5e6	880
1b498856-a3c1-4114-840d-19de8fb3fc9c	1175
1b4a1d38-79b5-409e-a7c0-844130109a8e	886
1b4ac31a-0ac2-43e4-8b68-b250611dd8e7	877
1b515fb7-7aca-4b01-a378-2f489964fd9c	957
1b52c307-ee3f-40d0-8444-750a76a5f85e	611
1b563470-3e0a-437b-aa75-397c14993809	880
1b59bb91-d374-488f-869b-938f03f783e9	1095
1b5a0d38-f407-43ca-9400-d970c031441a	1184
1b5c8872-7699-4313-a60e-4403d96d4335	881
1b5ed6d7-3ac3-46b6-ba76-eb78f917176b	1165
1b63aa29-a2b7-4f17-8e5b-08f3009ba35a	1194
1b66014d-2983-4a17-8e9e-bca19ec5a1b2	1167
1b6650d2-023e-458d-8727-69a0e1549900	1148
1b671813-7bde-4d6c-905c-184b323abdd5	1164
1b6e29ff-c2f2-4d91-b3a8-96b81e8cd30b	874
1b711ff7-87e5-418d-91d9-71a716e8375a	1186
1b73a308-4636-4d7c-b571-451db9910316	886
1b7422c6-8778-461f-a5c9-d4cd0495e410	880
1b7805a1-f0ad-407e-a70a-1577cba720b9	1180
1b7b55ef-cca3-4fe3-9072-eb6a1763d54b	925
1b7be464-3ba4-4e85-a114-756186ad8ddc	886
1b806af6-f70b-49b3-90ee-449fde4f4998	1164
1b893511-708e-4b29-bf22-7b161263056f	1164
1b8a10a1-db6a-4c94-b86f-293f9ef36080	597
1b924ab1-2f93-45f0-b71d-c4a1d4bb7e56	883
1b9ecf3e-4a05-436b-904c-0c3ea3757931	871
1b9ef17f-6eb9-4ea0-8fd1-6003930bed20	1184
1ba36f98-c853-4a57-aa33-15d446d42b73	1175
1ba46f26-4299-4645-b80f-f70b97d535a5	887
1ba9241d-df7d-4c6a-b678-358868519a6e	1184
1badd55f-2ecd-4a05-86e0-b2d9e0677abf	1179
1bae10b8-50e1-4521-b0a0-95efe62782bb	1162
1baf76bf-ae35-4999-a1eb-9a34fe5385b9	579
1bb08fb5-348d-44e0-9915-cccfad881f04	995
1bb3be19-f8d0-43a5-90e4-457a2fa54369	880
1bb665f0-3658-42fe-9b16-dbc5372a2c9c	1189
1bb8261e-5a50-453d-b17e-41bfd0795a19	1183
1bbcd019-dc8d-42ff-9523-b1901bb0f495	864
1bbce643-c44b-44ef-9866-c6f9b4f0d90d	844
1bbfcf74-de98-4ca8-a3c7-a3d109b9478b	886
1bc418e4-ecb3-4c74-a94e-4b77549f0af9	1161
1bc78c6e-8a80-474f-aa50-a59273bce71d	879
1bc7bb1c-8f83-40a4-9134-4739acbbb480	1180
1bccd0c2-aa18-4abc-948b-bc214303b9dd	863
1bd4bf17-ee16-4008-b0b8-c73a0db64115	1164
1bd87542-7fe4-40bf-87b7-ddbf3e63cdc0	1159
1bdf1ecf-f896-4186-8fb7-d4231fc41865	1156
1be1ac57-d36c-452b-a142-1cd8ff828b7d	883
1be62248-3bbb-4586-8ff6-ef7db0b1474d	1187
1bed1f04-bf7b-4197-92d9-90ad20c64010	1163
1bf00eae-57c4-4c05-8af3-5b8dd8423f8a	1189
1bf7b0d7-6292-400a-8dad-2dc4d3929664	1170
1bfb551a-4aaa-470b-8a20-fe313eb6a970	1185
1bfcda9e-de21-4b92-ade2-9ea169fa1a1c	1179
1bfd965c-3e0b-4e46-b876-19a7186508bc	1161
1bffd4c9-a341-4f3c-aab7-70d03510cfb2	1183
1c0057dc-c017-496a-8440-d80e409ef478	1183
1c01ff1e-dd2d-45d6-94cf-81f77e5c320a	1166
1c1432ad-6498-43c7-9a9d-f6a6d79a7ea5	866
1c164dc3-a4e9-4d97-81f6-73569a803607	1162
1c2b0279-f8aa-4b8b-ac7b-97a95cc721ce	1182
1c2cc0f2-9d10-4c11-b12d-a55bb0d6db48	1159
1c32ce31-6f04-4a43-887a-c363705a2b57	876
1c37c762-1f81-435b-9fac-58d8e5cc13a9	1167
1c382981-0224-42ea-8acb-f35eae5832bb	1188
1c3e7647-91aa-4160-9f3f-680c72b603ff	2182
1c3f4886-4518-4c8c-83c1-b809e23d83fa	1172
1c3f8028-ae1c-4127-951f-205324bd2e4b	1182
1c41e6e9-303b-4355-85f5-9b3e10f3b2d4	1193
1c43319f-629d-4cad-a53b-457de14d6355	883
1c44c473-1522-4ec3-9007-ee5f74ba697c	1077
1c543f92-f324-456b-b563-4780b1647068	1186
1c59b012-b353-4008-baaf-ce3a6878fcf2	887
1c5b3105-e288-46af-a293-32ab088de58a	820
1c5c5425-48c7-404c-8384-f96526a9aee5	1184
1c6a11dc-7500-4de2-9d21-69bb8bd87c19	1174
1c6b6041-8667-4b4c-a7c7-49c73db47573	1176
1c6d08b1-0a85-49f6-8f0d-a0bc5d244489	888
1c6eef52-900a-4c2a-8ea2-258418174bb3	1160
1c7470f2-b412-4824-865c-6695d8116430	885
1c7cc3ea-196b-4b3f-afb7-3b85ae9a0cc6	1182
1c7fbd70-6227-4268-9981-a78c0aee6668	864
1c8ae96f-7bfc-470e-ba6f-cbd8a9a5f99b	1178
1c906928-986d-464f-b914-d3cd684cdf0d	1177
1c9744af-1376-42d3-ab6a-65f3e1f2e209	878
1c9bbf6a-c782-4822-8498-aa5cd6bd129c	865
1c9bd773-197f-4c65-925b-ce167c851959	1182
1c9d7804-5624-4448-bad0-9c3a210dd894	1181
1c9d7e8f-5275-4dcc-8960-60303051334a	890
1c9f6ae0-1664-4033-9da9-494071c373f7	1181
1ca362d4-d9b1-46ed-81e8-21398973797d	1177
1ca92de4-a0c9-491c-b052-187b9b129f92	1167
1caf06d1-0896-4041-9cd0-a4fa404796db	879
1caf7f1e-f30a-47ff-b4bc-d037514d7b39	1164
1cafa8f4-a930-494e-a24b-9bbee34d5fc7	1171
1cb56620-6294-4b5d-a7e0-562fe8612b3a	1170
1cb8df6b-c63d-46e3-ae39-dd62da2caa4a	1167
1cc1490c-9fa0-472d-b77f-deeb63c4fefc	1299
1cc246e0-b09c-4e88-8bb5-af807efa2475	860
1cc491d0-2e42-4bc9-8706-43db1c38b846	1153
1cc4d01e-cf02-4707-b60a-da3fb2c0cdf3	1188
1cc96f08-574c-447c-af41-f3b081074922	1179
1ccdca10-6f12-4551-8424-14a0fc1b83bd	860
1cd0d5a8-5573-498e-b02d-3cd587f5824c	864
1cd0f0dd-79f3-4125-b72c-5864a8545139	1157
1cd65d79-96e7-4fc4-9416-6ec58909397e	1163
1cdb642e-4d8a-47aa-adf5-4e756257a542	1165
1cde3e85-f073-4000-ba7c-b0c891d8f8cf	1176
1cdf37fb-9795-40b8-a017-55806692139d	1163
1ce0e2ae-8c1a-44b1-b2d3-78c5e0a2d5c4	866
1ce122d7-7086-48ad-862f-0477ca97280b	875
1cecbd2b-3524-4a65-b86a-73ec748b685c	855
1cf0bc6d-9d21-4281-9191-7df5c4ab7c76	1193
1cfa5990-0439-4739-975f-55eb8f7c127b	1167
1cfaeb1c-2cc9-4039-a84d-5dcd2fd56f86	881
1cfc636e-e9ed-4761-8a6c-aedec8d5e2fe	1229
1cfdbd22-85eb-4416-954f-6f8f95b53577	861
1d0949f9-0a3c-434d-8721-f4b6b00fa6b8	1182
1d0978e9-24a4-41ed-ba1c-6ec1e10f3376	1156
1d0e357e-8cd0-41b2-8b49-5588540eb1c6	1165
1d1743ac-b64f-47a2-adb6-1b2dd69469f2	857
1d1b494e-6928-4adc-aa8c-772515c4e966	1189
1d20f5d7-1b75-4150-b647-00eb9053846b	1164
1d212eb6-483d-460c-9991-faf2a5e38505	1181
1d21e6b7-d393-44bc-8f67-0fb856f89fdd	1803
1d26428d-1721-4426-b15c-3bf5bbca1c80	882
1d28f084-7a0a-4e26-91b2-ec7f45a60c62	1193
1d2e849f-fca8-4fdc-984d-f39cbfed4a55	880
1d35799c-d19f-4a34-8b95-53b6cb02d23e	1190
1d3a698b-6045-4765-951e-0ccfa0797b0b	1156
1d401fc2-363d-4ed8-a94d-2befe003cefc	1217
1d46461f-d848-4e97-b7d4-54c6636c6486	862
1d469768-052c-44ec-b735-7161ca19ad6e	1162
1d4df17a-2804-448e-9efc-cede9bcebeba	1165
1d56f8ef-e63e-4522-9a46-3da0c8deac50	1182
1d573c3b-8b55-4535-9f6f-4e9e4768cb68	1173
1d5aa882-cc45-474b-8c63-9d618eb392d4	1183
1d5ac755-b35d-42c8-9a6e-24380ff4f7f8	865
1d5c473b-d52f-4286-9427-8c74ca25d247	1163
1d63c336-883a-46fe-bf1c-24471f0b6c72	1010
1d656f24-ffee-4087-8492-805768ecfdd8	1190
1d6cb139-db97-4894-ab28-455de5e4d1cb	1164
1d770c69-d820-44d7-adbe-da63ffd6211f	2246
1d83820f-45f6-40e0-93ba-b39c299f5262	899
1d85f5a2-cca5-4873-bd53-acffdd7f0403	1154
1d87de42-a1bc-4408-b7a7-df2cdaaf9abe	1186
1d9afa61-c584-43fa-b1c8-1f9b25d1ced0	1183
1d9cc785-9f89-4041-9013-7db5b81e23c7	1190
1da446b6-5d0f-41cd-badb-cebeb24484ab	589
1da62dc3-8d36-47c9-80a5-8acda8713d2c	1157
1da7dbd8-6bdb-4440-9154-1b77ded26149	863
1db10dd3-8f92-4898-817f-5491d1d4e085	1165
1db9abf3-dab3-4b42-be87-c0f3e66aa42c	872
1dbb9f72-5a21-4a46-94e5-af3ec0d3dd4e	881
1dd19c1a-c1db-437b-bbee-38795dd28c17	1157
1dd3cf9c-3c07-4e68-9be5-d66264e33533	1183
1dd8499e-9122-49c6-b133-9fbbe6fc5b2d	851
1dd88fb2-84c1-4ae2-b9ad-ce881f657a10	1164
1dd8cd38-d0b8-43f6-a508-2cbe4f211701	1165
1dd99376-8149-4f28-8046-adb9a196ae48	585
1ddc6ae6-a973-4920-81c0-c7d5cf7fbe5b	865
1de17d2b-8719-4205-abe5-69e37431b6ae	863
1de27202-604d-4580-9c0d-273cba0a680d	1183
1deded01-c7c1-4517-bd7d-5857ea942ae2	1184
1df14554-e679-49dc-b6fb-16f5d9fea8ad	1170
1dfbe646-dc93-47ed-910a-6f5e2bc358d5	864
1dfdc634-a404-4ff0-93cf-8d987376bf0d	1151
1dfdef40-42a3-44b5-97f8-68e5c9ecfb75	885
1e01d609-3289-4c8a-876c-655698835c49	862
1e0300a5-202f-4097-800f-d243d76abe84	1186
1e04ae0e-bc4f-4855-8d92-53a5f25b2698	1165
1e053f39-0120-4e81-9d02-580fe94c29b0	875
1e05c81a-240c-4844-89c6-3187a8a8c37e	861
1e06afc1-49e4-48f4-b8f7-6cce6c05afec	1163
1e0d5960-bb3a-458d-8567-b1f334fb8cee	882
1e0f6ed7-1408-4d54-a89d-f39b90529cbd	990
1e1202a6-9300-437d-8528-e8fe0758fda4	1182
1e1300ef-11a3-4889-8452-a4050cb36320	886
1e147309-7aeb-4c85-8efa-4594d9e9e420	880
1e1b12d0-15a2-4b44-8671-63263c85d1a6	1187
1e23f9b4-dcab-4cd1-acd7-d8becea363a2	1162
1e244098-8870-4b68-a25d-dd20d7a16d8a	889
1e27ce7f-e640-4041-ae5b-ec86c80bf48e	1166
1e2baf7b-3e1b-40c3-bc19-7298359aac13	1167
1e2e3c80-f2d4-469f-815a-984d1ba7da87	1153
1e3545f9-1417-49a4-a561-90f2b0bb9eb1	1182
1e370f9f-3f7e-4e86-aa2f-8c56ebd3079a	886
1e3d10dc-cbef-49ff-9e1d-0294cf13d530	1161
1e3d4ccd-ca7a-4943-9a35-a792ac153d24	1158
1e3e446f-74a1-479d-851d-55662ecf1586	1151
1e440df7-b299-4021-810a-946162f64552	1167
1e445a5a-addb-4442-a8a0-3b3a2a79d144	1154
1e474f0a-a78f-4ff2-befc-ee21607d1bba	849
1e48e6e7-2fca-4064-b7ec-0cfc79b46ef1	1185
1e4b4df4-7c73-4af3-97af-0701683bce9c	1162
1e4c8fb0-65b8-409e-996d-df386f170094	870
1e4cc5bb-e3e1-4788-add8-4312d6616ea4	1171
1e594e70-2d08-4067-bf34-acebc08f7987	860
1e5fb5ab-4375-4842-b6ba-da1c52455b9b	862
1e6230a6-d930-46c2-9e69-b33aab8e474b	887
1e685ce2-2d62-432c-97a9-4e9688559915	1166
1e690795-8309-48bb-8c84-4aceaa433315	1174
1e6c5a3e-d324-40fc-9c33-705814cf130e	1181
1e738e76-7d51-4003-8ff4-26a48e189d52	862
1e797cf2-7a18-4700-98b1-0a20f9bf30f1	1180
1e7a40b9-74b9-4e37-8f7e-65545e069665	1160
1e7e14fd-7b28-4033-8587-659328ba9b9d	883
1e7f63e6-3071-478b-9fc8-e5c6852daf69	858
1e81bd3b-b14b-4519-ae5b-1a81a7d4cdc5	1607
1e87bfcc-71ff-43a8-9bfd-16659a1656e7	1185
1e8dec5b-0b71-4665-a539-5c20b6b590a5	1185
1e905ed5-81e6-4be0-bd9d-fd1ea6634c3e	886
1e92a0d2-b988-47e1-aa58-89f509ae8e2a	500
1e96a635-d749-4995-9598-dbb01443e3b0	859
1e9cde9e-4ea1-456b-b3a7-61a90635926c	861
1ea0b8a6-1275-4ac4-86cd-311ba930a425	1160
1ea2b25e-7edd-4117-925e-bd8de2bae152	1165
1ea9edf0-f2f4-4371-991c-8f50c4d1572a	881
1eb82584-6da4-4861-88e1-7cb60fd67133	883
1ec2628d-d56f-4e39-be95-9158736f23c3	1162
1ecc0196-f8f0-470f-a24c-c9cb1d6ce445	1183
1ed5074a-f584-465c-a982-3c2cc61c936a	872
1ee058e6-71af-429d-b171-dd0fbeabfc91	1186
1ee2f3df-d3f2-4673-a903-572bc930c5c0	1161
1ee55e8c-0ee3-4609-939d-803940ef3e00	1168
1ee8bf91-8843-4c87-a738-cee9f5692362	883
1eeb69d5-7e18-4617-bee7-8ed2e419f86c	1177
1eecbb15-183f-434d-9d38-f6c79d8d1cd9	1878
1eeea339-e96b-4bd1-84e7-dc1a3ecc28a8	892
1eefef6c-2607-4668-a9bb-4c4b3868082c	1162
1ef2b978-6d3a-4fb3-896b-dc222ce8bf56	870
1ef3ea4d-a4f6-4664-b249-88ab951c2c30	863
1ef81c74-a7a1-42d1-88ad-8c5962c64643	1170
1ef97ee4-265e-47bc-87b3-cc2a036baac8	855
1efd089a-b5d2-4a36-875f-62ef27fa78fe	885
1f07b8cd-afab-4de0-9fda-f7615cf2aaff	884
1f09ba09-f515-4fec-863c-78011144a0c0	1187
1f0b9fdf-6c31-486d-99fb-90a5d128b02b	1163
1f12a991-21e9-4dfe-abd3-bbce3da00ebc	860
1f1acda6-a747-48ee-a7a6-d20a15ec07d7	1180
1f1dee20-a45b-49e6-b458-c9371f4374e9	1178
1f2119c9-010f-47db-9c4d-1e104d3cca30	1167
1f26a486-a2a7-4ea4-b059-e2cbcee2318b	860
1f300bb4-f740-4d89-99f6-e2247c324c45	882
1f30f0fd-643d-45b8-a1d4-099d1128fffb	1173
1f3b76f1-6171-48ba-8f4f-01f0ca8298b2	1153
1f3ede9d-099f-4400-bb29-3b88d4f827b1	1165
1f42875e-45d5-47e7-97f4-2156eb39ab39	1182
1f464caf-8b79-4398-930e-ec66bf7053e6	1173
1f467e15-1683-4631-a5e2-d8126a7654c2	1177
1f53a48e-9bb2-4599-ac8e-3687c56e2c02	1170
1f5464ef-df53-4e51-b0b8-f64ef8844a79	1167
1f5a5649-6578-488d-ab25-35ea01f9e5a2	1161
1f5d25ed-c613-4fd6-98be-123c27e7a267	1185
1f60c18f-1e6e-4d6a-a2f6-f5d3fb060a7c	909
1f611a21-e971-47e8-b474-74ce94c6963b	890
1f6207b4-4a54-4f1a-96e2-dc0278245f0c	879
1f6be8b9-a098-44e0-b97b-f744034d65f0	1164
1f6d0cf1-9936-4fbf-b225-ecbd0487a814	1181
1f6d9d31-2d50-45d0-8547-f831c37491ec	1292
1f6f5b0b-f386-46b2-8def-ec6cdf5b4a82	883
1f77a93e-8be6-4800-8085-9406bf80a4bd	1166
1f7e33b1-512d-43d0-aa71-af5150fe5115	859
1f7ed2ac-4a14-4139-ac46-5009e7014934	863
1f7fbf91-6e5b-4aed-9e36-29e72de81887	541
1f80bd0b-c676-4371-a116-90ae5d9b7273	874
1f817d8e-ac13-49db-8d06-30f66e61ef67	911
1f82aa36-f677-4dda-b36a-cf69b04e661b	848
1f83d057-ccd0-47fa-a148-ccab43406bef	1187
1f8653dd-9125-4a25-8556-ae69193b5329	1185
1f885371-ca47-46ed-a1ca-71c4b8efdfe7	1168
1f89652e-9cd6-4849-9f8b-40b802727f7b	758
1f8a224b-37bd-47e3-b4b1-03d691803968	1165
1f8cf3a5-0cee-4d38-8525-daf98717e989	1156
1f8d462a-05d4-40f0-a903-185b7605b0a4	881
1f8f4634-4965-4380-ad3a-57c83c89afe7	1182
1f93bc98-5f31-432d-9620-c2b80f79a98c	880
1f93d965-7164-43af-acbd-aaa6ce0b1820	1185
1f9bb5ec-861a-431f-bb49-5b6f3c244205	871
1f9e304e-500e-4d1a-8a46-c7a76cb3faec	855
1fa1e808-3a78-4e12-9122-0bc57910109f	857
1fa3d7a1-15f1-4567-9b36-45e0f1f59413	1166
1fa7786a-7df5-43e8-8dd8-e11a305d66a1	1185
1faa3a5d-b9e6-4400-844e-4feb25a07052	1167
1faa75f8-29a3-4263-a2b7-3dd05b9b625e	862
1fb02400-c55c-4469-b6e6-56e7dc34ce1e	886
1fb0bc62-4da1-4c33-871a-454836403c57	1153
1fb3ac72-cba7-45e1-b87d-ce50eb643628	1174
1fb80f94-30e0-408f-ae77-1ee3d12468f9	1179
1fc37385-98a1-45ad-9dd8-e9f6a2a2465d	1158
1fc5121d-f7b7-459c-b473-71c6c80f39ac	1165
1fd0588b-ef4a-4d90-a2a2-2dfb6dfbcb3c	1155
1fd50c00-8af4-42f1-9224-ed071fb444ce	505
1fd6bd42-1015-435b-843b-157ee9292b0a	879
1fd7aa98-fec3-48bf-a0c4-e95284c93572	1164
1fd89c81-75ff-4acc-9292-7597e2588f19	884
1fda0522-19a1-4618-bdf9-cc4f05b90287	991
1fda7373-1b36-48e6-98b9-867721d6534a	883
1fdbedc0-7c64-46fd-a1fe-c591470043cc	1154
1fe19651-860b-4548-83ab-dda148e6e2cf	1160
1fe23300-bd5e-42d8-a460-a736c5963e24	1161
1fe2a0dd-21d3-4873-a162-df9b5c0b07cc	1164
1fea060b-c2a5-4c85-9f12-dc9bf8524cc1	1182
1ffd1a80-8c62-4919-8f2d-6acc0df53e49	1180
2004a6a5-f9b1-4f6a-8ab6-e0f98e1c9bbd	1188
200733bc-2b54-4d18-83e6-ca25e2776137	862
2013c213-9c91-48ed-9512-d2736481dca7	1174
201714c2-c442-4ff7-8622-f0d83428d779	859
2019eef9-776e-43a4-84ce-c0514b1e193b	1176
201bcaa3-8c12-4955-882f-89661c0b965c	598
201c196e-748b-47cd-a4dc-916d7d75a59d	1162
201e331e-887f-4129-904c-66c9751c6bcb	1155
2021464c-f3e9-43af-a4f9-1753ef15123c	884
20221885-93ed-45c9-b920-369639ebb5aa	882
2037944c-583f-4c0e-8ee2-fcc341527304	1173
20389d04-7733-4870-b67d-f1729e13529d	866
2038c5da-9825-4898-88de-31a55856df44	851
203e6548-44e4-48c0-889d-fcc7d45c34a9	1162
20443ac1-0475-4cc1-8208-8f306df34c4a	1178
2044bd6a-ab8a-40f8-917f-be7a9a502928	1184
2046cb50-1307-4df2-9687-7a280d8ab9b5	1164
204a3188-6649-47ac-a4a8-f856341463ee	862
204e8a88-88b1-4c3d-8332-982e4a4f48bf	884
204ec15b-80ea-44d3-9d9c-38a04f2a2424	883
20548b7d-a263-4fe2-af00-1f005893a249	1177
2056e32d-fe5c-4b54-989e-e4b6f69a7a32	1184
2057de52-3ac4-480c-95d8-4df6926c9c52	688
20597240-dd0f-43f8-ba4e-5945599ee953	884
205c6f83-8417-44fc-8cf5-b9b2f88de7d6	1187
205c7e83-2047-4a1e-bb2a-af2f5d852411	1165
205e54a4-a8b1-4c24-b74f-030bee5f6378	1182
20635a80-6391-4207-a643-df6a30e06019	1166
206bd4da-659f-4489-b2eb-911b8a76d852	1293
206ef8fa-5038-4a23-939a-226d3e8889a9	1168
20720bb5-32a6-4576-9592-c8007d109b3b	1183
20735d4c-0d95-496a-9454-dbf011e663e3	1022
207ee19b-53ea-4c3c-975f-a3e72449be62	988
207fc29e-ac58-4996-afb0-13c0d620f542	1161
20882d19-1f95-4e86-bd7e-a86580872604	887
208d29e7-1462-4332-9c4e-47265e3106cb	1184
20930a17-38eb-4c64-b065-b540cfbdfb38	1163
209cf420-5c1e-4bf8-8960-4717268a0d6f	879
209eccfd-680e-4900-952c-56d47997d3f3	1193
20a0bf0e-427a-47f4-a058-976a0b0d3493	1178
20a7b0d6-86f7-4406-b77b-bcee73a8c16c	1186
20a8090e-ba03-46fb-be2f-9741fd584228	1171
20af1d6d-eccd-46c8-ac64-ad9360d6452d	1165
20b6e687-812b-457e-bcef-38d4fb99ae75	1184
20b8205d-d27c-4f88-90b8-94b818c87b27	883
20b8f2e6-064c-421b-9bb6-78df75122720	1167
20cd38ba-0f84-49e8-88ed-41b51929bb0f	1164
20cde645-a7f8-4500-82ca-8cc73fc8c59d	695
20d2fb1d-7b9d-44dc-95d8-fd199864e245	853
20d6a551-7abe-471a-9fae-1284488e9361	2052
20dc8d9b-f23d-4964-bbee-d663ec2e8844	1161
20def8ba-d7bb-43c3-93ea-c8d907b60511	1162
20df3121-f6b4-4b00-b217-f4e5887ebc16	878
20e186d5-6c77-4d29-8333-d1f3d0201982	1168
20e49b6b-f6b9-4d98-b1dc-339b547b0a02	1151
20e74166-95c1-4a50-b96e-87cf2f2e4dae	1163
20f3dd20-9b7a-474e-9893-84f838ca1b56	846
20f73ca2-ab17-4916-822e-1545e83c83f3	881
20f98522-0b57-4b66-b5d4-097959b7cbad	886
20fa5643-f317-4df2-945b-e74a7381546d	1181
21028d46-f4fb-4662-9e27-32ad993341e3	886
210dfe9e-1056-4f0b-9f39-35aebc017d32	860
211a7ec9-3330-4c76-acc8-cdffb92b8ca8	1162
211db5c9-3137-47e4-9016-77deaf9d8a8c	1177
212257c4-8a5a-4530-9748-2c2201c0ad0d	1165
2125b3d2-f2a7-4983-97f6-c1954187fe46	860
21279137-3f59-4ff9-913e-e9952cfb88c7	864
212ba528-3e65-4fa9-8eba-c4683bdae372	884
212d50dc-839b-4984-966a-dbd92c2cc5ad	850
212f56e9-e862-4386-875b-b89cb22ef2b9	881
21300418-7a0f-4d53-8f0f-eae2b90baba6	1187
21309b2b-1fe3-4470-8eda-4ef300ffc8c1	1167
2135c430-c1df-4c17-9e1b-d6ef5c238c2d	889
213c073a-3c6d-4e9c-8e09-10787606ec01	1170
213f4376-efef-4b55-9af2-3870000ede2a	1761
2148f01f-c433-43ca-8e3a-fb9206195c56	1188
214900ad-56e9-47c7-8c0c-ba8304363602	1165
21496645-c159-4e03-8211-45227cd7bfbc	1183
214a1b78-8472-4af4-9b1a-c6f5524e2135	1177
214ffc08-4402-4bce-8255-9563cff05bee	855
215956f0-597f-436c-bc9b-90bc4dad2e6c	887
216510a8-7bbb-4ea6-904e-ae1bb60fca8d	1171
2167393f-af4c-43a9-9cbc-9355b61f204e	1167
21678c57-8403-4303-a71c-986c6b81e8f9	1157
2167fd3d-42e6-4551-bd70-d6c3dbd54936	877
21681028-fc3e-4fdd-b217-7cbda31c02e3	886
2168805e-707c-4735-8172-994580c189e1	516
216b8738-74da-42a0-b5be-aba7d0e7c19c	1154
216e92a2-19cf-47f6-af3d-a7941ce5fc2d	1191
216fd0fb-0271-49e6-9cd2-afa7ce0c98c9	1167
2170867c-f6f7-4043-b5df-8d1399fc39fa	1177
21708b5f-431d-4e8d-ade9-536bd2e97e75	1180
21833a47-2708-455d-88f4-1ee9442ba192	1161
21878d3e-20ba-452b-972d-0d4713ceaabd	1170
218853c4-6cbd-4ed7-b190-5e4baab8ddd5	1188
218db3e8-9f1d-4285-b5bb-95af7abb5c5a	1166
218f7304-c2f1-47a9-9d5d-682b8de3078d	862
21923b47-020f-4de2-8431-2470c0946bfd	1184
21935eb0-f63a-4b13-983d-7626e332b44c	1163
2194dfa3-4bfb-492b-8c0c-70b2c31500e8	885
2195218f-70f6-4ae7-8dea-8488cb9f351c	2244
2195fc33-94f8-4033-8b95-f97ab76bf033	883
21971de4-14a3-4bcb-ba38-e1302db1b609	893
2197566c-fe8d-4c8f-bb62-998eea2be272	876
2197e274-10ce-42c7-a448-97387fea008d	1154
21a28a72-a110-48db-8168-4146d6b32778	862
21a890b8-a761-4e47-a377-4981ed9af081	1183
21aad143-098d-4392-8dc8-1deef535cbf8	861
21b00ab1-119e-4d8c-88e8-28dd3c5cc4c0	863
21b1d2a1-e0ff-4577-ab18-95f03f172067	1183
21b90437-b631-47aa-9c7b-4a8092ba69e1	1185
21bc3ff4-f2e6-49b3-977f-d27aa733257b	885
21c16b00-1e66-4ad0-aaa5-3ffcd867712e	885
21c3deab-cfee-4489-b676-1be081a368ad	1186
21d84fa2-8cfd-461f-afac-f14765d5c4db	865
21dd8cf1-68d1-4fcf-8f31-06e86a5827ee	1173
21de7960-7915-48c0-947a-8f2fb1d821b6	876
21e3ddec-30d5-4f2e-b879-ced3cbdeb242	861
21e41b59-533c-4751-ae48-6842b559800c	1155
21e66dea-983d-4de8-9832-105cc6fc5bd5	865
21f08b7a-6111-4e66-9f29-0a5af89dfce8	1169
21f2178f-dc68-49c0-acc5-9dbd21b1975f	880
21f65769-e5bf-441f-9399-585044dc614c	1182
21fd9aab-cce0-4014-92fb-cb50f322525e	1183
21fe8b25-4d67-4e1f-9c2f-c63e68ecd1a2	1167
21ffba2d-b6ab-44fa-a1ab-60af862aec19	840
220064f8-26c4-4b49-94b4-e78670f6b088	1182
2205e074-03fe-4513-a4a8-b97b5450fcf3	1177
2206d754-1a08-4804-95d6-3b377d1c3d8c	1171
220bf557-b463-48eb-8a11-6943a529fb1c	879
220c4094-829b-4a27-99cf-ef31d5a3a7c2	924
22116180-1846-4b4a-8a38-2376fd9ad2fb	1178
22156b21-e38d-4a57-bce7-da02858c5c7a	880
221b2c29-52d0-414e-9062-cf48f11f2c50	1184
221d561a-64cc-4a90-9803-8c56b47b4de3	1183
22216699-f3fd-45a1-b005-471bc2421119	1192
22250c5f-6579-48db-a60b-a85f3af408d3	854
222617f9-d902-44f2-bf80-f3ae761c701c	880
22281006-8a4b-486a-b80f-f01c78a07a68	1209
22292201-2358-4418-a5d7-3f5ae29ce48b	915
222b2363-e20b-4919-8537-3468ed62cef2	1187
222bc58b-66fe-4e1d-8f8f-c741f8c375f2	1393
22339eef-caf3-459b-becf-260afa5430cc	855
2234746d-da13-4961-9dc2-ce5f7b1c6ba8	620
223a69c0-7dda-49ba-9e29-c02c1a6bced4	1185
223bdef8-495d-4fd0-b31f-8e7c50c15c59	878
223f673d-2fca-4945-80f8-1441f181b09a	1170
22404499-7f18-468b-b161-8e7f7f0451b4	981
2240e778-3118-4edc-8372-39bd1ba0f605	1187
22429db6-f01b-4bab-973d-0596f82bace3	885
22465022-d7ab-4b50-a8ba-3737d6d39eda	1181
224dc94e-36db-43e5-b97a-dd9bcbe5caa8	862
22556913-e70e-41d2-b2ad-0065f208ab60	1158
2257328f-48b2-4494-91b7-80edb22849a5	1163
225c30d3-ceb2-4e0d-98d2-86e5dfe8b1a4	1607
22618a64-6b25-459e-bf6b-c92a0a41e72d	1157
22625ece-ba80-43e8-9c63-19eb270e7662	1186
2262b01e-eb0c-4937-8de4-a7bd954b8ce8	888
22667c1e-1a5a-4727-a317-af82180fe8d5	884
226abf48-6a96-4537-ab38-a60167741a1e	861
2274f013-45e6-4cbc-b5d7-2bc0655cbeed	1164
2283b7ed-9394-42ea-afd6-86e53d19cb65	1167
22891f21-c105-4c1b-9ec0-0af079367512	1152
228ae90c-6194-41b1-a78b-a9f68ffc7adc	1147
22925a96-15f0-46fa-a402-de2c15167d80	872
2292a794-69e3-4178-a1f4-486d1de48898	1169
229e3834-e17d-4f57-aa0e-0d4870ae8050	1173
22a305e7-adc9-4783-8efa-3a3a3435908b	1179
22acb291-9039-4184-9ff5-1d9f088e3ea3	1182
22b67362-43dd-4429-88c0-5b68a3e9f4c5	1171
22bbfe32-96aa-45c1-ae6a-fff05c2bd7ee	861
22bc449d-a946-44b8-864b-2f3fe86308a0	1170
22be9495-8a69-4513-9041-1c6a98089b55	1157
22bf9812-e73f-4ef5-a81e-b44cad651f4b	1166
22d0e0ef-5e0e-452e-91da-4d50dcc8fd9f	860
22d1277f-e795-4c8e-b118-bf6f999a2865	862
22d1f378-c3e4-4dc3-8986-9240dd23b2c3	1182
22d67c44-174f-45e3-9691-b02d67d8525f	1183
22d69190-dff4-412e-a4f9-d5c5139cefa9	1183
22d896b7-2d25-4670-a4ef-729eba5bafc5	1164
22d9b78e-bf1e-4ef0-8993-b100c4c7ddf7	1185
22da58ff-9698-4d15-9fa0-31f235bb3b0b	1171
22dda807-71df-40e4-8bb9-b38bfec60dba	864
22df29c1-cc83-42b8-8a27-d1a094ea449f	885
22df93be-6fd7-4da0-b051-9aa4210ad231	1165
22e5d07c-6322-4f9e-aaff-dea2a74508ee	1178
22e66f7c-ff5c-4b96-b8d0-5431606d7f1c	1193
22e7f19f-2d1a-44e0-a823-fc4908b15758	1160
22ea2b16-f2a2-450f-8a0a-8d00756f4c63	992
22f095aa-616b-4dbe-ab0e-193ba7d63c95	1178
22f56ae8-dc21-44b1-a930-6fce57c0135b	883
2303ce13-78af-42b5-9d8f-29086b4fc817	863
2305ae70-2457-4c99-a495-ee1c4225f9c7	881
2306e054-31b0-4b68-ab11-d30f018b572c	853
2314c82d-5108-4a99-8dfa-50122475b832	888
23157c2e-7dca-4d5a-9a8c-532c57b80dad	885
2315d464-e010-42f6-a795-27a868cefdca	1184
23171670-3080-45ee-871e-605ecc7a3614	1081
2317828b-260b-4162-a4a8-3ac54dc14d8b	865
231c04a3-3ec6-4a16-8345-ca5bc0559689	876
231dde22-0a9b-4675-8f6d-c2cd31c20e4f	1467
231eb688-8b7d-4637-9f98-28685345f7cf	884
231ef917-5040-4046-bdaf-69655565f061	884
23244890-f5d4-4f17-974c-3b12d3c424cf	1175
2325bbde-61fc-4f52-830b-535748604ab6	1167
2327428e-dfab-40c7-99f7-20488b9b5126	860
232838e9-9e99-44db-8442-4b4078bbf5d3	857
2329ca94-b9f7-4694-862f-b59a0ef6a3cd	875
232c92b3-35b5-4555-8416-1e9d47c4d7b2	1179
232eb17e-f17f-43b3-8466-d1c2f34fff25	993
233870d6-2e98-4b32-96be-79ba410b55f9	1188
233a5602-f5e7-43b3-8e98-36f737545402	1183
233b32ac-1558-4ec5-b201-dd58f020ad48	882
233cde5c-81f1-4328-8a61-b54d1fcf69f1	882
2347678c-903a-46ed-bbbf-a7b488142111	1184
23590d69-e200-4bd6-96fe-f3e95386900e	880
23600d3d-adc4-4348-b688-895a43571c07	1180
23655060-6751-4659-b49e-3ba5064af601	1186
236b4ace-69a5-40f3-af7c-c73d0d5e4ae2	863
236e7034-8872-4579-be70-d8fd5ba67a4b	1289
236f2733-9a1c-4434-aa41-594e118f0986	869
23767d59-c7eb-4e89-a3d4-7be03444b83e	881
23790a87-4245-475e-891e-623467af9046	861
23791f23-435a-4686-87af-09e8a17384d3	1155
237ed41a-a01b-47e1-a619-1d302ca5724a	860
23815a01-4ca5-4cc9-b0a1-52644bae7e7e	1182
2385e63a-4ef1-4e51-bd9d-6eb89325ea71	875
2387ffca-8493-4e20-bdfa-7cfa8fbc857b	1172
2389b6b4-2b39-4156-95c0-e7c330577094	773
2394285e-fb84-44cf-8853-de190091fe15	1000
2394a7c5-2bb7-4d91-bf7c-994364c1110e	1125
2396b36a-7e2c-44f7-b16b-e87496a73445	1175
2397c2ce-7741-487c-acdf-9867b1e684aa	1158
239daf98-cd63-4a0a-b0a9-690ab85ed82d	1158
23a829d6-adbe-4ec5-a581-6e486ff51192	1866
23a8453a-e4e7-4d8e-8a2c-8699a1ca046d	912
23a93709-314e-4cb3-a6fc-948220f9b1c1	1169
23aac840-fc7f-4c90-92f8-829b3646302a	884
23b3effb-d51e-4b5a-8c11-f6b0aac671f2	1158
23b9e868-6c8a-4cf2-ad9d-e4dc31d2217e	860
23bb1cb1-e752-4478-90fb-ece565469c0c	1183
23bf8bb4-2fcd-4ad6-a000-d0e1eeb0c48d	992
23c09de9-0b93-4c7b-827a-d4ee9e5ff4b4	1182
23c1f3bf-80ea-4d26-8b69-a4b8168771b4	1166
23c88c39-f6f2-455e-af00-423eb90c0a37	1162
23d81178-93c8-4474-92ae-afdaf8de167e	1164
23da2e2f-bc6e-4f13-88ee-93427809cda9	1172
23dad380-3920-48cc-893b-4f57a3d9f21a	1168
23e152ea-db19-48ec-8a0e-58e9958f02e4	1180
23e26c31-5a38-43bb-be23-ca4d57080f31	881
23e6d7bc-3651-4489-84e2-fca413423d60	1179
23e76c6e-f694-4826-9389-7c9b6318b8d5	887
23effd79-ea93-48b0-ab5e-7fe1e5711a00	887
23f0f91e-7643-4412-92d9-b570e1235251	1166
23f11c43-c10f-4ecc-8d1b-025926bdcc53	1181
23f482bb-1011-4672-b224-3d07b683cb86	875
2402c187-bdfe-49f5-a7e9-ab2c7e97bdab	1146
240796bc-77f4-46c1-a54a-90dc4b222155	884
2408ab16-e43b-449e-a7f4-eb7524d5ad29	1200
240ab901-b8d2-4e32-ab78-f51c5814a9a3	1154
240c6582-348a-4f94-a0f0-e611326b2b5c	1186
24155735-fd37-48e3-9f6d-7c22c6ceea42	1195
241cb63c-0c85-4e09-8826-af06e7f02fdf	1184
241f4586-819f-4cba-afda-48a5c00546b8	1165
242014ad-8a55-4ef2-8741-4e5dec785b2f	1159
2420e92b-31b2-4bf4-87c8-f5f0808ec8ce	1168
24231e73-2135-45ab-94f9-b6348d994e1d	860
24250c1f-676d-43ef-955d-7b1396433975	1186
242a8732-bfb0-4465-b19b-1fb3ccbfd16a	1169
242f2173-329f-4e2c-929f-ab107e9fad81	1173
24315b0f-44b6-4d45-83ff-8b5964a93109	1182
2434fef1-fb2c-4820-b847-f141615b4646	860
243552bc-29a4-4996-96e9-10e477052353	1176
243930ff-c5d9-43c5-bdb4-0a7069a59fba	1140
243a6028-db14-4318-a7e5-7ec340636732	1170
243fb0e4-5e5a-4ea7-a478-3a20a1e9c348	1163
244034f0-fb7a-4e63-8157-5bd03d79abee	882
2442b7eb-d41a-4659-87cf-ac80e497d629	721
24462105-5314-44de-a71c-4d36667ea69c	1166
2450dc19-1411-4cda-b30c-23ca2f272be1	878
245ae06d-f007-42a5-af38-3fc19fcc4e2e	1176
246193f0-27e0-49fa-8d8f-33849c2e6037	993
2463cd4b-98b8-4e12-81b8-4da3b6d1f437	1167
24664fe5-1031-4d8c-b983-fe0edf42c4ea	1187
24670ee3-ada2-4286-98f4-73a7e510c677	1160
24677f6c-39f6-40fd-abb6-4d1cbe2c064e	1166
246d749c-724f-4c59-85e5-4e24efd1af65	886
2470abe1-b672-496f-aba1-dfa3c194b0dd	1164
24751200-9df3-4f7c-a6c3-d802a5cf1ff8	864
24752fe5-e5c0-413f-bd2c-f95cc5d73381	1165
2475618d-cba4-4182-b6f1-3f93c4c329f6	2222
24773e2b-a39d-486d-bbc0-1cc4bcfc36ff	1169
247fa52c-1de7-4678-984c-a418446a5097	880
248817f1-5b1b-4a76-a1f1-0977b9e38394	1167
248d46a5-aea5-4214-931e-6d149c71b973	1181
248fc0af-f12f-4357-9496-97c36d44b0da	1164
249bff07-5c56-4ba1-81be-5c1cd5d8f546	867
24a63117-f88d-480b-ab87-0193200776ff	840
24a880e3-eb44-4261-9025-3a83faa84409	1090
24af98fe-2214-40a0-9574-0b6fc28593f9	1183
24b08c06-4da1-4fd4-8837-fb2fae1c016b	1185
24b77adc-b959-47a9-a440-060688ea6289	864
24bd7aa1-1964-4797-81f8-bd30d7c57982	883
24bf9547-9a8c-4e5f-a3fc-deb3a2d22e66	1185
24c009d7-00f4-4c00-aeea-aa3138c65311	1161
24c46810-2331-46bd-a1d7-722ee1bd7fa2	1176
24c473d2-62f5-4ac4-83a5-b4c764aa6903	1143
24c66c7c-c212-4036-a0a5-c74798d36ff3	1178
24c88f0c-47fe-4d13-ac90-49e2151ad7b0	883
24cd703e-a703-480e-85d3-eb9cc46b801c	1179
24d205d5-817c-451d-b82e-c5d3895a6b4f	881
24d888e8-f995-4cc5-88c9-183ce03e3ddd	885
24ddcff2-9d19-4ade-b655-22938fe5ffd4	1161
24e14e44-2371-446c-a8f1-84aacda712f2	1156
24e32935-70cf-4a85-8932-c7b7fc3b8621	866
24e6d1a9-39a5-4e21-965c-59d2495f5957	993
24ed4a7f-7dda-42e0-b9c0-17d2dd06ba63	865
24f0da29-1b27-48e0-a068-1eb3e3ca2974	1184
24f0ec82-b3f9-4186-8083-29c60ed7b146	862
24f11bad-d699-4e85-b1fe-83f2a4719226	859
24f6a48c-ccb0-436e-bc70-9f5f170cf0e2	885
24f8ad54-3b21-4b1f-b5b9-14f279f3d9e2	1152
24fd17c5-acb0-4763-90de-1ab60781c00d	1181
2504b90f-494b-4710-9c9d-0f9d278207b4	1178
25050ede-3eee-4451-8acb-4c491c3d85ba	891
2505ed0e-05fa-47b0-bd64-5525b59fa92b	881
25065e9e-53bd-4bfa-9f18-d6000e083fec	1183
2506f556-1d0e-4bcc-bea1-cf4ee5e57c81	1181
25076c7a-4e94-49b5-902c-2807d0eac225	1162
25078dea-8f40-4a1d-b4b5-28ad6befe141	883
25093923-df7f-4e1e-9146-ae22b926bfeb	1191
2510b035-0339-48a4-a2b7-5649ee3a4064	1004
251768da-db99-406b-b994-dc2ee1b9d56a	1167
25180b26-3db6-4ffa-b880-348465b721a9	1182
25205542-5eb2-4ac8-9274-20c772e459b1	886
2520a0e5-a737-46bd-9238-469f83a52086	874
2523ad75-ab97-46ec-bae1-31af1b167849	885
25252b19-80df-4177-b781-741503b53d75	1164
252a0d70-5032-4f4c-b703-9160b1ccffd6	1163
2530f418-cbca-40d5-9849-cc3e2d87a294	892
253ae96d-04d8-4841-af0f-cc36b8f34d2c	1184
253b344f-fa35-4002-94b2-acbbf14a3e4b	1183
253bdafc-d9f2-4720-9fec-3a29291a3c23	880
253cc0ee-318c-4e66-a951-341d67b193d4	1188
25421289-b4f8-4d37-9793-0741f8e7706c	1154
2547f089-60f5-47a6-a4e9-5f431c3e8329	884
254dc0f5-97a6-478c-b921-75c2f1c2594b	882
254ea3b4-2415-465c-a3c1-d1f32b5a4ff9	863
254f4217-5c3c-418a-992d-549f982a8999	881
255798aa-5e33-4667-bbfe-ef3d17e72ccc	864
255abbd3-dde3-4bf4-bccb-ed28c0a847c6	1141
255ccac2-ebe8-4154-a6be-c309b150b54f	989
255e4983-2d5b-4a4c-8086-91fd0d8cee5d	1184
2567dcd7-4119-46f1-a4ef-0e612d493ed4	1164
25684379-b99b-4239-b709-566ee0a27150	860
256cda65-7a4b-4a01-832b-a337e13a031b	1190
256f065b-a124-4263-9142-5a613c6b1cb9	881
25747cf5-6e86-4a23-94fa-c6580c6470b4	1163
257a0a51-878c-41c9-91e5-830994a47ac8	881
257b93c8-3e2c-4fa3-aca5-a0f6b305d6c8	1189
257cee5c-e9a0-461c-8dbd-12df276c9f2f	882
257d0e1f-e551-46f6-814b-aa739ada11e4	1175
257e7775-d4cb-4cc4-abad-d6be36bdf7d3	1174
25805b0d-d166-4774-89e5-a9a4acb1df58	875
258349fd-e5b3-4167-a6bc-fdc7847828df	882
25883680-f0e9-475e-9436-f05ab2d8ac2b	876
2594948c-b3dc-4831-8003-692d27fca2da	1163
259695e4-3a1d-4864-802a-49e46aab5267	1172
2596b46b-3884-43a5-be16-9ff9446f31f4	877
259aa98b-04db-4d04-a08d-0a0d413f3059	583
259e2744-5d96-4d1a-9aad-66d99c17b1b9	1186
25a6259f-6c0b-4707-aef2-8d6e6710a5a3	885
25a72158-9e9a-491b-8351-5996c0fb85ed	2213
25a81358-97cb-472b-b20a-875c7a679973	1170
25aa3221-3bed-40db-9a57-afec7e24ab7f	1179
25abc341-4ed0-464c-a21c-cc4b18b3b31b	856
25afc811-53c1-410b-841a-04f7ba4a853f	1188
25b5e659-73c5-44ed-b498-979af1d47748	1180
25b682c6-2070-4a7f-a277-ca932be713ca	863
25b9c6f9-5c9c-415a-8650-668505ffce9a	973
25ba345f-c04a-4229-bf7c-0e4e94b4c513	1167
25be9577-82ca-4da9-aa9b-f3c63246e783	1294
25c52135-3003-405f-aba6-e2f1bf10a3c7	983
25c6e577-0c06-4e9e-af25-2f47b80b2a4f	1159
25ce2fa5-686e-4838-96b4-d2e034e22a93	863
25d39bef-d9c9-4808-811a-83343fda3cb2	876
25d8a56c-d481-4408-b62b-412c0f81b918	1193
25d8a892-07ee-42a2-b569-92c41006a0f8	1170
25da45bd-e039-4933-a1e8-56847250d787	854
25dbd596-9f18-4719-a8cd-5ebdf52b516f	1181
25dbe119-7d71-43ff-804e-6d0a5c4a37b5	883
25e560ce-bcae-49e4-b65b-dfb29a837ec4	883
25f50569-a244-48c2-8f2c-a1ec58d113a0	1192
25fd6de6-d0be-4a88-ae67-1f1fbc5ae325	1165
2605d02b-e69f-477b-90cd-c37dc2e9f303	1168
2606b747-0d7b-48a3-afd4-7823ad697fad	1165
2607a546-4f28-4fb2-8758-7549357c7321	1169
2608694d-8f5a-472c-a2af-ac787adfb0e7	885
26105686-7a8e-4347-b323-3ee90ba5d335	1192
26147df2-cb8b-422c-a032-5b50cfb4077b	1160
2615f0df-4791-44e4-a6a0-b50fb64c9c59	889
261a759b-7452-4dad-824d-bdc570191bcd	1161
2627ae9e-cbbc-4287-a0a8-6d33f56f1592	1164
262c358d-d8f6-42ba-8bf1-03e0aeda23ed	1181
262cd9ef-cfba-49dc-9504-a1360eea517c	1152
262ffb92-dcb1-46b2-8c8b-7ceec54be96e	1186
26315d3f-ca63-40ec-970f-07504d03cc34	1163
2631e263-1dca-4f15-b98c-0e9bbe901c32	1171
2631ee77-eb9e-4300-a950-363f9c0e7a78	1184
263317f3-d0a0-4b9d-86bd-ee7fbfe6ff38	1159
263cc476-b693-4763-a7ed-93693a55a481	1164
264349fb-7055-4571-8de7-464a07ab6472	883
26473798-7ef0-4338-b624-43356f9b2736	881
264b3982-068b-4b57-ba01-bc8d30656d22	1157
264d4783-6b1c-43b7-b0ae-05b4be49f2bb	863
264dcde5-1ebc-4639-b84a-e8034af8690b	1180
2651f4a2-73ea-4fe2-be96-6cd7e0486773	863
26562996-d44b-4c45-8b72-a9f3da55d300	1165
265ae303-c91e-4d4b-ac6b-c2feca2dba3a	861
265b0ed5-0834-4b2f-9da4-454fe53fd887	883
26606733-abc2-48a3-a83a-db8765f53be2	876
26622b25-d390-4a52-8f29-e3f13c24c699	857
2663379a-5b4c-437f-a09b-27fa5c7c01e3	1166
26641d8c-9557-474a-a9e0-67ef4fa5770c	1188
266b417a-5361-4afa-9010-37afae269bab	1182
266be4df-68ac-4ad8-a32a-bb4edb5ac21b	1164
26770fca-1733-4027-a235-3a7879529e32	863
267a1571-0dc5-4d9d-9ff0-9c21959bb080	995
267c6e65-734c-4dc9-b445-7f72f501c6bd	1169
267ec644-9a04-48ab-b707-86929e952756	884
2682e107-2dda-4dc3-97d5-b273bd13b004	857
268d9f71-6c17-4aaa-a019-e5a6de87ff61	1175
26999449-eb6e-4b3c-aa44-996c68fd47fe	1171
2699cec6-6156-456a-8b09-646bc3b1928a	1184
269ad302-c6a5-4315-90a3-8e723f3e0158	861
269fb22b-4f99-47c0-a829-1ae4ba53d68f	865
26a1c2ee-01b6-41b2-9e54-caab9b4574e1	1389
26a66948-38eb-4b50-8719-d4bfa16482b5	1184
26baa540-7be5-416c-b68b-0183dae82195	1180
26c558c6-5eb4-4433-a3f7-ede94b9cf477	1183
26c9e7ed-6180-4d7f-80c6-f4be442061e1	883
26ceffe7-e82b-4393-a33e-7c2ffbffa0c4	984
26db4007-53ae-41b3-ba26-ec2836108e31	1184
26dd1a41-e91f-4d49-b512-4f822532b7b7	1161
26dd2760-745e-4c64-973e-77626c2ab5ab	862
26e0d908-3109-4683-99cb-0b63df793359	1182
26e2fc77-bad1-489e-8a47-eb24dfa1fee0	884
26e71a51-e017-4ccc-82a0-c86b66f30746	1167
26f04659-4b4e-4c1d-af9a-903d8ce3e2fe	1188
26f85058-6d42-4497-89c5-a0ecf02a4cae	884
26f952cd-0c66-4400-b537-117b04dd21ed	1167
26ff5e0a-5637-4afb-9217-33bd62c3b6ea	1170
26ff6566-69af-415f-a941-0d4fa886a3af	883
26ff96c9-ff59-4856-9eba-6862832932ae	1183
27039a3c-ae64-47a3-a341-51c56f7341ce	864
270bd53b-08f4-4e68-ad06-d691b3af75fd	651
2710f396-592f-4639-b5b6-1c759b53bfe6	1158
27181e53-a092-4073-bdcc-69eeda9e6be6	1183
2719dcc6-7f62-41d0-93aa-ce29d1cfede8	1704
27418975-d467-4280-bf86-b0ad601888cc	878
2746dcf0-c475-40e9-8ba9-a0b9c597e809	611
274d4ebf-f6e7-4d9a-bbcc-217b0de08d4f	1156
274eb1ab-fded-4fd2-8f60-937588784d1f	1158
2751cae2-ce94-4068-aadc-4f867828341f	1166
2754cbe6-ced3-4926-856f-96ce37876877	1188
27620bf9-e883-448b-a8dd-a093d17638fe	1171
27657356-5848-4144-9315-d6a9246f42bf	1188
276a7094-fd16-49c4-9a98-9ce472e55e41	860
27705265-1299-48bc-8537-ebf520070caf	1187
2774536c-774e-4745-b1e6-09540c5ecaba	1190
27766700-e28d-4c3d-8e46-381f56347c52	1164
277d8485-b947-48b7-97b9-fb642ed80425	1183
2781cd93-f483-4200-8acf-422829a55efe	888
278526ac-a15c-48d5-b491-9f9d40e6401f	1163
278d51ec-69de-43aa-aada-908ecf37897d	868
27990db4-93e2-4841-a2cf-a5021a6c8e32	1187
279ae515-c1ce-42bb-894b-12d39e6dc7a2	1186
279ebc27-e9dc-4aa5-813a-952483292c1d	1181
27a4a840-8adf-49d8-9ba6-38025d4d977c	555
27a817d0-c483-43ac-a4a9-94fb88e44f3e	863
27aa80e7-4d27-4b32-be24-a547cfe4f17e	1161
27aef003-2b66-4355-b7ff-1256694dc0bb	1184
27c09853-7428-4346-81f8-d2165ef53616	1170
27c4dd52-4830-4f5b-ae0b-9127da3ec230	1276
27c5d156-5e1b-43f6-a76d-9b70363567a9	1185
27c6d635-198e-4e00-ad19-cf7da2732f71	1182
27cc754e-e7ee-482c-a888-743707b8e6d2	1160
27ce0902-e8ce-4659-94eb-28b907666c53	982
27d10cae-e4bd-4c02-bd9f-7fb6e44aa337	1184
27d1a52b-46e0-452f-ac9c-09a0e5a66d3c	888
27d4abe1-ef42-422f-9592-266bea2e2c32	893
27db4e72-f8d5-430c-9ab9-6d5c8b9b5edd	1181
27e0cc7b-b52b-482c-90a8-0b0f9c0bf985	1162
27e543e9-3149-4d90-9b76-60c0aaf54448	1189
27e85053-3b20-4b4d-bea8-748ff9645403	1178
27ea6178-d53a-4fcc-ab60-ecea7085a712	1166
27ebace3-1791-4f5e-9d58-87737ba48204	1158
27ebad6a-df7d-4a36-8ef4-4fec1a8365e3	1171
27ef4499-c6c3-46bb-9afa-a92201f1f77c	1186
27ef4676-c91c-46f4-81f2-37d8e037ea75	1192
27f437eb-a89e-4607-b80d-449fb7243fef	1169
27f51bfb-fc4d-48ed-8f36-ec78a50362ea	1823
27f686b0-eb43-4be6-ac1d-d0973d9b2b3a	1181
27fee3a9-9854-45c6-a300-3efbf3f1970e	866
28040bba-9e45-4722-a538-1d9affa62587	1155
280c3889-2b47-44c2-92ce-9090da7a7354	1155
280cde9d-0c48-4925-bf8d-f6349eb4fffc	1183
280e9b1c-7287-4392-ad47-0b3384c93fd3	1170
2819ec60-7bbb-4eb2-aaea-8842d188a751	882
28202527-7ac7-4923-926a-3e5822c2ca45	915
2825167e-b7c7-4be9-af14-2b120db46fed	1039
28317fd4-a98e-4e63-a258-4475fecefd7a	1180
2833b20e-b79d-4579-923e-6e630708d8a4	1174
2835f8c2-c0cc-4cb6-b1c2-71ea49e16d77	863
2839d3f3-0d71-4d80-936e-5fa414a1eddc	875
2839f0e9-0d97-4f0e-a5e1-5874810fe7bf	885
283e9d52-d3b4-48bb-86a7-dc10471db983	723
2840b76a-a69a-446e-8ec8-236b7bd78c72	1161
2847728d-5f2d-4f62-96b1-70cdd01548a5	1187
284bad74-ce43-406c-892e-41a73c34efaf	1180
284d4082-c588-45a7-97c0-3c2e7d58c2d1	856
284f2f15-bd44-47ce-87f4-188488cae557	1161
28504f64-9dc5-493a-9339-a5ab9d6edfaf	887
28570fb9-49eb-41fe-ab83-371d0957d476	1179
2858797e-c602-4fa3-a14c-08016b04a46d	1162
285dd902-8dca-4e2e-8a3f-64da11463e43	601
2860d96c-2d89-4173-8795-cd607c7360a4	1168
286c2954-7f49-46dc-b19b-21516790b875	881
286ce798-719e-40a0-b5a7-33a8fa9baba6	1172
28701328-b0f6-4aef-8f7c-78c33c906336	1163
2872c509-8999-482a-9aac-98a8e3e664f8	1173
2873570c-fb34-48a9-80b9-f680b8cdc5ee	595
28768f4f-2e91-4509-90e7-757a297f78f4	1178
2876e5f6-15e6-4817-9057-b0aa46aa4f68	1163
28779f63-38d6-413d-8a15-0d68f960bea0	882
287cb5b5-d839-4adb-93dc-a02e71c3b0c8	1171
28838764-174f-4013-90ad-b9d36923b431	1167
2883a007-e912-4978-8698-55fcffb185bc	1183
2884bdea-fe0c-4354-84b7-2a5341df5654	524
288bb002-9ff4-4732-879e-6d1654d84773	1181
288e5c16-73d2-418a-a419-f156db42f418	798
289264af-f43f-4789-b33f-87da7ce0ec9f	1155
2892f4a0-1556-43f7-8b2e-326215fcb819	1189
2893153d-d4ea-407a-8f28-044efb929c11	864
28933a2c-8279-49c3-8201-1cb6fc029e0b	1158
2893c9e4-d5f7-40de-a043-7d8a186d35b2	865
2895df65-6772-42f8-8425-f9efa7f5f4d2	888
2899be19-dee9-4ca3-9904-ad13300c4cb7	1176
2899c55f-42af-470b-bcc3-1d4454ee1bbe	866
289c7f27-d4eb-4021-9da4-7310de219a4c	879
289f3d96-f63b-4e35-9193-9432b984e3ab	1163
28a348a0-cf1b-4095-b663-7fa805bbc040	1192
28a93dd3-beaa-4f57-8b9d-87fdfb1e5f57	1164
28aecf98-20cc-44ec-bd16-51335437da71	1166
28af86bc-c202-44d5-9e10-dfcde6183999	1182
28b182a6-136d-4500-a0a8-dec7f1cb84f6	1162
28b630bb-dede-43e6-b115-7e953ca249b5	1165
28b79917-97cd-453e-ac13-11b3e0f45aa9	1185
28bbd8c6-cb8d-4b56-a5a3-fd54b27d0407	542
28bd6086-482e-4a60-858d-1fe7d359e41d	1166
28c565f9-8b2b-4e47-b738-5a9550173270	1168
28c5a66c-6e3a-46c9-9b2b-94be2bd482fb	1184
28c9536b-e5ec-430f-8979-896b1ee7b56b	1195
28cb6e34-622d-44f6-b2dc-60eb4dea4863	913
28ced264-be39-4d9f-8d99-1568ddc6a1e2	890
28d42f3f-ac6d-4251-a44a-4d7cb5d95ec4	1189
28d47762-ce1c-4db3-9f50-409c559b80b0	883
28d75c43-7eda-44fc-9a52-d48f9409d856	864
28d7a9eb-2aba-43d8-9030-b939987255c7	885
28dbeab6-bdbd-49db-95d3-d695f1362001	1156
28dcc52d-a04e-4c74-8ff3-dd8e19eb4e31	1187
28de0f52-0e4c-49b1-81b9-fc1f5dafd4fe	1166
28df76bd-798f-4980-a4b7-7c4df16bd99f	1191
28e30860-aa34-46eb-b854-e6649f92872b	1177
28e49c56-cf56-4450-8b97-d3ed128dd1a5	1160
28e7f480-bdc7-4b29-b560-485c74c7b4a0	1189
28eaa9f1-b6d6-49ad-a77a-8b42ef771037	1185
28edb175-6335-402f-859a-d305f1e061d9	757
28f06479-5486-415c-8505-295b65c4973b	1170
28f249bd-67e3-478e-afd3-6fa57daad324	1173
28f2a354-1f66-4537-8846-4ad3eea131a7	1165
28f7816f-552f-4ce6-a7b6-b43a30c50377	1189
28fb93f8-34eb-4cb7-a711-77f5db5e5c9f	992
28fc1a4f-e0da-4859-af3e-3d1e3f154756	861
290f7806-4f61-41d8-a7ab-bb1cd6bf98d0	920
290f922d-8ab2-44c6-ae1a-ad7f34383f36	1182
291144d5-1549-474f-9736-135b237525c8	885
291acb31-a9d4-4bdb-9a1b-2e976367a0d3	863
291c9d94-11d6-4ce5-ab2c-118233b43a5d	884
291dc0c0-a763-4653-8256-0e72e9d43f1d	860
2920e9e6-0938-48cc-9909-de5ebd4e4cbb	1195
29263d8f-e5c7-4c91-bc42-0b9ee2234304	889
29303354-f48b-4702-b0a7-6e36efa6a336	1187
29311e1b-2323-41ac-810e-9af014613e28	1161
29345e9c-c7bd-461c-a488-61b03b292d9d	877
2936f6bc-b552-4b23-a249-9b551ca8826f	879
293a5ef8-2b49-4382-9c86-82661ec6962e	1164
293f21b4-c163-407e-9f78-49b2bbbc3e79	879
293f7e04-90f2-418c-956b-2cf62d814f09	1156
293f9cf9-ae1b-4b4b-9522-5ec98fdaef5a	1181
2941fc6b-a9e2-46e1-85a4-534676ea2971	1175
294daeca-119e-434f-892e-23ae0a5661e7	1166
294e5b93-ffc0-446f-ac3a-c0b3bf0379ea	886
29542019-d2c8-45cc-bec3-4db409fcf723	1185
2954deda-227d-47a3-92e5-47cd955ac09d	1167
295ac0ff-5f31-4cc4-9062-e29c24d14756	1185
295c06a6-a13a-497c-af27-0a72087e7b31	925
29649cbe-0eb1-46c1-8887-078c644167b6	1186
29656291-f619-44d0-a720-9230fc71e312	1167
2971cf3c-ebd2-481a-a61b-74eebe45e98f	1167
297983ff-a56b-44a6-93c5-8e1fdaa7fdaf	879
297ebe96-caff-44d3-a1e7-1f9a93fd089d	1185
29848bec-fa4a-4c11-93c1-b82a657247bd	1191
298ddc93-a9e6-4d07-9175-36b6f2f07c0c	859
298fc69e-55ad-4d70-bbf0-8fcf9ab80a50	1188
2990fcf8-1d89-479c-8c0c-aa064d605a3d	1167
2992ee52-18bf-4cbb-bee4-7a87f99cf1e8	879
2999c49c-3558-4a2a-a257-ed2d76fa8b08	882
299c8223-e1ea-4759-9dff-687b75f335f1	1161
299efe1d-6872-46b8-9f4b-bdb8ad21cad8	878
29a4dd7c-7193-4d55-8135-84d4f7bdb0cc	884
29a6ab8e-4b11-4164-9496-6fa2bc2771ce	1180
29ab467d-0ffd-4b32-bb17-77b2c0a98943	1164
29b2c89e-3dc4-48c3-b7bf-154f81c0c77c	1168
29b4b3c4-3f4d-48b5-be7c-2384124053ab	1186
29b6e97d-de70-43d0-9a1d-eaf222fea7b7	1184
29ba3c8e-6a14-4948-938d-df8293c2c815	1190
29bc60c6-0688-4946-856a-fdcde2c05e66	1166
29bd027b-9ce7-4172-8561-aec18114f59b	881
29bd7885-a606-4c3d-b4b2-14832659e117	1161
29c5c8cb-dbbe-4e42-a6a8-8c24d021db75	877
29c5c9fe-d3e5-437e-b3c5-aa7e001d0a02	1286
29c84b3f-3c95-4147-9d25-1c1f920b5c5c	2195
29d0dacd-86a2-49bf-ba2a-8c3cd283a634	1182
29da73dc-4cd1-422e-b5a2-9dd9a0849513	856
29dcf134-61f2-4893-b6ca-848ab8bd5547	1183
29df9003-ec2a-48ca-85cb-12ed31fa849b	864
29e1001c-a0a4-46ed-bebb-e63e2adce608	881
29e3433f-ac70-4707-bca1-857c3ac089e2	856
29e65d33-a365-452c-bf2b-547e77884948	552
29e6bd3f-9087-489d-859f-b34561cd8ace	855
29e8f313-6d67-4024-9782-044a109ada5d	863
29e9d837-9f02-4e66-a81f-f60a1be3031d	861
29ee69b0-88fd-4dbf-880d-016f688b1052	1155
29f0b63a-8acb-4eb0-a08d-a9d6dc2132ee	1165
29f24341-7af2-413b-91fd-52ac3db8c1fb	858
29f3b07e-c336-4d4d-9288-3adf1497d440	877
2a00c96f-d980-4a69-874d-a6681ad9bdd5	1402
2a038c8f-f101-41c8-9062-368b9b7902ba	1168
2a06557a-7640-402d-b6d6-b037d5cbec69	1173
2a098246-9f72-4323-86d8-95976786d52b	1166
2a111e61-a53c-4863-b278-6c681641d548	1545
2a139e41-fe3e-42d6-8fcf-cd06c534eba0	850
2a18058b-e889-43c3-b25e-aaf88676b690	1187
2a23c3e7-14b1-48a2-9e68-27d7a4ed46ff	859
2a24f09d-abda-4940-bf55-b0c2a93aa04f	1185
2a2a7d6a-5458-4907-9129-c007201cfea7	1182
2a2cb308-40e0-4cfd-8e17-b8285f48734d	1159
2a38b0d1-f3c8-4dcc-ada0-5ede8483cf80	1009
2a3b9186-67f2-4cf3-acbf-a2d38dc9cc09	923
2a422b23-35d7-412a-ab29-d541d2f11e79	1187
2a437f5b-7ad8-4dc6-a445-dde25c0f8396	1167
2a46ebf2-99f7-41d6-be08-77a059d84ceb	879
2a4e5e99-5584-43fb-922a-7fef18f8d19f	1965
2a5c1b87-ba7f-4070-9cc7-d1538a646061	1137
2a5cb14c-0a2d-433e-baca-cf9ac57168da	1174
2a695f73-f721-43aa-869e-05439e90caeb	857
2a71a79c-0862-45e1-bda3-f7b69e9ff42c	884
2a75f105-0908-4d11-a84f-bb187f87b83d	1166
2a79380a-8731-42cc-b83d-c9d297f7d341	1393
2a79cf3d-058b-496e-aabc-71fb532ea148	1161
2a7fb186-5ccd-436d-9ae3-60916f478120	1150
2a82f7ff-4c5f-4443-b507-619f023e5430	860
2a8efd8f-bf4b-4a72-916b-aa808577a48b	601
2a947b63-e216-418c-a6c8-f7b71ebfafae	1181
2a99bd91-2c31-42f9-9e61-5fabcbd80108	1185
2aae0d8b-ab18-45c5-b438-5bb322fab1b5	875
2aaee6f9-c755-46e5-bec4-68ae1daf5994	1151
2ab4e668-38f8-4a6c-bcd4-4a554f1709ea	864
2aba84bf-0668-49a1-932d-efb85c66bf70	1158
2abad8a5-fdea-4fe7-8a59-31c7210d7b6c	1301
2ac0dac9-326d-45d7-9848-e856f1058bb1	1173
2ac4bedb-86ac-4e03-9bbe-a7af79e82b08	1163
2ac690f5-d1ef-41a8-b715-6a54999d132c	882
2ac8ae90-3847-48ab-a556-3ac68bdaa6d5	1189
2ac8dfc3-5948-4e8b-9122-ff746c4a4a95	1179
2ad1e8a2-7724-4333-b083-1db6e254ad74	1165
2ad1f843-a1bd-4db3-a328-8de4c1083afd	1162
2ad46800-4d6c-4b2c-83be-c182fb70cd9c	1164
2ae019cc-8c71-485c-94c0-73af0d00660c	1149
2ae3be33-2c6d-46be-9cce-c518a6912164	1164
2af0ef68-b285-4103-8664-d934ce58b8ef	1162
2af2dc3d-e5ed-4869-b219-1152e314c22f	1159
2af7d307-8817-4447-8d1d-aa19b56b47f8	1161
2af9afb7-26a8-4a27-9d57-4024c148c5ba	892
2afdb62d-4f91-4266-a51f-b676daa49162	884
2b07d502-1148-4245-9758-97d8d0046031	883
2b0bdd30-3826-4b94-83e4-da262abc891f	1191
2b180e1a-b310-4b79-b27e-590990218b17	2101
2b1be3ee-b0ba-4855-a03c-b69afdc6d0e0	1185
2b24723c-f536-46b1-a9e9-bb6f1122bf06	1187
2b24dde1-21af-402f-858b-a7b53d6f386f	862
2b276afa-f87e-4057-b837-a95947979471	1185
2b2f1c83-96c1-4fb8-ad2c-b651a7c5428e	1184
2b2f6b8f-964b-414c-9287-7ec2d13f291e	882
2b307942-b766-4e31-b57f-57024a3097ac	881
2b331ecc-98d5-4ce2-a199-fe44faecb759	1177
2b34e826-415d-45b0-8b6f-1b1aa19df36a	894
2b399b6b-6594-4e3e-b2ff-d216a53f750e	862
2b39fb44-3bbd-4913-9ecc-368f13c07438	854
2b3ddc7d-bc2d-4241-a602-0da040dbe651	1178
2b3de3c9-fa9a-4867-a2f1-44e1b5e7bd06	882
2b3f75c7-14f6-4064-88e1-39a5438419a7	1172
2b418d19-b656-4051-b010-cb6ac8cadace	1162
2b433408-3796-4535-9258-f99fafd0afb6	882
2b44f2e8-f69f-4314-9847-7d9e1b2fb924	886
2b455d95-d79f-4454-add0-8ac416c1e445	1166
2b49025f-ae43-4004-bba6-eaf3a39188bd	1161
2b4b14f6-8348-4f46-a792-3d97350a6cbc	530
2b4fc9e8-cb27-445c-ac1e-3729c5c1c164	916
2b539f60-77a9-4520-b793-1e84bf4985f2	1181
2b55f969-1d4e-4d23-bfe9-cc1b06d7ac5a	883
2b5fa3ac-4b00-4607-a61b-c8e28e0eddc9	885
2b6267fa-6f6b-45bd-8dbc-7a9bb83ee26e	1171
2b63c034-3fbb-47a9-9f34-9f3f94e50618	1183
2b6414e7-98d4-4683-8124-e491f2a0ecd0	1158
2b671b29-2a58-46e7-ac0c-041da1fd8fb1	883
2b679366-8d40-4c68-a1a6-98f604a4a6c7	1185
2b6a3348-7877-4d5f-91e6-aa9bac80aea0	1162
2b6b95f9-966c-4f18-90dd-87e66a601212	885
2b703b09-413f-44e3-8f78-bc678d3f0895	1000
2b73c838-8460-4998-8767-e4d3de0d1447	886
2b747678-59f5-457d-b31e-0253212a8425	870
2b81b6fe-7226-4e10-baf9-1517cd1075c5	1001
2b89b18f-d583-4111-a130-b2dcd18384f3	1173
2b92a56b-da55-47bd-ac76-0ead187b7c14	1188
2b93d673-d299-4865-94ad-a0105afe6edb	1167
2b94bcc7-fd15-47af-969a-d70381fafc91	1153
2b963ed9-c208-4afb-804a-e4d3a65c59fa	1171
2b9878f9-8f1f-47c5-8e46-f28b68d89212	1158
2b98a9b2-ec0d-4be0-a586-b68b210270f5	1188
2b9f042f-a5fc-479c-93ee-f9998a5dabb0	1162
2ba15e92-00a0-4466-bbdd-1b0fd5abab14	1159
2ba18358-bd04-4d10-9626-55296c8372b0	1179
2ba61eac-2344-4eed-a993-23097a2cd63c	988
2baa76d2-545d-44b0-a17e-6fe9e89555ff	1192
2bb01b0c-a931-4618-9cff-edcb2f470caa	990
2bbab520-104b-4b24-917f-7d3d9b7d1976	879
2bbce573-3001-4bec-9455-8c41c0d8a51d	1192
2bbedf5e-6cab-4893-bbe9-0007d8225956	1053
2bc3d4d2-2197-42c0-803e-fd6a074dbd89	1188
2bcdf73c-fa1a-4c95-8ae4-61cf3ee60c01	1164
2bd2cb5a-4e0e-4226-be13-a892042476ab	1165
2bdc5e5e-f77b-4b71-a2e7-d2dd34e16ae7	968
2bde84f1-824e-4777-8281-8208d06b3b09	1166
2bdfd8f9-2707-4918-938c-828d51c12d0b	991
2be09c56-28a9-40ee-9246-2632b2893c25	1181
2be3abdd-1841-4bb2-bb6b-d11f9d203660	1190
2beae0f5-bb3d-4ad2-be90-5d5ef15cbf25	1172
2beb7500-80b4-4968-bed0-1e354861d680	1179
2bf07bda-7d9e-4f68-8604-00fa853018e2	1169
2bf09525-4de3-450b-b9e7-fbcaa243911d	861
2bf385b5-73fa-4ae8-b818-d55ebe001aa4	1171
2bf567f7-a7c4-4a21-8b46-e6a249be46d5	993
2c00b91c-1a9d-4f54-a86a-eb863710cda0	1196
2c132d69-21b4-4e24-8e1d-63902f4e15e1	1143
2c134961-77b5-4066-95af-1e7df8d99736	1161
2c142f86-d262-464c-a6d7-3c46c8aad0cf	1177
2c177635-245d-42a9-8d04-960ff68753b0	1170
2c19159f-b75f-4b0c-a6ad-e132c644ff88	1169
2c223abf-0a67-4e2e-8325-b10b57a8d018	1161
2c22403b-5d68-4beb-a28b-e9705d76e548	864
2c262c9a-970c-445d-9cda-09b77c53915a	864
2c2b81ed-f218-4937-b722-cef33ef45ef2	1165
2c2d0d7a-0085-4700-943c-4e2eaccb283c	1156
2c304f2e-c542-46ea-bd48-3f8f04d81d68	1179
2c325415-0191-41b8-b528-b0d8c9758db9	1184
2c365c63-c0e6-4e4d-803b-cc162c28e9db	1159
2c397b17-41c1-4183-af07-182ec44e4f68	1178
2c3a989a-1c40-45f1-8765-451c8850bb59	891
2c3ff40c-76cf-4080-8238-eac8499ed35c	1182
2c416285-f8c5-40ae-bf2f-2cb78f4ddea8	1158
2c49a105-575e-4186-9c1a-0617a7a35638	1173
2c4a028e-26b6-4c0c-926e-2f1b8863a5a3	1167
2c4f27f3-d7b8-49c7-b1b3-5a6ca8862d39	887
2c5249bf-61f0-4ee4-a6ae-4831be376986	1165
2c5b0db6-e8a6-400e-802d-fbfc088c164d	1180
2c6015a6-0f38-4f63-93ab-ecf64c97dce2	1177
2c620482-2615-4a40-85b1-d17cd3c2bfe1	1166
2c62ecb5-7935-40d8-99db-fc76e9d1c62b	527
2c67446c-353c-4032-b982-bbff730ee8ea	1184
2c6c614a-67e7-44e7-9406-176b5826d60d	1183
2c6eb33a-12e6-42c0-8464-bfa584fc0c51	1183
2c6eefdd-78a9-4d93-8db7-e0b1abbbac84	1172
2c701464-d726-48bd-b91e-e05d6c6f6d84	1176
2c72abde-45ed-470e-9be8-f53f8e504d15	1182
2c761666-d124-414a-8cd2-27e93f389936	1830
2c8514ac-f805-427c-a06b-201225b26934	855
2c881182-1b5e-48ac-92d0-2dbcb972e57f	864
2c914a78-f2a7-44ca-bc20-73f6c3de5f81	1145
2c942837-11af-432a-832f-ad4e6201f7cb	862
2c9b6404-986f-4549-abee-71b9a0373d84	1188
2c9f5bcf-a6aa-4f0a-a689-8e89f85fca26	910
2ca5226d-1346-4a06-a94d-2b5d72cc77e2	1182
2cb0be43-8d79-464b-ba40-e04e81cc648e	995
2cb38eac-a8ba-40b5-aab8-b3c6383d565f	756
2cb47589-b104-4a7e-bd2c-90c1e7ba2423	971
2cc1b651-50b5-49a5-a90c-b0831ceab0e7	728
2cc5b10d-6508-4979-adff-7d3d23011cd7	881
2ccac55c-6b3d-4a2e-8fc5-b41fd17ecc13	1180
2ccc1e8e-41f4-428a-8a96-e66b735dd138	1161
2cceb81b-e421-465a-a3ad-7775769f416e	1183
2ccffc6d-934c-4595-a7a7-65a29e4adb84	886
2cd40784-23c1-417c-8064-77e4f039b374	991
2cd57def-a35f-4cb1-9fc7-0ae0776937ec	763
2cd69b41-c1cd-473c-9560-09dddb879d6a	1166
2cd6a3c3-92fd-4e17-8f7b-8a4314568c2a	1167
2cd6da60-5e91-4910-8048-24fb1c7eb566	858
2cd75a30-2296-4d1a-bcad-2365e14f67d8	1181
2cd83854-d9b6-48d6-bc0a-a21dd3ba36c5	881
2cdb151b-f15e-4a75-8733-e73477b597f9	1158
2cecabfa-e381-402f-8f3c-adde1d5c97b6	1194
2cee1658-c12a-4e3b-8acb-e46f3f1d7ec5	1194
2cf21a1e-450f-424b-ace4-80e1ce809c2f	1162
2cf3f61f-4ff0-4e81-82f7-04b01cd87d7b	860
2cf68929-e356-4b6c-9a1a-3624ed135102	1170
2d027d2b-3002-450f-9027-60959f8436c7	667
2d062ffa-ffc0-4345-9e8b-a702824e9fe3	861
2d067d9c-e700-43db-9533-58aaed9b8dec	1181
2d0dec20-dc9b-4257-a4d2-d07fdab125a5	1284
2d14e6b0-5331-4752-88a1-5de877bb154f	1180
2d169c6e-574b-4002-882f-f1bb4864c9a5	1178
2d186272-8e19-48ba-b1a4-8cf958ce332e	1153
2d1a6468-c4f6-4b89-a439-dfa02936f68b	866
2d2325fc-bb8b-4275-80a8-62025f651298	885
2d2bf754-6706-423b-9e34-143c65051fe7	1163
2d2eee59-118e-44e1-a9fe-b8f6d1b44df7	863
2d305109-beec-4705-a918-6063b21f99a8	1163
2d324090-3556-4fbe-a6d9-f18d2bcd15e5	1154
2d33ff2e-1c42-49fb-8767-e4bace3554d9	891
2d38ed65-02f0-48c3-8773-d0fd89494132	1156
2d442e85-71d7-4bfe-9e31-9659d0d331a6	1162
2d458391-bec5-42f1-83d7-d7a6f814f354	1170
2d487364-54b8-4059-8126-d8e7e33bdea2	898
2d4b3771-e821-4fcd-a67a-29c08bd8b0ec	986
2d54b346-0f19-4cc4-9dc2-57b2e7d93e59	917
2d59cde8-0e39-4b90-beb7-69d3925a2461	1186
2d5a47fe-15b0-4d5c-afb6-3e86a22d4e24	1181
2d5b79f8-1364-4a6b-bd64-e498f11bf901	1158
2d63b637-98a9-4d99-bf5d-44c35962f0e3	1165
2d63fe83-663f-4ac6-a302-9785d8be8ddb	859
2d642084-fc46-4230-9ccd-a17eef9547e8	884
2d6a8264-edd1-46f4-9d38-e632b5c51229	861
2d71d4b1-3aa3-4018-bcd0-eaed0d2a8e3b	1181
2d75d837-677f-43cf-b0fd-d447fd1c3950	847
2d7d8545-f4cd-4eaa-b942-ed7a06e0f4c8	1184
2d81f8dc-422d-40bd-83e1-cf7510b1107c	1170
2d8278bb-2260-42a0-a79a-d7a32f75f4c3	1175
2d85c804-c4bb-4474-96f5-907445a590e3	1161
2d8ce946-8d80-451c-b727-f1500099768e	984
2d8eb362-5550-444f-9529-75b568d06aed	882
2d91e994-3b9c-462e-80bc-37f9c8d5571f	1402
2d930764-6986-470d-adbc-377947fb3132	1163
2d9594c2-bf05-491f-8cd8-3d1c8e94a181	1178
2d95988a-4d35-49f9-a4f3-0dfd1e36f328	1183
2d975a03-ca80-4d58-ad6f-b2d4ae7e7e98	881
2d99103e-1c70-4b09-bf5f-e0c0fcecdde9	860
2d9a8281-89e7-45ed-8618-6c69ccb7c589	1175
2d9b5d4f-11c5-4abf-9da2-c7b6fe7e2026	1191
2d9cec8c-a79a-4f69-abb7-8bb93029369e	1164
2d9e8c39-c31e-4bb2-a2a7-ec23104dd293	1167
2da35f27-4d8e-4f3f-a2bd-da135dea7518	1186
2da3c3dd-df39-40ed-87c4-c23cc5177064	1183
2da49c40-d3d1-4fb1-8303-03301b8bd782	1185
2da92377-9c6b-4cf9-8b76-4077ac52ecc9	857
2db0d9e6-0515-4eca-96c6-149151ee2920	1179
2db612a7-d362-417d-bc44-293e9dbde69a	1196
2db6dc08-84c9-4bbb-865c-872f7046fd59	746
2db7fab1-243c-421a-8809-86dea27d45ef	1185
2db88eac-6ad9-437e-821e-b32ca6b07bec	1170
2dbc9e3a-434f-4577-9263-35c35be49f41	1184
2dbf7e5c-3ea9-4b76-a239-151714179e1e	1192
2dc95b2b-8163-401f-b91b-62217f3d3d52	1183
2dc9e2f8-20e8-4916-b469-f5148dbc4f67	1171
2dcacf32-bbdf-4db4-84af-5d28da576f67	1164
2dcd116d-53a1-451e-8c0e-68123f4b4bc0	1188
2dcd2798-7163-4aed-81e4-71cdf54a2bc2	1185
2dd00f5d-0c7d-4516-b289-2241071665de	879
2dd76cbe-637a-4122-98bd-eaeb26207d03	1182
2dddbce9-02b1-4839-9b32-2b7f0bc7796b	1180
2de008c2-47a5-4887-8b2f-9677495b1758	1193
2de1e42e-e33d-4d9c-aeab-abb970595f13	1182
2dea2d75-46e2-468a-889b-0ce41dedda63	1180
2df64630-37ea-41f7-b8f9-a2471bf7167e	1182
2df79f94-0139-441e-bec7-88643165d6f1	1174
2e0068bd-8762-43e3-917e-d464ac404a6e	1169
2e00c5f3-9170-4577-b6c9-f0a505c62457	882
2e046847-a8d7-430e-a1d9-3bfcc0b7de51	1165
2e07c0ac-fa41-456b-929d-f1392c80f065	1171
2e0b2b34-8e6a-448b-9d2c-ad375eeb68cf	882
2e145d8c-ea40-4b59-9409-fdf727cbb445	1163
2e276e4d-193c-49b9-9c05-b5f082164a59	1186
2e28e1a0-780c-46a4-a0d7-9e344be79bde	1784
2e2b30ea-7786-4551-b427-fa4d0bc8b703	1180
2e311e8c-572c-4e7e-bf4e-cda66e49465f	864
2e3139f4-59ea-4a70-8247-42f651c64a3f	883
2e315d5c-9118-4e70-a1b4-58f615fe0a17	1172
2e33a91d-fa45-49a1-a6c4-e67d85bb1a47	1180
2e3776a9-2737-453b-a958-d83cb7aba763	890
2e3ae4f7-c084-4321-bae9-e8b524cdc35d	882
2e3bfbd8-8a36-4241-b530-028e2df89de1	860
2e3da4b6-d0e0-489c-8506-19d31cf553da	1179
2e4d8ad3-76aa-483b-906c-4b02424e89a6	856
2e4d9cfc-618d-4beb-9739-4c96bec8a5e0	860
2e4e6d28-5243-4cb1-b30c-36e744d5e7a3	1115
2e501905-10d1-4a0e-a701-f9133aae7141	1181
2e5727f0-1756-4b95-8327-4bf93f5379bd	1176
2e58f966-2622-44fe-ab48-c4b01e7211de	1165
2e594644-a89e-4bad-9c69-bc2b2aec3d28	1186
2e5f8ec8-4905-4555-9f3d-3e1ab47c1730	1164
2e63618d-28f3-4bfc-af68-c9bdcd310fbe	1189
2e66c0de-fbf7-45d5-948a-63dbe80cc7de	861
2e6a0fe0-7a1b-47ac-a4a8-7547e7afa11d	862
2e71e4ac-3f5f-41be-9780-2d466dd6b54a	859
2e7575de-3468-47bc-a601-ec9acac1cce9	862
2e766979-d732-4253-9989-9596d554c21d	910
2e77033b-6f0e-493d-b46a-0202c81d8b3c	1167
2e7d2219-4009-4b9e-a431-3a51ecd57a27	1187
2e7e4823-c583-4378-bf0b-bce4ea96de07	882
2e82d731-ce56-4a2e-beb7-bee7689f56c6	1186
2e87c118-7245-472c-8938-45a048025f77	1180
2e88cd61-f33d-4d83-af56-48cf04bd2540	1173
2e907348-003c-476e-8da7-acdc6b6244e2	1188
2e930129-6320-48e7-a88c-f18b36432bf3	1185
2e959136-cb86-4efe-b3be-2c336ecd9f15	1187
2e968cd6-583a-4426-b2f1-6171b0be0ad7	1377
2e9709ab-d662-4edc-9469-9ab2759e9ea7	993
2e99f8da-fa3b-4eb2-8bd8-1380e679a92d	883
2e9a8d1f-b30e-4bae-94ff-6e40a8a1a28e	1177
2eaa6474-b717-4ce1-801e-bcb6166238a4	850
2eab20d2-88d5-4e7c-b577-e53737384a5f	1175
2eb117ff-96f5-4ba7-b450-73c90c41fd25	755
2eb27a5a-252c-4642-a405-e4992bdb386a	1156
2eb29d5e-16e7-4a5e-9a40-a8da08f09dfd	1167
2eb515ba-e971-4147-bc1f-8b913ef06bce	2066
2eb6e3d8-6994-4b4b-bd0a-92aefcc4ed3d	1028
2eb8c883-d383-4fbf-946d-93235987c7cb	1173
2ebaff6b-6693-4d1f-b312-78578dec266f	861
2ebb08f0-22d4-4e44-8b14-8408cfc0d6f3	857
2ebed25f-1d3a-4ed9-946b-d13e7f98285c	1170
2ec08a17-fa24-4391-bad1-3f76d06220e4	863
2ec25f3f-8aac-45f2-9a5d-fd4bbb950ce0	1166
2ecc1197-d95a-41f9-890a-d3bfabaf1011	1185
2ecc671a-a415-42cb-8e9a-0ba347835dc4	528
2ed3c363-e6a1-42d2-bdda-e8ff1321fb74	1167
2edbcc4b-bed4-487a-a667-4a62b7c0a671	870
2edf6dfd-ecb9-414d-947d-a9e8397421b0	888
2ee768b2-f926-46c5-9fa3-afba8f50aff1	1165
2eea53ab-bf45-43d1-a9ba-1024a6b64039	1170
2eeea6af-40a4-4b82-b89e-3138c14cc6ed	1191
2ef4919b-a7f0-4470-8068-ff4ce4f78e22	1184
2ef4bd30-5c89-4a05-a304-81db3911c0cc	1159
2ef989b0-69ea-4194-beef-f13c39ea7bfa	1158
2efc2f7f-7e9f-40a3-a018-f3075b7adc96	1157
2efe3a80-32c6-45d1-822a-a20a06d3ed11	1165
2efe71dd-00dd-4fc0-91cc-2875bd0b83d9	1180
2efff2b8-ee2c-43a3-93a8-cfbf0013f694	892
2f013856-0b62-48a9-a050-da3c622cb96d	1204
2f099306-35d3-49dd-a954-fe469a7e2734	1166
2f0ae42a-984e-4183-8558-a66578fd2067	1168
2f0dcb24-342b-4cd7-964f-15c33e1572a8	878
2f12b040-138e-4c46-a848-8cc241610bed	1173
2f1c1f11-8777-4239-a396-b8c147ce7a58	1188
2f1cd83a-ea8b-4875-a5da-34a11f2a54da	1185
2f1ec488-ab5e-4880-a4e9-90a5900e7d03	857
2f22104c-4b63-4375-92e5-a5788a22807f	1185
2f24eda1-3236-4ca2-a8b0-80f3c5b18ea3	1162
2f2c0700-1ff1-47ae-9cdf-f56a40ef8a8b	856
2f356bef-d4a4-4648-b813-4fe464ae6162	1171
2f35f4f2-f206-459a-b470-057d2d9d0b02	859
2f383dff-a50a-4e06-8930-938f73aaf508	1184
2f391aae-f5ef-4057-8079-db12a29050cc	1183
2f3a25ea-5564-43b6-b744-8462dd482d19	1167
2f3ae63f-ef99-4401-8419-31a51fca57e3	994
2f419ccc-3505-45d8-98c1-09abfcc4a599	883
2f47b339-31ff-4b05-b106-0f2290daf8d3	1172
2f4cd6ab-b5f4-443f-ae65-ccbfe2ecc150	1182
2f522699-20e6-4540-9086-dfd613499c10	862
2f53e3e8-15f4-429d-8314-41b4c8583e07	1174
2f591684-4159-4516-b231-1f147bb98f91	1178
2f5c19b3-0ed2-4179-9c79-680554d94456	1194
2f5c4d99-58a9-47ce-9e6f-828ff3e2e248	1292
2f5ce4eb-fa02-4ee6-93f3-f6c74c926293	1186
2f5d9a5e-d14f-4fdb-8815-c8a0a516bc5d	1174
2f5dc2c2-f0df-40e3-8f39-2eb9b2ff8666	883
2f5e0de0-a158-4092-bec1-6da633831cc4	1172
2f5fc469-57c3-4be7-bb89-0010b55b55bf	1175
2f651a42-6f43-44f1-8b7e-d5ac5bc173e9	1186
2f653753-ebe7-4fbf-b1be-bfa7ccc70d46	1175
2f6662cf-31ac-43c5-8d32-f8cbda51dafa	1166
2f708f14-5316-4d9d-a35c-86fbb3319adb	1188
2f723e2f-aa32-43a9-bc02-ad97c75c2804	1192
2f74f2dc-7263-49de-9007-ae0e069aa358	1178
2f758487-c2ea-4b24-a50a-12ac373c397e	1168
2f81c463-3375-4c75-bab4-5309e312c997	1178
2f844155-7058-4b59-bfbc-07df9bd5f268	1185
2f84f0fa-8ded-44fe-9536-f4c8ecd3a6a2	1186
2f863341-f3ab-4fa3-8bc0-523270327d81	1163
2f889fc2-4d25-45a2-8c73-645a1f3e653c	1187
2f89248f-7061-4241-abfb-a5346251ba70	992
2f8f0cb8-9e12-4997-b903-b1125a58cf22	865
2f900921-82fd-4f9c-b169-40273cda1475	1167
2f937e9f-b0ec-410a-8066-302b5e5a9bce	902
2f96e0e3-7d70-4dca-a95d-740199eda77e	864
2f976ef8-9979-4597-9bf0-c1292f9bf35c	889
2f978510-6d9a-4e35-851d-d940ff340d45	1176
2f97b677-8005-40ef-934b-3bef03e0dba8	1164
2f9bdce7-ddea-462a-ac35-74c01330d1be	1187
2f9dc3fc-a198-490b-9f20-6221a1300dd6	1185
2f9dc6cd-2275-4610-a297-fb9b6d13bf9a	1184
2fa20205-d052-4961-8216-d449e0764d1b	1168
2fa5c4da-dad3-4127-b62b-563332414995	861
2fa7f51e-4e88-4332-acdc-140d4f14d0a2	1163
2fab4117-7d84-4c3e-9038-eed410c50db9	879
2fad1161-b493-4b3c-a291-c90e495ef4ed	1170
2fb7a1d2-8b6c-4918-90b2-523e1b104e04	1162
2fcac49e-5912-4a8f-a116-bedd5f514a6b	888
2fd31efc-3b32-4c3d-af1f-93d946187b6b	1190
2fd4888d-2b72-4c22-8315-5d3c59c26df1	1165
2fd5e3aa-3f9d-4797-b1f0-396ef0e46114	882
2fd76a48-9b32-46ed-a52c-ae63af8dad50	1173
2fe5666b-cb99-43d5-b9d7-cb1a5ffa46b6	887
2fee2528-73eb-4a24-b8eb-ca9f6162fab8	875
2ff6495a-8e8a-427e-93d7-83cd57061193	866
2ff67849-f6a8-4615-b43c-7f8e24811412	748
2ff6dadc-65ea-43e1-8541-6bf983f17d2a	993
2ff8148e-ebfc-488c-aad1-619336a4561f	1162
2ffb7ef3-8677-41bc-9c0d-7f08999405c8	878
2ffdbb01-a827-4087-859f-f1c53100568b	1178
2ffe6887-b839-4c04-96b7-1fbb695bfee5	1173
30040422-9992-49c8-aeac-e397df7c9589	1185
30078bf1-39da-4fcd-97f5-3cb791cfb57e	860
3009a208-37a1-4dc2-8954-7e139ca8ff64	1175
30128229-e4d2-4857-89f3-5428087ca879	860
3016daa8-e1f6-4cb5-b3e1-92a92af5a2a7	1107
30172ed5-e469-4e00-a025-ceca0aacafb5	616
3017df95-6e92-42d0-9bc4-91cce2a22d6a	878
301ec22e-07e9-4431-8510-42b368b57ab4	1160
302f7f65-1bf0-44a4-b2ff-0209bc9e6b3a	878
302f92f7-e0f7-4414-a615-3e6c214a6bd2	886
3030519d-8358-4482-8a71-375405db7446	858
3031e0c8-5dbe-419f-84c8-f6548e6d48ea	1164
303bf0fd-e5c3-4d72-9ebc-aefe72e0ea6f	1179
303f5fa4-7095-45dd-816c-e2b7e890fc94	1170
304719b7-a5e9-463f-a602-33419dd61daa	517
304900c3-9ae8-49a9-bc81-6f964de786b3	869
3049d57d-4c0b-44e6-b882-dc69c030f2bc	1178
304a90c0-5e6a-4d0d-9920-c51b38e36f9f	1180
304b3bc8-6386-4692-9a36-3d3f3c2160b8	1173
30518386-3d8f-488f-93dd-9443abbea752	1168
3058d635-9a41-4ce4-9bb1-12218ca3f1bd	1183
305c451e-5c0c-4db3-9090-e6a2bbd23e2e	1180
305e88ef-88c9-4ec4-bd2d-008e7f81cb18	1168
3061b2e3-851f-4a8a-9fce-80d78a3249fe	1165
3065f38d-f710-41e8-bba3-1ef80edaab31	1159
30687481-ae80-4089-995b-5ec0a9e228fc	861
30700bcd-972f-47d9-9c8d-cab5750b6503	1170
30721f09-38b4-4ace-929d-2d9de8d592f2	1146
3074b3f7-3044-4ee8-8e4e-4f29535e794e	1167
307b4bbb-9776-4b3f-925f-00db484ba52c	1162
307fc8c7-639c-42b6-a0fd-9d210e20b2b4	894
3086a8f6-efaa-4017-be2a-de3906243326	1175
308937ab-3777-4bde-ab6f-c8a601eb0312	1174
308b31b0-5580-42be-8ea5-9d8179af9a4a	1164
308e0d9c-5865-4cc6-a835-af687da7e676	993
309191cd-c258-483c-ada6-fbd183fc28cf	879
309baa2e-e4ed-4396-90c1-2e939f5290ae	864
309c1113-511a-4001-8bad-580282bac21f	1157
30a51ed4-b130-425a-87a3-224fca81f190	884
30a5b71a-5622-47b0-a44c-c898a03a6575	884
30ab6883-4fff-4e87-898f-715928df601f	1190
30ad1b1c-ae6b-4ddc-b8c4-106e51d1c8b1	875
30ad377e-2712-4a4f-b041-dd69d2eebf76	882
30b06886-5f25-490a-975e-156c77d6f9f1	851
30b7b787-5cda-4407-9185-634fbda46573	1182
30c144d2-fb15-4b01-b83b-0e5048113121	581
30c15675-343a-402b-ac4f-d34ee947ee28	1446
30cbfe4e-a883-4c5c-85d9-8e382b3fc366	1980
30cce0a9-7081-4c87-8455-4e1a8f32ffd4	881
30d08aaa-29e5-4d0e-9afb-decc9fded434	1181
30d68c34-eae5-4d9d-a199-ea626dd1a11f	1187
30df7c2c-32aa-497f-a260-f3c61a1059e7	1152
30e090ef-ef52-4caf-b966-99e2239f348b	870
30e0a4fc-deb0-40c0-9500-d76b29ab824b	913
30e8e966-8ef9-4688-834f-bdd676f5a432	1165
30f6e880-871d-465f-8dd4-6eadcb1bb272	1174
30fbab69-3833-4231-8f26-e4dca0104e69	844
30fc2a1e-96a5-4f57-9b2b-9b6450d7c4f6	886
30fd46c6-4ba9-445b-a030-8cf46ce5fa98	1188
30fd81e3-9993-4f1e-84c7-f10c941054c8	878
30ffe66d-8f20-42d7-997b-23942fe1f448	1177
3107f3f6-6dec-4bc3-be7c-1ae9a1f63383	1152
310850d4-d94e-47ff-acbe-a2371ea7af40	1186
310983a7-ff72-41f9-b664-c024b596b510	1162
31098a7d-571a-47b6-bc97-900811c57ba2	1174
310c50ab-cbf9-43f1-b2b6-41d017eb99dc	748
310cead7-7087-47a7-8440-43cb02d63ddf	1179
31102bef-5e01-450c-859c-b6b29e69d469	860
3114e087-85fe-46e4-8827-cabd76d6f76a	1181
312057b1-3422-4c04-a77a-33f66a7a9758	1168
312201fc-859b-4ccc-913e-ac8e2a133feb	1180
31230966-11bd-4fcf-b8e7-ca14c097e52f	1187
3124b5f7-8707-41d7-9c0a-45f4b8fd4b5f	874
3126da80-c79f-460d-82f8-71fb9adc72e3	1164
312aab0a-61ee-43e1-be0e-a9c32645a735	1274
312cad32-4208-4436-88d5-35a169bc42aa	1023
3135efed-197e-406c-80fd-91de8c0665e0	1170
3136ae42-4112-46af-b44f-af2d1a760ea6	1165
31376156-d561-41db-babe-e3962c519de4	1184
31399c33-5c92-4f10-a737-62809eda86f5	1163
313c4f01-4314-4a2a-b90d-26251a715dea	1191
313cdd51-ac37-4d50-8383-70352298b22f	1179
3141d437-fa0b-4811-89a3-db8c03946821	1184
314311cc-001a-4cd9-99b6-f6290325b214	1170
314a940d-d438-4371-86f7-ad4151cd87af	1183
314ba10e-2d02-4c10-aa6b-0a10a7d6cdb5	859
31571719-216e-4281-b6c8-975dc645b5ed	1173
315a1364-cc9b-4146-904e-9da5d1407e2f	1183
315a911a-7c2f-467f-8907-e687e5796fd5	1178
31621825-993c-429c-a1dd-10a4b43f371f	1170
316fab9a-c8ac-4d2d-bb4b-f9dc460622b5	1169
318313d4-a153-4f17-b445-78cd6dbb5b39	2119
3183e5c4-5f42-4c8b-b20d-464269cccd63	1168
31844aa1-efc8-4dbd-bd99-41d268ab9586	888
318794dd-6b33-4498-8193-99b111948cd6	1156
31880bd0-f617-41e5-93bd-cec438487d0d	1163
3188426e-9e2f-4766-98c6-a87edf12ad5f	872
318c66e8-0832-4e5a-94df-eb241fa1236f	1163
318fcf91-8391-4476-86e8-f994f3ec3562	1186
31900abc-dd72-43f4-b4e9-4d5f244d1b0b	882
31902f80-c3fd-427f-b9df-4f8a2234fe1b	1186
3192e3ff-2000-41f7-aea9-978e4d080177	883
3193f175-7cc3-4e74-b0c6-566d49eabd96	882
3197598c-1d6b-4dc3-87e8-71b9009bb4e2	1163
31992cb6-4db2-4d44-8d3f-0203f31287ae	1148
319a53ed-eef0-4a2c-a3c6-275ee28a2d9a	1170
319bc3f5-0a48-46c7-b75a-179808df4e06	995
31a05be3-c401-4336-b714-0fdb95e3e7bb	859
31a33309-efcb-4024-bf18-ff9152583aa1	880
31a4a64b-6931-44f5-8d2e-dcf433ebef7a	863
31a811f5-d0c2-47f3-964b-f56728b77092	1191
31ab1521-0af4-43ed-96a2-bc1e6bd7bd22	1186
31ab4175-927f-4014-a8cd-92734ea9f5dd	858
31b6f7d0-abd8-49ea-8fca-5c2dcc929976	1163
31bcc9e9-3d6f-462d-9959-b5ab54026acf	1180
31be6a3a-c03b-4748-8f84-35e48c9675a4	879
31ca3a8a-8e93-4150-b63a-ae5b4838b22a	886
31ce9e13-2638-4f84-abe5-7bb67cf3a4f0	1168
31d1821a-3f83-4466-a410-cd580c585165	1176
31d1c3ec-b907-4a73-8a02-72ba86711f76	1167
31d2d180-56c8-4e28-aed8-023f07148992	913
31de76bd-dfdf-44d4-b960-b8161b287ade	880
31e01fbf-af29-4240-92a5-66786b067215	1189
31e418da-7796-4161-8f13-b0c96e2a9cba	1188
31ed33f7-9fc9-49ba-b6b7-c6415bd31445	883
31f22b1c-4915-4d11-aa16-be13c5caf3ae	862
31f5e02d-931c-4575-8a33-5fd701018b5d	1179
31f7c076-d531-46c6-85a7-3e1191139dce	858
31f83df0-508e-4d89-ba54-2d8503a14bfb	864
31fb644f-b813-4d9e-9393-db074607f8fa	1160
3203fe0c-3ca2-4019-b3b1-a1c44119b7db	1159
3208ef77-aa5f-49f2-8081-f110208c6479	1180
320a2294-ef5a-4799-ba6d-83622b31af9f	1166
3214a929-58e3-4608-8c90-69577a702443	1188
32166e1a-e081-4196-80ef-4359c9344d02	883
3217d714-853d-4dbe-a49e-e48803a1490a	887
321b505c-3e13-43f0-8fc7-1c233e2b2860	1163
321e2b82-8b14-4a94-bc5c-28a426f0ce97	1156
3222fbbd-0036-4520-a34a-4154f4778f55	1183
32256d3b-8857-4176-a307-d9b38ecc01d1	862
322672dc-2182-4d5d-8edf-84d3a2dd511a	1169
322d1c7c-0a40-4848-9ddc-114d2697edba	1190
322e1498-70fa-4172-a7fa-d6ca58880036	882
3231b858-48cd-4d91-b9f9-12800f4d3912	887
32357f86-d5e7-4462-aab6-b2f6ec725d99	875
323dbf04-768f-4cf8-8cf2-0feb00a3a162	1159
323dd5fd-6956-4c91-b03b-43b38fff8cb7	854
323f7922-0cc1-4f37-ab19-651d4b7ba440	1183
323f82b7-491f-41aa-b8fe-cdc22a2888e0	2118
3246aac5-8e8a-4807-9f90-f304f05c687a	858
32472b30-3655-4309-9caa-1a8f88142785	1161
324c6630-d370-4e1e-a734-0f66f7347c8a	1166
324e8739-4ba7-414c-91a1-c4792b15c92b	866
325930ba-7457-4f52-b249-14faa4d1fa3f	858
325aab1b-197c-4a94-84f7-4094af21c65b	849
325f1dd4-326b-408e-be03-45f4ff613760	1159
3263873f-04bb-47ad-b630-bcfb981d7f71	1163
32648b80-dd0f-4ecb-b153-dd2166ca1f19	1162
326cce65-be69-471b-a7cf-b3d603fa2cfb	882
32705101-b6f8-46ea-bd2e-6511ca4521df	1175
3275625a-08f5-44e0-a34a-55cfbb4a1930	1183
32788848-291c-43b0-b102-c00150d7db48	1880
32791e01-b689-403f-882a-c6250ebc439f	862
3279472a-b5e1-4c27-9867-5bcf0da66863	1147
327a3503-7252-4995-a31f-198951b1db55	1186
327f8786-4f29-49f8-b7c7-55856465b9c9	1185
3284d8c2-2d14-4a99-b7db-edb13119dc50	1172
3285a484-e08e-4e4c-867e-cb932a44a6d5	1167
3285f659-0d58-4b12-9746-b501ed5c142e	1541
328c105f-4399-476f-8c85-7163f9e003ea	1168
32997328-e31e-42a4-82d6-ac6ac5e95622	1180
329cfec2-c8c4-41bd-96a4-d35201b8eb5c	1183
329dc08c-5882-46d9-8d05-a7b97efb8bdc	1112
329ee390-2b8e-44ed-9df4-7de3b9053691	1165
329ee3fe-871f-4efe-b8d1-5d405959d1d4	882
32a99b1e-f739-4792-9c40-575213a92754	1158
32aa5102-a8fc-4359-9b57-d43c0bf67a9a	1186
32ac0ca0-b67e-4619-a34c-c496e2937e0c	874
32b2fb10-c466-4306-9d9a-04f88212aacf	880
32b89e63-a150-4e95-82d6-53104c79faa1	2040
32bb3ce0-339d-4a5f-ac8d-cc3db7886aa6	881
32bb6d44-26df-4dbf-96be-963cd29c0349	1176
32c4ae5a-73e9-4f14-83f3-cccd3e4fb4a2	665
32c8b1da-fdfa-483d-b83a-e3a6cfff9085	860
32cbaa7c-bc5c-4f99-88bc-c423937db2ee	883
32cd660c-daf9-4e13-9eef-ecb76f05b0e3	859
32dd7070-083c-4e60-8171-b3e8cd3f67d2	1186
32df5b8c-ecfb-4468-a965-dbeef3ce4ba6	884
32e2c42f-3033-46fd-a5a3-ac3315e22b2e	1195
32e2e3cb-5bf1-404d-8aa2-2c8cdfbfe114	886
32e4f4b3-90fa-4ac6-86fc-006722acb6a5	893
32e8e529-1678-4d05-acc7-c4cb4ed20a96	879
32ebcd6c-7ad4-48de-80cb-d191fde9b46c	1166
32f41e55-4f70-4fa0-aa9a-ac58e74239d9	881
32f50b98-7435-43e1-96fc-0b367fb96746	889
32fcefe3-db4f-4337-9b1b-b9e86e0f4a4b	2235
32fddc29-3958-459c-b0ff-e572015e0fac	1186
3300f5fb-4886-4df4-8466-9f8378d494b8	1169
3302192a-57e6-4b62-8e6a-966cc8170c73	1158
3302a706-bf7d-49e4-b092-6a4cc1ef2f4a	1182
3303fdf1-4188-4463-88c1-0a9bbdef8f7d	1165
33064838-1058-4637-b53b-61674f485d73	885
33099b72-8ce9-486a-8dc8-cb00bd325296	1182
3309cc19-c1a8-45e9-b9a3-6150feedf73e	877
330c91ea-b48a-4c58-b2af-4060e6eda481	1002
330cde4c-71f3-4230-8af2-df5696711731	964
330f8926-1153-4376-90b0-626a1bb862bb	880
331bbef7-8282-4712-87f8-50b71a599e97	879
331ca273-ba7f-4188-997a-34b26859a232	1184
3321578d-abb4-47c0-9d70-d75088168e76	1171
3322a511-d640-4cb8-8725-2c3ae4063142	1183
3327881a-4dd7-416e-bf29-5ccc7c9e42be	1185
33301beb-ff2f-4982-a1a8-4e3d49a2ef0c	1167
3332ce69-3cd6-46e2-9ae8-58c9dbf979a9	882
33372651-db30-4514-80d9-4bdfff82cea4	1167
333b835c-1f5b-4d7a-b9f7-8d9e4368e24f	862
333c5a72-0e6a-4660-9d6f-716b3840bc53	876
333eb79e-d28a-4d60-9c89-a302a2657bef	1162
333fe821-fba7-4294-a1d8-c4e8337cd438	861
3341439d-78f0-4d9d-a3a8-b90397586db2	860
33474bdb-a190-4b12-99db-b56a3d1d4eba	1162
334cc509-d9cd-4827-9d0c-2913cbc6f9b2	1177
335373c0-6b76-4f66-a22f-52fcd61e297a	887
3355ea21-b462-4685-ae39-3aecd24ba8b8	1170
3356b87c-915a-40f8-9a3d-1ac8292af2d5	1822
33593203-cc02-4731-bf61-9aded71bb47f	987
335eccae-db59-4203-9a6f-6448ece691c5	1180
33668859-56e6-455a-a8d7-75b803cbb6b8	1158
3366d0b3-dfcd-4895-9b04-4b7adcf29493	866
3367c24c-0120-48e5-961e-f36add6e9438	872
336964fb-6b0f-4c33-a067-db4ce7c9ac00	1169
336b8db2-8709-43c8-a5a4-207c5ff42f2f	883
337c484b-4720-40b1-9766-ba7039aeea2e	1186
33801531-46bd-40dc-b389-5ade37824541	878
33876bb3-e47f-4f97-9615-234c3d4cfa7c	1172
338a1e41-a7c8-4180-a122-8bfd4fd9d5b9	1166
338b6992-c4ef-40d8-9e47-8b7f09235f56	585
339f7589-ca43-4c29-9903-be1dc89ae65c	1163
33a2365a-5d78-4a09-8884-643bdf3119c5	1179
33a59c0c-b94b-4912-bf7e-b238575ac3d9	1166
33a8abc2-6d8b-4c80-ac3f-629605da838c	1172
33aca3d7-5d48-47fd-bb8e-30b2f0cfb738	1173
33b000ed-506b-4742-b74e-c2d4b3e3e46c	875
33b0a1b0-c75e-4328-8662-668858a0b2b7	1156
33b1763a-d86a-4c06-8fda-1c4a7a4a2061	1165
33b42382-adf8-4dde-9aa9-7e3e93d5e021	1177
33ba081b-fc06-429f-abee-79a922fe4c88	1167
33c0205d-f565-4141-a717-4b10ad29530c	505
33c3a4ab-632e-40ea-acaa-eba2faef2c71	1160
33c79441-1000-4603-bc36-37d48d53026c	1181
33c90576-7316-4e75-ac68-f26202b98196	880
33ca04d3-aa71-44f4-ace8-683cf19ee9ae	1175
33cb29b2-86e4-4a04-87a4-a0aa9b943b21	756
33cb4c32-fcdd-4b55-b20c-2161671aa812	991
33d0f63c-c30c-467b-9dc3-d66be2995112	1185
33d108b1-bcbf-49f2-a554-dc2ad4d391c3	1058
33de3f13-0250-4b29-9498-26fcd0c79889	1178
33e1fbe0-5ac3-4996-832d-229f494aa096	1180
33e39f6c-e39e-42dc-9c0e-dcd5cdfc88df	1164
33e5156f-29fa-49cb-9d29-a9a33d45c308	1190
33ed02ac-9ddd-4c0b-b60a-6aa239dff807	1185
33f41527-7d86-4fbb-8ace-cf83a80ce17a	687
33f94d38-cb06-4759-ad1e-a55ac4fe9769	862
33fc563f-6757-4320-add7-fba799c56c2b	1162
34040614-da07-4237-87f5-1b8de4fac870	1171
340e4074-d371-4971-9753-6929e9b0bbce	883
340f4333-230e-4185-b075-54ada254d229	2133
341146f1-5191-4515-87db-84404d671c1d	1168
3415ac58-d0a9-4b0a-8ab7-be9b11c32b5b	861
3415c187-c357-4a16-8ed9-71ba1477f7c4	1187
341971f3-e255-492f-ba73-9dd585c3f0a5	1166
3424002a-5d9c-4fb0-8ca0-d724900d2595	884
34295f94-81fe-4f82-95f3-f70186ca91ff	861
342a36b3-2fac-435f-8d74-265a7debc081	880
342c35a3-cd4f-4e98-9756-2f8e99eeb636	1175
342e62cb-3d2f-42e3-9e8e-67f4059b8c4f	884
34377d90-419a-4034-82cd-223ab4a06224	1186
343da99c-eb70-4c22-bd8d-6093b5e11517	1186
343e8ea6-d09c-45a6-8362-cb100d6919ca	1176
343fbadf-b187-46e8-acd9-5f940c2818ac	1167
3440c81e-55c5-47a8-a9f3-ba129ebd4fcc	1170
34416335-d5aa-4084-a9ca-640ca9ad6606	1167
34460512-0110-43d1-b3e6-ea6ad9f9ef38	1159
344a3ede-c40e-4181-8fa1-2559996347b3	1169
3450d9a2-800d-4aeb-a04b-31458422f9d5	864
34513161-58bf-4e57-b490-0baa736f45b1	864
3459ab9f-ce03-42fb-b1a3-210952749406	886
345b25b0-6dae-4e72-b553-53c5a0c233a2	1185
345b31c8-ecdb-40d9-9e69-28868037b7db	1187
3460aac0-c2a5-4657-8496-4d6eec73f7f3	877
34685aba-79d1-4db0-a128-738b9d070a95	860
3469c771-8af7-4aca-8d7b-3db3cda5829f	885
346a6f0b-76ca-4ac0-8afc-d2474c81e8aa	1171
346b5c97-d948-4d9c-8516-09fc0b313113	881
346e25f2-db33-4573-91d8-d09ee2f7c283	861
346e6ba4-3ea3-45d8-950b-887f6b733666	1164
3474b3d3-c559-4722-a968-be9b77637bbf	2068
34775803-75a5-4a6f-8fc3-3cd9787aec97	1182
347808fd-a12e-4865-8334-1f8441c8f65a	1180
34808497-d5c0-4134-8494-1c6e573dd2e5	1182
34889152-5adb-4c8f-ac13-9e2de37e9c6c	864
348fa856-b843-4c92-b12c-d947c919abfd	1188
3492a048-b190-47d2-8ad5-4d323e829ddd	1186
3493e72f-ac7c-4577-a8bb-e1a5394d0551	1159
3497871d-395f-4ba9-bf7e-1e03cb1dd6b8	552
3499bb08-f6fe-4f78-931b-aa7397ed4829	882
349c8bae-28ed-4a02-8e3a-335c4040d220	1184
349f008b-9705-4f1d-843f-7b6486bd3ab8	1160
34a036e0-ab43-48a0-b3bb-cb63df1969bf	1165
34a7b0c1-2e78-4281-9fa0-1d777ab3b436	1165
34abd95e-b1de-4b30-8b25-74a58975cf88	881
34b9eac0-ffc2-46d8-8ac5-6295b3ad6e6f	1186
34bbf20a-caf8-4516-a68e-71326236cebe	1186
34bc1283-846a-46bd-b88d-93e465ee16a2	1187
34be188f-16bf-42f6-8854-8f03f4a16289	853
34bf089d-b2b6-4eaa-ba7b-0ab9b29288c4	1181
34c33d8a-7e52-4106-a859-2808d2c07051	1166
34c7fa7b-fea3-4f07-ad42-729e83db1c81	1171
34cd4818-a332-4848-8186-7932d79de06e	1183
34d3676e-d889-4e76-b47b-edae4a0f92bf	711
34d462f4-1b03-45ae-8952-2ccabd068980	858
34d6dc4f-2907-4d92-a357-fdcfea60083b	880
34d907e6-4fe2-4407-8146-216e6d12a699	1162
34dc4687-acdb-4bad-b456-344b16bef37e	1163
34df1618-fc00-44a1-8dd5-ac17666203b3	855
34e1435f-7a60-41e1-95a9-e2c12dc24c98	887
34e76cdd-5532-41e8-b166-76780cc0ca8c	881
34e978d6-d78d-494a-a810-514e841c84b4	883
34ec7ce9-9038-4272-bd91-687bbe643449	842
34f1fd48-06cd-4687-a29a-de28cf38f64a	1180
34f34898-f90d-4a84-b437-ff6c2cf0f6bb	883
34f349ce-26c6-441c-817d-383ed5161d32	880
3502d058-484b-483f-a0b4-3a92bea5d54c	873
3503e686-e51d-4564-8b47-264e02cba7bb	861
350b785f-8079-4969-8a15-d784ed3b4694	992
351552dd-0e51-4141-a7bd-318b49f939d5	1159
35156389-819e-465f-912d-97d0ecaab62f	1169
3525701a-8eb2-4557-bee1-ee83e5c0c407	1248
3525844f-db62-4078-8382-edd587438593	878
3529f000-0edc-4851-ac14-f45acd03932d	1186
352c7b00-adb2-477e-b6b0-d152c633bb54	858
352e8318-f17c-4173-bf6f-3516c2a2ec72	876
35341934-9329-4602-a3a4-d352631b19d3	1950
3537b06d-bda7-46fb-a8f5-93bc694e9b77	1185
353ca17e-af0d-4823-9bd7-293ecd734a12	860
353caf8e-6241-413b-8b5e-44c8ce792709	1185
353ec6dd-35a9-48b6-affd-49ba2b3cdc14	904
3544b083-d80c-4192-ae27-60f5a74dbed8	1186
3545cbaa-a97a-4e79-8fd3-6b7f53e29879	1165
35466dda-3692-4534-b0c7-fc4f22371501	1192
35467e6f-e880-451c-a3c2-5799a4ee0f37	882
3549a7d5-41c0-4411-9a9b-cff3913028f2	858
354d379f-47fb-491e-b7bb-9203b4208906	1191
35525b8f-23c0-43e4-a94f-0c1ef8ca28b4	1190
3557e422-7f8a-4bbd-b2fd-c0e4c25e45e2	1186
355bc88e-8102-4d97-9272-a486eebf96da	1162
356084b5-9a2f-446a-92f0-d7a994af573e	871
3565ff6f-9570-4c86-a3f6-58077c010875	887
3566edcc-44d5-4d01-9b73-f677036545a9	1163
356e3b99-6e8a-4dc1-bc96-21b41cb1ee1f	1148
3570461f-fc99-49cc-a7d4-237ca0ae443f	1167
3578fee4-42d4-4dce-8279-7d515be65281	1178
3579c5d4-9fa9-41a9-9b75-9b795794a113	1177
357f30b1-01bc-4c7c-8179-a988c3ad4dfb	863
357f738a-698b-4274-953a-2f7d1f611364	1287
3580f431-5195-4146-a7af-41b9a1dfd214	861
3581a031-6657-463a-a8fb-8b15acd90af6	854
35825a23-97e7-4761-b080-4b2d1dc13970	1307
358adc2a-9586-4eb7-b9e3-17748e8c8531	865
358ca26e-b6f8-4e80-bbfa-796eaaa56575	861
358d187e-9420-4dfd-81dd-5617c265dc14	881
358ecffd-c195-4dc9-9dc6-bae8fe3868e6	1162
3590f0d6-eca4-48f7-8c63-8763e95a2e29	1615
3591fe39-0488-4433-9c8a-ee862f625a0c	863
359bd147-eea7-4484-a1c6-f006721db4f8	851
35a30e56-881f-4302-b016-9c15985f1a13	1186
35a6748a-1372-4fd6-a86f-d89b1e4500de	1178
35a72bd2-6d80-4174-b02e-31d0858d94b3	1156
35a8b863-c3dc-4ca3-ab29-48771d9cd0e1	1179
35ad2e2d-3da0-4a29-9bbf-5c8e598df3ff	1187
35ae10c5-b9b5-418f-8276-db8d090dac9e	561
35b24972-fc41-48fa-a3ac-3742f4f97eea	1158
35b309f5-aaf7-4b36-945d-f0538d6fdcb7	883
35b35792-ede9-44fa-bd2a-bf4e6402fc75	857
35b9ca84-7afd-4dea-bf45-c0e8125b48b3	1161
35bc14c0-5971-4fba-958f-02a3228f1346	919
35bda7da-ddf3-420b-8aea-a5e4d8c2fba4	1165
35c0a963-a4d1-4452-b927-2b2b78b475d7	1188
35c2484a-6fe4-46c2-b21b-77d7c9390a1e	1161
35c24c42-2aea-4bdc-807b-0cf3efff2616	1189
35c3af6c-8d40-4bef-87de-cef4fa9ae016	864
35c6a013-3763-4e8b-8810-4e5977173229	1164
35c84c74-afa5-4b55-b3d0-9fa6d5bdb880	889
35ca1451-a280-4f80-8a77-bf9db5bf52c2	1183
35cc3a31-04b1-4ef3-a76b-5ff2876ab933	856
35d26d17-c308-4485-acac-58fed2ad813d	864
35d3232b-a626-4c18-b78c-38d18f13f7cf	1184
35d4ffcc-7467-48b7-a5aa-e4b71f0de77f	1184
35dc0860-c111-41e9-ac5b-bc12400db9cd	883
35dd8a31-e910-4ec1-8d0d-e2ec72b7f926	1156
35e8a147-ecf2-4fe1-90fe-7fad42242b1c	936
35e9bef1-ea23-49ab-831e-23d63ca02b8a	1157
35ea2176-6437-4c25-820a-e0483999b047	1162
35f4d732-77fb-4a98-adcf-9a971b43b4ce	861
360188f5-f60a-4e09-a5ed-17dde7ac8639	1167
360f8a07-4ded-4605-a54e-b7075db08b8d	1163
360fe80a-e831-40a8-903b-1c0cb4c71163	1167
36116804-4258-48f4-875c-18331f163bb9	1184
36121a74-a695-4c6f-8040-41a7a84cc334	1176
36137f57-8d56-4821-92dc-f671dabe3253	1169
36203547-d1e9-44ff-841f-836504a2b374	1184
362c424c-3262-46ee-9307-2d1b3265eaa0	1169
362c54e2-63e5-49ab-8799-2afe0291d2b2	858
362c9f49-c77e-484e-a9d5-ca03c24a6bd0	800
362dceb7-79b7-4815-847b-58a1c72f7f59	1176
362ff5a3-bf18-4f32-9e43-44e70e25ab33	882
3634555f-a602-43da-a911-8ce14fa6b27d	1186
36395898-5bdd-49aa-8ae5-c4f1ec1bc407	1160
363b4d15-085a-467b-b8b5-83697cb8cf90	1163
363e13f2-58f8-41cf-a61a-f5394b4432d7	1175
364355ef-81d2-4fff-9c3a-5fbf79598b72	865
364be433-a40b-40ae-9257-57adab03c1e4	860
364d8fe4-65b6-40ef-b249-1abeb5725d66	1127
364ee938-5411-4ec8-b4fc-d3d356419bc3	1161
3658b112-7fa8-4f03-b8a4-160e3f44fe84	1144
3658f174-7c7f-40a9-8d95-32df77fda55f	1158
365a0159-f2a5-4ef5-868d-6cee7a19136d	882
365ede2e-8843-4370-9c15-bd9561bc0c7f	1166
3662a9ad-13fd-4868-8058-812db746698d	1159
366949cb-3a30-43bc-8f25-f6bafea0b122	1855
366f122d-d4dd-4bc9-b907-e962351059bf	970
3673e5bc-c8c3-49d6-9227-37b9a80c2506	883
36773eeb-390f-46ff-93ce-8340e7fc3f0e	907
367805e5-0f39-4a7b-820a-2d81bb7f4e03	855
3684ac5a-53fc-433d-a04c-f56a3e41e28b	1154
368758a1-f13e-4faf-9491-75d48c05a69d	1152
368795e0-218d-4f98-99f9-c8c6ca511901	880
368b036a-db4c-407f-8261-fec048cbd3bf	995
368b5173-c64a-4bc7-b709-509617fe353c	1166
3695dd25-f0f0-44c8-91cd-8cfa43c84701	1191
3695f1f3-47d9-4118-806c-c48edf1255df	850
369953e5-f019-4bc5-a043-972fecd53a78	1159
3699a6fe-6ac4-4738-bc2f-38897c0289ba	883
36a0616e-6637-41b0-8a99-717ac0d22e68	879
36a86709-b005-4bad-9464-8de2b97733cb	1165
36afa065-ce85-4ed6-a716-3e1616555ec2	862
36b14fea-8d4b-4f03-8b15-76187447854b	1184
36b211a7-493f-4b4b-9a4e-3e14eb1edab1	1156
36b324f9-7ec2-452d-b029-c25b750d9818	546
36b56855-4ebd-4371-bc86-3a559b12eaaf	1168
36ba63dc-5943-40b2-ad90-3182dbeb711f	1193
36c22e3f-dac9-40e5-95c1-16b9cd8ad848	1163
36c7dab2-9255-4f82-b6b6-b950592f27f1	918
36c8f6e7-f059-412e-ac2a-7453e389aa71	1185
36ce4aba-2f22-4574-8fe8-102b5214cfdc	856
36d0c868-4d56-43bc-b9e3-42d76cb95e13	1189
36d59f00-6b5b-4aa1-a4b7-c1fdc7ad30b4	1200
36d84bac-4adf-41fe-aac6-f0c47a5718d2	1169
36dbd40e-d6f7-481a-89b9-2eb93ce50e4b	1167
36e242c4-5dc0-4363-a170-84c59991a8fc	1212
36e400ce-78eb-4331-9d52-743bcb0dfec3	1344
36e53669-11e4-4ab2-ba76-078dbf76cc4a	1161
36e64d55-ab95-4cb9-843b-db07ea77f8f1	862
36e71ee3-49c5-40b8-92c4-fe3f7df46b36	847
36eb02f1-e210-4853-bd39-425615750a70	886
36eb5c91-141f-4996-9b37-2b26e1737515	878
36ebd756-e895-436a-a929-78157b40df20	1166
36ed400e-f322-407f-a323-20226aaf1c22	1180
36ee74a3-5d42-43dc-9e83-efb95bcf295e	1182
36f343f2-82f6-4974-b4d5-2df106765218	887
36fe7b51-20c6-48df-a870-c8992b95fc30	1180
36ffae7b-0971-4f27-a8ec-16118052c9de	1163
370003c6-03c4-426c-b3a8-d1b07d976da4	1183
37074b56-ef4d-4e8a-9b33-004a180f008a	616
3711a0cf-c7b9-476a-b19a-63194e8c747d	1156
3712b772-4d05-46a8-a2d8-07410d41d0d0	1163
37138c24-b8c6-4582-b4fb-5037550d0e37	863
37164751-acf9-4523-a5b8-e1797484673d	1189
371b0fa8-58bf-44a8-ae28-317314377395	866
372139d0-b60d-42fe-acd2-0f2c99b2a182	1173
3726e99d-1fc2-4b02-b577-cfd9ef370105	886
372703ef-2edf-4c93-a25f-2bbc26b89cbd	1161
3728d380-4b06-4c2f-9be4-d40680a5655c	1168
372b96de-6a15-4c19-aafd-e4495a9396de	1170
372d692f-7f4d-4ab6-84d0-825d3be18f16	856
372dce66-0398-49c2-9107-7cf874cdf471	1166
372eeb03-b789-453f-8202-bd95b43fe8f0	1171
37311ddc-0f62-42b6-a47b-fda0beba77fb	1186
3734f4e1-fcc4-45e7-9af1-0bbe3d965e81	1167
37379fbf-66d5-43e5-a4e1-c1dbc0a3ad16	1189
37395778-ad39-4826-b672-2613067b0802	893
3747a729-2e6e-4958-abe5-862d0a6ba48b	1170
3749018c-42a1-4ff3-ab76-de86d9c9c279	1183
3749750e-b7f8-4c37-ae10-28c25a3b35b1	865
374f462b-96fd-4674-a36f-38569965ea1c	1152
375b54eb-f2c1-4c92-a203-9aa4486a0730	853
3762f037-f819-4add-b39c-691955848a44	860
376579bd-3042-43ce-b91b-70ad84493c04	837
376f3028-dd99-44d5-9c85-9df9b2fd45df	874
37725569-e125-4114-a9e4-48030c3a230e	1157
37732eda-ab6e-49c2-934b-9a9697731db4	1185
37778d3c-d0a8-4c95-95b3-65871b126f14	1163
377ee4f9-1b7d-4dc8-9a30-9c0dec7bfb12	1163
37831274-cb29-4ce0-960e-1d1a336abd63	1837
3783a305-1525-4523-b988-b9e55090f153	1166
37845bd4-4327-4812-9824-9a32cae69dd6	557
378abe56-1ea7-4e8c-8713-e8634d413442	1154
378c3898-dab9-42b0-b9a5-9ead0e8b79b3	1183
378fb5d8-1a34-429d-ad2a-26f35357748c	872
379b5c3d-4047-45be-9d7a-8b83b58ef05e	1179
37a0d914-0e6a-4d41-9599-43a8381e365c	1164
37a3d408-766a-4486-8fdd-96daee57563d	1163
37a903b3-0ab8-47b0-8800-7b0f33b8b16e	1177
37ab41a9-1718-433a-b020-1a7584ccbc3d	881
37afd9e5-e08a-4536-baaf-0b942e7f16b4	1169
37b798c8-2f9a-4c94-bfb6-faef29eac96e	860
37ba4ef3-f3ea-477a-9aa6-e9d680576895	1180
37c300da-0a87-490b-be0f-d57af44db005	1164
37c762e4-9af2-4954-8688-4de36078171a	1164
37c7a970-316a-4da9-9e30-dcfe125e8724	1188
37c8fdf0-f703-4e2b-b321-3572e260d418	865
37ca7530-ca02-43c1-ae35-cce93aae1d9e	1158
37d08186-7991-4a44-9861-1595e9833030	875
37d2c689-730a-4fbe-9549-6c62c6cd2024	860
37d2d02e-2d11-417b-bcab-472a5fd09c0d	858
37d77827-722b-407f-b746-e0f67f9a42fa	1169
37df4386-a04f-477b-a8e5-b679e3cb49f5	886
37e109a1-1021-4aaa-8c8b-c4253ade7f08	1181
37e2e0f0-04d6-4ee3-bbe6-6fb05bdc6e9a	1171
37ec330b-140f-4198-95cd-d43dcf7f513b	884
37ed2b47-96cd-4f11-bb0e-818714b60f9f	862
37ee0af5-7630-41ec-a116-2927eb72e9e9	863
37f3e376-6a37-4a51-9aae-8439ee24c5f3	1156
37f48e48-b842-4ef0-ba68-f2ad05930aa5	877
37f4a039-5d32-4081-b9ca-5dd4ce2a4b4e	1182
37f4bfbd-b031-464e-b1aa-4a0de3c3671a	1166
3802f0bc-eeef-4eed-922b-04653c391fdb	858
38075241-7126-436f-a024-493c56c3afcd	878
380b8ca8-fa46-43ef-a638-37078386950a	1168
381406a9-20ea-4a01-aa56-96bf8e709b97	876
38146647-aaeb-47c1-95f4-44f822550f22	1161
3815a5e2-537f-45ab-b025-af3dbfb8bccf	1147
381cf43b-e757-4306-8dfe-cc9ec3c9e2a9	885
3820d0e8-ff87-4287-a8b5-5a85f73a7c7b	1164
382165f1-ff45-4f90-9ce1-82bed1c68ba7	978
38368054-780f-4a82-836b-9705b5edca51	919
38392de6-855c-4ff5-a773-c10ead2f4b25	881
383ae659-a23b-4512-adc4-b65c317e019c	884
383e3f46-9a16-4281-bd7f-04130fcae9c9	1180
3842b12f-e2d9-404d-9f91-0f7c661df632	1183
38436a43-d277-49b7-a6aa-7a3fe71a4108	1181
3846164e-70bf-4cbd-8c11-d408e24e306c	885
384833fd-1b0a-4dcb-9482-ef2d0393d822	1892
384edd2e-ec05-48a8-b8bc-f21cf20eb3c6	1183
384f9292-6723-42c2-94c9-00a57e1837b8	1160
385568ad-8645-4f59-80ce-490bb75b9d88	882
385b59d4-8113-4657-86d1-9480a06d9ad2	1160
385b86a9-7cef-487b-a8b5-409d51c099ca	1142
385bd4f3-f5be-47e6-aef3-e7968c78991e	849
385c8365-6f65-41b6-be6d-bab74a3c1133	1165
385cfa72-d66d-4945-9952-ef7d38f3d43a	1158
385e3cbd-0e64-40f0-8d65-1145a389d0ae	1182
385f461b-ac01-4e59-93cb-ec0e15a13ee2	1146
386cf755-4a85-4e00-8d35-f1c1f3080613	1164
38716e26-2045-4c7c-afa6-ced580a86a6f	892
38822d01-bc0c-4bae-81a7-65a8cd6260b6	1180
3888563a-aa91-4d7f-994a-79cccad6fa69	1192
38893cad-209d-4c13-afcd-32e97fa53d0f	1164
388a6a5d-3ada-4cac-954b-36ef3bee8881	1188
388b5835-ad68-4fff-83b5-74873c0375bf	1190
3891884d-8e8c-443f-8f21-6c75a309903b	942
389803ac-2964-4658-b44f-8c8f68dbd44d	1181
38984401-baae-4c41-9ec0-f9a0b713b766	1151
389915eb-6d43-4b4d-8ab9-07bd0e137ff4	1182
389f3cfa-0bd9-4569-b1ea-3bf24d849d94	882
38a3af2c-25c4-409e-9f00-dfa80a2e5eb3	874
38a76e77-908e-4eaa-8417-1271c48ed529	1191
38ac6e2f-6459-482c-ba3c-243a44a7ce6f	883
38b16df7-d0c4-409c-96ae-0dfd6efe9321	1179
38b40bf0-60f4-4f97-9ee6-e1e3c81a4b86	1183
38b7ca83-8a9f-422a-a38b-7f56b19fa874	1627
38b967b2-9973-4b27-8465-1660946949ff	867
38b9dab4-e951-4773-b1ed-5e15b02aed66	1663
38bebed0-3846-42bb-b233-bf439cc33ce3	1290
38c5e88a-d161-49cc-b2ae-edf88cc8ca94	862
38cf3a85-1b19-4f24-9e71-abc4b57b0cf3	863
38cfb0f0-470d-4e10-ba41-bef2ed0a3d4d	1183
38d3f5a0-14ec-4269-8273-0c858850ba1e	1182
38d57057-3b9b-454f-88f6-c23fa4cf6713	1173
38db8188-8323-434c-93b6-b332cd6c97c2	884
38dda5dd-2622-44f9-85b1-d966aa62e2d6	1185
38dfe526-6749-4d52-beb6-93afff4cdf68	1169
38e3398d-aba9-4695-8a24-3add90d7757e	992
38ecf776-da95-4629-bf0c-7af73eac9d95	688
38f02ead-e43e-4e14-8296-de077ad7dcd0	1169
38fa3bc3-8b39-42f7-8b60-95df1f0419d8	1187
38faa4cd-5a70-48a1-b3a0-e1303fe6dcc5	891
39004199-39d2-47d6-b4b1-38e07bca1109	1187
390259e3-675c-42a3-b630-4f6ddf66eaa6	884
390873bc-e6a6-48c6-a33b-918e7d4582c0	891
390accc9-bdbe-4155-896d-1fc5e474d2e5	779
390ad724-44e1-4f45-a928-d827a4905200	1156
3911fbd7-d488-435c-8023-a457461225a2	884
39129691-288b-40b4-bc8b-603df2f71a12	1173
39187fe9-d6df-40f3-84cf-90bb17ad3b86	883
391c6d4a-709e-45b6-a9bd-f6642bac5416	1177
391cc40c-88f1-4022-9025-9ff8f85b7367	1181
391f8cb1-785f-49f2-9d4d-2cd107cf194f	1168
3921ced3-2a3b-49fe-be0e-b99bdf8fc8d9	1177
3922512d-8cfd-4f19-a55b-6a59836c8cb0	1178
3926f537-4a2e-4c2d-8ef1-2b77a24e759c	859
392bfd46-9ea8-4ad7-9f53-5c4302eb4e41	861
393154d9-1aa8-4441-b12f-ed8848641dbc	1181
39390891-d878-41f9-94ce-2d924c127171	1161
39401569-6396-4f3e-9b24-c42fffa734d4	1190
394257b5-7607-4966-bf66-167e14bffcf8	1151
39469e9c-3db0-4bef-9ee4-a9a6e1b63be5	882
3947889c-e287-4108-8616-0ed962bba58b	1175
394d7235-2f7f-495f-b604-e793fc85c8fc	1193
395fe34d-244e-4c5c-ba75-6ed144c6784f	868
39602386-120b-4f77-a9ab-623ce6119434	884
396388d0-afc9-44f7-9f54-d792549dc5fe	1162
3963c964-b7b0-41ce-9932-612e3235f831	880
3967d099-876f-4d43-9e94-f27fcedf5caa	1185
39684728-c256-45bf-966b-dc9f2d88f1ab	1184
39705494-7cd7-4b7b-b9ca-830f282df8d3	1156
39776d35-2527-4dbd-9953-d759a8166685	1154
397ec0d4-2247-480f-b0df-eddee661e594	1152
3988e659-4e19-4c2e-89d6-5702a0226aee	1187
398f72e4-a759-48be-8725-78a6cdf6a739	1169
398ffaeb-01d0-4e51-93ae-dbe711a05809	1170
399d56bf-cdf2-4c38-a741-bed505cddd8f	1167
39a928eb-6b18-451c-b7c4-ba037b7140c4	857
39ab6099-58cf-4fa0-bcae-18e44e5d136b	880
39accdc8-238c-41a4-a712-cedb43b26c3c	862
39ad2785-207d-462e-a2bc-37fc4c942c86	877
39ae475c-8583-440a-b807-1591143cdd07	1165
39b54965-821e-4fc4-ad08-4fc15cfe66a6	1185
39b63db8-b585-4870-a59a-9af7d68de1c3	1163
39b65d4c-ce4e-421d-b9c7-3962bd545945	885
39b98b5c-0136-47c9-9d16-0879a8f7ddad	1184
39be2baf-163d-4e81-9def-6beb18aed304	1175
39c1be3f-177e-4570-8c34-df888f2790b9	855
39d48b47-00f7-4e4f-82ba-4dd7fc8c317f	1186
39d68de4-97b6-4c73-8784-f91c00628ffa	875
39dbec4d-35d7-4bac-a647-ae6257b51cd6	1167
39dcfea8-4064-48ac-8ebc-37499018197e	1162
39dd79c9-99a4-4bcf-a953-2d8d8c05e9b5	817
39dd7db4-4cab-4120-9b2b-519c160208fa	888
39deee4a-5aa3-4c1e-9f18-b9b4ae00faae	1188
39e469c8-3ffb-4ccb-9dc4-9feb38cfcde2	1170
39e7fbd3-7ed2-4975-ba5c-3dc6a51ceacb	867
39e81ac7-1130-43ab-98b5-a9b7e75661b9	1173
39e8dbf6-d5d4-44a9-8ec5-e1c53d6c8918	1161
39efff9e-dd47-4599-abbc-00044f5852db	1293
39f5a33e-0b1d-4a91-b540-75dbf4be7219	868
39f620b5-3065-4439-9170-a5cc0391fe86	878
39fd14e9-6b77-4e75-b8f3-e2a6e360caf8	878
39fd9d3c-92dd-4e39-867c-2da5a9ec78ff	1178
3a03d854-17ed-493f-966c-9a03ad2b472d	1190
3a0857c7-0b98-46f6-89fd-730101b718b3	1169
3a09a4c5-48ac-4232-88b3-d4b123b1e3b9	872
3a0abd48-b35f-44a7-a0a2-c288826a0b33	884
3a0d8052-500c-47ec-ae5f-fdded9948347	1183
3a0db2cb-e9cb-4e7c-94ed-a1dc864c4fc0	886
3a0fa2fb-0150-4954-a078-da6d16f65fdb	1182
3a10e211-a7d0-47c1-9b35-99c06560019c	1165
3a1c4e89-6065-48a3-a761-63b1aa416c84	883
3a2271d5-858d-40bd-a942-4ee057052090	891
3a28bac1-90b8-460b-969b-66cc234a9b45	1176
3a28bb3f-850f-4d4e-b7b4-aeddf8368b0b	1185
3a2915ed-21f3-4471-974b-cb37b286e9ab	1183
3a2a67ad-27b1-4d80-8313-3afbe3031122	859
3a2facef-4eda-45c2-a8b9-ea56ab1e157a	972
3a30a5ee-7def-446f-b0f1-0b79ad23a09e	1168
3a3211a6-6302-482f-af61-0757699298cc	1177
3a354d0c-18c6-4600-8ab5-a1335611017e	880
3a37ff07-b227-4ea0-aa92-95da2fa5d331	1180
3a385f3c-ef4d-47ce-8b2b-256744cec254	1167
3a38c9d5-c750-46ae-92c1-bfd2c46cfd11	1173
3a3bf855-72a7-4e2b-aa96-f9bff333c1a0	1182
3a3d656b-ef60-42f9-ab37-da79f37c6082	1184
3a455656-08f9-4af3-b197-6aee657732b6	861
3a4a7a08-31ef-4a94-89e5-057de1e41ca7	2363
3a50d079-162c-428e-a472-7d6edb587c8f	918
3a619668-1a30-495e-86f6-95896892fce1	887
3a62e86f-76ca-464b-926b-1321bae8fd86	1188
3a6ac198-2dfe-408a-aab4-fd691fc0ab19	1180
3a6b96e5-a030-4c41-8ae8-692ad86beb1b	1803
3a6ecc40-679d-457a-845a-72eba212804c	1185
3a6f6591-a48f-433c-9f3d-c7654b3411e8	1155
3a79a611-f1e7-4ade-b83b-14b769eaa1a2	1179
3a7a4f2b-2f6e-43ac-8c1d-0ddefa1338f2	1171
3a838113-d4ea-41a3-b4e9-f38f4d82a7fe	1182
3a84e769-21d3-4fa0-8f8f-4b21e06d6b90	1177
3a894636-3447-4b90-8758-c8ebdf47cfca	1182
3a8c7b6e-98e1-4804-a54e-c8611810066d	1161
3a91f37b-b8a0-49be-82d4-dbff9ed5bd70	1183
3a96b720-080a-411e-8c12-8193c7333d73	1158
3a97457c-426d-4dad-a712-85d590829400	865
3a9dddf2-ed2c-455d-9266-9f82cdf4dff6	1184
3aa4e6e9-6922-4570-9fd2-4e5497dc3bb5	1181
3aa571e0-ab2d-4ffb-96d1-193a2c8168da	856
3aa67af8-5afd-46dd-8f7a-879c590047b9	2358
3aad465d-5212-4582-b419-6e71dfe11557	882
3ab15674-b651-4345-9e4f-11a6e6fe3167	1163
3ab42ef8-6070-4ab3-8ac4-a9d4dbdc7385	1193
3abac242-6525-4fa4-a26b-93204091557d	987
3ac0ec80-2298-499b-b3c6-27d944871766	1170
3ac1f3be-0766-4f9b-b1b5-eb5e335f485f	1167
3ac394ee-8a1a-47f6-b0cb-4c1520af40e7	884
3acc0237-ee25-4ddc-8c5d-68ad44631378	1167
3ace0612-1cea-4a76-b386-05f5fc639f87	1179
3ad79d65-26fe-4999-9412-1068b49b0fcd	859
3ad8c52c-2bb7-4348-a519-c53bba6eda6e	984
3ad9c0c0-77eb-4ba4-8ef1-d648f72f79a9	866
3adb3ec9-6b69-4386-ac20-89441ea087c8	1182
3adc2d9a-c9c9-4aab-bfee-1f0f894aacf6	1184
3ae39cf9-b5be-4123-ba03-c1cf156a9190	861
3ae42645-9062-483f-a437-1261bedbbec8	875
3ae5650e-8c03-4ee7-9e54-6cd680089ec0	858
3ae92d02-d27b-425a-8564-fff626b55b30	884
3af224b5-51f1-41ea-b1f9-2359a1058c6b	1182
3af47a71-e32d-46b2-9c7f-0ea7f214aa1d	880
3af757e1-d6b4-47b3-b200-993665ad4f94	874
3af97dd9-8b3c-4e40-ae5a-f326b4e505d7	884
3aff2f54-e38f-4507-b7aa-f38242c0122b	880
3b00d29e-e4ad-4290-b65a-233537aa95cc	1184
3b01a83d-0029-4938-8a59-9a80353e1429	880
3b12da0e-3435-417a-ab71-0ade5add08dd	1166
3b19de03-6a13-4338-8f0a-f3de78402fe0	2343
3b1b3e6d-ec89-4237-8a30-66936e5fd83c	863
3b1b41cd-5b45-48f1-85f9-5c3ea056cd37	863
3b1c3149-2702-48f6-880a-40a564e7e247	861
3b1e55dd-e700-46f6-b0f3-897995b5bd0f	861
3b201163-eb0b-4e1f-b7d1-b286a71c3d0e	1191
3b20c30b-6207-4ac6-990f-fc4d0c2d189e	1170
3b20db83-eafa-4d7e-b661-d9d9610573ff	884
3b22bf63-eb47-4941-8469-fb531203db51	1161
3b2ba880-d7ca-4ed6-9aee-622364b9e786	1166
3b2e4576-376a-4ca9-871a-897db42cb146	1310
3b343a04-74f5-4fc9-8b8a-d27a0389ff72	1192
3b37c1dd-f7a3-4d64-80e6-42eb797317b1	872
3b38ce22-b386-4113-9c56-5b02a68e074f	884
3b3c37bf-51c6-4f94-8d88-ea78753bc6db	623
3b411cb8-5019-4f2c-8a7e-a8129915e407	1187
3b423d8d-9473-45dc-b4fa-5b3ba2efc626	1298
3b440f62-e1f7-47e4-9ee3-fb7354061fe3	1165
3b456d25-6dbd-4168-895b-1205d69b347e	1153
3b496cae-e964-4993-8651-d3400bb95e24	855
3b4ad3c1-ef46-4130-9259-e0749d56488a	855
3b4dbc68-7f89-4cf2-892a-b3cff8dbccdf	865
3b554ef3-cdfd-4dd2-8240-13cfba82bb4b	1181
3b568df2-2145-4c4c-b9f6-9927761d03d1	1150
3b5af056-c6d4-4e00-bfd1-2d41d8f14f44	1182
3b5effe7-ef5f-4e8f-9a54-f92a466921c2	884
3b6694a4-6e86-4727-a5e7-274b71b7c850	1182
3b676b02-0b87-4922-9eb5-b485ee1231e2	1149
3b6b383a-e524-4940-8e45-c051af6e37aa	1186
3b6b5443-8de3-457f-81b2-669743d7b862	881
3b6d656f-d65c-4fb3-98ae-78f5770959d4	1185
3b6f1ae1-f6d1-4cd3-badf-98b8d8686d3e	1158
3b6f626f-035f-4c0a-bc77-a1e4c1f754e9	850
3b742dfa-6495-4f1d-9121-d16321c07a9e	880
3b75b1b0-c9cb-4ac5-8579-4b81cbc5d151	949
3b810bca-82ad-44c6-a6f3-1164b6f5587a	1164
3b833803-c79a-499d-b864-d40695183e85	1167
3b94f7cb-f772-4c8f-a709-f00bef8b0e9d	1158
3b9bef4c-e933-4d59-96fa-f2fa755970b9	1169
3ba08d61-1a62-4288-82e5-d7e91b8f81df	1184
3ba41a75-2d4e-4d2e-bcf9-6f242b535401	1178
3ba6b802-0561-4e0f-bd70-695206cdee4b	1405
3ba7fb34-e3c5-4ffc-b63c-6713df165b74	1178
3ba8862e-a1ff-4306-8160-949b1593db0b	1160
3ba8bd49-f039-4567-b071-f8a460351330	1186
3ba91abd-0525-4487-8e8f-f94d3d13b3b7	1189
3bc1637e-d384-4d49-bf2f-0f004b0cc327	1166
3bc283fa-de7d-473c-960b-1326912c03f6	878
3bc9c117-4582-43cf-a67e-f11b6f1944cd	882
3bcdf025-cd6a-4a85-b6ee-3689ee39c2e5	1049
3bd0b80a-0b79-4df3-b98b-3a5a0ebcba7f	1165
3bd0f3cf-96ba-4511-96d8-32e329a4cc6d	1164
3bdd2e67-8c1f-4190-8628-e0adec53b62b	1181
3bdd908f-c70b-4eed-bf18-8b5d4afe58f5	1170
3bdf027a-50a7-4e39-a077-84ad98604226	1181
3be0285c-b8b4-4632-9182-b66f62ad6d26	1161
3be4449f-816b-44ac-88f1-756e24ea585e	875
3be4fdf0-8e10-48e7-95a3-1b42bc7f9fa6	1177
3be53e94-1d5a-4fd9-bd1a-2f6a51ad89a1	885
3be84a0d-a983-45a0-a12f-d66fad63704b	855
3be9a514-a144-4e0a-841c-5d63463b6e1c	1190
3bee0ea1-b0c3-44c0-89eb-1e6045a809e3	1186
3bf0a048-1221-4ad0-b30e-2b002d03d71b	1183
3bf40cdc-4168-4d9e-98ca-267b602b7d97	1178
3bf5e867-66dc-41a1-baa7-4076b4bcee00	880
3bf73c9f-9958-43bd-95f8-27cd79211655	1187
3bf7e144-a978-4eaf-8bae-f03b7f51e49d	1187
3c031dd7-9e03-46e4-8002-2c0474bba5ce	1168
3c057061-69b1-455d-8dc9-091c1ac2cee3	1145
3c0675dc-693d-43de-b404-a609596bf997	880
3c0920b8-53bd-46c9-adff-46bc43562584	865
3c0dfa20-deb4-4ece-8318-e0992ac50833	1178
3c105c25-7770-45e2-99a1-9b63f43c80e5	1171
3c14d47c-6ea7-4900-9ae0-c0c68a9114f9	1181
3c18b405-665c-4a7b-9f70-f9d39f2c3f39	1165
3c1f3e76-b658-4cfa-881a-47373055bfb5	1176
3c23820a-8c5b-4941-b1d7-7685d0775915	1185
3c23e122-87ae-4264-8d81-890c10761105	875
3c2815ac-7fd6-4ce9-80dd-bb83e5fbe032	1176
3c281a0e-5a38-49c2-a636-05e4e2c23f17	900
3c2f984a-dda9-452c-8a0f-230babb92cdd	986
3c36618b-0543-4e9f-b060-26c8de592de1	882
3c3a71e4-c454-4080-b3fa-b6ebbf052c6a	856
3c409c7a-6d31-4323-9ce2-98202657dd5d	1150
3c412e04-4211-4bcd-aaf2-9731efa9b1c8	1165
3c414784-e05a-48b4-8ba0-8e8f88a79667	1196
3c4b88e1-ab34-4b77-9ee9-cd2c3a80e927	858
3c4c4228-c440-4cc4-8916-9d9b690aa3f7	1182
3c4d0a8a-8776-49c3-82db-2cfec73db583	1170
3c4f0310-053a-42d3-8a12-a794cf42e33e	1164
3c5bdcaa-f900-414c-a1d0-bb6b725cab3f	861
3c5eb72d-dde9-4658-9127-a7b75fa9d0a7	888
3c63976a-07e7-491b-b3eb-831441a3076d	1156
3c655762-2a25-4126-abe1-11db9b86b3d8	876
3c763444-93b0-4cf1-82cb-b91b5196f647	885
3c7a2301-5715-4723-8e24-151039d3604c	885
3c7b854b-bcda-4143-b2ce-52c773eeb359	783
3c7bf977-f275-46ec-a89f-a3cb0ab12a5a	866
3c7fdd26-a946-46cf-b50e-010e6065d7fb	887
3c80bef9-5dcc-4803-9bf1-ccf8675bf05d	995
3c8969a9-7212-467c-af16-ad224ac7a647	1181
3c8c1edb-063a-475a-9645-d0a151ebd0db	873
3c8e55de-57a1-460a-a9c0-164ba3953ccf	862
3c8f1a5b-cadc-45f4-9a12-a92556df71c5	882
3c91d972-ff4d-4158-a958-0193ecdaf3d4	1192
3c9af7fe-767d-459a-81f6-79ce642ccdcf	1176
3c9dbb1a-8f16-4b55-8768-bf7bc4f9073b	1168
3c9f27f2-93b1-4f64-823e-f5d6935fff0d	1147
3ca5c710-bf33-4abc-bfc1-f2b30087f7d1	860
3ca64118-275b-4c55-8026-cc7a978c007a	881
3ca66c8f-dbd8-44e6-9b15-8f740b5f9609	1151
3cbfe6f8-4cb6-472a-980a-e962e209332a	882
3cc46407-d1dd-4381-8dcd-a7476d73b90f	884
3cc7e2bd-4715-4cfd-acf0-7dd19d586803	1187
3ccb733e-bcb4-4a30-b2e7-92072a74c688	869
3ccd987b-b0ff-4b78-a865-dc4459fc38ac	866
3cceed95-1b7d-4d10-be84-917604ae4d30	883
3cdb2a13-cdec-46a7-ae63-966b004710af	855
3ce121f0-121b-4e08-8f6e-27c820054835	1182
3ce5ddd2-6ef7-4cf8-afd5-f61712a53877	1294
3cecd22e-2908-4b5d-8f3d-2bde8ee3e503	1862
3cf0dc9a-db6c-48d7-8758-72a6b68f0ca1	865
3cf15ee5-1bb4-4763-a742-f983ae38edfd	1171
3cf1b5f1-ab62-433f-893b-85ac2cf43296	1177
3cfad0e0-9adc-466e-bf63-3ca02ba26531	1185
3cfd4f02-33c7-4ef9-a4b5-1ba54c67e6f5	795
3d0352ce-3823-48a4-a4f9-631308cc636d	861
3d041cf4-f817-4943-97d9-6671dbb12d18	1187
3d087e6c-451f-4e61-9e74-32cc555e5af9	1221
3d09729b-022f-47e4-a577-d43caeb75386	1155
3d0ced94-acbe-4df1-ad14-0806e629c8f4	1181
3d0d697c-78c8-4d22-8b2d-397886213477	1156
3d0ef8aa-a107-4f97-adb6-d4d985f7c02f	581
3d0fdab9-a7f4-45d6-b725-01a03e2beda4	1177
3d17a4b0-4b37-4159-93ec-a25b31502d95	1165
3d1e94e1-da27-42d3-8a68-401035fe18b1	1189
3d23d898-4df0-4abb-baba-b653bef9f987	1163
3d25d451-df51-48e8-9c4d-a67e367c9a1e	1185
3d2918f2-9b3c-4932-b9d5-a62df88ef211	1167
3d2a2ccd-9983-4aeb-a6a6-c938ddec6825	1190
3d2ba817-f08f-4340-a0ab-d63e6ec7a9e9	872
3d3c9549-65b6-4cf6-994f-a7bf30554b4e	861
3d4012b5-2c47-4fd8-85b4-201cd1a33e0f	863
3d425577-ce39-4941-bae5-415983491226	1167
3d4bb6a2-a316-44cb-bd47-6e6a6ddf58cb	1168
3d4c59e6-540d-4e63-b368-d2ef5fb3d997	1201
3d4f7b7e-5fed-4288-b426-b76e2fe6d308	884
3d57bcd6-c374-4484-85bc-efa21b32b4b5	888
3d70c211-0967-422e-9d17-7c8ba91f024c	887
3d733bfe-d794-4658-914e-62944edefaf0	1159
3d820e86-a8b9-4844-b1d5-7c2faa799009	1187
3d8d658f-be27-4d97-961b-774daa5e52c5	1185
3d8e6a47-f9b3-47bf-9483-adcc58a55d77	1165
3d90245d-d722-444e-a3ad-29d053c71920	646
3d99c5da-d966-41b9-a0fa-1339919438ff	1651
3d9dcdbf-aab5-400a-b834-2ed470aa3f88	861
3d9ef26d-d512-4574-83e1-41eb468e2f5c	866
3da0487e-eace-490d-9d5b-39542333ade7	1187
3da1f590-c395-439c-9534-4e68e8a8c52d	862
3da661cd-62d9-4438-91b1-825aa409afb2	1194
3da9a4d6-a51d-4b63-9db7-18b1bf61f4a3	1169
3dad06fd-d44e-478c-b27d-6414e8696e67	865
3dae9817-4203-4d8a-9258-ac9554c8bab8	1170
3db03e65-aa6d-42a6-809b-8fce081e7098	1183
3db4182d-9e9b-4621-b21d-f9cff77715b8	1185
3db869e3-84c2-4005-894a-a73559f34134	1150
3dc04498-bf4c-43ff-bbd8-ae3ec7dd430b	882
3dc08340-56a6-428c-bb49-4fe722e46333	1169
3dc27ad7-8b80-40a2-b052-de2cdb4e398b	1158
3dc36e60-940b-4a5c-9e28-e37ddb63fb45	873
3dc3c263-7fdc-4ae7-9fc7-1c43719475d1	882
3dc6fdb1-1986-467d-ac95-70fbe1567df0	1168
3dcd4d05-436f-4e40-bd4c-36a1621cd6eb	889
3dcefbf9-0182-4935-b381-f1bef4eefece	1180
3dd5dc8b-9b5c-40ca-9049-7ce96a8e0a25	1169
3dd8388f-570a-45ab-99b0-5e18e9ab34eb	883
3ddd68ea-7929-457b-9a6b-3fec39169645	1181
3de3c676-93df-437b-9f71-528da3b439ff	1188
3de6d820-dea6-4db7-8fdb-8f72528972ba	1166
3de8d5f4-a9ec-4d00-8c1d-8bbc93d87dde	1191
3de9f240-e9f4-4ec4-9700-0ed39e887218	879
3debec6c-8ccd-4168-9b8f-6ad41c56db9c	1166
3deda090-29c9-42f5-ba4a-9e44cfd456d4	884
3dee6bad-8ba2-4c37-a11d-7362f3d41dd0	854
3defe43a-a487-425a-a02b-a5d243eecc86	865
3df8f8a7-90cd-483b-a10c-be2cd52e71bf	1185
3df9ff4a-2da1-49e2-b9d7-60806a1d09fb	1183
3dfb9dc0-9478-46ba-8204-f58a62b0fe08	1167
3e0243c0-95ff-4011-81de-aa60e935e3ea	1186
3e0ab0d4-8267-4af2-a7ac-8084b8f97917	879
3e0b8cb7-b502-4f59-85c4-8ca744cbe445	1173
3e0d348d-0243-4754-a9d1-fc49ba2108e8	1161
3e141cdc-aac9-4e55-a23e-4fc61c646eb1	1166
3e1ab955-d74a-4fb0-afa2-1aca03b5ab4b	864
3e21fb50-f9b8-4981-9e8f-d13d58ed5b84	1156
3e226349-068f-4915-a4c2-4448d748c5dd	862
3e2ad905-f240-42ea-92f9-2e089b1bd102	1164
3e2bd701-0110-49c6-aaa3-990b73faba98	1188
3e35685e-1c2b-4ece-b292-e257e065034c	863
3e427c13-ede2-4783-9729-5c5299f547dc	877
3e42e7de-a339-49be-b8ba-466fbaf6f980	1161
3e44292d-89e5-422c-84c9-d0a5e6eb2b22	884
3e4b377e-89e4-4bea-a2ef-4cc8336fc290	1183
3e4d2536-d359-45bb-a27a-7e34ae35eeb3	877
3e4dac83-098c-4257-8385-84ac3937f493	1181
3e52e774-5e8c-4277-b1df-91ebdcb8e724	1162
3e56148f-fb2e-4493-94a4-6cb229d3a1c4	860
3e5765a5-4b38-405a-a438-06c00464b807	1166
3e57e613-f4a0-46b4-81d1-4f2c69e5d430	1179
3e5c8272-dcb2-40d7-8dac-7d2dc2c50956	1165
3e5c83f0-15cd-41e6-abd5-4d543eff0c78	880
3e5ef5ae-f46c-4374-997b-e6914bea0c1e	1164
3e616883-c7e9-4cd4-bb73-78e2affc6d3d	1165
3e6241e3-01ce-441e-b44b-8d0e988dd844	1177
3e67d936-9713-4fc4-b66c-c53fa822bdb1	1162
3e694801-2aec-4200-af4c-124b66746263	1154
3e6c4419-5d07-42d8-a386-7e7c840774cd	740
3e6c758d-abb6-49f9-ac8b-f9104bc4a38d	1161
3e70a8ec-ecd1-4321-98e2-5cb8e89f9ea9	1170
3e781b0e-06cd-4475-a788-685a51b1c784	1191
3e79ad29-7a6f-4c1b-87e5-195ae3c985f3	1184
3e7b2529-9fc6-4ab6-95e1-84d25a88cd54	1165
3e7f0f2e-9988-49ec-91af-310812897cd1	1193
3e85f3bb-9891-401f-9643-a258af750ad9	889
3e86a58e-3ea1-41f6-97e8-e921ea48f5a8	1163
3e8bb823-d2fb-40dd-8335-9279ddb34cb5	1190
3e8cd29b-226d-4799-b1f0-86096cdd4261	768
3e9391e2-0c30-4217-bb0a-0835588d25e2	860
3e97fed3-f3fb-4561-acce-7405fec4c33b	881
3e9885b7-86bf-400b-8ac0-f61d0c35df10	1180
3e999beb-c1b5-47b7-8f43-8f62e630fa0d	1827
3e9a3500-9534-47c1-ab66-1e1748a8fd62	1180
3e9d420d-6327-4bdf-a5fb-17b68aef2607	862
3ea0ed9f-0b3d-439f-a289-c111070b0788	866
3ea38de7-ec6e-4ee8-96b2-2febfa3ada1f	1185
3ea97d86-966a-4445-bc53-fdded327a7a8	909
3eaff8b4-e8f2-4a6e-b457-a31a396597c3	1179
3eb144f3-4ff9-484a-89a9-c5f5ab23ca1b	1182
3eb53e85-600c-4842-98c0-c75b198b01f2	1163
3ebaba5c-5912-473e-a597-2a758ade3e98	1164
3ec1ad5c-3952-4540-9fba-3f856652d03d	1183
3ec48ef3-b65f-48f2-890e-900896f69bf4	2222
3ecba7c1-5984-4243-bd27-2e3a152dca73	1152
3ecce26a-c451-4e3f-a751-c5770337fc4d	1177
3ecd0e6f-ae05-4e47-b5a3-c2d4407c69f1	1180
3ed1c655-105c-4f6d-898b-1159f2e6d1e0	1157
3ed2c3fb-a610-4398-a5ce-3eefa6161100	1182
3ed30e03-4da7-4cbc-b3c5-4c1e60d2a1e1	1175
3ed582d5-2ab8-4f23-9feb-e4bd1842fa6c	1180
3edc5af9-2008-463c-a587-99f14ea808bf	887
3edc7bd8-54ff-446b-9d72-ed4bb8f92a6d	1166
3eddcc1e-278e-4468-8981-ed44b6f9ff77	1173
3edfdfbc-6522-4ba1-8223-01f6f834ec5f	1184
3eed420a-c92b-4af9-a2f2-56e8183d2a5f	1163
3ef555bc-7ce6-417c-bb96-1e09c2d3c91a	1178
3effbc55-3ccd-4e1d-ac2a-95f703e55dcf	1188
3f0153cf-cf74-448a-99d3-623f86a6f0d3	984
3f0185ed-77ef-4e84-b57e-d8d56f674c88	1183
3f0b74c4-d297-45db-bb96-6117ffa577d9	1185
3f0ede70-9f0d-4932-be7d-05dbb3cfb3ad	1166
3f0f02c6-f6a8-43fa-8c84-834e0af7456a	1167
3f0fb387-6654-41cf-8eb3-550615304ad2	1165
3f10d546-cbc0-4eaf-b7dd-21ec7fc8360c	863
3f11989a-12b9-4392-b69a-7de97657a0a5	1171
3f119b78-c14a-48c2-bbb8-0116790f2b9f	861
3f158071-9beb-4f87-a686-6eeb9ad515ce	873
3f1a7de2-f249-416a-8466-41df3f9daba6	1180
3f1bb289-5cce-43f0-8819-ef684c781440	883
3f1d4c63-d6a0-47f9-8b59-9390dc020dcf	1184
3f1ee0fd-2248-406d-afe9-0e7c3dd4cf02	1182
3f1fad8f-db71-4b8d-960d-5f88a78248aa	857
3f206b6c-7b00-40e1-82e4-c7259b6dce43	876
3f2148a8-91af-4bca-b5a5-e8492b7e7b70	1165
3f216a97-7f9c-4c78-be03-c4bf19df403f	1164
3f257d87-06e8-434f-8f50-e51e0f1ac1af	1182
3f278383-551a-4cea-9cb8-76c5e487d62e	883
3f2a7cca-aa9f-4345-904d-1359cae4da0b	865
3f2dac68-ae2d-4883-b3fc-77e0804d0a85	1177
3f2f1f8f-601a-49b9-b7db-89ef50f85056	874
3f2f7fdd-4cf0-45d1-a364-84bd40e22ae0	885
3f314315-e74d-42aa-a18b-c56feb22f404	879
3f31b27b-b138-49cd-a3be-0bfcd766551b	1186
3f3545fa-bd37-48ac-997b-2d4f74acb19a	1189
3f37b5c0-23ee-465c-ad0d-695d333d1d46	884
3f3b9c81-abae-460b-9711-a4e749579d60	1186
3f4525c8-0ff8-4cc1-ad6b-ed05833ffea9	1189
3f4a9e93-de61-430b-a260-393f36ec1432	884
3f4ca2d9-15cc-436c-bf4b-36f90bbb079b	1160
3f4cd3d5-163f-4fa1-9321-948d5b509281	1181
3f4dd959-8056-4c6f-a2c6-91cbe5e14498	1167
3f5322b2-0b50-4562-b670-ab1c6782cd9c	862
3f5673bd-1053-4928-a6ad-8e38e1c985e2	857
3f57aa5f-124e-4fb6-b330-e71110cfa0fd	1163
3f5858b4-b9d3-4449-8936-7ec9ff131195	564
3f58a67e-f146-4efb-9117-d311a6cc2cf5	1182
3f596a15-6b71-490e-bfe2-08639dcf0f52	1192
3f59b2ee-4efa-4391-870e-ac52ee3939a6	858
3f5b8b22-471d-4574-b956-955a6a783939	1161
3f5c596c-132f-41d2-bf54-e8779f3c9b74	1175
3f5e062a-496a-45b6-9454-8d3b5e31d9ac	1167
3f5eddbc-0368-4b03-9c7f-01a5eabb1111	1170
3f5ef503-4078-41c4-9a2a-f3c270fd49b6	1175
3f64f2ee-fb51-422a-bada-dbcd8d27e46b	1185
3f6e0730-16d9-47b6-ab54-d868509a8bd6	1169
3f700a1f-3b9c-4052-84b4-87cec0b9c51b	797
3f718162-0c10-489b-9b43-c773be03f79e	1182
3f72db8f-b05d-4623-9969-fbb6ed7b1385	878
3f761aad-0b3b-4aa2-a4ca-1b2b86b417a3	881
3f76a582-6f48-4fc8-9841-85f971fc20a8	1188
3f7847a9-8254-422e-9696-21fa95e2326f	887
3f7e1b79-2232-4776-92fe-4cd8c73866dc	886
3f869303-a1a8-4e15-99e5-92af797d440c	1167
3f90657a-6dd3-4092-bd7d-0ecfee63a75f	1791
3f92cc06-a7f9-407b-b8c9-ee6f9926673e	1162
3f949584-fce2-4fdc-b5aa-f57343d08bb2	1166
3f96969a-8d75-4b1b-b844-4ed79bc7d7d0	1183
3f983cec-010a-443a-a8ff-584460f80901	859
3f98ab20-020c-40ee-a816-08b14c566fea	1201
3f9a1497-29eb-4621-bbf1-23ed6678eece	1171
3f9b29ac-1835-4636-89c1-7dbb58356c9d	878
3f9cf4da-e578-48d7-96bf-9a0408439f33	881
3fa3cfbf-fe83-4e2b-b927-e0479bb66511	1394
3fa45b46-ef10-4ec5-944a-d666dc54a27c	991
3fa6099d-3f71-42d7-9b72-801fe9c2d353	1184
3faab018-6ae1-4da2-b4c4-0965b3d11659	882
3faff39e-c86a-4a58-8fad-995143e05fc9	1165
3fb2c536-144a-4919-9b6c-50bd2830dcbb	1180
3fb5ebef-11c3-499d-b041-b37ec3223f1a	882
3fb6ec6f-e151-4954-8bcd-85fb96794884	1186
3fbe95be-ba56-4bc6-9123-da744c98c2d9	619
3fc3f68c-a06d-4052-92e5-fcee5106ec3b	884
3fc753e1-7ec3-4751-9ccf-71eeb179b94c	1161
3fc863d1-00b6-4ac9-a270-dd0043ae8f3a	963
3fc8d51c-e99a-4817-940a-cbdbaec0327f	1178
3fc93131-b047-4e39-b525-15605d22e989	1161
3fcadb30-7bdb-4190-9c34-d9d71bbfa9d5	1172
3fd6dd20-3f17-4d18-9483-3daf724261e3	1165
3fd93b9d-956f-45bd-87ce-81f16227a82a	885
3fd94a0e-bcc3-4bad-b7cd-f69550e8c2f5	1180
3fe766ec-bd1a-412a-bc7c-ce57f0ba2f1f	1163
3ff663c4-6bbb-436b-9787-498aced3ca03	1182
3ff672dd-d771-43af-b2e4-cebba9202a1b	862
3ffaf48f-00ef-4944-b041-02233f9be74e	1164
3ffc5e11-9198-4ae3-91e5-67b002e30c21	1165
3ffc9be1-371a-42e3-81bf-eae7060013d8	696
3ffd49d7-563f-4229-bd70-59ffadb2b05c	878
4001e0cc-0900-478c-8009-84b6d53b89ef	883
4008027c-3a88-4108-8e2a-842223e7d397	1177
4008e36b-cafa-4ea7-993f-093c84a89dc9	1162
400bc8f8-9674-4a73-9365-7a4a713bd9c9	882
400f7ed6-7810-4bf1-959d-96b0b221c28f	1180
40149f78-bb2d-4b08-9f17-b4500e6d9e6a	1171
401892bb-7c55-494b-baaf-93cabefd1ffb	1187
40194b0c-f436-457b-82b6-1b57fc4feb47	886
401afab2-6b04-4e65-97a1-e1c2d0e038f5	1171
401d63e6-92f8-4b48-8b7a-394f8efda1bc	1161
40210472-cb65-4efc-9471-0bb75528f1cb	1186
4021ec0a-391e-4615-9315-c0fd0a7c0d39	889
402755a8-7f25-4c15-9622-6eb7c8c20191	996
402c324f-535b-4ad1-9959-881952382cfc	883
40338496-acb2-4ecb-9ec2-4ed7262c936d	884
403d67e0-5134-4e7d-8fdd-b51f2d62e428	1192
403ed746-eb38-4ce4-a510-03e6ebec1a72	1176
4052ed8a-dd93-420f-9aae-4c99d41a3c2d	1177
405bcef8-bb1f-49e8-8eb8-590b6b17db22	877
405ddb19-c078-4335-99f6-15e9d7d876f0	1150
4062244f-c220-4ee7-ab02-9581544c9355	854
40658b84-09e0-433a-87a6-d71e26fa0d52	986
40666de8-0f46-4f1d-a35d-8d50c77cb0ec	757
406ae971-4f3b-4247-ab8a-8b7ed6ec2b90	885
406b4b69-207d-41df-8f4b-1077c5d1a635	1191
406cb88d-df07-41bc-ab80-aa11965e28c3	1192
4070c987-40db-4d2f-b989-5fad3026d6e9	1167
4072dd3e-bbb8-46d3-9002-c4cd2a7d5b8b	1171
407691ce-037e-4a79-8d55-87791dd74b5e	1147
40769e57-a23e-44ec-be12-589d0765ebdc	891
40784ea1-7dbd-4719-b9b7-65ec3edb2034	1170
4078ed60-afc4-494a-956f-5320929fea74	863
407abe9e-fe98-448c-97e8-816e414c3b95	1158
407cb6ae-e9d0-47a5-827a-73ea773c6bea	1186
4081c504-ae53-479c-8cbe-64f438591435	1166
408ef03a-201a-4a15-beea-704078c8bdc5	1176
4094c81a-1a82-413d-a030-dc50c2ac8b83	1177
4094cba4-7c2e-4ea6-833f-bdc505dc7f24	1158
409f9ceb-5986-43d7-a9fb-13ce319c9bfc	580
40a2dfbb-4db4-45a9-8f4d-61bd0cdf9f2c	863
40bdd5d4-0529-4cd3-80c4-ca81517e6a1f	1185
40bf010d-129b-4dfe-b877-74ff3fa92724	863
40c1c5bb-c97d-43ac-8d7b-b26cea06a6b7	1180
40c4a259-3d2b-4a8a-ada2-036d0f2cb82e	1186
40c55df6-7709-4269-92b1-8d2d373501b1	853
40c884b0-ab6d-4b0e-854e-8b42e35c87c3	883
40cb439b-bc80-4b5c-a101-ff6efff96055	1175
40cc457d-e7cd-42d6-9102-dafb7fd38a1e	886
40ccd305-119c-4b06-97a9-32fa1fc79b18	865
40d67927-79e1-4a7d-8ab5-cd0d27de48f5	1174
40d920e6-23ad-4cc4-96b8-395df962cbb9	1191
40dbd315-3b7a-4999-9b22-cd85fc62ed65	883
40dce1b3-cdbd-47c4-8f4d-87d205d2900c	1182
40e2102b-46b0-48d0-a4d3-d9f3d83d3b41	1174
40e704c4-cd1c-408a-b26e-754c43a7b100	1193
40f42d06-cb6c-42de-b80d-8dd0bb6ac2f9	1175
40f54e4a-3e12-4631-a29c-841a590049ce	1182
40f63274-0a28-4b02-a29c-2408c18c103a	884
40fd8d64-0065-461a-99e5-5680b891aec5	863
41065794-9a38-4d9f-8f18-eebf9fc65c4c	1192
41137968-5dd6-41ba-878a-164649236d1a	873
4114516e-1c3e-4de5-a483-039410ebab06	882
41249d80-d1ee-4107-98e6-83cca628fc1e	1161
412819c7-d63d-4db0-ae46-556b5fc32716	1164
4129c500-01e2-4106-931d-87712b08e8fc	860
413529f0-1347-444f-97ec-dbe1312e762f	1163
413775f6-3a36-4f41-a67d-f783c7fdb7ff	1163
4137b97b-2e1c-4ce5-b357-1ecd967add2e	991
414edf50-f9f9-43b5-9da2-48adcafcc56e	1162
41509810-229d-4f44-aa81-1f7592f3ecb3	1182
4152b7cc-c16f-48d1-ad8a-67ba5cae45a4	1164
4154531f-7c8d-4087-bf36-6df1b131d479	1157
4156ffb9-96c8-4d3c-962e-bb96a5dc2cfe	1188
415d2a80-b17d-4680-bf40-60861d1f671e	1195
41669846-164d-441c-9945-07468b7f2052	849
41675bed-6355-4345-a82f-4a2fb06677b8	1169
41688468-6b66-42ae-858a-1d1ace08e82e	857
416be087-e6fd-4e28-bf42-78401837cd69	880
416db745-a291-4b15-adba-fba572d33814	864
41790c2e-cf31-45f8-90c4-0e81fbe00523	1184
41796e6b-1531-43d8-a83f-0c348efe1296	1191
417a5cb7-3a9f-466d-bd20-2ca0c6a69942	1174
417d9fef-fc5f-4e35-b51c-a4890f73fca2	1875
4190a40b-0a9d-48b7-b78a-d1cc9f0c53c4	887
4192660f-7dd1-42d2-847b-99c1d80e06e3	1160
41946b7a-7935-480f-ac7f-3c7e22a45b9f	1169
4195bb19-7d07-4636-ba50-e8efb55d3be0	1170
4196544d-7d81-40e4-8365-35ae3dc39770	1168
4198dc4a-b377-40da-bdb2-6416442ad79b	1154
4199a347-0d31-4ea1-924f-f7f3798fd6f0	1185
419fc2cd-6174-4507-829f-14d5945b0eab	1170
41a8bc0d-f253-41bb-9ef3-4e25fbd27340	866
41aba576-a3d8-47e6-8e19-ed0f0b3e26c1	1164
41aed948-e172-4771-8db1-127d2187d1e7	880
41b497e7-f550-4f25-9a34-24e2dd002cea	896
41b50623-547e-4764-8645-9bf58f191570	1155
41b5458d-a369-4329-8631-30d52005d923	1168
41bcdefb-c567-48d3-bfd4-4adf236fff0f	988
41bec927-0704-4efa-a9b4-1b184e9191e5	888
41c9b12a-f1eb-4d7d-ab55-60bc3b635fc2	1178
41cd4a9f-29e4-40e1-9f6b-cf69809a2625	869
41d6d3cf-af3a-411f-bc40-8c88af2e653f	883
41dc40b4-c366-4481-bb90-0dcca8eaba1d	588
41def696-baf4-4e2c-9f3d-d452061f6885	1175
41e95bc0-a402-448d-9897-4cf6edfbbf98	1183
41e991cd-3650-4ddd-9ab1-dcf62faa8b3d	1189
41ee54aa-a3ad-4c38-a712-fa56dba8b801	882
41f178e0-f4c9-4f16-b57d-b25d3d5d48f9	854
41f5ae28-7899-4001-881f-3ae41cce6e1b	1170
41f67d3c-9973-4cf3-abdb-41a36ba1e77d	1159
41f959c0-25f9-45b5-ad4b-73c38b0ec4f4	1170
41fb4aed-584f-409a-8a80-0c4031719a67	864
41ff64fb-af44-4d54-9e1b-c210dc12bb6e	1180
4201d9b2-ae70-4adc-972f-adc75a2b1ea7	862
4202f7bd-67b4-49f9-8199-137968f9c76d	883
42049d08-e6e5-45f5-b331-478e1e7fdeda	1195
4209b889-3684-436b-9f52-249eee78d2b9	1172
420cb4e5-dd8d-4cfe-a52c-fabf36b8a610	1488
42104d4b-5260-483a-be8a-8dc6131b7684	888
4217a6ea-efb1-4bcd-96a5-d0ab465192bf	1168
421c61b7-dc2d-4495-8b5b-ab58b7ba15fa	1181
421cd753-61ca-4622-9b92-6616fbdd174b	1177
4224caca-1d06-4519-8903-ac84ba88fb33	1176
4227440a-ffd3-4ed2-a5cb-576c70c8dee1	864
422931db-2f44-4ed1-9511-4c4c0906dfab	1179
422c5a86-a38e-4c03-8929-7c21f4bcedbc	1175
422d0ce1-e20d-4c57-b1d3-034f28360a91	863
4231270d-998a-40f0-8443-eafa7c5fbdaf	1161
4234d2c8-d63f-4785-bda8-1b8e1291512b	884
4237e264-1e06-4b03-9557-887b30153e48	2316
423cfac1-807e-4e87-aeed-3e7f6756bca8	1172
423fcf36-8674-40b6-a10b-041fdc4b46e7	985
424230fd-6a6f-44df-822d-6bdcb29ed5ee	1166
4247b2c7-3523-47fb-8408-67dcf4f44ba1	876
42493ada-5e27-4bc1-90ed-a1c79c0c40da	1189
425277d2-287e-4606-8e5b-18335da0df33	1188
4252a917-6ef5-4dc1-bdd2-4f2af3319178	982
4259511d-22c4-4edf-af70-7725b87abe9e	1182
42629ae6-b13d-46dc-8120-ff39c634e731	880
42661bf6-e3c0-4b93-bf00-58812ce2c777	863
426948af-e566-4623-95a0-bb9b4b14a62c	1176
426c2fc0-ed91-41a6-ae9a-904995915939	878
426e3e07-00ad-4fa2-b0b8-ef2fda33ee0f	1152
426eef6f-2650-4b2e-b938-079f72a2b16e	867
426efb85-82c4-49f9-b43c-b19a3a42425d	1161
4271e1c4-ee53-4760-9d08-edc6058906df	1156
42721275-e939-46dc-9437-728b0223df02	1179
4272277c-2a9b-49c9-bf3c-b9f9de99d59c	1172
42768bcd-9528-4796-94f3-896f2aa3b9f7	1164
42787443-b474-4804-b84c-b4d75cf1029c	883
427a8509-daa3-4cee-8c7b-6ffd1cd64a9d	1179
427f215d-af99-45ed-9aea-f9bea49076b4	1169
42818616-f9dc-44a0-869f-f2509c993948	973
42892855-9bd2-456b-a7ab-182c1cf21415	877
428ccf6e-b383-4d8b-ac25-6aa8f5a239e7	768
428e5153-22a8-4ce2-87d9-e50fc313cebe	886
429b8e73-7484-4d69-a825-4e845e9dd326	1206
42a85d6e-db1c-4d51-bd5f-5bccf4e3d309	853
42aacfde-60ea-4426-8186-1f7fc424a828	887
42acfc1f-f5e8-42fe-995e-d89b87e481a5	1172
42b1ec7b-8573-4ae7-b740-868e67be732d	1151
42b3a207-551a-41e8-a04b-173ca1e9e331	881
42b61344-0ff3-441f-8af3-2e10947e178a	915
42b61ae9-85cf-4b71-bd3e-1ffbfe082734	885
42b7a50f-ffc3-4b9c-80d4-630e869c36e9	1189
42b8b8c5-ac2b-49a4-9867-0f5794a1db62	1180
42b8d07e-e562-4cb7-86cb-2acbdccc4004	1168
42b8ec50-aa24-49c4-8ba5-41d02119601f	884
42bae564-364f-44bf-9320-42f961b899d6	1160
42c70f93-e881-4c4f-b037-5d8535d13e0c	1181
42c7b229-83e0-448c-8fb8-06e3e8255e38	1183
42cb8f4f-c006-4222-b802-a66e362ade8c	862
42cbe5b5-16dc-4b49-80d7-a709990783ac	1073
42ce8842-9574-4f4f-92ba-e453cd9be2a5	1174
42d58e05-f1fe-496e-a7cd-727178ec5fa0	881
42db573a-4a3f-484c-86f7-06e2e9b3b70c	1166
42dd78d1-b41f-4b90-b0a3-fbfc7c1899b4	1167
42dec18c-da8d-42f8-bdd8-e78109b89d1b	1181
42e447d2-7b26-4632-bcc2-943f0d52bb87	1181
42e772fb-a99a-432e-9b4d-75b6adb4fa33	862
42ef293b-a908-4add-9569-c86c1b079092	777
42f207ef-3161-486b-87bf-8f993c076274	852
42f323cf-fbcd-4689-a383-4f3f4af98e4a	861
42fdd39f-052f-4189-be2b-77a171516ecd	860
4300e73c-22c9-4bbd-8f5d-f0c26b0e67b8	1163
43019168-0799-45d5-bb34-10f66a3f2ec3	1188
4301bae6-bd31-4969-b44f-a703ecc98b7c	1172
430a1911-318c-4a1f-927d-4ccdd2a4c0d0	1096
430b9b9b-a3f1-4cda-ae4b-8559e8585464	1213
43100a84-7322-4eda-98f6-0e5d6974e4db	1153
4319684c-ba09-4a29-9934-ac32c78a7043	885
431a695e-c431-40cf-b326-1984c1829fc5	1169
431abdfc-4ff7-426d-9480-3ce02977e983	1196
431bddb1-7eb5-4566-b96f-f23ba326316c	884
431d49d6-09fd-4365-883a-8fa0fa6d24df	1163
431e5a8a-f650-4727-be20-58e93d1b8415	1192
4323cec4-3497-4705-9283-18076848f746	1181
4325ec45-f552-4040-8653-2ba309e90e39	1159
43283c7f-eef0-46e8-996a-2126dea442c4	1163
432f5930-dd26-43fe-8332-f978eb78889f	1184
433436ef-8a4b-4d01-9564-d5d1912e72a4	1167
4338a9d0-cfb3-43c2-b774-3cd86e5f65a3	883
4339d3c0-60a7-4456-b4ec-67542cb9d250	985
434c01de-de03-46de-8be1-1e69dba87709	1155
4354fc87-21ac-4e3a-98a4-9b97ae0c8f16	886
43579a84-b51a-4476-9133-12c66e3aeeb8	1170
435e8527-4cd1-4821-9704-1053a249c806	1186
43616a33-b363-46e1-8f76-50d3a4046bad	1176
436281da-a16f-490c-a764-57c0ec7bf525	1173
436c28c1-5006-4427-8239-e9ae4b8de247	884
436f9d0f-3ec9-431d-9d1a-9b120bdab2ff	1173
437a34c6-6863-4c05-9058-7c770db3b8d7	1184
43824de2-72d7-4031-bb51-44ec88d1ff2a	588
4383ce94-11c1-4716-b870-dacac531401e	1185
438a208a-9781-488c-9648-ebdadc257879	1162
438a5fde-4192-49be-b498-49b27c63bf37	843
43916143-54fc-4433-b3d5-8a23ced3a2c5	2173
43945d67-926e-40a8-a406-a72fbd63c986	880
4398328e-6797-42f2-aaed-49000217a9e0	1196
4399497c-08b8-47cd-91e5-f9854b620a19	1164
439b8eba-5c88-4364-b11e-0ab2ff8bada2	868
439ef501-5aba-4737-9923-35a0cc118a89	1168
43a00b19-33db-491e-9b46-e1086abee827	884
43a46cdc-1936-4c2e-b85e-8c11f5399eb4	860
43aa2430-e145-4171-9c2b-35c87cd7a10b	864
43ac604f-b300-45d6-b91a-2b368717455c	1162
43b7e3de-06d7-464c-b053-481fa5ac4f78	1151
43b80e94-8405-4165-b7d9-9e4ac8180058	1159
43bb9234-0ec3-447d-ac8d-dfe55f4b754e	863
43bf3653-e2a0-4b76-8aaf-f8011f31774a	1174
43c113af-7003-4611-acc8-93466949d944	1177
43c1a6ec-bb8e-4cd0-8e22-2955146611c9	1162
43caeb04-e0d7-4f9a-9b41-533af66aa116	1185
43cf4011-981e-4c96-ad49-6b4f19a8fe72	1181
43d692c9-42c4-42c9-a057-9b98a33b02ed	860
43df8973-38ed-4e4d-a6bf-1acba3278fec	858
43e947cb-63c5-453b-bdfa-c84007fba88a	1204
43eaf9cc-4a8d-49e4-a9d0-87a65569f12d	1290
43ee087d-b096-4abb-8917-01983cd96e7a	1158
43efd8a6-4ba6-494f-9641-36e988e54110	884
43efffc7-8991-4c27-aa51-0c2572d35aba	1187
43f01473-12b7-4f70-a85f-5edbda82531c	1164
43f05cc0-90d1-45a9-8784-f461dd81ae63	1185
43f505e2-10df-4526-a2c2-f67ad855c942	1186
43f57a80-164f-48f7-8034-3956882fdbb5	1188
43f687e7-7e3b-4133-b48d-257d1a58d741	879
4400cd90-328e-4dd2-98f2-e17c8b98704f	1159
44063ca5-89cd-48c4-91c0-a461220a3eda	1163
4409014e-2807-43b2-8b5d-66d029694bed	1166
440923d1-d6b3-4558-a016-67c167e0c0f5	864
440f0d12-4020-43c1-a2e4-b361e4520d75	856
44101874-e5bb-46ab-9448-c52029e42ea3	1177
441a6f70-306c-41b2-8027-f2b8abc7cfc5	855
441c0afb-092f-4a95-8e4f-ba2b8abbf913	1188
441d173e-16e2-4660-971d-0f5083f4b011	1181
442164c8-bd66-4672-9382-10495aed46e8	851
44228bf3-4192-47da-b319-646f6c8271b0	888
44254a5a-0ff1-4bed-9f19-d9931d7d82d6	881
442a0e5f-c4ca-4c36-a862-fdb47e222098	1179
442a2ba3-e28b-446c-941b-d05cb7bad69c	879
442ea6cf-a6cd-4d11-a8b3-cd2b87d96189	1165
442f0192-9123-4cb2-b5cb-0ce67df23804	884
443222f7-f38c-413d-8bb9-8eb853df5836	1166
4437b23d-0b03-43aa-95f4-d0a264aa5277	882
444207d4-d7fd-4651-b577-78498e7e5d35	880
444e650f-2902-4942-b990-7fcabb8b4031	1136
444f1bf8-e387-4fd1-ab02-e3a595e95529	885
4457d5c6-7d26-4e50-877d-53623fb68ef5	884
4459c434-24f5-4f43-98d0-770fcc30ee86	877
445eba1f-a5c4-4dd6-a866-bb2073a6120d	1157
44686f04-7a7d-40bd-8dad-ec59541287fb	861
446c6416-3c8b-403d-8984-d58afce0c162	884
446ee532-a316-4368-87a1-20e0b430fe68	866
446f442e-2dc2-4ba5-a6ce-c6e3e4e46251	1163
447943e1-0dac-483e-9e2e-c707bbe7a921	1164
447af7eb-59ba-40ec-b435-8e15db8d8d7e	1152
447bf860-36f5-4e1f-a8aa-eafd55556010	1179
44836905-0b06-4c8f-82df-0dfa10e098e1	1164
44858acc-0d69-46c1-b97e-0eec78eb2775	1188
448724f5-c9e0-4928-a599-8131ed35e5fe	1171
448876cd-86c0-425a-8b92-708aa6c7be6b	1160
448d67c8-2bc4-4d44-8fcc-d100e5692bf8	873
448f703e-1d67-4f2f-ad7e-19aae1b3991b	1170
4495b9bb-1a5f-4b84-93b2-142bc7b041be	1155
44971b8c-6ff7-4ca8-bab8-5fa4a408194f	866
449d2f86-0092-44fa-abc6-b72c4abbab4e	1167
449d5290-78d0-4489-b7d4-e127ddc7b411	1153
44a107da-c3c2-4910-8c48-7c15781a9c9a	1170
44a2da04-9e37-4e38-af8a-f265742b181d	1182
44a406bf-1ac3-4a0b-94c8-2dca074a1e0b	1184
44a5dafa-4179-4bdc-9b4e-1a7dbb2297d4	601
44a9b802-7a88-483e-90b9-839ed015cafc	1183
44ad5650-82c8-484c-ade0-5eed59494f4d	1187
44aedd56-a29e-4e8d-9970-81de4974350c	877
44b0c252-2b8e-4ef5-af5f-b01f1d77634e	1187
44b7b46b-7954-41e6-aa18-1371a42efde2	862
44bc0a33-1ae5-4d29-bd89-02ae4aa70d50	882
44c4e5a4-a02c-4a28-9931-07f84e046ee5	883
44c59eb4-7ec1-4c58-bccc-61ad779603ef	878
44ce7912-c537-46c3-8752-2328847b4961	1167
44d2d680-9fc3-473b-8970-4d0e75bcdfa2	1161
44d322b5-c865-4e89-80fb-5275361f2450	1179
44d6c900-1f60-40f8-a3da-b70f96f0ddd6	1167
44e802c9-7315-4586-8e55-b3df725c0d00	1190
44e86bcd-b4a8-4d7a-8014-e796c7a99ab4	863
44efe8f4-2339-4e9a-884b-8898b545904e	861
44efeb52-ab68-44c4-bc33-b8a37362991e	1184
44f231a6-4944-4e41-85e9-89747c2861e7	880
44f51acc-923d-41e3-ad7e-7cf3c1d0ac58	866
44f60726-d82d-4187-99cd-eff5b7414a2b	603
44feee94-8e03-4e76-895c-10f287961e0c	1160
4500217e-5a55-4671-b7e6-f9e546b8d04c	887
45009ba0-bd6a-408a-818b-bbb0a89cfa72	2005
45112c24-28f6-42ec-8039-a550ea1c6cd6	1170
45113753-eb5f-4061-80d9-164a3a39d633	1177
45241f25-35e6-413d-8ced-eddb2322fe6f	1166
452666ca-2a05-4686-b959-ad2bb9d9dd02	1169
452d8f32-4ff7-4bf5-9e14-74d66146b04f	1188
452e7b82-2815-4bea-ac7a-220ec1e90c67	878
4536f8ed-43bc-44b4-9a6c-e1b16ce39523	1160
4537f3b6-0493-4576-811a-a6cc515ad296	871
4540af69-0305-4f3e-bdd4-20572465ea79	864
4541727b-40b8-458a-9d52-ed24a739342c	876
45430443-8ea3-4a73-8b69-97d53a6663fc	1165
45449446-a4e4-457d-a439-673338190495	1161
454d7876-a078-4a00-b088-b8e8c67c2b99	1185
4550a8e5-339c-49d3-88ec-6b0636d2adfd	1162
4560a8c3-6fb6-48d4-9f9e-96d87db61443	884
456f1e4f-4c3d-4b99-8371-53296f94d94a	1190
4572f686-4942-484f-bee5-25e838df7a58	1186
4576fe2c-cbf2-4884-b4f7-948c7df610f9	1160
457a3b7a-f3b2-414f-a058-e88d85f6202c	1177
457b2c6f-ee6a-4b24-9e77-d7c1e57c7b7a	882
457e3a77-0d48-4a73-a344-2a0aa4875aac	1162
45804409-af3a-4a40-9a21-390fdf0dbfb9	1180
45840971-d7b0-4536-ad49-12d6a5813cd9	1167
458ab536-4c60-45cc-a955-e89241172c05	1185
458ac038-ec22-43d6-8fe7-9c0acb112ec1	862
458cc2dd-d6d5-4fa8-850a-765dc70257ab	1175
458dac39-965a-403e-93de-bea486e4e27b	1166
4593e048-a0bc-4af0-8907-f355adf4c776	1172
459457ac-f926-46eb-9390-df911b21e68a	858
45984384-9ace-45f2-a840-a28405c7085f	859
459a62bc-2175-4160-9c2c-716ad0414aba	1168
459cee64-806f-4d29-abc6-eb90da62ae0f	1170
459e61b1-4b99-4bb7-aea7-2f0f8beb3492	853
45a22d8f-6f72-489c-b556-92421fa45b6a	1163
45a543fd-52ba-45e3-9c53-1fee06cdc74a	1165
45ad3033-22df-4a08-90cd-94d24b6be8b8	886
45b0287c-5199-40b5-821a-b495acad5156	1193
45b06336-f47c-42aa-a55c-b774c9d0f08e	878
45b203e1-6de1-4881-ba41-3815d7c82e47	793
45b22df7-2aba-48b5-bcdf-b053faa83f8e	1185
45c1ee26-8600-46cb-bf05-6866dbf6d99f	889
45c2e6fd-9520-496f-946a-15fd5fee23ea	1161
45c76ae0-bd37-44c2-8d36-bcfdd180a153	879
45c835f3-ef81-4f3e-b381-5fbea2f031fa	2284
45cb59b0-5793-42d5-9625-dce064e08b48	1180
45d2d14c-4490-4fe1-bd50-98f166d34d76	857
45d51071-b7c0-4689-918e-710f41386512	863
45d5f3b1-3778-482c-9654-ebe09254a401	1183
45d7f47e-a2c8-48a4-838a-3fa896013450	1176
45db5d93-f7a9-4ee8-871c-6766ffa2ad46	1181
45e22ac0-a65c-4682-aa4e-bdfd35ee7dfe	1183
45ed7009-659a-4aa5-8c2d-d897517b964e	1162
45fdc2a1-3e32-43ef-8429-9fdf346b89a3	1184
4605ce74-9c75-436d-9d60-fa8fe81ea37f	869
46072a20-1293-4967-b29a-54105ef29b96	1168
461ddae8-fed3-4477-a0ed-fd9178f6a9a1	859
46213558-27bc-4c45-bf4c-9265fb580796	627
4621a950-e9f9-4410-8db6-70c1c0d2d043	1170
4622751c-f203-4b08-a9ff-4866565fa12a	1184
4622fad6-85fd-4d91-a188-9a8ba0f04406	1159
4623498f-c3d5-45fe-8e40-a9730702e784	1192
46289d84-c185-4cf3-bf53-cff4b5a40ae8	1166
462a77fc-ed3a-4570-9fcc-b3b809035aa5	1153
46306b40-eae9-4940-845f-e9b3f38cfea5	2234
46326059-1427-4a49-970c-fd056adb55ea	2031
46391b3d-7ebe-4479-acf9-075cc1820f42	858
463f83e3-35da-43db-b78a-482188cdf52b	1166
4640334e-f469-4c31-a005-48155204965a	887
464caf0a-231d-41a7-bd6f-8f4216dde980	1169
464faac8-8889-4914-b354-8ba16a4ab09e	863
4652a2e1-0db6-4021-8f28-0dd6d33c8f00	1316
46558335-10c3-411f-9546-1d70f3e7f9b4	876
465889fe-1b10-4d8e-a40c-31da06ff0f85	1161
465a355e-9ec3-46be-988d-2810ea46c9ae	885
4663ff8d-9fb2-4c4a-b9f5-23b7063e10b9	1180
4668204b-3214-4484-8161-961bf81dad30	1162
466a412a-d16c-44da-abd9-496372521344	883
46775959-7daf-413d-8dd3-5ab73c1a4861	1165
46785a34-41a9-490a-a051-7eb4abe52a69	1159
46803116-bce9-4adb-bf73-e90429942272	886
4682e300-97cf-4fc6-b773-375ca6bb3f3a	859
468dfd5c-a44d-42f0-8c56-22001be80161	1184
4698181c-7e6f-4904-99ff-d66dbd031e7e	1171
4698f30a-b6af-4429-97bb-982a17e6be4d	888
46a3445a-b3d3-451d-b56a-122b98c08fe6	886
46a44fbb-dc83-4a18-900c-d85502da2529	863
46a7fb17-f5bf-4b56-878c-453be1434208	887
46ab0862-29a3-43a6-93cc-832103a3e664	1167
46ad937b-7be0-4c19-b6e7-e8fee2ae3911	857
46c017cb-87e5-483b-82f5-222edc524a05	1170
46cbe56a-d773-4ac2-b6bd-246763b6a61d	1181
46d451a9-a1a5-4d86-b2d0-29f531f7afb3	859
46dd1a5d-fd69-4d01-8a6f-6cc237ea58c3	1186
46de85b2-e27f-4580-aa51-d22476951de1	1193
46e31c9f-9292-48d8-ac2e-51feebcf8c56	1159
46e33274-05d8-42ef-b5e7-a37d4b820448	1179
46e9eb80-93ef-4ed8-a11d-3e2e9f8fee93	1174
470404fa-0825-4021-8593-494a585e9edc	1157
470bea73-1d2c-48ae-b3ed-6807ad96e745	874
4710b852-9eb7-4ea0-a2f8-0f985645fcd9	1171
471651dd-4882-4474-a0f1-4c6b5841b8c9	880
471a7787-03fd-4562-9083-e31f916227d8	1297
471b0df7-1489-4d61-885e-d1516124a645	1924
471bcf43-8086-42cb-845f-7ab9e98ef3a6	1187
4726e0a5-7752-40d2-8139-2e66540f36ce	1167
47299ad8-9c58-4c1e-ac50-d85ddd5a1727	860
472b1514-67a4-4152-966c-e1b2d9900569	1161
472bbed7-d54b-44e9-8624-5f055f8dc312	1168
4730396f-b224-4803-8c28-457aaa88a020	1180
47319126-54fb-4265-b092-15ae0d31c53c	863
4734f640-5218-459c-bd19-20bc30579ea6	884
473b4ebf-a901-4b4b-ae15-d17d4658bf1e	884
473b7f03-f7be-4111-9a28-6d1cb099bfca	1187
473dbcdf-ff35-4403-a019-ac72e205c605	885
474221fe-bd79-4e77-ae99-6302be260c18	1155
474285d2-57cd-4f3e-8175-0fe64df27206	604
4742b223-f7fe-47c1-a9b4-fc98efe845ed	1161
4744a140-a198-44a8-9210-b9aabffdba46	1169
47485922-6c90-4853-88ef-379336d208a9	874
474c478f-3221-4bf1-aa65-6d005f8ab3f2	1166
474f4a92-5ae0-4451-a20e-4ad5b5318ebc	893
47502a45-6693-4e9e-9059-15d092bae5b7	1157
47517913-162d-414f-91ac-b62829e3ba51	884
47543409-061a-4438-8dcb-500db4af73dd	1155
47587d67-522b-4a1a-a191-bed2b69b850f	1167
475ca2e4-4249-46bf-b93e-649e42e491d6	1175
475d4b2b-84e8-4d44-8d84-7844a7ff2186	993
475dd7bc-c578-4d70-beea-330578f06b3e	1184
475e2baa-62b9-41ec-8169-875c4c18d89e	1161
475fb385-8786-40f1-a8bd-b60653a76062	1167
47600303-c406-45cb-83d9-dff5125231be	1179
47617b0d-2a7e-468f-9bed-3e386c5f9aa8	885
476599ed-8b65-459e-91f7-f87ce3964bc0	1190
4768d82f-0c9e-49ac-8940-61a416c7b079	1164
476992af-4f8f-4c75-a5d2-ddce61271622	1167
476d8238-2150-4ef6-81da-8fe253b7dd24	1183
4773590b-f967-45f8-be53-fcf01345ef7c	1169
47747c47-d71a-4ffb-85c9-4384904bc079	1181
477a9371-9587-4d94-bbd3-68f1176d4fb3	1168
477acf1e-6fe2-44b8-9a20-594584de01c7	1174
477ba826-fc12-4529-b395-450f71f7e2a7	955
477bb715-0317-4c98-af71-f8a32b3b3546	1162
477ce08c-db8a-4a0a-9e21-740db18413f3	873
477fe82b-f8a7-4dc1-a76e-6043f06d20e6	862
47861978-b61b-43d3-afc9-c2381e13aaf1	1190
47876e3a-25db-4401-9eed-1f96d18481f9	880
478b7f9d-41c0-4074-9f4a-456077756775	1164
478f490c-a4b3-497f-b1fc-7b3a78d7566a	1160
478f6641-6a89-496e-adc2-ed3b0d397780	1185
478fe3ca-01e7-4066-95df-12844d371514	886
478fe772-c7f8-4336-b4f5-4a15d73f4500	860
4792d94a-10c6-4722-825a-384caf365d39	862
47983cb2-445e-48eb-a4e6-17e324df8ede	1167
479a88de-88a5-40e2-9cde-739ebca3c2da	1122
479ad374-65d1-43e5-a3c9-32a17036a921	1161
479e299c-cfc0-4564-8d8c-08cd9cc1a2ca	883
47a6977a-be6e-4596-a272-6c8de5f0a393	855
47a84801-8930-41ce-8a6a-444aa2ad9439	853
47aa27ba-73c3-408e-93fd-13a1765ba436	1163
47ad7e77-1aa4-4264-a33f-bb5c679df0ea	861
47afce89-2a3e-40d5-b960-d97cceeb0bf8	1156
47b0726d-db8d-41e2-bd53-356210c0abcd	859
47b173e5-8b48-41fb-abf8-e98889fd8339	1160
47b76dbf-a8a1-4c12-8a13-b3b97c5fc084	821
47bc3261-6647-4077-aac6-9a9f9cca7494	1165
47c1ba4f-a295-48e5-915c-efbe27ca3686	861
47c4fad0-8e8f-4553-8349-8ad74fac6e4b	1172
47c76191-b4fe-441c-9cb3-9b713b6f67fc	881
47cda960-a8e0-45f0-8577-f907cd99fd2e	1173
47e5c200-1bd1-4e28-8b30-d590be207b07	593
47e87bf0-f83c-45b5-a533-99a6d35fa41b	1151
47ea13f9-35aa-477a-92e6-e9cd74b70902	1164
47ea7f9e-3d35-48f9-88c7-bb14090d5d38	929
47ebcfe1-cc64-4ebe-85d3-b747e8e1c340	1159
47f1dc6a-9b7c-4d77-aa6a-256b53e9e665	1161
47f463f6-86b0-41f3-9f71-07cfb70ae69d	1139
47f7462e-67a0-4122-83b2-211a2092b29e	1161
47f9ebbe-ca53-4f9a-ac33-91c4b7c5b885	849
47fb9cde-e97d-4a4c-aa3b-4bf7c36810b0	891
47fbe30e-3cc4-48ce-87fa-61333ada3c80	880
47fff8cb-d9ab-4751-901c-69a4ad26acb5	1170
480468d9-e32c-45a1-96fb-18300c163c6e	1172
4806e8d3-d396-4064-8dd7-fac172b8b526	860
4807df4e-e5f2-4373-af2e-80ed7b1975df	1184
480cf339-0687-4895-be36-1d154f5470ff	1187
4810243b-580e-4535-9680-2079916f2e78	615
48118678-a420-497c-bea8-234f4ed3ce98	1171
48121abe-3b26-4738-94b4-fd776ad5445f	1184
481232b5-6176-4329-a986-91a82a9db300	1170
48127f9d-8f4c-4596-929f-8b450be5f850	1169
4815d11c-6528-43aa-880c-7b8bdbc3304d	863
48162b94-38e3-41bf-bb23-07aea867631c	863
481e1037-e1f0-4fa1-9b4a-07d717b57501	1167
482ef647-3849-449c-948a-17cc88734968	1190
482f72ff-6d91-4642-94ad-b4f301cba4a2	1174
4834d87f-3f75-44de-8b8b-73785f2b5dfe	977
4838c3af-9c13-4603-8948-e3632c5a01cc	993
4841bccb-fe89-465b-8ee2-e8d9e0912b36	886
484d4506-f564-4907-a1b2-28f6d525188e	880
484f9eec-04f9-4286-a5b2-fbaead8078ce	864
484fed9a-ba8a-4960-8169-978fdc168cee	858
4850eb9b-f3ae-4763-b73d-a3376aee3119	1164
48531cdc-98f0-4409-911b-2f05b57ef918	1155
48536f51-2291-4b1e-8b5d-7911071890ca	1185
4857a800-22f1-442a-874c-60d2a768744f	1161
48588444-bdc6-4f31-bfd1-f47441e6c777	1165
485ba39f-b597-4046-b7ea-ad6366e06001	1167
48673135-00b2-4bcf-ad3f-414c32aca2d6	1191
4869c0b4-22af-47f9-a172-02cbe2906bca	1171
486b57cd-68ae-483d-b1da-b5a5e3aecfd8	1181
4877105c-1843-4277-a146-96ba80bb90ba	882
4878faf7-dcf7-42da-b3dc-15eab297181a	1184
487a030e-62d1-45a8-828c-3b69a0ec3183	1152
487f648c-a1b3-4060-93bd-b6918e2dea03	859
488268c8-516e-438b-9f52-9bbd36c7387e	885
4884ba92-7506-47cc-ac5f-0eb170386914	1189
4884c9af-18f9-43b7-8f57-67632d003546	985
4885fd4f-ab03-464a-9e5e-8aa955ab5288	873
488abd16-e71c-4b56-8774-f9661f96b6f7	1186
488fbc58-711d-4180-989d-fff1440b3a37	1154
48a441e6-c7fc-429c-b548-1ed3f7cf327e	1163
48a5029b-4b69-4811-a737-960c59287301	1189
48a5eae0-3b77-4dd9-bc40-9edc1a9d8679	1164
48a95021-0bc2-4f4a-9938-b5cac8531a9c	882
48accef5-b0b0-4923-8826-d5b3f877c3f4	887
48afbb37-5d74-4ea5-ac19-2c2fb77332ab	1185
48b1a2f7-7a1e-4922-be0e-ff9e55c87526	1157
48b36ef7-5f3a-4932-bcac-0aa698689cc6	989
48bb4b41-3890-4d15-9520-ef96fbeadcf7	1164
48bbd867-ca13-48d6-bb6c-f272511925c3	1183
48bc5240-e8d8-49ce-a003-300069ec92b9	856
48be8989-b4ca-4eb7-882c-9aace95939f9	1164
48c58e51-2826-436b-9316-46746b9bacd3	1686
48d97ebb-3a91-4bca-a0f6-4ffaa763787d	1160
48d995ef-152f-4ba2-b32b-2044c3d0abeb	1187
48dcea8c-9965-46a2-be35-2d35c604d19c	869
48dd1375-1134-4993-b08e-3a230f147f80	1162
48dff716-9ddc-45cb-a934-b8fed6c43218	1165
48e2febd-a82e-454b-9546-e16e61c1a068	1174
48eb76ad-83a4-4fb9-a010-4e6c7fbb12c1	991
48ecda1d-d42f-430f-9bfa-6c6b9681db0d	993
48ef3866-b44a-46d0-b0c8-30387e4f9f7b	888
48f30d62-9eaa-42f3-a732-f04b66d1dacf	1151
48f6f720-002d-418d-9b93-087e8021f8a5	1156
48f78e84-9792-4c80-869c-f435071ff485	889
48fbfdd2-ce81-4fb1-8e41-7300595cccb6	881
48fcb3fa-99e1-42fe-8c34-35c68aa1b004	1184
48fe9eb7-b82c-4ebd-ba73-b3b64d256f2a	1187
49269334-d71e-4fcd-a2a5-49f1b703167f	1162
492a0977-ce83-4e23-a1c0-8af8962f55f2	863
492d8cb2-4d86-43bd-93e8-92889b6aa5d1	1187
49398ea9-fbed-4e54-8925-27ba8a6dc7f5	888
493a069f-50d2-477d-8ad9-5248cb0839d6	1162
4941ec01-6255-4555-993c-5693bed2190c	858
49423388-5fbe-4d22-bbfd-4a720816e374	879
4942e0cc-b65c-45b5-85e3-42382ecd36f6	1187
49501dfd-aca9-49d3-bc8e-8f43e28b25e5	1157
49529973-d8d5-44e0-b830-9c912f7a95ff	875
49545d3d-342a-4bd7-84ca-952398d61850	1194
495a48f1-c84d-4146-afba-0cf5fb73946b	1188
495c9727-f153-4030-963c-5de686bc43a3	1187
496583cf-b272-4eac-927a-45a6d5571d59	599
496c0e60-6238-47ab-98ae-ed19846e6627	1000
496f9948-5b06-4be8-b314-ca2bd2886ded	1161
49716cc8-f8ee-43b5-add9-051a77e07a7a	858
49723bba-832f-400e-9f7f-2bf2c93b69f7	861
497386c1-5e84-4170-86dd-8d32b026d1bd	881
4973c201-a9c4-413f-9424-a909e67a911d	756
49755dfa-2239-4174-9f55-22d62fa526e9	881
497e7db9-c814-4030-a6e1-f299e9f9215c	885
497fbc78-38f6-4f82-a4fc-c210cce63db1	863
49803013-d5e6-4d59-920a-475542fb3231	1170
49884a27-bf9f-4b11-809a-d29c1d41f374	1185
498d1520-a71d-49e7-a0c6-e65cce487a23	1001
498f7091-56f1-4f84-a9c7-e5a77b12d40a	1180
49956959-cd05-465e-afb9-aa1abaf3d60f	1184
49976404-e1b3-4aa2-89fe-53c4c713e4f6	583
499a409b-acbb-43a0-867f-570ff6a73e85	858
49aa56e0-1900-464d-b8f6-a626c2a62fe2	1188
49ac2152-43ca-4e73-b972-975988dbc35a	1170
49af0c94-38a2-4f62-bf99-a15dab44855e	1173
49b01a4f-da96-492c-b91d-1a018105d927	1160
49b4c543-0d49-4c05-bf8c-2bbf01f3e039	865
49b84dc7-5ec0-43bc-871d-3fd02084b56c	1183
49bc06d2-99d2-49e4-becd-4e065f99cbe5	1211
49beb9d1-a2f6-49eb-a5dd-d11658847af0	1164
49c0c508-4b30-4683-ac12-7287b5d31241	882
49c47d13-fe24-4e2b-9147-b97b5a539441	925
49c53434-bb02-4c08-b62b-4d0a4bb09b95	860
49c68adb-b736-4379-8003-a6210fcf1b26	1156
49c978bb-ee6f-46d6-a3cb-f2d63a82c531	1187
49cbd10c-91dc-4b3c-84b2-75613c7578bf	1172
49ce6b02-16db-4050-9ed9-95e0e2695cb9	1164
49d1878b-9ca6-46be-9dbb-b3fc588f43bf	891
49d2995d-206a-4aac-b568-86fe3480220a	1186
49d2a7f9-549e-4f91-b91f-d1264e5c45f8	1188
49d664e1-d1c1-4590-9aca-08547deccaf0	1168
49db6fec-b0d4-4c6b-a955-acc2295aa705	993
49de0901-d637-43b7-88f5-14bba80a417b	1187
49de1419-0fd2-4624-9693-832657bb6f0d	1171
49dfee84-5119-47f5-8c43-1917b990a2fb	1846
49e75c31-96bd-4adf-a5bb-d269e8cb2354	1186
49eceba2-1a96-4f18-a3f3-4fd9b8815ace	879
49f1d876-e9e8-4651-9411-73cd40e69678	1176
49f221e9-d2f6-4c04-a227-73b49b954ff6	856
49f3cbc2-1f35-4a7a-9aef-f9f3f642cce2	862
4a023129-b6b6-4ce4-8ab5-99e5ac4f401e	1182
4a066c1f-f06f-4e6e-8fb2-26cb509fe906	889
4a0ac5bf-9f2f-41e8-913a-7db024a3f39a	879
4a11777f-9d63-4e16-9304-9913aaac11c0	861
4a14a978-d579-43ee-9b20-712f19da5637	885
4a1535fb-22e3-4443-bc37-57c4ad162b5f	1158
4a16293d-a84f-433a-99b2-59f04b877f5d	1160
4a1fe6de-654f-4a4b-be4b-c1fa0b357f47	1167
4a23fe19-d90c-42c6-86d1-f687d328f242	1164
4a251a15-1380-463c-948c-590e5d0ef9c6	1164
4a277d9b-18fe-4fe8-9c54-9ddcf0be7c7a	1167
4a2ab02c-eaf4-4fc1-bee8-1e059c3a5ad6	618
4a2cfe5f-3e0d-4c50-827b-6397a932ce2c	1185
4a2e9ee3-9eeb-447e-bacf-82376e0f8b88	1246
4a326263-1d7f-41ae-9442-c8f25ecb5198	860
4a327022-9d02-4b0e-8338-0c05221eba3b	864
4a34085b-8f73-4747-91e5-263979f9df1b	863
4a34d602-ba89-4a76-ba01-65edeb4431e9	991
4a359005-8958-4cfa-9214-753072324a44	978
4a3a7df3-36d3-4e8c-a33d-7afcf349b7b6	1160
4a42309f-5029-4022-86a1-5f3ecedfac64	1159
4a42adda-774e-41ef-a316-10ca472c4ac5	1620
4a43cfcd-e128-44b6-8018-da633732d1c0	1014
4a443a64-3fbe-49bf-9bd3-ea33bc146be7	1170
4a4ddbb7-7465-470a-a740-0d19d7b4ab40	884
4a513516-915a-4f45-84d1-6a84e40df2f9	1192
4a52015d-b8c7-472b-87b3-95f9f76db9cb	574
4a540bcc-9d08-4703-aa28-fee582208ad3	1169
4a5616ed-1f3f-4f97-819e-5cc64100287f	1184
4a564743-7beb-4148-9faf-a5ee88e4d7c3	1164
4a574f67-63ae-4dc2-83a2-55274e998bdc	1183
4a5efae7-79dc-4f10-812e-a48d57e61665	866
4a607e01-c000-403b-98ab-8380f1f6bb43	995
4a621b7e-60ee-429b-93fd-53c7127ba7e4	1184
4a655b69-be62-4aa1-8dd9-51d7b0b2ae8c	876
4a7acb3c-b214-4af0-9126-5ee0381b92dc	858
4a7ba8cb-04cf-4576-b2b1-6f17731ba362	1157
4a7d6d8f-5e45-436a-bde2-f77b23c0efd4	1182
4a817695-0920-4546-b39f-086a896f3c99	1182
4a83d586-1395-4606-8da8-61878b8d4e4f	1177
4a87076d-df2f-411c-b79c-055b0142fa1e	1047
4a8868ac-ef0a-41ad-95ac-8406a9592bae	862
4a8b531d-ebfb-4ef7-ac69-bcb24008e24a	1160
4a8c570a-e402-43ad-b0da-34b3e605e79b	1160
4a8caccc-0218-4392-8664-8bbafe18072d	522
4a8d0ddb-1607-47a1-a054-6bba67e36df9	1133
4a93da9f-0ea0-49a2-9822-a47180bf9116	914
4a957d0c-0698-4299-9186-092abea4402a	1195
4a9642f0-c389-4aea-a12c-d279f353d2c8	1166
4a990162-aff4-47ed-b463-d67c7d0193b3	879
4a9da758-9646-4951-bea7-ff2700957949	880
4ab82e64-5a84-4d71-949e-f3a1612a8461	1186
4abae665-37c3-458b-a715-4383649ec564	1179
4abc00d8-404e-4e0e-b996-3a9b2e775049	1171
4ac1a513-6080-41af-b08b-984d58904e75	1164
4ac997eb-0dd8-42bf-8b22-ba71cd4c1718	1186
4ac9df3d-7fca-4218-80d9-3efe72a0d5a7	1301
4aca0ce7-42de-44b5-96e7-7d5f3f0755d0	1182
4ad0f3ce-a6aa-4d79-a1d8-97c92f745d68	1189
4ad7eaf2-2b24-4d89-a5c7-447126430f63	1167
4adfd400-4892-4a57-a42c-901f7f3a9add	879
4ae26871-1849-47bd-9a21-5d77febc3908	855
4ae823a4-ee83-4675-be9c-efb488ce8c9e	1632
4ae8c960-34de-4f5d-a583-0a22e008cd6e	1173
4af193a6-b9b6-4a37-912a-e4c228cfedc1	1160
4af512a0-c6f5-4587-a265-32445ba7e6fd	1162
4b0b5a15-ff67-4f1e-94dd-ce26038a97be	1189
4b0d3e1c-8531-4890-b5a7-d64d0c421970	876
4b1a74f3-fb5e-4080-9da1-316996d2312e	1167
4b264d56-7256-451a-8c68-328ea045888e	790
4b280214-e4e3-4013-af0b-734ad589916e	1160
4b287a4e-49ad-4dda-b2f5-6e0648e02bcf	1156
4b2fc736-a548-445b-8148-719c4452e0ad	869
4b2fef99-2b1d-4085-8733-4e5f45c2509a	1179
4b34361f-ff3a-4e31-a7e6-176833504569	860
4b37abd8-e6b4-4fb5-a105-546eaed59e0d	879
4b38109d-411e-48aa-8b84-82511d472247	882
4b3e58b9-6b20-405d-897f-282a90e465ef	875
4b403457-8815-4604-bfca-3cd3a1f20fb2	863
4b414da9-ea8f-442e-9e43-4a68128c55c4	1166
4b43e2bf-a549-49bf-b5fd-a7ed736150d9	1174
4b47b9ea-5b25-4362-b80b-cce7c6591ab3	602
4b4e8436-8f0c-490d-808d-b2f5078e7898	860
4b4ea016-3a40-4d4a-8fba-f3e235942d27	1164
4b4fa9d0-9609-4789-a45b-945ef755681d	877
4b51c300-dddb-4e94-89b1-3cab4b7eae2f	859
4b537cad-726b-47b9-aab1-4348d0bab26a	1182
4b5710a6-ed74-4f00-abe2-325ed0d67c51	857
4b58fe80-1dcb-4e52-b606-e1c8ddf65d7e	1173
4b61ee06-b98b-4900-a1aa-c8616f63facb	1188
4b62e5d6-ead3-406c-af1a-77d2f37af3ca	1164
4b63a8d2-446d-46b1-b53c-9e9a8664c5d5	1209
4b6eafd5-0afb-4d04-b8a1-2f43e7537615	965
4b6febef-fd26-4b82-8c6f-d5f9b9d60728	881
4b70e6e7-e1c3-434c-af87-043638ee038b	1163
4b7611b3-8db3-43c0-a68b-e4840b83b773	1190
4b766745-c4e2-4e71-9131-80900c5cfbdd	857
4b78df5d-d5b7-4d6a-b281-366bb2d09ad0	918
4b8115e8-55d0-441b-9962-5df4d8bf3b5f	1160
4b817893-4b34-42b1-9d69-b88f2ff60944	866
4b85a8cd-c9e4-49fb-b0e7-84084512b1ce	860
4b88f798-a845-40bd-86a0-da5f47b07b9d	882
4b8a37ef-7d9f-4526-8cf8-3d805555e362	865
4b8ddb09-be32-4fc7-b02e-732efbf1647b	996
4b8e3749-27dc-4249-b97b-fd6e531cc37c	1181
4b92c751-b178-4bd1-be85-d44dca0a0f4f	1183
4b961fb1-e990-4bc1-8504-b44f922b377c	1190
4b9da4c5-cf7b-4b5c-9762-d60df807ba55	1167
4b9df303-450c-4d92-a14f-124365653ff4	850
4ba12a73-5cf9-482f-ae2b-a8ef70e96f3b	891
4ba1fe52-31c6-4290-bc11-22578f80ebed	2088
4ba2827d-2954-45d2-9ca2-e2253f5fea3b	1146
4ba3abcf-fdd0-4086-bca9-43af5a7fc7b4	1184
4bb0a386-4bfb-4b70-89aa-846040c855e3	1169
4bb21cba-81a2-4825-853e-84dc04c8e60d	1169
4bb7a237-5b6a-405e-b85f-6e21cad3dbda	1193
4bbba9a9-c489-478d-b291-ecdf29a9e7b6	1833
4bbddfff-81be-4c2f-a76d-2f6b3e0eba30	868
4bc650fd-ceba-40c3-8540-527461959278	1137
4bd153f3-fb63-4334-bb1e-b2ffe1456d2e	878
4bd24ce6-82bd-471b-8bbc-d11972fa3014	1164
4bd7c3b8-e7f6-4c8f-911c-31a9c3e19cb9	1182
4bd8fb97-ed68-4345-b15d-82f8fc9f14ca	845
4bdd8e69-8915-4457-bbf5-96ba1c91949e	879
4be4decd-3176-45d7-bea2-310cbc32b8a4	1168
4beaa8c0-2fb6-4eae-858d-a026d35b3342	1181
4bee014d-0466-4b1f-a8d8-62b3673d6613	1164
4c00791b-a6dc-45e4-9382-fbf1d57b0a37	883
4c02c375-a3f1-4cc8-9576-a9b1e853ac34	1171
4c0f1d6e-f3a8-48b2-81f3-a4eca3f910c9	1188
4c1d1ee1-98c9-4f65-bb54-1ed7cff36372	1165
4c1f75fc-f104-4415-9737-05faaf17b600	815
4c209e7f-177b-4a94-a31d-2c739ec1b681	768
4c22b6d8-6219-4688-8800-787442725e5e	865
4c253bfc-ab46-4204-b11e-44832c4fca1c	1195
4c28d610-5e88-46c8-89c3-9528b9ee27a6	1159
4c2c8103-eaee-45a3-a033-c11c51a488d9	880
4c3038c9-73b1-4526-91a7-501f6a2668ff	1175
4c313e47-66ae-4105-9eff-0c1ded503415	860
4c31aac8-b98f-4c46-8c15-912a3ad285a1	1175
4c33bf9f-b0f1-4778-be14-71b9170716e2	1188
4c37f406-a10d-477b-af77-1469cfcd3e96	1686
4c38c17f-30da-4a48-9b0c-0e99ed0f814a	1189
4c418b90-328c-4fbf-ba6a-2d019d2a5940	1193
4c47a6f5-97d8-437d-8e72-2e43cd8c299b	1192
4c4c765d-3076-4cff-8b8b-6751bb45923f	880
4c4de0ab-cf7b-4123-bb55-d9e6b791afe7	885
4c554224-4d19-4053-b151-bdbb373058bc	887
4c565b38-6ba1-4b2b-b8a4-7af021f17517	1167
4c56d642-b83f-45d3-9bdd-47b321dbbe17	1164
4c578c23-8044-469b-9916-c16469bdc7d6	1169
4c5c7ea9-ff9b-4e03-8ecd-3c4097fe0132	526
4c5d9aa1-2bdb-4905-8c31-a4342b9bd78e	1495
4c5f2590-1c57-4446-8d1f-636f0e7b93d0	1159
4c670e0c-c8dd-4630-9f6d-11fb32014b5e	1173
4c675c83-64f7-4841-8011-4f9b76521b8a	1166
4c6ab049-6fcf-4d43-8075-3138841c0c7e	984
4c6b69ad-4884-4059-9f13-0a90a37474df	883
4c6bf9d8-8dfd-41a7-b584-80e2958571fc	1182
4c7206ba-5292-496b-9227-28eaf53f499d	1179
4c7ef4da-c75d-4b62-9192-075c0b79fcd9	1186
4c8120cc-6d46-4e60-9bb3-8d5835f11fbf	1183
4c81540a-4d47-4c15-a839-148e057aa377	1168
4c85abae-6d20-428f-b6f4-a60431297242	1184
4c8766af-1eef-4983-9066-680a7db5c3f1	886
4c87e998-84ad-4387-a055-181b0732dde8	861
4c9180b4-d7c4-4faa-ad5a-3c43d4f3b841	1196
4c91f0a0-c028-41f3-9295-8f348ccc8958	1188
4c936f55-ce08-4f8d-aae1-c2c1a87a2fa6	1165
4c9f79c1-ed65-4daf-8bfc-c8a4750eba5e	1990
4ca2432e-b3f0-4eb8-a7f3-aa20fcd0b1b5	1173
4ca5491f-2c94-49a6-a105-f3aecd2ea6ee	2132
4cab2c7f-0fd9-49b9-9e79-e6cc86958eca	886
4cab52d3-4d2f-4b8e-a3e5-9fdbed0c1929	884
4cb94e2d-b037-42f3-9b0e-29eda1946e9e	1196
4cbf5cf1-afc6-4df5-b753-8baccc4c5ca7	1182
4cc64294-c712-4f20-9bd1-c594127555c0	861
4cc9fbea-bd6a-47af-bdf9-3d8c60ec0c3c	1188
4ccb6c35-235b-4161-8ebd-c0fb8807d63e	1166
4ccc87e3-2b37-48a9-baa0-729c5f09c15b	883
4cdb4b8d-b40a-4ee8-8ec3-9dbc22d6090d	1184
4cdfbc4e-7523-4101-84f0-115f5dbbf14b	1167
4ce0b7b7-001e-4751-b7b7-f659c1c4f7b5	1185
4ce1f737-d6c2-48d4-9f73-c0a76c5b86ab	887
4ce501db-ad47-4e40-8802-adee91b97f10	1162
4cf27de4-7de6-4374-951c-3645499ef95f	1152
4cf7dbab-2e5d-4258-9c3c-cd1e81b04cb7	883
4cfbfc22-f39b-47c0-91d2-5c1b644f48b3	872
4d04f1a1-c0c0-459e-a939-4c37665d2d56	810
4d062a87-dad7-4e75-a881-9c22f831e6c5	888
4d0f560e-c1a5-4ca6-a614-c304daba498b	1184
4d118ed8-a03f-44b3-a7f4-24b16c5c0781	858
4d12068f-7351-451f-844b-65a6e1a1902c	862
4d189ae6-0931-4cdb-92fe-0716c9403674	1189
4d19afc4-5029-4fb8-98fa-ee2002081d59	873
4d1c9a13-8706-4eea-b10f-1935f898311f	1171
4d2319a0-1a2c-41b6-b5f5-23b418f92512	868
4d24d391-c2cf-412d-acba-351427de5a3b	1169
4d270206-281f-43fc-a917-7dc9061eeb44	1192
4d27379c-6cd8-4bff-a25f-9b6411362cfd	1154
4d284fe5-b819-486f-8e87-2e26eefb175c	1184
4d380618-71df-498d-85f7-cc3c3a61262a	863
4d39a65f-2550-48c0-898f-23f2b192782a	1155
4d4316a9-bb3c-4026-8932-d1e1b2fae4ee	1170
4d46a74b-b9c5-40c7-9000-f980a7456e2b	863
4d4761ce-ec1f-450e-a137-50bc7c5e0673	877
4d486346-0410-4980-9bbc-f659066b5201	888
4d48d7d7-6cd8-4b5d-a55e-be7ef727bd6d	1170
4d4d2a84-8591-472a-b031-96207caa0820	865
4d5343e1-8c29-41c1-a5ef-389aa5f8ac69	1187
4d5352ed-b85e-42cc-ba74-2d7ecf2f6eee	1165
4d597281-8ff7-46cd-9c11-279df2e91503	1169
4d5aef40-920e-4655-b7d0-1ad81916e2bc	1185
4d606325-1c4b-4370-a5a2-0836b61a93c4	877
4d613997-1eb7-4876-adbd-8ee09cc31776	863
4d6223d0-3fd7-4895-8c76-b98ca40e68ff	1177
4d686e6a-9c72-49e4-8abc-7b93ebc5bfd2	1248
4d694877-15cc-423f-9e6b-c836b8132086	1187
4d6ef637-fd4e-4285-81f4-bc83b8338961	1174
4d71e89e-6c56-4379-8bba-9fa09dbf9308	1172
4d755652-c941-4283-9581-f31e9b115ba3	1164
4d79fcdf-b8d1-4d8d-a6d2-4a8be3e1e09e	1168
4d7ed707-2883-4f3e-8eec-c25f8c59f1f6	1163
4d8b533c-3c7c-48fc-9cc6-998e82885e56	1170
4d8c5704-9a14-4f66-acd9-bd22d1315b3d	861
4d8e2e18-e801-4839-8775-60d419212cbb	1187
4d8e76d5-6c5d-4cc9-985b-3d584b12c1f6	878
4d8ebe86-f234-4c05-8f7a-90af23e6192b	1151
4d90b30d-dea3-4f51-867a-094edbda274d	871
4d94f87f-afc5-4098-9f30-d19fe9968954	2114
4d96e881-35bc-43e2-9775-7c88acb53786	880
4d9a09e4-a1ee-410e-9bef-326a3534448f	1155
4d9a0e6e-104f-4410-b996-65de290d0e5a	1189
4d9bdd07-ccbc-40bd-8c8b-a0ba12005266	863
4da00983-fd0a-457d-a435-1e62a78280f1	885
4da0645f-0dab-47f9-9cbd-a6efb0bc029d	1164
4da3a12c-8e6d-4a1f-acad-0009421f3ae9	847
4da85a98-1589-4889-8635-0bcd55c8ed71	1181
4da88429-36f8-4299-ada1-edddac992530	1174
4db0d292-93b0-43a7-b025-7978d380745a	1160
4db186d9-091b-4e31-bc2a-4ce8095fd58d	2314
4db318f7-f497-4408-b5e3-5c5ddd2ba032	1167
4db34692-640f-40b0-8478-9f7175222b6c	1174
4db3f06e-d042-4ad8-8a19-a27869a45ab4	732
4db52d91-b0f3-4b8e-b633-96743f6723be	1170
4db76e42-f23e-445b-b2b2-1240eed53d02	1169
4db79bbc-bf56-475c-a4f6-857328b0f48f	1177
4db96799-e2fd-4d2c-b634-02ea7b38a61d	1163
4dbf6a74-2e53-48b9-98ee-a93d7fb88d5c	887
4dc702a2-8717-44dd-a1f9-f943f9e1578c	1161
4dc762ca-3317-4c22-9f8d-f00df43533dd	1170
4dcc7260-1101-4cb7-8e3e-9a5b38b92e48	1179
4dd4cdad-57be-4bae-9fee-2ca554265c33	1151
4dd61909-78ab-4e04-ab8d-2d260210ae42	1162
4dddb53b-ba02-4598-b672-3f2f549ea9fd	1192
4de532e6-0d6d-45de-b1b3-4e6b6e0ef13a	1481
4df2397f-b7d5-405c-97d7-2c7a852171d6	1170
4df5dd15-8ed5-44fd-87e5-9f21a720470e	1157
4dfd0eba-8ba9-4e7b-abde-d7ae72241514	1169
4e02be46-f862-47bf-96ac-2add188f5ef0	887
4e0902fd-7698-44f9-83d9-4610cf1f784f	884
4e118e6f-3ff1-451a-a1e3-7e25a48c49a7	877
4e120314-b95b-4493-997d-16819d5fd5c5	1162
4e12cbf0-34f3-4fde-9e8c-0018177edf30	1165
4e147fc8-b845-42c4-880e-534c7829842f	854
4e15c1cf-2402-4c4c-b5c0-d45334002a9a	1180
4e18c0cb-fc3a-4f35-bd79-0139df95abd2	1167
4e1bed93-9e64-40c3-a8df-681fdc7dca97	880
4e2175b4-628a-4f3f-b57f-ca84c6bd9e09	1168
4e23c239-2fdc-4dc8-8d2b-d34b1ac5739b	1169
4e23d5c1-2a72-433f-a1da-0523393a6c52	1184
4e27be19-9f38-4ae6-a86a-e4bff36c096f	881
4e28577d-d49a-4ea8-81fd-0e506701a61e	1165
4e2df138-9496-4e8c-a523-ed020f16c0d3	999
4e2eaaf4-728e-4103-ac56-0ea7a446b0f1	1185
4e2f71c1-dd40-4a8a-9059-41038f8300c8	1165
4e2ffa53-d43a-41c7-a76b-d757b4fd5dcb	561
4e369be6-7a00-4b70-8aa8-39cb59815ace	864
4e382565-db98-4a12-8cad-99a598088f71	1172
4e3aa0cf-f66a-4e60-ba28-78d22711f691	1170
4e3d05a6-b27b-4da8-a583-0b1426504cba	1176
4e45f4c8-80aa-47eb-bb8c-6a86ddf45303	1188
4e56a787-9f20-4cff-867f-d8090715a470	905
4e5bf63c-5095-4147-a81f-d23f85ad7988	1172
4e62458d-ecb0-4fb2-8eff-a43cd76ef802	1180
4e699f1a-ae67-4185-bb04-db6096b45e10	861
4e6d52c7-6d0c-49e1-a471-fb5766570633	916
4e74b3f6-2e27-4a0c-a3d0-06d29e0a779e	882
4e7733b5-c725-4153-a1fd-4043a3a39fad	876
4e773bb6-4410-48ad-a384-0fa56ede0c25	2286
4e78b043-886e-4002-93bc-7d485065e4f9	1159
4e79211c-44b1-4dc0-8114-fecd11851909	884
4e7b1626-ae0d-4ca3-aeab-16a290b8e5a1	863
4e7ba384-e012-4693-bd57-35c22fbe6528	1166
4e7cbfa0-e26d-42c2-aa73-157d106d980a	881
4e7e15da-d0c1-4ffd-8b43-9f270159d2a7	1167
4e7ee441-aba7-491c-9306-80c8695a8646	1189
4e84878a-80cc-4052-a330-f33750aac986	885
4e87bea8-38b8-4f80-8d77-46e5afcf7f10	882
4e884b26-81d3-4f11-a22c-7a02e206337f	1165
4e8886d1-4ec5-4f1c-a1a1-b39ae23a30df	595
4e8b2065-2c8c-42eb-bd1a-d8084bdec561	879
4e8ceed9-259f-455d-b692-abce5e3df9c5	877
4e8d58fb-bf04-4368-a1d8-ea0a00339e5e	883
4e8e54b2-7366-4116-9149-c7b35a85255c	1188
4e93df8a-debe-46d4-9e7d-490db425a8c7	887
4e9410d5-495b-4eb7-a581-f34c9e460ef5	1187
4e955301-0d77-4ba1-b886-1ba8538466a0	1162
4e99c0e7-56ee-407c-83d5-9a52ca40940e	1194
4e9a8222-1216-42a1-a1e8-e179d150d024	865
4eb0248a-c6e4-4286-a0ce-49646ff2fabb	1161
4ebb432f-d8a5-4d94-a92c-762138267236	1172
4eca8e70-b5d1-4118-83e6-6f746aa709c6	1180
4ecb562b-8954-4d2e-a3a3-f0f31396f95b	1177
4ecd96a4-f23c-4c15-b055-ea0959e2092f	1182
4ecdb6fc-1f52-4793-abe7-39a05bfbb627	885
4ed117b6-7f97-463d-ae38-23e28ebf806f	1627
4ed28ada-2bf8-4f33-b0d4-27adfa6fbadb	1164
4ed2a321-66df-4db3-af2a-51e6be24fc44	1187
4edee36c-441c-4e3f-b643-69ad51ed5c4f	1160
4edf9e82-06bf-4e2c-a721-9f4bc3fd7c1b	1185
4ee00ee4-c83c-41f9-bcf8-fcbd3cbfa33a	880
4ee8db13-3482-4d29-a75a-b2ee5b05db2f	1170
4ee8f7d4-cff3-45aa-8b6f-e18dd443fb40	1180
4eed9212-b68e-4b54-a416-d614dcf0a2fc	1551
4ef258b9-e09b-4d89-9864-4f019e38d0f3	1179
4efce87e-9fd5-4390-9bd1-2089ad7e4e63	546
4efe30c6-a5e1-4c7c-b354-0d02c0aaa867	866
4f04d933-53b6-4745-acde-ebc8e10e2153	878
4f05ca29-a353-46b2-81d2-e23f7360bf3c	885
4f16653d-6ac4-4be6-b223-c0eafff2c27f	881
4f176941-db9d-493f-a378-f2338a288f89	856
4f189639-da82-431a-9bbe-66c2be4bc513	853
4f249be2-f89c-4a84-ad66-417786cc48d4	1185
4f278560-d945-40cb-9cdb-6a1ea50c9dce	1160
4f3064d2-9d53-4502-86b4-75fd90c70bc0	1163
4f333765-5921-4b94-a4a1-51514996b4a3	1171
4f342345-59d6-4bea-b039-8dc86340acc4	1194
4f361c75-7e91-4825-949c-3628cc35d342	858
4f41defb-a7a4-46d7-82b2-86547c9758b8	863
4f44124b-528a-4a30-a015-ff2c62e2f43d	525
4f44c154-ed89-4b53-8ad7-a19ea04b8a9d	1179
4f4670b3-19a8-47d7-977c-61c71b63c57b	1168
4f47af39-6864-4d48-bba0-33084601e329	1840
4f499c2b-0dfd-4686-be52-70e9ccb57027	1173
4f49a12e-ed9f-43df-96d6-f9edb902df78	875
4f4e8e1a-1dc2-4fe6-a26f-a11bac43c42c	1176
4f508642-d72c-4596-9844-607cf482b2bf	1148
4f5272bb-6710-43a4-8984-b629be1df801	883
4f559198-8f13-44e6-987e-54fb5c1f02b1	1185
4f588765-9663-40dc-8731-c09088a433c7	1176
4f63323f-4e4b-4309-8f93-07f9fd5ea32c	1168
4f635e21-5bef-499d-88b4-64e31760517b	1163
4f64296d-8e70-4483-9c50-e1ad367f9644	860
4f65b2b7-29e3-42b6-81ca-b23b7de4caf8	1071
4f66197c-43c2-4d2b-be75-f5d648c4df2c	1158
4f714848-4c7c-4a6f-8655-75f3e4f91f67	881
4f7231e2-9cbb-4b44-8a36-bdc0f93282de	862
4f73a1d0-1215-4a9d-8330-307667c6894d	1172
4f823a6c-ce67-4473-8093-5a78d95a3379	1166
4f8490b1-670d-40cb-b11d-8114d38252d9	1192
4f871a32-7847-4303-9e83-fa92268bd355	1180
4f879dc7-b969-434c-bbd0-b57b0f0b44de	1187
4f8a2adf-0e39-4acb-bdd8-3ed0f65e48e1	1860
4f8b2d67-4f80-405f-9b9d-2f45c5aa0794	1164
4f912382-59d6-4dec-8c94-3072b7ae36df	870
4f932988-de45-42b4-91dc-f6bfadfac99e	1181
4f93daea-6e54-4498-94db-a4ea04e1671b	865
4f94c58d-0f42-4b3b-b1be-b3a7a2801fae	1181
4fa594a1-3f51-4005-8219-3a26c32563b7	1167
4fa61eca-6d24-4378-8749-eb5049173048	1167
4fa6707c-5d8b-4d25-9e8c-bad74016f155	1160
4fa8d30d-05b2-446f-a4b4-0cdb35a2a093	1181
4fb1416c-761f-4fac-ac30-07c77939f98b	876
4fb1afee-73df-4ae9-8ec8-e2e5fff13ca9	877
4fb2537a-150e-4d76-bf78-bbcb28b52770	1168
4fbc344b-a7a4-4f44-b0ec-70b7b14b7445	1162
4fbcfe49-054f-4810-a2a9-783f88f9584a	1178
4fbf411c-42f0-44fc-8941-cef92b4694e8	1191
4fc242fb-eeca-493a-a5b5-6eb1b8d6e4ce	1163
4fc5162e-d35b-4d06-b4d0-51a0d306efc1	882
4fc98b2b-43e4-4c60-a251-57055847afc2	1161
4fca2445-91e6-4b6d-838e-a434b214981d	1156
4fca8ad3-281f-4271-ab0e-289e5c3429dc	1181
4fcca335-c7be-4da5-b0fa-ea0561043363	887
4fcccfdc-bdd7-494f-a819-afb21a3b25ea	1169
4fd18a30-608b-4b29-8f6c-ed481e230103	1185
4fd3cd22-c3d4-473d-bddb-f70eaddb6ff3	1183
4fd51e08-d2aa-4684-9750-a9932f0356be	1164
4fd543b9-4894-4552-a688-64e406ffffc5	1176
4fd5f230-90df-4dd5-a468-e283aed7077a	1135
4fd73096-df32-45f6-8a2f-90dde668fec6	879
4fdd3589-3e32-40af-8d3a-435d2b5ea54f	1293
4fdfc36f-ef9c-4e19-9ee5-1a313ffb3c98	880
4fe24717-5ca5-4e2d-9c72-44348a6e9686	1166
4fe3c46f-6f85-4029-8f24-022793ce8296	1187
4fe500ce-e71f-4254-bc8d-fb611df583a2	863
4fe7eb12-915e-422b-b13a-6c05d280cf17	1171
4fe97793-8243-40b6-84cb-d4fb3cef0c56	1178
4fe9cdd7-2462-4e98-b25e-0269ca8b2007	1189
4fea0cec-023b-4fcd-8894-752cb743adcd	882
4fedf503-e9a7-4372-ac58-1cc7fdc8c251	1165
4ff0252f-b66a-4902-bcd6-d76892296c97	1138
4ff4248f-c0e5-4df4-bf8f-400b1cb6b83f	1163
4ff4495e-c1a4-4b4e-b387-326691661964	1181
4ff61152-7f49-4a10-95e1-03b034a21f3c	1162
4ff8dd23-b853-445f-8692-5adadeccbf5c	1159
4ffbd126-d398-498f-9cbd-e4fcee7583e6	1177
4ffe739f-2277-4b22-a711-14b0821a1cba	888
50001eba-6f60-4401-bc1d-a1fdfea06897	863
50005349-2581-4de3-bf12-470d8f5abd2a	870
5004ce1a-c2f4-4a5c-86aa-27e4f6f7000b	861
500af791-aa7d-4e6f-a65d-1eb5cc64a6ef	1169
501047b4-08d0-4ef1-96bf-feda27221608	1159
50104f4a-b814-41e2-ac1f-86557ea9735c	1187
50188150-ddc2-4e1c-a9cb-84dd6c0be437	1190
501a49ce-1192-47ee-881f-9bbe3d945e47	1179
501aa114-844d-4ad9-a05d-cb0e12f9b40c	1167
501e2404-b245-42a1-9288-2aebc1f7203a	1169
501ee264-79ed-46ac-ba8e-d0b6c42881ff	1394
502a40ec-aceb-468e-8cf4-cf0e92d890b8	863
50300b40-9d58-4138-8a26-ee6f5737be7b	862
5030f6f5-b667-4f96-817d-050790ef9d3e	1166
50315a60-e962-4dd4-8cb3-967fa3610f8b	916
504493ea-ec4c-45af-af84-d8517776ad64	1152
50464554-fc40-48ac-863f-5925aaa640c8	1486
5048f8ff-38c7-4410-8e30-bdd174ea6261	1162
50490040-f4b5-4a93-9bca-bf4ec611299f	886
504c2bb6-d2c4-451d-ba73-f4df74a1687f	862
504d11b0-b68b-4d9f-a163-86d182f30721	1162
50579092-5e5a-42c5-985e-82c3e0a7d367	1168
505bd9a1-c153-45c5-8ab8-40799b754626	1361
505e2f96-1cb2-479f-b0a0-a2f6acfa9273	1167
50667f81-be1d-4e12-8ade-dcedeaacb2e5	1184
5067001a-6e27-41a7-8bef-26f78075b97d	1182
50690937-9797-4f0a-b6d9-da517109c26c	882
506a71bc-dc68-49e9-887e-98bbf4d0d141	989
506bb481-52dd-4b61-90e6-659da829908b	1165
506e5c12-f032-4a65-ae22-24790d6373c3	1191
50710b89-b613-46a4-b5a7-0972685b4e24	883
50718013-5174-4a86-951c-4d3002dbf9db	1170
5076405b-10a1-45f9-99df-371b51e19592	864
50780f7e-917c-4a92-8ce1-5d37767ee3ec	1175
508114c0-e848-43db-b1d3-c6da0fe40a3d	881
50842f46-d2a4-4cb2-8d51-9388a2c46e0a	1186
508d05ed-24de-459d-934b-ecd449610004	1182
509a1e0d-9684-434f-b58e-ca5e237c1b1a	1164
50a2ff23-a107-4a3b-9866-5eaa3215b0d0	1169
50a32ab8-0d0c-4dee-ba7b-7efefa4c27a3	1188
50a81b6a-518a-436b-bb24-4b411579482b	1154
50a8bb39-2642-40b0-a013-68a14e04bfcb	1163
50b08e24-ffe0-40ac-a01b-0f1552a83a7f	1181
50b5d3ce-6ca5-4296-8b3b-d315e351499e	864
50b7d6bc-c684-48ee-9040-507fbf92f7ed	880
50bb372b-19ba-4648-a40c-3a0c79289694	885
50bd8f72-d913-4f34-a142-bcbaae73aab5	1185
50d02075-232b-4bfd-a690-41a9f8e48e26	890
50d172cb-8cf7-4d20-8fcf-29faf8f0413e	1162
50d30b88-8f92-421d-a911-c5d57b321f99	1168
50d444e8-2b33-4ff2-9905-fbf9669d083e	891
50dcbc03-1fd6-4afc-84ac-8ee155230276	857
50dd3abc-d42d-478d-b25e-857c6db170f5	1863
50dfe932-bea0-4c8c-ae00-aa16020cfa55	1184
50e037d5-1f93-4dad-9bfe-93b0efbf5008	1180
50ece481-0765-4f82-948a-9d7e9e6e1ed0	886
50f7316f-a61e-451f-adf1-f6dc993039b4	1184
50fd1b2a-1a4b-4147-b8b9-5e64aa6893c0	868
50fe06af-2468-4c4b-ac60-88815bd67894	1162
510018fa-0b1f-466e-beff-9d1d19b0838b	1181
5103f687-5e14-45f4-9fa1-1ca58c76768a	1175
5106d494-f6b6-402b-8d76-cd40f4391fd0	1160
510c95a8-3204-4522-a906-b71ddd6ea3b9	880
5117d87e-44d0-46fe-b479-44b23dd291de	1190
5119b208-028e-4d2c-8771-3fb61d8505f6	1182
511ba7ff-c9b8-4969-a178-85f788696cbb	885
511be8d1-67c7-4b3f-a5a1-dee4256acc3e	856
511c3870-4e35-46d5-9b1b-832d56c0e4b4	1190
512573db-911f-4d11-8a8a-323a503485d9	1046
512c37e3-bf68-4707-b7ca-3515c392c3e5	1183
5130a4a4-c55b-46cb-9ddb-62fcbacfd6ad	1183
5136296a-d85f-4113-8e6e-c055f8e6fbe6	1184
513a5a9e-8dd1-40af-9421-60a4fcb0bf1e	1186
513e317d-a481-4467-a6cb-cd4c751afb07	1169
513f5208-3336-4c0d-8cb9-69e5f8da0b6f	875
51483d6b-bd12-42f2-99ec-7eb23dcf3d93	1177
5148fd7a-348c-431b-870c-885c4abf783a	864
514c8862-d0ac-4bc3-9cc5-effe93a90280	1167
514f4d82-f84d-4225-aac9-e727f667db2c	1178
51517212-5868-40cf-8859-e6fa492b6aaa	1168
5153b556-39e2-4a8b-a6d2-6a1301f95df6	1188
51541dca-092a-4c56-8486-5362b6d3f643	984
5158dc94-73eb-45fd-a736-a24f85ab0370	1171
5159c6f9-9635-436a-9a39-b734747b2fef	1185
515da0ea-24ae-4021-9204-404376f274f0	855
51641f09-9cb5-4ffe-a327-950c2749969a	861
516931dc-1db9-4729-9af0-fe357ad4dbab	1168
516a3578-b2ab-42e4-88e9-985aa3b08ae3	1163
516c59cc-f2a6-4ab4-bbc6-5d3f6024edad	864
516c9b81-cd9d-4541-926a-6cc1dbd66a0e	892
516d3cfa-78ad-4b41-9639-631aa906eaca	1172
517089e9-0034-40f8-9636-c4c359d7ffdd	862
517a11aa-f9c4-4f71-9bf4-e594678ad495	1162
517ae15f-d5b5-4e8c-94f0-846a5df92509	1187
517c1300-ded9-42e1-ad2f-5644d635ed72	1164
517f155f-848b-45e0-8cbf-0f9c51398303	1166
518ab3d9-6eb9-4934-b053-1d59c74f0215	1190
518ebf95-a8f6-4e70-ad83-7905efd983b2	1181
5197fce1-6d5d-4486-890d-86c0a58c8b26	855
51a40608-a771-4ef8-92e2-22edc770876d	1178
51a6f740-34cb-4bce-a3b2-044dadc602a5	883
51a8c8b5-9b1e-436e-8892-af42980d5590	1169
51af8d20-1f27-42d2-8504-0744c160fb83	1165
51b36530-6977-46ad-8153-ec50511fb22f	1178
51b718df-b922-44dd-a355-2859977da8a1	1171
51b8f49f-54d9-4501-ae37-1a66e4c662d7	1180
51b92f81-b517-40c2-ad98-f5826f702877	1175
51bd922c-537e-4857-b468-d0997590d941	860
51bfecd6-c804-4180-bb7f-ab781f0c741b	884
51c1a831-8716-4966-822e-58e2dde27427	1180
51c54714-c85e-42ae-bfff-8cf1c5ff80e0	1165
51cb1b27-d812-4965-9a60-f2dd41829e93	881
51cd13eb-cc51-40c9-9cc0-923036fc8aa8	883
51d54dba-533e-477c-87e9-512a47471d17	883
51d603f4-cc32-4b67-acb2-ae44ba34d7a7	1187
51d9098d-ca42-4b4f-b2cb-aa732750c1bc	1213
51da1f30-2af2-4dfc-a437-72fc616e0a62	1179
51dcfbb7-afa9-47f4-8de1-4a4d881dde82	1187
51e1e2b1-66ee-440c-a3b0-a57e1bde0fa4	1167
51e1f70c-2a25-4659-8c3b-23c796d22b71	1186
51e3ebc3-ad59-4872-a59f-668690e918e5	885
51e606b2-8556-4eab-abe6-1db6801729b8	881
51e7d4d0-beb4-4eda-b874-443141ea9268	1150
51eaa45c-aa98-4956-ad37-a523fc180445	881
51eebf07-9073-4f24-a124-819663f80190	1172
51eeed3d-4d96-4b3f-bc52-674a39ad52dc	988
51ef1c37-f497-4328-92ee-66160a76eb2d	882
51f600f9-8fc7-468c-9896-db2756964677	1167
51f6f835-595d-406a-9784-f1c0f225b687	1164
51fd6e89-3b2c-445f-8c65-ce97db8a74a4	871
52020e4f-4bf9-448e-a5f2-a2b2aa0b0a13	1164
5203f500-c631-400b-9de5-a450f5b6d676	1168
5208d423-03e6-4d5a-ac37-36b8ae4847b5	1188
5210a201-77a1-491a-93df-14e5520048c9	858
52142b58-0be9-4e26-9cd3-294d6f1bcb15	1178
521a91d9-c228-4cd7-bd1c-a5e8459fbccb	1186
521af729-1e00-4f04-ba1f-210267462c3b	1175
521bae09-1405-4391-8528-a407a919fc78	1170
521bde40-6fc3-41fb-b695-f4203cf39936	1186
521efb8c-afe4-4d68-9b5f-43c8e9f5dbf1	2061
5220bc1b-d9a2-4dbe-ad13-ed78ea3bded8	1182
522165f9-5fe2-4f03-9781-3ecd7c75e846	862
5221ca2f-9f1a-429f-af79-bf5ab602365c	865
523297be-1eab-44d4-8590-9d04db6b1546	874
5249615c-7f68-4c52-ab7a-785bb20169c8	1154
524edd53-9fbd-47e7-82f0-4d034fb57b96	887
5250ed3a-518e-4dfb-864f-a2ddb58a120f	1181
5253e3b6-5b17-4972-a1d9-ed6c054be84e	857
5254ed69-6517-46e3-b8fd-b876576ce25e	1188
5259169a-e07a-4490-bec9-6e737255ba7a	1166
525a8db2-a2a8-48fc-b22c-3689475e2113	1181
525f50cd-19b3-4509-b76a-018bcb372f68	864
525f9e9e-f9df-4d95-90b3-c21d23e72cc5	1178
5262bee3-c95d-4543-b877-1d09469a8aa2	1166
52646c16-0309-40cb-ae60-70c27f50afde	1462
52685e64-e856-49bf-ae7f-3e94522e1fd1	1168
5268f262-74e3-4247-aab0-08663a73510f	866
52700f63-f348-4db6-b06f-9b2ebe2f9d9f	1196
527217dd-6ca1-41da-a17e-4f305029293a	1167
52742ff9-a341-400c-b3ae-08376763455a	866
5277d015-f8a7-4874-8117-3b2d924dd3f3	1883
527ab9d6-a6e6-4fd4-84ce-30fbc76f4dfd	1174
527af429-4fb2-4d1e-a8c2-aa73033d019c	988
527c09d3-97d8-427d-8746-a80aa6f1f27b	1173
527d0f5d-ea27-405d-923d-b6c8e0cb4eae	646
527fc9e9-3cbf-4df6-8d59-d03566697b18	1178
5280b854-e775-4c25-b6df-6c5afa590dec	740
52869159-fd20-444f-ae05-7b6c9b05af40	998
528b2fca-b3b2-4886-b430-a52af6303b45	2202
528ca1eb-c61d-4d21-a86e-6e00aa42eb1a	864
529d813d-e16a-4864-948b-45ba3928c760	1150
529f124e-e375-4a6a-9f25-15b7adccb575	1188
52a32173-bf37-4355-8ee4-269346a39d62	1182
52a613e2-f48e-453d-a4cf-c88d237086a8	1176
52ad5759-297e-45e7-99a5-dd32011e08b9	887
52ae59e8-a9d5-4de1-8c89-f46d8412932b	1181
52af9669-0664-425c-a268-2e772b2d7748	1168
52b08e4a-d121-4c62-94c1-494771e39661	1159
52b8a666-a9e9-4ed4-8b14-5e20351be690	1185
52b9f437-6c99-4fbf-be24-e913552d6e3f	884
52bb4842-f693-4a20-ba1d-01a9180fdd6c	853
52bd0ffe-19a2-4cd0-9315-a4311f2f819d	1172
52c114c0-bbc8-46a1-80f7-36674d868427	853
52c25daf-5f20-49af-a0bd-0c744714e388	886
52c67bac-d2d5-49cc-a97a-689ec641bb0f	1180
52ca16e9-9b75-449d-9f54-c4fca30f0d00	1149
52cbf9b5-8ccb-458b-b17a-679438ed2b9c	988
52d2caed-644c-4f64-b71a-58884f472cd3	1185
52d54be8-a1f0-465d-bf8f-27cfb9d161b3	884
52d5b044-457a-4f9a-9b9c-04c314114d7f	1164
52d6ab05-3e52-449f-bc18-bcff91aedc1d	893
52da3b17-64fd-4a44-b163-edf73bd9f13e	1183
52dc5ceb-f7c5-4c35-a3e5-1619fe23cba2	1161
52df9a75-6321-465b-afad-3490c2d26f1a	1154
52e540b3-2e2c-4f44-9ee9-ee5ffc400934	878
52edbed9-d88c-46ee-aa8f-f90119bae6e6	1193
52f49870-1cfe-4592-ae3f-4f4d9509091d	909
52f6f105-f913-4497-9a64-a0a23b30e8bf	1185
52fd564c-c847-4e69-be1c-42ce158572bb	1162
52fff85a-49f4-455c-9a75-76f90463f8d0	1186
53061721-1e88-4edd-9526-9155d732b230	880
5307b9ca-74c4-409c-9c5e-2b0c5d226cbb	884
5308ae69-90ea-480c-b571-b7da8ecfd37b	1167
530d17e8-0607-48d4-bcd5-dc3a94f95e5d	884
53141511-7b72-4fa2-8d42-6c4c284180ed	973
531419be-3b2d-485a-87fe-3d074effd1ad	1180
5315994f-fc53-43d8-b72d-f75c3770df31	1168
5317e22d-3bc2-437b-a9a1-ff7b184e4339	835
5318c9ef-cde2-4492-a08e-ed81720d86e4	1166
5318dcbb-2d80-458e-bb63-d75362c24f62	880
531cbeb9-0409-4dde-92ba-0a2ffb5b78c4	1172
53209bf1-8eca-4508-a036-eb2036d6ca1e	882
53224cf6-7939-46f8-be9b-fb1c0171e6d2	864
5325a4e4-2f9e-47fe-b007-1ff14aa5dc22	891
53287eb3-948a-456f-b424-b802648d01f4	1183
5329e4f0-71a8-4359-a12e-102a2cc66973	887
532a4738-e6b2-4407-9d63-d7548ba2eeb2	1181
5330b748-593f-4e48-9cee-7fdda3689bf8	1144
533611f0-de31-47c1-ba6a-ef36a9f7d712	1166
53380b10-6687-4f79-837e-ba2f7445f65b	1160
533b25df-9a28-4cb6-8b29-e65b6bfac976	1165
533e4d36-882a-47e0-be65-05bed7f6676c	517
53416880-ce3a-4959-8de2-29ce0aa85046	1184
5342e9f9-2ec5-4021-90f6-25d26e37c224	1177
534598e3-3341-47e2-9a9d-26dd631b42ab	860
5347bd76-d50f-40f3-af15-0be0702e800f	886
5347df0c-5b48-4a59-bd1c-adbf2f5ed395	1164
53505a1c-267f-40a9-8cd1-dc4203c53784	1186
5356e28e-7d15-4aef-982e-bca04fc217be	1185
5358b4b7-a373-4e62-80f8-e2676c3ecbbf	1152
535aa264-463f-4b9b-9c6f-20531ca964b5	1189
536993e4-863e-4a47-8d96-8bbb99314e1d	866
537dc994-c51c-4f8d-8d77-49b8ccaa08fc	595
537e58f8-7d9d-422e-b007-62d3237e44b2	1166
53892d02-7343-4a70-a5a0-4cfffdd3d78f	1186
538b34e4-acee-4cf1-8c3b-fe40ca3867af	1168
538e049d-4a3a-4708-afa8-afd615e625ff	1158
53939852-75d4-4817-83d4-4fe9ebe4e086	1290
5395181b-421a-47f6-ac97-b151576767cf	688
53987557-fbc1-4595-a8c8-958228d2cc9c	991
53993473-f1e1-4ef9-9a34-516aabcd07f0	1146
539ce411-c743-4ab9-8c37-6d500dd900da	1161
53a29113-8f8a-455b-85e1-e8b389a863c7	1179
53a333d6-522f-45a0-8ff3-3d754f9e3133	868
53a63985-9ec5-4ce4-8691-86913e24bd26	1180
53b0c0ec-f5cb-4e44-a359-29192a8453fb	1159
53b0ec40-8dfe-471f-9634-aa9013a0850a	1193
53b371db-d961-4bb5-a92e-e23016280ff1	1183
53b37414-c206-4a9e-81eb-4d735b0cc3f8	1183
53b61278-4465-4628-85f2-38ca20aae4a2	1185
53bb2231-a63e-47c3-9840-56c72d3c7fa0	1166
53bfbf73-7ce8-4549-bb43-a20940b9d66e	1186
53c074f1-1784-449c-ac72-99d60a3b168b	862
53c5c682-48cc-4e3a-b55f-10e99974378e	2178
53c7108b-6f58-4b1a-8a38-b2329fc00c92	1168
53cb7d37-cc8e-4024-9227-e5add52560b0	1171
53cdaa39-e4ff-42f5-b8ed-a0bb6fb4defb	888
53cdea35-00e3-4f7f-ba15-08e85c25c15e	1184
53cebe68-45b7-41bd-80da-0edb7fbbf520	1185
53d54cea-9ada-4187-8d74-9c08e41f4988	1191
53dab01d-c9b6-4a5f-98d5-b6d7ccc07c74	880
53db748e-36d5-4359-ad72-3537fd3e6fd7	1180
53de325e-2bdc-424d-86e9-13132f66316a	1183
53debb45-a03a-4900-86d7-6c36a2abe92b	1159
53e4f392-89a8-403d-ac66-15ef958da371	1179
53e71f08-3894-46ba-bb96-3261cad0f545	883
53e7d361-5754-41be-9053-f802065f5cf9	1186
53ed0268-a4a6-43ad-8788-79b6adc4a73f	800
53eded9b-bfd3-4539-874f-2be4eff0d4da	1189
53ef3be0-fbd4-474a-b1e5-e82f95fd0cc8	856
53efce6b-b1fa-4e02-b091-8bbc4d2385e3	1164
53f61ee8-eb79-4005-a497-1ca5166aad3d	1104
53f9a717-3042-4f93-8900-c5320c9c3b51	855
53fbc561-67ef-4672-8b0f-058a15e8d1b8	1162
53fcba0c-21e4-45dd-bb30-8ce75fc75fce	1159
53fd8178-d1a2-45cf-8f25-c706ba72f2a2	861
5400a581-233a-485d-812e-9b7f0e7ff6ce	1169
5404e2d8-328a-4a8d-b528-eb69ad22b1a5	861
5406b5f1-3951-400e-aa63-0ea8d3e29578	994
540af646-23d9-4871-9334-89613557e35b	885
541034d0-c403-487d-aa51-9c74b5f91f2a	1164
5412a2d9-8d06-4d60-88cc-07dc68d8b4e2	1164
5415af72-489a-40a5-9777-82d3d6a35fc3	1179
54199369-3f87-4b97-889c-2054a5d3a83f	1189
541a9c1b-c249-4317-b634-4920ee9284dc	1185
541b7232-a345-426c-bede-2e50c8d1524d	1164
541e16c0-0eed-450f-ada0-cd2b1a3f34a1	1161
5420081d-8abf-4881-b526-b965639e7e78	1183
54202e81-3a6a-40cf-ac20-2437df703c7c	893
5420b1a9-95fe-4ed5-891d-e8c00472de75	885
5421fad7-9a1b-412a-bb4e-8eee2c87cb98	1170
54234828-e627-4bb7-b8ba-e75352234854	856
542d140c-f05e-452b-9c0f-b81184909c20	860
5430489b-06bb-4a94-8c45-53435d550d1c	1174
5431c09e-9acb-46a8-b338-84e49b742803	1183
5438d634-7e18-4ab6-9720-44f61f8cbaaa	1157
544e43ef-edf5-4b14-9b0b-ab01828c851b	886
5455ff2a-36b2-4cc2-81c7-779002377d27	861
545791dd-2156-49ff-98c9-3485c849fa1a	1168
545a2568-7613-4485-90f5-9b3990be383d	1169
545d728a-c3fa-4ff1-bfe9-54255a99fa2a	1184
5469d92c-b13b-4735-b213-39f6ba20de07	1179
546f1800-b93e-4121-be43-690d9c0abff1	1163
5479c1e8-35b1-413c-8209-93c5d6d154dc	1184
54804368-066b-483a-b59e-3577931b590d	1146
54810db7-9062-4fb3-919e-075c5e87721f	1166
5487766b-3398-4926-b802-be907edeb47c	1551
548e85d5-55bf-4dca-9ce1-8cfa246395ad	1167
548f8ec8-0fc7-48fa-9ea1-6ea356a34865	1184
54905a9d-7617-4b4f-9d39-6e7474bcb4fd	1165
54990c30-161f-4626-b9a2-59258e091e30	1183
54a827c6-9134-497f-a1f9-81576b9d6839	883
54ae9ff6-3a2b-4feb-a5b0-b83b481ef826	1166
54bbdd93-497d-499a-b685-e59025cf859c	1172
54bd37ea-f855-477b-abc6-da4d88f6a2ac	1182
54c1372f-b1dc-4c1f-a5f7-da484d4b0e9e	883
54c634e5-8ac1-4a8c-956a-126977f53908	1185
54cb44d5-0d12-4ad9-beda-0acfd5cd66b1	1172
54ce520d-d65d-4ea6-9100-90731e822b6d	1167
54cead11-bc11-4b51-9ac3-86495581655e	866
54d11c4a-a9cf-4a69-bdad-245710f3b65b	860
54d379fd-6d8f-439f-bef5-6e98aafc1803	990
54d3ed59-8c05-4c81-a1ff-7982552093ad	881
54d735cc-5b73-48b1-a101-7e41dabf0766	881
54e903ea-fe35-4653-b8d3-b02b0ad04c41	1167
54e93a8e-d6d0-4c53-9225-8d2f1180378f	1167
54e9bb01-9d52-4375-b6c5-ac7f677af147	2118
54ebd4f7-90ba-4461-8371-99d4a92cf2bc	878
54ebdcc1-1e2f-4a45-88df-e65c369e8d97	1166
54ee1bf8-3612-4b25-b0bf-955d882aff78	1188
54f330f0-4e44-4d18-bb4a-b8cfa91c77ff	1164
54f813ab-b754-4922-be78-57aec96485cf	1160
54f9d412-60b3-41f9-9922-a48ffbe39499	875
54fabe02-998d-4cf4-872c-a6a878635f7e	1168
54fbcd8f-1162-4bca-81e0-6e97211dd8e2	1176
54fe52aa-3eb9-40a3-ba28-b3967bd99dc3	864
54ffdd5f-ef7b-4741-8322-8b129f8aa813	885
55015acc-1c77-46c9-9bb1-c8c52c00d6e1	1168
550401da-fe78-43b3-8564-87dbff1c31b5	876
55073af8-bec0-4431-abe3-31db5a691910	1162
550865af-c40f-4e35-9560-7b1477fd4658	1158
550922c0-3d8a-4c6b-9d79-ad809b67aeca	1036
550d98af-9f9b-4e27-bcde-71cf9d9cf6c2	1282
550efb4a-2879-4456-949e-399e60344612	1167
5515ebc1-dca2-4024-b258-7c7712d6c8f7	1179
5518bdec-3dbe-4fa9-b4cd-7cac39c36075	1168
551b260e-2b5c-4945-99a8-de24a8431c2f	1165
55255b50-1128-43b4-baaa-5996d48c7957	887
552fc8b5-99b6-47da-ab85-541c1d874864	1176
55326c37-f1c7-40cd-ace7-b208e50e0fe2	1165
5535d85a-38cc-43b8-8e33-1f699c99e56f	1167
553c7e84-8d4c-455d-b385-e17f62e35b14	1164
553e6d58-3121-4dc8-bd72-e618a38bde8e	1183
5540f06e-948a-4908-bea5-5daab7fdba20	1169
555fb229-0baf-495b-af2c-92315f13ebe2	859
556b72a8-50f7-42f4-8cd0-6b159d048ff6	883
556b8dbd-98d4-4382-b55b-09b6d59bd25c	982
5570bf76-c5fa-46fa-aeec-9ea79caa4d01	1164
55726c9b-0817-46e8-92c5-393a5374f343	1168
55740d38-272b-43b2-94d5-96acf8bdd239	1168
55750d54-93a1-4461-977e-1c11ba9e8bcd	1189
55795663-75d1-47ad-937c-38017848814a	1159
557c200e-0062-4ea0-a64a-61b09d288aa7	1815
557e6ddf-e80a-4b6d-917d-acfcbcc97cce	1179
557fffce-dfca-4c7f-99d6-9529b6e6cc10	1161
558106c6-7a4f-4d02-a5da-38e5259ee1fc	1183
55871b1f-4967-418d-b58d-39f34528a959	1183
5587fded-bf3f-46d9-8a21-ab1c856e91b3	989
5588affc-42bd-40f4-8efe-f18e87ccf2ff	1186
558c101c-8e82-4958-bc49-74a86da8ba67	1170
558f9c57-78a9-47c4-b979-ccc252e46ab4	712
5593e2c6-b075-4fed-bb22-14ef987bcae1	882
559e2c2c-cde1-4b25-9585-19c8f3ba7ce5	879
55a05e53-5497-412c-977c-eef5e00a6d64	861
55a56a7d-3c5b-489b-859d-502bd3614409	1167
55afb5d1-704f-4179-8b4b-975807a43ec0	1167
55b5c4ec-b409-4ca3-8011-b6689ccc7036	881
55b8e56d-2eee-436b-bab2-3d5b17cfce9d	1165
55bc452c-edcd-451e-90cf-427fc88fdae1	860
55be5406-059d-4729-b5ee-b185d4bc0772	1169
55beb1f6-93af-40d1-9735-4ac2053cd3d3	888
55c183ea-f6d8-424b-9a4a-5bb6c19ffdc0	886
55c30268-89a3-483f-8249-b850e96fb55d	1177
55c9e742-258c-41e7-a546-a7765e385523	1184
55ca1f18-7528-432b-ae21-630cd287025c	879
55cf3578-9bb7-4629-8d21-b1279ff08e65	1179
55d4732a-6ee6-4ea1-89c0-591283bc122e	1179
55d6234b-3466-4945-846e-d1ec24f13b48	1194
55da9f99-47ae-42a6-a1d7-e2f68d39043c	1910
55e12253-682c-42bc-aadb-855a31e93e53	1177
55e319e9-f4e4-405d-a139-da8b28e7f5e6	1167
55e684b0-7716-4278-bda7-9cab7036407e	883
55e9966f-2da8-4e4d-ba35-c26c856b467b	885
55f3d33e-3348-4d4d-b95c-84c0d29d6de8	861
55f62438-9858-437a-9040-3aa7634c5053	856
55f6c73b-9664-4389-ba3f-64347143060f	521
55f76f71-d214-42e4-a0f6-9374fc647ae7	1181
55f7d8aa-bb41-48d6-aa63-aa180e244be8	1164
55fac91e-7402-4398-9892-09210c8ec5fe	1856
55fcfb0c-007e-4fc2-9cde-e567720e7753	1271
56007ec6-b456-4caf-8c15-6e3bbe4b962c	1176
5601cf53-75bd-427e-9369-8ba9c19555f5	1163
5604e061-0ab8-45c6-b714-e0dacfdff727	2236
560685c9-cea0-4ad2-bf4c-bd06e881b196	1191
5606beca-67f9-4243-8366-55ebdb15ae59	1162
560bc16d-396f-4ef6-b7ec-6a70c4134933	1183
5613a7cf-7a33-405f-af4d-fb1bf9de8552	1169
56141914-769e-49ec-be9c-8fb5854de914	1171
56158f16-114a-49fb-907a-90d3d4843e4f	1180
5615a4c2-e452-47aa-8ccc-f047f9f434cf	1187
561c50e8-c38b-4462-a7dd-fdaebe84f255	885
561cc9a2-7fd1-4554-ae2c-c9719e27419b	884
561f533d-778c-4449-b203-a219ac1f0005	865
56223bb1-7113-4ede-a3d9-563affe07b97	1185
562a845e-c187-4275-8163-769322ee516b	1159
5632bccb-a7b9-43f4-88ae-b0cec7e8827b	1166
56355f5b-f779-4c08-8684-a5e389e9e386	575
563940b4-83a2-4c6f-b94f-ce7b96e1ed03	1166
563b900c-170c-4a96-8a38-fa5d46fd9d83	1175
563d358c-d353-442e-8833-99fbcafc45b6	881
563da0f7-fae2-48df-a3c9-5366635a887c	1196
563efe48-794b-4a54-af1d-e43ac422824d	1171
564a8305-6b70-4399-9ca5-a49b17a7c232	862
56504130-7f84-4faa-9f20-fc198e976df5	1183
56541d12-9513-42a4-836b-057dc48d92ac	1157
56547cf2-838b-411a-bd5a-43a28f86a60c	1185
565c9390-e9e8-4f5d-823f-8bf01206c9b6	1133
565f027c-d513-4b4b-ab90-d1d1f3f9fe59	881
565f666f-038f-43e2-936d-bbd02cf2b505	1157
565fd3c6-3480-4916-9797-1378142790fa	878
5661acdd-2ecc-4b97-927e-f1dd74efc547	1175
566451b5-2ebf-4aaa-bb67-e20a10549f95	861
5666f8f0-2e94-495c-8bff-6cdeb2de8ebd	885
56686904-19bc-41b3-bdd3-6368206de85c	986
566a9a82-004e-46b8-9c4b-0cc7fc96ce40	1187
567538d1-d68b-469c-b62e-c12e96eb92e2	1041
5677d51a-9093-45f7-bd7f-2b86e909e4b4	1177
567a379f-1d2b-449f-98be-6e9037c1d17d	888
567c9e36-2f97-4505-a3d7-73d4a49e7da3	886
5684f349-ec11-4013-9a57-e8f599278811	1183
5686a834-a6b4-43e9-82c3-9b80f0cb31a7	877
5690286e-5817-4498-a9b6-06369ec2ec7d	1168
5691d529-08de-4f7d-ad5d-a26d9beb9a5b	867
569314e9-6ada-4ef0-b47b-0666424265fc	1166
5694d262-e574-4fae-9dc7-5cc8dd4760bd	988
5695184c-32a9-4822-8bfe-c7d96aa9a99d	1189
569b9fcc-db9c-4055-aabb-4b2be968c0f4	851
569c608c-50e9-490f-9f0a-61148b87b2c1	1163
56a3c71b-fffd-418f-bbe4-a3cdde8de7eb	1160
56a9414d-4ff8-4972-86b0-95aba6ae5447	1168
56abaa0d-4734-4bed-86aa-a64fd1da2a33	1165
56b7f280-beee-4375-858c-7713a3636858	1183
56b7f7e2-3846-47dc-b945-d30b8ad1a972	1179
56b88d8a-98a9-4e6d-ac16-9a2ebff08daa	1143
56b9c0af-1b91-466f-9ae3-df05444ffd16	1165
56bd1482-b959-483b-a288-b01e376dc1fc	1188
56bf8aaa-efe0-442f-853d-4b0c961ec1d3	875
56c29073-52d2-4548-a595-39ffa84ba446	988
56ca23ec-6ffd-4cb4-9b4c-3c5ccd2333e4	1144
56cdbd42-b7b5-49a6-b52c-627931a7da27	1171
56d91986-09fb-453d-a730-b005c038b1bf	1182
56de8a70-4797-48b9-8764-7c30bdec1c80	1183
56e06b53-35c1-4a8f-977a-b9341a3e7235	1180
56e528a2-7cf8-4f5d-973f-14fc2e2d8ed5	578
56e7c429-5cea-4169-857b-6dd64e34decc	1187
56e94714-5446-4600-84a5-cd0ccbbbcc2c	1169
56edec27-81e4-43d0-8504-597b93d4156b	1386
56eef4b2-e12e-49a9-852c-d42243d04d48	1188
56f0ad88-afd3-4442-a758-7cc497f7d9c8	892
56f3c3b4-228a-4ca6-ab46-51efc2f4e77c	877
56f4da33-7c8d-4233-9bcf-d56f9991155c	1187
56fa206c-53ae-4eaa-85f3-e488b247149d	1166
56fc95c9-ed9b-42e2-a9a8-65e75fa2f701	866
56fd666a-4938-4ac9-99ac-4ff8bebb3612	863
5702b2a0-ff96-4c92-9161-bedf6cd99c45	1168
5703456d-6907-4a77-ad6c-7a073cbe74e2	1162
570a7af8-3097-406f-ad2f-f85ac8abdd32	839
570ae2a8-7343-4225-92d3-35bd4db0f26c	1174
571136e9-054e-4b9f-b03c-71f3500b5545	1160
5716c5df-5198-4619-8684-4290d2ecbbb2	1187
571ff6b4-4fa4-4ee7-99dc-e4f2f95850b2	853
5721da7c-bf72-48c8-b4a7-8b2989d2d134	1910
5722e923-73b3-4b21-93ab-04d149adee23	595
5724a67d-b1fe-4f0f-90ab-87f1e30d0e34	1159
572c40eb-9fa6-4e67-aa93-ff2d0aee9233	1187
5730dfaf-e84a-4172-b27d-b2e384a9f413	1191
57372e97-806f-4375-aaae-c8dc5252ba47	1157
573943a4-8ae4-4b5a-9d7e-a87fa90c0391	886
573af5fb-dd26-4d43-bc48-35334d159e28	1157
574186e2-9396-442d-a054-74597e2b039c	891
57474029-17e4-46db-9c72-6aa1b2676724	1202
574b430d-e00d-46de-957b-f6f7dfec3d08	1189
574f8b71-c9be-469b-a9f6-3d7568e8026b	862
5751f202-49d6-406a-bbcb-88a750e55d6d	883
5753aef4-253c-42d0-9cc2-8ed72f73492b	872
57552561-0123-42fe-bb9e-3df620a7d639	1203
5756e6b6-0910-422a-9645-cb7b00c489fc	1186
57585ee6-4d18-4120-a5a9-2dcee62661a6	1160
57592cac-66f3-4273-920e-80a5d995a4c4	1276
575e2e57-d446-4526-8e6c-0286dca1027a	862
575fd50a-09ab-463d-94f5-b5957331da38	1180
57602af7-85a6-42fa-b974-817c59cd4dec	890
57620793-31b3-435d-b8d9-e2431d1e25de	1183
576304cc-8ef6-489c-9c13-c36e4b30e348	1186
57633c7d-2a3f-4a6b-8885-b9991ac92a2f	1179
5766e168-8fbf-440e-8083-10aa1273e7f6	1168
576bbd8d-5541-4057-bca7-26df48f733ca	1187
576d9736-ec7f-4b39-9b50-b919e59b656f	890
576f31a7-06b6-4590-ac5b-13b94f070d44	1188
576f6ab0-dd17-4714-b48b-f16b080c93f0	1833
57707c2b-7c9f-480a-9a03-256a5dd539a8	1966
5771494f-6ce4-41c9-a3f1-9ccb6a8b0563	881
57746d67-033e-459c-97c8-9b930ce2f67b	1163
5775b847-ac27-4c85-ad9f-4e5d4abd9789	1181
577911d9-4967-49fa-a3e5-4169ed1024f5	1154
577a8185-d85b-4e60-9b7c-2a75ed17b3f5	1189
577d7e53-4f28-40ed-b616-fdbbfe3a7cd1	1182
577db793-fb7b-4cfd-bedd-49acc0a40992	882
577ea3fc-f848-426d-b996-86d44f2fa306	682
578106b2-2b93-423d-85de-a86dfe5016e4	1167
57878814-7d70-43d7-85ba-6001db39e4a2	866
5788750b-9a0f-4083-a19d-0ce39231e002	1166
578b54b4-c55d-44b9-b8b1-f9babc440e99	874
578ce4a1-5f8e-41a2-8326-8a4efccd2a1f	1183
578d363e-8e28-4b7a-a21a-ff77d52e9d5e	876
57905ded-3a69-4fb5-bad9-ecb2dc53d822	1160
57920e1f-b6db-4728-a5ae-88bc9741cad2	1167
5793fac7-fd33-4654-b54a-40e2bdcc5f0c	885
57967517-1a95-4ce7-9cba-89a757211641	867
579a199c-9599-4650-a87d-091c0197a68b	887
579e4f31-08b3-4385-beae-ac649444eff7	880
57a17dc1-47a3-4db7-ae6e-52066c8f7cfc	861
57a61a67-6528-44bc-9c55-d7e687127462	883
57ab8ba4-d939-452e-95ca-ffa157bfffb1	866
57ab97ec-1004-49f4-ad6a-b982d8918846	1161
57b105bd-630f-4920-8ce8-46e906475f65	1162
57b33713-d4ae-4d0c-9e33-1d9709deedf1	1193
57bdd680-0e12-4ce8-afdb-3ecb3eb5bbd8	1191
57bfd7aa-952b-4028-b142-a1b6043add09	887
57c2e474-7ff5-4e73-ba39-d0fc6d84c771	864
57c49dcd-0a3c-42d9-9514-b223cac142d6	854
57d7aeac-3eb9-46fd-a260-1d45b85e8c20	863
57d7f5d7-02d7-435a-9720-fbad4e5f8e4e	1185
57dbf680-614e-48d9-ba83-cc66a7a0a582	1188
57dc03bf-4393-476a-8523-d96276bdcf41	1153
57de299a-f33e-432a-bb34-097053b18012	1185
57e71287-9cb0-4459-a2a1-5296e7063163	884
57ed786d-41df-4b9d-9979-b88f21919abc	1187
57f2838b-f12d-4779-81e3-42e0946700da	1165
57fbbe46-e234-447a-95c9-f063693a0d79	704
57fd51af-042b-439c-a1dc-1747c61d97c9	984
5801e440-1bb9-4af8-a325-7d32871316e6	1189
58080e14-6403-4ab6-a7b8-001f1d32ee27	1164
5808c47a-17fe-4055-af36-45bba3465255	994
5809668e-3d23-43a6-97ce-b27855557a34	1185
5809a7bf-f5e4-46b2-9c57-820a9f792bf5	1165
580dd75a-f57f-416d-a01c-7c876313ad26	856
580fe2fc-a56c-481f-b2b3-ec855f92a838	1186
58101f9d-1546-4f1d-ba72-8786b1cdce95	1186
5811b526-1ce3-4030-b31b-b4706a35012e	1169
581c69f4-3845-41ed-9a39-4be34747d1d9	856
582543a3-8ec8-49d1-9a4d-32401a6a718f	879
5825842e-5d5c-4993-bd30-0444672a4f89	888
5834affd-612f-4c95-ba35-88b2e3d37abe	1167
58391638-e8a2-42ab-b5e8-889941f0c9cd	1165
583aa361-5ee9-4e2c-91d4-b228ad83a397	854
583f28ed-7b49-468e-8bba-a01f0195b4d9	1167
583f96fc-b78d-4e21-a737-81e19a8e86cd	1193
58400516-0683-4551-be94-73b445bd1225	1164
5841402f-1b57-4ce4-a88f-7f75742aed6b	1165
58471770-8609-4807-8c67-69810ac7c79b	869
584ec175-e75d-4b76-a919-4bf04340121c	1185
58542246-e2c1-407a-bdf4-cd477379620e	1187
58545248-5cff-47fd-832f-67d81b90b6d5	1181
58548e23-b010-417f-bad6-1bab4b9df82b	1190
585e0dc0-3742-429d-956d-49c2cebc211e	863
58633ab2-b37d-49e9-8bd7-5b9a32a9f39b	883
5864fe59-b7d9-47cb-92fe-79212ebd77d2	1160
586c65f2-1aa1-4aa7-94b4-92ce905c805b	1169
586d74c8-9adc-4642-98ad-e96a5bb8ff69	1181
5874b444-5d83-4a4f-9cea-993a058e8c46	888
5876031a-3a86-4e3b-912c-743c35493665	863
5878563a-dc6f-4931-9ee1-5dda701cc7cc	1181
58823742-239b-40b8-a359-3bbb82682a38	1181
5887932a-811e-4a4d-a3f2-0a845aca1728	1168
588c5804-0451-43db-a725-ed13788a0750	850
5892d58a-dfb6-4a2c-8426-08fb9ce8802d	1190
58a2c8f5-4b63-4843-a55f-96bdc9941246	1182
58a567bb-9b39-4b96-9992-76f32ac1286b	877
58a5d9b1-7308-456e-ab19-ea224c015644	1190
58a65e8d-7aa1-4bd8-a992-5cffa0e081ba	1150
58b5279e-2e55-4717-9b42-4e3022d5c024	1173
58b89366-d0f8-4869-84d9-95151caf447a	1170
58bbde94-c78f-4171-aad0-a1cc0c2c20e8	1180
58bd7a97-5b0d-4ffd-9406-ccf3a5e91f7c	879
58bdf0ec-032a-45b2-9507-32eb676bf0f8	1177
58c28840-dd3a-4a78-b61c-dc568a29764a	1162
58c3bdc6-b535-4606-b561-9157c227cf47	880
58c76aba-c852-49a3-b9cb-47660d2153e9	1181
58c78e58-109c-484a-9ad1-ab826557009b	891
58c883ad-114d-467c-9b28-3d8ed755a271	886
58c9c134-0e10-45fb-847d-b0f5f0eb8341	862
58cee82f-234e-4b5e-8f27-c6026793800e	883
58d113bb-8c7a-41c0-943e-eb20dac7a532	1162
58d359a4-f2fe-4e1e-9d18-20fa97e42758	1169
58d50245-b105-468b-b2db-bb212d76a12c	981
58d62133-3c23-41a9-95ae-e322a4f17af1	1160
58d8134f-325e-4ac5-ba58-3b196275a549	1167
58db1ad8-ad89-49a3-b4f3-14c936dd0ce9	1183
58de4036-4c7a-4920-a370-5514418942e4	1173
58dfacff-3541-40ab-aa8f-f6c48a04cd43	1167
58e09a79-0022-4002-a568-198e938e575c	900
58e57391-e8af-467b-9b9c-4e16840f7438	889
58ee117a-0b7f-4cc9-aec1-0ab74894aebf	1177
58f13bd7-5789-4782-b39a-a2838cfe6c81	1184
58f43773-a7f3-4cef-9d07-a7622b50a061	885
58f61818-0747-4ee3-9adf-673e7866e827	1167
58fa4850-9253-4207-b6a4-c5cff158a84f	858
590cebe4-89a1-4661-b28f-ea857ac68beb	882
590f2857-e1c9-4830-9900-971444ed9519	1167
5913d73f-d074-46e9-9302-e4a9a893931f	1168
59141d72-6a8f-4d49-b742-b27c6d759602	1175
592dcfe9-d922-48e9-af92-cd95e5b5fb95	862
592e9385-2e32-4f07-904b-111a163cf239	1184
5933faee-a913-40d6-ae9a-5cae67f9ca6a	1166
5937aa84-3528-4d25-ba08-a317a302085c	1078
5941d7e4-9756-4206-ae30-ea57e6d9178a	1189
5945abfd-74ce-491b-8205-3022cf8374bb	881
594968c5-56aa-4ef5-935c-afde18819195	1189
594a665b-bd5f-4924-ae27-19b36cbc1f99	1157
594d47e0-7112-4c49-80c9-4277409468dd	1165
5950c69d-15fe-40d5-9cb2-975b827b5361	892
5951b824-7ca7-4a81-a7e0-9fd26ec17ebb	1172
5953044e-afc8-4f7b-9760-619055c74c9d	1169
5953f6d3-30ff-440c-8720-6e52eb1dc6d9	1187
59556662-e1a2-456e-95cb-921bdeaf8321	2090
595901da-66ac-42fb-856e-7eac763ace98	1181
595e2055-07f5-413a-ab3d-2d0e3de20d4d	1170
595ecc28-b2a8-4cd7-9346-f8b2d11788f9	1168
59614104-fb50-4f46-a2f8-5a4814549bfc	1171
5965f1af-82ab-46a6-a45a-7ae6fa44c427	1169
596a3081-4bfd-419f-8c29-b38aa9e91602	1185
596ac4ff-367b-42c2-9865-3278ec545b19	1166
596d516b-7e61-44a0-a2e8-acb80a6c661a	1183
597574ed-30f6-40ac-b73d-32f6289709c8	882
597cd548-29d4-4b1e-9616-10ebcdd02ff8	1188
5981e8cf-1a76-4e98-976b-ad0058f3d4e8	1181
598227c0-b9b5-48f0-af19-999f4c3e7ce8	1159
598adcae-cbf5-4690-9448-2a851f695123	582
598bf300-fc64-4565-ae7d-50ff37282f60	1191
598d9597-f74f-404a-94b0-761c9aa0e9ea	1181
599559a3-5fb6-4e97-9aef-44293ec8553d	1163
599d5621-46d3-40c6-bbb2-ce4ef42afa09	880
599f0d7c-a773-46a5-8bb9-f9561d9038be	879
599f1602-2a69-43c3-bff5-f26adbdaeff6	1166
59a80060-639e-4a00-ac4f-b4a60d9ac41d	918
59b5023f-a71f-4492-add9-f0e079ba3aa1	1182
59bbb916-5beb-4c3c-9ee1-29cf259d1260	1165
59bcf500-abc1-4a66-befe-3a0de1887632	885
59be51cc-4c67-4ee5-8591-1687f11047ce	882
59be6b67-d21d-4c3b-a9ec-e1a50258957a	882
59bf6e74-0c2c-41a7-b78e-5c44d1e0d141	1149
59c03ef6-cc94-404b-be92-3e2d518f8947	851
59c10fbf-624b-4c71-bf8e-ea2c72e2552e	880
59c67b0f-ddbe-43a1-8c53-c68b4f7cd7ea	877
59cc2593-aa9c-4ea8-a38d-13a7e2fe9f8a	1174
59d013a6-085f-4798-9a8e-b4394a7981fc	1144
59d056e9-d25e-45a5-85f9-89da47b58a08	862
59dbbcfe-b2b1-4376-9c71-b4d69ddb463a	1162
59dc8406-86b1-4ba6-8d70-75551624f5de	865
59dfcab0-05cd-400f-b06a-38c38ae624fa	879
59e09ada-6364-47ef-8f81-f67e1f199fcf	983
59e16018-2d96-4967-ba67-cf851abaa339	1178
59e800f6-4840-4f0d-825f-2400a6dcfc22	1167
59e90878-4a55-407e-b727-cb81eede573b	1164
59edc0e8-8050-4367-b971-2aeb59a209b0	1167
59edc2d6-b2dd-488c-abf6-79c05ad74b8a	1185
59eed9bd-853b-4624-b904-5f21b0609e82	1162
59f621df-21c0-4b5a-a585-e3afa61b539f	2235
59fd27d7-97bf-4bee-8b8d-6ccb42af55f3	863
59fe8ebd-5a01-49da-94a6-10da47231a17	883
59ffe2bf-0e07-44df-9476-9045b162dcec	882
5a027ef8-1474-42a3-bd5b-f0575ce05d1b	862
5a03af22-5ab1-4a97-8f4a-bf0359259f2d	1168
5a04a5d2-1fec-4115-8f6f-f44688d5f3b3	749
5a0e6cf7-062a-40c2-96ee-5f4c8833be92	594
5a0f2c3a-86c1-4257-9ae3-9ae91808ec98	1489
5a119771-82f4-451c-ad18-d95341a28cb2	881
5a135acf-02f2-443b-bc74-10898b80a074	581
5a1664f3-1879-4995-898f-4d2cc50ac745	1606
5a1e531b-68f6-4670-a643-bea32b28abed	1170
5a21c61a-180a-49f0-92c2-ddae62ae6650	1174
5a244334-9fda-4366-a0fa-75adadc8a0d1	1166
5a252c67-a50b-4b32-b2eb-1986b13dee97	870
5a30f55f-00f5-4d0f-b3dd-92edb9a0c610	1934
5a336e20-abed-42fc-a94b-b6dddfd719e2	981
5a3608a6-6282-40e8-8c54-1bfe8d6a2a0b	1168
5a3988f4-65ec-4668-af08-df4b8f2eebf8	881
5a3990c5-b5ed-4f5f-9cb7-fbe55a6ebbfd	1167
5a3b77cd-07c7-495a-9bf3-c4855873940a	1169
5a3bdc78-4ca1-4b04-bc8e-7262bf9a4d72	1182
5a3ce4ae-e4cb-45ad-aa0e-3383d05dc7af	1167
5a3f9b46-4e76-43c5-a71d-1a1ff4864ef4	1182
5a40ed8f-708b-4b94-b445-84c9fbf25a64	879
5a42de11-a0aa-4c1c-836c-68961b19943c	1181
5a42f639-0422-4941-9ad5-f5fd565033bc	1176
5a451a97-05c9-4a79-bd5f-85ac59249983	1187
5a4928f2-9a43-489b-a9a2-ef7e01f7abc3	863
5a55f4b4-9402-450d-bf64-9b274e6114f3	1182
5a55ff0b-7669-472c-ba2a-f67aca8ea8e3	1406
5a57968e-1399-4fab-8bb8-a6317829a532	887
5a59623d-27b7-417e-84e0-386635994781	1166
5a5ec7aa-32b5-4547-8a41-288f4dfad534	894
5a6aca28-f199-44b3-960b-096d1972e424	600
5a75000b-b129-4197-a184-6af7379640e4	987
5a7b3da6-3414-4226-8d4f-93e74c861a6f	1182
5a87314c-c350-4035-ab26-dc3626879059	1162
5a8b8097-2a72-4cbf-96a9-f7e51b1c4010	1164
5a8f076c-9265-4e93-b7d8-402dbf08aa36	863
5a8f4d31-ca4e-446e-8615-691b17df8557	863
5a921c25-d26f-4b49-ae05-733cb334f5be	1186
5a9769cf-0d4d-47bd-958e-5df00faf92ea	1166
5a9cd255-4c97-4927-9283-d49563bad99c	861
5aa4012a-1e1c-4f04-b4ae-a6b70f91c5a8	991
5aa5bc3d-d1da-41b8-9b5a-d43cc5084e04	1181
5aa6924c-1fe5-4ff7-a958-c42523e6764e	1186
5aa83207-1424-46c4-8d7e-c876c9b02f57	1182
5aaa0f16-275e-40fb-bd9b-9488ddfacf68	887
5aaa66df-068f-48a2-b4a0-42861b052e37	1154
5ab5bff8-41b5-4dd0-ad56-e7bf7211d599	1191
5ab5d2e0-fc96-4668-be46-540335488995	1174
5abed1ae-5791-4e20-ab6d-45a50866ad0a	1280
5ad0147d-3cb5-4452-9c04-5491bbe42247	1631
5ad22abb-fd1e-4744-92e0-2bbfd64d346f	880
5ad2d1e2-92ba-4712-a9ab-9b47809b104d	1163
5ad6bcd6-bc33-43a7-80ee-facf1cec0c06	878
5ad7dd04-9b9e-4a89-a76e-be0178e9db34	1173
5adad2ea-44c7-4d5e-80f7-c467d8cfd472	883
5ae023ec-8660-43e7-9126-270bbb7551db	884
5ae6d7c0-2206-431f-a01e-3a14d60a4ec6	1165
5ae7c8c7-ef04-451e-88a6-4b826dca0a79	1890
5aed9e97-e73d-43a6-8316-610b07e9b417	1159
5af206a7-0185-4b63-b5aa-bc3e7dff8d11	1169
5af2cfbc-e87e-4166-8c63-2630c730e990	1167
5af351dc-4e9d-43f5-9c46-f4bee1e03eae	899
5af53260-f244-40d9-897c-ee872152fedd	1166
5afef799-f3a4-481d-ba66-2a3bde62383b	1165
5aff72e3-97f0-441e-a1b5-dbcd4eeae83d	850
5b001a62-9dd3-4e41-b16f-7fe8bfa21464	826
5b02765d-141f-4433-8b5d-6b0373bd6089	1165
5b042d73-22ad-46af-8358-d157ef748208	1176
5b0628e5-e9c5-48d5-b751-d1d6e11c0b7d	866
5b07f5de-2541-4db1-b8be-bb23c5aa1a74	1168
5b0b3bc4-2431-4d06-804f-3962f50c4d55	1190
5b10f014-d3a2-42d4-b21c-5f09c5b8954a	1136
5b12aef4-4886-4cc5-96f5-60a18929e5b0	855
5b165b37-f5e4-464f-99c3-f382160023c1	1188
5b16a21a-0163-43f6-a8aa-c74906911a00	1152
5b19a06b-448b-4bc5-b8ce-9c7cfe40e067	1180
5b1ebc08-040b-4c17-a6f4-925bde792e42	1180
5b229504-dd45-4f2a-9512-a3ece9857f20	887
5b2436e6-f007-4c06-bb65-5958e179bb72	1185
5b24c88c-469e-427d-9a9b-a72fa7d8d0ae	1155
5b2712be-51f5-4e99-94ce-25f582362c43	1182
5b279176-c1f9-466b-9f67-c25428ecb9b1	2236
5b27eccb-2889-40a6-808f-ca37b5228480	864
5b2a8b91-ed09-4fea-bfe0-f2fb82974adb	864
5b317cb0-de8b-48ff-bcdd-823b911e05f7	1184
5b339e34-8ab1-410a-886f-56951c5c6e96	1171
5b388d73-fabc-4242-b5a6-fa47a6233b6e	879
5b39bdd9-c007-4e7d-9abe-4d1bb42f2ea6	1180
5b46d3fe-64e1-4f4c-a3c0-2aee44b3d251	846
5b46ec8f-8fb6-40c7-aeb7-f1004823c35b	857
5b4a751c-ae76-43e9-a3dd-7bd1664c9687	1047
5b4d0e06-604d-4401-807c-c6246f61d4b7	1163
5b52163d-630f-4761-a18a-6f71c809917f	1163
5b5d2e81-5105-4d75-b4b0-94c3fc57738d	557
5b5dffe5-476c-4781-a71d-d6ddeffd9977	1194
5b61b239-f071-47fe-a24b-0f83e0bf3b5f	1140
5b6255cd-a885-4639-aaf6-39a5ae6d0975	1172
5b64337f-5ff2-4dcd-bf1f-c5eab9a9834e	1165
5b65020b-d7e3-4e01-a61b-64218df2048b	1160
5b6cd91c-438c-45cb-93f7-125c03d540ba	1165
5b6d2722-aa12-4f78-a960-79c54effae2e	1188
5b6ef6bb-06de-4908-9fcb-4cd0cd8654d6	902
5b7584b7-cb50-4e4e-b5c0-d0bad48fd7c9	1183
5b7821fa-6506-4983-b54d-5d2a7f39ff97	881
5b787253-6f21-4ba7-99ed-0153c039b8f9	1168
5b7ac850-f805-4694-81f2-d3394684995f	1164
5b7d60f5-39ac-4ce9-bb3d-f2dfb310ac13	1169
5b7f333f-a066-4e6a-b0c0-f97728cb15d9	864
5b812d8f-fab6-43a7-a2b6-4848792bfed1	1189
5b87dd13-5798-469e-b468-adfa374f090d	1169
5b8c3472-68e3-4283-967b-d1f7056decbe	1168
5b8e6396-b57a-4081-87ba-aa3afd236698	1159
5b910a89-9e66-4784-b8db-b63ccb30bef1	994
5b993937-1477-4952-b935-9e7b663749b3	855
5b9cd843-0ecc-4c0c-a040-b86f4c006d51	1166
5ba1b5b1-1996-43b7-a2d6-5baac8b79b8b	1156
5ba2300b-cf62-4cd3-8163-126132b29e04	1186
5ba5945b-408c-4372-83d3-a9f547c845e4	1186
5ba5ec70-50f5-4e06-856a-ff07f1f72a23	886
5ba852cb-12bd-4827-bed0-39521f14c294	1170
5babf4f8-726c-4426-a42e-c42dd1803dc5	1179
5bb333be-7d72-4f43-b5ef-8a5dedeec7a5	1166
5bb4f11c-3931-4b9f-8a3b-478e08d5be24	899
5bb5bfe6-b40d-4baf-a2ff-bf75f458a896	854
5bb70752-0633-4b9c-a4f8-38271290f422	884
5bbe15b7-873c-4ea0-96e7-3e0a0e229f81	1159
5bbf2408-1bb1-4244-8703-67c552f33222	1160
5bc1588d-8a2c-4a45-82b8-4e67703f33d0	882
5bc5d4c5-dc65-498e-bd84-f7249967f1d0	863
5bc6a0a8-e35c-46e2-a3d5-7edbb10b5a6b	1173
5bc6a0ab-77d2-4694-9d54-22387e9ad65f	866
5bcd45a4-f8f9-4a5b-9c60-02e67181995e	1185
5bce06fb-4a2c-475c-98c8-5c57186ee35c	1164
5bdf3869-d9dd-4d81-ab93-30812510b41d	1163
5be216f0-3492-4500-b9f6-5ad5ec8438bf	864
5be6a31b-2782-4091-bf7c-91987b2a2ce5	1172
5be942a2-997a-4998-adc2-12be1c5a1211	1182
5be9ff97-7dac-4a8a-9469-41be4466b5eb	1164
5bec0f1f-cd51-4f80-9642-6b692e2d8747	868
5bef6d78-d368-4789-854e-63c0507a818e	2209
5bf29916-b26e-4048-8f70-6df8a1d71108	1163
5bf8563f-5d9a-47b5-887a-0f7e344a8fa9	1182
5bf875c4-d68a-4b05-8c61-3eb8080d26f0	1184
5bf8be1c-3f94-4157-a2b0-4c994fcd7315	1168
5bfac835-8847-4e97-9fdc-acce529404e0	888
5c011668-3dd0-4a0c-8aef-984c88573ffd	881
5c069343-595a-4f08-a512-22f9a827c69a	885
5c0bd04c-c2b7-4828-b926-ff903f6dbddb	868
5c0ecc39-1f7c-4200-b8c2-f35cfe69ad6b	1164
5c0fb4ac-fbe5-4a1a-a049-9c3c7bc09bd2	1174
5c10c3dd-72db-4d22-aa96-cac396bed28f	860
5c10d30e-1be9-415e-82ab-d759fd3fff8c	1188
5c15ad58-29af-492d-9dd6-efdf597ddb7f	1188
5c16c316-c57d-40dc-bba7-2900fe4cc738	1169
5c178efa-5034-4b7b-8731-388f5e0d7b20	1167
5c1d0885-b5c0-4c8b-86a5-5a960965c3c0	1162
5c211266-667a-4be9-b0c0-697fdfa0e14f	867
5c257edd-069c-481b-a84f-1cf7c00c65ac	1690
5c278f27-8261-4214-8ab5-60c8b7154a26	711
5c2795da-eae8-433b-b1a9-2c83368e0d27	989
5c298402-ec59-462e-9808-7cbd5d547662	1152
5c2b233b-9c5f-4a7b-80d8-f94c21aefa90	1165
5c36239a-63bf-4deb-bf6c-ba4656d333a5	1176
5c3dd9b4-3731-4799-86c8-437f1c28d218	1168
5c3ef705-db22-4919-8d2c-866ffcee94ae	859
5c3fbc9d-1f5d-4751-84c7-84fbc7ad6897	1482
5c41f865-2c80-4e18-a273-1a63ba5055db	1190
5c48035f-60f0-4d28-ae31-a4d9ae46be61	1165
5c51e8ed-daff-4381-ae13-329f1afe7e62	905
5c51fac9-0e93-42cb-b980-3b1a9dd0a720	894
5c54dc52-960a-43c5-afde-2ee9759784f3	1188
5c5583e3-dc35-48fb-9595-df01f6d44870	1153
5c5c991d-cf65-430c-a2d2-a8f9520dba6a	1167
5c62a296-7514-4355-899e-7fbca51357bd	1179
5c6787bb-17b3-4082-9518-a1ecce755eb9	1156
5c6b92b3-ad5d-46d1-9907-12e7fe780086	1159
5c72778f-1f7c-49a0-bf1f-a24f489849d1	1179
5c74586a-fde6-46d7-bb6b-a37c3e281e68	882
5c779492-c7a4-4175-8f1f-8d74d75c781e	1183
5c7d79c3-e710-458c-b024-e6dc1e01353f	1166
5c82e008-c090-4f9c-ad4c-12794e1fa585	1167
5c8641e9-0638-4a29-a3b7-fff63d6f4069	1160
5c86c59d-ebd1-40d9-a8a5-ce1b8a5b7e2a	1168
5c8abb4c-bef2-4404-9fba-c57fb05e7344	1182
5c8b0e25-ffa0-4f49-908c-b672ac744f9d	885
5c8ee4cd-d9a9-4563-a50d-700dc5648009	1168
5c8fcb19-f93d-49e7-ab1c-08d09398fff1	1180
5c96688e-ccbd-4208-b46b-66d9358e160b	858
5c9c5e43-9aca-41bc-8f2a-00eaa6d8515d	886
5ca36d6e-af5f-48e3-bd33-5878b09c8d5b	951
5ca4c8f9-2e2e-4918-8871-4a4a899d13e1	1184
5ca738c9-edbb-4e8e-aa70-f57c9c8eafd7	1144
5ca8d449-f932-4920-baa1-b10f6efbdbe8	865
5caa992e-da80-4c30-b1ed-bd78765fcdb0	892
5cb11753-cca4-42d9-b16c-dd0bec48dfcf	1189
5cb3a15e-faf3-4da9-8f97-4dc26ef44fda	1168
5cb59ea7-3a5e-4996-b3e7-fd2378003d87	880
5cb99fd0-aa56-47ee-9341-8bf2c156ea16	1167
5cbbad2a-36bf-4e4a-8482-2faf167ed913	1179
5cbc1f77-1ecb-4329-b6ad-28a74da49f7c	1181
5cc29366-f26f-4a9c-8f96-e7f1179c9412	888
5cc53b4f-06b7-4ea3-af58-b5ef8a44811d	1303
5ccfdbd7-c888-460e-91dd-95f1bb14f505	1163
5cd330a7-7664-4cf7-b3fa-041f91601b87	1184
5cd8f66d-f2c8-4916-9936-bcd4e94be10c	866
5cda4f3f-ab10-4b07-bea8-280cfdf9b79f	1160
5ce14335-2e54-452a-b1a9-5a0179f37f2b	863
5ce3619b-202c-464a-bf98-622b9351f8a6	855
5ce5d22f-be50-410a-81b6-a2e23ab9e777	884
5ce92bc7-716b-4453-a973-3704f7d4d253	821
5cec10bd-94ca-4eb4-ba9c-bf56de42f384	1165
5cefa8c1-6e23-48e0-81df-14b832c013a1	1175
5cf2127b-c81a-483e-82d9-0ce2e9173e0c	880
5cf63cec-cc06-494c-9ef5-73111f567842	1163
5cf75e65-88dd-4ead-9c18-fe39634ca3b3	1190
5cf762b7-53c2-4f73-8e5a-298cff6070df	863
5cf8cdf6-1057-4daa-b7bb-f52cfb67ec38	858
5cfbd66b-a7dd-4e12-9eb7-2e8f846b3db5	883
5d02e197-750d-44a9-b91f-f4793da0ae07	883
5d0592fc-6d08-4b16-8274-cb7b46ecdfc3	1158
5d07109f-2fa9-440d-bfb7-e222c78b64c3	884
5d09f097-27e6-45b6-ba6c-159100568e87	888
5d0c6133-2187-4492-a4b6-cb90e23c4a26	1167
5d1dcd15-9c7b-4480-b3fb-c07253f6f954	863
5d2834b6-d0fe-43d1-99eb-88e2c2b20212	1160
5d29a773-d224-4ab9-821b-e217805c8f91	1021
5d2d19ec-608d-449f-9bde-3052261b843c	1184
5d308c77-b44f-4c3a-9992-b542895d13c8	862
5d30f4aa-a406-4564-8b4c-529021d4331d	1190
5d3376eb-7a45-4ac9-9094-f7d7a5810fac	885
5d3716a1-2b07-4b72-8456-c07fae9d9671	1170
5d37bb92-172d-42b9-8c4e-050cfc021ad8	1295
5d3b5904-924c-4e3b-a133-7470c93d2c2d	889
5d3f0699-ecd0-4712-ab26-2b85f3aebd95	1170
5d3f4a3f-42f8-463c-8090-7efbed5e0d1c	1469
5d43b6d9-5094-4a78-a597-346454754130	865
5d445f83-dcdb-4905-ac29-da0f32f8ecd8	701
5d45962a-df29-44c9-ad66-b20013c21d78	1184
5d538443-6df9-4b09-9efd-b7c2b098ce1e	1269
5d5737b2-6d90-44f2-8a4b-2b491f9f6132	1160
5d577542-b689-4350-84bb-24598275633d	1165
5d57ccd4-9490-4485-95d2-1fcca21a6f63	1193
5d5fd560-f471-4400-ae7e-61152c9f2800	1166
5d69b54c-efd5-4249-9cd3-c71b418e837e	1180
5d6c9b3d-4cc7-4159-8493-6fd236f8f1b1	1687
5d6d4a45-d451-4a91-bc51-c05b45cf4fc9	1184
5d6e8921-2bb3-415d-bb0f-2aedc23d8030	1185
5d7047f6-cf8c-40cb-ba3b-68f947188b3b	873
5d7ffb90-4edc-45d0-9e6a-b5f2cb88e8c9	1168
5d8013b4-59df-403e-9681-dec3880d77c5	1176
5d8430f9-2086-48a6-876e-efa3f1f88984	882
5d8b9fbd-b475-40ec-b093-867d87f3f21d	1302
5d8d31c8-7f8b-4801-9cc5-e13b35b6c540	1184
5d91e2fd-240c-43fb-b12e-5ccde725ec95	1282
5d9d7650-503a-46dc-a8e5-372acbf75aa4	1165
5d9d8a4a-39b4-4dfb-8181-c4148c9aba6e	1152
5da5e946-b64e-43a9-8cc6-33c57cd44268	1184
5da640af-2466-43a0-a98f-e2f92434e664	861
5daa3fe3-04b6-450b-b198-eefee3a279a6	1188
5dabb7d9-6333-48d0-8788-5106811b42eb	1185
5db45a4a-478f-4f79-b668-f31be6987dc1	1174
5db6c515-d080-44f0-a052-3d0da588509d	981
5dc380bf-eb97-4c96-af4c-7bc71b48834f	859
5dc3e202-c1f0-4f52-9908-9ea259a0f1e1	1166
5dc5ccbb-6e2e-48a8-a38f-e97c79e7a825	1174
5dc8d82a-47e7-4ff3-9205-1ed953786331	1159
5dd189cf-e974-4c9a-9c7e-90b7ea70ff23	878
5dd1e2d5-e545-4eae-abc5-afda62c4b0eb	870
5dd3372f-2410-461b-b276-f7716f20e1b0	872
5dd6f8cf-c453-4f57-9ad0-4c604963c7e4	1164
5ddfc4e6-026d-40bc-8f0f-961e2a76d41c	1174
5ddfd5f3-b357-41ce-83ca-5184287bc6bd	1175
5de1d809-e504-4deb-8b43-9550d07392b2	582
5de5184a-1204-4863-9ae1-dc7808791fa7	692
5deb4bc3-dc17-4f34-a767-a0dfefaaff38	1165
5defa645-125f-4c30-b1dd-e3b199d0c9ed	856
5df082d7-4163-44e9-a737-3bc7b4a1a824	1167
5df1bca5-0aad-4881-bf8d-136cbadef210	868
5dff0650-ba20-4ab6-867b-6a9bb2260b10	887
5e01334e-ac61-4b84-a90d-9c0dfdfeec0a	1173
5e028980-4ce3-441d-81da-55991ca56d9f	869
5e0569cb-28a0-479c-bde2-d90f5382e6b9	1186
5e0da4e6-d953-4bea-b9a9-e23b0d3b92f1	1866
5e11fb3f-3200-4434-bb19-b37c793eff08	1183
5e15a69d-798d-4e5f-aedb-42a8d2154b28	1161
5e18c0ec-87be-4336-8f49-729a9e81b82a	2290
5e1c1979-45e3-4f7e-9d7e-1fd2a44c25b6	1182
5e1fb9ce-e04d-48d1-b636-ff03f36573bc	1189
5e206a0b-62e2-4371-8823-0a216cc121c8	1206
5e208aea-ac5c-44bf-b842-b3b4fbb12644	869
5e223752-94da-4097-beaf-70bb64eab0af	1166
5e2929e1-62c7-49fa-8b07-9529467bf63a	1164
5e2fb5ac-1eb3-4832-aa54-8c7e4e3dc028	1189
5e30250a-5bd9-46d8-807d-a5eb97d4aa1c	861
5e390de4-d610-4cba-a0d3-44151795776a	1181
5e3db357-b8da-46f1-bbaa-3814bc592fba	1163
5e4bfe66-f1a0-45d1-84a6-16e88f16c534	987
5e4dc6da-ceae-4149-899f-f2ebeb4a2415	885
5e5025c6-ca17-43bc-ae48-448b61254eda	1189
5e525c45-3b8a-4676-a1b0-787fddb369af	687
5e52fb3a-18c6-400c-a9ff-5158b1e3cffe	1179
5e595e1b-bf7b-4149-8e19-c3993a82bae9	1183
5e59bd44-721b-410c-9fc6-3e1ba1fdbc72	1159
5e59daa4-6fd2-40b4-b97c-68ae58a8bffd	1162
5e5b5072-2b11-4088-9fd0-e25e2abcc6ae	1194
5e5c8eef-ea60-48c3-812d-eea0722414e9	1621
5e5f29a7-c96a-4479-a02f-d77219ac336a	1180
5e60f59b-d761-4253-bd23-36aadfe2b379	1164
5e6316ab-88c7-4577-932d-2578ce267ba6	864
5e6e5d10-4eca-4293-8636-d516caa667b1	1166
5e6f9e19-1f6e-4b84-a451-a5eb1d994dae	1163
5e73165d-f203-4131-881e-bdc5716e4937	852
5e7b6b41-ca6e-4871-b512-eee0a9a41935	2219
5e7e5ea3-4de0-4b49-aa9f-23187e3e4b18	1809
5e7f20d9-1f30-4d9c-b595-68728a704582	1422
5e831d8f-67be-4385-b955-c44bb0d42399	1165
5e8780c7-b80f-4cac-a605-138a6cf50a0c	1187
5e90a801-d465-490a-8567-b625e6fbcd02	1168
5e9452d8-77c8-47cf-9611-a94da95219bc	1161
5ea166cb-fc57-43ca-bdde-98fe6e7c6cc9	868
5ea7afc4-cada-46d2-ad9c-15ca6cc18aaf	888
5ead71d8-30b2-460a-9230-bcdee0bb69f8	1172
5eb3e9c7-0c1a-427c-b060-e1785a7a0748	1174
5eb5517d-f687-47a0-9485-ca2937cc4ec9	1188
5eb6c0ad-29d0-4d1d-9c45-a53cd14404c3	1886
5ebccf08-5cb6-44ce-93ee-05c512fd40a3	1188
5ebd14d9-13b1-41ec-9ee8-3c046c37361e	1166
5ebf96b7-1876-4c6f-9a10-d7a495cb23c3	1178
5ec01b06-991c-4add-be9b-64b0bb7d3d8a	862
5ec2b2cf-78d2-406a-8c1c-869205e9904e	882
5ec63382-6836-4fcf-859b-680686fce297	1184
5ec67491-083a-4f16-96ab-9fe0a9c4df69	1165
5ec8f79a-0f06-4c85-85e0-3ef1f7b9664e	862
5eca906f-83af-4110-aa98-72242af4b87a	1168
5ecb4ea0-c715-407a-b33c-309c689d6041	1190
5ed0abd7-6f3c-4cd5-8c75-d714ae6ca404	878
5ed11ff5-379d-4105-8bc1-36799adbbe19	1161
5ed204fb-631a-4924-bbaf-a5846672dd1f	1147
5ed5c844-9d03-4441-957f-1554cbf5a884	882
5ee2818d-d417-466e-a796-3b8afea0e77d	1167
5eee1e23-0d26-42ad-89c0-73f3c2a00771	865
5ef2a42a-77d1-49aa-a215-429213c0f7f7	1153
5ef64313-0b0c-41c1-866e-6a18622ab776	601
5ef6da28-3745-4f96-8e7b-10acf006e943	1180
5ef889ef-787e-4fa7-b049-cc93952aa8e6	786
5f00e9ff-d592-4277-9067-62c4e7235fb9	1179
5f045c98-f094-42b6-8491-49dfbb76ecb4	1169
5f047a6b-18fc-40bc-9ba2-38cd73e17dc4	1165
5f08adf4-9787-4444-931d-322f24ef6cef	989
5f08c151-8625-46f1-9693-aeac601c147e	1165
5f0bdc4c-866a-4955-81b9-adec8940f8ce	1038
5f0db0bc-af3a-432f-827c-ce9ff4813eb3	1182
5f159b4a-7baa-40b9-bdfd-0b5ec389f196	859
5f181f61-ea91-4fdb-9964-121270b5480e	1161
5f1e73ae-d6f3-4a44-9838-7accc89e1fa0	879
5f281948-1e1c-462d-8429-3847880523c3	885
5f2c0c2e-3635-4813-b38b-6134396dd288	894
5f2e0c81-84ea-416f-be3e-e044fb03f150	880
5f3c385e-86a2-4f1e-bef2-8ea9acc98714	1308
5f3dabd7-3180-4dee-acd9-ce70eb97d4b2	1184
5f4444a4-cbb7-428a-9163-1a1a92205534	883
5f4610ea-53bc-42f9-95b0-ded71e1ba06b	859
5f4e0acd-c476-43e9-a398-faed4db750ff	1166
5f505ad1-7790-412e-ad2d-cc821ce09481	1179
5f5198be-85f4-467f-85aa-6931a69c865a	884
5f53d6cb-31fb-4593-a840-0b205d1eb603	1182
5f54b7a4-80b5-447b-8e9c-c900751b33fa	1167
5f56b630-066e-4a1d-988f-25c7ef3604c9	1194
5f5c1622-a2ee-447c-ab67-346109b570a2	891
5f5c6f64-f4e5-40e9-94b2-4c3c2a9c73d3	879
5f5e5c35-704f-4577-b0fa-ce7c69f08cc0	860
5f6451bb-1c88-4321-9fab-fc95f4203f50	1183
5f6be9ee-b9ca-47d2-a04c-9d43266dbc9c	547
5f6c192c-076e-4fa8-acd3-bde550c14235	1162
5f6ef2b8-7f75-4dcf-843d-636d677a7397	1167
5f71d041-f86a-4a3e-903c-13eb6b4c979b	1169
5f74bb6c-36f4-4b3e-94c1-481bc889c92a	1179
5f7e6465-9cb9-493b-bde8-89cbe71a428a	1167
5f82d26b-f979-4dc6-9437-f54f735d7349	1184
5f863737-2124-4000-8922-b805cf9f2eba	1187
5f87bfdf-7032-4fa3-b6ee-09a49883853e	1179
5f89690d-a345-41f4-b22b-05f56c0fd329	1170
5f89d51c-afc0-4d84-9e12-a4a5495b8a31	1192
5f903c48-92ad-490b-bb46-1ea83d4f1466	850
5f91cb4f-1ea3-415e-87db-497b5d99a9a7	1093
5f9689a7-9558-4e8d-a74f-050898087067	2188
5fa10334-54fd-4e2c-b27d-f532a6b09ed2	1164
5fa196ec-f42a-45d3-955a-13d12f4d15e0	1172
5fa2d552-ecf5-4d09-a626-61e735ea3697	543
5fa9dea4-1de7-4a11-95d3-a517bfe85544	1186
5faa192a-58ce-4c16-bdcd-b819a5bc8450	1187
5fae4107-bd16-4c1c-822f-01ce8519a54b	1487
5fb98102-6fdb-48a7-addf-dafdf9446709	943
5fbac96c-4a1b-4290-be55-f8bc77fda168	1158
5fc11a27-2988-42b0-9abc-78d5d089c7c7	877
5fc3d025-2293-4650-bdab-7a1da69f4147	1187
5fc506cc-3518-42ad-8cf4-b1c6ebda86d3	882
5fd19b53-9c47-44da-ade1-e1e1a168dc36	1164
5fdc2579-f54f-4143-a689-2c9405a5da77	1187
5fe9a802-404e-49b5-b72a-ea873a0ef8fb	1168
5fee8c75-1df6-4210-982b-b18833028565	887
5ff062d1-b40b-458d-88ba-114c8808ab97	1185
5ff2dce2-c167-4fca-b2f1-9093cabb03d7	1178
5ff58b8d-c66c-4e63-aecb-57bab2825cce	993
5ff7699c-c0b4-4854-bb96-27263ed19d5f	1190
5ffcb2b6-511d-49c1-9418-0c7a1f557593	856
60022689-514e-4551-8609-c4308f73bdfe	1182
60028a0f-db65-49f9-a21d-00eac9ac7737	1188
6002a665-b04f-4e90-b5b2-1c5f01414b1e	1191
60053c75-2b54-4bcf-b833-cc248aeea1e8	1168
600788ad-bc4e-4681-bc97-5886dabbfac6	884
60079376-1d31-498c-b717-a836ba9c2566	861
600d85d5-4881-4518-b607-d6e37fc09c2d	2352
6011c6ab-97fc-437c-891b-68ab0a2a1c9b	883
6013b196-bf0d-4c32-bb0b-10890f1f0268	1478
60151350-5ad6-4d6d-80c6-b7b8384314f2	1167
6017f66d-7116-4399-8631-a0e69d3a2f12	572
6018cfb2-2b0f-4eb1-8032-4c27c85be6d5	884
601af9cf-35e6-4c32-b7b3-b14a3213ee23	1166
601b37ba-2366-4aa3-9450-3f31286f617e	1169
601bb9b2-d88d-4753-a101-334698598eb5	873
601d784a-e2d1-4eb7-a281-6e9c99848a01	1172
601f4b68-d125-4aa1-a95d-cd5f36484a3f	547
6022c3fb-fefb-45e4-9299-71f07a9b6c30	883
602d24e0-479d-49c1-887e-3c80fe51b5c1	1159
6030030c-d335-4613-9de5-264ace8815ec	1183
603f688f-e814-4097-8bf2-c642a33f79e2	1162
603ff487-e4dc-4cbb-b724-bdcb1baa3bb0	860
6041b372-b9a1-4c60-abf4-a1db73f59294	814
6045eca4-1fb5-4259-8701-38133d14fca0	1186
604b9532-7c65-4747-8882-f67b694ab909	1166
604bd53f-7375-478c-87d7-8fe1cff63de7	1170
604f01cf-b519-4592-95bf-eb1b61d78001	1185
604f1dcc-981d-46ad-944e-a6d9181f801c	1174
60563c00-fe6e-4fb8-9d18-7228dbf43cfa	1167
60565b90-c453-40df-a06c-028bb40ffe1f	2233
605aae32-bb5f-47c6-a9b8-a88798a6cb43	1178
605c4592-7500-47ab-ac0d-2bcc67704c33	1182
605e18f6-a982-49b4-afbf-b906edd97dea	1183
60629e62-44a6-4acb-8545-d0d7b91a921a	1186
606f6048-8246-4496-ae7f-58b0463ea291	1181
606f971b-bc9f-4c85-beeb-768910d4a5f6	851
6071e040-5aa0-488a-a3bb-2567a0358efa	1184
6072498f-ab40-4c55-afae-dfea59b773ce	1169
6072af39-5586-4ee8-8e65-b2b040499a0d	983
6072b6fc-5f7c-4b33-95b6-89c03b8dacd3	1173
607381d8-05a1-4691-89a1-25d858f7680a	893
6075de95-1500-44e3-ac8d-7a9441a8fd5f	857
607c5611-4e38-4cde-a84e-133af3b51434	885
607ef187-ec71-470d-8603-becbc6b97e54	871
6080c14d-c849-4933-bd85-b7258f796cb0	1164
6086206b-1d35-483c-9d30-443f309dce8c	1191
6086f787-5b8a-4754-8a70-1625568236fc	1182
608d1f25-27bb-463d-b881-d900119f92ac	993
609156bc-2ae9-4953-b01b-8a4002ca9248	887
609c1d53-2942-4eb5-99c0-6934ccbd07a3	1184
609d90fb-2971-41c9-b7cf-360bf7987943	1185
60a339a1-3d28-4270-8314-82d036797a87	1164
60a54e93-a6aa-4a6c-9a95-750df57c4492	882
60a57817-ab12-42ae-8430-e0e6fb18c25d	1145
60aca25a-7631-4348-b0ac-6d8655bc6fb4	877
60b2985a-e3b6-483f-ab6a-7113040f1ee6	870
60b2d3d5-edf9-4975-ad8c-41c5fbea522b	1165
60b949cf-0448-42a7-9e4f-b97e06655ec1	859
60bb09bb-0b16-4f70-a105-8ff28f03504e	1194
60c2e491-b895-4630-87dc-5a69a8620eb0	871
60c701da-3379-4ac2-bdb6-eefe231867b8	1167
60d88304-4af2-4ebb-9527-df23236d9fee	878
60d8d2ad-50b2-4efe-b806-abccc9342266	881
60db92c3-98cf-4e10-ad15-c57781795894	878
60def0a2-5061-4b79-a2c4-5b6886003e0f	888
60e5ded5-6029-47a8-9acc-ff485833b65d	862
60e5fa7c-4a2d-4ca1-9448-4c6c4cb147a9	1166
60e8fa7e-7a7a-4a4b-8572-90ba5c201667	865
60ecdedb-c899-4108-9c4a-5f9873a661e6	862
60ef7d3d-ce60-4d36-b124-1bd5d243de82	1181
60f0e4ea-e470-4060-99bd-1f70b7ced413	1169
60f23cec-abf0-4558-988c-cc477b1e2c32	1161
60f8fceb-121c-4eab-82d3-a8987c81d60d	1151
60fb7310-03ba-4184-8938-27d900fe7cc6	868
61064a7d-c466-45ec-bb72-f4ea91059223	1175
6106d78e-c4f4-4ba7-97e4-9bf4eb343dfb	1610
610c3246-abf6-4806-b4ab-378964b35e22	884
610d7303-cf71-488c-b246-3f2b796e5555	883
610d9450-c313-484c-88a3-7f62b3143479	625
610f6fb5-f035-4193-9528-6bb035afdc59	884
61121389-e0df-45fb-9e9f-eb34a78a0e55	1172
61166ab9-bac8-4271-8a6e-ce34732b875a	1754
6117c096-5e4b-4599-97a5-bf35924ec30d	1185
611bc519-9b1b-4837-a2e5-451520bfb88a	1166
611f8a62-e265-473b-9c03-3428704161ea	1182
612218f3-206c-46fb-aa49-c6f2f50ac2d0	888
6127cd9b-f271-4729-8af0-4a9d59594e05	1163
61337d75-c152-4407-b0e5-7fc3ab3ecf24	1186
61379f54-fe64-497e-9fbb-c6199c9822ad	1188
61381c47-129e-4d18-af90-4d8a91bbaaf2	1174
613ee0c9-1e6e-4b92-b72a-dcb480337705	1164
61405825-4f9f-4fd6-8432-087027930728	1183
61413121-bb30-450f-ae87-8f30ca3ceafc	1185
614134a3-8a1c-46a5-bc76-cd8249bdb673	1176
6144bd3c-1460-4faa-bf4a-f10f1be27439	883
61463047-b91e-457f-9c5c-d78e967742ae	1150
6147d49e-8848-44d5-bfca-b20c5074850d	1167
614f4185-abc0-485b-b4b8-8a2584000962	1170
61502b5c-a271-4462-9d60-0b812c44e185	891
61518613-d5a1-4284-8443-26ee0d4749ff	1160
615a0a67-4457-40ba-a7a5-8a98274dcf5c	1165
6161f3b4-1248-45a2-95bd-c52c8f5ba40f	791
616267a7-e96e-4414-834c-53de913564d5	1155
6163b6da-fe70-4510-9e80-0a0cdecea637	886
6164fde6-6550-43e1-ad3c-56c5ce6eaf90	1186
6166befe-7330-4f0c-8b89-98f5e5bdc9c9	879
616c15e6-04f3-4293-b9bc-0c9ccb8e2ca0	1185
617166b1-462c-4a5f-8c37-3b7ff7289e1e	987
61717250-f4f3-4a6d-bd4f-442c30c1eddd	887
6173617e-103a-4307-b6d0-aee2a27c71d6	880
61737008-eae1-4261-8557-8882e19a6a3e	1162
6173d3a2-0ec5-4633-8b13-c438d69494d8	1188
617811c3-9f44-473d-a084-a4c1916b3a47	1194
617dec1f-b702-4673-a408-d9ffbfe35ba9	1178
617ec036-aed3-4c13-9f27-44721bc87c4d	1184
61811eb9-c7ca-45f7-bd0c-4cf3dc973d1f	856
618e09b5-e2d3-4db6-9ba9-f9f53a2fcbff	860
618eabdc-5d19-409a-b62a-c56fff8ad356	1192
61915273-6f5a-4209-b061-a30070710d75	1677
619a69f4-aea7-413d-846d-4c9cd7613960	983
619e0be4-1de6-4607-ae31-210351d8f5c3	913
61a32992-9d7c-4793-9b6b-dce5980f2156	863
61a60627-e4ce-49a1-9dd2-877502110a4e	1165
61a7d5ce-2396-4e32-aafb-e1b8f7a8a5b6	1172
61a88f24-1bd3-4971-8238-231108911797	886
61ab691d-704e-44be-9ba1-1002f400318d	1183
61ac0d43-3bce-4121-b989-f7754b5fb946	879
61ad5661-d4e4-4eee-a275-3c7f8a51ea49	885
61afb4e1-3204-4e13-8a29-78a55eb8bd90	1179
61b0422e-075d-4bd8-a644-99874425fb3a	881
61b0953e-30c2-44b9-b6d5-2bf4c7feef2e	1160
61b1137e-b058-404a-a29f-0b8e420954b5	1162
61ba69aa-531b-48cc-b603-22ecbf491afa	859
61ba9d94-e2a0-4d94-944b-c83ecadfbf66	1178
61be6efb-6f18-4b49-b8d9-b7e94e2e5aa0	1183
61c8aed7-a02f-4fcd-9350-46902c206c86	885
61ca9924-cf93-4a38-8e12-4c4a095fce29	879
61cab200-8b3d-4f0c-9adf-ad705546d6f0	1165
61cbc06e-c7a8-4efa-bb1b-59412f433542	863
61d50105-92a6-426d-9e6b-06733d6b5eea	1183
61d5ea36-601e-4272-be4a-cf1c1703ccd4	982
61d64078-6ca3-4dd4-9cc0-a21e66f66464	883
61d7dc3f-d53a-42d9-8bef-338deabdb090	1172
61d835f5-1827-47c7-99c0-98338fa3c7b2	1180
61d8a46e-feb4-45a8-af78-cf21217a3e9d	1184
61db5beb-8796-4af9-b31c-a95242ccde51	1157
61ddc187-ce57-4a48-9448-be196745ae9e	1155
61de5a24-b76c-4ba0-b2e6-1764a903306b	884
61f84c33-2e1a-439c-8dce-0ba1804053c1	875
61f95bb3-df74-4cbb-b318-7736b5236a17	1166
61fb73cb-b8f1-4515-b788-0dfd28ec1f85	2031
61fcc865-02c0-4262-819d-06ff3f2115af	883
62010ce5-2501-4da9-895f-37e79b3b1bb9	1164
6202f59e-98a0-4aa1-9c2f-8b66d8a5c733	892
62055198-bbc7-49c8-9584-14d06f31e0b4	886
620bc621-0936-42fc-ad18-6fdf06221005	1188
620e16ec-a773-4029-aa72-e93fd213ce78	852
6210cd00-c14e-438b-a9a6-6c1ca5d26ca2	1288
6216ff0b-fc27-4e81-84c2-d7693471b55f	1166
621ff58e-0bac-4bc2-8ebc-2d23f8e62204	879
6228fd73-167a-4669-b675-30337b2c0408	2063
62291acd-5ce8-43ee-b20d-53f6a933a28e	1194
622b1283-b37d-4492-a1bd-0bb405edd8b0	1152
622cd8ca-a2e5-4de7-981b-690a5509abb6	1173
622e33b8-a604-4cb8-866d-8cf3d26ac247	1170
62363ecf-87bc-45b7-a8e8-b347d0e51235	1182
623cb122-55cd-4aa1-acfd-29f2b18d80a0	1180
623e0d9d-c4a1-4d8b-9fab-ad2a88ec764c	1176
6249cf9d-8e0a-47ee-bd2d-1f8f74f83da5	884
624eb102-5b4c-4b18-9b5f-42c776914e1f	1168
624ecda1-0bf2-4518-b398-cde12e3821aa	1157
6256ecbb-44f3-4dd1-8330-20ce712cc5b1	880
62574a8c-6791-431c-9a09-68b94006d885	856
6259854f-285f-4c5e-9789-891aa131dfb4	1189
625b2216-5766-4a5e-8149-6b5959d64eca	1181
625e725c-406b-45e5-baf5-dc053424541f	883
625f6dd5-8926-4441-a24c-baa6f967ae59	864
625ff478-c909-4406-9f5b-d8b9badf9755	1170
62624aac-833d-48d3-9ee3-8965a11495f7	1180
6269028b-7ca1-4553-9d1a-8d6b000356df	1186
62698a07-be59-4d8b-90f1-96b3baf31594	1178
626efc8b-9e9d-4206-b8ed-0cc84d5e2302	874
62751a5a-f2e1-41ef-8a68-a2bb7dc43ca6	1186
6275d890-83ba-4eaf-a25c-26b23fb65209	1161
627682f2-0501-467d-b06f-4b331c792234	872
6277ea34-a494-4683-a83c-54a3221551d4	1163
627a9aa7-188d-4248-91f0-c5266aabc79b	619
627d3fb1-a8aa-4b41-925d-4477c4930751	1186
62825a4f-ef24-4aea-a6bd-5d688ec559c6	1185
628af98a-7195-4e2e-9540-a350b6f31543	860
628f14af-e2c3-4dcd-b68e-656c26546089	1163
6292128c-2946-4b4d-a202-7ed8537f6279	876
629250c8-7084-42c8-b6b1-547f34909212	1171
629337e9-e83b-4953-ac82-7111b266e8a3	1160
6294c153-d2e5-4043-8dcc-dc880356ad0d	1181
62975f9d-adcb-4f17-9ace-160bbf32f4c8	1167
62a2e60f-b4e9-4e4e-b181-18d51df77a6c	861
62a493f6-f127-4244-984b-c2572aa3fe6e	1164
62a892ef-4a60-4820-b83b-913e95f81e4f	1195
62b538a1-9d0e-4a57-a297-fd8d71a74e6b	712
62bb106d-3c2c-4ead-bd34-8a1a13ea3dd9	1170
62bcaffc-b3bf-42f0-833b-df38785189ee	862
62bdd8e5-c65e-4870-826d-d6110fa9e8df	871
62c04148-60f3-4f9c-9bdd-383e2ccc6997	1185
62c58258-4a90-4831-b365-f335aa6e694b	748
62c8d4af-9088-4932-915b-1645afc4dd32	1410
62d66bae-5f81-4dcc-aa95-6be803b1e877	1186
62d6e4db-ba98-4b85-94d2-d194431d6442	1163
62d94e18-8d0b-4605-a4f0-94e8df0c9528	1163
62de412b-1803-4ecc-8da4-6688a9c9fc4c	915
62e220e8-7033-420a-8f5b-29e2b9f09202	1184
62e43f83-44ec-4ed9-bbae-9b59fe9fe422	1163
62f0dcae-12b3-46c2-920d-9791dd714dde	914
62f4b4df-15bc-4056-900e-ef840277b48c	872
63011f1c-eaf2-48ab-84b0-8557677c34bb	883
6301d452-9ebe-40af-b55f-cb58526d33e6	1861
630302fc-dcd4-4b75-adab-72b34f9c12d9	1181
63081fbe-7ff5-41d7-a923-3a16db9189a6	1176
6321275c-f2f8-4cf7-bff3-f0f9018e2c7a	1178
6322358d-ebb2-4369-ad7d-4bd46e007990	861
6329ef9d-17b5-45ae-840f-ea4a3dd61099	885
632cf290-4b67-4422-8965-603a3887d3cb	886
632e794e-9b1b-4f3a-b66a-1d4b71d122b9	1172
632ef68c-cdcd-444c-9721-5faf39b7211d	866
632f41a4-264e-4d4e-b89f-056a2031cada	1183
632f6bda-b0c5-4f61-9b5c-6939f3e29361	876
63350cd4-ee16-4439-a8b1-e7ebea4beb7f	883
6339538f-f7b3-492a-8482-03d21b964185	1173
633a5051-30c6-43c2-81cd-1f807e009bab	1159
633d4abf-4fa2-4a05-9e59-0f51da98239d	1166
633e43ef-0cd2-43b6-a7e7-5fe27572de20	1179
6346ae70-437d-43a5-9fbf-aa7171a3f243	1953
6352da29-c9a1-47ab-9414-42f0bfdea692	894
63552b14-6f89-4834-b736-068006eeadcc	866
6360b1bf-c1a6-4a13-843e-8e6bbc2e70c4	1185
6366e836-72fc-4d31-8b8b-6564268cfa2f	1183
636eade6-adff-44c3-8328-0c361fc887b8	1183
636f66af-df27-49e0-8fd6-60547980abbb	855
63715d86-a915-4283-bd1a-99ac1c850f3d	1155
6380ada8-6ab9-4d89-b08a-1a752aa339bf	881
6382f354-e808-4d6d-ac2a-ed0998d3f328	588
638a0123-f816-4350-ad57-921cde63fd68	1153
638d01ec-305f-48c6-84f4-0672044ce9e1	1181
6390b077-6434-4d76-9903-caee3c45f2d9	1176
6392ae31-73f7-4aba-8736-f67bd3ac2c23	883
6393ac09-f751-4c98-93f1-e99f59e59ac3	988
6393f40d-274b-4249-8f47-be951ed8b98a	1163
63960cfb-1915-4228-9961-d2b352cd67ac	1182
639a9b4f-a6b1-4249-8c4a-c60de8d43fbb	1187
639bcd93-ec62-45ba-a6f4-6568bfc8ce74	862
639c09a4-f16f-4095-8996-3fa1151dea3f	851
63a20d61-af07-4a47-b4b7-aa754a3d520e	850
63a6342e-8e52-4358-bfb6-a7d32de21940	1181
63a7f4f2-c7ca-470c-9fa7-adbde6a21201	1184
63ab332e-7108-4d9c-b869-b2aa6a24f3e4	1212
63ab8c7e-0058-4916-894a-65311ee0c5af	1180
63ac08b9-859d-4e4d-8242-4cab3fd636c1	858
63ae696b-9963-4c28-9162-ee81268a7b0b	889
63ae9d96-f1ec-4b0e-bb77-ca437b1ae4a2	1179
63af183d-f639-4fd8-ad31-9112e6890abf	1167
63b0fcf6-b918-45f3-ace6-9ab6cd6467db	1163
63b4676e-b899-41ec-a6a5-c22a0a2526ec	1173
63bbf94a-5069-4780-be1f-d6413d8b4eca	881
63bccf91-bca9-4ffd-978d-95973f31be5a	1164
63d4178e-16ba-4c03-a278-0423ea0206cd	1165
63d73f85-066a-4473-bfe7-d55c5c69324d	1087
63daaeab-0b51-4da6-8599-ec96917734d4	1167
63dd6911-8bad-450c-9c4b-5ecd932495b2	883
63dd9aef-b30b-4d0f-a6c0-8ff12eb40c80	857
63df38fb-3fb1-40a8-a696-59e60ca1b82c	1184
63e209c3-ebbf-4d2f-a754-d390433e4a8d	1166
63e28b55-b47d-4bc0-ad71-770f9f6fa6fe	1182
63e31234-9f1c-49c0-a98c-04fcb1182da8	1162
63ea006c-3449-40d4-9b88-24751be371c9	888
63eef640-c7fa-455c-aa3b-b7c452b1e607	2225
63f48210-eff3-4c50-824f-973a2ddd31b6	861
63f71310-1adc-49ca-af03-5e22e5fa37d5	858
63f7c9de-51be-4544-830e-61da16136649	1192
63fa426e-cb2b-49b0-95d5-09680e3a6158	1129
63fae134-a21c-44cb-9814-08a34902f977	1182
63fc38bb-2141-48da-b92e-ae4972048567	1162
640291e4-6698-4b39-a869-87e04d237ff6	1166
6407553e-283f-48ca-bfcf-0aa292a5449f	859
6407af2d-8073-44ed-b458-d21b8ae6382f	1176
64098288-e893-484d-a7d5-3fe711a26642	1184
640a37b0-d1ea-40e6-8ae1-b3fccaebe3a1	1177
6414b7c2-4ae2-4a46-810b-8c1481bb4b35	856
64162a96-a7b3-4747-9869-112916189f09	1183
641bf713-d363-46e2-a38d-780517b756fe	863
641d7427-13a0-4f8b-bb20-00894a667480	1189
64265216-5ec0-4923-bef6-1a2f6e26f208	1193
642b65ec-2481-4e0d-9a94-25c327eeddcf	862
64304142-7cba-4e63-9613-afa915f56a30	1176
6435a8e9-36f6-4069-9a6c-9bc4b9e7c2b3	1186
6436ce5a-04f0-4f49-b691-de6e751ec62a	1170
643885af-5ae7-4717-a767-f43abde08f44	1159
6441375e-e306-4a69-b275-3dea8499646f	1157
644ad086-999d-4800-b769-3d2aed8a3e53	860
644db8de-b282-4c38-944e-aed73023715f	1170
6453c4c7-4099-4dea-9692-41496c7366dd	884
6455e166-6bd0-436e-b019-cc3fefde7fd7	863
6456dfb7-5bee-4e5c-a47a-dfff2249db01	1186
645f9178-fc77-4852-83ed-fa2c47cf57e0	864
6464b253-941c-446d-95c2-cc7cfae49b4b	1469
646586ad-8e29-4f09-99ae-9646db29eea1	1160
6465aa53-536f-4d24-bc09-deab2233aa25	1178
6465e9ea-9788-4d7e-89c9-dfce941d335d	1162
6466e913-8973-43b5-9e63-15dce4e59987	1169
646d3ff1-9152-4053-98aa-2839cd951388	860
646df0ca-3a4f-48aa-b50d-b0d1079a410b	1160
646f95b9-4157-4470-adb1-a4fe8aaf124e	1183
6470090e-841f-423a-aa69-5e8f07144d05	856
6470ba98-be0c-4eb0-bc9e-0f85b79ffb54	863
64748694-3cdf-4ae9-b309-9187e5cb0111	1164
6486fa13-fdcb-41c3-9db1-f9376c4c56e9	1164
6491520a-1d0d-4c5d-8a16-d52cbf4968b5	1184
649191df-ff40-4f01-981f-4cc25f6f5696	858
649cca9b-1f7a-4b50-999b-b939a6d83ddf	1185
649dae29-ecf1-4ea9-948b-644830b33440	1182
64a7921d-da9d-4f86-8f0b-ee008aa9fb13	889
64aafa34-7e71-46ee-9f90-afe87407bd54	1170
64ac35ce-c574-4eec-a24c-ca1c19ff0ccb	992
64b08d24-8920-458d-869c-bc7951ab6974	1185
64bd085c-aaad-44aa-bdd4-47e13a4f14ad	885
64c26c74-1c88-40fe-9fb3-15835ac55934	1171
64c3d2e8-dcfc-4b2a-b36b-ca78c068aacb	894
64ca0400-d3ee-4c05-824b-d980926deb91	949
64d082cd-5959-4a17-8528-6872e5157d44	1165
64d1193b-6d4e-456d-92a7-67c9ad8d6fe1	1007
64d5504f-c98d-4020-aebf-8138bd3eab0f	881
64d627dd-0cc5-4b8e-9949-98a185e9df94	1161
64dd1664-aca1-4382-902d-440aac42b219	1188
64de8ed1-fb50-4cec-9cb4-282378671a0c	868
64e2d7cd-ba74-44ab-a6a1-49f078762c1e	1165
64e7b200-e362-4957-af58-3f6fb9566c03	1158
64eedfe0-016b-477b-b29d-24d765310e34	1173
64f3c013-7287-4327-b070-7f8266497667	866
64f72637-f24e-4700-a7b6-4b7538818b37	1183
64fa858d-bc3b-464a-ae72-df0bb6cad1dc	1167
64fd4cfd-77cb-4684-bf9c-6c1648b91058	1187
64fe0c72-d2d0-442d-8105-6e9e9b810cbc	1161
65020b10-70aa-47fa-bb90-a51e63af1017	1187
65024d55-36bd-4c8b-9559-9643ed069261	891
6505286d-6141-4144-89f2-b2e7c3f44cfc	864
6505afc0-45a9-48b2-9e1b-f4ad3802e6ce	1175
6506c3d0-eab7-4c71-b9ab-ba8d3e310088	1171
650af179-c864-4ccd-a4aa-26d80fe7a94d	1837
6518fdf0-0a94-4bc2-8ae5-f8770c30fce8	1191
651bf9b9-b42d-499f-b856-ad0d01f6fb4e	1148
652a91b2-eebc-47bd-876e-6492f536e6c4	1165
652db0b7-3d6b-419c-9bb1-a37e108c31ec	878
652e8b69-d54b-47cf-8c37-1521521c1004	1188
652f91d7-2b65-4d16-bf26-461850229320	1161
65378e66-69be-4513-9cd2-eb4636fcf342	1814
6537a882-13b5-42ca-b049-aa9a94cdef55	896
653fb2a6-5952-4112-87a3-b07a9daf87dc	1188
6544ab0b-3356-4b77-bac3-e41a7cc2bc00	1170
65499a57-dfaf-4cfa-92a2-ea7c3873878a	884
6557b8a5-781e-42d5-99fe-82d6f60bb4a3	885
6568aa4a-6c10-47f3-89a5-cdd596c516d5	887
6569a03e-1d6f-4632-bfe4-dd94be33167b	877
65725a5a-cb32-4268-8ea1-363b2d227e1a	875
65726cfe-5590-4286-a5dc-2794187960ce	1185
6572ce57-a553-480c-9c26-4db31a7d4f19	1165
657adcb7-d1a1-4534-8a45-135b89685d0b	881
657d69b2-2220-460c-b5c2-6d2dec142811	1163
6582c5bc-e953-4ef1-b57e-7661c4a263eb	879
65912fee-e7d2-4345-b6d0-e85c4c775d09	1186
659f5f89-252f-40ea-b92f-a8cb758bf903	1182
65a132cf-7c97-4672-b7ef-5b551579b798	1167
65aa2c04-ed22-46e3-9b0b-a6c6f42f8908	1177
65aaabaf-ad6e-4696-8cc0-29e760b9527c	1193
65ad72b3-932a-4c59-87a6-eb31e425ffda	1170
65b947af-b025-489f-9041-277ce62cf763	569
65c575f0-fabf-41f1-86d0-9b4c639c5077	879
65d8153b-c698-46df-ad3f-a152c3a2461d	1172
65d9f736-c58b-4779-8665-f780ef78998c	1188
65da686a-4603-4689-956d-ddc9410f040b	881
65dc187f-525d-48aa-9ab2-28026753514f	1164
65dcbaec-934e-4006-9613-6806c1d26c7c	1163
65dff0a6-1768-4c7b-8b6d-d1dc4ebb7077	1165
65e3505a-f21a-40f6-964e-1ade30f60406	1163
65e5bda3-6b4c-495d-bff4-7f933c34060f	1156
65ea4b3c-eb3d-443f-ab33-9b3650acffd5	520
65eacea1-876a-44a2-ac5c-28766aa8ef16	887
65eaee1b-99be-49cd-9f38-a90a28815f33	1169
65ef1fdb-a1ac-4ec5-a865-2d562a3de2cf	1157
65f66c14-e9bc-402e-93e6-4e4f4505e538	1192
65f94364-969b-436e-945a-93d03e4873d6	1160
65f96f59-4c3c-427e-b47d-8df443d62c61	861
65fd7149-b1b8-40ca-b339-026789ba0468	867
65feddf0-cebe-4821-bd99-13c91982b810	1169
6600ee24-a390-4d6f-bc0f-81fd73d31f66	860
66039bc4-ae4a-4535-a7a0-5261255d4810	1124
660d577a-35b9-4144-8d60-7fce33127e6c	859
66105cb8-ccad-4deb-b80b-29bcc6ae9ceb	1125
66172b40-76f5-448c-9dd8-6333761650aa	1183
661770da-5b14-4547-bd8b-44123303dd59	1170
661b2b1d-a318-47a2-beae-2913196270ed	1164
661b5911-c67f-45ee-b88f-a2ab46b63a0a	1183
66243b92-7b77-44ef-9add-df3aed7e0ab6	989
662667d7-740c-4c57-8c1b-8993fe77287c	1181
66378929-ff63-4cc8-a6c8-0709fbbb5759	1188
6642af6e-c9e6-49f0-bbde-0da54d2e6e80	1189
664345bf-e4fc-4264-b8d6-a6e803f04d32	1180
664603a3-57ba-41c1-9f48-a755c2ef82f5	1188
6648a28c-fc17-40f7-a347-8e33254068f7	1174
664b825e-de1c-4a93-9bbb-0cccb130373b	1154
664d0469-698a-4e58-8955-dafdef096b95	1163
664e346e-8341-42d9-ae76-aacc44b5f1db	867
664f2e8a-82f5-4df2-a61f-47ebd048fd16	1167
6658ebb8-2407-4f8a-acee-697e61f122d0	1174
665adfce-d497-415c-815e-add713e3d15e	1159
665b52fc-871a-403e-9f8b-ee779aa9eadc	1169
665cb42c-3097-446e-934d-32f89e281c61	1187
6662588f-7473-47e5-b3bd-bdb9738b3b6d	860
6668378c-2591-4da1-bee9-d87c370d9af3	884
6668d315-c8cd-499a-8567-78da3a998d23	885
666e27f4-8c23-47ef-b00d-5323be48f11d	1166
666f7c1a-654d-4823-be78-cdbde59fc328	1161
66715b42-adf3-434f-9118-6fc11f9cb4d8	882
66730ee7-751a-4e2d-8906-5376edf32b90	918
667d4ce5-f7ba-4933-b0ce-fb463c20de4c	1191
667f745a-6959-40fb-9ca8-14e7b71b80d1	1174
66819ba0-7717-40b6-9389-a7525e148d07	886
6686db70-9a69-472a-af55-e02789b22711	1172
6687338a-a8e4-40ac-9339-a8bbd2ac522d	885
66888779-521d-4932-b8c8-d252d48faae0	1170
66889451-5c6b-45f2-811d-16eb0c73fea9	1187
668bc1c7-c7cf-4448-a081-0cda06329643	1179
6695db3e-9ea1-4b32-95df-86820ff5f969	861
6697542e-4d18-4d7e-ab59-2a2f0241dc3a	1166
66a08c4e-3894-465a-aea1-88d162505047	1124
66a2daa8-51e0-4702-8d92-ae915f92b4c5	1305
66a55bc5-e170-4d98-a8a9-d5cb5bfc8df5	1179
66a8214f-bb86-4a71-9687-222aeb6df454	1166
66af209e-5b29-4ca1-8b41-c9f8854e0f7d	1190
66af2af6-17e2-483c-8124-c88387b61782	880
66b0e762-e099-42dc-abd1-71824eb3a629	896
66b68dc4-a446-4aae-a316-83f8540417c7	1159
66bf4d1f-ba13-4ad4-8bd1-a590a87d627d	1169
66c17068-7d4c-46a5-9d6b-fd76b717dd08	851
66c93b3b-985b-4525-81ef-2fcb9ecb302b	1190
66d241e7-8d3b-4228-b2a4-614106660a27	1166
66d2945d-bb03-4d3b-b316-351c568529ec	1159
66d51134-e1c3-4f62-8791-e82309bdad3a	1185
66dcfcbd-8b37-4086-8d53-3fe699b94de7	1191
66dd4c2f-54aa-4e07-b3fe-39e3e8d2805c	856
66dfe7ec-7415-4174-8995-385d99844bcf	1158
66e11ef4-8daf-488f-ac2b-85c6d45c2474	877
66e73ce5-1cf4-4230-a33d-d2d3ec43dd80	1169
66e85fd6-aef7-48a2-acb0-edde81e73e81	1186
66ebd818-30cd-423e-9110-59060824df9d	862
66ee7d28-fd46-45f8-87ec-7df57a04712a	877
66ef1ab1-47d3-4764-9480-ff3009d61cdf	880
66efc897-2330-49cc-abee-9b9c59f66037	881
66f1c875-6c6c-449e-a52b-f02320617d89	1184
67020766-abed-4bf5-873b-1ff3679d4f1d	879
67093e8c-d036-4356-a317-266d527f5067	1183
670a53f4-1fe5-41f2-bda4-c34978824d81	1190
670e79be-0001-40b2-9f6b-90ea552dfb64	990
670fb3a8-2dd8-4678-b897-df5d87e028c7	1163
6710ae1c-c0a2-48a5-abe2-c278bd071a45	851
671223f8-94a8-4cc1-bfe4-e4a871377a8a	1182
67157680-0c05-4137-b3e8-25e2771d9eb5	1160
6715df35-ba34-47fe-8162-5fa3cae0f73d	1169
6715e7e1-71ba-4dda-a409-7a042f91c2f3	1188
67171691-914c-41f2-a064-9bdf75a73621	1189
67184c78-8dfc-488c-aeac-65138153d548	884
6718e156-a908-402a-8c6c-20291b7e6667	1172
672860a5-e295-4296-867b-52c6b8b72873	1190
67296672-3316-450f-a141-b9105741e867	1192
672f6e21-cceb-4f4c-a25e-d94fa8a28e8f	1172
6730a888-bca2-4dfd-be43-f00ea4d05a99	1176
67333fc9-57f2-4497-aafd-1e02c75adb68	1096
67336c7d-2554-4982-b68e-d8045e425f92	1137
6734c0df-0151-4556-9b01-871d7f3ee712	1192
6737cca2-c7aa-4efa-a431-df7e8d4787a5	867
673928a6-dc3e-4861-875e-eb55de0639ec	1176
6745a894-19ee-42ed-860c-eda6b2cb7452	880
674da7e6-cb38-4e93-a735-73075667cf84	888
6753959e-0b17-4d2e-8828-0734a0f4e278	860
67587707-9b62-4509-8cdc-dc176405c2ba	1169
675af60e-535a-4f8f-9895-bdfe5464e090	1183
675f7eb8-4338-4329-a34c-7954a627be50	1190
6760b1d0-09eb-4016-af9b-baab51ba593d	1177
67627967-f6f5-4127-bca9-8ed7c88c7605	1052
6766287a-bc6b-4252-be86-dbfa75ed4a43	863
6766e096-0857-455e-ab28-879482858328	1164
677010a3-3275-4673-95e8-6d07fafa141d	1185
6773d9cc-dd57-497c-8bdf-7dbc40643104	1186
67765c4b-4ec8-47c9-a063-3d9f7ad6102b	880
677980ef-7ad6-4d2c-a98c-3dd267e985a4	1186
677c8187-776c-496b-8b69-197b8610528c	862
677d1528-ecdc-436c-8f04-7f0f9de42803	977
6783f3aa-fe5e-4944-8362-75ea37455882	1179
678810a9-a9d9-4679-9519-ee328d265924	1159
678b7be9-1e34-45d9-be9b-bdc79c24b72c	1163
679564e6-4711-4b59-9590-a541cc1239ab	1180
679aeb85-6fa6-4128-bfe7-f1f1ea25a186	1154
679b84cd-f6f8-42d2-bc98-84a38ee89ca4	1168
679ce0b1-078a-4d2b-923b-f851cdc21063	883
679d8794-30b8-4b70-a120-9f14da98ebe9	1166
67a1bb12-3639-4d6c-b709-a5252c4aadbb	1186
67a66219-0c94-49c1-9131-b1704fd473a4	1172
67a6b796-59ad-46ea-a6c4-ca03afb25cad	1170
67aacb71-6453-445d-aaec-29640347e7ea	1183
67ab9add-e172-48da-aa5e-b0148144c86d	1154
67ac7a8b-514b-46e2-b959-afd826391b39	879
67adf079-650c-40d1-9ec4-2f6190cff653	1173
67ba6d3c-85d8-4d88-9b31-184d2f88f85b	685
67ba893d-217a-4c0d-b7cd-b57854ea9ce2	863
67c095a8-9452-4538-83ef-2e2c05380e4d	1189
67c533c9-bda6-444c-96cc-6bf618a24fd0	884
67cb2128-0de5-4cae-afad-8a796926fb01	1188
67ce94ca-d8ed-411e-80d3-eec88dce31ea	880
67d129a3-31ec-4274-a08d-e71369f74086	876
67d19cab-9588-4282-bf16-c0b0c267f7e3	1174
67d1f43a-6ddc-4e1e-b4cb-5549ee0835cb	883
67d498d7-1df0-4ad4-9c6b-c5e6cf57e65f	1158
67d9aa28-e5aa-423d-bcd6-bc1e000b5166	884
67dcdee0-5b04-441d-85bb-d737b289d71c	990
67df5292-b3fe-4f7c-ac16-9cbae8a63774	867
67e08174-ab6d-447e-99ac-1397016cf20f	1173
67e09ffb-8907-47e2-a36f-6003fa103ca5	1172
67ea0df0-c891-4b4a-a262-81bb04909a0b	597
67f08422-2b94-40f8-942f-acfca847ca6a	1183
67f23fa5-dfc2-4c86-9885-f0160ca25f52	1172
67f76f09-3c81-4483-aa2e-9669669c75ed	1159
67f92999-561c-4e18-b9c7-b6f7eb8e4a09	1162
67f99186-f863-4ce1-9e49-7a0be2a4d4c5	1183
67fbc91e-321a-4201-8be6-45cee778265f	1162
6801cb42-6c00-46c0-8260-21ede0130dd2	1181
68096f28-66fc-464f-86b6-5060269e6074	882
680c5838-7609-41d2-a14a-b7a09cb06c21	1166
680d93ba-56b5-42e1-bcdd-66d943f1bd88	862
680ebef1-9123-4764-9832-c8b36d8c9485	1180
680fdec7-27ad-43e8-9fea-080fd1de1bc3	1166
680fe754-bc15-4567-b1dc-f40c80d2d604	1164
6812727d-fb49-441d-aa6a-99d4c825ac1b	1178
6817b9fc-642e-440c-850b-5955b39cfe41	810
6818e68d-76dd-4c0f-975a-30101dfbf6b2	1182
681ac13b-a593-45f1-be9b-bd7aab4bf734	1165
681af743-84ff-43a2-a18a-113f5c74d35d	1163
681b02d8-69f9-4961-9ad0-72faa3f6cc16	1131
68218072-31c3-4284-9f7d-b5feab849ba3	1168
682469ff-2d7a-46b6-9a17-8ba4ac6b1fb0	1183
68247c10-619a-4695-a91e-53d5993e7533	1185
682a20c9-86bf-4a9d-8d09-dc2bcd527d2c	863
682a33df-08d6-48e8-9f47-3105cfb6b245	884
682bf2e8-9ef3-4837-9763-86ae42e85e1e	1176
68302566-254f-4d44-a218-c1133f5822f0	1161
683353c0-29e0-4b30-bb65-e343fc1c9dbb	1155
683724fc-4df0-4f8c-887b-9dbfaa03e564	1165
683b6246-0b86-43c6-bd2e-6f3adab63a8f	1185
68424851-f59b-4f55-a7a3-c157287b21a9	859
68456d87-5c72-474e-9fc7-4e8bb728346b	1169
68465aee-c5d1-4b85-a285-42e60541ea60	1165
68492f20-5542-4aa6-a137-6c35cee64dde	883
684a0c94-323f-4d81-a30a-b0da966e8d74	1165
68543097-544b-49d4-ba42-9b096a723fa9	1185
6857c18f-8820-46a1-8cdb-768e868a85e4	884
685821f4-5820-470f-bf7f-b583ef596757	2078
685e26ca-9420-4f10-8d08-ed5c84d2cffe	881
68600781-a7a4-4d32-b9f9-3121bdcaa30a	1178
686209c2-be69-4f57-b497-e37354e5ebdb	1155
68639fa3-fee6-42cc-ad13-8cf8712a0b29	1160
68687e0d-99e9-41da-b843-7493da128a51	880
686cbded-4b18-4f7c-ba24-0828b0d83a44	1186
68716a39-7f0c-4468-8d58-5d487ced1907	1167
6876c1db-286f-41b1-baf3-6cd7bfdb4e8b	1170
6877a008-0514-44bd-8ced-8e8fde65c753	861
6880756b-7da8-4a8e-8878-e2004659dd7e	1184
6880f0b4-b22e-4885-8742-195e4a97b1b2	1173
6887088c-eda0-4cba-9862-94da83d4a091	865
68871ffb-5041-4317-ad3b-b923a1c69d45	1169
688734ad-387b-4d15-b7a6-07c06ed240ff	885
6889098f-f2fa-4676-a0d9-2ec88f5d45e7	1180
688a51db-361e-4f39-85c7-6651e8392112	889
688a6055-303c-4df0-b78d-e031f1434594	868
688fd750-9739-410b-9304-87453712384f	1152
68958e2a-c61c-48c1-bf08-0ff8ea52d92d	881
6897aced-9719-4304-b1c0-cb44035523e4	1172
68986744-59d7-4a57-81e5-f6c5abcab96d	1183
689a9c57-8c8a-4094-aaa8-b1890182898c	1163
689c3d0d-6114-4809-ac43-6e3c9105a018	889
68a53a5d-c719-4301-9ca9-1d77c7e03ba8	863
68a66c11-3605-4883-9a35-9d2ad6d69534	1183
68b90f60-01cf-4901-bac5-e30cb83415fb	2075
68bbcd71-268e-4196-9e04-850be17f560f	880
68c6c0a8-d85e-4a14-9d3f-f0e2b47331ea	1193
68c7991d-eba4-4bc0-bdd6-3bd35e570bcf	1185
68c98cd3-2032-4225-8906-0e239b240c41	882
68cbfd5f-596e-409f-8a38-3a35f5d7c139	884
68d07c8f-7996-4172-88ea-87bf62b0cc9f	1155
68dadea1-6b6d-4b72-9b50-4a0c2c2bc15a	1166
68e368d2-79ad-4820-9ce7-884f61f72d03	882
68e437bf-5dfc-47c0-8253-51c9a7cd8125	879
68e6ba31-7dba-4cba-91bf-8682460d2594	1187
68fb77cf-49d6-4b7d-89de-f74a3de37b3a	984
68fd53bb-a604-47ae-b025-53b65501b906	1188
68fecd2a-38c6-4f8a-b7ad-045a30a3f0eb	885
69000d37-5b4d-4ce5-879f-21bc16cb3cad	1164
690922a2-a0fb-4dcf-a62a-4c2fa14c2671	886
69093227-c7c8-4a84-a77f-db7fd1bbdc58	1195
690e737c-22d5-4fa9-b337-7b6b760edf13	887
69108b42-34e5-4d26-9140-ea31c1519a94	1164
69110cba-b0d2-48b6-927b-65a8d167d21f	888
691146e3-62fe-4fae-b370-1b0c6a2e4f6c	1179
691a8328-5fa2-45cb-a853-9bde26952fd8	1193
692331af-cb91-4680-80a5-1c554ab687b5	884
692412ef-b64b-4012-9a36-7f710b681d16	1180
6924449b-016a-4082-b391-2aaa7ad4f13a	1169
69251854-6a64-4c6a-ad70-fb0adc979287	883
69252cda-e01a-446a-bc94-8e49be6d9ea0	1189
6929225e-fc50-476f-af7b-9e984baa2222	1167
692d0604-8d57-46f3-a338-30da5bbab7e4	1503
692e19a3-d345-4666-9bb6-1312f7724cab	1172
6934e06b-232e-4f26-ac54-4a90a49c28e2	1177
6936005e-c54b-40bc-b529-027aef070f73	1180
693f06cf-4119-4f8e-8365-ccf4ec962359	1189
6945ded6-c689-494f-b389-731a7efa85ed	913
694bcde0-b888-468b-a664-4e24531bcaf6	1185
694caa39-8953-49eb-8206-730c677b533e	1179
694cd4e1-ba86-4ac5-ac50-eb475bd41378	1188
694ed545-d31c-49cd-9ac2-9189db7c3ae9	879
695fa56f-6298-47b3-979d-028e36ee8031	1215
69637705-efc1-4b10-a08e-2947c41700fc	1171
696fd688-6d5f-4ac9-844c-a9f947311e4c	1163
6981d6fb-57c0-4471-a8da-78a6f53d1c2a	1183
6985d547-b90c-47d3-9e59-254f67105f13	1181
6989044b-f01b-45a8-9a15-d55a00a53cb7	1177
698b0d30-04f7-4046-8c09-c0db1ea1d892	870
698c6c86-78ca-4bb6-a22a-b5e0a29d65bb	864
6990fb99-2738-4ed3-bd76-56c942157322	1167
6991e426-458f-4498-895d-d8137d9ff7e8	862
699b9905-3307-42ee-bba3-f5ea4705a67e	1166
699bb9ae-269f-48ec-9955-1dc3c0e43800	865
69a33679-a364-4f44-bd79-fc40cfe1ee9a	993
69a3f692-05ea-40da-a76e-8227c91b9f7f	861
69a63ff7-4c85-48d8-bfae-3eaddfa457d6	858
69be1007-0cdb-44f7-b294-2a2bc48af27b	884
69c0e9f6-73b6-434d-ba13-665a84c60212	995
69c2dc1f-06aa-4626-8f64-c5b055945b0d	880
69c63d7b-0fdd-4c62-a807-19f0d073f689	882
69c7d2c3-fd7a-4040-8790-84268021dc11	1179
69cd486d-f1ba-474c-b022-49292fb6ec69	1169
69cf25a0-5958-4251-b7db-fc5468badb91	1179
69d4a323-47b9-432b-b86b-41e3b40659e5	1187
69d823c3-84d5-4363-b0a2-7dac081b0c43	1178
69dc4063-f228-4ce8-a036-980383bc4ea1	1185
69e0b2e8-55f0-4fa2-8638-e62e694d9dc3	1159
69e1c7c5-fb8b-4d3a-8525-458484171ac8	1170
69e3039e-f925-444e-86ab-6e88165b9fd8	1173
69e47b8a-f521-4474-95ae-923506bc15ef	1184
69e89b96-e15d-439c-9142-cf4e5aa57034	857
69ed12db-9229-4a37-9452-c9cf7ce351f5	1184
69ef7764-30d3-4739-bee4-34ef9dd87b4f	1179
69efa36c-22fb-4617-bbcc-d7d3281583ca	1183
69f1bc0e-c4e8-43e5-9092-51299e8367ba	1047
69fd45ee-eb40-49dc-988c-a09a42aff3a1	1189
6a000196-bf2f-484b-89c5-9af67273df7e	854
6a02146f-1b8e-48d7-92b8-92ea9b22edce	1179
6a0329ed-08e4-402c-9db0-921a5053b6de	1165
6a03650b-3a82-4a67-a629-bc326769f58a	882
6a03d54c-c112-448d-87c2-7172d521bcb3	1182
6a0a54ed-3280-4919-a3aa-698b96a0fa6f	1160
6a0d27fd-e363-48bb-a727-745260c2dbd0	1161
6a0f2051-3644-4369-88e9-af1f98346148	864
6a159012-288d-4ffe-89b0-9865ef87f629	1014
6a161bf9-b2e1-47d6-b80f-fb499043d123	1174
6a18d9d9-9a8d-4032-91f8-38f6108a654b	883
6a192e22-263a-4142-aa4c-b93fcd4b3ab0	1190
6a19f17a-2b6b-4bbd-920c-0f321c7bb914	674
6a1a163b-b354-45b7-b926-cabaa1335b5b	876
6a21c24b-e0c2-4154-8f60-09478aeed310	1167
6a22c154-296e-46e5-9ac8-59510edf0e5b	1159
6a26fb7e-f11b-49ab-ab07-6f7bc9b21126	883
6a299954-1f2b-4a7b-8332-b7b7fb2b51fd	1168
6a2ad9a7-0106-4a8c-9142-94a228e880c4	1164
6a2e67a9-7cee-4bbd-a01c-ee02b974965f	1163
6a34150d-fec0-4d22-b437-68f4034fe4f2	1161
6a35fb40-59ef-4dd3-9331-3520030df0f0	862
6a3e6c9e-8f62-4c69-b770-63129dcad9ef	881
6a3fab6e-4331-4d93-82b6-6d35a21d9af6	874
6a42a84f-a53e-4915-a5de-c4c48e9e834e	1185
6a4afad6-3150-4799-9392-c800dc9d95c1	872
6a51a625-5c9c-444d-84c6-5a571132c7fc	1178
6a57e1ca-5116-43f7-9ca1-7bf7dd383db2	892
6a582214-ac87-42ff-82c9-73a53ba1ff58	1152
6a5cb12b-1e5d-4f26-a775-d2a6690f6c77	1143
6a5d1ed3-41e4-409b-a7c8-160fbb59c96e	955
6a5ec2a8-8828-417c-a03d-f1f22432c29c	1154
6a661906-82f8-4f5b-90d0-e9a14574ec2e	1487
6a700440-7f9a-4f63-abeb-9d672061e3ef	880
6a72b1c7-2ba1-4343-b87c-2950ea3bb60e	1171
6a746d9b-6828-47f5-9e47-acebd9f6fba8	1168
6a7641f9-66d0-4dc9-9f56-48276a63cf29	879
6a7809bf-4477-4aa9-9415-78349a20db0e	1164
6a79ad71-db0e-407f-aeec-4ba328f88077	1753
6a7a7cba-ad53-47eb-8694-91808b182d82	1420
6a8362ca-66c5-4f4d-a729-c78475ee49ed	1160
6a86c848-0276-4c67-b208-23dab30faf57	870
6a8c1923-a8db-491a-afd9-ba96e9eac66b	883
6a8cbea9-194a-4ff0-affe-b3ce29092089	1170
6a8f8610-9555-4212-9eb7-b3d06ef16f26	1167
6a9641ad-87a9-41e1-aff2-22f0965c9230	1155
6a980dab-eb59-4d38-934e-edafa89b8d23	1184
6a9f784f-50c1-4191-aaa3-6627d8809378	1181
6aa05cee-974c-4297-bd1a-60bf7db88200	1159
6aa0a129-0785-4b9e-a7e1-00e635833135	872
6aa93066-eaa0-4c7f-a13e-58413e950324	1168
6ab89e9e-3682-4431-9f83-ea727b0057f2	1197
6abb25c3-12fb-4c3b-aa20-72432d348d6e	1188
6abcf077-a4b4-4a7b-ba84-f732be79cf6d	763
6abd0699-f66a-473e-a9a2-202c7c960abe	1168
6abf513d-1bf5-46d9-b91d-5844128aa8f6	1175
6ac16814-0f4d-4cd1-86dc-275c53f60f90	1148
6ac30476-ceb4-4bcd-8ad8-8d1714848c10	1161
6ac33e79-d6d8-4bd6-b1c8-995768ef2016	1148
6ac350da-dc7a-4770-aa42-9e094fabdce7	1180
6ac3ff05-e817-41bd-934b-55648126e15c	1170
6ac49ae0-d38a-49f9-9b7d-7ed9c2c9a5f9	1186
6ac59bb4-802c-4e2e-9cde-8d4d0846c797	905
6ac89d90-64a6-4bce-a46d-239f5551de1e	1183
6accc0be-745f-4f0c-9943-717b5560f374	1384
6acdb7b5-e399-414a-af18-a956cef85732	884
6acf9360-98b1-4dbe-af9d-61ab8d49692d	1180
6ad2fd45-3e17-4ea3-ac2d-b6403de17d2e	1169
6adc95e5-c021-4088-b915-f6b73d18165f	1181
6adcf2f7-0629-4d0e-8740-0a73db7dfe46	855
6add07dc-2e3d-47a9-abd7-0d87a8ef2263	881
6ae42d51-ba21-4d4d-88eb-7746ca1fd503	1160
6aebf7fc-297b-449b-a9e6-30bcb3125740	1154
6aec69ac-9e56-4e41-bed5-6ada45c6756d	1165
6aef7d7a-46e0-469f-9eac-c331fd5d16df	1186
6af0ad5f-7eb4-4046-b3f7-7631ad224483	881
6af6bdf7-eb38-4ae8-a8f4-50c07bd423ab	1169
6afe0e91-6c19-4155-be08-d7ee4429d7e0	857
6b031290-4371-4cff-86ac-3b8b39652c9c	886
6b04098c-0f95-47de-9112-3bb47ac3a881	1290
6b05727d-aaa7-4029-99af-26680afe45c7	1164
6b09dde8-e6e1-4641-966e-5b0c02773810	1193
6b0af49b-9a94-4eef-9bb8-4527028edb7d	1175
6b1a87c8-a036-4c90-a07e-abc3566371e5	1174
6b1a8e58-8a14-4a0a-b04d-f91056716ac5	886
6b1d8daf-ab2c-4a66-a871-59bc6e5990ce	1174
6b1e4c85-7483-4daa-8578-1d4d24870684	853
6b20576d-e39f-4582-965f-6185da04e229	1184
6b23eef0-fb85-4c18-9bb0-251b517ec278	1187
6b2ad5fd-ae3b-4e57-b8c4-9700a06d60fa	1165
6b2ba96e-28a8-4201-b02e-d7d047d7a297	1170
6b2f1f9d-74d9-480e-bce8-c37cd5abb89b	1187
6b3348db-a129-4877-b26a-5f5bc8b39aaf	1157
6b335154-167e-4340-b4bb-a993f0072eaa	1183
6b39e8c7-b968-4f5a-8342-4cecba59f35d	1180
6b3c5444-223a-4dfe-b063-783a6822b0a3	857
6b414fbb-2dbe-44dc-8cd2-89388e424f33	1178
6b442cda-255f-4452-8471-6e9c6a22529f	1173
6b46b1b2-a3ac-464c-a064-655c6610e354	1172
6b4984b6-1e0b-4087-a274-7adcfcc5d5e0	1157
6b4b9ae8-821c-4fcc-83cc-0b9145e1f61c	1166
6b50911c-ce4b-4cca-ad0d-720b4f340997	1148
6b5226c9-414e-425d-9387-ca289efad95f	1159
6b54548c-c509-4521-ad20-272c73e0dae6	1186
6b5813d8-896f-482c-908b-6c1c41c2b50d	1178
6b5f042a-b04b-4de8-8ebc-18c0fb6726df	1166
6b62e6a5-262d-4d04-9803-aaa15f7e5ea1	886
6b62fab4-a2d0-4c9f-a446-68d5a086973d	1180
6b63657c-04c1-4c69-9680-06e64210f369	1169
6b662812-2bd9-4834-b382-75d8c79bf0ee	1799
6b6944be-2d1d-4f49-8279-8ea217b9458d	884
6b6fa949-43b0-40c2-843f-62720759e6f7	1158
6b714106-58bc-4fd3-bc76-a5a5fddece47	1169
6b75ed17-fba4-4902-9500-69aa0d504659	1184
6b78a6c8-cba1-4141-9e20-06c3e38e625e	874
6b7e36c2-569c-4e45-abe7-8a9853d335a7	1168
6b8065ad-1eff-4f9c-a508-48d886d4e284	1187
6b8d995f-e93d-4565-9316-b26965049ac3	1159
6b91f528-d563-44a3-b3f0-79cf22e5d936	862
6b9a8ad4-8804-4fa8-834f-4a7055e50fc1	865
6b9c2b7a-72bc-442a-acf4-4d0e76089786	1158
6b9cc284-0d0f-48b8-8624-10a842c79d4b	733
6b9cd3d6-a8d9-4aa4-8e48-a4fcba3560c2	862
6b9ce2d8-518d-4258-80a5-5c9bbc5a55d0	1186
6b9d5385-a8a2-4712-ac92-4959caf4787a	1181
6b9f3943-e58c-4565-bf7e-cc90bdf8d427	854
6ba62c09-c552-4010-9e98-6a27bf5ff2cf	865
6ba7e28d-25ac-40a0-b822-26ba01acae45	1180
6baec816-85bf-419e-a49b-be87fcf3c037	1184
6bb17809-7d03-4658-a118-a45e35d35699	1178
6bb7f49b-05de-4446-a799-c2180893b98c	980
6bbe5e38-288a-4cf0-8b2f-b9974a973658	1181
6bc150b6-2760-425b-a72f-e6c626d55907	1179
6bc4583a-0115-4909-bb43-8d8dc3bb530a	1177
6bc5f205-9790-41e1-a045-be66845c80fd	1153
6bc791fd-f88d-4c5f-871a-2b4f75cf99dc	1183
6bca6189-bcb6-466e-8c2c-67ed06ab48f3	1170
6bcbcfd4-5b27-4d12-9113-71b1b51b134c	1167
6bcd7259-cc57-4af6-a198-8634f10ba052	1166
6bd9e5ef-ff72-4e85-86f7-e78876e1922e	883
6bddf55c-2125-404d-b798-4bb9afdfd16e	1184
6bdf702a-11c3-462e-9f9f-54751dd221da	855
6be06460-2994-4f7b-9ebe-b0745369880a	1187
6be089f0-a9a9-45a7-9c90-adb9e5d54b21	1164
6be23b3e-313e-4d29-bd6d-653054694bf6	1179
6be88a22-316f-4b93-999f-3735418f69df	1180
6bf0cb8d-b562-41e8-a6ae-7438ff83d1a3	1185
6bf20939-e0d3-4dfe-8b49-d37735ef6c6b	1159
6bf43c66-edec-4a03-bbcd-e4058404f0e0	1188
6bf59f9e-8e19-4d5c-bd29-cc3f7731b5b7	1167
6bf6fb38-4d13-4a39-942c-11505cc73d2b	886
6bf81d8c-d3e9-4b7c-942f-86ed002a3832	596
6bfa0419-12e3-4846-86d7-e3cc5404f3e4	882
6bffac7c-a5bf-4b52-a285-6c6fe5a9c119	888
6c00547a-68ac-4a47-ad0b-9bdea7b399b0	1167
6c00e6bd-d14a-46ac-ba24-465df8efc326	874
6c030756-1933-4268-b169-cf3ed79fff46	1172
6c047c61-3456-44f8-95ff-da2ce0a47c17	1182
6c07557d-0e55-40bc-a2fa-358072a8b516	1170
6c0efe2f-081f-473e-9b04-6dc469d57b70	992
6c0f7658-ac9e-4b87-ad44-11d67ab7e287	1166
6c110181-0a1a-468c-ae15-1ceec8c97d25	1172
6c1586d1-7e41-4d55-8891-227515670538	1160
6c18abc0-747a-4466-aa84-f437a8110016	881
6c1c6853-1a3b-431a-ace6-90cfc6b06e7c	1170
6c1d3a7c-3196-4496-8074-ed54cb7f3800	1191
6c1eac85-11f5-4b5e-b4e8-7244b87ea493	1160
6c22b058-eccc-4d07-b62a-ff9e55466bc4	1163
6c23a503-8871-48cf-8fac-a22d74fd1da0	1169
6c26df40-5b5a-42d6-a523-ef4653d7b2ee	1164
6c29597b-47e9-4c4c-a432-cf8bd60cb4af	1184
6c2c910d-d29b-4199-bce3-13bb2fca6a92	1180
6c339218-9448-4d8f-be6d-07e27e06e999	1184
6c39b58b-a052-4236-8c85-10500df56b5c	1189
6c3a4c2d-5cac-449b-b445-b1fdd0b0835d	1149
6c3c4b76-c2e5-4627-80d9-4cde03241f06	867
6c3e7638-ac5f-4fb2-9589-3fe830b1096a	1211
6c3fff29-67f2-45c7-99c9-16a363a18e51	1184
6c42dc24-070f-403f-9e7d-d9ba3861f423	569
6c462457-86df-4d22-a87d-077f9c25e083	1183
6c491a19-9a9a-426a-b777-b25155e0b031	1167
6c50488d-ca47-4c1b-99b4-57c793221d53	1162
6c5064ef-e70b-4726-89ec-73cb61228abf	859
6c50c311-7c32-41cd-9e86-2a023fb0eebf	1180
6c5b01fb-f84e-41f8-abb9-5b7d24db2627	1187
6c5ebaf1-ff1c-4192-8717-73a20683754b	860
6c6532a7-363b-4926-b2bf-83a8b0502222	1170
6c67dee6-5500-4caf-923a-72151e9f2d96	861
6c6b80d8-346a-4d18-af31-a421fcbf8417	887
6c74791f-1060-4b08-80ce-a2d101959e8c	1023
6c77f467-2af8-4cc1-816d-adc4a9c9b731	1179
6c786d02-e84c-4b05-a2cf-a67ee56b0ee2	1156
6c7cf319-2895-4f06-b839-af2db286b981	1171
6c7d71cf-ac8f-40e3-8432-7ff59369e07e	880
6c7e36b4-2559-4fd6-8433-eb5267eef610	1185
6c7e5294-c207-4c29-aa36-59085f92e958	1187
6c7e5cb4-25aa-4056-91b7-802fcb534438	1185
6c928787-5221-4be8-a08b-cffc3253fae8	1177
6c98f9dc-721a-4bbd-b4e3-b1b006269acb	889
6c9abe6a-ab51-4696-b5d1-9660412d7eef	1184
6c9cdf80-6b8f-400a-986f-baf9df18e943	1189
6c9eb66e-4249-4740-9abf-9322a6bd2a04	1164
6caf06ea-88de-4294-bbcc-ebcfaba79975	1162
6caffecd-7dd7-4cec-8893-84561d4d6c8e	1177
6cb2cbae-e0c3-40a5-9d75-cba9a6bf0b60	1191
6cb30307-b2ee-42ab-a23c-ec0d03cbc466	1180
6cb519a6-30db-4f6e-8c68-544fa5148501	1129
6cb6b8b9-133f-4258-9a5f-54ac846a1f31	1166
6cb7186b-026c-4f69-93b3-df64e60db995	880
6cbac9bb-acfb-45e3-9474-b7eb0cea6ed1	1148
6cbb867c-ce77-4ef8-9ec2-c72ccbed5682	735
6cbc0acb-691c-42b2-b6b9-5b01217448ee	1172
6cbded2c-36f3-48a8-86c6-14eb6cf55b63	884
6cc305af-beb6-4f76-858b-fcb99f61c5b1	1177
6cc49d94-9e3a-42e2-830c-b766d56543bd	1168
6cc548f2-21d4-48f4-b24b-e34d4b148916	1168
6cc5c4cf-da6a-49ed-941c-037d32e58370	1183
6cd12adb-c3c5-40e0-874a-39b93a7bfff3	1160
6cd22c7f-c90b-4c35-b5ea-06bca5b22c4e	1186
6cd3456c-d606-42e2-b0fb-266e9241d70b	886
6cd539c6-cbd4-4b91-87dc-584a33a2353f	856
6cd53c97-b726-41b0-9671-67b7700919d2	1160
6cd841d3-8a6a-4679-ba18-a5ff26c7f1cc	1165
6cd90f6e-6eea-4441-abd9-769d8b2fe8ed	595
6cd9ec36-57a7-4d23-bb93-eeaf15358563	1394
6ce9e477-dbdd-4b10-8081-3c13ae32a16e	856
6cea4802-a86c-4a71-b32a-14210a464788	858
6ced0dcf-06f0-494e-b3b5-31b72920cde9	1188
6cedb2c3-f0e4-4e1c-8a01-59251d0bc880	881
6cee9883-ae03-44c3-bb89-c2dd411e3e5f	1158
6cefe0bc-1b00-4b65-bbc6-bd74437c6c9f	881
6cf899bb-edff-46a4-8b03-f109a25530d0	1169
6cfcbcf0-e94a-4529-b625-08a06e0135ec	875
6cfec645-b2dc-4a3b-9aba-0beb15f1bde2	1170
6d015864-33ca-453e-9e4c-c1a8f2d44eee	1166
6d05a203-2441-45ef-9ce0-37426436c2fb	1184
6d075549-6fd1-41e8-b923-9adf4b664c16	880
6d0783ca-b25e-48f0-8a41-3ad351042e13	886
6d1222db-0a12-456d-a88f-c343d4dd3c7e	1167
6d17ed45-085c-4a79-92b5-a97ae40a990c	864
6d182e29-1582-4c0a-adb1-9b4c32796ae4	870
6d1b47e2-da3a-4be2-9e53-ba66345d3f11	856
6d1de6a7-5a48-4215-a5d8-31b1578031c7	862
6d2104cd-135d-466f-bb25-0c102750904d	1806
6d22e41f-a8d5-409a-9725-619433e59220	940
6d2ef59b-ea4b-4bec-8abc-ef92116ba539	1142
6d2f24b3-42ad-4289-b403-08d7375f492f	867
6d3837ff-6104-45f5-863e-05663e657597	1184
6d388e03-aec0-4b57-8248-bd62f5b80f77	888
6d38b283-fcb1-4d01-8642-b84ff310b714	858
6d39d093-c221-4a55-9b49-55cb4f3fa677	884
6d3b6464-85ae-4d2b-9ea4-4b30b2eded65	1185
6d3c5d50-59a5-487b-9c7f-9d4e9997c1af	864
6d41bf47-c5df-4350-b91f-d4604920f4b1	1170
6d50e6a2-4b3a-4f4f-8860-6af2d3b1967d	1181
6d54fc00-faf5-48ab-8abc-1378ca6cf66b	1186
6d581ad4-c637-496f-99d5-61a9a151f397	858
6d590ec2-db52-484a-86d7-2050825707cb	860
6d61cb33-1460-42e6-9476-050c49bb6497	1154
6d62ff8e-ea5f-452c-a0f9-65664399308e	1182
6d6c1b64-e1f6-48df-911d-124453e56d6c	1156
6d6d7ee3-ecb0-4d0a-894f-a476473b5ab5	855
6d767f95-01d0-4c1e-89e1-bbc2b0cefaaa	887
6d78a026-e909-499b-9a02-399f9c74614d	882
6d7a55ef-7b6a-4196-8c8d-281ac395fe5e	1169
6d7c7b16-b233-4f3c-97d0-25f5efb69621	1174
6d812900-4fbb-4134-88c7-197806702d6b	1159
6d829d53-b19e-4bd2-9e63-6f83a2343c56	882
6d83c2ed-9cee-41b7-a129-076e090c10aa	1175
6d8459de-3120-4482-868e-d6cc7da7f31f	863
6d86ce93-3d6c-4afb-bd5f-2f5ad5e27a58	1170
6d9951c3-ec27-4c7f-bf15-f0b37ed23048	1187
6d9e317f-170c-4a74-92e9-ecbbc3f89ebe	882
6da782d8-3804-4ce5-8110-52bf9c0d3c41	853
6da8b1f9-ef9f-46e1-ba98-dde0e8a8eb08	861
6da9a470-a34e-42e4-8825-f68d448214b2	886
6dab4c57-8349-415a-bbc4-5b15f1eb205a	1188
6dab7d75-2e97-4b8b-8f71-72758260c4d4	1174
6dab9ea3-6bb0-457a-8303-1963f77be5f1	857
6dadc512-d5b4-4418-b1c1-979a549985eb	764
6db04a39-ee74-4759-bd5c-7ee88f3ae0e6	858
6db0dae8-9766-4952-965f-91f269a0d5e0	1182
6db1a5cd-0f3a-455a-9d42-fcd40903ab4e	991
6db5eb2b-325b-432f-be5a-11959888eef5	1191
6db7844b-9240-4bc9-84d2-5640e0eb127e	886
6db7db7c-29b2-4add-9fc3-cd5a68ccfa06	885
6db8bd0f-b074-452c-a873-d535fe2d7244	889
6dbcebfc-7ea5-4338-af1e-aa31a0b34b94	888
6dbcfe8b-ab1b-416d-9881-41c41d40ff33	866
6dc18868-4d9f-4288-8115-b05488b22f51	1192
6dc4f97f-9485-4948-9528-ecf6f3c65818	566
6dc5c564-51e3-448f-b9c9-75b94b46d103	1161
6dcd6e33-fa8f-41e2-8375-83a33e4812bb	885
6dd1d8fa-e1b3-4a0f-a54d-2fcd1c117b19	1186
6dd47320-90fb-4bac-b4d1-b87ead51f768	862
6dd62749-8fda-4c78-9481-ebf4055bc252	884
6dd6bde2-ab23-4ee2-95f0-de73c2475f73	1183
6ddc63d6-1d27-4778-bec9-2f017f9efef3	1186
6ddcf7d6-9da7-473a-8c5a-7abd4ebba638	880
6dde8c4a-77fd-4081-b16e-b1ce3a8e3727	1167
6ddfcebd-7ef6-4375-b7d0-cefac24a59d9	1182
6ddfde81-a8c4-4a0b-a05f-ff834837f724	1168
6de360d7-c98a-44b0-affa-fc78d3538068	1184
6de49deb-8e13-4abb-b8c4-7708eb0e4e9b	586
6dee8065-56bd-47e7-a40d-43bb665d241f	1167
6df0d4b9-1efe-43f6-8249-bccf80b38969	883
6df402ee-c732-430f-a98e-fc91160241e9	1615
6df4507b-1e62-4b98-8fb8-ed2a119bfda8	1185
6df63d35-c698-4064-bf98-7b392432a08e	1147
6dfa2d61-4d02-4725-afff-06e19e04bd9b	862
6dfdb094-3502-412a-a02b-aa0ad754936d	1165
6dfe67be-5b8f-4777-abcc-0f5fd4428555	1188
6dff9b44-f22d-4e6e-bd82-d177cfb4cf81	1192
6e01fe03-07e0-4d8e-a9ab-db56f7ec4ba4	1177
6e021de2-9566-4726-ac6f-d99a169592c2	1182
6e031743-05e3-4ee3-b037-2a5b06495136	1183
6e04d8b7-54a6-44fb-830f-7d31aa9d6e38	886
6e0701cd-7cee-42fd-81d5-9c13982e3589	1164
6e092d58-c546-42cf-8d8c-d32afa2c1eaa	1161
6e09648d-c73e-4fdb-932f-38fb9ec2ec3f	1167
6e1448a3-c182-4a0e-a6dc-aaf7237f885f	1162
6e1836e3-a25e-45a5-9fa4-a00a76e43381	885
6e191a32-e194-4389-a4ab-3b2bdf6f57e2	906
6e198b50-64df-404b-aa94-a5184ca9ba6f	1176
6e260c2b-d7c1-45e6-876f-c8c9e548c1f9	1184
6e286982-3815-4a7f-9643-50e3f4c10b79	1849
6e2a421a-2407-4d72-93df-24bee6087c8e	1183
6e2cdd7e-f5b2-4c58-a409-3b4a1c88c735	1187
6e2f5984-23fd-4f55-915b-2acad3258d20	1187
6e3a965f-1a3b-4a7b-8e0e-23f643ca1b1d	1174
6e465744-4aad-4614-9a78-4477226eb072	1150
6e47090f-d6ab-494b-ac59-55681c1f0022	1187
6e48622f-10ad-4063-a57b-b7c21b7a7e47	2045
6e49b55a-3190-414b-b79d-e54804672953	1169
6e49d383-6720-4edd-bffd-72317ae11b13	886
6e4d35ec-4a38-415e-ba5b-e26e73fc8f0b	1173
6e5210f3-cfd7-4ad8-a5f5-4e371ada35d2	1154
6e526b81-ed48-434f-91ad-0ea4305c55ec	1186
6e528562-a43b-4c31-b79d-a17fee802cfa	1177
6e5a03c7-97c0-4d48-9fe7-da08aa4d480b	1165
6e5cd376-6f0b-4968-aba9-ea2c72c61d45	1175
6e5d0f18-bd5c-4386-a031-2856629522df	1025
6e645327-5531-46c0-847e-cf0d5353b6c7	1160
6e68960a-f850-42c5-819d-c6b8c03364a8	878
6e6a47fb-f29d-4d53-8f16-0d096225b725	884
6e709a0e-0620-4367-a55e-e81897ea6376	1151
6e71320d-d71b-48ce-a889-9e37c92ec63e	1181
6e74ae95-da6d-4cd0-a2c8-85d36c46bcc0	885
6e751cce-d5c3-4400-bfa8-13e6a9233621	1168
6e792d03-84e1-4251-bc3d-96fcb43c7b5d	888
6e7e4e73-2a33-45a2-a4f7-d41bead2d7fd	1269
6e7ffc56-f0d7-4f2e-ba98-9298b37ec806	1186
6e802b67-df40-4875-8a6c-70fa287c786a	879
6e856102-25c8-482c-9474-01456ddb80d3	1173
6e88de61-2e9c-4bcd-8920-284cf9def89b	1160
6e88deb7-e1f3-4ba9-9b61-bc6852920a74	1179
6e88f311-72ee-4e7a-becc-4a1ad70c3276	1181
6e8ab501-e24c-4be3-8064-63cbc6715b0a	1182
6e8bd64c-8f7e-45d2-8fc0-cf66010169dd	1192
6e91e88b-4e7b-432d-bb7a-f63162d861ce	1170
6e951837-8b35-41a9-bbc6-d23a77c0b653	860
6e963619-e633-460b-9932-528468878c16	1163
6e981037-8c83-4f37-a3f4-df9db464f000	1165
6ea117ac-3878-4546-bdd4-0d17a20871a2	857
6ea2cd59-7e5d-457d-a2f6-046cd1ca25df	1177
6ea5b507-8d01-4702-adc0-88a13691c35f	1181
6ea62f51-59a8-4b00-82b1-ffa5dab27d4a	867
6eaccec6-e165-440d-b090-ff0f575d3374	1160
6eb8bac8-c732-43c3-b282-c77971a6a433	1158
6ebc8d61-e16f-49ff-9d7b-506fa572dce9	1183
6ec074d3-e2bf-4cad-b3e4-d279a43185fd	1182
6ec85ba0-6612-4e7e-bcbe-3bd01a549263	883
6ecb1631-c6da-4213-add9-80e7bde4a811	1967
6ecf7fff-e691-4d22-b81d-189a74d0aed6	880
6ed1a511-b4f9-4fc5-b847-eddf26e8183e	1164
6ed3c9c7-92e3-4d1e-aa42-d9a2330a6520	862
6ed5e026-66e4-4fe1-9ffe-54999b1e866c	1185
6ed7afbe-649e-4a00-b934-65dd26d808d9	1175
6ed7ec92-3e08-49f2-bf00-73cea086b47f	1159
6edb9e76-68ef-4802-b310-9d45d902a6c2	1162
6edd03e1-007e-47a7-b0a9-654cbea5861a	1184
6ee0e23a-f9da-46e4-9b22-646f5b84c725	1166
6ee51d99-7ba1-48e1-a230-acc6bbd1a51a	883
6ee5de93-4807-457c-95c1-9bf245c1677f	1162
6eeb36c3-2642-40fb-8c18-742802f58a6a	2037
6eec1986-e084-4943-bdd1-41ef02356b58	1157
6eec2212-90f0-4d07-b25f-c0c8bdfb47ff	1177
6eeeef05-d423-413f-9996-3b3cdad0c9f2	1185
6eef3124-8c03-4d6a-bf57-b4e56772b117	1185
6ef54d31-7441-4333-97ce-9fd25595fd43	860
6ef5f855-7a2c-42d0-8123-c494c1c0a4ea	1509
6ef6aa49-10d5-4b76-9cc9-fd56a2899587	1188
6ef719c1-ad05-4717-b55c-bc99c29a208e	1179
6ef77b0b-ad47-40ba-858b-db3677508774	1163
6ef78cfd-12a0-4150-934a-4e6fb4b6c368	1156
6efbfcf3-529f-4aa0-a466-ff0a858b0664	864
6f0496dd-f832-4b91-80c7-4ba26b25f6c0	1177
6f1290e8-dee7-4b13-be98-2ae8797e8670	1157
6f15f1dd-95d8-4104-84e6-00a4f06d61ef	881
6f16836c-b874-4fc2-9a00-32674f07d7f5	1171
6f17daba-da00-4a0e-8669-5c5e2af4158b	1000
6f202005-f8ee-4f26-a1e7-7134838a2246	1172
6f21ec42-44cd-4331-bc5c-a61b7985c3b1	876
6f240a11-6e5f-4dbb-a3a3-99481b87c965	1168
6f251614-5783-4fe0-806a-4300e5156571	1179
6f2d6537-c335-44aa-99b7-c979395c7b2b	1186
6f2f111c-bd40-44fc-a5d2-37e9ba82d742	867
6f2fe126-8fb4-4f26-a3a2-a2b1cbd1c177	886
6f335934-712f-4b63-be7a-c0a563a4c36c	1182
6f357464-494a-49a9-af65-e57aab1cd900	1159
6f36527e-91ca-4490-a0d2-631a59278d33	778
6f36f3aa-6aeb-483c-86fc-bf40233c3f01	1180
6f395c81-d7fe-42b7-a9ea-299a3f3b17a5	864
6f3ad04c-d8ed-443e-bfca-a58824eaded4	716
6f3ef8a0-c396-49a5-808f-dc67d3b11f24	1173
6f402c98-5a5c-40bb-bbcb-986ac928b5cd	882
6f431a80-1cb1-4efc-aac1-443fceae591c	890
6f43dfe7-54c3-4ee1-b908-182b1742496c	879
6f47c5fa-2e56-4275-9289-f335e1b574ee	1108
6f570ee6-fcdf-49aa-a57f-4c845420421a	1168
6f57e5e4-a1fe-487f-86b9-a0da46fc5c1e	861
6f5e7864-bb5f-4520-bf83-c4e8cee0c713	1158
6f67b542-4c07-469f-a98f-ddf5e4eb4349	1171
6f742853-52f4-4682-84b8-31a24d1d2299	1166
6f77a06e-5e3c-46c1-8cad-4722b1a5c703	1161
6f794e58-307f-4a33-92b3-f89a39f5229b	881
6f7acdf5-9e5e-4a10-b200-20d2c4783008	1179
6f7af576-856e-4675-90fa-14f95489b9b5	853
6f7f87f8-e5d6-4235-9ce9-47a9cc0e5382	886
6f84a2ad-41b2-4ff2-8a91-b8090849b22a	1186
6f87d810-e495-4520-95f1-ea695fbf17bd	1167
6f8c9d84-bb0e-4650-961b-49e83e2e515a	1176
6f8eeea2-6bbe-46e4-9eac-91dbf35e04e8	882
6f8fe3df-d6fe-40d8-9bc9-616b285d0229	1156
6f91b9d5-c2e5-4e1e-8af7-6d9f03ecf1f8	821
6f95d4d6-b450-4ebe-82d8-f45f2bfca789	1184
6f96340b-3d8a-4ead-9656-953c67f6056a	883
6f970b95-3412-4a55-bc74-d1dd69bed5e9	861
6f9fd85f-a0ba-4b67-b7e9-e9667ea6f807	1160
6fb2b8c8-7cc1-49f0-b379-29dd5050d3c0	1877
6fb5a596-e595-4e74-bfbf-765e152133c5	1161
6fb5d58f-49d2-4992-b334-c77d6c4e0048	1161
6fb792a6-b6e3-4419-ae0c-0d3ee995b708	862
6fb7c7cc-3765-4342-bccf-18e708efbe02	1177
6fb81831-d80a-446b-87e4-f8b7e41f58b1	1153
6fbc9440-b20b-4d21-8f7d-53d17c515cc9	1833
6fbce48d-d35e-4773-8aff-dbdb7da70612	1185
6fc6f75b-da41-42bb-939c-6a6b8cde4356	1166
6fced863-ab33-4eff-a027-3723f41eb9f2	1185
6fd05916-190e-4e72-81fa-28de4b0a6c58	540
6fd33798-2d83-47a8-86d7-ef46a9719ac2	1161
6fd3d8b1-5cba-4a85-a60d-3d5f6ae18cd6	1188
6fdb5407-6957-4639-a7d2-da8a182869cb	1180
6fde38ee-f0da-48e6-8d08-8b11f0ab48cd	1180
6fe0531d-8dc0-44cb-9792-6799896dbac5	1157
6fe12cb8-f66c-46fb-81f8-783ec5750e3c	2091
6fe1425f-5f1d-4f9f-a27a-36b2b321968e	595
6fe65990-3d0a-4cbe-87b8-7138256c86e1	1167
6fe7ca61-1123-4fcf-bffe-17287ff45d05	885
6fe97e5a-7b49-41ba-b3e1-7e742f78b06b	979
6fec57a7-fd14-4739-a6ca-79f12d2bb343	1186
6ff09031-96c3-45fd-b57e-889d210c7448	545
6ff2ffed-d5d3-4275-899c-ddb61ef34efe	1167
6ff862ff-40dc-4aeb-8155-c2b8bae66711	1167
6ffa08c3-bd32-4fc0-8746-f381ecbc8b78	1185
6ffc8d5d-cd26-4295-8d07-2822affa150c	1162
6ffedd81-082e-4743-81bc-ac33f842fe98	861
700fad32-07da-422b-860f-bbae5683dedd	883
70141101-637a-4fd0-837f-c27ff5430513	1171
701540ea-9eac-4e33-8ee8-54c2540a6610	1166
701ffbd8-d69c-4b8d-8324-6f1d4d27c8e0	1141
7020af08-7aa0-40e3-bba1-ac8073fecd28	1188
70291405-a74d-48ca-85e4-6a18b2136fda	1175
702ae496-945d-4839-8fe2-d4a776c2c4e5	1166
702d9658-b6cb-4682-b9a9-bffad8ae1fda	1182
70329f3c-4616-46fb-af4f-030ce3f7aecf	1168
70377b20-69de-4ea1-abbe-e4cda1774598	861
703865c3-9f95-4c71-abcc-3509c7c4d299	1185
7038f01a-6d74-42a5-b81f-737d325a8ace	1186
703a023c-5f89-41c2-8e9a-05ac49ea2969	1190
703f182d-a95b-4249-97ef-51b5617b92c6	1169
703fcee8-0ae1-4b9f-83f0-6ef15cddb93e	1170
70429e31-b0bf-4a0f-a6ba-e45d9ccdd6bc	880
7045eb38-0ead-4ce5-b996-58c25b799c16	1166
7047e5a1-e0d8-440a-b79d-daee1f7fb0e9	1164
704a5f52-9e38-4b0e-a90d-32b4138e27b7	1190
704a9273-528b-49ea-b78c-9966ee4e504c	1170
704b5604-ac88-4d73-99c0-28497d6a7493	1177
704eb79a-6baa-45b7-9747-dffcc747dddb	1176
7050d351-9723-4a63-9d83-e9f359c7c6ab	663
70573374-1c8c-41e4-af34-4007317fd1eb	1164
705db2ed-27de-45de-b43f-9bcd4600aaf5	867
705e1a04-bd57-4e2b-ae23-fd9e5e035644	1191
705f0a55-1eef-4a1c-8ce9-f7c6447d95f0	1185
7061f227-8518-49d3-94de-4e772ea2952f	886
70632371-f7c2-4099-94f7-5d73fa4f23bc	1165
706827d6-0526-4071-8a3a-4818bfb353b8	1161
706938cb-5958-4faa-a353-2273aa55c69f	1185
706a9518-c8fd-470b-9ff6-e84dbd857c03	1710
706f17e9-e656-4997-9fbf-30c63f0135bc	1182
7077cff1-7910-4cc7-8df1-145740484778	1190
707a0a42-209b-429e-9452-c20f515dc3e5	1161
707bf073-02ad-4e64-a418-b08b9f7194ec	1191
707ee4b5-d8a6-4e8c-9682-67fe486d6e29	1178
7086a4da-e933-4dfd-b0ff-56cb74d47855	855
70873689-0e5b-463e-8760-cd47abf4579b	1171
708b59a4-bac5-45fa-91fb-39b12096cd12	906
7092243d-006a-4adb-8bf3-f70b3db46925	1182
70950005-650a-44c1-aed7-11ea11cff875	864
709546e1-70ed-4a64-a371-821a1b501f20	912
70990b4e-8522-4209-9235-18e4399e44e6	861
709a4c8f-959c-40d8-b21e-9e37d044c195	1188
70a89983-bc80-49e8-9780-3a89794b5ac0	831
70ab783b-6bfb-465e-9e98-d18a51377cfa	1163
70b00606-3251-4586-9ddd-7b27c5fa501a	864
70b6604f-ec0a-46ad-94fb-cff4123e3edd	1165
70bc2594-ca30-4849-bf80-e30730e29f57	863
70bc9215-1ef6-4c31-8409-b20e808875c7	1184
70bd98dd-466c-42e1-b3d0-781f5bbc6669	1182
70bdf4aa-187c-4c82-99c7-320d199d8c84	1163
70cd0763-ca58-4cf6-bd24-5302d05ffa54	864
70cd5801-96de-47a7-97f2-40e53096fa64	1138
70d2df1e-e73e-4ec3-9ed8-eb8730723467	1161
70ddf863-653e-4654-be36-9215c8573b65	1192
70e33a1d-eef5-44f3-a23b-82981d5747c6	1171
70e651b8-38d1-445a-8946-3e3095304bcb	1182
70e65af4-c107-48c7-8418-19a36bcc6855	1181
70edc4ac-9ccd-4978-a3e4-8216f3e2c647	1158
70f32773-4bdc-48e2-9e60-2c811ef9472a	1189
70fafc31-c826-4db5-94a6-79bdce30f47a	1168
70fb0fb6-952e-41cf-a69f-ae0b4774c6de	884
70fee973-85d2-4b6b-8942-2f3d71958fcd	1177
71004c17-9644-48df-a784-cd8e9ac06a69	803
7102e7ae-e247-4704-b148-e6f8827d993e	1180
710571d2-2a42-44e4-9663-e5157109b5a5	1173
710a0d95-8047-4b2c-9adc-c63252a81423	888
710a6be2-19fc-425d-814d-a701d7525db8	1182
710b40d8-326d-43f0-9648-9e70fee16602	1191
711d4c1c-a647-49b0-b0b2-0bb698b833c9	1184
711ec32b-7596-4621-a61e-e3270a6d26de	858
71215e85-6e8d-4838-8418-b5fba8f65758	865
712943fd-81b9-4359-9a1e-f50a985008f4	1182
712b9d7f-6083-4909-a376-ef397df3d356	1169
712ee1d5-70a9-4b00-87b3-af0c1b2729ee	1163
71336b22-a340-4cf8-93c4-7818c74bad84	1167
713b293e-1556-47e5-a948-6e8bfbd58319	1194
713d6b8a-3b44-455d-af60-fa0d9a070761	1177
713ec267-0be9-434b-8926-60044ab1a833	865
71405202-2cf4-4cb4-b9c4-252b17800fb2	1170
714c6793-3932-4d73-8948-5ad4733e224c	1197
715284b5-fa44-49bf-aff2-4cdd06ca7f4d	880
71535990-6a9a-47a7-a33a-dc61cdbc17e8	1176
7154edca-d2d5-4136-a21e-d63d8f3de489	1164
7159268f-b928-479b-b991-919f1e5444e8	1185
715cd1ea-7569-410c-81db-e4e46e8367d3	1183
715d3bed-cd41-4994-8c29-5223c848d19f	1153
7162a8da-4709-4f37-8233-b05dc52ae5bd	886
7165078e-6b33-4d6c-bf00-c338f080206e	1171
716d65c1-c77b-4fa2-b6da-08851c889002	1187
716f4ed3-e730-44ee-86ba-6e72c364296d	1158
7173a1a1-f4a3-41b6-9269-5f5d882fc16e	1191
71750c88-fac7-4c92-a943-ae3e55e2e7b4	691
717888be-6ad5-48b3-9e84-1caff42b7e2c	1181
717ecdd8-cec3-48b5-b66a-131872fa756d	885
7181c8d6-c595-47ae-8eaa-80bb8c484962	1186
7182913f-752c-4fc8-9222-1df98ec71c8c	1171
71875b2e-eaca-41e9-ac5b-dbda539a7afc	995
7189c075-45c5-4091-bd49-69742d7692a8	869
718f4211-bb15-4ee2-8fc2-ef72bbfe517c	1184
7191d6f1-83e1-467d-870a-8d8c4987c065	981
71990c8f-eca8-4639-bb44-0646299fe5e5	1188
719b0254-3539-43d8-b6a0-73468d20fc1e	1188
719d15d1-bcb6-4bad-bcc9-1750d187b766	1185
719e7eba-5715-4a6e-9054-df10e98e82d2	1185
71a3bb55-358d-473f-84bf-3a73f6744c93	882
71a742dc-92c8-40ef-b794-8bec8d472bed	1189
71ab3b5b-05de-4066-b301-f6842a4e5643	1190
71ac568f-6340-40bf-bf13-171fcc1f1282	848
71af8998-fd3c-4872-a40d-219711438fe1	878
71b42d9c-ce99-4868-8ce5-757ef0427e0f	1190
71b4b6ec-9608-4af9-b397-552656ad0689	1157
71b4f0e7-d127-41eb-814e-4640ba1a73ed	1168
71b5e79c-5171-4450-9db1-9faef26d964f	1166
71b88c71-f86a-4649-899c-c12f1e5f3cb7	1166
71b8ed18-6d44-49ba-ab4f-c2947687927f	1166
71c0caa4-ad6a-4135-b8ea-8388756b978a	1191
71c0d1f6-fa1f-4a2e-adee-acc154c4ddc4	1162
71c4a01c-24a2-4b4d-b8d5-8babbe94ad39	1606
71c4b92f-b69e-44ff-a7bb-a6fbae7a931e	744
71c74e2a-d376-4e82-b843-5b9510ef8df1	1186
71c75a92-212d-445e-9e52-1f779c2be054	861
71cf3d8c-d32a-474e-8e4e-f20bf94ac225	1302
71d0068f-dc18-497e-a108-1e76e4c5c965	1181
71d7ade2-6048-4ddb-a4f6-50d1f6a9d32e	884
71ecdb2f-18f4-425e-b2f3-793fe83fc593	914
71ed587d-b105-47fd-b79a-a86d8a5df051	1169
71f01a8a-8906-449e-8545-6fdf3419d486	1160
71f67c12-d0cf-49cc-b52b-a8dd2a90b620	1184
71f68ea0-ed73-428a-96ee-cb1c911aa15f	1189
71f74909-f233-4ae9-be2a-ca1b5e0e21af	858
71fe1cd5-271e-49a5-8e8d-bcd520e574ca	849
72004cd7-40ef-47df-92bd-48ea32a0bc13	877
72035e56-4aff-4bc4-9dc9-3425ff04d185	860
72100f37-411c-44f4-bfa3-7834be47213e	1168
7212dd77-6b30-410d-9cb0-9bb3b8839d5e	861
72142542-77b3-4cd9-a3bc-78004c576eea	861
72190ca2-f022-4f84-923d-fc68da1a857e	1169
721de801-ef22-424c-ab90-5b28a1e5d7bd	883
721e3d7c-44d6-4981-bc2d-ba9856a35c6b	1170
721ed392-dbdb-4a85-a65a-ca80ab0c6e56	876
7222f472-41cf-42bc-b960-47bfc513ea75	1180
7228546e-f93c-47b3-a9ec-8d3b93b602b5	728
722ac72a-97ce-4da1-80ce-eef772bd7d0c	1149
722e834e-3c78-4d3b-a295-e71c042e20e1	879
72352a08-3ecc-4d3d-97bc-630ef6f4a919	883
723552e2-d64b-4119-867f-0587fc877e69	879
7239b037-9a2e-43b1-8cea-c15bf6fd939b	1168
723c11ba-20a8-4c46-b9ac-5b93c75cb4e3	1185
723f61de-01e9-40fb-be84-0f9156aa55a7	883
723f6d1e-e35d-44dc-97b5-612680a723de	1184
72400648-5141-45c8-a88b-fa4d9ceb3498	1345
72413387-faf7-4e8c-8e5d-b92f23c82a98	865
72422b93-a0f5-49bc-9df1-81152a029915	1172
72513690-cdd0-4f5b-8821-304cfb90e594	865
72520335-1f88-46b5-96da-6fbbad290fd9	864
7257a326-9990-4320-bf05-ab3b681d93f6	883
7257d90c-5574-47a9-b593-0e944f731612	1181
72583496-8725-4f6c-8e33-1601a55daa22	1165
725bfe6d-81a2-40b6-8807-789d77731839	1164
725c1ac2-f943-4133-913b-b690180bd499	861
7260b5a3-d6e7-46a0-9e57-76f3ba8a80c2	1183
72614bfa-13e9-4c0e-aaa9-7e37137bf50a	875
7264f820-88b7-462d-a41b-7a6817794d99	1165
7267f32d-5196-44ea-8f03-27b701e2e9dc	1164
726a1736-ba83-45f8-90f8-a8ef3085597c	1178
726af7e0-04e6-43c2-a284-61aab0713334	861
726ed5ef-e543-4820-80a6-3d98c7951305	1186
72702f4c-e820-4b2d-b4a0-91904cabba9a	995
727ba8c3-ec34-4589-bb44-ab48a6ac7582	1158
727ed3ce-becb-4cab-ad2b-865d4c2a276e	1182
728848f4-8275-415e-beaa-7b0bbde4af8a	1180
728cddd8-5b7b-4d3e-bc3a-5d57adcf2db5	867
7292dd62-f36a-4917-a2f1-b019240ae825	1184
7295148a-06a5-4b32-9528-74a9ebadb78e	1185
729b7b37-a7b3-4679-bc00-96e487eb0863	1184
729cac94-13e1-4a77-bf04-488d1165635c	883
729cb7eb-b65e-4991-9283-bf4ba7a4b1ef	1182
72a80342-3882-4023-a058-fda0ff86abb7	1167
72abb951-85f1-4b08-b96a-32bff2380883	1184
72bcdd8a-f0ab-4874-9a99-4796d7755999	1186
72bda6d7-8e04-451c-b164-b87eeffcba50	1188
72bf3d17-e825-4ffb-a657-42e95832a7d7	1170
72c1757b-d638-414f-8a12-2cfc1d176e6c	1169
72c3a4f6-726c-420e-b35d-ad14807ccc86	875
72c49439-e7b9-46a0-86e6-d92e4b158a9e	884
72c86fca-b055-458b-9b93-edd1ee97cbd6	1179
72caf15e-2a2a-43a1-83b8-6d255ee7c362	1166
72ce0148-6ea8-4437-9552-ac747c45f9ec	862
72d0cb04-9b1e-4d93-9238-7c99ecc6d188	1329
72dc08ba-5e53-4475-8bb2-c4af63bbcd1a	1185
72df352c-1c62-479e-b76d-0fb94a739388	803
72df87bf-d519-443f-8b73-1212fdc76ee5	884
72e10ac0-5a2c-4707-a20b-cd869c206dc5	1166
72e1655c-7063-475c-b79e-6e62329febb0	888
72e4c5a9-6474-47f0-9299-b6b6d6488535	1913
72e662e0-311f-4043-a3d0-a5a93710ccf3	1178
72e679e1-2099-44d1-8b12-e65677360f41	1184
72eb6fbf-1863-4b22-a96e-910b270554ff	1188
72f22266-e4cd-45e7-abc8-7b996cf745de	886
72f226ea-e43e-4c80-8ce0-6f83988ac866	1158
72f250e6-5418-43a4-93c3-1728f0842ef7	1151
72f4b19f-fd00-4ddc-ac7d-0756e1432da3	1174
72fd3d22-37a0-40cf-b629-aeb905039755	1192
72fd827d-5a51-4071-b3d0-9db46ade9131	886
7300a67c-8d16-42fd-bc83-c96272046914	1188
7301639b-3a79-4b83-9422-25471bf820bb	882
7304a599-e953-44d5-9e6f-1eea7f2b6989	1166
730ac623-44fa-43b8-b3b4-4744cad003c8	1161
730e01fb-9950-449a-8509-ccab8e901ccd	1144
730e28e1-a7a1-4bbf-9a9f-57029d13f40c	1186
730e7797-ac82-4d81-81a9-c86509664b31	1162
730f6e35-2e20-49cd-a6f7-235421bc7d84	1154
73129663-2a31-40a6-b457-67e267b0f36c	1190
73155ced-024c-4a51-9dce-175ebc9e93c9	1181
73169761-7a4d-47d8-816d-fbb88ccc9a99	972
7316fa5d-132b-428c-aa31-c06da179fc6a	1163
7317bce0-fc5d-46a6-96a5-91a365efc209	1162
731a0059-4f7e-4194-acb9-526ab4825ef8	1152
731b33d8-7e0e-4f14-9250-58566734570d	1162
731c1e9d-ada4-4fbb-8f1e-ea771a7e2e41	1165
731f48fa-20c0-45ba-82cc-d2a7b5cccc94	988
7320a5f5-1048-4043-a064-cd9345b8648b	1165
73220836-1706-48fc-8877-582b617d0fa2	865
7323d77a-e8bf-4d55-b049-09db6de638c9	877
73267bf4-477e-47a1-a7ce-99ace4c35421	1177
733e07f4-9803-47f0-823f-58daccf8e268	1178
7341c97f-d912-4c4e-8128-676f64955dad	1180
73428aff-5ccf-4635-916d-4cfda3154d40	1163
734580e1-cefc-493b-90c3-464321140eb8	862
7345ac52-edbe-49a7-9978-e258ddbd1adf	1162
73470668-0272-47f3-aa46-bb9eeaa77184	890
7348bc9f-d7cf-4cc9-bf89-bd0b3527d5ac	1186
73497f49-5dd4-41f9-98d4-e4861baed533	1167
734fe165-022a-49f1-8e33-597ecfb92055	856
73534bbe-d17e-4aa8-9afc-194a67baccb0	1166
73550444-99d0-4d89-a090-e8400feb5880	882
735ce704-980b-4ffb-a5ec-8e43ad6bdc2f	1190
735d2352-7bd1-42f3-a617-e247aa4a3e34	859
735d4074-d10e-447b-b05f-31f65ba69801	1165
73602e62-d06b-48fc-9d3a-37bff0fae2c8	1185
736250d1-3b0c-44d1-a242-81ab038cff78	1178
736a1e9b-e8d3-4562-9988-a0ac7e9f5f8f	1162
736bf283-2570-4498-929b-0ccbec35ef31	1164
736efad0-66a2-42fe-8b03-ead1a01f32a6	1160
73735c61-2b8b-4520-b923-4906b412b634	1152
73755154-6939-453d-b827-166484af9807	1166
73757cce-eb11-4d69-8945-ba465827cd43	1163
73798d51-a51e-401a-8806-d893527936b0	861
737cdefd-ef8e-4982-b205-67b8f2c5b3b4	865
737e108b-563a-4f54-a983-398153a3266a	1148
737e3951-e9db-4d39-bd7d-13d83fc80dd0	859
7382db69-c19d-48ad-9ca3-e848e738db24	1189
738582c2-371c-4216-b393-97ce6978bbba	1160
738ceaaa-cd35-4a50-8df5-dd02f999de73	1185
738e2b05-a7e6-4f56-be01-988124f8ca5e	866
73911e05-dfe8-4896-a4bf-d421eb379f62	875
7391fbfb-a182-4ec4-9f97-233a464864dd	1178
73921fd1-b1b5-410f-9807-974d17d15fe4	1167
739346e0-150b-4020-a6b0-6eb1c6a9253c	1159
73968395-f584-484a-a315-dab509493be3	887
7398be73-ece4-46b0-93ae-1e0da53cc302	858
739b7cd0-a415-44ed-b4c1-4e7790bcbf22	886
739c94fa-f57f-4103-825d-a65c9f71f46f	855
73a345b2-5134-4b78-b11f-91200f75ef55	1170
73a73c4d-de82-4775-9938-00ad87f95a49	865
73a91569-89fd-4032-bd06-abff314877bb	980
73ac340b-9ba3-4bee-a5d8-0a7d6eec459d	862
73ac6154-c821-49e9-8ca9-b16ff0402143	1166
73b1e5b4-426f-48ed-9503-6096b8d12bc5	892
73b2e433-4994-40df-84fd-e29fa0715376	857
73b401e9-f6b2-4f28-933f-1a1571868c71	1162
73b40296-5d9b-4600-8b60-ccde79314eab	1178
73bf37eb-0783-4885-b102-f4f7d4bd85b4	886
73c14663-c64a-45bc-bc47-7e9106fe81a3	1180
73c53b42-2b33-4343-aeb7-ac235a596381	863
73c5b8a7-19c7-4f04-acdb-b4e6a332c46a	860
73c92a5b-1c2f-4ec7-a565-fef85cb2592f	640
73c96c47-6f30-4f95-86da-97a52eff74ac	886
73cf2fa2-1828-4604-ab68-d4be648826e2	1161
73cf6316-48f3-4164-b3cc-6d2e8366912e	1184
73d42af9-bd70-4b49-9eee-8ce96bc5f2a6	1166
73d45c8a-3f55-4425-80cf-4fd4378be58a	861
73d55759-5ddf-4b2f-a9ff-3ca13205b453	856
73d59b51-0f51-434f-b9b9-b39464569930	1171
73d7494f-6c33-46ef-a850-007c3b921efe	853
73d8b729-b04d-4c1a-b839-bb0235b9b979	655
73d9feb8-e5ee-4d23-adfc-6d8850c790f7	854
73ddb927-83b2-4882-90e6-c1ed77c0485e	1180
73e14307-e6d7-4b58-ab42-2f04c6201a9b	854
73e2071b-6e9e-4b3b-82de-2149c38fa431	1161
73e43b91-65f3-4928-88ed-5aba8da73a57	1165
73e48c06-bddc-4258-b534-cfe629ae0f94	882
73e53cfb-3353-4c29-8a2a-4719daed7aa2	718
73ec0931-651e-434f-a4ce-06194663a17f	877
73ee0537-47b0-4063-9f7f-1b47f3d13aec	2245
73f0c340-48ca-4e13-b681-33e0453b24fd	882
73f183ec-e3b2-42d4-92a8-2ec876336f3b	883
73f2b794-66d2-4202-80cd-1932971de896	1163
73f2eb34-68ae-4a3d-9fb5-b202a0880c78	865
73f359b8-8b7f-44da-81c0-bafa93688dd7	860
73f5372c-7bab-4485-9da8-c7f86b62b0c7	993
73f91b21-cb88-4b76-8717-3c06d4995340	862
73fa4798-373c-42f5-8f2f-243ab045a251	1172
73fd1b27-816c-407c-8c8d-9717c449de3e	990
7406eaf9-9b47-41a0-bbe4-ade27f391561	858
74106383-abc2-4a7d-bdaf-84ecfdf45cad	910
7410a55f-dc1c-4429-be57-37aa133e67c8	1226
74243d62-9638-410a-a00c-e362e3fc7124	1171
7425ee83-2da1-4a34-8636-6d6e9bc83e34	1180
7425f0ae-bdc3-476f-8860-508c2e8e711a	1164
742bd263-ad11-41fa-8c79-c772a3ad28ac	1179
74318ae4-c862-48bc-9209-aecab2b89e10	1179
7432ddc5-0192-4316-bf26-a85a27354daf	1158
74333898-95c6-416b-b1f2-8b0b37d2a002	876
74341ff1-ee00-4cd2-ac24-8da6916eb402	881
74349b34-e469-4ab6-a9d4-b7505414895f	1130
7434dad3-77e9-4c99-98b0-30fff0a90db1	1154
743768aa-8812-4acf-9239-04e49b646c1a	861
74378e0a-d3d6-4d97-b42c-a5971a677edd	1184
743e16f1-8434-4201-924e-bf5cb0247643	1182
7452b738-129e-4172-be8a-b3a0647782fd	1837
74532543-47ee-4b48-b4d5-909ddb87fad6	1183
7454511a-bb54-4dc8-9091-52056a93f0f8	1187
7454e6e0-679b-455d-827a-4779e1c4b87c	1189
745951b8-fb84-49f9-9cfb-1f0c0857a3fd	876
745e14a7-472b-47ad-b505-0930e09bb9db	1179
745e1f2d-d90b-4509-96f6-a3b4673898ce	1180
745f49e8-88f0-48c0-be51-a7e9b87fd4a9	1166
746045b6-33b1-4ef4-8e7f-2eaab481ca65	1188
7462f8c7-aea0-48f9-8e3a-6c0f7003b4b4	1166
74677ef1-413f-48f6-b6a8-0f9cf70a53bd	869
746d0950-03c1-4b0c-b93b-fa8c6889a191	883
746d601e-5391-4822-912f-db50b302f370	1179
7471a52f-becd-4b89-b8b1-2f31f8194bb9	1166
74732721-3c4a-4a2a-bb8f-c14b61e56830	1174
74765b34-1910-46e4-9faf-c11bcbb4a34b	1186
747ac945-ab7c-409b-a12d-f1193780ee82	1177
747bda55-4e08-45f7-9908-45b55e67775e	865
747ffce5-5cbb-4d33-a0ab-96a01e05e1ee	989
7481dba6-a61c-4965-8d32-52486b6d6053	694
74823fc9-527d-49e1-8df4-5cb7fbc3a84e	885
7485fd75-d323-453c-892f-1ef89e32e9a9	1174
7489158b-e355-47f2-b819-c3123963f5b8	930
7489a48c-65a2-4d97-b191-f73853abe240	879
748f2cf3-65c1-4b94-9da9-9a228e16cfe8	894
7491b6da-2faf-47d6-9b13-4ef30b35c17f	888
74923e1b-4a70-4db6-bebc-e175f11f17ef	855
7495b81e-7ec7-4049-b5ef-e28826810183	1185
749cfb40-ab8e-422c-b6f2-a1ac9170e597	876
74acf98b-0f81-4897-897d-e72ba1b2918a	882
74af7e71-b03b-43c9-af64-bc4f3b8acd46	664
74b1cf3f-f25e-4b00-acc2-11a373eaff14	1185
74b223ac-2806-43ae-a2f1-7f9dd3f166dc	879
74b3f6a9-f131-4d1a-8a21-8d8bb7d811cb	1162
74b5162a-93a0-478e-9027-ca92efabde1c	1162
74b64075-0414-4264-bb0f-6205303445e0	1171
74c0059f-42b6-4ffc-93f1-b82485239046	890
74c44607-d306-44d8-bac6-342dac51b50e	990
74c75079-c065-4bcf-ac7c-b4a25cbb48a6	1162
74cb4b5b-d0ea-4d60-8862-2df39a8ec371	1184
74d03fda-b19a-439e-9e14-08543f9dd65f	860
74e3263b-b2d8-4874-b928-74d4f474b3f8	2072
74e6f45f-eef5-444b-9bcd-b7e81ee600e5	989
74e72da3-963f-4869-99ad-89b319dd5fe0	1188
74efb26e-f625-421f-a42d-6d738eace09a	1157
74f0390d-9189-490f-a5cd-7532fe729492	725
74f77e8d-5ae5-4241-8473-b0104689c203	1180
74f8572c-d724-42ba-b11b-fc5e99f9d759	887
74fb64ce-67f3-4216-ad60-6752269ca27f	1182
74fc91be-0a0d-4311-91d8-c9023da6ee7f	1161
75037643-b5e3-423c-96bb-025a516b03f9	1167
7504c247-082d-44c6-b636-fedfa1a76603	1180
75059497-f759-4ca7-bd42-c0e21e6b79e8	865
750a640f-cd16-44ef-9096-708299a1cf07	1185
750abcd7-5e4e-49c9-91e9-f756eee52aa0	1897
7521f81d-642f-4132-9df2-50d32e78e583	1184
75220cb1-524e-4e51-9aa4-1a4053b74bba	1170
75250e21-8618-4075-92c8-dbaf71b175b4	1166
75286a84-01af-4345-a475-d1ac789c18db	1177
7528f0c6-b6bc-411a-a38c-e3f3d083c3fc	1164
75293f92-1100-49d0-bd6c-ea2707fa5c9c	859
752ac159-5b6d-4c27-961f-046c67761c1e	879
753022b4-cbce-46a5-80fa-a8a7323c792f	1167
75315768-1c9e-43ef-a64b-8a80edaaba86	865
7534173c-1f2d-417c-97d0-b6333a40074b	876
7537c4f9-308f-4c97-9521-7943b7be8776	1185
753c2bb1-3bfd-48eb-9e4b-5b18c0fb56e8	885
753d5075-fded-4adb-a4d0-616689a917ac	1167
75426b9f-8fd8-4931-8ef5-f22e85d69441	868
754b184f-ed11-4842-ba60-7a25362d4bb8	1190
754ce7a2-ebd2-4a88-99fe-95944df8087b	602
754ce8f5-98ac-4cac-8c1d-a35b8136319b	1180
7550687c-b66b-4274-b16a-0e846812c10f	1169
755b666a-5f38-4949-a4f1-ac7149f2ad2a	1170
75645318-2a49-496c-97b5-637777ae508a	1180
756a26b7-655b-4301-a17d-b91ec8057c90	1165
756a4c7b-cba7-498f-9927-06470246de3e	583
756e0814-e814-4f2e-8cd8-fb68c8c99926	880
7571b6b7-bfb2-4a7f-be01-3b1b42be2a81	892
7572b139-9ba7-4c73-90e3-e5dcf70b90d4	881
7576aadf-c819-42e7-83ea-cfd505472a9d	1162
757ae146-6eb8-40c4-8a19-ae69e7bfc78d	1165
75830dc9-f823-487c-9ae5-e7323ce151fe	1176
75845d5a-7677-460d-8689-4630ef99c88d	1164
758485bc-c961-4490-bc70-62d45cae2fd3	975
758adc9f-df95-4f96-bf66-e88464690797	1150
75912fa3-fc88-4acd-8bd0-157b3a4c8936	1161
759ab4fb-8e41-407c-b6d6-cefac7f77c10	1168
759b9d0d-d1cb-4df4-ba64-36f2c8b33b71	1159
75a0c675-7f2b-498d-977c-df84238fd3ad	1162
75a1d271-d7ee-4a64-9f03-ad17639a09ba	879
75abd766-afc5-4d90-b4fa-9625f1a799cd	1191
75ac9226-b019-4b7e-8031-f942b5620695	1162
75b27b17-3017-4962-a981-28c4d26fd244	1183
75b37c67-1d15-430e-b16e-1f3ae602fdf2	863
75b3b4aa-cb73-4438-9d37-6f209faf97c0	862
75b9def1-0301-47f0-8a34-11f9e4dbc2fa	884
75bcec3d-0516-49fd-b3a8-94cb4a99226a	1148
75c5271b-b97e-409f-8026-5ddd60f75e04	1158
75c634c2-8415-4547-8e5c-bb6a0a411641	863
75c9394a-cf63-478a-86dc-1873db2a7482	843
75cd4aa6-bdd0-4c2c-bced-aac5556d4282	1185
75d20b11-546e-43ae-b044-562698043210	1163
75d70379-fd6f-4b20-9e5e-5c433c24801a	1179
75d7ab07-eb05-49b0-b7b4-9c98df2d6f45	1182
75d95ff6-793f-4bf8-a332-9b55172a6671	2194
75d9c85d-7abf-49d9-871b-d1d6eede78b9	1165
75db6c45-a642-4cb2-9e5e-a0a7381bcfed	884
75e742ee-9af7-41f2-a772-94b927e92823	1177
75e79b57-dbed-4bbc-bd77-8fdb7d4cc384	854
75eb3386-4e19-4867-b926-8437c667e8a6	1178
75ed709b-28b5-47b6-af3c-ebe07ff12c11	1164
75f5b04e-4236-4d86-b87a-55781f443892	1164
75f87170-3fc7-49f8-895c-fa18d29cbe93	2012
75feadb8-e3b6-4ff9-b025-9346f8cffc1f	1188
76017e48-3724-4b5d-a44b-6662b271a451	914
76030461-fb73-49ef-be43-1a01c1e999c6	885
7604849c-3584-40e5-a270-7bd23c4839cf	1165
76075401-368f-401e-a4e5-af8520fab0ef	877
760b452e-664e-4266-93cb-3328323f04eb	883
760eb071-f0b8-46b7-abcc-5739a81cc01b	887
76111e5f-141d-47a4-9347-8e7093b2d505	886
7617a41f-c077-412b-aa63-f2a5b45619bf	861
7618bb59-32b4-4c08-8cc8-305d697b1d9d	1171
7618cb5b-2025-4959-a6a2-8a3b88b15005	1167
7623e88e-cdca-471e-89f9-6a31af1d71c5	849
7626f431-7560-433e-b425-39e235ce7d41	1190
763674f9-109e-4299-bffd-486eafe4f877	1165
763d9dbd-1ee8-4524-848e-ec879728192c	1167
76419078-a1a0-40b4-b3da-72a4438258ae	863
76491c34-7bea-49fb-a523-d6494edaf58e	1160
764c333c-ebd5-49df-b0e0-b1f4836061d0	1182
764f3153-4734-4978-b9a3-0c2ac9461be9	1160
7652aa3f-4b72-4c35-931f-f7c059b9cd87	1166
76555cca-96bb-4325-a555-bf89687bf28b	1167
76582d7e-05df-4aab-b869-7108c5933270	1168
7660e70e-87fd-40ee-b26f-b0d8ccff2000	1167
7664df8c-d82f-4961-a56e-597bba590968	860
7673a67d-637f-474a-bd52-46e86fe3725c	873
7676f287-c8f1-4a8b-8746-32e530fc1715	1165
767969c5-a09b-4a54-9c1e-ebd8ba450287	1186
767a3a1d-c42e-4ec8-8639-770baf7fcd77	1139
767b5972-3c7f-446c-8f6a-31d2851e6d6b	1183
768545e1-910d-4c30-9ae3-b1b8526f0345	862
76873a29-1522-4f07-9229-b750683ad3c6	879
768ac267-1800-41ff-85f2-d21551be0190	892
768afa20-eaf1-49b1-bd25-d40f8958d3f2	1169
768d0049-262b-4d18-b290-a5f8bafe3773	1170
768df801-f12c-4e2c-9494-b73986c64092	1170
7691e8ad-557d-4401-b5b0-26fadd2c1702	1157
7692e670-5765-4187-8c55-4efa1338a23d	909
769d3359-2ef3-4098-b318-592c00a22488	1184
76a1f420-a643-43cc-a072-bfc5fb783e0d	878
76a4ab70-4f29-4063-8b62-b4c03151b1b9	887
76a52da2-f13d-4330-b750-27f6dbfbeabb	862
76a5927e-6ff8-4e04-a660-f7172b91accd	1161
76ae4bcc-cb65-42e7-ba5b-c7504ee9ac3f	866
76b19633-9b96-4c39-b8b5-dbfa98979f41	857
76b66c85-eaf0-4823-b3e9-4f8741b73960	1178
76b9e986-d7a2-4bd7-a449-d860f4c3a386	1167
76ba0e3d-4d06-47c3-a06e-c5ac516f3890	863
76c16c63-172e-4363-9ab6-4af95829ab0a	1168
76c38e08-571b-46ad-b04d-1739d784c15a	1164
76c8b718-e9a9-4df3-a880-6a144060ed45	861
76d0bb35-71ee-495e-a3cd-f299d4d5f1d7	884
76d5d28f-5ada-4a00-9766-d533e77c3dfd	1183
76e010b3-0e84-4c4c-90b6-7b4bc59471f3	1189
76e3ea1b-a6c1-4539-a203-3281ce5dfd15	1177
76e480cc-9838-4e7b-9c6b-fcdec6ec3341	1184
76e685d5-b2eb-484e-b4d3-6d9fa2aaeecc	862
76e6e35a-5b53-4a8e-b660-04e7e22d8d39	883
76e880a8-b590-41ef-bb15-9bbb6b987b41	1154
76ee917a-9f2c-4bac-848f-c4a2f5a3f3e6	860
76f34378-6b1d-4077-983a-237839972e31	1175
76f3939b-bdd7-410a-be5b-18ecc2d7e564	1180
76f45399-7823-446b-845f-653c56c6771a	876
76f72b77-a693-416e-a773-a38ba10f1819	509
76ff30de-ab75-49f4-bd04-ac15dd40aa18	1192
76ff9292-6eb3-48ea-b0f6-ff2aedd1a461	880
76ffc78a-60a4-455a-8167-94113c2242e2	1162
770033b7-203f-464a-8a38-9982fca524b5	624
7700ce24-fad2-406b-a2d4-cf6cbeb78421	1161
770151df-5297-4a31-823b-a18a409f19d5	1184
7706fe2b-0185-4d12-afa6-ea9dd019eb28	879
770a464b-20d6-4c7d-9c55-38aa667593b6	814
77100449-8030-492e-acc0-4cda3b1d1071	1167
771084e2-0c93-4cc4-9614-9a734ae10edc	1157
7716a7e4-ff4e-4055-8756-9f21577d9e6c	1163
7717aaea-3655-44c4-978d-09d371c39bbd	941
7718baac-6351-41fd-ba66-1f6a00f4a46b	1168
77194b11-f875-45c6-b2d6-14b4dde73514	1158
771ec76b-194e-4a76-9b55-c4e5be627aae	1169
7725f9bb-cea1-4669-bdaf-a24682e5ba51	857
77264a10-43bb-4c00-9d0f-9aecee472a5f	882
7728aac5-b256-4856-a2c1-5bbf504bfabf	1184
772dbe7a-578b-4c24-943a-f10c106bdc14	1192
77300163-d510-4725-b804-cd3a52b4fc03	1033
7735150b-09ca-47e2-82a1-54467ff2a3c9	1194
773aa055-a576-4e45-b0a5-b15d7f1e55e5	867
773c01b0-a543-4fc8-9c3c-29deff502c3d	1182
7741a38c-6213-4d62-9fd8-b4071c142794	1180
7744f833-cedf-4936-9a4d-b58f2ec4b5b9	1166
7748121f-ac19-411e-92d5-f076a4d5e584	1382
7748dc39-e480-4a65-9689-99758164fc15	884
774c55a8-e5a3-4623-bff8-be5f2b01888a	1169
774cb158-520d-475a-aee9-4b4b022540be	1184
775561f2-d00e-4767-925f-9f8839f9c7c8	1151
7755d32f-3e01-4545-9b03-8c8a97e35d4f	1191
7758e644-548f-42be-b4b8-807ab2c8a2cb	889
7760f97a-a6d6-4bd9-8e59-7cbfcae62cd3	884
776628b3-1c5b-44a1-a4a0-44ae14470954	1188
776be2f5-916d-4bbf-86ba-2aa64cb802ea	864
776f445b-ed0c-43e9-aea0-01de756229f7	1167
777090d3-5bdb-4a68-8f30-e9411e5b2056	991
7771860b-449d-424d-ade7-763db6b1f69f	881
7775e264-a0ea-459e-962c-c6fa68c3e975	1185
777adb33-11f0-4e68-be98-41dc75a64ed8	1170
777b2e0a-694f-4d55-be69-bb6c511a6f41	858
777e71fc-3989-4a88-8cbb-3676f14bc542	1164
777f0e55-c82c-4f58-a82c-15f4dcbb7507	1163
7783907e-4246-47e2-9b46-e3ebb62df7c7	1186
778a3987-f09c-471f-93c9-26744af7c901	1181
778fc427-a074-4ce7-93d9-7b9496f9ad95	1170
779662bf-55f5-4682-8421-dfd02961cb79	883
77968876-d57b-4db9-84ab-527ee19d0555	891
77a0e9fc-4ef1-4d1c-84e7-80590f95a8c1	1182
77a1e71b-f308-4578-ac83-8f133747fd8b	1174
77b7979b-1308-4faa-bb17-a595333894ec	859
77b9f746-4c55-46de-9816-d88c70eb743a	1169
77bb0048-70b4-4d99-8674-9f0ee6b65277	1186
77c0b673-a5fb-4ed1-95b7-7facc2dbb612	1175
77c7da29-3ee0-435c-989a-d221b68c8af3	1183
77ccd805-3c40-4354-a409-a2cee742ffc3	863
77d0b570-15ed-47cc-9451-40adb94d6032	1176
77d1750c-7e3a-4934-9310-2aadb7a8e614	1153
77d4439b-e592-46bb-8b5a-7a1507e5b917	1190
77d5660a-ed3b-4a3e-99d4-bb76db263314	854
77dbbf28-9917-4ddc-9942-1441f21629f3	884
77dd074a-d89b-4c39-9732-f7c8d98fe2e1	876
77dd56de-f329-4a0e-ab8e-24a7e9826539	1165
77e6b5c9-617f-4d56-94f0-75a26c5a8e45	1182
77e9570e-c267-4c09-adf1-61d8f4086cb6	1160
77f32993-98dc-4ce4-9bc9-809b6bab0437	1186
77fba822-416e-495e-bb8e-519ceec6caf9	1188
77ff7666-c99d-4789-95ed-6ee2f6dcad51	1165
780174e5-6dae-4b9b-a17b-9502ab99c5d1	1160
78052844-80fd-4b89-a068-da62f6261aed	1163
78104171-b1d8-4b0e-bcfc-24be59c4490b	1166
7814387a-a1da-4ed7-8d3a-f83bf1d41195	1152
78197e87-5aa0-4b80-8dd6-3c289297258d	1175
781daa80-397f-4f24-a415-43ba7ffd16dc	859
782bf332-30fb-42ab-84a9-a965ff77df55	1165
782de0bb-6101-4e07-930c-6282c971dcd9	1165
78304549-e8dc-4d2c-a00c-5eb1e651f61f	1185
78342210-1b1b-4377-b920-6281d411d49f	1183
7839a063-f145-4f3e-a080-8b38c4c99080	1180
783abeb6-ff12-4cc1-9bd7-df2e904456c5	1164
783c0857-7df4-4866-ab27-f7b624fe6894	1150
783e8b1b-acbd-4cff-ae76-cf5edf1e5ec9	892
783ec493-69f9-4e80-a8b5-91c1e332bee7	1190
784303f3-6493-4e0c-9a54-2cfd0200986d	1182
7844647c-cafb-4cba-8bb3-1d8da17571ff	1182
7848a2fc-058e-4466-9006-0f202adb9004	1187
7849125b-5226-449f-94ec-5d309d87d7aa	1852
784d58b0-348e-47e1-bb13-00162a102163	978
784e977c-27a5-4185-a290-5b350f9e499b	1168
78513361-57c7-4ae0-9dbf-2bdaee3369f4	1151
78521eda-e4f1-47a6-b231-aab6b8d4f621	893
7853d307-5e17-49e8-9141-3f231d2e583b	1183
785437f2-63e5-4e6a-8f7f-a6261791b2a0	1163
78566425-1587-4252-aa3a-8dfeb24c2d2f	991
7857c96c-d645-4f74-a212-c315385f78d3	1289
786959d0-4695-4ce1-9960-95d56f4b7dfc	1182
786af4ec-af4a-4aa1-aa29-5b0729d809e6	870
786b0d66-9a5e-49fa-a689-d246e63d2cef	1155
786fe6d5-dd56-48a1-974a-56137332adf0	1157
78709cda-f67f-45b1-848e-538b68a8f833	1183
787bd791-2b2a-4e10-8572-c9be6c36aa8d	1190
787e1c43-872a-4e87-8ed3-1f36645c2eb8	1170
7884d6b3-5072-4ef0-8bcf-0db7f937714a	878
7887598b-3164-4ad5-a35f-880657699e96	1166
78879a74-e2c3-4ddb-85fe-c70d9f1db767	915
78899df4-dd97-4ff8-a50e-99e1a8530a7e	1186
7892a9a4-16ca-493d-8aca-b738734872ce	863
789994e0-a966-44a5-9c1c-18b49e053078	867
789e43a4-bb34-433f-94ba-cf4ea2db1c2c	1189
78a18bdd-5686-4800-aeb6-16ba2ca64e98	881
78a198ec-81f9-40a5-bb26-8898c2be8b05	1197
78a1cf27-9fd2-42d9-bcb7-1f9f46d8dd13	867
78a2e0ee-fdac-4ed6-b48f-b0d744935bfe	1159
78a5563c-2bbd-44ad-bc21-8c4545c82f9a	1166
78a65baa-a253-47ee-af06-5441fafdc096	1181
78a87c69-97c1-4d47-b64b-0b313280f3d5	1154
78a8c939-1ea5-49b4-b522-607830ec8942	1182
78a8e76e-9c0d-448b-9132-582c4f89b3bb	881
78ac12c7-c964-4473-81cd-7dba0c3fad31	886
78ad8d30-be2e-40cc-8060-feb3c351d81f	1159
78b4a80e-7165-4463-b8c9-1e6fe286d733	990
78ba503e-f0b6-442e-8142-892a4c45a82f	1173
78bb0724-3ce0-4639-8452-e6c19a99e1c2	1184
78c0d9cd-2e6f-4bf6-86ea-c49c14337d06	859
78c363ea-f4e9-45f1-ae14-d88106a6574b	860
78ca06fa-6a07-479e-9122-bf2a341f5c0f	1179
78cad0c9-3af8-4af2-bc8a-0df53896d8c7	1162
78cc1291-0068-4d3a-a77b-8206af9b2396	1179
78d4a2d3-0b7c-4306-bcb0-ff5ce2501607	859
78d7485e-f630-4eff-a616-c2c7fe3e996f	1168
78d9a84b-8bb1-420e-89a1-d0297936ce06	863
78da3639-9717-45a1-bb30-5c3d30930470	1160
78db6099-1e83-4370-bc94-d3544ead49b3	1152
78e7f906-b9e1-46f4-9145-d158f914846d	1184
78ecbbb3-1b16-48e5-92ba-fe287b1030ed	1190
78f2d397-f83d-4c08-a71c-457103231d74	1181
78f6da4a-3564-4f86-8b74-13f2306f2ee2	1169
78f733c4-11d9-411f-93b2-58ce83977158	1164
78fa6101-6c8e-46d1-8e44-7358a7065bf5	892
78fc2957-59c3-40cd-bfcd-6b6eb855c94b	1160
78feef1b-ed37-4070-b8e1-0301190085a3	1171
790a3335-357e-42c8-81ca-260285799c40	1187
790abdf5-4380-4efd-b568-7215a665f324	1158
790b8ff3-aa7a-42e4-ba27-2b06273c9f4a	1177
790f10e1-1d32-4aaf-81db-0179b2f3f3fd	694
790f65c0-3888-41f6-9689-055f8a696364	802
79102194-a6a8-4c8e-9947-203a5091ed14	1167
79135740-007f-414b-afce-9c38083cbfe8	868
7914393d-6acc-4fcd-b92d-4ff50d2c3f80	1186
7919ab17-728c-4df5-af5c-602f562b3e59	1157
7919d79e-5b50-4f31-8de2-c41b3431bfe8	1075
7930008c-6035-4b04-890d-03b44af2d0df	865
7937d04c-2420-448e-a9a0-6e41f4cf7cd9	878
79387021-c3e4-4469-bc54-afb2eb8b8bb5	1158
79414d4e-2813-4d00-b154-9dd0e6c90a72	1437
7941d6c3-25ee-42ae-9360-e2c6e00d0f2d	1148
7944247b-d051-484b-9ba2-8a1be286cdd0	1137
794857e3-8903-41f2-986d-c176c0b448c7	562
794c5d14-de87-498a-bdf0-e594895598cd	1184
7967a90a-8289-47e3-bf2a-d6fd875d875b	1168
7967cb7d-0edb-48de-905c-3ccf9f0d40c3	992
7968718d-a25e-4217-a66e-58fe339c47b5	1167
796a5ed7-89b1-4244-8c4b-30228ffdee14	1172
796a6744-b7f2-4834-804e-ea7b3eab8192	1163
796bc303-5e52-4ba8-93e7-7d716265efb2	1182
796c9d33-2993-4b08-9823-3b4f69b6b823	1185
796f4b3c-cf6a-403a-b82e-14435fba58e5	1164
796f9468-00bb-4468-a512-4cc90957e35a	1650
79714043-208f-4a47-85ab-45a66bfc27db	886
7976b665-1186-4322-8e4d-0c2852ac62ec	1166
7977520b-85f7-4a03-8348-d8ddd3199a39	2089
797c2b7f-551d-4cea-98a3-f24253ce5678	1182
797e631a-bd51-484f-b37a-04edbe137a0a	1985
79846615-234b-4380-ae99-f0fd85137fd6	975
798520bc-795a-457d-96cc-018758440527	883
7988b04b-8d23-4f65-afca-1353c292cd3b	940
7989b888-b139-43c3-9abf-546ebb4426b7	864
798a2f7f-829c-4596-9adf-36c823dbe12b	1174
798b2e95-f61f-4c63-9690-67f2537d2aff	1227
798c3fbd-e9ff-4f87-a05d-ccab007c92fb	1185
7997503f-fd16-4ed6-b36c-856d0b566721	1164
79975fc8-6e88-46f7-9dc1-dcbbdb42290b	1157
7997ad5e-4a0f-49ac-b4f8-485051b36ca4	862
799bd56a-6838-4181-97fd-82eab012026d	880
799e07a1-2818-4b89-b7c2-d8c82df5025e	1166
79a59a05-6fb6-4e3b-bd84-4a6aa258fcab	1972
79a9e0bb-7350-45c6-b004-4428628533d9	1185
79ad7f82-c9aa-4deb-8717-0182bc78cbb6	857
79b1b1b0-07a2-42d8-beef-d4989e70a2a4	1187
79b1ebff-f744-4218-84e4-19aa43ff7947	1189
79b37b21-5fbe-405f-b855-db537fe37c64	1189
79b6cb10-fd56-4693-abc3-d6ed8f5c83e4	1170
79b87106-5761-4d89-94f2-224804fa025f	872
79b8a533-1e2c-474b-96e0-8b82ce008319	856
79c059c9-f28a-4ba3-a6bd-9a083331ee3a	881
79c36b34-2ef8-4bfe-868f-90a0f3772a0a	886
79c38f8b-9b8f-49ed-86ea-b84ad8271586	1171
79c39319-c414-4556-8ad7-e91740d358bb	1181
79cb49d5-e5a8-4e5e-9bba-ba7c8ae1478e	1169
79cd46c6-ceb8-4b3f-8f9e-3d6fbf56b96b	1189
79d12786-55f0-40d8-af79-5ca3428de88f	1179
79d2f498-e438-420b-82b2-317b24fe4655	867
79d632d8-471e-4500-8bce-f539952c43f2	848
79d6510d-b845-4ce9-8ab0-b8bd1c989658	859
79d94f1f-c5ca-4878-a016-daf998f6dd0c	852
79d98987-128b-4603-99fe-d5a35ea8e5eb	1180
79e2516d-869d-4249-9c02-c9f927c635c5	1177
79e2a495-c8bb-4307-b70d-44605c9ae7e9	873
79e3d365-fc96-46a9-b7d6-e8882a7f4fbf	1156
79e680e3-06e0-457a-b273-631001a26fea	1193
79e73ce9-e380-43f2-8931-c350e954997d	1180
79ea71b9-040d-4b06-be4e-27dcbbfc6ba1	1164
79ebf160-af93-4fe4-8950-a92264eed937	1187
79eee5e8-c3d5-4ef2-9438-95598ce0a759	1163
79f2917d-b4dc-443e-aec1-c0b3279114dd	1185
79f36d51-6f8d-4d00-9c1b-cd908c80582c	888
79f97e04-4819-4b18-b3d8-6f6124bb2c2e	1169
79ff927d-e17a-4d4c-b961-e4c4ec207fc8	1185
7a000025-de6a-430f-a79e-ac7e29ecf746	1163
7a009c91-85fc-4d4d-b688-59431afdbe8a	1168
7a063dbe-24f8-43ee-a6f7-a162896e591e	1162
7a07ff15-2799-4079-ad55-8f239f4c8ae8	1188
7a14e367-f61a-4743-9909-55b7de3671b8	885
7a18434f-4f0f-4038-a941-eccf10cc997f	1186
7a18810f-ee02-4e56-a9b6-f3b1de4ae223	864
7a1f0d9a-70df-4170-af61-5fd4140963d1	1171
7a28da29-7943-4070-87c7-4c7d3bca9ed4	1160
7a2954c5-90ff-44e9-b979-601813b9d63e	883
7a2e816e-1300-4526-a309-d892890346b8	1157
7a30a9d7-3ffa-4dda-b6db-ded44b622c0e	1482
7a32dcc7-f04f-4a3e-a582-8c7b23483315	882
7a33d285-f672-4540-9c29-180f1cee5a9c	2188
7a4099a6-c204-465d-9090-c67169ea2d3f	862
7a422cde-13a2-47e7-946f-317e753a27a8	876
7a43f0ce-d6be-44f8-b383-ff660336aa49	1067
7a46bd62-d1a6-414c-a1b5-d57d03bb0c26	880
7a48a584-c10b-4d76-a10d-2f68d5240eb5	1177
7a49c22b-7cda-4f72-8b16-a86cb5b634d3	882
7a4cacdc-c7d1-4d03-a288-7e4f48089179	1189
7a4d5e33-6fa5-425a-a458-a8855049e4f8	881
7a589451-8381-44d3-a925-1cc45f62ff7b	1175
7a58c390-4dfc-41c2-ab0e-cc74ce8c617c	1168
7a5a02aa-89fe-41ae-98c7-1c72e991d1fe	1186
7a5c5a94-99c9-4c30-8852-be263a0db422	687
7a5ccdcf-40a9-43e8-9210-ae35c0c3fbdb	1164
7a5d71ce-8570-43df-b790-da0953e4bff9	1178
7a5d83e2-835c-47db-93c3-400172323851	877
7a6913db-56fe-46ba-a6a5-db67b76529b5	1142
7a696ca1-a77c-4df6-9cee-e4b23c092d98	885
7a6b0c48-df67-4c2b-8291-a7c42af61551	1183
7a6d3bba-12e7-43e5-997e-cfc9329c4599	892
7a6d506e-7d6c-4c71-9616-b500709b9c86	1184
7a73d260-a9ca-41a4-a83a-45c47fe53831	883
7a84a835-af8e-4eeb-a07b-8719079f8f40	1186
7a97aec0-a3ed-4a1c-ac18-83e1a05d9c67	1169
7a98b782-b913-4f56-b7bb-b324c9aef9e8	1135
7aa38034-ad49-4d1e-90ac-826b8a2ca902	1307
7aa5b8ae-b270-423b-9bb7-ade72ce2cbc2	1171
7aa7f797-44ff-4924-a346-7449293773c8	648
7aad01b0-8c5f-46d2-a47c-85c7d187af1e	1175
7ab5f790-8641-4832-8000-69c795178c75	1155
7aba0151-181c-4fc5-b286-685417c8d5ff	1165
7abac024-f1ee-4ebe-9de9-3572fdbbb8db	852
7abac54e-e6a0-43d7-890b-22c5072711ec	880
7ac764d1-4dc0-4c3d-a0c2-dbc9e7e504d9	1181
7acb64b4-618e-410b-9080-be3e3e6f0b9a	881
7acf4166-18f3-4f88-9462-98ddd9b98471	882
7ad48ca6-1935-4735-843e-6b1d5dc3ebb2	878
7ad4ad73-43c1-4687-806c-06940dc4e0fd	1184
7ad636cb-7abf-4ea0-89ec-441bb606aedd	1690
7add6003-5d31-4b39-9526-6a880709b3e8	884
7ae3838a-f071-41b1-be3d-feeb1b8d8d0c	1172
7ae5bf06-41f2-4e03-a88c-7ca88d606095	873
7ae7b698-740e-43b7-963f-5812790d493d	883
7af36a4e-0053-4fe2-9bce-2593a51ee470	1166
7af597ad-4c8a-4283-96f9-00368570af0b	856
7af5c9c9-9b85-4f5a-8cf6-cfe94097f0c7	1190
7b003378-6c59-48ec-aedd-2a45d912ee4f	1840
7b0ce6c7-6409-443e-9fa5-fa4f1168cd15	1164
7b0db1d1-2848-4a9e-a77f-02be863dbd4c	626
7b0e986b-5ce7-45f8-96e5-e7993618cb96	1186
7b11b0ab-be42-4696-8ed9-fa0911aa6bcc	1162
7b1564f6-f303-42f8-868b-0e5fb94eab85	860
7b1b9bac-4dec-409d-a4e5-1d4a0e815f9f	1183
7b216d04-8b7c-4b8d-ab0f-716e9506af4e	1187
7b229ccf-4d92-4c41-aed0-3043797bee79	1170
7b27734a-599c-4168-89af-d0155140fb1a	1167
7b2fe711-59f6-46fc-af2f-96d711d299d0	1188
7b31d7bc-b398-41d9-bda4-2fd8303a1c36	1181
7b353b0a-240a-49a7-8c54-ea33569952e2	1169
7b36f720-32b8-49b4-a27a-a9664faa6ab5	1166
7b38ffcc-de8b-4d14-a11a-2a59b7c70305	1168
7b392da8-ee81-45a9-befb-2a1bb4b4ae08	866
7b394250-0b35-4748-9b8b-1a8a6f1b049f	1160
7b3fdec8-245a-49ca-8ef6-b041bd9f4ceb	1186
7b563c40-be2f-4ad5-8c24-c1e1e693afb7	1189
7b58d085-a1bd-4a98-9637-1118ec3e76a1	1185
7b60ef89-98e5-4921-8331-57718408fe08	1186
7b69ea17-7e0e-498d-b7f7-9524f918db32	867
7b6a3368-76c9-4e55-aecd-303a3e4e09a2	1185
7b715428-2325-400b-b250-537d2b83a097	1173
7b73f127-e193-4a8c-8d52-6a9b640b0547	1179
7b82084b-8e98-45ba-a5ca-e8dfe4da775e	882
7b87e1c8-ff54-42d4-bf20-fc63d6fa94ab	883
7b894fb4-440c-4530-bc32-c8d5adfd1dd2	1184
7b8b8e7c-e2a8-4e85-b60f-20c22b57e242	888
7b8b99f5-7d7c-4601-9694-c3d81bcc74fa	1141
7b92bcee-6a9f-4b3a-89b9-8abaf0c28a92	1181
7ba29b71-2c2a-4820-824a-4d6e253cf5b2	1177
7ba4a2ac-412f-47c1-a7d4-da2ff709e26e	1183
7ba9c3ad-40d8-4d26-82a4-396f70d32557	1167
7babb4ca-f969-4987-8df8-2c9da32c0202	886
7bb09353-0d48-4ea8-94d0-5d1dead7c864	740
7bb0ec90-31a9-4fb8-a1e2-c01205361c69	875
7bb44e3d-5c16-4268-8d60-c89c0d874095	1182
7bb7645a-25f9-4bb3-b1d1-bd1c0ccad2d0	864
7bbcc278-2acd-4070-be34-f814884f1651	1165
7bc201eb-be03-4150-91f9-e871796193bb	870
7bc51dc2-2b45-40a5-a8ad-09665aec755b	1170
7bceb7a1-0298-4b87-b747-0080f15d0c79	1186
7bd02ebc-f0b5-4b35-aad5-9575f60f0117	1208
7bd18dd6-25df-4456-a14e-6eacf5ca370e	1167
7be5ba24-f9a2-4877-852c-9a4215b33e11	858
7be939b3-5782-4cf3-b4f5-2b712964f2d7	881
7be995a7-7ee6-48f0-b385-cebf07e48bbd	864
7bed087f-4613-4fce-a5c5-abb9c73dc194	889
7bf1f28c-3ef3-428c-950e-e34c089a61cc	877
7bf8406e-7591-4df5-8f98-9bef91410ae5	1174
7bfb6f19-dbd3-4b3b-95c5-e9be3f51a86a	884
7bfc8168-7802-497d-8021-17973900a8e3	1155
7bfd22ed-a642-46b6-b152-71b0632e96b4	1166
7bffa7f0-b3c8-48b3-9d94-9f13546450f6	884
7c00b71d-6240-4840-a240-a63ddbb5bd54	1187
7c00ed2f-5b0d-44be-9e69-58e4bf761ebe	1167
7c01010a-19a6-4553-99ef-0f7f4f418d36	884
7c01a7ab-708f-4f7d-b13c-763637e3aae3	1172
7c05d721-4944-414d-973b-7d8c0cd9ad6e	1181
7c11fb1c-0c71-4d98-9a56-2ff26e8a8bd6	1170
7c179437-6b5c-41ab-8033-6ebbefbfbe01	1189
7c1d8055-1ef7-4a90-989c-21e0e5495a4f	1161
7c21092c-9be6-41cc-adbc-d59b976dec9d	1160
7c23bb68-77f4-4f2f-9c38-79c5718ae59e	1875
7c28704a-f429-4099-9de6-6ff940bfad46	883
7c2c2478-2300-4a4a-8cc0-8e012f2f20a6	1187
7c2e4078-216b-444c-8315-f75c8921f8b7	1165
7c328a7d-50dd-4b5d-8c26-fa9f55dcd9be	1158
7c355604-8951-43f0-a12b-973c190ea737	1183
7c3c97b7-6d5e-4ec4-8268-421cd758c826	1182
7c3fa979-74a9-43f7-848b-11b08afb6bc3	865
7c45908d-9301-4cfd-ade2-70c8ea4ce6be	1163
7c48edee-7963-47e8-87f9-5ff6ac6fb5b3	861
7c4edfef-ba18-4e1b-bfb0-81625ec85271	1159
7c52246f-8549-4c31-9130-c37e5210060c	1155
7c55f18a-50df-49ee-9c79-edc9ade10685	1179
7c5d3195-9d9d-4fbb-99cc-4cf7a39dcce7	882
7c5ea6e2-d2ec-4c9b-a55d-c4e9325acc36	1166
7c5fd808-afb7-4124-84b7-8ce8cfc88177	890
7c5fe252-ca43-4c3f-ba77-be01cae32163	883
7c622323-1e24-41a1-aabd-8e5abf4b14e2	1166
7c62e627-f120-40f1-a0a9-9dc5b34e0692	1194
7c6852b0-4389-45a1-8b6c-10ebc0a749c0	1160
7c6d8f10-c8d4-41b9-a70d-4cb56fa63636	867
7c731ca9-ece3-4557-b482-18b04c29e7d1	862
7c76ac0f-681d-4abd-ac87-12793e11928b	1176
7c845866-0d70-4433-a96d-aa79b9c38af2	1167
7c84c1e4-990f-4b27-ac03-86666468a182	1171
7c88c578-bd68-4c7f-abdd-40879ef4c8bc	865
7c893302-cf47-4021-8198-a7a1f412ceb6	1165
7c8c7cd8-8959-4e42-b5d1-7c9674dd5d35	1165
7c936754-ca09-4aaa-aaf1-5c66d76deb8b	1163
7c95a0a9-e9e3-4233-857b-49ca99f19dec	1182
7c988387-8aac-462e-b03d-0cc31c45adb5	1183
7c9958da-23ca-41ad-b718-5d4cca01625b	1153
7c996966-a741-4b91-b4b3-f1010a72bae7	1192
7c99c40b-b8f0-43e1-8beb-b0f66d18e1e3	1869
7c9bca10-2326-49f2-8a66-f49a7de6466f	871
7c9c3ba4-7ed2-44d0-bc5b-cfb3d0cadac8	1168
7ca84701-1cc7-48c4-b29f-5a5588beaa3a	1158
7cacd80b-b1ed-4d7a-b1bc-2a1dd88ba659	993
7cad95ff-6bb6-4648-ab5e-975a6e114d62	858
7caed20c-8cbf-4b72-a53c-a21243a9a376	1158
7caedb17-251f-419b-b81b-b36c176b30e7	1187
7cb0057d-501f-46a0-b80c-54afd00ce284	884
7cb2830a-e163-47a7-a1a3-094385ecc567	1187
7cb360a6-80d1-4e2c-bdd0-e4277b08f767	1162
7cb3ceeb-61a3-4a03-b68c-f1c411515f27	1187
7cbbd9da-0588-45f9-991d-42929cf865ec	876
7cc0e5d1-1783-4260-80c6-1b029db3defe	882
7cc8981b-0fe9-46fb-a2a0-e93b11ba4b4e	987
7cc90a2c-080e-4333-be62-ca5ea1b59444	1825
7cc9163c-1f11-44b3-8398-7a4969a4cb0e	1188
7cc9b7d7-4d10-41d5-8628-16fec3043d46	883
7cd9d37d-ee54-4165-bc6d-06442cd12307	1182
7cde00f8-d8eb-4396-b04a-14ed065d7401	1166
7cde9e57-d2ae-429e-8e83-3698be8ec56d	1177
7ce05771-a14f-47bb-89a9-cef098ecfdfb	1186
7ce34096-bc83-417c-9405-a1b39b8c7abf	1175
7ce45120-fca8-4b91-9876-4506dfacf32d	885
7ce7d6a8-6b8f-475c-b550-cc92dccfe27c	1164
7cf16398-bd90-462b-aba0-0ceba47d4b7d	1170
7cf2a1d0-ebed-4389-b396-b7075c1c69e3	871
7cf366e8-847d-47cc-9d5a-8217d91c7ce5	1176
7d03a081-c5aa-4f02-8f8c-674a84ab4b17	857
7d09b75f-4ad2-485b-8746-27979f494477	1186
7d0aca56-0b34-46c2-99dc-928941d2b3ae	1178
7d0b8085-ec33-4cd2-8506-4212e598b52a	1187
7d0bffd1-28a9-489e-94de-e28433a30d75	1168
7d0d3f7b-4d84-45f3-809e-710bc600ef2c	1160
7d0e30ac-516d-42ec-aba8-493c8ba35068	879
7d0f786e-44b6-4d27-bfc2-275310c796cc	882
7d1805d0-3d20-4bab-8556-9e8718ef68ad	986
7d18e999-cf9a-4390-9e8e-267404b47576	1165
7d1a4ac5-5d74-4c30-a3ae-2934c86bb409	878
7d1c1a08-a7ae-41cf-ae74-5d754119ab7e	1175
7d281cb8-23a2-4324-9d5a-3f6ede747d3e	994
7d2d406d-d600-4696-8dc2-ae0db7e61902	1179
7d2d4edb-a50b-42a3-8cc6-fe616a3e19c3	678
7d2db477-bdfe-4dad-a015-4ada7eee8435	1164
7d30e6da-22c1-427c-803d-a6dec562a1f1	866
7d347edb-25b4-4666-90a6-1a8cf840452c	1162
7d3553c0-1b4d-4aa7-83e3-94d275b0e0a1	868
7d35fe12-0be6-4391-bc3c-5a418ef867aa	879
7d37e0ca-4469-4770-bfdc-e76db08745ce	1172
7d380010-a66e-42ef-916e-7b535263892e	884
7d3ad938-fc6b-48e1-9936-e9173900e983	857
7d3c2be5-331e-49f3-963e-5ddfc28806f1	856
7d3d8fb1-8d8a-4752-a43a-f1da430fa908	1178
7d3fa9ef-43c6-4a3b-9746-1dbeceb3721b	858
7d47166e-ca84-463d-aa9d-915834624e67	867
7d48805b-7905-495d-b903-64c308bff435	1170
7d4abeb9-83ab-4665-a2cb-4604430a2b4b	855
7d4d4abd-f6eb-43ad-adce-cb991e6b3a00	2202
7d4da5bd-70f7-4faf-a5a8-b42dfcd22580	1179
7d50a647-5a23-43f6-bf19-7e0660a21f82	1164
7d50c8c2-46f5-42df-a72b-a1cd7c77b427	1625
7d541609-f0fd-4a6f-9772-798f056fd130	1162
7d55a33a-4aae-4916-adcb-9e3d153b38ca	1186
7d582ed3-1144-4e14-acfb-28805d770d52	1176
7d5dad38-39dd-47de-b144-9f0be368a00e	1187
7d5e585f-76dd-4564-87c2-d18449609d1e	882
7d63a852-3552-481a-a7fa-ed7c52b142d7	1161
7d66af66-d1ae-476d-b16d-99e35002f675	1185
7d6ddeba-b8e1-4da7-8635-69389e4ca299	625
7d6f0a63-7c02-4893-a52c-6da8f68cff48	882
7d740a22-c5d3-4dd1-88b6-18580464159f	1148
7d772c66-65da-4692-a87b-a6e54b384f33	856
7d7e7d20-db59-4f23-b07c-f90c7dc84568	1157
7d7f2be4-150e-4265-a85b-688bb96f8d20	1176
7d82aa40-ae1a-4276-a54a-6b6291a610db	1190
7d87058f-652f-40b2-a1c3-2bd9f9758482	1184
7d892423-713a-43d7-93cf-99e55b99282e	1182
7d8a79b2-1d55-4ffe-8e6b-29eceed76f0c	1131
7d8c4646-2f0a-4473-a826-2d43c1f8323f	1185
7d8d4f89-fa94-48b5-9b4a-d5388fa24acc	1167
7d91522f-7691-4fbd-90e4-cc015e6791f4	886
7d915872-6850-4e05-92af-4937585086ae	890
7d98cf23-4f52-453f-be76-1505cd997bac	1159
7da15d3c-b7e1-4d69-a05d-fc8f53b66a3c	1186
7da65dd5-94ad-4cc4-aa0c-4bfe98f021d2	1183
7dabad0e-1085-4450-b71e-f2a8069c566c	1190
7dacb290-1754-439c-8ec7-f0c7656b43dd	850
7dae6aca-6e8e-4a86-a0f8-48c68e9ee5e3	884
7db3193f-3586-4352-a94e-38aa2a07ea83	1145
7dbde966-146c-4949-b349-948441ce7d7e	1167
7dc15219-14e6-47c2-b62d-bc33cb563ed0	1163
7dcb8620-50f6-4e4d-82d8-998f2f7cd7ea	1158
7dcdaa25-a866-40bc-800d-db7bc1755c26	1179
7dcfabe5-bd46-4deb-8f6d-015ef036192f	1157
7dd1f24d-0f03-4a00-875f-8bf01cc11714	886
7dd4bd80-5f97-4799-92ac-12bd642ebed3	865
7dd84d81-6caa-4714-b1d2-d7aba89fe349	2084
7ddd0df8-707d-40ca-b631-8cd2d04c5d6e	863
7dde3690-db50-4302-887a-a53cd8a967fe	741
7de2bb91-5a94-4997-96ee-881dbcdec451	859
7de3eaba-2fea-4ecd-a082-b607183bc975	861
7def86a5-5e69-423d-9bb9-0bb6c6306f69	1185
7defb703-2d91-497a-9729-9f9b34951e0b	864
7df31ffb-71cc-4179-a948-f7bc99caf984	864
7df4851a-84bc-4ee0-ad96-54ef031510af	1168
7df59a76-c889-4c10-a65c-2844dbe4fce0	1182
7df69f5e-bb9c-46ba-a376-7492459051c6	875
7dfc9308-18c8-4656-9c4f-754ea600ce78	878
7dfceb64-46b7-4f2a-aa91-e6290f44f114	1162
7e039be3-36f6-40cd-9317-70ad227fb3ac	1152
7e0cb4b9-dd43-4d51-974d-ad5b85c96472	1189
7e0e6c0d-cc5c-48a5-a65f-34f84c115634	1876
7e1710cf-c5d9-47a6-8472-502f8e045a77	886
7e197344-d6af-43f4-a31f-f85b3398b616	1166
7e1ab973-aa33-494b-a089-9e73f3bf9f6e	574
7e290438-fd79-4947-be9f-3b9f67003aca	883
7e29548e-e0fc-4939-b27b-59a769021f28	1165
7e2c0251-813d-46cc-a8b1-b3909c3820dd	1169
7e2cc2c4-547d-46a5-8ddd-6f024c3a6db2	1153
7e35579c-5482-48d0-8f90-80ad39929083	879
7e371f99-f98e-49c8-9540-8adc6a4cce5d	883
7e3f3dfd-f057-44f4-8f02-d33525c9d19f	918
7e3f4840-4478-43d1-b1dd-2837046b0728	885
7e3f4fe8-9a99-4df1-a6ff-ad713fa85a5c	1192
7e435c44-635a-4d0d-ac61-7dd19288c057	1169
7e4a952f-8803-4f86-9a21-2accdfbac88b	1181
7e4b1b18-59c9-4b0e-9ed5-62f9719599ff	1179
7e4df23d-af31-410c-8a15-f3f6d9066be6	1188
7e50038d-800a-4be0-b98d-7e5aa29b3d2a	1188
7e50d1cc-0d59-40e4-a8fb-06b41d16dad7	851
7e51aad5-bc04-4f9a-8053-af1b7f7eb4b4	862
7e592504-f10e-4b6b-bb11-92064853db5b	877
7e5e5f58-7874-44ed-8215-8b5aa8acace1	1189
7e5eb742-5f0b-412a-9005-c555089e2fe0	885
7e603d07-327f-4496-9c45-6cb854e867cb	1188
7e607187-affb-49e8-a3b5-f1b02901f976	860
7e60c0eb-d38c-4c35-842f-0911091606ef	1189
7e6b9306-b3af-4d64-aec5-2fd8fa181f29	879
7e75b648-4607-4a54-bb9b-adefd55dce4c	1199
7e764b7f-6b5e-47f3-ab48-bbd089b9635b	875
7e7b8793-4d11-4d81-90c6-1877770285b1	1177
7e7f8753-e72f-4a54-8cd5-9073c6990921	779
7e8017b1-e9bc-49e6-a23a-cdde2865657b	1183
7e813442-430a-4a70-a95e-f5505bd35def	860
7e818312-526f-4427-b474-9957a6a6f270	1163
7e8a0c4b-d783-49c4-8daa-21be642d16e1	1167
7e8b5f73-5c51-4795-8365-67adc1efb8c9	1161
7e8c5b41-529c-43ee-8393-72bcd30511d6	865
7e9345cc-1e9c-49ca-8fb5-163aae182f90	628
7e9571e6-dbcb-4f9f-8627-a33c74eeadfc	1868
7e95a6b3-1620-459b-88f4-b93d704e822e	1175
7e99e73e-ed4b-46b0-9e61-19a893230969	1191
7e9a1827-27c7-4769-b537-359ffb339909	1185
7ea51569-b13b-40d0-81d8-39e995278e8a	575
7ea6f6a9-c348-44ca-9ff2-abd4e53d3157	1169
7ea8e3a7-6ce1-41a1-9b76-2d14fc7b564f	1185
7ea929a3-4db5-485d-9cf5-f61d8a1c6dbc	1188
7eab47aa-4392-4021-8b72-e8db39383c07	1182
7eadb96c-17af-47c1-87e4-a5dedb95e938	880
7eb20dd3-400f-42e3-bfbd-7548da69a466	1184
7eb741cb-0d01-4507-97da-1517a3e23d52	1173
7eb926fa-a31c-493b-9682-eadbeb19bb88	1183
7ebc7c46-a81f-4596-a3b5-74b0f80a6e88	639
7ebd146f-3a3d-4068-ae2e-2936e6ac13ab	1001
7ec9fafa-092c-44dd-92bd-2e203a8c929d	1168
7ed589a1-3e28-4599-a034-1be437a123b7	860
7edfdf1a-f09f-4aa0-b67d-fa2030b084d6	1181
7ee61064-df89-4220-b772-43010266d22d	887
7ee893f4-98cd-4de6-bc03-8fd8a9686a90	1171
7eea8490-c3af-4ccf-b04c-ae7ab55dc6cf	1166
7eedd510-a87f-4757-ad41-7920fad02059	1176
7ef17c59-bf32-4557-b9ac-926e0212c460	882
7ef5d2a7-32e8-4806-80fa-2f48a1a5fe5a	880
7ef6dfef-7d1a-4f03-940c-244e7bd2a67b	1162
7ef8f624-8318-477a-a198-7a50b9cbbc08	856
7efdeb85-2a6d-49b6-a0ba-78cd89414389	1162
7efef9d7-6fa2-4f3f-8268-9dce8eda92d4	865
7f012ed6-ec77-451c-a7c4-f4f6805ab739	1738
7f016900-535f-477f-a91b-2df703917b21	1184
7f0331e6-164b-49b4-8b88-df6afc045fe3	1181
7f081541-9f11-4813-85c2-68e27aa201b9	883
7f0c22c4-58b3-436c-8248-c2324cc89ea5	1164
7f0e5ba2-898e-4dc6-948b-6f5ef8613d54	910
7f14235b-0d06-424b-84c2-42ee9ba290f7	1185
7f175856-2802-4a10-b387-4f952c8952d9	885
7f1b5dc9-3004-4da0-9669-2f57fff2fb07	1181
7f20e31f-3cb4-4b6f-b9e0-f3880b51852b	850
7f21298d-e4d5-46d4-81bd-d5982fa8f16c	1183
7f2c9c23-ca39-4de7-b553-42387cd53df0	1183
7f2da75e-89b6-452a-8caa-f5a7e89e8bcb	886
7f2e7ea8-6e36-4fb5-b7c8-dee5573d62d1	1148
7f3147ca-0b4d-4f36-a00a-e0b66639f072	1176
7f31ec8d-7ab4-42fd-a497-bac9836a96c1	579
7f3ba2e3-5fb9-42b9-b26d-89e91998f999	920
7f3d0435-e334-45f5-aa74-cf2f8a3fda52	1179
7f44db01-5abd-4066-b17c-7ece3c829b5c	1178
7f4866c9-dde0-4d41-9d1e-2e486bc0efb1	883
7f4cdbd6-59bb-4ad1-951f-9f9a32c8742c	873
7f59d37e-c96a-4e9d-ad08-54fc28af680c	1184
7f5b81b4-236b-455e-a6e0-eb8348ead164	890
7f5d7686-980d-4096-9a99-66d1eb2af1bf	1186
7f5e41c7-aed2-464e-94a1-554efe97eb6d	881
7f5e44d8-f2c9-484f-8fed-d21ddd27e2fe	575
7f68b1d5-0917-4de2-bcdf-27c122158f7c	871
7f6a1a88-4924-4180-a96a-f79de56f8b6c	1186
7f6b3ed1-c848-42a1-8e36-bd381eab0a94	1182
7f6d8df6-5e8f-42e1-8481-3212d0fa5008	1186
7f6fa596-b24d-48d4-b446-5758fb21ba94	1180
7f6fb29e-0945-4088-8ff6-4a63f60471e2	883
7f748196-afe4-4bc3-933f-560ea4baf989	645
7f764fbf-5d47-4bc2-8079-9a504ba41542	600
7f76ebba-e899-4a93-bdc6-604f79bb79ca	1161
7f78ddc7-2086-4835-adca-987da0b9ae54	856
7f7939a6-58c4-44a3-80d0-b57b2ab96592	1164
7f7df83c-8a7f-4b2c-b0bf-372ed71faeea	880
7f7e9165-1ba2-449c-bff7-e45907111ba2	1160
7f85bfed-a58a-4b82-b953-a3955a60ea33	885
7f8abf42-91f8-4599-818c-d1cf9ff0166c	858
7f8c3a67-6c3b-41db-a98f-02bfca32203a	1169
7f8c884d-be4d-4f3d-ba83-93c19ebd850c	892
7f8cc4d6-0940-422b-b051-de57a263ff6d	860
7f937452-4f57-4c7f-be37-320ce036bad8	888
7f98ab5f-648e-4408-9bc5-ff4143215821	585
7f9a8233-2cb6-4f50-be62-3d87216b9506	1168
7fa3631d-b014-42eb-bf46-dad43b2887f5	884
7fa3e021-264b-4d41-ba7a-08375c94360a	1173
7fa43dc9-4dd8-43be-a2c3-3597cc5d2bfd	1157
7faa5a03-d085-489e-b023-5e83370c948a	1158
7fab3c1a-cd10-4b26-ac52-51108d9f92d7	883
7fae9a8a-4417-4ad6-8b7e-295a709437f3	2050
7fb2732c-5687-459c-a8ad-9cdc23f30e14	1167
7fb3edc8-68b6-4286-a23e-9794ead6d510	1171
7fb6f80a-0d9c-4568-874d-567092fdb8b1	1165
7fbdd44f-1d77-473a-a187-e255becf85f2	1147
7fbe1021-d229-4231-a1f4-d0165a457b5e	1185
7fc6d535-abc1-4fa3-afee-c33df6b56abc	1189
7fcbbdd6-d38b-4209-adcc-00950f2b4e37	1190
7fd6bad7-3bb7-4e16-8f22-43a41cc78e9a	1185
7fd74a69-f18c-411d-ab65-2954d5a8f98b	884
7fe586b6-045f-420f-b595-0b19d646df21	855
7fe785c6-dde2-4d1b-8d4d-73899a6d5737	1170
7feb0e51-3cfb-4b9f-b345-012ed9b47542	1181
7fec89fc-0d78-448f-a58d-4afa4a286b54	1171
7fef9efa-fc59-4b01-b015-c3791de15ee9	1168
7ff71c5b-3cc1-4b76-a65f-a0e19216817c	1181
7ff9c68d-f32d-4d17-b23f-cd52ab7a60af	981
7ffa735d-6a4c-4f7d-882c-ef3271dd398b	1168
7fffaa8c-5382-47cf-879c-c5cf80ed67d7	1162
80017457-bb36-4d58-9a4a-5ec87c0bf657	1188
8001ae07-e141-454a-a9e4-668b92c17de5	1181
800379bc-2999-4232-956a-764d5815aa35	1161
8007e40f-5b9f-4771-8d0f-c153021299f5	1947
8008e972-1145-4c0d-ad95-7589f681182f	879
800ab282-48ad-451f-898e-7491d72e9127	1180
80114607-2fee-4a1a-95cb-4f0552b34486	1177
8017a7a4-783b-4591-ba2c-9f492e92cfa6	889
801978d6-4273-4897-ae5b-f2ea5f2c89fd	886
802311b3-95a3-4f2b-b31f-4c0027fbd0c3	1163
80259ece-7eff-4c5a-b03f-bdd3a5bdeb6a	868
80323f66-034a-4224-bb5f-9f900044a987	992
8032f9cb-983e-4cbc-accd-2510b5ff150f	1184
8035aaed-e3ce-4687-9845-93fd3fcee00c	881
8037755d-c1d8-4b7f-b22b-f68518135e7a	1166
8037a013-819e-4e42-bb31-1b5511503854	1161
80471d64-1b6f-4377-91c3-4e8ad6f78045	875
80472253-5689-4511-b6aa-da5ad979f6ea	876
804c06eb-b1cc-450d-b938-478b72a15b2f	1185
80548396-e2c6-4ea0-934d-e1cc7d74ec5b	1176
805aaa38-b8f4-49ab-8b4b-6c599a5d74b8	1168
805b0237-1f9a-4826-8975-e1352b50952a	1149
80629117-6158-4ddc-893b-e7ebb8eaa750	1163
806c3bb8-8370-42c2-88c2-8a04993aff76	1194
806f8889-fa9d-4915-8716-587d0d4e5dc4	1157
80701166-467b-4c10-88cf-0ec03468b35d	1171
8072db07-d179-46d2-8dfd-7897a376b26c	602
80781c7a-5649-4c33-b954-3be19e24fc70	864
8078d4df-20f0-4f80-aab1-45d3749cae56	1184
80791f7f-e46a-4ded-ab73-05c1e03caf98	1162
80845de0-8847-4d4c-9c5b-9290698e4afd	1278
8088d3b7-924b-431f-898d-7bc3bb3bf531	1198
808e2ab0-98a5-42f5-a86f-bc472139d11c	1186
809744ce-66c7-4542-8405-393c2e864f2e	1166
809a2ef8-ef83-482f-a4a5-f1a939d7c11b	848
809d1c1b-7b07-4849-bbfa-77b19b6767a5	860
809d21a8-cbaf-4ca0-b5db-4be3ecf3410c	879
80a3f065-c40e-4bd4-94f6-1428a449a851	1163
80a5c1bc-8a06-4309-98f3-d88b9a9e6cc2	879
80a8d4b5-f58b-4282-bd1f-f7eeef42a620	1169
80b94504-4a99-4b15-8700-6fc52a5d23a2	1165
80ba109b-868e-4e4c-9db2-df691fcf29d1	1167
80bb0b1e-7e5e-4588-a948-607488bbb5dd	854
80bb3df6-4b94-424f-82c8-a8b4e15afd21	1633
80c167ff-d4c8-4252-924d-24060735ee12	1159
80c383f0-613b-48ef-b662-d0367634bfcc	862
80c3e31f-07c3-496a-9922-9aab8c9444db	1164
80c77056-1ec0-4305-8e94-182f760dcc8c	1185
80d06a2a-aad1-4142-9a65-7c08c3334e00	1166
80d6f290-6478-43f9-b4bb-717ef2777b85	1186
80d88476-903a-46ba-8e97-a9ce6913efa6	1157
80df2897-d843-4e3e-8cce-48c33f9f4421	881
80e38a20-4141-449b-8f42-c5fbb530d824	1175
80eb8879-9b62-4b46-a592-a969562aacc8	864
80f145b7-b5a5-4b9a-a135-598889425bce	1188
80f16e77-2899-4ac0-8924-d343eb690835	882
80f64f72-bde6-41c8-8614-555c98f1e77f	1179
81000244-4a31-4e33-9347-ecfa01a27b0f	1169
8104f2f0-d6b0-41ff-a685-84e5fb8ab7a5	1178
81078b1d-ce55-4029-861c-5bf6c05d687e	1171
810bb678-f1c1-4bd7-9126-c207d656971d	912
81120141-310c-4719-a208-f42c2c591c3b	1185
811866a9-194d-4e89-8e13-1ab23b5d0952	878
811e8f64-94f2-46db-bb13-6df9bed5ba85	1167
8120ba37-7b6f-4121-aa9c-5092d7e7a583	1190
8124fe3e-7663-46aa-8cbf-270a54e68f4f	590
8128b2d3-3aa8-49c5-93a5-48b1e7297aea	1182
812d7ac4-4d04-4781-9215-14cac8fc7d06	1186
812ea41b-f524-46d0-95f6-faaf84d0974b	1819
81350a00-6ee3-4904-a6ab-8fcae1638a27	1167
81393d2b-426f-4d72-96f2-3dfdc41e1444	886
813deff6-01ce-4597-8f99-d5b1ad5f0a48	860
813e7edc-53d5-4cd4-8638-c8e79069999c	850
813f59ed-ee50-42b7-bfc9-7e2f48771c2d	1183
81404aa0-0c02-4b34-98bc-6e50705bea2e	862
8141276e-fe24-47b7-b17b-67cc2fcbf8ea	1169
81472850-181d-4c60-a8f6-0325ef221651	1168
8148e8d4-9a2e-4eff-9559-bd176a1b6dfd	1160
814bb8bb-aa99-4e0b-8a45-ab54cac9b3ee	1178
81501a8b-fcae-4a28-a727-93132432383c	867
8152b50b-6aec-4f8b-8534-849cff63dd4d	996
8154f9ff-0aa8-471b-8f61-cdf1ccc20835	1164
8157b172-8a45-40b6-8fbd-776e761786c4	869
815a17d0-6f9c-4861-ae62-51ec68566763	1186
816add32-e091-4f70-81ba-ff21e6fe4dc5	1030
816b2be0-b668-4436-908b-c6e046ddff7e	880
816c2623-7272-4269-b252-2de8c786d1d1	884
8174195d-2757-4d59-b05f-1ad9a8490a40	1166
8175b551-ea7e-4ee6-a62a-614c1168ce93	1167
81859bfd-d72a-48a3-b05a-e5fd7b02ddba	1166
818764c7-4989-4a76-b77b-1135c43e4243	1182
818e5e1d-44fe-4154-9803-1631bebba754	1155
8194bd17-c38a-41ea-9d39-0e896fd45ceb	1163
8197e7ed-043d-4664-9b3d-52b4a332e155	1183
819e6e05-13bb-4950-bf12-efed23c0f0dd	1186
81a21bf5-5fe0-49c4-8fc7-358da916939f	1157
81a6f62b-78a3-4e0d-8c21-f009c514975a	864
81b5731d-5acf-4ebe-912b-632a1c08f0f0	1164
81c47f7b-f8d1-43c4-9647-ea428e09c6b3	887
81c49e1f-37d5-49a6-ad9f-03f7e40f38fb	989
81c7b3cd-c2e5-4304-905c-ba6b79bbfd7c	879
81ca10db-5eaf-45ff-ba72-d5452f728c7a	1178
81cb90af-beb6-480e-b63f-c94567666a8a	868
81cca450-9944-4912-a1a5-a061a7f7fd45	1180
81d64180-9347-441a-9e6a-50de67517d04	861
81d8af2d-e1b4-454a-aa42-fe3af3120d1b	1179
81d908ba-4f85-41f1-bc7c-354205000694	1171
81da1c8f-3530-4177-ba24-8745d71e9315	1182
81deb50a-33cd-479d-b677-7c5618642a85	1186
81e1e689-29ed-4cb8-a650-334eb56bcd82	865
81e36aed-4966-44bf-92f0-feb814bde133	857
81e44bae-c188-482a-94d4-d007bee70884	877
81e5eea7-5b8d-43d7-a1d0-bb5ef98dc38f	993
81f14e94-f1f4-4940-96be-693863d38c5d	898
81f15577-78f9-477c-98d5-916e1ffd3ce6	1189
81f68a71-f2dc-41c6-8544-f99e6fc0c9d4	918
81f8f319-e0cc-45cb-b028-55f6abd693b0	1168
81fb49fd-475b-47a5-a1a6-980be1c6bfa6	1182
81fe7818-47a9-48b1-8514-aaaa5fb529a6	1181
81ff732b-0a03-4252-b45b-a72637c9ee57	1165
82000759-e624-4531-a66b-4014878c4879	1164
82025205-5758-4c89-a1ba-9a99f18e06e6	1192
820c4fb1-557d-46b0-9b25-0bda7f1e0bea	1193
820e420f-765d-465d-8147-695b75a8b986	862
821051fd-ab13-481c-aa4f-f70902195db6	1164
82186b84-abc1-4294-aedd-c5d1ec3a0643	1182
8219ab90-c55c-44b6-84db-1c69926e3457	880
821a3cd5-e466-4b2e-b497-83f55eba69a9	860
821bf8ac-6968-48b6-979f-0ea6078e4d36	887
821f0a45-3c14-4d53-ace9-20da933a4e66	879
82214b30-aa27-49b9-a2a4-e2d517ba82bd	863
8221a767-3f3e-4f54-b999-2e72e49afb7a	1165
8225224c-ab34-4bff-8f9f-a40abd75d42e	1179
82281c76-e859-43b2-813f-61be0fc0dae8	1163
822969c9-e781-4aca-90b5-cf060024db41	884
822bfad7-72a5-4b87-81a6-a011a8c26e5d	1178
822e3b40-268f-4c16-80ae-301467fcf6df	889
822e4823-835a-4320-b9e7-126d2620c86c	2229
82339cbe-9e8b-49ae-94a4-f13bbb15f290	1308
8234db8f-3931-4d31-824a-19703ea0e219	886
8237eacc-b684-4c8e-8d93-fa60f4294248	1169
823f6fc0-c58e-4282-a510-d1700dcad7b4	1161
8247d626-e76c-4a7d-8636-b5d2d5bbd7f5	1143
8247e394-e7c1-4939-8329-0c10659d1729	863
824c0ec4-8297-4325-8516-062376e34fac	1186
824d822d-1416-42f9-bf7a-9f5e667a6a0e	2193
825094c8-42e8-439d-bae4-fab86758eb98	883
82531b8f-7aa0-4aed-badf-dcbdb3ed4984	1172
8254fa56-7ccd-413b-9990-1773c9986191	1169
825b442d-60f8-4b6d-af4c-80a389c619cd	1179
825f5aca-9856-440b-a67c-cfe234473ad5	1160
8268f031-52a1-4088-a751-651301aec92e	871
826db1fc-52fe-4c66-9abc-ca4f9a80fe09	1184
82704ee2-7efd-4c23-9e72-6a5bd6233fe9	1160
82708c34-541a-4c87-9212-b3ad21baef96	862
82736a60-b96f-4fd2-aa9f-d2f387926ad4	1164
827b060b-4b72-48ea-b97e-f79503c52cdf	1154
82873dac-a69d-408f-a191-f7a21ffa52d9	862
828d39e2-85e3-4847-98cc-580092fa4f9b	1181
828d5c68-18d3-4970-a384-a81ec7992996	1166
828dd909-1094-44b9-a99a-06606843057d	1168
828e0185-7609-4d18-a563-5b1265471738	1166
8290e929-f69c-4b00-a5ec-cb1a52c9a140	1181
82928e00-0a9f-473a-954e-352024c2bcf3	643
82949749-87fb-4635-9527-967734f40cf5	848
829ad8ee-234b-4278-a86d-ec64b08929cd	887
829d49fe-5046-47eb-974e-60101148cdc4	1181
829d863a-1644-40b4-8b49-e9435128fd03	1193
829e0fd1-a921-458a-9b1f-ca544dd6da04	889
829e7405-9794-4e1c-8d97-1d7b415440e6	1170
829efa6c-3e50-4766-89d8-7982e66b7ea0	885
82a75fec-36ce-47d8-9509-c3940a55aa7c	1178
82a95a5b-9b73-44de-8eac-4a6d78112854	1188
82aa4bf1-0bfc-40d0-83b4-30639a2d0945	1182
82ac6b72-ad75-4831-9d98-c22b1efd35bc	1175
82aff033-353d-45fa-8d67-84bd37b5ecf0	847
82b154b0-5a3a-4f85-a7df-9e9a3d7c5572	889
82bd4f23-1ac3-4af1-ada3-8286e96dce0a	862
82c16de9-8a52-4370-80b8-776d9a3d7f4a	884
82c2ec52-d889-4052-ad74-7b52b6f5d7df	1895
82c4432d-6b45-4f3a-a081-bb539b401d6e	1183
82c80b04-f2cd-462e-b85c-8f593c90d059	861
82cb54df-00ee-4796-b60e-430e374ef839	1186
82d1b902-62c9-4079-bc41-f0cce03f82cd	1185
82d24ffb-d8e8-42ab-a1c2-4a9ef2fbd481	860
82d42b91-18f0-4469-ac21-f042798ef877	864
82d66845-6358-4563-8825-ab2ee9182f35	862
82d8f3f6-ee40-4634-9135-5df35e298363	1170
82dd679e-0f86-49c6-8e4f-27c6dde83df2	885
82e0a6d9-71f2-44e2-b32e-5a92182b0fa9	1170
82e1ee24-7741-4f1f-9a59-b35692eb97d8	1168
82e1efe9-69d9-4ab7-99c3-7eda7ea95b4d	574
82e43fed-d2e3-485a-820e-c88bd9a99eab	1169
82e74961-8246-4b7a-9092-e432842e8150	878
82ec0f9f-8335-4602-a80f-726e44575396	1179
82ec52d0-c8ae-4d4b-98c0-3bca4d400f2f	881
82ed9062-2e51-4c6d-8530-99152d37290c	1155
82f18126-5cef-4fd0-8a9d-c24ae74edf26	1982
82f7e2d4-02cb-4ba3-9cb9-d8a1917546de	1189
82f82d31-63eb-405b-8bdc-eec1b6207db7	1179
82f83c20-7741-4592-bdb3-c020753c8669	1168
82f9814f-e2a7-4c08-a4e2-3a9733b611cc	1180
82fbcf8f-0006-4c47-be69-795b4a8528d5	1167
82fd65d4-ab6e-4729-84af-36d944464db5	883
8300885d-b06b-4e4a-8854-3453329aa67c	1144
8300ad48-431e-4914-88d9-90f2e5c76494	1177
83015186-9225-4b9e-92c8-bbdbc9a26981	856
8301b589-4b7f-4896-ae77-c18509db1244	989
83027200-e731-43b5-8fd8-83492bcf1fe0	865
8304a62d-e94e-4030-a928-9549e09678ec	1186
830571d8-39a7-4f46-816f-958f171a04b4	1184
830589b1-8d77-41fa-84aa-fc0fdc8e02ea	878
83087f27-66f1-4efc-9198-f9c8f72572b5	1161
830d7093-683c-4c70-b724-0adb19f66929	1185
830da0bc-56b0-4c57-ae8b-c7905577cc04	1168
830e4d2d-3ee1-46d4-9301-f120fd6266ee	1158
8310517c-1d30-44fa-a9f3-4849a5fcacd2	876
83121d32-1902-4d98-bc3a-8b9abc35493d	1170
83184899-2695-4cc3-9195-d3c13da90e04	1189
83196f81-815c-4aa6-9f6f-9eada2ab92bd	864
831d56db-f068-4a8f-97b1-85c667f15115	978
8328fda3-1e2e-4f77-a195-674a55a14c79	1184
83293ffe-9389-4a3d-9b7c-dea0b53b4b0a	881
832e8c93-60a0-4a71-b960-d2f7b3b23ba8	878
8337a806-e4e3-4b4d-b3c0-4ff2376ccd58	1820
83449271-6cc7-46b4-8b18-286f6f4bf382	1177
8345d99a-8064-440f-b29b-49a077055251	1161
8348eda9-486f-4c78-8261-d6353683b373	1190
835346f5-e1dc-4c70-9501-13a1ff2ff925	985
83589f16-8921-4f97-8211-8059e3452d3b	863
835d5c70-6951-423a-a389-1d41110ec8a0	1141
835daae2-6362-4ac8-9e0f-742168415239	1182
8360311b-d569-444c-8c1e-f3d7687d76f1	876
8362b750-61fc-4fba-b26c-c95643031080	883
8371cc57-0868-4869-a281-e1d762daefac	860
83784738-abc9-4c76-9d7c-c5255290c132	1172
837aef0d-ce0b-4b49-9111-2c640f5a5310	1283
838731d8-427e-4543-a18d-4a0973813b50	1180
8387ba4c-6f68-4451-9f61-36cd33f3e25c	864
83887daf-0640-4e8d-939e-89ff2250602e	1196
8389164e-35b8-4f8e-b74a-7c1169d2fe5a	867
838a98c4-1eef-485c-907a-2825cfb6c20b	1489
838bba13-96b7-406a-8f77-989ec8af36a3	1187
838cf498-e29a-446c-a4f3-8ac7cfd6bb43	1161
83920132-86c0-4e70-9b49-049a865143fe	778
8395839c-b93e-47c3-be8f-ff5bada5be5f	1811
839a1293-a663-4844-9247-e289ebda7c3f	1166
839a51f9-782a-4596-968b-de01b96b65b1	1183
839bfff3-1452-482b-a888-a119ff64c929	1164
839cd176-39d1-43bd-b7f2-2210db9cbf87	1184
839fc9a3-4e4c-49f9-b842-86ff9de75ff4	1185
83a0ba22-6bf7-4517-918f-630dd5e92967	1179
83a18776-b8f6-4f09-9fab-546fcecd1385	878
83a299b3-fe17-4eca-ad6f-24046961b7aa	601
83a6ce7b-229b-495d-9d3e-b021cf13e62c	887
83aba97e-4054-46cf-af59-7b32b651308c	1166
83af0270-3c63-4230-9779-11bc14ade61d	630
83af3f3c-2b71-4c82-8607-faa20717f013	1193
83b1b1f9-a2fb-4a11-b4c6-3f3e5b7ba691	1177
83b26f7f-8ef4-46a3-a67d-bbb15993ba98	861
83b64485-0c11-4c05-83cb-8df2d0eaa30c	1157
83b85ba8-2076-4d0e-a115-2a520c071d2e	1186
83b8fe69-db02-4de1-80a7-fcbc0ef06fbe	876
83ba02fd-2388-4b92-a35d-0abf00a9e247	1190
83baa257-4331-4425-b802-ec86aa7ac903	1170
83be71ab-7039-46a3-9448-094e78804237	1183
83c1aee0-e293-4b3b-8dc3-49087811582c	1167
83c22198-c3b6-4c0c-a76b-ec8b1252b972	1172
83c33811-f772-4a69-bace-edb0d3a3d011	1174
83d55e37-c943-4af5-ae54-998f1b5a643d	1190
83d83755-47e8-4283-bd3e-a556fa13748e	1155
83da30ba-aee8-4c7e-8e1b-f4e432ed4059	1166
83da6d23-73d4-40b8-b0a3-ca44f7336a37	885
83dbd38f-d8d5-45b4-973d-b1accad6cd38	1187
83df15ce-85c6-4f61-be76-d9a33a6e3e0a	1176
83e20c13-5a5f-4d9d-8f49-9a95a648d153	885
83f1ffee-3faf-4f50-8dbe-c141c77f97d4	1165
83f29e3f-1db9-4aba-9387-68ac62ac7d1f	1162
84036524-b15d-4693-8265-1985fb52e270	882
8409cb79-2e23-4475-a131-b4155bf8b366	955
840e0484-83d2-452c-810d-19a109ce3c64	873
840e4669-a609-492c-b61c-65f9e83445a5	1169
840ef18d-7669-4db4-ad48-fdba43138ecc	856
840f5419-dee5-4c5e-86ef-634caebe10fc	879
84160c61-9a1e-43b6-9e59-3fd88755cde8	1167
84169498-8993-42e7-a048-ae51bcfe9ec7	1164
841c0a70-d0a9-46a2-ada8-1bcd966e26c5	1182
841d208a-3445-4399-ad60-a6cc699fc3ee	1180
842bf926-fab6-4437-90ee-6f08d5cb8a9d	1187
84353002-8b5f-4638-a81b-d54f8958ea70	629
84472c33-1958-4ec3-b506-90544f283914	1184
844f7f35-ded5-440b-8e18-64a024c244cd	1183
84547f63-db0e-449f-8db0-770d235652f0	1188
846164c3-c242-4b98-9515-a4f39acd35f4	885
8462f99b-1e80-4063-b9b4-cb32e5c7b3e1	1159
84635695-f048-4d99-9d5b-8159d9d76a9c	885
8463ac05-c17c-4bea-932e-4f20b91d986f	863
846695a8-4627-434d-bad9-01bbbfe14c1c	992
846c139a-3f97-4635-9c88-cce9468095ef	1174
846ffd68-59cf-4be2-9eef-1bcc9edd3ba4	880
8470e63f-467b-423f-b9ea-c68f3e586187	883
847474b7-6a74-4186-8a92-14e7eba9f9c1	1154
84750f98-6e9c-48c7-82e7-bcc3b97a2fcd	883
8476300b-3da6-4a5c-b12a-fd75d93cdb5a	879
8478bb27-03c8-4a2a-a220-5ac44ee1e654	1164
847b00a3-42c5-4ef7-9426-ca6d95f4ae35	1165
848786de-b99c-4030-8036-b53b16cb2171	885
848a8f3f-eb26-4977-938b-5025b79350de	863
848b65d2-20b4-4d12-b843-bddd0991cf16	876
8493661a-a0be-490a-9929-37024b42779f	886
8495d8a1-725a-4925-962f-d8064fe77017	1133
849bc9de-92b9-49ad-8e43-1428bc0a30d7	865
84a23a51-c81c-456a-ab59-3c3754467aeb	1177
84a2adcd-d24a-4a3c-baaa-7b49b3c91c07	1159
84a59193-65ff-4756-a0b2-c408c05089cb	1153
84a88e94-68d6-4d42-b72e-a6276fb7cc5a	861
84a9ad88-bf17-40cd-8d0d-1ebaa028f2fd	879
84ad4d8b-0574-40f3-b70b-78cdd5798596	859
84afc35b-8465-4ebf-8d0f-747ecd1ad80e	884
84b74fcc-aea2-4203-b474-9f22a71a1292	1165
84bdfc98-4025-4976-859d-32ddf713d14d	1168
84c61702-eb30-4a73-971a-fb009e782897	881
84ce73f3-7c73-408c-be37-5806dac12799	880
84d4bedd-dee3-4793-b91b-1587a867ec49	1187
84db9d54-32b3-4ad6-8cbc-5d2faffb9b21	1179
84e5c17c-25ab-4cad-90af-7e62ab901af3	886
84ef88e0-9352-4193-926d-b57669b50216	1165
84f0e2aa-1db9-48e2-941f-17a1c0dbaf3d	889
84f1e62a-8a90-4521-aa65-15dbf44f90b7	1186
84f6bfc7-25da-4aad-a6d7-bff2ca1480cc	799
84f76417-01ad-4f65-a542-2194d8aa30d4	1167
84fe87d9-529a-46c1-bf9c-13cc3bc0e63d	857
84ff76c3-f5c5-4865-a673-e247ee77a8c9	1189
85028a15-0c26-4e26-a486-a070ce710212	1180
85066d27-8ec0-44c7-8eb0-27b649235019	883
851093f4-75c4-4963-a3fe-c82e7225ca12	865
851370e4-61ab-4500-9376-aef7c098befe	879
8517550f-41ce-4c7b-a26a-5408a491ad2d	1183
85224407-252d-46b8-a40e-28a5c5320812	1656
8525a0ce-51d4-4855-8c51-ad02fcd56b4a	1168
852acc45-9eb1-42da-81a0-6efc871237d3	1186
852b2961-db1c-4397-b320-a04e7aa5f30e	1152
852e494c-b1e0-4b14-952d-5746fcde649e	886
85335381-0827-4fe4-8a30-92b3265189eb	1184
85358196-6163-43fb-890f-66fda0157397	1163
853a9471-d978-4c68-929c-343d0d720f5c	1182
853e8619-b811-48ac-a410-e5042740e089	863
85403223-1753-4182-ae71-9d53f41a237b	1159
85491f5b-f17e-4c58-a52c-ebf7cb33eda6	1145
854be38c-c0c4-415c-9842-8fd8c1917d71	884
854d8ee1-68d4-42c2-be6e-ae904377a13a	1163
854f1c13-80ab-4aac-b86e-02a84dd46642	875
855774f2-263a-47bb-b972-518640e30f72	1163
8559a8e1-fc6b-4bc3-bf53-8b2514450bab	1174
855dca2c-3796-4291-91c5-4321bc47ba6a	886
855fb54a-285b-4b07-b85b-8e27d7334692	863
8560e921-7d3b-4e24-9938-cbde93e754cb	1167
856159ab-b12b-4431-83ab-3b3ad934f897	1180
8563a7ac-5013-42b1-acfb-16166081c075	1182
85658c85-1da3-4488-a5b5-87bbf272ebdc	1191
85672abe-0be7-4dfe-8a64-bd8522ab2586	877
8569e1af-1e96-4b05-9174-935cdea1a3ef	1159
856a4eaf-0b09-4ce0-becb-08251871dc48	859
85738d57-683d-4375-9e80-7c83109aee09	587
8574c5ba-b47b-4024-bfb7-ca016cc5a015	966
85774a85-fd56-40ea-a19f-044c88dc1ff3	854
857c080e-a0c3-457d-b43f-9cdcce45dd30	1184
857c4d64-50a3-4557-b39e-f0fe76dde019	1182
8587057c-59c7-41ad-9747-a0341f5d6ebb	1180
8591fefe-7b8e-4377-bf0f-0dd265d032ab	536
859b6d9e-1297-49ff-aea5-052dc6895881	1163
859c2e5a-19b4-41b2-afa1-e0d84c0a199b	873
85a013fd-3fa4-49e5-bb8e-7ccc30a9edfd	1160
85a0427a-ce8b-4c6d-9c38-26ab715bf543	1130
85b443fc-33c7-4dde-b82d-ca7dc948438a	1179
85b82455-c4c6-49a1-a33e-eaf3a99d71c2	1173
85bb0f92-3ae0-42c9-afb5-1bf3b77c6574	1184
85bb1300-d8a0-46ca-a212-cbbd1299bd3a	1159
85c7c7af-b37e-42b1-9c50-72b4f41441de	1185
85ccc17e-6cb2-40f2-b9bd-f5e618bf78c2	1150
85d5b5df-d8db-4444-9d2f-3854784b1408	1168
85e2f6bb-9f07-4998-ba0e-d7c3f1ad6e09	722
85e3097f-57d2-4b43-a6ac-033c767eb987	1173
85e97235-8f4a-4aa3-9b18-d3e7d9a265b4	851
85ef023c-49fc-4d32-a453-187f1299fb9a	1189
85ef296e-6af8-403d-82d5-830510bbfead	880
85f1fbe8-2b5b-4206-acc8-8df9177bab2f	1188
85f3c2f7-d55a-4b1b-bfc8-aaf57c02c05d	1169
85f83778-f818-4c42-a065-21f57cd89b00	1181
85f88128-8f5a-4a4a-a9a5-fcedbd37efd1	855
85fcf509-4e6d-4fd1-9449-cba577294d40	1168
8601c503-bae0-4587-b444-da7f0e7b8d95	1181
860d93b2-9dd9-4e61-bc4e-d3ad31cf80c9	862
860ea765-7d19-4b6d-9296-4bd6dd28c305	1159
86117174-e683-4e92-a240-5120da7feec7	1164
861c8e85-9417-4ccb-96f6-2ecde902db4c	696
861ee2bd-bfdb-4365-8089-4cc008faed71	1153
861f0f00-cac2-426e-976b-db9804dbb11f	1169
862337f6-cf18-43cb-9396-0cfd81da170d	1144
8623c850-1896-4ef9-8e50-42f18b543874	1396
86286065-19b6-4558-820f-be503fb88933	1184
863100ad-d093-4b17-b01a-f25e6201e59e	1191
8631afe8-de78-47ad-b443-339df368391d	1170
8631dbaf-62f8-4380-8775-fdb1b47aaca4	888
86337f95-3a06-4e24-9f73-1f6024fde100	894
8634dbf6-6712-4da0-8432-580fdedf9e9e	1167
8638010a-773c-4d11-9533-3531d794c4a3	1166
86383fc5-aad8-4a19-921e-d668824ec735	668
8639971a-1322-430c-bebb-9f179f786bc7	884
863c1585-0665-4195-96a8-c2dd9a21b31d	2219
863dc517-98db-4cc3-8965-9738464b96f4	853
863f67e2-e1f5-4774-9742-5917d8948904	991
86451370-b560-48e7-b1d1-8a59f21c7516	881
86466bd0-c0da-47ac-b50f-379080eda2c4	539
864f7deb-dc34-453f-a42e-4ec7ad957f00	921
865e9d3e-27bd-45ba-a151-abe21b16bdb6	1189
86617c08-cf06-4059-9991-48d4892e75b1	855
866a5d63-3d6e-437b-80ae-af3c906930e3	1183
866b6395-a462-4bf9-8634-9171c72e1d27	1170
866e3da8-9f88-49f8-96e7-413f2544c9fd	861
866e7dea-8c30-483b-adb3-bd207ee7d59f	1173
866e8bc0-f283-483a-bd7b-490b3d3d8f17	1183
86702286-5286-46da-a445-d0fba3658ec2	1186
86712d3b-c302-48af-a692-7998514476c5	882
86750551-6574-4836-a27c-03ee08e332be	989
86767704-e925-4460-91bf-630ebf2c8055	985
8679dad7-cf14-42a6-b94a-9238ec459e23	1174
867e1d6a-ba5e-422e-af20-cf0d242284e0	869
8682b238-7bfd-4e18-96ef-2b76756b840e	1185
8683a765-7e0b-4e97-9a7b-d3dd80318379	1002
8687610d-8b00-42ac-b7e8-a6908b5ff815	860
868aa8d5-3ac0-424b-9374-0714c86e2ba4	1167
868acce2-1f25-433b-b272-696d575a3f03	1184
868b8dc2-5bdd-4137-b0f7-5270c4b75329	1167
8693062a-8283-4ea1-b9d0-4c6be156a5ba	1167
86a299b8-8cf5-4b24-81a1-0c1ee6dfb784	1187
86a4bbc0-5f43-4720-808e-b49770ef19c3	1166
86a7237f-a420-4aac-91e2-138ab39966c8	1185
86a7d797-1304-4926-a4c3-ca10cc25aef3	1192
86a9c994-ecca-4c0f-a17c-dbd4428c2a8c	1183
86abaf48-4916-44e1-84cc-5aad28c12219	1190
86abb5f7-7c90-45d5-99d5-c7e0250cfb61	856
86b668e4-1ad7-4740-b52d-b3f6010a1cdf	1180
86ba6376-3149-477f-9b02-70df8287c1db	1168
86bc3728-9d1a-43e0-b393-6f73cb146da9	1873
86c528df-4c75-409a-84b8-54bb375b2387	1167
86d00475-b997-474c-bc79-bc90c5cf9f87	864
86d08fcb-7750-4910-88fa-e74744819b72	1177
86d3c4b4-0643-4d46-a33d-a75a5dad2fe9	1183
86d75fa8-46ec-4ade-9c67-1857026527f9	1185
86da3243-a1c7-4f31-bc2f-ca50100775d9	865
86dad73e-e7c1-4861-994c-5dd0dafe4e0c	888
86db93e3-5f86-40e7-a5b0-d50a9bb06592	880
86ddba16-2eb8-4f98-ad25-3de6a8d92b8a	858
86ddbed9-b090-47f9-8441-01f5bebbe0f5	855
86e3c8e1-cc28-4598-99ba-b0447140e823	1950
86e5e745-28ff-4e50-90c4-6e6cee168e26	1174
86e724a5-0eb5-46be-9ae8-0fd56c4388d5	1164
86eba4cf-9752-449f-a288-d860da8d53d7	1178
86f4ceae-f2d2-42cc-b581-3967a8340a71	1167
86fec407-976c-4bb8-ac74-1a6d88d0b623	884
86ff583e-8c00-42d8-b0f2-d504dc2d2ac4	1186
870064de-0a5d-42f9-806b-7f224e52d6f0	1191
8704f1ce-92f1-422d-882f-1180cbba0a2b	1194
87055232-9dbd-489f-b35f-132c74766e64	797
870713c4-dee9-4364-8635-a6cb2ea21823	1151
870a3c70-286a-46ee-9522-023fa8cd1eee	1153
870b1ae6-9186-46f1-b5f0-390633d4ca19	1184
870fb25b-3bba-431d-9a1e-117888963705	1182
8712f040-33c8-40fa-943f-0fbf0da1d0dc	1183
8717d710-dffc-4e6b-b600-09055a91653e	1168
872172d9-8361-4bb9-bb18-c37288f92176	1165
8722a8eb-cb34-426c-8f84-1f129ee2b056	1189
8728b89c-d811-4c54-a1ae-11813a449eec	1185
8729a5b3-c161-4a57-83bb-121f371d254d	1167
872b5290-4668-4900-8c24-624eb1a4e6d9	1187
872cd855-55f9-49bc-94ac-868fe65feb48	1179
872e805f-fe5c-438a-871d-d30f644d85a3	1175
872fc06a-3274-4143-a086-96268d262d29	1168
872fffd6-94a1-4349-b016-fc88ad714e51	1165
87308f9f-807b-4943-9f2d-0c1712048376	1183
87315b5a-4e39-4301-941a-413756b800ac	883
8738e6eb-0e71-4883-8474-fee3ffdf3abf	1187
874005cb-af66-4fa5-9cfe-4f5016f07c94	1164
874401d0-ac7c-44df-b849-7752969147cd	986
8745f606-1cba-4ae1-982d-b073d2156d7d	1180
87496532-d205-42be-bf5e-0f09bab7e684	1185
874ad276-47c5-4377-89f1-a917903d7d31	885
874b31bb-498a-4267-8a10-26ea28626152	991
874e0f54-54c0-487f-a3a1-8d5984cbfb97	861
8754d470-d23d-462a-95f2-5bfc3397a1bf	1185
8759198c-c852-46e4-82e6-87a4b5905125	1189
87620334-53e1-4b19-89c6-1f3105f8a723	1162
8768b8c9-90c3-48c2-824f-3dc67ce795e8	781
876c2028-dc4c-4953-9de7-e4815a31264c	1189
877a3afc-133d-41bb-aa39-6158bb11fa21	1166
877dfaf7-1b2a-4f60-a85a-35a42e7571d8	959
8782a7b0-302c-4069-9188-d0a0d2e5cb8a	880
87847a45-18f7-48e1-9b94-4ea9e41cc377	875
87850bc8-0511-44bb-b5f6-dfb8e2a9cc4b	1185
8788be0c-1743-435c-a5e2-c26c3250994d	1152
878a60bd-d340-409e-90d3-6938076d80cd	1133
878ed62a-fb56-4123-bf92-db5635dbb6c8	1190
878f2d56-65c9-46a3-af45-ff70a3521032	878
8791d196-3453-40df-954c-9a3063b825a4	1184
87995cd6-c2c1-48ce-bf04-6df9111ef60e	1180
879eb36c-bb32-49ce-bb15-936228f7bdaf	851
879f8c7e-579f-4def-99b4-eb0b36795981	1180
87a11dd1-51d7-46f9-97bc-fb25571ecf40	1162
87a427af-4c7e-4a94-8494-f754b33ca605	866
87aa497d-6c89-4be1-b562-a4af3b5f980f	1166
87b010a8-4e1f-4dcb-8be2-7879822de0e3	886
87b0c751-067d-4269-b312-58c5346fd575	1169
87b80c86-9162-4044-8bdb-7cc146e2d338	1157
87c29d48-4a79-454d-a55d-aae920a61519	1165
87c60a6b-ddca-48b7-9ab2-84607bd271bf	1162
87c619a7-c12f-4c14-9fde-df63cc087985	1190
87d0c5a3-8787-47c5-8ac2-24a28eab7243	913
87d10ca2-81ed-4715-b1a5-eefa2bf52eb1	885
87d4b4bc-169e-4fe7-ae4c-61d44d25b828	879
87d63ee1-c0ca-4d59-bf94-9186cc38245d	1440
87d94dec-7977-4e9b-a7be-5ac5b15f8ae6	1184
87ddf33d-d492-4b7f-ad42-fe43a250e727	880
87e091cc-d1da-4fe5-88fb-ac80bee54a76	1188
87e0f74b-e694-4ab3-9dd3-15ede952654d	1187
87e3faf8-0c7b-41a9-8bac-ce7de1a8b6c2	1181
87e7792c-debb-459e-84e1-5ea88854c554	856
87e85efc-cd8a-4cc8-a41f-d7059799890d	882
87f08392-21a5-4432-901a-8d511b432935	1184
87f2dcac-01c5-4774-a849-911444b0c21a	1157
87f63558-2e63-4bed-a9de-fec6aba0bbf2	866
87fc8634-5ae8-4b0d-9cf7-c4cccf2a66d3	862
87ff55a6-d608-4240-ae1a-38e0df1f0b3f	1197
88013a6e-9f5c-4907-880c-e990d40d86c1	885
880819ed-b1a3-4d8f-9d83-9a99065c9f79	1181
88085419-4ce7-4652-ad0f-a4763fa612b3	1164
880ade3f-22b9-47dc-854f-b113a8156c71	1156
880eac02-1dce-47ef-a992-38e9d4289347	596
8811c48c-d894-4473-9cd4-3ec3dd0940b4	1169
8812abfb-834e-41ba-b326-b905383759e4	1167
8814082d-a1eb-4741-9eaa-a7e5776a79bd	913
88154a5e-61ea-492c-9c91-4854c1d5c761	1156
8822bede-6078-49a5-824b-52c07264441d	884
88298100-2533-431e-a15b-89ec8f692b88	1180
882d5529-7383-4750-8054-6173b090b17e	847
882f9837-c976-48c9-a806-cc343251722c	1187
88318f8b-859e-42d8-8cd7-8ede23c95261	882
883379ee-83bf-456b-985d-6345e7af963f	679
8836a161-7ff5-403a-a4f7-b3e1e288cd9a	866
883cee7f-4409-463e-ad2e-fc1f4fe5ba14	1155
883d78be-bbb0-47bd-92fd-61ca545b376a	1191
8844cefb-57b7-443b-add3-1d9f781829ea	1187
884b0714-69a3-4922-9241-97f9b350cc57	1185
884c8f93-61e8-44c8-bc51-aff8a907bcd0	1151
8858efd6-7d5d-434b-b144-b305340074b5	1187
8860bfb7-13c7-4281-802d-d4527fe6dc04	1186
8860f010-2bb3-464a-bc43-b1b9e20b8901	884
88650e4d-6dab-44c4-b72b-499b43c88f14	1183
8866e553-70ce-499f-a36a-33073d2ec220	1179
886bc41d-12f2-49ac-9dc9-7bb3e70ca9bd	1187
887367ec-ea15-46c2-ac8c-7b777871e536	862
887a635a-72d0-43f3-a9da-7f1e2ef71c31	1419
8882e063-711e-47e8-9049-645f1b61f3ec	884
888a553a-b679-4ed8-a49f-06e8bdf6bec7	1877
889229c8-5da8-4e58-a958-59164fb075d0	1169
889266d7-cf7e-4d3c-a63b-11a2048b9f13	860
8893d708-d881-440b-a531-4c8d220b7770	1175
8893f7e8-2bf3-40a7-ab34-b901736b516e	1159
88971312-fb2a-4de5-a8e7-32e0adb494b0	1167
889e8793-2737-4695-8509-0e951073f9b4	993
88a29648-7303-4c83-ac57-4b31215e9f3b	1184
88a76d34-a970-4b46-b666-706ba398c6d0	909
88a77519-96ef-4497-b693-b91cbadb3cca	676
88a94cf8-76e0-4ee9-b652-d8df67b9a6e5	1192
88ab385e-bda1-4356-9869-362ec628ff4b	1181
88ae0c0d-7fdf-4805-b59c-0d6d9682d005	866
88af493a-bee1-41bc-b1e8-fac143033514	861
88b00cfb-794f-43c5-ba7d-f8a0ec157738	880
88b08c9e-ace4-41a3-9e73-dbef2a04f2ff	1180
88b180af-0c80-4f1e-9dc0-5382d2a2dc98	1158
88b224b5-caaf-4aa3-af0e-3d28b8dcd842	1128
88b6b8e8-6324-4cee-a9ad-2e9d03ec32c1	1164
88c0124a-c36d-4c32-885f-6e95ab989686	863
88c38548-de3d-490e-8ee0-fde2e41a6f2e	892
88c4d988-29b7-43cf-a6f6-b114fa6cd4f4	1181
88c8a2a8-9118-4046-a3a9-d886679cdf81	1162
88cb85af-61ab-4b73-80ff-c2db34b47080	1190
88cbe00c-ebc1-4c0e-bc6d-30ca88ca1c8b	1186
88d15b5e-fc53-4b66-b6cc-10256382dcc9	983
88d3fa80-5774-4ebc-8e1f-5657ad95da92	857
88d869ae-7a31-4dc2-a528-a6d5c228c01d	1168
88d9bb5d-11de-4b18-b50b-dbff4afb892e	1147
88ddc35b-5a3e-40af-880d-77a1a400e015	1181
88f4e377-5db1-46e5-8ff0-643f142b4da0	882
88f65390-7f18-40d3-bb67-fcbe13665517	1186
8901655e-a5d0-474d-80fd-9b6a7058ca49	1179
890698a0-6bc9-4374-a602-0687895731c0	1163
8907c62a-17bd-4db9-bff1-1aeb38871234	885
890a54c8-6527-4e13-9e62-cf0cc637a4b2	1184
890c591a-99bf-455d-96e4-7e2e743b57e2	628
891543b4-a448-4220-8422-1cdd8a7309b2	1168
8915ddb9-c529-4999-82d5-1a07c5f20d28	1175
891a15a0-e521-439d-8f3a-b9b950607bc5	1182
891ca56a-6163-4be4-bad1-26626422030a	611
89250c08-fcb9-48fa-bd68-edff0557fc5d	1172
89259baf-3696-44b9-bbcd-46a283a293c4	946
892871e1-0644-4e1e-b3b4-917e1df016c2	1183
89305234-574d-4800-a93d-46e18ff24fef	1178
8932e7d9-9036-4f74-824b-f11d914fe30a	857
89398796-b0c7-4434-abde-83fbad877396	1156
8939d447-58de-4401-9f24-e250a152b5a7	1704
893c3e41-9d47-41ca-ad72-a51cb047e532	1170
8942d97c-9b94-49d0-8244-c10e922aed96	868
894c8965-d591-4f71-8110-3eda0c4bf657	882
895096bc-502c-4767-b038-672d3f52fe78	1166
89520f1e-cc5c-4e82-8825-2d6a03ff6090	863
8954dc3f-b839-4170-a5f1-d73a7291f47d	883
895b6537-d826-491f-b0a9-5f9502b77cf2	1172
895d6090-1275-4dcd-8811-38e555ee9a92	1187
8960aa05-e725-4198-936e-acfd0100318a	881
8961cd9b-1eba-4ffe-bfbb-d14c80afa358	1180
8968351c-9fde-4726-9ce6-4ceb7b1ae97b	995
8979ee10-b5b0-4cd9-b2a3-8fa15629a216	1189
897dc78a-c6df-48f9-99b7-42728d005974	1181
897dd5ea-2fcc-4382-ab2f-cd89e8012851	647
89808f06-f324-4fca-b07c-13bfa03e07e1	881
8980d462-4c09-464f-828c-674e88c0f1b2	1153
8980fc07-dfc7-4c8d-b42c-9f59169d6ddc	889
8981832e-5b67-44ce-8ff5-753b521ac52d	1167
89828ac6-e63d-4c8d-a195-e9fcaa7af1dc	1172
8982d810-2a83-4b7b-9d6b-593eb553f2f0	1182
8984adc8-974d-4a91-8cc7-f12be79d3c17	1164
89885909-f2b7-4563-a698-4f3b498fca30	877
8990899f-8dc3-4990-9198-01b22522fe34	882
8991350a-ee70-436e-a4ad-7a4fb21b4adb	881
8992d54b-c320-4b08-a690-dc1aebb746a6	1178
899d05b1-856f-4e04-a791-098efa3b18d7	862
899d3d50-9308-47cb-adb2-4ed5f2784ed8	865
89a2d4a8-ff7b-49b3-bbd5-22980a88fd87	1161
89a31dba-635a-4352-8076-3e785cf93830	914
89a32f71-1534-42bc-8ec3-7ffb265df65a	1161
89a4b786-9a84-48e5-ac3f-a8e46a6b5b27	862
89aa2ea6-379c-4a65-b985-9326c2d00b3d	1179
89aede6d-1610-487d-b0e4-0ba353008894	880
89b013f2-5ca1-4f9b-87f1-6446a7307fa0	1165
89b05544-370b-429e-830b-8e500c634d68	863
89b52254-978d-41f2-8a8d-e8bbbe61e52a	842
89b95052-d0da-4879-9b5e-8bf88c19a07b	854
89bf43c1-e95e-42d6-ac28-458621d010ce	1154
89c555a0-7799-4409-8ce1-d67a236a9bc8	1138
89c5d77f-643e-462e-9f99-c527d97c5810	1178
89c7a92e-7f1c-411e-8f56-ac7ee5a4b19c	1181
89d2206a-12d5-4346-b37c-f96f1ec8becc	865
89d6982b-98c8-42c9-8eba-85d928fad562	1179
89e102c3-1051-4072-89a7-b4aba9d711e4	1168
89eb1ea2-1c09-4976-bca7-8c8dfd59a326	1192
89fa7eea-e2c9-49f5-8a96-7ce8fd94186c	1184
89fa8fd3-9282-4f66-9462-b3dd208e4cdf	1184
8a006bb7-68a6-452c-b296-3e03749b1ad9	1174
8a03b2b0-034a-401a-8d56-0bd75f23b167	2212
8a079aef-a793-4035-8f06-029423abb053	1146
8a0a7940-b910-42dd-acd9-3b8d5c534bf7	1157
8a0e34bc-7b32-4e91-b90d-a0e5642eceb3	1192
8a0e9565-c1a6-424b-a8a8-e0935d3a9be0	885
8a17b51f-6162-40d1-a033-8fec1634e3f7	886
8a19f200-3723-4255-807d-a0b52ff42280	863
8a1ef2ca-d9d9-49f6-b49d-dfada0ac3098	882
8a2055f1-d819-4bab-90a5-8c8b80b7be99	1175
8a2213e8-a84e-4ee1-b378-73e7cf135e2c	1184
8a225d3a-0098-4ea2-951b-05a92d71a349	1165
8a272966-1caa-44f2-a536-0ea350324848	1182
8a27a7c2-58ce-4e69-b8ab-055939fdff57	862
8a3215b1-8b96-430d-bd26-8aa88c37394b	857
8a34ac36-86a0-40b1-80cb-fc4c32471a4b	884
8a35acbf-e8ed-46a2-9e4d-5e4f7c1954a3	1174
8a363e11-0be7-49bd-996e-938adff2e074	889
8a382c7d-f0b7-4741-b71a-25c55966f66b	859
8a396bb9-8368-4e08-8c6c-d666b1d983e9	1184
8a397f80-fac7-444b-b1ee-874d0dac8eef	1184
8a3e6664-c21a-4a6f-8f44-1ea9135f2786	893
8a3ef610-2a46-41ce-809d-e79bc717d120	887
8a3fbd2d-28ea-4870-868c-990d1e65b65e	1165
8a41b343-a4cb-450f-b45a-aaa8faad0224	1166
8a46f4ce-a631-4b5a-9439-8e59bcbe08cf	738
8a4b2e27-2584-4408-9107-4667a1394d21	1185
8a513551-e376-4db2-a50c-a1fb0b2e7a97	891
8a52f2ad-fbc3-42c2-b929-8d5e5ae00bbb	1171
8a53121d-c053-4875-af74-394eda11eb40	1157
8a57590b-dc90-4f63-8913-ce54f5bafece	725
8a57a6c9-00e9-45ad-a228-c563238ad54e	1162
8a586a83-f38b-46f9-b51a-8dff1c582799	1479
8a5a7316-0de5-45f7-806c-3581618fc671	1167
8a5bd7e4-b190-4d46-8d32-583254463f7b	1187
8a642d2f-7bbe-414b-9254-c2420396cd40	1168
8a6be06b-0bd8-43ec-9d96-1c8bea59c373	1164
8a6fc4ea-c30c-495a-b379-3869c2513cb7	885
8a7f6719-506a-4e71-8ac9-cf3421190251	893
8a8229fc-86dd-4869-bc5e-3e916db6a35b	860
8a8ae1f7-7240-4036-b1bd-804aebb289d6	866
8a8ae9ff-956e-4b25-b7a4-2a2cde5c1a4a	856
8a8d5e89-0e62-4037-8564-bf68a430273f	1178
8a952071-3b53-4117-998f-75353b68a880	1163
8a9702cf-c1d3-4f5e-88cb-422a68790bb3	1188
8aa85d6e-f83a-45ae-b26f-2d85e9aed3a0	2226
8aaa4e55-bf23-48bb-a710-95d84b34bc5f	1166
8aabc4db-1d18-4f45-96da-cb7ebc853f18	993
8ab5ceef-6b52-4230-ad34-9b1efefc2aa2	1185
8ab83c0d-7fba-40e3-89e2-412b9f15cbab	1179
8ab8bfca-a0f4-478b-a876-f8623ae259eb	1155
8abc10ac-d678-4d80-a488-c6c061a840e6	1188
8ac1c9e8-414a-4e0f-9053-79a74f6ac73e	1156
8ac42aab-77b3-41da-b3eb-a3e843ff1b44	884
8ac450bc-5f72-4508-bfc9-acd0f3608ba8	794
8ac60103-a2be-4060-9e1c-c7be61b6d44c	883
8ac854e2-5c74-4108-97dc-6438a9b897d1	1167
8ac9e545-feff-4699-925b-c7967ba5edbd	637
8acf7610-c271-403d-87e5-767accba781f	1171
8ad0b254-54f5-4e74-9559-df9a14201705	1187
8ad2c05a-4f34-42c5-88d4-336e8b348e34	1190
8ade493b-f082-4775-90ac-5cb62ee597a2	1166
8ae26566-d6db-41fd-a0b2-58eaee9e4b78	848
8ae4e8c8-dde4-42b8-a35e-1d2080c7d2b2	1184
8ae767f3-353c-4c22-bc7b-9bb78cc35abd	1156
8ae80bdd-4c49-4f20-b070-9125a415aa5e	899
8aec42ee-b47f-40a1-896c-aef836bfa3f6	1161
8aee961b-1742-4e0a-9991-290cfe8081c8	774
8af388b4-4654-45ee-ad4d-3ac6f7c7dab7	1138
8af57a7e-ef16-467d-b61c-87ae12193518	1176
8afd82e4-7b4e-463d-96c0-d299e1bffe1c	856
8afffa55-c94a-4e75-923e-97e09e91b328	860
8b00d68f-a16b-4c51-b5db-0d30665985c9	1167
8b01e3e5-1f9f-428c-8aad-061eb4a4f67a	1190
8b03fdfc-abee-4b0e-8749-5d92e42cbf57	856
8b06eb66-7338-4922-8ebf-47d71a10fdd2	1184
8b09fdf5-5ff0-4d1f-b80b-07738025c1e3	856
8b0e3eb6-8534-4899-90e8-2aea51758d14	890
8b0f7fd1-d745-41ef-ba19-4d9c90b51030	849
8b13d347-a070-44c4-b695-525c6a0fbe77	1167
8b189ca4-33ad-447f-a636-233f267091bc	1176
8b189ce0-5de8-49db-8999-302f168c3058	889
8b1a2a27-ebec-4119-8ce2-d396d5b4a7de	1169
8b1aaf1f-9778-46a2-bc74-aa26cbf9ac4e	1183
8b1b6dfc-b0f8-45c5-a0ab-ceaeb0072394	1173
8b1c3da5-8698-47fb-b617-0d1b93af1880	876
8b1f8b07-0e39-4bbc-ae48-6b2a9e2968c0	1188
8b210625-88bf-4236-a477-9de00ffeef9d	1181
8b256d3b-5f8b-4b39-bbfe-aec4bf685b54	1163
8b2d0acb-0ea1-49e4-84eb-3a5415f6393d	1751
8b2d8799-13b3-423b-9a75-8f710e812ab2	1165
8b30d237-725a-4829-ae7d-fa4bbe6a950b	855
8b344eb8-7ddb-4767-88ac-08fd47bd2387	878
8b361778-a781-4c2f-9f6f-54831eb313d6	854
8b39db99-55f7-4d49-b832-ba2b141fb0fa	1158
8b3ec588-ca0f-4cfe-807d-d1fbd3e95d43	1166
8b41e513-63b5-47e1-bbf8-964e295af561	880
8b47e699-85e4-46ca-ab06-204e92e4274f	1163
8b5116ad-7a62-4ad3-8981-4028acd7ebb6	1183
8b547278-f683-48ea-b6c7-1c1ab84055cf	1164
8b5722a4-1200-4833-8996-b2c4faf392c1	864
8b59bfe8-b730-4315-b2bb-bc2759dc824b	877
8b6102bd-a2e5-43d0-811f-4a4740f65648	1175
8b644981-b625-4418-bb68-95e3898287f6	1187
8b66bd72-de03-48e9-a753-2d03ac12f6af	857
8b66f6d4-93c1-4bf3-95b2-62035a955f9d	1153
8b6acaf0-8f94-4e34-9055-7c8da5ab2529	862
8b6ad540-b23b-47a8-8d3f-3197c8e59a2f	880
8b715c15-c6c0-4f01-be12-f0a370efd762	1168
8b770df0-5abf-472d-b6f5-eae0c1faa032	859
8b7aafd2-2846-4582-a12c-0ce76cd18c0c	1157
8b7e7a9e-4b59-4648-aa8d-c698b22cbe45	866
8b822490-fa0c-4509-8ae0-a97d699e9f52	1185
8b8d98dd-3f6b-4b75-94ff-e07c3fd2e3b4	888
8b8e7a36-58bd-4d14-bf58-bbb768c9bf53	1180
8b8f1b38-79ab-4763-9b6a-b32d69686aaf	1160
8b911a2d-570d-4624-be50-c26ef8a84c77	1148
8b943008-9348-4844-a3fe-6ce99b85f23e	881
8b977b1d-dc1c-4737-b67d-7ea180468757	866
8b9b3ef3-b720-410e-8b66-03ca99033217	1162
8b9bb021-2154-4980-b0af-df075b2b5d74	1182
8b9e8656-7018-4660-a465-bacd0a5efd95	1167
8ba0a6ac-b3d5-4041-b242-407a66d3979e	1172
8ba143a2-8745-46e0-81b4-b5d726c0b7cb	1156
8ba3c5a8-9780-4056-955b-f39d555e0aed	1159
8ba3e9de-875b-49a1-834d-42cbcd1ae7d0	1180
8ba55b98-23bd-45ff-a181-869dc7e5399c	1168
8ba892e3-5f25-487d-8c02-6042a9633b76	1156
8baa203f-1b8d-4952-9626-165c08699f77	1188
8baaefc4-51b4-4209-9dc1-45cf8e65b541	1184
8bac1ad7-cc69-4483-a99c-e23c6d503585	889
8bad06cd-9108-4954-a131-0d49976cfca9	912
8badd605-7c61-4b29-8e1b-23d646076283	1162
8bae1891-70d6-4091-af59-6226d29ec8a2	881
8bb16110-43e9-476f-a763-d7b546184847	887
8bb37194-15c3-44ca-8c0d-f1356dffe36e	1143
8bbba1a4-13fe-4748-9a90-9ebff2c01221	892
8bbc7e86-0ecb-488b-b853-a0f2005f8456	889
8bbca782-4175-480d-ab7d-a708c1115f72	1172
8bbf90a5-1d60-4b82-905d-64f3b6409d7c	882
8bc463f0-05c8-45d5-81b2-c2481518741d	1162
8bc5e195-b295-40ce-ac79-98d627806eac	869
8bc71637-0ffc-4933-a3e8-252342807c8f	1149
8bc7205f-1b19-493a-96d1-b844031e6445	1186
8bcff9d4-2826-4e0a-87b2-049d69f2b0e5	1180
8bdd6145-3e2f-4ba8-a03b-31e02694bc97	1182
8bdead3d-3d83-41d1-89ad-28928f785bb0	868
8be20d6a-ead9-4127-98c2-eac4b543bcd1	1190
8be83834-604d-42ca-8ac2-5d7e201414bd	1151
8be99481-77a7-4173-8046-9ccb4222e980	860
8bf1a4b1-5552-4852-bfa7-6b7900f4ec52	1189
8bf1de65-212b-4629-a097-b37a492cad09	881
8c02668a-f332-411b-86eb-1f6633290d09	1189
8c02b19a-f7e4-400f-9640-443ce1cda0ca	1161
8c03c6a2-d36b-4f68-b94a-f06179e0b330	1189
8c06f00f-7106-4b21-91b8-31a016986ba4	1154
8c100fba-0a34-45b5-b465-e276d0a20735	1168
8c11a3ee-c41e-4c22-969f-2181ccdacd69	862
8c18e521-842b-4876-afe8-58b5e815fbe5	1173
8c19b394-c918-4a12-a6b1-737daf61c8e6	881
8c1a7239-821d-4a43-b7df-f7c835f89976	1189
8c2827a6-494c-4be8-9e4a-d0ea58a48072	1169
8c2fd363-ef44-4166-9736-f7389153e29f	851
8c315cdb-6b7a-4c47-8eb6-7ecdf7f80ce5	770
8c3a156e-772d-4bd5-a05e-60ad63ed0b6f	853
8c3bb8d6-3426-489f-b4c4-a3c14baaacfb	883
8c3ce841-7397-4659-81ef-ed4520f0a8e3	1183
8c430609-5c46-48cd-aff2-dda8dfa41a63	506
8c53dfe3-f1d5-42c6-a229-b87b3d835542	1184
8c53ff60-6859-46e3-98bf-3df1ef09149d	1171
8c555c8e-3031-497f-9990-07cd6815615d	1159
8c597d26-e846-496d-9284-ffc5b85e17b2	1169
8c5b1224-18d9-4cb6-b895-ed1b927e47b6	852
8c5c2dba-681d-4b29-b52e-2930692102d3	1143
8c5c38f8-0775-4f7c-a4cd-7b06119a34c9	1182
8c5e37a9-4993-41d5-b3fa-1d4d38cf2222	862
8c5ea654-9e7e-40c8-bba1-0c7d67b187ba	1165
8c5eb8c1-8a84-42a8-9296-ef5fafbf110d	1161
8c6140d2-d508-4222-b30d-d59c9a9bc672	878
8c693db1-aee0-4064-b44a-5ada28826453	1164
8c6a2fbb-aaaf-471b-9618-07ddb07858c8	862
8c6a4b58-2af4-40a2-85a8-ff47d39bdeb7	1184
8c6c8126-42a8-4a2c-92cb-4ca9d3d340a5	848
8c6e296a-0374-4c17-b721-2cc33fdb2537	1893
8c6e5c01-4868-4da5-884e-ffc188e06843	1178
8c720a85-31f0-4ea7-a1f9-13e393d70f1f	853
8c737ac5-7648-4439-971d-7674a06f3749	1186
8c79fda1-e428-45a3-aaee-9e2cff60aea3	1167
8c7a9974-1e22-46d0-90d0-bc0a1639bc83	1175
8c85b25b-861f-4b66-b4f3-faa5e0f6b0b9	884
8c8d3797-dfba-4465-abfa-730d9ebd0544	884
8c919e84-fcd2-47a5-87f9-b780eacb4f38	1165
8c9522ec-bbdb-426a-9b96-66a14b44bb24	1189
8c970193-ad4e-499c-9e66-347d3c8320f8	758
8c979bb3-3d49-49a9-a01a-816fe5fb3d45	1957
8c9bea26-2098-47c9-9738-503ecf2abe2a	1176
8ca304b9-ae7f-4956-8535-5351ebdd7093	879
8ca46edd-7499-4c7e-bd46-d147d19867bd	1165
8ca9e0e8-cdbc-4889-afb8-b63b71c74e56	879
8cb2768c-16fb-4c0c-bdb7-71387ab16f61	868
8cb510cf-7c97-446d-9738-71a90812e89d	1181
8cb57fce-0847-46e4-9ecb-91d429267f1a	885
8cbc1337-f0bc-48d6-a214-69439e80b995	858
8cbff2b3-d78e-4b53-a875-6d5ddd9049fe	801
8cc06604-19e1-4862-90ac-1763a3aaf276	1183
8cc0eed3-13b2-43a3-842f-0baa4e58b0ed	890
8cc4d02d-ab69-4024-a171-1b29f9d13e12	1126
8cce34fb-bc29-48db-ae6d-85e5cd474afa	1158
8cde7022-2bdb-4f0c-a332-435d2214d02d	1166
8ce2b882-fc03-4fb7-ba5c-6eca33ea98d8	1187
8ce4c27f-faea-4351-acc8-7c19ceda3ee1	1173
8ce6e9df-7576-49f6-b755-09cf41df9cc4	1812
8ceba9f6-92f0-4421-bf2b-713d0aac95d2	870
8cebc143-4961-4b63-9117-4be9f9808ec8	1186
8cecc44c-33e8-468b-8428-3f30e06f5093	861
8ced386d-5fa5-4821-ad06-55d7b7081132	1153
8cf430ee-caa5-4c40-8a70-2b02254fd7e7	869
8cf66013-ba63-44e2-8759-724c233a8ebe	1184
8cfacaf6-08ca-4413-9046-683cc8337390	1183
8cfe612f-fb35-4ffb-a276-6f0651af0f4c	1147
8d003ac3-5bce-4a08-985c-5cb69623da6a	861
8d00a094-1446-43bb-9088-c11872964bc4	883
8d06a21c-124f-4280-8cfb-cf5872f3fbda	1166
8d0b5db4-56db-4c5d-bc23-375cf2ceea8c	1189
8d0d5ca4-e0af-4c0c-8bcb-68db8d7a06ef	1199
8d1417c5-6f3c-4655-9b0a-486f108830c3	1178
8d14e8cd-e5ae-4d26-a9f7-f93ec9411afe	1177
8d16e070-b1d7-4484-80f0-4f71f9358779	861
8d1ba8a2-3883-4c53-b44a-0d0c5ae347f4	1166
8d1ef281-1c55-401d-9d3d-ed15eaadecd2	1166
8d21aa2c-6b07-46cd-a421-438adf315eb3	1188
8d227b5d-a48b-4379-a8e6-6cdc8d2a23a1	1164
8d29a147-1d5b-4ca1-96ce-c9e2d150f22d	1188
8d2b2c15-80d3-415c-8085-70ff7207a2c5	1176
8d2b8fef-1004-41c9-80cd-5447754c5622	1179
8d2d583b-a74e-45b0-946c-0170ff7f8cf3	1185
8d2fcd34-3f94-4a2c-b911-6f585e3e7a6b	1188
8d3758b7-dc06-4600-81cf-0f34c742a670	1188
8d3b0239-7262-4bfa-999d-88ee1acc819f	1146
8d3ebafb-c164-4fcd-b89e-1868bb111fb8	1166
8d40752d-a94f-4e01-b8be-f0bd2b71f7a2	863
8d426733-c5a8-41e1-aaa2-a612607eb502	1181
8d44a79c-bcc5-4519-9df0-b4bd353a9d04	1188
8d483758-1909-4568-86fe-1e85f49c23e0	1169
8d4d0c9e-acc4-4fe8-bb9f-0bdbcc43a7cf	2186
8d4d1296-f2e8-4919-aea9-ac31086a10b4	1158
8d4daef9-674d-45e7-b83a-c0578b4530fb	1170
8d53beac-599d-4d82-8d02-5aea0cccd80c	1072
8d56edbc-bf91-476f-9487-180c3a5142a8	1179
8d5828cd-7f95-4d80-80bc-b54c4304acb9	1183
8d5ac185-b071-4e00-8602-43c3c8b03f47	1149
8d62a682-573d-4f2a-8d7e-34fc79ff1296	778
8d676555-02c3-45f5-8812-d2ae3782289c	1182
8d679867-0a52-4212-b098-707cf93a1fee	884
8d696807-4f3a-4670-bcf7-cb7bc1b9f183	1164
8d6a32e1-f4e0-495f-bdb6-0e98fd8b0749	862
8d6bf5ed-6c3d-45d0-bb89-243d1b41e085	882
8d711f9a-2df7-46dc-9552-b5ad4fb26b8a	1167
8d753cc3-d5aa-40f6-9abc-98b11f4e2086	1184
8d75e25a-be3e-4e2e-9cd5-8f143e894804	1180
8d76cd97-dfd0-44eb-acfd-6abecb99168e	1164
8d790d5f-40ec-4c70-b6f0-e1ffb20b6484	1161
8d7b564a-44f4-4e5f-9f72-0dcc7d7b80a7	884
8d7c5ba3-bd42-4aec-8c3e-a09677655c05	1163
8d86ffd7-37d5-4c33-b8c7-cd5445f726c0	1159
8d8c9c6d-70ce-4622-8dfe-39802c433885	877
8d8f48d8-6402-460b-b591-31c06ed8b9ce	1160
8d94ff04-a807-4795-aaf7-b9caf2aef1cb	1167
8d98eb19-9786-46ef-80a3-59eb6159bea1	1158
8da0c978-666a-4e0f-b096-da2dd1414da5	699
8da529fc-e990-408f-b4c1-957d7c2f98f4	1061
8dab85d9-51ab-4299-bc92-ce68c22b5b0b	1162
8db40b80-0c43-405c-a383-c52a80b2fe8f	882
8db952ef-a60e-4a3e-ad69-ae2b9413c7c9	1191
8dba486e-268b-433d-8b22-62986390f558	1165
8dc20f68-a0c7-4fa7-a2d7-91d34c4cdf81	1171
8dc61b69-9573-4001-8c07-29ecf0d7ac5a	1172
8dc6fc33-1271-4a19-a78e-cc9ad2a949ea	884
8dc822b1-6c6f-4f32-875b-31e865ffed67	1161
8dca31be-209c-4649-b688-56dc8d480dbd	1167
8dcc50a8-d130-49f1-8b24-66698795fce1	1167
8dd04b41-0c9b-4b99-bdb6-fdeeb5e9a8c4	1168
8dd7a476-f84d-4985-8987-61f3bbb21aca	888
8dd84fbf-5e81-4b91-a941-cebdb23e974a	1184
8ddb50fd-4458-4fea-b837-a74712af7b25	883
8ddbe14d-22db-4276-919f-1e4ef33daad2	1162
8ddd1399-d0b5-42a3-80c4-b2d2b2ca8c3c	881
8ddd3b92-34fa-475a-8e73-cea7463df7b1	1183
8ddf91ca-f646-4ef9-aa15-5168f040fb9f	1096
8de17547-2830-48a3-b132-95346237fdb7	1153
8de35f6b-baa4-40c0-bdc8-2ed7ce51f0de	1173
8de8c50c-17c3-4ddb-9fe5-ea3c8cf31cdf	695
8def77db-25a4-4340-b107-e7140fb19ec5	1178
8def8c77-e129-4b2e-aff3-46c21db7b8af	1186
8df594ee-5b64-4171-8a9f-b59425f71ffd	863
8df7c8df-7d72-470d-bfe2-c99b82afd8e0	1131
8e034133-9c59-4cc8-9024-1af998681d21	1180
8e086a83-0de5-4d51-a54d-87bf82ce6b3d	1190
8e140eb5-6d08-4045-ad31-4b676fa7b533	582
8e14f687-e1ab-4703-953a-05826c615949	884
8e1a5a2d-b682-4f7c-be83-1d46819f3822	884
8e1b491c-fe0d-40aa-9ae8-a558b1285c79	1191
8e1b6385-2770-42f7-abde-66f2ca66e4dc	879
8e1be9b7-c3fe-4cdb-8c7d-d4d54833bff8	1164
8e1d9820-b43e-4fae-a3da-12c50a56fa97	1168
8e26b40e-26a5-41f9-b85f-1254f9ccf458	1159
8e2b483b-7baa-4539-bfd1-71cfa994adc5	865
8e2e4436-ea96-4537-b8d6-4125527bfd82	879
8e309cf0-7c5d-402b-9cee-e97f35e68e12	862
8e33d1dd-5670-4aac-9a0d-65f853d99fae	694
8e354f46-cb88-41f9-abd4-a6daa4de7bab	1181
8e3a89b7-9264-4ed4-b13c-e2f396702902	1181
8e3eff2a-1319-4d47-a2ac-a3d53d95a79f	1188
8e42ca24-a562-42f7-9c3c-0c9f3e1403d7	996
8e435696-9f73-4b4b-bab2-f61d5f892df6	1179
8e45a196-bcaf-4bad-8cbf-011593c66b4c	1178
8e47cd50-bd86-4f9d-8cf1-1cc36bc78f84	1278
8e48d462-f669-4b3a-a2c6-b95a9b86c2e2	1183
8e4e4f9b-3e38-42d0-9f01-baf61e7480a5	1861
8e5b15da-dc0c-458d-a0d1-da965a471ffd	1187
8e651151-e641-4002-997d-1d9a3c170df7	1175
8e65ba67-a997-452e-b933-54a0ebdcadb1	860
8e6a1b66-07bd-415e-a381-356e776a981e	1188
8e6c290e-f11e-4670-ac30-5b2793b4755a	1164
8e6ea865-7fd2-4263-b29e-fb41ab5a9c52	985
8e73e19f-9880-46ba-b46e-7008d3992133	880
8e77c51e-dcbb-4cea-90c2-a39ea80b8c81	988
8e7b1303-4433-41d2-a6eb-9cd4935dd569	1188
8e7fdca2-53aa-49ea-a23d-42d3e1ad719a	874
8e89302c-1af7-4db0-837a-ad47f4d5d551	1172
8e8a3090-acab-4bd5-a7ac-ac965b7b395a	1179
8e8a64c6-0070-4431-b71c-96861b5a1f22	1167
8e92efc9-ad7d-44e3-bc13-c876e3cd209e	857
8e99f865-0b69-4a1c-8274-951c9c718aad	1191
8e9d8fc0-9635-434e-a4df-a4f8c3970d6b	1190
8ea045e0-bb59-4582-81bc-5c352187c8dc	883
8ea309b4-a437-4633-af7e-44bae7da86a2	965
8ea33f0e-e068-4bed-8883-2758896c74f3	852
8ea64dfb-61c5-4c1f-a299-aa9a000d538f	1183
8eadaebb-7ea6-4caa-9208-8ba6b5e20672	886
8eae02d9-881f-47ba-b655-871ed2add09f	1287
8eb17dd1-d09e-45f6-a7eb-cf3737328fe8	889
8eb354f9-20a0-4791-ac82-5eff66c9fb28	1181
8eba0426-cb38-4e3f-9de7-f61372d9cd60	1182
8eba7e6b-b085-4c80-b4d8-9d4b6a3057f0	1237
8eba9825-8d7f-4a12-be77-c25175ed9a4d	1158
8ebad79e-3fd0-4a82-b3e9-64b16ffa61fb	847
8ebc8fc9-2af5-46ac-a371-6fb125514955	1168
8ebda6a6-6898-4a86-afb0-fcd445d16c11	1184
8ec764ca-157a-4641-97e0-2e526f45d7ac	1154
8eca4a1d-6a80-44c2-813a-9206c1c989cc	884
8ecc77d1-32ae-40ef-bff6-dfc8b9307c15	1184
8edc87cb-c724-438a-ac6e-e7d99a5e7ace	861
8ee1a284-e730-4ab1-ad07-d9c3240e90e6	1163
8ee53f4d-0ae2-4145-8e72-27c4c0b0145a	1266
8eeb29e4-f1af-44a0-98e3-9169fe6b5e37	1184
8eeeee30-30a3-4226-9478-090e0240e310	881
8ef04567-f266-4833-9ef7-2e68e4d054aa	1182
8eff3b7c-d038-4041-a5ac-8a50d51fc1cd	861
8f0128fc-1d8e-499f-8aeb-43702849f1ae	1186
8f02e062-7d49-4427-bb3d-db8f7da6c2f4	1185
8f095695-6a74-438f-a35b-9079c25d210b	1168
8f09b1c9-4019-4646-9f9c-198ae29b85cf	1184
8f0ce1cc-e61d-412f-8150-03b5c0929f22	1166
8f0d8b98-bfd5-42d3-aa12-45934f8179e0	876
8f16eaf0-d8f5-4a7d-bc7a-677e52138643	1168
8f1991a7-446d-41be-8431-865e35a3b444	890
8f1aaa65-1b6b-4a6a-8ece-33dbbe49a39c	884
8f1c623d-391a-4f0c-b1cd-0278ffef815a	1163
8f1e9029-ae03-48fe-8d70-ab81c6c6caa4	1168
8f282a2c-3222-45c9-b075-d1cd3698babf	877
8f2ac451-c465-427c-a734-391668ce7750	1188
8f2f3d82-f475-4189-a6eb-fe2227eb5284	862
8f314e67-471e-4eb8-abcf-0979076937a3	1166
8f333571-2a9e-440c-a45e-4b73e8f856ec	1164
8f362d7e-4efc-407d-8c47-d2c7169049a8	1167
8f384313-fa4e-41e3-b8a0-d385e9ca8346	1175
8f390b40-5d67-4288-8848-e267dcb18781	1162
8f3bef82-92d4-4341-a21a-88ab12882456	1160
8f3cdb20-6484-4ac7-bd2d-85dcc16e3176	858
8f40642e-9b33-4002-9fa3-7cf78c49ab8d	1186
8f455a6f-4560-4622-9c38-134edb86075e	1166
8f4c9ef8-2f59-493c-9070-d5c07c6a2fb2	1170
8f4e7b0c-e3b8-43b9-bfbe-55bab0c3cb3b	882
8f4f8cfb-3790-4a9d-9556-bfc01c2505b1	903
8f519648-0f09-42b3-89fb-5298722db076	1187
8f5591c2-4cb1-4b09-9167-c974abaafdae	1183
8f55baa2-db73-4b56-a0e2-ead29276f158	1184
8f5f06f7-4d58-400b-a451-bae7c3e81bf6	1155
8f602de7-89d9-4d81-b172-79bd46ac21dd	1163
8f629df9-0087-4308-b49b-c5882ce76cf7	1169
8f62dd62-e68a-4109-a3e9-0c9ebbec783d	1185
8f6667ea-88cd-48db-96a2-3f27cbbecc70	872
8f66c131-76a8-4a78-9f84-92a531b591e8	1185
8f763530-98af-442e-8cad-8319d6e46fce	870
8f792242-5828-466f-8f50-87126570365a	1187
8f7b2e87-4938-4e9f-9d76-1af2d1c7eb25	987
8f889d9c-ff50-4932-995c-7e127cc7402e	883
8f8a73e0-b71d-4e92-86fc-9425fc4e0a1c	1161
8f8b800a-1a66-42a8-85e3-d992415421f0	1166
8f9727fa-6363-444c-a577-25c6998f9e01	1165
8fa06efd-a450-4111-ace1-96b93b6f923b	969
8fa13e8b-7803-478e-ba09-0944a2b30ade	1170
8fa7176c-a60b-410d-aa4f-45c77723e916	883
8fa8fc0c-c4a8-4301-bab5-b01fbb0d242b	1162
8fa9e511-8e74-4938-ae86-108b1a087577	1170
8fac0a81-869e-492e-95ec-6ae64b8e42e3	1190
8fad0875-bc81-4bf7-beed-17ab82b80dbf	880
8fad51d4-c3e7-491f-980f-3d4f58302846	1188
8faf64ee-f357-4a8d-a024-5fcf99c7bb86	1164
8fafc2a8-2189-43c5-a3a0-afe443cb36a4	875
8fb04bbe-bdaa-4c1e-a91e-cbfb8ad06f63	889
8fb943d5-59f6-4640-8e2c-c492fcec40b2	886
8fb95382-10d6-4cd6-bbe2-c91a61a0bbaa	1166
8fbd9aa1-7052-4979-8dab-db5dd55d8cfa	1180
8fc0e8d3-9168-401c-b167-d5811c3c1411	1166
8fc625a6-11aa-4af4-bdda-c6ba6dd06bdb	1171
8fc6c032-1b18-4a3b-b09f-a567642dd234	1190
8fcd5c12-627b-4262-8656-894cd1f1f3dc	1186
8fd1d4c4-e4f4-4e35-afa1-a23af27a2764	1181
8fd221fb-310a-4934-8a3d-c70f4ec2392b	1165
8fdb8b47-85c2-4eda-8019-6926d00e0063	1173
8fdf54a7-e244-45e9-adc7-41d204ca8be4	862
8fe0bc0b-8294-4dfe-a2b9-84d463e3dc9c	864
8fe18ba4-f5f3-49b0-8a0e-da1d0d780404	1189
8fe23e2a-58ad-4501-a82f-c3fe0035c73a	869
8fe326e8-53e2-4d6d-a144-e2696e56410c	1176
8fecc94c-1027-4588-b338-75f8dd06691e	863
8fee0dd4-3b97-4923-aa57-7c1f8358aa16	1177
8fefc4c4-d11c-404a-a3c6-68b8c35ad77f	1190
8ff23d1b-2e1a-4d74-a403-af395398c5fb	883
8ff8478c-e2f3-4ad5-83ed-f8a75121e485	1187
8ff8f177-205b-4cf1-a479-4b22cd9b1f01	1186
8ffb72a8-52e4-4dde-bd01-5d6f130e6497	1178
9004b25e-62e1-4546-85d9-f7996e05449c	2290
9016c362-ee61-4e84-99e4-6c022cd1c730	1154
90182cfb-adac-4de8-9255-b200445fe5f8	623
90186fdc-0f20-45d8-8403-3e85b2f7caf1	1154
9019d1ef-4b9d-4b95-aaab-cca8d57e68e3	1168
901c0e64-a2a5-4daa-9906-bba0b93a328d	876
902d6ddb-6ec1-4f8e-b59b-f0a41760cca3	885
903aef13-b840-4ffb-a89b-49d05c69c4f0	2072
903d32bf-0479-4cdb-8839-bbff7b5ac49f	1198
903eae92-4bad-4a85-8977-8db6e38c56fd	1164
9042ae30-2616-4ce1-a0d1-7b58906b759a	869
90454aa9-5f53-477b-82e2-cf59039b9152	1186
90471890-53b5-461f-9e32-d55746199dc4	1184
90492c20-3878-47d3-a898-ec3ad5b0cf6c	1210
9058fe81-7dc6-40e4-9002-1de489f338f9	862
906173e0-86d2-4045-92bf-69e92b47b90b	1602
90632818-234b-45d8-bcd8-4de8d50502c5	883
906683ba-1df0-467a-aea0-c00dcb731bf9	1183
906797d5-a6f6-428b-af07-6ee490125f60	1170
906c73bf-b075-451e-96d3-ef2992b40bec	1171
906e196c-c578-4caa-8aa7-08f0687271ce	1166
907093a4-0a9b-4123-a364-c60ed715c696	1183
9071b19d-9191-4109-adfd-9f9bd529947f	1151
90737134-3c3d-4be0-820f-99a0796e52e8	1188
9073c672-c0b4-485f-833a-3d0e16da463f	865
9075be9c-23ef-42d3-9986-3e83c788f3da	1183
9076cb7e-85e7-46a4-b34e-343385cbf31f	1153
907f1ff2-509d-402c-a3b6-5ac109c6c4c0	886
90822d06-786a-4974-a36d-5ddba6fdaad2	861
9084089f-76e5-4571-ad7d-159ae1a51c56	1170
9086a0ce-fea5-459a-b360-aac33eaeabb4	1166
908875c8-2108-4d32-bb8e-9cd2c2aaf228	1830
9088bcdb-ab32-4086-9a07-07472755e7c3	1181
90938a51-8e55-4883-a029-902d4739bb3b	1163
90973b33-bcc5-4e8e-903d-b8fd386c3fe1	1158
9097ceeb-281f-4928-8f33-0acf9d0b2458	995
90ac86a6-0489-444b-9b5b-cd446deb2066	860
90acc71e-eb12-4d88-8526-5ed249ddc6cc	1162
90b25096-0910-4ef3-8a51-390b5454e510	1182
90b6783f-d424-4f6b-8769-da01a5d7a21e	943
90b762be-611e-4220-9c9f-5e744f8c1645	1193
90be809d-057c-45bd-bb2a-d6b841a1632f	1168
90c29e9e-f686-4302-8213-95882c50de19	1169
90ccaa77-3b64-48bb-a580-f8c879fb176c	1185
90d9dc4c-2527-46ee-8a6c-6f0ebe7f71f3	1183
90e1a2be-756c-4570-bb52-4b6a3d375a11	870
90ee6797-3580-465e-b774-c08d324d5251	1180
90ee8067-7b28-4e56-907b-7512f716ca11	1163
9101c292-f298-4cb9-8df6-61327055fe85	884
9102631c-6d4a-4df8-8794-299fbe53c732	876
9108d669-291a-420e-86bc-16bce3042f0a	1179
910a7721-878e-4e5e-9554-adfeeb1772d2	1183
910b2aba-af48-4ff9-8758-b1fb8a57f9d2	863
9114dae8-6b76-4d08-b338-28eeccecfe6c	1179
91199399-7410-42ab-8450-627f9808a97a	1147
911cc7b6-1501-4c7f-be83-2f242ec5ca5b	887
9129d119-76da-4baf-b216-38a2ee503659	1171
912daa00-3550-482f-8492-fa4e225ab0c8	1179
912ed008-3646-4f15-b4ed-df93e45d63f7	1186
913026ac-7cc1-4cd2-8c8e-ef8b115806e5	1188
9133f1a4-ac56-4841-9742-5568e06acf6b	1179
9134e90f-997b-4459-b640-dfb256b989e9	1159
913560fd-b237-4541-81f1-6a4858531977	885
91359c6c-0b8d-4b1f-ba08-627ff6a2d17f	1165
913b5f3c-4df5-416a-83ce-761f18c7d63c	879
913bb3bb-5e3c-4b5b-85a2-75625b2ac95f	860
91402825-b19b-4487-ac89-4075522ebb30	1186
9144d676-eb4c-48ab-b622-6843442b76a9	1186
914eca61-4398-4968-aa9a-948c5df3ec8f	881
91531ce9-0f29-4b5c-8d40-9636bbec2b40	863
9155f8fc-f975-4d13-863b-4d1187f22072	1164
9156af4a-c419-4b02-97b0-1e96b54ecdff	1182
915ac890-d004-4dd5-9b94-00bd615dc20e	1163
915d394b-b5b5-42fd-80c4-4eb2daa63ec2	1167
915fcae8-bb8a-44d0-8890-c827fc74a61d	593
91613f7c-9f62-40fe-bdd3-4b93623a160c	1185
91618f24-a1f0-4cdc-aed7-3ccdd865caf8	1187
916d932c-babe-461a-88d1-4447aeddbb90	1188
91707de9-a5f7-4828-9ae5-781fd644be3e	859
917bfac6-0d41-4d47-a466-9a3fdfd6acf0	1147
917d1e38-014a-4ccb-addb-171d1647137d	1152
917e06bd-fd85-487f-b731-f8695b008c85	1186
9185c322-9627-4ece-b813-0f38896031ae	1172
9187226b-8b6c-4c7b-87d6-813442f5564d	860
918ad97c-00d8-4ba3-a466-9112fa764b18	865
918d4b85-acfa-4b6f-a85c-5d4783162c01	1159
9198895e-cde9-4526-bad8-99f5e576e245	1169
919c3dbc-c9b3-41b4-908b-ed1f7ba832c2	888
919d56e0-6702-444a-9a0e-99030e21488f	1185
91a29cb2-0253-4a4e-8339-5a73e8c6b6d5	1182
91a54885-bc44-4fab-a4b3-c07d2a4a715a	877
91ac1dc1-2519-43de-a7c5-1fc4ae98e163	884
91ac3b14-9dd1-4bbb-aace-fc1a68e73a3a	886
91ae2113-b267-4e64-8f22-a134fa2d327e	852
91b17227-4511-4cd7-b61c-f4edd931503d	860
91b898c4-aad8-49f6-88f0-487d6bc0817a	877
91b8b10b-e271-4521-954a-f7b3c9f76169	880
91bfadf6-21d5-45da-bb2e-35b8643b92c2	1171
91ccc49a-c0b9-4859-af9d-ab10e0ccfa81	1904
91cd0722-1c64-4fab-834c-47bd24513291	880
91d08a9e-711a-4070-92bf-4cf037b64270	889
91d9245a-e643-47c1-8fd9-16a647e093ff	1170
91d980e9-d4ad-4cd1-a579-73775b5ee9c6	857
91daf0d7-d980-46ba-b523-022e12206631	1179
91db9c21-da98-4e4d-862d-fe8f232b7cce	1189
91e17f72-c28d-41d3-8b1a-e70761d454d9	1164
91e9fbcf-b846-48b0-9519-7fcd883e9fe9	1164
91f28143-8f00-4870-a854-16377eaed86c	1183
9200a8d7-3327-4806-91a4-936b2e533b47	1161
920c3fe0-2dd8-4f1c-86b3-cbd542ef5817	1185
920f3aa1-6650-4c6a-b038-c96725845211	1166
92122ce0-eb7b-433b-9586-038c4225bed3	1182
9212c0d6-2e35-4d03-856a-bdebe6f2dd3d	1189
921476aa-5c17-4c33-9655-f7e876d132c8	1197
92151574-d469-4eb0-8503-289f5aa38a3d	863
921610f7-9fb2-4f3f-9a5c-c811baea2f5f	1156
9218992c-9bfa-4ee7-9e41-30c2677fa63e	1185
9219d79c-a00a-495e-86a0-eca10eee0a41	1181
921d851e-6104-4569-8eda-8ea7bd7e0a3f	1186
92223f58-0ffd-4fae-87fb-bb728b0a3b14	1179
92224616-0e91-4caa-8834-31147b7e3daa	1184
92225d0b-8f15-43da-9f05-f022b757af70	1187
92263547-1478-45ec-8434-d5f83b88400b	1166
922790be-a74f-4641-9f18-ee73e7579bc1	859
92297a7a-d313-4c10-87d7-30708f1d4bac	1813
9229b728-cc6d-4d82-a4f1-b80fe6241983	1171
922a4aa1-e2e9-43aa-8b6a-16cd13be7fd7	1186
922c43f0-999c-4c74-81b1-e7a91a81ebdd	1166
922f4664-e886-4fc2-9b4b-a82f6f72e325	1163
92360718-d0b2-4033-a7c3-98ac2de01067	1190
923622ae-c785-4097-8ac9-54cdf21a6360	888
923b68c4-7708-43c4-858a-d5a625cbbc10	1179
9249c98d-e52b-4256-88cc-9179d876d912	1182
924adf79-824c-48df-8798-e8cb297641ad	1093
924be4cb-6e75-46da-ae3d-23c5b4f3f1b1	1184
925221dd-5d00-44cb-aae2-bbd99ac72281	1174
92522e4a-0ebc-4f97-93ea-c53da11552b5	1186
92532a1b-7227-4242-9831-b7a59b5d6506	1164
9260984e-24b3-4d9c-8fb9-ce0fb024a3cc	1193
9262f4e0-3cba-427d-802d-d85961b74cba	1160
926525b3-a24b-4dee-a120-e1b575f0de72	1167
9267b7f8-c588-47e3-ad1c-246463a562e3	1155
92730efd-4cc3-483f-bcda-9a3bfaf2ceaa	1186
92754dad-aa7a-4601-9826-cd1e89e9b3c1	994
9276f3a0-3762-4aa1-9557-d07df21fa38b	1187
9278e369-918b-46a0-9dab-2d1ada5f4c97	1170
927a1b96-2042-45cb-9151-82076bbfe54b	1154
927aa27c-eea3-487e-a307-74f6fd9ba662	888
927fd5ec-e077-4e93-a3be-b4241585e4ac	1190
9280ee5c-6752-4dee-93f1-8eda1a8be2be	1166
9283e8e2-fd22-4737-b099-81a70322dbe3	1162
92859f72-803b-4ea9-8d2e-4a0bc9fb1fea	1152
928655c2-2d70-4cb9-aa7b-0e45b2d9ec9b	894
928795ab-e4e2-48b7-9d4d-b9a01d734cd1	1163
928eb907-f753-41eb-8bb1-51db5162a23c	1189
92912e3e-6036-4d73-b862-e9501d8fb471	1168
929f295a-ce8b-453f-b9a7-e34ca07b1ce8	1161
92a533b0-8e2f-4fe2-aaac-8dbcd59bc806	881
92a5625e-6fea-47b5-8387-89c62f1f8981	1187
92a56b05-3af4-4d1f-9772-9a54f388e77f	1184
92a66326-1c9f-40bc-9936-feeb64844512	1167
92b0a7fa-130c-4dff-877c-92536a65eb1a	1158
92b135d2-ba73-4fba-8877-26e9e7a0605d	888
92b44299-a6f7-4061-8dd9-ac4f4543a6b8	1196
92bbd2d9-f0f3-483b-a684-193265c78a8e	1164
92be35bc-705b-49dc-87dc-7eaab85c8bb8	1170
92be50ec-7775-40f7-88d2-0288dc68fff2	1186
92c39df6-38c0-4f38-a800-6c764d5117d8	1159
92c7391a-5f25-4439-8ff2-3eba7ec079c5	1157
92d94d7b-adf3-4155-a357-cbd387b20690	1287
92de17b7-eacf-497d-a1e1-1dca0dacab67	1172
92e521eb-90ae-476f-b0b5-9edb66736582	890
92e81719-2301-4e95-8865-fc97c2fa626c	878
92e852ac-9378-4a73-98a5-3edaadbe3deb	1181
92ee3af3-33a4-4a6b-8899-438eb38b1e2b	856
92f2e6e1-d5ef-475d-8469-3c39487cba07	1188
92f43234-9d43-40dc-accd-514441a78835	866
92fbb436-bab8-4400-9b77-f1ce8aa3a609	1191
92ff5a26-79d3-472c-91f0-9088d7c58ba0	1189
930242c7-b292-462c-9099-9a0c81997ee5	859
9307be4d-14e5-43bf-9eef-ed6ea9db544a	1165
931335ca-9e7a-4e89-ad32-743f06178294	863
93147277-c070-4405-a278-12e8651e45cc	1169
9317fec2-db32-4617-b570-d9f164bbc94b	1188
9318d18c-79ef-435e-b76f-2ef35cfa9e44	870
9319b57c-f562-4207-9e5c-80ed2bfc3d6e	1168
931b1b8d-afba-406d-b3e8-462aab40ae87	1596
9328a9d2-eb5a-4f53-9b49-576d6f7f37fc	874
932a0a8d-ea1d-4b04-96e4-8166dfcfd410	1163
9335d799-85ec-4559-ba21-2a9da62f22e0	885
93459926-6ec8-496a-8f5c-c7a9d4818b09	1170
9348225e-359d-4f71-804e-474c1ce4a08a	1169
934975d5-8f7e-4019-bb75-b0852ebebbec	1189
934fd595-6d5b-4d28-8baf-21a398246fc3	857
9354797f-4d78-4289-b390-590859b4a4a8	885
935b551e-f883-4e83-8639-ae0cc7a9d7c4	1184
9360236c-e6f0-431d-abd3-9ee33b679a50	1183
936ef85a-1d92-4c36-abff-8d9fb68d2a5b	1159
937069e7-4bf3-4f97-82cb-d1f66a138cea	1184
9375f72d-b761-4646-a932-2ab7857ac297	883
9385bc4f-5265-4b17-99ae-9c44562c63eb	1171
9391b0a6-e38c-48cd-b832-83d468698a5e	861
93923b02-c87a-4e1f-b1c7-eab3170b82a3	890
9392981d-fd7b-4599-9a8d-6417cbb04608	1167
9394ba71-5844-4d74-a1ff-4d3c88559f26	856
939e151a-0372-45af-a2c7-c01c402a1b57	919
93a8d115-b9f4-4ce2-856b-df4e367c3af8	861
93afaa45-a04b-405c-b9ae-dddeda6b7714	885
93b16bf2-ffd4-4395-8d56-e8a720ac629f	1172
93b8a543-1e15-4c9c-b1cd-211bd2e5d833	881
93bae6ab-7a0b-42c1-ba3c-bcc20dea063e	1161
93bd80d0-5a14-4afa-9491-b9f290412665	1197
93c455f5-b945-4359-b194-f557650fa36f	1161
93c59d29-f26d-4ca0-8331-0bc0bc3a7036	1165
93c65f44-8c83-4777-b370-3c7a5a28732b	1161
93cc2884-7a7f-4612-b3bb-2c3945d86b41	1166
93cf4144-5095-480b-acce-2856219c195b	1186
93d9aaa6-74d8-4d36-9831-2350510d1af9	1181
93df254a-fa87-4cb9-8dd6-9f6409c45bb6	1167
93e35eab-913c-4a92-9e3a-8089bf897baf	888
93e790e2-1cc4-46bd-a902-8485a1c5af42	862
93eb946b-47a9-453e-b9dd-9fd605b01339	1186
93ef6c8a-f729-4c7b-80d6-732acce19231	883
93f0d224-d94a-4d4b-8a83-3faa9dc524dc	1169
93f15efb-9560-4025-81df-48f32d97e34c	1187
93f4a919-e001-4de8-8450-f463097f39a5	1181
93f70dc6-e81f-4d49-8478-396074359466	892
93f91738-432c-48db-b44f-0e5e4d9f136d	1185
93fd14be-2f02-479b-8e02-d564e23481bc	1160
93fe1724-62f3-44a7-97da-42b4e0ad775c	878
940a0060-8b08-4fa6-9a1e-03e110c8f93f	1187
940cd5af-4f5b-43b6-af62-05a3b1bcf1ef	1165
940edfa2-2ae4-4402-a2fa-66675ac440ce	1162
9410a177-9a1c-4dbb-8c79-34a9ca06ec4b	1164
9411389d-a32e-46fc-bf58-1a2345e15cdc	1183
9411d97d-a0e4-41e7-a174-83284518ad07	1163
94127511-4127-47a7-bbac-cee11af64f6c	1178
9414dabc-c697-4a1a-a260-26220831d219	854
9417ca82-5f6a-408d-aad7-e9c30a40abc4	1166
941e964e-390b-406b-80ca-9a979a12c0cd	885
941f84cb-c91d-440a-ab9b-874cb3575aaa	1187
941fb0f8-3fe6-4ac6-a441-cf4a18b443dc	1163
9422769c-a10b-45d0-948b-a7668cba5e71	863
9424efd1-7b7a-4b1a-a05f-17d340d50523	1169
94295ed8-00a8-4307-80d4-9617d28730f7	912
942bea8e-1764-4518-a013-72bd110d5ec2	889
94318b3f-084d-4c38-b76b-774411337038	1169
943a5f55-694a-4dfd-beb0-681b5a99a91e	1181
943f0c23-75d6-467c-b2c7-df3e2179d0a9	1166
94425a34-078e-4f37-b68a-946ea2f30176	1164
9445c9a1-8097-4260-8389-409d74774817	1169
9450f7d0-bfc3-41dc-9f2a-c8a950775f5c	1158
9452bc04-5946-4226-9021-7a2ce55c095a	1180
945421a0-6e18-43e5-b3b9-ff4b79ff382f	1162
94580437-5bcd-4d80-9494-8862f8566b87	887
9459935e-6cd8-4275-b45a-e9335badf5c0	1161
945d0f63-69bb-43b4-afca-5019ffa9a49d	1183
9468721b-3dbc-4eea-8002-35c5893e1044	857
946a1bae-6bb9-4533-a550-40db7e4020e6	1165
9475d866-c124-4fa8-8fcf-1581ab8484f1	1181
947a4b1c-7f27-45bc-9121-b0fa0b8cd993	1175
947fa091-87b3-47e2-be1d-d4bd7b63d0c5	1165
94815ab2-7e2e-4260-a08d-2a9b24a7bf72	1174
948afe50-607d-406b-a0eb-8886c9385f44	862
948b7e54-a56b-47a1-852a-02538ff51004	1159
949a6c82-587c-4a31-ba23-22d1381e9f50	1169
949dd454-6a14-4c30-ba19-0235918ce235	1163
949f57dd-67b1-4b36-ae6c-0a9766d827df	1188
94a2acfb-757a-4ac8-b504-8713ec87d35d	1182
94a3b55a-2dd8-4730-81e3-4efc8274b6de	1153
94aaf508-7dde-4cbe-bcb9-8ba653a92b0d	1172
94afc54a-e684-4645-ac31-35f31380014a	1170
94ba5dcc-fed6-4d31-a0c6-7e1b92f85988	1180
94bd3a89-16d3-475d-805d-d888afaf438f	727
94becc88-d2ca-487e-ab41-025ef7cd4362	884
94c3dbfc-1194-4255-b076-dccef126e397	864
94cbf0fe-1226-4786-ac11-c71303aa5104	860
94cc49ff-cfb6-4bfa-a69b-29ca0a86d362	1151
94d1c2aa-1dc9-42bd-ba52-d9eb3eb63842	879
94d57637-239b-4dbc-bb15-024d5e937f6d	1177
94d99a46-be2c-411e-b36c-1072b8dd49cf	1159
94db694b-e8a1-4480-a632-b62eac12df02	849
94e0afa5-287b-4791-9a7a-73413836fb3f	1169
94e7cd06-bc82-4285-be99-c2f572132c8f	1188
94f3ffbc-0828-4f3a-95cb-b89a62f146c6	1185
94f819ed-a2ef-48fb-bc84-974a02978b77	883
94fa0002-576b-4f3e-8ecc-05d3d0ad0ca1	1151
94fa37a1-c91e-4c51-8a43-6203eded038b	1172
94ff7b6f-e29c-438e-8230-530a96fd964d	1174
95005861-4788-4c9c-b265-f2d030f3b334	1169
9500b2a0-ab66-468d-b921-16d7ef0bf6f7	1156
950498e1-7e0f-4fb0-b8c6-82d25a220737	1175
9504c3c9-39fc-4f75-a81f-0c6932645b4c	867
950a331a-da2a-4d28-8338-1a70901a1180	1191
950f5675-f867-408c-a26c-bb25568bbb1f	936
9511233d-8fa1-4e6d-8bea-91a8ffa02081	1179
9513a829-29b5-4008-8819-d09303918901	882
9515ea0d-8fd6-4000-bd71-aeac25c62f2b	864
95178c31-d4d7-4fe6-83cb-64270bfcdaeb	877
95182745-2bd3-4fd0-99c0-d39889a8ded3	1189
951d48d0-f305-4073-b496-e12a036ee6ff	1185
951ec601-9f4c-4185-b409-8b38699ba645	880
952022e8-430c-4b6e-b45d-ddc2f7a7971c	1184
9521559e-0f0b-4ab2-a681-c17cdc1d6853	866
95262bd6-812f-4603-965b-dd7a7d9a8d12	1177
95282d3b-6aae-434f-a6fe-10053101084b	1163
952c7bc3-6131-437d-a237-66c03403664b	888
952e9231-d985-480f-8fcc-91c7888aa593	853
953729f6-d2be-4ee7-b087-753dfb122b4c	1161
953acf0f-5df5-4952-a570-4f0d581b2013	1182
95407a9f-aff1-4381-97b8-a74db5fc557b	1177
95435894-8fc4-4e4d-8b30-cb203749d48a	1229
9545ac0c-8fed-4884-b89b-c640a75e424b	1150
954a6184-e262-4c54-8b86-c016efb073dd	1170
954b384d-2262-4f05-9378-c75967001ebb	1147
954bc583-311b-4497-b5c1-576d81c1fda0	1190
954da9a2-89e8-440b-8fe2-7abab84017f0	862
9553a258-f411-4d61-8966-6a2206c83a4a	1179
9555a65c-1af3-48d9-a16d-43943117e573	1172
9556bfd2-4219-4a2a-a603-1fd8552354ef	877
955b3934-6d75-4038-ab19-9db7c8ee1540	1166
955d464d-1969-4bb4-a86a-460c50c79102	1158
955ef9fa-146c-48e0-b690-3ea601c34a22	1162
956511ef-0a20-4fd0-a935-55d93168be9a	1165
9566369c-0ad1-4510-85b2-7460cd15025a	888
9567c557-e5f8-430e-b438-38bb5e96674a	1166
95680754-e97f-43dd-b445-21d5a5eb1bfc	858
9568eb8d-7bd8-4559-98d1-4c3441dbbefc	1175
956ae9ed-e146-4e01-b6bf-bc06bb5f6bd1	1171
956b996f-516d-42e5-b32d-fb7d4be17bfb	515
956badad-a000-48ba-9bbe-d17b34522887	1166
956fada2-8799-41bc-a51d-482b4e505397	863
9571df16-6c26-495c-aa9f-a6bf926aec33	889
9572dec7-9fd0-4fb4-beba-0aa0b2870143	1892
9573799a-4e5f-49f2-9bb1-83cc68fee5e1	1188
9574455a-377f-4701-897f-ef24c03ea6e7	874
957d0da5-ac93-4ecc-988f-32fcac2d333d	883
95801158-36c6-4b65-8d50-1a8dba1e66df	879
9583c478-6b8a-460b-89e0-2078d93a052a	1184
95865a60-5167-49b2-b602-7a98014b8e91	1182
958975c2-f3c5-4822-81c0-0a826d612236	1168
958bb6cb-5b5e-459a-b3d9-e5aff83ad2cf	1191
958f5abb-2977-46a4-af69-d4abfa9587d3	1170
959e31c4-6de6-45a3-8192-a9da574a3493	884
95a0439a-81af-43f4-875d-5819ef7a3caf	881
95a09100-81dd-476b-93e9-37594bebb402	840
95a24f9c-f44c-4560-bbd5-09609045ed33	1292
95a437ea-2b69-433c-98f2-16ede8dc273c	868
95a72979-d0e3-48f3-a884-d2b38efbe357	1175
95a7c971-d6c8-44d9-b08d-b94944b64f8b	1185
95abd830-9629-4c89-a311-74cb8d40e338	1174
95acb8e1-ddb6-4436-b6fc-951cd49eb384	1818
95aed829-0a22-49c7-836c-a4f88cf51444	1160
95b0747d-ac81-4568-9bf0-b17ae9801af5	1171
95b1550f-bc2c-4164-8390-f9eb474b8198	1162
95b66273-99d7-40c3-8e96-b80635a06068	1167
95bb5397-65a5-44bd-851e-c4333bbceaa3	1153
95bd49f3-d924-4b26-8162-2a56b65b7de1	875
95becf48-13f8-48a0-be5e-87ff5f5353d5	1160
95c25423-e206-4d49-b23f-ca16012174f3	882
95c7673d-1707-4ceb-bc4b-7fb169982ce0	1168
95d2a605-94b8-4e67-9b02-b5e415bbfee9	880
95d3c497-8d3c-4a55-88c2-550e31b58f5e	1164
95d8c729-c6a8-4eb0-bcd3-670cdf4fc7d3	1161
95da9630-3f3f-4140-a65a-467c7d6e7e31	1185
95db7412-8e16-4729-83f1-1d247877f1b5	1183
95e1605e-d529-4e62-8ad4-310fbab80ac5	1172
95e7632a-6411-4710-b5e7-898fa65e431e	853
95ecfbc2-f2ad-480d-8cb0-9409fc2009bd	1184
95f02ea8-23c0-4b1c-b205-3a8645353135	882
96005bbb-c945-4b42-a695-bb788b033085	1489
96020f15-7c82-4df1-8f06-7fe5039c810f	1158
9602c0eb-1351-4251-826f-db1a2b2bf473	1189
96068d98-ee1c-44a4-94bc-f6485e74babc	1161
96074873-3ab4-4736-b89a-c1ed38410129	1169
96097e35-a3a2-4e83-8078-106f9cc517b4	1163
960c0476-4924-4b00-a77f-69b53b446481	1176
961186b2-b6fb-4378-9217-7dbb2a39f4fa	1182
9614b965-f382-4001-ba86-199016e82c7d	1187
961b18f3-848a-46b9-bdbd-47fc082dec19	1165
963aeb71-60b8-461e-9b6d-9db3dd15fddf	1189
963b6dee-fb77-418f-8d87-026cd32501cd	1168
963d8a54-6a49-4fc1-b087-477897b50863	1164
963ed629-2582-4abc-9d27-a5fee31a757b	1181
96478e60-7e27-4724-8626-746e2fb9b294	1170
9648f903-8ac7-4de7-82ea-f5868e9758cc	884
964bffe7-e537-4291-b9bf-dbfcd6818209	1172
964fb553-b3a0-4e35-b1c5-addd26b80c6e	1162
965546f4-7cb4-478c-bf60-107f5ca35bfa	1182
965668d7-8bca-4f5f-909a-e4c6b1f9999c	1171
96572db4-e0a1-4e02-9b80-72fb8c79e069	854
965efb9c-e97a-409e-afaa-510e636591f3	866
96652b11-6656-4075-8eb1-ec7d3b2b5c10	1181
96657574-095e-4f21-aa43-1a0fa524db19	1188
966e139b-dec7-4a36-9749-a08cd1728137	860
96765da5-5684-4ccc-acf6-cd4fc8c6c909	1180
96852647-a3f8-4dbb-b1ad-a5f260d5afcd	991
9686e2b6-495c-4ccd-a333-33e313bd4221	1173
968bfd84-dc77-471c-acda-79b19ed0993c	873
969ea5d8-a55a-4059-bf76-ae6aeb5f8a7e	1186
96a0dabb-d571-4d1a-836f-e2ee7e1a7ab7	880
96a2c7ee-f47e-44ef-ac1d-690878df51ff	1188
96a5305d-351d-4983-a874-bc0278b4dda4	861
96aac4db-c525-4d49-a74c-9c735a731e87	873
96acb563-b747-4797-8b6a-273abce09ca6	1184
96add542-1c43-4a4d-ba5f-87b0a3778ce9	861
96b06b21-a0a8-478c-9426-85759284410e	1166
96bad851-f6c9-487c-a53e-e19b006c428d	1163
96c04b4c-323b-4022-b8de-e8423fdab8f7	1180
96c41e1c-baab-4601-a4d5-386a556befc4	1193
96c9a400-5d81-4019-80b2-109f8c163c39	1166
96cf95ad-57aa-4cec-8458-bbdcc0ec59b9	1188
96d1b0ca-4238-44f6-bf2b-69b5751b906b	875
96d83bc0-3193-4acd-8226-2211f1751956	1178
96e0d815-6224-4576-bd6f-ccab03d8cda8	867
96e21f98-0fde-4a8f-8705-a19cd649e43f	1181
96e3b332-0f20-4a70-a3ee-aeecdbc06b9e	882
96e6d78f-3ced-4492-986d-516a64051e8e	1162
96e8d6e8-29a0-4e30-b89d-9a02cb2f038d	1185
96ecefa5-05d9-48f5-81bf-f3ad68d7871c	866
96eef6a7-aa72-4767-aac9-f7cb74f6797c	1168
96f90fae-f983-4eb6-8b5d-a45e7f539c76	883
96fb0bc3-c3ae-4e39-b284-a7da8212361c	1166
96fe813d-249d-46a0-adf0-a7ec420125a7	1166
97012b71-d741-4ef0-a2e1-955bdbd2609d	1186
97134afe-3de5-4a3d-adbf-d5edfbed4345	1178
97177e6b-c153-4ba8-acb8-cd050d9ab2ae	1176
9718edde-479c-4319-a3cd-207de593ca2c	880
9719199f-9b63-44d6-add2-0f3733c054e1	1844
9719ecad-03ce-406f-a849-ff34eb459e06	856
971da3af-c8ac-4f74-bc88-b65e73fb2d23	1185
971daeb9-78b5-445d-92d1-442fd8996ae4	1187
971de352-df21-4777-95e0-170c8d6a5823	890
97213c5b-c1f2-47c7-a59a-4c3d4cf984ad	1185
972c00ee-301c-40df-968d-eafa08f1e0a3	868
97347d3c-53a1-4c6c-996e-6f9812dda4a2	1164
97397426-129e-4acf-aa02-b7b06cb77350	667
9740bbe1-b739-4d70-a2c3-4ebcdecf8b94	1184
97493782-0bc7-4db3-8939-fde66980610d	1168
975034ca-6121-4d24-9bf6-27a574734ea3	1168
9751dd98-06ca-4db8-84b2-95ad86bd2cbe	1161
97541581-d36d-45a0-9aad-387f091453cf	1181
9754b29f-42b0-4df9-b081-392766e50e16	1165
97580cef-a448-466f-bb38-d36e6fc5d14d	1189
975b85dc-6472-4a2b-85b9-bd0f0350185c	1183
9762680a-e60f-4974-8145-d8ee7b23db0f	1188
9764233c-0742-4b3a-84b8-dee03b035f8d	1161
9767c41b-7fc6-4618-b4f7-5cbea5e0fb51	883
976939c6-416e-40fd-a533-f6f0204f94a6	885
976a41a2-d2f6-4ba8-bb44-5d4e768e8528	862
976afdec-4c7f-4896-a212-2102f2803148	883
9772741d-1fdb-4694-900b-7877437f8e39	1184
9772f04f-b89f-42e5-866a-40ff4e6ba60e	940
97754771-8907-42b2-bf6e-e024439f37a0	879
9778b174-7873-4d92-bd23-f511737d9c30	997
977e284b-9c08-44df-91bd-bcec5fc2d96d	1187
977e2f7e-4249-4ae8-a125-130a916dea39	1180
978166a8-a037-4f43-a2b1-f20609e90312	861
9781da18-da7f-4708-8521-711a15994a71	1184
9782a17d-809a-477c-8827-7fb4dd0d9fcb	881
97889fd9-0b3f-4e53-9cf1-23bb610b7e2b	1165
978b2747-1796-40a0-ac59-0725adaffdfc	1159
978e2ea9-8f8d-4d22-b81c-838cda973924	876
97906a12-bcb4-4876-9442-7746a19a154e	884
979ac111-86a7-456b-b50a-e87ed26823d7	1190
979b8863-34b8-4f63-9980-437713c8bfbc	860
979b93a0-6ced-4ecf-8d76-5ea49fb19b3c	882
979bc96b-6d55-49e5-94c8-72796b98b3ae	896
979f0221-b6d6-4869-8a7d-aeeda4a10bd1	1180
97a0e6a8-0a84-4171-8f3e-ec0346caadcd	1167
97a1d65c-e489-4724-b38c-eb5f542a177b	1170
97a6c8be-ac10-453a-9bed-773b86287e30	1166
97a8ae12-7358-48c9-aa81-2bcfb237d65e	859
97ab5a9d-9715-44d9-b9d9-9e955f1ce791	1171
97ad6234-22d2-4b45-9569-9261d948c153	1172
97b4532f-f2d1-49a6-a53a-26b2a4fb84fc	865
97b9c676-cd73-4650-a4d1-5a2eda6c802f	1168
97ba3ba3-18b1-4562-a000-b37e0ba3a046	1183
97bb17dd-6eea-41bb-ac92-a182025cc539	1156
97c10551-051a-4f0d-a724-8b97b280c44a	1180
97c18515-09ac-4681-9a76-b2d324e7a03c	1166
97c3893f-6904-475b-9db8-3ba8e2b99fd6	910
97c9cdfc-cd8d-4cf8-a6a0-08116c621a6e	884
97cb122e-7e17-4520-af28-c9bb5c8b34ce	880
97d32309-5a6a-4ac9-9a37-397512a95336	1174
97d69f55-68cb-437e-8941-c24440d4a089	1187
97e08c5a-5a9d-466a-bda6-78cd90b3ee14	868
97ead21d-796b-4c51-96a5-f37955f178fe	1181
97f1f6f3-4083-4bec-9653-c8c112b30cbe	1182
97f49d22-a888-499b-a590-dda4e80a5cae	1167
97f4eae1-d8d5-46cb-8c66-1d125d9880cd	1131
97fb35cb-2825-4cee-9cf3-e3dd0375ce8b	1165
97fd865c-bbe3-40d4-9141-67b8a25767e2	1179
97ff6736-9375-4c52-b4eb-18d45ce261ba	1148
97ffb1fc-f053-4e43-ae38-3a29280f7d77	1298
98007d34-1e17-48eb-b88f-d1fdce36efe2	1185
98009a52-244b-463d-812c-75c3265f2634	884
9807a68d-2527-49a3-b8e0-d13ccac8e2ca	864
980923c4-2fe2-4813-8702-e93c7c29a67d	1185
980dcd50-f65a-4cfd-914a-3ae3464a4a08	968
980ee519-528b-4711-8aa7-1d6f89f068ef	863
981ca060-427f-4d56-ad63-9102a9e386e4	1180
981d03bf-edd7-4d65-a9f7-829b57694bd0	1161
981ebe16-bd79-43ff-9ef8-48af1e0e148c	864
981ee7b7-af96-46c4-993c-3ea9a4983180	1153
98218e70-06e3-4204-b125-43d869a7231c	996
9821a8d9-4254-440b-a237-9925073df807	884
9824f870-326d-4ab1-9238-17fda7d43c03	1885
9825eed0-c91a-408c-bbf3-030c8a8f686a	878
98304653-64ea-403d-b41d-ea42e6821d9f	1174
983bd50d-63fd-457e-8604-4d7933be9be4	885
983e6258-d8c6-4a7b-b40d-5b9fa0c74ace	905
983f3cf3-994f-411a-9155-cccffef5d946	1165
98401b34-d8f8-4784-b2c3-d658c0d7616e	1155
98438def-560c-4674-a165-6a1169e084de	1182
9847eda4-dd0f-471e-a76c-e626ca670667	994
984c9407-e4f8-460b-baa1-4ba9a697efd1	853
985953bd-0d4a-4dad-862e-590877ebfa31	882
985d345b-91f8-469c-8669-7536c852061e	885
985eb677-63fa-4c50-aad3-8de6db1c778f	1302
98658e9f-ec59-4d99-bbda-eba36b2099d4	861
9868cb8e-1209-4a42-b011-988c5333dd97	1163
986d76e1-fb0c-44d6-939d-193e47bf8d44	915
986ed2fd-8d4f-4f23-88c3-ae50369fd568	1155
986f913d-3112-4f29-94b3-d161695b0406	870
9876478d-5384-4d75-86ce-c6695e86a7fb	971
9876a0c3-c9b9-4f4f-a526-01a84fefaaa7	1186
9877f140-491f-4bbd-9c8a-6778fdcc101b	887
98788d45-d666-4fe7-9057-52fdaf79b2dd	885
98794d37-9e4d-43c3-a53c-1733a22af86f	1185
987dcc04-42ec-4660-9b5d-001430f1ae5b	877
98865f80-7c7f-4a98-bd3e-64c46e08cbf4	862
9886c67c-fd14-429f-ba36-69728e60ce14	1168
9889b1bc-3cb3-4c0e-acf8-716d30bf9f3b	1183
988a8996-875c-48fd-9be7-762c7e6cf3fa	857
988d098b-79ab-4903-84cb-50792ecd51d9	885
988d8d40-9a19-42fc-9270-ad55a2cd292d	885
988dad0e-b370-47b0-bb64-267c256136c1	1178
9891444d-fd30-4e4b-9db4-c40c34d51c9b	1181
9892b521-346e-4068-9437-270eaae53c14	1173
989c3604-7e0c-468a-b5ac-b93910fda0be	1166
98a8830c-8c42-4678-89a4-eef1fb1bd4a5	876
98ac540c-f7dc-4f60-92b0-2dcaac767a98	862
98ae0cd6-faa2-4d72-b5aa-36a592626012	988
98b8db20-423f-4252-96c3-b365a5ccb087	1185
98b96fc1-c5e6-4aee-b5fa-11084bb6a937	1178
98ba3516-e358-4844-a6cd-9f8be6dcceb8	1173
98bdfba5-8024-42a5-ba12-834b8a0fd962	862
98c056e8-dac8-492e-8a3d-8011a9d4aca5	1165
98c075f2-4b6b-4858-8c8d-2ac32814681d	921
98c5e853-4241-41ae-8fde-57773f37a7c7	1183
98cc1ed7-2c31-4064-9fb5-03c8bd5e031d	1170
98cc3603-059a-4c1b-a9b8-ff1e8e43b8f1	1184
98ce0878-b6e2-407e-beef-22939cc3b8ce	861
98d3455d-9ef3-4afa-b125-205ef722804c	1164
98d3538b-6ed0-43bb-87bf-546611c162b3	1180
98d602eb-9c5e-4f32-912a-ec3ffc9b1e09	1181
98d7de0d-40cd-4f70-907d-5ddef98d606d	1178
98e27667-89fe-46d8-adf6-274a622dced5	1164
98e298ad-00f2-4622-8e49-ac74476846d3	602
98e2ece0-1387-4445-a154-c857a431e599	1161
98e30cab-d14e-47a1-99d7-5be4eddab071	1182
98e62743-ef53-4699-b49c-850e11c58370	1145
98ed92ac-728f-431c-b499-9c7cd5a70755	866
98f64f55-545e-4ae0-a74e-905f508c4ce3	1169
98f6b38b-105c-4ec9-aa10-5ccc1533b092	869
9902aa7c-6248-4593-8df7-c415e873bbcc	1136
99045783-4b3a-495e-95a2-da95d44ee408	1159
99058407-e062-42a8-bd3f-817cfbbcd921	850
990f9271-edcd-4327-b400-6993492a7cb3	1172
991b74c2-d6ad-4332-a6a2-450b92b4eb3b	1164
991bae31-7512-4901-9fe7-040523985f34	875
991cf40c-1ae4-460f-9c62-7da29608d0ba	849
992615be-b14e-452f-9b04-b89840016a47	1184
9929ca93-d10d-4d0a-a06a-4e3dcaf9a60e	1177
992c22cb-47b1-4318-a1b9-58ed6251c98a	1175
992f5923-3925-464f-bde9-0601790c8fc2	884
992fb4a1-2979-4915-80db-4c2567b01a7b	881
9930f23b-8bf4-40bf-beaa-a1d8da24e472	1184
99339441-a79d-4c2d-a30b-a6fca89a5291	579
993648e7-b4bb-4a4f-acd3-d4efd362293b	1168
993743b4-ecd6-4e22-8be8-369b4f6c40ed	1183
9938555c-ed2f-4687-a8b3-8794fa2f9f6b	1184
993b36ac-087e-4b07-aac0-ec8e8d45f19a	881
993c6441-be48-4c74-8c27-fe7fd80b0d02	960
9944669a-d219-4514-a456-8b839e8edb66	1185
994a931d-6baf-44a5-9118-1624a304ab98	1179
994af407-5b90-413c-aa6a-46c7e85055a7	1168
9950d6a0-9fc9-47f2-8643-a19e5218fd29	1162
995279fc-4579-4776-b0fa-28551a4fdde8	1167
9952f8c8-a173-4464-acd2-f9bd3eef8cb8	881
9953c685-419b-4864-83f6-26708a5d3983	1183
99553986-cf46-451c-8e9a-87714ba1f62c	1167
9955b6dd-21eb-44fd-8be5-36e9c6b20613	1191
9957f0fa-e07a-4678-b75d-bfe26eb6b7b3	1184
9958d27a-dfaa-441e-b11e-e3004b33ca22	1169
995e615a-9a61-4cab-bb20-9fa0656f978a	862
99627a89-9861-4b4c-8bea-2bae39f16210	1168
996600e2-695c-4639-9deb-f82a1915977a	883
996832e4-f596-4fb2-8f36-9e176ea8edc8	1154
996a3544-f52e-4ff3-bcde-2953d3fd874c	1166
996db0d2-dd32-4c92-bb76-da36f153defa	1178
997004ab-3e76-4493-8398-00bbe329793d	1184
9978619b-f4cd-4418-8670-764c790c5968	697
997957be-749a-4714-8056-785dfc34a55a	1184
997b702a-f49d-442b-b640-693fbbf94bed	1164
997c2fc6-3239-4153-b578-2795a4685462	1170
997c4872-de26-476f-a4c2-3438b69a75e3	1204
997d7f39-e698-4e0f-a0a9-b1cd24e1e9ec	1164
9984d0a8-7848-4589-8067-be64f1d7d1a2	1185
9995e3f5-d424-4979-a30e-b5b39b1b7c90	2094
999604bc-49ec-435d-9ba9-167ab64feb19	855
99987f6d-f9e0-4fe4-bdb4-e5dec139956f	1193
99a1d7ff-3fef-4fc1-8d2c-0683810811d0	857
99a2e85a-fbc0-461e-8a35-067eb712d779	838
99a365af-a819-48c9-83ef-999777835a53	859
99a43876-057d-4556-900c-4d685e8c06b8	868
99b1007f-33f9-4923-9395-c1f98fec0c17	1188
99b510cd-599f-4073-9cdf-4f38f6b4bda2	1183
99b63ef2-d45d-4600-82fa-249c72dc72ac	1177
99b64b28-8f87-490e-9d45-f70a9bafea96	878
99b9045a-a45c-48dc-938a-9cb39be3503b	859
99b917e5-dc7a-43ac-b05c-a27685f9aac7	1159
99bab778-2afd-4b52-a4aa-b072d44ace21	1167
99bbea3c-cc7c-4eec-b5cd-ae6e13ef10cb	654
99bcf79f-e1e6-48c2-ab7d-7e1d3e853df6	1190
99c3a55f-9714-428b-bef6-ee0a94ce15ab	879
99c92f07-d1be-406f-8dd3-c434b815ab57	1160
99d6a6f9-fecb-4943-9460-35efb19610f6	1170
99d7cd41-8092-4fdb-afac-84ed38ae2b93	567
99da9ca8-b74b-46f0-ae26-74b4ec800918	1176
99dcac21-83cf-483c-b667-4dd4696c9123	1148
99e5af71-0afa-46c9-98ee-ff6736d68647	1178
99f023eb-0b1d-41d7-b24e-da1ed68e2567	991
99f04417-c6fc-4389-9254-4b95f346a993	890
99f7a9e9-28ce-44ea-966b-a39bf3e17a34	1178
99f9fc2c-1aa3-448a-9bc2-58672f4bcc8b	856
99fc1f6f-f909-4ba4-b0cd-e1cc15d930b4	894
9a042f1d-eb83-4dd5-bd1a-083f36937993	1184
9a0a35af-64b6-43bc-b471-684a0dbb9a73	1883
9a0f522e-c6c5-4be2-8977-f6bd47a2acfd	1160
9a136495-5c96-4bf4-b6bd-d4571f1c25f6	887
9a1a8e03-355d-4bb8-b4ac-cab7c8d1ea74	884
9a1b094d-1dbc-4c0c-9188-c055af49b67f	1178
9a1bfc92-6414-4a26-a864-e684971488b8	1985
9a2026c8-4de5-49ce-98d5-c7089b2ec1f2	884
9a203f36-05c0-4926-b87e-a743b309329d	1164
9a20cf4f-b488-4aea-9e4c-e77c8b21605f	920
9a31df2a-d403-4e7d-9a28-f286be4175ae	866
9a45b95b-4ddb-4b82-83b2-9d3f8f39107a	1193
9a48c8d5-332d-4d9e-9212-12187291d174	1162
9a4bf8c9-b90b-4298-9c07-bca069b5251a	884
9a4cc218-0810-4eee-a857-e66eef914983	1923
9a5335f0-7f61-4204-a398-4b8225ff9a33	1186
9a566ef5-19d7-4a9e-beb8-c701817e8f17	910
9a57a6c1-fa53-46c7-8793-d46fcb8d1c33	1024
9a58983e-7cfe-448a-bcac-fbc8dc13f143	1171
9a5cfbb8-d84e-4b7a-81bc-ee52f2cd1ff4	864
9a68feb7-cb0d-47d8-a172-50f16a4cefb2	976
9a695cd4-27ef-4696-b229-9baf82dbe5ca	1168
9a69c3d5-8509-4e9c-bc43-d720a087fed3	1887
9a6e2def-03e5-4fa3-b3b4-998c180b7f00	1189
9a7593da-33ea-4de1-a208-de050fe11a26	1239
9a7b96c8-9a89-45ff-8d00-f8bb17ca0c26	886
9a7c024f-294a-4f66-ad71-66f5ca561e71	878
9a7cd73b-b805-43bf-9a02-f211cf371b15	858
9a801807-9553-4242-b062-0a919139a85b	1190
9a84dcd2-620e-427d-9973-ec3e4d47c915	1228
9a851121-9f3e-4a83-a1d0-b6f4353fed68	1181
9a8595db-5a9d-4a4a-abe1-eb63d36ae40e	878
9a85df79-b0e8-4c4a-9f81-e3b3463fa881	1154
9a888ccf-4ecd-4258-a7a9-3dbd8eba7d33	1189
9a8c87a8-f1e8-41e9-ad94-705593ccea50	1178
9a940349-3927-4743-a4e0-fede60f40a1f	856
9a982fc2-666a-4d81-b490-f45e8ce4f29e	1179
9a9a66a3-067d-424e-a44d-acfc0089d81b	1157
9a9ec2ff-52d3-407c-bb04-4eed535b61ff	1162
9aa1f3f5-ccf9-41f6-957a-d6191d1b518a	861
9aa3ee68-7721-4c7d-82f9-07aca29016fa	1175
9aa548cd-fa5b-4aac-92ef-61c81ce893b4	1182
9aa56417-1c85-46e3-8f6f-17776d690c1e	1168
9aa666df-7d4d-4b71-866c-801667482e43	1814
9aa97e78-0b4a-4b27-b8ac-8a308f88c581	1185
9ab19736-e61e-48a8-81a5-bc78ac492da9	886
9ab51584-1c1b-4059-b6bf-e2b277bffd3a	886
9ab8e9f3-f220-42b9-8411-ad7ce0f7dc5f	1174
9abc6a03-1c10-4bd4-97b7-3803d7868639	882
9abf5c48-20a5-4c1a-9fe3-4c5444135816	1190
9ac38213-d81c-45c5-a79d-05316d0ecd79	1174
9ac463b3-a891-4eb7-888e-1c118c518d45	882
9ac4db0a-ef96-42ed-89f3-1bc1789c5864	1160
9ac83be1-7f74-4bb6-b7ef-c8ce77bfb6dc	1136
9ac9d93c-5627-4e05-b0e3-2de1f82c9888	1172
9ad74a97-1f9e-4774-9c25-53694f6cf2f8	1159
9add44c0-a907-411f-8595-5ed8a6ea987c	889
9ade2eb8-e53f-4ba6-a2a5-d9c7237c17cc	1183
9adfa0ac-c622-456a-a04a-2d2b483bc914	1187
9ae0eed8-08ce-4ad7-b310-1246cc69d8fb	1158
9ae5dd90-b0b9-483a-afa9-e36f68d64f04	1180
9ae60a08-d26b-4e43-aa0a-1be1a9aed044	877
9aeb88d2-0a10-4eb5-96fb-1e59eacb6006	1166
9aefccd0-8770-4511-9c3b-cf2cf07ee8cf	888
9af2141e-35e7-4714-bcab-561fc832cf16	1190
9af84e3b-ecb8-4b8f-a96c-400920eb160d	858
9afd6225-5a99-47e2-8ce5-33bce26873e5	1201
9b00036e-0a8a-4844-beeb-3bd18f883f4e	594
9b030e68-b90b-45fd-9fea-e35dc35f2d81	1160
9b0b5673-aea6-49e8-b758-b1b879c0acdb	860
9b0ceffd-46f7-41d6-b206-244b56873a66	880
9b124dde-86a6-4eef-97e3-5aa077885300	1184
9b131374-056d-432d-942f-93b6645b99d3	1166
9b17c432-3efd-487f-9539-567d53128543	1171
9b2485b9-8c47-4e99-b7f4-4435496507a8	1187
9b2627b9-8834-4d33-94e1-2084d6590b72	1173
9b27104e-03e1-4532-b023-c10f47d6ba79	1179
9b279bae-8e83-42e8-8fdd-d3a4cb8090df	984
9b290642-b98c-409a-bf37-1138337763de	903
9b329b6f-de17-4da7-99ee-a3c8092c228a	863
9b33abe9-1d8f-4027-8b35-65bd8791a51a	885
9b35fc53-36f8-410e-af4e-a64cf1cde984	1184
9b39c5fc-d979-435b-ab3b-e45281aedb7e	1161
9b39f712-3e6b-40da-801f-429b809b8eed	1155
9b3b4ecc-96ce-46ab-b3b2-eff2999d748c	1460
9b3bb564-d9c7-4aa0-87cb-9a3810f1e0c3	1189
9b3f39c3-3ff8-481c-b477-63210c059efb	1180
9b3fc968-0cb9-499c-a54e-972fefb7fb7f	1162
9b40c9d3-ec2b-4ea5-bb12-53267dafba0b	889
9b432fcb-7bd2-47a4-aad7-82988b34098b	882
9b4e01c0-3185-4446-875d-8cf362aca74c	1180
9b4f6669-ffee-419a-a3bf-fbdb1b233152	1186
9b4fccea-4be5-4b3a-8f25-ec70290f632a	1167
9b510697-c680-43ea-a3a4-db2fa847f5a9	886
9b552201-84e3-43f5-8316-b925d550970b	1178
9b575fc0-de4e-439e-89d7-a93b0120864e	859
9b71f39a-5380-433c-9e2c-16ceba7144ae	2279
9b72be29-7fc3-47f1-a8e6-87dea642ee2b	1168
9b787297-64cc-46d1-bab4-71218b175afc	883
9b7a15fb-3e8f-48cd-8d8b-4f8e5f9c2bd6	1150
9b7c24ae-67b3-4326-8c43-71f8b4e818cb	1180
9b851e44-a82b-45bc-af16-6842dbba335c	1183
9b8f6ea5-3ed3-4aec-91c0-f989e1001b51	1174
9b8febf6-b1a1-497c-b1c3-e6106b7dd9ce	1172
9b90e1ab-96ef-41b1-8c74-8c3c73d10df6	1189
9b929fb9-85b3-44f8-ae5e-177aa4169ef4	863
9ba30289-ddea-45d1-99bc-2040b2799ec0	1160
9ba4373a-cf9a-43d9-8f4d-30a1f733918f	1169
9ba5c1a9-f9e9-440a-9f16-fe91a136a50f	1170
9ba72438-ed52-4e6f-854b-d780124478f3	885
9ba75fba-53fa-473a-aada-83187b35e915	1167
9babe9db-d791-4ec7-ba0a-516f43d532c9	1164
9bac3e09-3e3b-4318-9215-a08a3c349e4b	1193
9bb00487-de64-452f-88ca-a7facf3b35ab	1194
9bb454d2-3816-486d-abcc-32597cff4b1b	883
9bb8ffd0-8f6b-4a2a-ac19-7275de5f4d2e	1161
9bb92f50-157b-4ada-99c5-44c2de0895b3	1184
9bbd47b1-0f20-4632-8491-b2456818ea90	1177
9bcb4d9a-6277-42cf-98e3-835fe69b91bb	1164
9bcc6ef6-ae4a-42b4-baaa-2ed33f6ba052	1171
9bcccd91-b7d9-4e1c-a638-221cbfc4ac50	883
9bd5a5aa-e2bd-4915-afdf-bed1646bf8a3	1180
9bd77a5a-a9f8-48d1-9fe2-29bbd414fe00	881
9bda23b1-3ff9-4971-b573-888b5ae3b3cb	1162
9bdb2be1-d011-4dd3-96dc-1377f9ba1952	1184
9be4475c-a78a-4546-bd36-86375765407d	1183
9beac593-af0d-42ec-99ef-4460b555bdaf	886
9bef1ac8-555e-47b3-be65-1f564ea87091	1515
9bf7b37d-0eff-4e70-9921-fd688cdf1212	1170
9bf96468-5211-4ee0-bde2-b90fcf005fb4	860
9bffcede-1bda-4cfc-b71b-2c0e3b0ed61b	1041
9c039167-2f9a-4042-9afc-964fd1103d88	1182
9c03ca1f-394c-4166-839a-5336a20154bf	867
9c06c011-519c-42a7-903f-5380fccf31ec	850
9c077059-629e-499c-96b5-e5759373206b	606
9c08d4eb-8385-461e-acdf-e19c469f3083	886
9c0ae550-6bc9-4174-b630-815c9f58953a	509
9c0bccee-8cae-40f2-a63c-d2472caf8b4e	1164
9c10a7bf-b03d-477c-9c93-95de39ce8570	1169
9c18248a-a81e-47e7-a052-1f20a40fa136	860
9c1d6cd3-e0ec-4cf8-973d-a6b4d1b68221	787
9c1ec3db-b66d-45ef-be1d-a0abbee00076	879
9c2a3574-e145-4743-afde-91a51797a531	857
9c2a4d04-ee3a-4440-9702-769fe164b594	1184
9c334c21-8a81-49fe-86fe-3a970065233b	1178
9c3c716e-4c88-4240-b159-8af70b83e4f3	1195
9c44b39a-a6f6-44ba-8adb-de3f4ed27b1f	887
9c496c67-a093-4057-b5e4-8ad1e4a8a278	1183
9c4abd0b-900b-4557-8e17-07b59911b44f	1166
9c4fd594-f590-435a-b244-ac1d573d04be	1166
9c60b113-0b35-4f30-8357-88ebcc3ebb7d	1837
9c60b441-90fa-4a8c-b3f4-6e6660eb5fa5	863
9c61300f-b1ed-4ef4-95d0-4240ef68fffd	1181
9c68a26b-2776-4c1c-973d-688e5a4676ea	1175
9c713eed-a2a3-49d1-a50d-08d338d14c4e	1181
9c722b88-1c24-48bb-a36c-27ad7e7fa7f3	860
9c73e56c-b2c8-4513-a466-79674cfdc0e0	1182
9c784026-bae6-48e5-990d-446fd68ec743	1178
9c7a97f3-f29f-4f02-ae44-7d6c0761df5e	882
9c7c114d-9cc3-454c-88be-78224a4e2e4e	1181
9c805457-bc73-46e9-9392-f1bafcbb46cd	2075
9c864e24-a3c3-43da-b62d-c3fc931e08ac	881
9c870b6a-c5a6-44e7-ae1a-140fbd88bf2c	866
9c8822d3-e50b-443d-85fb-57b744e0c390	1161
9c8843f7-82e8-4bb4-a65a-623abcd8cf37	884
9c89db3d-4064-4a06-a449-5db77d9a5efd	1160
9c94bc54-ebad-4db8-a953-800e7343ca3b	603
9c964292-fb4f-45cf-9c70-e8d3a43c9e71	1115
9c9781ba-7c86-4cc9-9b20-3ffa955e9bab	1178
9c9a3e1f-a065-4327-afe4-11ae4058a8b9	1197
9ca486e4-8235-41f0-8905-f5fae5af2a36	1164
9ca60cbb-4163-4210-8b7d-7288ff5e2e5e	859
9ca98724-9609-4cb8-badf-c98229e6a20f	1174
9caeab99-2543-4be6-ab21-57831942e56d	878
9caf0eb3-8cc9-4215-8bd5-9120f52669f3	885
9cb2135e-7585-43c0-9588-dc8223320850	870
9cb587e0-65b8-4ccd-976c-74e7b46d327a	1186
9cb6cac0-f2a5-430e-a498-f7ee6f4040cd	1169
9cc0223d-a3bc-44b7-9686-864071dbf648	1179
9cc192d5-b64a-4ced-9c17-bc6c56ce8bb3	1171
9cc21429-37b9-4a5c-9daf-237999f1a991	1185
9cc2bf7d-6348-4b4d-b038-42b7dfe63766	861
9cc5e276-ab6b-4478-8b7c-7eae44d790c8	815
9ccae592-bc31-48e6-9563-172952495bb1	1170
9cd4a873-9235-40bf-b3d8-b70210ce3464	985
9cd5140c-18ff-4e72-a0d9-b2145c2915f1	1187
9cd97f62-420b-4a33-ab3b-2269b5c8d37b	884
9cdb8fe1-3793-4887-8f05-cfe84f963668	946
9cdec86e-9cde-46eb-93b1-b12c67527039	1185
9ce1b0a4-cc9c-49ad-9c6a-5008b1c28ad1	866
9ce3257e-bb34-4c2b-be07-b4741b53b388	2357
9ce3b8ba-db12-499e-9204-06fb336ba022	877
9ce493c6-657f-4300-bc32-53d42d97e851	1154
9cf3423f-7903-4467-a9be-3c1965495aa2	885
9cfafddf-d9e4-4211-944d-8187e5bda377	1165
9d04528d-114b-4210-b311-ed151b033561	867
9d05fd4c-c91d-4f86-a4e4-58afa9b7b367	887
9d063aab-69f0-48b7-9d7c-4c773d73d0df	1161
9d0912ec-c371-42b3-be10-dd8a8920a473	1168
9d0aaa19-c081-4e61-a6f7-d137e8a0f390	1167
9d0d7e45-9fa6-4468-bec2-09d633ff8bc4	1169
9d10e73f-ff78-4de4-a8c6-4c737c6f5587	893
9d13242a-63be-42c3-8539-2c3f8ee011b5	1181
9d154bbf-493c-4120-886e-9fc87f9b073f	1179
9d15bc8c-ddc4-4bff-84ee-cb2abf5fc5c7	1153
9d1d514c-43be-468c-bf92-7c9e25c0d671	888
9d1e62f5-bdc2-42bf-aaef-551b1a60e380	1180
9d221a15-3d9f-4595-93f3-97de6bfe868b	1192
9d2243c1-bc80-499f-af6a-23af98289451	1163
9d253fce-7e64-4fc3-8274-c8e481b922f4	1153
9d25c655-6f2a-4688-a685-eecaa33e6def	856
9d25eed1-24ec-4d10-ae9b-f46495f94766	1166
9d2d291e-95e4-40e5-9664-ebdc8ba4735e	1154
9d31e0fb-6fc7-44e7-ab08-a12f818f4be0	868
9d36d4a1-2784-45cf-98c8-055a3895428d	1181
9d392e1b-86bc-43fe-a764-de52b67b9167	863
9d3a0093-6d52-4c78-b878-53811b9606a6	1174
9d424dca-c861-4039-be55-0ae20e414b59	891
9d45487a-0f8c-41af-ae88-a2aef46d41b5	1167
9d48c543-88f8-4d13-9789-c8f85210fc76	859
9d4c7d70-4290-400b-bfbf-da0b72bdee4f	886
9d5100ef-b333-41a1-aed5-e2212626dc1f	1825
9d51fd6f-1a08-4e91-acdd-434d92938149	867
9d53fe54-86d4-4dce-b2ff-8a4c3b69f3ae	1164
9d5ad9ea-fcd2-4f5f-b7d4-5f1f0143ed02	1186
9d6221df-9f5a-4ffe-b84d-6297a0dcf0e2	862
9d623d88-6dbc-45eb-a414-28e94de924c5	992
9d641d46-2106-4d9b-b28c-190680008e56	1168
9d656fb9-d27d-4b58-992a-35f0160f6b6f	1170
9d687d2f-a8de-43a5-9058-7f7a86d1b40a	1171
9d6c6bca-8157-4d13-b10e-167980d93e08	1172
9d6eba08-5998-4b00-830f-2603a871fa3a	1164
9d72a537-ec3e-4605-bd1b-9577580d9e07	884
9d734b61-f8a0-4341-955d-81b2c19f7b5b	1160
9d75e871-8f86-4100-9830-17d7be663877	1181
9d77dd8b-e8ea-49e5-b519-78e4fc443d17	882
9d788b41-46e2-4436-9572-1a5c66d0f219	887
9d78cf5d-1cd7-4ac9-8c59-0773e01c8a41	988
9d78f9c3-9372-4187-9bcd-033d9decdd8c	1177
9d7e3d0d-8321-48a3-89e1-af5584f152c0	884
9d88d6b9-5530-438b-9bce-89eed5f960ff	1160
9d8a9f21-4671-4a49-ba58-ae849934b54b	1183
9d8b4538-239b-4fee-b17f-4f2b65d831c2	1184
9d8f23f6-977f-4473-b806-bcfbeebefaea	886
9d98ff0f-f059-46f9-9bae-a2e2353a3b60	876
9d995bf4-4d5b-4a7f-85f2-e6259abde44b	643
9d9fed79-d5a9-4c0c-a42b-ad5ce4873ab3	1184
9da252fc-ff2a-4059-a9c7-3b4b2f1362ce	863
9da37689-2c41-4f54-808d-88ed82bc1919	1159
9dacd0fb-da64-443e-8878-949fda55bba6	1179
9db0c798-71e2-46c6-a2de-c20852d81b77	1183
9db95fde-98e3-4d53-9afd-7d694ae07bc6	1156
9db9a1de-f8c8-49bd-985c-8d250cb24392	984
9dbc11c7-819e-4d9a-8003-d7fe367ba820	1189
9dbd5b02-49b0-4238-893a-e065facf21b7	1169
9dc45321-9289-47b7-81ea-c2f9f9ae2776	1160
9dcbdb67-b2df-419b-a139-e2e76ed03aac	1167
9dce52cd-e289-45d8-858a-862637f79e09	1182
9dcf65a3-2329-4f4b-89c1-cdb615894cb1	885
9dcfccde-8c5a-43fd-b5b3-b12d61d83856	1168
9dd45a52-effa-4328-9e9d-1330d01fe8da	883
9de483a9-f768-4eef-a839-a829665e4ee3	1181
9de7fee3-ae7e-4fbc-aed0-4d72f0f2f702	877
9de9a5f3-9334-4687-94b1-6b8a7d26db0d	858
9dea4b61-3afb-48df-be9b-485076691cfe	1181
9deb82b1-3c70-4cd0-b0ef-cf4ce3741c5f	889
9debe712-b228-41bc-b2ef-63c53cdc42a6	854
9ded1d83-b297-4ff0-b226-ceb89b535ad1	1161
9df11faa-771f-41d5-a038-ec1261ba634f	865
9df14320-98b6-4cfa-a4e0-f1431bb47985	982
9df6fabf-879f-4356-9759-b659782c9387	1185
9dfcfef4-61ea-487c-ac26-1008dfc20444	863
9dfdeec5-b335-4708-96ab-311a6a1c3506	862
9e008135-4bdd-4cfe-b352-d19586e5fd47	1190
9e0159a1-2be4-4fc4-91f0-da91c56234b3	1187
9e037c14-1d47-43fd-ac66-594d68489aea	1162
9e058df1-093f-4e2b-aea6-ed2ce65a71d4	1182
9e09329b-8dca-4989-ba76-57b77a40cf1e	1168
9e09504a-fd03-43b0-b8b8-2960be715a38	863
9e0f8645-4883-411d-b675-2b43a76142c1	1174
9e143a39-84f2-4007-b242-3984cb457b70	1188
9e149b46-e5cc-420f-8acb-716b971c5f22	1192
9e156cca-514e-4bcf-923b-c934403f2064	862
9e16a7bd-e73d-4d91-8f95-ebccbbd4a2d0	861
9e1b2760-2fea-49a0-8a72-f44382a506d6	643
9e1dcdd3-833b-455a-bd34-e57a8b1044b0	1183
9e1e218e-8d87-4b04-bfa7-bc8eb9046922	876
9e248e72-ee4c-4b36-a32b-d333790ab59e	1184
9e2493b1-66ef-46fd-b3ce-f7c02357f6e5	1076
9e27ed0f-22e0-49bb-8599-013dbd1d28fc	1187
9e299b79-84e4-417a-963a-1e01441bc982	1164
9e2ab1c1-4589-4b0a-b9a5-b5240706bf14	1167
9e348473-e4c0-4d70-9387-3b4dd0cabd9d	1169
9e352f7b-77df-4494-8fba-3c0d8a0857ba	1188
9e360b41-aa7a-4f32-8b80-b5bf8015d859	1189
9e377837-9ac8-45e7-8bc5-4057db4b443b	1147
9e3a9025-6f3f-4076-aefe-768041c269ce	1167
9e425fde-bfca-4bc1-a3a8-c1cc62b8b79c	866
9e43b057-c8ca-49b6-8133-cb8c36f658df	1165
9e45c796-27bd-45d8-81b2-5723a0dea800	1177
9e4b1440-a05d-40c6-a937-f048b8f62c14	1182
9e4e65af-fda8-4ed9-898c-c2559090467f	865
9e502f48-cd15-4da2-9a9d-24ae8abe59dc	1169
9e50c558-61a2-4fc7-b5e8-472db0f62959	993
9e54dad5-6375-4314-baef-88f9d399ad00	2233
9e56139a-edbd-40cc-9e8f-ee1b728c7cc3	867
9e5ef072-3dfc-46e1-b4a3-203f93e89ee5	886
9e611750-9ad1-4c15-81a8-f004409285ff	892
9e6e99c5-a198-4eb7-9a9c-df8a66ff6d4f	1185
9e6ffc4d-c65a-4690-8ac5-94e8b22d6ffe	1172
9e7338d9-1c79-43c7-81c7-069a70d8fbc6	926
9e748674-9ed1-42f6-9210-b3f3722aa08e	1166
9e7d0051-d6dd-4bec-89bb-d27ed0c81d76	1175
9e7ef473-50a5-4514-9fc3-ea14a9ac9fbd	1166
9e83c187-10ad-43b5-a658-5e9e9a521b14	880
9e8584b0-99de-4367-bd1d-2d834c4d0354	1190
9e86981e-607c-425f-b6fd-735076593b6d	1187
9e89f1b2-c289-4ee6-b796-dbc86f639847	1168
9e8ccd3e-b705-4185-8c13-42a918c163e7	1188
9e90a1b3-e450-4fd8-a058-4cc20268e096	1176
9e974c34-f7c7-4ca7-9fc1-6f6c27ea488d	1158
9e99ad04-5ca0-4b99-bcad-15ca2df06cf6	1167
9e9a2204-3fbd-4b6b-b17c-0053f2019fa7	1186
9e9ab192-e50e-47db-8f9c-277189321bad	1182
9e9de937-f735-4257-9bdf-80a0ec01ec1a	1164
9ea9c5bc-405a-48cd-adcd-5ff36d1aed11	1181
9eb5ffc2-912a-495e-bb2c-5d8412aaf2e7	857
9eb73af6-5d89-43b4-9f59-4a32b007a15b	1187
9ebcd0db-e751-4e88-a57f-266c5c687f90	1193
9ebf1541-2d84-4787-a9c6-aaecb8f053a9	864
9ec31dc7-a4cb-455f-8cab-3817a2699a6f	866
9ec50ff2-67cc-4bc7-86fd-797853f72b04	1189
9ec62cf8-8c88-4da1-8c14-f73b3d1d8ca8	1171
9ecba51b-e0a9-41de-b09f-f4bfa2e7d36c	861
9ecc2a74-2a2c-4361-ae50-5c399c4e6cbf	882
9eccc8d8-6eea-4233-991d-cdb0e285a34b	1153
9ecf7ea2-e082-4e00-bfc3-3c331a9faf39	1180
9ecf7ef6-4bf2-4354-a5d3-1578ac08f2e5	882
9ecfd31b-7a16-46d3-9121-6972ab26016a	863
9ed0ac33-8cfd-4883-a7d0-4d43d5d774e9	886
9ed12010-b891-45a6-a0e5-d4ea6f7f454f	888
9eda3c74-726b-4ce4-872c-aba593feddf9	857
9edad89a-0818-47d3-9365-21e6b525456f	865
9edc1ac4-1107-444d-92f9-bd0bbed6e8c2	1166
9ee4af60-e862-47df-91a4-214c6158d573	1160
9ef1c7d0-9056-471c-9fb9-c97ecefdc012	867
9ef3a8d8-767e-4624-aecf-decea946212b	1187
9efd0eac-1a82-4a84-83ba-8b40671ca142	861
9efdc92c-8fad-4de6-89e7-8bf92df96da4	1193
9efdd3c2-5a54-4792-87d7-9b944e7851df	892
9f020582-61bd-47cb-9dbe-262c396b92b0	1180
9f05f6bf-2714-4a41-b763-4596f9557005	851
9f07a55b-b850-419b-bc12-ac791132e617	862
9f0a41d7-48e6-4c4e-a7fb-1b1567378a6e	1171
9f0ad692-e28a-4dd0-9afd-a54231cd6536	1151
9f1166b5-e957-4df7-a3a5-65d6f6a64f07	881
9f130c69-95a4-4c5f-bd7d-f5c47f239f92	1162
9f135f26-24d7-459f-8bbf-3e761c26ab68	862
9f1d9647-ad6e-49fa-8d25-4bb1ea7ea8e0	872
9f2a8399-0f2f-45f8-95d0-815094d1f755	1166
9f2a9fd3-c932-4798-ac13-a7b574487008	882
9f2cf733-9e7c-48fb-89fa-4cc66453eba7	1185
9f2d8a72-b8f7-4b28-860d-658d380c9f4e	878
9f2faf00-7b4c-45b0-86b2-edcbf0e213e7	1165
9f30a10d-3ee2-47cf-9261-a3869b9f9fd5	885
9f33e09d-e92d-44a8-866b-b8539cf8cfb0	1170
9f38d28c-cac5-451b-aa53-45f545968f07	882
9f38f497-7476-43c7-8e1f-8a2039771903	999
9f393130-c03a-4d80-a460-59dde193c557	1162
9f3e859e-26da-4acf-8ec2-5f13514ab74e	883
9f3f2f00-a283-4ebf-8c39-e7a653c01359	1164
9f41bec6-0aeb-4b08-8178-c51f96a27536	860
9f449b02-154c-438c-86ac-e0d0df3f9628	999
9f4517cf-2b86-45c3-a9d4-0f0fc52df3bf	1159
9f4d336e-d451-4f0a-9d4d-32ba14e2e65a	882
9f4dc684-b2a5-4da0-b7fb-47f634699a72	677
9f4e475d-7785-456c-b5dd-eef4e64a8063	861
9f54d070-ed16-4ba8-9ade-b0717a907665	1184
9f59ee0d-879e-4312-8d3a-0bb508e11555	1171
9f61c27b-ef99-4a82-b7df-62b4090bdc83	1184
9f645115-c61c-4840-8909-6d89fcd4c997	1185
9f6a12e8-0628-4dc0-832c-356991f90da5	1187
9f6c6d8c-da16-452c-b395-17d38b1fcc9c	866
9f6ca22f-b65e-4828-928c-1a9a2ea2ba6f	1184
9f743b9e-49bc-408d-baf8-aca5b2480b47	866
9f7a3849-2307-40b9-83fa-add4afcdacd5	1193
9f7b6256-7f93-4bad-baa9-31609b1cc28f	1160
9f7c6c64-d3cc-4dfc-8b41-5a4a0f289da9	1173
9f816ebc-585d-4c2b-89cb-ca180d77adf0	879
9f8430b7-7f73-49de-adaa-c2bdf8e68d8a	1170
9f850525-cb48-413c-beb4-2c0473d9f901	874
9f86a3ef-c232-4cc2-9d70-d9c66a74d7fb	1000
9f8a9a8c-e4f2-4c92-a848-02a81ced2fa7	579
9f8ee13e-b96e-43d1-a46b-68917e43faf1	1171
9f8fe0e2-cb93-424c-bf4d-4e28145f5950	858
9f9dab54-a395-47b6-8efa-f146de88ee88	859
9fa1ce40-664a-4028-a038-0199be64fb1d	1181
9fa3d57a-6f4c-4b39-81b9-afb8824ca269	883
9fa7c341-c895-4b29-a5a7-5b8e738b18df	1162
9faacf0a-71ea-4288-8904-8ffdaedca4dd	1186
9facca8d-90e5-42f6-be98-6306d4b7dc3f	561
9faf5792-83a1-4ed7-85bb-06f0fbd37d87	876
9fb11a9b-f08a-4240-adfd-91c7a2554a25	1117
9fb23ec6-b963-43d3-832b-ea7d5d88cd87	1168
9fb3f9fe-79a2-447a-8bfc-d4935ebfc715	1164
9fb59478-de4f-4aba-afdd-3f8643f71e18	1156
9fbf3b95-31c7-49b0-854f-b00118e47153	986
9fc2b7ab-e476-4ac1-bb3f-43139f5bd83e	987
9fc76a1d-04ef-4c91-b659-43db1a4a25eb	1149
9fd295c0-c0ce-4058-a110-fbee3b3cb584	861
9fd3c80a-b873-4230-aadd-ed328d8c6f0c	1154
9fdf72c6-1ee2-4459-96c6-d6482c7294b4	1164
9fe6930e-124a-4e48-a711-caa805d39fb6	1192
9fe82155-b33c-4591-b007-a106cb6a92ae	1169
9ff9fc33-4dda-4e7a-ad69-192d537f970b	1166
a00af51e-aa56-47de-a53f-607288d085d2	1191
a010579f-592f-4857-b973-0fb578c97e47	1156
a010968f-a2b1-4b1a-be62-980950544613	861
a0119a29-30e0-45da-9abe-87fd29acb00e	1181
a0134ec9-9596-4265-a134-e490e5ddd7a7	1155
a01a2680-e270-4be6-9d2b-c41d33535906	599
a01b225b-6960-4bde-bae7-74647097d3b0	1172
a01c8d20-a417-472c-b33d-17f2625b0305	1181
a01e12a8-b4fb-4d58-8c66-33ca0a6ea4ad	1168
a01e725e-3eed-4872-ba64-72440473fabf	1155
a023d1f0-26b5-478e-bf67-5230f5abbdfb	1184
a02802b8-64f8-4823-807d-c20012af644d	1186
a02899e5-8ec2-4393-8822-ea75e86ad654	1186
a02ac28e-5dad-47bb-bb25-ddc04782fd0a	1168
a02b67bf-580b-4795-9036-5f27a5512a9f	1138
a034aa14-02f9-430e-872f-086b7950283e	858
a038dc9b-3b90-405e-9d27-bf2cdd59a751	878
a03d38f4-4839-42e7-b1cd-c1a5393d897e	1180
a040c538-5326-416b-968b-d2ab1d2b74d9	886
a0439d08-3d8f-4d49-89ab-1aabeec34394	861
a04a47ab-96ba-4850-9fe9-69b1b9b491bb	1155
a04c2f01-076c-4f04-84ed-b7360627d743	857
a04cd676-5c3b-4f2f-972a-a149c1423831	1188
a0585460-9fc7-441f-83bd-05caece9d0f8	1195
a05fe521-952b-4273-a260-cde7b5b166a6	856
a0606c88-699a-47c3-8f68-d30b94038690	1166
a064d91f-7d8f-4868-80e2-2e2aac18ec76	1180
a0650a4c-93a8-49c6-9a99-fe7507a98e3f	583
a0667b63-00e7-47f6-ad03-cce077efd5b9	1165
a06c6bea-abcc-4295-b2b8-b7e025a44a5e	874
a0738235-495c-4503-8566-1cf564863325	1175
a074a9a5-1863-417a-8871-3585e991bc12	864
a075ec66-3065-4aa6-b6d6-2d7fdc4111d8	1170
a07831b3-d6ca-4d9c-b20e-c6b96224ce7b	1170
a079a4d3-f976-4251-8c7b-1f79eae68bbc	1142
a079fc69-ca2d-478a-874c-b4273606f67b	1177
a07c98fe-a8a8-4fa8-afd1-59a7bce421d5	1179
a07d2615-6e41-40d4-b93d-208383a90d09	1176
a07ef99d-4046-4991-9fb1-22313db61be9	1738
a07f2feb-f214-41f9-9164-ed9f005bb893	1171
a083a47d-0581-48d7-a36f-f42257df8106	858
a08c172c-15a2-4be9-abd4-3ee54cb9ad8b	1172
a08e0ce8-e5f0-48a8-870c-4b995103807b	916
a0929a85-36b5-4372-a0ae-41ad0c0e9d87	1162
a0981ec4-896d-469d-9ad0-d745efa03b46	1156
a0991d58-1022-4abd-b10a-54d3092c056a	1168
a09a33e4-4367-4869-9d3d-e7cd5b1461bf	1182
a09e1615-7a05-4f72-9807-815e1617325b	864
a0a526d1-55ac-40b0-8d16-efbc796e85fe	861
a0b0b37b-da9f-4d4a-94d5-894cf68d2fe1	857
a0b1924d-0f05-4aaf-98cb-a93691ff14dc	1166
a0b29957-8641-4829-9989-10d814116c3d	881
a0b4772a-f283-4f91-b2a5-31988106a50b	1186
a0b55049-dbc5-48cc-aaab-765924fbe5a8	1187
a0bf1e95-5efd-4a43-b9d3-6db78bb20af5	1175
a0c311de-b142-4179-89c2-d50f6f4ba159	1163
a0cd64f9-04ae-4774-9aa6-ebef0f348e33	1163
a0cee2d8-78af-4b6a-9200-aeeac441a307	862
a0cf47dc-f8a8-43f5-b231-02ca36453d47	1183
a0d3ed55-8010-4cef-8c81-cae5d035f8cb	881
a0e145b3-7b40-4406-901b-4e559f4bfc7d	877
a0e1ceb9-611e-4c7e-ad01-c7a198ff7049	1168
a0e28808-3e08-45ee-89b7-293742a7bfc0	1159
a0e4f0e2-9ade-49e9-856f-9d77fad69836	886
a0e77cf9-621e-474a-9637-5cb06c3f4e53	1064
a0eaddd9-4034-42cf-9e7e-30c858837a17	1167
a0f483fd-6275-458e-bb26-13e309f16db6	882
a0f9b587-e045-44c5-8e8f-555552a043cf	1179
a0fd8935-2ab6-49de-89ef-9f4b8c667ae7	1183
a0ff589c-ba5a-433a-aead-aec5e160a841	869
a1013933-42b9-4289-b0c0-1f5444e24a35	1169
a1046e06-11ab-4c67-8c4c-3579ffc22dee	1155
a1068de5-e5c2-4af4-a166-5aebc60a059a	864
a1087d07-b272-4feb-924e-d951fb078566	1183
a108bc72-65e6-4163-9ccd-8d2238260deb	1177
a115184d-dac2-4378-9d80-f91121515dd9	1177
a11ee0ec-a281-48e5-baab-b335e9680ddf	573
a11ef861-0aaa-4e17-ba6b-8e138d348472	1188
a1234902-faa4-484e-861d-11a73a19fc87	1171
a1281457-9688-488e-a0be-2809b727a31d	885
a12ac79f-58a3-40ba-8d53-cf4f11851d63	867
a133a5fb-d44f-422a-bf9e-ed523c0ef5b4	881
a13488b1-0af2-44b1-9ef9-c1b75d70b6d1	1192
a135a8a7-ffec-4c28-be60-e75125c26f07	1171
a1360ee9-4e93-4c39-8477-0200684e1494	997
a137b5c9-c036-4111-a9f1-522297a0e4af	1158
a138a894-d5b9-4fd5-a569-3b54b082d7d9	1171
a14aa2c4-a603-441c-b043-e70df7834eab	1169
a151c5c0-3505-49df-838f-e231c138e64d	1113
a153cc4b-d7e7-4d56-825a-c5f37c053100	876
a159dfcb-ee83-4637-8717-8083e40fd1cb	861
a15bab79-f2b6-43c9-828b-758377b5a3e0	1183
a15c5887-1dbd-42d7-96df-9227ce7b3cb4	1182
a16177bb-a962-45a3-99e2-be2957aa636d	1136
a1649a0f-e0c5-43f1-914e-a968ab51d724	1185
a168319d-1dc2-47ce-932e-442bcb506430	861
a16843c7-5903-4bff-9465-c123f6ecf830	1171
a16b5705-6a90-41ed-a044-4c10313bf1bb	532
a17480e9-07dd-4ef3-8ce1-4765d0c1ff6c	1166
a17a3215-64c2-4077-9be1-dac06727b4dd	1179
a17de9ed-722b-4822-90f3-c01181b64ad5	876
a17f0bed-fbd1-4374-a6f0-90cd48a0828b	1176
a180dc6d-f5a3-49c0-9c52-8a51e8b6dc11	863
a19827ac-3998-410c-afb5-fc63a1e9c63b	1209
a198d237-a44d-4f81-bb9a-d3dfa9a627b9	1162
a19cdeae-e33a-4f4d-81ea-a5804b0dc676	1186
a19ffc76-ef10-4e16-8193-d75a3118f2c6	1179
a1a1489e-ab1c-42f7-b91a-e4e2647d7d9c	885
a1a8f90b-e301-41ce-aa62-7648d1f9fc46	1164
a1ae9b75-b9a2-4bd8-95a1-2e744768541f	993
a1b089bf-96de-4354-b260-a59f774a8cec	1161
a1b90d47-430c-4d50-95cf-471475fba19e	1171
a1c043f2-9fe7-4749-ab7c-4b073f1aaeb4	1147
a1c06101-4c2b-4d9b-a51d-f845150be07d	1160
a1c7c93c-1430-496b-99f5-d44cb5b4b6b2	1172
a1c80436-d841-43e5-bfa2-cc36ef7acd03	884
a1ca024e-2357-492f-a559-e043a92d379e	876
a1d17d28-88bf-4c9e-95dd-35e225a4bda1	1182
a1d1fb0b-701c-4f78-bcf8-bff1dacd5579	878
a1d59e59-4f1e-4e17-a04d-e67f8a719c95	863
a1d75853-09b4-42b0-8959-b3592ef013f2	885
a1da779b-bf52-4550-b449-2cfc2dc81061	1188
a1e03911-2192-4121-8f61-21b2f15ea12f	1187
a1e14422-c297-4c54-80c4-e945c7082d41	1169
a1e4b4ce-a8e5-4244-a063-2aa4cc50e51b	1173
a1e54753-ab24-4cc7-9833-98ed1d9a3809	1195
a1f31705-821a-4ade-a849-1ad8e7921bb8	1176
a1f358fe-a6c6-489f-ae7c-092bbdbb0e60	1159
a1f8229f-5170-48df-8ed6-afa66bf800db	1169
a1f8ee29-eff4-44d0-92a2-291f45ed2b9b	1166
a20340df-4639-4c25-a898-66435c134166	1187
a207a914-102c-4323-b771-988cc7a21e39	1184
a2088de5-7d5e-4fe9-bfb4-5587ea3b22f8	1189
a218e519-3b6e-4c1a-9315-5aa545bcae5d	1169
a2211cd5-5aa5-4914-a810-8494a339f0a2	1163
a23756af-17fb-4638-8f08-2bfcf6c11441	1293
a2391043-8dde-4409-a72a-015a44469519	856
a239a3b2-4402-46b3-8d4d-ea7747e13fe6	1181
a24d4730-9b89-4320-ac23-65f550d0d159	1180
a25007b0-f945-4bac-ba26-2439e7dfb568	1179
a250d18b-cfd0-4b75-8357-fe8244952e6d	1168
a2522deb-73b9-4590-8364-333e9c631ad4	861
a2567c9a-71d0-4ab3-b048-9fa47e9950a9	892
a2586167-9c48-495d-91d8-b996cb476ca4	1167
a25ca477-9052-4658-81a2-24fc882d432d	1160
a2614d74-96c7-46c5-aba7-5da617d984fa	1172
a2617815-52e2-4a0c-8b75-a52e9bfcf8ba	1187
a2638e72-61d6-41e5-b499-5b86b81a1f3c	1169
a26483da-768f-4320-885d-2ae998aaa152	1153
a2697956-244d-4c67-b0d7-04f89fe5bee1	882
a26b10f3-da22-4a6d-af8a-464ae56f5977	1185
a26c06c0-d187-4a76-b4ea-552590722d8a	1187
a26c0ca5-9af0-4138-b21c-dd805c8a137b	1163
a2780d08-cbce-43b4-8074-d37d420d7434	879
a27c676d-ee91-4188-b172-d2d4ca14ff93	883
a27c76c5-e3ce-4e40-baea-125b190484e8	1187
a28a4b2b-383e-40f6-8821-6d75ec6f59f7	1185
a28a8241-7d2c-489a-8435-9af698884dea	1167
a291632b-8841-44bc-a6da-9f9b4b5fe2eb	866
a293974a-f523-4a58-815d-375353f0b675	1181
a2939c20-ecf2-4477-a028-5a8bb94b2d66	574
a294abc6-3b2f-4459-a7dc-3d5110ec770d	882
a29c544c-f3e0-4ed2-90ca-257d22207ca6	770
a2a342e0-2591-4d47-ad41-95655587f247	1191
a2ab582a-7be8-464d-87bb-6fffff837e1d	1190
a2ab859e-e844-4917-970f-08f6f10bf8a4	880
a2ad169b-fcdf-416c-9a80-9f69d36cb320	712
a2ae1ee6-0cbb-4c86-99e0-1ed87ea2abcf	868
a2b91fbc-b223-4ec3-a289-621a962858e7	1183
a2bb5766-260f-4935-a531-dbb02e374497	877
a2c4af1e-27e1-4ea8-b288-913e6f4a0f6b	1160
a2c8f08c-d252-4b04-ab3b-ed58fab32b4f	1151
a2cf995f-7da4-4cdf-8002-cab4987434ca	1183
a2d422d4-741d-4f40-bbcf-57fed7339f49	1184
a2d4ff9f-a75c-403a-8f87-d94eaf4527e3	879
a2d74df8-6441-45d3-aae1-83b1509bbb97	1175
a2d989f1-e5b1-41b9-9685-ce7bfd8fc03f	882
a2daf46e-bea4-464f-9b34-9f93d157cb8b	882
a2e0ca22-2341-4a21-9c59-1abab7b7292f	1181
a2e8e5b0-0ffe-4431-8c69-545128aeac27	1187
a2f6dab6-407c-412c-98dd-3bb543a57f01	1167
a2fc8750-ad6b-402f-87a2-adfb0e74582a	880
a2ff53a5-de9c-43e0-89b1-a2f04847a256	1153
a30092ef-a173-4b85-a372-44d35f7f3c8d	1154
a303e5d4-44c6-49ff-8a70-21d06924b765	868
a30abe77-e6f8-423b-994a-3c6c1dde45df	1177
a30bf56d-d79a-489d-bd8b-d0c63ae69092	876
a30ec80d-f39a-4880-a290-328b405a4bf1	1180
a31909f7-0118-4579-8941-e5c7dc4ca774	1958
a31e9401-d36c-4010-885e-2ec13ec0495b	1164
a31f1c3d-5ec8-47fa-934b-1c317b4a1963	1161
a31ff5e7-e8c0-4faa-9915-cff431bfc84f	1167
a325bd97-9c39-4028-a1f4-9370cec42c2d	1167
a32733d9-f62f-4f5f-abd5-9e55a53ec93e	1187
a329ca7e-de66-49bc-8a41-34b792406405	828
a32a58c0-fea5-4957-bd8d-895c593c7712	1185
a32d40a9-67d9-4b72-b10a-cd794473f99c	879
a32e4879-7805-4c33-8bb9-a9c56532988d	860
a32e781c-901b-43a2-be90-af315c995b9a	1188
a3324f1c-dd49-4428-a485-75834015fe92	1164
a33b629b-3490-4cad-b3f1-81e6343a90c3	1176
a33fc6a0-c09b-4793-aad2-a947a07a172d	1184
a3427413-bff3-4976-b3c1-f106e664b7a9	1176
a34350dd-8044-4ca3-b87b-5ef20f15bb90	881
a3441221-8347-40c3-9b27-5a30e506e7b9	1166
a345718d-152b-45c3-a7fe-272a5bb75a82	1185
a34607dc-fc6b-4fca-8da2-38839eae3646	1180
a346d476-6b11-4c38-a67f-a29afcc5c172	1187
a348d654-3687-45e6-84d4-3a0fd2fb3f07	881
a350b116-b1a0-4f7b-9b63-30074b91b5b3	1184
a3521ec1-e48e-40be-a903-92e205c0fb3f	881
a3546793-9ddd-4ed1-ae6a-a207291a96f8	1166
a35654fe-f85e-4aef-bd13-5a5802a1f52e	1183
a35d3920-28eb-4a9c-964d-688c50ecc390	1166
a363889c-bebe-4ffe-a7a7-3a235c001d34	1186
a363dda5-c930-4a0a-9dec-c927f7e2843d	1167
a364ecef-e273-4c2e-9806-6d70051888ce	1172
a365788a-5220-48ae-96de-d032ee50455c	1146
a3662335-11c8-44d5-8929-b569dfb3eeb1	1161
a3663d09-7097-4a7d-80cb-06b6a8573f23	1165
a36937dc-594f-4b81-9d53-74bc0b24a135	1165
a36b6080-3365-4546-9de4-9a6e4fbac109	1185
a36d76f9-1e12-4ddd-aea7-de6f5c011dce	582
a370ee29-d260-4076-b4bc-52678655c3f9	1186
a3739c32-85b7-4f84-bc95-aaeb504322c7	1180
a3759c9a-5cbd-4379-a548-19a35d43d7a8	1162
a37958ff-55b6-4abc-a66c-edad985da87e	1320
a37ddb20-e9b1-4f46-89ea-9ec9cee8c219	1188
a380b78a-5c15-4ead-a7ee-d71beefbf394	1167
a383b8ae-4459-455e-b8e2-b12cf304e9a8	886
a384956f-c79a-4fd5-8c16-e90e4d56b9a5	880
a389e794-8a49-4806-9086-e8c52b66d239	1181
a38a980f-4499-434c-ba32-77fa1a478317	1181
a390cf93-7f70-4b4f-85d7-4e96aa507cea	1176
a39924ec-c4b9-4ea1-b034-199e09e244ea	1158
a39d8b8f-197f-411b-88b1-ddc2c59971ce	1180
a3c0b355-b8a8-431c-b15b-c5ed142aed44	1188
a3c3d09a-82b8-4cf4-a3e8-0261aab16051	1183
a3d2fadf-585e-495f-8d97-088ccdd9cdb4	987
a3d42397-2e3c-4e67-b952-b4f2f0357fa4	1183
a3daefdd-5d4e-438b-958e-ea0989e47e77	1164
a3ddad36-2271-49bf-87e8-76e8bc53ab6b	1175
a3e9daa2-f6b8-47f8-81eb-bd87b8c1abd1	1139
a3ea4eda-c95e-44d5-934e-8bd354d06c40	1169
a3ef312d-8a1a-4660-aee3-dbcd6a89fb05	1160
a3efdc13-15ca-4a44-a3ba-95b0d308ecd1	1161
a3fa96a8-0570-4de4-8e2c-5151eff88391	1178
a3fae305-3a02-49b8-a2bf-e69fa24ae275	881
a3fe10ed-5e08-40a6-ba41-cbcee41acc68	1181
a40192a8-e35f-45ed-b829-0ee40288e5bb	1196
a4024531-7cd8-4c40-ae08-7b100ad957ea	1171
a403fb9f-7490-4bd6-b6fb-3131319a3575	879
a4063676-f15f-46d7-b1da-b3fc20381539	1181
a40f9791-9542-4b19-b16a-58b8cfff93d6	1166
a4123f8e-1ea0-437d-94d8-383a33f40f81	863
a4179642-add2-46b8-aa25-fca088d383c2	877
a41be6e3-76dc-4a9f-b3fb-82256b4e861b	1186
a41d46ff-31c5-4e8d-8658-b05e28231361	863
a41ebe3d-2173-440c-9a8f-98ece54eebd3	1172
a41ece37-3c85-4bf1-84f3-dfa2ee628a74	1169
a4200d17-5d57-4718-87de-721a9d57c153	1172
a421f022-ba15-4824-9293-35b89fd17ab6	862
a4256225-e225-4b9e-a3bd-ec9007f4fbb7	602
a42636a9-f34a-43cf-86db-d00e449a89d4	1169
a42803c3-5fc1-4093-a242-8059ea66c14f	1193
a42d5c09-6851-4197-b09d-11fc81f23a57	1173
a43766f8-eccd-4003-87d0-204e07931ba8	1960
a438f8cf-b692-4b75-a146-62ab81e9ec71	1188
a440fce5-c25d-4b8b-b663-63a9c014ca64	1183
a443aba0-13e7-41bf-aa9c-b4134ba13288	1165
a445685f-75c9-43e5-b60c-a0e50bf091ac	1182
a4460c6f-b044-4b59-aae3-2b3e54229d89	867
a44f0701-40dd-4b91-907d-1d945311cecb	1181
a453e085-3321-4b2b-8365-450d7015dad0	1171
a45ae98b-ccfb-4384-9f56-eb55419c8c78	916
a45f11dc-901f-47fe-95f6-095f49dcd8c1	1171
a4604b2c-ce20-41ac-8abb-01e40804c3c7	880
a462adc6-6f12-46bd-a801-0a44232d3d94	857
a467828a-8902-4830-a632-584aeaa43403	1183
a4687bf1-935a-409a-ae43-db8a5344fa6d	1159
a4694857-28fc-41dc-8ff0-66a4202d22b0	1144
a4772a07-1074-4e30-a3f2-8ceb864e0453	887
a478d9a1-0545-4be9-ad02-12a003677bad	1160
a47b1224-c30a-419d-a523-fd288b8d0959	863
a47fb803-11e2-4de3-9683-2a749506788b	542
a4807e41-7477-4c76-ba04-0989aa705181	1181
a486737d-bb43-44ae-9f82-7b870f47e558	1171
a487c1ce-9364-4e89-bbf4-d1c5d53ff887	1182
a49918e9-d844-43b2-ab62-0d57a4c3bb3c	595
a49972cd-f5e5-405d-b7eb-b3da0f30672d	879
a49dd0e2-aed0-4139-8c00-121ded99fc75	577
a4a2a001-62ff-4411-a305-c393a55f1c2a	865
a4a59b3d-07c6-4e3b-a4ce-aafa28ed433a	879
a4a5e72e-f940-485d-b5b0-064fc3494d3f	1170
a4ace12e-7593-49bc-8c68-87557eb570ff	1181
a4add40d-fbe4-4b4e-9a36-a0a90e2a0871	879
a4afbc78-d199-4677-ac5e-e805dc284632	1182
a4b10443-fbf8-4c28-8565-ceaf5101788c	881
a4b7a78c-8f0f-4af8-b2b6-69a8e6b67b5e	875
a4baef4a-feef-47e9-a8e4-4902e1f42ded	864
a4bb9c86-a0c2-40ff-a289-6f8c9ad17718	912
a4bf7dd7-d142-4810-8782-eb70989eb13a	1162
a4c376f3-689c-4293-acb0-f1364a9a2b28	892
a4c5b2dc-403f-44c9-8b96-d7f8dbe1e335	846
a4c5c13e-39c8-40dc-9172-3c25e64a14c8	1174
a4c6d84d-5833-4a77-a041-d40c0021a5b1	1188
a4c76149-35c3-4ac0-8203-8ad880b52a90	1169
a4c9927a-5753-4aae-bdd3-a0e56f014513	876
a4cadce3-f8fe-45d2-89f2-782271f5cdb2	1183
a4d0a081-eeb2-4282-aa09-504c4e24269b	993
a4d1a61e-6f05-4e71-ade6-80762eba84f7	1190
a4d2745e-ac29-4729-950f-4f7b193777e8	1152
a4d61d2c-5118-4f59-aea3-6f5c7bf4e755	1197
a4dab4ac-7ed6-4fc0-84cc-7a3e615e7775	1167
a4dbaea9-7c97-4087-a76e-703b2b72d113	1189
a4deb340-028a-46cd-9c4b-b330460083f7	1181
a4e1cc9a-cacb-4db8-89bf-3d20c9381721	863
a4e1e697-3cbe-4edf-bf8a-5f31a0d4eb63	884
a4e443c1-b600-45ec-8634-97d3a6dd9358	1184
a4e555a8-ccc6-41fc-bf3c-6f8bc7bf286b	864
a4e5d312-3416-402f-bd63-575b39e584a7	1178
a4ea29df-8c23-46ad-89e1-d2033e46a0b9	1158
a4eafb7b-8deb-4b75-90b1-14bb0b5221f5	890
a4f739b4-4008-4efc-80e3-14f528502948	1189
a4fb5206-81b8-484f-ad91-7e195c4710ce	885
a4fb6409-415e-4dcd-81e1-1fd0b43fdbde	885
a4fc058d-d4c9-469f-82fa-3bb524909ed2	860
a4fd44aa-61d8-4985-89fe-9861669f038d	1186
a5037440-cdbe-4b23-b6c9-f2649ad53075	2044
a505e816-e7b8-4226-a3c8-9b6a47aefa31	871
a50877f6-7290-4f81-bb46-9d92230c55d0	885
a50d1a3b-5fef-4c4b-b407-93140eaddd58	1156
a50ed074-8113-47cb-9922-5ae509607a19	885
a50f770c-d01c-4c08-b4e9-d2d84fa2a94c	877
a5126c84-e5ff-4580-bed5-a6a7cd9ae2ed	1160
a51782c6-638e-404c-92b2-a9867d96443b	1167
a5189e3c-1e8c-49bc-9b82-58fda54eec4f	1162
a5195d6b-b152-4f78-88c8-4b8b4ae78279	859
a523dcc6-cfd2-494e-b916-dd27c56dfddd	1187
a52a2eca-a8ea-46fe-8bbc-ade4210d1eb0	883
a52b5904-0cdc-41fa-bb97-ca915ae590d4	1157
a52ce1f9-29a6-44e9-a25b-0a86e4469f41	862
a530a1b5-b86b-4710-b99e-6e3416258496	1173
a53b8266-58aa-4968-af89-64196392339e	882
a53e9164-23ac-498e-93e0-9cb71acd2132	1183
a5415307-8999-4daf-a3fb-4c1a2fb31a04	1178
a54551fe-fedd-4692-b372-db1c4c4f4c3d	862
a5475c41-89fb-47fa-ad01-e4c1504a8a8b	1168
a54d0579-f72c-4cc1-8cf8-170a7cd2fb20	1160
a54f018b-36b2-440f-b908-5bc674306864	1183
a54f3791-e27d-4c32-b9cb-2114b424e020	884
a555504f-5893-49ca-95c7-1a8db80b1ae2	1171
a555bde7-02bf-4f0e-9668-081ca31e3760	885
a55ce37f-5de9-406c-821e-7ce908df5f10	1158
a56185bb-6485-4129-b9df-5508997e150e	879
a563827c-62b5-4835-a426-939af821c68f	869
a564ce12-8979-4896-8e60-0e2e8c11c439	854
a5681f91-773a-44c4-a8fc-fb08c1525b0f	861
a56aa113-72dc-4a3f-a685-47053eaaf40c	1167
a56d70ca-52b8-44e5-883f-4ca4e8e96e64	1168
a576643a-83aa-440a-a855-a178571537e8	883
a576d695-7749-4a0c-bdb1-4a89b6df6356	668
a57a393c-8de8-4e2f-8f42-980ef97bc0f1	853
a57afb8e-809d-4646-9f74-9aff25cbeebd	863
a585b9c7-8dd0-4a92-990e-06cf729515c2	1179
a587729b-4243-40ad-a411-18d7baf58701	1610
a588ad03-00c3-4811-a76c-b6d828b3f14c	1161
a588de38-acdc-4be0-af24-757c10d16031	862
a58b131f-eea0-450e-b559-d607468656b2	1184
a5955634-a194-4628-8279-2ffcbe5aba4c	1168
a59e0f4d-11a9-4843-af77-1a8e9d7611a3	1177
a59eb81e-e530-4f7e-bd00-e5effe3b6934	1181
a5a21857-604a-4e91-81bf-a955596001f8	863
a5a3a4ab-1fbc-4530-b9b7-4b4ee4cbb2e6	864
a5aa616c-8940-4bc9-99b9-e4a07a5f0fdb	1168
a5adb0cc-c5d0-4185-a862-fe51a992a489	1173
a5afab97-f0da-4318-961f-a62255711668	1360
a5b3a909-1e0d-4054-a690-0b35bdebe447	860
a5b48fc3-9dae-489f-a440-455acc00d1ac	1166
a5b49f0f-a88c-473e-8b7f-f3aec2828c28	1118
a5b4db69-c40b-4e97-9f28-cee47b795a00	1179
a5b5a34b-9b53-4eaf-9c48-fc793d3a3b8b	1171
a5b76ce5-4d7b-43d3-823f-76549cf3fe9e	1175
a5b8216d-dc9d-404c-b40b-dea8ade966e8	1168
a5b8aeb8-86db-4dc8-89cb-c79ab12318dd	1158
a5c3a472-4792-4955-8d66-6c9ea3e4aab3	1178
a5c73570-4791-4a70-8aac-d62e7a49ed32	891
a5cbea77-4659-4948-afa1-9bc8b2d7a857	1164
a5cc5351-44d2-40a4-b8e5-7441e58da71c	884
a5cf01de-8cdf-4408-86f1-f396bfb5e082	861
a5d0cb33-24fa-4f8a-b902-83d1e6f88a98	1188
a5d1aacb-4097-40a7-bced-f78701178b0a	863
a5d39681-f01f-44d6-9b14-d0c43a6c6194	883
a5d454f2-56c8-4ff1-ac49-a51617794609	1163
a5d46d86-6f26-4cdb-8157-26993a278397	1413
a5d622ab-f1a8-48c2-a187-02a0fc8f9444	884
a5d73973-2563-4159-924a-a40ad13016d8	1184
a5de59f4-3ab5-414f-abc6-432c961de0eb	1181
a5e02d7b-1dff-4e10-9f7f-82e41da422ca	1183
a5e29932-bd50-43da-aad3-d334e8b84770	883
a5eeb614-94ea-4101-bd10-4a6c27bd294d	881
a602acda-6386-433e-bc5f-c8c09eccffd1	882
a6045c7b-7bf5-4bf4-a4d6-7b8de9050754	1184
a6049ae4-fa48-466b-999d-dbb93d91a7ee	1163
a60d5421-f1bf-4a5a-aaac-cb6c48c8fc20	854
a60d55f5-bf0e-4558-b060-58079858dc9d	1180
a614ede6-1e95-4e2a-b934-44b7e3990fac	884
a6163c1e-e601-48d5-9b42-c0c39943846a	855
a6198f6e-cc76-42e0-bcea-1b1451666f4e	1177
a61a1cbc-c908-4651-830a-d4303d997883	882
a6233fd2-4228-418e-ac6d-3f4e99868ff0	860
a62462da-3918-4fe2-8791-64d568495f5a	864
a6265a18-9e67-4e4d-b01e-d234d348eb6b	1170
a62b4249-3086-4330-92c0-2ea3b764f433	881
a635599f-4e39-471e-afdd-a0588faa5fba	1161
a6364757-b06f-4436-9bae-b9f2e819995a	1190
a63c37cb-aa23-4432-b95d-d7cb35fd16fd	1179
a6435ee6-0e9f-4600-9602-07ec849206d3	1181
a64b2f5f-db51-4fbc-bd03-403ba4632130	1165
a64d39c5-97a8-43b3-adc9-6989b9638991	1176
a64f1ee3-4cd8-41e1-8d47-e9f1770fd6f8	866
a64fdca4-0622-4e67-a6ec-b141fddd67e3	1188
a6520f28-79dd-41bc-a812-4e63acc3b8ca	1189
a65518d7-021f-43c4-b8aa-4679a93f93fb	1172
a657285d-02c8-45b8-b05f-d4012483d55d	884
a6576967-38b1-4489-aa3a-f1037b368d1e	1186
a6584884-a5d6-4d5e-9dc4-62cdbcebe276	1177
a65a95b2-f1f6-4612-94ca-5e109693f43d	1189
a65b6efb-5915-4f41-817f-8942bfb8f289	1160
a65c5e7d-e082-4cab-9763-6a3e11b3bc08	864
a66a25e5-567e-466b-9508-af64c4d3e79a	867
a677b079-778a-4e18-9df1-5bdd037562f0	867
a67d7333-d426-4a61-b24f-7b9592da9fea	886
a685679c-fb27-4049-a6fc-0063a7aff4a5	849
a6867105-7872-4554-acd4-70565bc11a34	1377
a6910106-0194-459a-9a72-fa7d1b65b069	882
a692ae8f-4ecf-4dc7-a856-4b3d72439937	808
a694275d-bf81-4e60-8618-fa97d307432b	1177
a696cfd4-eb4d-49f8-a669-b985adff7228	1157
a697ccd1-a520-42d0-881a-ca9d5aadcec7	883
a6980e1b-42f4-4050-b199-fa5047c9ef30	863
a69dad8c-126f-4a11-a775-2954dce2e9bc	886
a6a6213b-1c37-40d6-b283-c0a8dad5ae36	1162
a6a90dca-3a75-4054-87f2-8e8f681af1c6	1165
a6afb03c-06d2-4fc5-825c-42120c704a46	1184
a6afe515-11fd-44ab-a27a-b20b843b48ee	1177
a6b48552-96bc-4b2c-ac86-27ab8b0952c2	1167
a6b4cd79-9a64-4a4c-96d4-70c933b82bbc	880
a6b554ad-67f8-41f5-96d7-7093a3831d3b	1165
a6bd7720-ca31-4239-bdec-dd318346656b	1155
a6c55cfc-a345-4ace-a534-0e299e0fbf8a	1157
a6cd1c0b-dbff-44a6-8729-e497ab7919ac	1165
a6d2bbc9-b680-48e2-9032-e000988761bd	1165
a6d354c4-61f4-490a-ad25-0beb4cde8e67	682
a6da9c91-0bf3-4cf2-8308-2e73480662ab	1163
a6dbc0de-3081-4a7c-add8-ef62514558d0	1159
a6e7a0d3-4960-4680-b882-19391803a44e	900
a6eace53-0a47-43ae-9f96-6c355c1da251	919
a6eb84b7-0e66-47a7-91fe-28a5974c437a	1155
a6f117b1-62d1-436d-ad4e-02446f9978fd	1199
a6f27367-dfe1-4cf0-a2c0-5ced2d677310	889
a6f69093-599e-4f97-91c6-5de22904b373	2219
a6f790b4-e929-4e05-9753-8cabc391b320	1164
a6f83070-4559-4959-9687-6fc001317e6c	1164
a6fc7c57-340f-480d-9b0c-dc871395c4b8	860
a6fef180-b64a-44d0-87d8-72d9e652b7c6	647
a70289d2-d5b5-4b6e-8ca7-56c4269dfdc3	798
a703d9a8-d1f4-492f-a472-15c6e6f9abaa	1194
a704288c-5466-45db-887b-d9633d1cf23f	859
a7055176-2e96-445e-841f-3ce56f91ff0b	891
a707a1e1-3ff8-4b30-9a5e-468296b71af6	863
a707fbc6-4f2f-402d-ae71-9373beaf7c15	1188
a708124d-50a7-416b-b7dd-c71f85623ffd	1174
a7082ad6-54dc-4abb-920a-6e886b17b7c6	883
a70c3dd0-23a4-45cf-a48a-ea7ad77fb81b	866
a7120208-154e-4ee6-b0d2-51921b1c045c	1160
a71c5c24-d425-4c4b-987e-38f9dccb27c4	1182
a71f4655-8094-44c0-bd8d-98f377068e3a	884
a7204ed1-4aad-4bae-b752-70608e31d635	864
a7227233-c959-47a3-9d86-2612053a7641	863
a725fd6e-7500-4564-b862-92c88bf3faeb	1175
a7273495-00c0-4690-900d-461232ab234c	882
a7283d6c-5d05-4cd9-adff-f03e076e46d1	862
a72b82e3-e746-46ef-85ff-02722974c1fb	878
a72be3bb-1bf1-42c6-b7f3-a1e9d87af774	891
a731cb5f-61fa-48f9-aa16-bfbff6c75730	1178
a7336a11-7fa0-41be-8aab-9c355f7efda9	882
a7344c50-3061-4278-89c9-f786cf226cd3	1176
a7346eac-2917-4327-bf6f-d6eb2260ca38	857
a737ff3a-38b5-48c4-b30c-b5d5d2869216	1172
a740d975-025a-4ed5-90e0-660a82f9ee5f	1172
a741e1c5-063a-45d8-b154-55fb859f58f9	1164
a74d020c-e43e-4c1f-b7c1-3f54e8ec30e7	1179
a74d89e1-95bb-4fa1-b42e-27d8bbd9384b	1181
a74dbf1f-5f78-4000-8c55-90d6e9333a07	870
a74feb27-7b63-4e0e-a7ab-da249c43ebe1	1165
a755db86-3605-4956-b54a-6e03f1461ca7	860
a76413c0-513a-496d-b60f-1be1482adcf5	578
a764bb66-6a2e-4e8c-ae91-ed252c1d92cb	1161
a76cc0c0-0378-48f6-9b8a-3127f304ac3c	886
a772f46a-e2a5-48da-bd0b-1547b5befb1a	885
a772f627-c2ff-4484-97ea-a78e432601f7	1182
a77458c6-fe5c-4068-877a-6a281b4460ea	1186
a775dd4e-0316-4497-81c8-fe3d0f29219b	849
a7796fed-f5a5-4818-a522-e42914a30ce2	883
a77af471-5f7c-4bae-8051-34f37edc247a	1130
a77bc4d7-4162-43ab-93af-46cb0ccbbd04	864
a77c5872-2e6f-4e43-b1a1-94089d0656dc	873
a7829d58-a74d-4e02-9502-aef6a312ec2b	1158
a78428dd-6658-4fa3-a0c6-ea00a2bc8d2e	887
a78f0c04-f0ad-414b-868d-729f28f767ec	1187
a7900f6b-c207-48dc-93e0-03095ef85a5f	1188
a796a536-b545-4deb-b947-0dfef121e3fb	882
a7990e81-1143-4c6e-a9d7-91ece041eab9	878
a79bc6e6-b40f-4a13-836a-e4c901868203	1165
a7a03867-add6-4ced-a919-a7bca4366764	1174
a7a1bcf3-bc24-4142-872e-ec05dff0a40c	900
a7a2dfee-999b-47b1-a652-4513b708e9ed	1172
a7a307ec-be7c-4c71-9fe9-4a35c24642cd	1161
a7a4afd6-ede4-4652-8bef-27b81c171987	1180
a7a659aa-e40f-4483-bc29-bf9fedc4cad2	855
a7a65d8b-6431-48c6-a7b0-dc74995795c2	1173
a7abb00a-9482-4ade-9d0a-fdb8207572f1	860
a7ad48c7-12d4-4869-9b5a-920707fb7759	1166
a7af7008-943a-4ab1-a7f1-b9f9ff2c3ebc	1190
a7b57bb2-f408-4b25-a82f-f8ac09ae2b4d	1161
a7b6ccfe-a9d9-412f-9cae-94dcf2a48fad	1167
a7b71bdf-7314-45a2-99ce-91991b1ab97c	1776
a7b9beff-7a22-444e-bcd5-5dd4b66def2e	1152
a7c32876-514b-4dcd-81a3-f3d5e400440f	1168
a7c61d80-4954-4f6e-9d4e-6c516f9ade73	1159
a7cbbf61-914d-4f35-8213-1b78e531cd7e	558
a7d3760c-edb1-4b60-b7ff-aa3e12dad1b7	1164
a7d3eb2e-6d4e-43a5-b168-f1aedc024030	1179
a7d8c356-fbb5-4a11-b1b2-6a5516fecfc3	1168
a7e2fbf2-9ce7-49cf-883a-9b079014931b	1167
a7e6f23e-6fb0-4838-bf7e-3d148f43686a	1170
a7e73e85-4b68-435e-96d0-d85b839d8713	1170
a7eb9695-50b5-4bee-80dc-4253cbef4263	881
a7f01cea-caa7-43f9-be76-529c6b73e7a8	1147
a7f496e8-4af6-48c0-8998-01c7fdaec9a6	1163
a7f6f29b-9933-48fe-93c6-43a4f30dd1aa	1162
a7f73aa7-ebd6-4309-ac77-703b752eeced	1175
a7f777ec-9b4f-4611-93e5-213bf738a376	1191
a7fbe1dd-4961-403e-b00c-7b56b9a8e21a	872
a7fd51b2-6dfb-48bd-9872-833927fd2fe3	1186
a8078841-7aa6-4d08-b2c3-d7df2067a5b6	1151
a80f0763-60b2-4434-8d9c-5ebc7f3aebbe	1185
a810f191-e187-4c8f-b123-e11ad892717c	1161
a81255d9-9a93-4e38-9ef8-55af993f96aa	1293
a81d97e6-5cbd-4b3d-820e-03adb4eeee09	1183
a82ff299-f0c0-4c5c-8182-3294434bfb63	864
a836b088-2672-4759-abac-0b7a3e64eb37	1185
a83c7c66-b3d0-44f1-a64a-35968f7969f1	1162
a83ccdb2-036c-4965-b2cd-76bb9da2dfed	863
a843ed82-ba3d-434a-a1d3-338bfef122e6	1165
a84d6585-f52d-44b9-ae15-fefe6157be9d	859
a84dcdae-5885-4389-b879-360988011a08	862
a8556360-d568-4b0b-b8d6-ed0cde2ca07a	967
a85981a2-edda-4d7d-a731-464cd6354941	1164
a85b2d85-282a-4f28-85f7-84ff7368f5b2	1166
a85c7f29-7076-4cc7-99a8-0513474bd3f6	1175
a86443ef-1670-4469-9cbf-2151f1ce8ef9	881
a8668777-b167-4304-b89b-4ad54807aab3	1559
a867614b-0dc8-48bd-99ab-a5af0f13f942	1185
a8751fcf-9ff6-43e7-bb00-e2e8b328a0e9	1025
a8771cb0-b816-43b2-8df3-778000bb3c91	887
a87a306c-dc0b-48ac-9c6a-b8737276d906	892
a8805e5d-5fe4-4117-896c-53c9e558684b	1172
a887929c-ef98-49a5-91c7-a6f7b1fd9136	887
a88b0ff8-6c3c-473d-b53c-a64f8fbe091d	1171
a88b2847-081e-45e3-a7ea-b1060ec88845	1184
a8904497-2f0f-465a-9401-fa33e1c25daa	1181
a8990c34-9b10-4d09-81ff-6aa1f4abd238	886
a899883e-e7fa-46d3-9a47-a63a3cd6ee89	1172
a89f3da2-416c-47c2-aa85-10f89a10c34c	1168
a8a0edc8-e056-447f-ba4a-db5215e1262b	1161
a8a1d299-8448-4caa-86ac-7b8ab5fac51d	875
a8ac3eb9-29d4-4fa8-8083-f5a2a981f63a	776
a8ad6aaa-bf07-4960-b194-a1975df5de21	880
a8b4d4ad-bd07-4d08-a2e1-d1247f8a3bea	1185
a8b6eb3a-0c71-4730-a816-74c02df1af70	880
a8c84e78-92b4-45b3-ae4f-73d48c8ba351	1393
a8cb2fbd-5558-4a5c-8c9f-0483d6c7c26b	989
a8cf6b0f-add4-4534-a869-d89550a68ad0	1167
a8d6a613-6493-43ba-ae9f-8470d8165a46	862
a8d88f62-9270-4f94-9ac5-307fbbbef105	1167
a8dad315-d6aa-4411-85df-2d603aa24d42	1166
a8db4905-3d80-4a31-a006-c5a7157ed6ad	1147
a8e1d96f-4f8a-4597-94fa-777e2e7ef819	1176
a8eb288a-119b-4a4e-957a-b494b06533fa	1176
a8f21c34-4587-4dc1-94b8-eb3159df9b3d	1179
a8f238db-3f9e-4f99-9ef0-8b46e09306b7	861
a8f35840-fafd-4d01-ab65-d57e48fe2440	1177
a8f68063-0d8e-4342-8636-cc98ea993fcb	1181
a8f70d31-71a2-4cfb-8269-7c81f98c1a86	888
a8fef9a0-2c11-4337-8080-b4490e914548	1162
a8ffb322-390e-4fc5-92e2-33e74396117a	1183
a9031b11-e4c0-4c7a-9f82-043e9f2978d5	1158
a9080645-8892-42dd-9b2b-893ea3a09b24	1192
a90e85f4-e6dc-4e77-8464-63b702805850	1180
a9125368-50d8-4e96-b671-5a50f966b982	1170
a9145a25-de8f-498b-a596-40f559894c8e	1182
a915b792-fe2c-4700-84f0-7b1255302dc7	566
a91ab1dc-5e7e-4807-8ff3-85867c3d77cd	884
a91ae7b8-5496-4063-b46e-77b34d4c02c9	1167
a91e2f8b-cb8c-4444-9427-cd9dbbb1d69f	1181
a91f23cd-b370-4495-bc04-10e1a40e38e2	579
a9246f0a-30f2-49e1-b4f6-228fd3b0ebbc	885
a92a7ff2-8133-4010-9c9c-887bb77c0125	886
a92d806c-9195-4def-83df-858374ab7e49	1177
a9333b58-d0e3-4a59-8d7a-e3fa27a74085	1185
a93624bf-2163-4845-b20d-a932d34ab866	1184
a93cfd03-59bc-40a7-b55e-7f8dd2341156	1182
a94087f5-c627-46f5-b8d7-76ec103f4cd9	1956
a9438da2-a52b-43c2-a67e-ebe889826ea6	1144
a943ec29-1e8f-4e85-86a8-7fcabed0747b	906
a9447312-68a8-4bc6-8c9c-78c124cfb21e	541
a9470461-6048-4565-9ac5-32be660f8e38	1158
a9507e68-82c3-4c23-88b3-6ea637473d9c	1158
a955102b-8f31-4e28-ae1b-0cced175831b	891
a958579d-6971-47fb-a65c-308370d930cf	1165
a95a1570-3b28-4f95-87eb-c9dc0c89bc63	1188
a95d1205-1c2e-4ea4-8df3-891bcfa76b72	1192
a95f19f5-40d1-4b70-8842-615fe8167b6f	1155
a95fd302-43fc-48c9-a9ed-643a27cdf4e7	1157
a960655e-fab5-43f0-8f63-796b106ed0d4	884
a9629162-73ee-4dd2-9ced-bbfba9ee18f1	1184
a965557e-5873-416c-9c7d-2854f299dbd3	1165
a969c5cb-08d2-4eba-87e8-f9b27f530a1a	884
a96c0727-484a-4257-91f3-47036134a217	863
a96cfb7b-0534-4e04-b3f0-26abd26e791a	882
a974add7-6f49-48cd-96b3-ad1fb7c65a7f	1189
a975924c-1d03-458a-a484-0dbcf5c44150	1154
a9762b63-841b-41c0-b804-1fa98ff08cc0	1187
a9777709-29f9-4b0c-b032-d2ee535e4cbd	746
a977f7d6-e7a8-4e18-8190-013ab7d9c68c	885
a97a0efa-831a-41b0-ac72-0aabd870a9b9	876
a98318c2-fa48-49a3-8e00-a83ee3afde89	1176
a9879447-d652-405d-beda-b28576f186c0	1166
a98d6306-c52f-442d-bc0b-c737275b9618	866
a992a58d-d95b-48b8-bfe6-e949c43685c7	891
a9935840-2d82-44ac-ba25-7ecdcfe977dc	882
a9959c66-7c40-4247-9487-25a41d440652	2004
a9979364-c319-47b6-8d57-8f5cc733779f	1192
a99b403d-7e33-46b1-b4b9-dbeb1d98290f	1185
a99c2dd9-8082-46b8-a67d-3329b60092e2	1159
a99df161-47ab-44f2-b205-b197e406a87b	1165
a9a29d3c-11a7-4f7a-a14e-86612eac890b	881
a9a71500-b048-416f-a1ba-f5621e27d66e	1175
a9a82d92-43d9-4cc4-ad62-8c53e6cb895f	1190
a9ac8dad-e5ea-4184-bdc2-fbbf66f6761d	1182
a9aeb5b3-1c09-434e-ad4f-8165d97e41b5	1163
a9afdc2a-2561-415c-883f-cfb788b39ff6	1178
a9b2146b-4aa1-46e8-b41e-99bafea2b5c5	1175
a9b2b917-1304-42de-9da0-3b52c15ea60e	1163
a9b4ff31-7a1c-48ef-8b5c-664fba56dd3d	882
a9b6d065-1152-4393-89d6-f5c3366e7aef	1165
a9b74abd-7e7a-444b-afdb-7c57b843b871	614
a9b873b2-fa26-404a-8ba2-12a2a423a893	1180
a9bb0143-ec2a-47d4-8362-9e74e3ccda4f	846
a9bb25d1-0b34-47ff-97a1-da9f40ee473d	987
a9bb2c27-3b6a-4ca4-b971-4a9d287301a3	1189
a9bffa86-a02a-49c9-ac05-11fa78106d24	1165
a9cb9e24-1015-4fc6-9e72-bebb726a80bf	877
a9cbe28a-6eda-4ec0-878f-d5bcd94f17ec	1183
a9dcb224-7343-4838-94ed-5635bb058058	1157
a9dfe5ad-d746-4c0c-88ac-b48a863b1790	878
a9e1a3f2-02ef-4f88-b2f5-6de4c03807de	1187
a9e5b57c-c381-42dd-9d49-3d270ba16294	1165
a9e9c229-b065-450b-9729-42f7356e4227	888
a9eace53-374b-49ff-b126-cc63baf4cd6b	1182
a9f3622c-b3dd-4f0f-878d-4e99148aebfe	1181
a9f44a75-55f7-460d-9869-b427ba17df5d	1186
a9f83569-cf4d-4429-97e0-0911d584993c	866
a9f98e9a-eba4-40ac-835a-44a017dcc5a6	860
a9f9afd9-5a16-4e79-ae72-28294cc73959	1188
a9fecae6-491b-48e2-a120-97c6c0cc22f3	1862
aa01499d-59f2-40f5-a079-17f6024ef29d	1164
aa029cae-3ac3-4be7-9e42-5723779871d5	1160
aa0370b5-96de-461f-878d-8436a408d795	863
aa0e8728-7046-40bb-957e-c817bf71f2d6	1166
aa0f7ff1-10c5-469b-8fb6-7170284c7da6	877
aa124040-495b-46c0-b556-1f2d45cb2a07	1178
aa1afaac-e134-49dc-9cd1-c67717d88a46	2151
aa1d3e5b-8ebc-4e9f-8832-e21c4e56625f	1165
aa2bc4a6-c98f-4414-ac4f-1a77a30528e5	1163
aa318a6a-c9bf-4e41-9d2d-7064633af819	1166
aa36a4e8-0137-42c3-b78a-e33e3600a175	882
aa394696-80bd-498f-b1a9-eb522565b19b	861
aa3a017e-5867-4e20-9051-8e9872f0da5f	1185
aa3afb2a-04ca-49f8-80b9-b171483b6070	1181
aa3bcb2e-906d-4820-86ec-e483c4fdb7ec	882
aa3e9c13-e77d-4b1d-b57e-899edad4ce40	1193
aa411b72-28bc-47d5-a137-8541e9fe88b5	1161
aa420859-019d-4512-bbe3-8d83f0601708	1160
aa42803d-2249-4b35-9e60-9317178683ba	1186
aa42e9f2-78f4-4358-8f6e-9c9e77687034	1184
aa42f0ac-4893-4748-b507-e8454aac54db	880
aa43a016-9837-437f-9f0a-8d973cd5a423	1169
aa4a0d4e-df43-4a95-844b-f2f6ded9d30c	909
aa4a501a-5254-4ab6-9785-6ee013584040	881
aa4b4e58-c703-4415-9cae-2c7c0866db3a	2097
aa4cdef1-2fff-465b-bf50-45ff86f8973a	1184
aa53c397-3ab2-4c4f-b2dc-986526e9b44b	836
aa561faa-e9a3-4482-a967-46d4261ff0be	858
aa573fb6-e277-4f03-b8a4-57cba27d0877	1174
aa57e219-ba51-4839-8224-23bed6be3473	865
aa60092b-947e-4631-9854-1b5c4751e754	1166
aa6172af-a6fe-430d-afc9-0e0e89639632	1183
aa62c8cb-4191-4d4c-b016-c610a7dd7913	1162
aa6880b5-05fb-496e-9e79-9e1121bd4aa7	1182
aa78178d-3b89-4769-8dc6-3de42f06ac25	1156
aa809d03-2ba1-4bcc-bff0-2ca7379134e5	1162
aa85d40d-d3f3-4f78-85a0-48d88b29fcce	1166
aa89d4c6-d826-473e-b92e-fc047957a3c0	865
aa8a327c-8ad1-4128-89e5-4ee371465036	883
aa8ae70d-bfb7-4522-9691-2544b55636ba	841
aa8b933f-5df9-43c9-bcc7-7686149bc9ef	1169
aa8d953d-dae9-434e-9725-208b982588d5	883
aa954051-dedf-4b05-891f-b0f8d67188cc	1187
aa9e96fa-ea3a-4bf3-94d1-80316f41c9bb	1120
aaa035fc-9509-40eb-9684-4e01245503a5	1154
aaa212b3-4f51-480d-902e-30def67562d2	1160
aaa39f09-6e2c-4e15-97ba-a0d4437d9149	890
aaa54fab-220d-45b7-af9d-e7b3afc91fdb	1180
aaa97cb4-cc84-4274-a5c1-6de3b9edd36b	886
aab0df18-75d8-4799-995f-e91cb2d61d54	1180
aab39670-6725-40f0-8086-6520e1eaac4b	1189
aab856df-1f78-4bf4-9acb-052df451eab8	1158
aaba9059-ab65-405e-84e2-c118c15f5c89	865
aabcb125-4066-4c71-b83a-6d8fe247ef7d	1155
aac3a42e-19b3-4878-b202-9490ea303a82	1164
aac6fedb-3088-4060-bc55-3c4b5829b989	1875
aaca00dd-6b4a-47c8-8f1e-18b41a48560d	850
aacae720-c609-4e76-9d44-1a64245c67dd	892
aacafac4-831f-43a9-8078-8d1a33c03466	1185
aacc50a7-38bc-4c38-9f9f-e30e78df64fc	1192
aad02e06-77f0-4adc-b685-bfeb0d4f88f9	581
aad6131b-8448-4362-9288-c17bb944cfb4	1176
aad65674-0ef8-4488-bda0-7e58854cb62c	1180
aad7dd33-a7e6-458b-a2a4-4c79381558a4	1178
aaddbb01-62c3-4e3d-96f6-89aa45953626	1173
aae0546d-1f87-41f0-80b4-3c9863961cfb	1179
aae7da04-afe8-4707-b03e-642c30c81165	520
aaea90bb-c37a-47bb-9be8-526d69faa39d	1184
aafaaa41-dadf-45d8-9129-d6240e0bee4b	876
aafd47e9-fc21-4102-b1e7-65585e35910f	859
ab004e1e-e736-4c78-af76-717edc515a01	1190
ab00eb57-de85-4e47-9747-64729974e632	1156
ab01ab52-8613-46a6-84d8-7efb437f652e	859
ab0a832e-0ca7-463c-8684-49c2ec7c27ee	1184
ab0f7b59-62e3-4260-9d80-9f1018732450	1166
ab147d16-e48b-4ea3-8be6-dbac072bd89b	1172
ab15b583-a9bd-4cdc-8d19-1411e1465606	1488
ab1ae463-7a5b-456a-8d68-bdf4ac14b018	741
ab254b7e-64b5-4ee8-8505-1658fcc4b5da	1156
ab29558d-8e14-4d9c-8e8b-5a8447de78d8	1185
ab2cbb33-fe21-4224-8540-46e031ebb1a7	1172
ab2e6e86-d920-4292-90a6-50a74770c81c	1163
ab313078-0594-4d61-8731-447ab37e7f3a	1616
ab3189e5-441f-4f88-a7d5-1397e6561177	884
ab32d630-1d8d-4a46-9f99-1644071b1154	1190
ab36f9d1-a307-4b7a-8f70-5ca33854cd92	1167
ab3c49fb-d2d8-40d0-bb9f-9ac55cf587ae	1183
ab413713-5674-4155-a4c3-c75f80b78d6b	1183
ab418118-5289-4d75-b58d-6cbef2000645	866
ab4404ff-f282-4602-b8e9-488400a8a32f	1161
ab442117-b3df-4a44-a303-f05ec633ea65	1165
ab49c6dd-8862-4a22-ba74-cf8c2d0eff8b	1295
ab4b5335-91fe-497b-ab99-7831a8b8fffc	2036
ab51aceb-6412-411c-a020-c7eea43b1e4c	749
ab539cd6-708f-4bc2-a63f-3cf21740933e	1165
ab53a7c4-fe09-4a31-9edf-1c03dc67e232	1180
ab55b701-d225-4dba-8970-667539590f37	1158
ab5694f9-c9cc-4ed3-bab5-aaabd068a947	881
ab58c6c5-7fa9-4813-af18-bec1db09097f	859
ab5ba99e-f978-4466-a6d4-b619c7ea679f	883
ab5e9f6e-6481-4501-840f-3dc8e2ec188d	1159
ab60e76a-ee5c-4657-a0b6-db6261c6d4ef	1194
ab6644af-2f88-42db-8569-1f373ae30cbe	1160
ab708813-a52e-4344-bc38-fa8f1606aa82	1168
ab7d7272-7b08-4167-82cc-a6e011a7d960	876
ab84416c-5349-454d-8134-f5ea81a4b7cb	875
ab8b6096-35a1-43b4-88fe-2f481d8021bc	864
ab92e573-dbf3-4e4d-9f3b-9e68694da31a	882
ab9f067f-20af-4d5b-a732-d35606dce70f	1187
ab9f419a-1ef0-4699-9c40-84b7853a51fc	1163
ab9fe37f-d459-4f12-b7d3-b3c2040a863a	874
aba36f85-8ca1-47ce-821e-dd97228aa332	1165
aba5e467-04d7-4f72-9717-a0696846fba9	864
aba6f81a-9146-4f09-8ed1-a93d2218dd7b	880
abb33c5e-1963-4eda-aa30-0e626f0b6205	1188
abb49f5a-b7c7-485d-8eaa-18aa85072c21	1166
abba3a88-8b11-4101-817b-a0b601c1c69e	1173
abca3a8a-a5a2-4698-b414-e55c43efcb6d	1166
abcfee75-e53c-41a8-a57e-b20f62659d11	870
abd08e15-5efa-443c-8427-e25030e113a9	1163
abd0c660-d610-4ee4-b002-b07ec0710d9b	1174
abd4c556-d3c8-46ab-9482-5a1bd07aa982	874
abd5c1dc-4d15-4c22-8cc5-b36af4cdbdc5	1186
abd65be9-7319-4836-bea6-8d7a24c17c63	1165
abd89f95-a9e3-4382-9eb4-118b6290c4ea	1179
abdb7970-444d-4b01-b42d-2bcb803b3e75	1191
abdbcb5d-7394-406d-8f5d-119e4f23f5df	858
abdf9361-3071-4943-93e7-efd9554464f1	886
abe7d9ad-1746-4929-bf4c-599572594a5f	872
abea84a7-2f64-46f3-b970-480d1ff781e4	1159
abed552a-687f-4d41-8359-c379da37c26c	1183
abee3473-aae0-43ed-8b32-6941b453393b	1164
abef1219-9cad-40d5-9d80-1c48900e4ee6	1170
abf1a194-d08c-4bc5-9958-c7a9161fb2a0	983
abf4ab81-f1b9-4456-9a60-6632d712ed3a	1164
abf64284-ac5f-4c06-98ae-2faa3d8040c3	1175
abf7a725-941b-4bd6-b324-4d9b389a91d1	1182
abfddf96-d62d-4db6-abf7-9c352635dafb	888
abff124c-3f72-4c70-b9e0-ea0f80dc9a36	1182
ac019378-f4a5-4411-af52-a1f9142d5de9	1143
ac06848b-694b-466b-99d3-2c3528c1bb5e	884
ac0a11dc-6437-4028-9191-201411366421	1185
ac0be79e-230f-430b-8709-1c344a1ee6e0	1174
ac1092f4-a3e8-4fcb-8e87-fcb266acf28d	885
ac1158be-75c5-4b94-be5e-4cdb75afc8db	1185
ac17f3e3-9246-423f-95bd-c073ae78e4b4	1176
ac248c0e-2350-45df-b03c-1e15f3a76169	1185
ac2622f0-afa0-45fe-ba6d-6d87c3761645	881
ac2d3940-4cc8-481f-a55d-5f785b9408cf	1179
ac30e414-a5dc-4401-9963-501bd933b872	1164
ac314209-9e32-4697-854f-c5d7220781a9	879
ac34fac9-1ce3-45a7-ab71-4dd43fae4b0f	882
ac3537dd-dd33-4238-9cee-f6a553710c90	849
ac3e0552-290d-48e3-a768-9a1c6aa28ef0	1189
ac432c3b-fb00-479d-9bdb-89dd85004316	1157
ac4a5fbc-f0d1-4db9-ae98-854e0dafce58	886
ac4f86de-7b7c-43da-886a-df7e49f1749f	650
ac63e823-2c2b-49e0-8886-2e05ca48f63b	1192
ac6622d2-8e18-4d7d-90be-6f5b1fad255a	887
ac698258-bdd7-445c-a159-9d64cad5641c	1165
ac69b268-ed28-426b-afe1-e8d6ea3ffd55	857
ac69f811-436b-4cc6-9e5d-ea8c8f78e6d2	861
ac7a25c4-44bd-4f86-a6bd-d1da9d7feb34	1183
ac7cf502-f86c-4129-b70e-35d1972397aa	1183
ac8156b8-8ce0-4d4a-a795-e95e7c4384e7	856
ac84b23f-17b7-47d0-8229-e8dc9b6f5ad3	1169
ac95e93e-c6de-40ea-bf96-69760bc5427f	1182
ac9d6be4-fb48-4e48-9abe-a1ba775860e5	884
aca06c9f-332c-484f-a883-510cc690b9e7	877
aca1b972-ce75-425e-9ea0-d619ddcafa6d	1188
aca5bdd3-0aa3-4a85-8213-1d004ea94e66	876
aca946b0-ca9c-493a-b048-5763f773a7a9	561
acae280e-b11d-43d9-b8e0-402402aa3048	985
acbb946b-5b89-4fe0-b4d4-5c3c28780dd3	891
acbc141c-65f6-44cd-9e62-8d982435cf09	881
acbedabc-48a9-41b4-bdd1-abd73161469f	1182
acbfa68b-5848-450c-8539-35feff8914ee	859
acc5bb2a-e635-4589-93bb-8d1dc3950eeb	885
accac31c-1cc3-41a1-8aac-1786333bdace	1190
accf1f5c-09be-4ea7-bbad-1ef20a581dc8	1162
acd16e91-bf5c-4c79-95a2-bcb61cde3870	1184
acd24f6f-c662-4311-bb4f-34b87e7ee5ab	1162
ace9737f-89ba-4174-bee5-e2041d7144ca	887
acea680c-dec2-4483-ac73-c0561e8bcf0e	863
acf1e97f-9038-4912-a849-f47afcae386e	1194
acf272ea-b850-49a0-99d9-39d8b5710803	1165
acf48496-eac5-44aa-868c-98b81afef047	1169
acf5c536-4d3a-4e34-9070-b0876a6b7a8a	1175
acf72290-59c3-4c8a-a161-80a078d2423d	1179
acfcfc86-71a5-4f65-af47-301512596318	882
acfd0e61-54d7-47e6-b5b2-a10162cb6cb6	858
ad0e8394-48bf-4394-a2b6-fca73fc5a1fe	1189
ad19801b-ee12-4da8-a399-2f3d5022cd90	1178
ad1b39bc-1cfe-4ef7-8e60-f9a23d8bba8e	1165
ad1defd8-9ece-4c9a-bb85-ea3a9cf2dd4c	852
ad21e6ed-1abb-479a-b190-333d0d013b94	1187
ad29e0c2-4fca-42b5-9934-4fdb5d715902	1167
ad30f3ad-59eb-40df-b8e1-8d4068d60307	884
ad324c33-9ccf-438b-b5a2-a8808f4b1b19	789
ad345ec7-5c15-483f-960c-a3a16a0c66a6	1188
ad422233-ea4d-4aad-a5f4-d02f4990516a	1165
ad422dfe-c4c6-4bb9-a8c3-6f3edc509567	1159
ad4238b1-34f3-41f9-b3ee-e813c91b430a	1167
ad448ea1-1560-461c-ba68-7bebfd401f8d	1176
ad44de2f-8aea-419c-9640-d35c046e1023	1168
ad476e34-9d35-4faf-856f-5e17adad795e	878
ad492de3-8d58-44e4-b91f-3b0953156034	1177
ad5119b0-5222-49dc-bb97-89b79ff4993e	1188
ad51d747-07e3-4cf0-b30e-7fc52002b6ae	878
ad551fe1-f2fc-4e09-831f-52cb3d10a32b	1169
ad55a123-6e60-4bae-9def-280d51d2839f	1160
ad5fd190-83ba-45bc-af11-2598957207ad	1183
ad613221-6814-43dc-98c8-611d7888c7a7	1175
ad6b4362-2041-4f9b-92b5-9a8025a4f9d6	1192
ad6eb8a7-59ca-4534-9911-a8ba724b8ecf	1191
ad7a5dfe-32e9-475a-ab7b-565a69d07d6a	991
ad7be635-b209-4b79-b145-f8ac2075ee6d	1179
ad7c7f7e-87e2-4c57-b868-cb45de4a89c6	1167
ad7c8a4b-36b7-4696-9970-fa9443acc19c	880
ad8816be-23aa-450e-88a1-c8f05f7c6774	863
ad8b7669-e7b7-462a-9b47-8df96e9c84ff	839
ad8e2fc6-ca97-4a91-9810-441ea0ab1954	1183
ad909729-d4f3-49a8-928e-b801afa06afe	1181
ad91967d-5945-4fde-bc52-cc830f6e4ff6	1159
ad94be5e-30ea-4dc9-b5e7-4ba0b82e0f7b	911
ad9939b1-d5ef-4159-ac79-afb1a0da6ee5	1165
ad9a00f5-4209-4cfd-9a2f-137439e706c5	886
ad9b121b-7111-48c7-b3c3-4809197a6800	990
ad9eca73-c076-46e2-b02e-38fbd5e37fb3	1164
ada52cca-b33a-4294-8ad0-9e7ea266e5fc	1167
ada54eee-bd42-4754-a46b-87e43f27ba32	879
ada8095e-0dff-417d-8aca-a6a0370f86a6	1167
ada8cce8-a921-4a9a-a009-6fadba74d3ae	883
ada9e945-ea21-42fb-bf31-80546d7b58e9	879
adb89a7d-bf35-4a53-a2ae-eadd0c0617ab	1185
adba196f-1051-4be4-9a1e-706e3c20eae4	878
adbb4413-7998-4c3f-a49d-5c1220c0af87	1192
adbc5c1d-4b61-4eef-86fa-4d3518773b64	881
adcb62dc-a455-4d85-a396-1288a1be0dab	1166
adcf0d73-e271-4bc1-893f-b27b1290a61e	880
add02d24-1268-4a62-9833-99ae9e93655b	857
add26ee1-6da9-40f3-b10c-f1f713287f61	876
add271a2-0fb8-4ee4-a56e-c15e1fa44ad2	1179
add90762-a1d1-413c-932e-7353dd270fd3	1159
addcc095-6d92-4677-aa7a-0f59787632f8	1291
ade2db3e-a973-4700-ba48-7ea14ec20fa0	1168
ade32fd0-b440-42c2-8a49-65587cf575a3	1184
ade3a4a6-69ae-43e3-843e-c7f362c20503	754
ade3db30-a47b-4381-8b36-79f930234f6e	1165
ade59b67-40b4-4b61-ae33-5de253a34861	1168
adeb24ca-e56b-424a-88eb-9fa9b76dcd42	1434
aded3ed1-7b4f-44cd-9259-b4125c050c9c	1183
adf4ac0a-ff19-49da-a990-015279f6390a	863
adf6f631-231b-4238-b6a3-ac181f1e79ad	1485
adfdf1b0-f354-4f71-9e02-91b03e371ac5	1181
adff72e3-51fb-4f86-8abc-497307ac312c	861
ae00d957-2021-48a4-8a6d-91ee92bea138	1179
ae020905-c69a-4c86-a70e-d0db82b1317b	1178
ae090ee9-1270-41c9-98b6-6c2ebc5958cb	1165
ae09d957-ae55-4d55-bc54-2e348c6e3c86	859
ae0c393c-4750-40ca-94fa-996eecd0e7d8	1166
ae0e402a-c314-49bb-9acf-2aae6ab8325c	1177
ae134069-1977-4480-80ae-75236c651ce4	1185
ae14128f-b720-4316-8749-28f3a45cae18	1169
ae17408d-a2d8-404e-89e3-2fd2e4e29419	1185
ae1a8e14-1e21-4ba7-a98e-cd07781e5c97	1192
ae1b867f-be2b-49eb-b7eb-85aac4a8bc21	650
ae230857-76c3-471e-a4fb-ec2e72d2a96b	1189
ae284614-1efc-421d-a283-7ff8b53ca6c3	1164
ae29ae6f-3c0e-4989-8128-59958f65b1ab	865
ae2c5935-7517-47f6-a0dd-5a3bc304da6b	832
ae34353f-2a6c-4c41-acb1-a29d4ce030c5	1189
ae3ca442-0e3a-40ca-9a0e-d5719870f7e4	882
ae3e209e-2349-4798-bd63-f89a3b604116	882
ae494d4f-a12e-4530-81a1-5722bdcb32b4	1186
ae4d05fe-ee01-4d88-914f-0741d5ce182c	1188
ae4fa97f-6d27-4236-9907-b136fac004b7	1161
ae4ff7e1-2eaa-4342-a68e-66de1cc62f5f	1158
ae533d31-97fe-41f8-86e6-cb8d48b94e6c	862
ae593ece-1574-46f1-9f63-3dc3364b0939	1185
ae5b8a65-b8d1-4e00-9dda-5e652792e8f7	1185
ae5f9b96-7bf0-474c-a186-c6739b9b08ec	1187
ae601d1c-a619-4787-bbe9-b1c7bb58fbf2	1167
ae61625d-7140-4c68-a417-714ceec6fd35	888
ae64097d-a346-4fa0-8235-53316f645090	1179
ae6b7137-e850-4fbf-b16b-7df6535bc4ff	1182
ae705668-2be4-4802-9ee9-13b65f6b63fd	1184
ae725290-def3-4f84-b09d-64d591588ed9	1185
ae7aa0dd-4cd4-40e8-a890-9cf2f9b4aff1	886
ae7f389d-3617-444e-aacf-5c2a0eb9c4ee	1185
ae879980-dafd-4203-b64d-35bf7d77666b	1176
ae8a5adc-2e56-4387-b90a-335c9da147a1	879
ae8de663-cbec-482e-8ca7-79f008b47f0d	1186
ae91aa69-b88f-45e8-b9ba-e1930e329e62	1192
ae936757-f93a-449d-abbd-1469943354bb	1183
ae938e22-2431-4053-882c-e3f01fcb2559	855
ae93bb85-4c93-478a-9212-17c1c67a3e75	1183
ae9ab411-de48-4c6f-a5db-6dc140b8aba0	1167
ae9c6fe4-e055-4997-80b6-041370238fe0	886
ae9e4033-6d19-4726-9130-89406021f35d	882
ae9ec37c-7871-45db-b1b2-077fde80460d	1189
aea51189-baea-4715-836c-72260882dba8	857
aeaaf5a2-dd54-41b7-94d5-ca730baaef95	1183
aeb178b8-42cd-4fed-95a2-8a49827597d1	992
aeb1ed63-9487-4ac5-a59a-41cba3576086	1183
aeb26f35-4596-4b78-863b-042ab516aa88	1187
aeb30454-0f0f-4642-93c6-9fdd513b0f81	1185
aeba4d1c-3f89-4441-952d-93d0209c0e8c	1183
aebbc83c-984e-4283-b30a-1f83664a4a80	886
aebe406a-2bf9-437a-ae90-0bd779c0d9ab	2067
aec063c9-2136-42d7-8a7f-0562aaf4a663	1180
aec19ec5-a90b-4d8a-89a7-d45db2251bcd	1165
aec5b1b3-2baa-4c55-9fad-3021e2dbac51	1174
aecb31d7-7d17-4a31-9f10-db91e1c9c4d2	885
aece1118-0178-4e44-bff6-1ad5d24f6a3c	1157
aed7fc23-f724-47bf-90ae-bfab071b8ea6	604
aedc705d-b2b6-417c-94f2-9ecb52e7bfcd	859
aede0e7b-87a7-46ac-a952-f5f62d87e3e8	1168
aee40f2c-b11b-46e0-ab46-70ab9d43aa95	1174
aee439a9-508a-4d21-891a-da3715be10b4	2178
aee4d59f-b038-4756-ad7c-10ab58a66d38	1631
aee7054c-b494-4c97-8e73-9b01871ccb95	1817
aeeb2a6c-d3d4-46a3-bb81-9787b4e3d27b	647
aeee69c9-ef68-4c9f-a2e1-62823e1359ce	1165
aeeeabe5-a650-44e8-a93f-37ac8ef94526	1175
aeef4cfb-f1c7-46e4-9256-6f5809158541	1180
aef65ae5-8c14-4f3e-9370-a9d7809c1585	1171
aefa80c5-8776-48cc-bfae-ff17a81e29e2	1179
aeffcf59-cfe2-4be5-98ed-128b2e52685a	1186
af01baaa-e3a6-4c57-91ed-78910a4fcfad	1190
af03c29d-3125-4c3b-843c-98909d52d926	1160
af0be5e1-f213-433a-bb5a-ac8146238fc1	863
af108310-b065-4739-8c8c-91d71b239450	884
af142ca1-f6e6-4e78-b94a-a970dff78443	1168
af16b195-d950-4111-8c5b-f1080b0c2e7e	1185
af1755a9-41d1-463b-8aa3-660a997d247d	1191
af1ca1ad-7194-4f05-95e4-77c0bcf19527	882
af1d8b06-6f10-400d-8881-f9e984fa12e9	850
af2736a4-0877-4f04-95f9-144347d03032	1142
af2c8279-3441-4566-af80-da8a926d474c	861
af325537-1a59-4d77-9164-e657b2cb76a7	859
af326ed7-5808-4655-a97a-207416c10246	1189
af34b66d-a00f-495d-8f33-75db8af8f3cd	1182
af3663e5-5e57-4cbc-838a-213311fcdff5	847
af37929d-e8e9-4613-91a1-f7c826952aeb	1189
af3ab6d6-703e-4caf-a584-9c8422b9dfd5	886
af3c1db4-11ad-4a64-aef5-d7acf5a1fd64	860
af3c2c49-462b-4bc3-b880-579968ac36c9	1177
af3e27ef-4900-4460-9c90-360a7e6dd4ce	653
af42e27f-939f-4c3f-a1bd-cf09200bc5d3	879
af454162-dd53-43dd-8c09-54a5fc136934	879
af4dead3-82e5-41c4-9dd7-acfaa9edab5e	886
af4f25f5-c829-4146-ac47-2b507002f96d	887
af4f3ca1-e21f-4d6b-956b-997475a85fc3	1191
af54501d-4c53-4431-81a7-f7fdeb988ccc	862
af55cad3-580c-46b9-9fdd-4bd4971d2653	1175
af56f981-832f-49b1-9ff9-d2e88034e6f0	989
af5adece-5d69-4379-b60e-e8d00952a6be	1161
af5b7199-4d21-49d5-aced-20f35c3b2f10	880
af62d4af-0d6e-4421-9375-ca314f1da040	869
af7037cb-f485-4e68-b773-242057be3054	882
af788d90-667d-45c9-a89e-5de3714039d4	1181
af79fe67-f4af-4dc3-9302-eaa46aa7926f	873
af7ab130-850b-4689-82dc-440c2540e79e	1139
af81b6af-f1d5-446d-b44e-601570075635	1164
af82f404-8d31-4ef7-b7e5-631d4ed6940d	1170
af9739d3-074d-4b7f-8843-07684d6dff88	883
af97b4f3-29f2-4205-8c12-1a9edea3f412	1176
af9c72a9-f6e7-4973-a56b-dea34370c796	881
af9c7ae1-699c-4f3e-8c30-3c4d8631b083	1165
afa1a946-b6f1-47d5-8899-2914678afcaa	859
afa1e254-577b-41ee-ba7e-f57d6772b7c1	884
afa5404c-e7cd-4625-ad4b-7763acbdb4ab	885
afa6d63c-44e3-40ee-a85c-5ff559a52b2e	1162
afa8f53d-4d41-43e2-bfc0-520dc63b05d3	1180
afacef19-c4b5-45d3-b772-9f735e9c332c	1168
afaf14dc-959f-4302-a225-54384800e8f7	1169
afb2e2e2-7c05-4e54-8b9f-188c39cc02cb	865
afb451de-7523-4eb7-932a-acc9cc3fa942	1191
afb60f78-1d8e-4ac1-b6c2-9a36ce79433e	992
afb88ac2-94aa-48e6-9d7c-9361e6614543	1182
afbdc48e-01ee-408e-803d-79672af86f0a	1162
afbfdb1c-20e9-45a1-af03-77dcf7ea5e7c	1164
afc4c1db-a78b-4287-a127-b1f28b5ee8b3	868
afc5e018-f245-41c7-b32e-20f39295d5d7	860
afc8742e-ff7e-4c4b-bbfe-433c35b935f5	881
afcf594f-afcc-404d-beaa-ea13d9385d31	858
afcf5b13-927e-4f60-b362-753936016a76	719
afd0e674-7454-4f83-b03d-8bff088e9d5b	1184
afd4649c-2e58-443d-90af-14309032c483	1164
afd6180a-2348-4c8e-acf7-6e5b40dc489d	1180
afe7b1bc-01c3-4e86-a144-2624c92ed046	881
afe7dadb-4cce-407a-bd8e-1b11045168b6	892
afead390-b54c-4f3b-a916-7996ddd4fc1c	861
afece099-f70a-4c3f-897a-6c2b8f0404f4	1181
afedd1e7-562d-49a0-a258-c420da048263	1152
aff328d5-5b72-4ebc-bba6-6f925c21c896	2104
aff5a959-a1cd-422d-9c4d-88d5be4461af	1165
aff9ad8a-b14d-4f4c-ba07-1496912144f5	1161
affd95ac-0dcb-4e10-a98c-48ad068a00bd	1418
affea0bc-512a-4765-ba13-4889768489b2	1168
b0032f87-c93f-4331-ac97-bd3f6e51e486	1190
b0054935-255c-41d4-af83-5ad57d08bac1	1156
b0072a87-bb32-4f4e-84f1-3f438664ebf8	1164
b00e25b0-9960-4911-ad71-967865373f5f	1180
b0118254-70d4-4cff-8af7-d48bf2ae4921	866
b0163896-8f6b-4faa-8ddf-3e079b7a180a	1791
b019c5cb-c6b2-40f6-b68c-d967d6fcb3c1	1185
b019f4ef-4b0f-4a1f-aa33-17487808ca7a	1173
b01af6d9-3970-4265-82e9-c42489f4edee	875
b0215062-154c-4a2b-b61c-be7389ce922a	881
b0300965-cbc7-457d-87c0-b2ed5dcdb084	879
b0362a5d-6ce3-4e74-b50b-d57626ce2c4a	680
b039d374-f80b-43d2-b8c9-82943ff0c2af	867
b03e2177-e9fc-4c55-aaee-faf8379fd7d2	1166
b03e8cba-479c-49bb-89c0-5c8c44a84898	1177
b048aca8-fc0d-40a8-94ba-3b4ec6cdea8f	1164
b048bb2c-3b8f-4105-a06c-875a6477d845	1159
b0517be5-1858-4aa3-ae26-cd3e3bd0708c	880
b061796f-853c-4764-ae80-afec956175ab	1178
b064b627-62cb-4fb4-b4c0-7a4d10eff73a	992
b06979da-113d-49cf-8c1c-af0ee567d36b	893
b06e735d-c66d-4d0e-a773-07e65d7f515b	884
b0726b85-00cc-44d9-a678-c256e9e91cbd	1183
b076d50b-3f53-455d-b806-64c0d0e3760f	1174
b07b3cff-3404-473e-9b46-2a142a030bb0	882
b07b7a23-1b6c-4b5d-a81e-53b7d055430b	1154
b083e257-4102-4c12-9656-42701266fc62	860
b0850da6-01c5-4697-98d5-c7949e405182	864
b08558b8-4048-4bf3-bf15-1832761af23c	1164
b08b9ddf-fcd7-44e4-ba8b-e78b340434d4	1186
b08c2d68-5390-4e33-85f0-5859f5ba343e	893
b08cc1c5-9e8e-47f9-a6ed-b2d57c7b8a6a	882
b0916a50-1d55-4c82-8c01-93ca97390eaa	1188
b0a1fb2b-70de-4b43-ad6d-3ec799ac89ac	1186
b0a25aaa-7db6-464b-aff6-d9718fd48eb3	864
b0a63073-8340-4582-87b0-83d064e67e82	1171
b0aa84ae-51f3-4cfb-af27-791d44ca8596	1184
b0ada047-b580-496a-b2ab-503b0630fd08	860
b0b05e8d-6b11-4d84-aaa1-b9d2d889eebd	1183
b0b25a25-1cf8-4727-bc0c-48f370634bc3	1150
b0b5801c-8db2-4b2f-ab56-0c2b3667e3e0	1187
b0bb8cf8-4d91-4cca-b81d-5bfdd2744e6d	1188
b0c05038-52cb-4dfd-9c3b-b6133de15b82	880
b0c0691f-8898-41c6-8ba2-caab376b0710	1170
b0cb8ba2-184a-4d0b-a2f9-e34ccd6f8d6e	1167
b0cc444f-10cf-49f9-bf62-18d601b7c885	860
b0cefafe-a571-4336-a43a-36c79b548d18	1182
b0d490db-a430-4229-bd48-1d3af7adda43	1164
b0d624b7-cd8f-42da-a63b-1a6798c99f15	862
b0e21e99-f9b7-4fcd-bb96-90ac151b7317	1170
b0e33ccd-1ad8-4dd7-b20f-ad2e76aa17e1	1163
b0e4b943-0832-47c9-9c9a-612f8753d96e	882
b0e5921f-3ecc-443b-8194-92aeedb2680d	1173
b0ed03b0-a4a5-4a7a-bb81-1594401786e3	1184
b0eef47d-7de0-4dd4-8230-2a254ed2ed4d	1180
b0f8b93f-d5cb-474b-bd64-35431d3ebcf5	856
b0fba532-0487-411e-bc4e-4c99b0d18d27	1161
b0fbd3aa-6e49-4005-8cd5-a160949efb74	863
b0fe29b5-b94c-46c6-8fc3-4892244571ca	1184
b102ae4d-8168-4405-8142-1d0ade311208	1180
b10420c4-04be-498a-8c0e-64a3c155df7e	878
b108c0fb-9ce0-4e54-afd1-1d6b60dc66ab	1186
b10a3e02-91ec-482d-9790-1fc862a09e22	887
b10fe9da-114e-404d-96fd-9bbc1d559b41	1171
b117794e-72a5-4ccf-9c6c-c0e54d3bbd29	883
b11bdb24-a83c-4c8a-a493-8322b594ccde	1156
b12956cf-6ffb-4196-9e04-5639a4eb745a	867
b12dbcfd-71da-409b-9e34-c3a62f420c39	2227
b1376c7c-9e4d-40f2-af15-582b1250bb46	1166
b13945b7-9edc-48e0-bfdb-4329ccba75e0	1321
b13c05d5-c9a5-4660-8ad8-887b718033b1	1172
b1473bb2-bc8c-4518-9da4-2a9f7f670149	859
b14b9fb6-f240-4676-886f-88b724856ff1	1188
b14c78ed-5194-473c-bccd-ed06587a0069	886
b14f9c0e-3b21-4eb8-ab3e-05f5eaee1ce9	858
b150757b-81a4-41bd-94a1-796c0cd493a1	1176
b150cd03-c669-40d9-b341-b141b3024af7	646
b1514c2a-cd65-41d5-836c-57fb462652c3	881
b151c4a3-1472-4a26-970a-4e4ca386de0b	1190
b155facb-f414-4b41-a5eb-590db15c9faf	877
b162245e-00ab-4db5-b78f-c8e1e7b9cb0d	1187
b163c847-c8a3-49de-894b-195b2d1230f6	1100
b16534a0-8bc2-40d8-9c5d-c54907a7e6d3	1174
b1663ea1-824e-4c2f-a059-fff5e28bc286	881
b16798e8-89dc-4b97-95a0-bbaafa165632	1168
b16a22c8-511a-48d0-a36b-2321fd7b9d83	1179
b172d97d-18e0-491d-8103-5a51e5e22fa5	888
b172e66f-00d7-43ff-aa07-9808492e6ec6	823
b17c8747-dc61-4819-a3ea-b38afb399c95	2202
b17d14d3-0b22-4c4a-b7b9-e42bbc7045cc	1174
b17d84b7-c89d-404f-ad09-f3d9172ad726	859
b17dee9b-9c51-4aee-b165-9c4d48f93422	1184
b17dff40-d804-4918-9a0a-26f7c693e7cd	980
b181fe9b-b9d6-4cf6-aefc-75b8343106c5	1167
b184b532-c2e3-4f06-8849-b366d11de4d0	880
b1853b4e-7b54-4a30-a5ba-7ca5a09f1e25	1165
b1872152-0f3d-49c6-95f8-2b2e3abc54e2	1710
b18ad43f-f6d4-4aee-8437-0bcf1c40267d	1184
b18ca8d0-b8b9-482e-8d8f-fcc5a96dfbfd	1171
b18cb4b1-aea4-4ed5-a9b8-0a82b3c41f2e	1189
b192f0fa-bde5-451d-8644-96bb3e8b2a86	1165
b194b77c-0e28-42bf-a57a-da98439c8822	873
b197886b-a00a-4b04-a3b5-a6921aa09359	1176
b198044d-3659-4edc-a995-d75aff83600b	888
b19ae31e-153e-4c8b-96d4-2e7770746407	872
b19cd181-14a2-4966-9e8f-0862bd4f0703	853
b1a21818-4768-4554-aceb-4c523ab4bf88	1167
b1a478ea-a022-42b8-acbf-92c85b75fe48	879
b1b0afe0-80ed-40d1-9050-4e113f320331	878
b1b8d673-2d19-4d17-99ac-e7de1a1f57dd	886
b1bba57e-c350-4c2b-a6d2-354b39050133	1154
b1bc736f-4a01-48ae-b5a0-7f66ea64db0a	862
b1c4d85c-5e98-4fec-89ec-60cee31a8689	1190
b1c6eff2-75bb-4347-8254-93cb3c6c795c	1169
b1d2b6cc-671f-4689-9adb-a67a7d939c17	989
b1d42271-eac7-4a62-bc33-e6485c8d5f20	883
b1d449bb-1bd5-4e4f-98e7-8a47208c1842	1182
b1d6ba78-a939-416e-993e-c44917b5dfe9	680
b1da9b9f-df45-4832-8862-423b4e5dc2fc	1167
b1de99b7-9440-48a7-a4b5-7996dc850f51	869
b1e06d0c-fcb0-44f2-9d78-fcdf3e558b86	880
b1e39b7d-3f9f-41fe-bde3-3c83d55a0427	1186
b1e477ae-c503-4279-b053-222117835a3c	1163
b1e67505-af43-4055-9b2a-9876cdf112e6	1068
b1e6a5b2-3de0-4e00-af1a-4bee1d83d234	1184
b1ea8fd4-5a4d-4aa2-b5fb-b703be71b182	1160
b1f593b2-d170-45aa-a801-360da5ae704c	1180
b1fa21a3-e6f1-4919-b2f3-55a6e8536e03	1183
b1fa37fd-443f-4cd3-9e71-2fdd49a065b0	1136
b1fb0b48-ddda-4078-b519-c80af6e681e7	1173
b212c8f9-1646-4f6b-a285-0ad02dcc394e	1167
b214835b-6bb0-424a-85d5-5fba332df77d	849
b2161d47-3da6-4542-8c94-201d0416dacb	1515
b2171b44-3f2e-47c3-917e-314812c27325	1170
b2189400-df42-47c6-b425-0fbd0141cf1c	1166
b224f1a2-23fd-450b-866b-ea40633462dc	1160
b22a380e-c373-4d1d-ac6e-2d72e4dac6ae	856
b22cb595-bb29-40b8-a396-ef5c9d84be0f	1170
b22d5b1b-db85-4ac5-8baf-130455b7c14c	1131
b22e12c8-3da3-4792-9943-f07c34eb20fd	884
b22eae32-b76c-464c-beab-745fcaea6972	1168
b231028a-a473-4773-bcfd-1f50256fe554	1190
b239c15c-66df-4c92-80a6-7e354a7c29ef	811
b23af8ad-172e-4b88-a34d-61e4b47eebd5	881
b23ecce4-51ac-4b2b-8be1-9969f3aacb67	1164
b2413bfe-4b6e-4618-aa13-87eba8eddd57	865
b245e876-9655-4945-b3f3-f2d49d965738	861
b2498351-a2cb-4d17-93ca-9725be9e2977	2227
b24c5dc0-5d2e-42d5-a860-d42146c75757	1179
b24e139a-cfbf-4191-a54b-66ed9a8b384d	1175
b24ef2a6-68dd-4426-813e-826649cd2081	1170
b25391d1-5382-4617-8c57-3fab70ffaac6	1180
b2550fd6-c17d-4743-81b2-37c1cd7fbdf7	849
b2598ddd-967d-4ed1-a0c8-d8c4bf555352	1175
b25c27d4-be8c-4ae7-9e85-0e49efc1123a	886
b25c30a2-b395-4a9e-a249-cb17eb0ba6f6	1181
b25d2c74-3ce6-4860-8a05-5ad22a3decd2	1182
b26b015b-2e09-496b-a120-7474033a3ed1	1166
b26b1157-9876-42d9-b5a3-b503b72cdacf	1179
b26e7c8e-f394-4a05-9bfe-492fb26f342a	1165
b278995e-fcf1-4f85-a918-ad4a56fbae21	1179
b278e900-44e2-48ef-90fe-e282ce69ff1f	607
b27c55bf-833c-4768-beae-542c03d62a29	868
b27db4c6-7149-426c-bba8-6c759d42f381	1189
b27df731-3b08-46d7-8be6-4d1c757a9e4a	1185
b27f5c5b-8a41-47df-9bfd-e2d9a6a0ad16	1175
b28276e9-c314-464f-9df0-3b1e15113ec8	1182
b285b233-a846-4e8e-949c-5d29dc52ace1	1156
b289f5d8-3ea5-41fc-a2e7-be5045ed10e0	915
b28cfb5c-a1d4-43a1-b3be-8eb9b807adfd	884
b28f2df8-0bcb-4827-86a9-8545d9b97190	887
b29339d8-1610-4d76-956b-96d46aaee7d0	1180
b29685c8-4fd0-44fd-b208-2b08390a60bf	863
b29772ea-3515-4a49-9578-5f5fd65824e0	1162
b299a46c-09dc-4957-a402-e48032fd46d1	874
b29b9a97-244c-4942-8b8d-82a8b0a15c37	1182
b29d3ae2-4183-4985-9ba8-0523930771df	1188
b29e3345-1e62-431d-a8dc-2b5edf2e66c4	887
b2a066fe-09c4-4bc5-835e-932ee59e3635	1189
b2a16808-6b8d-43a7-b45a-783753fb766c	864
b2a457a1-426d-41f2-8425-6a2c6f8c650d	1182
b2a4eeea-d295-4678-8c3b-11ebdd0f6356	1182
b2a81aaf-dd7c-4782-a1b0-f491c1986722	869
b2a84df0-d47b-4137-9507-aa0c494d51e3	1163
b2ac02fe-5900-4c07-b154-4815920aba97	850
b2ae3eaf-3de7-4413-a45d-fd8bf2b19df0	1168
b2af228b-2268-482d-aa5e-a233abe4aad4	1167
b2b0ba55-0d0c-4313-8139-0c00b90ef936	1173
b2b73295-34ee-4c7b-8cf7-210a1afe8b63	1162
b2bb0e7f-a694-4af4-96fc-acd9f8d7186d	1187
b2bb3cae-e715-4d99-b2a3-1f45f6083108	1157
b2c64f47-b013-4291-81ac-85ac71d2a2d0	503
b2c934b3-f716-4046-860e-6bf64049506f	1166
b2c9c09c-b785-4454-8ad0-9a7f94d52e50	1179
b2cdc675-b62d-4c9b-b828-807f6807c638	1173
b2d77187-5060-4d7c-a464-7d486dcc04a4	1162
b2d911fd-7287-482b-8cb9-3a6f074158a7	1170
b2dc9f11-6d7b-44b6-82d4-1d0aa9daeabe	1157
b2dd59f7-18d7-4a78-9a7e-4ccd56a12ddb	1164
b2e34464-3915-48db-bff3-ecdff2a388f7	1177
b2e64780-6a48-4349-a5f4-f4a71fb94be5	1132
b2e70240-12d7-4860-9bf5-dc5fcfb5a9ac	1181
b2e8497d-c76c-4d0e-a8ac-1ea60aa637da	1183
b2f0483a-b341-455a-9252-0f4f8be8ea46	868
b2f41398-2875-47d7-abb8-b51cc25e2505	1185
b2f5e026-cf9d-4a18-b2fd-94228b3ca934	2224
b2f74c34-5323-4c41-8400-a7bcc2109802	1168
b2f8e915-64a5-44c0-bfe6-2f854b29f220	1992
b2fc3b3f-6587-4bd6-80fc-a0bb68a5cf81	1188
b2fc69a3-76c6-4f22-bc21-91e3d3014bb4	870
b2fdc5f5-a2f4-4abe-ac2f-d262ec73fc71	1167
b2fe8052-4bec-4cab-9c9a-3b7460009f97	874
b3011f58-d9b9-4794-8d05-ebb57e532a53	882
b3077f52-972e-4b2e-a3d5-e5bb0d84dce1	1181
b307f1c1-a9ab-4829-95f7-30b3f6e80c2c	1186
b30866c2-9b00-410e-932d-8efd89795d55	1159
b30eebb4-daec-481e-bc66-65a060d957f0	1187
b315cd15-8810-4305-a4f7-254116c87427	888
b3184f72-d9cd-448c-bc25-1387b96ce623	854
b31cf698-6765-46d5-99a7-d14ecf333e16	864
b31ea1b7-0411-4d15-922b-31ec22defbea	1185
b31ec8dc-af0d-4336-9433-1550296f0f5a	1160
b320afe0-8abe-4c18-9395-84bc1db556bd	1188
b3282bf1-8a57-413d-9df2-b42a8e0a165b	1482
b3293be0-07e5-4224-85e5-4b6ef564a633	1165
b32a2976-454a-4b5c-8232-61d5efd48e0c	877
b32ccf21-6733-4c69-b800-67868d811620	875
b330845c-0c04-4698-bab6-bfcfc540ade7	1181
b33965ec-30c4-4e7c-88e6-a51a247440ed	886
b33bd2c3-1ca9-4c46-8633-b7fcecdb5d4d	853
b347b2ad-6ce7-4947-a401-f712e11d28fd	1190
b3485d60-2298-4ac2-bce6-e573c16cc59d	1184
b34b4594-7b1a-4515-a90e-f701d5963f32	881
b34b5e9b-f81a-4a35-9ae5-a94a2699f4d0	882
b34ed2bd-ae5a-4b55-b152-0dd8a9b49532	874
b351448d-6e11-4a9a-9de1-4b5b51b80cef	1167
b3522f18-1721-4183-b2f2-97c21f614c88	882
b352d3e2-6258-4164-86b3-1d9d023855a2	1183
b3563f4e-bee5-4987-9aed-8c8d8d21013a	1187
b356ff1a-956f-45a8-a2f7-66fdbd5758fb	886
b3595da8-f06b-4429-b724-70dfee58f2b0	1188
b35b4cc0-447d-40cd-bb5a-502af994f265	744
b35bad1a-3617-4606-8c95-cd3e7e5a6aa2	879
b360fa63-547b-47a7-94a4-308d998fc8cc	1186
b365dc69-b271-4ba7-9631-a4e9ba6bbbb5	864
b367b653-567b-4bd1-b5bc-22662784277b	1163
b374dbb3-ebf0-463d-835f-40b1180822d1	784
b3761ecd-3a3b-44de-b149-de85069480b9	872
b376a8a1-fdff-499b-b8d3-7363e7a9142b	1163
b378ae29-718f-4530-932f-897d47ef1dd5	1181
b37b6342-355a-45eb-9261-beb865e5b411	1370
b3836318-d7d4-4c65-a541-dc22b1a3a2c0	1191
b38e3375-11b2-4db4-9762-7c47c4a2c8dc	921
b38fcd01-8a8a-4654-880d-9e4aaf556222	1166
b3900338-ab11-4356-bf9f-88f164c4e61a	1183
b396fabe-262c-459e-9b62-f1c9fac18094	1157
b3977f48-7aba-4005-af05-fed1bddbbf41	882
b398242a-3095-4282-b381-f56d53cb2cc7	864
b398fa5b-d18e-47dc-9e64-974149c44dd3	1152
b3997211-f910-4878-b3c0-426c2147a40b	866
b39fbcae-71ff-4b25-9134-aecb6f0315e7	1191
b3a6c6ae-1f56-4761-a8ec-5c5aa6c53e0c	1188
b3a6fa1a-07dc-4bea-92f9-c0347d3952c3	1185
b3a711e8-834c-49cc-8437-b1cd0c24d8fa	883
b3a8cb30-030c-4c4c-b249-98ce5f8015d7	1173
b3ac8deb-6f7d-4f82-bd64-4e5063195edd	1186
b3af869f-08df-4082-8076-eabcb949f7cb	1176
b3affbd2-d5a0-4c97-9348-9d954d9aca8e	1180
b3b09cc7-df5f-4f8b-afaa-0ff0be8fb8a7	985
b3b1f004-2faa-4293-9ee3-c341887509a0	1183
b3b4510d-b932-4536-9c3d-17ba50e4d0a6	856
b3b563fc-8b2d-46df-9e53-058358bd0a1d	1182
b3b6534c-7972-4a7f-8e8e-9a8d1f32b6d2	878
b3bf4e05-06e7-42f8-b68f-ae51a74bb3db	1165
b3c0f702-0789-4d14-87f8-34944cc17f89	886
b3c62785-5aad-40da-aa14-878ac0117b60	892
b3c7f3d7-77a6-495f-8af7-808cb547f1d3	859
b3cd2078-a60d-4cee-8d20-0b91b43ce8e3	1187
b3ce4733-8abb-47e5-8300-61da56b35b41	883
b3d70063-371b-4174-95f9-41e722d7a7df	865
b3db71c2-bec5-4378-ba98-ce8c60030a72	881
b3dc2c5a-6380-4a70-ba27-5ac7a1627a03	1179
b3e2df32-0a83-4c47-ab55-303bb6bc8156	1182
b3e3b1dc-d4a7-4ba9-a334-2d3298f9d5ba	1161
b3e40c6d-e9b9-4c49-aefd-48ae720a59a0	1183
b3e583d9-fc25-4e9b-a4a8-4908600a476a	1195
b3f2d45a-4151-4408-ac3c-c9abd759ce93	856
b3f4aca4-b84c-4f01-9968-ba83ba83c3f4	1164
b3f4fbc7-a55f-42da-92a0-6391577aa288	854
b3f53b9c-9ed9-46ce-83f1-33b283717002	876
b3f56844-7ed6-4434-992d-910ee88d3019	1180
b3f7de57-d7d3-4781-9ccd-966f316e659c	1173
b3fbadd0-272f-4cb8-8cd2-0b92706c6e36	1186
b3fc46fc-d6cf-475e-9945-5a19853ef3d2	1174
b40237b2-cbdf-4f04-bdc0-aad299521975	1162
b403094b-0f4a-4bea-ae27-09834cd460a7	1157
b407a279-cfbe-4733-a4e9-474f6aaab217	1172
b4086f06-23d3-4e4c-8fbc-5b0f6fff2f9c	1180
b40e0e4a-feca-4239-be33-d2e5d0ebe99e	1186
b40ed847-2505-4af0-9513-7f627730cb8f	1183
b4119557-77fc-4597-b2b9-57ae10409bd1	1188
b416e799-fc63-462a-9427-30e9a67f2a83	855
b416e9f2-0df0-439e-8b05-9458b8a9940f	1171
b42364f9-3e6a-4734-81ef-2f3f8f1e5e96	1184
b424777e-cfaf-4007-a19b-5be411cf7c47	1174
b429b541-f0b1-4bb6-96b7-58f6a48f95f9	1171
b430ff4c-a12c-41a4-8aec-22c79a9e1a8f	1168
b4335698-79dc-40ad-8fd1-3b144bc3dcb4	1183
b433c5fb-b93f-4255-8005-6739e88c0273	1166
b43ac0f7-3f15-407d-b5aa-f0d3926a878f	1175
b43c6830-08c7-4efa-9d9d-06d5404e7f72	589
b43dd473-850b-4a02-94c9-bff8037a1174	1169
b4435e0a-5cd8-46df-b8da-61a59a85e669	1188
b4436c5b-3f24-4c09-85fe-70b5ea61c416	864
b4459e29-ec78-4d7e-b669-969e1bd22d83	995
b4467181-190a-4578-80d0-8906f2d45a42	888
b44bbe4a-dc58-4f7e-9540-14cbfc88651d	1153
b4596cc6-b4f3-47b8-84a8-d72e0f1290c5	693
b45a0f0d-99ba-4e87-8e51-cab3f43c7e62	1186
b45d88df-f9e3-4834-b035-3bdcde6ad69d	1190
b46161e4-42ab-4f5e-acea-24b07916a9b0	1166
b4679f37-fca0-4d75-a190-037724019128	887
b46a6bdb-bc19-4210-9c1a-e3c6bde2d828	1161
b471343b-80d9-4d1e-a02c-d6eb223ad1a9	1185
b473e4f5-2d81-4e98-863c-b728708cbfa9	1163
b47939c4-b019-4bf6-b00a-c5d0b5231d3d	863
b47ce633-adff-4ff8-b77c-76acceb3ce71	1168
b47d7068-bb85-420b-98ca-7f5bf8f4a25b	1170
b48052c3-c60d-4add-b3b0-c6dd86da9e36	1183
b4830b9b-ddad-42d8-b3a6-da6b495ede14	875
b483d8a3-74ac-49ba-ae25-e1b18016b371	1153
b4870e07-53d4-4b7c-a013-9ec0737b4f4f	1167
b48a88e7-ecdf-432d-967d-172552be5a2b	2110
b48aadda-ae20-40b0-922a-b8e7cae3e5d9	1154
b48fd84e-661f-444d-9151-8d55ae15f846	863
b4971e3c-eab1-4197-b850-4c6ee9811403	884
b4981990-a7ec-4903-85d5-46cbfdf3f331	1168
b4a12910-2532-4e50-98c8-4824b6b9a145	1190
b4a52f92-1a04-4465-8ec9-f4eec0cc95d4	1177
b4a8fd7e-cbef-4043-a4fa-58b275f28d3d	1171
b4ab513f-f4a1-485e-a716-b3eeb9b7737b	616
b4afae87-e21e-496f-8203-eb1834a57f5f	1169
b4b03978-80b6-41f9-b8ba-563c542fb7ae	1176
b4b15d93-820b-4c6f-b903-37ef7ae8a1ae	861
b4b7faaf-9c16-4ca4-9e45-c52628b0b0c2	882
b4c5f1d2-cf62-43d5-9796-9d6687571193	1185
b4cb01ce-84f0-4cad-bc5a-689a4e82e3af	1003
b4cdd80b-4173-4d9b-af57-6f9fb3c820c2	1166
b4d3591b-d589-4563-8b41-386c9a9fd627	1845
b4d55655-9eb9-49af-90aa-13aa2b21e7bf	1192
b4d9168e-020b-4892-9b33-ab049f22e03c	1162
b4dab170-3fc0-464b-aa65-f17e5674f2a8	1156
b4dbf852-9223-428d-a84c-938b395120a3	891
b4dc899a-1dbf-40a7-a0e9-8d542015c571	1165
b4dd8350-a7f0-4732-a430-8266cc46850f	860
b4dfe570-fc83-4956-b860-012b541819b9	1189
b4e0866e-b3b7-4bed-82d2-73a91a914547	1676
b4e36cdf-b3df-4fc4-827e-edb609a45f78	1171
b4e7a489-074d-4a2f-abad-5c8e7a47e5d5	1156
b4e7fac6-b1f4-4c8c-9805-470876b4d9d7	880
b4e95ee6-5263-4140-aadd-531c55624184	1171
b4eb8a35-0f23-4574-a878-176f4c56e77b	2022
b4eda927-28c2-4f3f-818d-27985f268070	1169
b4efa234-b8c2-4bf0-bc30-8cab42679638	1184
b4f0a4f4-4935-4945-9f4d-59de79c264cb	1197
b4f24bbe-ad03-4db7-b100-97b71561f05d	1160
b504f6c2-468d-46e2-b541-2c106ed58b27	1170
b5067ef2-8729-4dc2-99f4-d56c2122152b	1160
b515b003-5cba-4234-984e-3a1879bcba27	1166
b515c3d0-327b-41f4-b723-31ab7c08441e	1184
b51631c9-c4a4-4d55-af3a-348112f15107	887
b5182ed7-f917-4ca5-abc6-ca8be4ca6ed0	1187
b51d354b-6ca3-4ad5-bf21-df90214faf36	1185
b51e1df4-f75b-4a6f-899e-ca8d06782cc8	1179
b51feb77-60ff-49b6-9130-05d06585dbe0	1175
b521c7cf-a925-4b39-98e7-69e9e1208d0e	1153
b52491a8-aa6a-4eb7-a0f0-0a20032c98ab	1177
b5269ddb-287f-45a4-8e37-51cf434901b7	886
b52889e0-2e59-4cc9-83e0-92540ce4ebc5	1897
b5296ae5-be24-4591-b44f-8d52b532ef96	1178
b5303d10-fb16-421d-a6a9-01f130cb6b45	1184
b5326dae-0cf6-49a6-9388-6e2ebf5931ab	1154
b539aa47-566b-41f6-af29-8a3135983263	1187
b53d266e-3cc7-4879-ad71-d0a315c19d54	1171
b54046e6-c22e-43eb-93ae-de293d9eaeab	1183
b54117bf-be30-49e0-bf63-41fce246436e	1185
b5454d55-b889-4582-bea6-1ad810700bdb	865
b547fb43-1e04-44b7-ac5e-2839dc38c36c	853
b54af187-110b-469f-93a7-513d5037c8e5	883
b550b151-2d65-4d8e-9f85-02b6245ccc68	1169
b554996b-a64b-4d53-98f9-a598af940738	1191
b55a8172-22e5-401f-a5a7-793dcc7f724b	1187
b55c0be4-99dd-4d9e-9b82-8bc2c49fd3cf	855
b55d52cc-0f10-4f30-a8bf-301dff556369	1185
b5605bcc-a57d-454b-a6a9-7cc34f39a23b	885
b56cda38-515b-4ee0-a971-2fb132e2fd07	1607
b56d1c2d-df32-4775-8119-846c94786d44	1299
b56e9dec-c955-4e7c-8669-9a5b7c973475	1165
b57658ac-abd8-49e3-a7d3-85a24a16e8e5	1158
b5788091-596d-4a67-84c9-0509d4eefb7c	653
b57a617b-226a-47af-840e-43b8a4a15f01	1167
b58207b5-f45a-40ed-b46f-8929c9a89053	1169
b585695d-fb01-4f77-8822-171860ffebab	1173
b58d4fa0-24bd-4391-832d-f9546e0aa1bf	632
b590a461-b40d-4f6d-898e-232a29b8670f	1162
b591131f-5057-46a4-8422-af5f9077ffbd	607
b5924347-a452-4c20-9d99-5e1deb25f4d3	1187
b5937540-766e-4dd0-967b-6a80d9cd87b1	885
b594c41c-ca1a-476d-9fe1-ff9a93a636f4	882
b5974be8-69bf-4100-9801-56e32ddbee76	1163
b59d3db9-dfc4-4ce5-9b5f-262b99d1c40d	1160
b5a0d816-7ad8-466c-b422-ea396d990436	793
b5a88171-47d1-42a7-b356-b0232d536b74	863
b5ac3a81-a4c2-4f77-aab8-284c509cd717	1183
b5b3c8c6-c60f-4c0f-ab97-9a8b1034c21b	881
b5b4555b-5acd-416c-beb7-911aa7533e9f	867
b5bfe059-f242-4167-b5ea-62984b2fde38	1165
b5c843e9-bad2-4910-b622-5345dabe04c9	881
b5cadd88-fe62-42a7-832d-d66e0be12914	885
b5caf3dd-6d25-4788-a3b2-2be8c2e4d68d	1161
b5cd56db-ad20-4b17-a3e4-7df859a4c063	793
b5cf831b-83d7-488b-99c2-178b9ffa1132	1192
b5d41f9d-f431-43f2-a6c8-0be90710748d	1167
b5d7f651-4964-4864-92a4-fe9dce060166	1149
b5d919bb-7ea1-417c-8b5d-2139a3d2a597	1167
b5dca33d-e057-4f2e-a1d6-9b496443b426	1181
b5de04cb-ce53-4c81-932f-cc3ac50ef6e0	1169
b5e4eea8-8d75-4b8a-a49b-189d164e3120	1192
b5e715d9-0d96-4d48-b451-0c51834911c0	1159
b5eb8879-ae3c-461d-916c-cdf894b39834	608
b5eb8be1-d46f-477b-a771-ef748056f07e	1192
b5eff064-3d79-4e61-8168-e9bb624d7193	1059
b5f7b69e-7180-4016-9079-d981b9b31020	883
b5fc372e-3b64-43ff-a770-06b30a3482c9	1182
b60a0a13-72d8-4dbd-af0c-6d39b588b713	1186
b60dd51c-83f0-4e52-8d8a-700bc5107d19	1177
b617f515-6320-40e1-b2e9-3171de6d9e4c	1169
b61af3de-fa6c-4843-8a67-16a0c4a0c80b	862
b61d6388-fa4a-40f1-bd41-d27ab23a43bf	1167
b6206d7d-83a4-41d0-ba90-15b61382f841	865
b620b592-d41e-4bc5-9f6a-c6f1d334c182	856
b621194a-a21f-4108-bb1d-f592272e5e08	1171
b623d7dc-66ad-417a-a831-9a7d3639302d	1160
b6247f07-68cf-4140-8df0-68970eb2f839	1187
b626f88e-8a38-4d0a-98cf-5018f7214fb5	1178
b626fdb8-7d88-469e-b1ab-811192e1d957	1180
b628429b-82ac-4dec-9466-d9e4043475a6	505
b62a00d3-5bde-4a93-8265-e4302e1ed63c	1183
b62a6c6b-8977-439e-b5ad-bae1d7861e3d	1182
b62cbcf8-0d5b-461c-a738-82005e8e3394	1184
b62fb3e7-2549-43bb-848b-baea33cf15e9	1188
b6315e1d-9593-4472-8a29-063bc0241bc7	871
b63a03a7-f3f3-4441-b27e-e8a226fa7496	1173
b63c04ca-7857-4c6d-95b9-16eaebe4c85a	979
b63cadae-56ec-4d05-ba7a-aace157215d1	1186
b648e2a3-2699-4788-bb2d-6acc33f05aee	1186
b64ba896-678f-425b-be17-386cdf7af3eb	1159
b64c25f7-01d7-4d4b-9164-edd56f9e6d2c	879
b64f7581-3b15-4c95-a9c3-f8039334a8c3	1165
b6524a92-0e9f-41f5-ba96-efcfbd1837c0	1169
b6536caa-da8b-4823-8f4e-be9ad8aff56c	884
b65380c4-51d0-48ac-9310-252524d185a3	990
b6583543-d58d-4ef5-bd4f-fa0ae2276a1a	1167
b6584683-d308-4e7f-8610-3f079757448a	1183
b65ae82b-2aff-4bed-8f68-24db22933233	860
b65b04c3-cadb-4f86-b346-96e3aa006557	1186
b65c5e65-01d3-43de-b30d-c7b82c114975	1153
b65dc215-7194-4a2a-9d9d-a6440943db64	1187
b6600750-8c51-4661-aa69-4606857c4d76	1184
b660b6d9-d645-47b3-93bf-b5214016b291	1166
b661a658-3a5d-47ee-bbde-1de1cc60258b	882
b66e0d65-7c51-4875-9ad1-c5b31375aa76	858
b66ed36d-2d50-40a3-ad6e-4afab72ea292	1163
b66f139a-ce23-41a3-963f-6495baf52725	1159
b66fbe96-e71d-444a-ac7a-24f1ab86b82c	1174
b6818b3f-70b3-4abc-a4ed-0ffebd473b5f	1161
b6888917-d213-4039-bf4f-6789b1882ce3	886
b6898ec9-195f-4baa-a6f4-ac0806122282	881
b68adfb8-260e-4101-9978-2f4f21e6d45e	1161
b69be28d-8c89-4c5b-b231-aea7929510cb	1167
b69f5fa9-8309-493b-b389-5720e2cbda70	1174
b6a1d7ce-cda3-424f-b7fe-474272020dbc	1184
b6a48601-44d9-459b-b769-5af83e25aa6b	1158
b6a4d2ad-6ead-4517-81d9-e25a62399506	1163
b6aa1bf7-456f-4ff4-b670-b3c39ca43a8f	603
b6bbd35c-f09e-419d-8f8a-84db8207a395	876
b6c260a5-627f-43c3-9295-2f17918350cd	1143
b6c683ce-330a-44ac-82c9-7ef72313e02b	1185
b6cb6e73-55b4-431b-b1fe-39a77b813b2e	1167
b6cee64e-ed65-4dd3-9030-7a30ee05b200	1156
b6d4ab69-3693-4531-a9dd-2b9789ba6e03	1182
b6dd39e8-c5cd-41ce-ae69-da28641b750c	1170
b6e38c80-e4bb-4ece-897d-a4bccaa75525	1169
b6e4e225-e0ff-4416-b728-338752a9a0f7	877
b6e931b7-1b4d-4b1a-adb7-97931c3c543a	1179
b6eadefd-7fa2-449c-af0c-8f557ec1e825	898
b6ec7a94-2cdb-4c6c-90f8-d319454c796d	1184
b6eecaf8-5a33-426f-b27c-c42695902ab0	1167
b6eece09-8382-4d1e-8f4a-9ad8ee80bd64	990
b6f2c20f-15eb-4353-b643-8991c8517c63	1170
b6f5c82c-843c-48be-a961-13468038c229	1194
b6f7894b-590b-4369-9e66-2ee184f524cf	867
b6fc81bd-8bf4-48d8-9ee8-3f9f8b94ba65	1179
b701bb66-3c44-4dd4-866e-dc9409340fbf	1186
b710655a-77b8-47fd-9fb8-cbfcc8eab9ca	886
b71230bc-a932-4bdf-8d6d-0042b2b3fb54	987
b7164d31-ac09-4e48-a08c-2f149ceeef55	1192
b71f9746-6be7-41ae-a1e1-424ddd638dbf	880
b71fc0ab-5a3e-4c3c-9de1-e7b095b848fb	861
b729e685-d64f-46a8-b3ab-723a0f51c43d	1170
b72b709b-6726-4656-a02e-44f39a12089e	1179
b73149f4-c8c7-434f-83eb-568344d1e189	1182
b7334dc9-3431-4da1-ab63-cb5d6142dc70	627
b73588c3-248c-458d-91f9-5248e1a3702b	859
b73c167c-87c8-4845-9e6f-9d042c9920c7	1171
b73de730-28d1-40b7-afcb-df3dbdd92456	1185
b73eae1d-5169-41cf-aba9-f12555a5a5c9	1174
b749987f-89c1-4ba4-8c59-4f377dff25f8	1169
b755dfc8-5d90-4b1a-9de0-93b4edefb926	881
b757129d-57ca-4222-8d75-3f468d3d03a9	880
b758c84c-83ad-42a8-9d2a-7e6dc8cc8d2b	1923
b7595cfb-1e8a-4338-892d-0348e72708f1	2200
b75fc7fd-6b1d-4c1f-aa9e-fc02620c031e	1161
b7624c5e-79de-4597-ad6f-7a384f7bbbd0	885
b76550d2-f334-48fd-be32-f7f363deb5e8	890
b76be5a3-73d0-4747-8d52-d8571784561f	859
b76bf1ab-2be5-4df2-8ab2-25498e3bba0b	1187
b76c2ccd-1747-4f1c-a119-39cc6fc6570d	1180
b76cc74f-90ee-4c8d-af1a-76d19e8433d4	881
b76ea76f-99da-4bed-befe-195746d734ba	1194
b778eebc-30de-465c-8029-c71922e2144b	1167
b77a2820-939a-4475-853b-e40f8c3ab7c0	1166
b77b170e-7617-4bdf-b953-89babc8b21fa	860
b77d5aa4-5f90-4015-9be1-271d9c2f15e8	867
b77f3d6b-a7a7-47d3-a9c5-7a052bdaae82	1840
b77f8ef6-f962-4c20-896d-3cded7d8385e	1170
b782afe9-9dd5-4e67-b139-909018869a22	956
b7880698-72ba-40eb-940f-c09822ad0a6e	1161
b788cce7-95b0-4602-88d8-27e2e2541096	860
b78dd553-6207-4ae1-9a32-73837c6eaa55	1166
b791b47c-ef63-4aed-a4fb-a477a13d3ef1	1183
b793d25f-3243-4e3f-8d61-9d644f55a8ee	1164
b79971cb-8e2a-47e7-8565-1fdc2cc754a3	1170
b79bcf8c-7764-43d3-8ef8-868d18992ec9	862
b7af11b0-9d10-45d5-8856-56be901481bc	1175
b7b12d15-715b-4937-a557-b5bacd9d7282	1842
b7c009e2-c241-45dc-a620-41dd7d7346af	1165
b7c0dc06-0b19-49ad-8ed4-07da04df8653	1168
b7c1c451-d8ab-4c44-b6ea-3dc219f4437e	1152
b7c801b4-d121-4742-addd-b163f7665afe	1786
b7cf01ae-3305-4d4d-a94e-451eba0815b4	1167
b7dcc7a6-4be0-4af5-a8f6-f71c395f7a42	1169
b7de7a84-cfd2-48a2-b618-57635e40dc94	1190
b7e00f73-05d2-4907-ba69-1924a7665604	1182
b7e07721-7d5b-4818-9419-4cb7076cb880	883
b7e0c72f-1f8d-483f-81f0-0539a0ce397e	1169
b7e36f02-32c5-4950-9482-bcc1bd14a02d	884
b7e3818c-9518-4b30-945a-b5c1ec63da7f	860
b7e988da-5a1f-4ba8-a56e-962e6f2b4152	1188
b7eb0bf4-935b-481f-912e-146069c1ba2c	1177
b7f3f7da-caf1-4206-a8f3-ae6076b60dc2	909
b7f6efb9-dfd0-4b07-a89f-ab87ce9f53aa	1187
b7fa5d59-c5fe-470b-9a59-b49d8cd88c13	881
b7fb7097-4c20-4136-af2c-8e7594c4ee2e	655
b7fe52ff-cd6d-4f7d-8cdf-0f9da4f4c341	1183
b801aef1-0242-4b97-b92e-19325aa7d072	889
b8082bb8-e323-42c7-b843-68c93aba8485	862
b809b2eb-6426-46ad-a9c3-d8e42997a407	1162
b80a28a6-a627-4577-814e-a517cde4fbdb	1165
b80a3dcf-dce3-4d19-a414-dd238fcc6c79	860
b81123d6-8ae9-4129-aa8f-a7b0106fed11	1169
b8117b6c-0039-4da2-861b-0c172ed8df03	1186
b8131e97-eaec-45b4-9235-c3d1ee83daba	1161
b8171e71-59ae-4933-bcc7-88ffa67c2b90	1183
b819dfd9-8446-4888-9779-441e6797c200	1189
b81b44e0-ca7e-46ac-8ef6-832e741802d7	1175
b81c17f7-8ad2-4730-a12d-c7c2fcbad3af	859
b82665ae-49cd-4e51-b9b6-723bbdbdfaea	1173
b82878f1-2133-47f6-a5f4-31219888419b	1686
b828bf56-b038-41ba-a358-33970c3175b2	588
b82a5e5a-bbad-45f1-bad9-7beba710d078	864
b82af929-300e-4fdb-91af-1d054086fddf	1168
b82dfac2-af6c-4f42-a764-15047bff80dd	863
b82e622e-2d22-4df7-9c9c-77273b1b7b52	1163
b833fd73-55bb-42cc-8901-a95798dcc7f8	861
b83af0e2-82f3-415f-bac5-1267064405c6	888
b840804f-5517-42d3-be91-3a6f9242e07a	1179
b8414d60-6d2a-483a-bd19-8c3e802bb813	1189
b843b9a4-1d0f-4cf1-bb9e-749b8b54094b	878
b850efb8-bcd8-43b9-8ef1-5af6686e019d	1166
b851fdc2-b025-4674-87c6-27be757c7246	883
b8575e93-7cda-444d-89c1-5dcb0ee7758f	995
b85c6df9-ed77-4564-a0bf-cdc406c926d2	1166
b863505b-f22d-42d3-b8e4-46b50e4ba8a6	1173
b863677a-9466-462b-a63a-6ecba8adceb2	1162
b868a7c1-29e9-452b-a616-945549417478	862
b869071c-b454-4b60-b9d1-4313645cc8e3	1183
b87236de-784d-4fad-897d-5232b6e4af96	1165
b876e832-aa33-4cc2-bfe0-383f650e8050	2189
b87781ef-796b-40f8-ab73-66506a066ecf	1168
b87c5ce9-ab1e-4e1a-8f6c-96ed5af7f587	1182
b87d1f32-82c7-42a6-809a-54e8a5eb8cda	1165
b880dec8-6891-4b6c-885a-14e99666c63f	1184
b88eb79c-72bf-48d0-b17b-6fb5fa8b15c1	886
b88f7b7c-3bcc-452d-a79c-1903f6ed20ed	865
b88fabf2-1565-4fd3-96ff-e4f52a44a234	884
b8909a6a-0733-4678-a321-2d50bfd29033	1153
b89136b3-c0c6-4fc9-ac76-1a49c7f44fc9	1182
b898b956-a160-48e8-a1f2-685b91b27b5a	1171
b89b9e9b-aadf-439c-b8fc-8604f2f817ce	1186
b89f73d0-b889-42ad-89f8-b9f5421ab557	1173
b8a3ab4f-39ba-4bb1-a6a9-3d9a57e88d0f	1169
b8a4d0e5-5de5-4c8c-b9c8-83b00e7c2310	1166
b8a54ad2-30c9-4a81-8a4b-3b4d2081d9a9	884
b8ad16ef-7fa5-4405-b478-ee7be0f86f02	1165
b8af57ab-2bb1-45ca-bd64-a4131422bbfe	1172
b8b4c273-9230-4a67-a7a8-7daab53357c5	1152
b8b66831-3953-4e27-a514-f01ca5899f5b	1190
b8b7a1fe-24e1-4e4f-8cdb-fe977d4caf7b	1165
b8be11c1-7b26-4ea7-bb67-0a947c51dcee	1156
b8c4390a-dd5d-4f07-bc6d-9bf0dbce7adb	1152
b8c54843-62e9-4fc3-bb65-eb0954eabe78	884
b8c7e649-359b-4f5c-99ee-c590325eca0c	882
b8c99765-b246-4d08-95bf-94aa655e851b	1178
b8ced1bc-936f-46cb-a914-f9357c883b89	1180
b8cf7ddb-7a65-407d-aed2-3f0ea6cb22a0	1190
b8d3affc-5f31-4cca-a6a7-51dc479c22d9	1188
b8d57d0b-fcef-4d3a-b84f-1dfd1a70c05c	1182
b8d8a87e-430f-46f9-9967-0c8929bb7fea	856
b8d9c517-455c-41cc-975b-6b4603e5a371	1188
b8dbf0da-832e-4c82-8e34-ca862e43f4e6	864
b8dd3ee6-c771-42e0-837b-d5420b45e4f2	1022
b8e1fa5b-6b67-4765-9085-612e21fb8337	534
b8e7ac46-9c71-4415-940f-9e540a8ee268	863
b8f03ced-650b-42ea-9c53-93adf4a9162e	866
b8f256d1-8a3c-439e-b72d-a4db029f4f84	1176
b8f65910-a716-4574-8519-a6257c04b4c4	886
b8f6fe90-5bd3-4928-930f-927faca2514b	1161
b8f7d9d2-47b9-45f5-8a0d-37cf7cd2f7fb	1157
b8f8314f-649e-47e8-86bc-1a14b908ed6a	1073
b8f871f5-3ce9-462e-bdbc-301fea73ec27	1163
b8f92dfc-33a2-488d-aba8-2f977c44c0e1	1163
b8ffa142-caaf-402e-b8c6-ba1e367c24a1	881
b90c7ac3-e5f9-4817-82c8-021162829283	1186
b90e2bf3-555f-431c-b9ae-41796336461d	882
b91a90a0-7900-471b-a6b4-79f2ec9a441a	1134
b91d85e3-234c-4e55-afde-7f48e75b0811	863
b91d9fb3-d73b-454d-b33f-15d0fb6bb398	881
b92761ce-0a40-4229-b5a8-8d35a6e10de9	1779
b93069cf-c60d-4302-a8da-3abad06465e3	1160
b9387168-b933-476d-b3c2-fd0994908155	885
b93f9464-9922-4f4a-b2a7-0e294d8648ab	862
b942c4fd-24fb-41be-9978-a7e659392746	1164
b94469e0-0541-4958-8d62-1941e323d219	884
b948d6ba-5b17-472d-9f94-c456f20d0330	1171
b9490fd0-c4aa-414c-ac4e-ad0100e4da76	1160
b94a1eda-6232-4854-8249-e2a06200df9e	1191
b94abdaa-1455-4a38-b21a-437f344d621c	1181
b94c99dd-9b87-4857-a155-649e22e65a73	1162
b94f1227-546c-443e-8d43-a221772bdab4	876
b951ee49-b225-4fc9-ac9b-90854b2d55f0	1182
b9546a04-69cb-4680-9012-cf8ef1dbef69	862
b95831a5-2e9f-41b3-813d-45c953c87c14	1186
b95a2af8-bcea-460c-9533-5a2c01012170	1151
b96385cd-5660-457d-ad95-c5a45cd8f760	1190
b9655b60-19ec-4643-9788-ef1332041db8	1166
b9671e62-06a5-431e-b20a-2e8f02b4795f	598
b96a1cee-a8ee-4f02-88ec-02dc29f8e449	883
b96f1e27-a8d5-4a47-9af4-fa23c761ef3c	883
b97013b4-f061-4739-a811-ee5389de2c6c	1169
b97082da-71b8-4470-9722-555ae29a6a9e	1160
b9776bb4-df96-4c4f-8e80-cd409b9c9880	881
b97af9ed-cb9e-48e3-a22f-f294d16d31c9	1169
b9832ad5-dc3d-4c01-8f9e-1ce7aa20702f	847
b983ae69-9bc6-4975-8254-d6d068c35ebc	1163
b9880f49-cc22-4f14-943d-423d81520d43	1490
b9881fba-87aa-4ed4-a165-093b3fa9ba87	1184
b9888819-90ce-4307-8a3f-0c6beb9e6d7c	1180
b988bfe8-1225-416f-844d-aae296a06c1f	1187
b98c0301-f2ec-42dd-8e9b-515ca4565523	1190
b9903724-6d0d-49ea-9d7b-451ea0ce8e2d	1178
b9937d9c-94aa-4d5a-a875-4445db01e840	1182
b995165f-80ea-417a-b93d-1c1ad7bc0a73	1192
b99b21cf-9d4b-4422-9dd7-dee3b2cdeba7	995
b99b9bd7-34a5-45fb-835b-31f372c6d9a9	1179
b9a3e344-456c-4d86-bb4d-51c2227de74f	880
b9a9d162-0dce-420c-b8cd-709ebcdbd8f8	1163
b9b01228-34d0-4e12-8cfe-cce6c689575f	1183
b9b295f4-f5a4-4467-9e8d-c13ec8ebb638	884
b9b592e3-0570-4bcb-aded-14dc0795f002	1172
b9b6309e-958f-4498-8618-807ab6d8d7a7	1188
b9b8dd79-7fc1-4416-b799-fbbbb77062c5	1187
b9b918b3-2865-4e0e-b613-c7fb4c71cc84	1184
b9cae62b-8549-434b-bdbb-dd529604b11d	1184
b9cfd8fc-3f5a-4e51-a19d-f5a7b51c007d	914
b9d98052-90e6-47e9-9b53-9b4a9aa27845	1188
b9df3d4b-49a3-4f53-a296-e7e53eebd394	882
b9e12a5c-b457-46be-b9a5-e06371c0cb7d	879
b9e39ecd-11b3-4901-bb27-f2d00167b952	1191
b9e52b0d-0896-4c93-b736-1cefb49bcdf1	1166
b9e85984-28f2-451b-b4c2-61dd75508b49	1160
b9ea88cf-1672-41a2-8c31-d603d8873d96	1170
b9ec7d17-1abe-47cc-8622-97fc6af85746	1186
b9ed2336-8220-4987-a2eb-ad287fe5ac30	1165
b9f1b584-3b31-49b2-9ef8-635e0319a3da	1166
b9fc59bd-99b1-4e90-b70b-d84653f75cf7	1184
ba011439-ada6-49bb-8ce9-6dd21aecef5d	985
ba02559b-9a28-46c6-bf02-a13cbb70b578	864
ba0401fa-927c-4787-9f01-54d0c0738999	1176
ba06c9ac-c53a-4112-a6b9-fccd68a7f8ab	1190
ba07dc2a-6fe5-4db3-be5d-35433fc7284c	884
ba0925b9-1e0d-4cc3-bfde-384e36a8d5a8	1166
ba1206fb-21ed-4597-94d4-b55af09ea370	1168
ba13b882-602b-43bd-a48f-121d692e1953	1158
ba156066-8a41-4c76-b6ac-0ff4046a1825	1190
ba1d89e1-0828-4c85-b862-1a41a693a05c	545
ba322bd0-7da6-4441-9b5d-9033904796a1	1163
ba341c54-ebfd-4240-92a8-6983af47faf6	1166
ba3669c9-a2c5-4b7c-9759-d8a359dc6097	863
ba37a638-f4a6-4e73-9b88-892bec22c430	865
ba3ce5a8-7f8d-49bc-adb1-62a84b56ce48	875
ba3d417e-4212-4ceb-b59f-e8501383f161	887
ba3fda48-9481-4d1f-9583-d60bc6a68c6f	1188
ba404f19-3acd-4712-8399-e1a44274c502	856
ba4e316c-9914-49f1-a6c9-f4f3d0276377	862
ba58c635-853b-4b28-a4b0-39937d8c9c6a	864
ba6121d7-95d0-4d29-bce7-ddd59306a0df	1184
ba618af4-1db4-4a4c-8f0a-78d782566421	571
ba6224ab-b6d9-4dd1-8d21-7041ed0da5e1	1168
ba63a33f-a406-460f-9ec3-445e836d363c	1163
ba69df67-5661-41ec-9ccf-4af8c5091852	792
ba6b35cd-127e-494e-a59b-d42547358081	1169
ba6ba91d-59a4-42c3-8d9e-81c8a13707e8	882
ba6e9589-f3e5-48c6-9214-b5a5c88dbf2e	862
ba709233-d751-4dbf-b627-9ad377cd09c0	876
ba70befd-dba1-4d9d-b552-897813b694b5	1177
ba764fc7-f4e9-4382-878e-98e374bc1d90	1164
ba7a0bf4-b42e-4dc1-a5a7-48b81a6fbf56	1182
ba7a47a8-ec37-4fa9-9d0e-174f8859ee04	1173
ba7d35b9-5624-46af-9c7b-028c6841f8c5	885
ba8b300d-692b-4e91-8e8e-d11871d1d42a	873
ba996c82-6902-4a11-93b1-7193270516b6	1174
ba9bbfdb-8b45-42f4-99fd-f20ea62112bf	1174
ba9cd0af-e0a3-44aa-821e-b819b96a82bb	1156
baa13f70-30ab-45b7-8152-4aad6ff0842d	885
baa78934-0b74-4503-8fd2-829e08f30392	881
baa9494f-3fe3-4191-a9c1-7b99c1a33fa0	918
baaa58f0-1eef-4e65-be85-d787e75375fa	882
bab912aa-66d7-41ca-8368-d321ae83e4c1	1185
babb6429-81ce-454c-ae13-06ea670a7f28	1179
babf6638-bf9e-492c-8df9-43f30d9baa8e	1169
bac59771-a930-4da4-8701-696753ec2ccb	1187
baca6c57-c010-4b21-a8ee-c46e3c95713e	1184
bacdaf19-9d78-4538-ac0a-d8e527124c16	1166
bad4c41c-a80a-4882-a9ee-6bcf37199fc9	1173
bad7c5dd-32b5-4443-97cf-df9827d7e6dd	1185
bad7f06d-12d0-47dd-9bf1-992a0ac85224	1158
bae0f692-1fe5-4771-a3b0-23c62dc491b9	882
bae298e4-1aff-4051-9e85-8258964419c1	886
bae5757c-6a16-46fa-9f83-daf857e2a5e7	884
bae67b25-b69f-4e98-a532-c6353d10053a	1186
baf0f793-395c-405f-86e8-9f9d175441a3	1156
baf3e9bc-53a8-425f-9f28-84ba65f8e866	886
baf5f461-1733-4667-9ffc-4f6fdbc8dcf1	882
baf7d919-bc7b-4aa6-90dd-503b0be44464	882
baf8c5ab-ae43-4cf7-8032-5d3bdc171584	1164
bafbc2f0-41d4-45e9-bcf4-62372d6ad543	1178
bafc2f12-1241-4333-817f-027d447f0fdc	891
baffecc1-0fe9-41f1-8333-b4590ba01d87	1175
bb01b7c0-35c4-4b96-8a6f-c4137b2926a2	539
bb07ddc7-60c1-4c50-bcb1-812ded7e762a	877
bb09dcb9-db4d-4927-85b8-c3949848401e	1184
bb0abd4e-8f9b-4db4-8bff-fbb846b7a665	1188
bb0bcb0a-4347-424c-826d-a28ea9944d62	1180
bb10ca92-6b4c-4696-a5ac-b37e9d3569d3	1188
bb1d96f2-db11-402b-8149-a53e63db65fb	870
bb1f6499-bf87-4f6e-bbb6-d5449f36671e	861
bb22248b-26c4-4da5-b376-d9d5a61fcb70	879
bb24c81c-86d1-4516-9982-f00142c633ed	1191
bb299118-a78d-47a5-a1ae-1dca35bbc243	1188
bb2c6194-8b9e-4693-92ca-856b99f307a2	1172
bb32aa83-7881-4e1a-91e6-979b98d680ec	1166
bb32fe9a-3a35-4e60-8b59-fb42a1ac1730	862
bb3993d2-b578-4a9d-a7bb-502c1fe34972	1906
bb3ff2be-622a-4234-b556-98a697a392e0	1179
bb441e8d-0a62-429b-b9e2-fdfb5f46da24	1667
bb4520a4-53b3-4ac5-b694-8c0533444d16	1183
bb456052-a90c-444c-b4e1-4e24a7d1b3ef	1161
bb46b976-f080-47a4-8ddd-732eabe2366e	1165
bb49dd25-cc0b-4a5d-8f90-508c283622ee	1180
bb539595-42dd-4b6d-b43d-a5c1e14fa389	1182
bb5d7a7e-7849-47b4-8d29-1f13c1dec995	861
bb6293dd-267c-4e28-a6ac-c8a772bc18dd	856
bb632166-5e81-48dd-b9c4-66a8e341ac87	882
bb6fd8c1-2b67-4407-a4a1-8c7fc9158e38	1187
bb7db690-09cb-4c55-acf6-080c57675574	879
bb7e4959-fad1-496a-9f10-f491369b3750	1164
bb7ef363-2e04-4361-89fe-55ce413ef80f	1165
bb7ef453-0680-489d-969f-ac8684afd92a	1168
bb82cefb-152a-426f-8204-d2a37bf7b9d7	856
bb869bd1-50f4-4832-a3d1-fbded74e3b87	861
bb89c055-dab0-4dc7-b394-9dff68a62b51	1185
bb8db565-5031-44ed-bb23-251dd344320c	1182
bb904eb1-128c-4ded-938f-f7ceea619d12	989
bb925451-63be-46fc-a489-3d22b8780ed4	1166
bb92b508-b4b9-4df3-b2d3-c403e987762a	1180
bb95adf1-737e-45db-b15a-ae120bf8b0f7	1188
bb99e0df-250c-470e-a7da-09cc3be62e32	1187
bb9be747-ad0c-4c50-9636-529cdda6130c	880
bba28d47-9e40-43c9-bc9c-1495db3d1af0	855
bba32026-b33f-4b67-97d1-67e72bce7dce	1173
bba53b17-039b-4a0a-bfd3-a47c80bac1a6	1186
bba804aa-3cd4-4462-946e-c67baea31e3a	1161
bbaa3793-1c7a-4bba-8e87-72c061ed6ca3	864
bbac78a3-1455-4491-8b6c-06294324d2e7	875
bbb26927-7681-44a4-9e14-90f4bab94e38	1186
bbb54553-ac8d-41db-a559-34b934baebf6	1184
bbc03953-52f0-4cc1-b75b-bd574b43e5f3	989
bbc5fc41-5e50-4349-9e1f-5d70d6f4772a	881
bbc87f3b-c21b-42e0-8bf2-f0dcb30fc8ea	1166
bbca0f75-9991-4b2d-bdba-b4060b4dece7	881
bbcaa30a-efd4-4c53-9155-86b05534e35e	1188
bbce19b9-ece0-4519-b8c5-4d7b2db91467	1186
bbce2e9b-ca13-488c-bbbb-79543ce1b588	744
bbcfa449-4e75-4c2c-a67f-c1b0c5250780	889
bbd38c78-6afa-49c4-b656-fdfe348914c0	538
bbd3a8e2-463e-41a9-92f7-bcb46ce58bf4	1167
bbd6d54d-722b-409d-b4fe-4e63fddab4fd	1167
bbd885d5-b071-4ae9-82aa-be774cc71fa5	1152
bbd9f192-bcb5-41a8-9264-35760042c0f6	881
bbdc31e2-e2a8-4313-8046-4952ae95a2a0	1179
bbdeacb0-d20e-4ca2-b9b7-51deb6bc34b2	1164
bbe6883a-4519-4d8f-96c9-10ec355d4631	1164
bbe767ae-9e6f-4c4d-ac60-1d9a64d4b454	881
bbf83d7d-0b23-44f6-a07b-21508e3e3bbb	1197
bbf853eb-5253-4a29-8bc7-cdde5d9483dc	1174
bc0290eb-981c-46e1-a9e3-d02b8b56a0a8	1169
bc02c927-1a55-4705-a022-d853328eaad2	887
bc07ca7b-78b2-4caa-b313-f6176324844c	1161
bc07cc30-cd1f-4bc4-9d45-732ad4a9769b	1168
bc0aa02f-8497-4c9c-bde9-e382d1836c14	857
bc18bb4b-104e-4ff9-a4da-abd442bedfad	1185
bc19a7cd-573b-4c91-870f-2b76d1eb7774	1188
bc286ac3-2c23-4ffc-9b14-5f921961dc63	1181
bc2c543b-9cb4-4af0-a041-be7db7bb68cf	1175
bc2ded41-b8aa-4d0e-8844-78c8764fb9c0	1011
bc3cb2f6-b496-4a17-8d70-ad529b5d4012	1159
bc404e71-a98d-42ed-ac9f-19b744d65ae0	1190
bc44523f-01be-4e64-85ac-fe8190e8d739	882
bc45f180-1e61-4acc-87a8-613edf67a695	1182
bc4629b5-ded1-45bd-bd37-accc922a8d95	1167
bc47779a-84bf-40d4-a4cc-a75b2250c34a	1163
bc48aaea-22e6-4a25-b6d0-e282610d636b	1184
bc5a9594-e856-4231-9109-92a788ad5748	1193
bc65213d-9d48-4c46-9e6f-21f32a56af69	1176
bc67a39d-b22d-4123-abc8-14a856be3315	1103
bc68b1ae-03d5-4d2c-a455-c03c3da83a28	1180
bc6e09cb-856d-403b-bc51-bb329bd5a2a6	1176
bc6f9193-bc85-43a6-adfa-0aae32d7ae38	1169
bc6f9e70-faed-4c68-bd87-5dfd2b9c636e	1193
bc72f32d-03e6-4580-af50-1aa215d92819	1167
bc735ae7-b0e7-480a-940a-bde215c6bad5	1810
bc7508f6-8753-4352-9bd2-1d396ade49c4	1168
bc75a6ca-71a8-4265-a16a-df9ab3e9c98d	1186
bc7c280c-6bd9-4854-85dc-54937dce41fb	1170
bc80052e-a925-452b-b685-91df91988166	1613
bc837fad-3e52-4205-8686-74156fdd9cda	856
bc89ffaf-06b9-4f3b-8555-7710a76ac937	887
bc8a1e4b-c66f-4dd1-9b6d-5359cf1a1d2c	874
bc8bc531-64d9-4be9-90c3-04d6ee860086	1298
bc8c3ebf-4dad-467c-bf82-4de36ffe1f3b	866
bc8c9356-f898-4b3b-8ca7-2284d3323263	861
bc8f13c4-8f6f-4b52-b249-13f164fbc02c	1160
bc933121-aec5-4b7f-a5d3-27aef81bdf26	1577
bc9a3b91-e41d-431e-9606-a3e8b18ea617	1181
bc9bad69-9243-422f-a8c5-adda9e6a6c52	1182
bca121fa-6c68-47f8-a9f6-34319cfbf91f	1187
bca1e77a-e531-4460-904c-6502f769a13b	1155
bca28811-73cd-415e-9fc3-4731ce4612dc	1184
bca9583a-d9a3-4ca4-9a87-f82aae7fab48	882
bca9bea9-89ee-422b-bf9b-0fb76351071b	885
bcaac642-6eb1-4416-a58a-d04c07b0ae92	1183
bcac268b-3fa6-4ef3-9a6d-0e4ab0cc6fe4	1182
bcb0b082-f149-4021-aa82-92b428f09290	1170
bcb0bd43-f18a-4038-82e5-1923a3006140	573
bcb16af7-f385-42f2-834c-a55c3d67be5e	1183
bcb17246-dadd-466d-a32a-ab16ffce2c28	1183
bcb408b1-9139-4d29-9038-602185bddf25	1158
bcb71cb5-a372-4417-92db-c54e80d8b2b7	863
bcbfb72c-d74a-4666-a937-eb2d6653aa09	1171
bcc3c3ee-7a28-4585-b223-f552d6471abb	863
bcc7e235-c903-424e-95ec-ad8508874dca	941
bcc98c55-a981-46e8-b552-a32db2ad5fab	1169
bcc9cf07-ab0e-4a19-bd6e-db2fe4073c4e	887
bccad278-8e1c-4c07-aae1-06c2bc93be51	1186
bccfd1c0-811b-4307-9b6d-1a6d2d5a4e58	886
bcd01b85-697f-46a6-8e21-ac424dbb9e53	1145
bcd2ef4c-bf2b-47c0-9b51-b934fdbda82f	887
bcd8a72a-dd3a-42ff-b512-bfaaf0300afb	858
bcd93642-eaf4-4750-baba-316fe76fab14	1187
bcdc79bd-ff4b-41d8-a369-9a0972430d24	887
bce1562a-8df4-4dff-b7d9-899e10be293e	1184
bce172d2-76c6-4358-9713-9f8623d25ee6	1173
bce624f0-574b-4315-8ecc-660a3b80b184	1725
bce829dd-ff47-4389-ab09-5b63044a9502	862
bcebd32e-2c56-4034-ba19-b8f9f5786d33	1182
bcec2f16-050e-4f2a-92f3-c00f5748ebac	1161
bcf10dae-58ee-4574-b473-eb1d2fff423f	877
bcf2aa21-a93d-41ab-a994-fd51a23cbc5d	865
bcf2c053-4ff4-4f3b-bc0f-36802accaafa	1187
bcf4c87f-4e77-4220-a3d1-83d74deaee62	1180
bcf66455-a4c3-4c6b-8c80-bd0fb9989c07	814
bcf8ae3c-1c40-4cfb-b9ce-6a29d00044d8	1149
bcfc01cc-185f-41a5-808a-c6fc9524dead	861
bcfecacb-f13f-4e4a-9188-5a1fb66ae31d	1162
bd09075f-5575-41d9-a7ab-9ca188905dd0	1176
bd0d3ced-3c1c-41d4-a5eb-f4b1dd4cc8f4	1167
bd0defbf-f40e-42b0-b751-dbef13cb2c8b	988
bd0e6b20-6e27-446e-becc-98802119224c	1164
bd1b1eb4-9051-46fb-b938-87bc68fcbb82	995
bd1b285a-10ae-42b1-adc9-d9a0ccf91ea9	1185
bd22028f-7782-4e83-8616-957c0d2cf29f	596
bd25788d-eddc-4100-879f-524ad6746b1d	871
bd27a562-dcf9-4e7b-8236-8391dcb81201	858
bd319cf3-b509-41f8-a77a-ab837d361bf4	886
bd4363cc-b936-4d11-bbe1-8a00d62633d1	1191
bd52f7a4-3559-4809-8e3c-5566109a2b66	1192
bd53df57-ae1a-47de-ac31-63c6d83492a2	1163
bd564c82-fbbe-4c32-877e-139e02ce000f	1158
bd5ad670-73eb-4f06-ac4e-ed39040b1f76	884
bd5fd502-b1f2-47bc-aea2-ce86df8a7af8	1836
bd6e8766-1697-4073-aed9-c460c7b2bbfb	1179
bd6ef8ee-5343-4946-adc3-bb96e613e888	1179
bd6f7aae-e613-461b-a33b-cf1b5f11bd69	1491
bd736092-c2b1-48e4-a70a-56add571aaf9	1181
bd75f4b6-2d87-4193-9ca7-a2e3e681b01b	887
bd790d6e-66ba-48bf-83ad-aff654e2927d	1174
bd86921e-3e12-4e04-ac56-fea7ff471c2b	1165
bd86bad3-90f2-488c-9000-48f590e1b0d9	1184
bd878345-ddbe-49ef-a273-b5379b2c9028	880
bd8b9882-ec48-45be-afda-492363cba5d8	1163
bd95b415-f322-4e07-9ba8-8814ece75e5c	1188
bd972464-c525-4233-8d5d-2c156fc5cf3c	862
bd9ddc17-b47c-4928-bdae-291340d5406d	1162
bda07e17-4374-45e3-a968-2e34e0017bb6	679
bda5186d-0a67-4479-8ec8-9d56ffdf3137	1167
bdadd5ba-0407-4f85-a149-14e8503aa17c	1166
bdb07f6e-9476-4adb-b639-f8391ad3c6fb	881
bdb25496-8ed3-4d10-ae72-ffc4954657d1	1183
bdb9a235-599b-42b7-a8d3-fa148b3f2f23	613
bdbbcc20-b4e5-4706-b762-b4a1bf077f3e	884
bdc4bf09-98f6-414d-bf0d-3fb9b3ef5f6c	1166
bdc5278c-bd65-49e9-8aa5-30b45d54123e	1181
bdc71ecc-706f-4b6e-95a3-d90928f001ae	874
bdc980ff-a899-45d7-b709-d1eb45f40421	1181
bdd9a00a-47cc-4a7d-8a60-3bd8d4c8b706	1162
bddd9410-da27-4923-8af1-99a54af54b17	1164
bdde78fb-674e-459e-bbee-7da1925fafd3	1160
bde4d50b-7a71-4b71-94c3-ec091a4ce08c	1183
bde97206-e4cc-4b4a-aa49-a62a94746b61	1183
bdea1b97-f984-4267-8ac9-5b428d8905ee	1655
bdeb5eed-0a1b-457c-945d-e8b0a5463eaf	1167
bdeeca5a-a364-4904-891b-ca10100258c0	1165
bdf00c7a-49c8-4828-a342-6f106c5ea939	1185
bdf0c2fd-aa64-4af6-a399-5838dd5692b3	864
bdf1262d-79c6-4ef4-b5ae-3c5525337c42	1173
bdf32914-848a-49cc-b155-d282d5467b6f	864
bdf3e1d9-e450-4a6c-9551-9c0c014ed0db	1184
bdfd33d0-a82c-4655-ba42-cbd0473932d7	1166
be00ede4-8f2b-4443-8475-99b767946a95	1178
be029874-91d3-4934-ac18-f624caedaf33	1191
be02ad87-d67d-42e1-b282-8054b839004f	1157
be0aac5a-551f-4a4f-9e75-c2906c6a46bd	1166
be0c64a5-1fa9-4eec-aa07-9c09fc280236	862
be1448dd-04ce-4d44-931f-5415a62676f9	1185
be15330c-0f36-4e3a-897c-2111244609be	1167
be15ba1d-b7ca-4cc9-a9c6-fef96beae76f	1187
be15cfae-7071-4f12-9810-15abe5a4bb1b	1182
be1643f0-2fac-4ae4-b410-904389a04238	1171
be1996b6-b4e7-4937-9df4-9e212f73c91d	874
be1b8490-f71b-4f08-8631-ed144a8f33bd	880
be1bc827-ef57-4734-b851-933a3754ce55	858
be1f3ee1-fd4d-4b0a-a667-893e4bd98f34	884
be2074bb-c567-488e-b379-02d9bfc1d4e6	1160
be248ec7-61c3-407b-a73e-91149489d9f7	861
be290262-4053-4416-8513-54a33ae21274	877
be2facc7-51e6-46c6-a5c6-18ca06362ddd	1182
be310978-02cc-4696-a5f2-59560108a74d	1161
be316a9d-8665-4cfb-abe2-89384a3a6713	881
be47df6f-b290-47c9-aa7a-295d6c7b6bc7	1833
be48a6af-ec57-4315-9014-fa9c74a2a028	1167
be48f496-33b7-4069-8a59-caa4968db663	1178
be4c0715-38c4-4219-a337-4544c4161102	884
be4c9ad6-13b6-4c04-b34c-77c3ea33d142	876
be4fe283-04f7-4d9f-87c3-a567a326d136	1176
be555f6f-0e0d-4648-a2c5-d713538e1ecc	1176
be62f183-2b75-4fd0-8feb-3fde2c83c5b5	1170
be640fd9-9e87-4bf1-9f6b-9d38c8294eed	878
be64fb0f-0323-4413-a8d3-9b7d9c4aaeee	883
be70d106-b812-4dde-8f19-2fc2d4105c31	875
be7758d9-24e6-4eec-a4ef-1b98e3c92fd3	1178
be7ed5f6-67be-4880-84eb-468069be2d5e	1162
be81cf78-3d17-42dd-9b36-dc575765c80a	1185
be87265d-f15e-4911-b247-070d41697716	882
be8bb870-4fc1-46bc-ac44-e78de0aefe0b	1191
be8c4e63-64c3-4397-b50e-eb9dd5a37354	1164
be8e323d-bfa5-473f-b852-2aa1f943b2eb	1155
be8fd295-48d5-4b5b-9c66-98588a4b8579	1162
be929f87-b26a-4a35-9eb2-c1c2e6ae256b	1303
be9af736-162b-4931-99cf-84bafdbd08a8	853
be9bb3f7-ca22-47cd-bff3-59579f43f813	1184
be9d031e-bfb7-462a-bc84-e6d50bd14a2a	864
be9d14d5-9b6e-4349-8cc8-1ceb8b0b2c5d	1166
be9df7a7-f4ef-4e4f-a818-824029fc5da3	1154
bea16662-57a7-4e07-8487-b57602b66ecf	1634
bea59e65-c02d-4b6a-a6d1-0da3f5295119	1291
bea7679e-58fc-464f-bace-4a0ff0d96b28	672
bea7807d-7d52-4d9b-8007-eeeff4b16c93	1156
beacd7e9-a0dc-4183-abcc-146cc23203e6	884
beb32cf8-8e94-45d4-97ae-1520b1871bc3	1186
bebd9c9a-b7a0-44ea-852f-964cbfc0bdc8	1181
bec45b6e-ad7c-4997-b4b1-e2f654dcbc6e	1158
bec5b318-fc54-492b-9b70-3bc38e70adc4	1185
bec9688b-af04-44eb-bef9-8787cf6f2053	1177
becd82eb-17e5-4644-8c8e-043fac1318b0	1162
becdf1f5-393e-4965-8232-de31bbd0bbaf	1163
becf1ffd-4430-4292-9b0f-f5be216c5fd6	1159
bed299c0-db84-4caa-878c-6d2a4fc819b5	1179
bed2c1a3-3c3c-49fe-bf74-0005116f11c1	916
bed3ad2d-b402-4bd1-847d-9f270bf17b64	1187
bed7c2a5-351d-42f6-bb31-c586bcd150e0	759
beda76a1-8aae-402c-b5ba-85c405650838	703
bedb3985-bdfd-4d76-a0d2-45d21b92a156	1185
bedc707d-3762-4549-93fe-f64c581b81dc	1171
bedf2710-233e-499d-92af-0262afd49267	1163
bee47a69-8f50-4e07-a63e-39a1b5546de6	1157
beee6459-717a-4c70-b0c1-8d4937b0b892	1153
bef021d0-20dd-4352-9b75-6b82ee3e3c72	1167
bef21a62-176a-40d8-8345-1b73a498ff93	885
bef274e1-d728-4576-a3ae-45c1150aaf88	1165
bef587a2-b550-4be7-882b-b2c257c1907c	1180
bef982b0-84d1-4ac7-9123-25038d978031	1188
bf0316a9-7f48-4cdd-a2ad-a83860ddbe6b	1198
bf038d8d-5132-455e-8619-bbd659b347de	727
bf04b9d5-95e9-4f5f-81f9-e081e956303e	1191
bf098591-8695-4c1e-8fba-37679419ad9e	1169
bf156373-55c8-4752-b671-7258f0472b26	887
bf1d0bd3-1381-4afa-b59c-1cff5979275a	1155
bf2346b0-7248-425f-8088-78dd75d3025e	890
bf2f2bc4-66c7-4e65-b0d4-f60bba7fd1e9	710
bf316fd7-8549-48ae-96cf-99b968ecdcc5	1162
bf31f614-3f3f-4115-8a5a-7cd4398faf51	1179
bf3c777a-ac4c-4ff2-a98d-b62ff9e64453	889
bf43f79a-727f-47fb-a214-6b2be7a97b6f	1276
bf4e8781-d3e4-4da9-b590-7d6bb811f8a1	885
bf509dff-44d4-4195-92e0-57f2254bff18	1181
bf55ca14-d6bc-43e9-b34c-011a185faa73	864
bf5b2e9a-4e24-4de8-af80-e51bec322238	1174
bf5c0404-b583-43b5-9e98-6d97edc2246b	880
bf64b4e7-7fff-4aa7-b3f9-560e21e8fff5	1188
bf702a02-1ccc-4a22-a6f4-805f83b35e56	1191
bf71a36d-9246-4b1d-91d9-550fc8ec0d9f	891
bf735b2a-69eb-4c38-85f2-69a194658bac	880
bf758272-71e2-45fe-8a1d-4ce112d66ef2	1169
bf7624c7-89af-4112-a87e-7e0cfc7909cd	1167
bf765a1b-c942-4636-8502-7dd8ebed0076	861
bf77c2e1-41fd-448d-8196-d2e80a52e9b4	874
bf7aca3a-7be7-4be7-8023-1a4694bc256c	1180
bf835b66-a712-44d0-846e-d008be2055d9	1161
bf87c809-c658-48a6-8781-01de2cb48aec	1168
bf883541-9168-48e5-bb0f-55a5f1b9a546	870
bf93e310-14ad-4b24-a51b-01154a49bea7	1182
bf9cc37e-066b-42f7-88fd-26f7ddac11b0	1169
bf9e3bd2-5cc6-4152-a050-e3239a80bb21	1166
bfc07379-1be6-49d1-82e2-32943ece1e6d	1162
bfc49029-d7ad-4cac-a53b-cedc692b5bd0	1161
bfc8bebd-9b29-4e6c-9f44-346bb8485e8b	1166
bfcd502e-b4f3-4816-bfb4-72a9f33f7d6c	886
bfd40851-ec91-460c-95e2-9409ad5ffdc7	1177
bfd63cc5-b97e-4057-88ec-22e64ede9460	1167
bfd6fc6b-33fe-4827-af5b-fe5a9b31f38f	1166
bfdeac45-db03-4e5b-9b4c-50cba64274b2	886
bfe492b8-c9fa-4069-a0dd-e68df047a830	1175
bfe9493e-a9ca-40fe-9f6c-9ebcb8dac875	887
bfeac62d-5567-4e6b-9275-30607ad8d2be	892
bff325fe-07f1-4580-9b16-9b49613fe82f	1165
bff758da-a12f-4991-a3dc-428299977582	1182
bffa9744-9b16-4149-8253-81d03be04622	1188
bffdec97-cdaf-4540-996e-6bd5dad0eb22	884
c0000b60-01a2-4d13-9b8f-ff4ba3105c9b	1180
c004f96e-f5de-44b7-a8b4-55e1e30f7cc8	1160
c007f063-dbc7-4fb6-bf0f-325518587ea1	1181
c00d393c-7766-4d85-8a3d-428b33e050bd	881
c0103fd8-f7d4-4519-b942-394c3fff1eaa	1170
c0110591-273f-4046-93c9-0fe107d334fc	1193
c01fdb8e-615e-4a5b-be5f-54b6559beadd	1168
c0209545-5f23-4b75-bf09-049bd5fdb49f	1188
c020ce7d-76ef-494e-a6df-4b73320ec2d6	914
c0239db0-678c-4569-8772-3b0ece41facd	862
c023b20b-2738-4f72-bb4e-8f356fa18025	1182
c02518a9-c34e-4caf-8585-a238b354dad2	1166
c02c92d9-7994-43a4-8058-646d8058b97b	882
c032d300-18c8-4f8f-ad72-b0e2425f3a9d	1183
c035f3e5-a649-4ac3-bb5d-72c335e6ba70	1162
c03a3fe6-0d55-4f45-9b73-53ca23c4d979	1168
c03f8b68-dbd4-43a6-b1d7-21101e88244b	886
c040300d-fd6b-499b-bf74-b7ad4f213e6a	857
c04127ff-985b-4682-847d-750f2e754d95	1186
c041545d-9a58-46fc-acc4-47a0a1e69b32	887
c04a42a7-fd1d-437e-890c-a71848480be8	1183
c04b5ad7-28f3-44a8-8a67-a3b2d6d29fb6	1170
c055d487-45ab-4e70-9a68-a167690d12d6	1174
c058407a-0b99-49d8-8b6f-b5cdd9a45057	1179
c05daa9d-64a3-44a3-9e94-16456b4b4ec0	1174
c05f3d38-91a9-48e2-a840-528e20801353	1166
c05f4f3c-6985-48c5-8c23-053383e28cd2	861
c0639893-5524-449f-955d-b56233b7cb3a	1545
c068ea81-4cc5-4edc-bac2-72576fcdfa03	1153
c06c39aa-145a-44b5-a30a-3cf841796dce	1180
c06dadb3-9f32-42ee-9ca0-88169d7ebaa4	861
c076cdec-d36f-4d83-baa9-abf75f12ec0b	1169
c081e848-3628-4396-9d35-2fbdac393b5e	1170
c0833501-7655-419e-b920-b1597d053c77	884
c0837255-f3ec-4ec6-a8ff-5b31192b8fd8	1149
c08e7124-bb21-418d-a56f-9b11992cf779	1916
c091840e-7224-4754-9c55-aa1feb365629	884
c092c9e6-5f6d-45a5-9052-44b7a4f9a1f8	1143
c093a411-f57e-4cd1-a791-150eb4be8cf6	929
c095551a-2b4a-4118-8b5c-a2248b01db09	1175
c095e51b-beb1-4b57-a9df-c67b26f10235	882
c0a4e9fb-2eff-468a-b2e3-aaaf1861dd08	888
c0ad34f0-a674-4375-9dab-cdb747c47aeb	1185
c0aebc34-7881-423a-8fc8-da557abefae9	2202
c0b1fdb5-799c-4b22-89e3-f202f294aab6	1172
c0b263b9-b16a-4911-a420-f0ebbbf68d27	882
c0b82203-09f9-4808-85bb-08a8c7a66b95	981
c0c00919-e5bd-4d1b-a5af-a80d3c2eafd5	858
c0c02d91-b2c3-4441-9d77-4a39d325f3c7	1190
c0c0553b-dc40-4240-960e-39fe9c8cee39	1169
c0c1aa66-732b-48ef-9880-daa10ad87f22	1185
c0c5a757-7e8e-449e-987d-6782ddf008a9	1183
c0ca293a-a615-40e2-9d37-c3aaa9fdd629	1155
c0cb4978-5aa3-4687-a3cd-95acbddcc68f	1172
c0cecbb9-c3df-4150-bf53-1c464983ce57	1182
c0d099c2-af09-442a-8001-6db43644f309	1168
c0e25ee6-005f-4f65-883c-fd244e0dd993	862
c0e4d222-1269-428a-aa07-fabdd5d31a7b	860
c0e52083-56d5-4f64-89d0-41295f442b24	1170
c0e5a83b-b47f-4ef0-8268-9e2ecf900a4d	1180
c0e998f0-a85c-4f42-8e4f-c8bf27f0d70d	1184
c0ea6ad1-4b2c-40ae-9f18-4c3d8c3adfcc	871
c0f288a3-2f6a-4056-9131-98459174fc2d	868
c0f75c8e-8c88-45ec-9f66-71aab28d2168	1214
c0fba5f4-528d-418a-9cf6-d558bcefcfa1	879
c0fd046d-309c-4087-ab90-2d215466f771	1185
c0fe2291-befb-4a56-b775-183b19ec0888	1182
c0fea8b9-f22e-4a71-92a4-ec6af64ad752	886
c101feb2-1f8b-445e-a6fa-17c52a7df463	1169
c107f4b6-9d4e-422a-be21-3df90cc3c010	1184
c1082970-c718-4bcb-b49b-e0fd38755b0a	1157
c1138493-1fe1-4030-8fa1-6cab432ee035	1186
c115ec18-bd05-48cc-af84-5bf67cc686b6	882
c11a5ba4-5e37-4391-906f-f3624aeaec0c	513
c11f8638-6031-4ca0-92f8-be70b5a915d2	1153
c121f37e-7f8b-4061-baad-5dc9c495c67f	1187
c12624f5-a5b9-4731-80c5-62a61d95caf7	1188
c126a4fd-a42c-4c13-92b7-460cadbe4d3a	1176
c13220dc-56db-4484-b89b-63c2e1b0f02f	863
c13468be-9145-4fdc-96e2-34534198f5f8	1185
c13650a4-0ab3-4718-9508-602508c484a6	887
c1440b3b-4c83-4dd5-a9d4-96faac6b18b3	1185
c147efbf-53bf-4ad5-8699-714f19aa30b7	1159
c14d38ed-65b4-4f49-8075-c043eaf0fb2e	864
c14e3371-99f5-4329-a756-45941cfd6620	1180
c14ec637-1a78-4304-84e4-ce88ea3bc277	1179
c152bc19-b820-4999-abc5-d318224763c9	873
c1579a8c-f12a-40d7-8c89-038c680a0e73	864
c158e004-ee61-43c5-926e-7d31151360ca	1164
c16503e3-b3be-4f6b-994d-0ec2731d858d	887
c16b3056-6031-4de0-b397-1ac5bd26e5c6	881
c16d4005-38cb-4a27-9985-6c120de2e679	856
c170b98b-12e4-4017-b030-709de78f48d4	1838
c1732f79-31f4-4466-87aa-2bf52c422a61	1879
c17513ff-0d8f-4d11-aba6-96f5c9c7ddb7	860
c1765716-bd86-45bd-bb16-30485170a66d	869
c17a7385-f1ea-485f-b823-1c0e343535cd	868
c17c0641-43c2-4e84-bde8-826a1d02bab4	1174
c17d7e65-c5aa-4e6c-a59c-a1fc26eb1d15	1166
c1847946-ad21-416f-9900-51a598caee7a	1170
c1881730-86a6-4a6e-bd46-c76cb7f367b1	1183
c1893e00-0c6b-4c06-bdfb-b76e47abe44a	1188
c18e7731-6407-434b-ae49-81037b53ca08	1186
c18f9c3a-2592-4265-9f41-06ace1c7024f	884
c1925d5e-7f7f-4ec1-8876-ede3abd86c9e	1186
c192e68b-8a24-4f83-97f4-992ac9dda0bf	1151
c196929c-86fa-4e4d-a428-d4f30d1af8ab	1168
c19811a6-9c72-4688-9c59-486d7eafbc5c	1185
c198c28d-1f3b-463e-957f-bdd1ede1e4ac	869
c1a0c34b-6db4-4f19-9f55-51d7dcacb8a1	884
c1a19b81-0aab-4d63-bd6d-aa9f5578d382	1187
c1a38c9a-65d5-4153-ac0e-a61bb5da5702	1186
c1a8cd45-40f9-4a43-8e03-a7b806007b91	883
c1aaad44-7f77-4e5d-8519-699ff235cb50	1185
c1acff5a-92f6-4b9f-99a5-13853d70d376	1181
c1b2643f-d04d-44b5-8e64-2fd45c026266	883
c1b442fc-0a77-4f8d-a47c-a9eebf923f78	1158
c1b590a7-0bf2-4d43-8840-03d3a464d29d	886
c1be0463-119a-4dbc-b110-fc6282ea26ba	1169
c1c15723-65ba-4087-9a13-2e5322a5f95c	1169
c1c6b02f-db65-4154-8da7-4747be82e152	864
c1cb2539-039d-47a5-a4b1-bbbac96c70c5	887
c1cd74f7-c701-474b-9197-8cd23098089a	1180
c1cd963f-a1be-49ee-b991-aac5cc67e471	1161
c1ced145-dd30-4daf-a729-3e14c9a31cb9	1168
c1d40199-2207-4fa5-bd9a-d77b7cb8fc10	1166
c1d44930-ddf6-43c9-aec4-78ffe76ad834	1188
c1d706e6-b0c6-4b2d-bbf2-2add270e3afe	882
c1db64d4-224f-453a-80f8-36fd01549469	1167
c1debc4e-f713-4041-860c-df32c3edaac4	1171
c1e70592-5854-4f79-b417-cd09365fad06	876
c1e82c23-cd8e-48d7-b9ce-27c2c223ce70	914
c1f05291-bda4-492c-83ca-a845e74b2233	1164
c1f41861-0028-457c-976c-124e0991413d	858
c1f479a5-8540-4c27-92b1-27084637d101	1148
c1f4aaf5-c354-4b3a-86f0-43cb63b03886	1175
c1f7ab64-eae3-4f2f-85aa-a235ac544953	866
c1fae351-6e6e-4f7d-92e4-b364d4a9a928	864
c201df29-dec1-4a08-9b39-db0e19f4cc71	880
c202bf6b-803d-44a3-a1d5-ab82ee8dec91	1182
c205ada0-3159-4f44-aa00-5030ae552606	882
c205bbd5-b9a8-40d2-b267-f2f8577ffcfc	739
c20665be-426d-4485-85cc-7c431ad98d1d	865
c2066656-4456-47ff-9a1e-4cd41ba0cb9c	863
c20ca1c3-aa5d-41a2-b258-715af4594b76	882
c20e3fc5-d41d-4ca3-8bf6-b92e581a3cbd	888
c21219b9-25b4-4e8f-9c46-262120489543	1187
c213906c-dc48-4217-9823-382cb9959750	1850
c216bd70-83d0-432a-a15f-cf7870163a98	1180
c218cf18-9de8-4843-bcd0-41a9840ca63f	884
c21bdcbf-5e00-4811-b9d7-2fa3e8a75aa3	1181
c21c1606-9664-4c2a-91ff-cd33da932b5b	1166
c2209519-48ea-44e3-b8bb-053b87454ca6	865
c22765e5-c4ad-4cd4-bd46-f50a2da130c0	1189
c2295d08-4e19-4882-8435-3e724fdb5bb5	556
c2315640-6ee2-4b48-9e31-1b944fcbe2c1	1171
c235fe7a-ee1c-45c8-87da-8a7ab91c37db	1164
c237f2cd-c871-44e9-829a-cc5bd6effb44	1166
c239b654-e4ec-498c-aa1a-fa5f6b53170c	1178
c23b08ac-00c7-41b1-8952-4b23f59b6888	851
c23b7639-8b0e-4539-9bdf-63bc613680b5	894
c23fbe8b-a373-432d-afcc-a34d5b6bbd3d	1190
c2403aa8-84a8-4547-8503-ee5299fac73d	861
c24816a3-7516-49b8-88b5-fbf2c29b5ad1	1168
c24a67f8-f094-4c3a-a2be-1bced28c1a53	1161
c24f4c97-8343-458b-ba9e-9bb34925e093	893
c25337dc-c5fe-4755-8516-be0fb71bead9	630
c253dbf3-eba2-4708-b3f3-53b8198123c3	863
c254b364-f3c7-4f0a-891a-dcd4c3a4273d	876
c25b58a8-b4d5-471f-ae95-d9c77550b2d7	1170
c2657bd0-e31b-4c8f-a4b1-b02a98fae32d	880
c266185f-60c6-4bf7-806a-d10c8f800425	1167
c26b5c71-f9f6-4f51-bf80-69904dc3df26	882
c26f8808-7658-43e7-8892-81a52230915a	1161
c2743df7-b89a-46a1-94b8-f04b5c1d2888	881
c2760b8b-2ce2-4bff-a270-adef6f9633ec	1659
c276a9c9-bc22-49c6-bc6d-27a63e582e6a	1171
c2810678-21c7-47b7-b0d0-75cdde47e41f	1167
c284106c-ca89-437e-8cc8-066a0f84f89d	1166
c28730fb-c858-42b9-a0e7-fc69bb7a325b	862
c28a0d38-e438-4da3-aaac-b9122412e670	881
c28b5ca9-31b7-49ff-9d9f-97d5e987d0bf	1189
c28d0c33-a375-455a-8e81-119c5479e4ef	1496
c28ee2c9-589d-4aa8-b780-02f08f58b75b	1169
c2921ba4-7a24-4d42-a582-bae26c9fa13f	1169
c2934e06-8207-4248-b070-c4d27c69cd23	1176
c2966206-566e-4720-8338-65e3091f5c49	1165
c29a4d25-1af9-403d-a21c-982b563028c1	865
c2a1e2ab-2816-4e6e-bae1-35c786991b02	1169
c2a2faa1-4fa2-4393-b61f-b3e941d2f0d4	1183
c2a452f9-317c-4515-9548-1d25f43ce0a4	889
c2aae94c-9ac3-42ba-9805-5e8b5c2ba0e7	1170
c2adb315-7372-4676-8814-b7520623bb61	888
c2ade05d-377d-4393-8270-ac0be6f5a42b	1160
c2b423ed-e1c5-4888-9c67-35e5d191f01c	1171
c2bf595e-8bef-4ce5-ba31-1aa211055606	859
c2c159c4-61be-4082-afb4-5eed189b817b	854
c2c2d3c4-88ed-4fa9-8c83-26436685f695	847
c2c87a95-f273-4317-83e1-f151aedec8a3	885
c2cb76f4-876a-4480-a42a-951a83b97541	862
c2cffe61-3e8c-495f-8755-e04ed504407c	885
c2d12780-336d-40e0-8d06-484d2bc1f280	1190
c2d4517d-39a6-4981-9f82-31583b6dd232	879
c2d72dca-6178-47b4-9662-d499df435495	985
c2da6e71-8a1f-47c9-adfe-4ce532c55f6c	1676
c2db6b48-3d41-4027-9981-e287d18a473d	1180
c2db8cf1-f640-4125-9fed-baf2984a1b99	1169
c2e25d73-95ef-4ac6-b26d-d123328d4045	1158
c2e35562-657d-4d43-8a9a-5174a14ce14e	1162
c2e6453f-e4bf-4923-b458-da7fbfa49cf3	1211
c2eac47b-d863-433e-baae-7e97a445f75b	1178
c2eba93b-9296-4a68-a8fd-79f27915821e	1166
c2edf75c-4693-4279-851d-0912e61f471a	1167
c2f7ea32-71ad-4ed7-969b-65107cba2c8d	859
c2fd84b9-4f66-4268-b873-daf76f244499	1182
c2ff9dcb-d89a-4f90-b010-a97356c1f566	1168
c301ab4d-8b5e-4435-90bb-e230fb99aadf	1164
c306bf48-c1da-4c98-8acd-f1f63fa59cbf	1188
c30c459b-127a-4de5-9487-256d9b487db6	888
c311534e-9fa5-478d-9f8d-b3e9a0e93a68	881
c3165949-eb75-4fe8-8cec-23959501ee61	1155
c3167ea1-e220-4497-b00d-a26240afdd6f	1180
c31dd8c0-9614-4297-b84a-cbcc8cbcfa58	1187
c31fd5b8-39d6-4729-88d7-2e95b712b87f	1001
c3225d5b-e26f-4940-8195-95ba446f96e8	1185
c326ca00-3ae8-42b6-9c12-d0dd94e9cc75	885
c32ac98d-aa62-4ed5-87ff-cb82b008dc4f	1186
c32d21b5-6ab4-4169-8fa9-6b4d26ec1e18	1183
c3338a9a-6ec5-419b-8906-d7bcd5fa422a	988
c333fe9e-6cb9-4307-923b-c1f40c260a6d	1162
c334e1e8-be41-491f-a13f-85a2a90e1c63	1185
c33623a6-6d95-494e-8865-726004645858	865
c338dc59-4629-4548-b976-1d70b724419f	1882
c339627e-ade3-450f-9459-e61f24eea372	885
c339e599-9e08-47b2-988c-a6d9ba8dcdb8	856
c33c9739-08a1-45c6-a5f2-d0bab3264ac5	856
c33e94c6-37e5-487a-8519-51f80ba1cc16	1172
c341a336-91bf-4e3b-af7e-280b1bb674a2	1174
c3435aa4-baa5-444a-9655-3fca6a0ea132	879
c347635c-f6ba-4386-b754-72bfea1bbc16	885
c35038bd-674f-480d-a45c-5c0ab8919a59	882
c351bfe4-d8ef-4165-be0f-518675dd5e07	1174
c353aaec-89c5-420d-a112-20003b4ac7b9	645
c35727e3-d9a4-473b-9a91-f10ea7ac01f5	1167
c3583471-f7a7-435c-9c93-0db6f0ad85bd	519
c35b81e8-e01f-4b27-b0fc-24b8d6fe26d6	1189
c35f0036-d9ef-47f5-bc9a-b651fe182dee	1164
c36395f3-ab9b-4e8e-a5a7-f0042f6e3930	1162
c36885d5-f127-4263-86ce-8a8b502119cf	1183
c374d7d5-db4b-4e18-bf8f-b00217e42190	887
c37b5694-d6aa-4181-af6e-4d47c5f5de3e	1186
c37ca417-7789-473c-80ae-0f82cdb5cd0a	877
c37ebf96-15b7-44bd-87fc-c09b10b1541d	1163
c380b481-f296-4547-bfde-543ec085ca99	1167
c385e4e6-64df-47c5-ac99-3f5b79476b7f	1164
c38c7943-e15d-45d3-9b0d-842892497206	851
c38cc04f-1a44-4ce2-8db6-d68075d49709	892
c38d6952-734e-4cfe-8cff-01911b52030e	1172
c38deb3c-cc61-40ed-8aa9-56cb1dea93e2	1184
c38e8dbf-9e8a-44c5-b9a9-560e063fcc3e	1186
c395d734-3e08-44e7-aab1-9a303d1d7035	1180
c3961112-a98b-42aa-84a0-94e148ea181c	863
c398396b-0295-48bf-ae5f-7b19ee0d8164	880
c399904f-6626-4ce9-9397-d345478dc9db	865
c39b7c1f-1d51-46e2-b4e9-6c0217526a22	595
c3a56645-fe26-4446-92fe-cb28af571644	1187
c3a59eba-25ea-436a-aba7-a13729363819	612
c3b36afc-1124-4050-8c0f-dd72133a7f0c	1170
c3b7c636-b40d-4bbf-9f23-be0ea9b56e3b	683
c3bb7616-d650-4e4c-934e-f674cf5f5a45	1166
c3bdd688-31db-4f07-b0f3-5de53902afd1	888
c3bf72fe-5e03-4394-84f4-629b2ce34365	864
c3bfd038-a2b2-47c2-bb3e-d5e6ff86b26b	880
c3c0e313-b50b-401c-b676-e83fd1e4ea3b	1182
c3c16045-e9b5-40ed-a86f-757fe57dc929	884
c3c70d38-74ef-4905-8eac-52f34192809b	992
c3cf4bc2-5e73-46b5-b250-a122d8b53aac	1162
c3cffcc2-0380-4ab0-8c5a-662a2bf2976f	879
c3d258be-f441-450a-8bab-00a30002f58d	1164
c3db6445-7e04-42f0-a8b8-ab193fac26a8	984
c3e327a2-25f0-4693-89b6-bcea09d961e1	1190
c3e6104b-0320-40fe-8182-1b11b0d67d05	2229
c3e69ada-96c9-4b19-8efd-f3b779395e40	1159
c3eae0d4-a459-499e-a16b-611469eff53d	1161
c3ef35ec-ff6b-4182-b271-bb17b5ae59f4	1169
c3f3dca9-d3b6-4758-a357-e87d382593bd	1156
c3f4669d-a29c-4602-a6a5-211513aaf611	1142
c3f6c7c9-e410-43f5-ae71-094f3f2ebcf2	890
c3f904b5-331e-48c1-98eb-0a654cb292a8	1172
c3f9e711-1b14-4416-bc4c-049480e6ec7b	1170
c3fdd16f-7720-4921-9897-4f98df560188	1180
c4045fb7-5d94-4906-9437-5a8ae7b35dcb	1164
c406c035-98f7-4aba-9df1-33e15772c19f	1168
c4092acb-1496-48c6-8af0-338f6a39bdcf	879
c40ec05e-abae-407f-8614-755211627e31	1170
c4109b13-c315-4c4d-bcda-8525205c66df	863
c415a177-309f-479f-9902-bc21d8ae060a	1173
c417d6eb-2bbe-4734-8c71-77b1c8c63e93	862
c418a1b8-0273-469a-9ea0-d9375758c270	1166
c41e2740-3c39-4aa7-a95f-cdde4405f583	1166
c4203456-0dde-4514-97b5-ab51a1e62ca4	1164
c422323d-c7c1-43c0-bf32-fe6f30f9f96b	1164
c4232fd4-3d61-4790-be10-0e19db16e62d	1167
c428cd44-ede1-4c1e-b3d5-b5ad0ee2beb5	1185
c4296056-1ae7-4415-a895-d3953596177b	1185
c42cd80a-2379-4a21-bfc8-0f5bdd813dd8	1186
c42f202e-52f1-4438-bcac-bd63d818b984	1180
c43445dc-6661-4e5c-a836-6dcf6f0041f8	916
c43a137b-ba0e-4253-9165-7bb5d796115a	875
c43af852-88ed-48cb-a019-d1ff01a707d9	1280
c44fcc3c-d3c6-4e18-b03d-7c44df5bbce2	1167
c450057a-c27b-4459-8722-c1380dc9f279	859
c4504236-c4e0-499d-8981-fb0da6fc30e3	1164
c454c136-2014-4b94-88dd-c526eb08933c	1298
c4563b60-ae63-4b8a-a338-86df716d64ab	1170
c4569cf6-4f09-4da7-9689-0f65e6f45aef	882
c45ac377-154f-479a-9389-1b8e9e6da96a	1152
c45b23a5-9107-438c-838d-5109786c8ee1	1165
c4735985-229d-4a94-8098-e71bc63e55fb	992
c473e780-bd9c-4730-ab89-5cc93f140ea8	860
c476199b-3334-4a42-a366-26d8bd4517f6	1126
c476f3fa-0c37-4660-8d59-3cfb1a0a9d95	638
c476f46a-f75b-4f51-9caa-61224de56792	1156
c47e24c4-2607-48d4-a674-d184538cb497	882
c481551e-0c70-4c8f-b0a1-7a0502b97139	880
c4843e46-4906-4cec-b57a-3b13db43ee4d	1171
c4865238-c5ae-4fa6-8e46-678e31aa44e4	1186
c4907d1b-cfaf-4915-92a1-e10454474d06	862
c4958a06-82f7-41ab-b25f-8c082514ba94	884
c4976c15-7398-4f03-9e5c-3451f53b123e	1183
c4987702-9425-4998-adfb-f4e68997d6c9	1004
c4a1d1ec-b189-4a33-b332-cc4b0f30419d	1183
c4a3ddbf-40db-47b4-b2c1-37c66de6c783	1187
c4a6c156-495b-4250-8ad1-cb1cc3e3df90	1159
c4ae0db8-dd66-4ceb-9567-b651bf209c41	1163
c4b2238e-16da-424d-b8b5-44defc28b6d4	1172
c4b51b4b-6374-41e5-82ef-989e705a481b	1160
c4b7a735-ee8a-4a44-a62a-a62393d53aac	1156
c4ba3917-d843-44da-9854-fc6b2b3d7c54	1164
c4babf1d-dc8a-4756-968b-799162b91ad6	1168
c4c05ca3-eecc-41ce-bbbe-18cdfa1ae171	856
c4c1a56c-b587-4dd2-9058-37aba7a38104	1168
c4c58da2-78d5-4f55-86ef-f8de165b67af	858
c4ca034a-0c9b-4b0c-a350-501d399377f3	1161
c4cf0434-5ff1-4f29-ba90-888ea637fce8	1623
c4cf71bf-8bd8-4119-8299-418b5bdf19ba	1117
c4d1ae49-cc96-461c-a951-6dcfe42c64e1	1128
c4d4c5fe-68ad-48b0-b2d3-8c818a506b4d	1680
c4d5b173-4f93-4a38-97c2-f8390ea47521	595
c4dc1414-503e-4ee1-9111-6110fb9ea790	1186
c4ddb4aa-ef78-4639-9bad-b3a3d9d7f58b	1156
c4e250df-676e-498d-a3d3-f4f75b51ce74	1164
c4e69a7f-8b0f-4998-afde-b685228b7846	862
c4e6f40b-a21d-4392-bc90-449deb68aaff	882
c4eb8a41-b36a-4920-b911-21e33931ef2b	2123
c4ec53a3-295e-478f-87a5-4ff9f2a84348	1169
c4ec5654-5547-4d13-b888-95a071ee7f6d	1182
c4ed81bf-2276-4b26-af0c-b7c9bb0f2bf9	1181
c4f81bd6-442d-47e2-9f80-a382f48f37b4	886
c4fdaad3-a430-4600-a49e-278601c38ca9	1166
c4ffc4ec-af68-458b-b880-5f4f5da72b1f	2148
c50584e5-31d7-404d-9a56-abdc397bca77	1163
c509ef02-11a4-4a4d-bbc6-e3b1da1d2803	1153
c50a8dd4-2dea-48e4-8d79-bd817b4846ea	879
c50bb6aa-e3ef-4cf6-9e29-02d786b9966f	1188
c50c14c8-38e3-4723-add4-3353a24ce47d	886
c50e173b-a13c-44ce-b98a-8da5020628a5	1156
c5167398-8772-4ede-ba8f-0356f0b3db67	1170
c51ce228-6530-4350-8b5f-5b04fc172275	1188
c51e1600-6593-447f-84ec-5fd410699584	890
c5219f08-2c98-4500-98d9-79e07bba0b74	1158
c5254dcf-52b6-4253-8480-0f071daeb70c	884
c527e8c1-a31d-4a07-bf1b-e4cb92c1d25d	1604
c5285c77-f101-4120-9bfe-e1b190b06bb9	1190
c5316f12-58fd-49cd-a03f-29a5e8bc8c35	915
c5338bf7-034a-4264-8bdd-af6922039bfd	862
c53e3e8b-0a6a-46ba-8a78-d54e467f4bdf	1183
c546ccba-96f3-49d6-b04f-34644225663f	1165
c55ad236-04ee-4189-9313-2a24b82eceb9	890
c5602428-487e-4826-943b-a30ef3c0ebf1	1186
c56c5c65-a3e6-480a-829c-b5605d9e0fc3	1162
c577c7c2-1688-4c3b-a1c3-09dd794d0ea8	865
c578db83-505f-4f6c-82bb-4b50387cf35e	994
c57ad835-9d7b-4a1f-bef4-a2ebf1b1856f	1155
c5862cea-8f70-45fd-a0ea-92a18ec179b1	849
c588e0f7-9bab-499b-9947-6f4b5f0ea158	868
c589ef23-3f4c-4d8a-9eb2-0c53900ee54a	857
c58accce-d77f-4bd6-8212-596e384d41d8	2120
c58c8138-71d0-4dcc-a2fa-357b0a32c08f	883
c58c82a9-4f6f-43f5-bb5d-09f843804bbf	1178
c594d3cd-07b8-4c8e-aa41-e4ba63ad5ab2	880
c5953af9-7e6b-4cef-8e23-da3a189764da	1164
c5a0822b-b600-4e63-9397-26322dd9670f	861
c5a11849-995a-450e-8772-228fbcbc9513	1173
c5a2a124-2feb-4fb9-8c1f-38a04ac408de	1183
c5a3a52e-c9fc-4369-9fbd-24485faac15e	1870
c5ac0aa2-77b7-447c-8398-973322d4d550	1172
c5ae1113-4ecc-431d-918a-62a6c44ba8b3	849
c5ae1b1a-df09-48c6-b68d-5844d61eff8c	1170
c5ae97a0-0d5f-4823-b1a7-91766eec7366	877
c5aeb6ea-b24e-4881-9637-1e53c200cda5	543
c5b9fbf0-1065-4e05-821c-b06d37ea01a6	886
c5c3dc6f-cfcf-4950-b9d4-479ae72e82b5	889
c5c53d07-74dc-43e4-b3bc-9784f984bc2b	1187
c5c93b6c-ba43-4c07-aa93-f74663d0a7dc	1161
c5ce9fa0-9d74-4be1-a8f3-37d48bf3d0ee	1156
c5d28284-733a-4ea4-ad49-e4cba8d11abd	887
c5d9ef20-6ca0-4045-a541-657882be526b	1183
c5dfae5c-7a95-43a8-a5c5-fa1448a61200	1033
c5e79748-cfc6-4f76-bbef-2724002005ad	886
c5e7e164-7063-49e4-a0ca-ae78a7b8ade9	946
c5fbfec7-d54b-4e61-a2aa-5e608ffb15dd	1183
c5fc94c5-3d8d-4007-bde4-7e3f824ab834	1173
c5fe8541-757d-4d19-902f-ba1a97b130f2	880
c60000e2-c302-4554-8780-2ee7f8261f5c	1160
c603ebc4-7cb8-4ee1-be77-a0dedf74a20e	1186
c605fb09-a738-475d-8ddc-7c68cd706a89	889
c6110603-5843-4696-992d-0eaa1ca04eef	892
c613536c-ed81-4f8e-9554-1b3ba8d0a882	867
c618bbf8-bbb0-4fc3-8db5-c2cba59ffd1d	1186
c619506f-3dab-4b9b-ba03-85902627512e	1157
c61bfc11-a94c-441a-8506-81d556b3b161	893
c622e6aa-738f-4038-bc70-5d32a06efa73	1160
c625a53d-7312-465f-8c0a-42934c947665	634
c62a323b-bd67-414a-99f1-2622e4fffe71	851
c62b82c4-02e1-4b06-a206-c1644c89dc44	1169
c6312a55-4767-4a91-9979-c107fc376220	1178
c632c2a1-dd58-40da-9248-e639fe7c6bef	1187
c6343b9c-fce0-4303-8ad2-59a694e85d89	855
c639425e-6d15-4d32-ae08-e10c4bc269e2	1163
c63b5067-6b74-4c7c-b282-3c2d0a4ba328	1172
c63d267a-168d-42ae-b45b-8c8cbe99d810	1167
c63d9a31-4162-4716-935a-82fe80b9f84b	1191
c643ceee-fb38-4b28-abcc-4e82ad6a581b	1183
c6473dae-1f3f-4131-8e73-59223b804ccf	1171
c64c027c-b09f-4eb5-bd00-2047251f9d59	863
c6534907-da34-44f1-bffd-f5e37d575b4b	1169
c654b278-85ed-459a-999c-34c12bff2980	1165
c6576734-7f0e-4956-b298-0c51782fd7d2	850
c6578001-95a8-4c33-9d60-9d77c9653840	1145
c65ba6c4-5778-4b4f-ae9a-56dadbb6fc90	883
c65c9b6f-e531-4287-b29a-bef79252a95e	1178
c65ddb6e-afcb-4790-bb9c-07a3cff746f5	1190
c6608071-672b-4e10-ba62-4feddcd41f11	1169
c66ff249-c82b-4c55-a534-8593a32564a1	1161
c6702b46-fb00-4da0-ba21-979c5ea9e5a0	1162
c671048c-d986-420d-8d9e-c84fa6586aa0	883
c6729ecb-c915-4c27-9646-b6249c6c8ddc	1184
c6765942-93e6-4bdd-b22b-8a468f7a9974	867
c6796713-7b0a-4b8f-afb7-3f3d9f2744e5	1179
c67a1cad-a008-498f-9940-49e7740d6f43	851
c67be226-4a7f-44b5-8eab-0ec6b3fed8ed	695
c67c7143-e8fd-40f2-9fe5-6606224be8d9	1149
c6813a41-2213-4c2a-9b77-723890fb6749	1156
c682ec24-dbfb-47c7-90b1-5f44c284f03a	1179
c6841a39-8e2f-4f58-8894-c1ceb7378b5a	885
c68a61bb-14e1-422c-a1c4-ead3d76571ce	1225
c68f9f9f-5abc-42b9-b62d-69898851fded	1162
c691d05d-7f9f-470c-b552-5867221cee01	1161
c692ad2b-bfb0-484a-be57-85a52d5f7c6a	1171
c692c317-ae73-40b8-aa28-98fa3af633f1	1181
c693c3c3-fac1-4586-b92d-b0d18a5e0083	860
c696f926-f30e-4def-bce2-aa6668ba47c1	881
c69733f8-cdaa-43c8-9241-39067eafca08	1165
c69c05e2-f876-4d0d-abe7-232c351912ee	1184
c69e5e3e-692b-4726-b602-4e3ba03ee6c7	1167
c69eaaca-fc9c-4547-8c47-d263a24b3027	883
c6a0a530-4e25-4572-add8-140d8fa11c17	875
c6a21696-7598-4c00-9aff-f8f693e96c68	1137
c6a5e3c4-0c60-4501-a193-f40fd9289da8	1176
c6a6bb0f-fe4b-4d30-9a19-7108f4c7aed4	1174
c6b178e2-3207-4020-85e9-9b6465b4e983	1176
c6b24a74-1404-4a81-b3c1-333ae04755e4	861
c6b28345-5bf6-4b3a-b2a1-154c3b8d2a90	1186
c6b63913-d641-4ddc-b12c-4a9151139efe	1186
c6bc69dc-f59d-429a-aa98-c8f0551f9244	1187
c6c0e0ae-0936-4b8d-8061-8112cbd2418b	567
c6c4dd1f-0353-4bb3-949a-ee9c167c7b84	856
c6c59cd3-95bb-413b-b836-ef4996ed4ee8	1188
c6d1dbfe-5f74-4d06-bb79-a18886704ed4	1171
c6d21d33-06ee-4eb3-8c96-66e8354a2f84	1178
c6d3bef4-22f7-4d6b-a9bf-2833e323e72b	859
c6da0ca3-0e19-4e3d-9690-80af878b0b2c	896
c6da99a2-1892-44ee-a934-92e42291947a	1160
c6e0360c-13c5-4215-93bc-8be436d92405	1169
c6e04e4f-3ca0-4c38-8d20-fa8e93086968	860
c6e16591-ba12-4a95-aff2-96ba88bc5bf5	1162
c6e90cb5-1250-4abe-9e1e-fba774723a15	1185
c6ea3916-85f0-4d63-bf90-e48b79b0bfff	858
c6eb9ce1-1b11-4621-b40e-6c5c6aeede80	995
c6edc15c-9f16-4b4a-b7eb-6deb88c07b12	1165
c6f23562-29b3-47a5-8b8a-3da569536856	1184
c6fb62b6-312c-442b-bfb9-c8569f424796	1732
c6fb8ee8-045b-4f40-86ab-c98f90145dc1	1161
c6fbe267-5874-49d4-8919-060c384d8461	1150
c6fe1ffa-2e94-4f2e-bb46-f0c2f981e867	1174
c7049686-c9d5-4b8e-ba5d-0a3cc15530c3	864
c704d982-845b-4276-a567-6e4e19b065c4	1162
c70a88bf-7123-495c-9650-de831e74fa2f	1162
c711d02e-0b0a-40b5-9668-390e633b8f19	1168
c7138bfd-cec9-4a08-9241-d658e5dadb30	1174
c7144a36-3b1b-4a90-b3ae-a32656d6b981	1185
c71ac7b5-6799-423e-bbee-9de36cd87bd7	1182
c71fad95-e028-453a-8d0d-0db73df4b792	1185
c723d07d-a8ba-439c-ad74-4a0490e39453	989
c72615e8-362f-46a4-96a3-add4bff54922	881
c727df34-4693-4261-ad5e-fd58f1a7193f	1190
c728ac4f-dbf1-40da-935b-11f01a553e37	1190
c728c80e-b2cf-4f7e-ad6c-f1047a0d2d16	1166
c729b984-1e42-48b6-84f5-f5c10c334caa	867
c7315c9d-d0b5-4d12-99fe-93902a765f22	1165
c7413d0d-db36-43fe-bc9f-021b5221aadf	849
c748b488-051d-4fbd-908e-bdc2b92fa327	888
c748ea4c-ef3f-417f-b455-e5427e08490f	1162
c749a46d-ad61-4eba-bcd7-191e92b0c5ce	1164
c74abbf9-a148-40df-8b6a-094acf3b0754	1171
c74c41d7-7743-4743-bce0-56cc869887ba	1165
c74e5b44-a41b-43d1-91dc-8e1270896676	878
c75b579b-3b49-4ee0-bcba-3318146aa709	862
c7624726-2520-47b2-ad09-9a3c00355da5	888
c772bc90-01a1-489e-88a0-a62ae040f289	863
c77a71b1-a6b6-4552-a2a8-7dafeebb2faa	877
c78824ed-9499-4f74-8224-a71220c9f7c1	1211
c7894c89-94c9-45ee-9f63-f17d38513c05	1165
c7895af3-4b93-4fb0-9f25-f9decc83eaf8	882
c78b2541-5398-4473-9e91-d05012e7749d	1187
c796539c-0189-4804-aadb-106708ec5a93	1176
c79c6e14-cbb2-41dc-bf35-884373c37e5c	1181
c79f5abf-cb10-4080-88cf-188a30fb602f	880
c79fbf9a-abb2-4b1b-82ab-538f954c30df	1235
c7a2d804-b755-4f10-8d0c-20b906bb8eca	983
c7a454a7-6f6b-4519-b89c-565672d90574	1166
c7a53fea-c5a1-4be4-ad60-31d69bace15b	1197
c7a56510-d499-4e67-b43f-1b5f50c22b04	1169
c7a9aea4-d8d0-47da-a627-4da75daf27ca	1902
c7b262ec-d099-4c71-92e6-7e2ea69d06a7	1187
c7b8768a-480d-47f4-8e38-e06db90c159f	883
c7bad8c9-88a4-4656-9834-488fece61564	1165
c7bc79e3-a0f2-485e-b46d-dc2ce7d7dfb3	853
c7c211db-76a5-42c3-9c66-bb9ea39c99fb	1191
c7c4ff85-7b14-4618-8e44-794a1c337641	1187
c7d02f7d-7020-40ed-a706-75fdd129461a	1167
c7d3c692-2777-4133-a6d1-659eee565ceb	1162
c7d601a3-3e21-4c31-a49a-bc972a8c8976	1169
c7d6c0ff-65c2-4088-b666-4128b49c1686	885
c7e2a6ab-f544-4938-972d-530ce15ea4fa	875
c7e390f4-bc78-4aa9-9079-5485ae1c2426	1152
c7e3b17b-a872-405c-8b06-47e31f0c6ed0	1168
c7edd581-17d6-42cf-8f81-fee57ff7e443	1598
c7ef780f-69ed-4ab3-a251-586ca83d8514	1007
c7f78381-15be-4cc0-9312-57e503770fdc	988
c7faea94-1bd9-4e1e-af56-eb5cd148f241	890
c7fc1ea8-26d5-410a-a6e9-0d25fc1bb078	1168
c7fe9fa7-d7d4-4563-83b8-ace9ee33501e	884
c8081586-cef6-47cb-b3d0-690fa0e44732	683
c80a2f42-abed-411c-ae8e-c31c2cfa4d94	1174
c8126047-05eb-4fe4-ae6b-e5268325a8c1	1168
c8127c0b-6e4e-4a98-b22b-9a2b9ebbb7b6	803
c814a96c-fec4-417a-ad22-efd52472e8f9	1174
c819aad2-e7dd-43d3-b4c5-19a18ca7afdd	1192
c81a056d-d1e4-40de-b849-d0ce9c18c0a3	1179
c81d1647-ff85-4143-9091-f98ad2b839fa	1164
c820e0ac-3bf8-42e2-9a56-57cc54bdf902	1188
c8231ef0-0b95-4465-842d-2580a7b6d35a	853
c825db4e-6710-4a00-b4af-d06ed6913147	1164
c828b300-91e7-4ad6-b2b8-6702dad2f97d	1179
c829d272-200d-4416-811d-941e12a627e4	887
c82b61f8-3d24-4761-85b2-b97cc4263fcc	1165
c830ea9f-9339-428f-b2cb-a2be3fd36c93	855
c8324854-060c-4877-b6d1-dd677eb8e129	1161
c8337a08-eb65-4084-b9d5-0a0b8b0b20ae	1181
c83398ee-1236-4f86-9f07-bd57c58ac2ee	1167
c835b0f2-ae5b-41bb-ae95-6b4c3905103e	1159
c83857a2-1c4f-4c0d-aa90-3311f04edc31	888
c83904e2-9a1a-4b75-8fad-44abc5677de7	890
c83bc539-32e4-4669-a94e-0d5926282cda	984
c8416e91-1f00-4e75-a381-a3404a6abab9	1190
c8437c09-e709-4b70-8f64-8887339bd5c1	1169
c85374a8-f129-4a35-a156-f9a0950be4d8	884
c853997c-d053-407d-8807-8aa4d17a9bb7	881
c8545575-bd88-494a-869e-a21e82f4a72a	891
c864d7ba-9abe-45da-a7c3-471eadfa5c21	864
c869b976-f6b5-4a5d-81c2-83e6c91d2765	1460
c86ba20a-608a-4ada-ab1d-857e823703bd	1184
c86f18c7-5f53-4969-b778-5f66dc4ab5e1	1182
c872518e-38c1-4df2-a8e2-6061797cc01c	1190
c872d859-dfe4-4d82-ac6a-7247d5c1b6d1	1188
c873051b-6064-4b59-8ec5-a01fe0c5ba5b	860
c87bf2d1-4309-4458-ae0d-e78155ea1164	1180
c87d287d-4111-4a15-944d-c5e70584b036	1166
c8807975-4c87-4280-b246-6a539adbdb55	884
c881e290-14c1-4635-a4c6-777573df57ca	891
c882873d-32b1-4672-bc79-19dc2f79d806	1812
c8858298-e2e3-487d-a485-0c3230c8019a	1182
c8871308-6033-4f4e-b9a9-ae62663158fb	884
c889922c-c89f-4b79-a7df-9e654590fb23	888
c88b8433-80d7-45b6-830f-5e115dfaf743	893
c88e911a-3610-406c-b8ad-99156b102e2a	1127
c8910fcb-e932-48ff-8d11-59883f921181	1163
c89440f7-5b04-4f7c-b640-d0e1652c1051	1189
c896a1e6-b628-4dd2-b763-d8b919a5e665	1231
c89bc89c-add3-4c30-90b3-90cb385caaba	1182
c89c755b-ab19-4d66-8740-490bd26c2926	1179
c8a0a9a2-80bc-42ca-9345-55ba83070a13	880
c8a469f4-2cd7-4a66-90fe-d8d71c213259	1163
c8b05caf-ecd0-4d7a-b6ef-ad66c99dec9d	865
c8b13b8b-cac2-468d-881f-5c42f1f7ab42	1178
c8b2bb0d-8b73-495a-bac5-602cf13b2cd7	885
c8b2e541-4e78-4618-92bf-f16b4701c8e8	887
c8b57fd7-94c5-45db-912c-766f1caa7b65	1190
c8ba33ce-0075-4ea5-828d-99336c8fdf96	1176
c8c10e8e-1de3-4fd4-9b5a-bf8efceccc9b	863
c8cab6d4-a1cd-4300-ae20-faef75299aef	857
c8d8c848-e42f-4ae8-8885-1e2219b7a715	875
c8dacb17-7833-4f5c-8dfa-8cec77d80267	912
c8e84a25-3060-4408-a4b3-11ce53263545	1168
c8e9dd4a-90b1-4c3b-a12b-5d667d553fe7	859
c8ea554b-5317-46a5-9e3c-4d4b77d366af	1178
c8f00302-25ef-47a7-93b1-2b778aa8c543	882
c8f4283b-893f-4e1f-befa-8d935f1da53c	1165
c8f43db4-de3c-4634-a2d8-1c7880770f94	1189
c8f4618c-8192-42ec-9775-82fb396332bd	1177
c8f4f8d7-e730-41a0-ac9a-9c412a13d784	883
c8f6d7d7-20d6-4bee-bf0c-d1f82fdf1e2c	1168
c8fe28f9-efff-402f-87d4-b1b8d3de7d81	1180
c9006de4-514d-4f9c-be54-a930ff05ae39	1154
c9068754-d0d8-4dfd-a3ec-9cbdb75c49b6	532
c909871a-13e4-4959-80fa-1725a28ce822	1186
c9102fd6-4483-4591-a7e1-7416492ca043	863
c9117fa7-3151-43d2-8659-4305492650ae	880
c9160782-af6e-4332-b260-7e586d28a8e5	861
c9178db7-061c-4ac9-b288-406e3e524c39	884
c91df05e-ed82-4b24-8cfa-204eb095ac63	1174
c92046ca-7909-43ba-8a39-37eebfd5fd89	889
c926a785-4817-4b85-a441-886c4989bf37	883
c92ecdd4-234a-49e3-88a3-10a7c948e3a4	863
c92fa9e2-545e-4488-bc77-7c0e370d92d7	882
c936627a-c92d-4160-a7f0-2027c48255c8	890
c95001a1-2c2f-4237-a8bd-0f7fc3cea7e4	1185
c95032b9-6e38-40c0-b907-2ea8240276a5	1165
c95a059c-816f-4e04-b23d-a3a9dae25c6a	877
c95bc685-cdaa-4cee-b7e3-c6582a3efd23	1184
c95bd005-765a-47f0-81d7-48af71f494b6	1183
c95fe3b1-700d-484c-83f8-932ffd9b114b	1179
c965ce7e-300d-4e7b-8077-9d6427df4e8b	1162
c9686f30-98ba-448a-ad0a-d82369b8025c	1188
c96dc814-b6ce-402c-814e-cf9853060309	1163
c96e04b7-d26a-478d-88af-bdfc80a6da11	989
c97227c5-2d04-4ffe-9af9-5d1eb5319335	878
c97c552b-075d-482f-92c2-8655a02a8169	1181
c9868c7a-8df5-4db0-8e3f-b8e6af6e4150	1181
c989e709-64ff-4119-969e-97f0e4477080	1150
c995ffe0-4538-4a5a-9e5a-6f253cbb4225	882
c99f971d-36f1-4648-9100-f7ef7bf18f4e	1187
c9bf4443-1f7e-40c9-ad81-9d3a77e08458	2091
c9c07351-eb0b-48af-ae3e-b2ddbb603bd2	1169
c9c910ab-1ed0-4a3d-a1eb-646d64405522	914
c9c9471f-c184-4bf2-8fb0-be902a942f76	1169
c9d427c1-cba9-4582-8cdf-fcd1bf24c6b2	861
c9ef08da-a2f3-4882-ab9a-6dfee8083a81	1189
c9ef9d68-4d05-45a4-a25f-a9de1b8e5ea2	889
c9f087d0-978c-4bf8-b230-6390f50a6468	1182
c9f4d2a7-cb50-46f3-86f8-ecf64e11560c	1184
c9f6b287-41dd-4a93-951a-aab2c231713f	864
c9fa47c1-bd5c-4a83-9acc-db4beea0f18c	1185
c9fbd952-4253-4ac7-8118-1efd03cf3c22	1166
c9fc14d3-3aa7-4437-8611-654c995d75d7	1161
ca00231b-29dd-4291-a2bd-d68dd10b2c17	1166
ca03e9c1-c3ad-4b5b-9c78-4b65200183ab	1181
ca16ef12-1d6e-4acf-b53e-8e98c862c249	876
ca176f36-92c9-448e-ad92-52db2681a7ee	862
ca1cc338-1945-4f7d-8319-4f5c2d042fa0	862
ca1d4dac-47c5-414f-b689-17fad5111bc7	920
ca20e358-d7af-4491-86f6-532754f79a72	1164
ca22047a-faf4-4d32-8b89-e1ed2d87cfae	1188
ca25ee7d-c59a-46c1-bf28-983e2098a58f	1181
ca265555-1cbf-4228-917d-5ee11c66200d	1163
ca2981de-44b2-43ee-bcd6-b89d3035f1e9	1159
ca2c42b2-ac69-4358-adbc-65758a3740d1	1176
ca2c999b-d388-4e8c-b226-15cefad4bf55	887
ca30ce08-1111-4fcc-b297-c1f3c13cacf6	879
ca33826b-a37b-470d-aa45-514c05231871	1172
ca35d685-ff87-4634-8e5b-8baac3f4c4c8	876
ca35f5ea-4f3d-44ee-8d9f-21cb144d55e1	914
ca360b50-3ea1-48a3-a974-26c087ca129e	882
ca37039b-bc29-4523-ba4f-ccebfdec40f2	888
ca3819ef-e186-4e2b-a717-bb22bb2c42e9	1184
ca3b3267-57c1-4a7b-9cce-d4795c6dc579	863
ca3b3cff-c798-493c-9483-73c61dacc082	1189
ca3cde93-a0dd-493c-8db9-96ef90e826ea	1145
ca3dc46e-ec36-4136-9338-8b477502c152	1168
ca3f96e8-11c1-42dd-92da-294159e40f6f	994
ca4895f1-888d-47b2-ad4e-d05e93061ea6	1168
ca4f4b30-5220-4d22-aed0-16d9b31f0ef5	1184
ca5ba850-efbb-46b6-ad17-bfafd30ae9dc	1155
ca5e36a1-be0f-4e92-82fd-9140940f66bf	870
ca61874b-9ac6-448a-bfe2-507fccd317d6	885
ca621920-7815-4d09-99a9-f7b2b9fbc5e4	863
ca650f0b-9d0e-4671-bb10-9377d404e6d8	984
ca669677-135a-453f-959a-9e996cf2d588	870
ca6c94c4-245a-44fe-83ce-218aa06df446	856
ca7b1494-1bd3-490a-bcc8-1065873705ff	1186
ca7b8503-cce3-434d-985b-58c0db438cb7	860
ca7c9a94-51ee-419b-9e26-10deafdb3604	1175
ca7d3c37-eafd-4d3e-8ffa-574d52e4c92c	877
ca7ff160-6250-4771-8e2b-fb38e391ae11	1183
ca8bbd74-d920-4abf-a61c-71a6295a3d00	1180
ca8c5299-a8b6-4e4c-9100-c292ef1caf8c	1147
ca91d976-2e40-44a2-bb00-cdcbadafc5d9	878
ca91e691-d39f-424a-b46e-fc8b43cc7779	883
ca9583b4-d5cb-47c4-a24d-933ec65133ad	1179
ca98569a-909c-44ab-8c36-f737640c0865	1180
ca9b0d51-117b-4fdc-8a90-356beb4b3afb	883
ca9c132b-d68b-410b-8898-596b67f791bd	1186
caa39f88-7e47-4290-b31d-f0c01a20a172	856
caa541cd-f99c-4f82-831d-a1d160100966	1168
caa85662-34ea-4826-a982-66bea6ffa0ba	995
cab29915-2e64-456d-b3b4-fb671fca5285	1167
cab662ed-f7ac-400d-a5b3-bb717c443073	1187
cab9175e-781a-4a05-bbef-116768dfa978	882
caba8921-d772-408f-a977-5e1c702e0894	1168
cabf76d7-172c-4a77-9cb4-6b867bc63780	1179
cac1911d-e2aa-4b00-b493-1004b5f44a15	875
cac4b771-4354-4202-8383-3c04e7b95236	1182
cac60df1-7592-4bf8-a9f9-ab6b23d85286	1159
cac7a164-95a5-4ab6-af9b-941423585357	1189
cacb589c-4991-4277-b51b-597e8771bcba	882
cace811f-b6ea-4363-abb4-ac1f6537aa76	1172
cacef98f-84bd-4b44-a6d4-f2a2cb0400fb	1151
cacfac4a-deac-4c77-ac42-15de4eeb8108	880
cad072cf-963f-4d5a-8692-fcb8aa8301ae	1165
cad22bd0-4714-4b9c-817d-782dbbeb9895	1187
cad95888-b9e6-4a84-b1f3-ead489a60a7e	1161
cada89d8-262b-4292-825d-5cd10d60c5e1	864
cadbdb52-06bd-48ea-8f59-44e6763b0e32	1179
cae8c5f8-dcf8-46b4-9619-7cf74f49ab0b	635
caec18a3-3f46-4e2d-ba49-0242ef525faf	1165
caec50b5-c337-4f85-91e7-327ef79e9690	1387
caed5751-7ffe-4e8d-aed8-1db607b63f6c	1017
caef32c1-473d-44f4-b8ce-f58862860793	884
caf3eacb-b920-4dc1-872a-86a9eb26391f	990
caf998ed-6f0c-4623-a193-dc170ecf7a16	629
caff8a29-caf6-47e9-85af-3a6df8521d84	1162
cb003f7a-0846-4625-bf62-feca84244fa5	880
cb0b1dd8-9711-4522-bbf8-b76612561ec9	1162
cb1484a6-e114-43be-bae0-78f2319b91e0	1157
cb16a04d-bff8-494b-8a79-5cb54b8713fe	886
cb1bffb6-5a2c-41c7-9d53-787fd88cbf3f	883
cb235213-5766-4ca5-a67c-91edf09239dc	1165
cb252c86-d52d-4ea4-9d7e-44c09f6140bd	1188
cb2c5778-3919-4c8f-8c84-08f03c318e1a	1191
cb38e5e3-c589-48b9-9eeb-7973ff698112	1661
cb41f850-df28-4840-8ed3-a28330356eab	861
cb46e26b-3b7c-4cbf-b291-389047b5087d	1177
cb57353e-73db-4de9-bb90-ae33f951c612	1183
cb57bb70-aeca-4abf-812b-a1b35c22404f	1174
cb57c6a0-a935-4ee6-8270-0b7cbe5e6120	843
cb59f941-ef76-4e03-ac70-c0907e1bd3e1	1162
cb5d55b2-a618-4cd0-87a2-d044409d7cc6	879
cb5d83e9-0c07-4cf2-aac3-8aa861069d86	1170
cb61511c-3191-4e76-8d3d-aeeb88b4dea8	874
cb61d804-d8a2-4b86-aba5-ef5a291c63f5	861
cb69dfd8-8adf-4668-9cf7-07f1c098561c	1191
cb724796-4b16-4980-b79d-d98ecd0b5703	1176
cb76818c-e276-4b38-ad18-eaff169c2b5b	1165
cb7f1d5e-97cc-446f-9721-6d0e108809fc	1181
cb7f6ddb-1efd-4983-8162-53ea0e19e6b7	880
cb7faa5b-3308-436c-9f0c-1618e9113317	1167
cb81cf8e-fb05-49bd-9606-d251624e9a80	888
cb8edf63-61df-435a-b582-aaa89f015b4c	1191
cb949d29-fa45-402e-8a95-4f6510437f18	1161
cb98697b-cb52-4432-bed3-958623ef750b	1191
cba0c714-1442-444f-b214-7eac714d4ed4	863
cba7a46d-1f91-4ee5-a9ec-18b779e24a5f	1181
cba9a987-c188-49b5-b7fa-071da43243df	880
cbab2544-ef5b-4273-a190-30e1a713c7ae	1162
cbaec21b-c4f8-44a8-b117-50706bc8ba40	1182
cbb25fa6-b7db-48c0-b608-69a90ae1c3b4	874
cbbc361a-9ddc-49f0-990e-cd6b011d0b0c	1186
cbbd0f16-4970-4981-81f6-967303f40190	1183
cbbdc4f5-4fc4-489c-89ce-464e2d6742f6	878
cbbf78b5-a585-4a65-a5dd-4c390a47c49b	880
cbc77031-b598-4581-ad26-6d06c964e28a	1168
cbc7bdfa-a8f6-40b7-a3d2-b055283fc635	868
cbd6f106-ddb3-48c6-8a07-2968b4f79ca4	1178
cbde8caf-05df-4ca7-932d-18650abaf6f1	1188
cbe8e263-8751-4bf2-9d3d-97827046bde0	892
cbeb2249-0a6f-470d-b58b-3120754ba05b	1182
cbf37ed8-b510-4ef0-be33-9e0e105d8afe	895
cbfd3edc-f11f-4ccb-816e-d6e4b8c64f51	1147
cbffdd19-2c41-4d0c-8382-d79bec49ed68	867
cc0dda55-d9b5-455d-b8fc-f4047a77a17d	1170
cc16eb63-44e7-4ed4-9979-6b76663a9f2a	862
cc1c0d8e-b864-4492-b071-ff272028522d	1145
cc1c83de-1531-48fb-9e5e-c8204102f7c5	750
cc1d9a93-b662-4749-bbd8-50150865a180	1166
cc1f8cdc-b221-422c-ace7-f60f5c326ee9	864
cc25c712-6149-4d9b-910b-3e7ebe254102	862
cc2e30e7-4b65-422c-922a-9dd90c35da18	1186
cc2f6603-fd0d-47ad-b6f6-7e801e6fec96	1188
cc2f7cb8-0353-40a3-bebb-c90c6d412780	920
cc33d5f5-3823-4324-9009-8da14404e558	861
cc33ebe3-7fec-4dec-8f36-58a70f2c202e	1169
cc35c76e-77bc-4833-85b8-9be2cdc9bf6c	1194
cc36a267-3def-4828-944f-9bb862860bde	880
cc37cbe9-1a62-47d9-be2f-8a0c2f10a1ca	1161
cc38cdbe-1c7a-4f0c-b3a6-bf27bca1e0ac	1169
cc38ef68-d71f-47af-aec6-ad85091565c9	1166
cc3b0af0-540c-403d-ba51-d581c428ba1f	1164
cc3cb167-c8bf-4269-b077-9ce23477f715	1160
cc3e49e7-76fd-4b23-8068-395e7fb03703	1165
cc3f29e7-9af6-4b4d-bc63-51d1fb5700ac	1180
cc3f5221-665e-49be-889b-4068cd801a75	1155
cc5e0d3e-def7-407b-ab95-aac085c4ce07	1165
cc61422b-8aae-4c39-b8f5-e806f92189ec	1154
cc676335-0b5e-420b-ab0a-49d61b38a6d0	1186
cc6ab6fa-44cf-4a18-a13a-8a4d0d391c13	1168
cc6e3b82-1084-4be4-be51-75bd5fa04878	1179
cc6f2c1f-0e72-43fc-8747-82affc16b839	877
cc73895d-01fc-4099-8cb5-95657281b898	1166
cc752596-81e1-4b71-828d-0a3019eed5bc	1179
cc792a5d-63dd-4c3f-b450-0aeb43e775f7	888
cc7a4d1b-da19-42ee-bc5d-4617c51158d2	862
cc7a8b88-4725-4b75-8ca7-66fec8b2ce9d	867
cc7edcd4-e5a3-4acf-a3ef-195323aab063	884
cc7f0052-1c57-4010-a4c5-56e22e52a68f	1187
cc8498d9-f01c-414c-9281-9956118d551c	1154
cc909387-692e-4399-a221-beb9882116f6	1168
cc9fe5ce-9173-4bd4-97f5-f2e6517a7cf3	1178
ccaba5c0-f9e2-4f6e-b895-c2aed8c7e51d	863
ccae32f4-8805-46e7-897b-521f833b858a	1186
ccb0c210-09e6-44c8-8075-8276729c3d58	870
ccb65bbd-d356-4cf3-813b-8476b9e994ec	1158
ccbb70fc-4877-4f38-a903-d0616e0da90a	883
ccbc6919-4dd6-4d2f-a737-00d99f5a3a16	1186
ccbefb34-e309-44b2-b00d-28831152b326	856
ccc42123-ecdf-447e-98c9-78b548d816bf	1182
ccc7f3c6-49eb-41e1-8152-13f6a440ddef	1164
ccc9054c-8ec4-4f60-adb2-02289169378d	863
ccccb3bf-00b9-4d0b-94d3-c50de26ed05f	1172
ccccf526-6d61-40d4-8840-11559a16f729	1156
ccce7280-4543-4663-924e-0b8b1cc1f411	1168
ccd7f5cf-9d7b-45b3-b5fb-1083503277a4	1162
ccda3f4d-6a37-4757-b955-8c52059b29d4	1163
ccdd473e-86a6-43c9-a92c-4ba6f6291084	1160
ccdd7e3f-3742-4a8f-8f82-aefd629e076e	1168
ccde69ce-cd66-4f1d-a6ee-1409a21211a3	1171
cce57ec4-5aac-414a-a16b-ba08fb658468	885
cce89248-8f8b-44a7-9afc-a977e59babf2	1190
ccec5046-46e8-4949-adbb-5d4e92fbef71	877
ccf0af05-c88a-43aa-ba2b-b5dbb0c3b186	884
ccf7b26d-3862-41d9-a946-81ceb19964cd	991
ccf7d68f-3f37-466d-99a0-692de2df5abb	2205
ccf8d216-2d03-48ab-89c7-2cb71229f270	1168
ccfcef7a-0949-48ed-b09a-722b67b341df	1163
cd018ef1-7a89-4154-9044-9cc60395a3ce	1171
cd018f85-61a6-4091-a975-f0e25a653b21	1177
cd0bb082-96fa-41ba-903a-dfff825cc273	1183
cd0bfb08-f6c4-440a-9b07-9e12a0e67556	1168
cd0e9fe1-6a7b-44af-89de-e3d9a9b552ab	998
cd107b12-f071-4fdf-bab5-4ab93f7830cb	884
cd13ff48-2297-4092-bce6-ebef6de3d8b7	1189
cd18fe63-1f49-4fa5-9d14-8adbead638cf	1157
cd19ef7e-72af-497c-9a2a-8a2b0448b64e	863
cd1bf6fe-a156-4030-87d1-06e7012f0336	1184
cd1d1c12-0f31-4e70-b965-a73148458ffe	1169
cd1d5fa9-91b3-44a2-99ea-63abeb0d2bd6	1188
cd1da6f3-122b-4672-be4e-494744843fab	1163
cd23fffa-af8f-406c-90a1-bd2b77145ca6	1165
cd2c6885-fa48-4518-b88a-9b5662fb4435	1158
cd2e8d17-90c1-4cf4-b53d-8d96bda84148	883
cd300c73-104c-4b97-99b5-8a2a1ebcd418	1179
cd3245e8-946d-4309-ae2e-df5fb6cd4f74	1177
cd32e11a-0612-4f30-ba96-c49bf0340b77	1179
cd3dd70f-5a58-48ec-884b-b26a0b4d8583	1168
cd439c7e-22cb-4f40-9675-2906b276aeb2	762
cd44e037-0a25-4123-a134-0a31bbec98eb	1167
cd4d87b5-4fbe-4837-8c9b-19a09fc825ab	1177
cd522ef2-993c-4940-abba-2ebb17bd26f5	1887
cd5a71de-6b77-4432-acb8-25e78197209e	1287
cd5bbe4a-439f-4686-966f-c2417ee8c86f	1161
cd6037ec-876e-412e-9d1a-f31e62b852c2	988
cd6f072a-4d5d-4385-a2f8-fbec010e7f01	884
cd701242-f036-4803-8053-f803bdb86e70	863
cd70a0e3-a4e5-4060-9832-95b72a24bb43	857
cd714afd-988e-4990-bc15-13f8192331d5	1278
cd716a65-761c-4dd6-b493-76a4a8fb81c5	883
cd79dd0e-a286-407a-92d8-5f603cb8598e	1162
cd7ade14-b826-4f10-8f5c-3e122554a836	626
cd7bdd3f-7b96-4810-a36c-b34d261c32ad	1292
cd7e0def-072c-4d1a-89e1-d96678211c03	861
cd80b34a-59c8-4896-b831-40bc4b7a4da3	1160
cd826440-2fc0-4287-a535-cbbb970d1506	879
cd8297d9-2b96-4a1d-b249-ec1831c92ce4	1160
cd87908f-d0c8-4bc3-b3d3-7fdca5a1b23c	623
cd9353dd-625f-4c95-ae3b-4f0e51f95540	1169
cd94920c-dc8d-4beb-b514-625703fb7e0d	971
cd94ce23-42d3-4f6b-9e8a-e6fb3c511e92	1177
cd95bc30-d37a-4862-93a2-5d69f6825dac	880
cd973121-b601-42f9-bc9a-e88aa0e4a597	1170
cd98770f-6c52-4d4f-a45a-38087158096f	1145
cd99e258-f8fa-4339-a940-5b1fe58ae24c	2218
cd99ec7b-6beb-430d-8953-3a92b8ef8373	586
cd9da74d-76e8-4b86-9b2c-5bac82a241b0	1185
cd9e8c76-eca3-49b8-82e8-a5d25df8786c	1183
cda024e9-c50b-4681-8fe2-e41bb20255e5	1191
cda3f2e5-9881-4cb0-8176-809699f7618f	1184
cda8fbcd-e1e1-42d8-bfaf-527a40945d77	1190
cdac8fe0-c51d-4a1f-9db1-abbb11590ba0	1163
cdafc31f-b5b1-4376-9310-e5e6e2005bbb	1162
cdb328b3-86be-4b56-ad01-b95a9a450fe3	879
cdb5c6a9-fa0c-43dd-8368-93b1f031b2ef	1166
cdbb7dda-e1de-4e75-b8dd-467fbe4869dc	1185
cdd5e1e3-12cc-4b94-809e-49d9916666b0	1181
cdd82be1-b014-424f-9be9-a3be13da8ed6	1819
cdd8a4ae-9277-49ec-8974-cf3068d6c4c7	1887
cde1d52d-9e92-4bf1-a1f4-1ccdf5ff327c	1178
cde5f1e5-7ce4-4fcd-92b4-ee3b8f53a5cb	1167
cde66fa6-85e1-443c-bfc2-93852d031e2c	1165
cdeac57e-e6c1-4c0b-a7e6-581e48206a80	857
cdebfbb7-4257-47e0-818f-99523e2421aa	1182
cdf47e8b-e2eb-4a33-8a3d-4371dcb4070c	879
cdf4af4d-44fc-4f0f-a10f-ee2bf3a650be	1162
cdf604ba-3c64-4b04-b17c-2075905250b3	983
cdf69667-c9ca-4c0d-aa5a-f328a410320b	1148
cdfa8cae-b9f8-4600-9d15-87750df2b195	1189
cdfb4fa0-5e81-4ccf-be52-4a03fcef9d8f	1166
cdfe677c-92ff-42d4-939b-b51907c95396	1167
ce025f18-f66a-47a4-8525-b340b7d42257	1719
ce05eeab-d528-4cc9-8f9a-539d7b7ae106	1165
ce077dc9-175d-41fe-a399-033a11ee8937	1176
ce0fe780-e996-48cf-aeed-9a407a971883	1157
ce125e70-9024-45c5-bdf2-48c1b0b228f3	883
ce1a5c7f-5743-4289-8975-9172aacc7832	875
ce1cf57a-a5bf-4c88-b0c2-5274ce67dbbb	1185
ce2945a4-f367-4f2c-b86c-c930f1f8a45d	883
ce2af1ed-7aa0-456d-8b83-203c3b2b4172	1186
ce2fa651-0b5b-435a-ab5f-e19a64e699aa	713
ce305a9d-c1d6-47d9-ad6c-f44c9f5ff89a	866
ce338baf-20ab-4196-afe4-15b765e20098	1180
ce3dab37-69c1-49e9-a003-b1ad02e9a847	1170
ce43f77b-54d3-4b15-80b7-d14638e46a89	876
ce49d431-0a45-4a52-aca5-f0810c918b12	1162
ce4abe2f-8f13-4982-98a6-c4101ae3950c	915
ce4b29e9-9a2c-46a2-a7d4-b5b606f1956a	1183
ce4c1438-81be-4128-841f-09e01e849124	1160
ce4d0d03-7055-46d7-a9dc-e200b70ae2bb	1199
ce500440-2adf-4443-b77f-8edf5bb550ed	860
ce5817d3-d16d-49b3-8682-4fa0cc907da7	1176
ce5b0406-52bd-4c22-813f-3e0a45f0a644	878
ce5b3d92-d95e-4481-b804-083c8c24a820	1162
ce5b756e-79f1-46bb-ae96-81c9238955e4	882
ce5d9c31-dbcd-41a4-b40a-efc4193efe23	1181
ce5ecbe5-36af-4094-956c-96063ed9a992	862
ce65dc7e-9e31-401c-8204-f8c88773cc25	867
ce6c0500-f049-4037-9c64-81998b94b0c1	1186
ce74d016-b2b1-4340-8bc8-38605afc1e8e	855
ce751883-235f-4cb4-b46a-42d0a060d20f	1156
ce754377-ed59-486c-9694-4e85d6ac552a	881
ce7618d6-557f-48f3-a0dc-ea6f949a0607	1166
ce7a5d5f-93c9-4514-b5c1-9c98f5be657b	2111
ce7a684b-f981-49f2-9b67-d61988463d22	1185
ce8235cf-e117-4286-9f72-662ed2591c12	1166
ce85de67-fc99-42aa-ae81-477a2ce28dca	864
ce85e2c8-d6f8-47a5-b131-2fff1e817cea	1192
ce863047-4866-4e5a-a068-96d2cb1ec533	1169
ce895013-fa1a-42fb-a673-eb5a20ccde00	880
ce926a03-b2f6-4884-8ccc-85e8711e266c	878
ce95abfc-fd5a-4bc2-bbbd-bd4ca755c555	1167
ce963f0c-fc45-4798-80f2-5133f591685b	1185
ce9c12f3-c7cf-437f-844e-dc19d8b2deba	880
cea02e21-fa42-4e30-af82-07ab2c8ae312	1159
cea35af8-3915-4c48-bbe0-b70b661c2720	882
ceaddc90-6b99-4957-aa3c-81ebb40bbaca	1156
ceb54033-f9df-435c-8766-79b322e8bf67	1166
ceba1e3e-3199-4af7-82bf-9fc2f88540fd	1160
cebf46ca-9e03-471c-b90f-1ca3293525ff	1161
cebf93b4-143a-44e8-8e14-13c059a1288c	915
cec047c9-d807-4508-addc-f8e45a57b7a6	1179
cec2fea4-8fcb-444e-a872-61dd73c806c6	1172
cec8a2d7-74bf-450f-b7b7-3debaddb9efc	1160
cec9c8e1-9a70-49e0-8b7a-9e89fba48f3e	1188
cecb8729-b9f9-40bc-b5e4-779e0ed30cf8	1185
cecbd127-97c4-4244-b426-08e7edf5c024	1167
ced466c4-c706-44fc-9a12-bcc71135f7f5	1837
ced5ffc9-4a58-4557-b793-6cbe321b5585	1177
cedb316d-1a7b-4c1a-acbb-aa12351d6e9d	1192
cede259f-b759-4a6e-81dc-5c13dcc3312d	1167
cedf393f-aae8-44c5-8cf7-2330bca64beb	1171
cee56655-bc4e-4e69-9bc0-d41f578f246f	1192
cee5f392-315d-40fc-92b7-808a97cf4664	1184
cee8edf3-cf5a-44b4-8057-75e7be5d3eb5	886
ceeb92b3-4260-4c66-97a3-c9f2db563786	1160
ceecb8b2-ca2b-43b8-8af5-fd5ef43f9b9d	1182
ceedc8ce-0f06-4336-9540-bf9ef408b565	881
cf052c4d-c3ef-4813-b943-3e3169e4c329	1174
cf06539a-cb2b-4d90-8b87-bbd509501597	1166
cf12bc7a-1bab-47ae-9792-19ae72098317	633
cf136640-d9a7-456d-abaa-12a67133f047	883
cf16cff7-fff9-4f76-9000-0839a6ad5ab6	875
cf17e505-730e-4af1-9cfd-5e4fef4cec7c	1174
cf1b5e2c-b2f5-4d22-8a85-3f22e83b01ad	869
cf21be98-4396-46b5-ab27-062ec1819e80	1169
cf23c6e8-40c8-4ca1-8022-2a5228b307fd	1187
cf2555ba-d338-4142-95c1-62b994f012c5	2019
cf2fba1b-2244-40c0-ba11-82f0164098da	878
cf327274-f018-4e20-87b6-0db247a23398	1187
cf36b688-5673-40a1-9ffd-96a11d3da02a	1181
cf4205a1-e5a3-4547-aaa0-3f098d1f58d0	1189
cf4260af-c5d5-46e4-b74a-e552c64dc4bd	1197
cf492ab1-0b63-443d-97bb-f72ce6e3799e	1192
cf4ae651-8afa-4131-abd4-7326cb2d1975	883
cf4d1843-467b-45a6-a679-9aafdd56998a	1164
cf54cc0c-4557-4293-b281-b39e94bb3b10	1157
cf57b87d-6f16-4fe3-8dd5-6dc48c25b5ae	1163
cf586f5f-ce6f-4645-8b00-fc7d07d8eccb	901
cf5c57dd-e37e-4c9f-95b9-dffe79cb2d99	861
cf5e09ed-932e-44c8-a2e2-8fdfab3942fb	858
cf683e1e-2928-4e74-8ae9-340a352bc0ee	991
cf6ab359-ffcb-4119-bcb1-b7df85bb3448	1187
cf6ecb31-1d58-406b-a612-6cd1f37ca8cf	1167
cf6fd96e-d38e-41cf-a734-6dabcd0d7157	879
cf74f8f5-8726-4136-a539-98b8f035c613	868
cf78b360-e0d2-4b7c-8bc8-2bf856a60bf5	848
cf7d7e71-2363-4501-a8d1-8765da8d2323	1666
cf81ebbd-5c47-44f7-96f2-30c002e8e9b4	1157
cf875e7d-cbbc-4c3b-a0cc-c80c5d95b9b5	1157
cf8d7880-0822-45b8-8cca-e2c6f56ba3e5	881
cf9066cf-50b6-46cf-9e8d-f7e38d449d61	1192
cf98bc15-4a02-4fd5-ad81-475ccf472121	1184
cf9d0fae-9233-4fb7-864e-d27d42c7fec8	1143
cf9d3ace-ac31-42ae-83e2-4e379c7906c4	885
cfa36b95-95e1-4351-8929-4a37b6193006	1182
cfacb4c6-4c40-4a3e-b964-d6cc19ff03d1	1183
cfadc9a2-1744-4b87-aed0-dcfdde383799	1189
cfb026cf-2694-43ad-8a36-f685de117b17	1150
cfb05d3e-db7b-47c9-9828-8577f6936016	591
cfb83b15-43c3-4431-a56c-ea63652aa8d4	1170
cfb96b01-0cd6-40ca-a122-7df3468684ea	890
cfbb6693-41e1-4563-bd30-93226ea6e58b	885
cfc4ab7d-d545-4653-ac7a-3c42ee317ffb	1153
cfc78110-4e7b-4679-b634-9effdad48cbc	879
cfc8a992-9d33-4597-b113-8276df3e51fc	1179
cfcae796-5e2a-4e0b-91dd-ee29446ec88a	1179
cfcfc322-5eb8-4c54-bbfe-09a330c1c397	1180
cfd4017d-1eeb-46fb-b8d6-e39dfd801692	1154
cfd5802d-9344-440e-809b-29f69741e578	885
cfdb37d1-edb0-4062-a9f2-b21a2d2a3512	861
cfe01668-4964-4164-9075-e27579cb08c4	1163
cfe01ece-b3ba-4644-9b1e-ddbadd1ad81a	1168
cfe36097-cd4c-49be-9d17-c13b6d40db86	875
cfe3b7e4-6f82-4423-b7a1-84ecb89f259e	1163
cfeb5303-8c81-41d1-8ffd-3e025973462c	1162
cff19bd7-9355-44e1-8ff2-f7a151fa86f5	1163
cff2c4ad-b684-4942-a7fa-2e2f9bf992a6	871
cff400ec-c6d9-418f-adce-b9a6b26e2ea2	1186
cff76968-00c4-44e5-9467-da7ecf7e9f20	1182
cff9b50b-5676-4695-8094-aeef262005fd	1164
cffca67e-64e9-45f7-8563-9671757155d6	1189
d002f51e-7359-44c8-8955-9dfb26e2d951	1547
d007b4fa-fa36-4afe-b12c-8216bd4ef53b	1164
d00886aa-c60a-415d-8e93-3de415699c19	1168
d01a9643-17a9-4e04-8a5a-0f206d5e27b8	865
d023b457-a28c-4f61-b551-9e7797aa1fc5	1101
d024fc35-4771-43b1-afd4-4216758bc94e	1172
d0270c29-da5e-488a-91ac-01cb3b71f297	1183
d027aa0d-6d27-43f6-bf06-3a20c12dfe3b	1164
d02a27d8-7099-49cc-a021-4422f46bce64	1167
d02f8adc-07b5-4b79-b358-c62b40d01013	1190
d030269a-62b5-4132-99cb-865efc451c72	1176
d032448e-a480-4833-b980-834e2c2e2830	1172
d0341f03-7953-418a-a785-fc6575d7be26	1169
d0369192-b9fa-42d5-b7ea-8fda2514ab8c	865
d0447566-fcf9-411e-a169-0dc669622ec8	890
d0489cee-036c-4e90-9b49-4528149b782a	1580
d05105e1-466b-4386-8cbe-d65f295c65d8	1164
d05366a4-705b-4505-bff1-a355b763f752	1165
d057e8e4-3d5b-4ccc-8c3d-dba6432ba85a	1158
d0585b8c-5274-4697-a72d-2d06fd71fadf	1165
d05928ef-a031-42b8-8bfa-462e084276f8	849
d05cea39-c913-4b01-b418-3e2ff57e809d	1157
d0607b2f-1706-4140-87be-21242038d722	866
d060a789-cc8f-47dd-9aee-7d7ed5e38ee4	1158
d061211d-8cf3-4f42-a279-41bd0031c5ca	1164
d065a14d-d136-458b-b8b9-5533ab715fab	883
d065aeb3-de0d-4a3d-8267-5f0bf3ff8d35	1166
d0669c0d-9bdd-408a-bdda-2cca13453d58	863
d06bcdb3-7662-471c-a92a-a1c015f21ea0	1184
d06cf5bd-4d97-4921-9c76-34ad33b7a15c	1174
d07ba004-a0c7-4294-9b1b-1833b625aa17	1162
d07bc62a-1f07-42d2-a1fc-97160a4e137d	1185
d07c7064-72de-4972-9b7e-9e87d01f0afb	1189
d082fc32-295f-4a5f-9ed4-3fdfcaf15777	1168
d085e97e-853f-425e-81e8-a517fb86b938	887
d08985df-02e6-487f-870f-487aafe20505	1165
d09056f8-577c-4352-b065-fb2daa777214	875
d090c9cd-74d2-48c3-98a4-b2ba23692b4b	878
d093c815-d05b-41e7-b3bc-9b454f022b2c	994
d0957edd-b9c2-4fc4-b430-d3a3d4c9ebb2	1174
d0a04dc3-af2e-402e-9efb-9c5217922a22	2209
d0a28bc7-3448-441f-8e9b-2b32105892a0	1190
d0a2d3ba-50f1-4b3a-86db-ccec2a8d479e	1903
d0a57097-95eb-4099-b8dc-4892873bef9e	907
d0ad9624-e583-4f20-8c0b-9a7273ec8d66	1166
d0b59af2-c5f3-4526-8386-695b6be1a47d	887
d0b843e6-4a01-490f-ae6f-c8042f901ae5	886
d0bcccd4-ea8a-43b1-be4a-3086d65226fa	1684
d0bdf0ef-8598-4bd5-a60b-80d707231c91	863
d0bf1ad6-2302-40bc-8e7c-f0558cfb664a	1191
d0c048ea-b2db-4f2c-a989-b1344c3a1cdd	1163
d0c47a4b-03e8-4692-9c00-3e12741233a7	1167
d0c831ea-a9cf-43f6-aee6-adcb8f9c18ba	856
d0ca2ee6-529b-44cc-8113-709f2c583cb4	889
d0d39bd6-7e70-47de-b261-e7aeaae7ecb3	1186
d0d3bc30-b96b-44ae-b2b8-4bd2ed0c7584	861
d0d80912-628e-48e4-b643-9c3696b79a60	1170
d0db364b-0636-4b7f-97d2-2bcbb696956b	1187
d0e317ee-78f7-47b0-9bb6-b6a80c55b69b	528
d0e55808-df47-4b1d-aaf9-944b593484bf	1173
d0e6ef4f-8430-4830-95e7-875d17401f57	878
d0e75ad8-2a29-4438-a5a1-299db13dfa89	886
d0e7f99e-61a6-4705-a111-853b0d20e77b	863
d0e8a9b4-d7ac-4f7b-acf7-bf72aa633a05	1186
d0ee5b70-b2e5-4d0a-bd31-0abf8484fa44	1180
d0f9b8d0-6e67-4f85-a48e-30a37d4fe532	1190
d102b24f-1b6f-4d69-b47e-ec657e7b5cf3	1179
d102d57f-9e1e-410f-b5cd-e24b14dcd723	1156
d1061df8-29f8-447b-a286-c7bb18e56f88	1184
d1070100-b555-46d0-b1b3-902e0ab92893	1179
d10adc23-5d74-416b-b797-2a7523e84982	1141
d10b043d-2dde-45db-ae38-24725432f0fa	868
d1147003-45d4-4bc9-943f-16100c584240	1167
d1180e40-009c-4975-8e59-3765a275743e	1167
d12d94ee-2df0-4f5b-bd15-545b0929d99e	1049
d12df3b3-60b9-40d3-be4b-ec02cae940bd	862
d12e7f88-d135-4d60-a9ca-8ae13c789d27	993
d130efef-4b77-426e-b68c-5b475a98813f	1149
d13b27fa-e12b-480d-915b-da02a8b91819	1186
d13b32e4-46be-4dfb-a539-71b813f2dd01	859
d13b8708-70dd-40b7-8eca-d5dee5917970	1164
d13d9584-665d-4e98-a85d-3453445fc0e2	1180
d13df4db-6bc1-4d38-ad86-295f40e0d30a	1187
d14430ae-fd12-453e-b9cb-d75c80d718c4	1187
d148abc7-5eef-45c3-a85f-2c87721c5cc0	858
d14b1dc4-6c74-47cf-96ec-f681ca7835be	1175
d14cd38e-b422-4f5f-96e1-1a378e64cae6	856
d14d6b96-cb4d-460e-af72-5a5a5f8dd47d	1158
d14ee5eb-09da-4620-b05b-f616c1e705b0	1168
d1506f85-9a92-4c83-ae2f-c5ab6a16cb3a	881
d152b089-0911-4a53-982b-d9e03bc8efce	1194
d157f73b-7981-40c8-8145-dca68d67e314	888
d15a3811-6b71-4307-b8ba-45b8f99b82b0	1170
d15a4c2c-2b72-4432-aa9b-0ebc42e6e667	1155
d15cac74-503a-4500-94a6-b4fa09d9501b	1181
d1612ab0-c515-4609-8bdb-f53e4e757247	1179
d162f5b9-60a9-4a48-ab59-5184533b7b61	886
d16429ee-84a7-4dbe-9fdc-539ee1693f6c	871
d164ae0f-612b-47f8-b393-55ff78c45cf7	891
d165639a-d7c7-4e35-93ec-e5468b721498	857
d167f5cd-9ed5-4904-a3a1-157c0fd2b82a	1189
d16aed92-6b40-4150-9a0b-dcdfb7f77eef	887
d16d37c4-7bc8-41af-a642-e4215acbfeff	881
d16dca59-0b48-4c44-b324-12faefa818e6	1166
d1722469-0572-4c87-9d93-187bc9230c8b	1164
d1735268-511d-4ecd-925a-19424f21d01b	863
d17bb7eb-9e14-4063-a368-66a3f799edf8	859
d186419b-1dd5-4819-a149-f9c593d4f8b4	989
d189cf70-aacb-4e20-b80c-3072e8fbeab2	1164
d18ed445-9582-424e-8a91-1150539354dd	862
d191d09d-8c5e-4c2c-8420-458314230497	1168
d194c68c-9757-420e-a81e-6ac402f3706d	953
d1953425-4fe1-4278-9347-98ac66e484ec	1161
d19580e0-182f-4d02-94b8-ebd3fe2b3d59	1939
d197020e-4591-4a66-be3a-4b55d866df50	985
d1a149bd-04bd-4339-b3b8-c8dfc2ac75f9	1175
d1a87bee-9245-45f0-9fe3-540410159b81	863
d1bb187c-ff5d-45ad-bcd3-be3dc3a6582f	1189
d1c1f083-5e09-4ae5-a087-181ce4e5a984	1181
d1c33abe-f35b-4925-9ccb-be07aab7ba8d	1192
d1c77922-c1a0-4844-ac03-364eb840225c	595
d1d6ce87-9401-496d-9ee0-2d789c5bf1c2	630
d1da27fd-dd3e-4178-8fbf-b80ab83c606d	1188
d1db33ae-3ebe-4b35-86f3-a38318aa60e0	1763
d1dbbde6-1072-4052-b394-09a318ebddc9	1166
d1e0b637-77cc-4e97-89db-1e859468c56e	1178
d1e19492-0395-42c0-8cbd-216660e7c79d	1185
d1e4a832-f4dd-4a16-aed2-5b5307d0a400	882
d1e63752-81d7-4580-9f05-d262b5caca12	857
d1e862e4-7451-4ba3-af29-cb41d1343ed8	1178
d1eb9b1d-0edd-481d-b307-c9bf8ed61b9d	1187
d1f123dc-26e8-41f7-9c82-8265db820209	882
d1f1e07a-6b70-415c-be31-1292ac06dbc7	1183
d1f2b727-ba41-470a-b63a-b39a26f31bff	883
d1f68363-dd21-4dc4-ac45-0ac95339baa1	1185
d1f77b1a-f684-40a1-8875-59bd3c2d416f	1167
d1fa8558-914c-4306-8c8b-1448c5c9fe36	1185
d1ff81b4-de05-43ca-bac4-99acf2539657	1185
d2044ec5-e172-4e6b-8aaa-0cb4c9909476	1169
d2079c40-20f7-473e-80de-4a76d85a0ded	1168
d20bfeae-5a0d-448b-a3f6-7f22a2c19d29	856
d20ee314-14e0-4434-b480-ce92f377c04d	879
d215acae-a705-4ec9-97f5-fbb4608214e2	1813
d216f4be-bab7-4a32-baae-0bb40585123c	1153
d2186102-3576-4165-a375-4e24030e4345	1292
d218b0a6-1cd2-4807-b3df-266c860a54c2	1166
d227a50f-04e7-4ca0-a8f0-66ce8f78a897	1184
d22c4aeb-4516-4132-9f95-f356ea77b490	858
d22d2412-f5a8-458e-9392-b4f26418337d	862
d22e232c-c9c9-47a2-a64a-125889efe4e4	1179
d23388a9-f05e-4972-9812-968ba5f444c4	1185
d237c21a-e0f3-44df-be85-4040a1e4211a	1162
d23b6e9d-0979-409f-9ed8-939b6138034b	964
d23ebe26-1001-4007-8865-1cb4d0d69024	1178
d23f78d3-9e1c-482a-9384-3ca0cbe64298	874
d244fb1e-ee0f-4e33-8f28-99e367a075de	1173
d2481db7-7da3-4340-ab34-7e528a1fbc52	1169
d24b0371-bf9a-4616-ba7e-38ba6b65e582	1165
d24be00d-64a8-4aea-af1c-3110a65c9f5f	1181
d25393a3-5461-42b2-a74b-9268a6393374	999
d2560193-0f6f-4ae9-b5ba-c8b9a2988a55	880
d2582b93-a814-4c75-9bd8-c0b7ae36488c	1183
d2593755-9770-489d-ab62-dad2334ac59a	884
d267252d-eada-4e52-9e96-5de300674d61	878
d2676db7-10a9-4361-9b2a-e71945ce2573	1170
d26cff19-174f-47a7-9b90-30222c6eb31c	1163
d279c627-0d1a-4639-9272-8a8686f17fcd	880
d27b133f-6f79-48d9-97cd-07fa719f27f4	1298
d27fbd1d-e376-4e13-a1a6-70e2c2131f67	860
d281c178-0a1a-4bef-b4be-7088091c40f9	883
d286c2e6-a830-46b5-9b65-911165c531c9	860
d287bf4b-e3e3-4058-8748-3358a59ff1a5	1182
d28d3c05-934d-4f54-8a2f-f588b887c691	885
d290dc25-0d55-4ca0-91cd-5867fdc60c34	881
d293d591-dc61-43ba-9a95-e4d42651f414	1181
d293e227-d05f-4aac-a4cf-760ee2702402	1294
d296f1b0-2af2-4ac1-8358-bb5f6db4e83f	878
d2a475b6-b44b-4721-ad99-ae541f0944eb	1183
d2aafa7f-15ae-45d8-a7d9-fd5222508457	1185
d2ad1e53-b786-4655-9d06-aa9d67e6582d	882
d2ae8661-f3c1-4279-8f19-38149e24dc42	1575
d2b27aa2-0726-4c94-ae21-daaf453e5359	993
d2b65912-acc5-41b8-8703-6c56af53acba	2077
d2bc0b78-67ba-46f4-9b58-62d02366bf7b	883
d2bdfd3d-8fb0-4b16-ad93-0ed182e8613f	877
d2c2589d-4937-48bc-aafd-d54420f86544	862
d2c2c664-edc7-43db-8a83-d3d3d211fb22	1169
d2c8245a-fafb-40a2-b4b5-2ab154010b03	994
d2cf37c5-3aaf-4599-a932-07f5253a408d	1189
d2cf38a3-3f86-4999-a987-af0428f5d91d	1186
d2d954c9-8bf1-4574-a860-b95a72d89730	1186
d2de9270-102d-4904-9d1b-454c2db586a5	1180
d2df865a-9c66-41b7-be72-f860fdea3662	585
d2e8144d-1794-417b-a5e9-10537b688ca1	1167
d2eccb33-3567-44a8-899d-725de31c52e5	877
d2ed7fb3-a792-4790-a207-cea4c66382b9	1163
d2ef57a2-5d8b-4bdd-a287-13a72bff5187	1186
d2f48bec-c493-4c2b-86ad-9f8b2eaa2fb3	1174
d2f54b41-9d2f-4060-8366-4309b816febf	1167
d2fa6552-d0d8-470c-b853-019131e80b52	887
d2fd47d0-f25b-4ebf-b28b-118ff8645a14	1489
d307b44c-c37b-4b80-aa5f-0db35b27cb1a	992
d30b33ae-0b3b-4338-a8cb-d80cad7d1969	1178
d30bc8fe-8bd3-45d1-99ae-d5ab02cdec27	1206
d30e29eb-1160-447f-972b-074295acc164	1164
d3117c93-fb5f-4a51-ad13-8d0987d03498	969
d31d3636-0a54-4452-a1ff-cc5a7095c3ea	878
d320e7ba-c1f7-46ca-8ff3-fd1190665ae9	1164
d3257bd0-8631-4a78-9c67-e8b28bcf1faf	1162
d32b321f-93fc-4c7a-a5f4-1ba7bee1829c	1164
d32e3f26-c6bd-4944-be06-6f1f22fc0b43	862
d33bd441-7da8-4616-b59d-5f6b34298414	1178
d33eea51-ccfc-4e03-9228-f7d9f11bb3ad	1171
d34122a7-5611-4045-8df7-b442ed57ed83	870
d347f782-ae48-4c6d-977e-f27689122272	742
d34aa7bb-e2d8-4c37-aaef-3c5d4fe820a1	876
d351ac3a-1d3d-4b11-a7af-4387afeda2a7	1921
d3528659-544d-4eae-9b0a-7effaa9d1ffd	1176
d3545f7e-b32d-4f9e-9165-0b6e1f66d2dc	1156
d3547444-c39b-4c10-bfc7-d631ca44919c	1179
d35c62ff-9726-4675-8a3c-538ce58879f5	886
d35f1a5d-4ff3-4f46-81e9-670f85b985a1	1182
d35f8a6e-3fb9-4cb1-bc4e-22af76e29619	1170
d363af84-dfb6-4c41-98c0-9be659480005	1184
d365b439-c3b1-4213-9591-002584f9bbad	1163
d367dc63-c3da-4c9f-a237-44983bf7149f	1182
d369cea1-f6b1-46dd-b15a-a88c317bc813	882
d36c6309-417b-4b92-9d59-a786994a723c	1174
d36df3b6-d942-4321-85a4-ec46af71316d	862
d36f4479-db56-408d-9e6b-ae8827c7609f	1163
d377356c-ec29-4893-8c0c-26ccd0c534cc	1188
d378fe39-3121-4387-bb60-9e3706b1974a	863
d379403b-eec6-4fc8-8a60-7e1f1de9ee28	1181
d38368b1-6a6a-46fe-8f38-df7c2cd8882d	1164
d38cfaa0-0eed-41f7-83c5-198704f203c7	865
d3920bc4-cb31-43b5-8419-38b7da6123a4	993
d396d7ae-c647-4e01-badd-1ca727e119ba	884
d39713a1-3193-4e39-a92c-a6ab1e3850f9	866
d397cc77-1a54-4e6f-9a6f-872c3517ecb0	1147
d398a75d-19d1-4803-bf05-e7922c4ac9c0	1185
d39f4a18-8446-4588-b775-9b99d55f74fe	1156
d3a261d0-8cbb-4a91-ba50-b4096340b104	1170
d3a3e0d5-94bb-4b01-a553-d75e3b709b6a	1162
d3a92371-f8b0-4f78-8b18-55b5f22c18b1	1163
d3aa4c1f-60ab-4e42-abf2-93019c28a638	1164
d3b478f3-582d-4c95-92b9-8e1d72449471	1168
d3b4dd78-f034-463d-bdb7-03876c8d3d21	1165
d3bea214-cc02-4e6c-8699-1fe6d1367361	1180
d3bf22a2-a4c1-4f1b-842f-bb82337b25e2	1298
d3c038fe-eb0a-44af-9c96-b4623de5e5ad	1814
d3c713c5-18e7-4d58-a05c-6970bef30328	1161
d3c82d41-b1cb-4e09-957f-4217d37e6a3b	1187
d3d93469-6e6b-49e9-9641-4bbe04cd1d4f	1165
d3e1789e-ee72-45a5-88ff-071a7e372e26	1191
d3e21127-1648-46cd-8491-4a2067f18f1d	1181
d3e4856d-4067-4519-9c39-af9fc3e2cacd	863
d3ee4a1b-4817-4bf7-9ebc-ea7bfc1b99ff	1193
d3eeb54a-d044-421a-99f7-7a508081983e	864
d3efd5af-4017-490a-aac8-e452888c292c	1179
d3f2d196-3179-4a57-a7da-65f361e6e453	1184
d3f2f6c9-4650-4fc0-bcdb-eb8e8b756739	1172
d3f6d8e7-f7f3-44df-97ba-628f6705b28f	1181
d3fa9c8e-0d2d-410e-906e-b36bf7b92a57	1178
d3fee9ed-dbb4-46d9-8b8c-169901e3593d	862
d4042080-c818-43b3-a42a-21f137d7c366	1185
d409c885-3f7b-419b-aa70-39c209239435	1154
d4121988-c863-4095-aba9-60f77ff7eb89	1187
d4142160-c729-4be5-9c49-85d448375dd0	886
d4161460-a15f-4441-97da-077970a81418	1183
d41a27db-9b12-4379-a855-d39f374549f0	863
d41ae8e4-4c02-4134-b330-154a82aed585	1166
d4202c2a-48bf-4348-8bd5-11a4b7827c0f	863
d421b8f2-6f24-41af-8692-40f9a7e62d5d	1167
d423118d-b1e3-42e8-9ef0-54318838e725	1181
d42386ee-2368-4f2f-87af-a1a9e560d538	1183
d42e88ce-7f95-4678-bb4c-a1fc22d6d51f	867
d42f6718-f725-4e83-883e-c6749c5383fb	1181
d435f382-e90b-41ab-9e2b-58614b0f935e	860
d43928a1-c7c7-422f-975c-eec57f830746	916
d43accda-7147-4e4e-a664-d74023714379	1172
d443b7f4-0cd2-47a3-b2cb-8a843d3c03f3	859
d444cf74-fca6-40bf-b069-e89f500dc326	1172
d445f527-640e-4ef1-ae86-52c81d4f22be	882
d449b978-3f00-4093-a2b4-57c7c4bbef02	1179
d44ba3a1-b276-487b-a76e-8068a315ccc8	1178
d4531ae6-722d-4df6-ba0d-d34215ba0994	880
d455e8f1-980c-4cf9-a32d-9f379a23c12b	1147
d4573df1-b6c3-41e5-bf84-0656c6878e99	1150
d45c4734-1b9a-4cd6-9688-fa16e2707e1c	1165
d46b1f56-5f36-42d3-a407-ca1d3dddb7a2	1171
d46b4cb3-b65d-4d13-893c-30f8fba79fbf	1188
d46b504f-03ee-4455-9ccc-4783131fcf05	881
d473b0d3-07a6-481e-a797-52052e6a138d	989
d47bb6dc-9338-4ef1-8f75-b2499e1caa21	1392
d47edde2-c651-4529-b5c6-73cf980a5457	1185
d481e718-4232-4e89-9f29-bc31358ab6cd	884
d48267e8-a650-4b65-94fc-b389502becbe	859
d485d060-ca2d-4cc6-b345-ac2ae595180e	1162
d48eeb50-722d-4b06-bd7b-d44966db66f1	562
d494f6fa-7d45-4e25-9f3e-7228e9d15e78	878
d4954e78-86eb-48d0-aa20-017ea0227da8	863
d499212c-ae2a-4e53-a447-73be060529d3	1164
d49a92dc-40b8-48ee-8a5b-34856fa21f60	855
d49f0a9b-90ca-4313-b2dd-4cdef22c65f6	886
d4adcbe5-52c5-4337-b501-1d42f0b66d10	1072
d4ae0e08-836e-4d4a-8b27-0212d71e3b2b	862
d4b1f077-9bfe-4697-b22f-ab6636fa7d03	1173
d4b3f87d-79c0-45db-9c66-c85fdc0419ca	919
d4b7f043-ea42-4f77-b6d2-ace10e42c3cc	1183
d4be7493-5d19-4dc9-b76f-7bdba632fc59	1191
d4c09b85-2e5e-4878-9dcd-a203063fb250	855
d4c390b4-52c6-4b15-afb3-595b5b3601af	803
d4c49373-4336-4f03-a055-127a25a8bcc2	1182
d4c89a64-a328-4dff-ace6-14a99fde17ac	884
d4ca2453-b223-4de2-b91b-e6be82641089	855
d4cd3bf8-a6f2-4ea2-93b6-f174f7dd04ed	1286
d4cedde0-d996-46a9-8cc2-d31cf366bd8e	859
d4d1f927-b525-46b6-bedf-2262dd0fb48b	1166
d4d2dd78-54d7-4cc9-b7ea-dee9e9cdbf13	883
d4d416ce-6788-4aa4-95b1-9601e9dfbac4	1156
d4d43f84-a5ab-4dcd-82fa-5b2efca6c8fb	881
d4d6cec1-26f3-43cc-b7a0-1a958c518ca1	1183
d4d84c3d-ff4b-41d6-a27d-d127220307d7	884
d4d901c4-2b1a-450b-bb87-df7fcdc3cd00	1161
d4d9ca8a-5e9b-4f76-92e8-bdbd3479f3dd	864
d4dc2a03-f502-4e3e-981a-d013083f234e	1162
d4de6c65-2885-4300-a1ea-0fb91e1cb344	1190
d4e533d5-2767-4fa4-b472-9d04e896b5da	845
d4e69204-730a-469e-9963-985d6b5dcaa0	880
d4e6fe45-14a0-43a8-9ea5-de0c0c81d0a9	1178
d4ebe57c-8794-4805-b865-6029e4743c78	866
d4ec5999-b3e9-4a2a-867d-14d55ce8fe74	1178
d4ed3a62-2f14-4688-ac1d-6b37430134ae	883
d4ed7a16-972d-46b5-8e83-04861ee86de6	882
d4ee232e-c4da-4363-ba07-2d28d95169e0	1162
d4f08628-feb3-4656-9898-644243319054	1177
d505e6ca-5411-4c6d-9b37-5ac0a691ccb9	1169
d5062439-b776-4cfa-94fa-68b97c61ca8a	853
d5138c81-c0b7-4ab3-ae9c-c40ed685ce60	1186
d515f377-b82d-49a9-8167-2beda4f4b463	1008
d519a9ff-9140-40f1-9c27-f88acb0cb36d	1182
d51ac38c-1129-4fcc-83d3-77450d042bb4	880
d523fbb2-afe5-4b3e-bcb4-cbe8e75ab0cd	1184
d525df4f-00a0-4184-8e22-3f56b4a54b50	1183
d52ce5b9-abd2-46f1-bc28-b8d3600141b3	862
d533bba0-d050-4d23-9dea-adf2873cdc03	862
d5347ae3-6917-4594-8888-037561171f82	1170
d5362b73-1412-4a55-9406-1c76b4a766a8	689
d536d25c-67d9-4c76-98ae-f7e515fa7ffe	1157
d53afef7-26a8-4776-bef3-52335fd2cc14	1183
d547cbec-5a2f-437c-8f43-1da249b1528e	1188
d54c4f50-42fd-4825-b0b8-9f0be3e0282b	874
d54c99b5-2783-4843-abef-0934065645be	1163
d54e399c-b1b2-4cf7-b948-2f5fe0ca1561	1179
d5508e52-f8df-4ba9-ba0e-ed39ea9a4b2a	1169
d5519acf-91eb-45ae-b0ac-950a0bbd7bf3	899
d5521115-2043-4236-a844-aa08bbc573bf	886
d55a3e0c-28fc-486d-84d5-d97955d0bdd6	1173
d55a46ec-7d58-4b5d-9c51-d01d297b62f7	1164
d55a8002-d5b9-411c-bcc2-5fd2f2dfcd9d	888
d55fc782-4f8f-4c89-90f4-df7a9159a5f1	860
d568df09-c4f8-4f64-a046-e8cb01dc213a	1193
d56fe653-b0db-4b7b-8d74-4d27285a272b	1168
d5752aab-f9f0-40f2-8923-c6b2aa713d87	1165
d578888f-a023-4b87-8d3d-7b4bac81a652	881
d57999d7-828f-427c-baff-299b7ed9b4ee	1159
d581b39a-2bcc-4fd6-9c9f-34b502c8471a	1169
d587e258-c414-4c6c-946f-1387535dd456	875
d587e352-60ab-46e6-94ff-4deef4598f79	1184
d588ab87-debc-4ff7-bc9d-9e8a91ebad12	859
d5890923-4b7a-4018-9ada-9667b2cf36e3	1182
d589f0e9-74fe-49a2-ab00-7eeb0746785f	1156
d58d9628-8d62-4df0-902a-d1a60f800229	1168
d59615b2-7db5-4e89-901b-e3dd7a7a59f9	1158
d5964187-bf14-4db2-a66a-21d2c5e13799	1161
d59f54d2-18fa-4520-acb8-937350c0bc6c	1185
d5a893ae-d482-4712-be92-792c1c9a09c5	1181
d5ae0ec4-4359-40fc-ad6a-bbe61d62837d	878
d5b02c0d-3553-4c56-a7da-cc57604b9a4a	1183
d5b22f8b-e8b1-4adc-a434-4b0a599070c0	1165
d5b3e6cf-247a-4b75-b25e-1f113b8080ec	1182
d5be40ee-2be5-4ed6-95f7-6d929f07b168	1184
d5c086ad-dd03-4dc1-8ff7-5b38953e518c	1167
d5c616d7-8e1e-408e-8784-f8d61deb2e32	866
d5cd3aac-7e6a-4402-accc-3cba8a17949e	554
d5d495da-e348-4960-b683-d96ab17683c6	1166
d5d556d6-3b44-4dca-a533-6d01aafc6314	880
d5da348a-c92a-4ac4-a199-0c8ff3643daa	1159
d5dab1a5-dc20-4a60-9c8d-629e3abd833c	888
d5dc0377-77f7-4376-b26b-98a924181006	1164
d5ded8fb-4289-46a1-b8d5-87f72ded4484	1187
d5e276e0-392e-429d-826c-9d15c2e7d67e	589
d5ef27ba-9637-4724-91e1-d5872eaa32bd	1161
d5f5f94c-14c2-48be-8010-dc8816a11e8e	886
d5fc2b86-8d65-4c07-8c9a-a352c7587a85	870
d5ffcb1f-828b-4b9a-86f0-e38d764fd75b	873
d60140fa-c85d-4e79-94e4-cb844df244bf	1400
d6036046-2931-4936-b6cb-4d4b0eecc993	1164
d60d02e6-4242-4061-a6a7-e85f28f5839b	1161
d60d786f-78a9-4883-b29a-ece5d96cadf6	861
d60d87c3-d970-4f38-9c49-7e79e3d2a130	1185
d60f3760-5937-46a5-9eaa-06827211fe9c	883
d6160b03-ea4f-4c49-b631-6220d796a709	1184
d61f2cb2-e0c9-4637-8d64-c8fd56412a4d	886
d6234e0b-632f-4da8-91a3-80a2c42a800d	868
d626e96f-72c2-46bd-bb44-2c226529536f	1161
d62d3518-4d17-45d4-a969-a155366d7443	1165
d635a85f-3ebc-48fa-902a-8733de0230dd	816
d6378647-d28f-4e43-886d-a894e52924f6	1188
d63a20a7-e219-4006-960b-f4526c817692	1184
d63e8b37-6e1e-453d-a350-a7e727648b09	1162
d63f3eee-9998-4971-9b6f-812023378386	1168
d6438768-9afb-488e-a60c-dc0c7e7470f5	1160
d657ce34-a575-409f-8c59-7f3806179754	862
d662d75a-8c04-4ee8-8892-029a97e86f5d	1160
d66675c3-8a8c-40ad-8705-a169a96b5835	1165
d667a3b5-77d1-43bf-8930-4fab72ae3701	1182
d66cd8f6-dffa-4a9d-aa61-a1637b501afb	868
d66fe1ed-76d1-4fd0-956e-9c9d30119362	1164
d6712250-6ded-4e05-a0df-4d731af653db	1186
d67126fd-294f-4d5d-8616-5647feb88893	1884
d673a911-6e3e-4bce-b8c8-8779a2d8cbe7	883
d6780d6f-8869-4ca8-8145-7c28aee4780a	866
d679999b-502b-41ac-9c4e-2bda617126c7	1180
d67b1bcb-7db1-4795-aea7-ee6150c6564e	983
d67d5942-e0d9-4c22-b718-21e1127d4c32	2202
d680ed6c-0aa1-4e2b-9f34-1a158438c51c	882
d6848fee-ff50-4a7d-8c6b-8b1170529d18	1308
d6889291-88b7-4089-b4c4-5e6728511407	549
d688ae19-3c34-4b5b-848c-b76e85bde6f7	1168
d6924529-7004-4ce6-92c4-d20b1ce0ee65	1186
d6927c61-6227-4323-8a23-63e9a4e3ca51	1158
d694a078-09cb-4540-aae7-a69b3f6b0e3f	883
d696eba6-079a-4b8f-bbdc-9ac79b777b3d	1183
d6a2f7cd-d30a-4381-a5d5-43efa6038f01	893
d6a41341-a98b-456d-a4d2-8626346c6fc0	1168
d6a6fa5d-81f5-4bb0-9105-d4e2687040ab	879
d6aaf163-9020-46e0-a0fe-a5cdc3296c24	1178
d6ac0114-908e-4329-aeb4-39efc7f06cff	881
d6ad29ec-8d5d-4092-8bf5-bed59b99942c	1163
d6aec47a-ab28-444e-b700-237c9d2e0a7b	1171
d6af607e-7127-4c23-a99f-864fb378bea8	1164
d6b33836-a5bc-499b-b18f-ef57535c5baa	866
d6b8e097-c3c0-4d5d-bd89-37e0f25d9301	849
d6ba770a-debe-4915-8fea-a8fdbb793ed1	1175
d6bf74f4-81b4-4d00-aecf-034483b09653	1173
d6bf8525-0941-4bbf-9c97-a2b53fd5d8ae	1188
d6c295d4-1ceb-4e41-ac9d-3ed3d81e8d3f	1186
d6c373a0-2905-4d23-a0d4-920bacaa78c2	915
d6c7b17e-f16a-45c3-ae2b-616edbb5a501	884
d6cc2d25-7eee-4a52-869d-3d73611f90d7	887
d6d7820a-1bde-4f52-ac97-8e1c2eb38a30	1164
d6d78c74-2cad-41f2-a31d-135163d64835	1157
d6d9dc9d-ce26-47fb-9f55-398bf88913c1	882
d6e561be-3739-4e58-b45e-d6644893a18a	1142
d6e5914c-b028-4778-90f8-c6c59c1bb0dd	1164
d6e8c135-72fa-465a-9aa4-eb16ad874323	1165
d6f36b68-bcf9-443c-9af7-7bb033e31f3a	1157
d6f72b6d-e625-419b-b72d-d847d4fff42c	1188
d6f8bd71-8c7b-47bf-a5db-272344307e5b	1186
d703f690-922b-40db-a03a-f2d63a763db7	875
d7076304-0e1f-4491-8641-9dc7b5d3e25b	1161
d7108d0e-65cf-4e6e-b0a3-bc740418459a	1485
d7129e32-ef0b-4991-a3e8-42eddd0b7803	1185
d717ea9c-3af5-429c-aad1-9f25b4ccc603	996
d719ce7a-3b51-4e76-a081-32c7459659a5	876
d71abd74-271c-4575-b8e8-594a601daf1c	1183
d71c7caa-bb0d-48db-965f-97a4ac5fc0cb	861
d723fc6a-a5e8-4639-9cc7-69d2074de5e5	1546
d725d62b-e10f-49cf-abcd-abbce8932d02	1179
d727cf9f-4fa4-4bc6-8f1c-ab34d09c1eec	1186
d729e69c-45f8-4c0d-9c30-4289500ff231	1185
d72b4f8b-4eb1-4239-b7b7-3185a9aa9437	1178
d72b8451-0d3b-46c5-a0b2-0f823c818644	863
d72f8ee3-0617-4c73-ab3d-435fefac43ee	883
d73180f5-f260-4d88-ae36-27a57e3566c4	1184
d732f1a8-c4eb-4c4a-b398-5f05a6aa089a	2048
d733b640-0bca-41fd-be63-870dfab095ba	863
d736dddb-b7bc-4211-9aaa-f21f72271df9	1190
d73cc832-8ef7-47a1-b90e-c17f378839d5	1180
d73d804f-2911-4a3a-8b5e-59ceec4d619e	1292
d73f002d-5d70-4b58-80e7-4ae2353a9905	1163
d7402ded-a888-4fab-993f-0e9982c9eec9	1174
d7407701-6498-4a22-a199-9875cce63036	880
d740ba50-eb66-47a7-9981-3c57b26aea0f	1187
d7415bec-39e0-41fc-a469-beebe553bc57	888
d744b2d4-38d8-4bf9-a1dc-c8c1b102d82b	1179
d7456c94-210f-4642-8036-c26f1ab60c3a	1164
d748ed3e-776d-4ed5-bd9f-716f0e82ed8c	1180
d74a9592-214b-4cf1-ab11-83c7ac0ae882	1168
d74cfec7-9d66-41cb-b7c4-08ac39ea3095	1192
d7551c81-9149-4367-88b1-58fd14ec6fc7	1161
d75dbb6a-0b1e-4c4a-9d1f-2e0e84beebbb	1180
d7600112-f81c-469c-bd4e-ff97a25dd999	1190
d764807d-342a-4e14-81fc-513ba4cbcaf8	1176
d768ca8a-3a44-44b8-b77c-024e68408ec7	1187
d76b8dd5-eb88-4e94-abac-6db080718c7b	887
d76cf50f-d976-4fc2-aaec-f243c02f0f6e	885
d76f9166-5214-4763-b880-7d906c4b5d3c	1183
d7790bbe-3d36-45a5-82d2-3bfce748e9f5	1188
d779f868-339c-430d-b92b-60b5f0f50e93	1179
d77a5926-2e74-438e-8dfe-0f453a529bf0	1193
d77e29df-67ac-44d9-96f4-31e34e1a6f3b	863
d7812a3c-bc51-42e5-bb6d-4f52715b017f	1187
d7899e9b-2950-41ec-a2da-a74153abb7c8	863
d78be8ce-8082-41db-9797-857e302d56cc	1165
d78d1e87-7097-4246-98b3-cbd2e729bf27	1168
d78db3ad-f486-4271-a7f6-7fba71bc72cb	864
d79420b2-2293-48c5-88ca-c81ac784d214	907
d7987463-02c0-4bf8-b061-231f9904c359	858
d79cab5c-a65a-4126-b939-912fc68bbdbc	1166
d79ec6b0-fc19-43f0-a299-48477385804e	985
d7a5fcfb-9792-49dd-b2cc-7e6840c6f860	1174
d7a82b1c-24a7-4b27-a4b6-ef9c765658a7	891
d7b1eeb9-8b1e-47b6-86a0-0b13d523c35d	694
d7b280a8-ba8f-4c77-a45e-7fba2f673933	1161
d7b2eede-6d6e-4788-8577-91422c9d3f34	1189
d7b3a862-1c1d-4796-89a5-6820a570177f	1188
d7bf8bba-6fa6-4ee2-89b9-6e350b557c13	1169
d7bfde34-6ef6-4adf-9874-58b417851450	863
d7c7fbce-7ec8-4ce7-81e2-dfb1a1c580ec	869
d7cabbf4-0195-46e3-8aa1-a7fc71091154	1164
d7cbd907-a7d7-4352-b449-ffdeb3d5018a	659
d7dcf7fa-11eb-45d0-99d5-06758efc3716	1157
d7de5910-6936-4bc1-bc4c-5d306ff63176	1160
d7e020b3-5372-4e63-9543-1762073c8fbf	1182
d7eb306d-6946-4858-b657-ae96f6cf1009	1185
d7f69b63-b66f-4677-9b3e-205a27a24b5b	1156
d7f6eb33-6930-4389-94ac-d2f4a43a026e	863
d7fb6f96-be0f-472a-8082-b4862041e49a	1166
d7fd57d4-8e88-4ad8-928c-4f00d4ce8190	1263
d801337c-91e2-423e-a3ab-9a17c81e6546	1164
d802b28c-fb1e-4569-86d3-ce3005895e59	1184
d8063678-1068-42bc-a939-ecd716bb46ab	1161
d8099ef8-1e69-48e6-bfc4-9e08500034af	879
d80fc311-a3fd-4b34-a532-897beafae402	875
d819b3c4-d3e1-4189-a6d2-44597ec5d572	1160
d81e2bcc-b998-474c-b9de-25fe469e51b6	1187
d823d94c-feef-43e5-b77e-5d5339083fd1	1218
d82d8335-c83b-461f-9778-1dea35d4bb7b	1179
d833c74b-d352-45ed-9761-1c65d466662e	1167
d836e0c3-cbdc-4051-87f4-29a3a63b5f17	1158
d837e58b-925e-4939-a94f-5d7f95ac28ff	858
d83a1a50-459d-4dfd-afde-176087e4f5a5	1164
d83e3419-766f-405c-858e-f36b36491061	1847
d84549c7-cc5b-48e6-85dd-9f4049ba7c32	1182
d845a00f-4133-4eb7-813f-86330573cd47	1169
d84d6e24-eb6a-49d7-807d-1198db48db7e	1169
d84eba0e-d959-4d76-9537-7924726cddd9	1167
d8500b9e-24d5-4d06-b87b-446d92207262	1298
d853b445-06b2-4f77-88ff-bad66d711b71	877
d854ca25-39e3-45ab-8408-899975d6a4fa	1193
d85b0943-78cb-44dd-af75-0a4e8c1bc7ec	1183
d85fabae-8570-43d8-b233-81330e196108	1190
d8601750-6383-4bb2-9412-70ecc7e4700f	889
d860fa7d-4b72-42fc-a6ae-a3cc1c7bdd8a	1177
d8650a63-32d7-426a-ba92-8a2700ba9e4d	882
d867b511-982d-47f4-a91d-82e4b287a252	855
d87324fe-df69-4f37-b3a3-ccf468602ad7	1191
d8737b89-0256-4c95-947c-d485cb1f523b	880
d8747077-af66-4984-9430-fdd7f68842b7	1174
d87ba381-4fab-48d1-ab18-726103eb813e	865
d87f7486-f6d9-48e4-881a-92668c3ed21d	1182
d888b144-ee0f-449e-b8d0-535577f1af8d	1172
d88eb513-cbf4-47dc-9a07-64511d3bfbd7	1172
d88f418d-113c-4a0c-812c-24a1d89a5d0f	996
d88fff31-4c31-4e8e-8e61-0c7c6fb5b2b4	1161
d89696fa-ced9-4706-a915-71c6606405b3	1168
d89ccfe4-3003-4b3b-ab76-aa0ec8cdfd5c	863
d8ac53a5-0415-4852-a9ab-52ed1f240920	1158
d8ac941e-b564-4673-b82e-976d9c3d0914	841
d8ae3008-06fb-4e2d-8985-0cbe0db38612	603
d8b0650e-c30f-4bb0-8120-173a85881de0	888
d8b0c4f5-6090-411f-8336-bfecd55f3d66	1162
d8b72667-10d9-4cf1-999b-76f70ebdab51	887
d8b7298b-a715-4d31-86e3-de4ed993d613	1177
d8b87f30-f26a-4006-a6c2-263099e03122	877
d8c57a2e-e06a-4c0c-9c79-28f47c1fba50	884
d8c6cfc5-639a-412b-9334-4fe9ab8ee7ab	881
d8c7932d-526f-47d6-b670-1ea4fc8ce493	1161
d8c8c5d9-d4c0-42f8-80bd-06f314b7230c	1166
d8d7610a-5774-4f41-939e-bef48467822b	1181
d8d87342-67b0-43a2-b62a-4635afb46df7	867
d8dbb27b-955b-4d4e-b249-99ba698d36cd	706
d8debedd-f747-47d0-b28c-4ebd0f6325e9	1181
d8f1f826-a5cc-415c-a5ec-a28588bf0413	1168
d8f3b5ae-0766-4364-b00a-7cda7b2336d3	1179
d8f82878-b8bb-40bc-aaad-bff328c361f0	862
d8fdd159-a785-4577-92c1-7754d21d0da6	988
d907babf-4921-47bd-9d67-221c57f65899	1169
d908aa4f-9934-407a-b38e-c1ae0afcb288	1168
d90ad734-08ea-4b3f-97e2-cfddf6844590	1187
d91358bf-fb89-4895-98d8-246104c2371a	862
d91632c3-fbdd-45df-99f2-c9b963674850	862
d919c1ee-e414-4b4a-8682-3d37d3272cf4	890
d91c5c3d-18fd-47aa-b773-e251c1d3aa4e	863
d9216bc8-ab3a-4a6e-990c-1ba188d0dea3	1182
d9236a3f-d527-4d6f-978c-a9e0288ca1a3	700
d9254308-374a-4e18-b9cd-fbf7d44c4d7c	1169
d92a92bb-670d-406d-84ac-162bacc1907c	859
d92d5a45-bea6-4b79-95e4-8147c9ee7b52	1180
d935dcb0-84a4-47dc-b002-b251602c845f	1157
d93c90b4-c9ca-47b1-8054-7600b8727bd4	890
d93d4677-27c3-48ce-9d25-1901cbca1aed	861
d9460007-d6b8-492e-8182-80add1b65d77	1189
d949ff74-9f8c-4e22-b8df-32b1736245b0	1191
d94b0103-78bd-425b-9134-d46c9a7ae09a	1191
d94ed9f3-3f54-49af-af21-23d3c2e7ebfb	922
d94f212a-bb70-44d4-9de3-8259da557a04	1525
d9504e6c-6f5a-43d0-9d8e-0bb2a8d493b4	847
d950acb2-26d8-4ce9-b56f-065f44f0147d	1184
d951dc38-681f-4275-8211-48ef6e4653ae	1488
d953ff2a-6f0c-4bdd-892c-4b65d36b7b15	1158
d95650d4-60ae-4fa3-8eb9-c6fd29174566	859
d956f823-dc54-456f-8991-4ca73a8cca3d	937
d959bf83-1eeb-4897-97df-96b6523e2c17	861
d964bb19-ff39-413a-a1e7-93f921d53e41	925
d964f77d-85bd-4f53-a7ae-ee71d2885a4f	1185
d96d613b-133e-41f6-861f-73f51fc6d7d9	884
d9752795-508f-421f-8651-00ca4fd817ea	860
d975aad9-53b0-4c52-9319-fcb9b404b008	1153
d97744b3-d048-4a61-a8f4-4950bf1d18c5	859
d9777555-6a7b-4c74-ac2d-40ac12448f25	885
d97ab989-2c92-47c3-9b65-6a2b83856dba	887
d97d2ac0-6802-4570-a850-eb6815be0bee	1180
d98277f5-9257-4f40-b29b-0aa6e7abed49	884
d9947f83-550a-4ecc-bff6-82f66fbe6830	885
d99a704f-5483-4270-bbe1-b8c9318bf4d5	1186
d99a7813-1304-4693-8ec2-f7bd366a392d	883
d99d524b-f0f8-4209-8662-07d14a415562	1185
d9a19fd8-75c2-4ab5-8fd1-88461300a13d	880
d9a450fa-55f7-4488-b4a5-8aa869dfce5c	877
d9addbf7-ae6f-406d-8314-c5ec89e863ee	869
d9af3bfa-bab6-47f5-9aab-90125d780ee2	1172
d9af69f7-d17e-4395-bbd9-fb70b220ec30	1641
d9bde031-78a1-4ce5-b0fe-fff9f8837288	1177
d9be876e-200a-439d-a0fa-259f7fbafc0d	1183
d9bf2ef0-67c0-46be-8188-fad814908b03	863
d9c28639-14a2-42c3-bf4b-13bd939a1fc5	880
d9c84514-8436-4333-8932-f4f9d340cee1	864
d9ce2f5d-f447-415a-8dab-38d7eb9acbf3	889
d9d129ed-4196-4b36-b88e-263c2f19ab7b	870
d9d17d46-66f4-4940-9774-c5946f5fdb7b	865
d9d6ed23-b5f3-48de-84ed-55a8e176db5c	1163
d9d7be53-d201-4e74-a999-b9a7374c5cc6	1162
d9daccd2-1861-4bff-b365-ff453f20fe60	1177
d9dc3189-494c-4a18-a6cf-45fd7320e5aa	1188
d9e0db71-7a69-4950-a9cd-245b0aaf0502	880
d9e2047d-ffa5-4089-88c5-035b02a39646	1187
d9e8e9ee-8175-4628-acfb-9312eab210a4	1167
d9ecb341-49c1-4e74-b022-d6ee89411c41	887
d9ef9606-9f66-4d6c-a219-31df9e688716	863
d9f71bd5-f30c-4250-9018-b999fb0fe072	1165
d9f94eb1-3950-40e0-a65b-4a2757cf4292	1190
d9fdef29-e409-44ff-a6f9-26c8bcdb58bc	1172
d9fffb99-f18b-47bd-909e-bf463b23469f	1188
da04bcf1-a3ec-448b-989b-8db88e0c3c44	1165
da09dc41-2244-4da8-87d2-f86e986dcbb7	1182
da0c1da7-47de-43c0-bc31-0b0c16e0c73d	865
da12fd9b-ee9e-4944-831c-3dfa1ec6c9fc	1167
da14abfc-9165-4ad1-ab93-c8d26bad3b48	1190
da152169-182e-4a46-a1a0-6293e152f1f2	1184
da1a111d-6528-4b4f-83f2-198c43197ee9	860
da1b8c4d-d5f7-41af-a202-6fcc688cd7b8	887
da1bb4b6-4709-4d9c-bff5-9890e62a2704	1184
da1e6fd0-5aca-4eb6-8cf7-c24486defba9	1165
da274d44-3a07-491e-9991-c4b372b2b7f2	1168
da2bd318-6a1c-4153-bc15-5de51f13845e	879
da2ec3d3-0a39-4aac-b035-d459108a19bf	1167
da31f3df-7689-431f-986c-2ecceff892af	1159
da32a4c0-ff7c-4c5b-ad38-9cdd5b6403cf	1194
da32e95a-fa58-4018-9237-081dbb41a499	882
da338342-1b70-4209-bba7-19e088dd6567	882
da33c738-d144-41e7-9742-8bfb8ba30607	1162
da35d64e-1474-4ebc-b015-3baba7985876	1187
da38e1e6-18f8-471b-aeb9-a6e4c1087c01	1173
da3a3e14-af25-4228-b700-bdd1cbeb4229	874
da414272-4148-4607-89c8-cef70736b918	884
da455690-f41c-43b6-bbf0-aaeee1421158	883
da5393c8-5257-4fe8-b8d5-04430ead234a	1302
da551125-ad76-45e5-8e0c-ac29ae2198ee	853
da5d9a60-4115-4b45-af3f-17173412bd60	1182
da621ef9-8b74-4f7e-885c-c08eb550ed75	1177
da66796c-6c79-4334-8a11-eac612ee21ac	844
da66be77-0447-492c-b685-6c5c87465682	882
da69bc15-56e9-4248-9558-5226b0bb6b46	854
da76b4db-23f1-4b3a-80d9-93ddc38fe062	891
da7718d2-252a-4cf3-8426-2036dc3c9ab7	872
da7c6bd2-0e6e-4db5-ae37-3310bc0ebea6	857
da7c798f-b58c-4977-9699-3471e64073b4	1163
da819a99-21eb-4081-9e82-baea5107cc44	853
da843a75-91bf-482b-9958-d7b0434b0c16	1183
da844ca6-5b60-4f95-8e86-8d079520aff0	883
da8a5bce-d84e-4178-a211-61f7be5eb2e6	547
da8b84b1-872d-47fc-b011-28ee4f7cd30a	1285
da8c9bf1-8d10-4568-936c-0fb15ab70c48	887
da8e3fce-7ff5-47ef-97c0-87a5f190f271	1184
da97a5ce-393c-4896-8d19-3ec4c12e24f2	1177
da99d16b-ce31-4cf6-90c2-b0f61cb636ae	602
da9ad51f-1483-4036-be39-1de77ae463ea	2127
da9c40af-7285-4467-b62a-2e1b4c2ed7ea	917
da9d1358-ffa9-48bc-8fd3-8e36ba194921	1163
daa20be1-06b3-42ec-bfb6-6604822eedc8	894
daa232b7-9329-4c66-a442-b78476a77bc4	1185
daa2b26e-d8bc-4362-8250-e64386d8df24	1189
daa2de72-c30f-4782-ba86-099636514c65	1156
daa4b35f-6bad-4105-a2a0-a7c3b628a533	1173
daaa0037-5ef5-4895-b8c1-6da5021076f4	1166
daaf1662-1e3d-482f-b74b-a0a31ac3d963	1170
daaff4b4-0402-4073-8bca-24258bb5fbb4	1150
dabaf718-b7dd-44ba-8517-9105f0442140	1178
dac46c66-f7ea-4705-929c-aace859d1c48	852
dac64281-e7f1-4eb9-a56a-fe5a11f226bc	1176
dac699e9-c538-439d-9ba7-8f185369e098	1182
dace42a5-837e-433f-976e-007b60d73612	1627
dacfc47c-45e5-48e3-9b89-cbc0b65196cd	1187
dad03462-7e66-41e4-b9e7-d91dfc856d97	1187
dad082a5-414d-4595-9667-75eff5966a92	885
dad14520-7f46-4dbf-99c2-75345fa154e4	884
dad31e5f-58ea-4b0f-bd8f-16e2bcff5c73	583
dad3b16a-cbe0-4b42-a5ca-9c014c772e31	1857
dad74a8f-b120-404e-8d5d-2c3858c2da2a	1169
dad97439-6b5e-4586-8160-72bc0b82bdf1	1178
dadfb2cd-7d21-4063-9cff-149036be3305	1189
dae23977-ac49-489e-a535-52a4e5a1d9e1	1159
dae44575-8624-493a-841e-1de32ce6f724	881
daed791c-a3a3-4bba-bc25-abec987ebc1f	860
daf45c26-020a-4e5d-bfc0-2eea0811b9fa	887
daf7149b-bc6c-454b-a2fd-f2b57c9f67f2	1181
db03156b-32fe-4df9-89e0-0b8a32e686d9	877
db082cac-dd54-4ef6-93f5-7c8dacd4dc59	882
db0e7c91-6f11-49cd-a7e7-67147406acaa	1158
db1437f5-c458-4a0c-b0c0-d321f687b6c2	883
db147317-f810-40d4-8a6b-9be4322d2410	1166
db160c5a-134a-486a-87f9-cbd44cd5e010	900
db1e1998-89a3-40f8-b906-7b8e9a7aca04	886
db268646-afd4-42fb-b95b-05773928023f	875
db2eebeb-731c-48f2-92fb-e76826158d40	1180
db374679-28a0-4cc0-ab9f-c4ecb775819c	863
db4221d6-8a81-4da1-b15d-131c454fc786	1188
db437bec-8efa-4d84-b5a2-12469425bb84	1606
db4961d3-f92b-4b49-8d0f-cf9060a7b156	1164
db49692b-ead9-4170-bec2-bb9680afacf8	1192
db4e035b-a57e-48ba-b52f-025bf63ca78b	1183
db4e3a4f-77f4-4284-8ccb-d4338665851a	1166
db558309-1cd0-4125-bda0-0f87fdb10a1d	1187
db59e672-2e71-4637-b206-8d9cfd545e22	1165
db5a3a16-f1be-4122-aba3-83f42ff577d0	862
db62d05b-6fe7-492a-a7c9-b79ca6760044	1179
db67ed50-84bb-42b2-80a0-23d8fadd61d3	1186
db6a9770-804c-4f18-af4f-9ddbb4e5bbfa	1181
db6c9564-27ae-4039-aeea-48edaaf029c3	886
db6fc15d-4fdd-4e44-9ad8-040c1c4e53d8	1241
db70d8de-e897-4d5a-bcd7-cb9cdca6f7c1	1183
db73a97a-24f9-44c9-a3e3-fafac55c6946	1185
db76543a-d45e-438b-9b7c-9a723a415746	990
db81f972-4e94-4bae-a465-42fd764bf460	856
db880ea5-6aec-4531-bbf9-4e4d9be5e5d9	1189
db8a21b1-1789-496a-922f-4cd092b5380e	861
db8eb001-1bba-4167-9d23-9d3047fcd8f1	821
db975876-aff9-425f-8885-393d9a793ef7	883
db99749f-5fba-4aa6-bf3e-88579075502d	1170
db9ce056-fea4-4a90-a0cf-8a78c63ed261	1165
dba3422f-af24-4fe6-8bc9-147110f6c7f2	1164
dba398cc-28c9-44ef-8c9b-ed2d7f3ce36b	1188
dba45334-9e70-4475-97d9-21231df757df	1167
dba56451-b44e-4ab5-bdfd-2869fd0e79e6	1166
dba5f6a2-2871-42ad-bb19-bc8178cfff83	1172
dba8b731-1713-418e-bc74-924ac4fe4195	1166
dba9f27f-2e48-41f3-ac55-7433b2969117	1187
dbb3495c-0cf8-49e9-a3b3-bc202aa7c4ad	1184
dbba8886-05fc-42bf-ad1f-a1ca487a64c2	1162
dbc170b4-50ea-42b6-95f7-d0fb14ab62fc	869
dbc2dec7-8ae5-451e-9014-5be81cbb8d71	865
dbc45ad5-55b4-4fb9-befc-f5db3af7fc3e	949
dbc5779d-da8c-4eb4-9206-a61302fe6a07	1172
dbc894ed-fd07-41f2-81cf-979d40f4718c	864
dbcf68ea-870c-45b0-aca7-1d981ac3cb82	854
dbd399ff-c930-4035-bbe1-c5356b045d45	1156
dbdae3d1-e881-4dbf-b4b9-ddc5a763577b	866
dbdd88b0-c8b5-4300-8d73-7525d8481fee	1167
dbddc475-a179-41f0-8c41-321aa489bd0e	883
dbe30cc9-c421-41a8-b05f-62089f30a9c0	1188
dbf2fed7-4a94-4bdc-9521-ac033375c5e5	1167
dbf6c97a-294d-44ea-a9ca-2071f185554f	1000
dbf7530b-ca5c-4ce0-98b4-231cbec7802f	1186
dbf84093-8d68-47b4-add0-f445fbab0a46	1188
dbf93706-6a93-44a8-9a65-8992a9d77e69	1169
dbfb454d-e1e9-4f3b-88ec-bc6b0b33940d	858
dbfcf5ed-169d-491c-82e2-9fed69ca5869	858
dbfe128c-4297-4b46-86bb-3a13736992bb	1165
dbfe3ee6-d9e2-4cf1-ab04-8d70ac59c83d	1167
dc001d6b-9569-441b-b8a3-fe8748a3f548	1141
dc070c03-626b-494f-bf5f-df04b33acee4	1184
dc0787e8-41a9-4a3c-8f8a-002bed7da727	1188
dc0a6796-2bd8-4001-abc8-e4d2dfc6fe35	882
dc124a78-5463-4ab7-92f6-24c8ffea4460	856
dc131420-fdb0-4306-969f-8fd3e98acb53	1183
dc162685-2801-4c4d-a045-60e283ddfdfe	1193
dc1888d0-b458-4224-bb3d-6276df45441f	1175
dc1b59fa-596c-434c-bdf1-cdde9039d1a9	873
dc1d4427-be5f-4eec-ac3d-c0d519de089b	1170
dc1da18b-2848-44ab-ba3c-b9bfa4d2ae09	1157
dc1f361b-0bfc-41c1-9ce5-9bc1ba57019f	1168
dc200c73-ea46-42b8-b4c6-eb9d0846d10c	946
dc2157d6-5c6d-4c99-8d35-4f5a798aa3e0	1184
dc29711c-e248-448b-bf2d-332f9e0ddf92	996
dc2ae384-fe75-4847-b75c-5add5138bd45	1163
dc2f7687-0ee8-4b18-aacd-390fd478fd04	882
dc393ea6-7949-4d5d-9f31-3b3edbc342bb	962
dc3df5b0-d254-4fab-8b99-7472220e03df	1166
dc42df3a-8392-4dd1-b67e-8c2dd4c8e402	764
dc4325e7-05df-4af7-9d3c-f0f56007a1a3	882
dc48a74d-5c42-4e3a-8199-09080da4d988	1165
dc50936d-6747-4ed0-b1dd-738e646e3145	1180
dc5cb155-e89c-4b84-a196-d72d0f4994a4	2373
dc5f1101-f4e3-43eb-80e3-b980877aa1dc	1181
dc657a87-e5a9-4b78-bb7a-c78be9a11532	876
dc684337-b663-4f01-8523-8373e6ba93ae	882
dc6e61dd-3978-4cbc-9ebd-5c0814c97d2b	1169
dc6f9de9-0775-4425-9c91-5e48155ef7bd	1058
dc746241-d43f-4605-8086-21ab23c494ea	740
dc74e900-0d66-43d1-a13d-b5bc49270672	881
dc7e2f8d-5c29-46e3-bb84-1b7cd49a5fba	864
dc86442c-0cd0-48ce-9718-65896213ae5e	1166
dc8bc89c-8807-4669-8a7d-b7b667b63f76	860
dc8e31ab-b21f-4ba6-88b5-cf5fc3e663ef	881
dc8e63c2-23ef-433a-ad92-8467cb36aea4	983
dc92a6d2-8125-4517-be7e-008c1c40302d	863
dca084da-31c9-40f9-9eaf-443174ed5b6e	1191
dca0b0ee-1667-4166-ac88-757219765a9c	1167
dcad41e6-b300-4a4b-9148-4c3fc321c112	1182
dcaf8d5a-b05a-4fc9-9738-90bd69295217	1164
dcbd7dbc-04e5-4a13-8a68-1682af489a12	1168
dcc0548a-d5ce-4f24-98f8-b18d6bcaa777	864
dcc1c68e-0e25-404d-a817-78c7ef304d84	1179
dcc332de-d189-402d-b5ab-fb30582fd056	884
dcc98f78-14d1-4a68-9eb8-32b93f385561	1204
dcc9d758-a73a-45ad-89c9-5373d522cbce	1187
dccb4cea-0251-494a-a6da-c142ac3dac5d	2188
dcd01e63-8372-40dc-b69f-036c4f82c255	1171
dcdf568c-1fea-4c49-bb57-995f86355563	856
dce254fc-343c-4baf-8736-77abf0d67581	1155
dce55b6c-e3e1-4141-856f-78471d1f420a	864
dcef911b-d19c-434a-b549-79907edfb219	1158
dcf3e999-2382-4ed6-a64d-db0ee3fbb3cd	1834
dcf72861-7fed-47d7-a42f-7d754b945888	1186
dcf8bb8f-8558-4647-a5fa-c20fac679aaf	1167
dcf8c2c2-4449-48bf-8eec-6895cf1e12e6	1182
dcfd8883-293b-41b7-924c-25f2667c5922	1184
dcffa607-10d2-45de-ae91-6c21c64409c3	1167
dd0418ae-e351-4aa7-954d-1c9fa3d1b3de	1178
dd0a8725-32a2-484d-bdbb-87b55f6673df	1179
dd0eb482-a9d9-4402-9284-2f719bcad599	1189
dd0f2796-aae0-48dc-ab68-d791f6824ff8	1168
dd0fdcf4-a13f-447e-887b-da82d19f204a	1152
dd145c66-943c-4b8b-8277-599f9e4b2ad8	858
dd167f48-19c6-4cb8-a8c1-670d6cc7b54c	1165
dd16d738-a18f-4128-a7ef-bf526121f15d	1176
dd1811ff-4a06-47d8-9e72-981db8049a1e	1167
dd1b8fc5-67cd-4243-a163-85684a7099d9	1188
dd21227f-b29f-4095-a7ad-bf5e05a67901	1193
dd212294-1b50-46ab-9249-0709d1e2a38c	1160
dd2201ee-69cf-4e5f-86d0-d46ba6e28f8d	1178
dd226224-0a1c-4362-a0d9-cd5d843aca7f	1186
dd22f673-3d38-4efc-baca-882f1437929a	871
dd297b0b-1e80-4d7d-9976-72f10fc677c7	1186
dd2d97c2-ca7d-4804-8ec4-e2a3aa07b7e8	886
dd319231-fc43-42c2-a66e-ce401a413709	748
dd31faee-4cf1-4c40-a073-0a8e640cd86b	862
dd37fdaf-0f60-4028-acb9-e1b9a0001bc0	851
dd38f2a9-e718-45e4-8b3d-0b4c740c0aee	1183
dd3cc9fa-9d8b-4201-b5db-bfe9b92af502	1631
dd3dbd60-83a4-4789-9700-7bcd721a5aaf	864
dd4134c7-b462-459c-b469-038e6484f1ac	1188
dd50d089-1c30-415a-8fb4-fe56874ee522	882
dd529787-a4fc-4bd9-a77e-5ccabda50a1c	1166
dd549f73-79cb-4a58-b54c-3c28d23fb8cf	877
dd55b7e8-a894-43cf-b302-9425ca8c154c	1189
dd56efd5-9063-4ca4-9af9-1cbcfb0a287d	1173
dd58c99b-d2db-4a75-92fa-5c6c24e53aec	1600
dd5e9d05-7a91-42f0-ba78-4d4ab6e3cd1d	1571
dd5f57c8-39c3-44ef-ac7d-5125e3ab8527	999
dd684b11-5e3f-4df5-9b8f-b33be386f7c9	1425
dd6b5739-68d1-4b97-918c-6406f559ebf2	1165
dd6da59e-8782-4eb4-b84b-7d052b5adf02	2240
dd6f59a0-7ad6-4fc4-bc54-24e4074af5bc	1176
dd73db71-f69d-48eb-a54c-f2d8af78bfef	2216
dd7b66df-ab6a-4e73-ab77-87f41bc136f7	1198
dd7d90b2-1fd0-4f64-aa25-b68d18474bdc	1179
dd7f892a-82a4-4aa4-9f76-260e717263f0	861
dd7fd004-3614-44a2-b85c-96a7036b95bb	1164
dd82edd1-18c5-4a5b-9d50-800097e3dde6	851
dd834b4a-3f0f-45bb-bffc-6f22cd9a3103	880
dd83acb2-4442-489e-bd89-f139d64d9af5	1171
dd8606e2-cdd7-496b-bc8f-9de5f8f82871	1187
dd8cba8f-fc81-46ac-9258-c9d970b7a1f8	862
dd920a19-305b-4da4-8620-405022f62a9a	1165
dd9ac5b3-77aa-465d-8bb7-5b35b20fdefd	860
dd9eb4cc-0be5-44f1-b090-6b85000b5295	1185
dd9efc1a-ab35-4918-9413-557168c9f802	1168
dda073d1-e44f-4042-91cc-6f10bba1fb19	1182
ddaaa923-b562-4f0a-9796-1c6da2ab5e9d	1184
ddab89c1-634d-4bb4-8ce5-f4392b02e56d	1182
ddb38c48-4fd5-4c1e-80d6-234fb7e8f484	1169
ddb418fc-3cd0-4441-b9bb-a5380ac8b224	1175
ddbaff00-c35c-481c-b633-eb090efd1d1f	1178
ddbcd7bc-16ce-42e9-a304-e67f85840ea8	1727
ddbd93a0-fe6f-4ec2-b392-5be7817ed233	909
ddc3639e-1051-4f5b-93a0-f9be1bf52737	1153
ddc91dbf-0aee-434d-be0a-0324d5596f12	1188
ddc9ea34-bfb2-484c-93ad-a3fa4cdbf53d	857
ddcadf26-b69b-4f0c-b82f-f1ce7ac64fe5	877
ddcc46da-1c38-48d5-956f-bd91bb9b5eed	655
ddd0d859-61b8-4dda-995a-d2dcdbadb68e	883
ddd17cdb-7e66-4c61-b4c7-94554f3f6c7e	879
ddd504b0-0b59-474a-9846-1f172da680a8	1184
ddd7488b-d4e7-4d0f-9ad9-cec7c99e150c	863
ddd8a0e5-38c5-4422-8cfb-220fbe7b04d0	1182
ddda26ee-34d2-4034-a6ed-44662e2637b7	885
dde559a3-c80d-46f2-84c9-2533558325d9	1168
dde73ad1-f81d-4a62-bb1e-e274707cc641	1155
ddf00511-ac98-4df1-81bb-5b8b44d524c5	1185
ddf0310b-f900-44a5-b8a7-c8a56e9d4bb9	1170
ddf3c901-f13a-4f17-a1d6-358ef8121dd3	864
ddf82dad-fd3e-4376-9849-db92f32ec987	1191
ddfbdace-ea3d-4712-9bad-22a34cf1bf72	874
de0038c3-9d16-44e1-bcac-621c278bc90d	1175
de0e5fbe-79e7-47ee-a3fa-77ea9288b0f5	1189
de12917c-03c2-47fa-be7d-0d7c25c90b62	883
de14c3bc-e886-475a-8218-965a4d6f0d65	880
de1872f4-9ab1-49ba-8b94-fdb04ee07ad2	861
de1f1280-f439-409c-8270-849529ddf79d	1159
de207c46-ff56-4467-9510-8f4f8774e4b9	1191
de216ad8-1795-41ef-b40f-80826f642a15	991
de253292-0f0a-470b-850f-62e65596566a	1171
de3831bd-7775-40ab-8538-f03756257058	890
de39a4bc-082e-463f-ab6e-20bc4b971e26	1170
de3a43da-8f65-4a6b-bbe2-6d7f56f88898	1886
de3eaa18-3ab8-49fa-a584-80607b211cbf	1115
de42e46b-7ecb-469c-8122-70a7dd613db8	1180
de4440e0-5d33-428c-8195-722fe4e1b161	1180
de4445a6-2403-484d-9fc5-31959b27267b	1181
de44c437-39dd-45a8-a91c-caed224a4d37	1178
de4912c1-d08e-4252-8d4a-8454fdba6016	1188
de5436b6-22bd-4f7a-ac4f-dee2056cd52b	1187
de576427-9542-41ba-83b0-b4bc8011d10a	1172
de612284-e436-45f4-a9ab-62cc5159455b	1188
de631ab7-ee7d-4467-ba77-a352373cc7b3	1179
de63968c-d89c-463b-9a5b-871fc564cc7e	1190
de6c2650-3210-42cd-bd49-9ca218364cca	2088
de7095a3-b869-49ff-b48c-89e9428ee354	1186
de7bc79b-42fa-4ab8-adc9-db6960d21077	891
de7fe74e-fc6a-4a23-9b91-53553fdb3ad1	1164
de820148-d74b-4847-aa50-0ec159349f99	591
de8868d5-8d94-4c27-a9f9-2e48968a49dd	1193
de8a66b3-8063-4ae7-b33a-b58374cbafa1	1177
de8a894a-9b65-459c-a113-0e2b979c1c3e	1173
de8cad92-8b8e-42f5-8880-90f548cd5eeb	878
de8edd10-9c06-4c3e-8122-b5dae54d7125	1158
de91fd1d-b343-4856-96e9-9ff8dfbdaba7	881
de9b6d6a-8418-4833-b4f3-9a3749d584b8	1172
de9ba28f-a79e-4554-8dfb-c0cfd6157b5f	1189
de9d7b79-0435-4dff-91f1-b5514b1f706d	1157
dea0b777-fa73-49d0-9180-4819425a220e	884
dea16260-e63f-41da-a1d3-617293336f0f	881
dea1fdee-d147-4429-b5c1-dd9df4002988	1182
dea8d274-0f44-479d-82f2-629c3b87e050	1159
deafafde-893d-4623-9dbf-e7673d1b4996	1191
deb67e45-f875-4c23-b9f9-508d77c46c8b	1182
deba005e-9a41-48a0-ac04-75060a62f61e	856
debc4d0f-e4f0-4449-8735-7f583613e616	863
debdbb5b-85b4-4541-8f52-b91daeec7c6e	873
debebab4-6a2c-4a1f-b5a0-8212489aa99f	1180
dec25d98-66a9-419a-b18d-1cd00e8b7007	1042
dec4d453-1ddb-4f8e-aed2-4d18d239eeeb	885
dec5a11e-c07e-4eb8-ae8b-759971b6e8e5	1185
ded1afdf-1054-4329-81c5-6e54519aa287	945
ded92fee-2373-4a9c-8eef-bdcc87aa6e24	1156
deda78dd-6826-496c-8505-5f97c4ad340d	597
dede898f-4241-4e8a-9325-3cd801508d7e	1981
dedf7dd0-7c70-4ea8-b0ef-720d1fa38253	884
dee1c845-047e-45ee-8447-abbeb2ea7f57	1187
dee206f4-735c-47a8-be3d-53c12dd80f38	864
dee79465-af47-43e1-9291-bfdb6401d5b3	1181
dee8d1a7-ee76-457c-a27b-1374d4074049	861
deef313e-6a43-44ef-8eca-46c0f01a748a	1181
deef512d-672a-4440-9f21-051f16b3ffda	1159
def1b6d5-c757-4e20-ae1f-8c837b77a825	768
def40d85-9b67-4ec4-b1da-8e5d2ed21577	1163
def5fc0b-2b04-4444-aaaa-930da6eb28c3	1159
def66d40-3ef7-4e1b-9de6-2cef4af32754	1179
def9126e-96ca-4c02-8b19-0dd12275d76e	916
def93856-f523-4c6a-8f3f-dadd6e76c178	884
df06126d-1d91-4b9b-bab1-5235f5316351	865
df0b8a9c-69df-44a0-87b9-84cfa30fcda7	1183
df0fe1ec-c202-467e-9cdf-4e4c0b6225c0	1176
df11236e-a39f-4082-bb2a-a93f29b8749d	1164
df12e6eb-ebef-4ad0-9812-86fdd842a075	1179
df14c25d-6e5e-4d22-bba3-94a646742cfe	889
df206da9-e535-4a0e-9887-4ed3a8e61c3e	879
df20b919-23f1-4282-bf12-e44938229ce2	888
df25da21-9c2d-47e6-9d31-dcf0cb6099d5	1164
df27e956-4e74-4c40-afff-565cd75a2810	1182
df2ca00f-a89f-4063-85a4-13072e7d776f	880
df30d3d4-3a07-4594-b4f1-b07effcd686e	1155
df32afc3-1aba-4f3d-b265-358c9b421cd4	877
df358ba2-cbf2-4a01-a907-515b04e06a0d	1156
df368c1f-0be9-433e-95a2-1cd75c7a172c	883
df39aff0-fafb-4b5b-811d-4d8f24e5a6fd	885
df3c0f96-1619-4921-9365-fd766c3de683	1164
df3c8f8b-c09a-431f-885f-eb4e8cef025e	1166
df3e33d0-4a3b-47c5-a4c5-0a317f326bc9	865
df411e0e-a18f-41a0-8658-8cbb0f33212d	1163
df4754a8-c158-47b0-bfdd-46af6f2d9d30	858
df488eed-4c21-4a89-9cbd-28491b7435f0	885
df4b2e66-6b22-4441-9c1c-95990b3e3d4c	1180
df4b301d-8a0d-4e7d-8209-dd79dc6e373b	883
df4f301d-441a-4947-a9a9-b096e1ebef71	1172
df51ff45-255f-4760-8479-68f60ef5a686	884
df532264-0ebb-4f37-9412-ad3a571e3661	1178
df546e2d-2983-44c0-93e9-b8a3f3c7f221	863
df564c90-d2c3-49c1-b73f-9aa8c120dc06	1190
df6099e4-b3c1-49bd-9626-07cc9e889648	857
df60b192-d8c0-4cda-97ad-609f8c8c45de	1186
df61ddeb-87ea-4bd3-8029-fc2a01abbc54	1289
df692198-6313-4706-acc7-994a4d2073a1	1156
df6b2807-e691-4beb-b3a1-5846a2c95178	1164
df6e3bc4-bd3f-46d5-a7b4-95196695189f	1173
df710c53-d08c-477c-b564-2705e77220ee	1180
df732f27-c9cb-4158-9e09-b2b52f39a45d	606
df7380e6-65d5-4f76-bb85-664d78ccf254	1171
df74eb08-9ce2-4594-9be3-51bf7475c175	1169
df7a593d-2bcd-4f65-bbcd-58ef131eeecc	1164
df7cd4c5-d257-4885-9dea-e56cf9a487e9	1183
df824858-1935-4205-994c-1eb8d2397bca	1192
df831df6-a9ed-4e75-8211-7ed1d16b3242	1189
df8c3b60-6df5-4040-a034-a949385425f2	886
df91a114-8c0d-473c-9d39-6b8c0d0a8c59	884
df9269eb-f678-4acc-9f25-24986b782f21	1165
df936996-6315-45da-ad81-8bb16245ee5c	1169
df942cc8-fc48-45ec-acc5-3032e81b6049	899
df95b458-18a1-4338-bbe4-ad7756d323e5	1185
df9a0942-0bb0-4895-a8b4-7a22a6860dac	1755
dfa0455f-e6da-47b1-b28a-4b1715f667d7	1181
dfa2bc6a-6d8b-4b31-b760-99fc50f7371d	1186
dfaa89a2-ab30-41f0-8abd-a31202e712cb	886
dfac0115-a20a-4f85-b730-6fe8ac26343d	884
dfae7012-3cf8-4c15-88ad-cb95f4bcb485	1149
dfb5d75e-bc17-44af-a17f-652b552f43e2	1160
dfb794b3-c724-4c50-b53a-682483335c7c	1201
dfb8c70d-e50a-4793-a66a-e401023375da	1160
dfb8d225-f253-45c7-a028-88dbdf5a07e1	1171
dfc378e7-7300-468f-85c5-9fec41ebd136	887
dfc45573-1277-4c08-a83f-03a2cd3adbc0	862
dfc66d9e-242c-4713-bee8-f82399be01d2	884
dfcbf184-b150-4cba-ab35-5fa2f22f4aff	860
dfd9a121-c3f4-42e4-908e-e2bfa1800bcd	887
dfddc625-0bd5-4130-9c89-c9222ee149db	1186
dfe8e2d2-9cb6-4db3-a846-77e71c4f66f1	1158
dfef3dca-1a47-4068-917b-028bdab3a3e9	1183
dfef8bea-7a4b-486c-b98d-524c3c628d2d	1167
dff4ac5c-3529-4f91-8ec2-900c5131f775	1168
dff779da-8b14-4e8b-be10-5ff61a786bc5	1529
dff94053-2d4b-4f3d-a3a5-d28b998f7830	1158
dff97e57-df7c-4917-820d-834b07e0a7f5	1178
dff9ddd5-7bf3-4106-8afe-8ce55d088273	881
dffcbe11-490d-4a0f-b0d4-804b4c359c4c	883
dffd2f1c-43fb-4dfd-b46f-4887097c2dc2	1173
e0005b16-f5d2-407f-840d-7dd7507f134b	882
e0019212-fa80-4c9d-b9d7-3ded4f466e8c	1164
e003eacc-d1b9-4a90-a92d-95f9d3344746	1194
e00870c5-2b31-4450-b3e6-131c5e229225	915
e00b0deb-57a9-4682-aae7-d5aadaee91a7	1172
e00ccd78-10b1-4fd0-afba-08a8bfa1e3e1	1185
e00da931-fc62-4951-bf8f-4addc049ac03	1173
e00dcfbe-e5be-4e41-88b5-513364103d02	1137
e010fd93-0942-43be-93e8-960735eef8d3	1158
e011cfcb-3249-4d86-9271-6231996edb1a	1170
e016b7dd-9db8-4612-a7fc-5e6543a93ed6	1181
e01a94ac-58f7-447b-ab37-b9a67f8042ff	885
e01b61ca-0dc8-44c8-b917-15e3df8a4f82	1188
e01b88fe-9e4e-44c8-85a5-32fb0303a25a	862
e0291c99-c82d-40c0-8b78-24b79ab92e97	863
e02cf9b5-f13f-421c-bd90-c3cf23f49068	860
e0313b87-2e11-44d9-9299-31d8bdc6da73	1163
e0313f33-35d1-4689-9bd8-428f7d0d1227	881
e033f730-42fa-4dfa-bd8f-ebb9e699a1c7	1181
e03761c6-3f2d-4c31-9f5c-9e13b3a69ed5	1179
e03ae9f5-c2fd-46b8-ae94-470047ca898a	1163
e03d6b47-7bd2-4dae-b9b4-50f2bbde2f8e	1588
e03dbcc6-d510-49b2-8455-82a77435f150	1160
e03e5596-1f39-4b06-b156-ed02d46e2bc2	1170
e0419c18-2f23-4fb4-ab2a-0dc927b0db89	865
e0428249-b173-4319-a0e9-84da403b35a6	1171
e044494a-cfe4-42e0-832c-900772fb38ad	881
e0482f4b-0285-4eec-8a90-aea60ccbfdf5	863
e050f0a6-c191-403c-8a6b-047b603f004f	1181
e0553974-1314-43ed-858b-149c5c3e5591	883
e058b1cf-b218-4f6b-ab7b-f9f50702cccf	866
e05e0227-59d9-4c6a-ab62-b7ea313f9907	1165
e060e81b-0f2a-4727-b714-bf0a5bd5a299	877
e062667f-4154-4f44-b309-85b17505a689	880
e0635428-4704-4c70-800a-7cf4f5c2ab31	867
e0637413-e367-48ac-b579-f8c0f32bf3b8	1187
e06ca1b6-1c1e-47ee-9f8c-b36385534c77	602
e07249eb-f5d3-4e1d-a89d-9ec3068dc97e	1155
e073b69a-3b9c-432a-83da-1523bd73a48d	1185
e078cb49-4e7a-480c-a3a7-04f6ef1a8a05	1169
e07a2152-fd77-41a5-9ab2-391bba6909f8	1161
e07fcbea-a04d-4ee7-92d3-6d548828caa7	1162
e0894ad8-310f-4c06-b1f8-8422c2caeaf9	1176
e08bd5d4-e751-45cf-af37-f6af075b1f07	872
e08f8aca-896e-432c-a823-2e0404469953	1192
e09a740e-07b8-4f76-844a-fc0d591473b4	863
e09ed912-23c8-4213-8182-77401e98ef43	2228
e09f18ca-0d37-4901-8660-43f013ab4c22	1186
e09fdb6b-1690-4b11-8aaa-d464cb53bae8	1162
e0a52311-d298-42df-bcac-0b4f652f1d40	1168
e0a90861-f974-4950-8b24-2a8afc8b4e18	913
e0b14311-7611-4edd-8399-acd7cc232316	541
e0b16cd9-869c-4c36-9367-a1c5359cd8bb	1181
e0b5c24b-7909-44eb-916e-5f099a628b4d	1154
e0b736a4-6ca3-43a1-a0b7-1c48eb620b28	2192
e0b9d9e3-d0f3-4cb8-8634-32acd5b136ea	884
e0bec3c6-562d-40cc-8d23-73b07abb47d4	1167
e0bfca97-aca3-4120-81a0-6bc4bb3f65a0	1187
e0c40a05-1882-49c5-a4ab-78f8981d2f24	1179
e0cf81d2-32a5-4923-9bb0-95e1bff87d99	1189
e0cf9408-0068-4c5a-a15b-25cc6ac1557a	881
e0d1416d-fa47-4393-8ea0-2ace1b9c1c37	1174
e0d3ed47-a252-4aa0-9523-225d310f4d72	875
e0d48d21-6a38-4e4e-9a0c-1ae7d800f719	1172
e0de554a-2d54-46fd-849e-ef9064a4b1b7	883
e0dfe97a-0cfc-4014-8f67-b6b03c70643c	882
e0e33ee6-4b7f-4124-b8ca-596aa6789135	883
e0e79d8b-4882-4017-91b5-fd8572bfd05e	1188
e0ed09a9-c721-4e36-8dcc-7f9706dc6f1b	1172
e0ee0b96-ffc8-44f8-92e8-103c928857a1	2073
e0f7810c-22c5-4e17-8692-118372c9bedd	882
e0f90565-350b-4653-a37c-b8ff3800174b	1182
e0fb07e4-c006-42ad-88b5-01a53c0c5002	1188
e0fd47c3-da36-450b-99b0-8805df80c891	1159
e1040124-d32e-4acf-83a2-1715bcd97ccc	1166
e108b8d1-be02-4975-a666-e3749752a762	989
e1135004-1487-41d6-8ce0-5fb802ff1ca7	1172
e117e383-3d7e-4a44-a82a-afb0a1aefc2a	1174
e1201ce0-082f-48ed-9a53-3c54c9e92d79	1187
e12408ff-aa86-48f0-b146-5f958ca68e33	1193
e136a2c9-2e0c-4c06-a8b5-1ea6756779da	879
e13b6d03-cb79-4e5f-afe9-3bd2a729cba4	1186
e13bc610-ffec-42b2-b9c4-654bd3c289b8	880
e14744b1-c73c-46ae-83e9-d8d9c9a387db	991
e14be34a-24cd-4317-b81c-8f30d73a6507	890
e153beba-3aff-458f-8a23-370c878a08a7	1165
e154b162-60c0-41f6-b3a8-b6b9eddcf593	1172
e15a23f2-be9a-4f75-b4fa-a0d582bb809a	991
e15c5854-77aa-449d-8fee-11e46d31732d	849
e16188ac-242a-4dc6-b8bc-d26f082d3dd8	1173
e162ead9-43a4-419c-b637-0a4cc20cc13e	883
e163b1ab-437c-49f9-bd9c-0cddf57f6bf4	880
e1658d4b-721f-438f-8309-e9fb623b80bf	1181
e166e1b1-2ace-42ba-8056-b06377710247	1184
e1670adc-f08f-45ec-b397-8705bbc33327	1185
e168bc2f-605a-49c4-a3dc-607fb266186e	1189
e16b9bd4-2014-49cb-ac6c-e6671484e221	861
e16d850f-d3de-483b-808b-a22d1493c845	885
e17f7405-7f67-45c1-8d7a-ee3cbef232ae	1185
e1861e71-b2c0-4394-855c-678b34198c8c	1165
e18ad458-ad2e-492c-870a-74a4a4069af0	869
e18adb52-4a2f-4531-8f5d-dc50cc69610e	887
e18f9010-f98b-4fe0-b70a-5491f5aaca44	1183
e1906c6f-e631-440d-a20b-7fdd4d891931	1181
e1936a82-388e-4316-b63e-158e502b0d99	1187
e19d7c34-99dd-47ab-ae71-a5ca06a72edc	1185
e19eefcc-4706-40eb-a885-242ae730a27e	1154
e19f5a8e-c1dc-4809-99c1-b8ccb881a872	2225
e1a4afce-5dcc-42a0-8259-f910d9d0b49e	1165
e1a4d780-d8d5-4243-9121-0a503e0cb357	686
e1ad970c-8f01-496e-9803-88032e5dc25e	885
e1b11260-79d4-4be2-81f1-da62a619ebb1	1160
e1b6d150-31c2-41c7-9ffa-8dcc156086bb	864
e1b889f2-745e-4a84-96cd-a7609f75296b	885
e1ba61f3-f138-4f88-b7bf-0cf47831439b	890
e1bb44eb-0db9-449a-bf86-e9f92f79a00a	1166
e1bffc26-008a-4ca0-8c3a-933deb92c680	879
e1c00f57-a172-4b5f-86e8-7c65a35bd7d6	1163
e1c0139b-07fb-499b-a03c-e214c8e6472e	1165
e1ca605e-845f-43fb-a640-2443d0e0cf3c	1161
e1d0b455-ee1d-4755-88e3-69adacb776b2	1178
e1d4255b-a06e-4626-bf24-0722a4315002	1173
e1d50b6a-d3e2-4d4c-bdd4-59ac1d641fa7	858
e1d5b0f8-4378-4f6b-92ea-543a2af8d381	893
e1d7f311-38bc-4179-bc8a-229a994ada05	1194
e1e18888-2084-47c8-9894-b498293a9c12	1185
e1e528e2-8359-4941-9386-52be4f96dec1	866
e1e7184f-dfdc-4c44-a56b-035518c4ad12	1186
e1e780ab-f2b1-4a84-975f-137322449c1a	858
e1e7f18b-72c3-4931-9ad4-0ee78756c3d1	1159
e1f2d6af-9d4e-4c75-8663-28590a34e714	999
e1f3741d-215d-4e0c-8652-5cf3fdb4f808	864
e20720b3-5d05-45b5-b011-fb930cef4dcf	1164
e208c899-426e-43c6-b086-900c57e895fd	1161
e20e8cef-12a9-4b85-a261-4376bc137a7a	1170
e20fecf3-f52c-4370-8894-558957fa2091	884
e21086ef-4f7f-4aa0-8985-401fcc5fab2b	883
e2161acd-a57a-4e58-9168-e294f513e664	868
e22399d5-4d3b-445e-aeca-cac451ab8f92	1173
e22734ed-9dc8-4707-8be4-7dbf9bb7b39d	1186
e22c7a84-e91a-4899-baa4-55a14fe25a82	1491
e2320fc4-c69a-42c9-a678-197613f822cd	872
e2355375-5c2a-48d2-8b6d-ddb1940417a3	1182
e2379f9d-ed11-4ee4-9b11-5a1b089ea821	1193
e2388063-4eee-4378-b63d-dde30c6af568	1288
e23d9628-9502-450f-b650-7206180086e0	1167
e23e3a4d-c5a3-464f-9f18-ce19f2b6b024	989
e240218a-cdcb-4c96-9693-9f44437c9344	1179
e2402a01-8055-49e5-a978-de78574ba8b2	891
e2410c5a-9758-4bd7-aff1-e1cb18bccd2b	861
e2458006-5943-433d-9960-d30091a1390a	1179
e2517183-40e2-4ff6-bd21-f093ec9844fb	1177
e253551f-7204-4bca-88ac-e6e6c43ee8b6	1183
e2535904-d690-4756-aac2-d62c69053427	1159
e25c0147-75e9-409d-bf10-e1014b26998a	1180
e25ca0ed-4854-4a1e-81ce-b1837ecdf702	1173
e261c3cf-c7df-4dbd-916d-9e52c51ff0ee	887
e2641bb8-5300-4160-8ee2-bc826a93db52	1164
e26441fa-f4d7-41c8-a8fe-478357167a65	1156
e265f08a-cf22-479a-85df-e71c206f0b8b	1188
e2727e0f-892d-425b-8c14-1906b6603544	1163
e2754255-a259-4195-9302-410279a1ad9a	1176
e2896809-8a46-4eb4-8257-d0ebe47341d5	1163
e28d86a0-2f5e-4bcd-95a4-c1820ba5d5a5	883
e296d78c-944e-4bee-9d9e-9574714de46b	857
e2981073-7195-4b7a-a134-c0cf097aa0e5	885
e2987692-cadb-4ed6-929b-a95d6028d3f6	881
e29e0813-8b9f-4e5b-b30f-5a8c861f89c4	1189
e29f2e6d-46fd-45a4-8c88-e697311c9c67	886
e2a025ef-3794-4b5a-8ec4-4cbe5bba16fe	1156
e2a5a64f-76a1-40d2-b0e2-82b09e071836	880
e2aceab9-0ac6-4665-8ad2-7a27914749a4	857
e2ae79bb-70df-488e-82e5-fdaa70ccb62b	1193
e2aed353-6079-4aed-b35b-fd023a496cef	1184
e2af5d89-3d43-4ad8-8f1c-5cd8c5ded6b8	1190
e2b5ed79-e51b-4726-adad-1c6fdf29def8	881
e2b745bf-9762-4087-bfa4-b4c9ce2bac6d	1192
e2b7e379-3649-4796-8a7d-cbf4be7e73fb	1180
e2b90952-c0a0-4ff8-a356-07d2ab429fe6	1164
e2c8236f-d6e9-4d46-aa96-ae598b483b8b	858
e2c8a108-14d4-46b0-94a3-fe522b139115	1164
e2d79b1e-e3a5-4228-90d4-5e052d967d9d	886
e2d8a84a-c19b-4ccf-b4fa-b678a8846543	863
e2dad25d-b91b-42c9-8206-8ce747b2dc32	886
e2de7f2e-1456-45f3-899c-c1d208ff55dd	883
e2e29b48-ce76-4fb7-ad29-322a18964265	878
e2e2fb1f-abc7-4fba-817b-672687395d43	1189
e2e49f95-32a8-46b8-a7a8-184c4d841a89	876
e2eb08ec-12da-401f-96e2-89c4cb3951e7	1164
e2edae99-decc-4434-81dd-f8cc753fdbd9	1167
e2eebd72-6555-4c2c-a12b-552ed65892c2	1165
e2fb306d-e1e8-4ec9-ac45-2bac241e25c8	865
e2fe111d-c565-41b8-9b87-33ddbac46f9d	1155
e301c473-6e8e-447d-b5b0-361cb8ff8626	883
e302096d-ac37-4cdc-9a79-5060d809a909	887
e304b3c5-0fb4-404b-8b64-e262c5a3213a	597
e30a7a56-6e52-4a6e-ba31-d1e52a3c899c	1161
e3110141-1609-4f5a-aebd-b39215438d1e	883
e3133457-c23a-4e82-97f2-864febc83330	1165
e3134ebc-4b52-47b2-be6e-7f1a811176d4	1191
e315e0e6-b44f-41b5-aacf-5a2aec0d3eb6	888
e3177aa4-813f-4931-8184-2071f971f4fe	1168
e31c21b7-9746-4495-bf99-ea1cf23b0b26	885
e31e2a3e-8159-4bf9-bdeb-0a81a9de2e92	883
e31fe291-14c6-460f-a454-3723714c6742	1185
e31fe81c-7766-4713-b5c7-009b84174c0b	843
e328a6ba-1fd2-4479-aa20-ae9f9677cccb	860
e329061e-315a-4a87-a829-393dfa827a21	862
e33e73d3-f0ff-449d-bedc-0636f044fc08	884
e33f0473-a4ff-4e38-b2bf-bd44a4fffe84	888
e3406cac-339b-4db7-a680-505640bc8d82	1175
e340dbe7-4dfe-4cc6-ba23-b147f59d4df3	855
e3482542-3a50-4ddd-8171-66a58022caa6	1179
e34bc852-f15a-4540-b20d-0d85a5de636f	1147
e3510ed6-d392-4b18-bc69-a97e2ae75180	879
e3521051-64a1-41e6-8a0f-860850dadf09	1176
e352dd5c-c79c-4643-a616-2df7f22d50d1	1164
e3537fd5-6cb5-46ea-b1a1-59f46f03f85f	1168
e3576f02-b81e-474c-a65d-47bd3ad688db	878
e3588e4d-6dc7-4bb9-8d2d-ff8e482e5fec	1176
e35dc131-5c40-4fbb-8de4-377a4847f119	1186
e360f828-3965-497b-8055-b4cc47fe844a	1195
e361f69e-2f96-4160-8349-3263530b5e0a	955
e36294e3-fffa-4da0-b3e9-4242bc70b43d	875
e3643e29-83b0-486a-b839-3d2f02130120	1169
e3669acc-5e44-463f-b161-e0b1a52a3120	865
e36986d2-0153-41a8-95bb-d8382f1aa86e	1184
e369ffeb-76de-465f-a156-397c8d7c7e7a	882
e3704ae0-42e8-47f0-9a27-5cef4a841758	1187
e376eebb-a1b2-48db-8cbd-768abc6c34fe	963
e37cd107-1480-4892-b594-c4f5e795803c	1186
e381bc01-2446-4377-9660-ce28a548f231	1187
e3884846-25ac-46ac-adbd-ed593120c005	1177
e38c4bc2-ee93-4852-ab9c-dceb43fed176	852
e38fdb66-f0d1-4493-9274-62ba430c7d8a	1160
e3948713-3e9c-4fbe-9820-3fccf9be8824	1163
e394cb78-8676-49be-a6e8-169ca1f90a1b	883
e39592db-c8b3-4ff7-a61a-caebb5871787	1164
e395a49e-6868-41b2-ab51-ae34b00541e4	866
e39eac0d-6c64-4b65-9e4f-e3a3874c6081	855
e39f6d94-6d49-498e-9e44-d71a1df51ed4	863
e3a10087-4b46-4c42-915b-b9a8267e7768	1179
e3ab75b1-f2e5-4eb6-9852-5b472066241a	1167
e3ac46f6-3496-4166-8b92-f8b945ed2e1b	1165
e3ae1b92-501c-4aac-b90a-5cf220cb85cd	1164
e3b2e4da-e280-4fa7-b978-265c6b8ced14	1186
e3b35414-8af3-4091-a874-845dbba234af	1174
e3b4c889-079e-457a-8846-21b06a60ac1a	1025
e3b8342e-84b7-4814-9231-dae8a1d7bdec	1158
e3c1e384-17e3-4dce-9f74-46f8b3b7aa1c	882
e3c9e15b-e8a1-4abf-9ec2-3e73ba3e8dfa	830
e3c9fdaa-5aa9-417c-8051-29af087ef54e	1182
e3cddfe7-29d6-4e17-8286-a45e903e127e	1183
e3d0b74c-81d1-40c8-9ac6-75112d6fd51c	1276
e3d65f18-06b5-49ba-93b4-4a8d845028d5	1162
e3d99d65-5503-4c29-9ae3-1c890fde6058	1166
e3db47a4-cbb9-4da5-a15f-e42c7877ad00	1160
e3e14397-2e58-4bb2-b539-70354e6f2e87	1173
e3e1ef25-1865-487d-ba4a-2178e9995d75	1164
e3eaf19b-abcc-4b32-b9ea-c40f16520d99	1162
e3f09285-b550-4c31-968d-5592ec37cf99	884
e3f1643f-9867-43fa-ad2c-bfc8272615ca	1161
e3f81647-23fa-409a-9891-582ad6217d35	2186
e3fbc869-0492-4a39-a311-849b3b7cabc6	885
e3ff7952-8886-449d-94b9-9d014a44264c	1181
e400f55f-41d8-40b6-8dd6-86567532ca21	985
e401656a-42ad-404e-9d22-a436cb50a196	713
e40493f9-bb35-4ae7-afaa-792c30334865	1166
e405237e-d278-464d-a9ab-413c81a6a525	1176
e40546f7-6b3e-4188-b7ec-2bd3777b81bb	856
e408b2d2-1fad-43a0-891f-39f5176932ea	1185
e409385a-174a-4382-b399-d6aded5b33a4	1185
e40b43e8-62e2-43e3-9859-5e19ac76daf4	1156
e4115005-3892-4067-a22e-561dcd464cdf	887
e4189a36-5248-4250-8056-28b7d70bc475	1185
e419d0a4-8967-451d-ab36-dcf9403a9b88	864
e41ec404-418a-45cf-ab2c-0cd83a8388e3	1181
e41f29f0-1b6b-4927-ba1b-0c2d39ef2875	841
e41fd7c8-de2e-4796-ae3b-516be12202c0	861
e4203b31-424c-45e9-8c84-11ac73e3a22d	1179
e42191d7-35a6-46ac-97c1-d046c388c316	991
e4270a50-43f1-4bb4-8a5c-bad22aca456e	852
e427c849-7d62-43ca-875e-d8c41d309bc4	1168
e428a3ac-2c8e-4f99-9c7a-ae46d500311c	1187
e42b701c-9d09-4837-9aac-99b6fc4697c8	1181
e42bb8fb-6074-4882-9dfd-4493d1a1114c	886
e42f9115-cf7c-46cd-9fa8-5c090e8f10ef	857
e4313836-e9a8-4fa6-9272-5109dc7966de	865
e4334b3d-e863-4093-9429-fe6bc86332c9	1158
e439f388-3edb-4639-9bb9-e5886ce160a4	862
e43b3480-dd97-44f4-a736-a420603b1e8e	993
e43c2df5-5a73-4a07-a8a2-37152a339ea1	864
e43d539e-cd2f-4021-bff7-ac5c4ce9ef66	1167
e43f3f6a-2655-4649-bbfa-d72f91125f29	879
e4444677-f80f-425a-9883-56bb048e2a11	1163
e44465f9-8e15-4cdf-8b90-cbf265919ddd	880
e4474928-d28f-4ec3-8f35-96b09b7b510a	742
e4477090-ed41-4a5e-bc88-a6fc1df837f5	1182
e4491a13-5bd8-4152-85f9-a6c6baf5c7b6	1170
e449c36b-7242-4e08-83b5-889a90987e43	1160
e44b0231-7ead-410a-ae9c-4f731049e86c	1177
e45471db-f5ca-4b83-b14c-b02297f085a6	1162
e461bb6a-8e55-4243-9335-51183d3cbc27	886
e4629000-f615-4039-a09c-4762df562c75	1166
e464cf73-cdf9-4888-b817-6ef93b9e15fe	596
e465d82f-ccb0-4716-91f6-75649eef7fd7	861
e466cddb-3097-4ded-bcc6-d48b328179b2	1162
e466fffb-c0e8-4f51-8c58-d055b82c1f69	1167
e46c8559-4170-4731-9063-d8b793360506	1169
e47768ab-d77d-4d7b-8c1c-680f5b96398f	1185
e47ac9be-b95d-4ae2-9730-f4f0a41f1942	1178
e47b8e07-d2a9-4124-9c32-ce07f0d37266	1193
e47cfaa3-8c67-4066-b57a-41ca9923d628	1187
e487bdb1-f56c-4e03-ad04-4b910384031f	877
e487ddb5-3b71-411f-b98f-1321a47aa5eb	1186
e491d4e7-652f-4246-ba4c-8b04be28d3de	1185
e4938f07-849f-47f4-9c37-fac4592cc01b	1175
e495b901-3127-4a10-bd4a-8aba35a1a16f	1164
e496baa8-cbdf-4498-8520-de6b9742e269	893
e4974573-d4e2-4d9a-8e47-880c2edce3ed	880
e4a29721-ff4d-4699-9a5a-cacf576bb86a	886
e4a316b6-af97-43d9-b549-ea85b115eb71	1167
e4a60bd0-9d7e-411a-a373-6e580ba2ab6d	1175
e4aa2884-9e8b-47aa-a5ca-d59f4fb833cf	1167
e4adb817-a7a9-431b-bdeb-e593ef6f0bb2	892
e4af5283-9d8d-4405-9f55-b8eb11ef44b5	1176
e4b2bdc6-4b96-40e9-96bb-fec2b8eacd67	579
e4b5132e-e38f-41d4-8660-b11ea618871e	1167
e4b55198-ed3f-4dc2-a00e-36f6b2a37232	1175
e4b6b88f-9ce3-407f-8970-66df2732b1ba	1188
e4b71937-decd-4567-997b-f5c9cf9406ef	1183
e4b81942-7de0-4079-bc1b-bbe10d950cbe	866
e4b8f7e9-eb1b-4a50-b7fa-2d42f3155bb7	1193
e4bb700e-3cca-49e7-a9f7-98ccfbe267ef	1162
e4c8c9b7-7fcd-409a-bd05-26abc3f31b00	1162
e4ca26b8-c13c-4713-a236-87406dfe8df7	1190
e4ce0e38-ce08-4ec2-b0d8-819bb8361e43	884
e4d048d6-49b6-4a2c-91e3-268971718a36	862
e4d8b13e-84be-4875-9507-38557f85d36b	1166
e4da6d18-fe3d-40c4-a227-e131449c8c4f	1163
e4de9232-7f57-4fa7-bda3-91aa53b232d6	1166
e4e5b7bf-281d-4e11-b848-0cdccd0d55ba	884
e4eb2b2e-d41f-471d-bb19-76ff6e2150d5	1152
e4f864a1-bd81-4043-a868-05a92d1f5a26	890
e4fc2524-5269-418c-9709-f0a1b0e0bedf	1163
e4fd7c42-9560-463f-a277-07d8f2fb00c6	881
e4fd979b-a450-4cd2-9f19-c571caf11738	863
e50a0484-a9d4-4efc-8eaf-235a8d924d27	875
e50d27ba-6229-4520-b279-3e90c914d163	1165
e50dfd48-2ea5-408d-9b4e-c0a9965641f0	1169
e51458ae-d720-402f-9d9c-2d04e8834333	1154
e5147579-fa3f-4c72-b693-6c05f11452fd	860
e51d6a61-a41b-4425-9f49-697449101666	881
e51de2b3-87d4-4dae-b229-140413b1e4a0	1177
e52a3b40-0837-4e7b-b571-c2ac0925905f	1198
e52ada94-5891-4941-9091-a27939fbb291	1157
e52bd9d5-e930-4cfa-98b7-dc83fde823a2	1621
e5325bd2-8395-4f3d-af82-bbf5bbfda699	880
e538c516-a5e5-413c-8792-d1fe1e4f49ea	858
e53a249f-3cec-4d9f-8e1f-5cf182610133	1164
e546c9e8-ae11-4560-9db7-36b761f06fd5	1161
e54bfcde-5581-48d6-870a-489b8674f226	882
e54e9b0b-7e00-47f4-b4c2-bb058fe10f0d	863
e552cebb-50e0-4c58-bd12-3d8d3932a1ba	1164
e55a14c9-bdf7-4cf0-820c-9d8d339cb5e7	523
e55cce5e-6367-452e-947f-fac039e42794	1169
e561c890-d7af-48c9-8610-109df5f81f7f	866
e5665ea2-96b2-4f66-8bab-93841949d142	875
e56dafb6-ea03-4ec2-b087-e1b06ef35af2	889
e570d068-582f-4523-840f-060bfbadf428	881
e577a960-6ddf-4167-98bb-9427572d695e	880
e577cfbb-e23f-472e-982d-0201e848700c	876
e57931d2-e6ac-4a74-82eb-67bfa67c4863	1180
e57c0500-c4ab-4231-8f45-41bb96815d8e	1181
e57e5374-eca4-41e9-a61b-1281075e9a73	859
e5825a9c-2f43-4ac3-b061-244e851cfac0	1473
e585c593-122a-4063-89ca-ddb55a4fcbc2	1188
e58754ca-594f-43c9-bdac-db2fdd589a2b	881
e587da49-0842-4c2b-94ba-895c09e39f53	864
e5947856-1af4-4dd2-9420-dd20fc31d74c	597
e5949fec-bb5d-4d6a-951a-f5a5b30ba8b0	871
e5963d43-a718-49fc-bba9-c49cd6c5722e	998
e5970178-43cc-4a40-8193-e69352bc6d30	1189
e598a53a-2d08-47f9-9466-da46cce60094	1167
e5a09c8a-ab1a-4ccc-984d-91038696430e	1177
e5a0a124-00f6-4565-9f65-042d5466a977	1185
e5a5b278-f3ed-4df6-bbf9-3b6af875a1e3	867
e5aada25-db75-4cef-aeae-ad019327da8c	878
e5b0704c-3069-4750-93cb-62fba23fb71e	1172
e5b09c7a-b204-4612-88da-9f731187a434	1160
e5b87483-2eae-4652-af2e-c3c5e81b33d5	1957
e5bbf2df-b49e-41d1-a78c-1c6f704a3216	1181
e5c35e02-13bc-4650-9451-9d1a8e100381	874
e5d00247-5559-4c8e-b28e-69cfc02a79d2	887
e5d029d9-f7ef-42e3-b7ca-56a2f2ef35ab	1327
e5d07dd7-2ec9-4848-987c-9b9ec0aeaa8f	861
e5d0bd28-5754-4de5-858c-55261026c475	881
e5d0c432-23f6-4157-9404-1e9925a9144b	1160
e5d5b17f-414c-4a30-92e8-e549a5688079	861
e5d74332-5295-45a3-b099-e25f2a7c9eba	1157
e5d7eca2-0f89-40e3-94ba-8afad1491c5b	1185
e5db2d24-b4fd-4180-8be4-517706341a88	859
e5de0377-3636-4a86-940b-6ec01fb3a780	1165
e5de8f75-8ad2-4e95-8305-b5da44dc353f	871
e5e07c9c-14f0-4fa4-80b8-5e5fb1a17d36	864
e5e08d54-a8e5-4705-940d-b6a8f763c7d2	1191
e5e3d506-338b-43df-8716-2c67fe15dbd9	1182
e5e4cf3d-6951-4bad-aa18-31b172009e69	1184
e5eee768-4c13-4403-bef7-33fc67ee2686	1170
e5f1ce5a-e288-4483-aff5-ac2857fee707	1161
e5f41a95-fd72-4465-84ba-0b134d8360e5	1158
e5f8eccd-7610-4721-9d28-9d58423ef0c6	1499
e5fd3011-44ad-4c9f-b506-b9136d785a42	861
e5fddd02-00fa-4aa1-a74c-47d6ac6d82ce	1189
e5fe30bd-8030-407a-a1d2-29938ea6776a	1144
e5fe76b7-f52d-4def-a9b6-691624c4f673	1186
e6000b9a-d092-4d8c-95a4-90654162c712	2032
e60070fe-bc12-4cf6-b93a-ad9114ccca95	1165
e600fc22-7838-45d5-b6e0-ad7e167a904d	854
e602c72a-357b-4059-9909-57b1c804f015	861
e607a809-f34e-498e-8c0a-b3ebce145804	883
e608d207-bc6c-463d-85e5-9f2636e7dde0	1166
e60d3f17-f315-4899-866a-ce9613daf271	1182
e610f45b-e36b-4267-ab87-c97add7e869e	1180
e61c8d32-a5c4-45ef-a13c-91ba0d70dce5	888
e61d2855-4af4-402d-bb28-0c6521cc4d36	1184
e628844c-9658-44ce-9769-ca5eca41d223	1201
e62b72bb-4da7-4e83-a021-bc7d7bdde427	1183
e63c0a21-0f6e-4846-a1cb-55c0f5e6854c	1183
e63c1122-6abb-48af-a900-db36b3c9f4a6	858
e63db076-1817-42ec-af89-74945e87eecb	1188
e63fadf6-192b-4c7a-8471-25d5cde01184	1162
e648983a-a359-4266-a814-60281de3d0db	1183
e64de342-7ba1-4e32-9709-ca860edcac67	868
e64f36bf-2d34-49fa-acb0-9fe2e822662a	1159
e65487f0-0a48-42de-97e4-730e1e9515dc	889
e654a244-4b6f-491c-bb6b-fd0fab5a823a	886
e655b03a-c2a5-4034-b271-dee17cfe0551	1166
e655bf99-d33e-4bcb-b239-0faa28a79eba	879
e658730b-24b1-44bb-a175-614113a31b1e	641
e65cd67c-ba07-46a0-9620-b568f5c37d86	899
e65e62e0-db13-4077-948e-c338b05674ce	1184
e6617c9b-ec25-4693-ab43-9edda7f49342	867
e661b6ab-4be8-4f45-86d4-89ef99d35856	883
e66259cb-51af-4cbf-a89c-1ce0f64c4b09	1186
e662cab4-f321-4282-984f-c1002a6f8834	1915
e6659610-0273-4bfb-aceb-a57ad767820d	652
e6671a91-90d8-4687-9e6a-e87160e06027	1179
e66762b6-c1c1-4dfe-9058-97cca6d4bddc	866
e667f637-3e55-476e-8ac3-0727f1c4e205	1163
e66bda42-f134-4d37-90ce-7e521e9cd97f	1182
e66ca8e2-15b5-4c10-b7ea-854dd354cce4	1184
e66f3d09-1e11-4b40-a372-3dc7a742a538	882
e6707d1a-0ee1-4fd2-9833-0a26dba2bc9d	865
e6712d54-9868-49a4-824f-57742153fb6f	1182
e673a008-4db6-4725-a68c-9e14d63c574c	857
e67539fe-7398-4a27-8ca8-1124e9ca50f4	879
e675f77b-b0f7-417f-8d41-75fbf67bc9a8	865
e6847fb9-50f6-424e-866a-d074cbb69103	1162
e68748e8-63c0-46af-b7a8-054eebe26c63	1187
e689ff96-fb22-4c3c-a7b9-dd8f56836f69	1156
e69383e5-e242-4a22-bd2c-8e136d16c487	884
e69675c5-cf8b-47ef-b314-e5ffe4d81eea	1180
e699e548-8937-42eb-99eb-a3c552e97f73	1159
e69cd598-0aa4-41e2-9db2-04ae2761adab	1158
e69ddfc8-b800-4ac6-84fb-f38836e5ee72	1179
e6a375ba-0671-435b-89f2-eff4e3380d2e	1161
e6aa19f1-5f19-417a-b1bc-cdcc79db90ad	1169
e6af4fa4-bd8b-495e-be33-eeb288949fc1	993
e6b6252b-b125-4808-a2f9-8d81fab9f968	883
e6b945ab-81b6-4001-981e-97aa7ad6e55c	1179
e6bb649b-d80f-4dd2-a9af-f707bec5bb1e	1163
e6bc3f6b-35fd-46c4-9d73-4ea5dbde193a	1160
e6c3e8b7-0a46-48dc-bd3e-73b4319a9dac	591
e6c5087f-44df-4d72-a6c4-155564c501ff	1177
e6d21369-eb0f-4c85-9f53-da4582d6e49c	1192
e6d44d7d-f28c-4f51-a8d4-9633f48929a7	1161
e6da195a-cac4-45a5-8f7e-2b4337a4832a	861
e6dc7abf-d69e-4334-927f-7c419d97fff7	1182
e6e27d78-936f-4f32-8c9e-1a736c00dabe	1187
e6e6271e-4155-4ad0-bd68-6cc49a643d9b	1173
e6e99d8b-436a-4bc9-9d2b-bc0136031ce1	1165
e6ecc4af-53eb-4977-ad14-3eb2a444bf2f	1187
e6ef3cda-d709-4f6d-a941-41f0dcfe4f2f	1183
e6f1d2b4-3c65-4a05-ad99-f33e52649cfc	1173
e6f5dc2b-6b85-4c05-9ff9-d0a00134b5ea	1179
e6f66ed4-feae-4203-9669-a326018ad0fd	1181
e6f6c4c2-d353-430d-bab9-944f94384fa2	881
e6fc2893-8066-4bff-9324-44b896946d4b	1165
e700a8db-a38b-4c7f-bb86-e553624d1a31	1543
e700d077-5dab-4107-9358-25ab9c663ec8	884
e703652e-a3ae-4f0f-942a-46f09b946435	1181
e70446f0-7c65-4c1f-a546-b68268273f70	998
e7055de3-926f-4b79-ada0-88c4d64ce574	864
e705a96f-0131-40af-ba89-3ac88a0f393b	862
e7118717-93e2-4ee6-9fbd-f450969597e4	1159
e713d89b-7099-4040-a210-f34cca98f3de	1190
e717cc4b-412a-4437-a0f1-264c58141dc5	591
e71d6e0d-803f-4ae4-b885-09ec3dc4dacf	1171
e7214bea-d10a-42b0-ab88-3638f799e8ec	1189
e726d46e-b320-4433-ad7b-c64e0ebace01	1186
e72d88a9-597c-4dba-a779-ab3be07a47fb	888
e732a35b-1e3f-4ef2-8946-f07d6dbf89f8	1185
e733f049-9e3f-4aca-8ba8-c971f30c58d8	1165
e73b341f-4206-4451-a9c7-345764e3df41	992
e7430ab0-261f-4d9a-82a6-fa2bdc96c721	1159
e74c8a35-a911-4124-877f-509840fee41d	1171
e7508ab1-fcf3-4172-a23c-887b195927ba	1170
e7595185-38d7-4a64-adf2-b3ba2f1a1bff	888
e759bec1-4f1f-44ca-8a85-1c2612f6bf75	1168
e75bf81e-3c6e-4948-baec-a5b76637af85	1184
e75f336a-adba-462c-bd09-c7294f62e059	1166
e76210a8-3412-4d2c-864f-37e9eebc9b00	995
e7653875-a793-431a-a095-54afbc2d3364	1158
e767e146-e758-4b3f-bab9-9bd8c74c7e36	1189
e7699361-2b5a-4964-bb86-0389a6df0a39	1166
e76a18cd-baf6-4da0-a934-3f7d738bf91e	870
e76b71e0-2401-4c81-a67e-c7bea4e98571	862
e76f662e-e4ad-4b24-ab85-3ba808d2c0db	1182
e771718f-9be1-4483-8ff7-13003c93cf63	1165
e773a2e6-b6c7-4583-9d78-c490550c70ee	855
e77657d2-04cb-4107-8b70-6199f5463ec0	1343
e77842b3-0db1-434c-a40e-f5c885dd5b11	1135
e778716a-d52d-4c6b-bc83-be4d7830cb4f	1182
e77cf47e-abd3-4e4c-9e2a-e4a804a9e029	1157
e77d6eab-a6d3-4761-b5cc-7a4deaf00091	1712
e77fa90f-92b8-43a4-a3a3-6d8587e96738	1178
e782628e-c9d2-4618-a27f-a96cb6e1c292	885
e7847e83-d4ac-4218-a70e-8f8c4adec1e7	658
e78918a6-1caf-4c3d-ab64-6627973f94d3	1161
e790b25b-e21e-454f-847c-47d0bbfba2d9	844
e79466d5-3edb-4cf4-bcf2-50d38bccfc27	856
e798a354-b40f-4a60-a3da-46c53fb1c7fc	1183
e79a14f9-40af-4da8-852d-6b409f5c6102	870
e79ad2f8-0b03-4912-8351-471297ca7ebc	1186
e79b5d80-2460-4aa8-9754-b6869a1cff19	847
e79dfa89-a2a4-4ade-89a3-3fcc898b0538	989
e79eeb46-5898-4bb2-a4e8-ca734a9fdda4	864
e79f7723-1d4a-48c9-8034-cdf048b15e28	1162
e7a747a1-1710-4a47-ad1f-2fb75f538c40	1161
e7ac9384-33a6-4f00-bc75-2497e33e1775	1176
e7afb5c4-7b95-48c2-bad1-0525e52a87a0	876
e7b16a6b-8e41-409e-be04-ca7579154368	1160
e7b5c128-aadc-481a-a16c-1cfa4713d113	1167
e7b90142-549b-4e4b-8f35-8d8b4db9aae5	1172
e7c7a471-5bdf-4480-b1cd-d72349777fd9	879
e7c7ed01-e529-4972-9437-bcca0fd29120	1190
e7c92a97-6a16-415f-846b-387559e7c2fd	883
e7cbeb1b-a1be-47c5-b679-17af80a9676a	838
e7cc1d2b-d4e9-4bba-bbb4-e78f0b421f90	1158
e7dc15d5-5a80-4568-98cc-42021dbe5e22	846
e7e220e9-ce99-4472-adca-ba5637d836b7	1184
e7e7c9d3-25a1-478a-aa8f-4f15f125249a	1177
e7ec0415-2e2f-49a0-9628-8f2afba2f88f	1183
e7f0c74d-9e80-460f-a23c-d8b70dd42fba	1165
e7f2d942-a2dd-4d93-b4e4-22ad9f42e109	1189
e7f638bf-05b9-4e11-af17-8c51124f6b5c	881
e7fc2e22-4bbc-4309-baad-60f0dc9b299c	1180
e7fd8c15-6888-494b-bb29-e30a82017967	880
e7ff316e-2cb1-49d6-98ef-4a6992517696	1226
e8007a10-9a33-4265-bd4e-b303d97a5780	1161
e8022c5c-2d7c-45a0-b4bb-d225b1fb5c76	884
e8061489-ad1a-4e76-98f1-3dd978ce7575	1912
e807e124-177c-49ff-98d1-c19d87d1f53b	799
e80acaa8-8835-4989-8196-02622ffeaec9	789
e80e3ca8-61d2-433f-83de-75b13cb24462	1184
e813b67a-6b38-447c-9389-c7887e5f09e0	1171
e828dbd5-bff0-4237-aa1a-2e03cf5e38a2	1170
e8293793-1693-46d3-920e-ad21ec5f9d45	1167
e835b50a-a510-4956-bc95-0e6a4cae4893	885
e837de4c-e25e-4764-b562-8a83e9a71302	890
e83fffd8-201e-4702-90b1-3d9d42d85d23	1163
e8402b84-5821-4968-aa0f-aae2668c0b62	1627
e842fb59-b6bf-41f8-9a8e-fd3635f07783	2088
e8463b61-2cb0-4677-9837-a4e64a50a99c	862
e84fb16e-2f71-4a3e-9665-e63f24140068	1173
e859aa41-3b71-489d-810a-5e3f81fffa9e	866
e860bc4a-37bf-4d60-978e-d14296810f7c	1284
e862ec3e-af01-4477-9148-56339c4959ce	1187
e86baec3-bb42-4429-96df-d37844da91d4	1148
e86d9ac9-c6dc-42d5-a1a4-f96774cbd182	1178
e86e58ab-7800-4aff-a554-24ae33f76cb9	2043
e86ef607-188b-4f9d-8b47-df5e84655ab9	885
e870a0cc-c7d2-4635-9fb7-6056b579588c	1153
e872c160-a1f5-4da4-a73a-08f30652f4a7	884
e8783dcb-13ce-4e04-9ac6-886e1251fe61	891
e87868bd-9258-479e-855d-8ab47d51138c	986
e87c747c-c16a-4424-acaf-55f536e65e4f	1061
e87ce965-f4cd-4c1f-ade4-65182be9272b	1167
e87d11e8-6763-4196-bb4f-8b637fc717c0	1190
e87d2628-a0e2-40c4-825a-5e41987d7603	1175
e87d9203-e301-492d-a73f-41966c38dae7	892
e8880dc3-bc0c-41f5-9d4c-592648754472	627
e88c23d2-9a1a-4138-b789-6609a16ae67b	528
e8906635-ec2b-44c1-a476-fa4798166cf5	1161
e8960ef2-ae09-4e3e-b851-28a46aff3135	1180
e8aa0f69-4757-4b17-a6b5-7db854eb4c09	1183
e8b4188a-3c4e-438d-9fe0-0ee072777821	882
e8b552de-8ca6-47b9-a6fb-e97ffdf11332	1165
e8b96789-6876-4400-943e-3098200b16af	1177
e8bac4a6-f565-4715-b70b-368367acaf6d	657
e8be4c62-13a2-437a-bfa6-8f9168180acf	1168
e8c2fc4e-b92e-48a3-a7b4-676bddb7c9cf	937
e8c48dee-1c53-404b-b383-beb6ebc73852	1159
e8c8200b-38ac-416c-9e28-1916d32cffc4	1160
e8cdb4c8-113b-409c-96ed-dbfc47b821f3	1166
e8d15df7-55ef-4a18-97e6-92d662e767f2	885
e8d4f0c8-b176-4780-bbb0-13088d3a3684	881
e8d57f64-1ea9-4634-a748-10747579b3c1	1181
e8d59750-02d9-4230-9626-530540f9fead	1194
e8d9a785-0cd5-4ba7-a984-fda376808a3a	1174
e8de1714-1cb2-4d87-8d46-a0f557cfea04	1161
e8e32c95-5d50-4fba-95d2-0debc188f753	1072
e8e3ce08-5c6f-4601-ba70-de419732efd1	1185
e8e4e8f7-f454-4b09-8a9d-19e32c2d6b81	1167
e8eacbd9-9587-466a-858d-e6773c3963b7	857
e8ef2b70-ace0-4cce-b6d4-adcd5380b4b2	877
e8f0b8ab-f78a-4220-9d6a-54ee2064f42b	1164
e8f18978-db69-4f0e-8e04-c7fa970bcf3c	879
e8fe7dc8-8ee2-497f-8f4d-524e1d33e25f	859
e8ffb7a0-363d-4e6b-bf1c-d0e048fee6aa	1162
e9046ba9-22a7-4a7f-bfcf-52915f583a55	1168
e9048b75-5b80-43b4-9dcc-1bd4576f2d18	1183
e904b771-b36f-4aaa-a8df-8baf6145dfdf	866
e90e3193-a568-4555-bbc9-9fd8be51e93c	2040
e91117a9-6a06-4db7-b808-e6d8ba53bbcb	1167
e914f626-0dfa-4ba0-b66b-383944be08d4	891
e918b01a-8011-41f9-aac6-f7c2c5a387a6	1184
e91bfb9a-1f9f-4376-bcbc-0597d3437645	864
e91e5af7-1666-4d8b-811e-8145d1246a16	1161
e91fc3b7-cab3-47be-8ff6-4eb611445367	845
e924ef36-8dcc-423d-bd87-9ec520ffcaa3	981
e9256cd3-d419-443b-8930-6ea996daae60	1162
e928f06b-b5bd-4afa-b4a8-a408791fd9c4	1168
e92933d3-f32a-4b62-9043-3bc000fa0c54	860
e92a65d7-96a9-46ad-bfc4-24abe80cf855	882
e92b76d2-193a-49f7-b713-e198639ab20b	888
e92e8743-b1b7-429e-a11b-858c8da724ce	878
e9315e37-c931-4827-ab3f-53d9d0cb439d	854
e93a7f4c-dded-4d88-afbb-c0d55c9c626c	881
e93b45f7-4db4-409c-a423-302df9a55438	1173
e93c298b-6f87-4cae-850a-00fb4e3c3513	1184
e94b66c5-ed2a-4758-88f2-462c685efc38	1183
e94be513-75d1-41c0-a626-07540f6c79cf	1196
e95a5e0a-94fb-4a41-8212-df0f28f4daf7	1168
e960bc65-c5ea-47ae-ba74-78cf7d4016ef	1168
e961fcae-1ec6-4319-95e2-21c8264d0d6b	1184
e96a877a-9c7f-4d86-96d5-2b3fc6c55f83	1178
e97a5ee0-8c31-46c5-9af4-de99431e074e	859
e97c5069-aae6-4403-a560-0538234028da	881
e980edaa-b0e0-400b-ac67-0c5b027bd76a	1176
e980f426-fba8-4f07-95d5-3a40996bb72b	1182
e984b9af-37b2-48a6-aa1d-8672b93df56d	911
e984bf72-dc62-44bb-9a54-1dbac96977b1	1186
e98ac38e-9e95-4e4e-8e6d-7322445cd2e6	2240
e98cb50d-7d64-4a8b-836e-782d2d5f4184	886
e99064a4-2e82-4c70-8d5f-33426b6ad69a	891
e990df58-ac1f-4817-a0dc-500dce00b179	586
e99641b9-8ae3-4b73-850b-d0801a16a17b	1151
e99cd01d-a369-4545-a202-a8da6b61ca51	1171
e99da48d-7299-408b-9a11-813fa1d3dda6	1167
e99ee458-ee93-49cf-a20b-50a7f74717a4	1187
e9a188d5-6028-4a01-9fce-6821e29642fd	1165
e9a9f3fa-0c1f-4f99-98b3-a526e59d0977	788
e9b064c2-e2bc-458b-abe4-25b00c96bb28	864
e9b1151c-0811-40aa-bd07-c3806c273c12	1178
e9b258f4-cc01-417a-95a3-71c9aeaa098d	1164
e9b514ee-db89-4e14-9572-f7fb0bd781a4	886
e9b84ef8-d0d6-4bd9-a3ca-95389485d735	1170
e9bf25cc-059c-4682-a527-50c012e69b58	1168
e9c2db20-5989-4f6c-8e2d-30586fdd017f	1186
e9d15374-3975-4e69-939c-bb78d2b44f64	1165
e9d83efd-8027-4099-9758-ef543e666ea0	1170
e9de2574-059b-43af-8e54-e8f0afdd830a	893
e9e0ed7e-e6fb-465a-b906-177674e09729	884
e9ea1f12-56de-48b4-b640-d9ba0902215c	884
e9f191b5-0b3c-45d4-8878-32787d92d764	1166
e9f92774-afa0-4728-bca2-d782c8983ba1	1168
e9fbc9be-4cba-454e-82e7-6271183b219a	1164
e9fc60d3-29e3-43d4-a7da-27f27d0d30d7	1184
ea03a84a-1818-4e66-8ec1-cc6e5a1fe9fe	1183
ea042629-1afc-49a8-97eb-5d45b15bbc8a	1183
ea094a06-d7d7-441d-bb17-fb2e4d331d92	1188
ea14a1e3-eb92-486e-8e9f-4683d15b815e	1163
ea1632dd-7d21-47d3-be37-801b87853113	864
ea187df6-9f1b-422f-a7f3-29d69666c00a	1182
ea1f6308-31f5-495d-9839-a6408a766c06	1166
ea2ab5ca-9e7d-47dc-b2d5-8969250182c6	860
ea2d83a8-1e94-49f3-b2ea-2bad213846a5	1158
ea2de0a2-a07f-4f32-b03c-ab89b36b4bcb	880
ea3ad444-eed1-4843-ad1e-7bf81fed614f	2251
ea3e40ba-d727-4cdc-84a1-d8384343c157	1188
ea40572f-b79e-47d6-8364-5b08135ebc2a	1185
ea472983-5ea1-4db0-925c-4fcb30a3496e	859
ea4e450b-d6b1-419f-9464-6faaa04083b3	1169
ea4fba9a-73a2-43ac-b0ce-a1956b755f59	884
ea50e8a0-bc4c-4784-b42b-fb49152607cc	862
ea54f38a-993a-4dd6-b018-2c2c639a742d	886
ea5799ed-f655-4bab-b026-7a8917f84019	1097
ea5ffd6a-9c22-4e72-a702-034bf51ed561	1185
ea605025-3b3d-4ac4-b530-db3bb32e9742	913
ea6f4050-540c-4f06-a095-676e8009aa7f	1193
ea74d199-650c-4a4e-99c2-ef3805988e23	1165
ea75b613-db14-4304-bf8d-40bd8270acfa	1168
ea8451b8-4470-4e05-855a-f8b282cd0dd6	860
ea84aaab-d6ad-4611-bd60-850656326c8f	1182
ea86afae-08b3-4f60-a4da-4bd39eaa7ee0	1183
ea86ee7e-e499-4e3e-90fd-137f0c92f529	864
ea90af13-ceb8-4142-90d5-a3d926a1e78b	1179
ea96ad42-b7be-4a8a-89f7-58eb5905f624	1185
ea9a8417-738d-4cd9-b5e4-fcac46abbd8d	864
ea9d95a8-296d-4453-bbfc-6f98aff8b992	1185
ea9e6bdf-bf89-4e8d-ae61-c0c4aae3552d	1181
eaa07ba2-b4c0-454e-bf5e-b932b2ec9444	1179
eaa8c306-4b2d-4686-a7ff-85a3fcccbb92	1169
eaadb6f1-2333-4a59-b3c6-cb511c2bf949	1191
eaaeb2c4-7b79-46aa-aca2-9f69aa2add75	881
eab457ae-f480-4300-bc10-1a19e7296bca	1190
eab5af7a-7bd8-4b2c-a43c-ad1641049781	883
eac277c8-0b85-4a49-8b91-ce96de0058ed	1167
eac51170-eb5f-470a-9dd6-874573b6279f	534
eacb8b99-ab9f-4eca-9003-dd4ef81a5553	1167
eacbdd47-e991-4732-8464-75c7d690c4e6	1175
eacdb727-a548-4ce1-9759-8b0e1ed993e7	1169
ead07b77-1ce0-4e11-837a-2bcc197424aa	1164
ead217eb-7179-49d5-a571-8650810572c4	1187
ead36939-b04d-45fd-bc07-522daec1ffb5	1173
ead7ea17-65b3-4afa-9092-dfe451a7161c	887
ead8e00e-944f-4d3d-9b51-ac44bdd0bae9	1711
eaec2eed-9cf2-49ce-88d1-e9c8d9bb7438	1153
eaecaa42-d51f-48e3-a09d-fc6a3ce0e202	890
eaee79bd-f3ca-4d03-8546-4a2069d7d198	880
eaf038e6-8761-42b5-b7d0-2117f672c8dc	1175
eafa2a12-9951-4a0a-9d17-896302818820	1189
eb000919-e1db-4c5c-872a-62aa10053792	1167
eb018a72-ef4d-42a7-983b-9ad3ef58069c	1181
eb0aa82c-f8e2-4e36-84c3-1abbd2942947	861
eb0cb96c-4089-4d5e-b9ee-1127ae43d75e	1151
eb10cf87-a590-491f-9f80-90b37456ea18	885
eb1335b3-32a7-44fc-93c1-ab3eecb8c8ef	1188
eb16ffa5-f9e1-4667-b441-b293668b13fc	1180
eb1a5b46-0d85-4f29-ae88-c9eca27db946	1183
eb207b84-e595-4dc8-b9bb-2dd9097433a2	979
eb219244-d108-411d-bae6-dfaba203c955	840
eb238208-e640-4d39-85a9-93ba86730209	861
eb24abb0-0183-4d44-9227-5355d02afadf	1184
eb2adbbe-1d48-466f-a8d7-09b45dbfc70f	868
eb327c46-27de-4288-99ca-118ffe1ea3f4	1181
eb33b067-f987-4c4a-a93c-1ec6043c972a	1185
eb351d09-6c70-4be5-ac86-59ff3a5997ad	1165
eb35ce3d-8bdc-4ab1-b55b-cc37128c4586	1166
eb3a2051-abaa-4d06-a004-cabe155a293d	1163
eb3c829c-ae99-4b7c-9538-f2871bd0ba29	861
eb43597d-3757-4ee3-95e2-a9e0ed4602dc	1162
eb4ae342-8d73-4e3b-8bbf-c0c68e8f17e2	1190
eb4db8c2-ba83-4bfe-a6dc-beb11c392d85	868
eb508507-74a5-49de-8d60-ef9e73dcd6db	1172
eb5402ce-26e4-41f0-abd0-9e96fdb42914	1157
eb58ad20-8da7-4c50-bb17-279db94883fe	1184
eb5e2fbc-6ee2-4f50-8976-bb11b5d6f2c5	1191
eb5eb86c-4cbc-48bb-8eec-7c4c0cadafba	1165
eb64799b-963a-4f30-8da1-25ae1a710c13	1157
eb64d817-c29f-40d2-a3f9-9b2a47de412b	1164
eb67f090-0682-4f9b-b96e-9334bff92d41	1169
eb6acb02-3c8e-42f1-bda5-123ee1dc5e3a	880
eb6de096-8fc4-4de3-99a5-f3d6b80cd02b	954
eb6f01ae-f61f-431f-8937-921650588107	2135
eb6fda59-f741-4c2a-8335-c86510845de0	1178
eb712c15-5c52-4828-850b-92d44c35872f	884
eb722b69-d956-4e1e-a979-ab343f9953fa	1164
eb7957d5-0bf9-4fd0-8d9c-39bb01cfac36	1167
eb842677-8bf8-4ff4-a23c-e904385a92da	1173
eb870b20-2bb3-4615-ac79-7f25ac44c60b	1166
eb882eb9-b6e8-4bcb-8c10-f6dd6958f054	1181
eb8e61eb-0ad3-4956-ae31-5c84241d4811	862
eb8f169d-2fbf-4092-a2fc-44b57c2209ac	1168
eb92d333-b8f7-49d9-8aa3-2068d370ff5b	1175
eb9c6696-6e68-4717-b530-fdc70856fe95	1179
eba33c88-fc00-4dba-a721-5b02257e88b2	1190
ebab2dfd-230c-4f37-bc26-e9ceee42531d	881
ebab406b-dd02-4f0e-9e59-6e50b131320b	882
ebb09c46-20cd-4652-8001-27e5af33b2a0	880
ebb139c0-e6fc-4977-b50d-563fb201f436	864
ebb60db0-a68a-4fd4-a1fd-a203d5c58a32	1164
ebbb2b6c-0d44-4090-a728-ccded12ea148	1151
ebbb5dec-5ff6-4d94-bf42-a75d3ccc7724	853
ebbdf9a4-dc64-43ff-851a-000d612a913c	1189
ebbeedb4-ee78-4fbb-bc05-851ff6b373a5	1160
ebc0b153-5b6b-4a41-bc74-bfad5ccd2fb5	1178
ebc0f9d5-7cf8-4eb2-b71d-c0117c4c7aab	1183
ebc625a2-80e8-48b9-b902-8ed2c99734b0	1188
ebc72c71-25c4-4c54-9172-e4e2f88618e2	1165
ebd04b00-77be-41c9-ad21-efcc3b3b71f4	864
ebd1e7af-ffdd-4d9f-8f7c-941a355ef4e7	863
ebd36ba1-7709-4b92-ae66-0697585295ec	862
ebd40dd1-7cb9-41db-b3e2-c3b74f4318ff	1111
ebd65827-2c30-43fc-9e52-65d76dd1bac3	1152
ebd6d754-a427-487f-84c7-0fb41bf1c5f8	889
ebdf3606-5f22-462f-9d68-08b143c25053	879
ebe1646e-158b-48ef-8faa-937406fd92f1	1160
ebe17c6d-9feb-4715-b41a-868cdf3fbc9a	1190
ebe18371-1680-49c7-b3fa-9568f0913616	1175
ebe5edd5-6760-435c-8bf3-d3d8fd3872c5	1180
ebe975cb-538b-4b3a-8ee0-1a616a4e8718	1190
ebee780b-e754-47ce-bb93-bb5aa296f5a2	1177
ebef6f9e-88f7-477f-ab90-57d15f771559	864
ebf770ec-e15d-4379-9d78-4c096aed06ff	1184
ebf9c1c9-dc97-4653-b7d6-54f63465b958	1181
ebfc8b0c-d52a-4d68-9ed9-17bc731cadfd	1165
ebfcfd44-dc96-439f-aed3-c26fb857d532	1179
ec03ef6c-69c0-4ef6-9e01-3e43279cb1b0	882
ec07b529-d7e3-4716-8112-ea005bbbf238	600
ec0a1f91-0d3f-40e0-b91f-4a88176f5073	1157
ec0ccd4a-4a33-4ab3-8d4a-9111b670d494	1650
ec148fb4-6b55-4d38-97d7-8cbfa84e6718	876
ec16c9a8-7d19-4c75-a9ce-69d33475fe67	2243
ec1a5a57-64d6-4933-aa8a-c089e24548db	857
ec1a6e24-a19d-422e-bfdf-478bb2bcb4c6	1183
ec262d9f-0756-4b42-b732-7322940fbfe5	1169
ec32d803-c963-480a-a68f-0718926a0d46	1183
ec3859fc-bfe0-462c-92f8-06b6d1a7f8f2	1836
ec3b026d-b8d3-486d-9bc4-1ffd374b5686	581
ec41fd02-b173-4523-8a16-df4e22d26359	887
ec427320-f7bb-4008-9872-10f1a8f83f6f	1303
ec449ceb-781b-4c73-98de-90c05577357b	1192
ec4640dd-920e-4cce-9aba-60f91c7729a4	1193
ec46d85a-7415-4a71-8c16-44bee474a862	1441
ec4e2de1-f30c-4d2e-aed5-2df5e3ba9c56	871
ec5082d7-f2b7-4262-9d58-35e6e1414e56	876
ec520117-4665-40d5-b932-abbc0d2a59b6	878
ec5732ec-7982-4c87-915a-3457213fc50e	1189
ec5a0d24-298c-4a53-87d4-eaaf552b94d9	1178
ec65998a-beb6-4568-8a2c-2e66fa9f3314	884
ec6acd36-e437-4b0b-a183-ab1447e15883	1167
ec6ca8e5-ebff-4a00-949d-365bcd63b363	1150
ec6f5f4b-8e88-47d4-b6f8-6cd9a4674b09	1179
ec6fe23c-5349-43d0-8f94-e5421e20ab61	1170
ec71fdc2-a7ca-4164-bab0-774794010f69	1164
ec7291b1-dbf4-4785-bd3d-fa31ee6b6477	1165
ec7ad4ea-362a-4e0b-ad8f-31a068c620f0	1159
ec7b8aab-f452-4652-a5e6-66d0bb687d5e	1187
ec7fa33a-0ca6-484c-92df-44592336e229	1187
ec8c9a12-568a-4674-88b5-29f782f93b23	883
ec9087a1-ce0b-4b17-ad69-ab3a2d519a84	1151
ec91fbf2-0974-4c47-97bd-fe92ef64cd2d	1168
ec92dfd0-5c75-4b39-be71-e065a0ab23ce	885
ec9bf57a-2eed-4c0c-a351-3e0c6121f0ea	1001
eca10480-b63d-4347-955c-acb92df9894c	1331
eca16d24-b43d-4570-b198-6dc6cf5c5d76	863
eca5049c-7181-4a64-a675-a09fc8dfe973	706
eca51e86-8115-4db6-89ed-ac8faef79ba2	1187
eca643c7-942e-4fa5-b8db-4cf5e1662c1f	862
ecabfbb8-3eeb-49d6-840b-fb8a5fbbb4a7	858
ecb17cad-b02d-4be6-baec-659616bef0be	875
ecb27506-9d46-4248-b1e9-d3f88370a738	1164
ecb77e62-89b5-4893-b72b-14c9ac412973	1165
ecbdaeb7-9094-4f38-9a9d-b51944094552	1153
ecc45680-39ee-4982-9b37-4ce536ae1f7a	982
ecca8894-5aa5-4a6e-9344-e01fcd29c849	836
eccd0a45-37a3-4fc5-8c91-dea6d0fad027	1160
eccdabc5-f6fb-4732-bcbd-c118545672d8	880
eccf56f9-c76b-420c-8669-6b5083ae823d	1165
eccfaa6c-45a2-491a-869a-ecafcb83f223	1167
ecd490e4-afbe-4164-ad1e-8d0433f1cdaf	1185
ecd4fac9-7b15-4298-a767-eb9d032c5b37	1688
ecdd2a03-dfd8-466c-94f8-db4ee9ed626e	866
ece35bf3-c9f1-49db-a8e1-b66f3831374e	1181
ece8db80-5864-451e-970e-4dc4c4b39548	885
ece8ec17-0ed3-4a09-8f96-2c9c4795a340	861
eceb42ef-d674-4d3b-a306-5f5f0a5c3777	855
ecf14b57-473a-4107-b914-c9a83b30dbab	859
ecf29243-ba6d-460c-a548-7ec391c159c9	925
ecf3233d-b450-487c-a2cc-56b36e1b6912	1173
ecf3b69e-a930-4881-8370-112ad03a09aa	1173
ecfe5bbf-7cc5-43e4-8427-a7025796b57f	1167
ed06c242-2f1a-4907-a24c-9db454c97ce1	1180
ed07feb6-cffc-45a1-8031-e10bada262be	873
ed098b3a-3c88-4cb7-a53f-a23f30763cbf	1169
ed1000b0-7270-4ee8-88f7-8d1a745fd253	1164
ed1532ff-1548-44a8-ac40-f19fef75d222	1165
ed17409b-2aa4-4d4e-8068-f2581282b732	737
ed17cf36-fbba-4051-b845-ab7a7406dd1e	1173
ed1a7462-a7b7-45f0-b0d7-76cdecac8044	859
ed214746-074a-4723-9a0f-b759a9574e75	881
ed241442-b1ec-4999-a6a0-629770acfa0d	1184
ed26f800-103d-4b1a-9262-137c30f58baa	1154
ed2b29e2-80fe-49c6-a6a6-ec31bfc648cf	865
ed3356e3-870d-4d9f-9b84-48e604960918	1190
ed370fc2-9db1-4561-a510-b1b66d6d9098	883
ed395abc-3256-416f-b9f3-db51524cdecd	872
ed3f55d4-382d-43b2-bf1b-c4b0f79527f4	1163
ed4021cc-97ee-49e9-a437-715600a17dfa	882
ed444af2-5a0d-4aa6-b927-61e05c66182e	1170
ed45746f-d808-4e51-a249-f7bfd6a21871	1185
ed48770c-15d7-4394-b762-1fc9b975648f	1165
ed49eb34-48d8-4bff-a612-6d1b53eb2849	1179
ed540a5f-4802-4b28-9cde-f4f7e85094e8	857
ed564146-2bf8-4243-ab5a-225a8afd0f4f	1180
ed56f7e7-1760-4430-a1b5-acdada74a882	863
ed5a3a29-c3df-4f7a-b956-0347c7c8e84a	1170
ed5e4948-4dfe-4bd7-8760-987e1f643904	863
ed5ebdb0-2efb-4983-baf9-97ae0b6b6a1f	1143
ed5fea9b-216e-406d-b95e-cd1bf965ccc9	1189
ed5ff64a-65fe-420a-9053-84ca5379a8bf	886
ed60bd01-4c5c-4ec9-8f9d-863d03384b22	1169
ed644352-bcdc-4a42-a5ee-4ae285cda44d	863
ed6532a0-c6d3-41fc-a161-9edcf1902aaa	1168
ed6c00b7-221d-4647-a9c8-f2ab2a1c724d	1169
ed6eee88-b838-4c43-aef4-a4fe0e1d5436	1147
ed74a16f-3601-4534-ac35-23ee76367f98	1181
ed75c88a-dfd9-4039-8a24-d11926381e54	1165
ed7805dc-8d97-4e53-afb3-5cc0f0cd1be2	1174
ed8190ed-eae5-4f91-9f01-619039f71b6d	882
ed826494-920d-4f4e-b182-9b2f72c561f1	1832
ed82ecdf-37d9-470d-a84f-08c00abcdda6	1162
ed82f2ee-0186-4c96-ad12-e284029a4a80	886
ed8a821c-8165-43fb-9b79-3f7df12d483e	1170
ed8c2d30-e288-410b-b6bd-0b5392d78a0b	856
ed8c4890-140e-4bf7-97b3-d4dc9599db27	860
ed8e87e1-5987-4cff-82c5-d20525bd2785	1156
ed9015ee-32b8-4264-a117-63f9a9a3601f	1173
ed965251-2c34-4713-8777-473142f2d37b	1166
ed9bdd5e-cee9-424e-ba2e-2aa101d6feaa	1169
ed9f2453-7643-40e9-9818-ad788ebfa858	894
eda21805-203c-43e7-a006-b6fabad95d5b	1180
edabb4c1-95cc-4490-88b2-28fbce3adfb8	1163
edae6bd9-42f2-4964-a6f8-3c4ae1ad74bc	1161
edaed741-b468-4c5c-8466-782783a93c6d	860
edc0fe22-84bb-4a75-b2b2-4dcf1b97441e	1187
edc3e063-96ed-4954-9e0d-b2b4a120b73d	2332
edc9fac7-5220-4807-b6fe-f6c9dd3f7b09	1170
edd5e5d7-8164-4fd4-8a65-34e2ad30d693	1186
edd6460c-e37e-4bbd-87dd-8a29bcdeeb32	1194
edd72402-9a33-47a4-bb89-e9b1205fbb7c	1177
edd9ffc3-32b7-4e9c-8ef6-2a3807bcdbf4	1178
edde8892-e3a4-40ea-be4c-b4d3eab259af	1179
ede1e556-d69a-4968-813a-84b5ad5d9d94	1167
ede4a6aa-2958-4eb4-b986-8b1013c5f40a	1162
ede646d9-384a-4c45-aab0-22417ae605bb	1166
edee21c1-3809-44d6-9277-61aa5b502ea2	1178
edf94196-f421-41f1-a081-bd0f8b92013b	877
edf963c5-4252-4fe8-8bd2-91da9a0a8cc9	887
edfb7191-b11c-48bb-a676-15e7ecac2019	1164
edfe9cb0-b5fc-4e01-9639-f60d4d8647ed	939
ee0980a9-9906-420f-abb7-fc0873b11a07	867
ee0ae5cc-33ba-447e-b74a-775233e45133	886
ee0b1a2e-344d-4c4e-8a45-f3ae3ac8f384	1166
ee1236d6-2705-4ad7-ab8f-5b6fb8eddcee	1181
ee13a4c1-aba0-4ec8-96e0-e60cd3db2b12	1162
ee1d7841-d811-407f-ae36-0732a8064627	1300
ee1da5ae-3bd9-4834-a170-107e0b454260	1159
ee1ec013-de6e-4dfc-8096-13d39f56d7ca	1185
ee1fb63e-9d65-4a99-bc08-d14b0a539892	1183
ee2605e3-5d09-4189-a180-c270b9b7abf7	1154
ee284b2f-aba5-4e4a-8c12-eefea82f5ae1	1177
ee364dbb-bbf3-41cc-b626-8084cc2d04b2	1389
ee374b4e-48f5-478e-816b-0c38fb3472e8	1188
ee378dd9-333a-42d0-b94e-1459b9807628	880
ee3b4ced-c601-4eba-81ae-ab65642fc48c	663
ee3ec237-18ed-4657-be1c-37d39e283215	884
ee3eee7c-4deb-4a96-a443-3fcd985c273f	1183
ee3f6506-f4bf-4d5f-a48c-f95b27ab9b83	886
ee417d87-6a94-4496-a168-b8b38e7578e4	1186
ee449db0-dc1f-461f-a1ee-56c92d42f28c	1177
ee47bef2-9284-4cd2-b2a7-ea279284d922	881
ee4a4f31-f571-4128-924d-37a4be72b20a	882
ee4d27c1-1061-42c5-bfe7-2fb512e84bc5	879
ee4dc101-1f7b-4ebe-8a42-bb41b3b7536b	1164
ee50bd30-97ae-4c0f-83fd-c66ba53b3a99	1181
ee52e3ac-7bf1-4ce9-92a5-2a3000fb6ad3	1187
ee53dca6-97ae-4cec-94a3-69bd5b9d53d5	1167
ee5735e5-e85b-4911-a471-8e9bb1b7b1c0	1166
ee5d6cea-3c5c-4bb8-82df-c965d0a66da7	1180
ee5e68d4-3b13-41a6-bf9b-2049dbcbe864	686
ee5ee2c0-f629-4606-b9f5-121e4806e3c3	1159
ee5f7267-aec4-4104-af38-11ac60bc6b93	1174
ee641101-72e4-4aa3-97ca-13509f58ed44	1185
ee661e6c-9d13-4f85-b03b-30dbd3e8c083	1183
ee681064-7633-40ed-8fdb-6dc5405d17e5	977
ee6f7a51-1b8f-4a39-9f13-03916ad70906	1180
ee7393fa-9cbe-447f-8081-8d11971c6388	1174
ee75e9ba-2935-43b4-ad65-57008a410c19	885
ee768db5-c4d2-4440-ac63-d609a4d1e26c	1180
ee7975f4-d460-4250-b9a4-7f1c3c77359b	995
ee84e23a-b221-4c6a-be88-3f3c31bc9bc2	1162
ee8ae93d-a273-496b-adb5-04e46a290bb0	880
ee91b9f5-9be9-424d-a7de-754ff1a1168e	881
ee92eac6-f1f4-4ff7-a78c-58fa8df7f069	857
ee96a2b6-ec0b-4f29-b8f7-5bdc8393f88e	864
ee9b6e84-9564-4224-a879-cfab2beaba75	1166
ee9be3ca-0094-4528-a928-c513b4477add	1166
eea3cb50-6ca8-4bbc-a684-5ff4c15a6c95	1166
eea41abd-d3ce-4ea2-a770-9355129a0ed6	1171
eea63aa2-bf8a-4585-8c05-8920bbb2def6	525
eea8b4e9-f535-4de1-bb68-6400e55082c8	1165
eea9afab-0754-4b37-a905-d56446e7c319	1178
eeb6f5a4-141f-4fc3-9cec-d179150d2eed	1174
eeb763c1-adcc-4ca8-82ea-87b1c05951a5	861
eeba8940-2500-4bbc-8ebe-7f5b50d59af5	1170
eebb72cd-4bb5-4c33-8f43-da35522378fe	1169
eec0c950-68e2-4385-927c-e31dc38233eb	1192
eec2599b-c5f3-45c5-82d3-7d0b8d85d4c6	1403
eec46891-8c37-45ab-8996-28f7294a3504	1161
eecdf6c4-bb3c-45d4-87fc-0950026a437f	1178
eecf84aa-a3dc-4a84-acec-dd8fb326dc27	884
eed16ad8-0fad-48f4-9424-e364ddf035b1	884
eed2cd8a-982f-4898-81b6-066e6059513e	1164
eed71b03-2611-4f7a-992c-d686c57d1324	1174
eede0862-2fcc-45c5-b0d3-3536e871969a	1187
eee3581f-debb-4952-86bd-a2407f076ca8	1169
eeed10a1-4cdb-44d0-a9ce-9b0e40c5ddf3	1182
eef14f3a-0acc-4412-bf4b-14e0a6be14b0	885
eef81c9c-f18d-4c88-a1f9-736cd8956817	888
eefcacb3-a925-4715-adf0-f0f4b36dc9ce	1162
eefdac3a-db14-49c0-85d3-5d0528ce8d05	1184
eeff6a8d-57d4-4bcd-86aa-97bfba693968	1175
ef014c8a-e62a-4250-ab48-fa81141a5bd2	1182
ef0421dd-2510-4f77-80c7-691725f6ac68	1166
ef0658f5-db2a-40ea-bc93-885690904db1	1164
ef0773de-c288-4986-89ec-cc7a57ea3ad3	1172
ef0941ce-a7bc-4239-9cac-3400525cc2c4	865
ef0c0748-8fb0-4013-b0b7-d549bc0dd5db	881
ef0d209f-b842-40cb-a79b-4147ef21cb72	887
ef0d52df-0ed8-487e-b60f-839e81c97fa4	864
ef0d7aff-b5bf-4ff2-b57c-a3bb97c2385f	1177
ef153b83-71a7-4c50-9c25-f0e5d5534cdd	886
ef1572b3-eb88-4bc3-b7bf-4336bebe7759	1188
ef21750d-1016-4711-aaae-a939993b85bf	878
ef2be6ed-9899-4b50-b42b-e6a07dfb81b6	1182
ef300405-bcd7-47bb-8eae-0ca13fe32c04	1186
ef37eebd-2036-4964-baa0-822644ad3db1	876
ef38fe5e-b584-4567-8c1f-a81c1ced9ec1	1166
ef3da955-ac36-4d17-a8a2-395861968706	855
ef428905-28a2-44a3-b019-0dd4d25e7037	1186
ef45dcd7-1dca-4b14-8481-6a7710878485	1180
ef49e46a-8452-4267-b7d7-37475be24756	1191
ef4bbc4a-7c44-4325-84ff-e07defd86754	861
ef516a0a-dfff-45ef-82e0-1be82dee6c6c	1189
ef51b1fd-dbfc-4b57-b24e-a4e400f4e081	858
ef557837-8efc-4259-a23b-150c4a7ce012	1162
ef56f9a2-dfcd-44a9-8216-ab83bcbf25d3	1159
ef589c73-42c1-40fd-9a9c-2596f7048ee8	1164
ef68365b-a0f0-487c-81f7-d974b1745374	1168
ef6d1d0c-7272-46cf-9f95-aa7586ee0750	1165
ef6fa3a0-3e6d-4fe7-b1a8-80c08a9c3dd8	867
ef716b54-9a2e-4b1d-95e2-6f26d28ad96b	1187
ef72279c-1175-4680-a6bb-cae45373c24b	1192
ef732abb-c633-4bc9-bcbd-bdc025b61559	985
ef793671-1b29-4ec7-a60c-de6a1d3af5bd	1169
ef7d30a7-46ff-4810-98e3-0176f6ff0451	880
ef7dc10d-700c-4c73-978d-4a5516a772c1	864
ef7f4ba9-9535-41c4-bce5-5ee29719bea0	854
ef887f6d-a810-4ff1-b6dc-d0580121beac	1188
ef94a623-7c02-456b-8d17-8ae6fd38f6d3	1176
ef98e976-807f-4bf0-b77e-dfbf0a399fdf	1187
ef9a0ed8-e61d-436c-bf21-e76d74e5cf88	1283
ef9ef1d3-4a13-434d-95b9-b9ea73feaf85	807
efa100dc-1307-4d73-86d5-578e5cdde74d	1191
efa2ffa9-0d2b-459a-b955-2d833c1ade92	1161
efa5305e-a5f0-420c-bd21-7b43927d39fc	1185
efa7c821-d04c-42e4-a664-d64011a5533f	887
efaed5e8-3553-437b-87c0-46dc66ed827b	885
efafde5d-c652-44fb-aa86-ed03d785acf5	865
efb2a04e-de99-4ac3-8ea0-831e8bc7a7aa	857
efb726f1-2a36-4f12-ad81-ad33137b351b	1170
efba98fb-09d4-40b2-b4bd-1028aa588e18	871
efbd68c6-5cfd-409c-9704-9ca38ebcf224	880
efbe080b-8265-4805-964f-b64bb8973f06	888
efbf8e86-f4ac-4ac1-9b98-eb66e0396ef6	1170
efc03895-ce0a-4cfa-9b84-0b40b9ec4b36	1176
efc0c4d0-cc6a-4095-8286-92c799336ac8	1555
efc5a9c8-0c51-4c84-92ab-13cc92f8d06e	1171
efc76af3-7637-46a5-9a5b-3032e1de9dd3	1189
efd050c7-4baa-48fd-9551-d2558d73fb4e	1163
efd8b244-4bd2-44b0-899d-5c8689529855	1159
efdf8536-c07a-4ba7-bcfe-a5d4b0bb26a7	1156
efdfcb6d-0ffe-4765-a136-1c68e990460a	1167
efdfe1e5-d2c2-4d85-b8fa-88e473dfa463	1173
efdffffb-31f7-45f5-bbf9-c28c9cd4b0be	1185
efe0aa15-8cd9-4c46-84ca-aa638bf7d9f3	1185
efe11aec-49be-4974-8787-4bc70b88477e	862
efe8a436-703c-421c-aebf-9e02542901d6	1166
efea3978-8bf7-44a3-855f-100c653a4416	1159
eff4b894-2248-4e45-946a-ebe62f117d0f	1192
eff81aef-d717-4d49-a780-ecb7ff8ac8cd	1164
effcbb3f-ce8c-49f4-b2a1-8bf3a3ebfd99	1168
effd3181-ae19-47d0-a651-8d98620b0161	964
f0026c98-0364-4017-8829-16d8b942b224	1167
f002987d-624b-43c6-801d-29951ad2ce15	1194
f004e77e-6cdd-4e40-ac46-4145a1c33a04	886
f00520b7-725f-46b6-9167-044bff1deca2	886
f005be6d-a31e-4298-a3c7-b88430a484eb	1184
f008b00a-da78-46cd-9742-f31ee05319c5	1182
f00a0750-2666-40ce-a444-bca2dfbe40b1	1165
f00db3c8-9595-45f2-b905-cd85a3309f4d	1185
f00df4e0-ce9e-4726-9bf9-8fc00cb113a7	1189
f00eda35-6ba0-4a2a-ba3b-669cc6a1b3f9	1148
f01bab5e-c493-48dc-b9de-ad8b72457f32	893
f01e4609-e30a-4773-9641-90294d27f878	1177
f01e9d20-0a02-4c05-bb41-400302972e96	1125
f020fc9e-ad0c-40af-a7f7-d93bd63e6e29	1163
f0254e75-beb1-463a-a56d-f473eef096a5	1174
f032aa56-afc7-4c69-9edc-55fef3b7265e	1162
f035a478-da4f-4c79-a987-f8606c70fc15	1189
f03894ea-dcc7-460e-9db1-7e3a5a912727	1163
f03c13b3-fdff-43f7-a3fe-f55c91fd8255	1200
f042f342-b82c-47b6-85b0-8f078cb9eb70	1167
f0446643-0f16-435e-a186-3f9e33438dea	1160
f044b34f-07ad-46c8-8d0e-3db38c2ba6a9	1132
f047c963-26e0-403f-adce-b39bc084fc56	1186
f0549b82-0357-44c3-b7d2-d824d4893b33	879
f055a666-0c5b-443c-955f-bae2f95b560e	1177
f055d601-2441-41ff-8263-dab1367e8c07	864
f0562235-7d32-4945-b396-571bffc1c057	1160
f0582e1d-22de-4d55-a050-7e28aac38bfa	1157
f05d2da0-623f-423f-a8d8-96198f9b7f79	866
f05d8114-f457-475e-9d1e-d47100f156f6	1176
f05e28dd-2fb1-4fe9-a100-c472d76bafa1	1005
f05eb21d-f63d-4bde-a4d5-95b9907abff4	1179
f060c2dc-300f-4b4a-b925-6dbee97dcd6d	1152
f06245ec-7fcd-42e0-b3db-dfe1e3c18671	884
f062ba2f-cc3f-4669-bea2-b3fd722489b3	1233
f06af4db-2921-4391-a8b1-9e4002452102	1186
f0708a2a-6453-49f2-ab1f-38195a76e2a0	861
f071a2fd-7936-4803-a789-38ff0a357181	987
f076f55b-c48e-40c5-ae02-c7942b84aa9e	1151
f07d5eb5-016e-4a0e-bdb3-7d95bced0165	1136
f081e928-2fde-4cc0-8764-9e0d6917db6c	1166
f0820eb8-2dac-4f7f-a92a-6dbd787be4de	1174
f08b9829-bfac-4f4a-9596-dd3f558fed33	2105
f08d319b-4184-4183-8940-f695ec49378b	1160
f0903c3a-a18e-453d-8fc1-34103e50e6bd	1173
f096c63b-4a6b-494a-9ff4-5666113ece51	1181
f09ded39-c415-4c9c-a9e7-f21d20612168	1175
f0a134b9-147a-4ade-8b64-1ee596647d1b	1189
f0a582bc-3b29-44e5-a045-588ac4b89e54	886
f0a97339-bd75-42ac-85c8-d08552b1e515	989
f0ad3e9d-0c73-43c6-8b56-c7ae890f3e79	861
f0b1259c-58b3-4eb8-bc68-25a80518b301	865
f0b58b1f-f2e4-4300-be5e-585adabfdcc4	881
f0b5a47d-598a-41b7-a121-20b8ae56cd87	1171
f0b72de3-3998-497e-a78e-5b9353999cba	884
f0bbe684-4c17-4662-a2a6-f55d7b1e9873	1162
f0bc5173-a21e-476a-81cd-ec64dfb02a56	1172
f0c17089-2639-4b63-95cb-7286f4f18ed4	1185
f0c5f30b-eca2-49ab-b2b2-6102044da4ac	1177
f0ca0d13-d036-42f6-aadf-99f6d74ed274	1183
f0d08210-a058-4cf2-b337-6a649d71c47a	1869
f0d22494-ff93-4331-a316-efe5409ae689	1175
f0e5c42f-49d3-4293-b59a-9d330024663b	1182
f0ea5406-d579-45fe-a1c9-7da087bd946b	1185
f0ec90a5-1ed2-401e-9c9e-091643247caf	1183
f0ed6421-5107-4222-becb-39001e6aa7c9	1176
f0ee95d8-51d0-42a8-bf52-ac000a122667	1179
f0ef0436-db7f-4ead-8830-124813fcc843	1171
f0efb52a-66cd-4f37-a089-fbb3c88c3f16	1180
f0f2677b-14d6-4bf8-a2b3-dd02ea7354f4	876
f0f31759-fdf1-40cb-996b-f91fec693b08	1608
f0fb52ba-e7d0-44c7-9366-608834e29448	1159
f0fd8b44-00e4-44e2-bd25-e13daffa5808	1180
f10107fa-7e9b-49d0-abcd-a04cce9361f7	1180
f109c216-30be-447a-97f6-f567180bd1df	1167
f10b983f-de99-47e5-8579-91d3fa4455ef	860
f10b9c21-b10f-430e-b937-1a1bb8de95d5	1161
f11af550-649d-4837-99e4-1bfcccfb8f55	1168
f11b22b5-b1b5-4294-a52b-56a2da030970	1186
f12136dd-cce3-4509-a7bc-6b878725de84	1176
f123571f-b547-4cf2-b980-1b237ed227b6	1162
f127fb8e-456b-4c08-84ec-f9eedd9fc826	858
f12a51e8-dc6c-41aa-880b-b35edc7a9d15	1183
f12a96d7-adf5-4672-8d59-04b08a0265b7	1157
f12d9bfa-da2f-4689-a03d-8e11449200f5	1399
f1331e83-f3b3-43d9-a6bf-5a4f217b6d07	1174
f1357493-78d5-4115-9ca4-43cac6c40e1f	885
f13a0787-5acd-4857-8096-74880367a285	1166
f13f32f4-17ec-457e-b088-c3820034d807	1184
f13f5cec-9ba2-452b-9a1d-ebaf418f467c	986
f143a565-a088-4874-9c4a-523f413890fc	863
f143b3a4-0bab-4d6e-a07a-5b04f65def48	1166
f148e0b5-7b7a-4a1a-b669-f06d89bdb313	1172
f149ef6c-f26d-4ce8-ad70-1c541166abd8	1165
f14da2b9-e2f8-4634-93f9-d3968d75d3b2	1161
f15336d5-53b4-4a8d-8713-8421120169d2	885
f1544a69-3407-4ed6-9b85-b557cbda2c87	1177
f161a724-91e2-458c-be41-997cea91cddb	1158
f16214cf-2f8d-42cb-ae7e-26def737e13b	1187
f16a22ce-bfbd-4c77-b50a-9a9049ca5d2b	1509
f16c549f-cabb-4148-bc2f-60c63fb2346c	1186
f1778876-2196-4f73-8232-9a69fd992e0e	1186
f17b5c58-7cb7-4efb-84c0-11dc859a4955	1166
f17dd21c-411b-4ce5-ab4c-c96910ecdb5c	1179
f17e06bd-067d-4ebd-9fd0-6f1d354ccbe8	1139
f17fa9d3-81f0-49dd-87da-646910a4026a	1149
f193bb6e-b9ff-430e-b1a5-cb2789e20442	867
f19b2bf9-b553-4862-bfa5-5d6562fd449e	881
f19c8f1e-9e7e-4cd3-9d2c-3f0acffe3c26	1186
f19da86a-b41e-46e7-ada6-1392293e5082	2004
f1b14c7b-b5a1-4d39-8384-b579e4422415	1185
f1b4df65-1d3c-4512-9786-c242a2a74622	1235
f1b6d0d4-e033-462b-acd6-47492b555760	1180
f1bab3d2-b9cf-4e8d-b0e0-a0ffb1b51149	1171
f1bd442a-e372-4421-b7c7-506019cddd4c	1182
f1c5b0ed-2f13-42d3-96a1-31483a07d344	1167
f1c84e7e-3428-46d9-9b83-8523e3e28ab3	1161
f1ca9ebb-43ff-4208-ab6a-8d130a2e64b7	1192
f1cb094d-8b39-4894-8b83-e923f6f7ac9b	1189
f1cbc183-e4e6-4524-89ff-10f819d2f324	1184
f1d8f2ce-aa8a-46da-996d-4184cb4c3bd5	870
f1dd18be-0797-4193-a530-425faa0333d8	988
f1df2721-8809-41cb-8bfd-157b6b4b1f42	858
f1e0d801-a7c7-43d9-a604-3a55fc28defd	1148
f1e1700e-630a-4534-90e7-5add602f03db	1183
f1e179ae-c3ac-4ad5-a07a-bdc99800fffb	1162
f1e59a21-2f61-4154-8c2e-14ef29343501	1172
f1f37361-9239-409e-8501-5a5abfee7fe9	1155
f1f7257d-ebe4-4555-b006-6eb0203f5aed	1181
f1f94bec-be30-4a0e-8c17-08d3266b5e22	882
f1fde065-179d-4231-a1ba-78ec39af611c	1184
f1fe8b77-5b25-45d9-9c44-a0c17b755af4	1164
f1fef527-44fc-44a4-ba3c-d8dfe8197b6f	881
f2017bc6-02ba-4a4c-88c1-f06fec38a00c	1188
f202345c-ab9d-4192-845c-cb029c3f7a58	879
f2058033-ef4c-4c30-93bc-0d560bc61640	881
f206226c-0d70-448c-a926-b61451d4e0c7	1184
f206f2d0-a1e3-4d11-b49a-4cbd2593ae3a	1186
f20cc3e0-e9d9-4f0d-b1a9-e4e51e20a8b1	855
f20e723a-e34c-4e6f-82ec-5e9d25780933	879
f20e7a7e-9479-4632-8458-4f75bde383fd	909
f21063c2-e01a-4127-85e5-0698b177a588	1164
f210ca83-98d7-4ced-9427-bda9dfe89f14	989
f2144348-94c7-4c34-af76-216ef73239cb	1156
f2167396-7b23-4367-a4c4-682d56eb5a74	1145
f21e59a7-f224-4307-b66e-d74e50dbbd94	1151
f2248de7-d4ed-429b-9975-9d2f7c1cc6bc	878
f229c71e-e886-4a10-89dd-3282a184d0e2	885
f22bc2e2-657c-466c-b358-04d9e3291eda	1183
f22bc44b-8bd3-4931-a287-3170b4f749e4	1183
f22e15c2-6e25-45b6-8b69-b41e15a5adf2	1179
f22e93d9-34d8-45a8-8b87-55a387dbdd2d	994
f23adf0a-2f6b-43a9-8043-e998fbf6dfb5	1166
f23b9c5e-5e96-4e3b-b3dc-33e625f396a5	637
f24baa2f-20e9-4b8c-af6f-4a41dde2fb80	1178
f24c8ec3-c8d8-42a1-9513-b0dfcd42f951	1188
f2534dc2-2c06-4208-aee4-c7f6520558bd	1162
f2576b69-5bf9-47c0-a2ec-c56ddfdf02dc	889
f2598e2e-8c93-44c5-88e1-ab97ad615d9b	1152
f25ab246-2a2b-45f1-a640-f26a86e78a21	1157
f25e607d-fd02-48b7-a319-24783f117bb4	1161
f260f52a-0a31-45e7-9e7a-0c1d481a0a20	1157
f26276a6-d98f-4520-a206-5d039e7bba9d	882
f26c26f5-cad3-48a0-8a56-df63734ce02b	1192
f26e237d-197a-4396-880c-26812a339827	1066
f26f60be-0fb9-4d22-8809-ed9d4c979fd5	1181
f2758443-bd97-4146-b353-2315f41f44b4	882
f2775ab2-b2da-4ddc-8e89-c85e7fea561f	1162
f2795163-0af5-45e2-ba13-9a72174e91eb	883
f27bec46-1cc2-4c1b-9808-6728e04f66ea	1184
f283fa80-100b-4e94-abd4-d2f6aef1d5b2	988
f2858ded-1410-4f71-adc5-f0996e791977	1166
f28ae780-f68a-4886-8c10-e735bad69367	1157
f28c3c65-bac1-4603-a9ba-5e43860cf199	1186
f29582e3-9f6c-4656-a1e9-96a3b77d81ec	1182
f2962dfa-e1c3-42ae-b662-a374bd6f2a43	1177
f29b378d-cb3c-4195-b361-7543c163f25a	1161
f29f2d85-4634-4723-a5af-475669ac2918	891
f29fe0b6-f5f2-4ad1-b8e1-823cda28fbb1	883
f2a7122f-cd86-4f8e-b5bb-26c05c1e1791	1169
f2a7f790-7878-4974-a23b-f00a9c23c7bd	1293
f2a8d578-2d08-4fa3-a5aa-6b043800822f	1170
f2aee866-65ae-4945-89c1-aaecf076e406	882
f2b62bd0-67f1-4b5b-bcff-d28b192f44af	1164
f2b8e82e-2040-4cef-9451-df52ab6deb33	863
f2bcc0b4-4fda-4fd5-ba64-34fb433d8d39	1178
f2d115c1-911f-4d4c-b9c3-bb26b8956550	867
f2d4f447-66ad-4058-a694-7ab0c3913ca0	1165
f2d9d06d-a890-4762-8d60-2a81286dce05	863
f2da6c02-5507-4e3c-8e2d-91fc13e2a7e2	1182
f2dc8274-b63d-487a-8e11-d91218b3ff85	885
f2dfc848-b766-4258-8fa8-cc1bbed4d877	863
f2e5f929-0217-4638-9d81-27253839c50b	884
f2e62365-8ebe-432d-ba76-be2cc00adc28	858
f2e7858e-6143-4550-8576-143fd66b80d7	880
f2f33c67-0106-426f-b18e-ee37d9273116	1186
f2f45662-18e4-46ac-a5e9-e5167189f170	895
f2f518dc-2952-4a58-8234-0a9d7bfa1d16	1164
f2f9dbfb-657e-4d63-bbd0-b776f79e50cd	890
f2fa946b-0ac5-4684-9393-149f81a2899d	1172
f2fd153c-b14a-41f1-975c-250f99060301	1161
f2fd220a-da35-4220-bc30-f8d4efe2996b	885
f3029d43-a68b-4256-beff-4567aace46e7	1181
f30470f3-007e-4bb3-916a-020565a94f6c	911
f30a07a4-33df-428d-ab01-7e69fbf48023	1185
f312cf16-74b3-43f7-9f32-5bc299f8b4bd	1182
f3183e74-69ca-49f2-bdbc-0be39e1be097	861
f325f630-37f1-436e-97cb-12d59def73cf	862
f327f0fb-907e-44fa-9022-927263828115	857
f3304565-02f4-4c1d-9e8e-ac646d897835	880
f33b3bdc-104c-439c-a250-03a29ecc19db	1152
f33c7c0f-c2b1-4841-b368-69175a4e2351	862
f33d2628-f806-433f-bf8a-e2f367b700ee	1161
f341c0a9-263a-4cd4-800f-2c35e14ef058	1173
f3439cb2-9c27-4b4a-a387-5892e3c24116	1166
f344da82-2251-4bcf-b8f2-77b75632a0ef	1191
f34563ef-77aa-4250-907a-6a36221c7b9f	1171
f34a7597-4fa8-425a-a87c-03cc21316295	862
f34bb564-a3c9-4ca8-832d-a23bb2936e76	869
f34cae73-4550-46b3-b38d-87a4e5f1de56	1158
f34d666b-105f-4aeb-b2ea-006e97e3d337	858
f34dec9d-a637-4939-8bc4-1b010d3622e2	1184
f34e67e5-0794-4221-9518-a358b1efa51e	1132
f34ea8e2-befd-46ba-ab52-43289664b1fd	864
f34fd0eb-6c0e-479e-8584-69fba44cee67	1183
f34fe8cb-c495-4443-995f-e43aec92af67	1184
f3507000-bf8a-4b74-b1e1-144c3dc6d6d6	991
f3537de6-9fcd-46b2-9761-cc2ab7eacb3d	1182
f3564712-b3b9-42ed-827f-2cd440dbe59d	555
f3564a38-6130-406c-b94d-72e790cf7ba6	1167
f3566a04-69b1-46f8-a854-240a2180c86f	1967
f3582e42-678b-4d95-90e5-005d000c3949	1706
f358a761-81d7-48f6-bbc9-0fa95fcfbe08	1190
f361fec0-f34f-46f0-b67f-642fedd15638	1180
f3697dce-0e0d-4bbf-bf27-ceb2b58bf2be	1165
f36b4189-3802-4efb-a228-ca16be25344b	884
f36c4314-8cd9-4107-b9b5-eaff0e83d2bf	863
f36ec7ae-515c-4e99-9e40-3561ee31033f	1151
f37015d4-2ad0-40ca-b187-bc4b0217e23d	1169
f37047dc-f1fc-4160-9a59-1fc71ff0edee	1140
f375a165-8af2-4ef4-95f1-9a31d121420f	1161
f37a52cb-4ea8-489d-9f2b-b2be3e189d48	891
f37e2455-f5a7-4734-a7ca-e8fedb736578	879
f39891e0-ef71-4f16-9a90-97afdd16eb84	1177
f39fc7bd-8677-474d-9152-df54cc637a91	1183
f3add46d-ac3c-4aad-893d-58552a2924d3	882
f3b4aee6-4002-43c2-a208-3a0f54b186cc	1169
f3ba9f1e-9d7a-4c1f-af2f-4a4622626b1f	918
f3bdf1dc-1168-4f7e-84d5-417d62cee632	865
f3c15998-38e2-4c6e-8ee6-f3ed89c65a89	1181
f3c74f74-4515-43d9-a7ce-a9bc25d16a7d	1178
f3c7cfac-5203-44b0-a73f-ca56420d84be	864
f3d2f521-caf6-4495-9f7b-d51fe5a7e7c9	862
f3d32028-04e7-4530-9af5-5f3ad7631482	1149
f3da11af-4fd4-4592-bc55-0d18b10248af	1187
f3db71d9-ef2c-4d41-974a-cbe237c4318b	1161
f3dc720e-b824-4822-a043-a97a5694537a	1167
f3e03072-9281-4ccf-92b5-d45a4ee563c3	544
f3e11024-2819-44ba-8c65-45f2b2fdbe48	1157
f3e1dffc-3a6f-4bc4-9ad5-55c7794f1bf5	1178
f3e2cb31-3064-4fd5-bc21-447cceb28aec	1166
f3e2f406-9486-4780-8f20-077b0e95db9a	859
f3eb0da7-f08a-4492-874e-5ca00c7f8e0f	1164
f3ebe932-35af-4cad-9fce-7e6eac555d59	884
f3ed77a2-4c14-4685-8647-e8c5f5410b04	1193
f3ed7dea-c233-4c12-936a-e0aa3d06d213	620
f3f180a7-5a13-41d7-a28b-b8f56dd80c20	887
f3f29786-c2a1-4f22-8fca-fd0bdfd1b96e	902
f3f3003f-968b-4d10-87a0-bbbc94db0b49	504
f3f48672-88b9-4d8c-8f07-67b7b9304f69	880
f405644e-91c0-4e58-807e-21af41e044cd	863
f40761cd-853a-4733-9b14-7d6bd452f0eb	875
f409a0b0-2b81-4ef4-a5c8-2011811e8175	1185
f40d0084-f2b4-4099-8f28-8ca151c52e43	1168
f40d637f-1358-4905-a58c-79b6c26d8bec	1182
f40e2a40-950b-4a1a-961d-602c68b44b8b	916
f4113858-ccb3-4092-8279-b27363e0d0c8	882
f411a087-d4de-4c84-99b4-da6d78393ae1	1170
f4125acc-d29b-4cb7-9b01-142bce8bdf0e	1177
f415bad5-1db7-4323-98b9-422f169aed12	994
f418f6b3-6c6f-474c-946c-77282cec5e43	1185
f41beb6f-8c2a-4f0f-8dfb-40257430ab14	917
f420953d-4374-4c33-9330-23de8803c203	881
f4283f61-e27f-4c0d-9c07-c2b152bbb22f	880
f4287ef2-ca18-4695-93a2-bba216bc5f79	860
f42aa9b3-bd69-421d-a35e-dc5aa9636b3f	1152
f42edb98-531f-4f67-a11c-6a0048a66b60	851
f42fd740-0a90-4513-baac-42ba71eb8826	534
f430bcab-6d14-44b6-8682-54a42a049d0b	1300
f435e642-da9c-483e-82fd-2e282590c77a	1171
f436a719-7af6-4533-964b-68e77c3c98cf	870
f43ae0e0-00e7-481f-83c2-3f507fe2fcec	885
f43bc845-853c-4915-8d61-5171a82f70f0	1159
f43c5f79-d9da-4a9c-9c1e-6e33acb03b6c	869
f4534def-ece8-42fb-ab11-f17e5c99f5ff	695
f45d57ea-1bec-43c2-9444-dabcf3823e6b	882
f45dc917-002f-4dbb-ad90-097ce00fa225	1184
f45e060b-d0d5-457a-8fa9-ae751ddf67ce	1180
f4624cf7-bbc2-4844-a39c-2b5dda44ca95	1188
f463c6bf-f8b0-402d-8e8b-25306d552e5d	1562
f4697ec2-73a5-4042-a78e-3a2640fae0fc	885
f46ad353-16a7-4277-9dc9-29278f1a65e0	1164
f46ada59-f937-4942-9963-4833a7fc60fb	1163
f46fd12c-1775-4551-ba7e-d4383044f489	878
f4763dac-9f4c-4842-9b7a-e2f0870646a2	1164
f47a1f01-6254-43c5-bba6-9cbf9d26c83e	1165
f47f0176-fc57-442a-8783-70579e14890a	1154
f47f9efc-9f59-4d0a-927c-84969eb2224c	858
f481514a-433a-4d81-b38a-1a0d2ac41def	1160
f4894d7d-3657-439d-baf0-cb9c9dfdc2de	889
f48cd73e-d3b6-49aa-9a56-c69e933cdc72	1169
f491c7fc-33be-442d-9639-db7654d2d6df	860
f498ecb9-1ad7-4540-8d01-d22bea3064d0	864
f49c0c25-888a-4d50-8287-7567b9063310	864
f49f636e-2f42-431b-b4ae-54e604a310d6	1183
f4a51a65-7a67-4297-ab10-25289147a1f4	1909
f4aa49cc-486f-4bea-8ae6-c3f6a82222a9	885
f4ad652d-09cd-4773-a552-31f6ef9fa923	1193
f4ae1ea1-c81d-4b31-88ac-10c376c56424	860
f4af5688-db32-4dac-9ab6-6c86f9d62123	1167
f4bef448-ab95-4781-9b15-533758cf6b4a	1162
f4bf471b-2d34-4da8-b759-601d9ad89161	865
f4c2fc03-8805-4cf2-96c6-c8878dd8843d	1182
f4ca46c9-e25c-4cf9-b3d2-12004af6c42b	590
f4cbedf8-0240-45bc-9238-750f754b2a74	1182
f4cc80e5-0a90-4176-b346-21bbb52beefe	1165
f4cdb927-b2d9-41f9-8ab3-f2d62a08bc63	989
f4cdeaa4-2001-4226-9ca9-bf3a08cb07ec	856
f4d1aadc-3ba0-4109-89cd-11356e2bee27	1159
f4d7b9d2-5535-4077-9acc-5640c9abd753	1184
f4ddde98-3748-4a9d-b2a9-3c7caaaf07a3	1150
f4df2480-2cde-4c5e-938d-436db541385d	1167
f4e4aa74-01d5-45d2-ba87-10895103e0c0	863
f4e50877-965b-4ed6-82fa-e9e77e9777a3	1162
f4e69659-4a99-47bc-9d40-eb140ce51802	882
f4e7940d-8ed1-4279-a269-3e56d7d2b0de	1164
f4e813de-221f-4a87-864b-38cc890e4773	879
f4e8d120-e887-4335-818e-fc1da0f2949d	880
f4ec3e5e-76eb-4ea4-a28f-82007791c97d	888
f4ee3052-5623-4368-87c0-ed87f904172f	1186
f4f48bab-11c6-4d40-b67c-d47f18e24602	1166
f4f4d6c9-7030-4ad7-ad04-97b53d303171	1837
f4f6b3ee-84c3-4972-8afa-3fe33cb4f965	1156
f4fab3b6-d70d-4b26-85cd-dac6420c606b	1170
f5066e4c-d41f-47f0-9995-686a073e2a47	1171
f5099dd6-85a5-4043-8521-35a74b6247df	1181
f51408ef-036e-408b-9903-6e1271e6d01c	1163
f51683ec-1358-412c-9dd6-2b6d6738ec1b	1186
f519ad41-6ec2-45ee-8bbe-49a9a886cd62	881
f51aef3f-8b2c-4c65-9e24-0d4747792c48	888
f51cd6d8-f470-4ca3-91c6-9b16fe105d21	1165
f51cebc4-956a-4336-94f5-dedebef57421	867
f52487f4-c383-4407-9330-9f2ce0adf07a	1188
f524dc97-f310-406c-af20-86e4ec85733d	1184
f5256ee9-3b49-498c-bacc-aab820bafb9e	1171
f528af7d-1d8b-4148-bea2-8fc654311da5	1938
f52eb4cb-c913-4f37-9915-2b74ce80ac60	863
f5329031-001e-4de0-8c96-069afdb428e8	1190
f5329fc4-28d4-4698-bc9c-24c848d1159f	887
f53369f4-be4e-42f8-97ff-f1873cac6412	882
f5371c99-019d-4ed4-9945-a1517cc6f448	990
f53f48aa-6b18-476b-acee-2e6a68ce891d	877
f5410180-d693-4280-bad0-750c981b002b	1612
f5425483-825e-4fe6-8679-9540d12ffa46	1167
f543c5f6-113c-4217-9868-662d95af7a0e	1168
f54a34f4-fa20-41a5-ad7f-bdee91b184d7	887
f54f0f1d-388d-44f6-a848-2758f03eb7df	1180
f55ad47d-7ca6-4e2b-8a6a-959644bfb7e5	878
f55b2821-a800-4383-903f-9f561f0f6147	1155
f55c357e-3835-4439-aca6-40f0fe3a29b6	1192
f55d6900-e8b7-4ec8-8e8f-1f374b13d404	1157
f5601d8a-915a-42d7-b330-5040d868561e	1179
f571d936-058a-4b72-be65-aaf5a717ade7	1181
f572915c-4249-4c6c-aeaa-f410b34556a8	1485
f57520a5-db9f-45e0-a30a-d1293c871b61	860
f5772e7e-b4ce-436a-b962-c32cc341212d	876
f57d0b4e-72fd-4927-8859-2a394584aa98	1166
f5905c71-0ee9-4215-8c18-e0e21076ae95	1167
f592aeba-0e23-4aa7-b5a7-140cb17d1753	1183
f596f884-63b0-46e5-998f-807077e6f0e1	1163
f59752f4-a940-468a-91b1-31ce729426ba	1180
f59d71eb-d7b5-4c44-a959-dcdd22561db4	1063
f5a395ce-99d3-4cb2-bab6-b888477be950	1158
f5b1dc02-7d42-4517-bcd4-403c61bc9198	878
f5b62986-d2fe-4c43-855a-c475df7e8bf9	1181
f5b9ef21-7540-4383-95a6-b7a0d94e5354	1168
f5bcf7fa-6cc4-48a8-b454-217199b7861c	1159
f5c19510-904a-47a8-af8b-a5f70da17ce9	867
f5c20925-6bf2-4216-81f4-d78930829267	1177
f5c30de5-f8d7-4f7b-9e86-283671cdd7eb	594
f5c4d9e9-345b-4e32-95cb-ce2fb3b02969	877
f5c5829f-64fc-42e2-85dc-65462debda19	1170
f5c62377-b1d8-4513-aa53-c305805c8a6a	1950
f5c77d8c-9084-49c5-bf98-7e4973520ade	1168
f5c9066d-509b-4ca8-a90a-626866eb93fd	1166
f5d28f05-066e-48be-aa8e-5934c8653a8e	1179
f5db77fb-3211-45eb-a086-6c89f90dc30e	860
f5de9649-aa3c-49be-a934-607d01f6505a	884
f5e10432-ce34-4665-9bb4-23d1447038f0	1188
f5e59a57-92a7-4407-b614-b87b87a4088e	1184
f5ed6cbe-5f3d-4dcf-84db-e55e1c891e5f	1159
f5f0de06-4ba0-430e-afdf-219ac0e89342	861
f5f1cc50-0869-440a-b924-5bb9bcd12d0f	885
f5f76e18-fdbc-4fc1-a3a5-7012bdfbf9bb	1158
f5f7da19-5aa2-4930-ab37-bd18581a09ec	870
f5fb2454-1bdf-467b-ba2b-15670a129f09	874
f5fc57b8-061b-4b39-9cfb-9f0b7c6b4ec9	884
f5ff3cd3-ecfe-4f65-9f7c-0b80f4bfbb6b	1180
f5ffe894-8462-4793-9adf-accb417240ca	1187
f602a5fd-540c-45d5-8a2f-18b24cbc644c	1170
f6062d3a-0444-444d-9d07-582409626cb2	861
f6080a18-4878-4ece-b999-95cd72a9baed	1156
f6097b18-bb89-4965-9719-7225234cbde0	1302
f616659e-859f-4546-8243-3de1e8c3988b	1185
f61b7b18-95be-424a-8766-b74191d62e03	1186
f624bace-63dd-4bfc-8579-c4e74ed5b567	879
f62a07bf-8817-4420-a099-6e03e3992d0e	1170
f638f91f-6c00-431f-a4a9-4d2ec7b43d55	1164
f63aa9b6-9400-4172-bca6-64e0cf5d5c49	861
f63e5b3b-906d-4e5e-9c06-541459680a36	884
f640cca7-0050-468f-bea4-2c68878fdbb5	1167
f643fa4c-4c9a-46c7-9a13-3f1cc2db11bf	1159
f64c12c5-6bb6-4bb7-af2d-288bf75c42e3	1182
f64c680a-ee3f-4a48-a4c9-31e0381674b3	1170
f64dfebf-fc55-4c19-97d0-d5c161843908	869
f6506e9b-cda0-48af-ba58-c6d0888682f6	583
f6525b34-3897-4134-9e76-dbcab897dc45	1165
f655a115-519b-4809-82b6-4e3125541ec4	1162
f65b0053-2331-4669-9a79-22750e0f5131	888
f65bf911-768d-4ed4-8f39-0741d1f94749	1157
f6628fce-60b0-4159-a87c-c49427083718	1673
f6629ecb-63a2-4d84-a391-e1e72a5824c1	978
f66647e6-32b2-4fba-982e-4dc20f3b90aa	859
f66876ba-dabe-4c61-85ee-a53825c62c23	881
f669bed3-6d37-47eb-8ab0-05af8e91a079	1193
f66a663f-c233-46c4-825d-fb1d33183e0e	1168
f66adf49-393a-4042-bef8-c5a347630d6b	1189
f66f01ad-e4fc-4622-87a2-c8c8b7850a86	1200
f66f8ce9-b12d-4a0d-a281-aa0732c8f7a3	1171
f67265ab-f0ee-49dd-9998-536741f9ca6a	1165
f67375fe-972d-495c-9b21-e3c4bbbc3631	1188
f67814b6-8547-4448-ac92-ad5300adea3d	880
f67d280d-a863-4fbf-89f1-d0d7e7a936eb	1175
f6834171-24a1-4673-b70a-f1c5868b783b	1142
f6840d0f-1064-4368-8ea8-4806dbe5ae17	549
f6848f11-3877-45c0-9636-848456dd87aa	1162
f687f1d0-1a7d-422e-8ed8-7ac85fff84ce	856
f687f1f3-4d2b-418e-ac88-819a396078e5	858
f689d9dc-7cd5-4451-bfe4-2a0ff297c2e3	882
f68c8fbe-8dd6-4ce2-aeca-12f6a8a2d470	1193
f68de537-8f8d-4a68-883e-345ffbdc96ac	887
f68e4b1c-c222-47bd-8b93-56802cee280f	1175
f69adfd8-b0d5-4900-aee2-cc0ad8b83af6	1157
f69bd981-ff92-42d1-8ba5-3b8c8bba3af6	883
f69c43f3-5ec9-4e77-bfe7-b9463049ecca	1148
f69ed8a7-14a1-4f20-99ad-b9e5eb6c3bb4	1167
f6a1baf9-8518-4aa4-81eb-62fc4b726bcf	1187
f6a2bd3d-8dac-438a-a74f-0eef47d980a3	1183
f6a2c120-f9eb-4c78-a87a-54d81cdb0318	862
f6a86792-a66d-4d84-8590-5a9881a925b3	1186
f6b316b8-8cac-4999-80ac-6f45a7fb4417	1183
f6b4e596-49c3-42a8-a6e2-dacd1d77c83b	1162
f6bbd3ea-0e7d-42ea-8b30-49233f84f765	1149
f6bbf46e-468e-4aa3-9aa4-fcab26b1dcfd	853
f6c1441e-50e7-4bb6-afcc-f3d197766486	879
f6c658fa-6095-4101-a883-5963523869c1	889
f6c9ff76-a7c7-4daf-9c4e-d5e385b0c7db	718
f6cc065d-bd3e-4243-80c3-9b7bf200b433	979
f6cd9993-64eb-4e98-a706-519854fb75eb	861
f6d3f630-f840-41fc-bc13-92716427d33e	1166
f6d9fed4-c07b-4111-a5dc-9ac79c9c3c3f	1187
f6dd7205-fed6-4c35-8809-45ede216c53d	1158
f6e1ce83-04dd-46dd-aee6-91b6bc42036c	977
f6e5a4a0-305f-498b-8945-0524e6aeb7e2	1181
f6ec5ea0-6f86-4051-a59a-2d7d2c5f87f5	1188
f6edeb11-9a8d-4515-a8c7-5b2d7e71fd89	865
f6eecd96-5b41-4053-b7b5-5fe71d9d136e	1043
f6fa1c0a-1616-4a41-a210-4f8eead2565f	1171
f6fa242a-ecd3-4558-9d04-0bc26df78654	888
f6fd3dec-2424-4e6b-b0b8-2c034c33df7a	1174
f6fdf8ee-0398-49f7-b172-88cf2d01d215	1183
f702d400-9810-4cab-b7b5-0b9ec7e9b555	1185
f7058274-a769-4b2e-b646-5f07f5824395	2137
f7059070-0cf3-40d7-9c37-3e24508fe7d8	1167
f70c06bd-8e0e-4330-81b7-ee307e48d7c1	1168
f70c71fd-a757-4e6c-a670-af5432747939	1167
f7149087-479b-4912-8219-c29c372b2a61	1180
f7157b24-2e41-4db6-b883-d53b68106408	1144
f7280421-ee4c-4681-a2de-017bd486d5e2	1182
f7287ec2-92c2-49f1-9643-a29c0e533928	1171
f7295615-e014-448d-8e09-c9be3ae2b163	1165
f7295fbf-4c22-4ea8-8972-00bd5c44b6e3	1194
f72c42ae-f9fc-4bcf-af60-26ad50ffe871	1171
f7324369-984b-4e4b-b477-8a05e71e6df9	992
f73d7d1b-29c8-4689-aff6-01d9b3556f00	1182
f7402409-91a3-4c36-a717-869a02acb2a5	882
f741ca1c-e6c9-44ab-ad4a-0635bc9ea1b2	1190
f741f280-9817-46a6-9a3d-0f577a0f6747	1165
f7433b9f-4da8-48f6-9f27-d92480bea937	1162
f747bf81-9ce4-42ab-be70-cf3d2e41bf91	1175
f747d21b-67b1-4f78-beb9-324222f4cbe1	1179
f754f8a8-2e79-4f2b-a867-c397c2bf88a3	1159
f755b835-45da-49c6-ac69-70456bd6ff19	1185
f755cf1f-0420-4112-96ef-bc6d42408038	1186
f756c672-4530-41ef-9bdc-eeeede37dea4	856
f7584f8b-78b3-4d35-8db3-91e779347004	1186
f75c0197-bb3e-4213-8b03-d22e60566a67	1167
f75ca97f-ce7d-4bde-a12c-f48885cc7c0f	1163
f76219e2-5e87-4380-bbd4-03371742a389	1191
f76f9c8e-60ab-4eb7-bd2f-d2e612ad5b01	1178
f7714af9-3587-40dd-9049-b05cfb17b460	1165
f771b28c-4362-47cd-9afa-284ec403e50a	1169
f7740cec-ca4b-4a04-a7a9-b782fe73330c	1291
f779503d-d039-4c14-901a-766e91ca7dd4	1153
f77b7808-b235-45b1-9695-eaf50f7243f2	1164
f77be0b5-3c5d-469e-8cb8-a839f9744cd7	862
f7882fa5-d3a7-49d8-9c88-fa477011f01a	1169
f78f72bd-53ea-432e-bd21-c1a07bc48526	1181
f78fb166-50c9-474d-9064-be259b8c1ed1	859
f79afa03-883f-461b-91aa-28cd1a8bf9de	584
f79e0785-57a7-4fb9-9970-97c26ec39e1a	1160
f7a30092-5478-4022-a338-5c619a4a4b10	865
f7a4e175-9a86-4e8b-a9e1-0bde381cc7f6	1185
f7a8345f-b3ef-46ff-816f-5afe1b2fe000	880
f7a89471-2129-4fd8-b40d-78824b42f6d8	1159
f7b24244-071c-4e20-b26d-a3de35a4946b	1190
f7b67afc-5e06-4b65-94e4-fdb49eed58d3	1883
f7b9a5dd-70d1-474f-a5bb-7408f8f49bf5	604
f7c36248-6aa4-45cc-b78b-68f5fa7cfb29	1162
f7c574e0-e61c-4412-b827-91e39205e759	1176
f7ce4d74-6d8b-4018-8c3d-5c8ecf303809	1191
f7cec436-801d-4b68-86c1-1148e12d26ae	1187
f7d73c47-52fb-44ab-9544-56ff09abc6a3	1169
f7db1926-ef73-4ea8-96b3-00965129a90c	1179
f7dd37b5-f44a-4d19-940c-db084228113c	887
f7deca3c-94c2-44e1-a3fc-6de1b9cc3948	1172
f7e247c3-296c-4715-98de-e69cb3cf8235	1185
f7e64dca-5ce0-45d2-95f4-9ff379868044	1155
f7e95a40-cf6b-4e99-8cf1-d516a1f7bda2	1159
f7ea5842-f177-44e9-acd3-7647f4fd439c	855
f7f0ccbe-d402-410f-89f7-da2f8045af74	873
f7f1d03c-3cc8-4d5b-bf25-56f48fee173d	1164
f7f3e756-fbe4-46e3-baf0-b3a020367842	1189
f7fa08f3-c8cb-49bd-93b7-7a04a7f22dec	885
f807056e-9451-448c-ba00-eda2167f40c4	884
f8164f02-1e2e-40c9-a98d-bdb15e5e2243	1305
f81d2d31-de79-400e-9d14-d9eda74a1623	1191
f822e4a3-58b9-47de-aea1-6237fb028deb	857
f82ae449-5302-41e8-a3c7-2abaa5f32570	1175
f833fc42-cbbf-40ff-a4be-4b75352f3bf5	1183
f83981b7-22c1-4a86-9e3a-686f7f7b23ab	861
f839c3da-1da8-4d82-994b-bd3d6d35f58f	1162
f83c1d6f-b8c5-4268-a104-496dda679c00	666
f83d9027-7d98-4800-89ec-bb8ad5f1461d	878
f84025d2-ab83-48b9-b674-e0b09ca8df8f	1177
f8406547-faee-49d3-9032-a79b4869e308	861
f842e3bf-abbf-46cb-87e7-7ea0974b1e01	1157
f84baa6b-aeb3-413f-bc22-3b2db6053b8c	1172
f84cd01c-c0a1-4f69-86a1-57ae916e9b5f	884
f84d67d0-fd07-4dce-b628-8b31bea6a80d	1588
f84f8e56-dcee-4ae1-b510-ca62c1269c5c	1191
f850431c-5387-43e6-8bb1-fe5267baa56f	850
f8628232-d864-493b-ac64-521b126b76e6	913
f86af69a-2809-4c19-8c21-3ed2fcd0b59d	1169
f870df42-187f-4784-a867-f41528bf9a4c	1164
f8738958-63ba-4097-a00e-16e1ac02b47e	1183
f876c7e5-f577-408a-9a0a-5bebab515b92	1175
f883b7f5-06c6-4669-8b84-590f4503e0c0	863
f88446fc-d0a6-4ef1-b294-831b3c09a19a	881
f8870cb8-5861-4bf9-a845-1dd1a24b05b5	1141
f889b91d-2d23-4c0d-9d8d-5e62e5d9dc02	1182
f893e621-2f01-4e25-8b85-d9e823feb0ad	1171
f8974d1a-c66f-475f-bdd7-e02eae6e29cd	890
f89c10c0-1a65-486e-8f16-6a225d75f9b4	1175
f8a328e3-9f3e-4fab-aee9-d8744f902499	1184
f8a37386-b5f4-439a-9d9c-bdff9e409cbe	1164
f8aafc0b-17fd-46d0-b08b-713e7909635f	1161
f8abbe2b-8e32-4775-9951-63551cbcf900	1169
f8afdeed-6927-4b32-8732-252ad4bb137c	859
f8b0310f-9e4d-4677-93e6-6190e9784ed5	1185
f8b667d3-54b4-4e7d-81de-2b034fc75482	885
f8bc8a25-0b7d-4693-a74a-549825824d78	881
f8c10f87-0062-42a3-84ae-2f3f944ae8d6	1185
f8c63851-3211-4165-be24-859f2c40d988	1155
f8cc1e56-eb51-49e9-b368-6073949e2ce4	1190
f8cd0c1b-0522-4ea9-9a2e-61de7c70b375	1164
f8d047d9-dd98-4336-893e-4df8b63dbada	1162
f8d2a45d-b035-443b-a5a2-c7de44631a6e	1187
f8da2f77-c250-48ca-b520-9445bd9edab6	874
f8da372f-45cc-4499-8aaa-22234daac0df	1159
f8e34ced-49ad-43be-a0a1-0d13f39e6246	891
f8f400f2-5a86-423f-9ad0-dc0e52a28394	884
f8f71c4c-e680-4d5b-8078-92d4e8f00457	1177
f8f9ceb9-679c-4895-9a5e-f388a61e22a3	597
f8fd1805-bff6-4147-8010-8d61f9b5c5a6	991
f903bb95-64c9-4e56-8d8d-70c71e969227	1168
f90bbe4b-0672-47a8-9bb9-ae6c168fbd39	879
f9106cbf-98ef-4f85-a3b6-a881738cf910	1159
f911d006-3676-4e23-9728-d545c8fa6afa	1221
f9146920-fc27-4e55-8378-a08fb68ad109	1183
f923c8f6-8dfc-4749-9fe6-d1ab2b98a7ae	1162
f9274611-71c5-4ce2-91f8-40535a1c3e17	858
f92bc105-e07d-4c9d-bc63-d2fc15ea1091	1168
f92c6e6a-eb7e-479d-913e-e7e8c8d4135a	2101
f92e00c5-b6c0-4d0e-adf0-c1a16e071495	864
f9311c04-85a4-46d5-9d23-e2708a4bbe7e	1176
f932372b-cb16-4a23-aa5b-7016d4526c7c	851
f93332c1-7171-49ed-9273-e28e7053b75e	1149
f93ba11a-7290-4c0e-bf79-ba9e5010bb6b	1176
f93e0aed-746e-41b7-ba83-342bf1205128	1183
f941481f-f76d-4a87-acf0-4a1bc2f20d91	861
f949ae0a-3250-447c-84dd-ec1725bbe36c	859
f94d0042-d1de-457e-8dc7-9c65e8dfe768	1165
f950bdc5-8e6a-483e-8343-3335308332be	1182
f9515b24-b3b9-4dd9-8a5c-441c999c3883	864
f95d203a-dae4-4aa0-b673-214e6fcaccef	1167
f95ece95-717b-40e9-bc4e-06f6d6e3789f	1163
f96a62ad-a37d-4b7d-b0d6-c66127a18ee8	878
f96aa1bc-85d2-4def-ae78-1fc5a4083514	1162
f9731d76-965f-475b-b153-2688ec607c50	1167
f9744976-ddbf-4314-a85e-a0647217f598	878
f975a986-833a-4b61-bbad-4b0dc1025bf1	864
f97808de-0804-47c6-95a6-72a232b56a0a	1167
f97896fe-e125-49a4-ba52-6d8b24026907	861
f97c93f8-a7fb-42a0-86cb-f54a50403758	881
f98b01e1-758a-4f78-8ae4-89392f6635e7	589
f98da203-eada-49ef-ad8c-76d682de702d	1187
f9921948-70cc-491a-a58c-8f50f46f8a80	865
f9a029e0-c2af-4ef6-b773-77b912ec4a68	1177
f9a13946-9ebc-4d82-ba8d-da8e803b5d22	1172
f9a28485-be6d-4634-852d-5fdeb56340c0	1192
f9a4e89e-8085-4138-bd7a-397e9b3019cb	1192
f9a54008-616a-4699-b40d-20a2e75acf4b	861
f9a77ee8-0fa7-4c43-9f4d-a736fbe45e3c	1957
f9a92a34-3fee-42d1-856f-a97ea32962de	1192
f9c17a28-5bdd-4700-a718-a5dc46fc552d	1183
f9c37042-c982-494e-88a1-72b3f76df700	1167
f9c44ed7-3f67-46a9-bdc9-26f74135cf7d	989
f9c5d86c-23eb-46eb-a633-18897fa926a4	1186
f9c6988e-7fc1-4614-9030-004cb5113d8d	885
f9cf03ae-c5c7-4860-b66b-0535e18b90e3	1169
f9d51455-567d-46da-83a0-732500959c90	994
f9d584fd-e387-4dc5-b3f2-8e3dcb945851	877
f9d5f762-1101-4fcd-8d6d-5ba7d39a321d	1179
f9e4f28f-8830-44b9-aa70-7e725a9b5d31	879
f9e71d5c-8720-4ce5-80c5-44099360e722	1170
f9ea4f39-6932-4b97-9a1a-adae177ce6e8	1167
f9f0d6bc-dd65-4a4d-9b70-00a6e1cdfd20	1179
f9f18932-cb3a-41f4-85be-831780b47f73	883
f9f1e17a-a9a1-454f-ad18-4aa81f961912	1183
f9f207e3-e041-4d7c-8efa-72b205165294	1171
f9fbb33e-f9b9-456f-881e-cb4eb02c316d	1176
f9fd0aa4-9ee1-41b3-8f98-9d6de2c2f162	1187
f9ff77b2-58e7-4e65-8ed3-b16205ef75fc	1185
f9ffd96c-5bde-4105-b79f-3b878d9b13f4	1156
fa05bf2e-4f1e-4e0a-b940-34e4335d53ae	1187
fa0ce97e-9fb1-412e-af3a-8061dc10cd6b	1169
fa104ec8-12a8-4ddb-b28e-9efe0230d61d	1170
fa17790b-e80d-47b8-9bf0-cd9329a0229a	1369
fa1c5dd3-2e99-409c-adc3-c79977fd230e	1184
fa1ea3ab-78e0-436b-af2e-063600ce1235	1188
fa322263-c7dc-40ad-92a2-07df82eb9295	1175
fa391c35-e83c-423c-a28c-6c30c9519d1f	1166
fa418c78-08be-4139-9ead-3c82547b9bdd	1180
fa437ae5-5557-4000-b861-3742937545c5	1190
fa459dd5-1e43-428d-b88f-f6adb7bd0921	864
fa4b629f-408e-4e06-af38-5d7df7d2f317	1180
fa4ba037-d3ae-4967-8d28-ac66a607f426	623
fa4c48f4-ef0b-47a4-ac69-7c1442193e40	1181
fa4f1954-b0fb-4be5-98f6-51167c23e504	1190
fa56a6f8-07c7-459b-ba61-5d3e618244d9	865
fa591b02-fc8f-471f-95f8-98b68bc829c9	883
fa5aba36-d199-4ccb-9f8b-29643a833f2e	1177
fa5cc3e2-11b9-433f-9e42-2e160e44abdc	575
fa5d5004-e595-40bf-bfb2-c1f0bb6709af	862
fa5feef0-24aa-4c9d-b507-97006bda0303	884
fa6f004d-05a4-4a43-8fde-7fe413d2480a	1191
fa707e9b-b2fe-4df8-82d9-6ddbfd281e0c	1192
fa7c1de5-1242-4650-8200-4130e8e8fd73	881
fa7f128f-c328-4196-b26d-0a5c1c4cc4f1	884
fa800fb7-d519-4e03-b982-f590b803bcc5	864
fa842879-a751-43d1-83c7-7e31dabd605d	1168
fa87d312-1473-4337-b05c-f7f619528f28	1184
fa99d92b-efdf-41e3-85f8-3c733132b598	870
fa9f3412-76f3-49a0-9da1-c60ad96bbd6a	1174
fa9fa2c2-5419-498b-a4e9-4446b0346c00	864
faa10857-c31c-402b-9190-709a968ffd82	876
faa63be0-7644-427d-9a7a-63cb01e528fe	1181
faaa05ca-dbdd-4b4a-86fb-4598339e82be	1184
faaef72f-3645-4acc-9f11-0f1bf4a24daa	996
faafb81a-cafc-4d1b-a612-6ce9d265ccc1	853
fab61dd9-0987-4806-8bb2-ba67b1c0a9f7	1148
fab95e8b-d296-45ce-a200-d5c253609d3c	921
fabba16e-7ff9-4140-83c7-4f7a4602ca93	1158
fac959c9-3421-4a9c-8dfc-fd0ec77aa5e9	858
faca767a-93ad-45b6-8ada-60e0e534c249	995
facca3e4-c41a-41d7-af08-1e1b782e3e2a	1163
facd1d5d-80a4-4297-a2fa-75ec2f26dd42	1184
facf3668-60c8-4f37-bbe0-6a4fe7007848	854
fad65eef-bda6-4e2c-b279-d93c3fb25827	882
fada6306-51c5-4e2c-bbb7-ba7af22edb67	878
fae28be7-161c-496e-ba38-9aaaf42fdeb9	865
fae58f0a-0d7a-4ecf-a364-f32bc38d0eb7	1164
faede6bf-8f45-4c17-8137-4a206fef1cdf	1184
faf71fa2-6237-4dc4-b997-17c25927e146	879
faffdfef-04a3-4e49-82d7-9293e460082f	1188
fb059b6b-6168-460b-b02d-403f20769744	868
fb0852bd-e36a-4db7-8735-de849afd77ea	862
fb0ade8c-55c4-4a4f-aa4b-4741817bb1b8	1158
fb0b17d5-6e17-47bb-b2d8-f0e5bbcac568	1178
fb0dfb8e-f11f-4d37-a524-eb6d1cf13746	879
fb14ba5e-31b6-4318-ad2b-480b6ecaf839	1181
fb197c10-2f66-48af-8233-18098e0889a1	1172
fb1e0d2d-c3f5-47e0-89e9-af5df6eac032	1164
fb21e29f-bdf7-47d6-af30-9c83d285d1a5	883
fb24a809-46fa-4999-8967-0d2c0786ae29	1179
fb262668-9c4c-4d5b-b708-7d9e57965a94	1179
fb34eef6-61a3-4d6e-83a7-03643a03aeb2	1166
fb3996ed-a7ec-440a-a3ec-2c35bddd81f0	1185
fb3b76b0-3085-4e84-9f78-95f48ee62313	1159
fb3ccfac-4de4-4e27-a003-5e6f1420ecae	1561
fb4034b4-a503-4634-bb32-c7c82bfb210e	1176
fb43ce61-0c9b-4e0e-a718-ed7ce131eadd	1183
fb451174-2077-468a-8a43-6eaed3e8d1f7	867
fb4cc3d5-d4cd-4165-b675-73a7c4312fce	1179
fb5053a6-9f2b-44be-ac35-c5758e11d56a	1184
fb54595a-8e6e-44c6-af49-94215d4213d5	1165
fb687e42-8fef-4510-97c4-a1eaba8b1d05	882
fb6923bb-1e4a-47a8-9856-f059d968d120	1183
fb6d1951-3ac8-4af9-9bc5-f2d0e01a8785	1183
fb706144-8fe2-4509-9f8c-c1e746df0814	1158
fb722d0c-41dd-4a44-b749-9527757ea123	1174
fb766d05-4fb4-408f-b2e1-b321b7dbc957	1139
fb790af1-8b19-49cf-a276-218c8420ba9d	877
fb7a2ae9-02b8-476b-bacc-71e770b08080	947
fb83d91a-1ba5-4c6c-8f5b-e3fe4af8fadf	1410
fb84c8da-f8df-4bb1-8b13-125f623ff6c8	2273
fb8d7681-df98-4b0f-a5f1-d2ce73d12d10	1182
fb95b2a4-b71c-464e-baf0-71f17a5b5d94	1284
fb973c29-cc4b-4336-a265-cc546220c85a	883
fb9939aa-8a22-4887-b64f-a1503f260077	1187
fba54cbb-4bc4-4a5e-b95a-8ccbd8abb019	885
fbafd0f4-dfd1-421a-8d97-6dbcc1a2185d	882
fbb0feee-385c-4cd9-813f-426fc4f2c6b7	861
fbb6b30e-d560-4e1d-827b-ead11d8fc75c	882
fbb934d8-08ce-4d31-87f1-b084372c3e4e	887
fbbca0f3-60ee-4613-97e8-4676f20f0203	878
fbc05a5a-3a0e-487e-8f8c-85c5cf5efc38	1158
fbc6112d-7c84-43d8-b3f6-02a6fa6e3fe0	1184
fbc8e92a-c7c3-479f-8d76-fa1a000d7b6e	616
fbc9da11-0ff6-4345-b54c-178a3aeba490	1184
fbca56ed-c5d0-42ba-bc2e-9c99a4f29bc1	860
fbcb33fc-08d1-4f24-ac89-32d908e5c1cf	1869
fbcf826b-0769-45ff-b046-0426736d4969	1185
fbd0c6c2-1be8-4ab0-b3dd-9c4e3366eeb9	851
fbd38f49-2b54-45f3-92fc-5f90a6f4f349	1151
fbd6b527-91c8-4082-bc11-24199ad0aa78	1188
fbd7242e-aee0-44ee-8485-525bfd4df143	1184
fbddf32d-b874-49fd-ae6c-65f9b1efd9f5	878
fbe36eb1-e0fe-499f-8d5a-79679215903d	1193
fbe37433-0bd9-4964-b90e-99d9f635b240	1173
fbe761e0-7997-444e-a3dd-e211417a9d9d	1187
fbebfd7d-a54b-4207-b30f-d7208042906d	879
fbedcffe-b646-4d0a-9f11-704596f73430	1165
fbf5dd7d-9cff-40c4-9d3a-50379bca9d24	991
fbf77af3-5274-4ed6-912c-5b4550aac041	860
fbf96e2d-c878-4f3b-9c09-c775d6c2a750	1161
fbfe077c-2892-424b-a11c-285c3053a1f1	1167
fbff2792-ec02-420c-8cb4-9461e18ec144	1291
fc02f92b-8cdf-4c0b-bbaa-52f0cd054ccf	861
fc0384bf-bced-4718-92e4-315723ecb8b8	1188
fc03aeef-217a-4e90-8194-af76f57bce1b	1185
fc060ea3-53f5-491d-9974-b2220e8d5390	862
fc191228-98ca-47bd-98c7-c9d10ae9899b	884
fc1a049e-2150-4b34-bd89-592237f6e1fa	866
fc1b2433-17d4-4950-a1af-c0afc876daaf	1183
fc1f5062-2ba7-4563-84e3-1be514afb644	876
fc24a634-a6f9-4f1f-a18a-944008f2d446	1187
fc2511b1-510b-4e1b-954d-6188d763e9ff	1182
fc2ada3e-ceda-4438-8bfc-0f284e4f62a5	1162
fc341cb1-5c25-4836-a136-fd4c0c132838	1191
fc35a974-a609-42d5-bb4d-2562ec0686c8	884
fc36e0db-77c3-433b-9e2c-e670cee9ce73	1166
fc38ef58-fe1a-4b3d-9239-0df90ef36bbb	888
fc394e9a-b5d0-4353-967f-4260b82cd6db	1175
fc3b67d2-156e-4c32-8970-3848bd4a0f2f	880
fc3f70cd-18e3-4818-9bff-17907b4d1b82	888
fc43af5e-645f-4c57-9e0b-ef246c0bd8a5	1187
fc45a3a6-e6f8-4d00-a206-40d0fc6d20e9	1152
fc46be87-c215-4df3-b9f0-a35d97bf3c79	1161
fc4978f3-3338-4a33-b199-eef3537ce40b	1165
fc5617da-d474-4f19-92d9-e778a20ef077	862
fc566125-dea8-4891-96db-3184b2fd0e86	1160
fc5cf866-dae4-49be-b83b-fcb94957c4f6	1161
fc5d9fe4-6735-4e7d-8b9a-71104d3c278b	1148
fc5fb593-f3cc-4a15-9ed4-edf4e2208cd9	1158
fc67504d-d289-4955-b4a0-0be991f24456	883
fc6b165e-e85e-4df9-8197-38feff9e5f2a	1168
fc6b8560-f580-4103-9729-76681926f098	1187
fc6b87c3-e4fd-403f-bf7c-288c539bb8b6	1160
fc6d4985-2b33-43d3-86d3-a829b163c4e4	1200
fc7199f1-ae7e-409f-bb61-c41d6e1688ca	1660
fc74e76f-ae89-46ab-bddc-37b2c50e3f49	888
fc757360-e1b6-4675-946a-a4831b1586b3	883
fc7c09f2-bab9-4ce6-bbb3-fd64a0204d06	857
fc82b234-5619-4f18-b564-db8558816409	1167
fc86c1d6-fb0c-416b-9ef7-6972d7c67e39	1187
fc86f7e0-a3fe-4e83-9e7d-7a524c562f3a	1177
fc8da0f2-8e10-4c9b-b7a1-01073b877929	1162
fc9282ec-cc2c-43f9-9551-337df2fd57b7	1163
fc92ae5a-2660-4f05-97ed-5c2fd06de15a	1163
fc95158f-c99c-4cac-bb9e-80769937c933	1158
fc963b79-5e51-4480-962f-683677e037ff	1172
fc965848-279e-45a7-9584-ccc09403ef2b	1168
fc9969c3-6fa5-4f89-b83b-e0b1ce9d27b0	1186
fc9ac43d-0500-4fbd-893f-2c6b4848c0f6	915
fc9d04e8-98cf-4909-94f3-712d5544c5fc	886
fca7ecdd-c435-44c5-b8cb-bf6acf24869a	862
fcab25b0-fb57-43ab-8821-57ca6bd8bf1a	1164
fcac012a-b174-4328-b9a8-123a99476f83	1182
fcafcde6-d988-4bbc-9155-a9eedd8c2ad0	994
fcb15620-d268-4659-8bd0-749669e3e1fb	1171
fcb984af-d7b4-4011-bede-9fdb80b3881e	1154
fcbbf5e1-60dd-41ed-894b-2d6bfecf5da0	884
fcd178bc-2261-4b88-af16-6953ae71e039	1175
fcd29a6c-c217-492b-8d57-4dd87850cb6f	1190
fcd5a165-8b95-423d-9aee-65b232001174	1168
fcd9fc07-1692-4425-8e24-12c7bcbd90ba	1165
fcdb9a29-f2a6-42d1-ae0e-cb8c90bfaef8	1184
fcdc27c9-5681-4164-a7fd-1c6611a5acbc	1186
fcdd64a2-737d-4b32-9eb2-418a24097d9f	883
fce72269-2185-4bc0-bc76-862d8d9b467b	1163
fce83fe6-941b-479c-ba62-5b79429bde2d	1183
fce9537a-0057-43dd-9d4d-6bbc9be37c58	1185
fcebb82d-8720-4cce-a746-8e38e3344475	1166
fced2d76-206c-4918-bfc0-63a2a977bbc1	882
fcf7294d-dd67-4ee7-8197-3765eda9149e	1172
fcfbb068-c5e2-436e-b760-8c4126b26f60	1182
fcfbd882-874c-4380-9046-a1cd34bb3369	1170
fcff5fa4-13ab-4e41-bdca-9ce19c6e7f47	881
fcff68f7-f7c1-4658-aa54-41101e124251	791
fcffe58a-bd79-43e2-8cce-d2139440143e	1178
fd03731a-4cda-47e8-afd6-7814aa5083af	877
fd03d539-3b22-4c5c-b765-737e4bbd98ed	848
fd09d287-6cda-4ac8-b1db-fe077420c84a	1160
fd0c3eee-43d2-4eea-91f1-bc4fa2cddbd3	1183
fd0fb38f-d451-40d1-992e-96f64d5bf3e2	988
fd1cdda5-7836-4d05-895a-e116a343ca72	858
fd22f5b2-15fd-4efa-957d-af6b0cec449a	1186
fd239a88-304f-4d9d-9747-43e3e217ff27	1180
fd24272e-da83-46a5-a052-14612713e058	1183
fd24aa47-f25c-464d-b7d0-aafeaac2e040	885
fd2cc863-e4fe-4e0c-b04b-8a283b9e8c12	1147
fd2f75e1-ef03-4604-b246-b2fbd1a2c1cc	1186
fd35641a-10be-4910-9a6c-62bf3ccd340e	1167
fd370942-ff26-4513-b0ef-e85d3209c855	1130
fd38edcc-e171-4bf0-9034-54432ec74d45	1158
fd3b7f91-e2ff-4606-979d-302bba3fc256	1182
fd3bfbc1-5ef3-4821-bf00-aecb7d432e7a	1171
fd3e69ac-b45c-4d8b-a973-2c99cf854609	578
fd40a920-9997-48f3-8e43-e17823c9d925	1163
fd4c6016-bd91-4f5d-9dee-9338071560ba	1185
fd4d37c2-2aa1-44d7-81e8-b24735f7abd7	1158
fd4ebc4a-99cf-44d6-b8ba-cc4fe662141a	869
fd5d3f15-5364-4f6a-a0a6-fcc08945679c	876
fd62aee5-a781-4e58-b8e0-eddc67d05bc9	1158
fd669a66-aff6-43b6-91a8-66cc6188f732	870
fd6a94e8-e264-4ba6-8fd2-110b3b466196	886
fd6e87cb-f498-45a6-be46-4c0fe5003c47	862
fd719b84-d098-4a05-a632-c703c0289757	885
fd72bea8-42fa-4e3e-88ae-8c6b7523ac41	1167
fd73c6d8-13be-4d93-b5dd-ed9ef7d912e3	880
fd784d47-354b-4b6f-906b-58d467c07ec0	861
fd7c399a-7c5b-44cb-9a86-515e5bec5b07	1181
fd82e35d-2e87-4993-96d3-8f4c7ae90ce2	1176
fd86098a-810d-4dbc-8ca2-589243a91a2e	1186
fd8c2aa7-7fe2-4a02-a45b-b7c0c19a22d0	858
fd8dfbc0-25cc-42e6-8ca0-9ef9bf606735	862
fd8ef58d-11b5-4a59-9c6b-ff34a8a8a6f6	861
fd90083e-f51a-4b78-b42f-e6680d6f42c9	1183
fd9379ae-4c48-44be-a88e-80c3b8eb6e9c	866
fd93fa9c-c1d8-4ce9-a3ab-7339c50f4191	1182
fda2c4b7-81f7-4592-8607-29ceb3f849f3	1184
fda3245a-e7d6-4ac2-8c25-0f9f53730b4f	885
fda46d12-0eac-4416-b4a1-53d25cf4d435	879
fda8c391-d2b9-4607-9cac-4e0fb59239d0	1184
fda987fa-79c3-419b-b770-4b2188758883	599
fdaa779c-4465-4bdd-bc6f-b9757bf185da	1177
fdb09461-4fb5-4a98-9591-bafebf217da6	1165
fdb2b696-06e7-4111-ba4c-2afd2fc90f81	1164
fdb4ec95-3a53-4bc4-899e-b712db242305	1158
fdb583c9-2dff-46e6-9502-5b8ac3fc3e8d	1186
fdb71da7-9bd2-491f-8c58-a44570a79650	1872
fdb79457-245c-4696-8062-f60d10e8ef66	884
fdbaaca5-96a3-4a58-ae6f-99793d9fce99	1156
fdc056b6-921c-4a0d-b9ce-148c9e114bf1	1409
fdc1ad5e-8155-4c31-93ea-68d53ef6bc07	873
fdc6ef97-40da-4766-9762-634128671831	1170
fdc8ca04-9d81-4b0a-a8d1-34af85108c16	1182
fdca8e07-05a8-470b-80e7-0f12da857953	860
fdcb9111-eb41-4ca3-8f6a-c693dcbb1efc	1165
fdcc19a5-44b3-400c-a6fc-1820040d9aed	860
fdcd27d3-03ff-487d-844d-cb2af88af452	1184
fdd0fbd6-6fe7-4eac-85a0-ca08eff698c5	860
fdd3343d-8b14-422a-919d-e0de94d2e231	1158
fdd4c9aa-0a59-4a63-ac04-f2feff26c14c	887
fdd4face-613e-495a-94e1-221039a1ab93	1185
fdd66898-70bc-4d24-9d8f-402ad4ec18ef	1190
fde08d2f-1868-4566-8587-e207d276f689	978
fde2e4d4-38e0-4525-adc1-7b74430cd23f	863
fde34e4e-7232-4e52-afc3-a1772d02d060	1171
fde46b2b-6160-4609-8ba6-6192ce7f7be0	2172
fde571aa-f625-41f6-9047-ee90fe6d6b99	863
fde6353d-10e2-4bd5-9c21-e09cca109ff1	1162
fde777b8-c48b-4a36-9fad-c5b957a18921	1162
fde80850-9271-4af6-bd30-1a40b374f23e	1094
fdeaeab8-b8f3-4d48-869c-0b9fbeb96c1b	534
fdec8922-cbf1-4ff1-9a53-336e3cdbec67	876
fdec93c9-def5-4e39-bad7-5580dd82dd2b	1189
fdf697e1-648d-4805-ae7d-099d8eb610f1	1835
fdf81b9a-a675-4063-aea3-ebd927efa447	1148
fdfc0cae-7252-44d0-a8b8-177e99b449a4	888
fe0a8da4-d311-4b4f-a3b9-7871aa9abc45	873
fe164e7f-c9b1-46ba-9328-e6da051aecb6	860
fe1f3fe4-b61d-4742-8481-bcb55d4e0977	883
fe227f06-c292-401a-b338-0bbbd323c0e0	1186
fe2a21f0-3115-425a-a292-785ceeb12569	860
fe2be256-d309-45bb-9d68-08bdf9211fef	880
fe2c1b69-3d00-4f27-b313-74771b1dc6c5	669
fe321abc-a646-4ed5-8485-bf203b419c18	1166
fe322e22-89af-4dc1-a33a-07fb828f9222	1160
fe331754-ddb1-4287-9b9c-e446eca07f45	1189
fe3337ef-e99d-4979-b583-58791969124d	1167
fe356454-a6c4-4fe1-b9d9-2554dd3a074e	874
fe36b258-2f69-4ad1-9f56-3fe8e73a32a1	1181
fe378027-8d65-4024-9666-5b4f14d23bd3	1394
fe37b723-9219-482d-ad7b-c859fab18813	1179
fe397a26-2469-4e04-8713-18ad677fdbcb	1184
fe3c4e7b-b84b-4b91-9f32-ab13400ddee3	1163
fe409c3d-13b2-4a7f-9414-0e4bbf63ad82	863
fe4891c2-3108-4866-8a08-e0b43024545e	1167
fe4b4b19-9311-47e9-8223-d4f3562016fc	884
fe4bb162-0c10-47ba-aafd-7855cea16cef	1181
fe5119bc-0220-498a-8ad4-49a4d57bd66d	884
fe53f80d-c4dc-4390-8ea1-d470eb439f6c	1166
fe5a2588-e1de-485a-912a-c1c219979fad	1161
fe601065-872e-4623-99f3-4e24be65225f	882
fe61b391-9b8c-42b6-8a0a-265719370e3c	1181
fe64eec0-e204-476c-9dcc-803fa5056a74	1168
fe656204-782c-4a78-b6c5-9660e9c89074	1164
fe6c6a73-deca-45a7-b7f8-04bc67d1df74	1163
fe7428a7-f3e0-41a8-a02f-15cbfe20ebf6	1165
fe7b0523-07de-40b3-9df2-6b3422de6970	1184
fe7c1e5e-d773-4cd3-9d7b-03263b30d712	1185
fe8193bf-f91d-4eb1-bf0e-15590dc0485a	1154
fe82fab7-604e-476d-b9c5-34daae4f66fa	1161
fe8a46dc-6033-4383-9189-c91e4e24147b	1162
fe8afbd6-f271-4b12-9156-6f2730569524	995
fe8c0b20-6ba9-4fd8-a95b-960e8d91201d	878
fe8e4aa1-2c5b-47fb-92b8-0491d327f435	1189
fe954b82-d375-4537-b7d4-587d0ced294e	1178
fe97513b-9518-445d-bd94-f843abae8d29	1182
fe98372b-b32d-40b8-ac91-39b7694d76ee	1176
fe9aa4aa-605f-4bdb-a0c3-7fbc1d358144	880
fe9b4edd-dcc9-4e8b-a236-67b69a6bc4b0	1185
fe9e99fb-d862-43e1-b127-4ea026b435bc	1167
fe9eecd4-3fcb-472d-9c6f-57b216063649	863
fea076e1-b1a7-48b3-abd4-921cec1c9102	1183
fea0b4cd-8a31-4eac-b857-3723b4439313	1182
fea3b942-8173-405f-a254-49bf2e9cbc58	1180
feaaf1bd-b66e-4eaf-8152-a66a170af3e6	884
fead57fd-4511-4415-8104-9c06d3d699de	867
feadf6bd-e5f8-443c-952c-80be48a73983	890
feae18d0-71fa-4641-b4b6-61ae0cd72a5a	1161
feb12dab-2aee-4716-bc4c-d835b0072de5	993
feb5e0fa-7eb8-4c23-83c2-0a440b59b468	1188
feb8060c-1022-4e05-95d8-0ae076b4256d	1187
febd3a52-4ef5-4ab1-8679-5f61ab4ca5e7	863
fec4ae30-2f0b-4afe-93ae-5f56e1271fab	1178
fecc95b7-61af-40fe-8c2c-f0fb06d843e0	1819
fecf7da7-2c7e-457c-a680-aab6db6b94ab	1167
fed4aca7-a8b4-409e-be94-0aa93978c8b9	856
fed799e8-d6c2-4cbe-85d9-acc6cd8d43fb	882
fedd0b26-7f97-4656-aa1d-db1ba5d57363	1162
fee11fad-b413-400f-8254-c79bb91c8568	1165
fee858a7-e25d-42f9-9ee2-93cbf25acaea	1164
feefcf95-a1a3-4d88-8f08-23bdfa06a23e	1162
fef83a7a-2921-488b-bea3-ed5e177f9935	1185
fef96cd3-15ed-40d9-959d-e564c51af83a	1182
fefa85c7-9b70-4392-af5d-6128b41d6129	1173
fefac202-c281-429c-8999-b7affc2431b6	1167
fefbd00f-454b-47c1-97da-868b3f7d4eb8	1166
fefdb39c-c28f-496f-8701-1fdab21898e5	1181
ff01e691-bcf7-484c-8b3e-7564a7c1ed24	2219
ff073ac4-19d4-4d47-8afe-8d1380e5d3c8	1165
ff08a7db-f92f-4b19-be3b-fa13957df3c1	1174
ff0a2402-0871-48a6-a1aa-e5e9a7249b7f	882
ff0b3be2-9430-4b3a-b287-556a04d61cfe	1189
ff0b7c45-8b06-43f1-8170-7da8b69eaec5	1182
ff0e26f2-8e51-4f77-b3ac-3a27cdb474ff	1184
ff14ebcf-95e9-4b9b-9b00-a5e446a5979a	1186
ff185e32-ddd5-483f-b980-d6d7601430e8	849
ff1dae5d-71f2-43b0-b961-7ec9ec7272ab	878
ff269331-02d9-4176-9c8d-bc6ec66fea7c	1169
ff29cc32-de46-4fb9-abab-b50b313e8e23	1163
ff2a65d7-c85f-4e12-b9f8-79696a9ec54c	882
ff2c4949-3468-40c2-a7fe-6c95c01733e8	867
ff2c9df1-48f8-44c4-a957-023f3d3d793f	1184
ff3b8c55-624b-494a-941b-b946ee3327ca	1166
ff421692-bc87-4655-a106-879d9ecd93cb	1163
ff43c304-0d2d-46da-b28a-8bbe5512dd29	1001
ff486038-7035-48e8-9e2b-106a6a7f1b1b	1165
ff48a86b-caee-4def-9423-e6e23624ebdd	1187
ff494d55-b35c-4fd6-885d-5f1f72184eca	1183
ff49ae69-c7b6-439a-86e7-562da74ed032	1173
ff4b4cb0-90cd-4d6c-919c-99e2d02e5808	1163
ff50bbd1-2e59-4169-b1d6-83bd4b53089e	1184
ff595d5d-6da3-4bc2-abbd-4e1c800aaa1e	1242
ff5e9dd7-a666-4b2b-8aff-b0367c114d14	863
ff5f193a-735b-450f-990c-b5a24c653715	991
ff601e43-641f-470c-b721-fc9c9e724f19	883
ff670231-8db3-46af-93ff-60d1a95d5a90	1160
ff695152-3331-4346-9b6e-55cad1f84b15	1166
ff6e3054-2cc2-40dc-85ef-7b3ec6ca8820	864
ff76390f-ad28-4afb-91b4-849bad5e3d43	877
ff77dd0a-ab98-4d20-904d-da03a5ffa142	1187
ff7864c5-638a-4baf-9c0b-207c66a06df6	1165
ff7b0efe-5ad1-42f3-a491-63c57f7a02c0	1184
ff83b359-ff19-4283-8d16-82fec4dd810d	1184
ff848564-ca19-4b0e-8621-127ef77f7123	1167
ff8aee68-631c-48ee-ac42-1eb2ae452173	1170
ff8c3a9e-ea1b-48ad-a33d-50ae1ede8630	883
ff966f34-3e89-4117-be11-aaf396d8abd9	1170
ff9805d1-6808-4173-8b38-f775d992f2eb	1165
ff9b1c31-4c18-4d8a-ad15-7ce952fc2f4f	877
ff9ca6e1-9715-448e-8290-11764da1e3da	1184
ff9d1717-1a19-4cd5-b3c7-714613df65c8	1169
ffa06ca3-3799-49fe-99c6-a9d66168ee0c	865
ffa25d0f-ddcd-493b-86c0-d763a5b52261	1175
ffa288b1-b5f7-4863-b1e2-97dc117cf3e5	864
ffa57990-886f-4290-be82-f448fd25e183	1187
ffa6306c-3424-4d35-9e19-cd101a1dd762	1183
ffa80bd3-1652-452e-bbb3-6ac00681394c	989
ffaced14-ffa4-47f3-9185-15f6e85fe509	875
ffad7d02-37f8-466f-b9b0-3e09ece3c580	855
ffbd172f-b1d1-4010-8dac-cef6b0809bf8	867
ffc6e412-1c26-4b80-8cd6-1c8aaf79878c	885
ffc7aa6a-d104-42d5-bed9-10510b7a7481	1167
ffc9ca92-4ee7-4983-a203-20712e28266f	861
ffcb77f6-f857-4d6f-8d61-d683dd6ee023	1190
ffcfbbc9-a118-4fba-aa8c-1ec1a4d0d59c	1164
ffd3263a-d344-48e4-93e2-30bc86104e62	1174
ffd3b716-3fb9-4a8a-af27-77d21edafa2b	883
ffdaa3a3-74e9-497a-af1f-08767b7f06ed	883
ffdbf65d-a87e-486c-8f64-49d373696e27	1182
ffdcf69d-b2a1-4319-b60f-39de85a43921	1184
ffe999ad-b4e9-458a-9a4c-ca61b5a4ec67	882
fff32a22-8f31-4ebe-a5f0-ebe09d4149db	1184
fff5f36c-2b5d-4ec6-8d6e-1fee717fbcfb	859
fffc7e59-41a7-4ed6-973c-8f95074ac9c9	1164
fffd1c88-e78b-4fbd-8e59-4f9989f141d5	1187
split-by-adapter-left-0024dfbb-f01e-49c9-b3eb-c304db66593c	1154
split-by-adapter-left-00d87944-8fb0-443c-bd8d-107063140ce7	1171
split-by-adapter-left-06b8e319-7422-4d31-ba18-eb7ee438123b	966
split-by-adapter-left-06d7581a-c8a8-4728-8568-f8603701d74f	862
split-by-adapter-left-08f6b4ac-0509-4aa3-8836-c69f00461e63	862
split-by-adapter-left-0d06acea-4784-4dd2-886e-43260cb87d96	859
split-by-adapter-left-142505fc-4f29-437b-a42b-12de6ca723d4	862
split-by-adapter-left-14c2ca55-0d80-45ce-8cfe-d4caaa27b570	1256
split-by-adapter-left-1635d7a9-dace-4925-bb69-bbad89a61835	1274
split-by-adapter-left-1844855f-f07e-40b4-b820-7cfae7838664	861
split-by-adapter-left-1a1dde4d-6bcf-450c-a73c-063e373307c7	1166
split-by-adapter-left-1d1ddba0-f786-4eeb-b887-d0885d9b8da8	1164
split-by-adapter-left-1d31c41f-8bfc-4840-b3c6-717e8b9fdc56	1263
split-by-adapter-left-1ebcb50c-58af-4243-851c-5cbdde0c1e3c	1260
split-by-adapter-left-236708d7-074c-4fff-bcc1-0449ab4e67f2	1162
split-by-adapter-left-25e7495f-16c3-4acb-8525-176cc5150adc	949
split-by-adapter-left-27222f98-5c41-4cb3-8a8a-1a721498ee91	853
split-by-adapter-left-2a5492bf-2e64-4298-bb92-ef87f3838026	954
split-by-adapter-left-2a777f3a-b0a1-4f47-ac05-48cba48e40e3	862
split-by-adapter-left-2b7d385c-cb49-439e-9016-e248df8f15cf	1168
split-by-adapter-left-2be84d41-d213-4f24-acfc-c48b817aaa99	1169
split-by-adapter-left-2c5b418d-8e03-48ea-9c05-28f467a871e4	1261
split-by-adapter-left-2d5abba6-d19a-4a96-8103-6e5e40c7d839	859
split-by-adapter-left-2dbb7292-ed37-495f-84d0-f42b5b57eeb9	1172
split-by-adapter-left-2e9835ce-e893-4877-ace6-4856d3d86376	1167
split-by-adapter-left-3448f427-173a-4df3-b763-eebdecd646d5	1179
split-by-adapter-left-36cf8af4-4780-4930-8e39-394567837ccb	1160
split-by-adapter-left-382aa04b-dc11-429c-beaa-df7d0c2e1773	1160
split-by-adapter-left-3948e0d8-5026-4633-abfb-27614f3028b8	1171
split-by-adapter-left-3b727d65-2a7a-476a-8e74-8f8c5561ca84	858
split-by-adapter-left-3c62321a-b15c-4945-a194-e6b9bc34ec90	1161
split-by-adapter-left-3ef10abf-c9ef-46c0-a0eb-76b8fc068798	1166
split-by-adapter-left-4028283d-4bf7-4de9-8365-e7cbcfa05869	861
split-by-adapter-left-408762c2-8f4e-419b-b785-3d50cd8bfe91	847
split-by-adapter-left-43051878-7de4-45f1-bde6-144435bebbf0	859
split-by-adapter-left-44e9f56d-d7bb-4479-b40b-23adb63185f9	855
split-by-adapter-left-459f6294-356f-4a1d-84ce-18bf1bb2a9ad	864
split-by-adapter-left-470d753a-5500-4533-b540-ec202f8d4c6b	866
split-by-adapter-left-48a93c8a-08bd-4d34-bf6c-f5cc919cbc78	863
split-by-adapter-left-4ac728b8-5801-46ea-8aed-3f5b876933db	858
split-by-adapter-left-50853fd7-28bc-4982-9197-178a9cd1a133	859
split-by-adapter-left-55580f55-2b8c-4a9e-b617-a4ebbc25b843	857
split-by-adapter-left-55c4bbfc-aebe-426f-a670-b55494ba52f6	865
split-by-adapter-left-5606a895-e246-45ec-bdd5-c06dc0030b60	963
split-by-adapter-left-570083b7-0919-4d54-8844-058417ef84dc	1164
split-by-adapter-left-5a0f6d02-459f-4c67-95e9-2b93cd858264	858
split-by-adapter-left-5b6d8073-f877-40bb-8a27-bee8f8489957	864
split-by-adapter-left-5b8cac7d-2410-45d1-8ae1-aa5873c35ff8	1161
split-by-adapter-left-5ec66e9c-bf6f-4fa3-9e9a-2e792baa0a57	865
split-by-adapter-left-5fb7a5a3-6e67-416f-bd3f-908c77a23295	866
split-by-adapter-left-6268dbe4-d31d-4bad-9956-139f349bca37	853
split-by-adapter-left-6596a1a0-e4eb-48de-add1-dfa0d02f56b9	863
split-by-adapter-left-69950d8e-a2cf-4121-a994-ebd2882e4620	859
split-by-adapter-left-6ab208fc-bae6-4b69-b217-11af8780101b	865
split-by-adapter-left-6cc3436a-b4d4-4647-83a6-c8f0373c0f11	1121
split-by-adapter-left-707637fc-f292-4a6c-bc5b-a86ae5ba4ac4	1161
split-by-adapter-left-74b6e277-a607-4a2b-9142-6ee38976cf75	867
split-by-adapter-left-7831500d-2c02-42a2-9907-2957a7a15bec	863
split-by-adapter-left-791765cc-2d4a-4738-85c1-52ecc7b71785	862
split-by-adapter-left-7c15f812-4f96-49b6-a62e-cc911a25da2f	855
split-by-adapter-left-7d0a245b-e4f3-4146-8695-d5ec5825b33c	1163
split-by-adapter-left-7d6711f7-a70d-4981-8975-8f514d93a0ec	1165
split-by-adapter-left-7eab0699-187a-42e0-90a1-39f7f97d2a13	1170
split-by-adapter-left-7f15c744-1038-4a15-91ff-7679c54b2880	1183
split-by-adapter-left-7f8be8c5-efa7-4a5f-920a-04165190a312	1157
split-by-adapter-left-7fca2962-9606-4020-b771-0dfc0f9f0b44	871
split-by-adapter-left-82d8f568-4c00-4f45-9330-76c4ff4dce32	1162
split-by-adapter-left-8b4ccebc-b877-4e2e-bdde-94dcedf19216	810
split-by-adapter-left-8b52dfb9-f375-4cb2-b866-da33228bf50e	1160
split-by-adapter-left-8bc48cc1-e7bd-4755-a752-2d920ae49941	869
split-by-adapter-left-8e4b4112-1450-4457-a3e1-8a0a49666074	958
split-by-adapter-left-8ee1e3b4-8901-4fff-bb07-97d0cad39bc2	862
split-by-adapter-left-8f293d4f-20f7-4416-8304-d99522e2ff87	964
split-by-adapter-left-92e8854e-6acd-414d-a399-c0341d7015db	867
split-by-adapter-left-93822bf9-dc40-4784-b0f5-6ea22bcee45f	1164
split-by-adapter-left-9473b4d2-624d-4e06-b32d-8e9d6497551e	1152
split-by-adapter-left-9571b02a-d9dd-4a96-a435-91dd4066ca55	1163
split-by-adapter-left-96572417-d32c-4bb9-b5a1-23233b07494a	862
split-by-adapter-left-9c5e993c-d495-4343-acd0-e8e284db78cd	863
split-by-adapter-left-9cdcda5e-f562-44cd-9c0a-f92bfac02f06	857
split-by-adapter-left-9dd55893-3235-4af2-89f2-cd786fc0de8b	960
split-by-adapter-left-9ee8a9c3-60c6-4bf0-a3a1-af7457edf1e0	1165
split-by-adapter-left-9f7b5bd9-b324-4e41-9780-bec44be99c8d	869
split-by-adapter-left-a060752b-8a81-49b5-b9b1-1a323bc9022d	1161
split-by-adapter-left-a17bca17-e100-4a2c-afe2-2815d8c8501b	552
split-by-adapter-left-a363b2c6-6184-455b-ab1c-9b8417f21dc6	1164
split-by-adapter-left-a385520f-4e32-4b3d-acee-f3a713e4cc87	869
split-by-adapter-left-a5daf67b-13e8-4af6-8285-843f1faba460	1166
split-by-adapter-left-a61b8e43-bd8d-4879-86c8-69b67ca36572	866
split-by-adapter-left-af160714-b893-4697-8a87-ed1ee27258d6	1167
split-by-adapter-left-b08e7192-9faa-4364-bdfc-8fe1e020a169	1164
split-by-adapter-left-b16a042b-1843-4e93-9f37-af91a8f6dbf7	867
split-by-adapter-left-b47e64ba-deb2-463c-9fb8-e72d190ce7f7	859
split-by-adapter-left-b5d2cda0-9e89-432d-8cbb-b75d2c7e69e8	865
split-by-adapter-left-b75ae1fe-9cab-4ed6-a3c9-52fff0135363	864
split-by-adapter-left-b8a13491-5fd7-42df-88a0-dbafebfddafc	858
split-by-adapter-left-b98994b0-f947-4e65-838e-9a72479298a9	1168
split-by-adapter-left-ba242781-fb39-41f0-9d9e-25171d225a5d	859
split-by-adapter-left-be3a1419-f338-43fc-bfff-01a55fd07ddf	1264
split-by-adapter-left-c3a1eff9-8fdd-4712-bb6e-b60a2c5662b6	1164
split-by-adapter-left-c3a7eabc-5dba-4b51-a0ba-18ebac1232e2	863
split-by-adapter-left-c44e4a7e-1cd7-44d4-863f-c80d2c60d624	1165
split-by-adapter-left-c6f23742-51cf-4b4d-bd2e-40833d3f6e33	868
split-by-adapter-left-ca282d63-ae8a-4d14-87a2-814b30f4c71d	1273
split-by-adapter-left-ca371158-35b5-4c49-823f-012fbdf7fc0f	863
split-by-adapter-left-cadac9aa-10bb-408f-b5e0-db49830f6cc6	1172
split-by-adapter-left-ce8ef7cc-2293-4fd4-b3b5-f20e662366f8	1170
split-by-adapter-left-cfe8f9cd-9a85-4898-9925-3a73d007c4e6	1162
split-by-adapter-left-d33e9e77-6db3-427a-93b2-3baac12f350f	1262
split-by-adapter-left-d8998fc8-c8e1-4528-98a1-b932caa0a2d8	966
split-by-adapter-left-dbb3ea51-5f2b-415e-8da8-11b96a7ef8d9	863
split-by-adapter-left-dbce3142-f375-4c7f-acfa-bd0c5df0f391	1147
split-by-adapter-left-dd255e61-4698-4125-b112-ed82a7fb7784	855
split-by-adapter-left-df381e27-2ee0-449b-ba27-c4644af70d1b	860
split-by-adapter-left-dfab64f1-ecde-464f-b4ac-d35cf80fb863	1163
split-by-adapter-left-e1b62e20-6ef8-46fb-b85d-2f99f8f57d62	1164
split-by-adapter-left-e320ec7b-1e45-4560-8cd1-e5a44865735b	954
split-by-adapter-left-e3cdd1a6-d49b-4fd1-a6bf-eb54a4fead94	1158
split-by-adapter-left-eb65ea49-d7a5-4756-b904-c9bf710962a4	869
split-by-adapter-left-ede67720-515c-4004-aa57-319d5ac485b5	860
split-by-adapter-left-ee096c9b-80ea-4457-bf0e-5f3aeacf66f9	869
split-by-adapter-left-ef9db680-4225-45c0-85a3-a5afa8b98b30	864
split-by-adapter-left-efcd77c0-a8a5-4c6f-8a1b-993a0d3ed17e	1054
split-by-adapter-left-f4f69d48-58e5-453b-a95f-79bc19e17c2d	1163
split-by-adapter-left-f64c4a9f-7217-4f9f-96a1-127630da5394	865
split-by-adapter-left-faff52bf-b1ac-4308-871a-c8c991f97b21	1142
split-by-adapter-left-fb0eae34-52a5-47ec-b81f-52f14d12bd99	1165
split-by-adapter-left-ffd7d33b-048a-436b-9d0f-0d9ed20b66d1	861
split-by-adapter-right-00d87944-8fb0-443c-bd8d-107063140ce7	1088
split-by-adapter-right-06b8e319-7422-4d31-ba18-eb7ee438123b	1181
split-by-adapter-right-06d7581a-c8a8-4728-8568-f8603701d74f	1275
split-by-adapter-right-08f6b4ac-0509-4aa3-8836-c69f00461e63	1124
split-by-adapter-right-142505fc-4f29-437b-a42b-12de6ca723d4	874
split-by-adapter-right-14c2ca55-0d80-45ce-8cfe-d4caaa27b570	881
split-by-adapter-right-1635d7a9-dace-4925-bb69-bbad89a61835	884
split-by-adapter-right-1d31c41f-8bfc-4840-b3c6-717e8b9fdc56	879
split-by-adapter-right-1ebcb50c-58af-4243-851c-5cbdde0c1e3c	887
split-by-adapter-right-25e7495f-16c3-4acb-8525-176cc5150adc	874
split-by-adapter-right-2a5492bf-2e64-4298-bb92-ef87f3838026	880
split-by-adapter-right-2a777f3a-b0a1-4f47-ac05-48cba48e40e3	809
split-by-adapter-right-2be84d41-d213-4f24-acfc-c48b817aaa99	823
split-by-adapter-right-2c5b418d-8e03-48ea-9c05-28f467a871e4	875
split-by-adapter-right-2d5abba6-d19a-4a96-8103-6e5e40c7d839	1093
split-by-adapter-right-312ae9c5-973e-41e7-b390-ef70615234f2	1183
split-by-adapter-right-36cf8af4-4780-4930-8e39-394567837ccb	963
split-by-adapter-right-3948e0d8-5026-4633-abfb-27614f3028b8	856
split-by-adapter-right-3c62321a-b15c-4945-a194-e6b9bc34ec90	1027
split-by-adapter-right-3f74c1b9-445d-4238-97a8-d1688f51645d	1186
split-by-adapter-right-408762c2-8f4e-419b-b785-3d50cd8bfe91	783
split-by-adapter-right-459f6294-356f-4a1d-84ce-18bf1bb2a9ad	814
split-by-adapter-right-470d753a-5500-4533-b540-ec202f8d4c6b	958
split-by-adapter-right-4ac728b8-5801-46ea-8aed-3f5b876933db	1081
split-by-adapter-right-4d68f9f2-a3e1-4218-b0f6-183c78cc5ec9	1185
split-by-adapter-right-50853fd7-28bc-4982-9197-178a9cd1a133	780
split-by-adapter-right-55580f55-2b8c-4a9e-b617-a4ebbc25b843	1125
split-by-adapter-right-5606a895-e246-45ec-bdd5-c06dc0030b60	1186
split-by-adapter-right-5839ea30-3f90-4374-b795-0f9137b6252c	1186
split-by-adapter-right-5b8cac7d-2410-45d1-8ae1-aa5873c35ff8	1021
split-by-adapter-right-5fb7a5a3-6e67-416f-bd3f-908c77a23295	780
split-by-adapter-right-6268dbe4-d31d-4bad-9956-139f349bca37	1263
split-by-adapter-right-6596a1a0-e4eb-48de-add1-dfa0d02f56b9	800
split-by-adapter-right-69950d8e-a2cf-4121-a994-ebd2882e4620	1145
split-by-adapter-right-6a832561-7a67-42a0-8294-b6012f1aac88	877
split-by-adapter-right-6ab208fc-bae6-4b69-b217-11af8780101b	1017
split-by-adapter-right-6cc3436a-b4d4-4647-83a6-c8f0373c0f11	1069
split-by-adapter-right-7831500d-2c02-42a2-9907-2957a7a15bec	823
split-by-adapter-right-7c15f812-4f96-49b6-a62e-cc911a25da2f	918
split-by-adapter-right-7d0a245b-e4f3-4146-8695-d5ec5825b33c	819
split-by-adapter-right-7f15c744-1038-4a15-91ff-7679c54b2880	1188
split-by-adapter-right-8b4ccebc-b877-4e2e-bdde-94dcedf19216	1255
split-by-adapter-right-8b52dfb9-f375-4cb2-b866-da33228bf50e	851
split-by-adapter-right-8e4b4112-1450-4457-a3e1-8a0a49666074	891
split-by-adapter-right-8ee1e3b4-8901-4fff-bb07-97d0cad39bc2	966
split-by-adapter-right-8f293d4f-20f7-4416-8304-d99522e2ff87	1184
split-by-adapter-right-928e436d-4c21-4525-8e7e-0fb4468d2a18	1184
split-by-adapter-right-92e8854e-6acd-414d-a399-c0341d7015db	1260
split-by-adapter-right-93822bf9-dc40-4784-b0f5-6ea22bcee45f	782
split-by-adapter-right-9491cf30-87aa-44ca-be46-79160ac72c63	1154
split-by-adapter-right-96572417-d32c-4bb9-b5a1-23233b07494a	1151
split-by-adapter-right-9c5e993c-d495-4343-acd0-e8e284db78cd	810
split-by-adapter-right-9cdcda5e-f562-44cd-9c0a-f92bfac02f06	1088
split-by-adapter-right-9dd55893-3235-4af2-89f2-cd786fc0de8b	885
split-by-adapter-right-9f7b5bd9-b324-4e41-9780-bec44be99c8d	841
split-by-adapter-right-a060752b-8a81-49b5-b9b1-1a323bc9022d	999
split-by-adapter-right-a17bca17-e100-4a2c-afe2-2815d8c8501b	1187
split-by-adapter-right-a61b8e43-bd8d-4879-86c8-69b67ca36572	755
split-by-adapter-right-af160714-b893-4697-8a87-ed1ee27258d6	502
split-by-adapter-right-b08e7192-9faa-4364-bdfc-8fe1e020a169	967
split-by-adapter-right-b16a042b-1843-4e93-9f37-af91a8f6dbf7	799
split-by-adapter-right-b5d2cda0-9e89-432d-8cbb-b75d2c7e69e8	1260
split-by-adapter-right-b75ae1fe-9cab-4ed6-a3c9-52fff0135363	1181
split-by-adapter-right-b77988d2-c00a-4af7-8f08-bdcaad50e066	867
split-by-adapter-right-b8a13491-5fd7-42df-88a0-dbafebfddafc	813
split-by-adapter-right-b952c729-ab2f-4fe1-9c16-401cc4c53069	879
split-by-adapter-right-b98994b0-f947-4e65-838e-9a72479298a9	957
split-by-adapter-right-ba242781-fb39-41f0-9d9e-25171d225a5d	964
split-by-adapter-right-be3a1419-f338-43fc-bfff-01a55fd07ddf	888
split-by-adapter-right-c3a1eff9-8fdd-4712-bb6e-b60a2c5662b6	1083
split-by-adapter-right-c3a7eabc-5dba-4b51-a0ba-18ebac1232e2	1260
split-by-adapter-right-c45c6a14-5d41-4dd5-b097-ad41f951f6d6	1189
split-by-adapter-right-ca282d63-ae8a-4d14-87a2-814b30f4c71d	879
split-by-adapter-right-cadac9aa-10bb-408f-b5e0-db49830f6cc6	850
split-by-adapter-right-ce124178-5769-4326-a640-b47630bbb369	877
split-by-adapter-right-ce8ef7cc-2293-4fd4-b3b5-f20e662366f8	1125
split-by-adapter-right-d33e9e77-6db3-427a-93b2-3baac12f350f	881
split-by-adapter-right-d8998fc8-c8e1-4528-98a1-b932caa0a2d8	1188
split-by-adapter-right-dbb3ea51-5f2b-415e-8da8-11b96a7ef8d9	1354
split-by-adapter-right-dbce3142-f375-4c7f-acfa-bd0c5df0f391	729
split-by-adapter-right-dd255e61-4698-4125-b112-ed82a7fb7784	1157
split-by-adapter-right-e320ec7b-1e45-4560-8cd1-e5a44865735b	1184
split-by-adapter-right-e3cdd1a6-d49b-4fd1-a6bf-eb54a4fead94	1067
split-by-adapter-right-ede67720-515c-4004-aa57-319d5ac485b5	833
split-by-adapter-right-ef9db680-4225-45c0-85a3-a5afa8b98b30	820
split-by-adapter-right-efcd77c0-a8a5-4c6f-8a1b-993a0d3ed17e	888
split-by-adapter-right-ffd7d33b-048a-436b-9d0f-0d9ed20b66d1	961
