001288d8-27b1-4e95-b332-eb5a4eb47266	990
002d9811-7029-40a5-9744-d12e42064141	1004
002e26a1-b017-4578-94b8-0c48bd3f633e	781
00327982-2d9c-44e2-997b-1c73f3233e41	781
00464f26-bdb2-4b96-bfc9-150d55bb2c30	890
004c34ce-bd5f-4cc3-b986-42f51c8f13f2	990
00516893-c2dc-4504-a4dc-55a1792efe5b	790
0055f6a7-3f45-4c73-8f5c-1e07f6a833ee	787
0057a122-4c74-43f2-aaf3-0d65a080b847	985
005a049c-78cd-45b2-add8-31c1310ba6d8	792
005b314b-88ae-41b8-9cb9-b5b71a34f797	982
005ef213-575b-4f2a-b43f-938cc6c36f02	890
00607ddb-c35c-48a7-a655-eebe6d8d20bf	784
0060d6bd-ff03-44a4-a1c6-cf7bc2df8206	791
006366cd-741c-4fac-9a9c-21c07fd0b9e4	993
0067f4e3-7207-4c99-942e-46c2614fe636	993
00734461-e33c-40d3-905e-ad58331ec228	781
0074f413-0017-4a84-b975-1de05ceba451	785
00774bef-0cfc-4656-86a1-9c8bc2a6af26	784
007cc805-480a-42c1-8b9d-fc09e630b856	785
0082c9b7-07db-4e1e-91b1-4b0847887889	784
00842f16-0386-45f8-8d5a-dd10ec301c4d	978
0088d76e-b1fc-4989-ad89-9faaec13c7ca	991
008c97bb-f8f7-45f9-93ec-1b7c9fcc8af7	989
008d5dbf-98b5-44d3-bb74-011e621c5d89	993
009d410e-1a10-43e5-8cd9-0748adfe3f07	987
00a049d9-38fe-482b-8bb0-984c0ea884c4	783
00aa450f-1665-4c23-9d25-d961184f4802	986
00b4db95-c38e-4dc7-8a1f-7ac46418b6a0	791
00c7218a-7027-4a6f-8692-b2c665dc5894	980
00c823c1-4709-4aa8-b8ba-c073e0c6e2dc	788
00c8cf8e-f8c3-45d6-afff-42bc7b39ff95	888
00cdc2de-6481-45b1-b1f0-7d7317d3f094	988
00d0f236-dede-4d63-8e95-57904a8871e6	887
00d1613c-17c0-4c04-92d0-a010db6447df	989
00d5d99e-b729-4621-81a6-b37752140b2d	1004
00d6ca9e-53c8-4c25-9c3a-7e79e96ea19c	581
00da393e-9521-41c6-a718-7bbde227ec14	985
00dba873-33bc-41db-8497-7c0833dbb0c8	887
00e015d7-409b-4f53-bfb1-d9bb226527f0	915
00e0fc0d-3145-46fc-bd28-593c73085cef	991
00e194a4-a554-4334-823a-b30f24875c96	929
00f8bef0-2280-4223-8ae0-133d33613acd	814
00f8ee79-30fc-4f5d-b035-5833c5fce9d8	786
01014088-070a-47c2-be09-51873ddb899f	785
01014a8c-926c-42de-b33e-f2a27ec5f705	782
010da330-b461-4fbc-86e6-3cea2c4acba9	780
01158a89-f66a-4eb0-a691-df15efb691ed	786
011c1867-9781-47ef-98f5-dfc0abe51a24	982
01277d9e-e1fd-48a5-ad4c-4d610a8d60d9	991
012bcbef-6048-4ec5-851f-f524ac2f29e0	787
013700ab-e8e2-4aac-9210-c269c8a737d0	784
01372f78-be53-4433-ae26-6350fde0baac	973
0141ff41-db3e-4935-a800-6563fb3e1b2b	776
0143ced4-6be3-4308-b159-370fd70468eb	996
0151dbf1-0da9-4b1e-9e69-3a062b797986	782
01570b43-5b2e-4ba4-a24b-451a04cba525	889
016a6d55-50b3-415a-b61c-0d9937b695ca	980
016fbf1b-e054-4b36-8830-23bf1b8897b8	1001
0177d705-28a5-4b6c-b2fd-b1ed7e834b2c	990
017e6144-031d-43c9-826e-55e51307273d	786
01806e4b-11e2-47c3-ab90-57019666e593	998
01819fa2-cf97-44a3-8256-fb1e00d094a0	782
01844ce5-cc61-4be8-8aae-770559a6d2fe	988
0186cd57-8fcc-4dae-a705-e94f28e215d3	784
01944676-9dde-4cef-9481-41e632e17f3a	775
019864f1-3738-4908-b86c-419c23783d90	779
0199a7d0-04f1-4b2f-878b-4e5cd31bfae4	812
019c5be3-4a0a-4d18-b582-f45206094a03	762
01a11013-7d2a-439e-852e-a32673038785	969
01a269a4-16ca-4fb7-8e45-b85a64d27d2c	785
01ae9ee6-b761-4f43-86ed-7987cf2f20f6	991
01b0c8a7-f5e5-42a7-bca9-88e6299427ec	814
01bb80f9-71d4-4cf7-9efd-958c75ff2ea0	784
01c4fa86-4a17-4337-983b-2e0ac64dd6d7	983
01cab729-54f8-4c28-91f2-00c6070b91b2	785
01d6aa92-9c04-4d2c-8eb5-27d85fc11505	787
01d96ad2-0777-4fdf-aee4-0155ea75727f	777
01dcd489-3458-48b2-bf00-63c17d84aadd	995
01e0a5d8-03fc-42c3-a38c-f52e11700de8	983
01e7ef7f-acc7-426d-a12a-524c34e880f9	782
01eff875-e474-433d-902a-0ee81a52c34d	981
01f42107-8a69-41d2-acbf-cf6369ae1da1	786
01fb8ca2-a70e-4d8a-a2d7-af184c145a7d	776
020d843c-eccc-4744-9e78-1c640f3a81ae	977
0210109d-26c5-4fa3-8ad4-8fedb29af201	789
02154eae-dd17-4ab4-ab33-64198d650e4d	787
0216ebba-e673-4314-8c87-b05d2b18222e	987
0225efea-b978-4d0a-853e-7f261bcc1978	987
022ec40d-058e-4862-8bc9-34563dc51b43	1001
02317cec-915b-4873-9bb8-7399eee36d9d	887
023a1fe0-2cc7-4260-8684-dd853b414c20	986
023a565b-8568-4c0c-8cc9-de0093310b1f	995
023d8fd7-8154-47d3-ab84-2ac1b6d52450	993
023e5840-f949-40c3-a38f-c35136a9d2c0	785
024108ef-91e3-4d67-bf4d-de2b283ff258	783
0241b509-5da8-45d0-b02f-639cb0ad7fde	787
02423783-6c9b-48e7-acf3-343b9f9bdcdc	786
0243c901-0446-433a-855a-5407878fdf7d	982
024c7fc0-af5e-44c4-b582-8a079d739660	785
02513034-5f1c-44a7-a4db-57b5b7a30273	787
0267bb21-de3a-4f3d-87f2-70cf1acc22cf	779
02712170-732f-4f6d-93ec-334a094c9544	983
02759ba9-8363-4a61-ade6-327b500bb1fa	783
02773763-6ca7-40c7-9440-d25599d6853a	1001
027aac24-b002-4459-a4c6-9ef32bfa2a51	787
027b9851-ecb2-4232-9a0d-7f2619326f86	793
027ecb0d-6e31-4091-a8fd-e684231be704	784
0281566e-f7c1-4263-97f5-86191608d66e	786
0289c5ec-7bd7-4ad5-a914-8c55ff7b062b	998
02a10eb4-8dd1-4554-bfb4-70c1ecce48a8	985
02a95d9d-98d7-4ab8-8fe2-bfcec18783b4	777
02aaa555-6b55-4748-b1ce-ac7c144af0b0	987
02b67170-ffef-4295-aaee-4bc807b29539	787
02d214ea-f09b-46cc-bd19-2117cc70cf6b	998
02d6c2fe-854e-4dca-9d56-64023d5b1171	998
02d95a46-b27e-4314-b3af-4d5ab4fecbdd	786
02da2ae5-3c71-4bc9-81d2-4a905595f497	782
02ebb6f3-b852-48a6-b61e-5259cddd9870	784
02f06b1b-a778-4bbb-a845-ed05c1efaa70	991
02f6ffa6-067a-42ca-90b7-11440dbf4f34	786
02f8865e-e5b9-4012-83a8-5f909b549119	786
02fcaba6-6b54-4375-a617-08616bd851da	857
031aeab7-4d5c-4042-829e-e2db2fa34859	985
031f10c9-bec7-4561-99c0-20b48413a20e	982
032be123-1491-4b11-a68e-4f022c89111a	801
032c4646-3d00-482f-a099-191f90d91454	784
032fd317-e5ca-454a-8b2d-39bd83339826	892
03309c2d-e01a-4fa3-a0ba-4f60c450cc82	785
0334c9e6-70b8-449d-b093-b4a29a267a23	778
03369cef-6790-4dbd-875f-f2c6feb100fc	783
033d7bb5-7e71-4ed7-b1fa-f6c70e8ef027	930
033f421e-debc-4e45-add9-3df6130457da	984
03451ec7-39e4-42f0-a0ae-7aed288a5f8f	981
0349a645-0be3-40c6-b117-55aa526b623c	782
034a19e5-7054-4bfd-9cd6-9ffafb385f18	885
034e5cef-6ac2-42d0-8ca4-741cbe107309	1000
035041fe-2840-46e0-a8d6-08a82f3c70d3	890
0350ae7e-2cf4-41f5-a980-1f5a60ff618d	967
0351b927-d549-4c1e-8d40-baddb2b2c9c3	798
0351f48f-f024-4e5a-ba8a-7172aeb44926	785
03539c5e-f16e-48d3-a159-4f7f3fefa3f5	796
0353a2d8-6324-406d-8987-303f77ff0b86	981
035501a1-724f-493b-a6b8-8fdc7bf16721	995
0357c709-6d82-476a-834c-dba1dd7388ac	986
0358031f-db71-4fc6-b0af-2390956088e1	786
03660972-9673-4aeb-80de-c90578a9519d	891
036f9e1a-8524-44e1-bc2b-dcd7adb55f8a	999
0370ad9d-8390-4dda-bb60-8fc522fcfe6b	787
03787e9d-b2d1-46a3-a5c6-b94df9e4e72c	987
037a590e-75a5-4df7-a465-8443c8d6e7d0	786
037ad465-5da8-43e5-967e-56ca4657e45a	891
037e3445-9221-4c1c-b608-bff973186a48	786
03881cf2-af19-4152-9087-199706935446	781
038efabd-5ae1-481b-bb5c-7631c0b2735d	886
0390cd61-eccf-43ae-b343-8f019c7fecd6	779
0393c2ea-fee8-4998-831e-3b8bf286f59d	781
0393cb96-6acc-4e55-8f0a-d1f56ffac241	866
0394031d-972b-4591-89ab-444383f04c8d	784
03980a51-a4ee-4dcf-a5a7-3934e477bcdc	988
039911a3-7d0c-49bc-9aed-3f2bd95d47fa	986
03a3ff7a-3480-4a92-bab9-5bcf2a1abbd5	774
03a962d2-d695-40a4-be88-0ffd7a72a7c0	787
03b71655-342d-4b10-8c83-563b8b275e85	899
03bcee39-10ae-4215-b671-abdc2904c607	787
03be3bfa-22ab-4fe7-8df4-0d13fd428cc4	788
03c21fdc-6b3d-4ce3-a8a2-5334f1d50c02	787
03c40204-4f7e-42c8-856b-57b259d0bdab	776
03c54b99-80d9-42b3-9da4-c7f2f281e7e8	888
03c64721-2a18-4c1f-ba96-f5c54579fca5	982
03c8af40-9b60-45a3-901f-c39fa34fa910	565
03c9e3aa-dc69-4c27-9bbd-0adaf5a90372	785
03d48833-09c9-4813-9490-49ddb4605500	990
03de7ca4-a3d8-45ca-995e-f62f22b389c9	889
03dec86d-91c5-444a-9850-0a3b41fb2c0c	983
03e05bf4-76e4-4bb6-aa63-9102a54a8980	783
03e91ce2-2fa2-420d-acfc-14e35469aedc	985
03ed1980-5da4-434c-8eb1-0421225802fe	986
03eddbd4-135a-4cdf-a97b-6421c5888414	789
03f1c3e1-5339-4320-8938-797408e968e2	985
03f71780-55ca-437e-9b38-b160a49d0829	1000
0400ff79-d523-4cab-8b3f-d924139ce5cb	984
040b66b4-93bc-40f2-afa3-36e3543ea91a	893
041eaaf7-24bd-41de-8003-7eb80e041d40	981
0421a7a5-8c8d-475a-82b7-444d4bedb9b5	889
04227d78-b10b-4e6f-8c9e-905bb0fe189e	995
042365cc-68f4-460c-ac51-743bb369b645	999
0429b93a-7893-43e2-a418-bec63debb509	992
0429c0f4-f987-4114-9ee9-201f3df2ded5	998
043e5fe1-b97f-4e18-bfce-6f04e7a8e756	784
044502ff-2846-4294-b864-fa28dacc555b	887
0449145d-e6d2-432a-9fcc-45f05a933a15	784
044ab9d4-bda6-44c9-be95-2ca73a8ea5fd	995
044b3913-5bc4-4c92-8fe4-b059c39cbdb2	788
044c2b75-e343-4b14-aaac-e542048ae47c	992
0465cc26-28a4-49d6-af25-4ab20c93f7a4	787
04665e60-1d24-4c9b-a093-e5bb50210452	785
046a51b9-c7fa-451f-8bb9-552d405cdb36	785
046a93c9-a302-4320-9bd8-5725e4b2a48d	988
046bf417-e8c6-4483-88d5-6c8e9bec6f0c	984
046c6e80-ea26-4576-a3f6-7e3da9a5dbae	995
04703c04-c6c2-40e6-ab92-393addbfbc18	780
04705103-6b75-4f21-932b-5196b849e1c2	976
0470e975-2fee-4999-b193-9b4b9e849186	993
0471473d-aee8-4f2c-97d4-5343ca40c2a4	787
04781a03-cd72-4398-809a-9865c5462c27	980
0478b877-5604-4164-89d8-ee13d98bc7aa	982
047e1d3c-58ac-4cee-ad50-de4e56bec0da	988
047f70f6-4944-4d86-aa93-edd4bdb9ba12	781
0485abe2-6b08-4cfc-ad3c-f25c3d2220e5	998
0488587f-ea0f-42fc-a2cf-e90b21f6475d	782
048cef58-338e-4a0f-a288-b96c358da609	776
049bb484-c7f8-4b0b-be37-bab2adbaf55a	974
049fbb8a-9ee8-42cc-9160-aa105f4793fc	777
04a04b32-3a0f-428c-a453-1c9cc20a23b2	779
04a58e79-8746-4308-9426-bf44d59fdb3e	894
04a9523b-4bd7-4d61-9f09-5a1754f4dd63	784
04ab17a0-54fc-40fd-b4cd-c2e31c6e9cf7	786
04aba0c0-348e-4365-90e3-6cb496463656	889
04b43e5a-51af-4fe7-b6dc-cce1ca78b2bd	785
04b44e94-ffb1-4d81-8022-43730d791b8c	785
04b73a5c-fe25-49d6-bcc6-5008f0fe3e2c	984
04b835d2-e315-409b-8a0e-9d7eeea8ceb5	986
04b8d642-6e78-4cc4-bc3a-4c02643ce443	785
04b9da3e-21da-4e5e-a791-765648ca0711	785
04c1af6d-641c-46cd-8ba7-e05b8d9176cf	986
04d0e978-f13e-4c68-bee3-8943a605f77f	997
04d2a2e3-239f-45db-aa1d-79d6f0aac315	997
04d53425-3f97-4895-9dff-458aeefd6578	788
04e6cc1d-814a-4326-a616-99708d56f93b	1005
04e8a0c4-dc45-4ac1-a4e2-f34b78aef59c	786
04eb4ac0-4f3a-49c0-8317-bfad617508af	884
04f2407d-a248-46a7-b3c5-a63eafbab40e	893
04fd6706-591b-45ef-b53b-6a5d25887df4	988
04fd9795-d95c-41f5-bcd0-71720dd5e2d5	786
0502e930-432b-49e2-9ace-0ad208cad3ae	992
0509df88-73a6-4bb0-b860-9575f3fc25fc	789
050b57bf-b3b3-4af1-96cb-0a765db45bbc	990
05109a2e-5f26-48a4-bf2c-9a507aa220d0	782
0515a7dd-795d-4330-a090-377f389dd987	998
0515e1e3-66dd-4fb5-8dc0-88c1c66ff93b	975
05170397-5ce9-4c02-a922-4edfdab44323	789
051a9484-0d7f-4435-b85f-6a2004db01d5	791
052b25cd-b543-4e76-8cbe-159a64718034	782
052faa4d-18af-4bf5-848d-40a15e792408	786
0539f2e7-3651-4d1a-acdd-c6e3258fa9c3	888
053b97bb-e73d-4091-9f32-71b6c92bf689	992
053da01b-dc2e-4056-816a-89df608b822e	1006
054ffb66-b035-4f8e-bbaa-83f5f0744e07	787
0552052a-2758-4eee-a0bb-0f17b239afed	1214
055820f1-afde-4d43-8812-8891a9a257b3	915
055a8732-d4a0-490d-9928-7ef874117196	788
055bf4c3-1686-42ae-b9d7-434d639f08a1	783
0560ff43-d919-4dca-9380-a8cffce29be8	783
05622b6d-c277-4e6d-9a52-6ad587715c36	892
05633c2d-9c21-47c8-921c-2f156d0d77e4	991
0564c9b1-4013-434a-b409-1ca0d701e9f2	785
0567e663-f340-4d82-9477-5aeef63683b8	783
056ec608-b1ad-4942-b70a-8ab953851a71	993
0576cf23-c7d2-4c9f-975a-28b743a232d7	988
0577051e-fc4d-40a7-a737-f7fd83e5bfe2	791
057f77a9-dbef-4430-a878-e480d8cbbfb8	777
057fd1fb-cc82-4710-979a-cf74c3e27671	989
0584556e-2a72-4583-9d0d-8b26532159f7	982
05865184-891b-4c4c-8c86-bac7d9fe4833	785
058dc694-dfae-4e1d-b86e-365ed46760af	877
05934fa3-b11d-4338-a131-874527b0f5b8	974
059dea5e-46de-4b86-8355-eff4f3c57be4	978
059dfb11-89a8-4c7f-ac07-c32e81e7ea64	785
059f624b-d190-4642-ab84-21aaf2fd235b	786
05a4494e-e54e-4a9b-8660-f3091e61b285	985
05b4e8c3-4fbf-492a-957f-0b87748e0b44	771
05b5c701-2349-4750-9bba-4a35cf66629b	786
05d69b11-9786-4f84-b81f-182f44fe586b	988
05e727de-2657-4f2e-a3e9-d137985acd20	992
05ec8c23-e840-4976-b822-dd25b158da00	1000
05ef7404-b39d-4645-893d-1e1fecbf4a48	992
05f97d1b-3873-4161-9dc0-351ad13f20ac	784
06068bf9-fdc8-4287-a655-919fb7ce42c9	983
061200ec-e3a7-476c-87fd-4a4f1ae2c26c	998
0617bdf9-8407-476e-aba2-761a18a38229	780
061fb2b4-b2e5-4832-9d03-99615372add1	773
0620fc63-b812-49c3-a1b9-7042b09a804c	785
0629af64-b3ce-495e-a08d-08b25b643458	782
062cd67d-1043-4e4b-b2d2-a21abf5ad465	784
062ce9bf-037a-473e-ac8e-1d66fb20892e	786
063a5fb8-f3b9-4c2a-bae8-3269aaef609f	884
0643e50c-8b4c-449e-8682-d8b9e6808dd7	995
064c9369-6a21-4990-8b6a-06157051550a	993
06533531-0fb0-4c5e-8352-c4504ee7d04a	977
0653ac19-bc5e-4f10-b3ac-3b4bc4dddfad	781
065508a2-f615-4618-a7cf-8f07c20726d3	1006
065c109d-d403-4277-8893-b502eeaa961f	785
066082cc-5160-4405-b148-3e60a2fc5a67	892
06661b5d-8d79-41b0-bffa-503f878459c1	993
06710d5a-c1f0-4738-85e4-0f5fb666c916	768
068998e7-b6a5-4379-998a-f9c0e7b018db	766
06982e9a-55ae-4384-86b5-4c1f83e61aed	985
069a9439-68f6-46d9-91a6-02a9c6c475d5	986
069ab21a-f384-4e2e-8f42-8cd333a17956	886
069b059a-0118-44b2-ae07-5ba37b695d56	987
06a7981d-4526-45ad-8c89-464da60f7741	788
06ac939a-4d39-44c4-a093-63531f38740c	786
06b4346b-116a-4fe5-9bd4-e21a28d1077e	983
06bd6ceb-72b2-4ed4-a549-a41d43adaf90	792
06bd8cce-8dca-4f37-bb7a-790b1220bf6a	777
06bf7174-3553-4040-8f06-057e1ce64308	982
06c10d22-eafb-4ce0-bea4-39be67208541	783
06c60815-c1c9-44b5-8895-1d45c62086d9	892
06c8e99a-57f8-48d6-b5c0-31389fee76af	792
06c9548e-226b-4140-84d5-d7035ff605cf	981
06da146d-3678-4b3c-8860-1a80e798b685	786
06dce1a4-acf7-4442-9c9e-c250e135fabe	980
06de7d7f-2b73-409d-958e-5646a4462a2b	967
06e42953-80be-42c2-a04e-bf3a0985309c	982
06e5c301-2b63-4f70-84d6-8b451f95416c	984
06eda017-09bf-40c4-a16b-27e7a333b71a	788
06edfb5e-a77e-49da-a69f-c617d13a7783	792
06f480e9-551a-4d7f-87e4-a42cb5197137	876
06f500f7-a9da-4b09-8024-8b1467019910	983
06fa9645-6e61-40e9-8797-997a17a014e2	790
06fad5d8-2a16-4ebf-a3bc-4e81492bae12	994
06fe187d-53b5-4c4e-a9af-4d9863d6d3d1	1001
0701b749-ec17-4506-b014-58c74d2cd5cd	785
0703a71d-5281-4bba-ab9c-b0b4921d4274	810
07192a54-0360-4ab4-8311-aeb95f79f5f0	814
071a46b2-f287-4397-8649-6a76cbdfb7cd	986
07206297-6a8a-4077-9909-782dcd6b6b51	788
07207379-c770-4799-83ad-69fbb1b09334	788
072545d6-5ff3-474d-ab5c-017719a8a7d8	988
0726c35d-a89a-4a17-880a-13063289cdf4	783
072cdb7e-32cd-49b0-8333-b28b16536a86	886
072f39b6-282f-4f8f-9adc-5c38cd3660b0	786
07375277-b6e0-4596-9607-88ef06c3bed2	998
0737b13b-330b-48b4-aee4-c31c58460701	788
073e0a1e-f4a5-4a08-8843-db6080ae420d	785
0742db05-88b1-4a21-aa03-19c85d74d528	991
074610b0-563a-443d-a8a8-b6198594577b	782
07563661-321a-4849-a295-3f65e79e1482	1003
0757f5eb-6045-4d3d-8851-d6143f325658	781
07588f98-b365-4503-8078-a17df47a320b	783
075b2162-2f01-406b-938d-96a95a3b4b8f	788
075bb694-ff08-4217-b7bb-8e0d6ddf40eb	983
075df356-448e-4068-8cba-049b9fc39119	996
0764bb15-4acd-4ee4-a339-675e9466421a	997
07694c42-1c9a-4bb8-ad6f-c3adaa0c6378	973
0770365e-e92e-4f04-a1e7-888fa675ca7a	996
0770e5e4-9fc8-4c63-875e-39babaff3ea7	995
077e41bd-f977-4c8c-af1f-adad07290cae	974
078fedfe-4012-4cea-aeba-022c323f3474	784
0790e3a6-3938-47b6-9bd6-7805651cd212	768
07965f13-9888-4b13-9271-a3788925a163	790
07a30083-476c-4b1c-bd90-034bcaed79bb	785
07a644e0-0fbb-4efb-afed-008f5ae4562c	1000
07a65a7a-778a-4b95-a3a3-2e0f3c62616e	937
07a8edbd-04ed-4776-af28-b29a294a3fc7	993
07a91add-b42c-49ee-bd95-1dc54dd6b1b4	786
07adadbb-168b-4a25-b9ba-17dbe8b70c90	991
07b28e70-eefc-4d11-ae3a-bd8c19462e4d	894
07b8b4ea-a2d9-42b2-8b76-336740102eef	986
07d2b735-fbda-4fa9-997f-e759f9d6fe84	901
07d7b921-4b3a-452e-93c8-5a8e4e7c731f	779
07d9a355-ea87-40a2-b3b0-1504d3cfbeaf	884
07da46dd-1af1-407b-b05a-4210e0d08b4e	782
07dad72f-d22c-4cad-a35f-9112ceca4509	774
07df0f7c-2d57-4f9f-822e-d0216788ae2b	889
07dfd9d2-fe90-4f29-ad8e-47233b077b49	782
07dfee5f-8601-40b7-b037-cd7e242967a8	786
07e19482-183d-42f3-8ecf-5ce74fc749ed	975
07e4e2f7-e0cd-4b3f-a595-de74ddc02ca7	958
07f1a28b-7159-4a5a-8961-ea74d5726e3f	984
07f6b582-8395-468d-97a1-c2c5da722104	790
07f6f5b4-582e-4940-adb0-bc6a57a91293	884
07fed7c8-6867-42ee-83bd-bdda1f2668ee	984
0804780b-327d-4e5f-b10d-9926cee77b28	971
08084aec-264a-41d6-b5f9-b338fdd602b9	780
080ac049-a998-4e8a-afa8-2729615f8db3	980
080b1631-4a04-485f-bbe0-ecbc4371280b	780
08167f4f-a9ee-4c9d-b5fb-a3705b497497	885
08219201-87ef-489f-b9b4-1b1ece0c4070	886
08224655-90ed-4746-8f91-1f9b9cead07c	792
08226d53-1463-4454-b889-475c8dedc4c8	996
0832b672-4c60-444a-a6aa-a7a897b2d4e1	1005
0835f2c2-1b4a-4fac-a8fd-d405450a0360	787
083930df-f451-49c6-bf22-3dfee04539ee	985
083c563c-cbfa-438d-83c6-2bb8553e40a1	872
083cd64f-6248-4e96-b226-e5ffaa6473e4	986
0840c76b-5d7f-401d-9d14-1d147f73c99e	808
084899b9-d6dc-47dc-9ae1-a371176c0159	784
084cd525-ca43-43a1-a4ac-0bb18c2d6044	987
085b9910-8ba4-4ada-8189-b680a8aa5e4a	989
085bcfea-8ab5-41ea-97fc-0cbfe7912568	785
08618c52-f3cb-4c1d-ab6c-571762cf91ed	804
086471aa-8b5a-4c54-a81c-e03198410512	987
086acbf5-bdf0-4113-b037-6a00dfcb317f	786
086bf141-a946-4e4c-b72d-602b55e3b0e3	787
087f4f6a-bd95-4422-8952-8894045099a6	996
0888ccd8-ab29-414d-9784-6d61850818d1	996
088ac84b-2876-4f62-93fe-2e2c82bcaef1	789
088ee1fd-67c8-4de9-b875-a86574107ca3	787
088f43d6-d859-418d-82d0-bf1a7b8efed1	910
08966ebb-dc3f-45a1-9e44-9c16c42391b1	999
089bcd03-a966-43a6-b557-9ea15159a3b6	985
08a087aa-c615-4cd0-a4d1-3aef6693d092	991
08a6594d-b81f-48cd-83c6-467490730fc9	898
08a73e6a-f7bd-4ab1-91bc-8c141346d592	788
08aecdc7-f585-4c83-b317-ec81092c9f5e	814
08b02e87-e726-4442-bb71-00cdcbee4801	786
08b804d7-f1ce-4d10-a77f-6f1b096d4011	785
08bdb4fd-5c20-4c7b-a677-3ae4f1ea6c91	782
08bf6fae-4209-474d-96c6-491ecb207cf4	798
08c680c9-0b58-4d7b-8156-6f5053c6819b	889
08cf96fb-c741-448a-8a1e-be26f3cac8b7	999
08d150b6-d2e4-43f7-9cd6-e5487a904012	890
08d4d1a7-a1ff-43fd-8998-ea691aadd337	786
08d831e4-83af-428d-a3c1-6b1e977e5bcf	999
08d9bf99-9ee2-403e-b8f0-89c7a10a5dcf	984
08d9c3c5-7e5f-4a5b-aac5-d670cadf94a5	984
08db49e7-1c65-463a-88f9-dedfbedf50a7	995
08dd0d57-37ee-49a7-bdfb-c94cbaca6380	788
08e3d26a-0405-4b01-b608-2fbaeaabc8c1	780
08e49834-29cb-4152-a84d-4e62a0ad93d8	786
08edaf50-0e4f-4b8b-af3a-edaf1d723cbf	999
08ee2c84-5b4f-40b2-aa4a-8b00fd079b2c	1001
08f26517-1e96-45e1-8807-1c225c6a5e77	992
08f30b41-9a3b-4590-89bc-da9f98872df6	890
09018bca-afef-4b43-811b-49c52ff08948	787
0910ead9-a905-4934-83ac-4a063fc84551	984
091506e5-549e-409f-a513-6f1ee83fb1ce	982
09217373-bcdb-4dfe-83b0-461261eece1e	892
0924cf04-b0ff-430f-bb66-d7ee5f5231b4	786
094e1b79-9feb-4561-90a1-e9d3729f7073	786
095100af-3b04-43dd-9ff1-a00fb5803ee0	806
0952d1ca-2348-414f-a419-988bfefd841c	782
095b2e12-21cb-4423-b451-3446b8748c42	979
095d6a48-bbb7-45a8-94e5-690a6a4fa06b	784
0960e8f3-8d22-4ac4-9c58-7b34244a90ae	895
09622b78-b260-444a-aa07-a13a9bf87aa8	983
09710e2a-9151-4fe8-977c-0309641b9784	1003
0979f367-4a9b-4a23-9576-e3b41f7cdd6e	897
097af459-233b-4072-96b9-70c2251669dd	978
09835258-1e7a-4df4-acd1-534ec0889516	994
098a27c7-1de6-4963-af9d-d19dfe5dfbde	988
098f436e-bd21-4695-b690-09b97f362896	993
09917773-d853-4123-8e13-06f403436516	987
099ec734-90f5-4674-af46-69c0ee7ed749	879
09aef810-92a3-41cd-bcd3-18302e5c56cf	992
09bca55a-d59c-471b-8b54-f59fb3ff5f24	888
09c1806d-875b-4016-9be6-61486ec6b4e6	813
09cb4246-4204-49b1-ad62-bfb64a1fdc85	785
09cb4970-1db8-4893-9894-4d68dd128a7c	788
09cc2030-0ce7-4f95-845e-33bd55bb4c70	991
09e88c94-d7fa-456e-8843-7c8a558f05b6	1003
09edd18d-fab8-4620-aabf-b0cd0ab4ee7a	986
09f330f5-4d82-4665-95bf-e2d5308248c2	991
09f9aa2e-d9e7-4fd3-8f9d-c90d95c27392	999
0a046d3b-c71b-464f-a10c-333d418ca46f	998
0a08b34b-271e-4d09-b678-14ad416470a8	785
0a13cb0a-9f55-41c3-9ff1-12c9223b7434	1005
0a14851f-3627-471a-abb2-5da6a902766e	787
0a17b626-94b3-4976-af50-b48c65e015ef	788
0a1d8040-dd26-46f8-aba4-864e0be36795	982
0a1e509e-c31c-4a02-8c7c-badbf8158351	992
0a234d6b-bf67-47b0-9c08-eb4fb951f0a9	987
0a23dad6-cfc7-41b1-b0a1-723c7bc8ec26	978
0a2590ee-cdb4-49e3-a38b-8e603c235ea3	786
0a26c168-417e-4332-8fd5-189b3e662551	779
0a2eb0bf-519c-4c72-a83e-41156a9b8bb9	896
0a46ec26-0e71-4b31-b4e6-f28cb5b66456	786
0a48bffe-449c-48e4-8fbd-513aec441bf6	957
0a5a455f-42d2-4abc-b613-559003b5e3fa	888
0a601af4-e586-42fe-8d40-89b1fed860ef	786
0a6645c2-9044-4c45-bd3f-527b35f38ac3	786
0a66abc8-74f9-4088-af18-5f378ffcc467	986
0a6a63d6-14e4-4034-97a8-a7480e29138c	784
0a6e015a-94e9-4798-a0f5-a46fff4a4ebb	789
0a740c48-0a91-42a3-9166-25468ea55626	779
0a767dd5-5b4e-426f-9fbe-cd65d3d35443	786
0a79148a-a3c3-460e-9e94-4c19a4a5d0e1	994
0a7d283e-9c52-4eba-bd36-f20619895394	991
0a880040-ab34-4415-9474-ccf038c8aa00	1992
0a8a7a30-a5cd-4329-ad3d-4edb6c5545c0	979
0a90ba5a-ebc3-4b5f-a36b-131471d10832	990
0a921bc1-8600-4c74-894a-88f08be50b47	890
0a92ed23-4456-4330-81e7-da8c488ae24b	778
0a97b559-5eec-4e43-b89b-f8043aa001f8	986
0a9c4a24-0d52-4b94-a869-a6cf17d21efd	785
0aa8136b-63d0-4514-9d66-7f1edc0a3be2	988
0aab0c26-c7bb-46bb-a2a2-9635f57a21d0	784
0aac82c4-49a2-405e-a5af-e761889e7eaa	811
0ab27de1-f19e-4da4-a82d-ce9ed9242022	966
0ab3ea0a-211b-425d-bf1b-677b569cd783	989
0ac5c118-5fde-4513-9d09-aebef13cf999	786
0ace8c55-a1fa-4a4a-bbc8-1b20e4388876	788
0acf0fe0-a719-4968-9e65-0dcec6c9033f	890
0ad05cd5-e512-4702-a6b4-c6a0143c44cd	786
0ad07fed-671e-486e-987d-581dba2954b6	786
0ada1fbd-f2cb-429d-b23e-cb5a4822befa	1003
0addf826-9291-4cdc-b591-90117762ed4f	781
0ae1dac2-9013-4090-a83e-c93f6dcc2c08	873
0ae622cd-0cf6-4989-b74d-87fef35e77da	783
0ae73df0-8ff6-4279-90e1-64e0e3831dbd	1002
0ae7f191-a3e2-40b9-b22f-46951357ccb8	786
0aeb13ba-702f-443a-9c87-9426eadaef0d	811
0af60e84-fe55-44e4-a806-4cc3ad9a6a9d	984
0af7f14a-0000-4865-b59f-3c530d999424	787
0afa646a-5440-42b3-809e-7462feca7ae9	980
0afe30b0-b5b1-43d0-a898-07764c8852cf	772
0b062570-c0e3-48e3-aff9-3a7aa6f10a80	784
0b069a49-abf0-4da9-a868-75487a1ec9f5	960
0b083249-6266-47e8-8474-2e2de3543169	894
0b0b5188-e176-49cd-8d69-1c24bfb830d5	785
0b254335-a828-4474-a227-6ecce324563d	994
0b26c0ed-a95e-4d4b-a80d-cdc0a642d850	989
0b2a9ba6-5564-422c-9db6-77d1a85116cd	785
0b2b01d9-1e4c-4531-9f0a-fb699129a6df	890
0b2bc32c-b798-40b7-a444-cb241627e86b	1000
0b3d0a6b-4b29-4384-a3e6-3beae788ee5a	801
0b45363f-0664-49fc-864a-9506bae50b58	786
0b4c0472-faf2-48ad-8ec0-9e816a0bc40e	999
0b4f7192-65a9-4b2d-868d-93215489f16e	904
0b5190d2-6971-4b3a-91a6-b660d93dbab2	787
0b5540b8-a715-4570-b7b4-72101b9d743b	782
0b5e720a-308c-48c2-a8d5-dfd3540e795c	784
0b63329c-609b-4806-b480-8efd4ed688ce	782
0b653e7d-a9a9-43cc-837e-8abc135b47ef	1003
0b7d6c44-c86e-43db-a9f0-ee4604fd01ce	1003
0b7dc96c-2f27-4a80-9f5e-6409c5ff65a6	787
0b80a1fd-3971-4aa5-a181-67c2d7f64709	784
0b82444b-019e-4d73-b293-cbeec4f86789	997
0b8db3a6-07b6-45c8-a61f-c488d1eebd00	785
0b90f43e-1969-477a-83dc-fe07493ad65a	784
0ba6546f-1fa0-418e-a5aa-822c72774012	995
0ba8aaaa-f8cf-4ca5-977d-220b7f03335a	988
0bb6cefa-8589-41bf-9dfd-8c8ad2205852	978
0bb9af54-aee3-4995-86a5-d0517fab4d27	984
0bc292c1-ebff-4360-ad43-9abc0f5fd7bf	985
0bc49fcc-b02b-4356-93a8-0143af394325	784
0bc52abb-0c5e-4ea9-b2a6-956ae4271941	783
0bcce949-e0dc-4d33-b720-eb3e9ae30cf5	783
0bd466ea-8500-4a56-8036-47e5cf74d22e	785
0bd796a0-6f97-4f00-8713-42cf42b65945	983
0bde3351-e979-43bf-86b9-0997e4432e9e	892
0be010d0-3248-4a24-ae30-95b052ca2334	785
0be7c5d9-6154-4df6-9126-c2b98a067fb3	819
0bea3986-5e44-484a-b9be-7263e4d0dd54	783
0bee8934-b77f-4a46-a744-9cc10876e919	992
0bf44814-1438-41ff-bb41-0a00eff0e661	791
0bf8b685-cfa0-470a-9adb-fafbd16663ad	784
0bfbd3fc-e8b6-4b33-8d17-eb455ddbd980	776
0bffecda-53e9-4d4e-9072-0bb8aae8f9ee	784
0c0a1748-8e88-4785-8959-6ac1d85203ac	989
0c0a8484-7260-4d0a-bcb3-edf21361664b	786
0c0d4279-ad06-41f1-be36-99df7663a601	994
0c0ff353-be12-4336-82fd-46e9e4d2df52	780
0c12d930-0b70-4980-95d2-8f50babf72ad	790
0c1c374d-9b4f-4aad-b987-69baa649a5fd	988
0c2298cd-588d-4fd4-bbdc-f2ee982b406e	988
0c22e38c-bfd7-4841-bec6-f763feef53fe	888
0c26beec-f7f4-405b-8dd5-e7f86d959f8a	779
0c30b563-a4df-461a-985e-a46f87f127da	963
0c311292-b857-4d5d-a3f7-2151e45d2e30	780
0c37abd6-b15b-4943-b1bd-e55c7454bc81	981
0c39788c-fccc-4b2a-8a4e-f2bb3798091d	785
0c3a62ec-927c-47bf-98ff-231d9a93ff69	989
0c3db8be-35f4-46fa-a350-75deea1ce954	988
0c3e573c-69c7-4406-b634-2a928034f956	995
0c3f26d6-33bc-47f2-8145-fbecf20379d7	991
0c411f4f-d077-4cb9-bade-3fa5d6aaf536	985
0c48bbe9-01a9-4733-9de4-4d197e91f1a5	784
0c49bded-acae-4afb-a3b4-375b7e6cf3ee	993
0c510c96-8a0c-4d34-9c25-1171d43a1d1b	888
0c560664-4cc9-415f-9b99-8ad02aaa21c9	784
0c56663b-dcbd-4a7a-bb15-385377c2448e	791
0c63048a-1ce3-4b50-8e1a-933ddf97b126	785
0c66a540-acee-4883-8a42-0f2750906a7d	986
0c68a246-bc04-457b-876d-e1ba2ff6589a	974
0c70bca8-b02b-4bca-9113-943166da7616	885
0c8886bf-300e-46d5-8093-f45cc0f6bb67	784
0c908070-be34-4347-973b-1525ee884e67	779
0ca267ea-4c09-49f0-bf73-76817e094274	993
0ca3f680-0734-4baf-9460-de85c028b4ef	989
0ca873ae-f34d-4887-86ad-3984a9b0c1ef	993
0cac7ecc-c311-4104-b311-35f6692004e5	1002
0cae4c6f-4db8-4a6f-a5a3-29611776dca9	1163
0cb9cee3-4eb6-4632-ad1e-e92e36b355db	812
0cbaeef1-7118-497c-b915-f254030151a6	1765
0cc307b9-8ae4-4f1f-8ed9-a1cf956b082d	995
0ccbdbac-5eb2-4ce7-a051-4e0e788f5a69	779
0ccdc8fe-626b-4477-8a3e-838417952261	785
0cd27a1a-7f28-4d24-8d11-242c91826d87	786
0cd562fa-0aef-41ed-8292-008c2c35cffc	895
0cd7530a-5c38-4816-b53e-80f69c2cfea6	991
0ce03de0-7f49-4bad-9b33-f703781d4ad6	888
0ce3bba1-c510-4fb1-b792-c8b43c87b0bb	785
0cea7741-9f9e-4e50-8a25-2de99deccde3	898
0cf0558c-10fa-4490-8da1-9f6b6e705269	785
0cf12fc4-54ac-4e22-ac87-305c181b19f1	975
0cf45f97-94bb-4a0b-8db3-1a14e87e493f	990
0d059b4a-ed68-4ac3-8dee-7e6715b2abc4	1006
0d0ceddf-d1eb-4d5c-9a27-f37d63fcf7b9	993
0d0cf0b8-7df0-4e64-b7c1-95722f1a6cc6	984
0d1b8936-aefb-44dc-86e7-2cea785a84bf	984
0d204fff-a338-408d-9bb5-d70fe7d024cd	990
0d22b176-be6c-43e5-bbad-510206ff103e	782
0d23419d-fac1-458f-a795-ca1eca36a68c	780
0d331c92-6d0c-4b16-9f89-f803237f5ee5	811
0d3975bf-f37a-4889-a953-93f07a58f042	983
0d4537f9-93ed-4c13-b18b-7b7949029ee9	788
0d4bd76a-24b2-430a-84d2-dde350abfad1	997
0d54fde5-751c-43a7-9560-0f63bab15753	996
0d56fc7f-ad11-4e72-83de-1c3eaed773e2	782
0d5ea7de-980b-4e8d-abb3-b7c6f3ec15c1	887
0d5f51e0-6295-4d96-a17e-e9bf37b9c1b0	1715
0d633589-ce04-4de9-96f2-f432d971fc62	891
0d66dba3-0b1d-4172-9c9e-2bcf92b4236e	782
0d6cf6bc-f7ed-4bb7-8a9e-145a81dcf331	786
0d6df513-e1aa-4283-8902-4c9780fdef1a	776
0d6e94c4-55f2-40be-b003-78ddf6a6fdcc	785
0d7071fa-7dc9-4571-9f4d-a7d973304560	889
0d727336-fc27-4923-a370-4ef0f6be5bc5	780
0d74a30f-1402-4f16-8efa-89eeb54147b8	988
0d7930ec-0ebe-47d9-a500-bbdf6de8e1fc	785
0d7c4485-9250-42af-b97c-b7d55471c7c3	1992
0d7d9b48-be1b-480b-b215-54b46ec4b0f6	786
0d80bfe3-aa69-4fe7-81a7-72261827270d	845
0d8322c5-2f1f-48b5-aa58-7462478923dc	787
0d849ec5-667c-44b6-b58b-4e47b9751da6	786
0d88414a-4029-439d-ae0f-61febe4456e6	784
0d88e3ce-fbb0-443e-bdb3-7f167de17cf9	985
0d8edfaa-847f-4b6d-9737-6ebb63551d58	787
0d8f1281-29fa-4ab4-90a3-4b6ee8e23406	780
0d9285c1-6dad-49de-8332-c45f099fcc4e	784
0d93bfde-3335-4cd6-8d87-8617a0fd4db4	785
0d94f455-ed60-4793-9a1b-df9878404e01	988
0d96102a-a1b5-404f-bfe5-79e29a767a50	787
0d989ddf-a929-4dfe-9de0-19a2b23cab50	890
0d98a048-5787-42b6-8ac5-9c8f3ec1d70d	782
0da0bec7-d8fe-458d-9069-6317429a578d	989
0da95a50-5389-408e-b3dd-b27729e86556	991
0dae9360-0425-455a-9f1d-1caa71bab747	998
0daf00a9-e653-4f24-8412-a57ed8a29e21	968
0db27867-ef18-4bba-bc8a-1abc037d1c32	985
0db35a2d-ca77-4147-8f3b-c75670ec2233	785
0dbe326d-98d5-4248-af07-9012d6d3cd79	995
0dbfe389-5e5b-41a1-8529-807256563eb8	781
0dc20ef6-ba06-4f55-9e5e-e388c95e7833	977
0dccebd9-2917-4625-b476-673fb683769a	994
0dd27d8b-0678-476a-b874-a14248e088ad	892
0dd6d07d-b526-4dbf-b880-9cc1cb881bd7	893
0dd72b0f-0d3e-4f41-a9d4-12b57fcd9ba4	993
0ddca859-bbfa-4c11-a235-d23eec1ebca3	983
0de07e39-8045-443e-be0d-949778148cf3	995
0de2e834-9745-4b49-89f4-e068b5fae4ff	787
0deba46b-4ebc-4566-ac49-47037b7609f6	889
0df166af-af4c-478a-96cc-6d3bbd48bbaf	887
0df5abb4-9865-41cd-951d-3e212db576ac	891
0df946f9-ab49-4bfd-aabe-c0000410f536	788
0e03b2a2-2a33-479d-91eb-120bc852638d	780
0e081f78-8ba5-43e3-bfbc-c2a0dc57fb55	787
0e0833bc-495b-4d9a-a9d6-3e1a089ae9c7	994
0e193ee9-2402-463e-86bf-a477e6b7a0ef	997
0e1b5b6f-1997-4656-b23c-c4a9f4308f47	782
0e1bda85-e089-439a-91fb-3b022821cd73	787
0e2826ed-da66-46ce-835d-5357aee0b060	784
0e2eb03b-8a42-4d70-8d2b-1dc9fc9f7aa4	982
0e30d36f-e9af-40f8-a005-1369d577760b	886
0e386fdc-4a38-4de3-8f2b-6b5594858c65	1000
0e3908fc-b9ec-4528-9749-633a54bab2fe	798
0e42ff52-d80d-4f07-853d-cb78a28fa902	781
0e462e80-9206-4b5c-9445-9904e05952a1	1000
0e547fb3-90a9-4990-8458-bc00993d3447	775
0e54e070-38bc-4ce6-8d49-bbc5cfaaf626	994
0e55e35f-6393-4e05-be64-1325589a48e6	884
0e5ae0f0-b71c-4709-a094-16598b8d9b41	786
0e5d22f5-0f07-4fc9-b157-b12cb776364a	783
0e644bcf-43c8-44c5-9448-25eab1cba5cb	989
0e66c9b0-fcd8-4065-8abe-ae93b88391ef	787
0e72e78a-6b1e-4934-8f27-248ab4fba34c	902
0e76fc70-a48c-4210-800a-4c5b37db1e15	990
0e776439-b82e-4ff5-b432-09cdb41729e1	882
0e7adc2d-44cf-4676-8726-15dd60929229	988
0e7bb621-8ca0-4eb3-897c-80106f2e44c5	977
0e7cc243-e666-49c3-aacd-e5c351f5c780	893
0e81c20b-82a8-4f67-8960-4d8357b22e5a	783
0e89ca49-760a-4b4d-bc66-3354a1538d0a	998
0e8ea997-eeb5-47d3-8203-f8893ecae5e1	774
0e91979d-3a95-410f-83f1-17694ebca4c8	785
0e972872-78ce-42e5-bbe8-3ca8bf13214c	993
0e9ba3da-9ae2-410b-98a7-060808571d29	984
0ea4f75c-f85c-4d2b-bafc-00ebc0447baf	986
0eaa8d44-996d-4799-a5d9-88ff36832b4e	877
0eb0e3b2-27da-4d5d-9443-ab93cc4d3365	889
0eb6e61c-de05-4497-9e09-aa691f539770	991
0ec7f825-eaab-45bb-afd9-4a8ed7efd0b6	784
0ecb12a2-5bed-4936-aa4f-65384bd01c3f	995
0ecfbe9d-d904-4f31-b465-c4f4cf38f65d	1002
0ed0f859-3b78-4481-abe9-2f209a2fdf10	888
0ed298ba-9760-442c-9ce5-ebf92acc42b6	788
0ede4b7c-cace-4f3e-8d3b-c28564e51b2c	984
0edefdd7-de16-4dff-8898-51246c1ae602	787
0ee0635f-d5b5-4bef-8bd2-0e810cd62619	989
0ee2af0a-8d8b-49b9-ae1a-1b1b59303c50	771
0ee3c36e-72d4-4fac-beea-5548bb6a4459	987
0eec12e2-d7e4-4b44-8440-7c9eec1d6fd3	780
0ef35a9b-ec64-45e5-944f-2504bb3e5ef0	978
0ef65740-b84c-4a9c-9c64-22fcd550aa8c	906
0f07fad5-f115-406c-b55c-846596de9734	987
0f0f72f5-7c84-4028-80b1-fa1e9a4fd7e2	789
0f1044aa-63aa-4f50-bb08-acb4281b7574	987
0f1429ed-261d-4971-8486-f923b04b0f60	782
0f15c630-80f1-4322-854e-038437381fa8	782
0f16b0fd-53bd-4440-ab93-689e9a4d1a3b	977
0f185360-8c77-4a84-9980-624059c83c62	987
0f18b72f-5a3e-46f7-9ef2-872a3302570d	981
0f1acbc6-25ba-4465-a5a6-5b675b55c334	1000
0f1b23ed-35eb-43be-ba42-f513b5158f76	783
0f21e5c0-6ae8-4b1c-9024-bf6de7d98ee5	1000
0f28a1a3-504f-4375-ad13-9a7c574cb362	985
0f28d5b2-6693-4c34-bb2d-2bb5c8b3d390	786
0f2b52c0-c13b-4b4a-8440-05c8bda98476	886
0f32bfb0-abb6-4546-9f3c-a286a2ce7e70	783
0f3f2aee-0ef3-41ce-bbdc-b96228ada232	996
0f4233b1-291b-4a15-82b2-a60af8f7acfe	788
0f6862c5-04bf-4030-a655-605c15365276	788
0f6b7db4-fdc1-40c2-bb0c-a8d1b3be4527	1258
0f6f272a-80d2-49cd-bc1c-4799cb99529a	984
0f6f44a3-5f91-477d-bf7a-786139697e6e	1745
0f6f4a7b-a37d-4dec-b4e6-2bd63f814ce6	888
0f6fb9ba-7c99-4c3e-9cf8-05be0db38374	978
0f71853a-ba97-49af-ac5d-eede0394fc41	985
0f85b4ea-c4c9-4069-b5fb-6f0fd1402d97	1003
0f8a0909-a04f-4c58-9da4-8f52d31f7d2a	784
0f966393-d588-4ecf-ba23-b1dea158e907	787
0fa16e75-cb02-4b6a-93e4-d130b41b5b74	997
0fa523c0-6133-4336-bf20-4bea2f274f00	817
0fa79fc0-b049-416a-a6c8-12a6de774c9e	780
0fa8275f-049d-4409-8423-ae78c91c0fb9	985
0fab97a3-45ec-4811-ba68-865ac71a87ff	996
0fb100f2-e287-43e8-bb94-362509816b24	985
0fb469c1-ea7f-429f-a4b5-93bbc6b2b650	994
0fb4917a-fc34-44be-96ca-0611759f4ee9	989
0fbc6012-d7b4-4e4a-acad-9f86f514f28f	989
0fc2589c-9680-4236-af73-cea7086cb177	1003
0fc7ad63-57bf-45ca-b2cc-2a3fa6c94865	1000
0fcbe585-7eac-400e-9246-635ff339d87b	990
0fd38b66-7dd0-4174-a91a-c3cfd5c8aa4a	991
0fd3acb2-2d81-477d-9b59-493141eb3ee4	994
0fd60877-96e9-4975-a1e9-39dd115c521a	791
0fdb21a9-e6bc-4683-9f60-023221af3b2c	779
0fdca9c3-ac26-426d-81c9-abb461b984d3	788
0fdd5a18-d5c2-4846-89fb-de0e0864384a	791
0fe4a543-9c50-4045-9dea-7049c56bdb9e	783
0ffcf3f4-577e-4117-b7f5-2d1852cb9348	783
0ffdbdb2-637e-463c-b5f5-60d84ed14f69	992
10088ddb-98c1-43de-9431-8ea5a5220b79	781
100e308a-2102-4f4e-aa2a-5e4087fb13fc	985
100fe54e-6568-4a00-a0ab-ac2ff2c422c3	987
1010a94f-d09c-4087-870e-020dcbecefcf	785
101ec412-2e5a-444c-bcc6-a99e09ef1dad	786
102535ed-5fe9-43a4-a7eb-fef49a8686ba	982
102a3629-43ae-4377-b9f6-b2f894af028d	786
102c434a-624e-4e22-8777-cc3d762e7a79	784
10378097-5bf2-48c7-ab2d-8d0e722e3f32	892
10398ece-91fb-4972-9f31-46e3c233ffce	779
103ec049-ff0b-4209-acae-cae57712a807	984
10415d52-05f8-401d-a06a-ddf2f1eca778	786
10464044-0964-4a56-9b78-ebde214600cf	782
104cd81d-a547-48b0-9160-5cfab84c6485	990
10622dfe-16df-463c-b769-5a2627e2c240	786
1073e32d-b6eb-453a-9034-377925e4bd8d	988
107741a8-fff1-47c9-9bac-998195307377	976
1077784b-99b2-473d-a6c9-f4afb972b14e	982
107efaa1-5b8f-4976-85d6-8e463b111c2c	974
108815ae-57a5-4e6a-8eae-1e762c51d2f1	777
10895d0b-80de-40c5-a463-4cc24ad0fe38	777
108b0a23-6588-4e18-a7dd-0eb67b590034	986
1090b47b-1f6c-4190-878e-286b33d1ab9a	987
1096f540-d88e-4192-9277-76fbad6fb5db	985
10a21030-e88e-4154-8440-c312bdf22c54	1006
10a3dcfe-330d-4364-b984-1c2a81fc14ff	988
10a7f287-1b60-4d11-a683-8c338739f10a	982
10b0d5b9-ddb0-4f87-abf6-db977b9be888	991
10b46d95-b3ee-4fd2-9fdf-76cfffcf803b	881
10b6b772-08e9-4d59-946c-bea5f58770a1	894
10b96afd-532d-467a-ab8e-9d538a35219a	991
10be1059-047b-4e64-9e62-470427e0566a	783
10d68619-45af-4fb6-b162-f5450239a7a1	780
10dfdd02-d9ea-4959-bd60-e991d4058266	896
10e48147-52ed-4bbe-b0d2-ccaabad0931e	1000
10e94ec4-109a-404f-ba1f-610858afda9c	995
10e96e2f-c5a4-4983-ac11-c118d9b9fe1a	992
10f0a01f-eae3-4184-8eb8-4aa183e2a5b1	788
10f21d7b-cd36-4620-823f-96cba1e80b8e	779
10f8e8d7-ffa6-4555-b5ff-74d5e67b3189	993
11012bb4-2248-4fd6-8de7-ef86ef3235f6	1242
11048716-61bb-406c-9811-07426b6d67a2	787
11057607-0d2f-409d-836a-98056fbe805d	782
1108cdf8-e521-476a-af22-2d5b0f72fb01	785
1113ceb3-bf3c-4ebb-89a0-c294b044f803	785
1113d263-d02f-4965-b826-fc8ad4c5a7ee	886
1119c55a-8fd1-4eb6-af01-c0b0b25ea262	997
1119c971-ce51-46e5-b584-abca1d2c3d32	995
112255c2-478f-483b-b871-ff0b4af0f045	769
112c232b-cced-49ac-ad78-bf31d5ecae61	983
1131b3be-709c-457e-8231-db76ab299d43	993
1132da2a-1529-4684-8fa1-360b8bde3ba2	766
1133d7e7-6f34-4299-8b4d-13d2a0cd865f	783
1141cb6d-ae5f-47bc-87e3-ac550d9f94fc	777
1143f528-ebf6-45da-8c0d-329ec1de1a7e	782
11469fb4-12a8-4c5b-9da5-9dd71424043b	787
11493e37-4373-41f5-99c8-341a1e16e9c7	782
11561b15-a40b-467b-8ad6-c52da48ff47b	998
115f0d71-cfee-42c1-8f85-1b3fd017a87c	1002
11626c18-1da5-40ba-9aef-a6d9d80c458f	989
11651e91-00cb-47d6-aeb1-d265b96443f1	779
1165c787-43b8-446d-8265-afc1c358b451	781
117599f1-1bfa-4260-a960-5feeac54ae1f	775
1176749f-0e0b-4589-8357-e8846dfcef80	783
117d4332-25fa-4767-805a-fe46c46fd721	873
117da8e5-f0c4-4f5d-989e-6f04a4db0d05	779
117dce45-e04d-482f-8e0f-849856ce8725	891
117f8e10-a81d-4a2e-854b-2236f931cb80	786
118150ab-185d-4c64-a55e-bb28af73dc45	780
1181be89-1897-4149-9702-8dc6a6c92377	976
1181fffb-c587-4a25-813b-e636639004f2	788
1186a1f2-f663-405d-80f5-b8fcbc7a7007	878
118d38b7-fee6-47d4-8280-0aef32668172	782
118ddbe1-9c3c-4588-a916-a7d30a4ba435	771
118fd888-0148-4b63-9d24-6ed253f5b4fc	786
11aefb0f-de1b-458d-abc5-55cc64c4d7f7	784
11b6521c-61d7-424c-8cf5-e8e6c8dfb3ef	993
11bb490a-4d8e-4ec5-917b-88129538fd3f	996
11bec543-1b96-4c5b-ae94-6852bf1ef6ac	787
11c14cb6-9ec9-493f-9985-1638822aed8a	787
11c23ce0-0618-40ae-877c-471d2b8f5b82	787
11c3b4c1-54ef-48e4-bf2e-6cb640f77eec	782
11c62dcb-77f0-4f0d-9794-5accaec7c25f	783
11c6dd68-721c-4099-a013-80a407decc33	883
11dae01b-3f10-4ebc-a651-26fc97ab6c7a	886
11e4e19a-37e5-418d-a7ca-73a846236b1b	1002
11ec4819-4b85-48ed-90f8-7f0f94ff4434	994
11faded2-8482-4539-8e6b-86b339d45489	968
11ffe904-df71-4481-a1bb-eff80885becd	799
1201a2e1-e0e1-4a54-860c-c3969a648ff0	786
1206d233-8a54-421f-8d4f-84aaa4aeffd4	1000
120b8a03-6392-41ba-95cb-1fa7dc9d770a	787
120b8f4c-fe5e-46e1-90b9-81d16ad7641b	976
121c3465-76e9-428e-84d6-cb5e2db31315	986
121d1200-e9f4-4fa0-97e2-901c0301516f	894
12238a91-622d-4b11-8e1c-266e4a81e21e	787
12279210-6153-443f-ab5f-e5c2d76a79e3	782
12350947-0a51-4bcf-a923-f034b6f48392	991
1235638b-90ec-43c4-8408-e9092103a4c5	968
1236faff-71ad-495b-a54a-a6866f817577	882
123a4456-84a3-4966-99d2-1c1c1c185f94	786
124a646d-7c6b-461a-8974-48f9e258d022	777
124b8351-69d2-4db6-b6e4-718146c84a1d	992
124fd138-3275-41ba-a433-08739193174d	994
12533740-fc50-42fd-a1d6-4aa8f64586e0	807
125bb96a-40ab-4898-a071-81f2df4719ef	982
125c7d9f-15f0-4d40-8f1a-dd62d407ce4e	790
126a98fb-e92d-43dc-8d63-b3bc8497cb52	989
12719bb6-3caf-4722-aeb1-79c23c18ad18	988
127a0ffa-3907-4eb5-be48-05bca8e89ae1	782
127a330d-7f18-445b-8fa0-f58cdb3c71dc	993
1281dbeb-1f04-4252-bba6-b3db95d798ca	984
1282adfa-bb72-4811-8400-69ed2df8ddad	883
12836007-16e2-410c-a3e4-4c0051bd6685	782
128b45ca-1419-444c-bac7-70a8498d30dc	912
1292f8db-6b9e-4483-9748-627c3001d38d	884
1294f8ba-9abf-4ac1-834c-da632379d677	897
12977eca-5b83-4979-8efc-9d5022e04f4e	976
129fcf2d-260b-449d-8730-97ec9f9181ce	991
12a0716f-d695-4d1e-b17b-0117a1c2147b	984
12a60734-5f7b-42dd-8e42-9ab72e1d4215	991
12a6c343-9337-45ea-984e-274a48624323	623
12a7e419-5dd1-493b-81f2-339440a1093d	785
12aaa4e9-d4b7-4ffd-8a66-74d4909aa618	887
12acc6dc-5a18-4758-97b2-5c911b467064	787
12af9e41-d8c5-431c-a3c4-38d21bc60fd9	989
12b48b44-e2c6-47fd-b052-36740401760c	784
12bba770-4b97-4cb5-9274-9abc41e11219	787
12c94a26-410c-4e95-a0fa-a184c97126be	785
12d3859f-7c47-48c4-88b9-fa1ee4f465d3	803
12d41fc0-fa4a-45c2-80fe-4f2bac68b218	787
12dcfd7f-f18a-42fc-bf45-415672f2724c	986
12e30fd8-7fe8-49d7-886d-206bbc865cdb	991
12e6f58e-1ac2-43e6-b808-7daff4eb046d	1001
12ec7861-acc2-4958-9445-a8249b397620	888
12edb677-b9b0-4ead-a7bb-d882aa206546	992
12f36c00-a406-4a9d-a814-283c801b184a	778
12f37b03-f10b-4935-9343-2cee0a764b53	982
12f5ca39-042f-455f-8003-e9de31c60c9b	971
12fb2d7b-96f2-4455-8ff2-ee98667cc2d3	1002
12fef0a9-ed25-45f1-beb5-3566d3256e27	984
13054c9a-d0da-45a0-9b4a-133c96ece10d	993
1308a12a-9db2-4225-b523-0188de324bd2	998
1308a84f-887e-4938-8971-13fd84af5e43	774
1309df8a-3349-4be0-a4fb-e456b7c1e2dd	1000
130ada8e-06ec-4d27-b422-ed16a00a814c	784
131279fe-cfc8-4357-bc7c-c4215824e853	793
13178df1-193f-4aa2-aad2-02971d5502ef	786
1328b7a2-85d3-4777-99ce-0d50f4e699b8	787
1331ecc8-634d-4ed8-9e84-3a778c38577e	998
13397e84-8cc6-4860-a9ff-13732f222faa	782
1339d1bc-9e36-412c-8c87-9461a7b5a55a	981
133b1417-905a-48dc-aa60-37e456630c8d	788
133da864-c771-4c33-b982-defe4631f252	785
1353b861-776f-43bd-8711-80db57f8fc49	789
135484b1-9f89-41a7-9aed-db18bfa34643	894
1355bddb-c4fb-45f1-85aa-208792902d92	986
135b7cdd-5ff3-4f96-a5b7-f69082aba86a	790
135dbdcf-7758-4f8c-a051-770ae12f72d5	789
13674c1c-5856-42c1-b821-b5f736b40f4d	917
1367c572-cdb0-462e-bc00-3e74bb82124e	787
136f25c1-8d17-41da-94fa-31cdcb8aeb3a	784
1373f7b0-a921-40b5-a0f9-3ce2e1c1cde0	889
13748005-9536-489c-9558-842f752dc365	778
1378f4db-0f2f-49bb-ab27-7d6cd379164b	789
137e64af-b1a1-41a0-add3-07069464491c	786
13947a20-def5-48bf-b451-4b0d6b6a01d1	808
1399dc78-0a47-4abc-bd56-b82745036621	772
139cc897-9564-4498-aff3-8d798a530bc5	782
13a23dcb-0d17-4227-9d48-ae57aa1e0ea9	976
13a430b0-ada8-4c15-8046-e9bab5c70316	786
13a6a1a4-fa31-44cf-ac57-0d581d358f27	982
13aec3fa-c81e-40a3-8056-afa8c71b534f	785
13b509bf-018b-4d02-9afb-b0198f9640aa	1000
13b83794-82b7-4abf-8b93-6b35e45b22ec	888
13b8a0e1-e1d5-4612-bf16-72d82d5a2ec6	784
13ba32bd-c261-439f-b325-b2396ab33891	1002
13bac5d3-a9a5-4cea-a0a7-2ea2e0c10702	1002
13be9e01-8fef-4bc2-ad33-e055d2454bc1	980
13c82f60-99fa-4344-9b9c-7fbbada2a5ea	879
13d0988f-c32a-4155-aeba-14c495bf58ac	990
13d51f65-bdce-4d9e-b8f1-75f86f0549a0	1005
13e2f197-1cf9-4e9e-a77d-c296f6184044	999
13e87a73-e488-4b5a-aaf6-02ba2092b315	784
13e93191-6f05-475a-90a6-3b0479c8f10f	904
13f305c5-16bb-4869-a282-2e7b20c3c109	778
13f6f85f-876f-4ffe-8614-304ebaa33a62	788
13ff0fe0-0881-49e6-bc45-0df8ca9f251a	983
1410573a-604f-41a0-b36e-585e19eb3485	922
141bf5d3-5459-4d60-ad8c-910b4e12f1b5	887
1420e5ed-d336-46bc-bf0a-ed4a99f22ef5	992
1421b0c9-17ec-4d4c-a8d0-e115f6ccc105	995
1424ff25-0d79-4c43-aed9-549790da47f8	981
1425705f-2042-4a07-bf17-23e7ad7301ac	776
14368e49-6042-4817-9fe6-af2c54abfee2	781
143ca286-3442-4612-8bf2-25857b456eec	892
1440dd43-2778-4e7a-aff4-ef335c797d3f	1001
144b7ca2-27fe-488f-8217-7f18b2943d12	883
144cdfc3-68f1-4a21-9c25-886cb8e62645	979
144e844e-acb8-4967-bcc7-ee8f1041833a	977
145785b0-dcea-4a9b-84c8-93872ff4e7f3	782
145917f8-ab29-41bd-9612-3621ea300429	780
145a4133-96cd-4c79-91ef-e1527461f0aa	786
14605ebd-9892-475c-8318-6150391a8ffc	782
146e9da0-5b90-48f3-89b7-46ade40b446f	785
1475d251-66a6-4c48-ab19-31a38d67ac12	1000
14772c5c-02c0-4eba-8a6b-c5041c5c3bdc	973
148cd9d9-2cb0-4407-96ca-96a26881a6d0	978
149317a1-26e1-4634-b9b5-a70b025162aa	786
14a76f21-632b-49d2-9b33-f1bbdffc11b6	901
14a9bcf6-8669-4f06-a7d9-444283dbfa2d	979
14b0aef2-9278-4901-9c2f-210da104e0d7	1167
14b96c77-cbe2-43e8-b230-cecff714b447	965
14bff0cb-cede-49b8-8e30-2ccdde27b9b1	787
14c73ee4-e975-44d1-82dd-90974e123ce9	998
14c7d851-f911-4083-b729-403c1262e4b1	781
14d233c7-6d26-42d6-9c88-94dba9fe6f33	785
14db308e-08e8-4276-8be4-10a1b73a04ae	786
14de5394-93a3-4208-a59a-04f10fdf7603	987
14e1ca5d-9423-43c9-ab9f-2a5965730544	998
14e4f8dc-2e9b-4b6d-9cc7-ddd50bd4efdc	786
14e82d95-4615-4954-bb90-61d5c97fe8c7	763
14f77d55-749d-415f-bfe1-34ff3744e7fc	978
14fa279b-99a0-4423-899d-3113e911d0a1	887
150ec84b-2552-4899-8fec-a5989dcb5cf7	979
1511da46-081f-4217-a9e0-65b202fd8f20	989
15140b9d-2b60-4bda-9d17-8da3e6529718	789
151b4711-fad4-436b-a047-783f92b2b8ee	995
151b8c35-7143-4345-a63f-a69c50d9d7bc	987
15228c59-d450-4c8f-a42a-a49fa57fe59c	984
152410c4-9a80-4bb0-84cd-b3ca1a31147a	785
152a87ed-4a60-4491-b2f5-0b4424d76b69	888
1532dfc5-1293-429d-9298-7e2ef0ceab9a	885
153bbeeb-a935-4847-b51b-c295659e9cf5	975
153dda5c-d022-4b2f-87c4-5e6bab68bef1	786
1544a640-18b1-4013-8610-1e62341aa7c5	784
1556eff3-b25f-4fc5-8cad-fe599d7c469d	770
155a6fc1-7bf6-4950-9654-265ec65dd3b1	783
155b1ee1-6ce5-4ab4-9e89-28e80aa126e4	977
1562a9f2-8a9e-42fe-b067-71b775258e36	887
1566c880-7286-4abe-bbc1-991ec79d45bf	786
1573fb19-941c-48ce-8863-eb5eeb35e6f9	786
157458a0-ff02-47bd-a872-4dbdfac673d9	787
1577b2dc-6bde-44ae-bd1c-e32b76ea7bf5	780
159c0616-5b18-47f5-bf5a-81d5eb9e1c53	977
15ad8b06-9c0d-467d-9cd1-2271a62480f7	972
15b0ea48-016f-47cd-bf82-7d69d89ae99a	885
15b0f065-23e6-4ea4-89cc-1470dfffae9d	791
15b26897-93cd-4f5f-ba3a-16860c0b7fc1	785
15c2bb1e-b265-4ca3-893b-3fa8d8b2cffc	987
15c5989f-9eee-423a-a474-78189975b8fd	787
15c9e261-1b60-4185-88d1-d4a6560e8789	775
15d07090-442f-4e4f-96d8-37b19a454f76	786
15d1a94d-11ef-4eb7-bd85-1eaf2a4740d0	786
15d3dfb8-1390-443c-ba27-508b43d4fe9f	992
15d8adde-1f45-4cf5-97c8-bf520940b68a	990
15d9aadf-d91f-46fd-943e-4fb3b8f56e39	777
15e3325b-d934-43a0-9217-f2c01f7f6dbb	983
15eacd58-9886-4506-99be-68fae1f0e37d	789
15eb2ac8-ef61-4476-bf01-7c1c57bf213a	779
15ee1cf5-2f38-46fa-b7b4-3936f55b3bdb	815
15f58cad-7196-416f-b8df-5a6bc3d5afd1	636
15f6fa73-8568-4e68-b4cf-12156e969794	789
15fcfaba-36b1-4e73-82ad-776fd4a652b3	996
15ff8087-ee57-4a88-baed-1ba578a83457	986
16035062-2318-4246-affa-57812af5204f	785
160a31c2-4588-4a48-ab86-ccd03f750be3	999
160b1e54-2afe-4040-b9eb-9c4503b32de2	817
160d4d84-a7e9-47bf-947c-fc41af8d139c	815
160d7a1d-5dac-4994-bd9a-4be35a42e853	982
160fba22-a804-4b50-b801-a002b8f78118	996
161781ff-d88c-4b08-a6e2-e5c071d34fdd	983
161e5ebb-97e4-4d7e-bf22-38d80c38cfa6	784
162424bf-a3d5-48b4-8dc3-4c7d0d4d6b27	868
162e7701-da08-4c02-9f8d-6365dd9aa6b9	773
16315a02-c26a-4530-a475-dcddc609567f	985
16331373-9d71-4617-9d18-47c4c0ae0c1c	781
1633d59f-f682-4b09-a1be-7423362ded1d	787
16350758-d9bf-4348-87f6-8186e6043807	998
1635a046-6faf-459c-9b71-24d9b6e0e9ab	786
16375307-89eb-42ed-9ced-7805e5c0ec4a	785
163b196f-8711-4007-8ce5-bf624a036da9	785
163d97a9-734b-441a-a098-7451490b87e8	896
1642a5d9-6b4f-4b36-82b1-63d140490638	788
1651225d-2681-4aa1-84e0-494d3c9b85ac	966
1654bcb8-1c37-4758-a63b-d7ab731c4685	785
16555b7d-3027-4f72-994b-56f2a2ef56b4	981
16568e0d-ae52-4968-b68c-88bf2996c913	783
165b5174-df6c-4bee-8c56-e0260744f504	789
166276eb-8e86-4bdb-acfe-ac2920f96b6d	977
166450de-ded5-48b4-8b87-3e42dde54e01	781
16680f73-e51a-49f6-9979-873381ed045e	994
1668dce5-61c6-42ff-8fbb-605ebee493a0	796
166b9a44-16bf-4288-825a-69276db8304b	769
166e4f14-95aa-4d79-8a7a-8251ae1bc95e	784
16761ba4-ef62-4cf4-865b-9b9c74e40825	782
167d4173-be34-46b4-a4e1-8fcd240b0848	986
167f340b-12b0-446f-94f6-4bd681a6868f	787
16811625-4bd3-40e8-9580-a70a4a833223	794
16812c4e-6030-4a99-81da-556cb191f0d3	850
168b97d8-32e7-4bf1-9456-37f4b706f091	979
168c49b2-bb96-45e1-b83c-c97477a5ca7e	990
168de1c3-bf8d-4320-a237-a27c4e7e71c4	987
168e7a7d-ca45-42a9-9c92-336c34759ee2	793
1692accf-9b32-4acc-83cd-10baf5cde394	874
1693bb7a-671b-498b-80f3-939bfc3c7073	911
16955b03-acae-498c-a2b4-5019e5f679df	898
16997091-d51e-47a3-b8d5-a9793ea42d87	777
169f496c-ec23-41d6-837b-3516491267d2	784
16a1ad09-0a7e-4fdd-8162-f91356790dbe	979
16a20482-e933-4e97-ac9d-30b458d896fa	982
16a3f86b-2da1-4ab5-bca7-7eb939240a6a	782
16c4d02a-d3b7-49f6-b347-3cb6f4397bf1	786
16c779da-f2d1-4f8a-b21a-17f6a17b380d	890
16cbd303-9c7b-4cd3-946b-0b5b820e7ccf	889
16da0ae8-d49d-4eb7-a77c-b9ac86f5ff6f	971
16dd8e95-b048-4583-83d5-ca4849f5169d	977
16e09b2a-c502-47b3-abd5-5806abe2536c	782
16e68ace-be10-4032-8c79-45e406391315	778
16e6c0f6-4fb0-4f91-9727-a3c6445d3db0	783
16f89701-cd1d-45d4-96cc-d6cee0b876cf	989
16ff764e-0b9d-4b48-b776-ec43fcadf647	961
170ed7d2-c7e1-4a48-b5f9-d8f2421debee	781
1719a842-6db7-45a3-9810-6915c509e5ec	983
171bd59d-3d00-4f7f-af7c-365b4f9174ac	785
171d9820-8137-4fff-8019-42a76d43d9fa	780
171fda18-59c7-478c-a4b6-766070d4103b	995
17245d84-4f6e-4bf2-9b40-3d85be89b6cf	994
17246fdc-0eff-4c57-b34c-cc1064c4455b	986
172d9901-db14-4e8a-bb19-20697657b68b	789
17333edc-da80-401b-b434-871007e47ff1	786
17353252-81eb-47a6-ad79-df4198f03e5a	790
17357b48-88db-4e3f-8c28-925a1a4acdf3	995
17385266-5cf7-4fac-8758-bdec0cd99aeb	1000
1744402d-7daa-4e52-8588-e7c1016a8630	885
17453852-08a1-4756-b1c9-a8cfc67feac3	780
174acd1b-5087-43e3-973c-07b094328dd7	987
175181f4-9ef0-448f-942d-60cdf525e527	781
1752dfae-ef52-49da-aab4-c93f56f6386e	789
175c16cc-5000-45ef-8798-064865bf94cf	995
17619d5c-3647-4372-a3de-5956b36b2ea1	785
1763bfaf-1f49-4a51-8489-a5fa67541cf8	789
17696f47-d3b1-4aee-8341-7f742511e7fe	783
176bc3d3-2c6f-46b8-b4b8-ac538b98df38	774
1771d32d-51b7-44a5-b6ae-2fa337b85085	787
17761b44-3031-4440-b814-34c200a7a357	994
177f7211-8adb-4b0b-a643-6bce471f277c	788
1780a9f0-1027-419d-bb31-03d5d917772d	783
17875b9a-0895-45e7-a211-ef6d1dcd3db5	789
178e46db-7bd0-4dad-bc33-e2ba54ce0e6c	889
17912b2f-d2ae-4b8e-9a29-384bd5b10e57	786
1799ceb1-13cc-42df-87a5-0f212b24e200	871
179be5ae-6cb9-4b97-93c1-07fab633a1ee	787
17a08be0-cc71-4d03-a6bd-18065921f807	781
17a161e3-91de-4614-8dbc-5cebd1c4fa87	784
17a97e0a-7210-432b-95c5-8a9188814dd0	985
17aa7b7a-1d02-4f8d-bfef-163f06082f5c	971
17b198f2-6b7c-42f9-b303-c155c00d1de6	997
17b57f44-b1d6-487a-a191-9fa4c55abc14	773
17b7ccea-916a-4b67-8fe0-07839f33b641	998
17c3de97-7a26-4abf-9374-7d6b4979cd8e	783
17ca02c6-1044-40a2-89d3-8a3c325d58d6	980
17d91fcb-d8bd-4243-b41b-3c7458c9b020	775
17d97663-e2be-4adc-9523-830edcd857bf	785
17dda962-3b7c-4e8f-8ffd-bfd460fbea1b	787
17e5a838-7e10-4cf8-9cc8-23c8598403a5	788
17f617f6-2f5b-4a21-bf98-f16d51cf597a	769
17f72e33-c793-4d67-8055-143a53f9d438	981
17f83352-d630-4072-84a0-4b8c2f691f6a	783
17f84127-dff8-49c9-b08d-ce10bbd4ac29	1003
17ff9a60-6387-465d-9a62-810ba84f6552	992
18005d96-5364-47f2-91df-679d9d3a799b	778
1806d855-bc5b-4d63-a3fd-0355cb6e9ef1	784
180d0ac2-21a5-4017-ba91-a98a53c597f2	779
1813d07f-0dd8-429d-a946-0b4aa1872c45	892
18166866-009e-416c-8c53-988d28a607bf	786
1826d70e-8a55-47c4-8ee3-615b4ce769f1	785
182bd89b-ef17-475e-8d53-28c45f9307b9	784
182d9384-e419-422e-b050-06503a911eae	982
182f507b-0a70-4c8d-a07a-bc051524c5be	814
18336feb-3b50-4056-bd7a-cd2419532e72	780
18343dbb-21db-435f-94da-2bb872abe57e	785
18377e2f-4fe1-4319-aa50-859b354c86af	1001
1838c22e-c6c2-4312-adc0-2271e25cf140	783
184cdbd9-8b97-4d87-8920-b45b9bc4ffe3	786
185e828c-b60e-4a3a-af55-f20344429084	790
185fe493-9301-40fd-b161-9931c9e84eb4	786
1862848b-53ff-4a70-a6c1-e36df435af5f	783
18635949-1c4a-41b7-b6df-cfe3736003a0	989
18653b5e-2cde-499c-b46f-c1433c2afc29	786
186aee86-9749-4c8d-8a2a-9c5920a0230d	779
186c4ea9-1f3e-4442-abff-341e905df161	983
186e6df9-7e4f-4c7d-9a2a-5d678070d1fd	889
187651e0-cb4a-4c8d-8712-52485d0db475	892
18785682-37c7-4f98-9a94-fab134da6560	785
18817753-27b7-49e0-aca8-ca999106db6d	894
18848636-e0b1-4168-9484-96b138b433fb	994
188c0105-d12b-4300-a61f-52f8421c47a6	782
18916bff-a252-4dab-b979-4ae83503899f	996
1895c512-8127-4b70-89e8-9d132cedeee4	780
1897ca0b-e12a-4912-991b-abd0a8db86b9	998
18a5d428-2dd3-4036-ac36-d3c122d46565	785
18a77eaf-1070-4de1-a3ba-2c18fb60411d	891
18b014ae-5414-4672-be2f-ce0ca2e098ef	981
18b046d4-8701-4f6c-bca0-623eeeee7963	783
18b09d6e-f240-4296-a5f4-fe19e15829e3	980
18b2e92b-bfb5-47eb-860a-f710a6c79522	988
18b46dfc-c9e9-4d31-8778-39dfef444b66	783
18ba36a2-a1ad-40bc-954f-3db442bb82d1	1047
18bf9548-74b1-4302-9884-62a1248aa027	783
18c4236e-2de9-4e80-87b4-0d1ed00f6a15	986
18c570ba-5ffe-43d6-ab0d-23da96a17fae	889
18c5d91a-73eb-4103-bf40-5ef9ecedb0ff	784
18d4603a-0a79-46cb-bedd-479ab38d3a7b	786
18d9b3ff-8036-4ce5-807f-caee298dbd88	985
18dc36e8-0585-4b01-8a10-7cdd7bf7b72e	771
18dc41aa-0fb7-4fa5-a89a-bc36fd0a71bf	886
18e80b9c-9b31-4670-9b16-5f05688e77ec	782
18e8726f-809d-4f68-88e9-cd8c2ec6bc4d	979
18ebdbd3-200d-45d1-a1b4-0eee26f839f7	784
18f0fdb1-7a00-4382-879d-179e2ee1f9a0	996
18f35981-7275-4371-9348-f3e9610a244c	985
18f6d6e6-68fa-4a40-a457-220704918f37	977
18f7757b-bcc0-4346-a9d6-c7175534cc90	787
18fbfc8a-14fc-4884-9b7f-59d2ce21bbb9	983
190226c6-0bb3-4eec-866d-bba4d6111960	1002
190576ff-1d3c-4235-a75a-09715a1e409d	1002
19095317-6971-46b4-9b49-271551a6bb65	999
1910f23e-8139-41c7-8ae6-8e551fe5248f	893
191fed4d-0a55-4ffe-ad63-b0d45efecf41	785
19216105-234b-4ba7-abb2-c2c1ab8b41bf	999
19238ad7-1e22-42fb-a937-1a431fbc872b	783
19269080-39c0-4e62-a231-b6919886eebd	786
193934eb-8513-432a-8b48-ee83cb539577	787
193c4945-3933-4a01-84ed-79efc168efbc	913
1946d01b-b722-4e45-af3a-3d2c306c3a08	779
194cc810-6ed7-40d8-8eac-6362fef893b3	982
194fe28c-1731-4822-abbc-740bb44714fc	789
19502027-85de-4054-9a0c-12e4e021650c	782
1959ead0-ec3e-44c0-acf2-9542a95864b7	982
195a39ed-090a-4359-b8b6-6a149e049bd1	786
195be9e4-433a-49ba-965f-9a27e33f3f58	987
1962a7b7-dc25-445c-b4eb-02cbebafaba1	787
19639ab9-5c57-4ace-8338-2ec2ff071cb7	998
196d154a-52b5-4f24-93b8-c2e307eb886c	977
19722a80-249b-41d7-b56d-80893eb55a55	988
197332dd-9ebe-4cf4-961c-eca3a7ba87b1	889
197ac443-8214-48bd-89e3-23835a5439bf	783
1980808b-dd24-4e15-ab8d-8acdab76d9bd	881
19821c3c-0d34-4b0e-8979-4b0861dfd4be	982
1987ed68-15aa-45a7-b3d6-6ab196a85aed	786
199b7c2a-7d03-4f9e-b2d1-e29071f2fd7f	775
199e9094-f006-4cf5-aa9e-38d8c065de71	984
199f1f5f-02dd-4374-ae99-f7c97a33e236	983
19a10f6f-19db-47d1-b158-d55e43d80a3b	783
19a39c81-5df1-49c6-81d3-7ff16e963bca	987
19a41177-9602-47f2-abea-286406763a7a	785
19aac41f-7e67-4e16-8020-6ce5c430056d	987
19b315fe-fa67-4e95-b4e8-a649d0d3f618	983
19c7dab1-c914-4722-9bbf-9eb81a45b2d2	779
19c931cc-a766-4ca1-b2ca-6d5beb749224	983
19cb4972-dc92-467f-9ccd-b6fe6b7ce553	893
19cc842e-3aec-482c-9590-2652bd69a0e3	779
19cd1d77-68d2-4c8d-9fa0-05b33328d478	786
19d1f77d-e245-4ab7-8c39-3a3101066782	986
19e7c1ae-99cc-4e57-91ad-a5e6dffefdfb	1001
19f5aa3b-8f6c-4f05-95cf-fef2e9d940bf	996
19faf939-c434-4c5b-b026-05fce4b5aed6	782
1a003c5f-84fe-4da4-b802-e40c667a9083	779
1a016c92-230a-4958-a7d8-509a4f2e4a4b	780
1a0266fb-8f79-47f3-b6c0-5cb15997c925	991
1a0762cd-3295-4ac1-9df3-3865f291d00c	992
1a09bd4f-504c-4684-812d-75cf8d31d3ec	995
1a0c521c-188e-4036-82cc-161553efa2b8	987
1a1c73e5-7691-4662-97ab-0bc7349c2e3f	785
1a1f6748-31ae-47c6-a6d9-4350976a7a61	783
1a201a83-aa76-4f0d-96b3-f7c564d25979	885
1a289dbc-503c-426f-adc1-9463296ce4ae	787
1a2fede6-dbaa-48c1-bd26-260dc2761b4e	776
1a316a4d-c791-4b36-a2f8-b77b5d94ae30	790
1a326255-4bf9-4d4f-b79a-853e82213750	787
1a3624a7-03ef-4db2-aee0-ddc5d75ec7cf	984
1a396124-1872-4ff6-a130-cf1013dc6c18	981
1a42995b-fe36-4db8-b52b-516c3f9691c9	890
1a51ea26-6d86-45cd-a910-4ce4625bba55	784
1a5bec29-2c4f-4ffa-aa3c-0b3f48c2ea4a	884
1a5fd089-1a21-405e-83a5-cb0ca387f11a	785
1a5ff73b-1bf1-4450-957f-cf0c9d41393d	974
1a603873-f8d0-41e4-930c-ba57ae13d2a2	785
1a700620-398c-48cb-beb4-fa871164f376	983
1a74d894-f677-4fd7-a206-51b554718fcb	994
1a8e27d6-514c-48ea-88d7-a2ddfd896da2	985
1a90961c-3503-4e0f-bf27-a53d593524f6	990
1a931fca-2c91-4788-81c9-22f6ee8a1491	785
1a9597cf-f241-480a-a95e-c9d8312d44ca	785
1a9c4c4f-28f9-47d5-b6d4-f55ebf44c489	981
1aacba07-3827-4313-82d2-9a986fb85420	780
1aacdf2d-38ae-449e-a3f2-7d66d3ec48f4	661
1ac14c6a-b476-471e-a87c-8a2469baff61	791
1acc8344-74f7-4676-bd0d-5e14628b0764	981
1ad19970-8862-44c8-bdde-64ade84194b2	785
1ad34f42-4d60-46de-828a-5785d921594f	996
1ad67a69-5509-4341-808f-fe6fcf54c227	999
1ade05c8-27f4-45e6-85e3-f34d398408c7	784
1ae558b2-11ec-4786-9732-891e3558b0ea	777
1ae58e5c-a111-4e60-ac33-edc909935446	790
1aea4976-aadb-4329-8e1b-a9a22fee9542	981
1aebdcbf-34d0-4a95-a9ed-6a32bce98dbe	784
1aedf5de-1289-4612-a13d-891d7c9bf6e9	987
1af2cec4-b941-4c41-be02-cdd46a789999	988
1afc5531-4bb0-4a5d-93e3-21d11eca9dbb	988
1afd7503-c445-4368-bf24-c44b3a9ad2f4	774
1b046a8c-520d-4b5a-a911-d967bda3bd2c	985
1b09a50e-e320-4c61-98ac-d74ba1950b7d	986
1b0b7090-dfb8-4704-a123-dfbed68b75e8	785
1b12cc6c-2465-4b01-8f59-159cef603b60	1004
1b1434a9-8879-47f1-89b0-37a13d2cfa6f	989
1b1abcab-bb7d-44cc-9843-7c7ba76d1ef9	780
1b1f0ee0-6c4d-4d9b-9cbb-e7799375d640	885
1b2679d9-2d5b-45dc-aaf6-3eb01fd2022d	786
1b2879db-ba2d-4d4b-91fb-f5cb68655082	993
1b2b7d4b-d379-4d3b-a6bf-40b7d5e1481d	955
1b30ad8a-1126-4fd5-b7c9-50aa5c33dcd4	786
1b35816c-1822-4175-bb33-c221fee29b8b	989
1b38154f-5b73-4aa7-8797-6fcbaccb0e8d	986
1b3e0346-d476-47d1-8e29-f8b10721b0bb	979
1b4a4269-1dc0-4451-ada4-75bcf088cae2	896
1b4cb476-701e-44b0-b373-b73ee16fc2d0	781
1b50b16c-4d7b-41e4-b147-97a3c8d9dbc1	1000
1b5157b9-e760-4e24-a953-d8ca37e0a0c7	792
1b6557bc-8ac3-497c-aa12-4a370d694f1e	1000
1b6b486b-cfc6-49f6-9cbf-d9e83a1168bc	1002
1b6b6fdd-0f12-4de3-9843-82378ebf0e85	1002
1b6e7d8f-ce90-4420-88ab-bf5957296037	785
1b6f32fc-4db0-4a46-b851-0ae2a3f1282a	891
1b770ead-c086-4341-a5f7-2380c502f3d3	777
1b7898eb-bcbf-45be-bd10-c73cd83bea5d	785
1b7c35d6-2eec-4f6b-b5b2-ad5acebe53ce	992
1b8a4753-fee2-4751-a061-cade42721f76	786
1b8cf968-4044-4bdd-8b87-211699d1ec51	808
1b8e395a-e975-4ffc-9f3a-2c5247285559	786
1b96d4c6-8ac6-449f-92bc-9a99e31071d4	994
1b9800ab-f88b-4525-bf79-33b7eb8190a8	984
1b9f5669-775f-4f5b-a856-1d8c44c9fe75	1005
1ba25f3e-46b2-4145-898c-455bba064588	782
1ba56ad4-8bde-4e7f-90c3-7aecedaa9b0d	783
1ba69ec9-01a7-4152-86bd-e72897e94594	987
1baa485d-fcef-4763-be57-411d326fe723	784
1baa7d72-a5aa-4879-af8f-49516db87b35	784
1bb02ea5-0258-4eb5-a122-e087c8307f63	975
1bb0ad94-fcbf-4b60-965b-fe2585c8d318	778
1bbc62f9-0580-46ae-91ae-52dbddd70626	786
1bbdcfcf-ec29-4723-88de-450d2614f502	996
1bc45791-c36b-416c-a7a7-958eabdbf24c	991
1bceb360-9300-4615-bb11-11a4dcea9e9f	891
1bd1dab0-719f-4936-8054-f87976af20f9	988
1bd247be-c72c-46a7-985a-6c53d7e457a2	823
1bdbeda0-c2da-49db-93fe-18af5bf38343	781
1be03373-3362-4f75-b2e1-2504eff42007	790
1be8824c-f8a9-4635-a193-993823c55449	786
1beb5272-40a9-4e4a-8b21-38b62465bfa2	784
1bed0823-463a-43b2-b1a0-9efd6062e9e3	985
1bf3b532-eb53-4202-afbe-e06b3b3fddc2	780
1c09ddc2-2a33-44b3-8412-c5b41e00c960	778
1c174f91-ee9f-4063-af6e-6e8dcce88e82	793
1c197087-7ccd-428c-86dd-cbbfb0ccfeef	785
1c1c9851-94d0-4ed0-9567-df61c6f765e4	1380
1c2d58fa-c960-479f-a7e9-a65d1c8b767e	982
1c393e0c-6343-4767-a850-23d5a71822be	999
1c432c96-f067-4b51-9f46-b3937e3f17d0	811
1c4991ff-0545-4103-8451-450f9806fe35	783
1c4e8643-d16f-4613-b6c9-c7e3c8ad5beb	1008
1c50e6c9-b5d2-4ff6-9b5f-18338cca035e	988
1c537032-af72-43a2-bad5-af6434758d5c	781
1c5590cb-c2b3-4dd7-a375-50f6b11ad9bc	965
1c62385f-3679-4247-a9d1-e98d0f25c1b2	977
1c6d8d80-ba67-4d82-b1b6-c9b7031518d9	889
1c72c6be-c97e-43d0-9c36-5309b503a63d	990
1c74fb19-c75d-4d19-9dbd-20aeebb86527	891
1c75f6b5-c49f-49b7-9bd1-5730b6436b21	999
1c78ebf4-8ef8-45c2-91b7-a5b4ff5e7efc	996
1c8048b4-cef3-45c2-86bc-c3d8a1b7e6a1	992
1c8fa250-1a79-4769-8598-d8c697d32f39	887
1c927bb5-fb1b-47b2-aa87-fe8554e07489	980
1c931480-0976-4d9d-95cc-b04055a1939e	789
1c98e475-66f6-4e4e-afe9-08cdb17d94cf	777
1ca116f8-5cca-4eb7-9273-60e8038555ca	786
1ca6d61a-7a83-4cf7-b664-32658ec1bfc1	989
1cad7427-098a-4f8b-945a-f73d450822f4	786
1cbef246-e926-425d-b32e-57605bb76eae	785
1cc4ed59-8f7d-4887-b484-618bfc5f0f1e	999
1cd8f452-2ca2-4e22-9519-c8f23dd6dc45	989
1ce52ae8-2f3e-4a6d-ad58-41a7afcc8de2	986
1ceac2ab-7412-447d-80f2-d723feb075c6	892
1cf13ae8-3984-4154-a435-c9e121415f63	894
1cf3adc2-6cd3-4de1-90c0-334b09dddec1	784
1d03e9cc-99a8-41ea-80d3-3996d86458d0	992
1d08b82b-3d9c-46d1-b2f4-9fa61c9c2813	986
1d093a24-60e8-49e7-8e93-cbd9dff4577c	784
1d0d1c20-09c8-425a-9d7b-127094d28a51	972
1d11a2dc-d03d-4ce7-a21e-0343cf7d5395	785
1d13f472-7284-4ee6-8678-0ad101777465	784
1d187b4a-dae9-44b1-a54a-27c4713a6160	793
1d1a1534-e949-4343-b498-7b8535d6a68e	789
1d1b4e55-9ac1-4809-b292-6cd238ea2294	772
1d1f0875-c9b6-488f-b986-bca6edff0dae	970
1d1f8fb8-4662-4739-aeca-2f9b3c8c1712	987
1d2469c3-0fd7-4d2e-a923-99459d035bec	784
1d2ce851-2f3b-45a3-9700-e276fb2115c3	783
1d2d7788-e744-4eb7-983a-38e6d1841f8c	787
1d4882be-6bd8-49d1-b7a1-6870737bf84e	789
1d4e2a75-d1fd-4893-82d0-4ef79936150b	782
1d549b84-2f5e-41a4-bbdc-1e8d63db15a7	779
1d54c9dd-0159-423f-9d78-33075049f75a	981
1d56ab53-b10b-4bbb-93da-4af5c7a3c37a	776
1d5c134a-b618-479a-be65-077173145951	787
1d5c408e-811c-4008-a9c5-70dbb121dd56	784
1d5d0e25-d221-4312-ad4d-4939ab7e6c59	785
1d64e99b-5e78-41da-bfdf-6c456dc86983	1001
1d72855d-6fa7-458d-a7f5-6119a0551edf	856
1d73a64c-53ad-4407-a0be-132015ae60c1	983
1d763917-b4a2-4618-9a34-d60820725bd0	1000
1d7c1f4e-26c6-4e51-9f67-44aebecfde4d	993
1d7e54d9-9173-48c3-a5a9-cd45b2d46f2f	990
1d8b6dc7-7db6-48fa-b2d7-4301aad858c5	784
1d90b69e-87a9-4a32-8989-9d503e02156b	995
1d94e5d9-52c4-4001-9e27-99259c6c9dc3	997
1da0b02b-01d8-4da1-a41e-4a4f8e320145	889
1db1b258-39a4-49b4-8f53-c05701f3b623	784
1db2f9b9-4b0a-4fb9-8abb-84f441e7f883	987
1db34c8c-c46f-42a6-8e95-48f04259ee72	996
1dc01def-a727-4cf1-9ade-3baaf0565cfd	997
1dc403c8-0ad2-4887-b716-ce91e1190a86	979
1dc8120d-f9b6-480f-98fc-42d51a89e7d6	642
1dcd055c-0157-42aa-8e4c-be0b8555f753	777
1dcd3b29-c5f5-4297-a8fc-21db4adc9d40	992
1dcdea72-48a7-4fca-997e-646a62db22c2	973
1dce0219-b2e9-4d89-8ae8-c3b2db47ad07	787
1dcf5dee-3384-4f18-bfdd-d299bed5435f	994
1dd381fa-4a4e-404e-887a-0ae6db6fb433	784
1dd78254-4dcc-4381-9515-6698ac0b0822	885
1dd9ae5f-da0e-43fd-a6a3-b6a48b80ffe1	984
1de7a10c-9f97-4648-8f0e-8e80919ab411	987
1dea9fc1-e022-4da6-b0d7-7276b681b7e0	990
1df4b441-2b4d-498d-895f-fb1fbe007e1b	990
1df82082-b025-4542-8b3b-9009585b46f5	781
1e017bdf-4e59-4a02-b757-a17444521a80	990
1e0b3662-1ca2-4201-a4a2-4b25b903e35f	789
1e0be6e5-ca46-4228-b9d0-634236a37e9b	972
1e0fe289-5140-4e3e-baf5-62217db0f3b3	784
1e107127-8369-40e5-be98-70666319a9df	786
1e130679-2eaf-45c4-9a2c-c3ba74546bbe	986
1e164647-3d88-465b-90ca-abe59f901488	781
1e18e07e-c00a-49bb-9b86-086260cab274	995
1e1ec77a-430e-46b1-95fb-f743660bb60c	786
1e1f23a0-2cf9-4054-91cb-cb2b3a5e8071	784
1e2c1166-83ea-40f8-af6c-9134e0d44e00	786
1e3324a7-d0f0-482d-86b5-7e3d2fc96393	995
1e367328-ac33-4ca9-82ba-cccf8583d4d0	787
1e3c2dca-ac67-48ea-8ce7-61d807467d82	997
1e40738a-32b4-454a-9f05-b4e85ce91e08	785
1e419fd1-c25c-4e16-a2dd-39634a22dc35	982
1e425d9a-5dac-476c-b242-ab5135931568	987
1e47f211-ca90-482e-84a1-2c1a671e5fb0	787
1e506063-aadc-4fc5-8472-23e36ab0fa3e	788
1e5188bf-1d96-42bc-8fc5-007f85ad9890	778
1e52cf90-8d28-4602-99c9-1bf6792cf091	984
1e57a67e-1b7a-4719-bd1a-1c60481a8ad8	780
1e5cec7d-d27f-4ca8-804e-2a023db5f0f1	990
1e60d6f7-0809-4400-bf69-cbc1763f5bfd	981
1e6a62a7-b7fb-4e43-9c93-3bc36c22ad65	887
1e6ef73d-affa-4f72-b8ea-ba5a32c9f84b	1000
1e7023a2-7449-40b8-8e57-468b1357816e	993
1e73c984-499d-417d-bdf0-a5eb4812359a	994
1e78f371-50d2-40ab-b538-b1a3325f3a4b	786
1e7ee530-d268-4e39-ac45-36aa888a3fa9	786
1e816fef-5f57-4c7c-87f7-1bf708273656	985
1e81fd63-2591-46c3-871b-180798e04f64	774
1e844e08-7b1a-4418-a974-379c2bcb5607	780
1e8a4fb4-c1b8-4e97-84af-a81da891509b	887
1e8a518a-3fd0-4e2b-b119-89a4cc6754f4	785
1e8d43a9-8923-4c55-ad78-cea493737256	994
1e94e7bc-fdf9-48d6-9c7f-6e1abfd3a723	1001
1e95cc7a-db67-4c6c-8da9-1fff652f0424	891
1e9d4fe5-cfc2-498d-851f-6ae0e3e6ab8f	983
1e9f3470-6b9d-4dd1-820e-a7ed9ea4ef4c	782
1ea03ef1-8aa1-4f72-86e6-613dae2137b5	800
1ea17c58-5bc5-4734-9ecf-ac7ac577613e	781
1ea40874-56cc-46c1-b209-5f36243180cc	888
1eac3eaf-36a3-4923-8bcc-f17e3f064633	970
1ead19d6-8425-412d-b817-6e5106e73973	991
1eae905b-6c61-4f2a-bfe9-51ed6302d339	790
1eb16510-38f3-4616-a580-b5c2981679e1	989
1eb5bcb8-8168-4e9a-9940-93267476582c	997
1eb7aa85-632c-4eff-9cc6-7b7ee609aa49	973
1eb8e52f-4354-4eac-89c1-ddcbc33906f5	990
1ec2b706-2aba-4993-a1a5-71aa27ddb14d	997
1ecd5c8d-e01d-4538-8abd-ad5730c1d8d1	1001
1ee49952-ee99-4b4a-b3b2-0740d4d603cc	992
1ee50d49-0af9-4f9a-aebf-6c53c9e57307	785
1ef56f19-c1ea-47a4-a1fe-01fc7f91e9d0	996
1f02006c-9813-462e-ac8d-e2d50a77a010	985
1f03433e-4b75-42a7-a46d-ec9a1b5ffd9d	789
1f05d3d1-247d-4ae7-8e1d-39119a7ce5c0	887
1f069004-bfe1-44fa-a864-39692660c3a8	987
1f0942b8-5597-46aa-b2b4-fff823ea3a79	785
1f0c3efb-8e4c-4621-8ff8-7b65150c16c7	784
1f0e30dd-db27-49e0-a5c3-d95cf78e9370	567
1f16bf04-cc89-4855-9871-e2c5cc22b756	996
1f1754cb-07f8-4ca0-acf2-ab3185841798	985
1f19b531-5138-4b88-887e-27d5d5c78211	890
1f1d094a-ceaa-41c1-b432-8fd740d32efb	979
1f1fafe4-12f3-4b0c-9623-77270173c28f	782
1f2012da-3d95-4b3c-a055-a6257f6b94a6	991
1f25e3f8-b508-4914-82c4-cbc19f217b75	990
1f28dca5-d420-4a3f-8f41-995f65ef01d4	787
1f295acf-ac06-4d6b-beb1-66f9adc29769	783
1f2e1b5f-cc9e-4dcd-9077-06513db335c7	780
1f30cc5c-47d8-4b1e-abf8-f751ada9b82b	986
1f312a3e-1345-41e3-8801-cd2803c91212	990
1f39f49d-ac57-45b0-b06a-6024c0ffb164	890
1f3f2408-36b7-4189-828e-7bc00a899d93	787
1f49a66b-f3ad-465f-af16-cb2d4439f39d	895
1f584270-be24-4895-b5bc-dad79898c029	768
1f5da9a5-ed2f-464d-8604-e4eb604c9cbd	842
1f67ad09-a0bd-444b-b190-405f173d27da	983
1f6efdbc-d014-461b-92b0-ec75a510181c	782
1f75c73d-ef3c-44cd-8d98-b6cb10445b41	891
1f7bc579-e705-4ae4-9c66-b86ce5cd5fb0	782
1f920f8a-2c3d-4dc6-9d70-22e4f39652ac	786
1f93418c-374f-49db-b18b-8136c29ca122	787
1f9499ea-1d39-4a8c-9c7e-317ce1760aa7	785
1f9c696d-1842-4ff9-9de4-b6cf09d6cdab	783
1f9ce4c5-03e8-4a97-90e1-6e9913670d51	788
1f9dc415-a056-4408-b937-cfc65cc48ab7	996
1fb560f3-0acc-4f0c-b757-3fe765f57abf	788
1fb913d1-8bc9-49c3-8af2-253c2d8a5788	997
1fc100b0-3aeb-431b-bed8-66bfc195f56e	780
1fc7e9cb-b0fd-40a8-9df5-61c8743e84f7	1000
1fc8bf9b-a1d3-4513-a442-424ac8c316f1	787
1fcd790c-589e-415a-9b32-8c59209414e0	988
1fd20af5-0879-4c7f-b31f-a26aec85509f	990
1fd4b9b0-065f-45c0-8424-77aa80ced381	883
1fd54301-4f3e-4b06-a16c-550c831ec15c	822
1fd6b022-280e-48b7-9cda-3414784750f4	786
1fe07758-fc1a-464f-862a-492fdfc04358	1001
1fe64b72-8ab9-46c6-ac4f-7cc6acc20793	782
1fec1c22-74cc-4760-899d-28ec6f467e26	797
1ff64994-ff38-44d4-9191-ce683b9291b4	788
1ffdce8a-4b67-4f6b-9c34-6b3a65fe8d19	998
2002441b-a9d2-48e4-be24-cf983c31f825	777
20122bb7-68d4-479c-af99-c6374005ba39	992
2012a55a-6ac6-413a-b916-e31aa600fa88	788
2014d7ab-ea81-4649-83aa-3d217b580c0f	886
20184652-ea3f-4ff2-a8dd-d556aa39a854	784
2019525b-50ab-4211-a941-00fa7bf8277b	788
201e1799-8ce5-4006-b1fb-f6e8d211cdea	786
202546a8-7d0b-4630-8b7d-79f35232d545	787
2026f08f-b628-41ac-8287-df14ab093424	975
203baa86-866b-4082-b750-791e7d55f09f	1000
203cfc0d-725e-4276-98a1-eab2b71c3322	1006
203fc81e-8161-4891-ba12-73b78f1b3775	794
203fc97c-5bca-437d-b59c-04266bf656ac	909
2042632d-ab4c-46b2-952f-98039a731f53	994
2043830f-5385-48ca-8c5f-a0c207bac9eb	996
20447d3b-e429-4fd7-909a-d7990cb1cb91	886
2048874c-9177-4882-b62e-664c1a93440f	983
2049e891-db4f-4868-9938-6759d29fad93	987
204bcbf7-1546-46cf-bb71-a11bdce70fec	778
20602db1-7a15-49ca-aa41-7d6a75e0ed27	981
20678876-4f85-4d56-be72-7c7c9dcae3d5	793
206d50a0-3651-4568-a646-d5a615d96da4	782
206f220a-88c3-472a-8a24-d2b7ab2c04f2	780
206fca46-14b3-4980-b5e8-d6dbe6375dcd	909
2076abc4-1bd7-477a-acee-ce13b665a9a6	781
20791c52-82bd-49be-92d5-9a847fc13982	784
207a6962-e95b-453f-9ed3-fb7f84a5364b	790
207fe18c-0b6f-4ec9-8a1c-03e65b1510b1	785
208bc0bb-c31b-4b16-ad03-7ae9dfdb351a	882
208e00bb-ca4d-487a-b22a-ececd8f4627c	782
20993a1f-e8e5-46ec-8fd4-1dee7258bd8f	793
209a8af3-06c3-4b78-b95f-c7f2d9a86850	2004
209d19bb-8f85-4a4c-a1d2-3cdf242de740	778
20bc5434-015e-4f81-88d3-47dde620d022	991
20c35aa2-baae-4129-b76d-125b6340a026	777
20d560ef-7d8d-46b1-b1ea-22622b18a302	774
20d7e4d0-d3ce-4fd1-90cb-55393dca23ea	888
20dc7a5b-b3d7-4b9d-81f2-eebf5db6d21b	990
20edb5c5-8ee5-41cf-9bfa-f6cc1e7579d2	781
20f3d2e3-9b3a-4efb-8d16-6d1f6a6b9b0b	1001
20f5af67-59c1-4a22-b7fb-04f26056d13f	770
20f929b3-517f-4b57-bcc1-dac8d4f29ada	975
20fe3f04-3d3c-4cd0-9301-d8ed3a95cfff	983
21028d61-d483-4459-a2a6-e892407b0db7	778
210a94e6-9258-473d-8b52-07fe1d45427f	981
21140805-5892-49bf-9d25-51fa143f1b6e	789
21153f1d-3d23-425f-9732-68bf05a1fd6a	972
211ebd1b-0ceb-47f1-a763-ebc9a3af5517	906
21215d73-c88c-4532-aca2-4a3541f7b398	973
21224cc9-af23-45c3-87ab-cf20bc27659b	888
212dc3c0-8b9a-44e1-977e-0b87e82ff482	1005
2130627d-4494-4104-bd16-5d4d79b994a0	787
2134a28a-b5d9-4584-b62a-9408b71ebcda	785
21367030-3bf5-4d6d-9474-8ff8ff3c2f0f	780
2137af53-2c97-451e-9812-1a442e52f1d7	781
21445152-541f-4005-bbac-9aa639754d6b	998
2147c013-af93-443d-aa11-0a5aebb681ab	977
21499f36-694a-4ba9-b177-af99851929d7	786
21526e26-06a6-4c43-a44b-b536459b889c	789
2153bd4b-6fe2-4628-99d9-6442cd242c50	996
2153e2c8-0995-4ab8-93a4-126d8a4051bd	789
215924b4-6bf0-462d-858f-c2594762b0d3	822
215be16b-a6f2-4277-a5f7-d3e5fe094974	984
215cc1e3-f9e4-4a76-b584-b7e7ffb5eced	891
215ecf5e-1b11-497b-9995-47e70e0307da	775
215febf1-430a-45c1-9b54-71586111749f	924
2166da92-9943-4b43-8509-4408b08f6840	786
2167c008-de9b-4a6e-a709-d966add37c46	786
2179ba38-eea4-402e-bb96-446dd7690989	953
217e0a02-c526-4760-b8aa-774e2f3cf5ac	790
217e7760-184d-4e37-9307-e734887a7623	783
2182915a-790b-42f3-bdd8-d42e7fd77ff2	742
2182cb58-0c03-4bfa-9733-f9b6b7bb1137	885
2183d696-96b0-4c00-ad2f-9e51c7ee525d	768
218a164e-4185-48c5-bf43-9a47120dfe30	789
2193c8e4-d449-47a2-aaf6-178330fdd6ad	779
2195075e-520e-4105-8533-7ab68c4f6c58	784
219d21a3-27cc-4610-873d-a6cf731b681e	1003
219fcb10-a1df-47de-a9d4-7110c6f9b67e	785
21a1ef50-f944-47b4-b236-742be510c429	979
21a59769-1a40-4836-8959-b49415ba6401	781
21a99ab4-8abd-4e55-b543-4dc6e9d59b28	986
21bf4dff-3ff4-438d-b8e5-fc825cf3a520	982
21bf9b0a-4846-41b1-84ae-678bec3ccbb4	783
21c19310-877f-4c00-ac37-eec54ec60921	985
21c7c311-1b76-432f-ba1a-7271b3886083	788
21c90ee6-1261-4251-be88-70d267f4948c	786
21ca64c6-3f07-41bf-a83a-75327220cad8	984
21cd6e0b-f3f9-4cc3-981d-8eddcf6de808	992
21ce218f-06c4-4cc9-97bc-8e18858cf35b	975
21de763a-9d8c-4cf4-a022-4d9ec16616f5	995
21e104ba-3f3e-4489-958c-b7ab822f7b5d	787
21e99867-a5f6-4e7d-973a-1057cdb6bf1f	786
21f28da9-48a6-4b68-b849-34243a3f7126	784
21f3f7cb-7dd9-4a21-b8a2-3f3115b8a54d	891
21f42309-28ae-4b42-8ae3-4661d3713aa6	997
21fa8f7d-1f6f-4568-a62b-a04a42211330	785
220228b9-b793-4f46-8969-ef0392e60647	785
22030264-956d-41b8-9249-1c2c46993841	784
2204a33c-7260-486e-9743-a0f675ec815b	780
22055d94-df22-48fa-9852-d24a94be1ac6	782
22056869-3fd6-4901-836b-f71ea1a95b20	984
22075078-c133-4157-bc21-b26cdd6db328	1003
2208f5f4-2e9b-41ff-bc48-ea23fdc15593	786
221517ee-2658-4abf-a465-99f1525a2226	985
22205b9a-94d3-4bad-b69a-8e1262b64998	992
22232135-839a-416f-8798-d25967ba7a6f	985
222aedcb-0eb6-4f1c-8ebc-50cc82474726	771
2230d22a-bc78-4eda-996d-1afc6ef848b8	885
2232e0d8-bea4-45bd-bf65-c61674cced32	888
223cfdc7-9c89-43ec-b0a2-3d757f22c33c	781
223d0573-8691-407b-b00d-b9cb253d4f60	792
223fd1bc-bd0f-4c66-a4b8-aea26af08b29	995
223ffdbf-9d85-4b91-acde-feb2929a8348	786
224701d9-10a2-4b0e-9ca2-c0abed851bea	880
22479e86-e385-4e54-91d1-7570c49775a2	1004
22544f3d-7b62-4898-9928-63232d68e9fe	909
2255e075-264a-40db-a03e-cf54d2a7da06	988
225cb9e1-8605-4a09-a344-652e77bb296c	993
226065da-6a4e-4a29-89c4-f9f30fa97b62	784
22647ac7-ef88-49e9-a535-9812f023bb95	986
2268eac0-5412-4225-9272-f643c44558c6	989
226aedef-2d9f-490d-a91b-0945ab76fad9	784
2271ac54-daef-46ba-9a0e-ff0a06b38fa3	788
22802afb-0de3-4def-89a2-65f6f9d3fea2	988
228327f1-7685-4bcb-82e1-c749aabba203	788
2285a3b0-7d00-4649-93f9-9907cbfc6797	776
228a1667-0427-4ea5-8b72-6ca53184c9fc	811
228f1709-f4ec-4565-828d-c545122561d7	776
228fc8df-9902-4f8a-854b-d353d153d555	773
2290ae30-1550-4c34-9083-07bc52c68bf1	986
22915970-34aa-4b37-9e2c-4661b1d5a1ba	784
22a18180-097d-4629-9ef4-53de1c43d559	784
22a3a91f-5aee-4026-9a21-6f15913cf71c	975
22ae4209-0502-4863-b7ee-716338bae6b8	779
22b09b03-0054-4c22-a54a-0be5b212b4ae	790
22b13d7c-fa71-426a-8287-cfae48110cc7	983
22b7f9b5-81c0-4ed8-b8fa-3f727d2f79a6	901
22b86aaa-d47f-4931-956e-0c12a3d637b5	988
22c4471e-0177-4c7a-b3c7-d496f051af39	785
22cb7c5f-5402-4c78-a072-e42625c23138	783
22d04c5a-86e3-4c79-a864-d9aa7a8fc4c8	788
22d4ac84-03bd-4156-93a6-cdc7ab621f15	787
22d6e539-242c-4345-96ea-497c686df059	976
22d93d3a-e6e3-41a5-94be-cc7e53b92f2b	791
22dcdf97-3bab-44bd-bca0-5f18afc3a0c1	785
22e8e129-6cf8-4871-817b-1c83eedb2286	994
22eacfce-3a78-4785-83f4-3621d3af8976	785
22f17b33-5e85-4827-8cc9-1be7340a2054	789
22fa4512-1a5d-40cc-9579-a50e77d6c9a6	988
22fee520-d0b3-4476-9fa4-c0d4cd94d9c8	997
231477be-f5fb-4752-9c2e-23403ae570c0	815
2315308a-a38a-4960-9468-d7644353abb0	990
2315a733-15d2-468d-80e3-dce8e1f3b735	787
231c1f2a-d9d5-486c-a202-e69d8dca1f96	785
231cfdd8-1d93-4735-8e31-d7997e48c875	995
23241d4f-538d-4624-a65b-02c186ea9fc7	893
23259a23-2393-4db1-99ad-c44f3a0c2758	893
23273e74-cd36-40e8-8ae9-0fce8518b673	985
232bc2b5-dd82-4106-8349-723faa7a2d79	891
233efcff-7dc6-4074-8583-bb9d7da06a65	985
23481b41-9c0f-4154-a6ff-aad3e8907e93	784
234eec45-fe75-45b4-b63d-daa171b0c660	787
234f4cd6-dfea-4655-86d1-b5c0fdbb35d5	781
235eec88-cb8f-40ab-ae54-aa56ed5ae9a2	788
235f213a-2426-4faa-a5d0-3fe33ae1ef8d	783
23601010-ee11-4c8e-9a2b-6072760713a9	973
2364eced-4aae-4ac6-ae2e-d5bd4dd44179	1000
236a29e1-6447-47ae-9e0d-0874720f4d9b	785
236a5eb6-5e1c-4b91-bdbe-a3a452ab93b1	785
236fbb25-59a2-44ca-b106-4d3096df45ed	971
2370848c-97ce-49f2-be1f-fce38bca9780	785
2370e41d-e8d7-463a-90f9-3b9fc9b5c346	967
2374fde1-f3e4-4c63-8dc8-e88996def5e4	997
237774ed-0860-4ef6-9b8a-4c99c7dcaa2b	783
237bf955-1aab-4ba0-ba05-b70fdebb8fb1	986
238002cb-3aa6-4a19-bf33-9e6d73a71a62	1760
238eb9cd-7045-47c3-96a3-0fe8cc48355b	786
2395a6c3-5711-46ed-a175-bb4235ed68dd	981
23a2ea52-4a9c-4bf3-91d0-93ced063fd72	971
23a8eb96-f34a-4b46-9b78-f1a470a8718e	894
23aaa8d8-986d-4295-9b64-e6d8c9744705	909
23ab1eb0-4572-43b3-9df9-cdc66dc9b819	988
23ba95a3-39b2-4014-b65e-fbb9dffef47b	786
23c7af9f-c873-48d3-bfb3-82114409a7fd	998
23cd965d-ba96-466c-a9c9-536c190dece1	982
23ce9b76-2381-49d8-a971-ce4edf6dbb99	890
23cf536c-ed0f-48ca-9422-6aed44350385	776
23d38290-1c31-41e1-913d-c6acb4394bfc	784
23e29bf5-40fb-4994-b419-fe5615590a32	780
23e9d7ca-7b41-4465-9cd2-9d9f369fc8bf	979
23ee1e41-e456-4a51-8b85-600c529c1849	1000
23f88f2f-a35a-49b9-a4d8-f482cad0548b	904
23fe566c-83e9-46b0-ba4a-c7e2ef3e83bf	788
2403f2fb-c9eb-4e89-8e27-357838a987f3	780
240bdef3-3497-46d4-a39e-c287317ef835	986
24108ecd-29da-428f-aa8b-bd10909a954a	788
2410bbe2-f53a-405b-83b2-2066ec5346ea	787
2412a7c8-f7ad-4c86-9a67-257efc7e7336	789
24137f7c-0b88-4281-8ef1-c0a0f6a46868	786
24169ec6-7322-47f6-beb9-00ac1a041362	988
2417c6ce-3777-48dc-a46e-e0dc60beb1a3	785
2421935d-7920-4925-adf3-d4549f7e22e5	977
244413ee-a8fb-4007-abaf-88c9212e29df	990
24499da9-8132-4caf-8204-6f37f23e0016	981
244b0d04-2a82-4767-8c64-64ae1249408e	893
244b4caf-1388-4bc9-87e4-9dd70c14f74f	885
245f7d49-3c4f-4787-a769-52aa83f1aa28	987
245fa92c-1b37-4e14-805d-7470e127c127	786
2465b019-d234-4ae7-8c5c-60bc2b0e91c1	785
24674076-ee11-4aac-8fd4-2e181ed26d3e	983
246fd327-934e-4aa1-b466-fb6b2ebf5cee	890
24700353-b490-4730-9e44-9d415207b442	783
2470d10d-6bcb-4af9-a9f6-bdf3eca4316e	793
247131fc-4206-4b30-80d4-519b802c6ae1	785
2471a124-4ca8-4860-be8b-7810e477e08f	789
247c8eb3-baef-460f-84f9-4112c353811b	779
24842415-e27c-4bde-bd5e-f9429921ef75	784
248aa934-f5e4-4983-9f9a-9b194e5d1c68	777
248fe107-fc8a-4899-8dae-b6489057eb9e	993
249f70b5-3495-433c-ac66-2cb206d3e07b	790
24a0bb8c-11b7-4cd0-a3a7-6f1f20890cef	890
24a47582-a07e-4334-b2fc-519db2932f92	992
24a6bbf7-3bc6-4941-894a-a645e5c477ae	782
24abd314-c56c-404e-b556-679e07c111a9	996
24afd1c0-2376-41f0-9c3f-2bcf7500c666	792
24b17d4c-9e51-4130-97aa-ed0f828bdaf1	787
24b9bf7f-d383-4280-9f86-c5f04dfa4900	784
24bf4750-76df-4128-bfe9-425fa0f72329	996
24cdd493-1598-4f10-a8dc-34e76203a4ac	985
24e7e4dd-4d3c-4562-be4d-7ee2c743439b	984
24eb303b-8d8a-43a3-b314-28f0661f8b6d	919
24ede57b-620d-4ced-82bd-6a1ede66b6a2	781
24fc925a-a618-4f5d-88ed-b1dafdb086c5	785
24fe8c6a-8321-4f4f-984b-00380523ced6	788
250f3e4a-d1d9-4d6d-9b84-5aea03cb4359	791
251637d6-d21c-48cd-879f-4463130a3c77	978
25183f52-3f57-454b-b40e-bd58ab7d23e0	786
25212f09-36af-44ec-b8a8-6c003890ce38	893
2526adfe-0147-4acd-95a1-fc2e219248ad	976
25289ace-3e73-45b4-b6e2-b5dbe2b47112	785
252c2bff-1853-4c51-8223-10a6b19585c6	880
25314115-90ba-44b0-8d7e-bcc54bed791c	782
253306b4-5d2d-4568-abf0-4678d853ffc2	779
2536c315-c35e-4f44-8f6a-23f4de4692ce	789
2539d4cc-68b9-4331-9d74-799579d4b995	784
2543b5fe-297a-4ed0-9a8b-e50ef442ceb9	994
25465c65-8efc-410a-80a0-06dee9686666	979
2553cba7-15da-47ef-bb34-222f09b931da	789
25541c23-f52d-48d3-b5d9-680c2a73e74a	784
25579a3e-1b3f-4945-9cab-3da6edfc7432	784
255adcc6-97e2-4722-9219-cf9da82876ca	1002
255bccce-f666-4f4a-9171-bffa243f9a42	788
255ea5aa-2ced-4a70-bbe0-b79e8f14c9ce	783
2562c245-d047-4b46-aaa2-654349f17f80	889
25654927-a1bf-4260-ab76-67da036db3f1	885
256b1b28-9507-43de-87de-43339ab95b76	997
25702d48-2068-4f81-9a0c-5d415b90e2c5	993
25752433-4108-4587-8bc0-8b16084014a8	786
2575ee95-c407-4497-aeba-405e987cb080	788
25780592-9629-4367-b249-77d53207f655	782
25797e3c-2fda-449f-9418-a4e15acd3045	787
257c991e-0390-4bf5-bc48-8ec7c3d79910	1910
257f78e1-844b-4976-a69d-62f4ec54e3f4	786
258335fd-fade-461e-a93a-b49e8e9b8356	783
25944dc5-1fd3-415b-875f-1d3baaef2390	977
259623d6-3dba-49bb-a315-9113522a8639	788
259e9c5d-a7bb-4eb6-aba8-626a88fa905b	1000
259febd2-f956-49b1-ae47-eff6357720b8	893
25a11469-e895-4aa5-92e3-82333003abc8	832
25ac9ec8-cbc1-4fc2-bbd3-a649b7afcc36	995
25b031ef-3cb6-4f2c-beae-012c9656e80b	787
25b819b8-0f39-49d4-8de8-06261b594ac2	989
25bbd5ae-bac0-4136-b34a-9187cd443ea5	974
25be6d81-a591-41d0-9550-f10f0de17e06	786
25bf827f-9215-4981-be1e-b5eaf88d9caf	784
25c01274-737d-4626-bff2-0457cfed9f3f	805
25c7f612-fe5c-4f3c-b069-10acbd554cfd	894
25d1b5de-5642-40ff-9b66-6579281d505e	988
25d58b24-d197-4126-95a5-810d37017310	991
25dbd826-ad30-4da3-a645-861614e036f3	786
25ea1efd-b89e-4bed-be61-256daa9d5d30	986
25edd6e9-be79-4576-a698-a0887934482e	984
25f1b8fb-2cc2-4c57-82bd-76363026fbe7	994
25f23ded-cab1-4269-88dc-d8ee059393c8	787
25f67a60-98f6-4364-b2df-6357671cb7b0	903
25f9dfd4-d20d-4aec-b1ae-f5c3d7b6f150	787
25fa34a3-4a26-4afd-9c24-ccd611d5dd03	888
260c3c1d-812f-4378-bf4f-d82f523fcacf	817
260cd66e-ee7c-4390-8f07-b91235c6153c	782
261142aa-d096-423f-89a6-5b3a1057be3d	993
261728b7-79b6-42e1-88df-708329d65dcb	786
26198cf2-a3db-4127-b4cc-a119ee3822b2	778
261d94ca-3039-4341-ae1f-9e1538a05915	986
2622c77f-2368-4ed9-a8c1-e1affcc480b7	997
2629c41b-b53b-49d8-b9fa-c8e22c2707a1	889
262b1069-54b9-4ef3-bf7d-6440362ceca9	778
262dc672-2b7a-40a1-a2fe-4b30ef751d00	778
2630ddfe-c017-4c87-9788-99534575e244	891
263a790c-82c5-4f73-bf15-fb717f54afef	990
263e2270-b9f5-4697-a2aa-721892b8384e	987
263f5de6-69a1-4c15-aaf8-69ce4af24393	995
2655def6-3eb4-44df-990b-97f0fdedd685	790
265e20a4-4200-4b1c-aa8f-5b19e0a20ec6	990
265f5a84-9426-4bd0-b1eb-4c510af1c368	992
26630a7b-6071-44cc-b199-e98ce1134e48	789
2663e5a6-3b64-48e1-8f8a-14da34af437e	986
26707799-0699-4e7f-a8e2-3342ad7df348	791
267709ff-69bc-4073-b0c9-710d9d5a5b4d	772
267884aa-5a3a-40d7-a147-b226e5d99e26	994
2679082a-cca2-461f-9b1d-8394332a48f1	786
2679d750-43b7-43b5-84bc-c3249f3cbb27	999
267ae0f7-1df3-461d-9d81-e0eb56aa60b6	773
267d7ea2-06e2-485e-8f77-b60c8b2df929	784
268083df-887c-4b40-9414-c00c81b5e9b5	785
268345a0-9bea-4088-b8cb-732379c4684c	978
2699f872-ef9f-40ae-87e4-2b901c54d21f	991
26b007b3-a030-4ebc-b025-cd98ae39b17d	787
26b0f1f0-5b03-4459-bea6-72c2752a4a5d	789
26b2d974-e2c3-4d60-b38a-cfc5160f2cce	786
26b32f05-0e5f-4c79-be9f-a74467d89492	980
26bcaf79-fc38-4a42-8a6b-535d92ba25b3	785
26cbc8b2-9d09-44dd-b8d2-4d8c8de96013	783
26d2ac5d-3eb5-4732-a884-798696e64daa	991
26e15074-8b92-47a8-8c8d-37907ea73f47	974
26e80bb4-f3cb-405d-b9d2-e463190c012a	888
26e99fc7-8ede-411a-b59b-9b9ed6fa08ec	998
26f5efc1-e7a9-4be6-8fdd-1e147eb55801	890
26ffd4e7-1c04-4ee0-bdfc-dafd1ae65820	983
27004c00-e435-48cf-9760-0535ac8a2c98	991
2705641e-57ec-4704-8396-e182f768c421	1002
270cb211-f8da-4eca-9cf7-755ef885f797	777
27102e52-1b6d-40ff-a57d-6a8c082fd0f8	789
271870e6-7171-49f2-8b4a-097079561277	786
2719c9fc-b72a-48dd-aae6-11c52de26e65	780
272e0d17-8706-4ecd-ae08-82ca3df46df7	785
27395fd2-9392-41d1-8ac4-546b1d31e213	783
273af821-a859-4d35-a4c0-6791a4d76208	887
273f431f-4af5-4c57-9e5b-76a4ec4670e6	972
27451e14-9fca-4ef0-8b75-4a3b60e8c175	785
274c39cd-49d4-4ef9-86b5-ee5b1c716b4e	787
274c8b06-a9a0-462e-8c25-736737d138e9	782
2750556e-b535-482c-8cde-93dcda1ade64	985
27553c3c-8f9d-4b99-87ee-f65821bee07c	857
275c99ed-ae03-482b-bd0d-6e88946a3d50	782
275ef624-66e2-42e3-bd9b-13249c3129f2	991
2764866b-bc5c-4231-9aef-b757f738ec17	981
27681394-d842-4b47-b7b6-05f2560595a5	999
2775aeb0-dce0-40b5-ac74-cfe65117131a	983
277658e6-0f4f-4a5b-a541-85f3950e9a5a	788
277707fd-dd9f-469b-92ea-c27c711a105d	989
277f8d56-5707-4ff2-b703-e9724b6b632b	784
27806f83-a2ea-4bbc-acc7-5ac759acd1fc	779
278303fc-58ec-4f57-ba03-d56ef6150907	997
2786831b-39fb-4649-9fb3-46f0515b5c92	778
278832f1-f3b4-4f33-8027-fb48ee6444db	779
2788fc8f-7474-46e2-8526-f70be3527377	983
278c20b5-da3d-4d00-8cb5-80e146d65d51	1000
279958dc-a0f6-4798-8267-f5d0fbdc5c0d	792
279f0c64-a845-4e10-8db4-c320f388eee1	781
27ae36b3-4a4b-4eb2-b3d7-3527af79a843	986
27b234a0-6c98-4102-a6f8-7c096cc37a0b	785
27b9420d-bb73-46b1-a67c-7d1c5d48dff7	781
27c13dc8-b4f0-49cc-bb4a-c552ca2a95d2	991
27c35cb5-f612-4be7-a96a-a968bd9ada9d	988
27cac4b7-3c90-49ea-b7eb-a655b1e64762	1003
27cb54c3-b7ac-4642-b86f-97e684488161	782
27d4c4b0-8685-4847-bbd5-58cf7091fb92	995
27d50db1-bfc7-4782-b105-78a16acb0731	967
27db4530-0271-4291-aa78-c46b12555891	1001
27dc1588-daef-4b77-b728-cbdee25c0ebf	783
27e188a2-dfb6-4f3f-a1cb-8c0e30a0e026	983
27f05ed8-d89c-4e4b-a673-a12db0689f80	779
27f0b572-f5e5-4bb8-88de-6e85d37026b6	796
27f285b8-ca9d-4e3a-b805-33b2f4a35d15	1743
27f535a4-2acc-48e5-97d9-a09d55914370	993
27fab375-ef22-48ba-be78-67dfed89c0d7	991
27fbc38d-430a-4461-9241-5c66fcacc0b2	986
28006e34-25dd-4808-a723-95d2efed32e5	984
280330c0-12eb-4a4a-8eca-7ddb1b368c37	994
281555d6-8381-4405-8014-08ebf6942fac	783
2818b808-fba4-468d-9ec6-a7d8f9d048ef	984
281ae2b1-814b-4eb9-a4f2-a55b7bcb22d7	824
281eef45-f61d-4320-a1c7-8cb78ef62e3f	785
282104c9-65c0-466d-bb5d-af4f9e8f7b9c	770
282176a9-42e2-4481-a1c4-44bc3cf2339a	987
28236ac9-7585-4f26-9ca4-8e25533b3e0d	780
28270bff-6fd5-4207-bb02-e69d55c32f1c	782
282f10c0-5c08-49ec-9657-2b22229069c0	992
282ff1e2-7f56-48d1-8659-1beab86e50b1	787
283b4b81-6466-42c3-b23c-4c1bbabfcf46	784
283e099f-95fd-4918-9790-4a8912ab0ab7	782
284963fc-c8db-42f4-aa6c-4b71f2056290	995
284ae17e-cddb-48c8-a58f-8666734a5069	786
2851aa13-7e16-4182-9139-e3158c138b75	785
28551507-d942-407c-b123-bcc2cc34592f	973
28596587-4809-4ee5-8cb0-75b96133ec56	774
285c322b-fedf-4cbe-9021-396a2143262b	981
286f24c7-0d5e-45b0-a376-302172a72887	782
28752ab1-96e2-4817-a0d0-66771dc148a2	993
2886c4b2-245c-4648-acbe-8006f0ed8c59	780
2893146f-d6b3-4858-b1f6-04034e8719e3	801
289413e0-dc24-43b3-822a-1b8ba129582d	788
2897ef94-ada6-4c80-9b62-215020acf489	999
289a1cda-a8ad-4b59-84b7-9e19171397dd	984
289e95b5-7dbb-44a1-babf-5d68fc3b523d	990
28a379da-4d44-44ba-becb-5fb5d864ca21	784
28a6eb10-206c-406e-99f2-99f77ac53565	783
28ab3ec1-3f9b-4112-840c-0a4d7db66f95	783
28b5c6de-91a2-4b72-a8cf-5ba4f3f6f1ba	783
28b6c514-94ad-43f3-ba31-953760df0005	1001
28c0facd-743c-4e22-91a9-93f3304751c3	780
28cf7150-f208-4bf2-966e-61cb6178ce93	785
28cf88d7-175b-4669-be77-a07a0b945651	781
28d44954-94ad-44b1-8aca-c5dfa3b8bc26	986
28d6f0f4-c44c-4c21-b9e3-50bc8e24c988	787
28d934ac-cfe9-4754-8190-14c242f58987	987
28ddbb41-654f-4b04-941e-9c3432aa8a6b	781
28f7909f-cb51-4e63-a28c-2c3deb644d2e	789
29022efb-941d-4487-9b66-9a60cd9b3002	781
2903b273-082f-4c2e-81ca-a1b71ebb562d	786
291049c3-2b63-4e86-83b4-35fb5682a214	784
291a9ab2-6ff9-40b8-ac13-f3afa98bf628	1147
291d0ddd-0afa-457e-a61a-681dbd305775	990
291d5bec-d4ad-47fb-a663-8c476f0d02b5	896
29263096-706c-4d86-96d4-5f5c927f0def	784
2928c01a-a921-4673-8d47-38cebf736dad	888
292ded4e-c1df-452b-8d59-ec4a80687419	785
292e3eb0-333b-4632-9d48-66768abadbea	788
2933c24e-20d6-4379-b30a-99d41d129444	786
29376c98-a744-4a2f-81c5-a1b3945ee34b	970
293c2fcf-f101-4eac-91d9-6f54ed3983fc	984
2950332a-c62d-475a-9a63-067f4c2746e3	971
29516272-44bc-4e8b-8b22-dbd3f12add14	787
2952f76b-05f8-4805-9da5-b10339d23701	988
295902e4-9f05-4113-95c7-334e6b6d96b1	781
295e8ee4-bda8-4db9-a531-f4f1a0ac3afa	999
29734cf1-b879-4a3c-9ce9-42a47afeae38	982
2973b0ce-e18c-4055-ae6a-13a6170e3827	983
29751173-c315-4e03-b008-5c9d64aa73b8	781
29785d52-a79e-4a13-99ba-432594e72851	822
29798fa8-3df5-46dd-80c2-2767f721190e	790
2996fd13-5e23-4ab7-8163-5fb74c4ac4ed	784
299dca67-c8bf-4d33-8546-0c7d8b55c58f	784
29a45ba8-a4e2-4a05-91c6-58cd0b9cfb26	990
29ac1d2c-2603-4bba-9ed7-7bd3f36a098f	785
29aca117-87e1-4b54-b663-ed2374390d97	1001
29ae9cbb-43bd-4599-815d-a58f940f5564	997
29b791a6-f645-4e47-b92b-c9659e1140c8	897
29bb143c-5ee7-49f0-8696-383704bbeb5a	782
29bbec02-8d9b-4aaf-9f68-c9dbcdebb9b4	791
29bc117c-947d-4a1d-871b-3e15f4c93fea	990
29bfc060-db7a-4838-b2e3-8bceaf6b62bf	886
29c84f0e-6ed8-4a70-a2ca-a9e6efed3f10	886
29c89e69-7218-4ad8-a4f2-17b2a953256b	987
29d6f6be-a205-43b1-9abc-97d6241df74b	967
29d847e4-801f-4f1c-afa2-711fb8278316	988
29e11f25-8678-47f3-abae-1deaf0022fce	982
29e5074d-57a9-4165-a5b1-e6717b07db98	781
29e63bcb-221d-41d3-a5f2-9713759fdb8b	787
29f57df1-3e54-4375-8fc7-de9e593a44dd	786
29fe1886-d0b3-4930-944c-47c9faa8bcc1	990
29fe9d36-ae01-4599-89f7-b9da7d08156b	892
2a00c0ff-e858-46fe-9cd9-ec3dccebc229	888
2a06bd12-f945-42e5-8c15-a9bfbd686ea3	779
2a14890c-d27b-42aa-a8e1-450f357f84f8	920
2a1979db-4b1b-44b0-b401-53eeb3e8aa36	879
2a232192-59d7-49c3-8eb7-35eda45b903e	989
2a289ed0-b9c3-412e-a260-02d0608f5ef1	989
2a2b8bff-2e55-4ae1-ad97-00f2d4fc688a	788
2a321c5a-9049-45f7-866f-c2522dbc5554	996
2a38a3aa-6827-47e8-8006-5863747bb91c	1003
2a3a49a4-c726-4261-b161-9795cbc1be24	893
2a3cd875-c85a-4197-9836-ace77d8a02fb	983
2a419524-d534-4c60-a935-645a69938609	981
2a4c6bbf-628f-4e88-ae24-a7c2656feb52	988
2a4c6fed-baec-429a-8db7-b4219a5ec15a	784
2a4d5809-6e8d-41d0-aee4-f739ed18b311	974
2a552b7f-d4dc-4dba-b988-90df037b6302	788
2a5593de-338e-40a2-ac2c-447604aea8b7	786
2a594b69-3a61-4725-9d30-cc183851a1d8	889
2a5a725a-8e00-4807-af3a-3d12e36ba83b	781
2a5da838-7853-449b-95f7-59f6fb1980a8	992
2a5f2927-599e-4890-8436-f86b7776bbca	777
2a5f629d-7c6a-4fbb-890d-fb57e65cd3a1	989
2a5ffd1e-5c8a-4142-8e00-0b361fc38b8c	986
2a627801-da69-4d66-be67-e980a0eded50	793
2a694810-ee9b-449d-9d6b-defbefd53741	785
2a6a299a-0b9d-4ab6-978f-e04c7ddfe162	978
2a70cfb9-aa34-46c5-8e0b-66d9683bc1db	783
2a80ec81-0fd3-46a1-8843-53dc66170478	784
2a9bbc38-d76e-4be0-82d6-3dd0a3ddc543	785
2aa30631-3fad-42a9-89ae-cbdd7e1664ea	886
2aaacbc3-72d4-4380-9cc2-725b6f8ea7cf	990
2ab35bb1-bb34-4d75-8375-502667fb1443	792
2abb3eec-2cb3-4013-bd9e-cd871545eabe	788
2ad0a965-6a6c-4a2f-b3f7-7e1448161fda	1004
2ad0c31d-0e71-4cbd-b392-9acb2a7cc33b	906
2ad47f39-ad41-483d-aabe-9065eb572150	986
2ae1d579-da48-400b-aa5e-2e904ee51124	786
2aebd6ba-33d4-4497-9168-558742e75313	997
2af36dd2-3164-4ee7-8ec1-3efb447cc0ea	989
2af3bfc8-3a3f-4e78-a76f-34c889b4ef39	784
2af591b3-ce75-4d2c-a18b-dbeb51d6ceb8	791
2af71305-3445-49da-a6a2-a69ca4d229ea	780
2af861b1-2cd3-4c24-b6f3-9139e44180f1	883
2af94f8a-bae0-4c9e-b7d8-2a8104f0517d	970
2afc34c2-b1cf-42c8-89b1-727a52d88564	984
2b082014-9dba-45be-9aee-22c4a734188a	909
2b0a0e30-399a-4008-bbd6-3892585a8450	1002
2b100b2b-cc78-43df-810b-fb65bb99c856	788
2b1087e2-0752-4206-8dfe-70748697d1b5	891
2b2e1673-dd3f-4476-91a8-610b227289c7	888
2b34ed8d-fd4d-41c0-b221-ccf80a223d0b	996
2b3a7f1a-0d1b-412e-8279-fdd8d484f0a9	784
2b406c50-b6de-4ec6-81d0-704aa50d4b5c	786
2b40c8e6-3c2e-460f-a327-05162fd26694	776
2b46d69f-3d31-4e90-9594-9595d7d1e7b9	787
2b496d91-b806-4055-91d4-f80e84679a46	794
2b4dab74-3e67-406d-b098-c8446f42eb1b	1004
2b4f77d5-1ae6-414e-889e-51a1883f78e0	785
2b5e50ed-75de-41e1-9fc7-097b1ed66a84	778
2b648d41-147b-4195-b007-f6f0f67f6ca0	808
2b6efcce-244b-4b53-b679-b4833f162c0a	784
2b758e69-86d1-433f-acd3-669cc17ff8f1	813
2b76f0bf-aaf9-4e97-817b-eee6403b4c17	785
2b797bca-006e-454b-b13e-2e4a22833817	780
2b8bbbf9-d7df-4b1a-8449-6810f1394170	975
2b91e89e-ffa4-46de-a927-3c479e6e5493	999
2b94dffc-77ae-401d-ba9c-a4cd7a81c965	788
2ba01f90-9ee2-4be2-88ee-edf8673039b5	1000
2ba22f1a-fb69-4c00-8de9-609a3b568409	789
2ba8b0ca-6526-48fb-8e5d-26697a63acdf	905
2bb2d0bc-b840-418a-8d52-8df64ed2a92b	783
2bbb8a29-4e9a-4dc2-919d-375bf7d31831	983
2bbd435c-fc83-4431-a6b3-6dbced2bd033	986
2bc61de9-d768-4583-adb1-9e9754822523	787
2bceaea3-d288-4272-b0b1-8eeac1d60625	784
2bdce0c3-506c-4ee9-8062-3207d5bd347f	774
2be8495d-ba7c-49ed-ad79-c9e585f72a5b	798
2bebb0d4-386b-4328-84d5-ec286e9e72b2	786
2bf03358-91fc-4aa4-a5c4-e37e560b7f9d	986
2bf0acc6-ee6c-4b5d-a810-9c68234257d3	787
2bf60e7a-ddcf-451d-aa37-fe77a0cda41e	783
2c02aba4-fc66-4dbc-91ea-2fee334badd3	1000
2c0472b9-74bc-457f-bbb3-4d34b48fc80f	999
2c1170a3-8d9a-4599-9542-2c5d4630260d	780
2c1950d6-bc0c-449a-9ebf-ac1efa19bf18	987
2c245cb5-3464-4215-8afc-5600f90e5f3e	896
2c30703d-35bb-4b64-a4ea-d11f7ba979f7	978
2c3b4df5-00d5-49d0-b976-73519560afa5	979
2c3c661f-d027-48f8-a2ed-e7caf820ede7	781
2c404ea5-fe65-4c93-886f-15c6f34ede97	988
2c527885-56ca-48cc-8a97-b1d3bbd54996	785
2c5561a2-6d49-446a-b4dd-d55d3aecb202	781
2c603a46-e95f-43ed-bb93-39635c29c2e2	985
2c6320d8-6950-4ec0-8273-501caa68890d	790
2c634df6-4685-4ece-93ab-04ed78ed1d90	892
2c67b9c3-f3a8-446a-a9b1-e75ef436a3bb	970
2c68fa6e-91e6-4ef2-9fd2-c7b1b6c686f7	982
2c6f4044-778c-4857-8db0-29eba4506ac6	785
2c70231b-73fb-4d83-a98d-eb57e7463dff	978
2c7a6463-9149-4c8c-9eb5-79f054461317	884
2c7e66a7-514d-4067-8a6d-b1dfc71aa128	788
2ca463af-90e3-4af4-8714-99b09c29ca4c	986
2cab669c-3ff7-4550-9617-bb7192c26bd4	986
2cb2b49d-8ed6-499b-9c8a-1565a5fda0b6	789
2cb9bad7-0a5a-4553-8ce5-0a9e8c50f9e3	790
2cbba0c5-859f-49b9-9daf-a786c1b1b1d6	1003
2cbf28e9-b0eb-4989-83dd-c215a3481f6e	787
2cc0aac9-d96d-4fb3-82f4-14d753d058b2	985
2ccb8e41-5418-4e7f-9d48-1fa94c0bbfc6	811
2ccc1d61-ab18-4baa-accb-02593184b866	786
2cd04ece-4c69-41c5-b84c-90875c66fd4a	785
2cd19893-4696-40c0-b13e-9681d6bd6599	785
2cd9ee86-9bb0-46c8-b6c8-a3df0d34fcac	787
2ce15fc2-e97b-49b0-a626-b8ac2ad7783c	768
2ce183b1-c3d8-4baf-b55f-ded6ed029d2b	783
2ce90a65-d2c9-427d-93cb-7bf0b53c9551	1002
2cf258de-254d-4817-bd9b-581652c46d4f	991
2cfa937d-3117-444d-a5b3-ee034a088fff	997
2cfcf195-0e88-435b-b88d-554cd6bd6597	784
2d0341ef-7b82-4242-a91f-67a69e5abe99	987
2d0357a9-1b33-4bf4-b23c-92370e77696f	991
2d079ed9-f70d-416d-9b95-abe2dbbeaaa5	994
2d08848b-3fda-4d10-91f2-ac272ec0f3b1	785
2d0b90e8-cf7e-4322-9f97-35c479cd4cd4	981
2d0c9744-bf1c-47d4-a4e0-faf8ba75161a	992
2d0dcdf9-ab59-4aa7-9697-d8a2399f6c82	979
2d1ebff2-62eb-454e-8a3d-96b08b2563ac	987
2d1f90bf-3af8-44a0-b655-92f7671c0e28	787
2d20737c-d5c4-4216-8cf8-70f260d2f10b	988
2d23819e-1c35-4b88-82b8-307f0f4dca6c	786
2d266fe6-e42d-4841-b7ed-bd2034195e4f	892
2d30eb51-f553-479d-8e85-20a4e3f1ed5d	786
2d332a78-e1e5-49ab-83c2-6e644d9b5803	783
2d3aed6d-fa68-42e2-9f89-2454523ebda3	891
2d41c672-808c-43cb-9ee9-dbc367bce659	785
2d44c86f-f22c-4a35-99c6-b72a64dcf7a3	786
2d49ac5c-1763-4146-832f-94e959006199	991
2d4edc00-146f-4c8b-a6f0-752725d1ec14	787
2d50859b-7124-4106-9599-2402f0907721	786
2d547f77-e377-4d4d-8fa5-3fb83a5e6cc8	786
2d54f8e6-21b1-4baf-889e-50580731488f	988
2d58eb53-9235-4f8d-9ec8-5c1a273d9f9b	989
2d5c0421-0c50-4b40-a41f-b4f64d207d5a	780
2d5e3839-792b-4934-9373-f9eaba07c351	1000
2d5f92cb-6425-47d1-a308-30e9c2af7ade	786
2d66ae88-1670-4e04-93fb-7b9529c54bcc	836
2d753954-a120-4a78-a92a-805d480c7fb6	846
2d75e60a-e32c-4f7d-9246-043bc87f64bc	786
2d7dca63-a18e-4e51-80ce-594e02e1c8ee	786
2d817465-ae7c-4db7-9136-eff228518f59	980
2d86bda3-d4e5-427b-ab76-d9c0ef234b21	983
2d89b503-5fce-42de-bade-f2d63dffc930	789
2d989927-6fa7-4e07-a868-e255b3d7384d	785
2da3d140-78f5-42b6-9c6a-0c53831bb34c	782
2da7fa72-c191-41bb-97d8-8328980d10ab	785
2daf55ec-5148-48be-825f-5ee52e55c792	780
2db23f58-daec-44f4-9f85-5d8b5efada7d	1003
2dbfc123-2180-4d06-a706-06d1779dc13a	971
2dc0e27f-29f3-4ab0-b528-fad3218f4e7a	977
2dc26191-b93a-4cf7-9300-02ae12b000fb	779
2dc8a589-0970-442b-88e1-cd8243e190c8	782
2dcb2982-af50-412e-aff5-384b7ded1ce6	794
2dcc31d3-f66b-4031-90dd-2eb73753d21b	788
2dd10d17-9956-4ab2-8aea-6289db1fc460	784
2de35860-6f1e-4d34-b90d-88a29c702cb4	789
2de42d91-9cdb-4245-b94f-e1183082ea50	982
2df1915c-cea0-4185-b879-26f8c448f614	780
2dfb7a8f-a4a4-49e6-a46c-7449bfbfbb26	990
2dfbfc7d-101b-4397-b4cb-cc0f33753226	785
2dfd022b-b460-4333-99bb-6f012307ba13	782
2e03042e-bc09-4c38-9cd3-8dcf86760004	908
2e0531bc-804c-4934-a84d-827811e2352f	1186
2e0ce4e3-768c-46f1-8d70-bc16d062dc54	786
2e0e25b8-bfde-4575-9172-22d8d517a5b0	983
2e114d6a-b06b-46c8-965d-2d350e85ad92	783
2e149fc1-b708-49af-88bd-d6f439d69ba1	768
2e167891-1685-4836-ae37-29e3091f5229	987
2e1eb516-09e5-45f1-bc75-54b4a3778ffb	892
2e1f5b76-1114-48bc-891e-9a17cb2684f2	781
2e205603-f6d9-4037-b91b-2450b1807d0a	984
2e23e5d4-a709-42cf-99ad-8c2b7d35f615	978
2e25ca0f-f71e-444c-be3b-73ffe7171094	885
2e26bea2-ad39-485b-90bf-14c748620faa	982
2e2dfd3d-daa2-4e22-a5d4-5dd2ef2706fd	784
2e2fee43-9737-4727-bd4d-6cc45ad35294	769
2e3b2072-e18f-4aff-b7fe-9577c2b722a6	788
2e48909d-8903-4aec-a6ba-5313395e1b10	786
2e4b9fdb-15b4-48fd-bd9b-1238b9c6be99	888
2e57f6b7-3de3-435a-bba4-f402e1bfc6a4	783
2e5da14a-0d71-4a7f-9c50-8c1a63be8a7f	986
2e679d58-2ee1-490e-b3e3-6c956b499613	894
2e6be95b-94b4-449e-9006-9adf4efdb701	891
2e6e9868-2bcd-4542-8de7-3440c376bbd3	1002
2e6faa31-df05-4334-9a9b-90c84c442655	782
2e6fd777-861e-450f-a7b1-6a9dd979df06	1005
2e71e086-1599-428f-bde7-631904f9dc50	986
2e753af4-696f-42c0-a7b8-879c4ef12a7a	789
2e7562eb-eb9e-4bd0-8cfe-04703d65972e	988
2e7a1bac-c697-442b-8332-e84689bba62c	788
2e80faa9-831c-4fd5-a88f-d33e9968f486	781
2e84ef88-b4b7-454b-8789-5615bba8c7bd	979
2e92441e-7d15-4004-a042-3e1d5fed47cf	783
2e9c32f9-1a00-42e6-8847-b02e39877b92	789
2e9fd683-59e3-4966-8665-a9fcd0fbe520	993
2eaa3445-9708-4abf-9cbd-f872c3f1aded	971
2eac4ee9-e567-4c36-92fb-67e34b778ed6	786
2ead6c08-67b9-43b1-bc28-9b1cbd6dd6b6	786
2eb07a13-ea98-4cf3-be78-fb030433253d	786
2eb226fe-3414-4c90-9997-7e2fd2a66223	977
2eb59720-f382-415f-8040-4310dd6144c6	785
2eb7d0b0-aeb7-4531-987b-291a528871fa	787
2eb8b07c-028f-4437-af5b-9d275114d6f7	885
2ec201c2-e3a2-44d9-a009-5b476bf84c50	898
2ed86615-152f-4135-ac71-528420cd2f3c	788
2ee0484b-a371-4da8-92cc-10abd5beea26	999
2ef1a739-b126-4541-a548-9683d33a0823	978
2ef546c0-955d-4acf-bcc6-c9a1f3e490b6	787
2f015f16-4168-43af-af74-37e3db8b2843	979
2f0ba7b8-2763-4ad3-b6b3-ec39c54f7db1	767
2f1001e9-cbda-445a-bd4a-e1d614e20f1f	982
2f1600bc-1e8d-4508-9724-c9b9e81d4f9a	894
2f1a6dba-6b77-419a-8a0e-169d5313c8f8	786
2f218837-68a7-4f04-97b6-5687f5005c24	774
2f26f1e6-e603-4635-880e-9db21829e966	788
2f27ff6d-38a4-4427-83ab-69b43585bab9	890
2f286e69-c403-4ef3-bf5a-bba745396a58	992
2f287b85-76c2-4009-9f60-70d969e6ed3f	979
2f2c4765-68a0-4c94-b903-a8f902b35a14	783
2f2fb3ca-ad3b-468f-b7cb-dc77f4dc39e1	787
2f32cd22-d679-45db-ae6a-e2304787d640	785
2f38a68e-2a34-4a27-a01d-c98bbbbb0307	784
2f464d1e-dc67-4cbc-a892-c396066d843a	999
2f4e4bf3-bb39-4bda-8289-7edea221d262	790
2f521434-2d9c-4508-bf1b-e00ed46bda49	972
2f5803cc-4874-4885-91b1-fe29afb9761e	789
2f5af811-96ff-4a83-b6bd-a4c0d55ccd1d	780
2f5b74a1-3e1a-4672-b385-06c961cc22cb	785
2f5c8001-ca65-44fe-b964-60f88b828092	782
2f60c6dd-3ae2-45a1-931a-958e31cbb1e5	782
2f644c09-7929-40f4-b6cd-65ba11fdba7e	814
2f680f94-ad4a-44f1-927e-62486f7db3fe	985
2f6a93ef-f444-47bc-9bf9-4d8191234081	788
2f6aa9de-7bd0-4bf0-a22d-09bcbef321b2	902
2f6b03be-abfb-41ef-b2ae-ebbca41c20bc	977
2f71f43a-9579-4b51-9a8d-5bd43eab7f0d	782
2f725c5c-88bc-4d38-8d88-1871b4e97cac	889
2f7a2e6e-c265-477c-bbc8-8d53d83c77e9	743
2f7cb93e-6c6d-4f41-b59e-8f0ce273aed2	781
2f7d495d-2b61-4ac6-bbf4-5f4bca3d49c0	895
2f7fec3d-b866-4f26-b40c-447b78de3971	767
2f82f89e-5b51-43ab-8123-6119f1ac21d9	989
2f836074-d88b-441e-b343-1a845615d816	982
2f8fad33-6e11-4dd5-a7aa-2b9191fd7cc0	1002
2f914665-d20b-472c-9769-789ab29cf843	981
2f9b3e54-d01e-401e-8c75-00daaa7399fe	787
2f9b71e6-93a5-45ec-af9b-d046bae4e3ba	985
2f9dfad8-9d07-4843-b6db-47f627e8b2d1	994
2f9e9c1b-d004-4572-85af-78461c17c068	785
2fb243c8-af92-4e24-983d-b8eddbc55907	997
2fb35258-e846-411c-b255-19cdd5173bef	790
2fb49dd7-8746-48c5-9e17-d8c8c7f55c98	774
2fc0db78-299e-4db5-80bb-972220436ec4	892
2fc14f6d-c4ea-4320-be15-ba4b56387116	783
2fc76e4f-4641-4719-984e-88af9f7ad057	784
2fca1b9b-4bc7-4a62-b290-f9b8f595b427	780
2fcaa768-edbc-41c3-8403-a46538076cbf	1002
2fcaea3a-7640-4551-8323-7c834a480990	785
2fd97f5b-2ff8-40ee-825c-a10daddeefc3	891
2fde5f67-492c-4df9-bd9d-bb4f0887915a	976
2fdeb4a2-c064-4c83-8216-5fcf47a2b248	778
2fe1871c-92fa-4c6a-a642-80bffd6ca3f3	788
2fe2967d-2eb1-41b6-b247-c51be8a2b2da	789
2fe32227-27b9-4df6-a37e-2fec8f9c56f8	970
2fe87fd8-018f-499e-a8ac-cc35fbd0e5fe	989
2ff03ada-e44f-4be0-afae-f7546734741d	982
2ffb37f4-71a9-4b97-b343-daf222c9eebc	888
3005e8ea-d901-4b9e-be14-75ff936d1484	500
300db29e-d751-4fd6-b234-20c465f9aeb9	782
3011c17f-14b7-4b8e-8a38-1a3c0c9124fa	787
30128921-b0e5-4720-b1ad-adbe80964695	979
3014b1e7-28b3-481a-aaf8-251b2c4aead2	1000
301815cf-c848-4fd1-b735-09e117b9df3c	978
301c65e3-4a3b-45a2-abf1-6d6d9fa53f9e	784
301cff89-5a44-4ed9-a7be-364f21a9746a	775
301f1c03-70d1-4896-8f4a-3ad8b1855424	782
301f36f1-cd54-46b6-926b-76cea3904bd7	991
3034c3c4-8ee2-4f87-9072-db8408bdde7a	782
30368650-bf7d-456c-933b-daad88e9491e	978
303b7d86-3734-4f86-86fe-46ef00f96eb6	780
303c603f-25a6-4949-95cf-f63b73dcb9fe	978
303d6f97-afdd-490d-a410-8d83941108c9	784
3045ed60-2954-4756-927f-e61a6039fa73	815
30464d97-82e6-4e48-af13-642a9a36fdf1	781
304c6e19-a5c8-4079-8581-3aa991a8934c	999
3053fdbc-a3ce-48c7-8bb5-23151f338b64	890
30596345-6623-4ac9-84ac-7c3d1bacb32c	787
305d8837-5b12-4bec-b1a9-672689e7b931	785
305defb6-7cd3-442f-8617-850e59cbdcc7	787
306a1364-c280-4236-b004-4ed52d84a5e8	985
306ef73f-74ee-4a16-8c9a-6fd59639e1ef	815
3079eeae-cee0-4fcb-be18-bda7bd62fc3e	985
307c51af-d695-40e5-ac8a-2aad9b536f2c	788
308a0a30-7387-47ca-bedc-ac471f61defa	789
30903026-c3f1-4593-b593-1ff15aa2b17c	782
30912997-4cb2-4cef-a3be-960192d24a54	779
309bb959-8bc6-495b-817f-09f5d4e0c5c8	785
30a3d6cb-f536-498e-8487-d3cfe804e615	783
30a65158-b9cd-4efc-af45-52462038f75b	893
30ad0f48-5177-44a9-8cf0-1a0f33fb484a	789
30aea1de-93d4-404f-8e3c-b9468b994b96	992
30b4e460-c83f-4deb-bf2b-5ac968a59b36	887
30ccfc7a-797f-42d9-a669-e5bd14a0bd69	782
30d0ebbb-9cf5-4f99-b00d-1d4b2343e33b	787
30d59783-08e4-4952-beeb-841d9bb2f5fe	1001
30d60631-6905-4f16-9f32-3a1c41415222	783
30d9be38-2719-4628-bdc3-5f29ae033b82	982
30dba226-c666-4b35-95ea-575c392282b0	986
30dbb50c-7541-4d20-9c31-4405f09f5da2	785
30e484d3-dcc0-4e4b-b145-da040e58d2e0	994
30e56dfd-c266-4bda-93be-9d0791fe0184	991
30eec104-d271-4ee0-b10b-30feb11989db	987
30f5a927-b10b-43f5-9cb1-829f6fc2cfef	982
30fa3b47-b25b-4a21-9b1a-406b87544ec9	777
30fb976a-d5c1-419b-bae1-408d800a2faf	780
31052340-9f1c-4204-80f0-66ff0b5be226	976
31060ea8-92ca-4bd3-862a-f2173294baa0	787
310aa77f-9e54-4e6e-8675-f6d4e4a71b0e	987
310c833e-2df3-45a4-9aad-0e13f3b64167	784
310f8713-2532-419f-ba9c-463c686b0731	786
3110a733-9514-411f-acfe-8135374d721e	787
3111c07e-b994-4ebd-9d90-53860a6c0f20	986
31169698-5227-4fb2-a89b-f4f850924fe2	981
3116f1c0-8dd5-449a-be62-c1367a85a774	988
31173e71-3c8d-4076-a8ab-5afdeba6a508	787
312382ea-a068-43ac-8241-262e2e4be06b	999
31289eb6-a518-4262-a23d-aa48158b98bb	892
312cfbdd-ea4f-4091-b760-e1bb2ebc702c	887
313d469a-ed6b-4e34-8e63-1f82da18f6dd	785
3142136f-7bba-4ad3-93e3-e36e71afae64	988
31476cb2-76ce-4cf2-aaf0-ada04d4aa084	1002
3150017c-65b2-495b-a9e9-69f1732ed2fa	787
315e39b4-337f-4cc9-bf81-69a69b3c817a	993
3161f332-48dc-47b5-bd35-94c1288fc7a7	785
31631816-ee4a-4537-924f-ff6749231f42	907
316c2a47-0e0c-4933-ace6-a54bbc77bda5	979
3175ba0a-69ad-48ee-95a0-8e049b4b3246	890
31804cf7-f9e2-4268-ac5d-ae5bafd50a54	786
3182ab57-e30d-4468-89e6-9d0816f41154	988
3188b8f7-c970-4d32-b476-6c765728d0bd	784
318938fa-70e1-489b-8446-43cfc6a670cf	992
318adf03-822b-475e-87b1-a1049d4534df	1002
318ef7f9-d18f-4f59-87e1-c2336edd7cd5	787
318f0fc3-7346-475e-b005-3dd48043ca6d	995
3195ad13-2d43-4606-918f-b620d4ec383a	988
3197db1b-85df-43cf-9318-7baf876fd1d8	786
3198cfa7-101f-49aa-89d3-09ed760417ad	984
31a2e4c2-914b-4a3b-a58e-6985bbf098da	786
31a81f97-2137-49d2-a5c0-8e94ca0ddbe5	888
31b1054d-b4d5-420e-bc7d-c0210aca5659	996
31b326da-a66f-4663-8442-2dc2dd8bf963	892
31b7b049-75b6-4f69-a73b-bd0521c1ea77	783
31bf2da7-15dc-4aa5-b6f2-82f52ae839ce	986
31c976dc-8161-4c19-a6b0-11d852fe7e59	998
31d0b037-3cc6-4e5e-8ed7-8b28eb3689f6	890
31d27fb6-b05c-4b5a-907e-775d2b04d6a5	787
31d506de-259a-4a75-b32c-2a21542ff03c	784
31d669e4-108f-4868-8726-0e6c1f22a3f4	976
31d78585-4b14-4af7-a837-45eb61c40e1b	777
31e10330-3f24-459e-8ed6-56bc163379dc	788
31e214d7-536e-4571-b2cf-e8c11030f955	780
31e29119-cd5e-49fa-b93a-888fdd3ab0a5	782
31e58454-7b5c-411c-9643-59e40f4687a0	986
31f3c4e0-305f-4220-b6d0-38754d4bad84	788
31fe9e2b-eca9-48b3-84fb-a73f4da8f10d	540
320c4b33-8ef8-48cc-8b00-fe9a1521c0b8	981
321331df-15c1-41c7-94fd-3f5b466be938	983
321cbc3a-b7f2-4541-8830-8ac78c673998	784
321dd39e-fccd-4b57-b608-1d1bb83e546c	784
321f63fa-e801-4c8e-9583-95c223dfdb17	888
3226939c-9a38-4a92-a6a3-dcea26e7e843	984
322f08de-13c5-4043-9f55-04cef3d9fc8b	1320
322fa33a-d855-4107-b8b4-1f028531257d	783
32304ce9-0227-4cb8-908b-a5faa64fbeac	1002
3237fb26-d26f-423f-a192-f1d1b6fc2b06	1014
32398c7b-109c-41d0-8a86-3948356cb5c4	994
3240e153-ffc4-4992-9761-d0d0e529cfa2	785
324363a5-31b5-43a5-9195-81274d21361d	785
32445dee-53c3-41b8-b085-7e3358713e30	942
32499ea4-c841-482f-bea2-3de28e50d7c0	1001
324bf5a4-ad99-49db-9f10-8fe013e80849	786
324ee7fa-bafd-4021-9ef5-5337154b18ae	992
32502c09-8605-46a5-b945-4e4f4f1044ad	786
3252d918-019a-4be4-8aa9-af4afb5604b8	997
325400d8-1cfa-437a-ba34-225211f7aa9e	989
3258b9f2-d9f4-4387-b643-4979c62ffce7	989
325be8ad-4297-402f-b547-e87eedfd9809	979
325cc0e9-d42b-496b-9550-0415a4dfc291	782
325cd39b-2f0d-4a30-b575-1cb6d20b4af8	1000
3268e6d3-9a6d-4055-b982-ca6fb05ce1b8	813
326c49a8-cc3f-47df-9008-3bcfc5767323	787
32739cdc-655f-40eb-b690-cdb122c08605	791
327b2f70-9c4b-4acc-8f07-66cad47e69b5	788
327f61ea-b9d9-4abc-98ba-9abcad290564	999
327fbb7f-0235-413e-a276-d0de92e3190e	768
32945025-6e4a-4f3e-9045-6ba1af3a5cf6	990
3295d6ce-836a-4c5b-846e-4467d4885f03	787
3298e112-af80-4830-8e0e-5e41ec8b6b68	785
32a2c720-64c8-4c15-9b35-d8b076120de9	1493
32a6aaf5-d67e-403b-8255-945b86d20283	2016
32a82606-6ebd-443f-8d5f-abe456444f8a	994
32b59d1e-5926-4390-9ea3-41e60db008eb	988
32b8a075-d6c3-430a-ad17-2320d55d5b72	1005
32bfa0bf-4bc5-4b8e-a6f6-58a0667c1df6	985
32c4d8eb-4f2b-440c-8942-6e936c4d67c5	992
32c66354-1c62-4c05-b898-4dcf425830aa	972
32d61e09-1fa1-4493-98e7-d938cdaf0610	881
32dcb25f-382a-4f65-8e3e-bbd05eb9bfaa	770
32e22afe-5e37-4b84-a5ac-4e00563ee78c	787
32e3704e-ce56-4756-8a37-04c09563ee29	784
32e89e7e-7f46-46da-8157-6941b6daa1a5	900
32e96f12-1f55-47da-9748-0f4ffee85352	774
32f4d8bd-198e-42bb-8dff-b12d9d218782	785
32f84831-9716-45de-8357-4914999d6380	993
32f8aa7e-97b9-4769-85f4-166cf06328be	984
32fec583-439b-4b66-9a81-7aac9c2f43fc	783
330005d5-0609-4d33-ba62-caf56bb9b7fe	1001
33093269-450d-4e33-8c75-da183fd8b3ea	786
330993a3-f6f7-4431-abde-4c04db68627e	780
330e8c9e-7870-4ca6-8e6d-e874e402a9ab	999
331debee-73b9-4d19-a007-3c9c46a61258	888
33256414-c3b7-4948-91e4-52900856576d	980
3325adff-b0a0-489d-9eb1-69993d08583d	997
3325e2a2-29aa-4633-9d6a-d08d496171f8	988
33298686-0a0f-4891-87a6-d7164c0d9bd5	889
332c272a-54f7-4e82-bc25-8ae7a7afaacd	895
333261ab-88ed-42e5-ac75-c0617fb087e7	892
333620e6-97d9-4593-97a9-d579f23d8865	778
33391e20-e716-49cc-b68f-d6941ba0ffc2	784
33431e0a-7a1f-44a4-aff7-fc67101c34c7	785
334b2411-2541-460f-98b3-5c088a932719	991
33518e3e-5b48-4fbe-8f93-5124d24de6ce	785
335717a8-3a72-4861-8b86-050ae181521b	891
336df764-e23c-4ee4-9af8-14b65c19d908	782
336f397c-6e4b-4233-ba7b-342ecc7b827e	985
3373471d-9b7c-4455-804a-ea9da411251b	788
33737306-b664-49c9-9e43-fbe453b6e4a9	789
33751a57-56c6-44dc-bb5f-0443d813a7fb	784
337af5c3-1a95-4b80-83ad-bc356a0ac1d7	987
3386877e-8541-4f7b-a5b6-dc10ee2089e4	830
338d3184-0633-40f8-9a84-5edd807c1b1c	989
338ebdcf-ef73-4749-af63-f3b15972625b	975
33aa7f48-52a2-4f88-8c5a-144dc5bed112	970
33b59beb-167c-4ec0-99d2-030bc791343d	983
33b64038-e36d-4247-856c-a454bca3bd95	989
33b6da64-0513-459b-8aff-1490f5146c79	1008
33b904cc-5d2c-4111-b9e3-6551a1436e6d	818
33bd57a0-bc8b-4fb7-82d7-7514773b8052	987
33c90304-d23b-4f79-9dcd-c4c28e29a9f2	981
33c9373f-7853-4041-bae6-b63d67a5eca5	784
33cbb0b5-453c-4fdf-ab5c-eb8e4293bd27	985
33d08b08-548b-40c6-a5d5-5db39c906a91	782
33d60354-987c-418d-bbc0-7f8578a32b3f	993
33d9b596-e4eb-4f9c-b1a0-0ceab1765ba0	788
33db94af-21be-4b91-b5ab-0d1399979a4b	993
33e6c223-5aa7-4c71-97eb-a27a52cd1237	786
33eb0617-5406-45ab-a57a-d731f71720de	788
33f3906e-70e6-455e-9561-444b496a98e8	989
34073b50-1106-4008-9938-c776be77827a	890
340e9aad-7ebe-40bc-85b0-afdc806abe25	995
34153110-15ea-4064-8f72-260e3dfd8edc	991
341565bc-ac5b-478f-a045-637936b4fa6d	782
3416e73b-6e98-4e07-afb4-e2714e1c3bf4	785
3420cc44-5cff-4f05-b1cf-901325ecdc37	985
3420f931-40f1-47e4-be14-921181606e82	783
34232fc0-f35f-4e79-af43-90f81bb80b42	784
3423a68e-8711-433c-987c-939fe9f14bb6	785
3424cedb-ec32-41f5-9139-75541af9d9a8	787
3424e2d1-2253-4df5-a902-9bd2646e2ba8	785
342bf9ba-5c3c-4fa5-8e61-19f7e2e903b3	787
342ccc6c-60a4-44a9-969e-aaf55c0a9df6	1001
342d0a43-aa16-4ea3-a453-bcc898b6ea91	791
342de153-9c95-4464-b6e3-8f28bff0d798	985
343026c4-186b-43e7-869c-c9b203f9ac3a	790
3433c69d-4c5f-4704-a688-22184f93bf88	976
34388632-c2d1-4f5a-94d6-62a7d3c811fd	887
3440611e-023d-4892-ba4e-8ddcd18af8be	981
3440ea83-4539-4690-beca-96da1166c913	786
3442f859-22f2-4203-b1cc-6253d80962d6	786
3447dee4-9762-408b-92b2-e5f4a194e274	886
3451b3e3-0ebc-4ad8-9bc6-133ef1c3e318	785
34552602-8716-4525-b178-981ccf8499e2	784
34620499-3b6c-414d-8005-5b101e8d0cb1	786
34644bc2-b4bb-48ca-beaf-2174db5af7a6	785
34652d3d-f14d-4daf-8ac5-452bb47eb96a	778
346aefee-fa49-4d1b-9f38-f239bf464650	985
346b2f3e-ffb1-470d-8269-5d984da73ad8	781
346bb574-1fd2-49e4-ae03-95ecd236f0f9	988
3485d077-d1a3-476b-ac58-551993a18438	1001
348b55cc-7898-4537-a55e-7aaea31c3fc4	790
34aa6ed0-a828-48f9-96a9-2e23ab3877f2	1002
34b8ba9f-52c4-489d-b3cc-26ee7786cce6	982
34b8f608-f510-4802-9cd1-f1de8bfc233d	985
34ba310a-7167-4541-8230-674c2cf373b6	782
34bae99d-5dac-429d-8e07-2d4da3a8fd94	890
34bbb2ce-be3b-47bb-9da1-d585bc618063	789
34bee099-d67d-4ead-9772-15a5d436cb7b	992
34c2e66d-8f76-4cac-85d4-2ae7ba033641	981
34c4f8b5-aa20-49e6-9ccc-b5bebfbebd7e	884
34c7aef2-35c7-421c-a9d2-9f8d8727fd7e	988
34cf06e5-7ada-475d-8e98-9f46c74678fe	749
34cfff3b-cb17-42f1-8a04-4f81fe5509b4	780
34d15653-1820-482d-86f6-9bca3099039b	990
34d1748e-0c7b-4e74-a791-6fd0509d2450	777
34d6099d-ad19-465b-afe7-83a25da94aa7	784
34dc9f23-10cc-4dbe-9d72-6847f0d7344d	787
34e4a1a4-d74e-49c3-bfb5-c76d4d4c0745	981
34ea801b-9581-4f97-993e-20b8908be676	783
34f4fe3c-894a-4e0b-b0da-a744ababb4c2	995
3506bcf5-b301-4a39-83d5-b4ed9a320dfe	981
350c7a38-88b1-444e-ae4c-9d6172582303	973
350d7489-acde-4fcd-bb05-43ea8cb4a1cb	993
350ee7ae-da04-470a-b738-0fb95f5c3fc7	888
351150d8-67ac-442b-93dc-ec60d2eccfaa	984
3516bb6f-3d83-43b4-9dbf-4a92fdef4136	976
351bf799-5c25-413f-b041-3fa035e409de	780
3527bacb-f1be-4779-ba0f-58b95006a4c3	784
352de9ab-7267-4a32-914a-951083ee296c	995
35306dfa-dfef-42c9-9989-44d9a81d857e	785
353acef2-ec33-4bea-87bf-d8504d3b12c9	785
353b8a19-5286-43d6-9b53-13736b3a3bb9	789
3541fa7f-b08e-46c2-9aaa-82b8d5d4b28d	988
354ac1a1-97a6-4e1b-af30-b4701d823b42	782
3567fa58-f28d-4e41-b73a-55e784f8bf0b	774
356e63de-f0a1-4a54-a894-d72cea8be781	790
3578b2e7-1c73-4eab-a980-ab6defba5431	780
358091ad-747f-43d2-b783-8d0e12873e41	788
358c7e4e-8690-48ee-8692-ca2a7b5d10fa	891
35925e6a-89c1-46a0-8a34-2ef0c17a73b9	783
3598463f-5541-48f0-b960-6622b6bf6668	778
35a251c2-23d9-4b7e-945b-1c6416b4d555	790
35a5b3f3-ee42-412d-ba8d-b48c991461b4	1004
35a7ee9f-9edb-49c5-b6f1-3c9740382f06	784
35c1af8c-bbcd-426f-8d1d-a1728b323a6d	998
35c5ca15-b935-4763-ad5f-cfbe2a9b69df	782
35c955e7-cc07-444c-a44a-f66115fefed5	990
35cc918b-1285-4972-bcaf-c4f5799cccfa	986
35cfd77f-800d-45c9-a519-776132623af4	787
35d4a132-9aaa-45ba-b0a9-6c9f6be57ba3	789
35dc58f1-cc7a-422f-b36d-b6c2e7aa0cd9	774
35ddba5c-371b-4474-beac-4de2fbea883e	989
35ddec6f-f0ec-429b-9c47-cae9ae95faf4	786
35e22dc2-025a-46e2-8cea-d6f28489de91	1591
35e25629-0c11-4574-9885-913bb080fcf0	898
3612443f-7a43-49b5-883b-2b6c1df33894	790
361976d2-5485-4d7c-915d-cf03f57cc19c	786
36199298-1973-4017-854f-fc7ddc3eee78	792
361bbcaa-41d1-4764-bf01-58923c693ff4	785
361e4e77-6a8c-4d7f-a298-0fff84d88169	889
361f163d-0640-4c50-a593-66cfe0309ea1	882
362254a9-a49a-4bf6-884a-1f9e4ca7cf35	986
362b2a2c-c449-4984-acde-f88dc075fa8d	997
362c142d-e36a-4f7e-b17f-c0052b70f6fa	786
362d6175-d3ef-41c0-a6cd-ab10af88849d	788
363165fd-f4fd-415a-9a8c-7608bd09db87	991
3635a803-54f5-4dde-bc2d-29104e49cae8	789
363b2de8-0b81-4c76-a937-198d120fa4e0	891
3644df28-2d39-444e-93c1-d4d287e1632d	993
364a5e6f-f8c1-4784-b3ae-d6680db886f0	784
365b5ab9-20f0-46cd-aaa5-756d1de39993	978
365cfaae-4878-4f7c-8888-662a93f08dc8	997
365da6f4-784e-49e5-ad26-6e078fefca6c	789
366aab49-94ec-47b3-996e-93edf1ab6596	982
366d49cd-0761-4539-a1c6-96b6d42f9c65	987
36753ebb-42e5-4325-8bac-6323995e9969	788
367ab861-8f32-4ad7-bb68-18ecd3f6eb91	792
367bc1f6-1bd9-40e2-a7ea-01dc0fc3ef8c	999
36813777-b6c5-4b94-8404-bd1bb63082d7	987
3685b637-cdaa-4be5-97f4-ee76e2b593c8	987
36a5a733-47d5-4a10-9958-3cdc18c23397	974
36a9ce1f-e27d-48ba-9f38-ffebb98e631c	978
36aaf004-4827-4fe7-816c-acb60f828a4c	786
36b45e49-ab5b-4cd4-9285-bfcdcbc80102	985
36bb17c6-28d5-4259-aa1c-44339b6e78dd	998
36bec552-16fb-44c0-9d16-335ad1a980b3	786
36c00aa2-3334-4c72-83dd-c0f2dd2229ae	788
36c2fe13-ab10-47d0-aded-c01e7677a8cc	783
36c65280-0b65-4bca-9531-ed9aba80ba2e	784
36def56a-a590-44ff-a192-97ed9aeee22d	996
36dfdbee-798f-4eea-aed7-3d3f9ab7a7bc	785
36e28a81-d55e-4360-a6db-3ab884ad46ec	983
36e554e7-d14c-4802-b1bc-7bc1b20d1504	784
36e8b980-bdcb-4e0c-8562-bcef6114617f	575
36f057a9-f211-4e7c-82d1-598435ed5961	786
36f80349-e986-4f39-9be7-f7b680c33bd9	784
36fb8036-7b7f-485a-a120-e370e6876dbe	973
36fea6e1-bcb9-45f1-9746-3d2378c23d1b	991
3701ef02-5222-4bb3-9258-ebb5645c52e9	999
37150c9b-7aec-4b6c-ad8a-fbeb9176f8d9	891
3716be14-095f-404e-877d-0f7631223f37	782
37197f37-b520-4eae-aa70-ccfe9d3e1d81	890
3723d395-948b-408c-a8d7-f9ada1dad316	783
3727550a-51a5-4afb-b5d6-04043c828ff7	778
372b6039-a1a3-4384-8f83-c4aa249dca7f	1001
372cc20f-8966-4479-858f-58f79175828f	980
372ef78f-8ba8-4d0c-8dbc-75a7123e6218	786
37364d50-0098-4f43-ae88-cb83e19350aa	769
37395074-7e57-4b8e-b44c-a31d4b4aa8de	885
374221e0-e832-4fb4-8447-78d5313d57da	781
3744b99c-2b9b-4c72-9d35-15102edce7f0	786
3746b0db-c27d-42df-9c1b-abc4a658edbf	988
374ac9a8-203d-4e27-b974-919430ccc78e	1000
374afe7a-20b5-4edd-8b49-d2e4c2804914	781
375a5713-0359-4c30-86bd-746d957d5acc	789
375f01aa-d1c3-439a-a596-cbcc3ea61162	773
37616607-12c0-4e59-947c-827ed6f395da	789
37617af6-fd75-4c75-97b4-2e372a4f7d5e	902
3766113d-d9b4-4a25-bf05-692b19b41fe4	781
376c9514-3001-49e4-b13e-a6ada33318a7	788
376f735f-7893-4e77-91b8-5c3cb6461ec2	1000
377f9fc0-547e-4148-94e8-a5355bd0ad96	994
378266f8-4e98-45c7-b155-b42fd9f687c0	782
37913b46-34c2-4f26-b4d2-7580ebe770bd	785
379891c3-825c-4568-bb23-40aeca0028f5	783
379c848f-b5fb-4e77-8b13-efa8b3f9e4a8	977
37a2b245-462f-478f-b249-02b9ca183bb6	786
37bd2e27-2325-420c-ad30-2325a471b760	787
37bfed53-5e76-4391-9d2d-28206e3b5c24	788
37c0a13d-2152-4e9f-b6c7-2cf7f2d3a39e	1002
37c36f7a-9a36-4e30-bd7e-e6fd6ce072e3	779
37c69988-1a43-4768-94ad-4ca7e6898514	990
37e3866b-44ce-4ab4-8caf-00f6a81936c0	786
37eccdc7-7b08-4a57-a95c-ffd7d3ee1809	973
37f15486-3a84-44b9-a572-888a4349ab06	993
37f5c134-5380-4e88-b685-db57798dc310	782
380afa92-60d2-4bdc-97ff-a8c2bb58e04e	785
380f0c4e-12f5-401c-9656-4c6bf52a92ac	789
3811791d-d3bd-4c7d-87d8-08e306c2daca	789
3811c16b-b05a-4d9c-b515-9203723850fb	786
38220bb5-5367-4a3d-80aa-862d806a595d	995
382444a8-8099-409e-9d08-dad84a6cd802	786
38297a36-aa8e-4a8c-8da5-6a2603c94b93	786
3829bcc7-004c-4b2b-ba8e-c9cb8a289b4f	789
382d441e-94eb-447a-8e42-6fbe244d1290	988
382dffa4-652a-4fd2-aeca-de44fcdeeb76	891
383a1e88-d7cb-4a50-aceb-0d77db92d623	785
383e85d8-b571-45a6-b95a-33c0c5b3a75b	993
38413bd5-28c0-4729-9226-a2322e565bc2	780
384161c6-6f56-4b81-be37-109a63082491	788
3853cac5-d6b7-46b5-9ceb-38c6c4754c48	985
385d4159-5161-42ec-8c89-63c694adc0c3	992
3860faab-0b80-4904-be5b-15d8f949841c	788
38648fda-b556-49a6-ad1c-595651d593c4	1003
38694fff-bf80-4c41-afd2-741ce93995b8	784
38756dfa-c257-4c57-a1fe-5a61a293b966	782
387860d2-001e-4991-a8aa-30ae76a1ee96	888
38852e31-61f8-4500-83da-e7101bae41db	787
3889d201-cc62-461f-a4b5-01120b7814f4	980
38962fe3-45f1-4145-8261-222c02623831	786
38999e7d-dde1-40e5-8374-0b42f90c3db1	983
38aab136-1e9d-40c8-859b-3003b23b3b5e	986
38aae7ea-119d-4c4b-bb6e-f7e16cea2e1a	787
38ae43ad-4bf0-49f6-995c-19bf4fab5c2b	993
38b0d06a-eff0-45dc-97e3-d58091bef7b8	995
38b845ea-76d1-495e-9031-c095c6187469	986
38bae6c3-aeb8-4816-b87a-cdedddbaa72d	987
38c1e49d-e5f1-4e4f-84e7-a47b18fd74d4	788
38c3e942-71d5-4c8f-9b6f-54fb20675b65	1000
38c64152-f7de-4996-85f2-4b41bff632ad	992
38c6c899-adf4-492e-aab9-ac1eab836063	995
38cb13b8-3d1b-4097-9e94-6afe773e1461	882
38d172a9-a0c6-4994-9e89-d9962cd49eed	784
38d38ba0-5d07-4164-850f-a7ca7c04367e	785
38e6048c-7190-4a2b-a405-c6dd9976467c	890
38e9563e-cc75-4448-833d-0c1112cac5f4	787
38ed1a05-d2a8-43ac-936e-e2c0bb8bceeb	994
38f10977-7372-49a7-980b-7cf907079212	986
38f2059e-3330-42d3-84e3-48f2fdc343a0	792
390860fc-29c7-4c6a-89a0-1863ad6aa447	784
39186702-fa8a-4f59-8aae-de1806fb2228	783
391a3dbf-1846-4f88-ab78-d7419f53e5af	885
3926450a-a41c-490d-b4f8-ccdf897cb906	975
392a9216-6611-4afc-bf85-809471f7ae47	787
3931e842-db12-4ed6-836d-a88a99477f5f	1002
3932a603-6314-472c-9f0a-b947a018e50e	988
393d43a7-5dc6-4e51-bd4e-30c22f3e942c	887
39413ce4-0937-46a7-8557-0dbe7298fde4	785
3959d473-37c0-422d-b523-4370559f2912	778
395f11a8-0beb-41e1-9615-de90e1fbc104	983
39623f6f-ec72-4a1a-b6d0-db65e82f0340	782
396ddfb1-15fc-4ec3-81a3-1c8b2c100e30	999
39717860-5664-426c-8fc9-d7717319976c	782
39731158-6e05-4802-8ec8-1ffb46729607	993
397564a7-ad0c-483b-9556-41b7af8a57ea	791
3978f14d-5856-446d-923e-f88abdafbba3	983
397ac455-23ca-46e1-b87c-bda50f8717ae	786
398d3e54-a97c-46e7-b22c-4b868651a900	785
399685d5-17f1-46c2-9a88-4d30408a0875	783
399b601d-38cb-4826-a712-30c243107fb9	979
399db6a1-0688-44ea-9f50-0502664c965e	778
399fcfd9-aa2c-4edd-9033-8eaa0b7a729f	991
39ae1650-d366-4f2a-9860-980483b41a43	989
39b04f5a-aa11-418a-aefd-d15d8d3dab77	1002
39b85908-c20d-46f3-9bcd-7b24943b3e52	784
39bb0b7a-abce-41ef-9f2f-cbccfb624607	999
39bd7099-6106-4f53-b961-e72a688141bd	977
39c1d709-ae90-41e0-8419-0752bb31f5cb	785
39d0840e-e9d5-45e4-91ba-c49a97673e34	987
39d4b016-0197-4a3e-819e-d644411617c4	871
39f102cb-f71f-433c-99ce-4948d40bcf8f	985
39f33a07-42df-41b2-aaad-8d42ebbf3504	999
39f791e1-768c-4480-a8de-f2385891494d	966
3a01a2ca-f836-4db3-9ba5-7c4524ea3106	992
3a057356-1339-41cf-ac37-b83b5fd93473	787
3a073aaf-811a-45bf-bb20-3d4de357fae5	789
3a0ed34a-f12b-40aa-b62d-ae53c19c2b1c	1000
3a16f28f-64d2-43aa-8134-c0c625b7c70b	987
3a2fdc29-a3b3-48cb-b506-200206c1ca78	991
3a31d482-9d5a-4d97-b467-dfa841ea7cbd	785
3a34131d-bcea-4032-aa46-b06a16e47ab5	990
3a3867c5-fa99-4c9a-aad8-e6e31c7f1334	1942
3a39e2e4-2fea-4582-a6a5-6bcd6aae7142	786
3a3d92fe-eedd-4ed8-963c-79334bab67c6	785
3a42f2b2-24d7-479a-9972-6ce12b2791bf	999
3a4b7a8d-396d-4f4c-a868-7f988916ce8f	781
3a500f5e-91c8-4644-b379-45bd1c09ce47	783
3a5e7540-b5dc-44e6-b8da-284dfd231a26	981
3a5f97b0-8583-4b7a-a894-dffb3554e7b9	788
3a63516f-4ff6-4577-9dea-ed4252749001	770
3a66ca89-fdf6-4807-b9db-2d99d8ab4975	985
3a69a0ce-5e7a-4bc1-a39a-6cc1630189a2	991
3a69a1be-ebb9-48fb-8b7d-eed84ea2fb3b	788
3a70b46f-7cdf-4d36-b4e8-d82868946ae3	889
3a71896e-9720-49f4-961b-4b7530532110	808
3a79eba2-09b1-4c51-8aa8-a9622e38d96c	974
3a7f5136-b86e-4bd0-8e0a-9f2f7bc3a6f7	976
3a8f7e6f-90b7-4a49-8c50-f5245ab4b543	986
3a94eb6a-a699-4ea5-a667-8c536864c5c7	992
3a9653d4-e74e-4bd7-904a-60a63e82c361	790
3a98e22a-c072-45db-948f-224d1fcb29f2	892
3a9e765d-4ebe-43e6-b3b6-1fb38e95880e	788
3aaacbcb-4eea-4a55-9779-4aee7fdb1e12	785
3ab7aeb9-1dd5-4636-8aaf-85038bd7ce44	789
3ac58afa-2558-468f-95b6-54372acb45a5	785
3ac7a305-286f-43b9-9320-a789200f36ba	775
3acb7873-9208-4db0-9a75-1b7f54466418	789
3ad43393-0df8-475f-a4db-d81e0ef16b27	988
3ada3bbc-0aa5-4587-bc58-5125d828ea9e	790
3ae30915-47c0-4ce8-837e-a149c688dadc	994
3ae50211-7523-4938-9906-0f01505b012e	978
3af0a1a0-fef0-42da-8599-e75c359b7e75	997
3b0ce241-e4c4-42dd-b103-b5583ad81d33	781
3b0e6a42-8cff-4942-912e-f76bee9fda48	1001
3b18ac8d-4b5d-4e7d-a339-e27ce845d5e5	900
3b19e440-b4d9-4b4b-a3fb-3bd12e4d1f9b	990
3b1f4a1a-7c64-44b5-bf49-a428a375e4e7	914
3b201cc4-29dd-40f9-a328-0650eb86c074	779
3b2755a7-ea20-4229-ac4a-d27003588697	776
3b28e955-3543-43ca-857e-6a7f68c051ce	972
3b2901ec-1c56-4b6d-ac12-fe9850394745	897
3b29ffcf-a8f2-49e6-8249-c7d2ef347e8f	785
3b3481a0-ae7d-4456-bc1e-185135957cbb	1000
3b35310d-80ac-498f-bc87-f8902224d120	984
3b38bf28-7d89-4d57-a34b-9b005f100964	889
3b3c50fd-95ce-4ede-ae2d-5b4ed1aab749	913
3b44bebe-263d-4217-bef6-bcac171ace2e	987
3b44e509-d963-4442-aea2-236ef1fbed16	522
3b479874-caaa-4e73-8b28-19d5683a8bfe	890
3b488427-1273-4ab3-8819-c58674e526e8	983
3b4d35db-cb39-4d74-87d3-da6523f08399	1000
3b4d66c4-40bd-463b-9e0f-f2726f8c790f	778
3b4e3be0-b8a7-4484-8236-2ce70be48900	998
3b4f8f35-fdae-4d62-a0d6-462d482a8e28	985
3b4ff207-8bef-4fc4-86fb-e2ddd25d7a11	890
3b551b1d-22d4-4c86-9aa6-e818fe190105	788
3b55683f-1a92-4f3c-ba55-ffe3e66c3f9c	976
3b64a108-56f6-485b-87bb-b851d31e372d	987
3b65edf6-ac75-46d6-9af0-36537ac10b94	981
3b6be1e2-7afb-4c5e-9b9a-28d16282a6ce	884
3b6da47f-b9b4-4a35-9b0f-31eec41c3865	778
3b818f4f-1aa9-471b-9bca-db0b365fcecf	903
3b824962-b9e0-45ca-9b76-4f44f6b71cc4	779
3b89f17a-85a5-4bda-802d-ca438ac4b63d	991
3b8d0eec-a35f-4ded-b2e8-b64d1c996939	988
3b8d22ea-1d41-4d45-a14e-d8288f446f06	889
3b8fd36f-c61d-4aa6-8442-08f73b388f44	987
3b8ffa49-0097-4e08-9fd4-96b239e1c30d	786
3b93de44-237a-4800-bd1b-49b6a8c97228	787
3b97a1eb-5fa2-448b-8e39-c789c0c47c38	792
3b98bc88-92cb-45f9-9d41-db0ea94ff424	991
3b9bc503-4460-4a27-9311-953ebf4deeb2	888
3ba58d56-12d5-4324-8ac0-152b84cd455d	919
3ba61f75-05d0-407a-bfa3-035c017d9bd2	778
3bab5497-24b4-4b1b-976d-8d073f137663	786
3bacf901-cf83-4ce3-8ce4-3319d9cdc3be	801
3baf3edf-903a-4d5d-aed2-407030031b02	989
3bb0ab54-ec68-45a0-a65b-9423675f40f6	787
3bb4efa9-786b-43cf-95b3-807063982915	785
3bb58e43-7f49-446d-8a5d-76e3662760d8	1002
3bc5baa9-1a46-4acc-81e4-28e1b7c91ce0	990
3bc6d657-cb96-4f86-b74e-adeefc1282f5	780
3bc90254-1ed9-400f-bf6a-bbb9283600ac	986
3bcb1730-d427-4589-954f-adf848011a02	618
3bcc92c2-c0c2-473f-a814-220397d0b169	785
3bcfc789-baa3-4336-845c-d0a040ef0486	981
3bd88f3d-8ff5-4076-b8e4-5535c7c65d0b	855
3bde5312-2c55-4805-a3ee-875e8db548ab	988
3beadd43-25fa-4da5-892f-22bf8c631df4	887
3bec9576-7ed3-455d-b302-bd4e3500c352	792
3bee0ccd-8266-4784-86d1-389f027cc5cc	781
3bef5d59-57f5-48b5-ab23-37c857e1dfc1	1740
3bf801ee-6d63-4a5f-b477-e90966aad3d4	781
3bfadeea-bd2f-4ccd-a76b-8e40715e1fb3	969
3bfbc5db-e4cc-4e1c-b6be-f32fcfed6cfe	984
3c088472-ddbe-481f-b722-35c6e60e34b6	789
3c089eca-f209-4d1f-8e39-3632aead0f97	986
3c102dc5-1a89-4630-88bb-99fbe4c72736	785
3c1d2221-72d3-4407-aef0-9197b3f44f03	784
3c246dc0-9ed3-444c-af8d-62e2b7c96203	783
3c253359-fd7d-4fef-94bf-edecc998b7ac	981
3c3f3aae-ffe9-4548-b0d9-3e7161107892	883
3c4c8f4d-93cc-4869-8ff8-199df22e0d09	781
3c4e4a57-e170-4869-8eaa-ea9d2f874ece	988
3c578f51-193c-456a-a310-1d758cde0aae	1767
3c57e0bf-0c14-4ad8-a346-57e92c31ed2d	969
3c5842df-c47c-4c0a-a3b2-3ed6d8e51231	791
3c58b735-f760-46fa-b931-4232a5865809	906
3c5a677f-874d-4e1c-a7d0-a40095965352	987
3c6121e9-859b-444e-bb9a-f78038c37213	989
3c6aab00-8e41-4f54-9b7d-8d4afcd5a17d	999
3c6ae728-e311-4f64-9571-80cb1b76406e	780
3c745800-9512-41b7-83f3-7dc8e724cedd	786
3c8a3999-618b-4533-9a38-37ef11cd952f	783
3c8caaa7-b90d-4032-aaeb-7c023de7d2a9	1951
3c8f659b-95da-4b3d-bd99-581a0b84bb3a	779
3c948794-cd70-4cf7-be3a-34a3f643d18e	784
3c987ba4-e066-4d9b-a8db-8c25e4cf0e80	779
3c9d02c4-614b-44f6-9897-2c7a4a88cca6	787
3ca2ddd8-16cd-4464-922b-ea82138f1030	1000
3ca72548-cb00-4746-bdf9-b1a35c33dc09	783
3ca93610-f327-4aa8-9ade-6d3320a3b78a	920
3ca9395f-b727-4feb-bba7-5fe3dcfb9d10	781
3cad37c6-9e78-4248-a6fa-4a65938ab9dd	887
3caeda18-f011-45f4-b5f7-91543eb7338c	786
3cb21480-0470-4dde-8a49-69217c26e9b5	785
3cb99b3c-3a9b-4cbc-a3da-a704b7a44280	780
3cbd7af6-cc47-449a-b96b-b536138e8c2f	785
3cc380a0-4bd9-4e8f-8d6e-58163515af9b	786
3cc926b8-5be6-43d2-88b5-7f211cd6f1ad	984
3ccc1db9-7a8e-481c-bccc-c2b7f2f0ebdd	946
3cd587fe-62aa-4be9-bdab-98e8137b194e	781
3cdd0416-bb48-4ee7-b90f-5e6f8a7c129c	993
3cdfbf4b-466e-45a5-9010-65dbd5836b6d	907
3ce10a0c-ae0e-403f-aaba-714e85e189cf	777
3ce5748a-e2da-4d11-a9e3-858e726e341a	991
3ce907a1-19dc-4b33-92be-3413a4d77b81	783
3cea17e2-a6f0-4e74-afb2-83f76e0a81ce	781
3cea5fec-c3aa-45ee-aa32-e3494b976bdd	782
3cf11c90-bb0c-49bb-8cf5-43b1583acf82	785
3cf18e31-8db0-45e5-a991-2eb7d2165b7a	996
3cf67c91-8b57-4d1a-8fd2-3c8ce38aca41	981
3cff1579-7ddd-4cd2-a0ae-f2ab2d8489b4	994
3d00df4d-7145-4e55-81ea-23419f05158f	782
3d0ad59e-fd5a-4672-858b-9554b8febfa2	985
3d131da6-8568-4455-955f-ff15fa36f7d3	785
3d1f5898-8020-4311-9066-9ecb5ed27940	996
3d2003f6-ee7a-4f1f-9a50-0684e579abf5	891
3d20dab8-8af5-47a4-9e79-6515984fab3d	894
3d247397-8c56-44aa-801b-f51085170d8a	1253
3d270199-e2e3-426d-89ca-ba263ad073e9	782
3d275e92-fd1b-41a5-a45b-476a30658579	990
3d29ef8e-77ef-4b51-bd41-956006da2100	986
3d340b01-97f7-408a-a71f-03d80eb629ee	1003
3d35b89e-9934-4b66-b8e0-675e0e40d7d5	893
3d3ed56b-6127-4737-9ded-3286e7181662	992
3d43e3d6-69cb-4eac-8464-b6d22c29556b	782
3d43eaaf-fb96-4d8a-a4f5-e7445006eae0	889
3d579959-a73b-449e-94f1-da3ca06c72eb	878
3d5a2e6c-c614-402c-a3de-25da04d09eb7	988
3d67e11c-b3d1-42fe-9ae2-4d4e7b8d1028	995
3d700370-64ed-4524-827a-4613226ab7fa	786
3d744462-475c-4595-975a-6c50644267d7	785
3d7d5da6-08d2-445f-b843-c0192cd9a782	780
3d839f42-3ae0-45c6-bc2a-0258f6ac3f12	999
3d8d9e5e-8714-4c15-b9c3-25f10739f7ed	1000
3d8fc262-c9ce-45cf-9b43-0056641a4c12	979
3d9202b1-35e1-47d6-b565-74c0d0473a80	889
3d9285b1-3e9e-4a2b-8753-1b6974303e46	784
3d937162-ddcd-42f1-b26f-d210c9430b76	988
3d9949ec-c9c7-4f2e-8359-06a2682f1f72	997
3da1f6ae-ebfe-4d9c-a269-f522976e0965	784
3da3f82b-1236-4023-8d36-5c6d701c16e0	785
3da78338-225a-42ef-af54-669feca9e4d0	1141
3da9472f-ab7e-4e7f-a441-ecff00ef91c2	971
3dab55a9-110f-45f2-9d77-c7bedbb95569	785
3dac6962-20cc-4e14-93bd-1d115613e8ee	783
3daf9b35-5bc4-44b9-a69b-3140371e1962	787
3db97059-acfc-46c5-ad52-752b10e5c2d4	787
3dba94a8-8963-4fc9-aeee-ece06db37814	995
3dcd043d-ca62-4ae7-9a9c-8dd42ab6da40	777
3dd51697-8a32-4bf7-808c-9b560cf35bd2	888
3dd5829c-443b-4596-96e3-7a5fbb909c71	980
3dd7db72-40d4-418f-bdf4-d86230eeea10	987
3dd8203f-7b67-4796-9a22-a31df6df0eec	972
3dd8d3a6-a398-460e-bc4e-0d23e3835d73	786
3dde2b27-7433-4f11-9a47-85450d169e9f	991
3de561c4-7b12-403d-9095-e24d8fbce37c	979
3dedda5b-aaaf-4f5e-bc2c-4ce8e52e437c	981
3dfedd9a-9263-4789-b414-1e486d3e7e95	990
3e00f02e-a449-4946-8461-c904f4934cce	787
3e0487d9-d20a-4411-bf4b-cea95454d222	781
3e093e0e-fd76-4a1a-83db-67e0dce9f334	782
3e0e8157-2915-4f65-890c-d7b3fd0cc0ae	983
3e0f20b6-0146-47bf-95ef-76e28219205b	990
3e16c1a3-8571-4e93-a2da-44d5e05e0795	786
3e16eefa-08a5-431a-91ff-a49c584948cb	783
3e1850ca-6803-4ea0-aa1e-173a052116d9	974
3e1a3a14-66b8-44cb-b89d-06ef3f36717a	978
3e1c936f-d0b6-409a-b853-ad72f72ad702	785
3e273509-e0a4-4b4b-955f-3d6b623e1611	985
3e2ab7c3-b916-4714-a99f-b32f1b83b7ba	786
3e2b5f1a-dbb6-4e3d-81ee-4d50f2ba88bd	778
3e30089c-f7eb-4379-84c6-c48ba9ec9eb1	881
3e34a371-af17-4b07-9e3b-8e67909f1dfd	899
3e357852-aad1-4076-b5ca-dcfd11a6cfad	783
3e399820-efd0-4c54-aa93-aeb6d317cca9	784
3e4320aa-d21c-4e6a-8168-5c3f9d888850	994
3e511353-a0ca-4603-b734-14c658579481	982
3e6a96ad-eb31-4fb9-a600-54d84d936d5d	787
3e72395a-ef78-4ee1-b177-6a2456467800	787
3e76d107-bc76-492f-973e-4e5ff40d6441	978
3e786eab-0ffc-4729-8c91-38b960a5d02d	984
3e7e229d-80e7-4534-8862-67d5ba3ba3fe	779
3e81fb64-9994-457b-a5ed-1c44cb64a59e	787
3e82973c-0d37-4633-beb0-6812e4bb74e4	789
3e865ac2-c8ad-48cd-a8c8-a05cfbf36595	786
3e86c469-ac53-415a-be0d-4aa08d165955	786
3e88b948-051f-4580-a1d1-5e53e4ac169c	786
3e8c53c5-0548-4f69-bae9-b99930500032	788
3e8db297-2cf7-49ca-845d-917960246464	789
3e944bdb-ff9e-4a4e-a960-f6651f1060bc	828
3e9bedc7-0af8-48b3-aefe-eebe146dddc4	991
3ea75232-81ad-481f-944d-822e1d01e7eb	788
3eb35f2c-2a13-4cf9-a24f-19069d7484a3	981
3ebb8204-2517-4192-b3a5-dfc3a6a61949	995
3ec2d30d-bfc9-44b7-88cb-3c87a04ff37f	1002
3ec77da7-f5a5-43ed-9665-1d0828993106	781
3ed8db8e-6b53-44d7-8b72-c4c44523ac1a	997
3ed9e61c-a575-40c5-83c4-5b1c726f90dd	992
3edcfb41-4930-4340-8959-f4bdae6a5a23	791
3edf93a5-0e85-4067-bfd7-7dae52466ff7	783
3ee9243f-4584-4334-a6c4-4e39dc9c98d4	794
3ee9cd84-d8ec-4eef-beba-26b652ce2fdf	792
3ef056a3-8451-4aa6-b00a-6cbf5b4cdb5c	975
3ef5df58-ff0f-4e89-b545-a68d6741742f	825
3efa4256-9d32-4272-8cfa-7047cb55993b	784
3efcb68f-6cfe-42fb-a70c-68b50ef94ece	891
3eff3bd2-ba46-4ccb-b080-24bdf0bb6adc	888
3f0c6aff-451d-4d0d-9394-073de889275b	782
3f18b524-9b98-4e9f-9d41-2537f16a7da8	890
3f18f1ca-9bff-4d4f-8714-642b7cf5dc72	785
3f1d3048-0414-4e52-b585-57070569d9b8	779
3f2044a8-7dda-4df5-9d95-7b83315f0a06	785
3f224fd3-4989-4318-8be5-f2fab8de384b	788
3f24fee0-a53d-4337-81c7-72357ccff0c2	984
3f29afcb-7c9a-4216-9253-f76261b021ac	995
3f2a6fee-d461-45d2-9f92-04530ec838c3	788
3f2d1cf5-a2b1-47e8-9604-34631a56a257	990
3f33f0d8-b41e-45f9-8689-e1990bb3101e	890
3f349e2a-c45a-4162-a8ca-dd1b76a17da5	782
3f3860b7-87eb-4f19-93be-b594d3b593a8	786
3f397811-117a-4f86-9e55-0002b9d55d8c	784
3f448daf-5d25-4f50-bc6a-986253407106	781
3f4985dd-fb5d-4709-8ef8-83ed3b3dd02b	978
3f4b67b6-b194-468a-a59c-119bf011b975	964
3f4f1c2f-eebe-4fbf-b225-cbb3de43a6ab	889
3f4fc51e-63d5-4b15-9aa0-2d99648eaf6d	990
3f589ae2-4c73-4080-933b-542882399bc8	986
3f5b4067-1c1c-43cf-8d97-a215dc9b314b	885
3f5cd877-c933-446a-a03d-28edf1f189e9	784
3f5d9cdf-26b2-45b1-9792-5fac39745cbf	790
3f64fb45-352d-44ef-894a-66b68011b3f0	990
3f6645ad-5916-4bf6-aef8-ca015b20adbc	784
3f67d9b3-9edd-4b9a-9d4b-d9bde594d3c9	995
3f6859d2-0693-4a89-a864-6412ad818800	985
3f6ddd99-7fad-4529-8c0a-9c00308eb75e	976
3f6eeb42-28df-497b-ab33-3bbf5635f92f	883
3f7467d4-fa18-40ab-951d-84eddb6fa312	879
3f7c0ef7-3594-4394-9328-a1ded4dd2100	890
3f82cf2e-caf7-431a-9aeb-4c08c71f2937	785
3f88cc46-a2d9-40ca-929d-a530c4461459	987
3f8b0111-0060-40f2-9fa0-ab687be5cea7	983
3f96dc3a-72d0-43a0-a893-73430cfc966f	787
3fa01c6b-033b-4cb6-a7b7-324b89387ef3	787
3fa4d920-87c9-4006-96ab-900f0743f41f	995
3fa4eed5-e66a-42fe-9b9f-46297cf08750	787
3fb05c90-e1cf-4784-b6a6-5e9a95d51fc4	784
3fb80bf5-e2eb-42ca-a64f-2448ed0997f9	885
3fbba003-6c7c-4999-bc40-e3513c02690f	788
3fc5e0c9-e195-46a2-87f5-48fe95a5d743	989
3fc6ea8c-4b29-4bf3-9026-478a3b853507	988
3fcfcdc5-a7e9-47ce-b1f4-2adcdf4137c9	782
3fdc2210-8ee8-4f93-b085-8fd0e2d0c749	784
3fe1738c-bbb9-4274-80fc-2facd88b08f6	984
3fe51bf0-2d4a-406c-b447-feefd5db69e3	881
3feb71b3-f821-4df8-a188-612e28045625	992
3ff3642c-6e05-4a37-811c-bd9909d65c32	989
3ff5ee21-d673-42fa-9cdd-cfaf3c0c76f9	784
3ffac081-f4cf-4434-bf0e-6f03c6a7154b	790
3ffaeecc-8c32-4e2d-aa02-44bb478c18b7	780
400388ce-fa31-4057-a849-07dd352b3ce2	783
4007cbbb-fdb7-4041-91f9-04e3d25cb7a1	782
4007dd98-5748-4a1b-84af-a2842ce2a37a	779
401874d8-bf86-44eb-916d-35e43eb9d7a4	782
401df830-3916-4072-b13c-04dfa3dafcaa	790
4020e185-b1c8-4d66-9cea-c2efe61feee3	785
402f20be-6077-4395-993b-2c9d9ce22b07	995
4038438a-3f47-4abc-b4f6-b0b860ce2e2d	868
4041c88c-4a2a-49cc-86e6-5cd062e26447	785
4047a46c-1835-40e1-a29c-d0b39ee31fa6	893
404d7c25-5f7a-4101-9ed3-d88f6706ce3c	783
404e01d1-281b-4c41-826b-b2d6deb44d7d	889
405257c9-00ea-4601-ba02-4c2045a39821	983
405be678-e7bb-4dd0-b568-8075f337f847	874
405cd5f5-dce4-4b57-b0c6-d0b6163e7fb2	1006
40617d8f-40ef-4bc7-bc9f-4f11bfbd8cc4	886
4069af7a-a10c-4157-865e-6f41f5ef45d3	784
406d6b3a-ee64-48c7-b75d-a567dae64b11	991
406f646d-fb9d-42aa-9afa-8fc9f9499c95	785
4073c266-8905-49bd-a233-4cef157fe289	977
40747852-2851-4a53-a8e0-7ba450345ae6	788
407d8356-ddac-460c-a839-12115221a9db	783
408632bd-8f0c-4c11-ba3d-c0207657651a	989
408b2497-379d-4d76-a826-53fbd22511fa	789
408b6634-726a-4222-affe-846f1800dd96	788
4098446b-6c64-4d34-bbae-6b7818ae9cfe	784
409d8402-f930-4d4b-a56d-a30dc4c5e07b	995
40ab9bfd-d49a-4598-8406-eb195185dea3	787
40b506ea-8b96-4317-9e96-f45f4d0c07bc	992
40b71b82-5bc7-410a-81b2-6b5a3f42cc72	993
40b7dd1e-21dc-4b97-ba4f-61149b0254af	891
40c98263-08b2-484f-b10f-c412088c53e2	781
40cc5f9c-4501-4dc5-87a4-7d8ea962181b	975
40d5c1c5-4476-4cb5-92ea-bd3e68a370e5	1011
40d876b0-1422-429b-aa9b-5b3bb4846cec	967
40d8d931-956f-45fd-8c78-4da32b10172f	991
40d986e5-c241-484c-9e77-df7a49f2a0d2	809
40e2a9cb-7cf0-47ad-8ec6-cb79a54e3482	783
40ede3a5-7c6f-4739-ba61-106e8182b705	977
40f00d8c-aa2f-48bb-82b9-5af490031ae1	882
40f16f09-f555-4cc1-998f-8d4604a42f14	891
40fd1b2a-d0f0-445f-9ddc-4f5246722bdb	993
40fe1c65-615b-4bab-9994-2e8e9e1ed138	782
4101682c-134f-4567-b631-9a4730a3c261	787
410c6f81-f423-409d-b5df-147da15f254b	787
41149dc0-89d1-43a6-95a2-1b4018c52def	783
41179af0-532f-4fae-acbc-0af3791b9e77	784
41199fdd-16a6-45e7-991e-503f12f4055d	989
411d5452-b22c-4b03-a214-48ee16ea4bae	786
411fcb3e-e3ed-4d7c-bb17-6a5469681075	988
412a5dc4-fe46-4c2b-966e-13b908390a2d	786
412c64ea-4eda-4db1-94b0-f141db0b0742	775
4132b351-e23c-48b6-bc4f-4daa158b856b	889
4132c43b-f628-4e65-959a-a5b6fbdf0b05	894
413db04e-21d1-4dfe-9062-feef908998a0	782
414664e4-2294-48da-8db3-8323417fd02b	785
41513ba3-554d-4dc5-9248-11a813d51179	788
41518a51-55b2-49c9-ad0e-a5d7377687ef	976
415a3be7-f0ef-4698-8f87-a4f0f2ef9865	788
415feceb-01e1-4ca1-9d05-3647ba120674	997
41644852-5f76-4962-8542-dde3ba7ed907	781
416a3c8a-d513-4f71-b83f-f87fc6ce6d18	785
416ab769-fade-44ed-9d52-0dcf2349712f	785
416b74d2-f1e4-4af9-b91a-b8aeaf0e3a4b	985
416ba552-71cc-42ed-9dd5-c7e59f7c0862	785
416ca86f-7c0f-4eeb-8ee8-627068015fa6	928
4172f842-b521-4afe-8be5-2104f2c73c01	1005
417c408b-0b7e-43eb-86f3-31320ce24099	781
418f201b-e215-432d-85d4-72d36e3f8dbc	786
41934f0e-3ee1-4859-8685-32ba7a9b3424	891
41946364-5ab7-461b-9c97-3d6f2f883f2a	952
41981dd9-c9e5-4eaf-b650-cd4ca3eaa12e	884
419a6c76-cded-4622-ba95-ef1808fa5909	888
41a8a442-75da-4ddf-8c7e-b278666b3da7	986
41a988f1-78f5-471a-92b8-cbe097257e7b	784
41b16e45-609d-448b-943a-77a8125491e2	780
41b42110-0c2e-48b4-9400-73e18d1bbd0f	787
41c079ac-e920-4297-8155-23513ff82221	784
41c7f486-ded1-4f86-ab6e-4de134baa400	785
41c98b24-4e0a-4ce5-bae6-555ef59760c1	785
41cc63ac-69be-44a1-acc9-40f39673476c	987
41cc9ee7-0885-4bb9-83e4-c108d32c2d93	788
41ce7c44-6ed9-48a7-a678-13e97f45ee09	896
41cfdf53-ae38-4678-89fb-299e1e0f888d	785
41d1bb44-0123-4581-9cc9-8b6c1fa212bd	780
41ddbe29-2565-4d44-a621-a3718145ed62	770
41e35606-e103-40a3-8435-05dea16c59ee	991
41e7d957-c85e-41a5-ab57-36659fde687f	996
41f0b162-c286-4090-bd65-59709368ce66	979
41f1b319-263a-44b8-8b6e-51053f26f413	982
41f47c9e-bb6d-4579-9019-52f5036ac43d	786
41f865a2-76e1-46ca-82ad-b34b8b7e5095	982
41ffa9ee-f352-4fcc-aa3e-f1a3fbcdb094	892
42151c03-2e16-4ef2-aca8-db6e4c40645c	837
422288f0-c797-45c0-a8eb-eea07c984262	992
42291900-ba48-437d-a28c-864383350b6f	789
4231e7ea-c9bc-4caf-b035-2d6f8293f691	998
423e2aa1-154c-4c26-b8ef-fa79d3a73380	993
424c9d4c-9cdd-439f-93b4-a7710871a262	780
424f6317-ba4e-4517-81da-7132480ac593	786
425c20d2-7cb2-471d-a0b3-c2444c80f641	1005
42604bd8-be9c-4669-a8d0-447bfc6ef156	975
4275b482-35a9-49d8-a007-df831cf6d2b6	784
427b3ffc-5df0-45a8-8999-04cdfa7e9582	790
427fabf9-d9ff-4435-91ee-e9978d2dbd49	780
42817aa2-871c-43d5-8546-bcee66352b69	818
428353ba-4674-418f-91af-df16b2909c78	987
428c8601-3aa5-42fe-bb2d-9f3705fbb15b	785
428f67f3-131a-419a-81fe-ffedea5f47a9	789
42963e85-fafd-4a59-a0bc-15ca918eb5e1	789
4296c2ae-6cc3-4d75-a3df-51d63181ee5d	997
4297aa4e-cb01-4019-af85-f7ccd5f369da	980
429abfe0-dbd8-4ea2-96d4-73330a9ec13d	989
42a97fdc-e030-4514-8ba5-5973a7dac034	786
42aa1b93-df20-4b04-948e-ed70c9897476	785
42ad6309-8611-47f5-b93b-d081e09bea8a	988
42b555f5-0cd8-4d23-a6c7-b566a1bd53e6	984
42bb6646-7e1f-4cb0-b259-eddb06110aa2	781
42cfe893-51f8-4943-a164-51d739e9b8ae	774
42d3bf28-b516-4ffa-9613-eb1314e1083f	889
42d86eee-6d0a-45ce-a982-364bf8a0d7db	1003
42db65aa-d8a5-4460-b52f-f759d08b032b	1001
42dcfbea-d340-4d78-bd91-0c30dd9fa879	828
42e451ac-9d17-449e-849e-446a56a1bfa5	994
42e56f10-e5ea-430c-a712-8bff19e463f7	981
42ede127-cb3d-482c-885a-6147e9c52051	977
42f4eccc-0e1d-4721-b7b0-d541704ffd3e	785
42f912c2-e0ff-4a00-ad05-cf3bae58c9f8	781
430731ba-6101-4ee5-9e40-888dd3e6e9b7	786
4307ba61-e682-410f-b622-7a51cd24787d	755
430f2c06-1ec9-4904-bfb0-d3340efb4d09	977
43192a05-d2e0-439e-bec9-d1155deb904f	785
431c4c02-d56b-4e8b-a314-51679831af67	977
431e6e2e-e0b9-4c2c-8f3a-cfa5427a3d7d	1002
431fdb41-a6b8-4256-b820-8c18194fac41	786
4329ded1-0aba-4a2e-8e19-15f91d545ad2	979
43354d08-ac00-46ad-9731-b8cc4e2f1246	785
4343e422-c56a-4f7f-a682-b74f4f29a0de	980
43482321-f3f9-437c-8d2c-8d245ab67be9	783
434c7a91-63a2-47e6-8526-c491c476f324	979
434ecf97-244d-460b-bc53-a38b524f3840	541
435135aa-a161-4c1f-aed3-9f5f16aa6f62	893
43619ed9-16d4-448f-83fb-a64bfff37ded	785
4362984c-2b4e-465b-978f-c13be8364427	984
436397bd-db6f-43b0-b5b7-04d03b1c210c	986
43654be9-29ee-46ec-a1b6-9a5626809abd	975
4369107a-258f-48e0-b532-fdb40ffc1e84	988
4378e8e6-ff37-4ccf-abc0-a14c8c5d22b6	824
437aa895-ebbd-4dac-87d2-d280c54b2af4	891
437df998-273a-4b85-97a2-2aa7498667c4	983
437e8d51-e585-47a7-a633-8fed99e15690	790
4380ab3b-6f49-4ee5-9639-b3ebe49e2528	794
4382165f-6f22-4745-b162-85c3a181ee95	784
439067ff-ce8e-475a-9d85-a06476964222	825
439c6ef4-fbb6-4359-94ff-a7d912bbf72a	782
43ab22c6-3824-440d-bc74-d546e6827396	786
43ab2a87-cc9d-454e-8d75-b6d2ff0d0892	891
43abf42a-34e4-49c5-bea0-8d850ac57216	787
43b0f1ce-1c78-4534-8ffa-0779662d290d	891
43b2a6c5-a942-494a-86e2-e415666a9612	990
43b683c6-c059-4727-8994-7411972a38da	782
43b692bb-1dfc-41d0-a656-2ed7b7c838cc	784
43beb0e6-ce71-451d-88fe-498e9dbf581c	988
43c4181d-67db-4f21-919f-fd88aba4911b	991
43c6666d-e232-428d-b0d3-913c7c00818a	780
43c6f183-fb2e-4c47-bd7e-0f9e825bd924	891
43c9e549-3b80-4e15-8d4f-d289890ed95c	781
43d46073-2658-4162-b96f-795b73a3ab4e	999
43d53910-df21-4a00-90e3-148f84da3b8d	888
43d9fa88-65e0-4906-9049-1ad6ffe91711	997
43db9f4a-d1be-4478-a32f-50750bcdc25d	996
43e230a8-3a46-4a93-8a7d-c99c0315d792	899
43ee364c-2b55-491e-89c2-7ac05947f258	785
43ef4236-79e4-4ef1-a2c7-3a90304483a8	882
43f1b70f-a81e-4f61-8645-42ca6d2c1eb4	789
43f37d34-7f6d-473e-80d3-ea4dfafd2984	891
43f93ba2-19ae-4530-8046-6a382cef1443	885
43fe7ae6-9452-4f3f-9fe8-feb1cbd0ccfd	1001
44020fbf-e4dc-4aab-9752-fb4d8c26b9e3	1000
44068941-e713-4e64-acdf-36b09b28637a	979
4408eead-f3fc-4bd1-81dd-947cec057655	785
4412b869-bd6b-440d-96cc-4d858d50d0e6	785
441f9a82-228b-435f-b564-d7a3dde74547	886
44247fbd-f9f4-4414-8dca-276f48bb61cb	892
4429993e-2123-4743-aaff-7e685b70fe1d	785
442db23f-43c7-47c4-8890-77688d0573a0	894
44480597-319d-40dd-8de4-7d145d4128b8	785
44496de2-8a7e-4818-a0d9-6cefda8cd3e4	790
4454a5fe-0694-4b0f-bc92-542cb0e637d0	788
44568953-1839-40ec-af43-15b0543b1986	784
4469fb63-ec37-4e5d-96e3-b5ab110640a4	991
446a9e9c-8ed7-4bdd-8c16-be580242e36e	785
4471303c-7b0f-4eba-9842-0b694a3b2177	788
4473d242-dce9-4097-88cd-29274c1220fd	992
4478e5fb-a301-4287-a173-1a433d7248be	911
447f7c7c-c0d6-4c25-bb78-6fb91ee56dd1	986
4481c5e7-3696-427b-b3c3-eccf31e47406	890
4483d220-e6da-4a4c-94a8-7e385794e664	1000
4484f924-1573-4236-ae8e-d9d68ab2b063	981
44889544-8a44-46db-a6e7-cd53c3914780	990
449038de-bc86-48be-944f-ac7792c0905a	988
4491cbc9-2efd-4970-bef1-c73eebd249cb	894
449647eb-b683-4e1d-9916-ebfdfc3c94d3	785
4498e304-4ade-41ac-8bdc-26540ef62477	787
449d1b0d-8eac-428e-b376-5a6cee00d32c	990
44a0dafc-82ea-43ee-9b98-b579991152d6	984
44add199-abca-4d00-82a4-cf12c4d900ac	990
44af9d31-2800-497d-b00f-b52ee1fe253a	993
44b769ee-c783-4a2a-80b7-a1d4907cbb5f	890
44ba73a6-67f8-4793-8eba-e7593e7dc7a8	923
44ba7d87-ddbd-41ae-8538-73178d080e7b	997
44c3deb1-1b1d-4935-af79-4d1eeb1464c5	996
44c57064-7b5d-4b6e-acd3-d5de4ec5008e	785
44c5a51a-38a6-49eb-a58c-a6e0884e29e1	779
44c5e857-b596-4e45-afbb-df1bc92e1b8a	781
44ca1683-148e-4353-a17e-b2fc3aefbd0c	770
44cd8301-5795-49e1-a8c1-84b97ba265cc	783
44d51d05-554d-4ee8-9dcf-497fcd915cee	779
44d5724f-a8d4-4b4f-acde-fdfd6f503e28	997
44d824df-cf8d-4900-bc0f-9a5948fd0adb	790
44dcacad-6f0c-47a1-afc0-26b2f2cc9e24	787
44e51450-ecf3-49d8-82a8-4ca977b44254	1000
44ecea39-c478-4ddc-8c8f-4c3157f9b287	989
44f2c39e-ef01-4765-80f7-31277e59edd8	785
44f7942c-8494-4df1-883c-dbaf9e11c30b	889
4504e84c-025a-44b5-b112-114847543eab	985
450605d1-3342-4802-88ec-3e217f0e2031	981
4508aa80-4555-4e5e-af43-1da45e44e015	786
450bd230-3e35-4e7f-9f50-812d98c4c61c	990
450e0f16-5f29-47e5-a9e6-1bbfe883339a	783
450fa501-1713-4489-af17-656644b3cd71	785
451509ed-fe2a-4c11-829d-60730f3506b2	784
4516b161-4563-4ef5-a74e-b75c1808c805	784
45214ebf-12ed-4cf4-b09c-a8994a998dae	774
453510cb-7111-43c7-b8e2-154889e9cbb1	779
4535906b-c898-4e4f-9417-eb0f280ac9bd	986
453e054d-cdfb-4aa5-8ebe-ca27ecff2904	987
454adb21-affd-46f4-9af1-b185e677d797	787
4550e058-2d1e-4c9a-a5f9-6bdd1cfb42bc	805
4554626d-7385-419a-ac90-ebc626126731	780
45573182-cb48-411a-8363-74db1a027a4b	780
4562bb1c-ee36-4860-a01d-ca6b7d606175	986
456b2cff-011b-44ec-926a-2c2e4025a048	979
456cb8e8-e8c1-4673-b64d-0a9483d3e93b	890
456eb43c-af9b-42fd-a30a-d67185077495	984
4570f8ab-56d2-4a57-a216-eeebfb3b715f	985
457c91b8-059d-4699-9a86-fb1e3b52ff6f	987
459f65a5-aab4-4270-80ba-6354f02d0e5b	785
45a0cf00-ddf7-49bb-9c78-d5cd70fdbb20	788
45ae6e8b-e6cc-4b10-8c47-34e90f513fdd	999
45b42686-3df1-4317-994d-4c53dd7b3081	995
45b572ce-d1a7-45e7-a7bd-d0b410a98226	784
45b6427a-78f7-4fcf-950d-ed4c851cdc74	984
45c47221-aff7-46f2-a6af-b8482675d407	786
45c74dc2-d12f-42d4-ac25-4a37b37d2d09	887
45cc545f-a86b-48a9-b2d6-faf90c07fb02	785
45cd3bea-3aeb-4b5d-ab3f-05d17dffd090	989
45d696cd-80da-4df8-9d51-4fa2aba9e9a2	981
45e23aee-c151-4571-bcf7-9a5f925687cc	885
45e982e7-051c-417f-a6c0-44f3b116a1fb	890
45fd600a-5ee2-49d3-892c-cb85d6211cd3	982
460bc859-213a-49f2-8deb-4c41be65c991	786
461426ec-23d4-4a05-b355-729de1b7c5f0	786
461669f3-67f6-4ddd-8d0d-45dce9b4010b	994
46168c47-4736-4d40-b860-dfc837563b0c	787
461e9b16-4887-443a-ace3-ed2bda0150f2	1003
46208524-e384-4bf7-9b1d-9ee495eeb59f	977
46255eb6-4975-4d01-a43b-37ab9f8dbf30	992
462a64d7-ff54-49c3-b36d-da57ba84cd4a	894
462ffe25-b47b-4507-9bb3-87cb0d0fa8a6	977
4633eb75-10a8-4b4c-9bb3-69023daeb2c4	991
463903d9-e467-4744-8ee4-3e74e6373305	990
463f71e7-4ac5-4a3a-ac7f-876a7c8eb437	779
46462427-992d-422c-b3fa-b67cd1e593dc	985
464d74ed-f834-4f0a-9cb8-1958bc67d983	981
46534c66-bbc7-4380-9e44-742d0cf5605b	887
465afc74-85d0-4007-91b2-dab26f860ff8	990
46620483-5e2f-42b1-95f1-5b225e7b48d2	891
46672ef0-e6d1-45c8-896d-75acacfbb305	763
466b09de-b761-48b7-972c-bd681e722127	1001
4678d30a-c44a-4d19-9ac5-5c2d5fc0c7db	786
467aff60-afb7-4a16-8430-8a615c5ad077	988
468b1b44-cd7a-4ab9-85fe-dee69f186c42	788
468b834b-b72f-4080-bfa0-fd9c14e5c7cc	785
46a10527-633f-4b69-b3d1-9ed1070a40ef	891
46a1b7d1-ffab-4661-860f-cc2349bcd409	786
46abfee0-4d57-4115-827b-b1ff51563991	985
46af6a1f-ff63-4ec8-be15-ad739c8d917b	978
46b887a0-b735-4e9b-bd8d-e104cb97ca02	783
46bcd0ad-5bae-496f-9111-678fdb1e2d6e	816
46be4ab2-106e-4713-bb07-b59c91159de5	812
46d7e763-9fbe-401e-a620-29e16b3be38c	786
46def5a0-9dc4-4202-abed-383001cf0e1e	787
46e3ffb9-699f-493c-bdd7-0a1e79dfb918	991
46e856e5-726c-4f9c-b095-1571f97fbf7b	977
46f3a4aa-72f7-4d80-a351-ec87ccf51df9	991
46fa515f-771f-47ec-88aa-b0679c572d5f	1000
4704febf-960d-4908-9c3b-b4cfe58991dc	785
470a8bd2-b7ba-48e1-b00d-c59321edfd93	788
47180f4a-992b-4973-b0d9-07817b6c1e08	1000
472e73a1-3435-40bb-90c3-6fb9c8aa82f4	999
4731331a-373f-4f84-83c3-5e7e55146945	788
473e886d-98f2-437c-bd6f-4f7babb74845	1000
4741ffa4-26e9-4924-bf39-ef02817309dd	981
4742aa56-4788-4264-b90c-9204188a9128	888
47438001-da84-4b6a-b73c-1efa3c9b69a6	891
47456f95-e3c6-468e-881e-0c246e67b6d7	878
4749124a-124a-4b44-9fbc-175c8206e381	784
474c04e5-d8fa-4989-bf87-7716105465d2	785
474f4950-ba1a-4618-8f01-95a30e05a0d1	975
475e8c1b-9938-4eec-a38b-a646b165b963	992
47671c3e-9cfb-4a74-879e-0bbe78bc48fd	987
476dc7a5-9728-4535-a139-ec3203db3fe9	781
4771c858-d908-49b8-8298-ae7d9479e1c0	985
477700ec-ea90-4791-9784-76074220bf42	818
477e9171-2c03-4d24-bb2b-1014635e5a63	927
47829162-a6cf-496a-afa5-8b63c36bb054	887
47838957-368b-4b59-b5e2-1b2373faef15	878
478713f1-c6ce-42b4-9bd1-200b00c4abb2	824
47968fa9-975c-4962-85c3-6e91646bd1af	991
4797eb6c-c75b-47b3-8ba5-f341682ba420	979
479b6c09-85b8-4164-85a0-488c6e792f74	789
479eb270-3c27-44d4-a5de-1a45cdf2949e	784
47a532b4-acdd-45c8-aa96-5a94fae579e3	985
47a7d6e1-409a-454f-9fca-ba0f23a5bcef	781
47aaba15-9b48-4a58-baa1-19515edf937d	889
47adc101-a18f-42a0-8f4c-5e62ab6e01a6	785
47b3e45e-80eb-4980-b3de-e0978a6e7ae4	1004
47b9541e-18ec-48b9-a370-201f351ff52f	990
47d5afb3-add0-4da8-ac5e-9a15ed32895a	1000
47dc6d21-5011-401e-84e4-559db348d464	783
47e0ba51-1b02-44ee-8e99-29939bbcad99	992
47f1e11f-df72-4d50-b96d-10d99a111508	982
47fcb0ef-c2b5-404f-baf2-b5e907b7a6be	788
480dc620-fdef-4be9-8fd7-4f7be0601619	884
480ef80b-f729-43e7-9180-a07d806792b9	992
48163deb-2a66-4d1a-a3af-9cf6a7eccc49	976
481bae13-e3d4-4227-97f2-6dd4912684bd	789
48215b29-7aa3-4441-98e0-f3dece5c3204	787
482324a8-5b67-435b-9fe3-effd7043eeed	788
482ce0ac-48c3-4b7e-bdbd-fa819ac0f496	782
482ce9a9-40ae-4f92-851c-69b4029bd8e9	986
483a1252-ef43-4072-8a76-e76587ad2ea8	784
4840208e-ec19-4b60-b7cc-38aa6a201370	898
4841878f-189d-4413-a3f4-9a40d2217584	981
484abb58-2e8f-4f5f-8bd4-90fb1f2cbe95	892
484bfed7-c12b-4cfe-927d-56159d6c4219	778
485c2bd4-51d2-4645-9e62-52e70820e9af	890
48613f73-c1f0-462f-8742-33cd72bed257	774
48630f09-de75-4ffd-99a5-963b3f0eab91	982
486472da-901a-4a3a-86d2-60df17bcaa8e	993
486e8307-29e8-45a9-a4b5-8f41e0db9f10	992
486f5f3b-8c57-418d-a083-62840dc1595a	781
48708aee-d93c-4b4f-a9c4-2eb6913716e3	994
4870b27d-ae63-4810-bd16-6faa35454127	795
48721f87-3091-4ee1-8a28-ee217193fa8b	989
4878e850-323f-47d6-9d7d-93ea748cbd2a	986
48792dae-e92f-480a-97c6-cc3aa71a593c	1002
488732bc-cae0-466a-926f-90806f9831ee	998
488c0876-c2d7-4b8c-9453-d8f391ee67a9	785
488e02d3-8a7b-46c8-9f1d-23014fe9787b	789
488eabb3-e839-4700-b28a-2b2b364c0bdd	889
489c3756-8e44-41af-90cf-7d4c93fe1491	970
48a093a0-b434-48a6-bc41-58c1f733286e	782
48a2ce46-a3a8-496e-8e29-fff8c516ec41	991
48ad4b6a-ca45-43f8-add8-aad07556bde2	985
48b64885-6a0d-4ba6-9f1c-b46aa5e5d3eb	785
48bad04d-adec-458a-8848-7c7bfac260b3	997
48bb5993-4f08-41dc-bee0-cb9c97aad905	781
48d3e254-3800-4397-b673-9ba5d16489a6	786
48e61059-1c80-4535-b0a3-19e0bb8c5d9a	899
48f214b1-93ca-4fca-a411-7e56f338574f	891
48f62505-e706-4a26-a582-f71e9b5c76eb	786
48ffcec2-4fa7-4e9d-a6a8-c9608b0def69	781
490676f1-2594-465f-a312-4309c38abefe	787
49088c37-b247-4079-8445-49865a7fe6e7	909
490f864d-4ba4-461f-b943-8b1b0565e8b3	782
49212b4b-122c-42e2-a9c1-b940fe958a9b	893
49237682-939c-4d26-a53d-7f19dea51f02	980
492b9dc4-ed6f-4ffa-bf38-09275c88bcaa	893
4934a2c9-4222-41b3-ba89-620d693a2126	989
493c2674-71c4-4b3b-8642-98a6c110799a	980
493f0252-d3b6-466d-bfab-c11da21b842d	880
494b8a1f-7774-49a0-ba4c-e86cb4c4c860	777
494fbedd-7640-4fa1-b061-f964ec8528fa	884
495517a8-12b4-4da6-9b47-623977df2fa8	981
49563be4-2055-4fd1-b4f5-8e99af55e068	772
4956ebee-b470-4d53-bd48-444281a5afd3	784
49578679-13e7-4301-97e7-405d157a9f08	783
49609f83-6cb9-4cef-9d39-cb3d723bf520	883
49620474-fcb3-46b7-8b01-1473b9738fd5	1002
496650c7-4d49-465b-b8e9-12c1326934b9	778
4971f8e0-875d-4b72-939b-03f883e5ac33	890
4977c303-408c-4ee2-a916-c94e209b4d8f	787
497fa8f2-35a3-4521-9fdd-777c9afa9b54	787
49826f30-10f7-46a5-a696-09fc93da9198	990
498c677a-befd-4264-ac61-3925e4955f95	836
49921257-1168-4289-b3a3-665cc38500d5	976
499de5ef-dc7d-4407-8ed3-bea1699c72ac	974
49ad4f54-023d-4e01-9dcd-39fddb8e9079	781
49b1c809-b8f5-44be-b004-1c3e028a89db	894
49b4a43e-62bc-4b46-bb64-950d615ba095	969
49bc4aea-2637-4d7f-a4d1-35085e44e27c	975
49bf1e17-7295-41ae-8e08-d60e2764de1b	980
49cf62fe-a917-4e30-9bd4-657360f6064a	786
49cf9dc0-d4d0-4590-aff6-3589c63fed93	782
49df0925-e97d-440a-89cc-6b20ffca83fd	792
49ee0080-a5f4-417f-9cf5-9c34c16ec6aa	785
49f46005-74ba-4b7c-b5bc-6ebc33f658e5	786
49f4dd04-9e04-437c-844f-0612d3082368	993
49fa04ed-063b-47a8-9d38-b59ddca4f3b6	787
49fa2b34-85ae-4ee5-a14f-5f5d9afacf74	989
4a092285-f023-45d2-ad26-55a27ae81b60	893
4a0ba49c-bb3c-4f69-a4fa-dbe1a42b4ef4	880
4a22afc8-7e2b-46ff-8c40-bf80ad030699	782
4a26b34b-22d9-4a5e-b853-7b9fdca780ce	785
4a30ff14-b1e6-4d88-a28c-da01605e68a5	786
4a321984-f406-4c8b-96d0-027592d8cbfc	782
4a35b6e9-2d1f-4cdb-a3a2-b151c4590033	782
4a35c7e3-b9f0-4648-8e59-74241609a670	998
4a488ca8-2b24-4b5f-8923-b957a87225c6	792
4a58d7ee-3633-4cd9-8731-1f597df6268a	996
4a5a865b-a898-4dfe-b274-820366b6f68a	988
4a64bc28-e82c-4d08-9088-e6536a681598	922
4a6f685e-9323-4ae9-9020-046441006dea	782
4a71a873-4721-4608-b9d8-5e8175de4891	780
4a79b692-4970-408d-a05c-f6bbf8a0e3be	996
4a7eff2d-3158-49ee-b5f7-70ca8ddef6d5	786
4a852537-4732-4a6d-9ae7-c6fa6cef1fe1	989
4a8a7bbb-7926-4686-a81e-f145dd71e6a4	788
4a92aaf0-d2af-40f6-8f76-8fbe2d6230ac	1016
4a9f9061-5810-44d8-a6b0-76ecb1e8c351	1001
4aaa8364-286c-49a3-84f5-fbe079f8e7a0	980
4aaa926e-6fd2-48c6-9aec-e89b761f0fe6	993
4aaabb0f-c90c-4055-a662-6ce89cf19962	781
4abed32b-3517-4ccf-a72a-403434fb2072	628
4ac92e94-3a19-41bc-b3fe-827a14142633	785
4ad3d776-938f-473f-85ad-25fee3540876	789
4ad84471-42d4-4109-bde5-654aaca82c64	784
4ad9ea81-b714-4f43-9125-7a74e5c7dd5a	980
4adf69e7-c830-4ea6-9d76-2b4e21c98d10	1000
4ae45afe-046a-4082-9ab0-ddfc8b0d68d0	996
4ae68784-8013-4e70-a2de-0ba869613499	973
4ae81598-ead9-47c4-81db-7329d372d03b	893
4aedd4d6-70a3-4b9c-81bd-52e0b221c6da	786
4af1786a-e03e-4b53-a889-11ca7a2eaedf	989
4af7b587-b32e-4c7c-a3b6-90e4fb6b9208	784
4afdff1e-e167-4c4a-847b-3962be627272	788
4b059059-cdc6-4673-a2ed-362d693d4a99	987
4b275a6b-df22-4295-9cb8-376ef8e98620	891
4b299181-181b-4da2-a420-4b844f41fc8f	989
4b331f9e-2ae9-4a99-ac0e-cedc220b0f44	982
4b3346cf-089f-4cf7-abee-abde4e32d3a8	889
4b33d09d-5e0e-412f-b42b-bcb5fabdde95	988
4b413652-7a32-4a60-a063-7b32c6693021	783
4b4e21b3-0bca-41e6-badb-71973a71fb1b	999
4b5e7a80-f68f-4b01-90d8-33b3fd5a572b	787
4b6d4452-0762-4b6a-9911-8377acf6a422	1003
4b6fdbf2-067e-4199-b80b-fc677865fd4d	987
4b79b727-319c-42d1-b83e-cbee8d1ac837	1000
4b7db74d-cb37-4ede-b825-12e298a2fe86	1001
4b899ea8-7d54-4a1a-9079-f86c2eaaa18d	986
4b8bad1c-7e99-407a-9067-86d45e657f60	788
4b939e17-d874-47c0-a118-e14314d9da00	881
4ba54b93-ba69-4ae9-bf71-1dda3b13bc57	982
4bab0973-1d9e-4641-a4df-898dab7c5c68	984
4bafe378-136e-44c0-8b6f-7fe9069a3a88	591
4bb327b6-90e7-4b5a-b522-3b1618519cb2	983
4bb6145e-7e30-4b33-a0d5-e7b25e1dcd95	984
4bb8bd48-93df-456e-b426-480dbec9c543	993
4bbeb432-a59a-4684-afb8-23b03c1d6cbb	782
4bc0fb12-6529-44ee-b4e7-94ecaec7f9e7	995
4bc22934-b39c-42bd-8fff-5963a40b588a	889
4bc3ba35-e23a-41e8-91d6-8f13f53d317b	998
4bc51a3e-c0fd-4299-85b7-3a2c8b55fd6e	1004
4bc5f2e5-7aa4-4fd9-af02-8e68e159495c	996
4bc81a04-90eb-4d5f-bd97-8af058ac9dcb	788
4bcc2164-95b1-429b-bcf3-8f739fc04779	979
4bcf1445-ec4f-471a-80b7-5f21f6acb20f	778
4bdb0a95-5a41-402c-95c7-ccf59cc77dc9	785
4bdbd8b1-baa5-45f4-b93f-c474d4ddcac2	774
4beb4b77-8006-4817-bcbe-139d871560e2	901
4bf0be42-c286-4cdf-92ab-c179ba0e37c0	1008
4bf25292-2e48-4766-a4cf-1cb469c02d07	784
4bf79655-10a3-40a0-af52-156e7f091737	792
4c0b4ec8-c796-4e54-85b7-668b966e3a8f	782
4c222fbc-f167-41d4-899a-d7adc83c7545	989
4c2d56af-ead5-4030-88bc-0619cf8f0e03	882
4c3c0ae2-4eb5-4374-a0e2-037022ed2340	1003
4c413d49-8216-4766-8ce0-df6cc54bc95a	783
4c417a70-ad50-400a-9b3b-04424f9de7a6	781
4c5afbe7-b54f-410f-a549-4aa40671850e	990
4c5f1f15-3c62-4c99-abf4-cc00493f80b5	911
4c62849f-3c06-4239-8dd1-0d439b3d27ab	780
4c6f9d18-0c24-4348-a969-eb0746ee43f0	787
4c7ad8a7-d3d9-48d5-b946-5d3dfa58769f	781
4c83259f-91c1-49ba-9c65-098dd7af253e	785
4c8433b0-e161-47bd-afab-3fbf9350a73f	947
4c848d78-65e0-4694-b89e-274949f2c143	776
4c87642b-cc1c-4edf-9c8e-743775860836	984
4c8947dd-3013-4f0f-87b1-99b3549c9e4f	994
4c8d7c75-9582-49f2-a26e-29bc8026c3a9	995
4c97fef3-fdbf-4607-a4cc-9cf7971c2d75	990
4c9fc108-fde9-46b1-9203-92e61cd7e5a7	971
4ca45689-3fb8-4bfa-861c-d410eb3b9c27	986
4ca4a74c-12f6-44b9-a827-2a7e2f06ed26	985
4caaf775-d7e7-472a-b219-f566620394e2	779
4cafdae2-a550-4590-a60f-980581bc42cb	784
4cb03b93-0dce-40e5-94b9-b36afee10460	830
4cb7880d-24ee-4e7f-a3c8-3ce2d2c0ae51	998
4cb8ec8b-4b65-4dd8-9ca4-417280379428	893
4cbd3d31-9810-47d8-a5f4-c6edb36bbca8	783
4cc07880-b52a-4ded-a498-581b15470e28	882
4cc139b9-4597-435a-98b7-647b4fb80534	892
4cdf2732-e478-4a4e-82e6-0e707aa5858a	788
4ce03aad-7c05-476d-ae28-e670db935aa7	783
4cee8bcf-fa6e-43f9-9938-6964cdd8aa9d	984
4cf7b225-11ea-4cae-8103-622ec3638037	786
4cfd64ec-bc80-4166-ae59-e447a957d250	887
4cfe47ae-2cbc-4ccb-ba38-98039dca23a7	920
4d052efc-0d24-436b-9ff2-393d2bc8e7b4	778
4d08750c-dc6b-42a4-8fc5-326921fb6fb9	785
4d09f235-0298-4c90-9b17-695ea74ff825	779
4d24480a-fa9c-49cd-9d0a-4e074bbf4b8f	977
4d2b9c21-3a6a-4332-b7ec-260562d36a17	979
4d2ea8ec-04ea-4b01-950e-c19e15714734	784
4d349a17-0e7e-45ad-a775-8065b0ab7bbd	805
4d403f96-a37b-4318-8b8a-92a095f61884	994
4d552e10-b0b6-43c3-bb83-e0189073381a	998
4d5b8dc6-6ec9-4028-9ca1-68f75d4eb397	784
4d63457b-7b15-4b3c-80a9-6ec69e648f9b	965
4d64bf0a-49bb-438c-9aac-378a0902557c	790
4d650294-2661-4d97-a82c-23bf92972a4d	894
4d73a6c3-459c-4f96-bd21-8728e44fda38	786
4d7db837-f79b-4be3-829e-3ba6ada9bf78	965
4d884915-422a-4837-8805-2a591344cdc5	784
4d8993b5-3713-4c42-aaa3-7e626bc5ca60	783
4d9a9ebb-9e8d-4659-8c84-aad8c08b9bba	1002
4da6eac8-923d-4d7f-bf5b-37c00a5195d3	784
4da8516c-eea3-481d-8271-e2b5fddae59c	785
4da8605e-83f2-4c6c-b280-d92fe71d8865	978
4daa0a3a-ed14-440a-9f1f-44ab8b337f91	991
4dababd4-d12d-4274-9ef3-3f3d71521a8c	1000
4db50479-73e1-4aa6-86a2-0ac7d39209b0	896
4db6f1a6-9b84-4ee9-a712-6016ebdaedf4	786
4dbae4c3-32b4-4bf9-8ee4-03e1e7900fba	893
4dbb9f4d-646b-4f02-8e1a-d80a27aa30e7	805
4dcafb40-587d-4145-85a9-420ccd131b98	1005
4dda7310-3b4e-4344-a03b-591373c73323	796
4ddbcda3-4857-46ac-90b2-739e0bf3eef7	992
4dde91d8-914b-45ee-a316-ea942c0022ed	786
4deb2995-888f-4c7b-9b7b-a92422e4788c	780
4df575c3-f296-4adf-80b4-283dc97a4f6f	990
4df6299a-2368-422a-a4ab-769975784041	896
4df830db-e4d8-4aa5-9de1-793a7b37bb21	781
4dfd0ebe-62b0-477b-911a-5b5f4eb0cddf	765
4dfdf44c-dac0-4cb1-8276-73034cf39d7b	785
4e07f55d-1320-4289-ab7d-b39ca22221ab	758
4e0cdf22-8f08-4141-9775-c3475974f5a4	782
4e0e37ff-1838-4477-88a1-b474f10d4637	785
4e106586-9886-4ec0-8116-0617afa56c23	777
4e231ade-4386-4cc3-8a97-caa72994058b	787
4e23aaa9-a979-4197-9389-17a982b008e6	786
4e306e6b-d458-44fb-8081-1b0f119a83a2	976
4e3b2e6e-fd00-4a09-ac66-9534d4bf2de3	914
4e4635de-09ee-4f9c-b038-9721ce88fe4a	1002
4e508f58-9f90-4c11-8350-beca686e1895	989
4e5a6044-845e-43a4-bc25-276f53108331	992
4e5a99b3-d77c-4444-a49d-2e572ab14a51	785
4e5d2c9c-4e29-42e4-88ce-712674fd02a1	783
4e649edc-5aaa-4b44-87ed-042aeae93ef0	786
4e665e0d-cd78-42af-a726-a1e3529422c5	1000
4e6f8e49-935d-44de-8549-09b4369cd3d7	998
4e718812-6c54-4227-9637-c5eee37da454	816
4e812fe7-b1dd-4fd6-ba8b-6e4ce539491e	785
4e84f52a-2957-4adb-a2c2-cf77790f4b84	990
4e86c2fe-f353-4cd0-a26a-b8573d0d3dc2	991
4e86e342-e29a-4831-8c0c-00ccfe65e765	986
4e94799f-87b8-436b-896c-1ac246af60a1	784
4e9c4922-9598-446e-9d84-127c5f458216	786
4ea36ad3-5f75-476d-98ed-3145b371841d	892
4ea80b68-3205-49e1-847f-5a609d65aeee	1000
4eae087f-ad04-4592-87e8-571097ba3743	783
4eb07c03-0716-40d8-a479-157e42015dd0	784
4ebadcb5-8d46-4231-9793-6d0a4e03ce5c	895
4ebe5fed-8c15-4b52-a43d-febdcbc89da2	995
4ec52927-4adb-4173-a7f6-491d9c3c0d6c	972
4ecf5dd6-4cd6-438d-84b7-5b6e5544581d	977
4ed15770-c235-47d8-9b1b-42994d0358b7	986
4edac40a-64be-41ec-8586-29f26adddd32	961
4ee6aee8-586b-41df-931d-97547b783b0f	790
4ee9b529-1f74-4efd-9352-6cdb79ebc3e9	985
4eedb7d1-dd68-4a8f-befa-44d176ac3340	883
4f009c75-dffb-4c2a-86e5-9b7bb0dc9dcd	892
4f05508f-8d70-41e5-adb5-38d4b53bbc99	992
4f072ea3-a2d9-4438-805c-8680e20af804	998
4f0a9fd4-85f4-43bc-bb20-bd7774919c57	786
4f2697f7-5a2b-4bef-bbaa-45dff6197193	984
4f2af3d8-7b34-4f42-a000-430cd75b04b2	1000
4f2c59ae-7fb6-4818-bc97-6cfd9bee8bdf	987
4f375bbd-9f12-42a8-893d-ff6caf5274f5	996
4f38447b-70d1-4225-b1d0-31e65b2cf561	787
4f45c93a-cdc3-4766-b095-839206f4b2f9	776
4f48c4e8-8f17-4725-90b4-ec0fd411d9e3	783
4f4df23b-ce64-4f63-bc84-5ea15cd39d18	979
4f73ae16-8485-4bc5-a659-e8f80ea9b823	884
4f7b4b48-d367-49ce-ad16-fdf117570442	788
4f7e71fb-bf84-4ba1-bdb2-0e188ce266ba	977
4f7fe1cf-7296-4c7f-8c7a-419f0f7ffe87	786
4f82b2f5-93d0-44d5-92c2-1ec7e76a1738	784
4f84573b-cf7a-4e6d-bb18-f4d572ef7df3	975
4f846091-88bb-4f5e-83e9-112bed5056da	788
4f8572a0-9c07-4981-925e-ec8f4491118f	997
4f8a65f9-49e1-4a8e-bf12-c93b0b64c8d4	783
4f8b3622-8989-463a-b6ec-dbd2e5ec4a58	781
4f8d2c81-3f23-42ff-9587-219ac1fc1c28	986
4f909d05-16af-455d-8ad8-87e31153462a	977
4f9f5b43-1a2a-4d2a-aec6-b0488c7e3d14	781
4fa54084-2560-4d68-ac9b-2ad57ab437f3	991
4fa65567-ab6b-4faa-ba5d-52b07b372caa	777
4fa6d540-c2e8-4492-a973-cc1adb276f35	991
4fa7c302-fae2-40d0-959b-33154be677eb	966
4fb54623-627f-41f3-ae1a-1d0e27067895	779
4fbd9e69-a550-436e-b770-db28c33a91f3	895
4fcc702e-bbeb-484f-998f-87c729d51c8a	796
4fd58922-b995-45fb-83bd-e384c1767a3b	996
4fe024da-fa2e-42b8-8af5-b30d05e8527a	987
4fe2380c-1c61-4baa-a0ed-a6c00277702d	789
4fe3320c-743d-4f77-8fb9-d762f15d1185	787
4fe8d2b7-e635-4162-82cf-29c723c423e8	785
4ff9f0c1-4dd4-4378-bddb-31b0b653e44d	988
50067cbe-6af1-4f1a-90fb-d07dd2dc89a0	887
500cb601-5ded-4135-8073-edf715b3a21e	786
50120222-2acc-4e05-ba2b-ac1dbf06e881	1001
501507a7-7851-4bf7-8099-d881cfe3e2cf	788
5017c208-42d6-4ead-8b6a-2a0c0f513fa3	888
50264919-e4ca-4fdb-9016-525d5b52daa0	1005
502b033c-6021-491a-8ebe-30739d50bbdc	781
502b8e71-dc57-44e4-8e93-88ef8e5af436	889
50335bfc-c1d8-407f-929d-449d64a5095d	781
5034c413-a948-4fc2-a902-f2362d64f850	893
503601e4-db6c-4e3b-9439-f1ce4603cad9	783
505147c4-7a1d-4835-b636-f9683b2c8e05	778
50574158-8100-4ca1-b962-ad925e44306e	979
50618fc9-9ce6-4e42-b114-88169b68ddab	986
50631519-884a-42ae-b310-2bd268e8ea61	1001
5067c631-8aca-4184-b86d-d7cca62228cf	785
506f14ba-9f3b-4b85-afe2-067d829467c2	791
50731622-8ba9-4f48-bc00-c0a8335b789c	785
5075bc30-fa76-4173-b6c2-286d95f1dce3	885
507b53a4-ac52-473b-8265-4183a6db49ce	987
5086a7bf-8bcf-4b66-994a-26258b46825a	985
50900f70-11ac-4093-95a6-c4e03eeb7c61	979
50903ea4-dcdf-42cb-9315-dcb5a55b0cc0	778
5096e310-cb2f-4daf-a8c6-41b240087690	779
509a4e18-d434-4054-8146-01959936c6ea	884
509ce4f6-035e-4fbd-b37a-ec71de800374	999
509e6998-d320-4539-99f3-742abb04f2d3	980
509eefea-0eee-4e35-b931-798012d0eb85	788
509f9252-9905-49c5-a297-42d2e55163d8	975
50a2286a-d6eb-4305-b3a2-613476790571	988
50a28b49-bf6f-40f3-80db-74267d6768fc	785
50a5bb03-136b-4822-9c24-d540adfcdee9	782
50a8845e-892b-405a-b819-01780186d6d6	989
50b330dc-0840-42da-a7cb-b25288ea6e5f	991
50b96cf5-506b-4b45-81f0-8da640fa449c	983
50c207ee-cb02-4072-9a2d-f144edfc623a	982
50ca6ce3-116e-4864-996b-1adcdba6ac34	780
50cbecb3-7555-4d5c-a6c1-10919d1100c1	885
50d77e46-ed4b-4045-bca0-8706122b4996	875
50e4f3af-aae3-43ab-9766-e5039640f18f	989
50ee8f9e-1eb3-4c1e-9c37-26bfc9ebd600	783
50eeff35-81c7-4ac2-9ae9-d5da7d193a4d	1002
50f1d7e7-f98a-47a1-8d92-7fe76767169d	787
50f3b915-4eda-410a-bcaf-af9127d989ba	1148
50fccb27-a9a1-4f18-832a-49ee9e3c23f9	985
50ffc5ce-6082-42cb-9ada-b1010ec82ff7	1002
510242e3-7994-4c39-acfb-e14f9fabdc62	779
51073e4f-c6ff-41ed-be44-899398add516	994
5109418c-b986-44f5-982d-7310179d74d4	999
510e7195-1aba-401a-aa39-fcc63e159551	789
511085cd-b116-4c97-bf05-4a3dee24142d	786
51136599-5fb6-4642-b0a8-01a0b65d584b	976
511cb72e-81d3-4350-b734-88743d8aff13	900
512585be-d952-43aa-8a7e-3ba3282f0b7f	780
5128ffb8-37cc-4109-acad-9a5718916a56	910
512c0866-3613-4bdf-a559-2c259af7e040	985
512d3906-24ab-4b3a-9d00-99e8a6676a9c	785
51319474-2d12-4901-82d6-fde1cfae91f8	783
51331c10-207a-4912-80a4-09ed048858c5	977
5138209a-5375-403a-9444-35678f39965e	990
513c0d44-a714-47bc-b7fb-58eb56546267	785
513c8fa0-d33b-47a0-b614-0d58ee30853c	998
514a5668-64b2-4014-bde5-81c822fa7d21	979
5151c670-3138-4c40-aba3-2e1f0f84d821	995
5160fbbe-9e2a-4641-9460-57eda72e0d56	999
5164ea14-332c-4511-8402-84f6ea5174c7	777
51686d4f-52f0-43dc-a7ee-37b48b68121f	823
5169b5f4-ea60-49ec-9705-520fb5a421eb	785
51729f92-031f-47a3-b22c-b23edb8ae32e	784
5172cd47-9ee6-4e74-b51d-19e3d1981925	785
517e3adf-5423-4fae-9d65-97fb62ff9d4a	996
51821249-4b13-4cb8-a25f-a1123268688b	978
518434a5-17eb-4890-8bea-4b5176a518ab	776
5192c04b-d5ef-40b2-925c-2cf7d9fe782c	989
519889ac-9646-4629-8709-03ee2a957919	983
51ab3eb7-2083-478b-94d9-75a8e404dcd2	984
51ab8160-0d21-4f03-9ff0-09768cef8690	984
51b1d3cf-d294-493f-8adb-ee84c432d198	785
51bed48e-0b87-4fdb-8f5c-e8edeba2d45f	778
51c14681-4e9f-4c90-abbc-19e3e3f3c7c3	993
51c26a63-a7fb-422a-883c-8a1704fce57e	786
51d13626-3886-45b5-a1da-bf2b5c5e32cc	779
51d76bf4-1b20-43e6-a9a2-617f6131637c	889
51d98ff8-efb7-4717-82a3-d0576414faae	786
51da0c92-5eff-48c2-a292-40a072e8e1ed	891
51ddd1a2-8c1c-4918-a7e7-810b33724099	987
51ef6020-f5eb-4177-b68f-67c595ebcfd5	783
51f254a0-f91d-47ca-9697-2d9a6e87fb29	1003
51f7bfd3-ca64-4ba9-861d-5de10bd89a53	788
5207cdad-beee-4dea-a5ef-fef3103451c9	981
520ec446-7922-46f0-a6de-d381dd8d3751	785
521871fa-5f22-43f9-95d5-880c8373585e	786
521c89df-4533-47f0-9b0b-4d0a2aa81487	998
521f8bbc-713e-49e2-ba9e-4fa071150caf	783
52367ce2-92cf-46db-a6ed-7ed1e8ffd264	977
52436984-beda-41bd-87cb-43cd8d3267c1	888
52585a79-3c4a-4dce-81dd-07d45c6ac8cd	984
5259789f-2b9c-49a9-ab19-5be23a35303c	977
5259d651-c06d-45f5-b742-b7e8a7e9b059	993
525a6204-ac47-4278-b2f9-898cbcb2eb2c	783
52610303-3d35-4a3e-998d-b3631273e8ad	785
526f28d5-96d7-4bb6-8aae-7fb59317b46e	983
52710b37-f82d-41e7-988e-329276a8c240	984
5272e8d2-d67a-4032-92f0-77374b431203	785
52779172-d65a-4f97-bad8-7d4a41e48879	783
527d2bd1-ef26-4f44-a10c-e3adbe94dfff	789
52800751-e235-4400-b89e-4213429e72ed	785
528ced2d-50ee-48d8-b975-7746637f58ec	991
528e81d4-b3e7-4b0f-966b-43b942335d15	782
528ea73f-617f-4597-a088-87a73790b638	890
5291cdd9-c612-4a70-b4ae-da97245bf381	781
52937de2-2ba7-483d-8c22-18cadacb46f7	786
5294a261-609a-449b-a2b0-5f6188265b9f	971
52953952-7de3-48f4-a57a-f704f0948170	787
52971bfc-e7f3-4c92-b4ea-9a3118752cbd	988
52975f4c-fb5d-4440-b739-8649b8fa6d2f	784
5297c2ea-276c-43c1-9de6-941e01cf2d59	900
5299c8df-3d43-4d43-ba4d-839839340d1c	995
529daf02-33cd-4b99-beae-b909b6023b2c	990
52a4a578-7b8d-4c40-bb6d-4ddfd6139f01	783
52a7857e-db12-4c34-afa7-ea18d1e8eb65	990
52a7c5be-2772-45bb-a671-590369f80f19	987
52a8f504-6956-4776-b80c-6a84595120de	787
52bb86dc-8eba-4b09-b559-dc4022c65f52	785
52c40b20-dcf8-4efa-8886-a6b79350c8d1	993
52cad8c6-bf8c-406b-8d65-f09992669b21	983
52ce8dd5-5760-42ab-a52c-dbde440df88e	798
52dbed80-5972-4de8-9d2a-f4d7e183afd5	788
52de6e4c-f71e-4ddc-9d20-ca4404cac961	997
52e085d1-8c66-4c01-a07d-75f60a6eabbc	787
52ec1d18-aa55-4727-b780-7560689a6b3f	782
52ec26e4-5304-4884-808f-0bde9ed3269f	784
52ef42bc-4f5e-414b-add8-0fcd57c2abf1	789
52eff84d-40f7-4bff-9b19-e7345a006ebe	787
52f6f36b-c22a-4eda-9dca-4409cced088e	985
52f9a731-93a2-4476-a348-6c9ddb0af19f	786
53072866-ebd2-436a-bece-7c15e0bf19d0	788
5307c478-0417-47df-a58b-8423071a90dc	977
530a21f0-cc2e-42a5-8c92-9ce76ad290a7	783
530e0846-28fe-4897-9e2c-d6fbb4863150	786
53106d0e-a3da-4107-85a1-ca4589794aa7	786
5311e63e-5f0c-41df-8108-46cce5446ef2	985
531ee0bd-13d4-4286-9b5f-66dc2154aa34	978
5322b43f-ee1c-409e-940b-0c698f9bd9f6	986
53265944-4df8-426c-8a44-63bbbd83afa3	783
532f7572-2224-4c28-9759-67946bd66155	783
533547b1-62ca-4876-aa1b-939c4b89c812	987
5345913b-b1ca-435b-a7aa-e7a077ee04f7	786
534eb7f2-b29e-4b8c-8fd9-5cdcb76ad94a	995
5356b8c2-b848-4ca8-aac8-d6dce9ecd4d8	902
53576a7f-c2c6-48b1-ba5e-e67d53542eae	895
535f296b-e233-4eb9-b337-19a2d402c1ec	978
536d1547-6358-4298-ae4e-734953b9fed8	983
537a146e-85bf-4434-81ee-602157168165	778
53810807-bb16-4ab8-9087-818799f67b6f	986
5382d70e-9c86-464c-9b7b-09d522c94f78	979
538e3240-2d86-4876-b814-de1002c60e76	784
539744c2-ab12-4c1f-823c-e48525316b29	901
539e3b1a-fab0-4df3-b00e-ee0761d8668d	981
539e819b-be92-4eb0-aee4-c83d8d545f08	786
53adbc56-96fc-4742-9803-1ac3994a338b	786
53ae2b6c-e143-4619-87c1-d8eef515b72a	988
53ba1f30-fdb7-4b97-bc4c-6c17d12e6899	986
53c8194c-854c-400e-b7d9-8556d3809530	988
53cd2213-53c1-49bf-929c-2a478409f1a0	786
53f0cc1a-8977-405a-a630-c3fc1e82e082	985
53f50bf8-0f29-434f-98b5-2004e03ed52a	989
53f5683b-c1db-4fee-bf6c-c25eb9e985c4	776
53fc9e94-d81f-4ffe-aeff-bfc18c941548	984
53fdd015-d76a-4351-a3c3-2e3a48bd9eae	974
5400ecb3-6fd4-48da-b2cf-448e6bbaa9cc	787
540be0c2-7df3-4178-930e-ef9b40e9ea46	990
540d1637-e2e6-4113-825b-ead89a6e2f43	779
54143d4a-c211-4308-ba49-a45c5722cdf5	784
542142d3-22c5-42bf-99fd-8aa182752b95	786
5424cf40-784f-43e6-a440-42692e48f385	991
54264409-c088-4841-ba05-b2baef147437	786
542acc75-2752-47fc-a53b-e2a16669daaa	989
542e85f5-c62e-482c-a23e-b2e83796553f	785
543b9913-8c36-4f4f-9b7e-e8c89ba3ecf4	883
544064f2-799f-4d1c-9b2f-faf4d2e08c1a	781
5440976f-c575-4031-a028-9efa9e9b3beb	985
54416fd4-0caa-41f7-bdb0-df7d80735cf1	892
54428018-4ceb-47fb-ae6d-9819c7b4de40	819
5447f22b-07c5-4f0e-9b73-856ef03ae4da	892
54496795-37b1-401b-9889-c88967640942	791
544d7c79-f6d9-4fb7-af88-1ebc76040d50	891
5450084b-36c2-4729-9708-1a9ac280cbce	987
5451e165-e4a8-4956-becc-e74beb1f9065	897
54551bb3-85c7-4ec4-8115-ec3b45da9275	784
5456f78f-9d94-4955-946b-573c4388e85c	976
54571fcb-8a79-4e33-86a1-c49cf52a6ebc	778
5458b2a5-a941-42fd-b5c2-b488aaf9a1a9	973
54610e6d-2525-49e8-b6e5-a0bc6f6a1463	786
54667e42-c81c-485a-a2a7-427cd30df251	1000
5467e411-3029-4f50-a849-1391bd5549d7	788
546ddb1b-17ed-44ee-8aad-8129667bea79	781
546ed205-9507-44f1-b292-3f324a36000a	996
54722aa4-51dd-49cc-99a7-a3cf246c60aa	780
5473c4a4-a122-4873-818a-0076b58b87a0	880
5475eaf2-43a2-42e1-885f-f5bf67c00e3d	814
5481416a-921c-443e-81d4-ed38db94627d	992
5485fbb8-b5d6-4221-ba7c-232ad57dd22d	992
5486b67c-7962-444b-857d-42bb18dbd69a	984
548c9e73-95aa-4bed-9694-cacbf012d65f	989
549a3bf9-92b7-4ced-bac1-40bea8b2a6c5	839
549e19ac-69e2-487a-8da8-f0ecd4ea5543	787
54a67360-a733-4b96-8d46-3cfcdf89562f	991
54ad9d8c-8017-4a76-8dce-56ed94474fa6	991
54ae389f-40d9-4b4e-bee2-14f657125155	999
54ae875f-cdee-4cba-ac77-0af419af4718	1989
54ba503d-bcd2-4406-85d1-3422f8adbac4	1002
54bdc15a-d19f-4821-a09a-a90b0d846afd	787
54c41314-ab92-4bac-9bbc-07c0502e4311	790
54c554ed-bed0-4c62-a641-1abe43ae3f88	991
54c7ddc1-7bf7-4fb7-adf9-fcd5753cdb46	1000
54cb7e3e-a427-4469-afa8-2723adb8a09d	790
54d2bf97-4532-4212-8eec-99e6d262a680	786
54df32a7-fae9-4437-848d-8a6f9c40d5af	1001
54ef50fc-74af-4efe-a0ea-34e9c216a1be	992
54f1fc82-5802-4132-b57f-7b6152936909	997
54f2ca65-a0e3-4bbf-8ff8-5eb345a91b68	785
54f7ff2b-3d11-4ca6-9946-66421844b0bb	1937
54fc479d-f8b0-4c7a-9e05-f3f36e5eb889	786
5505761e-82cd-48d2-9248-eb712a593a1d	806
55068a57-62df-4529-8e71-0ffad073be50	787
55071d68-c847-4e3c-a9e1-68a8f7df6f43	976
5516b6e5-d048-4cb2-8983-040a5048c553	783
551d16b1-dfab-4c0e-822f-674dce725ecd	784
551e2c2d-055d-46b9-bb75-fa76c0062c44	822
55307b2c-5a82-472b-a4e6-d58d5f8739ee	914
55382ca3-26f3-48a9-9c88-6b90c90ae9e8	990
55385333-47b3-466c-bde4-efce8ad1d6b0	782
553db10e-53c9-42d8-a4e9-6d64a9748581	788
553df49c-68ac-4951-be39-84e9ee5c4b20	783
5547dc13-2496-4ced-96a7-f51476659729	993
55526037-4148-49d4-b4af-d945652d4ebc	979
55552941-5607-4965-8ad7-f1df86340b15	783
55577e44-bc9a-4ffb-8b32-243d426a03a3	894
555e931b-99f0-4591-b472-adadee34e11b	1007
556398fc-edcd-49e2-9208-3225c8259253	787
556e9d46-b666-47d1-9682-78f9ee27858e	788
556f1f58-765c-457a-b04b-f4bd59b12702	778
55744f07-e843-4475-8f6a-33cb71eeadf6	786
5581d094-4984-4df0-9b62-b4b2de87cc73	786
5585368b-5515-4cb6-a40e-1d202b43a85e	963
5585ea1d-86f0-4f62-9aec-2e64eb6b7afa	888
5586153c-2b78-4148-b0cd-2209d0086621	781
558adda3-4cf8-462e-b94e-c40f36087367	984
55971e20-6b62-4320-b89a-d6deeac72986	904
55a4cee9-4eef-4e04-8bff-b075c337c8d7	773
55a77ff7-cd06-44a6-bf75-f8f476e7ab4c	788
55b570c8-11a2-4b4b-ae65-6bae0c798b8c	890
55b7cb76-8832-42ae-aa68-f64d52fc55a3	992
55c2fde2-2bcb-45a4-87c3-e39c220d417c	985
55cb6075-89ad-4fbe-a0a4-b13cd265b429	791
55d95964-f151-4950-8f44-1db16cf17636	785
55da4a6c-eb87-4a73-9c7f-ca19ffda8388	786
55de2d7b-5a35-4967-9cc7-b47d7ce6073a	787
55df47ff-a5f7-4328-bebb-674de7bb9af2	994
55eb44a6-624c-4e69-ab37-b0958964ea20	787
55ec0699-b1ed-45e6-ad84-7f0ab35b3b62	787
55f34b7b-d1bb-441e-afbb-797bf0d0ca7d	785
55f3b8fa-935e-4bb0-8d84-f69e6449ccba	996
55ff2d44-9e71-44de-8cc0-e3815db7e72f	990
560079d7-fc4e-4f6b-a2f1-eb62c0943aa1	987
5602b809-5003-43f5-b586-8925e5b27a51	997
560586b5-093c-42a4-94cd-8c7d8b63e898	991
5605efc5-d1dd-4e98-bf2f-5736e8e4e854	972
5607a06f-0797-4bf9-b924-27b98d93f067	781
5607ada7-c0e0-409d-a6d4-caf31377c93f	785
56087ce7-6139-40e2-bfbd-6f2cd1bfccdc	785
56092452-7898-4dda-830c-31017c184d55	766
560b2c5e-0b93-4910-943f-0475939304c1	892
560f3a3e-3736-44de-95af-f36c6ca406d5	987
561621ad-2297-4d09-94b6-fe8d13f50a88	790
56199ba9-81dc-4ca6-ae8a-2e36001d3707	976
561c1713-081b-4b87-bd83-4d066af2919d	891
562f797d-ebe1-402a-90d4-52ecafe5f3ed	992
5630cbe2-c071-46c4-adaa-7237ea2660a0	786
56324b6c-65fa-4e0a-8c34-0ac079614629	785
56360fec-ff8e-456e-9d2f-7280a1a50875	787
563ea7e6-41c7-4f6b-8271-a652d935758b	781
563ebe4c-9217-436d-8ed2-30f8417fab46	981
56425fee-a7bd-4a7d-8bfa-471d3eef7d40	793
56448972-03d9-406e-872a-28d8bbd153e9	988
56471700-5fc4-4ca5-8495-3350ff5ab5c2	895
564ab2d8-1692-409b-bb01-7107feae62fb	984
564f90e4-9ab7-4ebc-b7c7-23ebd439feee	1001
5653a052-04ce-48d6-9c31-c92a54365b7a	776
5658e43c-b88d-48c5-a104-6df1f80f4c25	985
565f1832-7de0-4594-8141-25aee883378e	976
5666d0a6-c668-45a0-af30-ca61dce62c24	789
566c51f4-9b51-43ca-9c78-759f17c6599c	883
566dbd42-f6e4-45f4-852d-016f9705434e	993
5674f51b-0d96-4897-99b0-739455e745c5	993
56757e02-0955-427a-a33a-4cd64090e9d5	985
5676a6be-cbfb-4d8d-a720-92ba2005367f	785
567a6273-0b33-4ba6-9e39-16f7dcbb2de7	980
568690ef-25e6-44bb-a102-504b6a945d38	892
5688dfc8-f377-4446-ac8e-bf6e262e2d92	778
56898267-0e1b-4078-921a-37768f95c21d	778
568dafc5-c2dd-46bd-872a-464df720dd5f	902
5691dd1a-949f-44d2-99c0-c444b5c3c907	779
5697f27d-fcae-4977-95c4-70ee44239717	1000
569d18b7-97e9-47dd-a286-b25eee197427	785
569d8193-6ee5-40db-a953-ef8e4e3239e0	994
56a45ed6-bad2-44af-b5c7-0322c2152013	793
56a56320-6d53-462d-88ce-720f7aa092ec	787
56b2c72d-c212-4194-9538-14d5b0a327b3	770
56b6cfd5-d1b8-48b0-9467-ae7fcc72af53	1926
56b7a62e-1286-4cc7-aae8-1de46d6619c1	993
56bbfa1b-377b-4a46-91a7-7724174af9bb	984
56be0f5b-6689-4508-b70b-158bb83e0551	883
56c43af2-86bd-4d03-8c12-d2a68c15c94f	501
56c710ca-4e38-47de-9965-b9105729f43b	981
56c78d97-b083-4705-8e9f-e2881cf89bca	892
56e10683-4219-4b7a-aa83-70abdf544fff	777
56e6df87-ec52-4af0-aa85-269051c8f9e5	787
56e84b31-7fcf-472b-9f30-8969b0da330b	988
56e96211-f8d1-4c51-af41-4468b957e966	1001
56e9e8b3-5f72-4287-80d8-be424d163d10	987
56f1e036-e316-449f-828a-2125181e2dce	988
56f4cb24-cd14-42fe-9745-7363e13575ee	982
56fb36a7-d426-467a-a57d-3e7b30a3a89c	787
56fbb28c-d802-45a2-b7dd-4ce9ad8de291	991
56ff5e44-e44d-4f97-a4a0-7f8721b443d6	999
56ffeb44-dbd6-4974-a25a-98877c601408	787
5701b912-8472-46d4-b4b8-c08d9a12e58a	788
5711cb23-cf5b-4068-b424-5c3000bb437e	998
571d6891-d702-4376-9984-0711c791b8cf	989
5723a35a-c6e0-4604-b167-e4c655626c84	979
572bd5a4-2999-4e5b-8fc2-315d08c2e3a2	787
572d70fb-6d4d-42e7-b95b-20d5bbc5bf88	783
57332a6f-fdb6-41f5-bc72-c3c87fdbc5a1	1000
573c346e-2b2f-4f5d-bd79-85639d6c487b	786
57474bd2-6a5d-48d0-8410-a5ac36e72c69	985
57495e12-446d-44f4-aacc-affe8ffbfdd1	988
57557ce9-ed68-4225-9253-1724ddd58130	780
5757efac-4bf6-46aa-9d68-52322e6555ee	997
575ef1de-00c7-4129-948d-55a9ebb40736	885
576210f5-3105-432c-992e-7053275ad205	985
57653eed-acdc-4a5e-be2d-2fb3d17c89c1	792
5765ada8-22db-40c4-8aef-9e0cad5ee6ca	981
577bb796-7a20-4933-99b5-0ea6a8dc0346	783
577e8cf9-546e-4f0e-a341-54750a2d13bd	996
57904357-da93-48a1-9b6c-2603d8099fca	1001
5791871d-aac1-45d8-8018-967ec68805ce	1008
579a8190-cc5f-4eff-b2bf-0cecaa9504a9	978
57a0d920-125a-40fb-b8b0-6c55f8a26400	781
57a3697f-08a6-4e4a-bb5c-a44052c44c42	998
57b21f0d-fca2-47a0-a60d-8d30466181b2	974
57bd92e5-c980-4318-832f-4186edce6b73	784
57c4f423-4b9e-413f-ab33-e47ac7bb2d8c	783
57d124eb-b6f6-4e8f-b38e-7214c4501d31	980
57dc9a2d-7c1a-4163-928c-ba719684df2f	887
57e45aeb-7657-4b21-bb9b-a4b1044f9109	1003
57e81915-b24b-4185-b5dc-2012ab4dba2b	981
57f00e38-68c2-4811-ae9f-232813d53064	788
57fe1445-8eb6-4572-b1b9-7e0b5f681af4	978
58008289-aab2-4557-a1ba-036b4e6c1632	788
58027537-da2e-489a-a3ff-65c5d941c29f	795
5802efdb-f104-4dc4-83f5-cc3f8c847607	912
5803162c-dee1-4853-b737-cc893b343705	989
580cfc83-c729-48c3-a78a-7e3ceb77c0f1	778
580d2181-4e6b-4cfa-be74-0e002ef57819	791
580d63e7-6f7d-4827-84f8-6b075ceb303b	990
580f5c20-c508-426a-b406-abb33e94c9b3	983
58141656-c7f4-4844-b16a-3b85a83aed70	788
5816317d-efa3-45fe-8d39-3d019f3dbd55	777
5821fdf8-06ec-46b6-ab48-a791e2a5d951	985
5822e213-e559-4b75-bedd-966153e5f5cc	969
5823f139-f554-4a4d-bed3-cfd3339628d3	784
58242118-a5f8-4804-903c-17665ae1cd2a	886
5824ea6f-08fc-4284-aeca-16c284b29bc4	887
58311a05-d9ac-4d7e-881b-173869f00845	781
58473138-9fe9-47bd-a0b5-14eaa8343bd1	782
584820cd-8cbb-48e2-86d9-2249c0db12bf	990
584fd060-b578-432b-be9f-2d44f0b5ebd0	786
585ed329-355f-450e-b848-3a9db09a629f	992
586a206d-5489-4134-993f-75888fd599b9	987
5871ac35-1f5f-4a7f-88ae-8e94bc5689d9	978
5875269f-0888-400d-8f57-b84821318151	888
58774de7-c1aa-4dec-a003-1497f5a6c8e2	808
58791bb4-4482-4391-991c-a69e78c5818a	785
587e5b35-dc81-46f5-89c7-82803b835141	779
588051f1-d73e-4816-84ff-653c80806eff	1002
5881dd6f-c0e2-4811-8818-d6ce59181656	992
588b3932-99d1-4786-ba35-10806698d3eb	786
588f66ca-abfa-48e1-9cfe-1e0ebb05c2ce	783
58995952-337a-49dd-ba7b-ae65cf060ac2	996
589be0d2-e805-4693-9098-8af2524f632e	782
589c2eaa-0a8f-4144-9f4b-5c17c8893bd6	781
589dd16b-c668-4701-9550-52e26000a03d	786
58a28947-c6fc-431e-b7fc-daaad00aca91	781
58ac3631-af35-4e88-b4f5-d843b84c36cc	975
58b0498a-3dba-459f-a132-dcb4b557c5ad	897
58b0ebbb-02db-41d6-8cbf-a84728dffc18	788
58b7ae78-7601-4e08-a752-d5fc6d3aac35	914
58beb266-c379-4005-ad70-db6dc1fad0b9	980
58c0ce33-7073-4bf4-ad41-53d436b97a9a	988
58c41138-a564-40cf-8d12-371c11cabe65	886
58c68909-6c02-44d6-92f6-576872c3df70	890
58c7455c-4756-43b9-8996-2ff5e3232ef9	987
58ccca31-b591-4f96-bea5-61f16d379984	995
58cf4fca-000a-4284-8aac-c878f75c0931	790
58da7f79-e2a3-43f0-822f-9c9b33acac76	983
58e29f42-2d68-4b1c-8973-371c3448b88d	781
58e8f71a-14a8-40b4-8ee2-d7ddafb69f89	1000
58f22f11-bf2d-47f3-9676-66f5c75c9df7	782
58f3aada-7de1-4c91-839a-b25d993b62e9	987
58fc71a3-06f4-4a84-bad6-01a230cba426	889
58fd607c-457d-481e-9c05-8c7bc8fc4eac	787
59034b4a-9ba7-4dec-bc8a-9a9102b8fe5f	981
59044cf9-eb37-4dc9-bac4-3449f1018c86	990
59142452-2bfc-4485-ae40-325892b352f6	782
5915f9e0-d280-4c87-8695-4574d740bfaa	783
591855fa-8025-4e43-8ca6-630aad907a62	781
591c7420-4f40-49fb-a9c5-600cdc9568a3	782
59212e82-18f9-43c8-b655-f88be35340b1	989
59221571-8ae6-4562-9ff4-122c31c10b30	994
5924dd69-e67c-47ee-9b6a-1a2f56e809ca	958
5924f845-a84c-487f-894e-1d4bf3dfaa5d	780
5926e8ef-e846-4801-a118-2de4b48a464a	786
592bdc9f-fbbd-41b3-aa14-c7ac0c196ce8	978
592ce4a0-e5e1-4ff7-924c-9e04a3f28cb2	785
59319cbd-48ea-44ab-b4a6-aebbd73e6d82	782
593915f5-5685-49fa-ba00-938bf7b86f49	785
5940772e-9bdf-4c53-9f40-4f254422274c	785
59454bd9-91e3-4c7b-bac7-1d78d7e5559c	890
5950893e-b36d-44eb-a713-b61f61363cd1	785
59529b59-46df-4981-8522-3926f9499d3a	806
5966d59e-48df-40fb-9770-91f10201846d	990
59687ca0-7bb1-4f9d-903a-ab4baa36f8b3	976
597053df-edd1-41e2-aaa4-231671e97b0f	788
597c423b-ad9d-4da8-8b79-1d0e3121c5ea	785
59941b15-35ce-4e4e-a89f-28e96c39d0d6	963
599f6cb4-4ec5-4360-883f-b9322dd80feb	892
59a352a3-f451-4065-8736-768923729c4e	785
59a7ec6f-20f6-4baa-b4a5-140933b3d21d	782
59a82418-433a-40ca-87ff-b64a77c5bb59	783
59a85de6-5117-4807-9e87-310003d4a8ce	973
59abfac2-a2b9-4a99-b85b-cba393ca2dab	785
59ad9185-82a0-4a0a-b2b0-af2c27f479b9	872
59af00eb-8e86-44d7-8727-65e113c0b63e	978
59b060ec-0fa1-4e2a-be8b-4a3fe4d2304a	990
59bca3a7-a552-4da2-bc9d-e970d8efc07e	993
59c8061a-4ab8-4723-baad-302e2c586079	795
59c83f88-444e-4015-a627-4cc7ade509f3	891
59cf31c1-fa81-4d18-801b-d38e39a683ec	790
59d87013-5623-4e54-a8e0-454923725d5b	783
59d8ebbd-3b74-4774-ab6d-f2428b6e617c	993
59df74eb-a39b-43f0-b31d-665e4ecac487	789
59e0f333-b307-4da9-b2f0-fa9b4fb40603	978
59ea2135-054c-4154-9323-81c8f3ab7e35	984
59eb2ae7-48e7-4285-ad21-7e1eee0fe8dc	789
59f5bc5f-5310-4078-ad26-92f7e654b8b7	902
59f953fc-5a30-4aaa-819a-c0bb09e568f4	998
59fe6a67-921e-4a7a-b254-876aeab0f4d7	786
5a0a800d-a15f-4507-ab3d-6e64d47f5676	993
5a0ac83c-faf8-4482-be56-a5b5a116f319	998
5a11f232-4958-4c79-a3cd-8bbe4ac1dee3	785
5a1f974a-3bbd-4831-bf20-4008df2fbccf	783
5a36b350-235d-442d-be23-5dea4bcb5888	983
5a3a18ea-fdd9-482c-a66a-1981c2a7508e	791
5a3f18e6-a233-4f3c-86c6-7704b2405f1b	1001
5a3f2748-a9ae-4472-bf43-1fc117b31117	981
5a4091bb-9117-44a9-9520-3cecbe400099	761
5a431ee3-61fa-41ed-ad60-6176dd9a61ca	792
5a433f53-d3ac-434d-9cc8-0db417c97feb	782
5a49a497-3792-436b-9a14-e2280346b27a	2002
5a4db8d1-e8f1-4abe-a502-abb20ff26b71	1001
5a4f08c6-1454-4638-8e2b-2034fd88b91b	986
5a515663-7644-46a4-9bf1-250e8cf6080c	784
5a6b5e3f-d57f-482b-a51e-b4a407d815b6	990
5a6c7371-2ef9-4ac6-85c0-0991973fba3f	993
5a73e44a-8dee-4ac5-b51d-9cc691e52962	987
5a765936-60e5-44d1-8b9a-f3116fcb16df	783
5aa1d1a8-e113-49ea-bbf2-5305121319ee	782
5aa36061-7dc2-401f-a0d7-b1941692b25a	985
5aa48d03-70d4-4e8e-b38a-b4bf51b2e9c3	786
5aaab931-76a1-4e39-8d2d-6b5ecbe98f84	1000
5ab9c3f5-5271-4778-8f4b-0378eb6f7566	786
5abd3705-49d9-4fcf-9e88-89e52fdee00e	768
5ac0f146-9ae0-4e6f-a76f-7ceb4ec682a0	971
5ac449e7-548a-4cbf-89d5-fe39005e2e00	994
5ac91004-3128-45f3-84ce-200b844590dd	989
5acd67bf-aae7-4e86-b0f1-f7efc7d6e08f	783
5ad0395c-f944-4b8f-bdb8-341b1e161826	992
5ad368fe-33d9-4d88-9298-3660067dc2ee	913
5adb37bd-1533-4600-a728-8b15ad6c7eef	986
5ae2c0ca-06a8-4750-8f2e-c35b0dd17b32	994
5ae6248f-98b9-4041-b6e7-b214a12acb61	785
5ae9dd5f-68de-4978-ac88-89b244ad5caa	785
5af11738-80ff-4b8f-8b84-9a8029d47144	778
5af1f98a-fe25-435c-b46f-eb252aa0bbea	986
5b032948-f8e7-4a2a-8284-a5ca6475a289	994
5b03b03f-76f5-4d0a-821c-3cb908a5322c	889
5b08afd0-f3d1-4034-bc65-11effb9dfb54	997
5b0a0b39-6c14-442a-9996-d97ee46af243	984
5b1371dd-e7a0-44a6-b7f8-d9d789e9145f	793
5b1cc391-9925-455f-9d84-493690963c9e	1002
5b1e36b3-a0d5-4144-9469-b716b090e814	784
5b1f654b-9834-4379-ae6d-2c8d72cc8f69	2009
5b212198-4664-4d8c-982a-a434f6dc7b02	785
5b24725a-c837-4824-9702-404f385d82b7	781
5b2774db-e243-4692-8309-b7bb458abf36	976
5b2cc191-950a-47ca-a1a4-aaed00d491ab	1000
5b2f24b6-0266-4710-a646-9dfab1e8f8f8	764
5b340a6e-b4e4-47d1-87d1-088b9cc51066	980
5b3555e0-3784-48e6-9e64-9e609f880eac	783
5b362773-cd3d-406c-945c-0bc74c0799b4	784
5b3def50-a2ca-45d8-9af5-b0c4f0b37509	783
5b41fe7f-89c0-49a4-8bc2-163cb650ed8a	962
5b43b6e4-1b65-48c5-803e-28c9323da5a8	993
5b440d8b-04e6-4136-8afc-94fd4534be71	793
5b4607be-6a58-4cbd-bc7e-186bf19e56ea	786
5b4843bd-7bf2-4082-b29b-407b5ce4dafa	869
5b499eeb-fdb5-4c63-83a4-b0c6f2337761	982
5b53467b-10ef-4611-8bc4-d3a19d74bc26	782
5b58c69e-ed4d-4f96-afb1-ee36a5989e3f	987
5b601bcb-cf75-4b0e-9ebe-ae070bfe538d	786
5b60de32-df06-4c3f-a4c4-2d9f95bc4774	993
5b657b90-5d03-4df6-ba40-f6d29f7e5fba	791
5b6fbcfd-01d4-4b2e-a793-3f0b6a88f8b5	980
5b7f2590-6853-4c3e-a4c1-7dd1f4c5461f	992
5b85130d-94a9-45c6-80e7-bb0fa320cf3a	986
5b868757-8e00-4e8c-b4b2-40924022de6f	785
5b8d455c-c4bd-42f4-a13c-2879c2253daf	787
5b99fa1f-7250-4730-a22f-3a840fc6e562	1003
5bacb18a-4389-475c-b501-b38f78f29bb2	782
5bb0467c-954c-4114-a6de-742fb26a8d7b	989
5bb06c71-7be3-424f-a3c9-06bcb7621b6a	787
5bb4ff14-b9b4-4fdf-b231-ecf507266ae6	988
5bb7f869-bfd5-455d-af08-1108d50d3c68	974
5bbceb52-f6c0-4549-8121-ee2eb025b8f5	915
5bc3c813-106c-49cf-9797-5af2b7408f82	979
5bc59abe-9816-4dbd-b4a0-910b7a496ca4	783
5bcaf4f1-4b5a-4900-81cf-b9b60bbc41a0	785
5bd09f2a-0b1d-4f6e-a02a-6db4c6207c89	787
5bd44b18-1b1a-483c-88fc-007ca5f824d8	994
5bdb5666-042e-4f41-99ba-7477e0643384	783
5bdfa08e-ced5-4863-95e0-cef91a75b406	992
5bf85562-41ad-420b-9f34-798483e87a43	789
5bf8e43e-82e7-4ec3-b21d-7ae9a657fb80	997
5bfb9c50-d368-4163-a3e7-71e328988aa1	785
5bfc4995-607b-4d19-9646-e1583096f144	788
5bfd7a18-6ee3-439f-a297-3de7fe40e76a	990
5bff0b3c-b0f6-49e6-bd90-5ecdcc0fdbf3	786
5c0306d5-4dcc-4f37-8407-0ab240b55532	886
5c039fdc-2142-4b07-9a92-6a0343ef6e4e	793
5c0719c0-2531-4ff4-8c2d-3ba036e36329	898
5c10aa7b-6cb1-4487-8258-c0ce5c36644c	1001
5c183692-670a-4e6d-9d32-423a838786b1	987
5c19cf80-c989-4937-8540-a6d8b74c66b3	979
5c224405-3ad9-43e0-bc39-6a71e0188e32	989
5c248c3a-9e50-40a8-997c-34289d33044f	782
5c266662-d0cb-41d0-b21a-fd42e4d534ba	1177
5c26d6fa-3f8d-476a-bda2-44bb0dd1fb7a	790
5c2aab77-746f-47e6-89ed-baeacb36e472	785
5c2b23ab-cf04-4cc3-95d8-33e45c013866	894
5c377adc-9a17-459d-80ab-b21a1ed0f0f9	994
5c38784b-fadf-4fea-9b9c-80de73b188cc	995
5c38a0e1-9fe1-4c51-9221-a1b501162ba8	787
5c395844-e23c-4181-97f2-a269cf5eb4d4	785
5c3e68bf-dfa9-43f4-a9a3-5722ab8bad1c	775
5c40abb0-6d35-4aaf-99cb-b029c0bbc103	778
5c40c2e0-6aae-47da-b696-a734f833d530	785
5c445ca7-ae94-4fe3-8fe9-19749bea49fc	986
5c506e3e-2222-4d25-a114-7cca5591be86	782
5c52ca9d-2db2-438e-8f2d-bba412c0228d	782
5c53ffdb-a1d1-4c73-ab7a-ea192a693db5	982
5c56d496-e944-4d39-85bd-45b47b2a221f	776
5c5a7f23-7620-4116-96f0-9d10fc8a8cac	1072
5c5d894a-f992-4cb1-9ab4-70cfbe0c3900	996
5c67e991-12f7-4ecf-9878-2ac7e489284d	985
5c6e9009-3616-4704-8add-9417f91239ae	786
5c7e0f90-5c1b-4d5c-8f31-28ce921adb71	862
5c8085f2-47f7-412e-8245-4ae6431a8019	783
5c82708d-1c26-4a31-851c-301eaff25878	890
5c841640-b8ed-4405-bfd8-d0530f133799	784
5c880dd3-886d-4c3d-854b-5f5e1d2633d1	781
5c8c1299-6836-400c-a2ac-99a997dee20c	989
5c8fba7d-344f-49fa-8d61-3c4d163d3114	1002
5c9d7160-ddf0-49df-8930-fc108eb0de43	993
5c9fafd0-50aa-41ea-ad36-72e28a1c3b86	892
5ca00618-1557-47af-9cae-f186c817779e	893
5ca17ca7-1ce6-4e81-931d-30568d799c78	970
5ca5513f-94c8-4103-a049-22bfc822f5ba	558
5ca656ce-769e-442b-bda5-9869683d1e88	999
5ca8dd1f-0e02-4375-b6e5-e66ac53c538d	1019
5cb315d2-89fe-4c88-ac0b-5aac2f0938d1	896
5cba775e-3a14-4fe7-9087-b01c607438b1	991
5cbbb962-be94-4ba2-8c1c-4dcd105b394b	785
5cbcc274-33eb-4cba-900c-f1a992af94ef	888
5cc6c31c-f82d-4989-b6ef-2d9d8b1f8ea8	785
5cd1e9bd-614b-413a-b5be-c0a6d8c4c723	998
5cd6d30b-81af-4ce4-b61d-f4a5964b90ee	785
5cd9b351-8600-4f4b-8c06-377815298c9d	990
5ce4c598-754e-4496-9482-4445b58d7533	992
5ce803aa-ba34-4c9d-ac91-f22251735acf	997
5ceef94b-c514-4ecd-b3b7-39a3b49fee3c	885
5cf4ade0-055f-4286-9d51-6e9ecf2ef522	988
5d008957-8964-40fe-91e8-4663a8d70e2f	786
5d052677-7dca-45e0-bde4-6ec5fb1b7420	981
5d0ad75f-1d48-486a-9645-85f3cb98af64	783
5d0cd0d1-4131-47b5-b009-ecc7cf896285	786
5d0f05be-963c-4384-9d50-582f9572753f	990
5d1158f0-ea82-4f7f-86e5-c8985537b746	992
5d199490-bf13-4390-a8c1-c903076574a6	999
5d1af8eb-4ae9-4f68-8f8b-6a213fa01f2d	985
5d210375-68ef-4e0d-857f-11cf67cd69c8	987
5d31d688-2eee-45ce-a806-5298d3f01320	786
5d327723-18ee-4501-a611-98eca483759e	885
5d36bd30-0593-4ba1-9529-72240df0a49d	892
5d37d832-14b7-45e1-9b71-4c5f90c94498	991
5d3b58d2-a5b1-422b-8ad4-99f537169ca4	814
5d3cf695-d98b-440c-9d5b-3593ddb87f16	1001
5d3d1986-cde0-4e1c-903b-e32e3df5e622	988
5d3d1fcf-6195-409e-a656-411bd8b0cc76	783
5d3eab5b-de8c-4077-b06b-754e7d9ed1d1	781
5d3f87d0-7605-4457-96b9-b17956fd7440	1003
5d46301a-2d93-477d-9331-e9df713d187c	786
5d4cf4aa-a272-4048-b2cd-e0f44644624b	785
5d5c846e-1a7d-427a-aaf4-9ccb86e9847b	885
5d684b2e-26b2-45d6-b32c-fc6866026d71	889
5d89b9a0-e70c-4f9a-93aa-21529eea8a41	986
5d8aa41b-9b7a-4220-b01d-f33f7cd79c2c	894
5d9535fe-5723-4c98-a8c3-58722223e2ea	910
5d9b7bcf-434c-4cb1-b376-2964726e6787	786
5d9bb793-c36c-4e7f-996f-246b35bd01d9	776
5da4bb7d-dc18-4471-8904-2a1d73538c24	984
5da4e32e-388d-48be-8157-cd836d61ed2d	782
5da9f271-43bc-4d7f-bd70-bab75c5639b2	985
5db8f379-72dd-4754-be61-845d58d616b2	1000
5dcbc2be-f87e-486c-ab77-173aa40f78e7	776
5dcef037-a115-49ae-ad11-f34a12a9a1b8	887
5ddb4285-2b76-4e56-82cf-180ff16b3bfe	985
5dedf21c-b34c-4897-b307-8a3bab244580	785
5dee637b-9da6-4989-8dd1-c12bb2acde08	989
5df2a4e7-53bc-4317-9c06-3f773ed1969b	892
5dfd43a0-7764-4512-9f96-093ccf28b8ff	1002
5e004961-cf47-4ba1-8768-53e66114ae17	993
5e0367f0-e869-49e5-ad35-5b50ec4a95d0	986
5e038666-9af4-4c9d-9bdd-f0f7a9031f54	884
5e08343c-01fb-42d5-ac62-e22fdabc5fd3	787
5e0a361d-5f93-49f0-82e3-1ab061c5334b	782
5e0d2e6c-411c-4a67-be9e-71153879b46c	891
5e0d797d-03fa-4b43-9ec8-a17357af8e4a	726
5e11596a-af21-43b2-86e0-e296b4c94783	974
5e14e72b-d703-4d47-9ba8-fc69a20e58b1	789
5e24d2bc-bf94-4a42-9d63-88b4efc5c635	981
5e2538c1-45d7-4cf8-827e-205958eb5b74	888
5e29deb2-146a-4468-9976-f95d4a135915	785
5e3413a5-c52f-4625-a1a4-80e3c183d2e9	1002
5e353c7a-bd1f-4ba1-bf14-74cab40bd975	782
5e368517-2f09-4bfa-8c6d-507a23b95d7a	998
5e37eafd-4ac4-47bb-82b0-fcde6fe3b529	992
5e3cb8cd-319f-451f-91c8-561d30187e47	781
5e4e9f24-5dbc-4ee9-9631-0c904d944824	781
5e527411-896d-40e2-bb47-ac8a62e98bb1	977
5e5f7676-3a54-45cb-9f3f-4555d3e0b861	785
5e623931-e957-4a7f-9019-cb56ecab23f0	1008
5e648cba-1679-46ac-971a-b01211e4756a	776
5e6dc880-f907-4675-b47e-53d188a6f1f1	1001
5e6fa777-a75e-4597-9c44-578bfea1969e	783
5e6fe2a7-3806-4330-b217-cf754e567d18	786
5e708184-e04e-4559-8851-12d7cb78968e	784
5e70d513-17c5-4a3d-b862-59754451e929	995
5e741620-8e8d-459a-97da-db9a4c4a47e0	891
5e751bb4-3f33-45bb-bbff-7c8fe567b308	791
5e7a28c7-8ec8-44a6-ab85-def73999d7fe	980
5e7acb4b-f8b2-40ef-a4f3-c1646972c15b	987
5e7b8cca-1f6a-4002-9331-6f5f3ef8c044	988
5e7ccd85-bd91-4297-aeaa-7402f3c8846f	789
5e7e839c-7cbd-47c5-b2b1-c4a9c7a2fa94	890
5e7ffebf-e5d3-455f-af5b-b18874ddb825	990
5e832f4b-c61f-4e25-a51e-872415887c87	980
5e8b0e44-cbe6-4656-ada3-7da52ac5e973	894
5e8e6d91-ae44-4c27-bd98-b58d47a9c5c7	781
5e93c47a-0259-4305-90dc-c130b7e1113e	994
5e99444b-5de7-4459-86e7-e9a7375d7e79	779
5e9c02ba-83e8-4eb6-8e92-3ae9b63b101a	986
5e9f16b0-e7cc-4c88-9fc7-dfd1c4923bae	985
5ead5544-b238-4fcc-ac44-7b961e5031ce	892
5eaeb929-985c-4c26-b6ea-6e889253724e	783
5eb6cec6-c03f-46e9-b1d0-b1253c51d36b	787
5ebe8632-0cd6-4d1c-8833-d38001c7ca28	787
5ebeb822-8fb6-495a-87f4-45952932d634	880
5ec37171-a689-4378-b7dd-28082c17f705	969
5ecdaa75-1c9a-4434-8ef9-436e50a629fe	785
5edbcd38-f903-44d0-b33f-5a86961fcafa	921
5ee10948-a9a4-4132-a865-c6098666046d	892
5ee71027-a23e-4e86-ae0b-816a1fb51f23	788
5eeb19ef-a2a0-4fdb-82bc-f23515289364	984
5ef5ad45-aaeb-4b80-886b-322b03d189b4	780
5efdb6ad-7c74-447c-bfec-912e5189d87c	887
5efdd27e-f622-4556-956a-cc34b9e2aef3	888
5f00db83-a426-49d9-8848-80add53bc78e	778
5f058a74-3b8b-4a24-a947-4383edf209de	785
5f05ee8e-694a-4322-8e06-a54c5379dd60	785
5f0c1650-4f50-4dbf-bc3b-da035fa32cac	983
5f0dc163-b01d-4748-b3e0-ec29a2c1cc43	1005
5f16c797-13c4-402c-88a9-463c37393cb5	977
5f17d35f-4f7c-407c-aedd-c3f446168092	983
5f1829c5-5797-4978-a777-69cd59997a7a	786
5f1f28a0-fd60-4dc8-a1aa-7f5793ad9117	786
5f1f61cc-ee6d-4953-a432-953282b5d6bf	772
5f2cf57f-85ee-4533-8337-ee482cfe5fde	991
5f2f7b4a-10f8-4090-b485-c3b6044dbf69	781
5f30217f-7bda-4e6e-a48b-b4a37bd5745f	783
5f3125a4-f590-4775-8edd-ea64316cc941	890
5f3a137f-9f55-4c32-bb67-b200d2ff9f25	987
5f419636-0236-453a-9b21-a0d443af57e4	887
5f42cf51-42ec-4108-99ec-73c7ebd9346a	755
5f44b7f0-a551-4964-9844-b3fe53427090	785
5f44cbb9-8617-47df-bac0-df03f2d14a71	985
5f50302b-24e9-43bd-ae0a-08827011916d	988
5f50363a-8a64-4ef5-b373-6107df935d06	892
5f53fcb2-bfe2-4868-8358-753455a8f655	970
5f56b056-1484-4c93-a104-49e85c9d4027	789
5f5728f1-0333-4c80-b0eb-72687bf59657	786
5f587c1f-951b-4058-b538-28e5c0c4857f	890
5f5d322c-c135-4688-92fc-daaf24c6e4e4	784
5f610cd4-4f03-4aee-9502-7531088c12e4	777
5f617402-bbc2-4b1c-8054-321a80b3b894	783
5f6ab71a-b338-4c54-b5ec-6cae8190621b	786
5f6f0fa4-e45d-4bd2-af08-bb51ee2efbdc	786
5f77ffda-cc1c-4eba-b549-452a37595694	962
5f7834e6-e2ee-499d-b27f-3a9ba59ea2b3	791
5f80b364-ff0d-41fa-9b4e-88af9744dc9d	1001
5f85312c-bfb7-4b0c-91f1-317c06f8b0c1	770
5f8eff28-2aee-4bf9-b2b8-25a57f7bfc6e	786
5f900a3d-1ebc-48d2-9dae-c9f7b2592d70	784
5f9c0dea-deab-4590-a235-dece396b50e7	793
5fa21cc3-02aa-4469-8dac-51141c165d7e	783
5fa304ab-6a38-4024-9bc1-1bece007eec1	785
5fa3fa6c-b88d-4134-a674-c48e531da7ed	785
5fa76045-44b7-49f6-a6a7-0d0d75c281f2	781
5fa90c6e-a86f-4cf1-8159-56acca09083a	984
5fb51dca-1988-45bc-9319-b20a3f1cdb72	998
5fbb440f-88a0-4c35-9c55-bc2d87e989eb	786
5fc0fec5-ca3c-46f8-9ce6-084aa86bd414	892
5fc31fc6-e25a-44ae-bec6-d948e6de97af	774
5fcb036c-dce8-486f-a80a-d808221662fe	783
5fdd5ce2-7bf0-4355-8ea7-44c158a6ca6e	790
5fe78dfc-4539-475b-854d-485ab7e2262e	1001
5fe8f957-b43d-44cf-8a79-a9a9d794a28a	783
5fec8417-b0f4-46c0-aa1c-c54cb640a9cc	982
5fff1367-700a-4043-917d-35e89c0461dd	788
60093015-5dfb-4b3f-80ab-87e02d0a3907	786
6009f4c8-fcc6-4786-b485-b2424287988b	984
600a43e9-551b-4be0-afd5-05d2276f99a1	972
60171524-46e4-46f0-bb0b-a7ac2c153a04	777
6019b529-33bd-4939-a9e1-935e13d112b9	1994
601d452c-9456-4514-937f-b83a4f8fbafb	991
60240303-97af-4035-834c-8f7fc5a35726	788
60362402-78fd-4c3f-a8b8-f7ca0862cb7a	788
60398d14-42bb-4349-a842-6cfc935d0178	992
603a4dca-8e68-48e8-956e-0335741ddecb	785
603e62b4-f0bb-4b2b-a98c-5e62b4eeeee8	1221
603ea608-18e3-4e7b-aa6a-d9e4add5e8e3	1000
6040b506-ed6f-41db-b05a-a76d874f87ce	788
6044d3eb-91a2-40a5-90ff-88e5749e3ed3	775
6046cd1c-dff5-4230-b380-da81585575f8	998
6054f86e-c27d-4820-8011-8155a6b9a16d	789
605534e0-930c-440a-961d-ca255219afcb	994
60553fb6-509b-42c4-93f0-e1454fbf7a98	786
605968f5-38b4-4161-87e6-8cb320b8e1bb	786
605a4f78-fb15-4e03-bd4b-dce4d21bf6dd	974
605cc28f-c5ca-4c76-9241-47746e7a9ab3	787
605d38b4-283a-48b4-81c2-679ef4737418	986
605e14d2-0db7-464a-9778-f43ae3e0f3ac	789
605f6e62-d8aa-4dba-bfd7-48beed09a8c4	783
6062c419-f28c-4f90-9c67-599296732020	988
60670e41-9e4f-47f8-9e6d-45d791dc0c14	988
60690738-bcc1-47f0-9129-2a07b3d328f3	783
606ca151-a9a5-4581-948d-fe9289da785a	783
6073091f-40c7-4c24-b5e7-495e0ff79915	785
607b26d6-4815-43cf-9a50-7523a4fc8f40	983
6084f6dd-2d24-42da-8c98-8f99437c194a	783
60898cd0-12d6-4e6c-b6a6-d502bf545309	786
6095cdb4-0c5f-41d8-b38b-04de7536b358	791
60a6f203-e47c-45f3-b9f2-a117367184f5	996
60aa3bdb-c64e-4f96-ada4-935254a61adf	886
60b295c7-9cf6-4a38-9599-f68ac94c9bbe	994
60b85036-b6bf-4c05-8024-849d46ce88e4	1001
60b9e150-8284-4f6b-9147-df3091e4ffbc	787
60bd9075-7699-4ff8-b8e5-598411a5ec16	1001
60bf27d7-7530-419f-ab2c-695e6470ac3e	988
60c14704-40e8-4407-a105-2c2fdf1bdce4	979
60cd6aa0-f224-4b2d-bdf4-99dab3618116	990
60d21c8b-bfc1-4904-af2c-60754e57b643	780
60e041a2-af42-4a19-a3cb-423d7bea130f	986
60e048e5-9894-4660-9a72-2133519aeee7	827
60eec44a-182a-45fd-b485-521424681d52	785
60f9f7f2-68d5-4057-bd8e-3434a0f7c898	811
60fb384d-0e3d-47cd-a1c9-689d76dac6ab	786
60fcdf1f-ac83-46e5-9f61-b6e2853574a4	777
60ff2c5f-9b9d-4d51-9fe2-fb496990c38c	984
61065e74-1d7c-4028-acf6-2dacaa08b9bf	785
6107532c-f4a6-4502-8b30-7ebe4aa0e073	1000
6112c199-0783-4a0f-bbac-ca15f52566f5	990
6117ffd5-f17d-4dca-af7f-5026a0e4cb65	897
61198ec6-f828-4f40-912d-465a10452d32	782
611c1489-df9f-4e3d-9d85-545b08822b18	786
611d2142-4f73-4e44-bdac-f3a6f4b9ea9a	1004
61260cda-5341-48d0-8156-d6ae197ddada	782
6128ff9c-bc70-4dbb-b4f9-63b6483ca619	783
6129c75a-8f64-41bc-a112-2af4499e742d	885
613d2230-f1d5-4c25-84f6-fd305a490e4d	984
613e831c-5780-4f8d-937a-358d1ebce2f2	786
613f0bcd-8cc5-4395-9e49-e683b9173800	971
61413ec4-bfc0-413d-8d80-30a4235782f8	784
61418624-13e2-44d9-a5fe-bec12c5c3741	990
6145f58e-df7d-4e64-827d-b372a0e63b41	977
614905fa-a099-4ead-94e9-145fd581a235	884
61490c33-dd0b-4297-9205-4def5dff8dc4	822
614db4c3-650d-4e17-acc7-94d6edd1e1a8	998
614e2d56-ae31-4b72-8237-b65b2c0430bc	987
614f0bb2-f3c7-4b55-92fe-53b0d04078d4	983
61573dfe-4aaa-4f93-bc93-a0d610d78d4c	981
61658fb7-f9d4-4581-a6e0-6751ef4a2360	780
6166515e-b19b-4411-a5b4-52a3a884d2b8	787
6168200e-51ce-425d-8a43-33c429f8d317	802
617b045b-3020-49f7-ba6f-c27e1b230faf	786
617fd415-b4f8-40b6-a112-10ebea59c566	982
61821ff1-c048-411e-b002-a6f2b151b4f8	786
6183003f-7d84-4612-b024-37e9231a17b6	984
618b5297-8d6e-46ab-a731-0e965e3bb70c	783
61947619-b7ee-45fa-b24c-2bcc06ea2357	786
61974181-3f49-4757-974f-0052f2857849	995
6197ccbb-cb07-4df4-866e-60bee845f34c	987
61983aa9-64e6-4f4f-8c33-ff1a1ddd2880	785
619d7fb9-84ba-46f4-991f-bdbd40b93e25	987
61aae810-d9a6-4900-9ce8-9878ec13d637	979
61b60df4-413e-48d0-8d56-a74dac6693c9	985
61b69d5e-7e1c-4609-9af9-4732dd80f2c4	985
61bd2274-10f8-407c-b2fa-0932b3b275c4	980
61daa1ee-3b01-43d5-9471-35292e37a050	1008
61e035cd-ada8-4886-96cb-638c833bb632	990
61e52bd2-a2d4-410a-8226-f3ecf31d1651	792
61e6dadc-16f6-4dda-bdf9-218547975a56	783
61ecb3fb-d310-434d-bb00-e01caafaf28e	785
61ef2530-d368-46b2-bcb7-fa823f0d31db	986
61efad4e-efab-43c9-b93f-21e8788f5ecf	984
61f1634d-f28e-40ec-b0b4-5a02f011b103	976
61f5b5d3-de01-4d1a-817a-311c6b0dd3cc	892
61f747c5-c29c-4666-bf31-00bc0c184c68	783
61fe7648-18d0-4f5c-96d9-430171925a3c	994
62037b98-fc26-4f50-8a50-ad563068f3ea	785
62107246-7d19-4014-acc1-db5cf0144e38	890
621d72f5-4490-4215-92fd-3ee8ceb708d1	983
6227a4d0-1f55-49ce-9d45-6a0205395af3	982
622d2fa5-8a06-4058-a950-174cb10a91e2	787
62373114-a1fd-47da-8914-357ee75bacc2	788
62490aa6-15a0-48f5-8097-e214b9217292	788
624c578e-e953-4279-b9c3-46f40d3b5eaa	783
625170eb-0b86-444a-9741-1aa205a4230f	791
6252f3bd-1ba8-4f70-ba2b-d6b2797ebb46	787
625a1e86-6dc6-4108-8a27-4909118e9b92	781
6266c41a-e297-4d43-a532-136635d6525d	905
6267e5a5-31df-488c-a15b-c398a03190bd	783
626ad3a2-bdc9-48d1-991f-47dcef958317	789
626e2bc1-886e-4a2d-bf00-20034fb6c578	986
62744aee-07d0-411b-b206-f814656a07e8	784
62794802-85fe-416f-81c8-ccfd3b8981dc	786
62807658-2222-42b2-9eb7-d7281617010e	784
628758db-00b0-4ca9-8ef9-c9ffb8e372d0	985
6287eaf0-72a6-4e6c-b1e3-89349307d987	784
628ea56a-69db-493d-8ff9-8c9deb168ad4	884
62911501-2633-4af9-9aa5-701a88fe1ef1	999
62920755-6df2-497c-b24e-f027a78d0c54	992
629719e8-3cc2-47fd-920b-935ad28fdc3c	783
629b61a6-2c46-4faa-9b49-a03224d0c803	789
62a1a90a-c34a-4b1f-a366-288e8111769c	986
62a8bbdf-b778-4086-b6a0-e669261c41d2	780
62acd7ea-9d4a-4f96-ad39-1eac7e1bd6c0	785
62ace307-0f74-49d6-9ce3-ce4772b3c90e	786
62acf28c-ce29-4235-8b7c-356ee5c3c469	988
62b8e591-cd92-4272-87ce-df1a59962a3c	786
62bcf37d-6770-440a-bcce-ffc3fa862b2c	780
62c2db24-6a42-43e7-9bce-c0b6eddda0bf	997
62c46f79-5c7e-42b5-b477-3d87171379cf	1005
62c73c52-3ed9-431e-adce-8afa9a586980	981
62cea16b-473e-4e4e-a7c4-40faf48242f6	894
62d0bae9-329b-4ad5-930e-c7c9c6be3141	1000
62dcb4ac-b730-42ec-9442-f000cab9b26b	790
62df984b-ebbd-41c9-9e79-dfd5c22f692c	980
62e35632-dcfb-4637-9b87-8905813d8d5e	803
62e4d0a4-438b-47a5-8fcf-19b2316a31d7	893
62f6c53a-84fd-4950-a783-52b46d26feff	889
62f9b816-200e-41d2-a31f-76fd372289f1	980
62ff862b-f7f4-4529-9444-7ce7c18abc50	1003
6305e26b-f303-4796-a0ff-2bbc926a2b15	1000
6306a447-f85c-4d43-862a-5110a3e9fa86	779
630d7fd2-835c-400f-8c0c-0b8640d5c002	973
630ead4f-2c21-40d0-bb54-ad58e1a3776c	878
630eb8a2-2396-4958-9a67-fe9bc81bba5d	787
631035e4-910e-451f-92b0-9349e1bfbb22	783
63113998-507f-46d0-8fdc-8efb22d5c9af	783
63208378-8c61-47be-aa0e-22e2a65e1020	987
6342ef85-1a0d-48da-be47-1c3767dd9482	887
6348d20e-7bb6-4377-880d-455282eef0ad	994
634afafd-e710-4f29-ba2c-eb4e7a4f310e	807
6350a3f7-6126-47e1-9af4-8acfe94b8801	785
6352d464-6797-4236-950e-eda766196920	882
63571ec9-f79c-4110-867f-07557bb17780	982
635906b6-9b09-4e2e-838c-0b796f4f6236	977
635b2cf2-17c9-4ac9-a76d-3d77f62dcfd2	993
6365cba6-5266-44f7-abd2-c022fccdec15	786
636770e9-ce57-4c59-b37e-cb39dad82542	885
6367fe91-a99f-43d5-bb72-f8f7b14afb46	783
6368b5f0-a5e5-490a-ab29-bc3dec80e20f	995
63734fa5-6b27-4765-8288-2703957550de	776
637b5e78-978e-4779-b026-a10a930e1b3e	989
637caf36-9b61-4521-b016-3ad643534302	984
6386af55-4f44-4748-84c8-fa04bd1c20bb	979
638746e9-894c-4aae-afff-934f16d42208	788
6391928a-9855-4ff7-9738-1af68fc1ec83	787
6391f37a-bb5c-4daf-bf20-9b909ef95cbf	975
639fb222-7df3-4eaa-b03d-b71f97a03698	887
63a14e0b-0b64-482d-b61e-1c6f6e08f359	821
63af36af-b699-4ac4-9076-9978f7aab195	990
63caaa4e-728f-40d3-9363-64930238b9e6	994
63ccc822-450b-403b-8839-4af245b19139	890
63d74634-9228-4c9f-8352-57dadfabe138	989
63dc5c64-afb8-41a0-b854-2a9ab44dd408	786
63e3f38d-3286-4b38-a23f-2fea47e2f8df	891
63eba9e8-d939-4b6e-b985-151213b21796	895
63ec8157-8ca4-4af4-9911-94cc9cd25a6e	993
63f7192c-1d58-416d-9a86-0f8db5ed077d	913
63ffc8b9-a350-4508-acea-b182c7d99d4d	768
6402fd62-55b7-44bb-ba4c-aaac00751744	783
6406a1ef-eb30-4cf1-9c42-663feaa572c4	891
64094d3c-b164-46a7-8c75-0b0e58995e0a	789
6409f371-872c-4905-86dc-9f2924aa0f8d	978
640e8578-4544-4028-86d7-b3a150b6c656	787
64103b0e-a526-4e8d-b2ef-ac0b413f7a6f	992
6418736f-46bc-489b-a3b9-57af3569d4c5	987
64210000-3ff6-4b6c-a630-182890c8cac4	993
642a9e9c-7ea6-4a99-a464-f6afc312820b	818
64370778-1758-412f-8c10-f9ba7bd61994	781
643bb4e0-ae06-4c9d-b39f-8db938993528	786
643f96af-6e8c-4368-87dc-9ad8d53c297f	985
6447ddc0-90cf-42d4-9e7d-6c7fbf0e7d96	782
6447e3dd-5b2c-4dcf-b35e-14cfa2aaccfa	784
6449d5a1-26f3-4d74-a2c6-796ec304907e	1002
64533bb5-8d7e-4380-b193-37b37ab9137d	987
6456b2bf-19e3-4092-af04-e4b848adb7f0	889
64572451-fbf4-4138-b9f4-dd3997d03d08	994
6457757b-2c30-4efc-b648-d2f4ff0b829b	997
64620a2f-9412-4933-9f74-c2fc3066e747	979
646c7221-e7e2-42a0-8f08-b45b17f4c7c1	1001
646eadff-aaff-448a-8893-4d827a1002d9	984
6475ba4c-f4e6-4c5c-aa95-888a864e87bf	781
647ef12a-8981-46b5-aa4c-0fa2060bdaa4	891
647f0bee-1251-432e-a80a-004c077261a0	786
64853f11-f5eb-40c5-a880-3c61ddd7720d	998
6486e0b4-3a9b-4b7f-b034-1f44a9f6f120	769
648c5739-1917-47ea-82c6-995a90743040	788
6491eb28-a121-4f68-b5ea-62eedd77d57e	787
649221d6-b08c-4fd0-87b8-53c63af642d0	996
64966c0b-db7f-4923-9261-5b0c775de070	787
649eeea5-b096-4020-9b1f-158a359c0dc8	891
64a1bd18-6b71-4bac-92e5-eca5f71ef522	989
64a3fd70-201e-4dcb-922e-94e54ca39f2a	784
64b686f4-a17a-49c8-972b-03d27e373e52	890
64c096dd-0e6d-4f1e-acd5-2b74cfa4aac0	1003
64c26014-e86b-44ba-a288-143128ca64e2	885
64c638a0-b18e-477b-9529-6bbc395d6636	787
64ce9e42-2a48-4403-b94e-89b167612204	783
64d2924c-6d5c-4292-b9fd-f9440279da6b	786
64d4239a-3807-4500-9373-ce60a96e7989	978
64dcdcb7-8cc8-44d2-a181-2237f928ca00	786
64deab96-660e-4c4c-819e-6d82a87972c9	961
64df2910-70a0-4c6f-986a-584a2057a8f7	897
64df95e3-aabe-4468-b33e-815f32154ab6	1002
64e74f36-f74f-4e9e-9ad0-1be97667890f	777
64ee2665-f44f-43d8-a637-f438bbb81e30	793
64f54322-3569-4c09-a642-95eea73ada32	787
65057c20-ffb3-40d3-9bbc-7cfb66d8129d	988
6507721e-51e5-4fad-ba2b-c7c90b7a28c0	786
650b5f98-6425-4a0e-b3a6-1010b8e44607	990
650edafb-0bf7-4f0e-a88b-0c075fb92961	981
651eccda-3f67-4172-92d4-ffced983e686	785
6526912b-7102-417b-b40c-bad4c847caad	783
6526e2b9-8e3e-4d20-94de-c03cc21bff13	786
652a7e52-d05f-4286-ae9b-dcba9bf75be1	1002
652e7a5f-746a-4ae7-afb0-072a067f85e7	984
6530cd79-0f7e-4678-b809-f266224c132a	890
653421dd-1c3c-4131-942a-bec66e478b02	978
65344a80-c3c7-4772-9cea-8aa0bb19841c	785
653461db-fb24-4bfa-b52a-ef7f4c268918	544
6534b1f3-890d-4465-87f8-31d8a11764a2	770
6535321c-bf85-4579-b52c-31f51eb2c250	979
6535881d-0299-4861-a9e0-89776924e166	886
653f27f1-fc73-4041-8659-9c80bd180a2d	789
6547d338-8ac1-411b-a8d3-63dbf642e444	786
654a3374-0fae-49f6-ac6f-524b4f703fd1	789
6553756e-414c-413c-9480-e97f6a07b4ce	787
655554b3-7449-4364-8a26-69b26264dcdd	783
65588dcd-5ea0-4fe9-8305-f301461af211	985
65653f4c-443c-4ead-90e1-b50fe829f994	786
6571629f-1673-4cdc-8e40-ef8f47af2578	975
657577f5-aaa0-49d6-9dfd-532db22d577f	788
657b55e3-1e1e-4c1c-a7f8-ebbb0eebcfcd	785
657dfd36-0e6f-4e49-97b2-52d96a067501	787
6581a163-4ffa-4a4b-938e-8ededfda32bf	983
65900ae6-88b1-40c8-b53a-78734ae48353	787
6592b997-235f-4b8d-9384-8f9995f6bb9d	985
6593d865-e8f7-4e20-bedb-91c1ebe8a967	786
659d667f-f496-413e-bec4-74cd043fae21	782
659eacc0-b8aa-4cee-ab6f-567ddb21dcdf	989
659fe357-c9dc-4d7a-8be9-799907c68e3b	977
65a2c37a-d182-43ec-92c8-19ef4e4fb320	995
65a3a098-6c63-4e31-8658-4bc67ca7b24a	996
65a4f0a7-57c6-421d-b6f8-3bb3d4dbed4d	980
65b78e74-ce68-45f8-911d-b9def51cef67	788
65bf3608-c15f-4325-8fd4-d16cd5aaabab	810
65c0da1d-3804-47cb-9090-589c8f64ec69	782
65dd2a29-c27f-4a2f-8002-18fc82781d5c	986
65e4af18-b212-463b-9e86-523676205e4b	787
65e90da2-3cb6-4768-b9e1-1e9f78cdb0c6	986
65eb7736-0774-4ea2-8c0a-197016f6809e	986
65f43a9c-c08d-4b21-9006-fc8bb73714cb	987
65f5b9fb-9db1-41e5-889f-491b985c7db7	781
65f844dd-7f0f-46e4-bacf-85c3089f9437	980
660bf5fa-aa0c-4530-9dcb-f45ae4a5e01a	788
660e581a-f407-44b5-95e8-0964184c6241	988
661871f1-a5a6-4f01-b853-714459cbbf0d	881
661be3df-7c1b-445d-9749-525d81767274	790
66297b56-4edb-4cb7-b4a1-5be79d96599f	998
662a5421-405f-4305-bcdc-8a3e92982ab3	989
6630aa08-76af-49b2-94c6-9dc2466df936	778
6636b83f-91dd-45fb-a1af-c0f877103662	997
6638df92-1e8f-4b34-8064-92d5f182bd91	785
663f315d-aaff-4439-910b-2d26e320201e	786
664c629a-70d6-4cae-981f-7d0068858fa2	981
6656b35b-7e93-4e45-969e-b62c2691c513	976
6660ee89-1a55-449e-bc75-6ace3cac504d	961
666f3b2d-591c-43bb-bda1-4a3892c8e201	787
666fb08b-e728-4cb9-886b-41fc63243338	783
66784784-e7bf-467d-92e4-5f028574574e	994
6678dd32-caed-416d-ad2a-7463952d2a7a	779
6683e66b-5a68-48b7-8c5f-1f0b1430165f	997
66861bd9-2a36-4293-b1ce-5d3ed041a498	890
6686f4be-aa96-4043-b584-1fed0994d78c	786
66877911-1448-45f2-aac5-bc641665b7d0	783
6689232e-b35e-4bbd-87d0-6202105823fe	893
6699d6cc-15c1-4bb4-914c-ede1ebbe304e	781
66aa4d33-b629-438c-b865-d20669a502c7	764
66aa8543-652e-4c88-a976-072901b0d904	772
66ac53b1-faff-41bb-8321-b2a0b21badad	997
66b3ffed-b583-4600-b709-fb8efe6a1527	988
66bfabf1-ba2f-4f35-8b75-17dfd7b98c0e	976
66bff041-693f-46cf-997a-13d0bec9494d	991
66c734a9-d2f4-4abd-bc39-e7af3c207ca0	984
66c7f636-61ff-4862-81cd-cbbfaacc808d	783
66d0df96-8939-4fa7-bf49-4febc611613c	785
66dc7af3-31c8-4e3b-a208-a259b560917a	1045
66dd4d1d-84b0-4429-82a8-ec80a19bf7be	833
66e247a3-6c49-43f6-aff7-9bab665a09aa	896
66eb0c0d-e434-4724-952e-f8b1c65825db	1536
66eba223-ce3b-47da-a009-b57c28bf9a7b	885
66f968ee-7ea7-4357-a82e-50429ee7277e	999
67017f86-8b13-4cc8-a13c-ee3e271ae67b	786
670611cc-cc80-4138-a574-72883320c643	992
670ae5d9-e46e-44e6-9ed6-dc40cb0386ee	984
670de984-6a00-4fea-9192-8141cc584d19	784
6712ad86-d329-4b66-be89-0dde18f5bb85	791
671b5292-01ee-45a9-8e5f-867399812716	779
67287983-df8b-4d22-9c12-da9bfd966e1e	891
672a0d60-fd77-453e-9126-e63cffe3ad0f	787
67302411-a799-41b2-8ad2-4353651f7d7e	785
67308c5d-8a2b-4584-b869-aecf3b621fb0	780
6736eb8a-a4ea-444b-b9d9-2a459b75b4a9	975
673b4120-114f-49dc-b794-c987d0f378de	993
673b49cb-7c14-417f-ac9f-c57dfb4d5caa	983
674b71b5-5664-4074-aada-e64a94cacf70	995
6755d5df-d06a-46f8-b59f-0fa18f090f84	786
67561188-fd72-434e-9204-ade11fc20937	998
675cddb7-3154-479c-9a36-6e5fa3238f09	999
676850ac-02c0-491b-862e-42c502138d1c	787
676aaf62-6d87-45a7-ac85-512a12f2e4cd	782
676b355b-da53-4174-b2c1-2b3e80410493	781
6770bac9-c0ae-40d9-a230-f4e60b51d7d9	1003
67780185-193c-46de-9921-84b008c23353	787
677b4d16-5de9-4038-b7ca-ec03a3e249a6	786
6789a421-cd01-423a-947a-ef1d00d64fe2	980
678b5a8c-2525-473e-9440-df79d8bac042	766
678e758e-a05f-4589-b66d-8c704cd01500	797
679a74f6-870f-4091-8259-4382e2da334c	993
67a14f2f-af77-41b8-87cd-31c9755ffbf5	789
67b22077-76aa-49a7-8708-7095b08b2033	780
67b7bbbd-ea34-4cf1-ba86-3d73c9e8f1af	996
67b8a3bd-e602-4648-bbac-68d91d81ad89	782
67c62ead-612c-4129-ab5e-c7265e1b1dc8	785
67c8afb3-e015-4cea-8ad1-3ea8dfbd2c51	823
67c90668-807c-418b-93eb-dcd02dd5d018	565
67cc73f7-66c4-4148-9d3b-61ed135bbfbd	784
67d0a61c-6de7-4b78-84ba-3963111ef73a	811
67d6d774-8c0a-480d-805f-c430014ed447	782
67d878f1-9b1c-46ea-9fee-91b0c4f1e4f6	799
67e0021f-0b64-44a9-8abe-50c8bbe7ce3d	785
67e53b9f-bee0-446e-95cd-3607a405d603	786
67f10948-f597-4ffa-9802-6974ddff8455	785
67fa9241-d620-4a06-b162-fca618d1d7ca	785
67fd7bfb-c674-4ce0-8fe5-9dd7fc085cf6	774
67fff257-84a7-4d46-af6d-a2c693f4e639	985
6802f031-cd2f-4dfe-bdaf-3f7194e3bda0	786
6805fc94-16fb-4eec-a005-aa972acc5610	976
680d8336-3ddc-4353-83f3-636cbfa9b475	789
6812fb94-0e20-4c33-a92c-037ec59b4ab4	785
68137703-9f49-4497-a0ba-9a34118ac9b7	937
6815d9dd-80c2-40bb-851f-bbc29f244fd3	980
68183354-f4f9-4676-8e31-6f1faf6df6da	992
681e02bc-224b-4215-9b7f-2fccc1ec37b2	994
6824a24e-8735-44ca-9cde-5c4e930a29d0	984
6827f08c-3f1c-4d02-a71e-1603896473e0	788
68298017-8433-4a56-b92e-ef8128f0c6d4	782
68341a09-5e2a-4b7e-bae7-42e98abb44da	778
6837a3dd-6486-43df-865f-e07e55f06524	784
683b5e90-c7a3-437c-97f5-7b4f0e8930b4	983
68433fbd-1793-4f43-8127-bc0588277623	786
68440002-7bdf-4915-8833-5fd6120a195e	984
684947cb-f2d7-4516-a1d2-71b3aa06ac3d	992
6849c4a6-708a-4a7d-bbe2-63558a603392	938
684babc1-5b31-48c5-8fbe-482aac81207c	521
684bb7b1-a3ed-4bac-b424-16d949966e12	785
6850809b-229f-48d9-8179-d6d080c45f21	786
68546653-433d-4d7b-8365-e2a937950637	886
6858b821-50c9-4d8e-9a67-febce2e9f7e0	786
685f61d5-dd15-4b6f-ac62-049b2fc5a5d3	992
6861e54f-0b5b-4a4b-9108-5c0ac4b360c8	779
686571e4-d858-4141-ab6f-ba2608e4a00f	783
68684b87-83c0-48ae-9355-18321da1c6e7	785
68700569-db4f-4572-b67d-de132fe75eb4	993
6878275b-5251-41f8-8ace-a27feddb74b6	1000
687b8c3f-488c-4d57-9d7f-a529b2191f5d	996
68812eb3-7ef8-47c0-8ca1-b99e02aa7c0a	997
6887750e-f9a5-4584-a041-5ea86ff13c3c	1002
688c9470-682e-4753-b6bd-43e3f046ecc9	968
689178e5-7abb-4ce1-9230-832cbdf3c74f	977
68922e69-1ccc-4a2b-b96b-7438273294be	1005
689635d2-3bc6-414d-af4b-c170a9a4bbd9	783
689beb1f-ee67-4c1b-a8c8-c527b0df0b95	787
689e3004-1376-4fcd-9467-65a33ecfd9ca	784
689f67db-c7e8-46db-815b-5e6a87e4d55e	785
68a2525f-145e-49ef-a478-bb553526cf8e	785
68a3dbe3-a7b6-410b-bc51-06cb2ce32cde	991
68a6e456-7909-4c1b-bbf0-2fe0082f9b82	983
68ab19a1-344b-4d4c-9274-b36b34d44696	780
68ad15ab-77f7-49a6-b2c1-a29a45e99e05	972
68bd5e28-5e84-4c51-a4d5-7caa1d2e76b0	786
68c1e5d1-a56f-430f-8a4a-7588a32f122a	984
68c98dce-7518-4437-a65b-f7d714f5ace9	894
68cf4eb5-547e-4a4a-be45-aee0175e1609	1001
68dbb213-eb36-4d77-8218-0fe0be5b15df	787
68dcdc9a-dd9c-49ed-9177-2498fb502a69	995
68de8704-8a11-4e3a-a037-894c833526ba	788
68de9a42-e4a8-43aa-a856-0ab9b893c23c	990
68dedfe7-d6e5-455f-9286-dcbfe6c19c97	985
68e37120-51c0-47d7-b531-bb51b5d2241e	989
68ea7073-52ca-478f-929b-bdde206adb91	989
68ed68ae-c2ab-42bb-9a8c-42c5b6897b80	785
68f32500-39fd-439e-a1f8-639f099ed58f	777
68f8cc95-8c8b-416b-96f3-084b4c06a374	786
68fb7731-fdf8-46a0-9e0e-13c55435cf5a	987
6901bd54-30ed-4979-b5e7-b6819c75dbed	786
6907f62c-ba6f-4e59-891c-e3e0585db62c	988
6911d4e9-378b-43c0-aee2-779dbcb32759	784
6913bc40-d3d5-40ab-ac9e-5734242dce0c	785
691b9025-eba8-4d4b-a138-d925f8966b1b	785
691ca019-d554-43ce-a06c-5375d095dd47	786
691e1b79-724e-4eee-adc8-5d59be98305c	1000
691fc440-3169-406e-a5c6-9a98d99b758d	892
6924716b-7a62-4f7d-a28d-67766c52a653	785
6924eba3-846d-42fe-95de-6c652a077d37	788
69267868-112b-49da-892b-8e834c38982e	987
6929cf91-3028-457e-a1af-b0f260d51cfa	786
692e7a8d-64f3-495e-bd1f-a59e8f188e52	786
693a4674-34c8-4ad6-a423-e51305f18263	788
693e005c-fde5-4f69-8d9f-3d09f6bfe495	894
69452453-0cbf-4daf-9bec-d7d65726b580	996
6945684f-c04b-4ea3-841d-209ab00e5fd4	787
6947f42a-c5da-4691-abd0-9acd96f574eb	780
694b3ecd-7a03-4785-95dd-d8cd8a2a9d51	978
6951466d-3e4d-46e8-83ee-84ff927268b8	782
6961a8ff-34de-4334-8df4-b1fe482174fc	988
69631648-77ac-4e30-8633-f2585df1680a	783
69631dfd-eaaf-4455-846d-568b65c8db7d	793
69658ada-65bd-4ddc-9bd3-37c47448441f	986
69662ccd-2fb1-4eb5-90b7-b9d677f77c16	785
69674e4f-b3ff-4b3f-a78d-f9b013983e8f	795
6967aa4e-d157-48ba-917a-86443977197a	968
696ab7a4-163b-47cb-9834-c71823b16b11	998
69712289-e148-479f-a053-e434bcaf21bd	783
6972a9dd-aec6-4f28-8812-40e28475c75c	778
697aa9ec-7e01-438d-862f-b8e00aa94e14	994
697eb445-e246-459d-a34e-919210b8f6cb	980
6980673a-e072-4d87-a890-97a8236dd84f	781
6982dd1e-8b44-49e1-9479-acd8ff061618	781
6990db23-f1aa-4dbb-9d2d-22cda7c82f3e	996
699d572c-eacf-41a6-a1c1-5d6eb509d6d1	778
699f520e-a678-4d97-855e-91e055fb8a65	783
699fdcc3-985b-4e58-9916-a820ae315f8c	787
69a70dc3-bab2-40ff-9577-f91e6c8b28e8	999
69ad21e5-6f28-4b89-95bb-afe687bfc141	986
69ad5910-688f-4435-836e-f53a71edbd79	887
69b22f84-7a30-4984-993f-ef81017e3fe7	891
69b3f1f1-654e-4059-9a30-12850b8be92a	785
69d14faa-0729-4134-bf4e-87d6b40ab424	767
69d641ab-a7dc-493b-92ee-9b6b76d380d3	986
69dbcd16-4d34-4199-a567-c8f094119988	993
69e9933a-34a9-4631-bc2e-68398fbeb189	992
69fb63d3-c45d-4817-827e-2cfbf7979861	889
6a00c851-3589-4cbf-863e-bfdf41c8d9bf	1000
6a02c735-cb0b-483b-b701-16a0745722ce	1002
6a02e4d9-3c57-4721-a674-2bca39668137	886
6a073ae4-7e9c-4138-a75b-6e4a0e6185c5	786
6a0808e5-3041-4da7-acb2-0ddfd28feddc	1000
6a0fe81c-1706-421f-a9ab-e5dde133bb9b	993
6a271e99-f46a-4349-9e24-8c14d567aebb	888
6a2a4878-7b3c-40db-a24e-be3e575149d2	985
6a311e7a-0c74-4110-9f4b-9e25f3ad255b	781
6a34d96b-6806-4b87-bd0c-d19668035a24	986
6a3a4f2c-f171-4ce2-9e2e-fc32c90fe099	989
6a3c7113-a1f2-4739-9e32-bbb5f3614009	983
6a4710cd-3293-46f8-95d4-7a153f42c4af	783
6a576a0f-664c-47d6-96a3-3539a7440007	988
6a582bd6-840a-4935-a0e4-ecc0e2fd0e66	979
6a5de3c4-9949-46e4-8c16-748c78bfd323	991
6a6401d0-33e3-4fa8-95f1-79db3889c76b	786
6a6be264-3f51-494e-9154-6e9ae6778465	786
6a6dbb16-3c6d-4bd0-950d-b8ba60caae46	789
6a748372-e1e2-4646-b8bd-1e246842fff0	992
6a7a6cf6-bce2-48aa-a936-0525601f3449	974
6a7c76af-4be5-4b46-b74b-fc1459815cc2	787
6a82c20e-e57e-4f51-9f7e-3e4be4c70028	987
6a89029d-aa88-40e1-9aed-273dea9b2739	892
6a93e354-aec1-4508-be37-81f29fe59f74	783
6a986125-e201-414d-8b0a-0b59070b616f	995
6a9b3d91-50e9-4d5f-af7c-f081b5caa608	787
6a9ee233-f98e-442e-8be9-027161dd450b	986
6a9f1e6f-7b20-4513-acfd-8d22a760a8a7	994
6aa5db9f-2a54-4683-9895-317ce1325382	784
6aaa7d6f-f5ae-4316-84a6-52463e378832	998
6aac0b0b-1206-4232-b9a0-6ba223ab5840	781
6aac16b5-6b47-47cd-8bce-d1ef90b5b96b	783
6ab2d02f-cd06-4334-9ef2-f2e20306883f	974
6ab9b1c0-8419-4a01-8263-b0c29dcd5997	987
6ac0af6f-2e2e-4f6b-942c-d9ca0ae76d9c	986
6ac2cf1a-e147-4b5b-aeda-641c8c35e9ef	995
6ac5ece1-4b1a-4523-bd16-a3b589572613	785
6ac71d3b-f4a2-4de1-b91a-5b0b77355557	986
6ada2738-1003-4f2a-b0bf-32a4b1e4c754	782
6addffcb-30c6-47b6-9535-df89f87a04dd	787
6ae89cc4-3053-4279-a0d9-b445796e2e24	992
6af1f922-b2fa-40d0-9050-ccd800b72e7e	890
6af221dd-d921-47e6-9374-3afb787dae4c	887
6b02cd68-8b1b-4ed2-ad8a-201a58c3f4f3	988
6b0eb7eb-0029-4efb-8e70-d5d09560299d	968
6b1031ae-534d-430d-be94-1aeee94657ed	774
6b1511cb-10c1-4132-bf7d-2c39ff297128	984
6b17d523-f97a-48bd-9aac-cf4bc43ab627	989
6b1bbf6f-2736-4846-833f-cb9e3a2bc7a1	996
6b1cfb79-8806-4f47-acd1-c99ed08b60bf	785
6b1da445-143b-431f-a4eb-a102a1b5e48a	781
6b4ab9df-97a4-4a22-966a-12e27803f355	885
6b55e09d-0afe-4e01-9c70-8fd9e1a8522f	996
6b5e2bdb-fb9b-422e-975b-b88d78820378	981
6b5e97ae-db24-47f0-b1d9-e794ab77b0cf	780
6b5ff266-3e8f-47fe-8753-8d11ede0cfc6	784
6b66404f-67e7-4a1e-9d3c-903d8b38f7eb	1002
6b68cffa-9589-4632-907c-630d12ee1c22	782
6b6dca70-e409-4b78-8257-87f49b913cf4	787
6b799638-db89-42d2-b1e8-7104e53d21e3	782
6b8a5800-5cd7-4c0b-8597-cf763bf9b737	776
6b8a9cc7-d060-419d-83cd-3177d88f5387	783
6b8c29dd-d611-4db6-8b3e-ac82ee25e343	989
6ba72bfe-d381-4de9-99e1-64de75824b9f	787
6baf13ab-736d-424f-8ec2-2f02f35dc003	788
6bbfdef0-fa4a-4f1c-9d1c-7070c50da238	809
6bc12ebd-0330-4320-9882-6db57183b90c	794
6bc28d86-1b99-4f1f-b081-994109e5a3bc	998
6bc85b49-097c-4b60-a365-bdf681f319df	786
6bcf8d5b-b13a-4764-9bdb-01c501a355b5	785
6bcfd786-b6fc-427b-a140-af7fc90cf4b2	980
6bd8e59d-9a22-4003-bd5d-5f4d4dbc6262	970
6bd91c14-eab4-4500-a708-a976b39b2c02	1574
6bda7499-556b-409c-ac40-e47efdf30828	783
6bdb206e-d50b-48d0-b76b-bb7f89f0369c	816
6bdeb206-c1ae-44e7-bf01-a736a4227fad	977
6be4054f-938f-4a27-8461-3198ac85e009	984
6bebcb3b-a917-4f52-8341-89c8e1bf4e13	786
6bf7829d-c1c3-436e-bb24-7d02dcbe505d	1004
6bf9c605-b117-4e84-828b-00b8db27800e	992
6bfc8bfe-d128-4d08-a6f7-a8da344585c1	774
6c08bf99-4816-408f-a0c0-17391e96bc5f	890
6c163f29-023d-44d9-aa30-6855ea06ad0a	785
6c1dfe96-656c-4eba-ba59-6addb524ae06	788
6c28f241-2ad5-4ea8-8424-f1feb12cb508	982
6c2944c7-ddd1-45b0-9f1d-f4c2c813e96b	783
6c2c6bb1-098d-4723-87b4-02c4ebae2ee3	886
6c2ee535-50a7-49a5-8bbb-2f57e5235404	994
6c328e38-4251-4510-ba2f-780605e4288a	781
6c39b648-778a-460a-90e4-f9e341b2b301	785
6c47aae9-ddb7-40fa-9108-613d9a7edc47	823
6c489b98-ce7a-45c0-a208-b55db4580d05	978
6c4b9ab9-0101-4498-8067-e6ae503c05a0	781
6c57ec84-36f9-4111-a787-abab99ac717f	786
6c5e0dad-3632-472a-9952-1edabdfa7587	785
6c67773c-e390-4447-b9f5-587bba9a0793	764
6c6d9974-7593-44dc-a96f-2c169030d189	1006
6c71ed11-80c6-49e9-8554-0e2ce90b4bac	993
6c748ac6-b7c7-4fca-af3b-50127eb2e45b	1000
6c815bf4-d715-4cf8-bcc3-3e8e18725c54	992
6c89f5d5-fd52-4ca0-a8a7-1b4996f2592d	783
6c8c2bd7-3498-41b8-9370-c64939990b3e	781
6c8edc34-18f4-47f1-a280-9b267e41394f	780
6c900da3-3f8a-424c-b7f3-51bd6ac88d9c	787
6c987408-822b-4324-8f71-0cbac76f1e54	990
6c9ad4d2-a148-4f95-bb74-b594a7b066ef	993
6c9b1324-bb8d-43c2-897c-5e2f0589191e	1175
6c9e1a19-48e7-45f1-800f-8e603eb94a8b	990
6ca75bdf-3c8b-4e09-b28c-ddfacd456786	788
6ca7eb60-826c-49f9-9d72-a7f923ac258f	781
6ca95875-bfae-44ac-a3d3-56a190fa3244	2011
6cab6fd2-ede6-47a1-82f9-6fbf7e96f93c	974
6cc5e027-d7f8-487f-9901-4411f199a29d	784
6cc69467-422f-454f-9dc5-173e55c486e7	786
6cc69c09-a577-4a59-9e19-656b0ad62bce	784
6cd14764-2ae5-4300-86a2-a8630df8d90a	985
6cd379c0-fc19-4d01-86f1-f17f4d7f69b5	786
6cd974a7-ce14-4967-9a8e-f6b969ad0361	781
6cdbe343-5053-4786-a917-0d693afb0d66	995
6ce288f3-47ec-4e9a-bb78-556ff62474ba	786
6ce4b9f8-3bbe-43aa-a958-6f2e8b593cf5	887
6ce784b9-30e6-47fc-bc06-a9d4d1a9c8ad	777
6cea61b7-b401-43bd-8408-c41bbc87c480	790
6cf2bb2c-bd52-48f4-b127-46bc862eea93	992
6d07e195-4661-44c1-b6f7-cc965e3cfe48	972
6d11ab62-d2d2-4728-a288-fce302106c1c	985
6d2061ac-976c-406f-a0c9-0d222a718413	887
6d20e5ac-499b-4ce5-bc46-16e9b409b87d	987
6d26285c-0c45-42f6-b6d4-e823b007f339	994
6d280441-7e1d-44ae-ae33-7d270b4ff39f	780
6d2ebcf7-6947-4f71-aa62-1ccd4ccae869	782
6d304d4b-7c88-4476-9877-7edfde9e99e1	989
6d304e0b-ad64-4425-b77a-bf58acd37e52	1007
6d3552aa-6259-4068-97f6-b5fad7757cb8	786
6d390679-72a1-4dd1-83df-4faabe563c0b	986
6d5a6f86-d5fe-4a3b-848b-aceeb8b91d0d	992
6d5aa578-ebb7-4798-897b-a94d18074d53	788
6d5c6f30-727f-441d-9c42-4aa67cb246ea	781
6d5f8e80-f889-408b-bd58-037ad307c87a	786
6d7181b5-4729-4904-80e9-a383de649f30	789
6d80127f-83cc-4ff3-b10a-71c475c6b79d	784
6d80f08a-5ead-41ae-a934-ab38722cef56	1001
6d8403a2-384c-42d3-bcbd-c311e03bcb22	790
6d8a1268-3066-4fe1-8da9-703ad322047a	784
6d8f18ac-b828-4712-9bb0-c7fc7fc079f0	790
6d8f957a-91d5-4b7c-a387-b63c8388f8f1	779
6d9080c5-814b-46b0-bbe6-d17b1bf77427	788
6d9170e7-8c1c-4ec8-91dc-70a05647e210	776
6d95f1d8-1e11-480b-9989-498bf8114402	887
6d9e57d3-7063-4f20-ac6d-c19ee3567746	783
6da7e743-be77-480b-b8b4-3adf745a1088	997
6dad8583-89e6-4542-a6e8-6e0b7b254c57	976
6daeec38-da86-410f-beca-a82fe36a8b87	789
6daf4fcd-f148-4def-bb55-e939a1b355f3	990
6db92166-1f3c-4040-a354-63104e20cfb7	779
6dc1d964-7c48-4dc7-a836-48a3f811e468	981
6dc1e1b5-dae2-46e7-b34e-4fc582fc4775	984
6dc491e5-29cc-4f33-9933-34825a2ae348	991
6dcc56e7-c806-4b92-8755-72a7dab8d206	995
6dd6aec0-45be-4f5a-a910-784d52bfcd00	785
6dd9b373-0130-46be-8f70-fd2ec986eb90	905
6ddb0a92-579e-49c5-8791-758ebce86e2e	903
6de6b935-e5a4-4a30-bd14-e5bb0ae1e804	978
6de9b545-d68c-4a18-ac9c-273745b587ef	980
6dede5ca-7522-4240-a2ee-fe5e263e813e	889
6df1739a-c406-4cb9-bfbf-db306c6b5caa	784
6df4aec7-5740-4c7c-80dd-943428d0b5cb	783
6e0ece82-901d-4243-8881-1ebc02fba976	980
6e0ed62a-0cf5-4334-973d-10145cbdf2bd	987
6e180bd0-8693-4ac0-a547-1539d6d9f9e5	998
6e184678-9077-49e7-adde-3c8bb1080bac	785
6e24c991-3206-4207-8d86-7537ad690aed	1001
6e267704-a775-451c-8def-563c24ccd6fd	987
6e2b8e9c-70e1-4307-9638-1d27f35bc9e5	784
6e37fd3a-79a5-49e3-b74c-100892fd7557	987
6e3ad7e9-465e-4ede-bd57-5438225815b7	785
6e3e18e2-cb52-4978-8878-8f35f1e04f11	1000
6e43449c-2976-4754-b953-d47e0e7967d8	786
6e43f105-6ae7-4b9d-b5af-9f0067ded017	996
6e4a2491-1ee2-4935-9972-b508af83a735	784
6e5143b2-1d5c-44c5-91a4-739d566a2520	784
6e56d5a0-a0ef-4bb0-b0e1-a4c5568beeb1	786
6e578ac2-2dda-49bd-944a-2d2258d658bb	987
6e592ea1-833a-4d27-86b8-3e6afd7ed466	885
6e5e0ad8-c6be-4178-82f5-dd1909f8ff6e	786
6e5f3bb8-7920-45ae-bcb4-ed282c782e25	984
6e606ae3-7499-41e1-9dec-a72f6d24bb5d	788
6e62c53d-6f82-4879-bd2d-3fb4d3d698b8	779
6e635751-b937-49a7-9d7c-35c759668745	786
6e6a2b02-868e-4652-b9d4-f8347e8c3f3d	784
6e6b2c25-1f86-48c4-a64b-8af1758dd7e2	989
6e6c60a7-4e9a-4a8a-a666-303a2fc5ccb5	784
6e6c6f43-e492-4c37-8018-3dd6b3645e65	785
6e6e0ed0-af33-4395-9416-7a6283ce65df	790
6e6e7e6f-9235-48d1-a56e-80911f7e2ce0	984
6e85a58c-badc-44fa-a24e-cf10910fa85b	782
6e8843f4-7648-4808-9556-a0636825d184	986
6e97b780-695b-46a5-a496-cbb13b79f0f1	891
6e997b03-b2f8-458d-b8a3-56b79e3d87f2	990
6eba51af-073a-4e15-9132-dfe9d02fb6b3	985
6ebbb522-9ae7-4ddc-81db-1d898483bd21	783
6ebe2735-723d-4633-99b8-0216f59c6c39	973
6ec2a523-3c5f-43dd-8032-3ee148590fd4	770
6ec6089e-7577-4768-8fda-365690949bb8	784
6edcfda1-24c4-4529-9bd8-bb9c99194b84	785
6ee3cfee-462c-482c-92e9-69ee7c8f7ebf	783
6ee7de91-2c2f-48f0-b18f-0f205df2c5f8	784
6ee9c401-45e2-4e97-9f8d-2ba066662020	785
6eea12ca-46b4-435d-b660-6ff4e1f35b75	884
6eeb5bab-3c54-42cd-90b5-84743d8e15a3	985
6eed75fe-6ed3-46a0-8fd9-7b7ea11a56c5	991
6efb4ca4-5d36-4c4e-b65e-c8c2df250e83	788
6effd347-0260-4da3-89f7-b73e18b63ac1	885
6f031de5-90f0-4835-a6ad-7ee6f9f4f355	784
6f034b75-8dab-4872-a6f8-5d642bd014a5	990
6f071599-d195-4f2c-98e6-f5959af9ea67	975
6f08b580-bc84-4f70-b3c7-5c542633e6cf	784
6f21c513-733c-4272-ada1-64b3718d50ce	782
6f22eed9-d622-409b-8aac-a2ea994129f7	886
6f30e692-57e0-498a-8488-4b826f037478	991
6f315092-5a2a-4093-a054-99418c35fe28	788
6f3245d2-9d71-4385-9c1c-99a84fefe5e3	787
6f395864-f3db-409e-92e2-1bc01f814167	783
6f3c5403-4dc9-488d-91c2-3cc9ca1ab2ff	993
6f3ec0d5-4a2a-4d25-a346-130bc5607802	787
6f40c560-f13c-4b32-a8b8-0197a8d9c689	787
6f53bf8c-adaa-457f-80f5-d72eef0aa41b	984
6f53e2d5-be47-490d-8a1d-9ee7c1f18a9c	787
6f561540-784e-4ee4-a6e9-d8fd0e9da9cb	998
6f589f11-92f6-4c49-82cd-fc1cda94fe39	889
6f5b7620-1efc-4aea-a711-203f1b551059	786
6f65bbd2-0ddf-4fee-800f-12ae63ecb206	780
6f65f988-dac2-4956-b7a6-044f8c00dfb4	788
6f6a8f73-d61c-4c9b-8ee3-c826ab41a5f0	985
6f70ec97-dc65-467f-a469-805a9cd04fd0	990
6f720925-afdd-4908-8617-1d351698fd34	990
6f7228c3-21a0-4d98-bdf2-cfd3f636ca75	970
6f73d4b7-b8c9-40b0-a3c4-5356be997049	789
6f76dbed-c0b9-4fa5-9667-50efb485f59b	890
6f77be19-98aa-4b44-b8b4-6895117d27d7	783
6f7cff1c-0775-4787-9921-840329a67de5	782
6f826e5b-a28d-4df5-a1be-4ca04cb80ed6	989
6f8332c4-96d6-4842-a287-0d0452b0e4c7	974
6f83aa7a-997d-456f-be2f-9967e661be22	785
6f886b31-e09e-4558-b68c-f6dc2abd6589	784
6f8cae94-f077-483c-8dce-c4aecc02aa53	981
6f8d80c6-e07a-4498-b440-f320b2ea2ccb	785
6f983b63-9090-4524-8269-ef8605f316c8	987
6f9b66eb-a90e-47f5-b95d-f662c4ee75af	788
6fa4c8c3-84a5-4fea-945d-589dfd3be193	984
6fb43ede-c0e9-468b-a43b-dccec1486ac1	780
6fb8c7b3-c126-4349-9e20-b86850ffc7b5	984
6fc43acf-cd7a-4f34-a703-6e0b799f3a6b	995
6fd4cfc4-2a87-4bd4-940a-43923ecf0a0c	783
6fd91cd5-ad0c-4e85-b5de-4dbb9f5f8e7c	881
6fda6ec1-f39b-4196-a5dc-7a9f5cad7218	887
6fdc7510-10c7-469e-8fb8-2f146446f29a	890
6fe25774-0467-4120-a7df-87a2b95033a7	979
6fe84133-510b-47db-8820-d074ee3e60df	785
6fec38c3-ae96-4e37-83aa-d99066a2ae44	972
6fef4520-f45b-44ed-a3be-c1faa6161a2f	900
6ff2bf2f-8bb9-44fe-a70a-73270988fd0a	891
6ff9f32c-0d69-474b-a808-2ee0908e6bb7	785
6ffa607d-eb68-4b3d-bb29-598389bb4f6b	992
6ffc9bdd-99cd-4da5-aba4-8cc2261844e1	818
7005982d-f286-4f26-abe9-d981b887a226	983
7005c577-3780-45dd-8880-db7b0d83fe36	774
700f106f-5f4c-4c35-bd3d-d6c975aebd4a	987
70102926-5991-43c0-a3f4-c60c30ca6eea	884
701286f6-0f50-47b8-96e5-464c26543588	790
70152da7-663d-4d82-a089-fdee3accf856	991
701923fe-834f-4de8-b79a-9684d18bfee2	974
701c9939-56ba-427b-9cea-0d9736f925bf	985
701f380b-bedc-4c92-8e04-5f6520b24b46	783
70293789-8cff-401b-bcc7-c94976cf4c60	975
702dfcca-bd19-4e9e-a9b8-e0947dc537ce	786
702ebc45-b077-4045-90ab-f87f937c3283	808
70374808-33d8-4387-9aea-7cd56eb4cb87	983
70377dc5-336e-4e76-b06f-4184cd95dadb	782
704552b0-8fcd-40a4-b74f-8cc4cb282482	787
704c855e-57fb-44a3-ad69-2388907d4165	1000
704d4d98-ed4c-4c1b-8b42-c52a2d5ac42d	834
705085de-1d40-475e-9f9e-63d45e5ba6c8	776
70527137-30a8-4c8a-b29a-6d5aecde5c8a	780
70589d66-3d59-47da-b1f0-b70d45bab23f	986
70601639-54b9-478d-9e4b-d345e5546b12	814
70670356-645d-41e2-ab74-3c0552531836	1001
706bdfcd-8341-4a4d-ba74-bb3c02237853	786
706bf990-40e5-4dd7-9f23-5557ec8d1885	986
706cbc21-7ea5-4fcf-a46e-faed9b8caec8	782
706db909-fe60-438f-a9f2-b3f66f785448	981
706eb449-b783-47df-97db-5b85e6612667	983
70769cfb-d17f-41b9-b8b3-e264fe92f147	784
7077b2ea-3b8d-49c4-98f7-a97335851edc	970
708009a6-c434-4c72-8491-ade34c5b10d5	985
70820f17-03bf-4391-b849-5ab65ac4b6cd	976
70910202-7ba6-4412-a82c-cb15420ed465	783
709ce813-fbef-4060-a5cf-e4e4bbb2dea7	782
709d52e7-08a3-499e-aea3-f19f8d5eeabe	886
709db687-d41f-495e-9865-3966b2acb1dc	784
70a13289-9965-4cf9-9af7-17bf81d1da66	987
70a138d5-33a3-48d6-a7c9-48fd7ab49727	783
70b889ea-5577-491f-8f41-57b34e338cf3	801
70bc4a12-9acc-49fd-88f2-ae1dee668c5c	978
70c80bff-98da-4443-9563-f388ec4da2aa	991
70ccc8d5-cfe1-4ac3-8d6b-bda8a4de05b1	981
70db6594-7e23-4544-9b2a-7ddc09268c95	783
70e2895a-5c1c-47e4-83ef-241f82c7a503	1004
70e5434e-93d8-43ef-b2e3-3a1066397786	773
70ee6e68-5735-4739-95f4-2729049deec7	881
70f40585-48c2-457d-adf4-441a5d8dec92	989
70f632bd-1c1d-45f7-b628-e97a084eec7b	988
70fa7de2-6ad2-494c-9ed2-b789f4d4465c	783
71039bf9-d7a6-4858-82d1-fa9ea4668967	915
71047a06-ef6a-4bd8-ad06-c2e2086d7228	983
71053be4-5b88-41f5-aea7-858c8f2b1b96	990
71060cfb-b193-48c5-a922-ce8c9ec331e0	984
71077afc-cd15-4113-b049-0042f0a9ab85	784
710a6830-6e31-4848-9c8f-11e5ce08dda5	790
7113b4cc-3af9-4625-bacc-f7e97f4c3e12	1001
71149e70-c299-4d7e-8c7a-b2df9bd415dc	788
7120ec5c-b282-4e9e-a2f4-112c8942640b	976
71286a99-de0f-4e99-aaee-00fffe3e9dee	895
712ba3e1-67a9-4ee7-9999-a5945d0cca2d	869
713002ce-248e-4a5c-a789-a3c974924c0e	988
713ba476-0c9b-4681-9aca-b8d32b3f825d	783
71587a50-ebd4-4ead-b2e5-97198ee44ae0	994
7160580d-47b3-4f18-be19-0588b161026c	991
7162371d-c7ae-44a4-968d-34e079146978	986
716328ca-c64b-421a-ad88-e8eb5860c8ea	782
7166f25a-4065-452f-88c7-966155114113	1002
71672c92-cc58-44b7-9b73-2a6ab54a30ce	790
716b168f-b9d9-4fc5-b4c7-eefb6b1a03d9	833
717be019-05ff-461b-97ab-81c635dea292	1010
717f01d0-0abd-44db-b584-3d68f3b95c54	786
7189fe2f-c0d8-443d-9524-1f6364c49b1e	980
719077cc-c3c7-49bc-aebe-17cac22f1ce9	785
71a3e943-b13a-4a49-8506-5b5cfc745a3a	790
71acd760-a7cd-4b4d-8ed6-43b114b74a67	985
71b690f6-ec8c-44c3-9bd6-b5d7a9efe78c	784
71b9725e-536b-4fcd-ad70-ee91d8276b25	996
71c1507c-a5ec-4002-a7e0-fd2862dd30f2	990
71c1f716-02bd-40fa-b2a8-afc1d171b69b	778
71c52e61-0b74-4c6f-880e-073bb504d05b	1004
71cd270f-9c17-40ad-bd96-e38d112816ae	788
71cd5691-3c78-4e2a-b54f-264a472a7f73	780
71d8564a-50ab-43de-95e9-413df5dba5f0	974
71dd3f34-53e5-493a-b67c-971e33fa69fd	783
71de13ff-5ed1-46d4-8927-be9f75e9a09c	988
71debac3-b3b6-4f96-87ec-41ef709f4823	786
71e27a9c-065c-443b-952f-4fc9836d3178	991
71e3786d-1f51-4b5f-89ad-1146809b672c	785
71eb0e33-f2c1-433c-9f87-402ac141ba7d	979
71eba2c3-ba4f-453c-998c-5a098febfc5b	780
71edcdd1-3f47-432f-9bdf-1c63443b96be	991
71fd2aea-f80a-4081-b674-a4e706220a1c	971
71fddd08-aa4e-4bc7-ac10-e905e53aac73	786
7200dd9d-1ecd-4d5d-b729-a7cefc4a83dd	783
7201b010-4cb2-4bbf-bc7e-0b67e2a0bf2e	784
7206abaa-524c-4a2b-8776-423d4a110234	891
7206cd40-572d-463b-bf05-0f8963ba7563	817
720fafad-9169-4e61-bde0-307e96193cdc	785
7219c562-c384-4de4-8cda-a3f8a48666fc	785
721ab429-d7f6-43de-a685-b7afa1a7f9ef	786
721be392-e75b-40f2-b27b-ca1109005e28	785
721c53b1-1322-48f4-b7e8-9495e130a1fc	986
721c7379-6f86-4240-8e6a-60989a2c1edf	985
722714d6-5680-4891-89dc-e72ba4b3a8b3	984
7234dc08-d2d9-42ea-a154-46ef93c3acbc	990
72368c01-35ff-4508-b6a4-2156c9cc05d5	785
723c9779-d862-428a-bf98-0a81f511d81f	936
723f03f0-93ed-44e8-8c84-170e8e1a7a09	986
7255e61e-a2c2-4b1b-9aae-53714c338093	994
72565e98-f6e1-4591-a811-6b918ac44234	990
725ad26d-d418-43a0-be1c-e80f9705a6f2	988
725dd334-fab5-4688-a003-8e1e5d6a3acf	993
725e32b4-e235-4edb-bf3f-cbad46a831c8	1006
7267b54f-fedd-41ec-b8e8-320e804c8dcd	992
726bbee3-6167-4a52-b6ee-be78ffdab56a	1001
727191e9-a809-4b62-81de-e452d7afadae	890
727383b9-d6ad-44df-a634-18f358c0e095	782
7274b201-aa3d-4364-bc87-10c6deee9639	782
7288eb53-cc09-46e0-bb7b-2eb1c09ceb62	770
728ea711-146a-43e1-9649-3026a654fd0c	788
729cc53c-4b36-4e30-aa8f-22d617316709	963
729f96a9-57f1-479d-a1e5-6e262983654a	996
72aad98d-63c7-4bde-95be-22666ac3cbd0	986
72bf0dbe-a00d-468c-b53e-1e08651b00a1	1006
72c35362-c959-4bad-ac1b-f7f783ec4f84	784
72c51aae-2041-4e63-91b9-b7515609a8b0	909
72c8b406-857f-4472-a4e6-9dfb60c6c9b3	784
72d6fd15-a2e3-4d49-9ed8-052c9f2fb19c	783
72dab75d-2f0b-4ca6-9a9c-8da13ecf1527	987
72db8410-1907-41f5-b16a-0be9e4e73cdb	1001
72e967cc-9973-4164-9408-d833e4049809	781
72ef9936-3c9e-4b43-bd57-ba8a40d9ac04	786
72f15240-585c-474f-b0ad-a206f844ff47	781
72f71940-2ecc-4b4d-8da6-3fc74d66b0bf	785
730126a6-d847-49f8-80a8-69d68458962b	994
7302b89e-84ea-49de-b5c8-8ec42084c13e	975
73038de8-f162-4e8a-b765-6e1526867c96	981
730bd066-8f11-493f-b32a-600a753c9149	986
730e8723-f8ea-4395-be75-69d280405eab	1003
7316e503-6977-45fb-bdcc-ca77578a2a2b	777
731cc066-613b-47d4-9c02-93099f1de334	786
73263c07-2177-4492-9d9c-e12ddace6a31	991
7327648b-51bc-4d74-9f46-489b9521a3d7	785
732bf43b-de85-4eb9-8c3b-dd814ee8abc7	785
732f51ed-a36a-4b80-92e3-2def20ad9d85	993
7340ee4a-2eb7-4427-b5db-638872f7ef03	786
734578f3-1bd7-4c11-93fa-2ac22ca255ae	782
7346f0b8-50e5-49b5-bfd3-24bac66c63c4	993
735056c7-5645-4ecd-a496-f99732dc6dcd	876
737435da-8d47-4dbe-899c-853d75ce0b5b	785
7375ea6f-a940-41b8-83cc-efc28668587e	978
738eb2af-9c2f-48ff-9302-70afdfd7241e	991
739ded7d-2017-4758-a285-7f775e3a39c2	783
739df8f2-e8af-4b93-aecd-c364d8412d20	780
73b54b58-f95a-4370-b48b-3665dd4b2578	780
73b6ac43-12f3-498a-8718-cc40cf73fa69	784
73b74de5-55ed-49c7-ab15-cc119694a864	788
73b83bfe-dace-4fef-96f5-2f0499b91229	981
73cd2119-1e92-4bc5-af19-cdcdb99e7008	985
73d10200-6d80-452e-99ad-2a8c6125d454	967
73d15844-a2dd-4124-ad1a-10dce689669d	974
73d4d17f-0d0d-426f-a804-283f8f54a6db	1001
73df2d1d-0f7d-40b1-83cb-d6a8579abacb	850
73e2d301-4070-4a82-941b-631b81307256	785
73e3db55-b673-4855-a6f4-ff1d553b829f	982
73f3be69-3420-42b2-a56b-e6a602759db6	988
73fa0807-23d7-4ba9-8d4f-dc151dc2f530	888
740a23e8-230d-4460-b8d4-c3d1d06d028e	786
740eb050-5ae4-4088-9219-f0a63a293e62	987
7415e1f0-1dcd-4dae-a62d-c53fc56544cc	987
7423e320-8dc9-4188-9fc4-ed9143b2f4f3	808
742a7f84-9e23-49f1-96ed-d69c7a2f27fe	771
742d1fbe-65a3-4870-90e4-69602ced2df1	913
7430aad0-f610-4803-bddb-72d5012e9710	887
7431d82e-f3a8-4119-87db-a8cad7f28fdf	980
744d7407-ccb3-438c-8ec4-d336ccedc64f	985
744e8c88-45c6-4383-bf71-dc379bd1514e	778
74521a6d-952c-4b8f-882d-7e46d0ae5a82	780
745409e0-b65d-44c1-ad97-4c97b886f905	980
745bd7ef-1049-4a10-b037-445d239434a1	786
746463d6-4704-451a-9757-e9473964d8eb	879
7465010a-a915-4193-b265-41be34dd9668	784
74722fef-f336-4fcb-a35d-fd38ad2b532c	787
7473d438-e046-47f6-a0f9-6d132b8a1a81	1001
747d11fa-5a98-4aeb-a502-1d1fdf15f1c5	788
7481cea6-b1ae-4d4d-ae42-2eccb0d7be6b	974
74848b6b-7b88-407f-b41c-eb324fc2671d	788
7486a1d7-5887-402b-9f25-571ae76eb24a	995
7494bd59-6dd2-41d4-ae19-bccccf8cf079	786
74965c4b-cf2f-44a9-aec2-816008002fe2	984
749ca472-b8f2-48c8-a0aa-346d3ab36097	780
74a3087f-28a6-44a1-b6f6-f875a634023f	989
74a71c59-8fc3-40a6-bf56-a54295c2319b	786
74aa306f-3321-4608-a3c2-83d2953e429e	909
74ada151-a742-4e88-a9ad-a4a3ea8b1721	893
74af613b-3c38-4459-8b51-d665d1f48a55	996
74b839ed-b10e-4e47-9e0d-fbd249099ac5	921
74c8a4ce-9497-4c68-b4eb-0838aa538d70	780
74cbfbd3-4673-4d04-8b50-c3e5bd13b446	773
74d326a6-b5de-47c2-89a7-b3b7031e6396	892
74d9a009-1ad5-45d3-ab32-921b14447497	784
74dd26ff-0d90-4872-af02-b6ff7581d738	638
74e1f929-e565-49be-aa65-b64f9a520667	979
74ec819e-cded-485f-8ce2-b3af52fdcade	530
74f464f4-f174-4a94-931b-74572f147769	783
74f76ac3-f7e8-46d1-8a58-22c009a58139	824
7502a5cb-1f87-4eae-85fc-9b6c5d362914	777
7504eb5e-6f7b-4b24-975f-4bfdfd7262c8	788
7507da28-dfa2-45a5-aed3-6830463c8393	776
751297b3-3a61-4b60-9b37-071ae1b57d24	783
7512e6e3-feeb-47eb-b027-3d9a125d4121	991
75203cfb-ab83-42a3-b3bb-2611e7730456	981
75207cad-4bbd-49ac-8724-9ce146622eef	982
752109e5-f01e-48af-bcca-77a06904fc95	790
752856ff-7c7a-413b-8579-c129292cb332	786
7535bd90-4870-486c-8a4f-ae2b9c509679	788
753faf50-89ce-483b-9557-e4b59b0592e2	969
75447a4b-4489-4d09-a398-359e42433095	783
75574d2c-d72b-446b-a57a-4ddcfd756a8d	991
75620eb8-f72f-4ff8-8f88-8e446399aefe	1008
7569c2b1-5652-41ab-b1d5-bc0e70644a46	990
756b0126-3a95-4b3a-82f4-82897ae96b56	635
757a3409-9dcc-42d0-8a0a-e6e11fbe1361	983
758af919-1e10-4880-8790-6564b51912fc	775
759342f4-c344-4933-b211-4a989a344a78	786
759e6188-82d0-48ed-ac35-cef4a2ebfec4	790
75ba5fc1-84f5-4752-8529-5bb63c0f68b1	987
75bb4b16-e0a1-4134-b24b-2cae9acd45ba	976
75bf6680-2432-41ca-9f79-b77add901594	986
75c41c10-07e4-427a-af92-20c58c5f21aa	888
75c7cafb-5bad-4cd7-b36a-84442f92dd63	786
75ca19c1-9655-408f-9340-511a5a09b606	795
75ceaeb1-d3f4-47b7-9183-d6d62e00b805	988
75dcdf7c-0142-4af6-89cb-436ce8eed54f	1000
75de2b5c-4509-4d7e-b1a3-932579dbe745	887
75df95e9-70f5-4177-bd17-7e6bf9d4575b	1002
75e6afd0-c178-490c-b42d-ddb6073f6b58	786
75e9d9b7-31d3-4a33-9776-6eb836f66565	972
75f47ab5-be36-4d00-be34-c12ce6cf1962	999
75f90fc0-9ac5-4bfd-a794-875479b73ab5	786
75fdea74-74c7-400b-841c-7eb498b803c4	785
75ff875a-f380-4cab-be65-ec7ece92227d	883
76002a86-729a-4fb6-b450-97aa256dff1d	792
760f703a-c6a2-4bd7-8f87-d68a1d347fc3	780
7615a14e-480d-4cc1-8916-3dd3606517ab	987
76183f61-7600-4eeb-b338-8028ba3c48bd	975
761db871-769c-4d87-b9ae-886911aee04d	995
7626b024-91a9-4c5e-8247-4cad2d4006cf	785
76297a3c-bea2-49d9-ad7a-44422b44940e	886
762e2a58-decb-4a62-ba67-7cf756098cde	784
762edbbe-677d-4f97-805b-b11c56fcea1d	990
762f5888-d791-454d-b1ee-33a2248f9407	1005
764ccea5-cac0-4507-a200-4d9c85fc90ba	983
76500e51-e17d-4d2b-9aee-01c5c5e5260b	788
765112fd-f8ba-4da5-aa30-cf27a257460c	786
765377a6-13eb-4380-aa07-2dd948a9f398	784
7655b13f-bbfb-40de-b8a7-943236f13151	789
765ff2a7-c4ce-46d3-b2fc-c10fdd9b7b58	789
76607a72-83c4-4276-88c6-d7b43a8c9cca	780
76637c01-18ef-4076-92b3-5664ce6406bc	786
7678be01-9748-421e-a073-0e8eb2bf58cb	990
767922dd-ea07-4cd0-a4da-55ea0a283fff	987
7680f323-10ac-4329-9aa2-79528592a5bc	968
76811c4d-3353-403f-9c39-9056ef2eafb9	984
768ddee7-7b64-4bcb-8d96-20d2652595f0	786
76a0d555-2d14-4ae8-9afa-9f215267c479	783
76a37ffc-69f6-4c4b-b13d-cf362f88f993	991
76b092df-157a-4ff7-a377-cf522019a385	781
76b2b45a-d98b-4841-969a-3599c96749db	999
76b633cd-1871-4261-9298-a23eb00af58e	882
76b954da-4a02-4ce9-9d69-fa6e2710e27c	982
76baacb5-6e4b-457e-9c0e-7c81762fa77e	887
76c5231b-e753-4eab-8990-1351a62753a6	778
76c59de3-c00d-42e4-baa2-9310272f7d26	989
76c5f721-5171-495d-8df2-3f1a74aa49ef	990
76d09112-947a-4338-a8e2-81598c22f23a	879
76d46472-c98d-423b-9fbc-e70bf457d75f	775
76dc8944-69bb-471d-8fcd-da46f754c5e5	914
76e2066c-04b9-4053-9fd1-083742801a0c	910
76eb2c90-2c71-48dd-a777-def1dc25b3cc	987
76ecb421-9977-4862-866d-aac0eb868edb	885
76ee0b13-db2f-40d8-b627-79f8ea349c7a	995
76ee392d-787b-4249-a9cb-3c27641e69a8	784
76eea639-5874-46a4-a4d3-678745792c97	996
76f969d2-a2df-4dd5-959d-63bca6b0a39f	978
770909ba-3904-4cde-8d59-ec2840ee9107	985
770a0168-9d88-4466-881e-9aae5257b928	785
770b3a2d-f983-44c5-b492-c7d7dde0a6ca	1001
7718ae41-d1fa-44e4-9e7f-6dc789821d1e	789
771e33d1-3a1a-4610-85a8-c5133e94f0ea	888
771ed589-cf4c-4715-9a86-946190acb849	989
77278060-a663-47a4-b4ff-eba20bf06e63	987
77289d5a-4045-4e18-b1ed-5bead2c844f6	994
773187ec-84f1-4e17-804b-ad70ffd51836	787
7733027a-31b6-4272-8a1e-a420c0d2b161	991
7734db4c-2b87-4ce6-b7d2-5b8d2b720090	984
773a33f3-d81a-4765-b4a5-9973f18d45d3	1781
773b4c58-e96a-4ad9-8064-dac61f9c60d4	991
773c2028-8786-458d-8d13-c5f7b3950fee	779
773cecb1-ab71-4aa1-939e-f3278b3a1121	893
77452aca-1d9f-409f-853f-49e509d0ea7c	784
774534a4-3535-4ec5-9be3-298f2425fa68	802
774984ab-92ac-48a5-930e-c84b93baaac8	982
7749af17-fbd0-4284-8416-d6ad6b81b883	1002
7751ebfd-23eb-47f1-ba98-204716e029ab	813
77529dfc-0354-420c-a8de-5d2b60d1066f	785
7752c846-ab60-4894-b83a-c5a8a127eb0f	793
77545064-4585-41e2-aad5-3de33f10f69a	784
7754a5e2-3d55-45c0-a5e5-68fde0a868e3	977
7756cf1c-c9c5-4732-a410-2b62094d06cc	884
775715dd-5304-4fca-987f-36e80b9dae86	784
775bf547-aed0-4ca0-8fd4-ebbb131e19b4	770
775f414b-2f6e-476f-aef0-93c12877c208	781
7760e045-9c44-4a57-aac9-ff3187ce277d	994
7774a362-909e-4105-9470-8a0c104ad1da	980
7774e005-4375-475b-8f56-e3f12cd53a1a	1171
777c024f-efd5-4fb3-b3d2-f4b3f0fe7fe2	996
777fa060-708d-46bc-8928-421811444bf8	786
77818db9-8644-47fd-90b1-0b04faa2f7ce	791
77827d73-2ef4-432b-8110-bc730ca81c50	785
77829859-9f38-47dd-83ca-ee1225512af7	891
77855f80-f8a7-4742-91c9-f6dfc72aa3e4	788
77a8ca64-d0cc-4ff4-a870-35558e37b8fb	990
77aefa55-7ebf-4edc-b078-bb62216930c5	923
77b0c6cd-24a2-4aa9-99fe-ed6ff229fb66	783
77b1de38-4bb6-46a6-9a83-5d767a937720	784
77b24c84-f88d-4546-b82e-f6ce421ba7b1	789
77b315cc-a10f-40e8-8fe4-5796c036c206	893
77caef58-eb9c-42f8-bf96-dbbceafa0261	997
77d02277-2681-4297-a96e-a8de287f5f50	788
77d16696-9e7d-4777-b845-50196ee9a830	985
77d51072-3877-43e8-b698-7149e16b6ea8	992
77d83432-8cbe-43bb-b7ad-8b304f178fd6	992
77d9e5ff-8c05-488b-8c38-33a82ad4a36a	893
77dde20b-114d-47f2-bb74-5075ad58eed3	788
77e9eb75-4975-426a-a29b-83b960ee2ec1	987
77f347f2-73ae-4ad2-be4f-9da2a170a193	773
77f5cba4-4a0b-4f54-b42b-0ed7b00d1ee3	780
780027f7-04cc-4c4a-977e-202aa3286835	994
7803147f-e4bb-46db-bef6-923fc8f4c104	987
780ca5a3-f8a4-44df-bf89-1126f1237178	1004
78104e43-fb70-4448-8e14-6f48464854b1	1003
78113948-ced3-4b1f-8e9b-4ddd2045a719	786
78231612-b8a5-4973-ba6a-228ea315d552	1002
782afd4d-c770-42fa-8756-f3aed715ae96	974
78327802-0100-4634-908a-16fbb06d408f	993
783b33ec-fdea-4818-9036-fcf4802f76a8	787
783d3fe1-6f7a-4f0d-9843-fc5fe9c95605	894
78450d88-c048-4b09-9632-0c5c85cf4db4	784
7858e8f3-5649-49fb-9c59-a1bb89cba893	785
78642b18-7fbd-4404-81e7-52adbd86a29e	984
78657188-7cfe-4cb4-acde-baa9d20263d0	991
7867a49d-6502-4870-bc0a-5d9d69ea38d4	871
786b365a-6fca-4980-b220-1933ba4b4cb1	787
786e2c6e-58ed-4114-8f83-0dccf6501302	980
7873911b-6466-406d-b1ab-07b09ba18e9f	784
78766f97-4fbb-4248-aa98-a7cdb6b2f137	1000
787e2308-be60-4505-b0a2-4297e1e3b15c	781
787f8251-1b50-48f4-bd32-5ab1240014de	881
78849b7f-b4af-45aa-853d-6e788231008b	989
78870559-f66e-4056-894b-516114d739d4	781
788cab0e-e93b-4ada-819c-e2bcb385a422	786
788f5f60-e50e-4bf8-ba96-46576a2ba3a4	990
7892d8bb-1354-4e26-90d8-21343ffcf5f1	780
7895b890-4d32-49f2-95d7-72bd946bf225	1002
78a0c729-ac23-4d59-bb54-88aee6c92469	982
78a465bf-6060-438a-9646-3a6070d6c5e6	778
78a6f5b4-4500-4b59-b541-d1358d9b6a1b	789
78aa1006-0d02-4de3-b99c-e826007ab5dd	990
78ad7274-b941-48a7-a346-f311ed989456	992
78aeb8e5-396a-4dd6-abeb-4467a17c2416	891
78b8686d-d3b0-467a-8d1c-169585eaf55f	985
78c58063-fd60-46cb-b380-63fa25902b9f	991
78c75d2b-1220-4870-8e52-d89510f493fa	777
78ca5c14-1dd1-482f-b0dd-2f3ef4a206f8	780
78ca6b86-4f6b-4ae6-bb9c-f97c881aefef	853
78d47aba-3a97-4ac1-811f-314659cee314	788
78d773e0-8d0b-4b1f-9102-042f52b9eefc	785
78db0ac7-36a2-4a48-b0fd-cf52789766e2	973
78de4c22-7bc6-4439-b0ed-2340d51de462	784
78df8236-1d8d-403d-aee6-d05181be6623	782
78e22c69-0924-45ed-babc-d94b91cae1a8	814
78e702e7-d92c-45ad-acab-0969ed7416ec	781
78ec7d26-b201-4d63-96eb-7de3885b4ef2	871
78ed3dab-35ba-4347-8d06-3bd2025d5649	997
78f3d8a5-6977-4330-b912-d399907e93d2	970
78f4fe68-63fd-41d4-802c-84c801680d9f	991
79012989-02bc-486c-a59e-ebebbedc71fa	998
790e3b2b-1e39-44b3-b77e-e8fafdbed5d7	775
79140e6d-2aa1-4369-9056-682ad1446bf0	991
79159ed5-b14b-4120-87db-936332f4fe80	993
79175e66-d564-4fb8-ae1a-12cbacb43c63	782
79182370-4ef7-425d-a1e5-af2e108cbab5	785
79190f95-623c-4a53-a8cd-8d9b1f63e2c1	986
79192588-73d8-46c0-a39a-eb1255d76bad	777
7919dc3b-4c67-4be3-ad23-f267012d7469	988
79222d98-c5dd-434d-ab15-f6c74e7125f0	784
7922a2f3-2737-4a87-a13e-8f17cca18906	988
79314736-cb9f-4184-8a22-f8f90d051c5a	889
79324807-adaf-46dc-bc5f-62c22ce6b963	783
794397ef-8fdd-42a2-8a50-39e59b17cc8e	982
7943a5eb-005a-44ae-865e-e060b8993d5b	991
79479206-a893-44c4-9275-aff8d6c47ca8	982
794b83f4-5212-4145-b167-016573d5e6c5	784
794ef48d-eaa4-403b-9ab5-e43fa5b52250	787
794f4089-9d31-40e2-9168-ba80aec27e72	890
7954ec77-faeb-43d8-a350-c73ea6012e8b	788
7955323e-98fd-4f17-bda6-d6789112b101	783
7962a197-1d28-4490-835b-409c6945c202	889
797663b7-e78f-4686-ab75-fa30a9e6ec86	973
797dac58-ffab-4d41-9524-6ad968da544f	786
797f940f-5731-4141-b43a-03a8757e90ff	785
7986d5a4-6c0e-4bce-a20c-31c5b44b6196	984
798abc52-49c7-405b-a064-ce4a88c62450	783
799d130a-c904-4fd9-aa09-923bf7b13d5a	976
799fe760-84fb-47a4-961b-fab094f3065f	783
79b05b04-f0bb-44ea-b8ac-8f7885ef2bea	781
79b54d5f-33cc-4d33-9e25-860479e4eb65	993
79b8ec10-36b9-4f6e-b79a-1271931c1e5c	1002
79bf96bb-c627-4f7b-b023-e34b8b61bd0c	988
79c6338d-f0da-443f-8a76-38b856f2a1db	990
79c88cdb-4845-4433-b837-4eed7b55840f	784
79c9d6bc-5e16-4f00-b1f0-26600a3ec1d8	993
79ca7341-0f6e-4838-9dde-fa22d3ae86ad	781
79d01de9-605b-4375-be3b-65f7473cc0fd	984
79d14b47-4ace-4107-8981-472ed1e84064	996
79d762bd-f1e9-414c-8fc3-d32b46e9180f	1000
79dd907d-53d7-4b82-ac4e-6e1e4beda250	989
79dd91f4-cbe4-477b-a805-5f30afee59ff	977
79e7767e-b8e8-4e00-9d1c-a76fe559de3b	888
79e980fd-5341-49b1-8685-df6ca5f4a272	818
79ec586a-dc64-4394-89c4-278f919c342d	977
79ef701e-1259-4503-80fe-e5acac4fb385	776
79f1e2e9-981f-478f-ad71-f40eb314b08e	888
79f60a4e-7b47-4e03-8bad-2208c68d4f27	794
79f67932-0504-45c0-acb2-cd1d0bf804f4	759
79f79859-1a65-41a1-8e24-0255b016eecf	781
79f8cfa8-4934-4b9d-a56d-89eb9659f29a	998
79fb5af7-ce51-4cea-afc6-471caf91b491	993
79fd469e-252b-48a0-b40f-ec88338904ae	984
7a0215e2-55f3-4db7-9cb6-1d43ba109a02	1002
7a0690c0-2ce2-4ba2-ac7e-1e95c0ed9f1f	788
7a073c24-9b41-4e60-93ce-75ac57a758a4	784
7a0dbaa9-ad5a-46c9-81ed-5c67f4968dc7	985
7a176eb0-52cd-4085-bf14-c5a4422d0ce7	771
7a1d5c0b-ad8e-4e9b-9c27-ec08c4d68eba	991
7a2017aa-a4c8-442f-bba6-242f0a43a64c	769
7a21f684-df06-4597-8408-fa48e563f8e9	990
7a22390e-7b75-4f82-8fd7-062a5cfed61d	785
7a2c632c-6614-4acb-9af5-25511c1bd022	982
7a305955-d642-40c4-9d12-63438de2fb58	785
7a31fa1d-7485-46a3-bac2-6335a1d168bc	1000
7a3550e0-b79f-412d-bfff-3f296ecd5eac	787
7a355622-2779-4a6e-820f-29a58a19e834	985
7a392783-abcf-438f-8e09-4bcfbdd79b3b	786
7a3b21dc-1983-4ccf-b943-c451cbaeea50	980
7a451d42-edb9-448d-8f89-84d59e82bf80	995
7a477323-6039-4dbe-95c0-748da45bf6a4	791
7a51030e-2697-452e-b0fb-11ddf8f1f6b5	990
7a58f4f3-64d3-432e-9f15-e3a21d0b8e6b	997
7a6027e8-06c5-461f-9574-3c1c260a9b12	1002
7a643394-c764-4965-a69f-6b2900665eec	893
7a6d9a07-1cc9-4629-bd16-91573c9e651c	767
7a74c84b-6985-4f4a-8114-e613278e4a4d	785
7a81b860-f8c8-4a24-a875-9f20d52d079b	885
7a84682d-d168-44b7-b782-c889688fba76	890
7a895036-bd52-41b4-a072-d63d61e15e0f	994
7a90ede7-8e3e-4436-980d-aaac7cff4258	787
7a9a5db6-45a7-4331-a06e-ecbf62535c57	997
7a9fbb02-3b21-44e7-8727-c80ab4227469	776
7ab80b2a-acc5-47f8-b6a4-56e35d542c72	982
7abaeee8-379d-4fff-8d6f-685c0c721a80	891
7ac693e2-47b6-454e-ba4f-8723a74d63e6	993
7acf0986-7614-4d12-ae28-1bd456063fa6	983
7adca41c-9ece-43d8-89ee-40cc0d37bfc4	817
7adf86e6-6d57-47c7-af2e-30fe1f5e04d0	787
7ae36ebd-20d8-4746-832e-c3f310d854a6	782
7ae4650c-99ee-4d0a-907b-aa62c8164599	786
7aebef90-7d4a-4474-a06e-5edcf48aa4c4	785
7af1554f-f373-4744-802a-534498858756	778
7af21f5f-502b-4d2e-8516-747a1bf81707	997
7b034eed-c8ea-41c9-9892-2b47443d5b75	780
7b064866-6633-4001-b59c-c88fd888f298	782
7b0f42b4-7112-4b76-8b78-775683449de2	985
7b124f18-d027-4364-86db-75307693fe8c	780
7b13a69f-44c5-41f5-94f2-23c69a54007f	785
7b1b0561-f430-400b-8b01-69bc55da4c4e	785
7b1d74db-d2f2-4144-9422-4db51ea1ccb9	784
7b329217-4ce4-41bf-8691-e10448a49cc6	989
7b356922-38e8-4482-bdf4-f773619b4226	996
7b3905a9-1dec-45b2-9629-a405e334f7fc	977
7b399107-3935-4f76-a882-11fe897a7eea	785
7b3b32f6-2811-413f-a593-4f5a74f0c912	787
7b471a7a-69cf-44a9-925b-b601af8c2e62	789
7b492c45-8e0c-42f0-a6a3-8065d6e24498	979
7b4c7cbf-8758-4279-83f5-1becbcb5bd7c	1001
7b539120-fcde-4d68-9080-e5fc2f3e4cac	785
7b5b56fa-cdea-4772-8dda-59f430996cb2	985
7b65a2a5-0a9c-4d33-b36c-9c84430a42ba	783
7b67d34f-8dea-4c96-b48c-ff9c6fbf313d	886
7b683fd8-e0b6-4dd2-b6bf-afd8c7c177c8	784
7b894ca1-5392-43de-afd7-77717fefe288	996
7b8bec17-5e49-4889-bc4e-e195cb4ffde5	958
7b8cfca4-b1c2-4fbd-b4d5-2e18678ac71a	987
7ba06180-644b-4f0b-a4ea-32132a33c115	852
7ba70fb6-a87e-47a4-b62d-ee79cbc32387	776
7baaece7-ce20-4d30-893a-57c138bda31c	839
7bb5e84d-1b02-40e9-86b9-8e9c6a28fe66	785
7bb69ac8-2741-4d3d-8c73-41f8fe34412c	885
7bbea735-bf4d-459b-9f4f-82a616ded4fb	782
7bbf6a1a-f5ba-4108-b024-23e765ae3def	989
7bc6fcec-2ddb-4de0-bd23-c34e822362db	787
7bc9738f-fe23-4288-aa3e-0ca3c84b03e7	784
7bce9075-dff2-47c6-8f1f-b0230fdec395	1001
7bd05de1-9a1e-49a5-b795-098688b7b379	986
7bd5aaf7-de0f-40c0-8acd-ebb8a55932be	785
7bdb6201-4cf8-474b-a94a-24473821518b	1002
7be8cac5-8e76-4dce-ae16-8b1dcc944234	992
7bea4ed7-fe71-4c74-b41f-aea30d7ef0ae	982
7bea9525-61c8-415a-ac38-d2feae43690a	988
7bf49a89-90fd-4288-9219-1e3826cd8784	1728
7bf57e2d-ee47-4962-97c0-2b29361858dd	784
7bfa942e-80fe-42e6-b5a3-e9ad72346115	983
7bfef288-e670-4bfc-b80e-8fec716a4923	792
7c096c85-8a65-4e33-b39e-4c910f74fc3f	989
7c0acb68-981c-43ad-b7af-e8f8ec71acb9	887
7c0b2445-74ba-40f0-8267-928dcd8302c5	785
7c0cdea4-ba23-4a4b-9660-15ae8598738d	788
7c0ef768-cfc0-4598-9e4e-e6dca7582350	993
7c12a19e-5405-4e14-a57e-3eda8d32433b	823
7c18ed5c-de93-4de7-a4e9-55eeb7406d06	987
7c1c5bb8-4683-4a62-a4bb-74892401db83	999
7c1c721f-c0cd-4fa4-99b6-41a3d77bef1e	785
7c1ffdc4-1bac-4682-9a3d-134d7d82cdc1	983
7c219223-3dcd-4a2b-8784-f0cfc8f19231	985
7c2b5351-84cf-4baf-b22a-c4e07c81c5c0	785
7c2eae6d-b74a-481b-9ef8-fe572fc9443c	981
7c32477b-1e29-4d8b-a702-cd5b55dcd73f	995
7c33ad49-75dc-4f1f-a1e5-51b397e0d7f3	982
7c37bbef-56ed-4770-bad1-d55cac55935c	992
7c437491-334a-4233-94d7-88a3e3265ca2	787
7c473bd1-ab11-49e8-b872-9fff585c5b89	783
7c474f39-3204-4488-adce-c0e213970721	1001
7c4a1c67-9dc8-4986-bac1-3015004790ad	887
7c51e4bd-5f59-40d4-a307-d737ace36683	788
7c52117c-317e-4077-bd8e-23e7fe3949f9	784
7c52e4dd-3ec7-4d86-b2e8-9b8fbe661c70	897
7c5ac246-c16a-4072-9b82-47fb972d7a3d	775
7c6c82a0-4c0e-43b4-b825-11cb7c54653d	794
7c776927-06c5-4aed-a421-cda96dd4e16f	778
7c7be83d-63fe-44aa-9fd6-4e67d7b244d9	789
7c7ca07f-f9a2-428c-86d8-6965160d0182	784
7c7ec946-dcfb-402f-96a6-1e30b0ae17eb	783
7c8011c7-8202-4fdc-85c1-93fe077d1a90	789
7c819451-83c4-41f3-8ad1-b2c1c5446b2f	786
7c857a48-97fe-40be-a245-41dba3afdf86	789
7c8cb14b-1f29-4e3c-8c1f-423eceaca851	1001
7c8e5cd9-c432-4c72-a51b-34f7e590dd8b	996
7c977760-994d-497a-bbb6-06f90e522a1a	789
7c9917de-7ea8-4ca3-828d-01a6eec8758e	777
7ca2d96d-b950-4cfe-8c57-e1b344e24e1e	988
7caf9941-9c2b-4443-b61f-47393c424657	982
7cc489e0-caba-484d-82c0-1e8f6f8d4e36	995
7cc57375-dfd2-4d5c-9d6c-abc57b06ecd6	891
7ccb1457-92b0-4fd5-88e0-e602273bc96b	1000
7cd4c857-a922-49f7-a230-6b650af22dc9	780
7cd53875-bee8-4462-a0d1-92ef01b9ddb1	978
7cde4f52-97f5-4f8c-a872-1656583e2c01	993
7cdfa734-1c9f-47b6-a0c8-db25ba36bfc6	829
7ce438b1-8068-4618-94bf-0989139d07af	785
7ce718fd-ef16-4152-8e0d-26e1b5d007ce	1000
7ceafdde-e20d-431f-a30d-d96f896ded25	983
7ceedd64-bc58-42a8-bcd0-d010a8d11939	887
7cef76e4-33b2-4d6d-b763-257585dbc736	786
7cf7479e-1a90-4564-8680-0a9f61f2e5c7	779
7d017c60-b79c-4d9d-8491-501ec0be477f	715
7d03d153-e6ae-48ff-a7c9-8d2a75c713d9	784
7d052aeb-8da4-4b07-863c-7e2e28417079	775
7d091e7c-e81b-4b7d-a24f-1d4e91ba57b1	784
7d0b9964-e19b-4be9-a8d3-ddc9c62a5197	783
7d117d8a-dba3-4a05-b2d5-e5cfbac1eafa	786
7d1581aa-b18a-4497-85ac-5ca749f5b5a3	982
7d1a499b-1a05-49a4-bc55-cdc9c8736c21	891
7d3135d2-1bc5-4d23-aa6a-bb9cf7c6bce8	1003
7d387f41-8b2a-417f-a6b8-7e43ee67268d	891
7d3bf0a0-9d8b-4b3e-bb42-f24eb4eb1abd	782
7d3ca151-37be-46cc-adc4-b563af48c0eb	980
7d3ff6cc-deb2-42a3-9e30-23367328a3cb	1845
7d4607a9-dd6d-48a7-b756-d478a42fe3ed	889
7d4b5a38-3f48-4527-9e9c-bd1a4ea7bbab	787
7d4d0d60-3de2-4343-9ece-1155ce3dac93	984
7d538e0b-3f69-41ff-a0f7-717936c2dd0c	988
7d5723fb-813a-460c-90d0-6ad4649df6fa	986
7d5987ca-5af2-45ce-82dd-b1f4bb83e853	792
7d5bc957-a42b-40b2-bc2c-8c75e7fd11dd	987
7d5c498a-4301-4eba-ae95-456f4bc6188b	990
7d5f8d64-99f6-4162-ad93-3a342de2b8b6	786
7d62ad68-9a8d-459f-aa88-414d9cc9b46f	782
7d641fdb-ec12-4009-b094-0f2f47f9cd97	1000
7d676b4c-e3f4-4464-9a53-636a7357b652	785
7d69644b-c4ec-44fc-a021-a4a2c7851dea	890
7d6bf1f2-0db4-4a68-accd-a8424276f510	779
7d6c735b-f930-4e47-93a3-ca25068ffdf8	787
7d70e57a-f3a6-4707-85f6-6a777ec39f19	785
7d75562d-1fb3-402c-892e-6babb53c4470	782
7d780596-9a7d-42c4-9b74-119293e6e4ab	993
7d7c81c5-c1a3-48f4-aa35-eb3aa2a8d875	988
7d7eb243-5117-45f0-8dc5-ff45d4347d63	782
7d7f6b3a-70b6-4375-a0b4-8c07377eb964	776
7d7f714e-c7ad-45f9-b7c2-959c892d6031	990
7d86d836-8608-42ca-adbf-b2f5d40346ed	786
7d8bf200-564f-47ac-b053-cd89fee969a8	991
7d922bd9-4b39-4bcc-b8ae-1d70574685aa	783
7d94d781-57bf-48d4-966a-1830af2e20fa	969
7d9a9980-17ba-4ef6-ad76-d23d4685bccc	786
7d9b332a-94de-4fed-95e0-4bb69e5bc78e	790
7d9d92dd-079e-415c-8283-8c1804bdb953	887
7da02dce-1d1d-4849-ae3a-0c8c13b96984	783
7dab5962-d74b-4a09-bffc-752970732667	782
7dbfb0f4-1704-44fd-8503-6da0ac3f4397	887
7dc5bc58-7b59-47d5-9e6f-8c534c37db29	769
7dc6bc15-a148-490f-bb0b-234daa03f69a	787
7dc94d3b-9f19-47f2-baf9-a99ea050342e	981
7dcda223-9700-407f-86e3-a46a55084226	783
7dd13e23-259f-44cc-9f99-61c1581e25d9	993
7dd432a3-ccee-42e1-b2b3-e5e871a98828	785
7dd62c2e-c08c-4f2c-81cb-24e236ec5b30	887
7ddb23f5-473d-4992-af9c-9159eb094b05	1006
7de0f8f3-3a58-4141-998b-329c846511f4	998
7de13d13-d6c5-400c-bf8a-1e42919e1f8a	783
7ded9c39-4ff3-4586-8a33-5fde10a9bd94	992
7dee4054-cc57-4810-8707-00863d0fe7c2	995
7df47bbf-dd5e-4270-a051-f289ab88b28f	1003
7df65737-5a86-4936-ba31-957d4fe1adf1	892
7dfbf7dd-cbb3-4408-ae77-e7f0f4f357e7	785
7e040dcc-21fa-4500-b7c7-3874029cb665	782
7e0855d7-369f-4bdb-b12a-2f35462d7287	999
7e08aac1-3e1b-4ea9-b834-6a2b4c56a0b4	1002
7e0b196b-b8fe-4947-bf87-7e028bd247b2	990
7e0c4c48-c84d-4a2d-8bf6-bf8cf74e5e21	783
7e0cae6b-c6e2-4f6e-aa9f-147e94aae55e	991
7e1023d8-1622-4acb-891b-ed8df6656441	993
7e124839-8bd7-432e-8dd2-8a10f563cc65	988
7e199fad-a1bc-4a72-be6a-d30f2aa24d7b	787
7e1a533b-249a-4ba8-9334-c1b0171ea3b7	786
7e1a7d13-0609-4e05-b1ae-e807918fce86	778
7e2050af-e638-4035-8b7f-62d2b7127760	980
7e251aae-a22f-4511-b47a-4c3db80c7ba4	785
7e2d2e44-9714-407c-baec-96d3c020b8f1	973
7e36df7b-a4c6-437a-ba3e-6106ba94b58a	787
7e39270e-25c6-49bd-ac89-0ca4488efa20	787
7e48c550-8b0a-4fe7-be9f-94260323253c	885
7e527324-9e72-4efc-a601-0378d1f7087f	993
7e5e5396-9331-4508-8263-874e07e63f27	984
7e64b2ce-d5b1-4cb2-8e8e-122cc1e71e5e	989
7e6d17e0-0d09-43a8-a012-a62571bcba42	787
7e7a67a5-bbb4-4264-83bf-a8696046f713	986
7e7bec3b-97d1-4059-a95a-32f6696518c2	777
7e810425-c77f-4151-9cd2-c520dccfff8f	1002
7e844958-fe0f-43ef-8129-f4ff320f17cb	782
7e88e2fb-3fe9-4563-a4de-1ce68971cf5a	985
7e8a0a86-b94d-43ed-9ed3-1c834a77fcfe	785
7e8c55dd-4b5a-4f21-acb8-f1b1c2c8547b	787
7e8fb6b2-0826-4ca6-a5c9-356890e9e23c	785
7e9ea59d-6ff2-461d-9599-4bd9b4d88698	976
7e9eda6e-e70b-44af-90fa-1d87cff1af76	972
7e9f006c-9108-4ffd-99c8-079fd10de5c7	982
7eab6a43-e412-482a-9e3b-1d4275e13501	810
7eb1133c-ccf0-445b-9a65-0e453eabbf53	962
7eb9ae86-b435-457d-aaa0-0d65cdc8e77b	789
7eb9c520-6ab9-4f75-abdd-15ec45049f69	783
7ec039da-2409-43b2-9926-32047d210dae	995
7ec6738b-4a2b-4890-b01e-f69a7ed90ec3	786
7ed72406-fc0e-4d78-8923-9ae68f709d40	891
7ed78000-8ad0-47e5-96ab-60cd91c0adff	985
7edb7aab-f9f3-490a-8a65-e51afba763c4	782
7ede2935-f707-4c52-be29-4f45a1b60922	778
7ee00ff1-bc6c-49a5-96b0-93d106c89e81	984
7ee0282d-146c-4ff8-a801-a37c412f1080	893
7ee3ae30-4492-4271-8f41-9a22b54125b9	1360
7eea333b-a01e-4645-a439-bb53d0efd74f	780
7ef0fbdf-5e1f-4290-89de-a75f6eb36f19	785
7ef6a94c-2224-4a59-994d-a239bfa22d81	780
7efad439-f7d1-4102-b0f5-9f3bccefb9f1	987
7efcb1fe-d5f1-4497-9e7b-1300d3234bb7	784
7efe97ec-7b27-4a26-9c5b-f313d6918c05	984
7f065537-07a2-4600-a3b8-6a71873a91ea	982
7f06844e-044b-42fd-9b5b-6b594cf2b640	783
7f0b2506-2220-450f-95f6-998b352e9659	787
7f0e4571-a86f-47ba-aad6-27f47e4d809e	988
7f0f0282-de00-4f6c-a9a1-05aba4921b4b	957
7f2bfea2-ab07-405e-ac30-67b8502cf9d3	882
7f2c5cd3-ecfd-4eaa-947f-be4fc8010072	784
7f371fb7-9e6c-4d38-b4bf-d1dad85f02ff	776
7f3e8e5a-3124-4471-b642-91a72286d440	783
7f442760-7d36-414f-ac72-87e468d06529	980
7f4659e5-38e5-41a0-bba5-728c3c47095c	985
7f46c8ec-6252-407b-a303-0ed602948d08	983
7f490ae7-fc89-4bcb-b506-12bc39614a9d	1005
7f55c702-8cea-4dc5-a3d9-cbf16f3b7108	786
7f60c67e-4616-4df2-ba63-7aec5018162f	891
7f663835-da19-4c89-b28a-364871c5f1d0	778
7f666f05-5e0a-4ad1-a46a-63032fc2412f	994
7f6d7a8d-ad8c-4292-9017-cb736c1674d2	782
7f758878-232a-45b7-8117-ff189041e580	993
7f7740a0-b571-4629-a85a-3902b2673a9d	1006
7f7c4a7f-90c2-4a92-b5cd-ad259c07f56c	786
7f808b47-417f-4f8b-9dfc-b24e800bf32d	786
7f8b5739-d18d-44a4-88f5-de57e3f839b1	780
7f8c4c2b-93cc-4029-b9e7-5571091af209	783
7f91bfdf-535b-4119-95c5-3281346a427b	987
7f981167-5b0c-400b-bea1-04144c1ed4c4	1001
7f994ba9-5879-4598-b0bb-88f5303052ba	786
7fa06344-ad18-4093-83c2-dc45e92ecee6	884
7fc80073-d577-4e06-8def-224db302d3cd	886
7fc98255-4c97-4bf3-8f04-508e457c91a2	779
7fcd6a69-14cb-4199-a52c-b03d71bb8177	986
7fe3549c-8c67-4bbd-a46e-6754125d307d	989
7fe9bec5-f728-4d6b-a480-4f5c0489311e	785
80195c98-c256-4ee7-9dbe-97e32e40a332	986
801f1626-7741-41b3-8bc1-f7320260e575	785
802364f1-7f80-42de-8eab-69b2d1fbfbb7	991
8023dfd7-471a-42c8-85c5-2f5e12079ed2	772
8023f784-f8e6-4ac1-9284-2ac4726448f5	994
80270f3d-9df3-4f0a-86be-6d4bb70b2f9a	986
802a51fa-1d57-4447-acc0-b5044564fe82	998
802d28b4-c0ad-4757-ba9d-4c9089b1d547	786
80316a9f-74c5-4f0f-bef5-6355f1e5d1b7	787
80329f5d-f328-4fdd-a44f-ad53cc2bee79	894
803ad969-ead8-49d5-a791-e72843ac55c5	786
804815fe-bdc3-42b5-aec4-55e651860185	995
80530353-8eb5-459f-a606-d36c9b4232ce	783
80595168-7618-4a52-a544-25ab334383d6	994
805e8717-d354-48f2-bb91-a12d8a3c95f2	999
805f652a-1003-4670-9ff0-0ff77e5d612e	786
8069fb42-2344-46fd-ac79-ad68b1cf46bb	779
807672b1-3a54-4a40-8867-e8001fc99104	983
807b69e1-6d3e-47f0-88ad-fca01ab4982a	785
807fa64c-79f3-4421-be56-09e874915e4d	786
8087e493-a201-4a14-8065-4ab058737414	787
80915f4e-281c-4abd-bc24-08d924c3fe38	996
80ad97f7-5203-4f32-a051-6b95f863cdc7	783
80b68600-357f-4f89-a5c6-fcfdf6a583a1	903
80d699dc-a060-4024-89a3-480bd7ac5739	998
80db3a0b-e28f-4b43-bdbb-ad5cc2ca3c9e	990
80dd2421-c7c4-441e-a2d0-e5355b7360fc	999
80e67508-3938-4de3-9679-228da9850f77	887
80ea22e3-bfdb-4801-880b-4832c62c6424	783
80ebb3d7-9b7d-4117-90eb-73bbc9a87ae7	827
80ef4a0a-39d5-4e80-adc2-fef325a5328e	780
80f34303-628c-412d-825b-fe69ec8e6f42	987
80f55301-b830-41f0-9303-c6a787ad9ef7	1001
80fdad4d-90d4-4bea-9f69-cd253220e8e4	991
80fdc330-de32-4edb-947d-26328834a726	988
8106c25e-51d2-4ceb-929b-8fbf9dccb3c1	1005
81084c1a-c3e1-46e2-91f6-c378162776ea	789
8108dd88-fa50-4340-9f62-ca862f64ffe8	789
81111787-0837-4540-a81b-d71fcd4b1f10	899
81120fb8-95b7-4ac0-b897-8eb90faf160f	776
81154a64-eadc-4590-89a1-b43fb7275731	782
811b4c41-ac85-48f5-8e65-170861df1ac7	783
8123ae8c-4e44-48c4-a4d9-3ea9086599d4	982
81260b65-4d7b-4327-9662-9e3ac3f1a23f	783
812b150a-e5e6-4652-bb12-6f68b8cfc52f	779
812fd651-d468-4759-afda-fdf850258848	783
813318c1-34c4-4968-8b0d-0e0d7c57f27c	787
8137f680-17b7-4564-a8d1-cc9deecd3747	784
81474641-4353-4b60-ab5c-d6d9a16aef32	781
814c2206-0709-4daa-8654-d16b99630a4e	994
81590ca8-aedc-4e74-8eaf-ddb8a4e47a0c	976
8159fa84-83c1-44c7-9048-e6bbe2426949	780
815edead-d6a7-4c80-b977-ecba02d7f9d3	778
815f3bc5-3726-4b62-a588-3d7b944e98a8	986
81727cd5-1785-4fc9-99f3-d0ac3279e67f	780
8179915a-747d-47d9-b993-f8b16a186eb8	889
817d8270-845d-4c1e-b76b-55d479c16a3a	979
817df269-a96a-4661-96b4-236423bc4d4e	788
8181e52b-763f-4916-a2e9-d8e355d01f3f	995
81822d0d-ae9d-444f-a216-d7f0bb212898	1023
81836f56-dc3a-409f-9c75-4c8d181e0988	788
8184db88-323e-4e11-a0c8-53ff7ee0ba9e	785
81865447-d431-48aa-adf8-f39337f58d5d	785
8187050c-7943-494a-83ad-d8406f0e5876	788
818cf822-a14e-41d4-bfc1-d262f5b32916	986
818dc643-663b-4d51-9057-77f9064aa5c4	978
819299fa-348b-4430-bfb2-fa27f9031ea4	788
819c3edc-7796-4f4c-92f6-b37eb4c511c6	785
81a17c28-994d-4171-b964-e4728094fdad	788
81a4a17c-8e16-446e-9581-386ea7d47827	785
81ab5bc3-2858-4232-82ed-dd822c018643	1002
81ac1a3b-614b-4265-85ff-8ae5f5ecce69	890
81adb36b-fae5-49c3-9145-93f6af8cda50	793
81b9b5f5-cdf9-410c-8e91-4a0acf652673	983
81bb988d-73fd-4fb6-80c8-782ad6e72c85	996
81c474c9-d97e-4bf2-bd92-5c0f01ce955a	886
81cf741c-8566-4648-bd78-8861a79e2d0f	781
81d0ddf1-8c26-43da-aa54-9c3bd6db112c	887
81d1bb06-2fe1-42dc-92c9-0f10081aa353	776
81d56a10-966d-44be-a5df-566afa93f658	783
81d67ecc-41be-4724-bbc7-7b722fae86b1	783
81daf540-b874-466a-bf27-cccaec03e2c0	818
81dc1e8e-9399-4311-ac68-1929314e5226	993
81dee54c-215f-4217-ac39-74d4b9759ef7	889
81f12f9c-e096-4eb3-b464-85fc4090ab21	782
81f1e36d-289f-4220-aa7d-1b1261309ffe	982
82013531-c53f-44c0-8663-0e6c1855d891	896
8211c972-bdb5-4f5e-a45f-d006226d491f	895
82129ae2-e913-46c0-979c-6e4bbfcf2dd2	775
8212f66b-76f3-4da4-9866-244a54c3eae4	789
821b3e3b-4fde-4c18-8444-52cbe5bdace9	785
8227e966-110e-45d0-a576-5daccf05eb03	777
822cbe0e-0962-4901-a706-ca62a78aaf74	788
823addfd-a742-497e-bbc9-47fb81e4216e	786
824079d3-4d4e-46b8-8ed5-a3d528581e1f	1004
8246a01a-c25c-4ad9-84af-079430ef986f	920
8250c757-d040-49fc-b2bf-f61750368489	784
8253766b-fe9a-4bf4-9125-a5c3b97ec9aa	891
825496c0-1f55-4d88-8389-b035236e2a84	787
825ef3be-9c07-4b54-9f45-4ccb0dc2bba9	884
825f0741-5bba-4444-a6b5-f9fba358a2b4	1000
826aeabe-2b65-4e3f-81f8-d1843c365b8b	783
826e7b05-b205-4288-b380-563f6424d306	978
827867e0-6ec3-4e09-a08d-a87f64aaf4b9	920
827a2604-d3d6-4ce7-9117-9386b143145b	787
8284569f-06ff-4dea-bdc2-e21f79b668b1	885
828a3747-9e34-4660-9e44-ab14fd0351e8	790
82900d79-0ac4-4bca-a15e-69253c589ddf	787
8290453f-67fc-4a8b-9a33-c76af28fb2ae	994
8293666b-c6ac-4846-b121-295f158b968c	990
829b558e-0547-42da-af0c-f7e45c9c7347	999
82a14159-4af0-4221-b339-68591612cb65	787
82a69f2f-02c8-4226-b8a1-7449458ed87a	985
82aba3cb-9b5c-41f4-ab0e-0692df404c7f	994
82b15823-9a2a-4281-a505-3b27e3e00987	812
82b2062a-3929-43c6-b3b8-c41d8409a7f8	788
82bab738-ac46-457c-a3fa-f6e030fd9b10	786
82bd8146-7ce9-4e8f-9365-2ca2daa15dd5	975
82c0ae1f-ad9b-4171-b0f5-509054364066	786
82c2baed-daa2-4660-9f1b-c9219f9ab4b4	788
82c359de-ba49-4a59-9a23-5277985f5155	785
82c9b95a-dec5-45cc-bbce-bedce850a379	570
82ccd297-02fb-4b5d-a8ab-241dfab50653	974
82dc0e80-d513-460b-9517-30acbecdca89	780
82dc992e-9a87-4e05-af9a-0228ad9c4021	999
82de20a1-dcf5-4acd-95dd-50a7af4974d7	787
82e450db-976f-4ca0-9f7c-e1070ff36935	782
82e802ca-830f-414d-94af-d9aae512f5a4	987
82e98a57-4c72-4eee-91ff-0520e418c4e4	996
82e9b929-cdd3-46d1-a692-63ac03607b5a	782
82eb946d-6009-4926-a9ff-c592aeb6fa62	787
82f00f93-c69d-4c29-b57e-9d858f9fe893	977
82f561ea-4195-440c-9895-23bcc4ad3c21	989
8307f2dd-5dc8-4ffe-b5bb-b14a224d2d17	790
830d25ce-2a78-4f95-b2dd-749897ea0816	785
83167319-5ba4-453e-8904-d1512b3fb328	889
832656d8-601c-4cbc-bc34-b781e5955032	786
83298d8d-881c-48b2-91f1-4ec94688accb	891
832a76ca-4dd3-4c3e-8334-3dac5e1aadc6	786
8330722e-7b9e-4a0f-be32-53ea3773081b	888
83322feb-0a9d-46ef-8d19-dd747bf0889c	780
8334f8c4-87c5-4f6b-99f4-12304fa78491	786
83393722-61f9-4635-ae6b-0d6f8395555d	979
834513f2-bb3a-494e-96a4-b48fe9e48ccd	884
8352e94e-0ac7-4a00-8cc6-8bb729d58b03	784
835342d3-4c78-4e66-9b79-ea72ec06f0c1	992
83548cee-9ad4-4bf8-978f-4799c77b9b79	784
83588548-2566-436b-b74f-57e5bb446d9f	889
83639a20-3fd1-423e-ac88-c48d9e21d099	787
83652e2c-2722-45d5-b98c-01e066d441fb	782
836fa193-f22a-4603-860c-90d0a0ef3c6d	821
837b7d7f-6165-449d-98ae-dfded66357ba	785
837dc7d9-04b8-4d03-b7af-91c75e79142a	1002
83829ddd-97c2-45fc-a900-b5dfa7aa8da1	789
838c55a3-9c2c-4deb-b621-11f15f975992	1052
838dc25b-8faa-4d04-8aca-0788f2a7ee0b	786
83929e07-2f61-4dee-bcfe-ed5bfd085073	824
83937567-58d6-4a2c-98aa-e08a67b8c542	986
83991645-4c95-4cc4-8722-d8523e962a8b	985
83a5ab97-5c78-4615-a478-4cd59d53183a	971
83a8eb5d-a9cf-46c8-acc3-0ffe5cd05149	783
83ad11f8-8942-4dec-a4df-466b28e41aae	788
83ba0e43-ae15-4a16-8b23-516d46a87670	983
83ba469d-e3d0-4b0d-9e30-210f8d164a95	774
83bdce97-fdf2-4516-b80e-ff20ddd89d4d	1003
83c25e02-2086-464e-8b21-abb29e93a3f2	986
83cef9fd-6c51-426f-8f6a-7af4b580c824	785
83cf2d7f-14fd-4596-831b-f49f19b70296	995
83d5706f-53a6-4ea6-a384-6d856c08c16b	780
83d7bf6d-cb26-4210-8ff8-d99409af2ce4	773
83d8f407-fbd5-447f-bcfd-95747c6ea1bf	787
83dbbf12-7518-49e0-b054-145d2848b46d	1015
83e0f8ce-7e1a-4ec5-a61a-4e3d3f3c9a20	990
83eb85d7-d376-4d9a-91bd-7cd88901b2fc	782
83ec9d7a-86cc-4eaf-8c2e-9e636026013c	983
83fd81c7-4823-4126-a254-9cfa764f7720	783
8403efca-d57c-45f5-a770-4fe4f7ee33f3	908
84064d34-397a-41f6-8fe8-1d83c7744671	914
840e68f7-451e-4b27-8f06-a13bd8574205	987
840e708e-d58a-4cb7-a0ed-3fddc14dbbbf	782
84188c16-2a9e-4adc-a9a9-90b7fc422185	786
841eda19-4c7b-4932-b93f-d6355f654ea9	884
842e6080-709a-4cef-a2d9-e58e305e11c7	1002
842f2bd9-a6eb-4ed1-822d-65a99d09718a	890
8438acee-91bc-44ad-9b96-255f35cb05a7	994
843a4f1f-2745-423a-adb0-0fd165ec9bdb	784
845ad2d1-d9ec-4807-b80b-255e4d8b3247	790
8463ae66-ee7d-414a-9c14-b8d06881910a	786
84657b0c-27ac-446a-8e48-53c4309c4f3e	893
846a352c-c5ad-4959-97fd-71a1dc7ff5b5	781
84707506-717e-499b-9ec9-a9a8b39faa4a	784
8476400e-c90c-48bd-a49a-6d154adbb0ff	784
848460ff-4732-4c21-9ef2-06ee30b2507e	783
848654db-63b4-4d5f-a3b6-35c2ac9c3544	787
848f03d0-5832-45f7-b8ac-c71b740be2ff	809
849282b4-a16c-48f7-802d-77b8c7fdaccd	999
8494a81a-4c88-4cab-ba73-89d1d8bfe74e	785
849afa2f-53e0-4f87-88ae-a7ec4d4f2b2d	991
84a03609-dd3e-43bf-906a-4ecbe9459cb7	984
84a44c78-2af8-4aa6-b8bf-3615b715c140	772
84ac5929-3e10-4a7a-9259-283632618129	785
84af916e-d002-416d-98ae-175fbc5f0211	885
84b152d9-c237-42a6-8a2a-bfc77f4262f7	783
84b60fe6-3cc2-4be8-88de-8d923dfd21f4	901
84b816b2-bcbc-4fda-9cf2-30da9b590bae	911
84ce71d7-e015-436f-84cf-f76ca1370d21	979
84cf0a46-b020-44f8-8346-dd6a95335948	972
84cf3116-4a35-4b00-babd-065d3b0cc992	785
84cfc052-685d-4bbc-aad2-a10c0c808506	779
84d13fdb-d1fb-4960-87eb-ef189d70422e	788
84d60b0f-0b25-46b0-9ca2-9495f4e17c13	787
84d7bfbe-95b8-411a-a7c0-462637a80368	784
84d9cb0b-6c1d-4911-a683-ca8ad2cfdb57	992
84da521e-2963-48b4-a205-60ccfa864e78	1155
84ebb245-b62d-4a2b-8b69-f458504517b1	787
84ed352c-002f-4ea6-9dcc-5084462fd654	1001
84f54a8c-27f9-4d74-9424-86d2e89aa40d	781
84f60ec2-7c5b-4ec8-a7ce-ffd68ed2fdd2	783
84fc5cc5-4755-4570-968f-5334192be643	990
84feca82-040e-43a1-9f53-ca8f9756d8b5	893
8507dfc8-2f48-4d8d-a732-769be1a66dc2	992
85090d4c-5077-4f8b-96d4-5f074543182d	997
850a5ba0-4c46-429f-aba7-d9a4dffb999d	791
850a8759-fae3-4e67-a80f-6ae545b42393	996
85150ec3-a5de-4711-a0a5-ec0df3577394	782
851844ae-291e-4f2a-8935-fefd95c63ca5	785
8524c115-f923-4d51-9811-465317ca8123	777
852ca99d-cb51-4aa7-a79b-d403e37eab62	785
852edd81-0e44-4439-a26e-2809bb50c1e7	985
852f989f-c8d9-48fb-b984-a0260e3fe01f	886
853b313d-01df-4711-8528-9472eced2aab	788
853e4764-98a7-43d9-a4d4-dc5c349893e5	563
854e6a10-cbf2-4aaf-9370-74a300de7279	774
854fe991-3d42-4ce3-a192-bb9f649a3f7e	780
8551ed7e-63d8-40f2-a243-3b672919c829	787
85611e73-b015-4457-8317-31a919c9ac79	1003
857169b5-a273-4e74-b284-24f08c20e5df	986
8571ce64-285a-410b-8bbd-f8db0e3d233e	984
8573d30a-41e5-488b-91f7-37d704559bab	788
8575a9e2-0fa2-4455-a8ba-af1998e6d68c	783
857b8928-348c-4887-af5a-8197584cf6f0	781
857dddf3-7512-494e-9401-d1cd5c637d6f	782
85910c19-be3f-467b-9bac-ac49087a7fea	817
859a32c5-018f-44db-a7e5-27f7d2219536	994
859bd8fa-8b22-4859-a70b-ec422ac218f4	783
85a01747-1c7d-4eb4-be2f-4bfeb619c578	778
85a7a7b7-1136-4c99-8b28-2c7cb4f93939	984
85aa78c9-a3bd-45b6-b56a-4c8eb22590ea	793
85b08c91-b363-45ba-b42e-614a7b78a9a5	1003
85b29cce-4e1b-45e4-9400-f175e6edbde9	780
85b45a07-1c65-4e3f-9657-d332e3cc2707	784
85b48403-feca-4576-a089-82dc4ddc4ace	989
85b6a81f-fd40-4326-8bb6-f0ed908ed2b3	910
85b7a6c1-e92a-4f80-a70e-857d4a9e7791	762
85b9c038-98dc-4529-b388-3dc6ce770335	986
85bdeff7-fd82-44fd-bf3d-738a406a2d93	973
85be6f6c-647e-4698-938d-2ceb4e105b66	823
85c59947-f961-42a1-bda7-241f011aeee8	999
85cce50c-826d-4664-9dd9-94e854261675	779
85d2d425-4a47-4f5e-a903-477ecfd6f0d1	783
85df495c-4364-4b3f-8f69-a9fdd3d58605	983
85f600c5-fe68-42fb-8bee-b7525623813c	982
85fc70f1-14b1-45b1-a791-9e037b775f37	890
85ffc5c6-2f58-4af6-81ee-e45c2aafa386	1005
86032e95-6755-443a-a347-75fe68478e42	781
860f8c1e-4f2a-474f-84fa-6f166f6765ea	786
8614ac77-3b3a-435a-a4d2-d369ecd907cf	1002
8617e580-8eff-4a32-b58d-6b37dffa946e	771
861a4228-94ca-40a6-92b1-f97a46153fbe	785
86321849-2aa9-4b6c-9504-217a2aa35b63	1000
863db125-d40c-49c9-8b8d-3681bf4abfe2	988
8641ab16-71a9-41d4-bc18-a672d8a1a8bc	886
86442d0a-68fa-422c-9ec6-008924d0d79e	976
8646ccec-bf44-454f-b168-e4600d18f1fa	787
864f8a77-e9bf-4dde-957f-f2294cbfcca3	786
865709ff-d8d1-45ca-9e0d-729bd70dc2bc	984
866265be-5a99-4ad1-8995-c0e0b893f9b9	784
86640986-b48f-49b2-9c26-7bf987cf6423	1001
8667ff37-8b0c-495b-8dc4-aef8e61209ae	977
866b0a00-5c5f-4393-a4fc-230814adbc8f	783
866cf084-cabe-41bf-b504-2fc0f5ec1d18	788
86760147-6262-4594-a422-a57e04abea45	916
867ca441-6024-4ab9-b4ba-ab46e87f029d	876
86845546-274e-4133-a38e-9ff3f552b187	996
86850142-04ce-4760-8298-78a31d106e5e	786
868d505f-5329-496f-b050-2d620a43b984	783
868df8fd-338d-4e8b-b2ba-fd8d1242316e	835
8698a00f-bcba-48f8-92d2-1972e3a6327c	988
86a0c983-738e-4df5-b2ec-25d062358bad	1019
86a435e1-ca92-45f0-b49e-5f93555c18c2	777
86aaeac7-18f4-4c0f-8d9b-d252f65de865	787
86ab36cc-2ff2-48e8-a1c8-8224e22c3f51	786
86b996bd-5b9c-476f-91b7-11266767c621	975
86d23f7e-a6d9-43db-863c-14bd2ba135e5	992
86dc370b-9845-4f06-a77b-951817d628b1	993
86df878a-ecae-4cce-beff-4f0d1c915d69	781
86e822cb-e9ed-455b-92f8-91af035cedee	786
86fa43a0-af51-4686-9acf-d86f402c7ffc	788
86fc7e3b-dd30-46e8-a4c7-1ea3f5f14d22	985
86fe697d-0af2-49ba-89b0-620eb1e7dd7f	785
87005e1d-cc77-482c-9392-2f4e424d6a72	786
8703e628-d661-4e2b-85fd-29c5bdee1027	990
870f26ae-7ee2-4d8c-b551-83aa8099ec50	781
870f3465-a975-43a3-8920-ed36c2912595	788
872816b7-f6c0-44b3-b63a-f0afbd243b82	891
8735418c-8192-48c7-bde5-c83602759ecf	784
8745f352-91e6-42d8-af5a-f28e343dd3a0	992
874e5c04-b029-4dd0-866c-d692df82a0a2	788
874eabaa-2036-49ab-af9d-e1553df9bb7b	789
8751025e-c020-4c3d-919a-25978f088c61	1001
875f667c-5d98-437a-8fdd-9ef6395fe9db	989
876d28c9-82ae-49ca-b73f-166ad21a0271	774
876f63c8-604f-407f-811d-03cc043a04f6	786
8773dbb6-c30e-4c8e-964a-264d7974d1ec	783
8775d823-c6e7-4403-aaed-e8611011ba15	889
87818ddc-9053-4d87-8453-0b42a1341ee4	891
8782638b-92ca-47e5-8ac6-a134c06c87af	894
87854b64-b6f0-42ff-ad81-52d6afe9b0ec	995
879127a2-6d7b-4bd4-9de9-1ead70f844e0	788
8792aa24-708f-4eeb-aa11-ad179ee4e34a	983
879558eb-1770-407e-a970-bafb8eabe74a	1998
8796e8f5-fb2d-4071-b59a-9fce809bd572	1002
879711a2-295c-4a0c-a937-6804a51937b1	782
87988c1d-2100-4126-93e1-411486b01d44	980
87998b25-9e58-4237-a7bc-688d4c15d816	784
87a0c97f-676c-451d-bc75-b6ac23a15172	885
87aed86c-fdf9-4f9c-a794-76290e32bc67	996
87b87163-d5f8-4990-977d-9a3a1e3e3d64	784
87ba2ecc-0d7f-4298-940d-be0d83efce25	987
87ba828b-aeaf-4b97-8a6d-85e0b209f33e	892
87bc300b-f960-490e-8a4a-e5ce330a8aa1	776
87c08667-4c51-42ef-8527-adc2f6f63f24	778
87c3d6cb-436a-4897-b825-726b9758d815	890
87c7b318-a689-4709-967e-921cada268b9	991
87cab75b-3415-4a65-a7eb-c345e91af1de	787
87cc64ab-e87d-44db-93e7-bffa296ebf70	990
87ccf6d9-be88-4ec5-8baf-f1f0abbd5c8d	784
87d28d17-5350-4caf-b081-98fd570e4f4a	989
87d4a6df-3817-4641-8dd9-0e07e6761a5b	993
87d71d4d-eb9b-4391-aa67-d827d6acee25	786
87d7d42b-15f1-4821-9b2b-e7f83b97915f	783
87db09ee-a10d-477a-93f7-03a743784a3c	781
87dc6012-5090-4102-939a-fc2a868acd82	781
87ddbc52-6f16-4cf7-8af6-6b2ff32aa0fb	1000
87dde395-50da-4f4d-a183-85f436804d92	986
87de3c11-420a-48a3-839b-6907f35b5f5d	892
87df5160-7a90-4cbe-b8d6-807693026c42	786
87e3db1a-ceb5-4fab-b7e7-0636a0d11158	787
87ee61cc-06c5-446a-8754-73e227c1dc01	785
87f15b44-c37f-4b73-bbba-f3aa826111fd	988
87f8f71b-3edf-42c1-8c1e-143d1fbe1e56	997
87fd9a89-05c5-4abe-ada4-fe1dfb87aa8d	788
88051e0f-2691-4a5d-8371-315fe9d9bbdb	786
8813ca5e-fc07-47df-8194-f53f55ceeb93	1004
88174c11-a0d4-4053-966a-25ef574d5e1a	784
881c772e-6e6c-48f2-8824-c6ad7271db77	985
881e6801-d44a-45db-8401-6060ebc394db	1995
881fdcd2-ddc6-4f83-b342-c09ed05b0283	785
8830e43c-decd-428f-a7b1-1577cebf30bf	790
883aed4b-e2d7-412d-a982-156f7416ec53	787
883ce89b-5e20-4af3-b9f1-0ac1467eed50	973
883dc11e-86ab-4383-971f-b41de8cf7292	999
8845d38e-1f80-4cc2-8e49-4b0e89397e42	985
8848db03-b23d-4f40-84f6-fe102113bb3f	791
8851cba6-e78f-4319-bc97-f26282247127	951
8858c9f5-e39a-4858-9860-59618bab2035	786
885958e6-2d0c-4616-a7eb-4cbd0bacba40	989
885da25a-1a15-4816-bcb9-924438d96a02	987
88642fc0-e57e-4025-ba18-79685837b2ce	986
887e791d-9231-4618-92e1-725d9ade5e59	1008
8880613e-db8d-4bef-b169-278a2c843d80	996
88848b2f-387e-43e5-9532-5697b8eb4415	784
88860786-7eb7-48af-9a86-cfc322720dc7	888
88882a7a-fe0d-4e59-bee5-2f9c50bd56ba	892
888c04d7-1fb7-41bb-9c14-793476f954fa	782
888f7155-092e-4134-9244-57e8851ea384	991
8891ce85-2057-4c50-8f5b-fe8921142cdd	893
8896cc56-3dda-4454-9f6d-f2c878d92e61	976
889a954d-a1ca-49c5-94d4-f7753adb88ab	781
889eb6ed-46c9-46f9-b3b8-3df331cb4ba9	990
88a4157d-41aa-49db-b928-af6b0b189d01	992
88af8d66-1924-4797-8b4d-a34930617232	790
88bec202-b174-4103-a94d-b12c0951cb8c	903
88cde5a6-b704-4c8f-8c92-3db676013e9a	785
88cf62bb-062a-40fc-9e9b-4a58350629e3	978
88d9aa2d-7a86-463b-a080-33b82e18fe91	780
88df64df-83e5-4832-9117-5108544ed525	788
88e31000-3390-4f9c-b53b-a30d5cb0306e	783
88eb2190-6f97-44a5-9d09-5617747c0129	793
88f460a3-04d7-4905-bcf2-18624cc896dd	890
890e7760-5896-498b-afd9-76aa73fe29cb	985
8911b0f3-cfdb-47e0-ae31-791fd55a6fbd	983
89156334-bbdd-4394-95af-dd379facee00	784
891aa69e-8c01-471d-bd7b-f707a67255a4	786
891e4e57-1077-42e4-976d-52e6db8eb689	1008
891eaf61-1a7a-400b-95cd-88fd62200942	991
891efe68-aabf-4e56-aa4a-a85fe8998d26	778
89263169-70a5-4936-838c-1107818a19ca	2017
89296d19-6fff-45b8-b440-00c3417cf8f6	785
892e6370-6c1b-495b-b37a-baafab349d31	982
8938c1bf-2058-4445-8d92-a5c42b5ac7d3	784
893979ac-ce2d-4d74-9fc4-ab29ea65828e	782
8939d2ea-5207-4f62-ae2e-0fa65812bdb0	787
893ecf6b-7237-49eb-b5c5-9d4c02ae57d8	779
89415bc5-25e9-4e56-9515-408ae1bb9d23	983
894c1b88-3662-40b6-b169-a0b24da4e760	992
895c595b-d1be-4484-a0cd-133e438fdaee	983
896332fc-fda5-480e-af67-b6d0f4e0c2ab	992
8963a427-2520-4a7b-afed-9cf53d7d1c51	789
896ea411-dc77-4a43-9e26-0f3f381840f3	1006
896f8f04-383e-4e9b-af47-22535953ef2e	998
89722505-e834-43af-9f40-2e0b58903fa4	998
89771e23-2367-46c1-9816-c329f29327ef	1000
89790af2-61f7-464a-8d68-5fd23a0b0c03	979
897f7334-ddc0-47e9-8992-253710cf1eb3	989
89873516-b164-4ae7-8de6-f33df4032e26	783
8987a140-75de-4757-bbd5-f7a38de5f06b	788
89894d52-50e5-4e43-a092-5ccc340a714a	784
898bdaf3-f6ca-491a-a790-c3a49e685eb1	784
89981a5a-eaa7-462b-9dc6-9b10185f8cc4	1003
8998a2fa-bcdf-4bbb-84da-2c1b8aa5f9e7	993
89998c15-415b-4b97-8f76-1b2e498025f2	787
899b47b5-a716-4cf2-9af4-8e8dca1c9aaa	782
89a16026-4e9d-4312-9cc8-f8f846de63f5	995
89a2d53a-5dd5-477b-b0be-c76f12adadde	988
89a324e4-e9c3-43b9-8d4a-11ea26ba0005	788
89b08652-979a-44d5-89a8-4605d5344d2e	907
89b3cd1b-e32a-4bab-af59-eaccc58a1e8e	782
89bd443a-5057-4967-86ab-f9ac6dbb7e1e	889
89beeea2-a072-4b0b-abcd-336de0bb1fb5	888
89bf59ea-eb7c-4047-94d5-1d4584bc814f	958
89c1d74e-af56-4497-a4a2-c2ac31d3d77a	984
89c860df-9d3d-41a2-9f44-57a89532ec36	998
89cdb44b-aeba-4a51-bc60-805984026657	786
89d5de19-bd62-43d2-a7b0-cd275e67e861	989
89dbf186-aa13-42ea-81e1-0c3e16b6358d	989
89dd3b60-5c8f-4e0a-b83f-00c55ac97de0	790
89e5d783-174c-4b55-9272-41d2ecf8da01	848
89e8b622-e102-43a0-8ce0-6952491ee7b3	785
89ecb85d-8134-47d7-914f-5ee468cd2c7f	786
89f0df32-2227-46d3-9bf9-aaafdd6c4776	996
89f21120-f6bf-4811-9ed2-7f1a0c38b9b3	782
89fb1ab4-0d2c-400e-912e-5adb623f14d6	788
8a015b3b-8fe1-4205-b9ae-301fcfdeda23	784
8a0251a3-2910-491d-81df-ff959ce1730d	999
8a04fb57-ddec-4af2-9358-4b651fc4bb16	981
8a06e1f7-bbe2-4460-ae02-c7e1f714dfaf	777
8a0717f8-499a-474a-a426-5fd6fdd9a7f1	890
8a147e6b-24ad-48e9-995b-74ce4ae42079	780
8a1cc40a-d260-46f5-a88a-fea9f305b073	986
8a1d972b-de3f-411f-842a-55f709973bbd	999
8a1f718b-4d9c-4704-89a4-402d712d9ce1	784
8a29935e-d4e3-46fd-ae70-04574b867dfd	893
8a3133be-6d02-40fc-b8f7-46270880d99f	905
8a326390-eb4e-448f-b78f-6ab013ada21c	886
8a3d29a5-26bf-48e0-b0ae-94abe89f56b6	993
8a44e67d-8af1-4777-97c4-dcd2f3695ee4	784
8a5972d7-fbb3-4f37-9e95-4e674bbcca21	790
8a5dda9f-ed0e-4a67-befe-bbc7399bdfbf	786
8a5ee4ed-1a9b-4f6a-9a8e-d1d56b427cdd	967
8a62d914-3b8f-47c8-b40b-a74125ec9ef5	999
8a6491e7-58c8-4f76-98f5-7c84fe533cb9	1001
8a65f45d-363e-4784-9580-d30f97faeaf6	618
8a66055f-fa20-404a-a8b1-b03574df43ca	994
8a6d29b8-f285-464f-bd60-772b4770ca22	796
8a7533e2-2a55-4426-b456-829d7e19fa3d	974
8a8b2271-2732-418c-8257-626dda20b292	997
8a8c9cad-36ba-4e7a-a60d-65a275bdd990	783
8a8e45cf-4ef8-4dea-840d-361a8111fad8	772
8a8f2c6b-14bf-4646-b892-9c060284c425	777
8a8fa894-339e-415e-8d25-daecf1bd8872	865
8a96cd9c-6909-4964-8bf4-cb9d7f953814	828
8a986c0d-7636-4122-b87f-356cf3a35064	789
8a9af008-16d5-485d-9393-04f7a1a65f9c	979
8a9bc3a1-d0db-466f-aa1b-ddebd6a520ef	786
8a9ef2bd-7eb3-4340-a9c8-439ecf36c864	894
8aa466f5-786e-45e9-b2a3-819235f65406	986
8aa648a2-f10f-4daf-9cbe-e825cee8cb26	999
8aa65496-83fa-4a49-8833-7b284ed81d68	976
8aab6e40-157e-4136-a891-ef87af59402f	789
8aab9e53-2236-488e-94d5-3434528a6697	997
8aac4ee4-76f9-4509-9100-a8e4008536eb	883
8aae6415-a429-4b64-be58-1f643eceadfe	991
8ab74dd3-3576-47ce-8b41-9b8bec0ec09f	787
8ab77b17-5b64-4143-a715-1b82b54ded44	996
8ab79820-e548-454a-839d-fc462319c2ac	789
8ac17dda-262c-4453-b74b-b572ff734438	784
8ac529c2-f763-4797-a788-289cd030dd98	777
8ac7d851-defb-43cb-9638-4d2020d29c22	974
8acac04e-abe9-454a-984b-98b0cb625105	785
8acb445d-f317-42e2-92da-9a30ccdb0c38	779
8ace9ffb-4e82-482a-9ca8-870a153bdc7b	991
8acefc87-e036-4593-86fa-2f1572443735	989
8ad2ed6b-75b9-4fde-b342-ea9045f483b5	895
8ad3f083-76fa-4748-8af2-2130f9ee3671	633
8adaf7f4-0408-4646-be0f-17e13951e9a7	788
8addb220-c755-4f2d-a842-b15c8949c2ac	787
8ae0f4b6-7298-4127-8553-8c6f812a62c8	998
8ae76876-f6b4-4960-8d9f-9112ab960fc6	789
8ae92564-6f43-42d5-896e-a6e86a4d81f7	960
8af2950c-9790-48ef-ad12-673754aca944	996
8af30b82-65ae-4367-9937-b261a448fd72	774
8af6c45e-75de-42af-962e-675cd31270c1	786
8af9ac7c-59f0-4af0-b5b7-c8ef63fd5043	891
8afa48c5-5f54-4406-8c5d-5700592d9984	781
8afd6416-fd68-4e5f-b2af-79e747bc1162	787
8b03c56d-1369-4c33-9523-bc0fc900ebdb	998
8b08a73f-bd13-48c5-82b4-a531789e303f	1000
8b0ad865-c21a-47b8-a887-a3b587f05cc8	787
8b0c2005-a08c-4548-92eb-6a10231a2e31	786
8b0facd4-fa1a-4e9d-b5a3-58b126d047a9	783
8b168b4f-c599-4143-bbcb-774eadc3656f	782
8b1bc4fe-6b6e-4c49-8aea-4179b0eee4f1	519
8b235be9-2263-48d7-9d3e-10013027aa03	991
8b240b12-cd97-4153-b78b-71864b876ba5	972
8b251449-2f4a-4bcb-b116-88ba99a05388	786
8b321081-ffdf-4a32-a191-51a96a3a4200	536
8b323df7-03b2-41e9-82db-7415803a9f7a	989
8b33b547-6246-40a7-8581-91c76e5bd185	790
8b4373fe-c7f6-4feb-93b3-3dce1f820e4c	1003
8b4f6099-bd90-4060-88f5-c9ea0d616f99	993
8b55dcc6-9dc2-45ff-b945-78a35d4ac0bb	767
8b55f496-00b7-4e98-9bd3-acce39aaad87	777
8b5bfa82-bc6c-47f0-8fd8-3b2e7d859507	913
8b5ee7b5-58d8-4458-9327-2ced3d40a510	791
8b6ef8da-2588-4d49-9469-7097fcefdb84	786
8b745a18-930e-486e-89d8-b80b278cea42	778
8b75bb98-130e-401b-8d2e-5ad77a72f2d7	986
8b791935-fa06-4133-9027-50db9fa6c537	1002
8b7be899-7ecd-4e71-83d2-bac1316e94b5	991
8b86b603-b986-4470-8127-b2d126ac11c1	992
8b8d86fc-a449-4e47-9d60-50660d8d2672	989
8b9c649d-c997-4ff0-baff-887046ff6751	773
8b9d8ca3-8f78-4e51-9279-587dba4f6955	823
8ba03507-8633-4f36-856d-f08c22bed8f4	785
8ba356a2-085d-4c6f-be67-f4fb32b6f946	787
8bac006b-2cc6-43ab-a10b-514a05fde90f	789
8bae2493-a4a9-4ba8-832e-31a69ae847ea	991
8bb548ca-3278-436c-bc99-254a2e8b3add	784
8bb80ee5-c3ac-4730-9b93-e282cd235f06	787
8bba8d81-44e7-4235-ad37-58cf1a1b15d1	892
8bc14dc0-3a38-4f32-a5ac-2c85066d4ec0	971
8bc2f2c4-a775-460c-b5c6-664c79c1d32b	897
8bc8deee-0e66-4eaa-bd87-af023049ef9e	991
8bca9ade-f629-4db1-8f31-20fe702f3221	785
8bd3efb4-1c8e-4f2d-9567-2d0d40e3d99e	979
8bdc524d-15d2-4def-8320-5b96a0b9a042	780
8be515b6-dae2-4661-8882-fbed98a95a26	785
8bfb64bf-6a23-41f8-86a6-9c8026dd7ee9	782
8bfc5b7d-2e45-4d49-9c13-b61111432d00	1003
8c03a5aa-eb3b-4696-a92b-bb09c0501041	782
8c055f88-7c05-42ab-b027-8b3e84afb2e4	790
8c0ac3b4-c01e-4d0e-9cee-1eb58aef78c9	779
8c13eda6-8c3e-4b04-a6c0-c762c34a6aef	788
8c1915f3-1bc6-44ce-8a5f-a7a25a8d6cea	816
8c1d2861-e070-4b16-9092-11eae971b85b	973
8c21dfcc-02d2-4350-8fbb-d30089039878	788
8c273225-405e-401a-a2db-f49b099b87aa	1000
8c27aaad-01bf-4742-b724-65491ab1c3f5	900
8c29dfd4-45d9-4283-a6a7-6ebb50a6835f	785
8c2b4648-8e15-4a2c-b024-c125c1c05ce5	1000
8c3124ad-b3d5-42cd-ba24-94222eec6553	785
8c4a8b42-d976-44ba-baa0-d96f07f7ea4d	968
8c4bb6b5-1cd3-429a-acfe-d4f8bdf8eec7	789
8c52fa14-2573-4f5d-9991-f4f70f856316	783
8c614688-b8e1-4a68-98ac-689280dfd0ed	990
8c628070-3d45-46df-a20c-1e41930afc22	998
8c62fc32-0cf4-4c5c-906f-1a619dda97c6	986
8c6aec3e-baf1-45d5-84b0-89f7042a5a2d	1003
8c6c6669-bfdf-4bc2-9a69-2d59834de56b	911
8c6e0303-dbb6-4f17-9ef3-94a967d0c976	889
8c80cde9-94e6-495c-9673-bb763da655b9	777
8c8817b7-e7a0-4446-b0df-ff1767492382	990
8c99a446-1792-4f53-bf24-0d4aff449e1d	788
8ca04c28-82e8-4861-ad46-38dc24a1b557	784
8ca15253-dfc7-47a8-9d2d-9a765b0729ef	992
8ca72ef7-fce6-4c66-833c-cdb8b0e3192b	786
8ca7951f-0fd0-4583-aefa-ff03d543b720	787
8caaff83-83d0-42c7-8813-5087f9387ff1	984
8cb43ab2-630d-4acd-9368-4b7d6d76728e	887
8cba1221-83c4-4528-a0ff-e3bcee16e771	786
8cbe70e5-5ad1-4d12-9014-4339a644984e	788
8cbf1061-261d-43ca-b66d-f5170359fdae	782
8cc562c7-8251-459b-ab56-953ced4a784c	988
8cd0ed6f-b26c-4116-a2d0-84177e8940ac	789
8cd76dd0-5756-414f-956d-133e05fabbc9	807
8cd85e3f-4d74-444f-bafa-f2891429ccaa	783
8cde51c2-06f7-44e8-8e6f-81051e324f00	990
8ce4219e-8539-475c-9a0e-8704306deaff	817
8ce7e6c9-320a-4998-8de7-441fef8bc147	786
8cea23b7-ec19-45de-9620-3f9de88d3924	783
8cebda33-20ca-4704-a15d-1a3cc73d5552	988
8cee0a15-b4f2-49ab-b505-d203a3aff523	891
8cfb8c9b-0d65-42d7-a45b-420f961f2be4	785
8d058dbb-1dca-4a75-9192-1d005efd85df	785
8d0686fd-f238-4a26-aa2b-b18d88208512	783
8d10a4db-bf7e-4792-ad54-5e80d9960a23	976
8d167dd2-a97a-495a-a21b-dd8d91fbaf41	890
8d1853a8-6485-457e-bc0d-5c7450c191a0	786
8d1eb865-bf66-41f4-bb03-e7caed937985	993
8d2ca7f0-4193-4088-9ed5-376a0af2ecd3	995
8d30eae1-0d0c-474a-bcc9-751922be55b5	786
8d38c5de-796c-4b46-93f1-f28711773397	988
8d3caeb4-1562-4596-89ec-2932cb2e8345	783
8d45e63d-d1e8-473c-8458-6bff40764e22	995
8d483b62-fbfa-4518-b934-28e7ccc1dfd2	996
8d485e20-3baf-40b1-8063-e034db155af2	887
8d4db294-c372-4558-8fc2-43ce81d33d95	986
8d4f598c-d2f1-4440-b717-7747ff322359	782
8d5a7eb5-f5e2-4e69-8d95-80496813968c	787
8d61ed14-c0e9-4e40-9f45-8af5504ae068	986
8d6310c5-5112-400c-b791-ee06db6a9211	785
8d6779cf-9f42-4128-b796-5f54f073b7e4	895
8d684f3d-1ef3-427d-b931-fface5683be7	892
8d6b38d6-e802-4820-b970-2638945f4843	889
8d6e4655-abed-420a-9572-27a29e8371d6	779
8d7d55dd-43fa-4abf-8f9e-53b1c775d0ca	998
8d7e3561-3f2f-4730-945f-e2082d18b0d1	796
8d9544cd-ee25-4715-8a54-d386c46cfcc6	772
8d9beadb-33db-4e52-87c0-69cd3dc7e3f0	788
8da5bf7f-5bc9-479e-8d61-aebed10c8e95	998
8da75937-1a64-4b43-9d18-0fe3c78153d1	990
8daf3d98-021b-474c-a939-dfc1505e28f1	990
8db60f4c-ad6d-4d7a-80a4-fce779232efc	1004
8dbc758f-e288-4a90-997e-6db24e83326f	999
8dbde27e-8bbb-4c43-8e4b-aeece73c7971	997
8dc35408-af1c-4dff-bb91-c9676edbb5c4	786
8dc6ee1c-31a8-4d54-99d2-e8975e914b5d	986
8dc8c9fe-06d8-4cc5-a461-e1485d01f5c6	784
8dccf186-699a-47d6-b2d7-dc83b467c532	787
8dd28445-5626-4894-9b5c-8d7c1da3a892	787
8dd340fd-f924-4aa9-8aab-c36e6f4855c3	866
8dd50cb0-d970-4507-a2f4-28bd8c28d24d	790
8de04b46-b579-4ffb-b6f0-c01b9a738d17	791
8de4c099-ee66-437c-affb-271686d68811	787
8de9e2d1-fe6b-4517-8f5f-42c53653bbb7	978
8df497ad-8316-4aaf-9d5e-5f3736ca5854	786
8e05702a-ec0c-420a-9a6e-04fb54ae4f59	983
8e07aa39-27dc-4a86-88d5-de260f77e1eb	978
8e17133c-5874-4886-9aa4-16e69dbad82c	1264
8e171f4d-4357-44aa-be93-cbe96587e143	801
8e1a3fab-fb37-418a-bd60-bda1904479ba	782
8e1db356-b669-44eb-a9ae-db6df89f557b	780
8e251413-1183-4048-a393-c8e80da13f02	637
8e27ef82-481c-4264-8367-3b4486127742	991
8e3cb780-0324-41c3-97ba-5233a78c081f	992
8e3cdad0-185d-4d69-ba24-687c4e4c380d	1000
8e420c28-45fd-407e-81e2-4b6e528eceac	782
8e442ae3-1c21-4518-b8ee-2f5ba976c492	784
8e488157-f45c-4c23-930e-487405fa1af3	989
8e514150-8ffc-40dc-a634-101843ad8ea1	786
8e526b17-e7bf-45b1-b03f-4a0e64bd6307	990
8e5513c4-6fe9-4439-91b8-d6db69fe6581	989
8e59e19b-1000-4343-8cda-f8380b43d078	974
8e5d00b1-1f48-4717-94e1-71feffcdef6a	998
8e64b4fe-bdf0-4e86-9961-326bb5516a1e	1001
8e66190a-637a-49ea-b5c7-84b44985c081	785
8e6e0954-cae8-4f99-b424-9b9976082d02	781
8e7ca79c-49e7-419f-b6ea-303f4718fbe7	786
8e85c195-7072-459f-9463-f401656f09cc	787
8e92e6bf-b1c0-41ed-b37d-299f5b2cf99c	787
8eac622f-f0bd-4c72-90b0-d9bfbf9cbde8	783
8eb11684-ba6f-4e12-95ae-7cefeb912523	994
8ebc59f6-75bf-4ba2-9409-3f05f00fb867	785
8ec19e41-6f99-4d7e-ac2a-88f3fbdde85c	991
8ec61842-16c1-46ac-aa7b-9515f029bc4d	996
8ec6bcf6-6016-4d1a-9a75-a2a60d265fda	785
8ec764fe-d396-49d5-a02d-e6ca23a67b16	784
8ec770bc-c82f-4421-8c89-f027367c8cd2	786
8ecc02e5-2688-4a94-b40b-bcfbd494af57	986
8ecd9fc0-a93c-408a-b1db-853167a011ff	858
8edadc3c-85d0-4081-ba68-0cdbebef331e	927
8edb81f5-6d61-4241-8b72-dd40e4374179	986
8edcce1c-cf0e-404c-b2d2-233216370ee0	982
8ede7106-abb2-4039-a04b-afe63fe6868b	890
8ee35343-8064-4ca1-af6a-eb5fcff43a61	991
8ee4d2dd-1fef-4268-9f5d-49149a67d552	786
8ee5920f-3876-4e08-924a-cc4b4156ef39	993
8eeea656-3013-4ffa-b3aa-fb3d62b9b3d1	1003
8efb01f0-8f90-4cd0-9324-124a86cee251	978
8f022ef1-12d1-4334-b97f-8ff262c0c64d	787
8f09ff2c-994e-49f4-aea6-56f3f9973e11	785
8f0f5721-1063-405d-9b66-fea548ce3d8c	995
8f110dc9-f390-4223-9ffe-8b9eb85c907a	984
8f1f36e5-5cef-41eb-901d-9ee93852e6b8	782
8f2a9ea2-ea56-4857-9d02-1b114ee71b2e	989
8f2e7175-b743-4af0-becd-aa3a86004fbe	878
8f3e90e9-ca14-4398-9ee0-81fdb77aa902	988
8f47d989-826e-438e-b30b-5d59b47baa42	778
8f4b93e4-1de8-47c4-8b71-70d40d746928	786
8f4bdbf6-3914-4234-b3d2-008c1df2405a	1003
8f5010c5-134e-4838-a405-4639b05e8440	785
8f528ab1-606e-432e-970d-84bae98f2fc7	981
8f54bdec-909a-43fe-a918-be6d247c8050	1004
8f5aa2ca-7543-4ebf-ac9d-e4121c679cc4	978
8f5cf1b9-592f-450c-9706-bb6a3327a813	784
8f767d84-829c-400c-9698-46f41a3f97e5	783
8f78e2e6-0738-40a7-8e97-82fadc7c18e2	993
8f7bc7d2-d7cb-4afb-a9d6-415844e8b469	999
8f84d835-c897-4152-a0ab-33970a265847	989
8f8a66d6-7a17-4639-a52e-f309940fb01d	988
8f8c0a6a-dce5-467f-8607-8446a2d809a5	979
8f956f2b-7bc1-454a-97b3-a3fb3a134368	780
8fb845bc-0820-4f54-8a2a-cde7f8210675	784
8fb9dd27-9a9d-45d6-8b0a-71389c6d5b9b	996
8fbb121e-aeec-461f-9f77-52ef5c0ce7d1	995
8fbc99a1-0d69-493f-91e8-bf02a433901d	889
8fbf791b-1da7-481c-8933-0afa126dadcf	999
8fc42c27-80f8-411c-bedb-39f2b8bac6da	784
8fe83844-6406-4e6f-aed7-849360892699	781
8fef7fb8-56c8-4f1d-87a7-78f9e745762f	785
8ff3218d-c189-42e3-87f6-b45d3e0bd137	782
8ff3c58d-6cff-472f-9475-84eb71d4f9d5	791
8ff6620e-1c09-4749-8042-8bcdac7e4bd1	780
8ff8a625-cfc2-4705-a015-3b03863a7f81	984
8ffa6166-c604-4084-9c4b-8b749d1cd884	785
900ff648-6fe0-4c9f-9653-c4eb7f4ec373	982
9011d3f8-e0aa-422e-8bb9-f1d2f204ac0f	989
9015a310-7c40-4487-a60d-5da51bf4b7eb	781
901966b8-c793-417d-ad11-7a975ca10002	787
90294966-b85d-4eeb-aa4a-46d7cfda7a7b	782
90340602-b1a8-4f98-8553-615b98546183	981
903c0570-a52b-4f34-979a-e056c57e5085	788
903e166e-7086-40c1-847e-58339cac5a26	795
9041a655-9688-4f0f-b23c-3d0b489b1c74	890
9047a110-220e-4160-bb9f-429ed00fe838	910
904811c6-7ee6-49df-a553-cecbc2872404	747
9050b9f8-abf9-4679-b77a-94cc60371813	985
9059c56c-ef03-4cf5-b7f6-a5fb3c1f8c89	783
90671443-ac8b-4376-ac57-e8e53c2b9233	785
90856aa1-e766-47d9-846a-8b809c0e732e	981
90887032-98c7-4ef3-b526-0a4d5c833c6c	1524
9088ab7a-3c76-4443-8a56-ace9afe6f98a	782
9090685b-2fde-47d5-8756-7ee66c022ce9	984
90992d93-3db3-4dda-af66-9001541d9f17	999
90994c25-008c-48db-8792-543a823f9a13	992
909b7287-bda3-49f9-8ae1-977f0097affd	786
909bc420-6ec0-4969-8828-83884c40e732	777
909f7b08-ead2-466e-89fd-27cb76ea327d	987
90a059d5-c91d-40ec-aa8a-51578955c695	786
90a33c08-e2fb-40ac-bc9c-69fdae64e60e	998
90a5f2fa-14d3-40b5-9014-fd02797b448e	998
90ab8bf4-fe49-44ea-89e5-f16b0149f602	784
90aeba69-f1a0-4a1e-9e91-4a2a2ceabed7	784
90c5aa83-f1c0-48a0-a9e1-92907b268c7b	793
90c690ab-fd88-4cd3-9e13-5636222e2273	784
90cf2b92-e00e-4493-8f34-270134e87df9	890
90d08a8c-5d45-461a-af8a-a31a8d526099	786
90d0d891-2478-4f8f-85fd-10a537c1c4ab	889
90d2cbe9-e2af-4f6c-b05a-a0bd7618e5df	884
90d9a2fc-defb-4a0a-a780-9083764b8804	992
90dbb60e-ac6a-4205-a0be-90ca0aadff81	772
90de67a1-9dbd-443e-b82e-b4b3523b80c2	784
90e252a0-815e-4158-b69b-3d6b10122eb2	893
90e3ddbd-08e5-4b9f-8982-1360261204a8	1006
90e45ffb-cb84-4e13-a6dd-84eb46197a4f	987
90e57f09-6d0d-4f4a-be09-a8b20e39d901	782
90ee00ff-4130-486a-b43a-90f6a94e6fab	786
90f48391-af35-47cb-aa81-0a9a0c388bd4	787
90fb7ce4-1e9c-4c14-89fd-c09c88810932	889
90fbaa3a-057b-4df1-a51b-e3692fe90969	988
90fd0962-37e8-4288-a7fd-23e65e6066ec	787
90fd6586-ea97-4e20-aa0d-e768f79b97a1	785
90fecab2-cacc-48e8-99bd-d5244e43feb4	995
9108e839-b905-40fe-a79d-1cd7e7140dc9	786
91112b40-b7d8-46c2-8a15-ef55ab8c2e90	795
91151051-bb2e-42e9-ba0b-296ac3d0ed7f	782
91174109-135a-4486-b648-f182a325c39a	892
9118483d-19c2-488c-a89f-5bd8b5c5e322	988
911daa4a-1fa4-4ade-97af-5d130f4290aa	781
91226d1c-ebc4-4cd1-accd-c627462af82b	886
912b98d1-5032-463a-889d-04abfbcd1d4a	977
913209fe-b1bd-4399-8507-2c231f818b22	1002
913bd176-8934-44ce-97c6-4d121c9ed4f4	1001
91401541-aaea-476e-a791-31008e418078	980
914122ae-6262-4dc9-840c-14f4a8c310e7	986
915160ed-8d9c-4276-bc17-da81ba50ea3b	792
9151c115-63ac-402d-89ae-dcb3b27099ff	780
915c8df9-646f-42d1-a877-4f5906ba1dfa	995
915f1779-b654-467b-87ad-c9dbde4e5fa3	993
9160f940-a4a3-4bfd-8c6c-ee21cf191cc3	978
9164ab69-0f6c-41a7-a299-daf3bb5afaf8	990
9164cbdf-724d-4c6d-a3ff-1a71b8f33690	998
9168239d-f128-4d73-8ed9-c99e6fa4fca9	975
916ac5b4-e75b-4b6b-b5e1-f5a3f6db9398	787
91715e5e-82ca-451c-961b-24e747cad30d	895
9171bec8-3b44-460a-8aaf-306a7f9f4e71	983
917505c0-58e4-4c6d-a854-bc2fdc379b38	990
917bae99-b674-4f9f-a9c0-f477d2155a43	987
917c4734-b63c-4f11-9fdd-143996238d51	977
917de256-fda9-4506-a016-c13e4645be97	789
91830e70-241e-412c-ad83-639c123e3ec4	785
918fdf4d-c637-4ca0-9fdf-7bbb34c47d51	786
91915cd9-ca4c-4eb2-b04d-a4862f7c810d	786
91938e8e-ac55-46de-b4d7-14f17d51cc86	886
9193b01b-340f-417f-a965-17b8b5585ff3	893
9197ea09-7099-4a02-9665-6d0123781af4	785
919e1961-5751-441c-860f-b4d1263cf0e5	776
91a35942-6b45-445b-b963-16ad398f69d8	995
91ad2b8b-de2d-4b49-936e-1028f08e7672	781
91aeb87d-1272-418e-8f08-a3e8b06d152e	888
91b162fd-e411-4a76-bbc1-3dac7ecebd0b	884
91b16c8c-d295-48e9-9f6e-3291d44c51cd	780
91bdc564-7ff5-4e22-9701-f09fc37f31d5	990
91c2d32f-3282-4c5a-ae82-fbc6fdb1ffe4	961
91c39717-d8cf-43fc-8951-4b72d913a147	981
91d2eb4f-2984-4b42-8cc4-ac2761d421f8	784
91da96e0-38a1-4fc8-98bc-edafd224e6e8	983
91dac902-c48b-4759-b61a-b7252190494e	768
91e8234e-18c0-4ce8-8ca6-f44299bde2a5	986
91e8eddf-6f96-4964-bd32-dab6a4cdd3b1	785
91ee14ab-68be-49e4-9098-b342111b5e64	782
91f7243a-468c-4d5d-8237-07377ce19048	892
91f965f9-f566-47cf-9c96-9071cfedec24	890
92070909-f1a2-4c0d-9abd-f1d9bc117c21	997
921149db-d600-40ba-8822-9d32ea63303c	785
92198618-0a8f-412e-afa3-25ed55ade03e	992
921b5964-87b2-4726-8ecb-c069dafad7e4	784
921cb852-b7a7-42b4-9dc4-837d9ae1620c	913
9221a956-2baf-4cb6-9e8d-cb869338c5f8	992
922c45bd-644b-4fb7-8c08-9a8cb0840912	784
9231c554-ac26-4905-ba92-7f0a94c8b8c5	780
92358943-a14a-4735-8763-b666c808b789	994
923d2409-ef17-464f-acca-e2499d1ae9fb	1002
92484f78-9949-4c24-a041-008832c45b2f	888
924abe86-ccf0-4c8c-84e9-31b415a58eda	904
92515d6e-2c6a-4b7c-aacc-0676b042c418	894
92564c4b-f65a-4284-8a58-945124be5f2c	1000
925aa725-ba1c-4945-b686-7a9d61d2b37e	781
925e5101-e9ed-4ec8-8349-f79616657fc7	1006
925eb8b0-9ba9-40e6-8241-82432d0aa6a9	992
9262e6bb-47b4-4070-ae26-8ace9d813c49	784
92680abb-cbd6-4337-90ad-773916bbe161	783
926bd83e-12bd-40e2-9457-fc4fbf8c013e	989
9271e429-9e58-47d9-b48e-793e12d3a9f9	988
9276a129-f659-4009-89de-dc27470b75be	889
9294243e-18b4-41a6-b35c-1804644a3699	785
92969faf-5c60-4b77-8a46-839256cfc095	989
929d50f4-385b-4c58-ba77-d21eb5f2855e	783
929d990d-5514-4f8f-b0c0-7b039e82c0cf	986
92a3a437-35d9-4349-ad69-70f85fb4f0d8	787
92a6df39-f210-4f9d-97e5-6019ef41be1c	784
92ab4c25-062e-48c2-b2b0-ce57a5f508de	982
92ac179c-e12a-4aed-bea7-782026e55d7d	989
92bc9359-d986-471b-ab62-272b15a40950	991
92c0ac17-9781-448a-b297-1600e9a0560e	786
92c5517d-54d4-4fe5-b63a-2dba780468f1	887
92c59f71-c73d-4e6c-8101-3bd273f61d0f	788
92d80a3a-04d1-4ba2-adf3-601fb948820b	988
92e9be44-fb60-4efd-a0e6-eab233985de9	786
92f2f8b1-3824-42e3-bf5b-1c9ada56686a	986
92f3d7b8-353a-40b8-a103-065e5aa7e421	1004
92f75112-d7db-4628-b8ae-b3175fe577c2	2011
92fa4968-edbe-4ca6-bbdf-26ec0aa5fd0e	620
93003079-a6c2-4fe1-bbb9-4e627b98a9a8	774
9308f7af-096c-4111-958c-ca3f762f722d	992
9309076f-833a-41d2-987e-c9491fd12342	783
930bac11-b939-4128-ab0e-28d1a6a58b8b	983
930d6a0e-bb22-496b-9a6a-b2d0531825fd	990
930e2664-c108-4fa8-9905-c264cd3847e0	786
93128fdd-cbf3-46db-8dd2-15ccc17037bc	784
9316344b-1362-4b3b-bbd9-8409662f08eb	787
931d57ee-36ec-4a04-a6d6-3c73ccd9e20b	787
93200700-0daf-41ea-8315-338ee8dd1ee7	778
933210c7-9124-4af2-b4ed-7e8b8b4a60f1	813
93342abb-097f-4b07-b4a6-09b1302a80ab	995
933dbbb2-1836-43e3-bf56-721e2b7bd845	787
934044fb-245d-4dc8-8637-e2f34fc9282d	1001
9348a1db-81a9-44eb-b9e7-3cd7b93b56c3	627
93503e38-6eff-492c-9069-48cb49307edb	979
9351dba2-14b5-41b9-9673-40de3a456d81	992
9352f40d-8dd0-49dc-a824-68b9c2947082	795
93571c58-46e3-4e12-b320-645f187bbc52	792
935a7d55-4201-44ef-a1fa-3b7dcf7ada7a	785
935bb376-59fa-4d7c-8ed4-ee8ee459ae0b	790
9360d07a-e428-443a-bba3-41265830f111	775
93693861-46f3-42d3-bd3f-250320d6b795	787
936c703d-3f8a-41b5-a391-67671cc37af6	971
936f50f4-1b59-4889-b55e-d6f2b07f9104	982
936fbc33-5a4f-45bc-b6c0-f269bd8fa6bc	984
9376c0a5-7463-4c29-8426-e38e9deb440c	985
937764ef-2227-40ad-8a80-989534b00c2d	995
9377c51a-006e-48e7-8b63-7da4c0d01a45	786
937ba889-25dd-430d-9f1d-67d91f67dd17	983
937e8dfc-0c8a-45dd-9c8d-1076e470b4d5	790
937ecd4c-4dcf-4d3c-b58f-16d9901244fe	785
937ef69c-4812-4d4c-bf82-1922c970708b	991
9381a705-ac9c-4b0c-a0b4-97f48c9f4612	1169
9387c2d2-dbd9-4150-9cf9-16f06d977b5b	779
93887b58-bf15-4907-9909-a850d8e6eb57	885
938d1c8d-2be1-41c1-9bf7-1732a2c734cd	785
9390092f-d10b-48c8-819d-485bc719d87f	772
939049b9-4aec-462f-9efb-a65398b6fae3	983
93927b26-e1a6-4fcd-bf6b-1c0cc5660ca9	784
939e3b4f-2ba4-41c8-b98b-80db2e4d26f4	891
93a3b327-4d20-44e2-9b89-5b5ab48c88b9	999
93a58cea-3065-44ef-be02-4e3c0f6214f7	986
93a899e1-5fa2-49c4-aba4-4b2e2c2f6255	890
93afb0f4-1bea-446f-8b4f-d729d284c5b7	783
93b099eb-6f8b-41de-b164-a6e3df1c8e27	994
93b55171-1ca4-4f8f-86fd-6d6145c358bc	780
93b87e04-8779-4cff-aa76-6c503d350e3f	991
93be595b-f697-472a-81a6-a91a48ab3573	787
93c46feb-a9b5-4022-ab0d-f5f59d7f43d7	777
93c4806f-d0da-429e-bb55-fd56dbc284a7	991
93c5eeec-f511-4879-bf08-a110e6d4549f	898
93c7e990-8447-47f0-8134-c08f64a6ec5d	974
93c90fbd-4602-4419-bdaf-fb069f02497b	993
93d16201-0e0e-4473-aad6-0b8df747de2a	982
93e09e88-e65b-4550-b583-dd8e00d6c44b	787
93e2dac1-c593-470c-991c-c78a09af0285	883
93ea6310-be5e-4e85-808a-dcc5036d311b	782
93f1223b-d522-4e48-9d29-9c41a31681ed	999
93f4e487-28da-41ab-9b86-ac79f2087659	786
93f7ad3d-392d-4de6-a933-73537ff835b8	786
94153c27-ef69-4c82-87dc-764fc43028e1	997
941d8c22-44a2-4158-a663-47636447c998	787
9423aae1-61b6-4e9b-bcb9-7acc51dccaf6	772
94248bea-0696-44e5-91f6-b6e546cd7e79	975
94281cf7-366c-47ca-8792-4625d54dabd0	778
942a1d80-32c0-4e19-815c-d2d8c0e9245f	993
942c163f-66ba-4ee3-911e-45621b5dc968	791
942e6f35-69a1-4720-9158-c53adee728b6	827
942ef260-8ca7-4a96-a92b-37e569127a8a	787
94320d30-be53-4b93-9fd5-7fe83a7fb579	991
943fa593-3ead-492b-8cd4-b86d8b426b72	992
94495b62-df03-4e62-8caa-64606f43531f	990
944b47c3-a465-4ed3-a778-9660904a80d9	787
944b6a8b-3039-41b7-a862-257e1b88a2c5	783
945b20e0-41eb-4124-b07c-b8d5e2f22e40	780
946f8221-ea35-4b22-a8eb-3e8b395e5026	785
947678a7-c8c2-4de9-a4ce-9eaa7972ea32	518
94783011-7091-4ee8-8d9c-ae4ad73f0ca5	982
947a9c30-f111-411a-9f47-a56822f747ab	998
947bc82a-83c2-4ee6-84c6-b240b3fb1598	781
94955a06-ea9b-4957-8f7f-a1b18fd1c295	978
949788c5-16ec-41b8-baa8-658daf11776b	988
949c0a8d-6e1d-46e9-af29-b016c965b11b	780
94a31245-d060-46a6-93de-acc3d71196f8	783
94a50e7c-c43a-4dae-8263-28c4492df33a	785
94a642b7-e614-4649-afd2-8a4ff4e2ed1b	893
94afca7c-d4e7-4e6b-815f-48976c2d0e17	784
94b8acc3-17b8-42ab-98f5-55eb1c8d7d5f	984
94c8af7f-0d75-4e68-b2b6-760aa2be4af8	887
94c8cb5a-50e5-488f-b88b-f90a928f5445	782
94d1c3fd-d2b0-4762-8fbe-8f3c775c6c41	777
94d58f42-369f-4c05-8990-ccf3bc38a00a	783
94d677bc-586a-41df-89fa-54d2d09c2067	784
94d844c5-8e6a-4a23-86ec-88cc32927a8e	894
94d8d20d-b556-4548-9d2f-ae810b077f24	788
94db75ec-ed26-46fa-9186-ddd5ac135554	786
94e6e014-c4f9-4864-ab4a-a59d0934b8f9	978
94ef689a-5840-4f67-b018-31e99f739b6d	792
94f68c3a-117f-47b8-95ae-67643a097581	784
94fb8f71-0fdf-4da2-9442-baf40c35c46a	786
94fc83ac-2ce1-4afd-b272-f7bc10465d06	995
9501ed5c-1c47-444c-b2c3-6012bbb00917	776
9508f23d-bb23-4235-8c28-0d8bdec99e76	771
950ba52c-d093-4917-b7ec-0de844c123cc	784
95100f9f-f66b-4948-91ac-034bee7c9511	781
9513cdaf-81c9-47ff-93bc-2dbed014a4a8	993
9514b59c-0706-48de-b872-5ef414a0132e	992
952229c3-d2e9-4e57-b964-c8c4a18b75dd	983
95256a4b-a65e-4093-add4-bd83fec9d31b	786
95258c93-5840-4685-b6be-a3a0762ba410	892
952b1e8f-20ee-4203-8aa3-3c290684d3b9	982
952d444c-e6ab-4e7f-9ea5-249523809b0a	1001
952d5c4a-3bb0-4add-89cf-8825326a8f6b	879
952fb12a-1655-4e2f-bb87-7be5e804f90b	785
953064fa-0fec-4941-b0fe-eacac792e7da	782
9531fabb-728f-41c5-a13f-26d47bc1c121	983
95336e5f-bbe6-4116-b645-d79c800478e6	784
9544b705-7641-4a1a-a70e-54458c33014b	887
95487c78-5a0d-458b-b03c-24c073d63668	781
95564e70-2371-47e1-87e9-a49dd0cede21	982
9558f2ca-5fcb-40ff-907e-2efd5dc1082e	780
955b04ba-3dda-4a32-b735-3c45ac787e3e	799
955f59d5-ba51-4316-8291-26438095be76	1004
956c8dfa-fae7-41b8-9082-3b8a969ad9f6	785
95774bd0-8eba-4e7d-a46b-7cd0348b777b	915
957e3312-0a0c-4924-98fd-58a7eca5b2e6	999
958169a5-35ee-4313-9175-d1d03fc3a9cf	786
9582d54c-d59b-47ad-b39b-1fd18b0b145e	792
95893bfb-eee2-4e37-9670-d84a452a5358	786
9589edfe-c25a-4ed4-89a1-71c4f4d30bbd	787
958cbb1b-ac4f-48c4-983a-1738c9e4085d	889
95946380-ca74-4a42-9b5f-47bb9b274b17	786
95970a6e-ee2b-43a7-aee8-9539aa2c55e5	1007
959713d6-1e3b-4f50-a5ff-04bf60439264	989
9599517a-6947-4a0e-a966-3d81d5d9b07b	993
95a1324b-52aa-4164-8162-336d2562d68d	789
95ad7067-137d-4b06-bf3d-32a4208b07be	997
95b22707-339e-4b94-8abb-6f0dab85a725	783
95b54095-f5ed-4aaf-96bc-9a433223b3e5	787
95c1f3fe-5b41-4440-bce0-a2c3b447af59	785
95c40dd2-00d7-42c1-8e0f-0a7d0b5b5836	1002
95cc1bd8-6476-44ac-b551-6e956549b911	1004
95e08e7e-419f-4f5e-9cfe-d7f0dd6aaa07	983
95e12dba-60b8-4c16-88b6-2c3a1b8f9cf4	783
95e2bbc5-c0eb-45e2-b2af-176d637a492e	785
95fd532e-7b05-4e95-8b73-bb1ca023e707	781
96044b87-fc0b-4da4-9351-a0299863ad20	977
96075595-832f-4ece-8512-97f4e1e7f1b3	776
96181b32-f241-43f6-9d16-cbcc1b5ae3a7	788
96214bf6-8f1d-40f5-a4b6-20d05f4ab1b7	637
9622c782-bd67-4d6e-b47e-752e089c854b	887
962c4732-f2c9-499c-a474-5d079d3bccfc	787
963cd6c0-239b-47c9-816d-1435b4094872	787
96410d39-d2af-41b9-a6e1-1f91a7906f64	1006
96423a18-a21e-4747-80dd-d9d3299529f5	889
9643ce41-b481-49a1-a80a-13b12c9355f5	786
964fa302-b5d4-43de-8c27-207814c237b9	781
9653e6f1-89f5-46f7-80d5-1d5cfa8f7c0e	993
965aefd1-fb7b-4f3d-9fb2-ffc6160d254f	987
965d3f56-f456-4fce-83b3-90c86df6722f	997
96630d04-699d-4659-8ef1-d814abb1181a	990
966974ac-a652-4c9d-9c41-98e9b6b3f6ce	788
966ab286-90e7-4282-a6c6-f2006489fc67	788
966b30ff-a5fc-4209-a178-84e6abc68589	786
96738fef-f269-4c1b-befd-0e553010271b	787
967c0422-9240-486b-a07d-ffa322448b0d	976
967c65c7-784b-46bd-8d32-b97395a4102d	979
9682de08-7620-4698-b830-a755a9caf3ad	985
968a9f6a-714b-458b-b4b6-2f92e222816d	986
9695cd9f-544b-429e-a47b-fd410027d945	992
96961449-dcff-4eab-9090-76517e1ed990	785
9696806d-4d5c-4d50-8687-c8afc2725cd2	781
969a3731-1191-473c-b4dc-9be4a21ac853	992
96a63168-a149-479d-8de6-ae5ee55980ba	776
96a938c1-53ea-4882-87da-a0de87747d87	986
96c1aea1-a753-4bf6-8833-b111d7e85a1f	885
96c83f29-8b33-495a-97a0-16044b264778	1124
96cf411a-ae00-4dda-953f-7096ad517118	900
96d82d63-fe29-436a-8e51-1d3e6eae2c8c	893
96df1a75-3eba-44ba-9441-29ba86c0d8e1	981
96e3f04c-f456-429b-8f96-b25fc3485247	789
96ebf797-d682-4c91-bb1e-e7f7711dc9f5	896
96ee8373-11f1-4ffe-9757-f99a8567affc	1006
96ffe195-683a-4d29-a840-229ab3ac17b5	785
9706f2c6-e269-45bb-b07e-b1aef37d8062	783
97090cef-7133-4efa-bccf-1b16bd19aeec	770
970b4a9e-75bc-4640-bbce-7300d6b2a81b	770
970e6469-cbd1-4cb4-8d5b-4db2e4f0abf3	785
9712067c-c70b-41b0-a27e-2a1ea75838e6	975
971c3659-d626-45d8-acd9-f087a9014eab	784
971c9090-17de-4536-9b4d-339b6aa2d2ff	789
971e2116-d0f7-4318-bb4a-e48c2d699a04	974
97287e16-e910-4e3c-bcef-b61d882b8c40	787
972c6677-76d9-4f88-b521-7166ab683107	782
9732a4a3-a5ee-449c-8f09-e85d4d0aeea8	786
97378612-17fb-42af-a127-ce9246ec0ecc	984
9740c547-15ce-4499-9f50-3d34854bd375	982
9742f61f-f202-499e-bcf8-dfa1868f4ade	784
974b19ab-fcd3-4ef7-b6e2-eae71378fd75	785
976c070c-f102-4234-8ab5-7fca1b2db274	787
97737b62-fd12-4a6d-b8af-d3ab9517cee2	784
9777dcce-1678-4336-a635-b3be9895494c	786
97828e12-9f6a-4885-b364-a88075256838	789
9783ecc2-1aa4-4a73-951b-6873ded84521	778
978d4e53-93a5-4b8f-a1b3-e2f4905d423c	776
978e77d4-37c2-4b9c-9344-7d56fd09857e	786
9797329f-de0c-4832-a184-21abf68e2082	788
9797d703-e7d2-410e-bb63-0a38715eb60e	1004
97a1e6df-83a5-41f1-8422-8219f28e1f3a	783
97a1e714-761b-48f9-bc41-25070dee84e3	890
97af0583-9a8d-45b9-ab20-58d620fb125c	789
97b20975-a70d-46f1-9d9a-7b3b1a89934b	976
97be7e0a-2bff-478a-b588-5cd74c6db5a4	779
97c265cb-e68d-499c-b7e8-16f9cb991ff8	1929
97cb55b7-5c4e-4bea-92f6-8cd7483e6f13	991
97cc47e7-1870-4d2e-8658-fb0c7d2c9c02	985
97ccea96-bc92-41b1-a97a-2f18fddfd0f6	777
97d3716c-7641-4a29-ae80-b0223b178bb1	781
97e614b7-ed75-48c4-868a-4d9664a9b734	984
97e8556f-b287-4011-8eb5-7ea927c6fe1c	782
980b0c36-b686-4950-b32f-b9ed05cb194e	788
980bb7eb-8e59-4772-801e-b9a5cba9b619	785
980c43e8-f68c-4ce0-b4f3-568a9c8e49ef	784
98115168-e422-4417-8fa7-149af147ad8d	783
9812475a-3154-46c3-beb8-89806a7c89fe	895
9814f03a-4a0a-477d-8289-c6aa4b1228e8	992
9818be0f-7605-485d-993c-22f5c5f118d3	997
981ac353-88bf-4162-a858-86cea7d086f4	785
9825a4d6-121e-472b-931a-5af9bb7dc2fa	788
982b7e01-b9c7-4580-994c-a0481239fba6	990
982c0fb1-225b-4e21-9225-fd05756dc124	787
9838f6b4-8ed1-4f67-8593-63e77e208159	784
983a9572-80f4-4daf-8faf-2b075396b280	995
983b8fdf-d1ff-443c-9596-4a3858f3da1d	1001
983c352e-f49a-4a81-be3d-fec40e9d9d44	992
984957f5-44df-403f-bcd8-fda7b658e919	787
98544377-f818-44cb-8a98-f171fe5432d8	989
98557bac-d886-4a94-94cf-d528ccbd4d07	883
985b2eab-8e53-4b26-a159-6086a934468b	980
986d737e-3e70-4888-977a-a63efa719e90	780
9880661c-beb9-4835-ac42-b30b6f6ba4fa	878
988fc0d2-a701-4af4-aa22-08c06f1b7201	786
989482ee-bf0c-469a-b448-f3691427c167	782
989546c2-936b-4fda-9263-70565a69605f	785
98959c76-4b91-4758-8f6f-2d5a7cf9228e	786
9897561e-0939-46f9-b0ca-9a9da9516ed3	992
989a830d-06ef-49a6-89c8-ae16bf21b1c0	987
98a15593-01fe-4297-aa7b-ee48c095e90f	783
98a6f2c8-5946-4780-9339-a07ce3f89f6a	977
98b46eb0-9a9b-4814-97e9-438232d3fc65	785
98b51aee-7d89-41a2-8cf4-473e84cd613e	785
98c41acc-109d-4ffe-a37e-6f4e89beb55b	1166
98cac758-660e-4659-baa0-9cbf9a0fd205	562
98cb9a43-67ee-4449-9ad5-146ff1473c26	783
98cf752f-8cf1-4e26-af21-5fef43d65389	981
98d2802d-c8e9-43e7-98ce-85d5eefedceb	784
98d714c4-fde3-45e9-abab-1bbaccb8bcde	784
98da86b6-a171-4a7e-b6aa-5c7805d3a2c6	999
98eb9fd8-6834-468f-98e4-c1f2c49c404d	787
98ebc8eb-bb35-478b-a8b8-313284434991	785
98efce65-cfb1-47e2-b69e-e4906d9aaf18	783
98f259c5-6b62-4d1c-8da5-ef3d009a350a	997
98f8c00c-6a28-4645-9d70-534ead299289	994
98fd4a5b-b094-4407-a7c4-2097eef057df	790
9912af3a-a71c-4726-9f70-9d0bc10e0fd0	784
991392af-5265-42fc-9a07-ee2ce45bc683	784
9918e872-2c55-4d9b-a2e1-20d3e2a25656	988
992932e7-54bf-45d5-a7a2-2eba07cc3996	783
9931dd3f-55c1-43cb-b4a9-739a47d3efa5	530
9936b1bc-2179-4c43-92cc-93d5148a2663	786
993884d4-57d4-4bcd-a0af-7eceeb811a79	784
9943af44-6c18-4248-8ffd-5bb7f38e50a3	988
994cbd77-afd1-45ca-9beb-908f63e81e00	990
9959d5bc-4728-4fd0-80a3-ea6d0956e8be	992
995b7f0c-51d5-48e6-a39a-ae0550980de7	982
99617196-3305-482f-85b9-e136d8d16434	777
996767c8-1fea-49db-b283-4dd24dc38ceb	891
996d9466-d176-448a-94bb-5fe4c65892f4	784
996f675d-2ff6-493c-9241-23180afdf373	976
997945bb-8df1-4742-a7da-9d20fe1cd5f9	816
997f16aa-5957-4d22-b64a-714050bce65d	988
99833466-26d4-4357-bc86-8a5c5f45dab6	1001
99898289-1568-4d9d-8177-867a6b926f65	888
998f0060-3bb8-4c7d-bf3c-a88908f224bc	785
99923a2b-ce33-41b7-83d6-63af88a3b153	865
99a1073a-0edb-4da0-94b3-30cab99bca7d	897
99a4bfdd-36a6-4ab9-b03b-5ba2e7abd268	997
99a4db34-d0c9-41d1-b3d7-084f38dcae67	888
99a78565-a6c1-40ce-92ad-93359f04f5d8	998
99abf6fc-7e66-4cb9-896e-c49471cab7d2	780
99b0ec51-1cf0-4921-8144-233a9ca58bd2	784
99b19154-16f5-4cf2-a368-a8edb5cbe356	894
99c023a7-fd71-44b8-9572-764964392be2	996
99c46735-c18c-4590-a062-67069441c60a	1007
99c5e8e3-0d0d-46a8-94cb-acefae268570	773
99cc2831-2f8b-4335-8d63-9bc26f1f9064	838
99cfc291-8163-4c48-9c3b-8dd93e3248c5	994
99d23912-c7fe-4fdf-a6ac-a1184058f367	788
99d6c545-b75e-4ef7-a0a8-c38e1d2c2da9	785
99d7e164-1d68-4977-bd16-092de7120b9c	883
99df434f-983c-4947-bfbb-59761932065d	983
99e71ef3-af50-4791-b0b9-ace3b5e3c49c	985
99ebfd4f-04b6-4810-ae82-2614e71e788d	789
99f05c5a-9f2a-488d-a9c0-3ff24c02b7e2	895
99f17c64-bac8-4e0f-8e88-2422102e7439	781
99f4e59e-3169-490a-b2ac-445924c9c108	788
9a01e986-ab14-4ab6-aafa-61a67facca42	782
9a066767-30cd-4291-9a5d-e3f7b9d18f9e	996
9a09ad51-8e7d-42ef-937d-a2a053c991b9	888
9a0b0890-f6cc-49ba-8708-14b2a734989e	987
9a1d95bb-4fdf-4e34-8015-9d5bed8df7f4	995
9a2a625f-2904-46f5-9a48-54ea8525f004	993
9a2c1a0e-9a5d-4888-8893-69c6aa61f066	788
9a2d4a34-6d66-4fe5-9f86-0339163a057f	783
9a3b2c8b-6bab-4e78-8457-1a48d0ac3ccf	781
9a3beaaf-dd21-40ce-a8ec-4e6a0bf440fc	788
9a3cff6e-400a-4eea-ba5f-18d02e8c71d0	787
9a45a685-357e-4768-bbc2-7f4c0869d086	996
9a49b590-9872-4c7d-a341-9477b5c002fe	985
9a4ac36b-2843-4d7d-a8ae-b2db77d8843d	986
9a4c1598-fa03-4b78-9d0a-8ea0f0390ae7	987
9a600917-526f-4fe0-98bb-abd63e647ec9	1008
9a651c38-8bf0-4772-8956-d0320ae9ae1e	787
9a70502c-dad3-4ed9-bcb5-076c7842af00	779
9a78cab4-8ec9-4784-94f5-4883078f76bc	990
9a7944a1-92d5-4311-b380-807517666795	988
9a7ffde1-3fd5-4d08-9d67-407f7da822e6	889
9a81024b-65b8-4842-8253-9b565e39295a	958
9a85f668-437a-4ac5-9c92-4fe439bbe6cb	994
9a8abc0b-e28a-432f-a1a0-61278a7cfd40	785
9a8cd95e-3f7e-483d-9db6-dd08616f36af	783
9a92902d-f5e3-4002-bcec-8a0d360c86bd	782
9a96a881-666b-4113-a632-d47e9dd2d428	786
9a9ccabe-ddb9-420a-9728-5a6da557b65f	961
9aa117f8-0232-4736-82c4-ad5aa3b421ca	790
9aa7f0cf-7e11-4d3e-8cb9-851ed8a94f32	977
9aaca26d-fe5f-4427-9daa-2a03ae011289	988
9aad1273-7f0f-4b86-a0de-57ad9a37e92d	993
9aae46dd-daab-4c65-ba7c-e166a1f8cb03	2042
9ab2120f-5390-4f94-9ca7-142343dfa450	981
9ab5855f-c8c1-4f11-99d2-47b79ee5251a	882
9ab8b5f1-2e30-48e1-afde-728e9e621dd6	785
9abbf3b5-4ef5-4cf2-82ad-5212d166219f	784
9ad0dece-cd58-4b79-bb70-0be2c5d924c5	785
9ad364d4-b3e4-4b4f-835c-1dac5528ae97	781
9ad6b96a-a0a4-4a15-87ce-c55f83be17ad	784
9ad8026c-31d6-4b66-b564-f20eb95de06d	785
9ade4c60-c95f-4a7f-89d6-5faecea3b17a	783
9ae2d092-fae4-4b02-bd23-e1d1d939d39f	786
9ae88902-06f0-4279-a10f-eb3a978cc1f1	895
9aed187c-23ad-4d7e-b439-cc6000217e9c	787
9aed1b35-8821-400d-a470-1eedff23da2b	787
9aeeae9b-cc4b-49c2-a3c8-5bee2f5f6796	996
9af20489-3eed-4c07-9c5b-e0ce42ed0cd6	788
9afcc50e-c7c4-443f-89ae-524893b850b6	780
9b0369b8-a73b-40f0-939b-4677f93e043b	983
9b04b87d-aa06-4c48-8a80-5316bc944e02	785
9b10fb62-4972-43f1-97d9-017fde49e938	784
9b118724-884c-46f5-aaa2-803f8377f00b	988
9b1205a4-f3f0-4c56-b693-a0de14fd5595	785
9b1c2770-9ce9-4420-af0a-640b2a2f21e6	572
9b2394f6-bae9-428c-8ab8-d8c13ca6300a	785
9b273a0e-ab7e-4525-83bc-75d326271cb2	754
9b2e69e7-110d-47e4-be8f-38d602f5d23b	975
9b2fab60-7f40-4963-b793-1eec76d1f584	985
9b36e7af-643f-483c-b22f-ea459e76d28c	786
9b4873f4-498b-46a9-816b-29cab48d1f13	787
9b4ccde0-86c6-4504-a886-3998ef18661c	964
9b4fd46f-0461-4810-868b-378326b2e997	786
9b57ef0d-748d-4162-a5cf-dfadc14403bb	784
9b6566e0-e777-44c4-b399-8ee22d413c7f	992
9b665b02-c1d4-44d3-bf61-f57920534387	783
9b67ed8c-75bd-4cc7-8b79-9ddc425ec1a2	980
9b6c8d8a-04e0-49e1-9c0c-0c2fe65d87dd	991
9b76cf26-572d-4620-9956-d41f6051ec0a	910
9b7f13b4-6a5a-4025-81ce-93881653971f	780
9b842db0-646a-4cf7-8f5e-96376fe66c16	1001
9b89b8a9-5278-4ad0-831d-b2d453f3928e	789
9b9f0d40-0455-47b1-89aa-9700193639bc	781
9ba0fbdb-d48c-44b0-8999-ccf120fe02a3	778
9babbf58-b7d3-4596-a1fa-95cbf9d64192	886
9bb92464-f8f2-4f92-9012-078f1f6bcc3e	894
9bcb4992-0941-4c3d-8064-1e8c81635fe2	785
9bd1ec23-a6b7-4886-98fa-010da3cddecc	784
9bea1682-61f7-47b5-bb87-c8382319c38a	787
9beaa196-0254-4872-80c8-00fbe43533c4	973
9beb6a1f-8ddf-4893-91ad-8fac3f8ddad5	983
9becfe33-0788-462c-a575-399444395759	889
9bf757bf-29b2-4252-a3c6-38e6aa7e18f7	784
9bfb2234-180d-4ce8-a605-b278d4ab8cb1	785
9c1189f5-158e-4bfb-b2ec-73466b6a4310	777
9c11d554-dad2-40b6-ac4a-3190766caaef	785
9c121a20-dbad-4733-a10c-b45d46b6dd78	993
9c1641f4-54ae-4bd3-9a02-7493aaf58e76	988
9c16de64-41ae-459d-ab12-0e184e774206	809
9c175811-9d17-49af-accb-bb82d10eeea3	793
9c1c2bf1-a464-4726-8081-806c1a3c86ed	984
9c214875-1868-4846-a239-97358997607a	988
9c24353d-d81f-4c70-bed8-6df34f96c5f3	788
9c29bbd3-5920-4618-bd38-c21cd319e225	776
9c2a0089-2ef8-41c2-aaf1-05551c1dd728	993
9c32d0d6-9beb-41c2-a8a1-05e22e6d3d8f	781
9c331cba-9e76-4776-ab46-2ecb980ddd7e	997
9c33cbf7-b477-4f6b-b8c8-c7b8f8de78b8	784
9c3d59a4-6b55-46a0-9bce-3bd917ebedd6	890
9c40dbf1-568a-4d44-9472-60c93c38daf2	889
9c44dbc0-7ead-4074-ba39-416dd4ef8551	780
9c459756-23bf-4d85-845e-919b6875f589	784
9c4751d6-aae4-479c-a74b-4dc3a8ba912b	783
9c4b01f9-c25a-48a2-a039-8b15cf334e97	984
9c4e1cec-a563-4fea-a8fc-58fc31928bea	996
9c51d5db-7fde-49cc-bb56-fe1071b53c62	777
9c5ab892-85b5-4dea-b324-78a580271a59	1008
9c5d8017-7a95-4262-9d0a-4166941ce247	783
9c676ac9-98b2-413b-a907-e9521fcdc882	787
9c6d5ffb-af37-4087-be92-f099285c0334	781
9c7a58ab-b007-4455-ae83-92ed4fead5fd	782
9c7ffb8a-6235-4df3-a59d-4520052ac0b6	998
9c8264ee-9100-44cf-a181-6a9540350dae	780
9c85dd96-4c70-4e43-91ee-255e57033fdb	993
9c87647b-d1e0-4799-a1b1-c3ee4ada84e7	1586
9c885a10-4589-4043-b9fb-9d9abda51034	1001
9c8a9c61-5dee-4364-b8e2-243bd82f2576	993
9c8d9930-ba9b-4531-b435-69f0ddb7533b	1001
9c90f884-c7a1-453a-bec9-a320896e685e	983
9c9267fe-012b-4333-8503-46a049390cfe	992
9c94dcc1-e9e3-4a8f-9bd3-8b4a559f540c	782
9c961895-efcf-425b-9eda-b00e0a35dd25	786
9c9723ae-be1c-46af-b314-97ef8310edcf	993
9c9abde6-e367-4168-8214-4f991e2dadb8	980
9c9d4a18-4af3-47ea-97a4-8d97e9d97500	994
9c9f69a1-f0a3-4ba6-bc1b-c00f11e8aa99	786
9ca90a1b-cd45-42c2-92cd-cdb1501c601a	781
9cad2978-7c33-4bac-b1e3-dce0f7b5f280	995
9caee49e-e2c5-411b-92a6-dc30f2399ccc	982
9cb2e353-0f29-4b8b-bdc2-9aa43089ef28	1000
9cc24278-42bc-4901-85a8-52ccb410aa18	790
9ccc9f2c-f5b2-412d-a1be-8b4b49b0da4c	782
9cce2df8-2564-46ca-87ef-853f5be7015d	992
9cd3ed12-b7e7-4f4f-b24f-8d4d0ff5a285	780
9cd4ac4a-7d97-4b5f-a7a7-e7940e0d309a	887
9cdbb050-4b51-4e2b-9578-571ead121389	1002
9ce732b6-ecbd-4fb1-b5d0-e374852ebfdb	979
9ce92ac1-fb25-4821-a3df-37b77511f5bf	978
9ce9ea8c-7b87-4328-ad5b-748a286a16d0	784
9cee018d-edd0-45dc-8041-02e2fa553f41	782
9cf2cbc4-26b6-4265-a39f-06afba27ec56	784
9cf38316-390e-4dfa-a00b-524d5ffb2a0b	785
9cf3ce1f-ad91-4e94-809c-85531228897e	882
9cf71203-d5ca-4ee7-b30a-06104307ad98	781
9cf71caa-7c37-43de-830a-d9c2171d6aee	786
9cf8c4e0-aa32-402a-9f7b-a17f93d83598	784
9d003007-6373-45d1-9753-9e510178be05	771
9d025a8c-2979-40db-8c48-e64078478d2b	894
9d03b5b8-43a2-4970-b1a4-730f38e48f62	890
9d04da13-100c-4a74-b52b-5e8f13badba2	997
9d06dabf-919f-4c83-8764-2cdb113bee90	996
9d1418cd-83fb-4d5e-b348-046dc99968d7	784
9d18f913-13d0-4ef3-a07e-102843c674c6	980
9d1d43f4-33ce-4536-87b5-328cc07584c9	996
9d1f4c29-d88b-43a3-97ba-0443655d2fa3	785
9d2ccaa5-6317-4662-adfe-0f07fdfeb27d	787
9d381e69-02e8-4b3d-b5a7-5da5876a4e9a	791
9d39094c-e66a-4b86-8197-9c51ffb1fbf4	787
9d392826-731a-4fec-ae21-ae8f64fb575d	784
9d3aab1c-d55c-49c5-8d50-c7121064695b	784
9d3dd06c-8b3c-43f7-8cee-3606ff4c5b4a	973
9d3f0190-4b89-4c3a-9e3c-6e7aed0140df	992
9d42d190-6288-4182-a159-2ecff006bc81	981
9d4436c2-c286-4c2b-a7a3-683ba851c7d6	984
9d45438c-05bf-4518-9fcc-7537341a6fbd	982
9d497835-8dd7-4b58-bdcc-2a0d1898c217	786
9d4e15e4-2544-48f4-a3b8-529fda3626d8	783
9d54501b-8cd4-48c0-9206-46ef7d8a6b71	787
9d5f7715-1f2a-4620-bf5f-d99340d01a62	784
9d62413f-00e6-4d3b-9b54-56eef69a1347	981
9d64e6fd-dd20-4f02-9530-d5526f718843	1001
9d64f9d7-39a5-4ebf-982d-e1177dc5d2b9	752
9d6b3c0c-e6d6-414d-9bc0-62523177bb4c	892
9d6bed12-ce5a-4097-b164-a97b8f104a59	1768
9d6d68b5-6b98-427a-8557-1eb6ed31cafa	986
9d6e21e8-1099-465c-9ace-75b870435722	973
9d75a957-c7b9-4f55-abf0-25bd02ead969	788
9d76881d-f2c4-4038-845a-94927f8102a6	790
9d77777a-ce68-438b-986a-cff058b93e7e	810
9d77d01b-dce1-44b7-81f7-89bdd67ab225	784
9d7814d7-3f9b-4e3f-b260-306d0b477cbd	677
9d78371c-e29a-4fc9-a834-f78cde7d5399	661
9d7c55e9-5bd8-416a-a88b-d4814cc25ec5	985
9d85c37a-0ed7-4e7c-b4b5-f1bda6eaedf3	986
9d8738c8-b775-4dc5-b80a-c87f9586443b	785
9d8851a0-54ce-4fcf-8d8b-8bcb3537422c	785
9d90314d-89bf-437a-98c4-0009f8ee72ec	1002
9d949247-e778-4a46-a826-34346b548ff4	790
9d94cb20-1c2c-4557-86fa-e611bf3c623e	786
9d9825a5-0497-48a3-a6dc-42071a21b237	784
9daadb3d-0b39-4c9a-9fca-e506356a76a8	789
9dbacbf3-040c-472a-ae3e-7f74bdd015c0	781
9dbc64e4-41bf-465f-a722-764a9467978c	910
9dbeb89d-12cd-4307-a796-dfa1d715450b	999
9dc03c9c-9df6-419d-8379-2f732e70db9d	949
9dc2667c-ce17-4b1d-a899-18defb91567c	1002
9dd55cde-36ed-444e-8ce2-898b9f29e9c4	790
9dd5d9d3-1c47-4c11-95f3-c26937ce1433	790
9ddd322e-0b08-4b1a-82cc-61da679d19fd	974
9dde199c-e81b-4180-90d6-81b994b0d432	914
9de337b3-a3e1-4637-a786-b65e4877ba88	893
9def50c2-1b08-4402-a08e-f510c0fcf5d5	991
9dfaab54-cc6a-4986-9646-7820641a5902	780
9dfd96ca-4d32-4543-a69a-38150dc6ba0a	783
9e08ff53-99e9-49d8-9530-938d8f36110a	787
9e091894-7075-45eb-b313-abc86de5b49e	996
9e09b94b-2b81-45ca-9010-10ac5b784710	990
9e0e3f52-b2cc-4c8c-a2b9-b27efbd595c9	787
9e16a895-f146-48a7-aed4-d6a4d81e8059	778
9e170320-f0db-44a9-b1b4-e6ed672e7a36	786
9e22da7e-f695-4a0d-9d3e-35542903cfb3	980
9e2b0610-1aa2-43c9-b45f-1f86d2ea8ec7	977
9e2bcdeb-f858-4ee4-93a3-99e63befe342	784
9e424bfa-1d40-4ae1-9c46-745b29a21429	988
9e4472bf-d1d6-416c-9abe-6ccf9d9ddf0b	989
9e4823e7-3070-4d9c-b0e9-f619c0ef453b	787
9e493d98-32fa-40e4-b9b6-de8dcb10a800	1000
9e4adcf8-0791-4463-8c53-5bdfc9b6bb80	787
9e4b7198-2626-4d43-87ed-9fb78ccf198d	784
9e52d72d-b33b-49a9-8eeb-ffa632647e23	785
9e53695a-3048-4827-b2f8-cac57f38bbd7	982
9e665ac2-e905-4de5-bfb6-6837de455393	789
9e6cf405-cc1a-435b-8a1d-16614169ab0f	1465
9e7111ac-5b39-4272-8f1f-9304106b5b82	786
9e780c6b-4d3f-437c-87e3-01134584c66f	984
9e786aa4-4848-430a-a14c-9697c574e01b	785
9e7ab5aa-46c3-41fb-8bb6-ef58be80e397	985
9e7fbe51-1c6a-4662-bda8-2352bcb732a4	1002
9e85b570-0cf0-4b0d-96ea-cc685920ae2e	780
9e883f7a-5c2d-4dc5-bbf4-1f8f0357b163	786
9e8d2924-51b6-4018-9723-7e1c3a435d6b	991
9e9b0640-5133-44a4-a227-303a97b402c8	781
9eab43ba-414d-4913-b62b-63a48cd709b9	787
9eac7425-32f8-4575-ba62-034696ae51d5	992
9eacc2f2-3d63-4c25-bf71-398a5c908bf4	981
9eb2ecec-5743-4c4f-85dd-64d68eab9faa	988
9ec4785b-008d-45ff-ae8b-cf374d93bc84	892
9ec95986-3279-4352-b9aa-51fffdf3c01c	996
9ecb25da-7055-4b6d-b008-242088862e0a	786
9ed1fdf7-097a-4c5d-9af1-9881afe93103	781
9ed878df-7c6a-4dcb-8bd1-8e12c636a5e1	887
9eda7c65-98cd-475e-9d73-ab9d289e624a	888
9ee26e54-aefa-4a75-a727-cc4597d45bb0	783
9ee41e1a-5997-404d-aae2-65767b01632a	981
9eef5368-b9fc-4216-94d1-5424f034adcc	992
9ef63659-4b64-491f-b5d8-5c186c562861	924
9ef90944-197f-4488-bc28-0fbd62593e78	783
9efd64ee-2b84-4467-87ed-1ceb36b20596	1004
9efe5e27-bf52-4553-a376-fab07582f8a9	782
9f00c28f-328b-4901-a9ad-2306b9d867eb	991
9f02215d-f8df-41e4-8442-aa4574a2d61b	1001
9f0498ea-1df0-446d-b2b0-6ef8aaf4f459	1000
9f18a717-cf6f-43d2-b92e-330212e49ea3	786
9f1ad20f-b3cc-4e83-901e-4d02d2ccdca7	783
9f332b20-db04-4b51-9f11-52504668403f	783
9f415f62-f45d-4595-a249-8c7ea2115970	786
9f4b7539-7601-4be5-bc5c-9eebba78774b	989
9f4ee051-d9a2-462a-805e-1a50b8c42745	993
9f51df93-cf1f-4c34-865f-3896f3310999	992
9f6cbe25-a857-4938-bbd2-7344be2221d5	608
9f6fbc7e-6463-4527-ade4-5d4d630c82d9	997
9f70987c-bea0-47a6-87c4-485af0da1a02	998
9f7d5a2c-1483-4b2b-8482-ae1bd1421e8a	783
9f8904b7-f50a-4c55-a941-c79ee452bfc2	986
9f916002-0c0d-4ddc-8414-eea9b0bfd33f	782
9f96500d-8adb-4bb5-a9b2-2b1b9d58d06d	985
9fa11a30-0681-4e4f-9a18-9a29f04e7884	989
9fa93894-c6ee-4c97-9259-830d549df42d	785
9fb68d37-ebaa-4dd9-b278-ae625ab01e50	888
9fb8a032-5944-45c0-83ed-a2c27a212eff	777
9fb95717-02cc-4298-b2a5-bb3529f5883c	1001
9fc02c69-3e13-4c08-89eb-04c2db8b174a	782
9fc391c4-29de-4307-a4bb-5c7ec6107698	767
9fc60b9b-43e2-4397-af90-1c77887a73eb	897
9fccabdf-e62a-49b8-9b33-23bfd957e32e	1005
9fd1c7bf-6fd5-4dbb-a3e4-6f58ed763bdd	784
9fd232a1-dc2f-4dc4-a0a3-3b0024a757c8	779
9fd84976-9990-42bc-a06e-ae1eb98ed38f	980
9fdabb8b-8409-428c-847c-c37377c4c56f	783
9fdb4216-a8bb-44ef-b6b9-c2611435ba75	983
9fdd25cb-98a5-4cee-9a82-84a83c048d21	990
9fe43ad9-303b-489a-8948-13fea082e0c5	986
9fe51f93-fbb5-4fff-874f-97ec1fd8afc6	891
9fe84f3e-bd91-4304-b8a7-61f9ad5c8791	786
9fe89ccc-d4a4-4482-9b81-370ed58463e1	791
9ff126d5-c2b5-4ea3-980a-b4b4278308ee	787
9ffb32eb-7819-436c-8edf-7f2d9bda241e	994
9fff860b-fb41-411c-94d1-3778370cf659	986
a00d679f-24cc-45c8-bce6-70fe5afee2cd	892
a0160b73-2566-40c0-85cf-afc11f72e145	984
a023334d-eab3-4104-90ac-9155dbe9b52b	1000
a025512a-6cbe-4df4-8249-8a8a98a0527c	786
a02cb574-f5c5-4f2e-bb8a-769315228298	984
a02d2846-2d93-4e3b-a9c6-6e011aed73af	979
a039219e-5d8d-41f9-ad17-b9fee0b673b2	788
a03c10d5-b0cb-422e-b7af-4c578674e905	807
a0470d58-5fbf-427f-af62-2d8292e4a7d8	891
a04c935a-bb16-4fdd-b804-f52b178f5ccb	784
a051acc4-8ca0-455b-b1dd-da60ea8ef095	991
a05f7cba-a837-4d30-a626-cda864cff8fd	787
a06a8eff-f580-4ab4-9893-46325473f22a	786
a073410a-4c76-45f3-a1a8-3154b8dfb705	786
a075b793-5e63-46f8-aea9-dd7f9d80202a	981
a07ddc71-54ef-41e3-8a44-e698649319e0	975
a0853af9-49b5-42a9-bd1d-ed9d793b8427	997
a087014f-9b02-4a66-9584-2eaa1990d499	989
a089121d-0643-44c5-8cb4-86830ed5c468	989
a09388c2-d988-4949-9d4c-00a4d88b7d30	984
a094ab4d-bb9c-4679-b080-329ac223b7d0	790
a096d8ab-56a9-45b9-a4c0-0e3179e100c1	872
a097f0b5-3b9a-409d-931d-03254a8caaf7	988
a0a25ccd-be29-4dd4-9344-b1cd15bb4093	783
a0a3c18c-2011-4e4c-ba32-18d938248285	788
a0a7b04e-9a79-46a8-9989-dcfe3e9f48fe	992
a0ac4caf-136e-4fe4-85a0-2848205cada3	580
a0b5c7be-cba5-4c10-8591-c7590bf4cb56	976
a0b85894-b875-481b-8b18-1794f64dae6b	786
a0bd529f-0f6d-42a5-80bf-90294f20b624	1020
a0c06d8f-8a07-47ef-83dd-469c0dccc085	988
a0c5dece-22cb-4030-9eac-8b172f9edde1	881
a0ceb5d9-4fef-4903-a240-d323fbd8109f	781
a0d41a1b-0a4e-464c-9e40-4bcff6040126	980
a0dac477-e80a-478e-85fb-5c4639f4de10	783
a0e60749-f6d8-4642-9d97-6ec07803ae99	1000
a0ed032d-133a-4dd8-951d-f994662693ec	884
a105496b-32dd-46f7-9000-ad02102bf0d5	787
a11ec8a9-86ff-4b4c-bb6f-228fc84669ef	784
a1212dcc-1d88-4604-9a68-4791de607619	785
a127f56f-db2e-4c5b-87a8-9d798080b91f	1001
a128c19c-d944-4a07-b2f7-93e0c24651be	998
a12c898e-48b4-4d2f-aa33-28a64b328b85	890
a12eb97e-27be-49b5-b582-0cc7b84c396a	999
a1322038-1dd1-4810-b599-f7089ca4b159	789
a13f0c93-e5e6-4024-9cb0-243ba8041c0b	987
a14126ab-eb0e-4332-9182-e1fbd632b322	780
a14275db-cc2a-4321-b975-e7455400bbdc	783
a1436058-fd78-4980-9ac9-4e37488a0874	988
a1439f7c-d540-497a-b5cf-b613032f5aff	790
a144ac72-b4d4-4ad9-94b4-9cb805a107e9	785
a149d3d1-ab4d-459c-84ea-f2d4d4ea6a01	788
a164128e-8ed7-4c80-aa8a-d06116b7e698	974
a16b5ec3-fcdd-45c3-9abb-b89c79be1120	776
a16c58b3-1218-447b-98cc-e577f4f095ff	785
a179562e-2f66-4ecf-bca4-d9990eac894a	783
a17e70d1-305f-4934-9cff-4475931107e3	992
a17f4fd3-47d3-4b39-8bb7-021d461a97cb	998
a18741f0-e4cf-4159-9d6d-5a9c5e329912	976
a18c1da8-6a2f-4663-84fd-e64e998883bb	783
a1925949-9696-4929-bedc-c36faef8b6a8	783
a194dd9c-ce5a-4693-ad2d-d237e762b8ca	786
a194deab-d6c3-4c59-b4e5-add51a1fc281	788
a19aafee-149f-463e-b863-e61c7d3247a0	784
a1a0b9cf-a6b5-4cac-8137-0547e48f4b2f	785
a1a25c1a-3176-429c-bcbb-178d2151611a	976
a1a287cc-efab-40a9-97c6-1e3642d0c472	784
a1a4bc5b-8c77-471a-b054-835a0d931254	990
a1b119d1-6bd5-41eb-97a8-9dec2f781089	784
a1b4424b-0bdd-4143-97b8-a568eca9d4d5	786
a1b8a7f8-300f-4aed-be25-483c005378cc	856
a1b9bd23-1fed-4861-8924-6f83c6578b34	775
a1be6ae0-5951-4039-8fea-ec533f824171	995
a1bf75ba-0f83-4602-9de7-23004a1fa034	786
a1bffbb7-b39f-4b7a-ba37-5e6d310673ac	889
a1c3813e-0f3a-4893-bbfe-ee092736e3cc	989
a1c6c0ff-6354-464d-a5a3-597a6830e3d3	988
a1ccd864-dbb6-45cc-8b19-a6f87c6c65a8	978
a1d0a6c2-fa9f-4b28-88c2-d2f4b844353f	778
a1dffb11-dab0-43cc-bdda-4cd169b48203	989
a1e2c629-a934-4dfb-86f0-8b3843b6d828	787
a1e7b313-5b2f-4831-87dc-352878edf967	807
a1eb2dc3-da91-49d3-a33b-01d233fbfc45	786
a1ed8a6d-fced-4d58-ba79-f6697a0c70d8	787
a1f335cb-085f-403b-98c7-22793500f1a1	983
a1fa2ac6-2ef9-4f66-ae8f-21049c5e1657	984
a1fb7218-136f-4948-a9df-91951e1e8d7e	991
a1fec6a8-8b82-4769-b520-99acd47e34eb	782
a20105ad-9224-4398-9160-bf93b1008287	778
a2030014-ff8b-4fda-a7b4-1629a68cfc8d	992
a205fda4-dcb4-4caf-bea5-a14516ab5d47	999
a206d9bb-7a4b-481c-ba28-494f536a00b3	788
a207a121-4170-448e-9aa0-86f8e04fc71e	982
a210d761-6034-4a91-8eb1-380a4ca81075	784
a22f01bb-793b-4ad4-ae4c-01116a690892	890
a232bde5-ef2e-45b4-aaa0-cfe0e90e128c	783
a240489b-b18d-4673-bb80-aba195c96cd8	993
a24c07c2-51b2-401d-9ae3-d0db0f207a0c	783
a26604de-2454-486f-947e-c5254355ce6a	988
a26644f9-5a66-4d3c-ab75-c0956275e35d	992
a26c4f3e-0d45-4329-89ab-f4d60b890b9a	586
a26d6ecb-2ba4-4d94-a41a-b08a6e215771	999
a26f37b6-0ec0-48c7-979a-c84dc261d420	780
a2719920-bf12-433f-b7df-260f9212a0f2	784
a2756f68-e4c5-46e7-b840-e8d1ecaa795e	781
a2780794-0ca3-45f3-90d3-23f3fb032a43	991
a283899f-04ed-4bd4-a7c3-58e7b63cc1e6	996
a291b6fc-2250-408f-966b-7951f10d04bd	982
a2978597-92ae-4560-9ce3-00f122545ae2	769
a29add73-f91a-49ad-84f2-7d71c3db28b3	783
a29ce825-4d22-4d71-aee9-6684cb1eefe8	786
a29dc96e-4700-4d29-9a4e-678c28d0972d	979
a2a0e64f-d4ee-4695-a67e-75501a7636f9	786
a2a25ed3-182c-4ad7-bb45-61d5c3d20736	781
a2a2a699-020f-41c4-886c-e4249e1f1a8c	786
a2a306c5-f601-4d15-b4d6-8bf5505ab37e	786
a2a430a9-b083-4bad-9a2f-c2fe290ce21d	783
a2a58c44-5c45-4321-a10e-6d270877c76e	775
a2a61956-07c4-43b9-80f4-e05c28aff16f	786
a2ae87b6-0da0-4a0a-9718-ba32203071a3	995
a2b1bc51-745a-449f-b31b-2986247b6afe	886
a2b43c13-8e2a-4c5e-9a6f-ec052f5fecc6	992
a2bfc0ee-55f5-49bb-9bef-17c8000c3e7a	989
a2c2b026-8c2f-4baf-9236-bc354a279fe6	997
a2cd6a8f-1c36-4c9a-80f6-40053d6bbfcd	782
a2d4eb81-20dc-4133-98a7-0e76502cd534	786
a2d6dd97-0665-415e-9502-428008308023	773
a2de55c2-aa13-4386-bda3-0803ea6778e8	785
a2e7c5a4-d4ef-4eec-ac9c-18895b6e79cf	990
a2e7ea10-ae23-4da9-a452-4788b2bc0d91	1000
a2f01687-f976-4ff5-b1cf-fc4f57ff97c9	981
a2f378b7-aacc-4c5f-9511-1a88cf69dd61	614
a2f7a646-b933-4e52-a2ae-5c799c3548f1	988
a2f8345e-8d81-4819-9481-11e5f7410852	896
a3022e51-6e2b-49c0-8c16-ddf876991294	990
a3074db0-4101-458e-a2b2-00f6fb6fc10f	781
a310d356-5ed5-436e-be5f-04152719041a	996
a318b99e-3453-4a2d-af8c-6acf27dcbbfb	784
a31ed6dd-9b8a-4aca-8506-12c133a4435b	989
a31fc0c0-9601-4fb0-aefb-b7f6282bf833	786
a3264711-3f84-447c-bbaa-672331503366	791
a32a4273-572d-4d2a-bb09-fade7a0c1592	990
a330afb8-3fb2-47f0-9a14-b03980a7ff4b	977
a334e9bd-ba8b-48cd-9ca9-5e00424e1425	978
a3352c9a-b80c-4a12-8a51-075c29acc4b6	982
a3357b31-51e1-4dcd-8755-fc260eab23dc	784
a337153c-d4c9-4633-afb1-34c60dc3937d	987
a33aebaf-3e1a-4bc2-986d-9956c90d233d	782
a33ccbcc-900f-4274-9377-7e8687ba2067	785
a33ecb90-e723-467f-948f-3c5d6741c92a	922
a34007bf-b7d8-42db-bc01-834d342d5f4b	1926
a368de68-cbdc-4c6b-9fc6-6a70f10312b7	785
a3699b6f-f303-46a7-83b8-d77c9e1b586d	997
a36feb27-baf3-4460-bbe5-311bc65e7c53	1000
a37f0841-74c1-4a5c-ba18-b6f8b7ca8f0a	794
a3825a9c-ad13-4df7-9e4f-15a1e6954c8e	806
a3830d50-6c57-46af-810b-68bd7b2de2c9	993
a384f02d-efbd-421d-8b55-5b0f4a954801	784
a3966d2f-efc1-4466-9718-9bbf24355d55	782
a39ca8d4-b7a8-4bca-88eb-3833e4229133	780
a3a4f24b-adb4-4c65-be80-3cf0699d76d7	788
a3aecf59-3470-4fd1-b200-16d93c405a33	999
a3b25b2d-f5dc-4b10-a3a4-8fafaada6d4a	994
a3b3d5c8-c233-4b17-85d3-061dc5802269	788
a3bae2b3-1729-430b-94a5-0ebd3a73c088	973
a3c48585-b0b1-4ea0-b299-dabde0d9efd1	993
a3c5f68c-7d9b-4588-a89c-3e40dd024a27	980
a3c870bb-6b0c-41c3-b541-20833484fef3	784
a3cea001-829a-4452-a9be-b49a5872bfcc	785
a3d3d7ad-2fc1-48a6-903a-7415c9f0298a	789
a3d4f20a-07f8-4f5b-a5dd-559399674136	890
a3d59610-f4a7-4af0-8f05-abca3ebb8e3a	788
a3e31f36-e1e8-4b2b-b601-04563bdf0c5f	891
a3e3856b-6b30-4f72-b294-84df4440cee1	784
a3e5d9e8-8be9-4115-af1e-cfea5c8c5aa0	784
a3e5dd7f-1035-4fd7-a16e-9e3b6e50f8c1	781
a3f8a516-c9c6-420d-b875-e345c024d9a1	884
a3fcabdf-b485-4112-aa6f-a3450a8c2032	985
a4011537-0854-423b-bd29-31ffcd5db90e	990
a41df2ad-35e4-436f-b5e3-a08bd75a72e3	785
a425161b-7df6-49b8-b19f-9ebdfb8eee93	986
a42fd126-c8b5-4065-bb26-749907a1ce80	891
a43ead21-426e-4519-b1e3-1e4ddf186978	989
a441dbd1-dae8-48f9-932a-00955e42c371	787
a44756d4-8b3a-4db0-b7a7-8b581f8d3c38	978
a44b5346-5485-4e6f-ad4a-26581ff5fd8b	789
a44d2ecd-ce6a-4cc0-9402-acb3e6a15dab	790
a44dd93d-bc4e-4dbb-9e72-257f4b2f3854	787
a4610ed1-5ca1-4e4b-bba8-ac5ceb93331f	998
a4618430-1bc2-413e-83ec-3e8d3df33593	993
a461adb9-2248-4579-88a1-75a4cf8e6504	999
a4681b58-6396-4c52-82cb-7647d46c6488	985
a46e163f-1562-4c81-a209-6cf3ecd70cb6	983
a473bcc9-33b2-47d0-a709-464c0b0dc624	781
a475e95e-4bf8-42b0-a2c9-c4d2feaff1b2	891
a47e3717-40a7-4df1-8dc2-32f34eb88b60	780
a4836e1d-f65c-4d12-892e-16762681fe4a	787
a483c35e-f153-40c7-93e9-9fff39ef503d	995
a48a3e16-49f4-4373-a540-ce89cad6b7de	787
a48a978e-4679-45b3-bb9a-3802d6ef23cd	998
a48e5d4f-b470-42e5-8f12-24d5c38d8495	777
a495761a-98cd-43d7-a329-105187318f39	975
a49e948d-d739-48fa-8bcb-58a10c5986c5	779
a4b27b63-fe89-4eff-b693-a3a77f3dee4d	981
a4c053a6-d518-48c7-b168-9ca14abf6606	1002
a4c4587a-0c3d-4539-8e61-ec1470ed9998	788
a4cf30ea-7db3-4aba-be2c-15675bf0c5d8	992
a4dcf3a0-b2ed-46d3-86cc-2c0da5f26f7a	788
a4ee1f65-5564-4259-952a-2d49cdd528a1	785
a4fa146b-9958-4366-85e8-8fac70c9c8ad	888
a4fafffa-158c-40ee-a9d5-263f1cf9968d	790
a4fc8654-8624-4def-92b4-a7ae320b6e06	890
a505fe5b-6221-4c46-af28-a4eaac47a6d5	784
a5115b6c-5d11-412f-bfd7-cd681aeb9a51	780
a511cbe6-abeb-4795-a9bb-8fe65c0869d9	785
a5125964-eeb4-4e05-9acd-c1b8efc1a7f2	786
a5127433-43a0-495d-b0d1-fa2d8290ef6c	985
a515e9a2-ea55-4951-9970-57276ea925e0	991
a51753fe-5f5a-4fb5-8939-5e61e9abe349	998
a51b11d2-fb1a-4bc6-a25e-594e8dda952d	996
a5226a89-c2a3-499e-a595-0c5fcbfef462	784
a522ba66-deed-48a1-9558-2dee088f8ecf	785
a527da56-16d1-4842-841f-86574652a853	785
a52c9d16-a9d4-4e91-b85b-1c3a6f965bfc	805
a5371077-db76-4037-9704-142f06549167	994
a5399771-bc54-4503-8dc0-58023fb61fdb	788
a53c7f04-57b5-4432-b829-dba54a2c7933	992
a5427f52-edbf-419b-a342-dd4ca9ced376	985
a543fd79-6dcd-4317-8661-9e4ebdb093f4	997
a546c7f3-c413-4da7-b390-436ca6980d77	984
a551a895-9760-4fc0-b616-f703408fcc5b	784
a5536921-1b52-4ac2-95f9-71215f919382	785
a55423bb-3c48-490d-a32e-a552d1107319	788
a560fc9a-3508-4dda-bf41-4438820663b4	884
a56994ac-a29c-4a96-8c9c-05e320878c7e	998
a56eca5e-5f75-482f-999f-a5cf18737332	784
a57678b7-8497-4523-8d92-050136ef85e5	890
a57cf106-d697-48b9-b7f5-50c268da6dc8	990
a58293ef-b6a8-47bc-a879-8dcef2106193	777
a5895e50-333a-4566-8a56-5d0575c53f32	778
a58f23b9-8d68-4f7c-9757-8f59d0820b48	783
a5900663-c73d-4691-a450-23b6de460d11	892
a591e72f-0735-4047-929b-7dfb8673fa1e	790
a591f1dd-498c-4097-9d4f-249fa430c9f5	999
a5971753-2141-48c5-a752-cdd50ca7d4f0	787
a5aea4f3-ff0a-4f5a-ba70-f3035f0dd6ca	887
a5b8dba3-5284-44ab-957e-090051eab631	776
a5b96fcb-f9b3-4e5f-b110-daa9421a02d8	785
a5c3245d-b127-4a89-83a2-f9f5f6e16f3d	786
a5c49dca-ba48-4efb-bdb2-0f7860d61788	876
a5c668b9-5c53-4d59-8d71-47a9cd78d347	985
a5cd06b1-f6da-4992-865f-ba9a62088d73	785
a5d7f4dc-6aea-459b-ba6a-9ed857d92654	998
a5e18524-559c-4a20-aa4d-f83cb31d2759	989
a5e57512-f5d6-427d-b168-4fda4e125c24	882
a5e99236-f1b4-47a2-b7ed-ea8ec2131379	785
a5f04440-f21f-4896-bd67-8107bba23188	788
a5f12766-d87d-49f6-90a8-4ee5b7421ca3	786
a5f58da2-95a1-4d23-8104-d9d2710c9850	982
a5f5a1a3-bcd5-4c61-9917-b4d66acda23c	787
a5fbd00e-2fea-46a1-9240-b8840d79c2a5	782
a601093f-ed8b-4edc-b70f-e4e56ff985d2	785
a6030abf-102d-4205-880d-f5a946b96d50	784
a603a7ae-349a-41f1-8765-35ec1d0acc46	786
a6058290-468a-4142-b975-529fa7635ffb	786
a60836b1-5240-4da9-a073-1c5b6a2c2ce1	982
a6086961-5b9b-496c-8d3a-df34b99c1749	788
a609b613-2732-41a0-ada7-e8add805d4f8	988
a60a50d4-5ea2-4aab-b594-74d62eb6fca7	985
a60d62a5-3f36-4c69-9192-4836113a5e60	783
a61289aa-2d28-4a9b-be62-f75b9c6dc90f	807
a6139f81-053e-4911-ba15-423e4f387cc2	985
a61b71c9-2bb9-47a1-a068-5c40b77ef8de	781
a61f34a2-4bd2-47fe-98a9-65e18eb70bfd	997
a6279907-f967-4875-9ad4-b0a74cc360e4	993
a62a3f28-5501-4953-a2ef-41bce71f746d	786
a62efcf2-8fed-4159-8505-d82c8fde0d0e	787
a633cbe2-c299-411c-9747-748e73868738	787
a63597bc-b90b-4298-abe2-3f4fb518d23a	885
a635f349-337b-4e72-903e-865209e892f8	983
a63614e6-887c-4751-8086-abf2ded5cd13	815
a636d2fa-3fb1-4e78-a108-a7bebbb558f7	816
a63ad21f-c812-401f-9aa1-bb189291b362	776
a63c949e-79b9-439a-9c05-51607a4dafc1	786
a64185b5-0dc0-42d4-a884-7f7b8a04abec	785
a648a1fa-cb34-49ae-b1c3-58cdf4a1e8b8	770
a64c572a-b653-42ff-8877-cfbaab5668ea	785
a6569e61-eff2-43dd-b6c9-a5f38b2951c9	892
a659311d-6a31-4db7-83d9-eb103de0f0e0	816
a668eea4-81f0-4e94-98f7-6947498e49d7	787
a6760abf-71c0-4422-b0b3-7ea0be5df1ea	989
a678f7b5-b75e-44d2-824f-b281f750d0f4	789
a67ca172-9c54-4265-9b61-79cf6814004b	788
a67d7b1d-e890-4f79-a973-40c4befd8c1c	1003
a68768aa-e281-4a37-b8ee-a4db07da9251	786
a68a2d71-4c01-4452-905e-09485360f1c4	801
a68e01c4-9f45-4f7d-a665-2e818c5606d0	987
a68e09a7-2197-49d9-b0f7-988a7c4f8c1b	896
a6904a36-71fd-4533-b9c7-7b57052de55d	987
a6983099-04e7-436d-b9ca-0178ef560e09	1292
a69f9b32-7be9-4682-a3f2-39acae310f13	783
a6a0f0bd-f67a-4b12-9046-8d07233514b2	786
a6a11a56-c55f-4a55-a9b6-2fc42a177aa6	783
a6a22dab-b383-4846-8268-7b601dcc77c7	980
a6b7a643-68c2-47b1-aec7-97070ab029b9	787
a6b8bafe-c902-44fb-b21d-30579ed050fe	782
a6c75c65-cf3d-41de-b9d0-bfcf4da48882	990
a6cc1f25-cd8c-46e0-bb34-d47b77074460	775
a6d31b84-b646-4700-8129-2fb4a2a41b3a	781
a6dfc10b-9a16-45e2-9646-5b56f094f07d	781
a6dfe1f1-5a92-4bc4-a3fc-d60ea5787c2d	784
a6e9280e-2c4b-4c9c-8312-43b8f4456961	990
a6ebb9f6-52f3-409b-bedb-778095a4b67c	784
a6ec969c-a099-417c-97ca-e328db342959	785
a6ede020-547f-4c15-92cc-20e91007b768	987
a6f480a9-8980-4c9d-9b73-d2c4e2b82d01	787
a6f4ce5b-aadc-412f-94fb-8e160b81c9d9	975
a6f5199b-7899-4918-b665-c3a1da1acd64	985
a6f866c2-0f84-4054-a00f-243352dfdfd2	995
a6f91b7e-9acf-4076-a905-47748ef21381	986
a6fd077c-0c67-42e7-be3d-093cd3130718	787
a6fdfe6d-0db1-4eb8-9302-265ed95ae44c	987
a700aec0-53e8-452e-80b5-63c3451363d0	784
a7032c5f-d6e2-4a0a-a5d9-63af86fe2ab0	985
a70a3c13-eedb-4923-bf45-5d9d3b68619a	885
a7140b32-e0d9-4ac6-b381-cd69ecb226f2	784
a719cf29-9a5d-4a91-b111-ad647a5298c7	981
a71ca86d-291e-489c-a9ed-0d99dafc165c	787
a7292860-8e14-4be1-ab9c-a76a1c0d866f	789
a73780a4-7483-4458-a056-80f20654dbc9	986
a7386ddd-0aae-44dc-8f4c-d9ab5713b1c1	890
a73a6cba-4a99-40fa-8e29-dff3fd38a667	792
a7410410-116a-4e24-93b4-ccb6cbda9e0a	985
a75271be-5594-434b-9162-a4cd480e52c5	789
a75558e3-a840-4e0a-99ae-3680a0b2a188	993
a7612b47-3962-421a-8cdf-55af2fa179cd	786
a7690dff-7793-43e2-80ff-7c0b2d46e818	1001
a771a856-a469-43e5-b10c-4456d68c18c5	785
a7795e73-b263-484e-b967-cae2ee4b94fc	891
a77f9af3-eb06-440d-b86f-fa9e7e617a7e	974
a78400ac-437d-428d-ad0c-5f85a93349a5	884
a786eed1-a2cd-4e12-983e-b4cab8629b78	974
a78ef506-3c52-4f58-921e-e5358ca0b421	989
a79025b4-0b75-4818-9dc6-ba3de6133a16	995
a792c09e-e4e0-4dfa-be21-38791d285fed	786
a7a1a107-1709-4975-a808-8d1474ba8d6b	985
a7a4439f-ad8f-47d8-a921-3c376c226ba1	976
a7a782e2-1544-4b5a-94cd-d09c7909bc9c	785
a7ae62d9-36ec-4fb7-beb5-c1ebb396f7d4	768
a7b0cbc5-7046-427f-a57c-9cdd50c37e2c	784
a7c31854-38be-4871-bef3-f9170451ba1a	811
a7ced641-6a9d-4be2-bf42-483377224625	996
a7d90e25-8176-416a-a774-a0f99aff60f6	974
a7da029f-4583-429f-9faf-f7dcb46fa5e8	988
a7e63746-ba13-4ef6-93e0-4846b69afcd0	775
a7e84e60-41d0-4098-ab10-3e0a9e4c8399	788
a7ec33c6-722a-4688-b82a-eafbc3b9a3ec	893
a7f154ad-86f7-401b-b77b-83df1739280c	841
a7f8c1ea-178f-4305-9d90-27b83981c5ba	993
a7f9083f-9e21-4110-af42-9ba351a566e4	990
a7fc2faa-1c83-4340-854b-b6b631e72dad	886
a80219a4-0463-4b57-9f70-84280e98b9b6	792
a8026fa0-7a9e-4e6b-a03e-942754e91fb1	785
a8030601-eb66-46c7-9bb3-17318a160697	786
a80c0b50-db56-49bf-9f3a-788e0c1e8791	789
a80e0546-fc67-4750-ad3f-1b6aae6a39bd	784
a8121e10-0de5-4bc0-be56-b6dcc31cd82b	784
a82227ae-cd55-4b7b-8d95-2eca6d80dfc6	787
a8283075-cb63-499b-a361-47162cbac189	987
a82cd204-6aa4-4a6a-9020-3ed588b77ad0	1002
a82ee58c-fbc9-49d1-aed8-765b7517ada5	974
a8348b5e-aac8-4575-a170-6dabac11b65a	780
a8353229-af14-4cbc-a517-52c794ab333d	993
a83c2299-df74-4913-a9eb-b11ce9f88044	891
a83e2434-5780-410d-b410-d4152ee6c128	988
a8401d7a-472b-40dc-b82f-e46e14e9f6b8	784
a8477224-e6a3-47a8-883e-7c47adc7e093	984
a8513e17-ef72-49d5-9b2d-95bcea9486d0	995
a8582617-7f80-4116-a00c-a6e35575bc43	989
a859f827-e964-444d-9585-93ce170d6cff	787
a85d07ae-df59-4e7e-822d-fb00b89e0312	986
a86368e6-6847-4ff3-b1e7-ec5ca94d5f4f	777
a864156c-65c7-45a7-94a3-1d0a656cb2ab	983
a8659542-6cb8-4b33-8a77-d2fc9ce9de4e	992
a8661830-18c6-450a-9e02-ba5561b268c8	785
a867e084-c342-47fb-b5fc-5ea40f0c10f9	911
a86c5cde-4781-4ef7-86f9-fe0c6dbd361d	975
a8711c39-8632-4091-8296-e5c36b1ae870	784
a872989c-9e49-451e-bc58-cb2b028a1c68	780
a8732fd8-75e0-4c12-828c-2fd39b196110	1002
a8755a83-da6d-44ef-926b-36792133911a	785
a882d52e-b2f5-4ed5-b07c-bb87a5b2a7f6	984
a886dee4-d1a9-458d-8e61-683d99032ce7	809
a88fb508-7f38-4956-8d6b-362a8ca64097	788
a8913a80-a38c-4866-bf0d-d073d2b91b46	969
a899cc76-90e9-4ae8-a8e8-3b7fc40a2861	978
a89b2615-af21-42a7-9811-fa3fd3faaa4f	779
a89c2560-12d4-440a-b72e-cdf4f75b8214	783
a89eee5e-a8f4-412f-a231-4cc8af2b22da	749
a8a37c92-1c28-4145-9cc5-23d52cd56d6a	983
a8a5a362-cee6-45bd-81ba-96b50296db33	995
a8b804f3-d68f-4dc8-aba1-97a4a3ee1a75	984
a8c380a5-47c8-4ac1-979c-0fc037927082	787
a8c4a720-eeb3-4960-9ae6-3dd4d9813c0b	785
a8c50b86-7e0e-4d5b-b61d-4fa164c6b11d	786
a8c9b7ff-53c5-4220-9f3c-4a5450a1bbbc	985
a8ca2e28-6ac5-45b4-91ec-036413ebfeb7	991
a8ce8200-a8d1-44d4-92de-c3736dd95f99	810
a8dd6304-6d57-41f9-b934-f89a5ba887d8	784
a8e544e1-b2b0-4cb8-89bd-4da8cf3b7576	912
a8e90d9a-e52c-4364-8bb0-7e5bf65066bf	782
a8eb15d1-4fc9-4c7d-9c8e-3e68102d25b9	787
a8ec38e4-1b59-4ba1-8d22-8f781a625fe7	893
a8edfb9c-d8f3-4d6c-af62-fb9c2dd34613	783
a8f3bf9b-cb74-4ec4-9441-6c6725dad3a5	784
a8f46d04-55bd-4db2-a9c5-06877fc3c13d	787
a8f65dc0-9bdc-44b8-b3ce-63eed0e7e521	778
a8f6cc12-35a9-4967-a90b-a3b68f953ce6	981
a8fef7ec-3063-4cb9-b2a1-0baf8d729fde	779
a900a7da-7134-490d-bc78-20ff54344a0b	784
a90cd86a-b71d-4839-973c-fc0c7e231451	998
a90d5b8b-60db-455c-b9c1-e50fb4154ab2	786
a910a779-504b-4630-b8ab-bf539ed84433	811
a9157a1a-7bd1-4c5d-a231-a742d3bfa8ca	786
a92629b7-d2b7-4a29-9c85-eecec93aa8cb	981
a92a6e9e-7f59-4a64-b37f-47a384566943	997
a92b825e-2b70-48c6-b2ec-29ecdcf00740	888
a93236bc-5382-4064-9249-2cbecd0e90e0	785
a9328e19-c3d7-47b3-b051-c7e1b488203d	779
a93f2996-3398-4c6a-9d4a-885c9f3acc6e	784
a93f760d-e89c-4a7f-b985-d7442b1a0425	998
a9438690-89b7-4a7a-8338-ae23f81368fe	885
a948226c-8113-4ae8-b77b-4d1b025e27dc	785
a94afda8-16ca-42a0-9d49-2be5b77dbfaf	787
a94b5085-541f-41c2-aea0-47846fb7cc21	1001
a94b76b3-0801-4247-bee7-c14a288c938c	980
a94f54a4-16c0-440f-80df-2db82c6830f5	781
a951f2ea-bba3-49cc-8c53-119cdb02be9c	783
a952d473-8028-461f-9f2b-23e008fbc6de	903
a956d82f-baf4-4243-9793-688d9e8152aa	989
a9595bd7-ca96-4fba-a504-88a1b84dabc7	991
a960f30d-f5c9-497c-a216-200276bdf485	981
a965e2b7-abf6-402f-baa7-920297e02583	786
a968b36b-92bc-4597-a14d-9299863b5cc4	794
a96df7ac-ba35-4d45-a0b4-f4ef80ce88f1	999
a97a1e6d-d790-46f0-807f-95c718316d4c	2018
a97f4d46-3a1e-44b2-ad7a-98385031948b	785
a9851df2-af4c-4881-868f-25f4cd0c9e17	1000
a98a271f-5190-4981-af95-4a8ba2711021	897
a990bc91-9e5d-4c57-b19f-577f62e7f6ad	1009
a99632e9-162b-42be-ac8b-948dd13a4e0d	786
a9970847-1966-49a1-9027-a224a5ef931b	977
a9974c8d-4220-459b-a9b2-984a33bfe4b6	787
a9a8fc0f-ab62-4cda-b166-9402f7fbe671	968
a9ab5169-6600-461e-bd7d-5920c2ca0ddf	891
a9ae74b4-211c-4d6f-b889-f972e850afd3	901
a9bfc040-35d3-4327-a4c1-da9d15546f7f	991
a9c2833d-71e2-4154-9e4c-fbb16f9be25e	994
a9c4d35d-c176-4c3a-b389-4b409a237634	891
a9d188a0-e4db-43b2-b0a3-540b63d42035	780
a9d1f9b8-980c-40c5-b2cd-83f8d1390560	990
a9d273da-28c1-482c-a0db-6624481cb421	995
a9d362f8-5ea3-409d-b7ee-eb3f216ffeff	784
a9d55e3e-589e-4c65-b956-e6d373acae3b	1000
a9d5be51-53e7-4205-9fcb-59dde897880f	785
a9e6b1af-884c-4cd9-9393-317ba377190b	984
a9f28224-e8f2-4952-b37f-1b849aba50c7	974
a9fe9d51-234a-4d5f-b57e-c844554a749c	789
a9ff9f25-2d09-4d03-9e3b-aae7c74090be	789
aa02d719-fbb2-427b-89e3-e6c45fff597a	789
aa08cfa4-3cc6-423e-b1e9-091d51b86232	777
aa0b9a0c-df88-4000-a41b-5ee3d68de3ef	979
aa195769-51ef-4875-b5a9-e82bfa40da0e	784
aa1ae55d-bff8-4388-938e-523803455f13	786
aa1ce874-dd0b-49be-88fa-92fcbf06dc9e	784
aa281526-a0d7-4a34-8e9a-fc2ad3248d81	892
aa29ac21-770a-4a65-9977-74fd267d4aef	776
aa316d3e-68ad-4755-8606-ec5c8623d0d3	786
aa35cfac-fcd9-4bfa-96bf-e0ced0be2e80	792
aa3ea71e-6a56-410e-8097-f26e73623832	993
aa4039ec-490c-470a-b5b6-702f39add278	783
aa4163fa-02d3-4bcf-ac06-7bed87d5f4fd	787
aa4379a0-6d35-4369-b0ab-e253403b7ef2	838
aa45d2d2-ecf3-4c01-be90-4080da9360b0	985
aa4b95e5-1073-403f-9690-15ee54b39a05	890
aa5129f9-d426-4f05-995a-9870cc89a4cd	786
aa52f046-eaa3-4a90-8c40-f2d70efb0efd	993
aa6ae51b-986e-4be4-a1be-760c15696e40	782
aa790852-7437-4ec5-ab26-c733575ce2f7	962
aa7f624f-d837-4716-9f04-948c4c5db606	890
aa80167a-016f-4adf-9124-6cb150144d5d	786
aa83b87b-5634-4754-941a-d0b194f75e8b	780
aa84dae9-707c-45cf-b99c-199f4ca418a4	989
aa8870c8-0526-4e18-9119-a2bc20ce60b0	987
aa88f61c-45ff-4e96-8bac-7f0115be316a	989
aa8b3fc7-ea13-4895-8143-cd58e38f0c0d	785
aa8bfa8e-57ef-4488-9ba6-42bdd9a1dfc0	889
aa8db671-b84a-41b1-af45-1e323d3ae309	891
aa9908dd-79ba-49a3-a330-9a61f1f19770	889
aa9ad2bd-8c11-437a-974f-c6d89be9c983	787
aaaf0831-9de8-45c8-a841-32ba6b7d651c	992
aaaf69f4-5361-4aa5-899f-7cc1df6316c0	973
aab73a4d-0a71-465c-ba1d-5b9378b56e23	503
aab9536a-00d1-4538-ac36-4f3c4dde426b	843
aabb96be-5621-48cf-b977-d807c69ed418	989
aabd85e7-ba69-4e3e-b54b-fd88b45883f8	787
aac100e4-aca8-4314-a4ca-9424cb86a0a6	981
aac3dc6d-630b-4b24-9e58-6447c155f05a	783
aac97eed-0697-498c-9409-848d8c1a62c1	990
aacf09e5-ff22-4071-82ca-045bfdf7f3a0	786
aad01ccf-1cb4-46b7-92ff-58abb394a8e1	784
aad36914-a753-4843-9818-2026b04af18a	987
aadd6df8-0cdd-4376-b0d6-3097cb8960fc	969
aae3e61f-3ea6-449d-8d01-74fb6293c143	989
aaea582b-529b-4887-ad7f-ea7dca285a48	989
aaeeea2c-dd24-45e3-925c-0d0524ab9859	1002
aaf4c08b-96ca-416d-a363-5448e89ebe2f	999
aaf716b2-77e4-4f91-9168-f94ed2e7313a	788
aaf7a79d-4c34-4dab-aa25-a375ac896cdb	2010
aaf9f06a-45e8-4aa3-9421-f2efa2c16a28	786
ab0fc86f-1f1d-4c3c-976c-8e971446153d	776
ab1ec942-f54d-4d48-a19d-e681ae3344c8	989
ab1f129b-9bb1-48d0-8efa-7aec7d31149c	782
ab2c5c64-152a-40fa-a7cf-7a29bebec83b	980
ab2ccd22-8301-4acc-b5e7-1cf938a71da5	779
ab3df0ca-1d20-4232-bd5c-def4b29930ff	981
ab40a286-43a3-4b61-a2d1-1acf3de5fb4a	992
ab42cd5b-5aa7-4487-876f-0619b3baca0b	778
ab46548a-c7a6-4d5d-9da5-4e4b38776246	884
ab552f92-168a-4c16-8e40-8ccf4e44559e	994
ab5cf768-906a-4aae-a640-e41c31da5517	791
ab5e273b-68b5-4b82-85ae-4450dccec3b0	895
ab6a09ed-cb45-4fdc-a318-33cca329f9de	779
ab771d94-2e17-4cc5-90f1-6e58ce0241e3	971
ab8a8d3a-a391-4500-b8ab-73fe25f8b399	791
ab8d200e-fddb-410b-8eb0-bbb12f0e1ab7	782
ab8f7e2b-ff81-479c-a7ee-e35ad5f05533	785
ab942149-f3c3-4289-ba34-49b06c9b4e1b	784
ab964226-c2ef-42f2-b5fb-211042a1ab93	1001
ab97918b-6429-4844-9969-284276e58fb0	779
aba48c5f-e734-49e8-a1f7-f553f5d6d8d0	782
aba8ce3a-e681-4c77-8e06-b45afc07d8aa	784
abb1d520-b28b-479c-ab88-aa0bb5028edd	781
abb85919-bb50-4181-bf61-25f59ff7e16b	787
abbb1006-84a4-4bc9-8803-a0ac21a36eaa	781
abbc569c-74ef-44e9-99f7-d46471f8bdb8	988
abc6534f-bc22-4546-9ab3-bbed084fac2a	982
abd9ab10-6382-42c1-8516-133dd77d7ec6	780
abdff3e9-5c0a-4518-ab1c-34377c263c36	783
abe86e25-7b58-4895-805c-4b4980f36c92	786
abf7b77c-a8db-4370-bd41-cc010fefa716	1003
ac002951-3ef8-467e-ac19-9fc9e7795c42	823
ac0909c8-b9af-4254-b217-cce301976cb7	791
ac0c15e7-c6a1-46bb-acb9-125fbb310d09	889
ac12059c-06d0-43f1-998c-53fbfd9d04e1	985
ac1d319d-874d-4b3c-a43a-94033f33065e	948
ac1eba2e-8d3a-42da-a4dd-786454529ee4	787
ac276c19-625c-4cfb-a567-449a47b01aa4	781
ac302dab-a6d4-473e-a23e-8c1dd9ab5e3c	991
ac306d64-0683-4d4f-a0a8-071e7c450f75	984
ac3c9201-571a-4754-b3db-43eef361129a	792
ac423a4c-c40b-46d5-a7e5-69f5092b1859	784
ac466be1-d6b6-4cf2-b13b-8a4b74a2743a	989
ac484d14-9daa-4e20-b8d8-66f1eb45e88a	900
ac49c06d-a205-4390-bb6a-9f793e0073ff	980
ac4cd605-aab0-4902-963d-906bc87a8b74	772
ac503cf8-508e-414e-9e31-c9878cf4ba29	983
ac51bb21-6559-4ee0-9b73-b39b7d5abeaf	978
ac587004-be66-4777-8877-76d7aa10fc0e	993
ac5cb158-886e-44db-b8cb-5cf10d396473	977
ac60da58-9dc1-454d-8bc5-40320a347b6a	782
ac6b369f-d458-464a-a933-4038062e155f	892
ac6df409-6c82-4b80-a1d3-754683b12239	998
ac8f831c-3c30-4b4c-917a-9893381007f0	787
ac937574-1d2c-4d18-a6e1-c31ba10204ca	998
ac970b40-6d7d-446e-a767-669cd32c0b87	1006
ac9c58cb-2d73-4ab8-b3d8-55473115ef8e	1056
aca20b7c-b83e-4f6b-b180-c611b0e347e6	782
aca4b71d-b474-4ffa-9867-fbea6b5978d9	985
aca712f7-bc02-4a3d-a398-f7e67e813289	897
acb25698-72b5-4e4c-8084-2cc658763b0c	786
acbbfe9c-6e58-4e9a-8915-d4a358df5dfa	785
acc17622-0715-4d77-b65b-c1c0a1b26d32	787
acc1ddb6-abde-4f44-b912-a7dbfbe4dea9	997
acc34acc-cb03-4b8d-8346-2825b0f2384d	781
acc4089d-9cc9-4eab-bfd7-c1bf4cba7fde	898
acc4f417-e2f6-49d1-8397-e2413b6df4a0	783
accad8d0-8377-486d-8790-426d6c045211	990
accf602a-c3f3-4551-ab56-b97ce51bd940	887
acde417b-e9a3-476f-ada1-4cf4cd8f5c9c	1002
ace063e0-3901-4cb9-ad86-6462877ecd82	877
ace0ba73-7f6d-4c89-8662-e3b3db9a07c3	787
ace0fdd8-e0ad-4c1f-9ac8-215634312ed0	985
ace2c843-ccfa-477a-9d95-7adf98f4316c	990
ace4aa0e-8286-4406-8914-5f3bf4ef6860	976
acf04787-9873-48e4-8524-165558b5cc9f	991
acf636f9-c9ba-4c96-b6b7-62f277534a28	887
acf65e36-e82d-48a5-95d9-665296170727	787
acf8454c-5d02-44fe-b40b-ced57f1603f3	985
acfb0d16-1fb0-404f-837b-692f47fccf3d	781
acfbd770-4ade-4256-a0b3-d64c73fe9fbe	783
acfe104c-b55d-4fab-98c4-580c57e5c55b	788
ad03e291-cf09-4161-97d2-cb55c04d4188	846
ad048c4b-141f-4d5f-95a8-4a44aad63588	987
ad121c9d-f17b-4ba2-bd1e-ee664bb31ef9	782
ad13d481-05a2-4ae0-9462-7c2b0d9d7d37	781
ad1bdcfc-3b0b-4317-b3cb-4d9b42856659	778
ad1d3c82-695b-4420-af0c-dde1e7e05e7c	776
ad22e6c9-2571-48ae-b1c6-9403de81546d	967
ad24400f-62f1-4363-8562-ac467ecd4eba	785
ad25b762-0f09-4d9f-a9eb-41b92206c5b9	973
ad2949ad-47ae-4256-8247-9c71a4f78118	1003
ad31a381-b020-45e1-afbd-7949402f8b25	787
ad33a3ce-8451-4f8d-9281-636654b1e271	784
ad36e597-e965-491f-a796-d99c0709404f	785
ad370a5c-1734-4309-b4f4-b230b09bdc59	975
ad3723b5-4d33-4d46-a307-575dc715e1c0	991
ad38e0e4-4be5-4be9-a58f-a55d399b9449	787
ad3b5135-e9ba-47c0-a4e2-81c4b1f378f7	785
ad408ef9-4e78-440b-a4e8-16b2f14732e9	1351
ad54224c-6616-4124-9d8c-0db255875cfc	987
ad5c1484-8c47-44bc-8b0a-9d6aa3c99177	785
ad5ecc21-941c-4aad-9688-137e53f35da5	785
ad61da3f-4504-4ae1-84b6-ceb92348d0e4	985
ad6776e8-f304-4b81-9684-b781afa5d2fd	988
ad6d9ef7-6df1-4d13-8163-689c7562ec3c	890
ad6e08aa-a818-4b26-aba0-63103a5d44ef	981
ad6f998c-3488-4c18-94c1-0708fb107573	834
ad71e8b4-15f2-485c-8e81-b0b3794bd4c0	996
ad75d83e-a2a6-4f87-aba6-8efdf64095e2	778
ad7a35ed-3e1c-4d24-8397-ffb84c95c934	785
ad8773e9-91df-4f62-a5a2-c42fbe8c5a49	891
ad93a61f-cbb3-45e8-b960-06ab1e6eef98	785
ad996c97-ab4d-4d2e-b0f6-d1f6be46ffd4	985
ad9a23f3-df0a-4310-ad42-3aa71f227105	786
ad9e02ac-485f-4ed1-a05f-0bef39ebb54d	891
ad9f4429-6757-4985-8603-98491d57cf72	790
adaa708b-8b77-4884-b7ca-26ac5602a1a0	813
adadf779-75ba-40bf-ba08-e32a2e937dd8	984
adb3c8f0-c3df-4a58-b5f1-b9baf03f7212	781
adbaced0-9071-4207-bdaa-44c1d9d25d0d	988
adbd12af-11e4-4aae-bc23-7c58125c16d9	784
adbd7e22-8345-4e88-b771-5f279ef9ed51	785
adbe084f-670f-41e8-a67b-b2f6e5470abb	890
adc168e5-2109-4b39-9bd9-c95c48a86674	788
adc426c6-ac8e-4f01-af88-add58095b983	877
adc475bd-5891-4f52-b90c-5b8b4efff6c0	994
adcf760f-b1ce-4bed-a7db-fdc9021c6e48	788
adcf8def-da7a-4063-8aa4-4ddb563f5607	792
add8e7c2-bd25-49d2-997e-a5de5ea37f5f	786
adea0873-5049-4548-9ac4-c90cb7e326db	997
adf7bc58-dac2-4e3d-b61e-42242eda8af0	892
adfdb1f9-ccc0-4f14-b1bc-59fd5b02fe2b	894
ae09679b-c995-4c72-9b43-bec1524ea44a	983
ae0d9304-dcf3-4299-b3a8-62ab65df156c	788
ae1e9492-5ced-4735-b8a0-c85e2649b646	979
ae244eb0-768d-4ec4-b485-13d9542f508d	785
ae26b67f-9fb0-4d43-ac09-ab059769cd7c	786
ae27cf86-a335-45da-8c40-6ba9110ecc4c	981
ae29ac71-b1ef-4a53-80c1-a03b239d37f8	785
ae2ba62d-04be-45a4-abb4-e2ae477b5fdf	788
ae2ffb8e-ffbb-4e2a-95c1-bae89397031f	898
ae309c6a-f59f-4125-bc58-5491b0fda82f	783
ae3543af-6141-4cd5-ac6f-9c5bf3ffad38	890
ae36c58e-8014-4f18-9466-28424876327a	986
ae39750d-37b7-481b-9b95-e4b6431e7e09	775
ae469419-3dae-4bb5-832f-9e62ac318fce	786
ae484265-3c0b-4865-8fb8-d11641506145	776
ae4a792d-754c-486a-a4d2-58fdf996c84d	786
ae4b0492-c68b-4f38-b9e4-ef64cd9fa2eb	782
ae50df8d-8ef5-4df8-aac7-50fa15b9083d	1901
ae54a911-569f-4c5b-9245-403eb31f4ffc	811
ae58bc97-35b1-4995-96c8-1b7e114cfa96	791
ae6036e8-e776-470f-8444-18c9572dd877	787
ae6589f9-0f85-4382-acac-c32f8c1b0c18	786
ae6aaf8b-430a-400c-9e51-0198c5fdd215	782
ae731215-b9c9-43c1-a7bd-3877209f0d52	984
ae7730df-5c0f-4ec1-89a8-a2283b782ad3	780
ae89e5a0-dae9-4876-8361-1566216733c4	989
ae8b9434-f933-4cea-a4ca-804f76249454	788
ae8c0728-ba72-45a8-83d3-99166da0d289	1000
ae9617b2-8c61-470f-a443-911655dc12be	890
ae9a2a55-3b5f-4e06-b4d8-9a562c7a1e1a	785
aea41995-5cd2-4f3e-96ff-9ff59db6f5cf	785
aeadc9ac-5e50-43bf-9ebc-f4377f4073dc	784
aeb6c6d0-5f01-4fda-86a1-25e714d55c37	998
aeb999cb-77e0-4106-8b31-ff9defd56430	976
aebd5b1b-04a5-47d2-a543-c933b88f1e27	1000
aec3fd7f-01f3-4346-b5fd-a6cc2bc581f0	785
aec6c8b2-2f95-4b12-a822-0df54091e8f9	971
aecacd43-ef2a-4903-8f16-a38d0eb195a3	985
aee0d469-cb53-4420-bba1-e23bb01228e3	780
aee103f0-d6d1-4e20-8659-b6c9b5300b7c	1007
aee73751-974d-46e6-aed3-67044a8eea96	983
aee912fa-8097-4938-8346-18d8187f0519	787
aeea4aca-88c3-4527-b743-9037f3594331	986
aeef23dd-c426-4354-be4d-a2f1b7aa4161	992
aefa12fe-aac7-4ad4-931f-4ab57184982e	925
aefc4a5e-ad3a-45ed-9372-805506999bc8	978
af022732-ed68-4d15-a740-191be81834e3	785
af06b182-0691-456f-aa71-b0408445c268	787
af12fb27-f618-4af5-84fa-242e30be7177	892
af137f0f-2a16-48cf-bd43-8668e6a495b3	985
af1598c3-9e05-4492-8812-ec0864bedd4e	784
af1a1422-5cd0-46e5-993f-f0d7003b772e	984
af2088ec-a519-4cbd-977f-7033a24ff17a	780
af244d7e-7478-4cb9-878f-de93f506a0fd	783
af258958-5088-49e4-8180-bdab3abb7c0f	1001
af2763a3-bdce-4f98-9364-3357c0171196	977
af287fd8-221a-4b3c-8310-cea625ca212b	994
af2bd432-d208-49c7-ac74-b17c29cf4f8b	889
af30d752-5d78-4184-abc6-a58018c76acb	995
af345935-e0aa-48b7-9317-ad8a0f4e3b2e	788
af374184-2c39-4416-843b-2548e66b0cec	887
af386f60-f6dc-4b0d-a436-ab7e313cb539	780
af3dc45c-2abe-42db-b9f5-3e87d84f9e46	792
af409cd5-b692-48ea-a1dd-017151d63c98	984
af429f3e-053e-4ad9-97b0-8a3fd6e0d30e	783
af44fa6c-496c-445c-a84b-41668a20fda7	984
af4a50af-18c9-4a34-8786-eb79f1628a4a	984
af4e6e80-ee15-4026-89c8-59fe32c07c38	992
af5271ef-4d4d-41c7-a284-4795fbb0a28c	787
af5314ec-01d9-43e1-8e17-fd054a6c7c94	1005
af560a60-f8a0-4110-a691-78f22ba8d509	890
af57d31f-4f52-4eab-a3d0-b4b7222bb6b6	811
af62ed1f-b196-4949-b65c-11e090eb09f5	887
af656b8a-ff87-4a72-9d5a-186414dfc37f	997
af6bab38-1871-4f7c-b601-e2b4dd2d1e74	789
af6bf3d4-64d4-4e37-b438-d0ff917b6a8d	881
af7a1b86-aaf4-4586-a0df-7b6e5d766646	781
af7dcc2b-a61a-481b-9cea-27c319c1c950	910
af800c4d-9328-4a4e-b8e6-365d7ce4c52a	786
af9ff91c-45b5-40e6-aa31-a89048f21892	788
afa2fd9c-7175-4d88-a523-e2dc669b1e9e	1004
afa97969-88da-4c94-96b5-c61e06e054c0	973
afaff6c1-be7a-4f2b-bcff-50f6f61294f1	999
afb21d3a-e459-47dd-904e-4e1a0da347f4	996
afb37494-9170-4ea7-a79a-ac29dab34c63	981
afba6200-7162-44b5-a328-21d69a83cbba	785
afbbb77c-0513-49cd-b7fa-a71a4349016b	787
afc5a0ce-1ef6-40c8-8bb8-9d39c6234491	999
afc6ad54-3839-4cf4-b2ab-88731bdab6cc	889
afc7dcb1-3cda-4b5d-9886-b6ef9dee6198	988
afc8eae0-b7f5-4973-b084-c2abda274e5d	782
afc9cceb-de1d-4d30-8545-86dd0a3821b4	787
afd703af-9027-4fee-8d17-e7e285e0321d	787
afd72ca4-3267-4a6a-8f3f-76f3049a4c12	898
afe5d207-6a2f-43e5-9be5-29919d50d954	1001
afedacfe-bcf4-456f-a897-efeabcaf547d	973
afef7906-c3d9-4d8e-b514-81cc8445ad90	790
affc290d-1d97-4abd-9162-8fa2fd12a716	882
affe7a66-0ab2-4a31-97cd-0f802825d4d9	782
afff0d6c-82f8-4bf1-9598-e132d3915477	898
b0004c5e-2e57-4e1c-945f-f1d8d14c84b5	977
b0043649-1cae-4919-afa2-a00c4f1308c2	981
b00dfd8d-fc42-4ccb-9d49-b246c38362ca	781
b00f9196-1839-423b-99d5-7b052f85844c	812
b0197233-698f-4dcf-adcc-46ee7eeb1f1c	998
b025a5f4-07cf-439f-8a0f-d508723d6a13	985
b032cf29-b0c7-47fe-9f4e-b9ab459d9979	992
b037911d-d33b-4219-a11a-1264917d2de4	994
b049e1df-dbe3-4dec-8dc5-09aaf3d3b30c	893
b04a0845-b01d-41f9-be6f-65aca7d1d657	985
b0515e38-17c4-474b-b422-2d1a12cd8ed4	787
b051935b-c63b-4a9e-b6df-5f3c0f2484d0	993
b05ba171-5c85-493e-80ff-eb0b5e5c2a03	1002
b06b5ae3-5fb5-4428-b8ad-a38f96c19cd2	786
b0768bb8-a1cc-44ec-a13d-44bd9053a1d1	784
b0775e91-ab30-4c20-8aa5-f37d1058c3f5	785
b07f5b4f-dced-42ca-bc1a-a3eed010c6a9	781
b07ff2d1-5210-4f5d-ba21-e2b123509012	779
b08176c2-02e2-4e28-86f5-ee1a8e33d0cb	598
b082c620-2b07-4707-bd52-08c9a19afc6b	791
b090b3e5-dc32-4e84-b1fa-9cf1e9d23d28	1001
b090b4f6-3206-4869-abc8-192b9b493a61	785
b0932bd3-6e1c-4655-818c-11afbcfec8e7	795
b0a0202d-cbb3-4554-aaa9-8ed9355f7b48	785
b0a0a30a-4136-4781-935f-ef9dadeb833d	785
b0a52fe5-3038-44e5-9e84-68166c45df2d	782
b0a6505d-205e-4ca0-8b2a-c8e019f09052	779
b0a6f337-e157-433e-b460-d2ac681ecc4b	785
b0a9be50-cf4e-42a6-ad1c-881c0e1fc262	992
b0afeab9-009f-468a-95f9-9c2ca9e61c64	786
b0b1cd14-8c36-4d09-b1e8-5380111071e3	995
b0b79bfd-d3ee-4b54-b888-fbaa9ebad023	789
b0baec55-461c-4daf-94c5-bbfd398085eb	883
b0bf3364-fefe-4665-8b5e-b7e2a8fb2370	994
b0c097ee-b7f8-45ca-b368-2d63bd87d0ed	882
b0c3c79a-4534-4185-9b81-26e7ab691e63	789
b0c5a4aa-99d7-44b7-b650-9bc5ccadd3d8	972
b0c66ed5-3542-48e0-a830-5aed91b47fe7	986
b0cc729a-976a-4f11-9095-682e442e83f5	987
b0cd4c3d-639b-44ae-a909-ec790250da2c	785
b0dd8f9f-d7c0-465b-8778-02b55b65132b	998
b0e33f96-efdb-4d65-951f-6eb6c0d7a7b3	993
b0e4ecf7-a295-48eb-af72-589faa56d3c1	1893
b0ef23f0-ae5e-4aa9-bb15-6bd023c9be8c	990
b0f173ae-6786-4bfa-9283-65c31bd531e6	1002
b0f56ffa-30d5-446c-b7be-1b8a3a38606e	783
b0fa04be-e07d-47a6-9347-d26b39b88384	785
b1015d78-5f69-4774-a1d5-22be5882834c	787
b118e217-29d4-45ab-8efa-3c48b0c724c2	786
b11b7a39-38e9-4f05-9c24-2a4b9b5cb4a7	784
b11bc431-bb1b-46cd-a92d-3eddbda8427c	786
b1265eab-122a-4028-803e-837f59a72679	778
b12c6650-9e81-4f63-983e-1f12afea366a	981
b12e467c-7880-495c-9599-2052181ba78a	788
b1305d99-691f-4bf1-ae7c-cc10caa5b682	892
b137fad2-7a09-4cc3-943e-5c020e49d881	986
b1390171-1363-4fec-8f52-d4e612c638af	790
b13e76b9-276f-4e3d-89a0-746e95b5f73b	794
b13f58c5-a189-400b-aee4-0c1f1e0c43cb	788
b1415745-24ad-4551-8b10-94e2ed1e8f27	1001
b156c017-a919-45e5-8413-c4d023fd5214	991
b157c680-932c-4b7f-a798-91e5fdc4838a	785
b164edee-048d-4da9-9c65-e78bab742ac5	779
b16a85ec-7d4e-4107-82d9-168b9d4e7f9e	976
b16b039f-d234-44ab-9591-e90d7c78c6d8	991
b16e799a-ee35-4260-be8d-0bb832a093f2	781
b17275da-860b-49cd-9394-391458dd86c9	791
b17d62f0-b73f-4c9d-b33a-e865d452403c	790
b190b54b-1889-41fa-bb70-bcbdc87bb1d7	983
b192ee4d-b844-408c-ba09-680036689202	995
b198d26e-6ec2-47ac-b98b-77b038067875	786
b19c0c7c-8457-495e-a091-14cdea59ea11	998
b1a185bb-c60b-4d92-8ddc-90488eef7b30	991
b1a8ddc9-828d-469e-b77c-75ca1edb83f6	777
b1b3f87d-d5d8-4058-afd1-437b7242fb84	784
b1c35424-8501-4be5-9011-f3bd90952091	786
b1cb0349-6550-4dfc-9840-3b452f2035c5	884
b1cb2cf1-67ec-4c84-a38b-85ea5a5c482a	788
b1d0a9e5-106b-4fce-a22c-edc542885638	991
b1d4ca88-c485-4f76-84f6-d3284678b8fa	793
b1d9ef85-e4ab-4cd5-bb85-64300032bccb	998
b1db247a-df5e-40ff-acbd-0b90ccebdfc0	757
b1dc3583-f841-41d6-992b-893a3d85f951	881
b1ebf610-d650-459d-9b56-6c4f67c6225c	787
b1f12dd4-268e-4617-8818-b59d6ac32d01	987
b1f93fe2-2d12-4ed7-a05e-09af4b9e1bd5	992
b1f99c65-b508-4462-9b02-6afb28af9425	888
b20eaf84-b762-4cea-94ad-bdb5a66788b0	785
b211ff4b-b41f-430d-ab29-18ad118cdd60	886
b212e2e5-202c-4c1c-a4c0-d431d2ad8c94	1000
b2163487-a416-4832-a62f-adafc461f84e	890
b2173d64-1602-4d5e-ae04-d73b84402325	787
b218af99-0562-480b-a6cf-2d7f8d8901c5	790
b21f579c-7b20-4d53-9256-e9ba375573c0	786
b220f9d6-1899-41e8-987f-7a9144135c87	979
b2212a0a-13cf-4b14-bc48-c96106fd8388	998
b229c404-3fda-4e91-891b-9c1d6bb6317a	783
b23c3aa3-fd71-4561-88fe-1850015de97a	999
b23c7caa-1727-487c-b07b-1bd01e5d5e4f	787
b23f7db1-f779-40b2-9816-838eb8da3c8d	789
b251d24d-3fb1-4b71-9c4b-7ac087ce5f7d	784
b25c55c5-b43c-42b4-8056-20801f74799a	993
b274c6f1-0b9f-4fa5-916b-20ad40768992	995
b277e6e6-6f17-4e1d-8e3f-131348a6f437	787
b2863d7f-595d-48a7-91e4-453b94d04e9a	990
b29e5568-5d51-4c1b-8af1-381641f9ca2c	790
b2a3ab99-bdad-4b28-a609-acbab03c6d76	891
b2adad0c-f9f2-4c81-90c0-a009026530b3	999
b2af945c-1a8e-4f50-bb71-31bda91412d9	783
b2b137e2-f0ee-460d-b0a8-ef880257a8cc	785
b2b13f34-2c82-4667-b282-c1a54da12263	987
b2b7f365-098b-4c2d-b02f-62cb09ccb9bb	782
b2bbd0de-f7c7-4963-a423-a80945b2f19c	1001
b2d27e6d-6394-4621-8d29-05efa849b2de	788
b2d33a3e-0c2f-4ce5-b959-d5eed76df873	864
b2d76857-2aa9-42c9-8703-85930c727dec	777
b2dd2f62-fd70-4853-85a3-5a3c36b770ca	889
b2e4724a-9b37-4bb6-a393-3eb9694043d4	954
b2e7a818-ba85-4b93-94f7-0c4a714ccb5c	779
b2e9719e-75cf-446a-81e1-dda86a4cf977	888
b2eade96-06b2-45e3-8acb-ca8359fc21e3	788
b2f3d1db-3f0d-4a67-b1d1-6960c0a4b16d	972
b2f97fe9-65fb-4239-9283-464189088614	783
b300aa4d-38d6-448d-9653-983daea77188	990
b303a9e3-a587-4538-8498-d007cdd4c145	989
b303b56e-bc11-43df-bada-be1119c76e61	981
b3081093-3514-42b2-9e41-fa6dd494867b	978
b316189f-dcfe-4c7d-94be-71c4c947e5d5	784
b330bb4b-1dc6-41b6-94cb-72ef3219221c	989
b334e03f-d0da-4389-a04f-da894014e94e	996
b335e0d8-0d3e-45e7-bb5d-045308ee2ca0	894
b3508152-8c08-40ee-903d-aa8c8e0083e4	784
b351bfbc-bad2-42f7-8159-1202189758f3	895
b35dc053-7521-451e-8496-dcf052b7d416	782
b36195ab-4cc6-4186-8876-1abec360b0f4	988
b365c233-a6c1-4961-8227-378cd96c9fe2	891
b368df4f-f93f-4008-bf9e-00a78dc25a95	785
b3732983-bf4c-4725-9394-dbc3d2dd93e6	974
b373ed65-fe17-4129-887a-063608f2fdfe	791
b37b9c02-c17e-430c-8ce5-a390c3658062	993
b37edfeb-c8a5-4b8f-acf7-fd4605a09b8f	984
b381aa4b-af28-4739-ba1e-54afb80bf482	787
b387c604-562e-4a43-875a-f9031b2df083	786
b38ae236-8c73-4cf7-b92c-27804a3b88ba	886
b38c7f34-bea5-4fae-9e4a-9e4f52c26406	992
b3975df4-d9ec-4d46-bfc1-3927a91d3060	981
b3980558-e464-4549-906c-8a47af5720f3	785
b3a00778-d4fb-4e04-bea0-f6d386308b09	988
b3a3b042-a7bb-474a-8579-e1ae6f389de3	786
b3b1f264-e962-4ea4-abb1-130887d61906	851
b3bbfc9e-9e67-4eb5-906d-089580130a33	991
b3c14c2e-fbeb-4862-b4e0-05dd4bbb7986	1001
b3c45489-5f10-453a-8a11-8dff68fdeeaf	787
b3d19267-ec54-42e1-b232-82c581c96d33	985
b3d2ae6d-3454-4fa2-bec8-3e5f11414b2c	815
b3d2e29a-0a95-4748-85b0-933404578a11	785
b3d72fb2-b873-4bd9-9e2e-10eebfa48d65	772
b3d760a3-1f18-45f5-8a06-02443e4eb994	992
b3d8a32d-81bf-4c44-b6d5-7683b4bd4b6e	885
b3d8ff17-daaf-4cc5-a9ef-fbcffd1cad90	785
b3df0d01-3209-40e3-8361-277dd39acdfe	1002
b3e185fa-3865-48ce-a57e-86c3c31884a6	980
b3e8bd7f-0ac3-41f2-9b4e-f986eeaeaa0f	786
b3f302b0-aceb-40ed-bb26-8fc9d5d4c070	996
b3f36f8a-d87f-4435-b631-dadf0944ac2e	781
b3f38d68-b91b-4af5-ade0-6e99997c2304	786
b3f65ad6-c99f-4a31-ab2f-879281660c1f	995
b3fd9277-18a5-4dfe-8024-5ffd29a1aaa4	997
b405ce58-ede1-4941-bcbe-8d49b847233b	775
b40a5344-ea8a-4908-9d47-6ecf54b7fedf	987
b40d7b62-5608-4760-932a-b9cd932d949d	788
b40fce9f-3d47-41a2-8bc4-0ee46960455d	890
b4168e20-25fa-4a29-840a-2c152c7aab5e	813
b416c74d-7091-4fff-9c63-e72d13e77649	992
b418af8e-7e00-475e-a190-0317f2a2a26e	787
b41afc7b-d558-45bb-adbb-6e5638a6c2a3	810
b41f9017-da65-4e61-bb39-435651a4742c	991
b4232e6e-031e-430e-8f54-f45a74b63465	997
b426a4c6-6af9-433c-a23e-fad889b24386	987
b42bdccd-66d7-4b38-ba7e-e3075543ffae	783
b42dc77d-d0c0-4b8d-994f-8d9dae9d2a61	987
b42fbf24-dfb1-45e9-bf6b-53a182c0903f	986
b43a9739-f984-4bc7-8966-3097c2c3b213	998
b43c1f41-38b5-45d0-a66d-fc05daef4866	786
b43fb101-3614-481c-ab83-a6be639c5711	888
b4402ca3-7b2b-437a-a0ee-130d96b42314	783
b448c837-81d6-4b71-9ec3-fa911ddf4a63	785
b44c4952-a1fa-45f6-a2fe-45d8069f6f98	788
b44dbb09-dab8-4887-8c73-59751dac30a3	784
b44e02fa-e61a-4c5e-b217-57c6821b3e05	972
b4599d67-02ff-495d-b111-b70593cc1e52	987
b45af942-be59-4124-a9b8-ded44488bb91	981
b4603842-f9e1-46a5-a235-271945b3b504	787
b462f984-f5c5-4fde-a236-4eb0f2c0a8de	986
b46e9175-44ac-4d07-959c-dd587deae409	984
b47007a6-9671-4c18-a510-9431aab723c8	884
b471054c-73d5-44d9-be1d-3fee6147e9bb	987
b4729440-9518-42f7-ba8e-968d8fc22eea	990
b47c20e4-70ca-46ea-8d0e-26f98003f1b3	783
b47e1178-1b4e-4486-9eea-3775d4a0864e	891
b47ebb7a-0f1c-4aef-b4fe-0c80ee36d1b2	981
b4829b48-a61d-4e9c-aa1a-d71563c38c23	786
b48b9128-8c73-40b6-b5ae-75ffe03eab06	783
b4931b62-0f9b-4e6d-9691-bab533ad0688	786
b4933c7c-ac50-463e-a595-b657622a9da7	1061
b493fdeb-7267-443c-b36c-7d91b0c1e5ca	907
b494eed5-a1b2-499f-af87-499c8d37ec07	998
b4974e24-c225-417f-8f46-cb113d3a21b0	785
b49b0ccb-e446-40ee-b4c1-a8252667f248	997
b49befd1-5d00-43c7-86f2-b85dbed47437	980
b4ad9844-9573-4bbe-8375-6cff2ec303c9	781
b4b3056b-78b1-46d8-9dc4-dcea0f873625	1006
b4ba6a49-9e51-4de9-a659-03a30d73a0e6	788
b4bc7297-8811-4020-8dfc-8f1d10a0c311	998
b4c01a92-c6c6-438b-9fae-0b099f60d13f	659
b4c4addb-ce21-411d-81c3-672b7a97b85b	1007
b4c78935-6a0e-4c65-8a7a-310943ce244a	785
b4ce84c3-cec1-4ab5-b5a3-2541cb5fd8e5	1004
b4d043b4-8183-4e72-bad9-cc0fd4e51c8e	986
b4d40715-be83-472f-a749-73bc9d305039	785
b4d5cd9c-a9f0-4529-a094-3c4b77e13cbc	786
b4d62ceb-1a42-439d-b6d6-7c57ca9d5408	986
b4dafcf8-a2d4-4efc-9c46-0331fa8d8d2c	782
b4dfa267-f388-4ed4-a926-20a42d0b7691	783
b4e4d711-c5cb-4d43-96f4-dd6c30483455	991
b4e52a5f-a3e9-4a17-a511-43445a656ae2	1001
b4ec8552-93f0-41fd-a8c0-3bb70901d282	981
b4ff3672-03f6-462d-930d-9e36e6ae7549	980
b5069fc3-9bed-4c7b-850e-cfac39103823	979
b509bef8-7bbb-41ff-a0ad-78b716f7eaf2	789
b50f70bd-3e57-4b61-8227-d2164564e0ea	778
b518c4ce-6e1a-4c45-acc5-91c147764876	809
b51fa809-33cd-45aa-929a-acc0dab744e3	780
b5296623-dee8-4d70-984c-fa7fc76811b4	808
b536b51a-907d-4e72-82fb-51b222071599	997
b539b82a-d253-4fbe-9b71-d471a9657567	1004
b54212ce-df1b-4437-a629-2c51ace6e1af	980
b54b3344-38df-4d7f-b6a1-a75e3b7e4fd3	785
b54ed499-6384-4b3f-be68-f3de0f5b190f	987
b54fe28c-d97e-4717-8b16-3e8f6d827039	785
b55b8766-6997-4515-b90f-5953c4d40a42	787
b56bab95-fd80-486c-8202-99da5d88624b	990
b5771957-73f6-4d6f-98f1-1a750308b422	784
b57a3189-4d4e-4af9-bc1a-5aa8cb98a680	984
b5815e72-d204-46e1-8f03-b39cebb3bf3b	995
b5819aa0-d2a6-41a8-9031-d67a09b246e1	785
b583d8ee-6677-475b-9ccd-da8ce8890a5c	891
b586bf8a-3551-4cf8-8d55-02fbceb59084	782
b590de58-48d3-4bb9-970c-3d5f861260a4	783
b596e3c6-b213-48e2-8d2c-bd40805010de	785
b5978eba-114a-47e0-b7d9-a9e9cb54297f	787
b597bae0-fe31-4467-8279-4f19277565c1	995
b59a2bcb-f234-441c-b5e9-d1eb5bcef4ad	984
b5a11dd9-7cde-4005-89f8-84c961f3dadd	784
b5a80f1b-d0c5-4310-ba32-0187ba0a65d2	780
b5ae9b72-8aca-43cc-986e-937efa8694a2	996
b5b54cd7-3df9-4005-aa52-98e132fb568c	999
b5beb14d-e696-4bd5-8569-50354ad0236f	1000
b5c275ef-c243-4948-9145-ab86e523ad2b	782
b5c7cb8b-23e5-4b6c-9dde-6005831a6ae9	989
b5c96163-45f9-4310-94d6-24b7c792bc00	970
b5ce4d0d-ed47-451b-9b57-c8b6cf07b0cb	787
b5cf4a26-d249-46ca-b367-d95f197fbac8	989
b5d24e01-8c66-407b-9da1-5c78257b998f	783
b5d33e7a-2356-4273-b72a-8cbeaca41579	893
b5d6275c-b84d-46a4-8b47-0816ff3f55d3	983
b5d6a7b3-92ed-447b-84d3-df907b7e02f0	787
b5d9d6ab-02ec-4c1c-96ba-1e4ab02c3bab	784
b5e69479-a887-431e-a8ca-60cbddaf2e89	785
b5e9967c-636a-4c4a-8cb9-39ebb4791a77	890
b5ec6bae-eab4-49e4-b0e3-ad9ff3b6976f	820
b5ed9bae-60a2-4796-9d6c-740af8b16d8f	988
b5f46f12-2da3-4d8a-b802-57844c9d4840	783
b5f56a38-0e73-444e-bbf1-3dbfd6328a3f	878
b5f57952-28d5-462e-9cfc-d9a096608139	997
b5fb6d11-1471-4d41-8e32-e38f414004cd	895
b5fd6e13-1640-4981-99a5-cdc3544550b0	1000
b6002d9e-5ffb-47a8-b2a6-e542ce57418e	1002
b606d886-35f8-4c3e-b49b-65ac82c10c06	987
b607ae1c-cae9-4a96-b9eb-8d689b95f3fd	887
b61173d4-cddb-440a-b71a-7dcc92bbefda	787
b615dacf-2651-4f99-b4f5-3bc30c628875	773
b626789d-d1cd-48d2-a162-bbde902b9a17	980
b6296687-38bc-4d53-8df0-731e429381c7	992
b62efaca-d0e8-4aed-befd-6bfc91eeb660	783
b62f6f1a-30b5-473d-abfb-0cbd5c46d478	783
b6336ed0-7a07-42ae-a2f5-7e980e50900e	980
b63989f9-cbf6-4b28-b5e9-d081e9e09358	792
b63b4de3-280c-43c4-9b62-f773b2c09c66	785
b63b66f8-84b7-4dd7-b6cf-64a25faeb5da	785
b63c3501-8c86-4f8f-b2ba-11fb11cf6512	788
b643bb94-fe62-45c9-8a2f-434d17a86c4b	786
b6471e2f-d839-430a-b41b-b94c98cacece	781
b65566d6-3d03-4ee0-90c6-b26438ae3dbd	985
b65a0ce3-16c3-4125-b16c-c8e5e713be2a	782
b65f493d-ade1-4b32-b2e9-2edfb062f8e3	635
b6631e6f-0afc-43ec-9e5b-2c5774edeed1	991
b663b246-578a-474b-b06c-907d03dec6fc	982
b6641575-cce5-41ef-bf0b-7480e9b468d6	687
b667aaa1-f8ef-4783-a66a-1360ca7f3424	992
b66b896f-a4c9-42cf-a508-76fc2fd2ad8b	979
b66caeea-7393-4ace-9ded-ad05dd7f1591	784
b67a3bc7-c431-4932-b448-67820b11d9c0	882
b68005c0-a991-4e68-939f-580d1e7f02a3	782
b69c1ac2-1496-4da9-9f3a-5c4bbe335c07	996
b6a4d390-2894-4d17-af49-2033cab7a83f	824
b6a85da3-a218-46d9-9b02-8c9fa2e78068	785
b6ab5feb-5ecb-4943-85f1-b9fc66214ac2	890
b6ad5735-5d38-458c-9c12-031a246bf802	813
b6b50550-1ec2-46ef-b97c-01a4c7535eb2	994
b6c431d1-f539-4f24-b07b-96beb0622c82	786
b6cf1cb8-fc54-4076-911d-dbbe29dc1bf6	785
b6cf46c0-fe4c-40e4-af56-f07e4635ac5d	775
b6cfe64e-8667-479d-a951-1833137e8b27	784
b6d4f4e0-3a2e-43eb-983e-ea5c1734088a	976
b6dbd529-2364-4a4a-bf9f-3e20f4735555	985
b6e676a7-9c81-4e96-a5c5-88acfb211d05	891
b6e8013d-2b10-49d8-bc7c-19466a504cea	786
b7046fb0-bce3-4e89-9de3-2dde68584111	787
b704b5d0-90d2-4fa5-b7cc-4c329becdda3	900
b708aeca-9150-4bf3-8ad2-da8722dfd6ac	984
b711101c-edd8-4a1f-b57c-5000bede7916	997
b715c70d-66cd-4069-a963-86c8446d7392	882
b7225535-0da1-422e-bc40-65196d804eab	787
b72592ea-d114-4348-bb0d-9a0ef4484cff	1004
b7273736-e4fa-4fb4-a691-11c1c02bf948	887
b72e9092-6d2e-43ce-a8f1-049f2ee1bf44	972
b72fd3d0-b09d-474d-9f1d-66e5a1d467a7	890
b741ebff-5202-44f3-8ee0-a0e51b4bc385	1001
b748d9f2-dd5e-42dc-9c1a-ee0ab0f4d019	928
b74ad10d-17ce-48b7-a177-5404eb4b1a95	641
b74ea7be-c287-4d3c-846d-75b5ffd07bf0	984
b74f3312-2026-4521-9b94-cf405f09b151	787
b75d1394-1f33-42b9-983f-56b01f689946	988
b75e14d5-650b-4fd9-bfb5-950706088df6	982
b7605ff8-b595-492f-a3fb-f2ac50993027	982
b7690123-04ed-49c7-9c39-7efdb171e87c	786
b76f5458-1333-4d16-833a-50bb8b882a82	887
b7770d50-0e85-4ffc-985a-23c80b1abfb0	1000
b77c338c-b979-46b7-86a1-d634b2a0215e	784
b78c098a-d118-4617-8338-73155b7d22a2	894
b78cad0a-3940-4c1d-982d-b85293a21a68	886
b7916a70-b2f8-4a2f-bda3-c11b1de88bc8	1712
b79cc733-3aeb-4e5d-a504-902a2081f9ae	789
b7a78988-8a47-4d5e-a43e-0d2f98dc93f3	988
b7aa3c70-359e-4090-b76e-b5161dd556b2	785
b7b41b4a-2c53-4e72-a588-6d0c59989225	787
b7b500c4-92d8-41e4-845c-996c47ec4f58	881
b7c3c111-0e89-4181-b064-6b5430cfb4a3	996
b7c8c80c-58ce-45ff-ba68-bb222c09e9e7	921
b7d35b2b-f15e-4425-a498-9728f9795dfe	985
b7db526d-dd04-4c6b-9362-f731e15bc72b	886
b7de98ca-7327-4083-88f0-69d189ed09e2	786
b7def03e-0183-4e0f-9f49-a5e3591e3c2c	786
b7ebc7de-1418-46d6-9953-6be554ed590a	992
b7f8a578-2444-4d90-88d9-7ba716db8f23	784
b7ff08f5-3d2f-462a-9bec-9e337b9cbf5b	981
b80420f3-2204-4883-870f-88013f6166e3	888
b805d777-87e1-4940-bfd5-2acccba3040e	889
b8117166-1f5c-4638-9b8d-433df45a9a1d	982
b811ebc4-d44b-4abe-9f39-d67383ddc4c9	990
b82e46a9-2638-4040-b906-cdb5545d282f	996
b82e4e63-0b0c-4b7a-b3a5-63e997707e1e	785
b830e2d6-2f32-44a8-a779-49bc4b6d6c42	780
b83ef2d0-f53d-4541-8dac-0d6d22a8cfa1	781
b840631b-dbc0-48c9-8c7d-c83dcb9051e9	986
b849440b-596b-4667-a4f4-1672daa00466	785
b84a765f-a254-499c-9231-fe34cc1f75f2	792
b850129b-a659-450a-9179-7542b537a5cd	990
b858a75c-4513-42a3-8755-a7ca2a457daf	990
b85c59b0-4b54-442c-93dc-638a92a7df33	890
b8619015-7d11-4375-8751-b689c5428ccc	791
b8636df0-c2f1-4655-8927-44d4787a4e89	787
b866f171-b66d-4b14-b65f-0491f1766118	991
b87578b2-23ec-4ab8-86aa-d0aa4710e7f4	970
b87b8579-59ac-4359-ba03-18c8e49f863e	786
b87e7603-d61f-49c5-bb6a-63112fe70d5f	990
b8815ee7-d73d-4686-9fd1-02998cfb3c80	988
b8825204-05a5-4594-a6e7-566365b48532	998
b8828812-bae1-4f70-b699-29222fcb9315	993
b885e497-ae8f-4dab-a01f-8c79f32353f5	783
b88c29da-0886-4d6e-b604-3b97a24bdf53	787
b890406b-bc0e-43d2-a816-8aee922d65b3	784
b898c00b-2bec-4c93-a8a2-acac97a147f3	784
b8997c08-d9a2-4ee4-9d39-91f1f5af0419	890
b89e5c01-5760-49bf-9ea5-ba152dd4c50f	787
b89edb4a-1cf0-42ee-8e3c-ad2b3a3c5c10	786
b8a2e754-acb5-450e-a80e-1399ff1901cb	1005
b8aa1dc8-0303-4c46-a068-607e51f5ba82	1000
b8aa3086-c742-4a27-bb15-1b5a73f30368	988
b8ac140e-a372-4ad8-8bb2-c26430ebfddf	987
b8b0b573-1ee0-4151-a45b-335befb0b18a	889
b8b89fa7-355b-4555-aad9-b88d1896bcf0	778
b8c0db96-4ade-421a-875c-ef90616d5df7	789
b8c2af3b-ac23-4c04-a5ab-8c0baa44aa5d	790
b8c86a5d-63d3-4a09-a486-88612c2f95a9	783
b8cbc092-7f6d-4b14-9b62-72a74704b99b	783
b8cd3571-ca09-43c2-97d9-b838eca38629	987
b8db02c0-6225-4208-955b-4fc7f1b86cda	1000
b8e3e30f-babe-4095-90a6-2324dcd073e7	994
b8ee39ca-42e2-4646-ba92-99685b5d370b	894
b8fb2902-2295-4e7e-83ef-9633943313dc	971
b90ba5e1-bd0b-4483-80ed-e9d6e5dcda52	890
b90f9fc4-a0a5-4206-a698-94a8b9a10905	978
b91dce96-1305-4f39-8296-ee0af98ed04e	993
b91ff702-75cf-40c1-83e3-9a0cbd3b25df	985
b92e9606-4e8f-4b21-a3b3-539c4ea4e47e	787
b934ec65-a873-439c-8e05-cfeacfb16914	983
b93c5e66-ed35-4c33-8e89-88526437c6fc	775
b9428534-3766-4df0-a9ed-7a450bdb80f2	774
b9468f66-6703-4f14-a908-e1a8b47fef3c	887
b948c6e6-f3fe-4929-a3da-2928954b615c	787
b94ba684-6e51-45d1-87ca-4c2423ec9219	786
b9584a0d-fe8f-4a2a-b5fd-41fe1eb1737d	982
b9619d86-db2f-45f5-84a9-a39b0ce2587e	889
b964b736-6e3f-4ec1-9814-c987dfeef76a	986
b9653bf6-3faa-4b52-b6e1-e04eb3623f8a	786
b9670657-e32c-4db1-95d4-4d5bf3cfb30e	785
b96988ca-e6be-4094-af35-a3b5bbb6add0	785
b96dc1b0-b52b-4bf2-9a88-960e2cb15b0f	982
b96f7d93-df26-4492-aacb-8612223f7d60	781
b97e446f-04fe-4c03-b9ae-0394b863a1c0	780
b9805a88-dad2-486a-98f7-c2967209375c	786
b980c9a8-3564-4643-9c32-8abef3036794	914
b98edec0-a411-4978-9dcf-cc7983266d56	784
b99683cf-4eaa-496d-bc69-d1e0a04a9c34	983
b998fd13-5eb2-428f-b144-b6bb09088ae6	1002
b99f6fbc-91cf-4f32-8691-4ca128578258	1001
b9b0859b-d13e-4ae7-9e0a-0080e15e4f64	991
b9b185c8-f888-46ed-8c8e-950a9418d025	893
b9b47682-1462-4153-8edd-72411dcd1bc4	988
b9b93097-d312-4a0c-9ab8-003a37815d0a	998
b9bfa4cf-9dad-43b1-a550-8d3eeb1e1b89	788
b9c1029b-249f-475a-981a-bedcc419727d	1000
b9c254af-65e5-416d-a95c-af196a2da39b	977
b9cb61a9-38a9-4bad-8eb9-9f2cf9790da3	791
b9cc3540-9115-4ca4-8d0b-c768bba06149	996
b9daebdd-18ea-4b9f-b994-0e72dff9abd3	1002
b9db8c53-6f07-436a-8a55-fa3807bf1854	994
b9e1bb84-de36-4479-9486-2a1dd17d64bb	789
b9e511ae-e475-4988-b8d3-f66942b71595	788
b9ec6f74-6441-4c1f-855e-890d7860bb36	784
ba04d2ce-2c6d-480c-8c1b-a3b45682465c	991
ba064b22-e53b-4a54-b5c0-76522a67f003	977
ba0792d0-b31c-46ff-9583-0048771d3d6d	1472
ba0c31d3-a6f4-4aab-9c4b-b6bf3f1d79ba	978
ba0d313a-a53b-4a6e-b191-2d6c586011fb	980
ba0e5d55-9fdd-4a92-a44b-c40091f51b3f	785
ba0efbaf-9f68-4036-8076-efa8e8e268e2	787
ba176852-8c07-4eef-899b-34cac1d24e7a	986
ba1c2d54-0037-4456-acc5-7510aeb20332	790
ba1fbb32-8d7a-4beb-9ea2-67816766d091	883
ba226644-45b5-49e8-bb75-8f8c50b6fe73	784
ba306892-4630-4753-81c5-6d410b8ea176	893
ba388434-d2be-4f95-83d3-76d8290287fa	976
ba3e9bc7-f609-43f2-adf8-81f9c9686500	895
ba41c1d4-f3e7-407f-a610-f1f754f6c38e	1006
ba42eb20-6b24-4517-a5c0-38e4ad2ad592	782
ba442413-63a3-45f2-accb-77f2e9c4f5ba	980
ba44ab96-1903-48dc-9652-877bd1f72abf	987
ba46fdd4-54cd-4e37-8de4-17655d6a6d90	995
ba565037-bb3d-4458-8308-cf5584092668	979
ba581b5d-0809-4835-8354-7d26460f34b1	818
ba5f256f-9d36-4448-a47b-cfd1bfc9690a	787
ba64ff67-cdf5-42cd-9495-c29ecc1cc6e0	782
ba67996d-94f9-4f01-8908-8ccfe39273bb	983
ba6ee6be-1a36-41ce-b20e-c373f564b438	817
ba742c2f-bc6a-4bd8-93e7-0760fd79fc72	774
ba7b60ef-d5af-48e8-a4ce-9568d5223463	780
ba827a1c-2f55-4a32-8897-8b2f688aa330	991
ba828bf0-fb91-406c-8a50-b9a3f49803e0	783
ba8d853b-8331-4dd8-ade9-3f9761893988	782
ba8e2205-9d2c-407d-86bc-0027944d567a	885
ba913601-4365-4c90-a507-4b041f1991e1	783
ba94923e-6e0c-4b2f-9f8d-273185633459	788
ba9982f9-d00b-4ab7-a2ee-ebb577336fca	983
ba9dd184-740b-4000-879d-7e90e1bd4b82	998
baab41c9-7687-482b-8d3e-9c878831f483	778
baabfa82-4c0a-4cf2-ba44-b06c96525d50	781
baace8a3-49ea-4bb5-9489-c41e10be271f	782
bad88b7d-9ccd-483a-a546-8ce2aa528612	786
baddeb1d-0bf1-4f00-99bd-a64c05791a1d	880
bae30b87-d81d-4007-a259-5ae144ae611f	771
bae5f117-f5f3-45e0-be4e-1f22c71cc5df	977
bae764f3-dcab-447b-ac5c-e4dd4095b639	990
baeddee9-c4e5-44c7-aad0-e51286e6c202	787
baf98602-f460-4302-b72e-277ed62886ec	987
bafaf546-9f12-4de0-9d9c-8d0398492c81	892
bafb3300-7e0f-4952-9c60-9aca788f4e40	787
bafcc62f-9e19-46ad-8413-80390066ed4d	775
baff29cb-5a6d-49ba-9293-4a46a824c3f3	785
bb01c7f3-c17e-43bd-a0fb-af166f363a73	890
bb054f04-8e64-462f-9570-cf71665da38a	786
bb0e5254-549f-4dd4-8803-f14b65bd37c4	786
bb0f556a-1b62-43a3-96ce-70021f861a5b	786
bb110e8b-227b-496e-8ca5-b87228197945	892
bb1c1eb1-c348-4913-992d-3acc8e7e6c47	984
bb268841-210e-4b4e-916e-a403663fa2b4	992
bb2e37d4-d66d-40d6-b5ab-ab01deb924ef	1000
bb37c647-744b-4c87-8c5f-c1052d13b1b6	979
bb392438-3304-4c98-adf2-060f71c62a71	786
bb3c5ba7-c6bb-4558-8fba-f36e7d1c6c18	784
bb3d25bc-958a-441a-b44e-141f9ca2b6e5	982
bb40adf2-8c1a-47ec-942f-d0aaaf108404	779
bb434e0e-3c55-4f6d-b051-82e27abb6d0d	823
bb4c6f98-c18b-497b-bfcf-0f5172107993	770
bb4daac9-cb87-4ee0-a3bb-b2b4f7812791	785
bb5641c0-a91e-4a08-8d0e-665bb783abf8	981
bb5d60fd-370e-43d6-a490-3f9141bc0bcf	993
bb6c1952-dcac-47c1-9b44-34c82f4ca6d7	983
bb70a94a-1faa-45bf-9e02-db867de50ba8	787
bb747735-aa6a-4301-a90b-1ea0980b5dbc	781
bb801f4e-02d3-49ef-8116-a771a8fb4812	786
bb8628f9-42ee-439a-9f59-db5b14566f83	986
bb87c612-c5e5-4dfe-b847-2298fe7b1652	780
bb893f58-298a-4896-bed9-a7f1ee5cf98c	786
bb8eef8e-0f51-434f-a035-5b5517bb233d	779
bb952430-b28f-4c31-aed4-cd9c661913e2	983
bb9c4d3b-2c76-44bb-9d31-88841294356e	988
bba113e3-e882-4e6b-96ad-f2728eb99ec8	890
bba2ea2e-81e7-4ae7-9187-b0bd1a76515a	785
bba565f3-a56a-4398-ba30-b32570ca303b	785
bbb3e3ab-5e9e-423b-ae2b-134adeb05fd1	787
bbb3eb37-a40e-4e8e-b9d9-73f935cae9df	787
bbb9f731-0e04-4e18-a9ef-29ccc7e8218b	787
bbcea79a-adac-4e25-af69-7b0e0890abc4	789
bbe10f1f-39ff-4c68-b973-946d0ca9242e	786
bbe5260a-101e-44e4-b608-6814dde454e1	1722
bbf3bb2e-4178-4995-a714-a68380b44f74	822
bbf3be2f-91a5-44b3-9f26-973f58cd004f	1169
bbf3c5a5-32c6-40f8-9141-9b93a86ec6ca	891
bbffc2e2-bf3a-4a03-b959-3bd325d6a0e3	786
bc01c0ed-7e70-4108-a62b-35fe79698b4a	788
bc0fd35e-dd8a-4383-93ed-75edd45d4bd2	786
bc157b2e-4a14-4cf1-b2fc-3450d099708c	778
bc1e7873-a630-4a6b-9147-d37db9931b1b	788
bc27b5f6-d890-4beb-a615-8c6e23bb9564	878
bc341515-1cd5-41c3-964c-315569f552da	783
bc432fca-d533-4224-93c9-95a454e319e9	784
bc4388c5-9b0f-4598-bb30-cadf25197674	981
bc45fb4d-8459-40f1-b1d1-5867f6776ff0	992
bc4e8e7a-54b3-43fa-89ec-9d069f6e8653	788
bc5904ef-2121-4913-b78a-2bddab225439	889
bc5b0f78-3ac8-460a-bb3b-8c3e0bd054c6	998
bc66dda4-92fc-4bb9-b2c9-e41dc2f624f2	816
bc6d5916-9a37-499b-a137-e5a8dbdb28fd	982
bc738a62-615d-4358-ba0e-5af0059a1d95	784
bc752aa7-f7d2-4ae3-81d2-57636fc093d5	786
bc7adcfc-4d28-4e3d-bf44-56506544b9b0	996
bc7bcbfa-7e27-4717-bed2-bd6672774f71	986
bc7ff148-99a5-4e60-9a8b-a07d6ad996e2	994
bc87356c-c249-44e4-bdbc-e914cd637111	887
bc8d82f7-e415-475e-b1d6-76837bcdf0ca	996
bc907bf5-e0c0-4612-be32-229b4b154355	786
bc93d184-6774-4dcb-8a18-2634f8f21b10	780
bc98b9ca-ab2f-4a2f-84b6-44dc86c5dfd0	810
bcaac105-3bd1-4da4-a5aa-4b9879dc8384	993
bcb76a3a-90b8-4cbf-ad25-c7544e24020b	981
bcc060c1-19c2-4454-a74c-1d3e9cb2889e	782
bcc845a8-2567-473b-9376-a3568bcb41b6	776
bcd626cf-020d-4990-973b-a5e9d25fe8cb	998
bcdd3eef-7071-4d35-9ac9-b1ae14b0400d	772
bcde586b-1d07-45ef-871f-11f18bc0d084	784
bcec2568-804e-49de-a2b7-fbc3fab35b54	781
bcf03ee3-c99b-4130-bfcd-2e6fc86f4e44	825
bcf2441c-23bb-433c-a4db-5365c291cd9c	784
bd050a25-bb25-4638-9404-fce62406420d	777
bd05ea85-033e-421e-a824-d64de9d5dae3	775
bd0abdc4-1890-4d36-8da3-dca23b8641b9	1001
bd0e409a-f937-425e-aecd-3a6f4b61c110	783
bd101e82-dc70-4f75-a56d-42b1991b75a5	1001
bd16a403-b6eb-468e-bf81-16620bee09ab	784
bd211275-651f-4a84-b750-d67105f5d1d5	985
bd25ad0a-a02a-4667-8829-071632591897	784
bd2f8889-f43c-4ab7-9bdf-349374384a63	786
bd3c96c4-ac38-4d5c-89ff-33df3d52c781	786
bd42c1e3-ff10-453f-974e-e561a4846e3c	787
bd44a798-8610-441d-9dbf-9e38e3f643c4	682
bd477b8f-73d2-499f-9085-69cefc79974e	888
bd4958d4-aa63-498b-a94e-6e11c93e00dc	996
bd4d0fbe-c422-4a30-863d-e502ebdccbc7	786
bd50ecd5-87b5-41a1-94c1-0fea4e3f7772	770
bd51b3bf-43e4-4569-9631-7879d30a0716	781
bd53287f-d888-4f3b-b88c-ff8fcff2bf48	786
bd5619a8-f072-40d3-b313-323f65b57dac	1000
bd568b7f-ae29-4205-80f5-4c6af03986de	787
bd58e485-eddb-4b6d-9e76-e7989ee28e22	887
bd5c8d03-303f-4783-af3f-75a9ce878e68	985
bd5da109-51c5-45b3-86dc-c3884de263e6	1000
bd638dc6-2a72-4951-bcd3-e9b322ca477b	783
bd640fa9-4679-4166-b55a-ef883e672274	780
bd658127-5227-4aa7-99d4-ce4069bb6d48	983
bd79bfb1-8558-4b34-b088-f383a3522079	786
bd7a9a39-e063-4703-b87d-0ef96e911f77	887
bd7b6e75-ed2f-4a49-8988-5f772116ce2b	780
bd7fd88b-a898-4f00-bb74-225e67be4d2e	785
bd80ffeb-ccbc-4525-95b3-83ad1a2c1d39	785
bd890355-a705-4043-8bab-d2426bba8842	777
bd9a061e-ca99-469b-84c5-6764f82db45f	1002
bd9a299b-1e5d-40c6-8efb-b17fd31aedc2	894
bd9ff86e-77af-4514-9485-29e22cfbb08c	995
bda28764-03d3-4ba9-8191-9fb60196284b	792
bda8ccdb-5b0d-4d57-9911-a8b1230e22a9	1000
bdacc399-055b-465c-bf7e-332acd0a7c65	883
bdaea665-cd1b-46df-bc19-3640196bb205	788
bdba3799-9614-411e-b5c3-d54a914bbb89	890
bdba5701-1104-4c12-a9af-f3dd74832b48	785
bdbb4567-87bc-43af-bb0d-b34acd9d55f5	981
bdda3b2b-7bc1-4411-ad23-c017e2abdedd	993
bddb726e-f24c-4194-b1a7-a44e8ee43ad7	786
bde64c0d-d31d-4f3a-96a6-ed63ca6d43ce	785
bde772cb-7412-4687-b303-be3beda5f954	993
bdeae252-7852-4419-8620-25d6a10575fe	1004
bdf61d64-43fb-4244-8c65-08e4d10f08b4	783
bdf7ed45-2be4-415a-a0dc-5d5d6b920e21	820
be00dc8a-50ec-4298-b4a0-6e20290e4652	788
be0b0d0c-44ec-4e5a-92cd-e9fef78deab7	995
be0f2280-c3f4-4777-be32-f57b7a477257	779
be10a825-c37c-4813-b53a-af1bb559227e	784
be142143-e9ae-4026-a23a-7e56658d3c74	783
be1479fb-2856-446b-a300-28960a656fdd	783
be1fb1a2-b27b-46bf-8dff-2828766b7bd3	891
be22d026-23d2-48de-8367-6815206bb3c7	785
be237f85-3ff2-4b52-88bf-391b8080c652	830
be257b17-8d6b-49b9-bd27-2cddfcb7982f	785
be311314-9c49-432c-8cd6-16ec3a550f40	781
be33ea89-e2a3-43b6-b0bc-9f886e913e60	993
be365258-f2bc-4eec-b67a-73eae52a3253	785
be36bb28-382b-4fa8-91ef-9e3599fee464	786
be39c8ef-707a-4256-9b34-66fc96ab7ac8	788
be438efe-b76e-49f4-822e-c170fb3a2d30	989
be4c167e-e7c4-4541-8fcf-16efc5fcfc67	784
be4d5e23-b587-4dce-946d-78133bb1097b	785
be4ddd99-dddf-443c-91b3-3611d11be2b0	780
be561249-b7a6-4348-8d4c-f37774c71e78	784
be66e117-979b-4b74-850b-f69f83fd50de	789
be67ba87-c04d-4352-bfb1-0e406b5b13d3	785
be67bcd2-0a67-4b24-87af-af1dd5c2af4a	990
be6a9b0a-bb91-4ad6-a56c-53b9e5fcbc1d	889
be7693c3-c085-43fd-88de-828e8ee99f1b	780
be80f96f-fff2-4f9a-a270-29bdae62ef88	985
be8d198d-3077-4a21-b0ec-dabe4b0a15a6	786
be9945e4-7fb5-4dad-b555-8e6c37562a33	786
be9b1630-e693-4e1d-a0a4-a4bf28913f33	784
bea02374-6143-48b2-b719-a4eb7f969574	994
bea20b90-686b-4587-8e34-2463cda7ed3a	1000
bea38538-e737-4d3b-afad-c69bc1e5a404	782
bea69a66-1100-4389-931e-3ba604f014d8	895
bebc996e-9e90-423b-aab0-14e90666bf2e	895
bec31bb2-eaf4-48c7-a9ba-3b77f5854b0e	1004
bec6c82f-2402-42b5-bc1f-792931316a1e	785
beca2098-04ff-4b57-b917-206c6fe9e72f	788
beccf9f2-ebc2-42cf-9940-d6939f559165	814
becf1856-766a-417e-af94-91f83994f9ce	775
bed7a4a1-23bb-41e5-b66e-935d26423870	782
bedd5f24-00d4-47f4-8d3c-b112441d1c20	785
bee1d089-dd89-4064-a321-f902ad6a7e84	783
bee80eec-484c-46c9-a248-ed3e10e32208	991
beeb0816-7554-4577-ab5f-63a118f644bf	984
beee1c23-d993-4ed8-b60f-7fdda7177c49	1002
beeece9f-8627-4e40-a555-f85df1455a3a	998
bef4fab4-941e-4763-8744-f858daaaf628	975
bf0b6cd4-008b-4060-951e-1b7d2d9d2639	788
bf111659-685a-4d1f-ab61-66a1f10c9f68	1282
bf121131-dd1e-4e9a-b02a-6fa6fe2ce36b	789
bf1302e4-9690-4d43-acd2-cdfa3cb6e1e0	987
bf1db757-767c-43ae-a946-dfbf73557845	780
bf2af74d-c327-4104-a46b-745363d2ef5a	978
bf2e332f-59ec-41f8-8119-75ea8dad22e3	987
bf385024-b984-47b6-8378-90621f6e7329	785
bf3a5328-10af-4be1-83ee-49b010234cde	1005
bf4d9d1e-6c14-4bf5-847c-46611e5842b9	878
bf50c94b-4cab-4b30-90f8-47a9109e7f4e	999
bf51d742-ffb2-4355-acac-7b560db76913	787
bf522267-16a8-40ca-b84e-ed1888448e37	785
bf543691-619e-4bba-92e6-1876a57d86ee	796
bf54eb73-80c1-4546-96c8-707eb98ffcee	786
bf6972ec-0db0-49e3-8b33-3f82cffe3142	1556
bf6b4673-7d1e-4970-9179-a0d3ac52fb48	700
bf6e45cb-917c-44b4-9bf1-647286fd6973	784
bf70eb14-6e86-43b0-bf67-21fd2fefeddf	982
bf75a171-9b7f-47e1-8d10-6dfea5cd0063	979
bf7aad81-8867-421e-a0fa-af5088a9b583	782
bf870823-1db1-465f-b1b8-cd75244c6215	773
bf954cdb-b842-463d-bbd3-5d07c454bee1	840
bf957368-4ccf-407c-8234-c46584caf891	986
bf9ba888-56f1-4e77-abc7-df25315f7b6d	787
bfa7a417-c968-4b96-8ab8-e6ba9201e911	788
bfaa19d0-f58e-4c72-bf40-d7b93c1a604d	1250
bfae8d16-648e-431f-9406-2936285eabe7	1002
bfaf4916-76fd-4385-b1c8-8b02022e0f6f	787
bfaf652d-fe3a-4407-925e-45bc0972d57d	786
bfb2a8dc-dac1-46fa-8e06-779b8f485e0f	784
bfb31c11-a2d1-433c-a30b-7bfb29cb0857	786
bfb6c32e-10d9-4bf2-b6ab-c6b21fabaad8	787
bfbc5359-dc6a-4b63-9c1a-80d91c7e531d	801
bfc09774-9696-48a5-b0cf-b693d0c3cda2	1003
bfc54921-3bc6-4afb-a76c-b98205af2d8b	771
bfc66caf-a3b5-4647-8bba-d60022803523	784
bfc6ff4e-22e1-4105-b2d2-ccb9b541dc95	999
bfcf82fc-3af4-493b-919c-91fe04bc77bb	977
bfd7ce4b-477c-4036-b525-a3762f17c476	784
bfe51612-32f0-466f-b67f-cf97fdb1e8e7	770
bfe7a0ca-7d02-4707-a690-7555bb4b3519	786
bfec4984-14a7-4767-81f8-f976fcaef0e8	1783
bfee17c6-7bd1-4653-bfac-b910dfead8ad	780
bff14482-7c62-411b-ad66-187503f7a4d3	785
bffa6bfc-d6e9-42a6-97c2-615ed4d98412	991
bffe7205-0459-437b-b23f-72732ac07315	894
c0089fe4-61b2-47e9-9c54-bd6cdd8531f1	771
c009f616-c8a5-4622-a55b-cf6d7815b3d6	811
c00ae85a-3683-4171-b5dc-996493c70ed1	786
c00af5dd-248a-424f-a5f0-53eadf87e1eb	787
c00bf50d-c337-47f4-b048-3ec75176a797	892
c00f8c92-98d5-43f8-ba53-a1b6e56afed0	780
c012b706-ab61-4cd6-ac14-2f946b4d85e8	990
c01383d9-c541-44af-9a32-35f4ee06d611	965
c015eba7-e021-41dd-8855-d055ee65d27a	790
c0190168-7bdf-4880-b2ef-4125e102f84b	782
c0339e87-f933-4cb1-adab-0c88b9ecb57c	783
c033eae4-8bea-4aa3-8409-01010fc8274f	788
c03b0144-d753-4e0c-a03c-f318bb6a081f	992
c03b4dc7-c711-41c3-8253-25ac6c0aa996	785
c03bfbfc-4006-46b5-9b90-ab22169cc9e5	778
c041a2b5-9174-4222-b4fb-ba10fb04d1b8	790
c04f04f5-35c5-4f58-871d-c6fee1b96193	783
c054996f-a08b-4267-87f5-a55771de0151	1003
c0565037-32b0-4aed-8de6-c19961f7f38a	788
c05e2776-d9e8-4c18-b75e-fdd6d18b5b3d	997
c05e2f6d-ef81-43cc-a606-1d95076edae1	1005
c05e5a98-5c5d-4964-bb35-1bbfd3ae3ddd	976
c06674c9-5c2b-4a02-9a6a-1b39a4f478ff	984
c073f0be-3dd1-480e-96b3-5317b2d144a6	1000
c0746958-3fb1-4cc8-aaa6-338c2a1c1a97	787
c07a0f62-887e-4782-aaca-722dc828ea26	785
c07c5a7f-eb24-4397-9f55-6a415c5def94	888
c07d9072-37f3-4121-af74-ad6681dbb87b	916
c080bd95-501b-4b6d-82cb-bf2f383a34f0	965
c0823f6d-a630-43da-8d40-986dc8b4535e	989
c08d4524-0d73-402d-9bba-c6c7f3ae0379	986
c08d754b-42af-4b7f-bbe5-2d765d6cffd6	632
c090a1aa-0a03-4b2a-9391-8d46f52678fd	889
c0938989-627e-4935-a788-ed94b0d44311	789
c096d889-f03d-43b4-9dba-a40e856a39fa	978
c098d656-78e3-4511-a43a-66e0938cb8d5	984
c098dfba-c7e6-42ce-b6ba-4c6dac79f07f	889
c0a1ac0c-d5ea-499b-b359-1be2e7ff3148	998
c0a22860-0ada-4526-b130-d777ed8147ea	875
c0a6a68d-2961-4b31-9081-15f30dba8a7c	990
c0ac9453-2e0e-48b6-99a2-42b1b8d74dc1	996
c0bb07a3-d9d7-4988-b39f-ec54b7583989	985
c0cd3529-630a-4de4-9389-9b39239c9c9c	886
c0ce5b5e-afa3-4eed-988d-a055b81c6fe2	779
c0d03003-9bb6-49f9-a632-8a240bcde736	888
c0d7153e-72df-4f47-88a8-05e8119b2cc0	996
c0eb1d40-c9d3-423a-9b0d-110ac1e9d8bc	784
c0ef5cab-f432-45da-b813-5a52456540dc	984
c0f1292d-afd0-46fe-8d3d-bc8342225f5d	991
c0f36e12-922a-471f-9379-bfbbf4c18b5f	782
c0f5995e-92f1-4288-a96b-a89932dbaf62	788
c0f65b9b-a755-4d1a-bfd2-2871642888b8	996
c0f7a265-faa4-4574-a71d-db4709882130	786
c0fd78e2-79ed-4334-be7e-ccf8ec1ae105	994
c1002f57-87ba-45e3-8260-bf3c5d9a76c5	992
c10055e5-ad5b-4980-be6a-356ce0d381dc	809
c1013097-3b79-4e3c-9e3a-75e143ec7464	789
c1063e45-bdf8-4da9-97df-349a9af34b58	998
c106e0ce-9ce1-443b-895d-091e777c7e1f	994
c1145bab-0276-4fc8-aa8a-ebad4ae280cb	990
c1188e53-265c-49a7-b67f-0eaa4631df40	786
c1223d4c-cfd6-4e5e-8cd8-e55234f68dc3	785
c130f9b2-bec2-464e-bf38-f228013946e6	996
c1336d2d-7e0d-4e1b-b246-ab950be2d116	993
c140de12-b81c-449f-9395-ec5b49daa7d2	975
c143fbea-974f-4c8b-9e23-db6efb59c54b	989
c14f4729-88e7-4f40-a7eb-206a4bab283c	792
c1536e20-af08-4c77-8479-f8312414fe50	985
c155a352-3fad-48ee-8351-857a113fcffe	775
c1696595-19c0-4097-a60e-fd3d5e28c5f9	779
c16a2afd-508d-4fe6-83e8-7037af04cfb0	788
c16b2977-c5a8-4a97-834a-15fa84b7f7ea	893
c16eaf35-7f41-4720-8f38-55ead1a1ada4	990
c1700f5f-77e2-4773-b740-179a196d7759	890
c1726dee-820f-4e27-8473-aa8bcfd8a572	989
c1747894-140a-4a5e-91e6-a2897b3ae758	787
c1787467-09d1-4c3d-87f5-11f7221812f8	914
c1868bb5-8219-4a67-acd7-4be53d52b88f	981
c18d4c2a-aa7d-473e-905c-9a78ae6a6842	997
c1965fe3-54c4-4345-8012-816a3b36ab8c	983
c1974650-10e4-4c27-a22a-afd43742022a	784
c198dd91-281a-4ffa-b5b2-d85bd591ab88	985
c199c759-31f3-455a-8ab8-a0ce620a6f75	785
c19d5bc4-7a91-4dc3-ae72-7a58051bfe3c	986
c1a0a9d6-e720-4bdf-b93e-dbb51dedcd6c	985
c1a3f008-e37d-484b-8801-a2d7bff33e32	782
c1ac478a-1974-4bff-9afe-e8d09b02951b	784
c1ad5f82-21aa-4702-9f1f-396211c18a40	780
c1b36b85-b946-4880-bc01-36bf55d6d677	993
c1b5081b-2790-4966-b57f-73dd221d500e	992
c1bb43f0-7fa6-47ee-9ff1-c010e4e71e18	788
c1bdfffd-9c2b-4d42-acf6-0a0a18de05ca	785
c1c4bb4f-07c3-468b-8a71-161d95a8c7fa	787
c1cbf7b3-1e31-41ce-a5c3-dd1f708794dc	783
c1cc675b-d55d-407c-9192-3a68acacf37e	831
c1d24509-ffe2-4aad-b642-990be1104973	785
c1d42166-71f5-4451-aa9a-9aaa16b948ec	988
c1da4d04-1cf7-4edc-a1b7-0a5b9f20e91c	785
c1e63d26-c6b2-4c80-b39e-9d6ea173471c	989
c1e6fd12-2724-4393-8b67-6a041b70af0c	789
c1ef1040-9504-4c9b-8918-994c4e19156f	885
c1f588e8-7c5e-4929-a07b-be885bfdd0fa	785
c1f8deb5-5aef-4cb4-852c-54d6030b8d3c	786
c208bc5e-c9d2-4a35-a697-74e73529a8ce	994
c20abb91-0a4a-42ac-adf4-8c021fddb7cf	989
c20adc9e-97a3-4dc9-a74f-9e1e20b70de8	789
c20c7c02-6ab5-4cd3-8e7e-ec74ed743457	991
c2101073-1fe1-425b-9b80-8581bdf36701	981
c211a78c-ba45-4c0d-a799-41ef2a89fcad	780
c21eab46-7381-472c-a98d-5d4b5b115bbe	895
c223b87c-543a-45f7-849d-20c9a14fbef2	788
c2299c71-47fa-49d9-8a83-eef2f8d4dd5d	573
c22bcb3a-88dd-4172-b666-63e41e4e182c	780
c23357d8-279a-43eb-9d51-92af0291e66a	789
c237101c-8058-4dee-b1a5-712d8b338b8d	987
c23b55c9-e3a9-4252-9e06-267249fb026a	990
c23e7294-9831-40e2-a1b1-e39dd1636d03	782
c254b95f-9904-4a95-a583-66b9c53d523c	782
c25d9251-f6af-449c-92a2-1ed65e9d26e6	889
c26211c2-d0be-412c-892a-5e91fadb8d0a	781
c2621788-e053-4fda-84c5-803a4deccfb9	789
c26f32cc-6f1b-48cc-a73e-e389c8a73d32	985
c26fb434-b9c9-4486-8104-0e055daf1b74	1002
c27930e3-5a05-4336-9edb-5495632827cf	1003
c294b4e5-a773-4e1f-ae07-1dff1451836b	891
c2980dab-1a69-485f-9a4f-3c5d653922e9	1003
c298c47d-d860-466e-b074-bfb34f517ec3	983
c2a11ca5-b42d-474a-8f57-7c57d450441a	991
c2a1978b-a27b-47f7-b782-41be94c2f164	989
c2a9d19c-f627-46e5-9e18-c5f5794628dc	1000
c2ae602a-b89e-47da-864c-8cee868ead91	977
c2b4296f-33e4-4199-b152-9886384bede3	978
c2bfebef-b5eb-4f4e-ad9e-14b786cf5cb3	888
c2c42fa5-c8ec-4b37-8fac-ed52cf3353c4	968
c2c4b96a-7416-44b4-ba7c-99de2f19bb2f	787
c2ca469b-11ee-4f46-97bd-1c2350e9be34	1003
c2cb620b-ae54-4dcf-916f-e333a5489bfa	890
c2d73df6-bb81-4845-8c3f-de48dc739a3d	971
c2da4c0d-18e7-404c-87a4-5e3b49ae5588	785
c2e92f69-7fab-4919-a048-2e81e903b454	786
c2ed2664-2137-46f9-a0f2-ce40ba337a32	869
c2f128b9-c02f-4d76-9f03-bb80c43a3c95	834
c2fb42fb-e767-43cf-90fe-63e2219890cf	784
c3045243-74ee-48a4-8b7b-faaa9bd60b05	786
c30a7d53-35fb-42d6-9134-3a2034825131	780
c30c21c5-d855-4804-8bcc-22e1b18136e1	789
c30c8143-d3ad-449b-bb0d-4f68282a928a	790
c31e09ac-f093-4b22-b38e-4b8ff09ba3cd	879
c31ebdc4-685f-4216-9da9-3ebc24a525e5	812
c3290b3d-6eae-4bf3-890a-df2d61a08fc9	759
c32fd40d-cd84-43e9-ab47-928b6d5b52b4	1000
c33188a5-b802-48ea-9b9c-c9da1f115f80	781
c334b025-9fcd-4a4f-bf4b-c011faf88473	783
c335d47a-190b-4d28-9713-f22f2030b8a3	788
c33cada6-163c-415e-8741-07e48de2bed8	783
c340a26d-3c43-4850-ac84-df1a0ca938a7	787
c34178d8-e1cc-4206-8dee-c8718a5ddce2	989
c346f164-3b5d-4f1a-b8bf-cfd65f865879	995
c34ef66d-2b3c-443b-a536-a6e1da9cf55b	788
c351c5dd-d9c9-4964-923f-893dadc13f3b	785
c351dd73-53dd-47ae-b1ea-6c37586460ce	997
c359b078-34d2-45cf-93b9-b5afa580e4bf	982
c35d5308-7bbe-45ac-9046-bb47f42ce499	1004
c35f2f17-f7d5-4087-a2de-1771c274a8ea	787
c35ff2e8-5129-45de-942c-11d85f6e321c	980
c36877ee-9c5b-4cd8-9e7b-e80a90973f40	1001
c3693c64-fa2e-400c-b876-c26222a97077	789
c36a7978-e9da-4b99-ba22-e40d99f2246e	983
c3746987-8778-4734-ae0a-68e506740aa1	976
c37cc9f7-1f9a-412c-bdd4-60e5ae7ecc4a	981
c3832336-7228-4e60-a615-d40f22686178	889
c383adb4-be9e-4601-a7a8-b934abcc688f	780
c3933a52-4615-478d-b3dd-4a94feb624af	784
c3b08f0f-cf81-4b79-afc3-3977c1565cfd	787
c3b5221f-a10b-425f-8c9d-4ae611f033da	997
c3c11a83-d552-4cf8-9573-2123fe88ba19	786
c3c22d3a-4919-4a35-b0f7-2c815e4b886a	789
c3c35e93-2837-4018-b5c3-082335e45be9	780
c3ca7eff-b4b0-479e-a6e6-cef02f3b8eb8	889
c3cf88a5-3bd0-42e3-9010-621bbacb468d	1001
c3d887ef-52d3-4d81-896b-eb03601be95f	999
c3e9857c-5bdb-432d-b472-138f75be2a8c	994
c3ee0168-a2d4-4ac6-9230-1d549f7251d6	998
c3f097cf-0564-460b-b085-69e953501f47	1004
c3f2a780-ef35-4872-9287-5d2ebfb12e7e	787
c3f5620e-8cc4-4490-9971-129dc7c6f129	781
c3f60771-5496-42d2-bece-bff4b97d3a3a	987
c3f7cb18-bbea-47a4-993d-1a81b8f17fbb	774
c3f7f9d2-e9de-4abe-b4e1-68649201bf14	783
c402f398-2d35-40d7-9535-83186a03fa75	976
c4190747-c41b-4354-ba13-c1843ffc9433	882
c4190ffe-1e01-4260-97e0-5acbb00902d6	786
c42521ab-5950-4401-a55a-95a61ec8db06	986
c42e4f4c-d76a-4524-acf6-3b4398743656	780
c435c2e3-3c3d-4b30-b424-4f2b5046d1f6	781
c435cc44-0f24-4a28-8e19-07bac6a98120	989
c436b223-4be4-482b-bf14-09a98ca80fbb	788
c438fdef-a746-43e5-8a36-57283581a160	990
c4397caa-c89c-40d5-abee-ca94b3e443f6	1000
c43be62a-3985-4b05-ab9e-ac2002c65888	783
c43ea3d6-abcd-4a8a-befe-f41d2901047c	1005
c4430861-312a-47e0-b826-193f1a46e530	788
c446e5c1-54d6-4de2-93d5-b79428914d34	642
c449b939-7a51-435c-aaf9-a6883a6aba55	775
c44b9783-11e8-41cc-af2d-3ce9c512e8c4	1002
c451e09e-7077-40dc-87fe-3a0db2e241b3	787
c4582313-4dff-47ae-acec-c8f60e8bc576	783
c45e7ed8-b717-46c2-a60b-430075361998	994
c4655915-f6c2-4dde-85fb-7f5aed8f20c7	779
c465b535-f62e-4ce9-be4f-07ee84d810f9	880
c468caf8-a4f0-48db-9719-ab088b1f2b4a	786
c46dead6-5a80-4933-839f-836a25d8441a	976
c47711d3-3b29-4ca8-aa89-ee469936157b	784
c47b09b2-0bc4-44c2-ab05-b250be559a18	990
c481bab3-183a-40ea-837c-f86c596b9871	999
c482a0de-772c-49f7-b38c-09dba31709a2	785
c4895a8c-fbe5-41b3-a0d6-77efd82dc0a2	785
c48f4c6d-d21a-47f7-89bd-fb3d8d7018e7	780
c4902ce8-2c42-4a87-9c9c-20ff45c19dcb	896
c491bbd6-4c2a-4dd9-a0ab-214ba828467a	782
c4982175-e157-4663-bbfb-443c2a10cd96	996
c4998e66-d2bc-4c60-ab78-1c1289cc40a0	786
c4a05473-9c8c-4da8-867e-93be63ea081d	785
c4a0e472-6477-49ec-9626-7331479df6e4	998
c4a5fab8-1d51-41bf-8d0a-8ff2ea037bbf	784
c4a6a913-83a7-4d50-b2f8-3dedce7af07a	779
c4a6d4d6-5490-417a-920e-48ffc4b8f0f9	786
c4b4278f-5b61-48c0-9abf-1be9d0b99ebc	893
c4b7d67f-da96-4691-8723-5f47d1d76b54	880
c4bd24a7-a770-45c9-8515-37ac02430f77	989
c4c25060-8368-4b91-bacf-4e18740d5951	990
c4c6276f-6cb1-4241-b7a5-7064adef05d5	780
c4cdf2f0-7db2-4efd-a243-9d14735f1133	785
c4d2cecc-8f8e-4b53-b45f-076b16989570	979
c4d9ba06-8412-45bc-aa3c-ebfbbd651bca	925
c4dd7833-2d7a-48c8-949f-8e3297d96eaf	791
c4e0b972-edaa-4614-8d64-84b4a691b674	785
c4e1caab-0a64-4ebc-970c-8f427fc93285	991
c4e49701-a6c6-4944-93cd-afc4881cdec8	778
c4ee4262-de6d-4200-b951-8269597d0389	991
c4f3af4e-a599-478e-b580-ed2c31e3631f	988
c4f5b936-4891-490d-bcf4-c1f21ae5335a	988
c4fa8f57-b46f-470e-9525-84ccb7d36ba6	995
c4fd97fc-e564-4f8a-9c5b-9affe91b3463	888
c4fe237d-2762-4504-b886-e6f6729a7fb5	887
c5028934-883f-43e3-9ddb-62567341cd04	978
c5029852-cff9-4e06-ba7a-4c32f898fe1d	783
c5048c72-4186-4c4a-a7ff-ced75513418e	713
c5063060-9fa5-4219-8e0c-e83c1652f06e	788
c50af0b0-e27c-4822-91eb-f9e2711d16d0	797
c5122187-6a58-410a-98cf-5ed91c0e2571	982
c525f0ee-8570-4fe7-95dd-339a4f032c13	784
c52b715b-9b65-43c0-97f0-3b6254222fab	985
c52e762c-2ba2-483b-96bf-53853049efef	1000
c5353549-a1f6-4bc0-accf-2447e7f9baf5	983
c53dd8c1-d256-42ab-9714-b9de1cb6ebce	996
c542fbc9-7116-42a3-9690-a3d61b97c77c	784
c5502cc4-d284-478d-9025-5163b6c71aaf	990
c556c764-ad4f-498d-bd65-3da6e7cfffe6	1002
c55fce4d-0742-4a79-b597-51b826a28652	784
c55fede8-4fa1-473c-a87d-4d7ee7c3f6d0	998
c56423a4-f401-4dce-8ca4-cc9321cb1f27	784
c564c7aa-576e-404e-b6d9-a3171601d305	781
c56732e7-5a7c-469a-87aa-bbc76f02a2e3	790
c5687a6c-03ed-488d-97de-7f268a1d08cf	781
c573c8d3-6876-43c8-a7bf-c32cd808100a	991
c5788381-4b23-4e19-bb1d-9f490866f662	1015
c57cc48f-6c01-49c6-93ac-8742a8dea65f	789
c57f5e95-04ea-4077-9b05-cce4c42810f9	990
c587520a-ed74-4174-a26f-496d232822c8	778
c5879b3a-0ab6-4492-8616-5ed36d29af15	990
c588d8bd-bfaa-4eda-b78a-fb5897bf7a56	785
c58dc745-c94a-44cf-a8f1-b5e5db376b58	785
c58e6aa7-bfef-4692-b828-0198ad018881	806
c58ec0a8-ea31-4a22-877c-7ba5edbb6284	992
c58ed1e7-9dc1-46f9-8289-f4d67f96b25a	784
c5a1479b-1d89-4b5e-933e-8ba44e7658a0	783
c5a404de-5db4-4e43-9d67-11262d75fcd5	885
c5a72558-d595-41ba-ae15-87741b432f81	813
c5b63dd8-9af3-4f78-ade8-a93fdbe2b06d	890
c5bae656-d8ad-4480-afbf-2c6f9cd2d308	997
c5bf9689-35b0-4bce-83f4-81d17cd4b0df	786
c5cd48d5-fd6d-468b-beba-f3a107022e76	976
c5d601db-12d1-44b6-97b5-e938c318dbc1	992
c5da12e8-984e-4a67-badf-f05bfffc43ca	792
c5df79c0-ffdb-4c10-b903-47cb0e091bd8	894
c5e8eaa8-828d-44f3-8cf0-1403071c7453	978
c5efe569-3fc1-40b0-9902-6dc79b8c53be	895
c5f0d19e-a723-4ebb-828c-2662ece854eb	980
c5f575b1-fc7a-456b-a7ff-e48fb28f0939	781
c5fae8f0-870b-4377-902e-d49cc5b24e11	992
c5feb2fe-44ab-44dd-bb0f-811710175bdd	976
c60151d5-4af2-4942-9efb-f99575990673	786
c6077446-ef92-4e02-a2c1-25b7c2937df9	779
c61b90fc-54a3-48ad-bc71-6d9fa56fe679	787
c61c1d0a-035c-474a-a1d8-6b373d251d49	785
c61ce7f2-aebb-415b-b49b-f796e988e672	778
c62d839f-9103-4b8f-b2c2-8a589f1be2be	986
c63c19bc-d30b-4aae-8192-352e9b6a2294	834
c63e3af4-f907-4a00-b815-6d561635bcaf	980
c63f9e5e-d422-4138-b18f-4b4aafaa2205	786
c647092b-c206-49a1-8ef0-628d92578902	973
c64ad7dd-c92b-4e33-92e7-e4d462d84e5e	987
c64f3b46-b978-4b28-a3ba-7671627d40a1	784
c666ddea-c2a8-48b2-a8c0-da718837fb59	782
c669c738-1842-4fc5-bd1f-0363076cd633	765
c66b8454-9d4b-4c4d-bdcc-4c271f14ec25	783
c66ecffa-f08f-4238-a46b-4c426d0ad3d4	964
c675966a-8738-4f42-92b4-8d4dc95af9b6	780
c67e07ea-814e-49fe-87d3-1ce68d0e88c4	993
c67f92e5-8807-470a-8976-e2ac8ff03617	984
c6826306-293a-4470-b3d5-deb73988b87c	788
c684e323-e4bf-4676-82d1-d5b7ece96b08	1001
c68c3742-4212-49c6-b369-0439b11c0a7b	785
c6a4d97d-c3d5-43d0-84b2-a6760f35a2f5	1000
c6a61e6c-ba2c-409d-9207-43e2c2b3c3c2	991
c6ab224f-67ec-49bf-8892-85c3128c46cf	999
c6ad293f-580c-4427-87d4-a68d883887e7	988
c6b00345-477e-47a1-a9dd-9427a3c2513c	787
c6b732aa-618b-49e5-8cf9-11661d4f70e8	1003
c6b84722-d894-4190-80a4-373da429f8a9	992
c6c32b32-5b39-434c-a8c1-e81173ab8e0f	1730
c6c336c2-96a6-4ff7-a444-a743448f32de	1001
c6c3dc81-093a-4d63-a1d0-16c23fc4473a	973
c6c65205-5d54-4cf5-b36d-cd9822084a8e	992
c6c67673-2c63-4aa0-908a-b83cb925b13c	894
c6c958ab-2134-402c-8393-7defab08b283	784
c6cd2690-a91c-4796-a155-5fd8bdc04152	991
c6e8af7b-9868-4015-b0e1-d5b02b9cbaeb	994
c6ea1746-e5f5-4f3a-8f5c-ed438f6c81be	781
c6f443dc-11a7-41b8-b3e1-b9eac8ecb78a	908
c6f6c144-caf9-4c83-9a79-34761ff44a21	773
c6f80a92-2ea0-4516-910d-76992513af0b	994
c6fb2afa-249e-4027-bccd-3ea863426171	784
c6ff4de0-a38b-4dd8-bc45-2b14992f849d	892
c709a12b-2c9d-4e3e-8e44-befc8a02d271	987
c7147325-1b81-4800-8edc-416a51b75c64	982
c715c57a-767a-4d5f-ae05-e192e7651262	776
c7273e5f-3d9b-49b9-8c03-f81801583e13	992
c727909c-2589-4c72-ac83-e6e553a20e15	782
c72db9b3-ab89-4481-b08d-85fb1c78aa05	974
c73504a0-4dae-462d-b1cc-10b34bf0b503	989
c739b5f2-372a-4c16-a5ac-0a8dee54abb9	790
c73f2c35-03a0-459e-a5f6-3f5694aa514a	813
c73fb499-749e-4330-a722-f5eded512a3e	770
c74c249e-eab6-4487-818b-3c7015b4c6cc	783
c74c69ad-93bd-45ed-9124-1b74f2eb348e	788
c74ff056-d836-4dd0-a5c7-5cb28f70dd6e	974
c751687e-dfbd-4610-a183-3fa11c506f21	789
c75cf83d-6ab7-43d3-8231-a68e94e88bfc	988
c75ff6e4-1714-4e86-aafc-bf3eb0bf356e	783
c770e9e2-ffa2-4b36-9e91-4ee4eadae308	988
c778ee6a-ef9f-465d-b753-854f0d9dc1ef	1004
c77b43c1-17ff-4cb9-a5ef-9f49f5709754	985
c7803c4a-7a03-401d-a8e4-e300d210d827	811
c7815821-d032-49c9-849b-17f2c02bb88d	786
c78a21ab-dbbd-48d1-9f04-24af7f460f67	793
c78d0dda-6bb7-408b-9111-eb562b74b599	1001
c78e9070-6b1a-4cd4-a6b6-1062045d2e96	985
c792d846-4826-4669-8ac8-4b67142521fa	787
c79451dc-63b3-49a6-a6a7-850752ae303a	888
c7996f4f-dfbe-431a-912c-c602333bf899	777
c799e86a-8f6b-42fd-a359-9fee9ee7d978	992
c79a5c3d-a5a0-4f9c-9bca-df0cdff3c6cb	984
c7a5bbbb-a02a-4309-9a77-1ca927f78117	985
c7a6ba66-0a03-4f1b-9701-57dbebe6d939	889
c7baea9d-d86d-4707-af18-3f2fe61b3361	1002
c7ce5233-1da6-4996-8386-6c1016a604b8	993
c7d3f44a-2345-4737-967c-5a7f1003219f	788
c7d5e1e9-b774-41cc-bb29-43167033bca6	1611
c7d75aa7-3ebe-4510-aadc-55ff868d57b1	785
c7e7fc7a-8077-4c8a-8dad-2091a4e988cb	986
c7ebf5e7-ef47-4198-a1b6-d513e1ed7e0c	778
c7ee4a25-903f-44ac-b0fb-e47e340f7c37	782
c7ef4082-d332-4605-8325-c6bc7a491ac2	781
c7f21f27-f5dc-42e2-a0d2-845858806174	975
c7f39118-0a68-4f1c-a054-af4dee62715d	798
c7f3b05c-061a-4a75-bb2d-2c31af63d635	785
c7fb50b7-8232-4177-ad4b-5330e4cec224	784
c803ee69-d5ce-44d7-b7f2-5e24f190d3cb	790
c803fbde-00ca-4bec-a047-5af365eedbcf	786
c807b8fe-736c-46f4-bb8e-65f3d26dd93c	1002
c81094ca-fc1d-4e77-8cdb-bf32949a9c01	882
c8124ba6-4002-4e09-9c5b-cdbcc59dec81	782
c816e5bd-5f4e-4a0b-8e27-1898d9473980	976
c81c3a9f-e20f-4e8b-9aaf-723bab7e9df4	776
c81c48c3-d547-4d8d-b04c-dbbb6588c807	995
c81ef80a-4e11-4e20-a861-800925d063bf	993
c824f450-b76a-4924-bb68-43628c4f7fba	787
c8269f86-3a65-48ab-a659-1f692158a141	976
c827bfb5-5b9d-45b4-9380-544fa6e39b28	891
c828a411-5759-4735-9d00-2becb837e91a	996
c82bfce6-d435-495e-9b04-b52d21c1d5c0	989
c83c13d8-b545-4544-a964-3d288d59adc9	789
c8422449-8c9d-4a89-9b7d-101dff86250c	787
c84513d6-1a8a-4af2-ac3e-29693e5f97ee	783
c84ad2ee-ae8e-4347-85fc-ca02c7358742	776
c84d22e1-833f-4f09-bdf3-511dedd65e86	779
c853143d-0d64-40c4-ab74-e8f4b49fa7b9	788
c865372b-da4d-455d-b3e0-1013d0b29ac1	779
c8676f37-c4ec-4f7c-be33-a1e8d39f4977	989
c869b98c-12d3-4d88-9266-b08b3423381a	977
c8713d96-95e6-4861-bc0e-c99b9b744fa9	999
c871bb32-9bf4-4238-a181-affd7727ef10	792
c87739c2-6bed-4f2d-b2d7-53cdfc5643fc	898
c888d9e8-e7d2-4321-af2a-d4d04b96c01c	893
c88c09c0-153d-4600-97e6-5fbb4955c183	999
c89eedd7-cbf4-4912-9610-cd8a5d59ff03	992
c8adb924-8371-4a5e-9431-11bc3edafbb7	810
c8b4b5f1-80c4-4c18-b7e7-56f4dddc51fd	782
c8b8cf55-1825-4b65-8cfb-ce00cb0daa97	785
c8ca0ccf-984c-4848-b555-f222ca262b7e	783
c8d1e08a-1736-40a7-9e55-9d657ba757ea	784
c8d6a8fe-c5d9-49e7-911b-f82a5b6c044f	978
c8d70fbd-de63-4ebf-b65c-9b00b6460e61	883
c8dadf05-63ff-4add-9e8e-06f6003bffca	994
c8e7bf23-d17b-4413-8f8c-3674a759861a	780
c8ecd371-7889-4f13-8550-abb7d6606254	778
c8f393f9-07c8-4b84-81a1-28f1257a48c5	782
c8f5fdbc-8e03-441d-93f5-2643b50c2c6f	786
c9009562-17dc-43ac-985a-49a08683cf86	783
c90b0ec9-88b5-427c-a796-ed2da09258db	786
c9160832-7686-45b2-983f-0ca9539e52ca	787
c9215a5b-c958-4e7d-8129-e95eb1b36ca3	789
c9266b80-344f-4d58-ac68-a7ea4038a9e9	996
c92756e5-d313-4804-aa43-48acf5baead7	787
c92e092e-b02d-41eb-9170-bfc9c8e7aa98	781
c92f5f03-c47b-4365-9f5b-82d2dc9c4d9a	984
c936967f-3f7e-4327-81ba-d3ef8e1d9613	990
c9391500-68cf-4fed-b3f0-fdad75060ed8	998
c93ebeec-8b24-4601-ab45-ca3901e77264	987
c93f38db-0261-4365-989c-b54a0984d577	780
c9498f08-c8d3-442f-b1ba-458df8c70d3c	781
c95281e7-da5d-4f90-a253-c479795053eb	787
c955250a-71e9-40fa-9441-a1472141ab82	982
c956c32c-e771-4a32-8029-00d383bb03e8	786
c95ad893-9443-49b7-b977-21d91713745e	1003
c964fe65-72f6-4a43-8082-880e15ccd44d	1001
c96f3094-4823-4e6e-961d-d115a4b17428	974
c983291e-968a-469e-a0b5-2b83cdd06faf	982
c983390b-fc64-403e-b6d1-fbdc7335b1a6	990
c9877e63-725f-4097-b9a8-ac6cadd4db65	989
c9a005b5-95bd-41d0-b101-ffcaa2582b9c	777
c9a172d9-e46e-4c16-adcc-bdf021921359	783
c9a5d82f-c1af-4403-9776-4da09deafc04	985
c9a83d26-5c11-4855-b70b-a195d4016b1c	786
c9a9bfb8-c116-4e60-a4c3-39d53d0d1115	889
c9ab5f2f-38d5-442e-a20b-9d9505a19a08	784
c9ba2e8b-2c0e-42ee-a59c-6c6ed54097c4	995
c9c70d3f-ba74-4b13-86d9-3eacfa413f6b	786
c9c76810-c435-4415-935d-28e8f8bf6c7d	760
c9c8432c-2ce5-4b43-adfa-84ebe27a51b9	987
c9c90918-9621-42ea-8596-b144a5046c34	784
c9cc1172-0d74-4638-b09b-1fd15faee5f0	782
c9cf25f8-d413-4058-b65a-8697ef678384	883
c9cfc833-7843-4ff8-a230-8e071deac62e	787
c9dd8df2-adcb-4af2-921d-920a5968509c	786
c9deaa87-c8a1-4c55-97e5-497a676466ee	890
c9e4d4f5-d779-462c-9f50-91d93c9d6b1d	990
c9f57577-5e61-4c8e-9e26-a0cb5e953577	898
c9f73bf8-d1cc-43f4-8a34-0da699a50c2d	977
c9f86513-3dac-4332-b81b-819a3d280846	676
c9fed838-2bc7-43a8-aef0-3419a984f9cf	783
ca02d5a7-da04-406f-a6a4-619e27b87da2	782
ca0ab616-d66e-4d69-bd28-539edce8e484	786
ca0fcec8-abe5-4086-bd84-cdca883e827f	999
ca1467e2-20d2-494a-b537-95a568d31814	792
ca210ad0-d205-418b-b034-da6cc4610aac	989
ca2241a4-b2fb-4da5-b3ca-24043ef7830c	769
ca22ca45-62ab-4826-bba1-646b1502ddd8	998
ca3b4574-674d-4e47-b2ca-87e63587085f	803
ca3d7755-887b-49e2-a162-227d7340323a	780
ca3db198-7d42-468c-884d-a0c413b325ae	987
ca3e9c8d-04ea-4372-986d-632fdc727205	786
ca4a4f60-9677-4096-a75e-d5ce04d648bc	785
ca4a5ef0-80b9-4c3f-bfca-f2fa6884bcd2	787
ca4f5dfa-178d-4950-b8cd-2990817e7b3d	920
ca506c9a-f13a-4d79-b2ab-a591d58cefb4	976
ca534157-e76c-4bd2-936d-6b5828364a71	784
ca619d0a-8bb0-4437-9a17-940a8c1d166a	784
ca6d6fa8-f8d7-4e4f-8d3c-429f821c4281	789
ca6defde-5775-4524-b9a6-c8f87cb9c8fd	784
ca72fdf0-e872-4f31-b4a4-766072d0ce1e	787
ca753c31-5553-4c74-b8dd-65895b74bf92	778
ca7d6b7b-a500-43f3-9973-236fabc01270	785
ca8389f3-286c-4a71-b206-28443e33972f	783
ca8f88d3-7970-4af1-8e19-e16a10aa4849	989
ca95c7d1-dacc-4382-b03a-adc428ec9657	976
ca98282f-9186-45c4-991e-4276a9193137	999
caac1610-209d-4cee-9a9a-cd58618009d5	786
cabd51da-d485-41ce-91ea-efdc7ebfffe7	783
cabe75d7-217c-4ddc-838b-18000b84e2cd	788
cac8e749-9671-46f6-a277-ae4ec5878845	788
cae45e0d-ee76-4b49-b37f-997c71598d17	893
caee1481-3962-4d21-aa04-13abf1204d93	998
caf385b9-7fec-4977-9c5f-7eb9d3f23f21	781
caf87073-4841-49f5-a1e4-83893dcb59ab	780
caf99f8a-c7e0-4127-a547-c9b457850651	785
caf9aff6-ccb9-43c0-b86d-df956fa8bdec	814
cafb8241-9413-44e1-a203-e14965b88f59	782
cb06743b-b6f0-4767-b303-81d47f1579c7	963
cb091679-8f1d-4add-90ad-ee25ee86ca93	785
cb14f60d-949d-4c06-8be0-fbd5824ae3a6	994
cb238329-3b93-4f54-9016-30f682757293	782
cb295700-1dcb-4e92-b554-e661a608c440	987
cb2ae5a8-cace-48c8-92d9-745d314c6320	756
cb2c0fc5-1576-4687-bd9c-d070c782425b	1000
cb2c27d8-071f-4e04-adfd-5e4d95c70acc	788
cb2e3678-00b3-47db-bbc5-456a756f796d	989
cb2f47d3-03a0-4ff6-9ea9-6cf868ffd195	786
cb37d54a-04e6-4982-b6ab-329b884bef4c	1002
cb388859-3f7d-45a7-93db-48ad1c7bea98	784
cb3aba9d-7916-469f-acb7-bb9e4755fd8a	986
cb3b1fe6-1f78-4c7e-bfaf-76b12ab1809d	777
cb407c6b-1b69-49e8-821c-15012d125bf1	766
cb43a641-994c-4d01-bb71-4ccbb6c01aed	993
cb44b80d-52d0-4a4f-931a-fc14427478ef	985
cb497490-a5e3-410b-afc7-91ccbb375062	783
cb51c6a5-065b-48dd-ba2e-9ad36ec9ab2e	994
cb633832-8751-4b1c-9637-398e31c1d192	994
cb7474aa-6b83-43a6-8c26-a65cc6360947	786
cb796d6d-06bb-45e7-8f43-216f7cd0e829	787
cb7a3dd1-6520-4b01-8466-0147b4b16409	786
cb7cc472-7c0f-4583-9200-4a7baa5303ff	983
cb856666-aec3-4f5f-9e31-c847c38ebee8	1273
cb85fc51-3cc3-4c29-b943-739ec6a07edf	790
cb8cab35-b8e7-425c-8e06-056bd29b1330	787
cb908f89-f172-4062-b94d-6effb79bc8cc	998
cb90c3f6-0efa-4364-988b-47793053137e	975
cb90fd51-08c7-472e-8921-f7ca36c00837	776
cb9f1e44-9cfd-4fbb-966b-aec9ab7cecbc	787
cba6711b-fc17-4c63-bdab-a56544331611	784
cba681e2-3749-439e-b612-a6b90dce642a	907
cbb4ae15-0d80-454c-8f43-a78da2085298	974
cbbb2022-cad0-43fd-8643-b8f74c37f135	888
cbbc984a-8011-43de-b485-c0b772cbc3c6	995
cbc04b7a-bdf5-428d-9c95-9c03f17b8ce6	993
cbc6cdfd-cd63-4d3f-bbff-ce3e0be669d6	793
cbc824e6-3387-47f3-8a01-22588b7231e4	788
cbc9ed99-d842-4ed5-97e1-0e4ff6d6393b	787
cbd03d67-f884-4245-b066-c9dd1d54bf63	986
cbdf4493-f4f4-40e3-8a7c-6bc4e11b0075	891
cbf0da92-c844-4063-8b41-612b5b2434e0	786
cbf91289-6282-4e33-932e-d1de32912526	895
cc0186b0-2d22-441a-a0a8-16e443052365	992
cc03c337-c084-4d43-865b-47c0c04d22e0	992
cc12186f-407e-4f57-a2b5-a6bf8712de21	994
cc18cbfe-c752-4718-9c61-4aea0f4d1e15	788
cc1aa02f-d2a1-4fe9-96a6-1a5adfc56d99	797
cc20b6fa-cd1c-4329-a1d3-5fefba454bd1	2017
cc215f2a-7198-45df-945e-8f6ca62463d9	913
cc261a55-2b2c-4353-b090-a5ea11754424	788
cc2d139f-6c5e-44c5-9a10-e0c8ed984d40	782
cc32375a-f62b-48f1-a6a3-16e74c8586be	789
cc384a28-e8aa-4f12-9f4b-dffa3ff5ce91	976
cc397b96-1995-4a97-abe7-716dea5dd123	785
cc3aa0c9-bb3d-40c2-90eb-f513b68b12f3	985
cc4267ec-f53e-47d4-b5d5-57558a9757bb	782
cc45ab75-2133-4b36-8248-2679f96bd09c	786
cc4ee1a2-dc7d-46ba-8adf-2497f25cca8f	984
cc4f5f13-ebf7-4c37-8d6b-2fde83e64741	1000
cc507f9d-223f-4b4c-992a-f5e7fdbbda46	788
cc578e5c-8a0d-46ed-9af3-d3c4d94b570d	889
cc5af526-1271-499e-bac7-0d6d16ce206f	785
cc61272a-c116-41b9-9f3a-02331f514fef	975
cc64e877-e454-4b8a-a321-af700bb8cb40	913
cc693fd4-1d22-42e4-8ad3-a69764129d1a	1002
cc6bcb13-0dba-46ad-b94b-4ad5395b9753	785
cc6f8c14-cd83-4de5-9a5a-2bb5196279ff	992
cc705c42-50d8-4214-b74f-1cddae54fa7a	786
cc72430c-5f48-4055-9b66-ad17e6ff5c48	782
cc7aacb0-a60f-494b-971b-0d6d8b5a205d	991
cc7dc2eb-a50f-49ae-b8cd-4b2c839b80ef	783
cc85f1ff-7971-4398-9ea4-51c3a257c9ec	779
cc8feffd-d2ee-40a8-8cac-8aa6657a2e98	786
cc92da89-33d3-4679-acf1-2864f4af3d31	786
cc93b698-937d-4d02-9079-b8835375d7fc	1000
cc9c0910-c79e-4843-ac66-8f1d1bee45da	784
cca46872-6a70-4618-b1da-8a707afc7804	820
ccaef842-f773-44a7-b3ed-66d4c9df2517	997
ccaf9c78-5ed5-4581-a9aa-56d335edf589	783
ccb59196-ec01-45bc-84f3-cd9b6cabd35b	784
ccb96774-9f7f-4cad-b256-069413a96fbb	786
ccbc7815-bfa5-484c-96b5-04fd5ab5e31b	783
ccc59638-eab1-4ffa-b174-b565215a28c8	986
ccc6f205-a3c0-4e37-983e-956e51e821af	777
cccd9ddc-6fcf-4c55-a41b-a3cbe34d3abc	988
ccd49af3-56cd-445d-9865-72e1fe1a354d	890
ccd8bfbe-71e0-4475-8f27-020ddd2cac5c	787
ccd9af5e-8c1f-4be9-aecc-e120260e0a8d	787
cce0a2bb-6494-4218-be19-574451c46a84	790
cceabb53-724c-4342-8e9d-3817d2eb7b7d	976
ccee2cb2-1465-4d20-a4e9-45207a8c5601	996
ccf7102a-4270-4448-bd22-8ebbdb0e5e9e	910
ccfe15d0-8889-4675-bedc-431f8482984c	982
cd001419-3086-4189-8d5a-1bc553254b00	788
cd004f18-26dc-47ca-857f-63b407764c29	791
cd01b549-9385-4418-b828-64b6ef9d88c7	785
cd02aea0-abd0-41bd-b97d-ecf6eb8fd25d	784
cd02ea73-9d89-4986-8436-b0e2636521c3	980
cd05dbde-a4d1-4d3c-90d2-51cd403c99ba	989
cd07d258-c93c-423a-82f4-a2cfaec557c1	989
cd080f14-df2c-46f0-86e2-fa41a07c5f37	994
cd0be087-6427-4e7c-91da-2f1e2863b6fd	992
cd0c21f8-3d47-4d80-aee7-c8f68d69727e	991
cd2880ba-c747-41d3-93a7-db0c3740c074	787
cd2ce7b9-1345-480f-9457-9f8f86872e57	992
cd3a3bc8-31fa-4c77-91de-b229ccdbb4d7	1004
cd40bc1a-e68f-4ea6-a7ba-7a792f5e9144	786
cd5454d5-7cfd-4bae-846d-551cf5b8f8ad	982
cd5d6f84-e94c-44c2-9a0a-6599a0c3d240	780
cd67c442-f053-4c01-814e-4d07651a761e	895
cd6efb3c-2ec3-47e4-90ec-916983e4a11a	991
cd71fed7-04e2-4923-bac9-189b05c16c2e	784
cd7977ef-2fc5-4661-9224-623c14c51ab7	786
cd7b3041-fa08-4f73-9637-c3d5e64bd604	789
cd7ec3e1-6fae-4b48-bfe8-1e8a5a3241c1	1003
cd7fbe98-a740-4475-aab1-ea793e105ebc	781
cd83635a-9132-4150-b72b-a1fd9fcfb76a	812
cd97a5af-28cd-4d83-9b00-2c07b8f7dd21	783
cd98a6d3-29ac-4661-8564-be5c72d40990	996
cd9b5374-f167-44f6-bba0-6ef7d7af9205	784
cd9e654a-2ce1-4cfe-8601-06e3bfc75c24	994
cd9fa608-32c3-4ca6-a897-9fb73c21df99	983
cda324ee-5db1-41c6-b2f8-e74a7a6a9611	783
cda385d8-c65b-4338-adc1-cced6eeead1d	786
cda38b32-2d27-4492-967d-49f30cbb8359	783
cda50337-19bb-4416-8a90-3abe940ae4b8	786
cdab1de4-f657-47a2-874b-e445cf7ca46e	991
cdac9fab-0986-4d79-a16f-c46181cd12bd	788
cdadb7fe-7901-4ecc-9a79-b4262fa8679a	887
cdadf459-6b51-4b0d-9b05-78dc86e453e5	1001
cdaf0f72-0254-4d23-a65b-a7cdfd6c3ed1	999
cdafefbe-9193-427d-84c4-3796a1b93300	988
cdb4732e-904e-42e5-b5dd-ae962d607666	890
cdc0bd41-0ca0-4cf2-ae18-1cfaddefaee1	783
cdc24270-a056-4a58-9198-9536f373e6c7	775
cdcb8283-6002-429d-bc30-3e0c4a5ebacd	968
cdcce6c9-cc67-4cfb-ba40-4956f1d62fd4	992
cdcf21b5-65dc-4774-b912-26b693bbd653	776
cdd8892e-0af3-4619-bcf4-1b487bf196d8	901
cddacc54-28bf-453a-a496-7325ba58c700	786
cddc91cc-e0e3-49e6-9fa5-d6f0cedea144	786
cdddd6d6-2602-46e9-86f2-bef73cbd49a4	777
cde35c9f-36eb-42a2-9933-9ec0a93d9e78	1005
cde562fb-c147-4ee8-b334-3e332c8e6087	785
cde87ab5-7d8f-4c83-9d45-6c84be34c7eb	785
cde98130-b0c7-4d69-9677-e58f25ff259c	784
cdf01cd6-f5d9-4aa7-9609-6fa8ea599da7	983
cdf401a7-2552-46d6-a35a-0e982204fd69	771
ce0629b0-4d74-49fd-ab83-8bd75195eead	968
ce079145-9f23-4965-bdf0-35afa8940507	784
ce0c0648-406d-453a-a91b-991d83de3c4a	997
ce0e70bb-bdb9-45db-a190-b6ae7016cdf9	643
ce12642b-fc78-4509-b0aa-20fde5f5c33e	769
ce12da82-56d8-42ff-b2d1-1b37f3c2d6a9	989
ce146077-0d81-4446-b56b-7c4fb55e68d7	792
ce1962a8-bd54-4a97-9f78-ec0e8ed9a286	784
ce199a50-899d-49ad-8567-2d1541067b58	789
ce1a8fdb-4ef0-4c26-aa18-e100fd6064df	992
ce1f42e2-1467-42d8-8e55-e585e4be1fc2	789
ce3970ad-f823-4c12-a687-76886c7086ce	993
ce3e632f-a843-4ccf-b2b3-1049027b961e	890
ce438a69-d9b9-423f-bbbd-bb4b8d3d1a52	782
ce4784e2-5a25-4d09-b4f1-bd33cb417fc4	984
ce4f180b-3cd8-46bf-a575-907bdb95fcb9	786
ce4f3161-59e3-49b6-9382-300fb759e89e	881
ce52cd5f-4f38-4de9-bd56-1774a9db2e1f	786
ce570658-3b34-4d16-b895-7d27d8a227d1	978
ce581ccc-49ae-4d3f-9770-c9a6ce9bf08c	775
ce58f43e-f01d-4bf3-acb0-07d7b415fc3e	993
ce68cc54-d3b3-4f6e-abda-d0d373092243	785
ce6e70bf-37b8-42b9-81fa-b7afac56ab25	992
ce6f68a3-7608-4f72-8534-4bda6fc32b95	789
ce70cbee-4b75-405e-9fa7-983b0e5a5459	783
ce7442f9-8756-4840-8dc5-4c035235102f	945
ce76745a-06aa-4c61-ba16-db030dc41906	994
ce7a5f4c-85b8-4f5a-9ba2-d604b53ca657	789
ce823784-2a9d-4331-b058-13fe8031a915	785
ce853ca6-1069-4231-8e91-ef112619996a	985
ce8b62b5-133b-4b48-8efc-b0e5142c245a	786
ce9df238-5d9a-4bf4-8a04-3d9d6f032aeb	781
cea5bb3d-807a-47b2-b4a5-bdda307adb20	891
cebb5e63-5178-4c6a-af31-2cd50ad1a27b	886
cebbad67-e071-4b28-9e36-40e201f1c42e	790
cec0bbf9-3185-4cca-9e78-eb7585a8f7d4	891
cec13bef-b533-43e0-9388-ec49aa2c299b	986
ced351f9-25a1-4074-be1b-c21deae56346	890
ced395e6-c554-48b6-a83b-c6fa3c48573c	783
ced80db1-35e4-4765-8a11-6ec9881308aa	983
ceda8064-3437-44ef-8e5d-150f0893d8b1	784
cee63d32-b934-4bf1-9639-9b8f9d4852ec	982
cee8fe4b-b40d-4e2c-80f1-6a8d14b04433	918
ceecd973-3779-41ab-96a3-2943dba0d01c	988
cef09b9d-3983-41fb-872f-ef2c57ac3b91	782
cefc0226-1344-47e5-a86b-5ce0a6688d76	985
cefc881f-aeed-4ce1-b9e4-f97f5ef82e71	976
cefe6600-4e24-4cd6-8277-beacc54c9802	981
cf0123d0-d913-4bd0-b98a-3250c4c471d2	789
cf02e741-6557-46f7-8b0c-d28ef808d6f3	892
cf05251f-98cc-49ff-8a84-b87f25195172	786
cf08d01e-1e8f-4f67-bb7d-3b4f46f79c2f	779
cf101579-1cf9-4550-b837-701290db85d4	795
cf118ad5-6210-4d0a-b43e-31604be9023a	774
cf15bffe-e634-4f44-86a0-0d6794c134dd	789
cf176810-a36d-4850-b4cc-faba725840de	782
cf17fc91-adfd-4c60-8116-45c8116a85d0	984
cf207e79-16c9-47d4-93ca-7542fbd7ccbc	779
cf25416a-535f-40e0-9b70-cde4c0957b5b	984
cf2ba730-06d4-4b5b-b87b-4b44973b407a	790
cf30d7fa-e070-4c24-9536-0cb706eb19b4	780
cf33e161-617d-4ae3-a673-76b41a33a0bb	989
cf46a379-6e56-48f4-a08c-3c749dab8142	782
cf470140-6e9a-4e6b-8efe-4cadf36cb507	783
cf470cbe-3882-42c3-9f84-6336c71caeca	986
cf47ee7d-130f-47fa-863b-8d3883e8934b	999
cf4a9915-3880-4bca-ba95-4df7e682e0eb	786
cf4ca233-67fa-46f9-96a5-a17542912b2b	1007
cf4ca3eb-10f7-4bb9-bb79-27e2fe4b9835	786
cf4d4c29-5f65-42e2-8a6b-ffbb9b62b575	786
cf4e522a-884a-4114-a524-208d33853677	835
cf511c38-205d-4a00-9f07-9264b73a3936	782
cf5742e0-22f5-41de-989e-6aa3173969aa	968
cf580e70-be01-4309-aec9-0b2bc6336b2c	784
cf68bfec-92f6-477a-a964-6f0c38fd9e0f	1000
cf6b07f8-a897-46f7-a9a4-b81dfd060812	972
cf6f9831-a7ba-45db-8956-bd0cd03600b8	1006
cf76d174-b2f9-43fb-854f-f6d4d928ce39	884
cf7dbca1-96ab-4d27-b7ad-953ea932caa1	988
cf7dbd61-7340-4bc1-b48e-7ecfbc7a664b	788
cf83204c-2db4-43d6-a2b2-b7b5ce403788	988
cf883bc3-0696-4ef6-bc50-1e0dee0c5007	782
cf8bfc1f-04e7-4384-b453-4906c5009f8c	991
cf93a04c-59c0-4017-ae81-f261b9d5733d	782
cf967772-8d72-40c6-83be-17ba52bc3897	882
cf992762-6d9e-41a7-bb71-5ef62e319f84	782
cf9f27af-bcab-4e6c-b4b9-1b81865719aa	786
cfa150e2-9ea9-4d26-897c-4dada85facfb	1000
cfa2b987-9f73-4d31-b1cd-810e16f05284	886
cfa3ffc9-2da7-4c35-902f-7d140a623027	1007
cfb4f11b-8dcd-493b-8e86-c1fae0d0440d	787
cfb96310-946b-462a-84b6-4f31b7df4d7f	784
cfbfc7e4-e13c-4005-9ebb-9cf791624d91	974
cfc16a56-e9ed-4c2f-b45a-8fa06e0427ba	782
cfc4767c-48d3-4efc-932b-5e9eb3564f03	888
cfd283a8-a70b-4232-9293-7decf8645cda	785
cfdfd1f6-7b9a-40ef-9a07-5c5084fe209b	786
cfe961ba-4cac-4b80-a081-a83d2a239299	987
cfef03ec-b018-41ea-baab-f3cab963f4a4	989
cff37f3a-71fe-4fa0-94fd-b336b78f23b9	784
cff66374-e297-4c2c-9d90-9691db848256	784
cffb6310-2b20-4d47-8616-69e8257b9807	784
cffbbaaa-783f-4dba-9760-7d2003bdabbe	891
cffff973-0f77-4cf3-b7dc-069826768cbc	784
d0001723-5263-44a2-b5ba-496654e09080	985
d0039521-2f7e-4817-8e7d-6c38bb427f8a	986
d005caa2-3876-489a-b249-870402bf73f8	987
d00c3f5a-202b-45bc-b433-b892324012ba	818
d00dc487-1e29-4cf5-915f-4b45392d365f	788
d0116301-0bf3-4fef-9e5c-9828775722db	779
d0156c7f-1cee-4b38-a90f-5b41cf214c7a	783
d0172515-bbe7-444b-9ead-21202a5d2dd4	988
d0182932-b5b2-4945-9bf6-24df6ab1d9cb	783
d01ccfa6-6d8d-43c4-91ae-f236e4091dab	980
d02ab0ea-5082-4bcd-80a0-2ae7ecba57bc	781
d0307791-541c-495c-b1d3-233721950ad5	983
d031e136-4f8e-4258-a573-6739ee30f4ec	779
d035f8a9-09bf-4ea8-a5a4-e7f0bad93ddb	887
d0378f57-e901-49dc-9bbd-09a2613c08a0	994
d0463c86-7de2-4213-879c-fc0ee99947e8	972
d04dd138-787f-4ccb-8686-3123c1d55a81	984
d05e1150-f6f2-4caa-a655-53085d5828a6	1002
d05f116a-3eee-40e3-b543-2b838217e27c	774
d0609df3-7193-48c5-9afd-b8212529e679	785
d06fc76d-dfc7-484f-89de-23837b1d353e	783
d07433ed-6a53-4263-9704-a07a68441d90	974
d0784a12-3d21-474f-b85a-80358c236fb7	787
d079c107-229e-41ed-9dec-eb66ca11001e	995
d07b57c9-43cf-4d0d-b871-0e32ef05638e	774
d07d9bbc-e79d-4466-b1e6-afe55f5746ad	788
d08755a5-96bd-44df-a9dc-e54c0732fc49	998
d08976ab-0796-4a2b-9e3a-cd869e49c53d	995
d0899b8e-46ca-452d-8cbb-fa4488377bdb	778
d08c0785-772e-417f-a221-f5e238dacd8e	890
d08e4541-eaed-41a5-aea3-80c23571cccf	778
d0913728-5315-48b1-9ec1-5b6ca78f7618	786
d0921dd2-1a3c-444d-afda-b90484932999	998
d0984cef-a145-4e26-a804-9d274602548a	985
d09b578f-e3a5-4abb-b752-8a687fa6c726	997
d0bca4f7-7ff6-459a-9b39-e1edb351dff1	784
d0c0e74c-20dd-41c8-a2b2-e622b2b79f65	993
d0c2b6a2-50f5-4169-abab-df5a36c20d48	982
d0c8466c-6787-4fb0-a365-c4abc915cb62	891
d0cb9bf9-c349-4fa7-906e-a9a46d34d656	993
d0ce9bf2-b8fa-433a-98cd-ce607d2f3bb9	1000
d0cfef0a-e3fb-4f31-8be5-1ad244a0dc1a	989
d0d35cab-fea3-445c-a3ab-00b9d8f3c7dd	993
d0dceb4b-110c-4a60-ad62-c4437d945b14	1047
d0e58bf8-c940-4a5d-8a34-97ef194a88bb	787
d0e5eb5d-f5ad-4529-bb00-7163a2fd40b9	988
d0e987fc-eab9-477b-a05a-438884d5ea2b	791
d0ec9614-c2a9-419d-81ba-6ef31ba6ceed	991
d0ee5a00-c7ab-4c3f-8203-9ca74e708ba8	973
d1003153-5c45-48b0-b48c-4f3593d51162	790
d108d44e-5842-43f9-8619-3faf40323187	818
d10d7f87-a47e-44ed-940f-b4fb131e6c1f	791
d110e2e7-eb19-478f-9c27-a232decf8153	991
d110ee00-a575-4161-acee-89f2a05cbfb1	1991
d118bac6-0927-4e4b-9e7c-7d7b433763a2	1003
d120bbdd-3050-46cb-9d90-9db7ebfc32d3	995
d13aca0c-9964-47a4-99b3-5d4966726c93	894
d13f32d0-3c4f-4cdb-9eb0-a2e0ead8b338	889
d142f6e3-41b4-4f89-9eac-ec66a8818d55	988
d1564da5-02db-4cd9-9d48-9a0d5c65210c	892
d15af77f-9e3a-4746-87f4-9386c3aab882	997
d15c9be5-fc90-4d95-8b3e-4afe02a6d97d	784
d1683069-a505-40c4-b525-6879da07c4f9	773
d16dd7b5-a332-48b7-b204-b2a09232e1be	785
d16f219f-b2ec-43ec-8d7e-3f3cdc33aa6d	985
d17144f8-9513-43fb-87ed-ade29ca50db7	782
d171cac5-889d-4cee-be9b-c1c00cbf1c4c	978
d1789fd2-f8cb-4be8-884e-0f7c3859d62e	785
d17f08d0-b9c6-48a2-8861-88a6feffc91f	997
d1802e6f-6032-4cd5-b45f-031bada106f1	774
d183d589-d495-4b79-8bdc-b5dc4c372088	782
d196372a-7778-4d78-be80-fc2add77c4ba	990
d1988273-2218-4bf2-8170-562a25da8d17	785
d19fc88f-29ce-4b1d-b38d-7916b5938ef3	789
d1a79303-8782-4d5a-b56f-d1c5d83f7aaf	882
d1a88625-e729-477b-ace0-e17863aba8d7	989
d1aadf4a-473f-413a-996b-df581e791ff5	998
d1b0f164-466f-42df-8f37-bf24062b9375	884
d1b61616-a4f6-4d5b-b4e1-ad262f877635	990
d1b7b32e-a424-4d1c-927a-d501c4cc8ca7	892
d1b7fbb2-afa3-4e35-a236-92f28ef0e50e	975
d1be29d7-c52f-471c-bda3-43749fddf7e8	990
d1be33f6-df81-4ed6-a9ae-4fa85401bf92	890
d1c4644d-f9d6-4740-a282-85a592367e48	785
d1cc84dc-7d6a-429e-a5d1-1d0c907c954c	785
d1df957b-060e-4956-8330-ca7053fe3c15	974
d1e2a408-3e80-4a84-9a51-e467e89784cb	986
d207d2b3-9323-4204-afd9-5ae0c985fe7d	990
d218ce6e-3cc9-42cd-b378-65d35d3013b2	785
d21f06e0-46b2-4d76-9474-b282111871cf	990
d221233f-d09a-477c-9523-c1b7721d9a49	778
d222b864-085f-4b36-8209-19ce1a7f868b	891
d227b33b-dc03-4212-855f-dae3e9d79f1a	837
d22807f2-611b-4979-a330-637ca4cb566f	980
d229b356-71a3-4da5-85e9-1a1e3e8d53bf	783
d232f749-355e-4b92-abd8-86b19f4798ca	983
d2340439-2a1e-4e3f-b1b6-53855e4fcd22	783
d234706f-5e79-41c5-b77b-38badc2aab6a	782
d235cd6f-baf4-499f-a8be-c29686d8e0bc	783
d2405814-1539-437a-8f75-3a02580bcc54	944
d2425138-56f9-419f-b130-b4c5a0ef2d8d	781
d2438aed-a670-4eb2-9ad1-891bd402e517	791
d246302f-a139-4eff-97a7-35d9b8327592	982
d24737c3-ad08-446d-a92e-e62b953795c5	991
d24db575-e53f-4d3f-bcac-5a6e54154e0c	1003
d250c1c5-a54b-423b-b39b-e24b8d4591e8	997
d251d92a-08f9-4a2d-bb9a-82141d7b4e43	889
d2539d46-84b1-477f-a187-f4048c3cef79	889
d2573470-bd6b-4e6b-aed8-662508290b5c	883
d2578866-b614-42df-9e75-c4d8e539fda3	784
d25aec2b-3467-4d70-898e-f0fb8d0d2ecb	986
d25c5af3-f361-4992-b22c-33b7f1f475f9	788
d25dded5-9321-4131-9061-1dba2001910b	840
d26cea76-d03f-4ecc-b05b-c5272fa5884c	888
d26dbc7e-d14b-45e4-a706-9ae0847e6215	988
d27180ca-95b1-4aae-a1d9-4eae1ac3b51a	891
d27b5b1a-e3f9-434c-ba1d-76c5834e6d0b	783
d27ec8cb-9059-482a-baf8-63a59c86d4f2	991
d2888a1d-b8d9-4322-ab46-d0058b5f1e8f	976
d28e0d59-5a66-4f5b-916c-4e9d4605c4c9	995
d292d976-9e9f-4089-805c-d553a62f466b	785
d2935e4e-fa7a-4f39-82ad-f72c62f64bff	787
d293fee3-3b26-4272-b6c7-9e714ed75b7b	969
d29a2d6c-7496-4945-9439-2c279eb41518	778
d2a1c446-2bd4-4f87-af6d-d8a275164c47	981
d2a9585b-4e3e-46b2-95ad-f6db54ff8ef8	783
d2a98e51-9235-43ab-8f79-6f5204266cfc	783
d2aaef43-4d6f-4727-a151-b0482faf2d36	789
d2aede4d-4c9d-4fb2-9382-a78273f9efb7	780
d2b61b11-47fa-4c7a-ae49-9173428112ab	987
d2b85a19-5a76-416f-9491-54f74ba1a210	1696
d2babab3-5d79-4a14-a123-fbe491194d36	974
d2bfff4e-f2ea-4a81-af14-d3ca9e01887d	982
d2c53e1d-f7c3-4d46-abbf-6e2c4e28ef8b	781
d2d21a22-1794-4b67-bf06-19134eb6bbd1	779
d2d75226-2603-4b5c-a776-ce0c85c8fb99	988
d2e17c16-5aa9-4364-b8eb-73eff19059e9	781
d2ea2a9c-9404-4a92-a0e7-5b5fb50d5fa1	781
d2eb18e7-015e-44b5-a287-b5c8058346ae	974
d2ee1874-d105-46c6-9951-137ec1ce6f58	782
d2f601a2-955f-4acc-a77d-0e8f310bcb6a	787
d2f68ee0-de03-4c76-9db5-8e8a5f2adc98	788
d2fd39c6-a3a7-41d8-a3a5-99194e90b502	983
d2fecd82-deae-494e-abf5-45c1cb42268a	884
d2fefab5-e703-4107-abab-4e798c9f699e	976
d3030186-78cf-4467-a013-5258eb3f2bb6	1449
d3068568-316c-4b3b-a58e-eecb7df2e792	793
d30aac79-0632-4064-81c1-23c8d80fbac8	792
d30e24ad-5cc0-4ea9-9c5c-d6225eb2fce8	985
d315f521-85f6-4e97-9c73-3ae31d09fb50	994
d318f4ea-e4d1-47d0-8165-cca7bff8078a	1004
d31ef07a-a3d1-40c1-a234-67477ff4924c	786
d31f8d6c-dd4e-4daf-9212-496a456d5559	783
d32cc350-ac3d-47f6-bfc0-b3a8a3a93473	985
d32d12f3-15af-46c3-8366-be04bbfe8e43	782
d3362dce-196f-4906-b073-ff57b344ace9	779
d33b77ef-16b1-49ee-90b9-951c9d61adc2	783
d33f5b78-8f98-46a7-90b0-f8bad9b67dd6	786
d35169a4-c75f-4bfc-9032-f062e9a9ce82	791
d356c9cf-50b0-4ac0-ba71-df2e28bcfc66	786
d3588145-29ac-46c7-bffe-50228497643b	788
d35fc08f-ea57-4ccf-ae31-4395fbbbbd04	779
d364ed01-f83d-461a-b24e-5ad5c396afa7	778
d3667083-2d76-4227-a8b1-baaf2cb481a2	891
d36e02b8-759e-4e25-b821-808a1e732732	971
d37159a3-2885-4c94-a790-0cd3a35ad996	782
d3767f94-8c19-4c89-94c8-85f32fadb317	993
d3768dd4-8e8a-4b20-a02f-d4a82599cde0	980
d37ab98b-f534-4449-ae16-fabad272721c	887
d37c0929-62f5-4d61-826b-56dd9a9c0811	787
d37c85c1-6701-4e65-87e0-142762352ff9	777
d38ce4d1-e7d3-4cc2-82b0-5e3948c800d3	784
d3929197-5293-44a6-8cc5-6977f83a375f	789
d39b10b8-c3b2-4758-8c9d-e7a3bd351266	786
d39b38b1-d5a2-4a64-8702-2db5b829fdfa	888
d3a95823-fddf-4242-b3f5-7b2b0f460efb	779
d3a9b86a-64b8-4e42-801d-721aeea44434	785
d3b02ce9-dcdf-41e0-8502-c83bef0d8c8d	885
d3b0544e-cdb6-4787-af8f-b87eece46e3e	996
d3b95097-f520-4997-8356-caffec5665f2	978
d3bbe84f-796d-4120-b841-aa14434e6ee5	886
d3bf7e48-64d3-4fc1-8ee3-f652ac9dcd06	786
d3c6eaf3-2ef5-49f0-a7a7-8a1c1a782e87	992
d3cc26f3-9982-4c6e-9ace-f0386b5176ee	758
d3d10cb9-eb88-4932-98c9-c8f41e1ffbbd	894
d3e05302-d345-4d68-968b-06cc1d0990bb	784
d3e7adcb-c557-4b23-9aa0-ee37e820cdc8	787
d3ff0830-7999-4214-bd57-bc3a6beafee1	990
d3ff2640-3c03-4067-9b50-c661a7540cdd	982
d40117df-56ea-4a68-8309-79477b7a0e8c	897
d4036164-7443-4d27-ae76-1c5613650d6d	891
d40f75db-d8d6-4d98-8c02-27a9265cb88f	835
d41f37c4-4d48-475a-843a-d2b1ad864c52	777
d424a952-cd26-4795-80be-5e0903537c30	784
d4299f3f-a56e-47db-bfcc-260fd87837e2	976
d4301d6e-3e14-4736-ace7-c1dba02beb26	774
d4343bd4-3678-41fb-a8c8-f4b8c3d7da19	1051
d43bb1e1-1ac2-443e-9aed-c6b7675e5d93	788
d43c96a9-3bf7-488f-83cd-f3a70519f413	789
d43fa34f-6266-4407-aa66-3009d93f1bcd	781
d44152c0-cac3-40e3-93dd-ad830779afeb	994
d446fc02-aab4-4730-8f5b-9c8977f4cf07	894
d44b5dc6-d02b-49e1-a97e-57218f72fd41	780
d4578e68-81cf-4285-a3f9-f81a9e106313	1001
d45e78bb-dc8d-406c-b7b5-1d787ce0e9ea	787
d4636db4-c1cb-4b52-958c-8e7ad4794acb	689
d4660aaf-010a-434a-9c13-a18bc95f8d50	785
d46b9ed6-518b-4ea1-9925-f0139da57cc4	977
d477d206-ffe4-4839-a56c-fdf8056189e8	982
d47d0348-236b-4873-a4c4-6127e554c513	987
d481f3b7-6338-4543-91fa-80801bb45d66	880
d48c7ae4-bfca-4761-83c1-63c9a0c308c3	785
d48e55b7-9102-4407-bffa-3a74c6c67ac0	986
d494d718-120f-4941-8657-d36ff84f978d	789
d495f602-789f-48e6-9ace-f3fb5b1b3743	991
d4a93af5-1d25-426d-b583-d5d5b8a3ddd2	1008
d4aa3919-d058-46fa-a756-e5bfedafbc70	786
d4b27b87-356f-4b07-a0bf-a432b69c74b2	985
d4b62749-73b4-4535-9bfd-3b0a19419f7d	789
d4b956bc-9da9-498f-8674-de5320bba508	989
d4c52b9d-8546-41f8-8616-1812d045b208	991
d4c981c2-94ba-49b1-bd54-d27d58ff013b	786
d4cfcfbe-03a8-40c8-a16c-00ca314fc66b	987
d4d02aa4-5937-46f1-8bc4-980b9c1c93ac	784
d4d052d3-8180-4182-92e6-b6f0fe8e7c17	785
d4d5a5d9-f0f9-45fa-a8cb-abb08770410d	992
d4d5f1bb-c7f1-4a43-aada-58ab54af667c	982
d4dafb83-4963-4345-89e2-525cc983b0ae	784
d4e0dc3c-87dc-4346-a141-30ba90844aad	783
d4e3a984-c901-409f-8803-bf44696c5128	1003
d4e63477-a47a-4c46-8fa9-d7e5e76eb754	975
d4ec888a-01ce-4cd2-be76-8bcdcdc717cc	978
d4fe964b-42c7-4a4f-822b-a11534a20c1b	787
d50a61c7-2585-46a6-914d-4ec53a5908f6	786
d50d7e50-58e0-4daf-ac93-b742519bc46e	787
d51e6903-b03f-418e-8943-e7ccd13a1758	784
d522671e-2a13-4602-babe-886c4276bab2	995
d52c6594-36f1-4e14-8794-d0075db787c0	778
d52d8606-dc44-4d7c-99c8-904c0f926a0a	885
d5317854-dc2b-4e3c-b024-694ccd090e4d	974
d5323479-fa26-457b-9c9e-1967398cdf3e	995
d53906aa-e458-48ed-91db-ffdaaff04197	782
d53adbae-a5aa-4f47-a3ac-0fa2466d2ce9	967
d53de717-fca1-499f-9165-c775f77f373b	986
d54b815d-7c38-4dff-9c76-4a29de31c700	789
d54b9852-4aa6-4919-8452-4a0556e7a418	786
d54e0558-d334-4e1a-b84f-0d9acd62c80c	792
d552d971-c2e2-4572-8dfb-b93ce65d7a4b	786
d557d14f-5668-4b03-b596-a02510005952	987
d55d07dc-fd72-4c22-a34c-a6d52e1f42be	1004
d55ef48c-06fc-4bc1-8224-fd4f73a17f35	784
d569180f-b02a-4722-8601-0ea3c8a2d5ef	981
d56a75e4-d14d-46fa-82b3-c0d9512442cd	777
d577302a-3cbb-45a1-b206-d436d5cc2167	997
d5773520-e3b1-4cb3-af50-0f1559fda1d6	782
d588368c-70d2-4b8b-8cda-cf56ab16f7a4	782
d59ec4b5-09ba-4250-b88a-03af494139cd	823
d5a29ecf-78a6-4198-b496-320d501612c9	992
d5b07d3e-a7f1-403a-a023-0eb7cb781b86	993
d5b54605-bca0-4cfe-8140-589eba08fcbe	785
d5b6c805-9654-448e-a91c-54c4790c9d5a	768
d5c09490-a849-4527-9866-7a93d8c4dc1f	777
d5c55c85-b706-4d19-948e-d029931b282e	989
d5c5d25a-05b0-4b19-99a1-08c79aae3425	774
d5ca9895-e62c-46a6-85e2-decd428f17d3	785
d5cac643-39d9-4ca7-895d-5cd55965502b	785
d5d4e143-cc55-4dee-82b1-5acee4f4d996	997
d5dc09dc-4f28-4621-bf38-1fbee9da6dd4	982
d5e4d94c-89bb-4101-aea4-b3ebe125751b	1003
d5ea3815-9ffe-4ad3-9eea-43404cf754e3	993
d5f0206b-f997-4249-8496-78c1006c16a9	785
d5f532c3-a8c4-4456-83ec-f96d56aa816f	979
d5f9da15-be48-4f89-a9b8-4d80be765cbc	1000
d5fa76b7-44f6-4671-bccd-d4dc4848b07e	886
d5fc6fa8-dc10-4ca0-8428-5e8675f39ec0	783
d600eaa5-d9b4-4a34-9abe-555e2ab2fca9	781
d611d91d-fa3c-438b-b836-0c0cff6335b6	899
d613a429-6b1e-4e9a-a877-ae7fc1787ae4	787
d616e72d-a755-435a-a1c6-ea7fb35369c1	899
d61f85f9-2980-4855-9705-2d74e309ef89	776
d621e390-c8c1-4eef-8754-9211b9ea75ba	972
d62a7a2d-f004-4ccc-91ae-fc3b95550c94	982
d62ed289-ded3-4fa1-8ca3-fd261c718865	985
d6329ec7-f54e-44f3-b77b-22ae40e31ae4	788
d640dea0-feb3-4835-979b-02235bb72583	985
d640f63d-352c-4bce-82a9-5e81a5ecaa9b	784
d643a583-80ee-4c82-8981-5952b21490b2	786
d643ae5c-f8c0-4f17-be00-fb39fe094ead	993
d657ad91-cef4-4a77-87e8-f180dbf57d66	777
d66c473d-82cb-4745-94e1-865b22b64bf2	786
d66c5969-bc37-4efc-8f78-f7b522d65272	981
d66fa6e3-e1ce-4134-86d6-bc405934bf17	998
d6700bc2-4e08-4199-bf17-bfd27888787a	999
d6735d21-c65c-4fc9-829e-4a7bb1d88aa4	785
d6757ecf-4d02-4952-a8e5-0ed4f1fe7295	893
d675e5e8-4614-4616-94a0-d92881e9af66	1000
d677f581-fdeb-4776-93f5-a1ff8053fbdf	990
d67f4488-1c69-483b-88ef-54b3f5fb90e8	994
d67f797d-130d-4d57-a269-a33aa1964e36	785
d680852b-00d1-4cee-ad10-bccbf468d814	968
d6859415-0119-4a31-b4d9-05cf5c3bb923	786
d68763a8-31cd-44ac-a49c-0e150cef392a	784
d688b1b8-3829-412e-a796-30cf83a63ff8	786
d69aa4ac-a559-4c80-9cd2-c79940dd2030	883
d69b5a90-4e44-496c-89fa-4bb22b8781e4	997
d6a00e4c-6ceb-45eb-9c24-5035c6e3746c	888
d6a1ac72-fe85-4253-a577-e9bdfe775774	783
d6a744bb-52af-4ac2-bc14-0ea0b0530bc5	786
d6aa6a19-34f8-439f-8493-046b067ded5f	785
d6c970dd-cdfa-4dbd-bd15-c6fe57b440ef	786
d6d4fdf4-680d-46f6-902d-e585ede94b5a	785
d6d77477-13df-489a-a4b7-a514a6a932d1	788
d6df6221-3200-457b-ae60-db6aa8585063	982
d6e8dda1-4f84-44a8-9a78-ee52f2e57687	783
d6ec31a6-109d-4f6f-a877-5b54d9efcd2f	988
d6f15295-1302-46d7-847d-57821f997f84	781
d6f16b35-87ee-4f4f-94ec-1ff001de9692	986
d6fa6a0f-577b-4df9-befb-0f145ce40170	776
d6fc1482-1aa3-45d3-b36e-657a5ab5fa7b	782
d6fe6a54-9f67-4437-8d4d-0ddb27d844c5	989
d6fe7d10-cca0-43b9-9910-f2c9af506e6b	779
d707fff0-a967-4525-98c8-e4abf778d78a	986
d708d023-1e79-4edb-b16a-f9d824207b0d	786
d70be3e0-f28d-48bb-96b8-40657b39d831	991
d713c4f8-f9c9-4f66-9367-bc9c8d95be8a	782
d71469e8-3e92-4f3e-ae87-75dc27241a7a	782
d71a581c-72d0-4f40-afda-1730d9c2dec4	992
d71a79cb-5919-46ec-ba55-90640e4ebe29	785
d7260ecf-1ab3-4451-93c4-78bda7aa553b	780
d72848b3-0895-4282-8a86-2d463b50963e	894
d728f5c5-4a83-4fa1-8360-77b70a8dea70	787
d72ef567-f558-4339-ac7b-9bfc06edfe82	989
d72f9316-db4e-44ab-b475-a12da7fef1a6	783
d7308892-d690-4fe2-a63d-549557c11fb9	1000
d7316101-72ee-4527-b7c4-855b334bbcf2	524
d7409537-9ccc-48cc-a3de-00a9ac754c61	999
d7478c6e-478f-4c63-98ec-71a6f7552cbc	893
d74848d0-9700-4fde-be81-fb776b7b7f0b	783
d757b63a-dcb9-482a-b260-29acc1866305	790
d762a09d-5e17-483f-95c0-499f73814b97	987
d76e245e-ff82-456f-92e9-2077c48f9728	787
d76e7d36-9cab-4a68-b23d-cadb31cb1c0e	785
d7723dfd-9df5-4140-b5cc-483f2e511483	793
d778ee58-a7fe-4c30-9979-987c0a35f492	1007
d77c1bb5-b2a7-40ec-ab85-a450663b6dd4	894
d7801a7b-e80e-41c5-a147-b999566257c8	778
d781432a-6be8-42be-852f-42440e8a8a69	1734
d787ec49-d6d8-4b58-b871-95e95a7945bd	991
d7901231-923b-4e17-b041-720b4ac8af42	787
d792eebb-47d8-446e-bb1e-fe7d061b82bc	785
d794aea7-4316-4daf-a7dc-a4fb8bdfea55	912
d7a97c78-a683-4260-b318-3a1306f54647	788
d7ab573a-f532-42f4-807c-07bfb906df25	990
d7aca7aa-3c38-419f-a74e-ab27c45db55b	781
d7b666e9-3150-4ecb-a5ee-3a37767bc316	891
d7bdf64f-d318-4e7c-ad68-bb959d91d0e4	987
d7c0e8df-729d-4449-b745-fda5f4986552	896
d7c13bfb-1823-4636-afe9-7ceed54bdd06	787
d7c9e05e-0eb7-4892-ad4a-89db92be3806	882
d7d27561-a1ea-49e1-a23d-ba426a72cf0a	977
d7d752c9-98d8-4a25-bc1d-3396fb6fe608	980
d7db0fb5-4d62-470d-9ace-9143bb578423	785
d7dc5c2d-7090-41cd-ac1f-0d8749a9cbdf	827
d7e39b4d-08e7-4659-ac19-f7277de47f1a	781
d7e76ccf-bad3-47f2-862f-08d924b65294	995
d7eb06aa-cef4-4677-a0bd-7f0c44b313de	1002
d7eb1902-83b8-42ef-8425-c6c72cd29aab	788
d7f60b5c-79dc-4dc2-9938-bd15cf4564c3	977
d7fe5ea9-af74-40f1-a685-7b010f041406	987
d8099bc3-8b55-445d-813e-73b0e776777b	773
d80d7f6d-3061-4772-b5d0-b02087d2e5c3	990
d80f7438-e750-4873-82c0-3b9013686840	992
d8156747-30a0-4061-8f73-365d4da6ca40	986
d815817e-ad5f-48b8-b70e-c8729750990b	981
d81728ad-4aab-431f-8769-6619e5f85fa1	787
d81ae3c9-688f-46cd-895b-1ff4f38a2199	990
d81e479e-2766-4dc9-ba74-aae3314bd171	986
d82cf526-03c9-40da-b96a-5c446f769d4d	991
d8470626-79aa-4cf9-9a7d-0013029a7af1	987
d85ba862-bbd6-4361-8549-98e15d1c7749	786
d8774a34-7e22-49bd-afc0-4e238448f2f9	781
d87cbcc9-0fc0-4345-ae70-2db311f93bcc	1001
d8950fe2-bc95-43f0-85bc-d44b3a685bbd	996
d8a30879-d34b-4594-9c5b-4b565f3bbfea	885
d8a335a7-980b-4709-ad63-e5a764dde4da	890
d8aa0f16-326b-45b0-92c0-f560047ca690	784
d8aa2409-0331-4e76-9d58-f11cbd8997a2	789
d8aa6b44-97a5-4c39-a357-74b00c4f5e00	985
d8ad580e-d8cc-418e-913a-1283a5724ac2	774
d8adad91-9166-4f1e-ae8c-54da316901db	987
d8af54bf-cd21-4ba8-af46-6580023e1bf2	984
d8bc03fc-3e33-4d16-8683-cdf6b7632342	970
d8bd7fa4-4d38-492a-9870-f7de6e47ae62	887
d8c183a8-61a8-483a-bbd6-dfa8e014aafa	787
d8c9729e-8d8e-4d5d-9768-62408ba6269b	786
d8cb2b23-014f-48f0-8cf4-c5bdd73e8dfa	982
d8cee399-ede1-48cb-bdb8-1977efc28f45	786
d8d7bc9c-4260-4faa-a6f8-b0b71fd5f4f0	982
d8e47261-8d3b-4ceb-8f7c-22bef2be7950	988
d8e527ac-908e-49fb-9a56-195fd297e1b5	984
d8e5c97b-44f5-4d32-9b01-b0a1233737f0	777
d8f0fe3e-bc0c-41aa-a738-e407558fa81b	779
d8f22633-4c1e-4dfa-8464-8051d147117e	1004
d8ff4d92-a406-4ba6-b937-fc0a50de0c39	791
d90d2450-0db8-45f3-8807-dd00983fa43c	898
d911d8ef-0df4-4f1c-804e-fcbf9caa87bc	781
d91278ed-1167-459c-9dde-6f8430c9ff83	985
d919a3c7-fa80-4d19-b811-8a4f215ffb9c	774
d91ae094-98c9-4b0a-bb4e-0e3135d503d8	986
d9279136-f903-4d53-a9cf-07db3fdf8595	785
d9287786-6f0e-494e-b388-f967fc338f75	781
d92b6dbd-d90c-4486-a55a-344633c553a2	785
d930cae3-c42d-481a-befc-5d97de173736	977
d938499c-db09-40f4-95de-87e575cf72f7	987
d9439959-3010-4f78-9b18-fd2aa26d6340	786
d9461431-0d1a-4229-8ab8-07b05a9d336d	784
d94c8b00-ec70-403e-9d04-ad37c3365e07	1002
d95097c3-cd5a-434e-8ad2-2afd5f49c4c1	776
d955386e-14d7-4478-91a0-2260e7f5f3c0	822
d95859b7-9779-4625-bb6e-61cd3de1761f	765
d95da8d6-b78c-4fba-bb4a-7efaa6817f5a	783
d9617eef-0752-46ef-86f3-7f83fb8a216e	981
d96819c7-7725-47cb-bb98-62a6f98e5c36	999
d96b370d-7319-4c97-8d66-a6d3ac6dc582	789
d96c5a27-02f8-4b4a-97eb-63bac8a6ea7e	784
d96daaec-b09f-44d7-93cb-f69f45ddf477	991
d9751513-7fee-45b9-b707-7b553fac74a9	1001
d9759c14-7ec0-444c-b409-8f61d2a02765	787
d97befba-6773-40b3-95bf-175b359bb379	777
d97bfea5-7316-4c49-9226-44350e39196d	788
d981f649-379c-4410-bbdc-9b16a684739a	986
d9895f0d-e1a1-4b2f-8aeb-37aca62dbac5	983
d98c3891-a15e-46de-be5f-5cd6145111c8	826
d98ff2c7-c411-416b-8a96-36311e96978d	995
d997a30f-7fe5-49c6-862c-64f5f99a4e29	789
d99b447d-cec4-4965-a8a9-6f9958312923	786
d9a22f4e-f47c-4a62-aee2-63a1c23f4046	980
d9af2346-84e7-4d13-bc5c-22afa2423efa	786
d9afb26e-59ad-48d7-b197-fc0600955ebd	987
d9b02175-ae7b-446d-b9c9-37a57e2ed755	789
d9b26a0d-9ace-4c3c-a1ac-0263270da8d5	887
d9b5c839-8a29-4813-993f-6088ec4fadea	987
d9ba9882-b71b-4079-9398-f2990da5699b	786
d9d5999a-3b2c-405b-bef2-481704867309	783
d9db63b4-afca-4852-9340-6f99a162cbfb	808
d9df233c-ed21-4636-8e9f-80d99fd5702a	781
d9e47816-cf20-4ff4-ade8-8f47e50acba9	787
d9e9a635-f78d-45cc-b4d2-8c5dcdacc582	995
d9ebad1e-5bb4-4f04-8381-f2bc2ceb689d	786
d9ed626c-1573-4c0b-b6e3-3782dfd256fd	787
d9fbb244-d6d5-4dae-8099-72fe8a8b13bd	977
d9fc79ae-27db-4f4e-8d5d-d21b30b3dc61	991
d9fd26fd-1769-4512-be26-becf9b016c2b	997
da006965-7d3d-4e6f-b9f9-e7a3e68ee3cc	970
da04e449-509a-48c1-a73b-da7bb7ead64d	888
da0815a1-b136-4044-b08b-8a4b868448b9	786
da0aa480-d1d9-4902-9900-bacda704e3c5	974
da0ab308-c8f5-4248-ab80-f8f6b49e09e9	782
da169e49-14e8-439f-b901-7973ef832192	984
da1c34bb-a1c1-486b-8892-f5445bbda45b	1003
da1d89f1-9d30-4558-ad94-1cb7b3dc2026	982
da22a563-f3b7-42e7-9eb8-7a94ffc4bbfa	791
da287fa3-b840-4e42-aea1-973e1f3b7c6a	838
da28d9a3-8348-41f5-a047-f7b34ffcd896	886
da2a0d5e-dfa0-4015-b37e-15854c50de6e	784
da2ec03d-6f7a-43c4-bd38-2f3fd7254b9f	786
da3801cb-d6e4-4ef5-afd2-28c2a10f828f	985
da3827f4-56d9-4f10-bb53-66b4e18577cf	993
da398365-1f90-49a9-8437-1de11b2e5e95	893
da3c5e9b-35ac-46a7-819a-217cc376d6f3	986
da433b2a-86d6-47de-a5fc-8dafa4ee2fd2	785
da48c2e2-4137-43a8-8a89-4a70dcda1aa8	984
da4a4723-d73f-4449-b8b5-5384ecfa334e	782
da4aa6df-e23e-4a37-931a-ac3b28863ac2	782
da501316-e067-4604-8c19-7003a49b2c4f	890
da5f0f49-5e65-42ab-93c7-75076fc68691	997
da626a90-355b-45c0-8d0b-eec62ee579d9	993
da68d75c-4808-4b57-a499-18e223dea224	783
da69810b-8637-443b-9d5b-c8cd6eadec8a	782
da6d0712-5e71-4b5a-8fbb-a9ad8910528f	1001
da6e511b-6008-4ff5-96c6-ecfe669969ef	993
da72da4d-8143-4fe2-b973-c0076da70520	784
da7a81d8-0984-483c-8cf8-7c2b01e5e5e8	981
da815d73-7b26-4675-a782-62c17ed78900	783
da8b4ff2-be17-4ff8-b8c1-c21ecc2a355e	783
da910931-0f49-4e13-b456-8a061f1d4dd7	976
da994a53-26fe-42bc-86b4-7f2b366b5bc3	787
da9baf1f-7f93-4bd8-9b64-ef6a4111d5d3	985
daa433ed-0af5-4ed8-9329-14662ea28c31	787
daa64d02-6178-4eae-88dc-7f34362e3f0a	1003
daaea71e-21ae-45dc-a2b8-085a8148a4a6	783
dab4ca39-7fd9-4f66-ab3a-18b55398a9b7	996
dabc82ad-b98c-42e4-822f-70d39d70bcb2	785
dabfdc3e-3e40-4297-9659-504578e437f9	990
dac714ef-a047-45c5-8b41-68e80f94f5f6	783
dac9b810-1faa-4a6b-9c72-44e54330c0ad	985
dad4f750-9062-4b49-9124-e863cb8dc614	978
dad65838-5895-4690-855b-d2e1fe2dfce8	999
dadafd5f-e362-4982-a051-06451eafcfe9	787
daee37ef-97ca-4330-b413-b92a99e6a79d	901
daf1428a-6c95-40df-af5d-acbfb8d5d457	985
daf4a2ae-341c-40ff-9511-cfe940731c1e	788
daf535f0-5b60-415a-baa5-9a9092d6c4f7	893
daf666c9-448c-4fbf-b7db-19d881e90197	996
dafbb4e0-d77f-4759-b292-82c315565368	895
db0be654-7e0a-4f40-9743-09716160bf48	784
db0de07e-f846-4af2-8dff-30802e5dc611	782
db0e4159-1849-4f1e-9af0-1c03c7a17976	779
db190a29-11a6-4543-b089-878e9b095498	783
db1afc69-09b9-47f7-965d-386d2672c751	984
db1cf502-86f1-4ddb-9fa8-ebaab986e75c	790
db2f1ab5-c335-4316-9adb-a2171f5f382b	979
db30d083-54a6-4403-93a6-0089307a0d53	785
db30f59b-9d50-41c9-bcbc-8fd903120ac9	783
db31bf09-c536-46fd-8793-df504983750d	987
db325ff9-bf2e-486a-98f0-70dcf12e40e5	779
db3a0d9d-e12d-4284-952e-83a035378b4b	786
db3ad687-26bd-4523-80d3-b79ebd85fe78	874
db405108-6888-44a4-8c41-a2d068a7d77c	786
db46af61-a1f8-4341-8550-1c0b89e207bf	997
db4e50de-8260-487f-84ce-7574e423b0e7	900
db663d53-f623-45fc-940c-3e7a2118ad61	973
db665fee-2ee7-42bc-88b6-250aa09189fb	991
db701b92-213e-4ccc-a82d-75e9fc42a89c	890
db71b615-b03c-48f2-8d2e-36fbbf6a7cb0	786
db749ae9-6490-4d13-83eb-41226f469ccf	791
db776eba-3b3a-45ee-aaa2-61e40f2c76bd	982
db78390d-cc67-4a0e-94b4-b4850319dd13	1926
db796fbe-0b7f-483e-bf51-7d6607049a30	783
db7bb196-125d-46b0-96bc-372798b0eba3	785
db7d2b63-5d36-4387-822f-7388918d2c6b	990
db7fa1dc-cd17-4a86-925a-a0c39c5eea8c	785
db82d145-0f7c-4c3f-8650-2ee3b3dea86b	887
db8b0fd7-2413-445e-a681-e4fea81a35fc	787
db8c7304-c2c6-4986-a60d-ee4a50c3b04f	975
db8c9a87-02da-433e-9b1a-97fcfe40ca47	784
db8e5a78-e18b-4908-bf01-b80b59b3cc17	783
db8f78f4-976f-40ff-8b97-515f7f3acb2f	786
db9229bd-0032-40a3-a5b8-f044fd7b9db3	1336
db95816a-f879-471b-bb56-27543a689641	780
db9a729e-74d4-4bbe-9a13-4446e266f262	891
dba1cf7a-555c-4b61-a586-b3ba10ac8966	1253
dba55d23-9758-4493-9ae9-fc67b80dc1f9	1073
dbb1d806-5b67-4156-8259-034376fcb539	783
dbbc3ea6-f170-4a69-96cf-476b41e9ee43	901
dbc1d7b0-0360-41a8-80d2-9cc38b7a2d4c	889
dbc2f99c-c8fc-4008-82b3-1321d7d9968b	977
dbd3dff2-a8a3-4228-994c-2d2309b70672	776
dbd4a8b2-b180-40a0-b464-f361a1000053	998
dbd714ab-d800-4b5a-b9c3-4d65b023d955	777
dbdb3402-0c9e-4f24-9761-5a94ff6c0587	908
dbe89990-41b5-44f9-baa4-b44d844a047f	784
dbeb0132-064d-4283-a63b-ec6d936c90c8	827
dbeb6964-d6ac-480a-97f3-53b8721827ad	986
dbf271ad-5ae5-4c1f-8bee-5c1a43ce191f	879
dbf4415a-3cee-46db-9d79-b8d2014e92ad	836
dbfb9cf5-1a4b-43fc-96fa-950d2a168d26	869
dbff96bb-ed91-4853-b477-47660ebcddbb	782
dc047a7c-23c3-4502-9709-35cfd80b801c	894
dc06c516-3244-4a71-8264-f3749d9c37d7	779
dc06d3f1-3783-445f-a933-bf0e657285db	991
dc0c0f17-4f58-4209-85e3-8a28cec17e26	783
dc0cd333-75df-4120-a75f-316e99984f4f	993
dc0fbac5-1330-4491-b02f-9fd76945e710	784
dc122646-c261-4126-a11d-4036cc0d8f8c	999
dc139bbd-6af1-49e4-8d3e-d68b0f0361e9	775
dc141be0-5bf8-4d55-895b-b30d32637759	784
dc23b0b0-44c7-457f-a7fd-2703df48b18d	785
dc250a8b-b572-483d-b91f-35baae23d386	782
dc25a8d9-8b0d-479f-82ff-327ff897470f	785
dc2833ce-bd3f-419a-8b01-051b4a723d82	778
dc2b3935-faa2-4c21-b82a-c2d1435acb5b	983
dc2c5497-a415-4477-917c-c7a9ff1f2998	785
dc374497-0b0e-4f3e-b072-9fd231cc1f68	983
dc37fa06-53af-4a27-9d64-b0948c752e9d	786
dc4b0eb1-397e-420b-8600-5760bc9a76fc	890
dc5a2c4d-4b5d-4b1a-997e-5218789d37c5	1000
dc5ac4d1-f666-48ae-9f9a-ab729732e8eb	787
dc5f4470-3ea0-46ac-8c33-ebb1dd7359df	984
dc5fdd3b-94b2-4d9a-a819-41488e7b4d0f	888
dc692e2c-8d6a-4923-9b35-d8eaf8bf258f	990
dc6f5693-0d69-409a-9bfc-5d137a09fcb2	785
dc734f71-8a6b-4123-aa91-161de9e56bd1	891
dc7595bb-cc60-4ece-a9c2-c056025bf191	779
dc7cd3c4-4eae-4d09-b9d1-12649004e74a	976
dc84a322-cc4b-44ee-80a3-f4cc22cf6e75	790
dc86533f-7fbd-4a71-a872-720ae812c41e	783
dc97776e-e137-4eb6-a199-c507951818f8	783
dc988164-4a4a-4b1f-a09d-22555b55a4ef	983
dc9b19ef-d02a-49fa-ac88-b5156b7f54b9	888
dca24f6f-2bac-42bb-af85-6a7e42ba1173	788
dca9ad38-7178-4815-ad07-c253f813c41c	786
dcae698f-87ff-4c8d-a7ab-5d4357fb1142	784
dcb45254-c8e8-4fba-bfbf-f3465bedf274	600
dcbc4893-23cf-4b86-83f3-34b1acd807f9	784
dcbe79b6-45b8-4ca6-b5a6-30dd60f3b52f	780
dcccafd1-0f00-4915-ab1c-18c5fea98c83	995
dcccdd0d-22ad-4908-9a34-69fa6de8b69b	984
dcd53037-be8c-469d-853d-5a48d35af3bd	787
dcd7f84f-8e88-49d4-b0d9-0cecb229523e	984
dcd88fb7-cc2a-4866-a345-33c7f3c2c969	887
dcdb35fc-263c-4811-8b6f-f468ff91de3f	780
dcdb8a63-aefc-4867-b9c6-4263adb9a5f5	998
dcee564a-a394-4ed6-ae49-b578f14deedf	773
dcf04414-5fb3-4d57-8f65-89bc04089af3	998
dcfe0187-5e2c-40c3-b007-70e39c631239	786
dd0388e3-ff20-47e2-a853-f7b345f59863	891
dd096fd0-4781-496e-850d-4b9db6569bf6	972
dd0b2c78-3aa0-4053-863b-0beaff9272fd	997
dd122cea-9403-4c09-87d7-6bf4dcd3513a	784
dd186236-ccf0-4494-8ade-e0af8d2943c3	998
dd1b00f2-5fed-411f-a6c3-d6fadf71393f	984
dd205812-2216-43fa-9c41-9eb51f3cce74	989
dd209598-20f2-4aed-96aa-c664c68501fe	595
dd27039e-cb92-4473-92de-a588ad6e68a3	881
dd27f17d-0905-4976-a727-d88d40dc845e	890
dd2accbe-9f2e-41f3-b9e0-8a1e5bd18a5f	913
dd2e7c7e-f334-4759-b7a2-38ca0d9d283e	996
dd396807-e849-487b-9321-8ce05cf9df1e	989
dd3a9c2d-5414-4a9d-9df6-6b1dfda82474	787
dd3c3697-58f6-4f6d-b978-ef9bc8920c6d	983
dd3d85e8-6b45-499a-bf24-667492a03923	786
dd3f714b-e1e3-41b2-9ae1-85543e9bfd35	787
dd42d9ee-a6ac-4537-bde5-c90771f819d3	995
dd42f0f4-3fd6-4039-a79f-e0470425508e	973
dd435ae2-fa9f-4451-8fc7-fdf1e58e36f0	982
dd445e94-bb7a-486d-b6a7-28c9aae96a45	785
dd45c6e1-31a9-4b8f-beb3-e8a7db5cc149	784
dd4999f8-6ad8-4f03-a519-9c9e29e5202b	786
dd4eff33-cab4-4a34-a2a5-3f4f9070984c	919
dd500341-532f-43de-8c64-86ebb04677ff	1002
dd5668f6-42ba-4355-90e3-7603b23cab3c	789
dd6102fd-966f-4ce9-97ea-84fe79c61d61	788
dd62b221-778c-4cae-9bd4-fab1a5e39ad7	977
dd6b8616-9962-45a8-9bab-a0c2fb9454c0	988
dd7ac00c-cae1-41c9-9793-acea9deea6eb	776
dd7e67f3-0e31-4c73-9e05-a673464966be	787
dd82ed2c-d2f6-4283-9f1b-9f93c61b3929	986
dd84b18d-f9a3-4f69-abcf-e8c218974c11	1008
dd8a4b54-2bc3-4f7c-96ae-d47a4f4323ef	779
dd8b8c9a-0c4e-47f0-8251-c54afd6a65cb	981
dd8f188e-8a1b-4aa6-9579-a48aa1657660	783
dd91e57b-4353-4b1f-b4f9-a29fc7300115	786
dd9486c9-6381-4946-ad71-298d048f070a	789
dd99cca4-0e7a-40d6-a063-7c17acf70cd6	784
dd9c2bc4-4ade-4315-a9f4-ab9e67155dd9	786
dda28828-375d-460e-9244-a9c357772acc	976
dda2e55c-8b68-4def-9581-7f3c08589f2b	1000
dda5daae-ecf4-40d5-8ac4-967b8deafe22	786
dda8f196-abc7-49a8-b0e3-a717f1d8b882	792
ddac3442-abae-4302-b581-b634878dde36	989
ddb69b88-208b-4536-a93b-23b6fa61b4e6	1004
ddd007b5-4e8a-47a1-a8d1-10cf9844716b	992
ddd1eafa-107e-4761-9541-ede76794cc7f	784
ddd311aa-9829-438a-852e-f20a848e77ea	786
ddd3410b-0cb8-446b-a1d2-bf5d47cdf346	992
ddd42b87-65f5-4e6a-b7f0-2dd274034526	791
ddd842aa-c9cc-4fff-a1d2-500fe9f366a3	793
dddd2688-098f-4f13-b61c-92b89cd47bae	764
ddddc935-b602-4808-a960-8f16e2270639	993
dde012ea-c743-4586-bc78-27c7a3cb9f9f	981
dde3095c-a017-4bfc-a6ea-b812cf92111b	837
dde4db1c-768e-47be-b95b-db4788b29f85	783
dde4feeb-967b-4e41-b188-c7102fceba18	889
ddeba5a3-eb1c-4f0e-ab77-4ffe4be69bf2	796
ddee3fc6-2031-4e8c-a541-d23d0e8d14ab	780
ddefe256-6f52-4440-8e39-93f62fecfeb3	990
ddf1259d-7abd-46fe-a154-7789b2fcdb81	1001
ddfaf474-034b-4820-9674-c64663782ea7	984
de04f2eb-96d1-447a-95a9-30e7c4eba6ba	893
de145547-7200-415e-a69b-0457f5ba35aa	993
de1b826e-6e9e-4f32-af5b-156b541f9f7f	787
de210b3c-f4d9-4969-b169-3c029d8e886f	992
de21bd44-def0-454e-8f13-badd4ca16a1d	787
de21cff8-6cba-405c-bb83-e0e86ec425f1	997
de2580a7-9083-483f-ad34-9feb77248580	886
de2d6457-66e2-48f3-a801-ba516a1ffa77	789
de2eb128-fd1c-431e-b9ff-9ef515744796	987
de2ed1b7-15e2-4fe4-9da3-f08e3fd9fc8b	985
de2f95f9-eb05-44da-aaf1-a07239be12f9	888
de384939-3386-4925-b301-fe38fe4467bf	783
de395f8f-200d-45d7-9b4e-2b84992aaf40	985
de3bea9a-8e74-49cf-b52b-5905f292aefc	734
de3c25db-a165-49db-a44c-064412362f26	786
de3d1b8a-18d1-40de-9dec-341490290805	787
de3d287a-e623-4e3b-85ce-6eca8bbe1e95	983
de45061f-c9b6-48de-a625-d3d3785298f6	781
de480f03-4cc4-48f8-9bfd-51ac5342a7c2	881
de51af21-a0a0-42ac-8d30-20476d2e5cd1	789
de5455ba-6f6b-43bf-9884-91236a05e6e5	985
de56b7a6-dbf0-4097-8444-828b46c456b8	987
de58d779-2cd5-4b94-9006-30bd26dd1d3e	793
de59de68-df2d-44fa-81a1-014cae32b5d6	791
de67f5bc-6d4e-4e2f-8614-d53fe1b4b8b6	785
de6f5086-2a94-4f5a-84e1-6ef024357a1a	789
de758135-b662-4ee7-84da-3fa99b9575a9	881
de7b8332-a2b9-4320-b21e-14c91c453e4f	987
de981dcd-e00e-499e-b7ee-a5a10fdd330d	792
de99faba-d07c-44d8-8d66-eb78836610e7	991
de9b1da0-a7ea-4e88-948a-52d33ab22e9c	781
de9c99db-f1c6-4901-9ed0-91cb7a7e15a3	788
de9e1954-83de-4437-a96f-770b2314b8a7	785
de9f887c-801c-439b-9326-dfe7b2560b74	978
dea5e79e-3178-4151-84f8-5561364745d3	1003
dea6dca3-6a08-4c6f-86e0-49e57e3bb140	897
dead6b00-8a8d-4582-b193-30f7ad3a4e8e	891
deb49ecf-bd5d-4137-9526-0a638d91a7e2	779
debdfcab-19f3-4448-a440-690afc0d55fa	1914
debeb1be-680d-45f4-af49-ca213c912306	787
dec0f5c8-1c95-45d0-9914-609d9b4b2160	1000
dec170cd-9c6c-4ec7-9aae-ae2cf58487e4	988
dec45b4f-df1a-47f4-b7f1-a0f6721d116a	982
deca1408-f3d9-4b0c-81c8-c5971bef5218	986
deca927d-114b-4ce2-9cb9-ef53959a4eac	784
decd3da8-6f9a-4e92-99bf-124c6ddd68bb	992
ded28d78-b868-4745-bcc0-0c1b5947e0b6	974
dee3c83d-948a-4b06-a590-ffef5042e0b1	995
deeca0c8-6a5b-49c0-8df0-1cc6aa88c277	887
deed53b5-88b7-4a98-afdb-4b321fbc7e58	972
deef3999-304f-4643-a2d0-de27ca4cf534	783
def641c6-44f0-466e-8d4f-ff166d40e2ae	991
deffd24f-aea8-4ee5-bc22-30a0b09dd449	992
df06c6c2-1250-49e9-83a9-62843941f1fc	786
df0e03fa-2e47-4051-a979-1ae773c3cd9e	1002
df219fb9-2845-4120-b160-a85e212f70c1	999
df2cc5db-de67-4527-a342-dbfad0eecf90	806
df2d38c9-0289-4ee7-be9a-40dc694cb075	994
df2e478a-5178-4b9e-b1e8-520ff453eb97	889
df32b806-e5b3-4acb-b37a-faecb1d3ec78	991
df32ea13-c9e2-4188-ae95-9fc6e3bc0e0d	783
df357d56-f686-41e4-882e-4de830f0eaa5	782
df388d7a-2063-4e98-8f7f-815bad1c678b	784
df3accbd-c7e2-44ff-99f5-9c0ffb219641	908
df3ec8ed-e066-4479-b64b-624c788422e4	951
df41a1bf-8a97-4acf-bee7-35a0b4424077	888
df47c870-433e-470c-be13-267db06f95ef	789
df538f84-3f72-44ac-9598-64f9218e1743	989
df8118ef-e18b-48a6-b3bf-c08f2d40774c	975
df86effa-9c7e-470f-acfc-cd98b2126730	981
df87c5a4-9f38-4dc3-8f68-ea39db3193fd	783
df8ace06-aa11-4a8f-a0da-cef36e1a7728	786
df94caea-8e20-4ccd-a4ea-daf42a365721	786
df961366-ad08-4779-87aa-70859929060b	775
df983852-22f1-410f-be95-c216ed53e132	1001
df9af5f2-c6fc-4b86-9991-06494f52c379	981
dfa9ca57-ae89-4996-acda-b50e31300aff	981
dfaa624f-d03c-4d0a-ae5c-5a79c1b7bf89	987
dfacf88d-b53c-43b9-82f0-7b54dee94165	781
dfb3825b-1cdb-4259-99d9-b9afe1aed7b1	786
dfd4e27f-d83c-4a0b-b787-58853c92d4e7	980
dfd9362b-1be6-4638-a417-c341af38c5ca	905
dff78393-e204-4095-a73c-0991351cb3b4	892
dffb5833-f6ed-4da4-902a-a25caf158333	916
e0013a87-1bf5-4b51-a631-ebb9db62f8f9	781
e00286bc-fa82-4aa1-970f-70dbcd15c2cf	981
e0089f6e-e0b8-47cc-90e7-d73d8f089034	787
e024134d-e2f0-4598-bc4c-7e4f86926ccd	1002
e02e7b18-0702-42d2-95de-c4f5546be6a6	774
e03b091f-4f9e-4c51-ae7b-5b41e2facee5	1002
e03c41ad-b0c7-498c-aeda-2a63bb1d53aa	1002
e0439581-44ab-4c12-823b-8211e37eb566	983
e045dcf3-930e-45c7-bee2-0a38fd6675c1	970
e0464cab-58de-4bb9-92c7-1338b4c5cdb6	784
e04d3ef2-386c-4226-9864-1367b45a70b8	767
e06214ba-50b9-45c0-aeb6-a504ea3d8afb	986
e062da4c-d17d-4910-91ae-370db528921d	786
e063ff2d-e8e0-414a-8754-00a13404db80	979
e06b70c6-3530-46ff-af30-e4e233eb542d	881
e06f4a4c-ea0b-47c9-aa20-d54cb6920b2e	889
e0769371-8308-453b-aee5-3ef24e55412a	787
e0774164-5325-425a-9b2b-ca9104f65a81	779
e07ef166-aaa6-43ac-aa45-e8e5b2ef023e	958
e07ff128-5815-46c3-8df6-da0db37c5e82	995
e080547a-b1dd-44c4-bb34-e66b6ac13b47	1005
e08193cc-fd77-4641-9208-b8b6a0feb584	786
e0828098-41cb-4f7c-8942-f79230af69a3	975
e086cff1-b4aa-4232-8995-2c281d840a42	973
e089ab55-d1ca-4049-afb5-a6d524ea5cc0	995
e08b6348-396e-4c6d-87be-79fc7e6cd97a	784
e08f6954-faeb-4557-aa9f-46cabe4a2f6d	890
e092fe6d-71cc-407b-9ab9-ccb224fd6f8f	784
e095f127-0b8d-4933-8027-d2c9013ac79a	987
e096d593-474d-4f93-9fbc-3466f6b280e6	998
e09e9e1a-cef1-456f-a07b-19bb0b34d450	992
e0a701f5-7969-4133-8bca-6d2aa26627d6	775
e0a7b138-f54b-4b49-8f68-d5e5e6bd41cb	788
e0a7d2dd-e9bf-41dd-968f-ec19311265d2	991
e0b7a7be-225e-4ba5-ac7b-0d78cbb19394	782
e0c8d6ef-e682-4296-8968-ef2081aff527	786
e0ca90d5-e501-4e6d-941a-f1d4b110c4a5	883
e0caa0f9-84de-447a-a675-6bebafae8879	971
e0cafaf2-0976-44ef-8896-1b41350395d2	831
e0cfc868-c4f4-4211-8995-5dc7d3f25426	998
e0d350ea-5928-4c53-8163-fde0c39b81c5	784
e0e62b26-85e9-4ef2-8bf5-e97565999163	781
e0e78000-dc21-4e64-a975-6c1d934d9434	785
e0ef0285-fa5e-47e5-9073-c00d429c19d8	780
e101466f-aa63-4c58-8b44-6e9b488e090f	992
e122391e-51e4-4106-a8fb-4bb323fd8d23	970
e1238f1e-0366-461e-b920-1dd0d4bd3d9e	993
e12c4a2b-32b0-48b2-8bd9-fba324e63e3f	885
e132e239-6a32-4bff-9a29-1f6e771e281f	786
e1345d76-0311-43a7-82c4-19d8c7a0402a	785
e1367420-35da-4753-83ee-535aff2d5f38	992
e138703b-3371-4bd3-a6c6-04fd6463b26a	774
e13ca990-1886-41d3-b315-48492d394f58	965
e13d0052-3cef-4813-9555-f1f6afb10fcd	790
e1459952-e361-41a7-b832-ec014cc97a9c	889
e15102e2-1607-4fed-9b8a-c46261eca4f9	968
e15ad0f1-5b44-4155-8ea2-3375ac37d3f3	986
e16b2d47-3fe8-4ad2-9f4d-f27b9ae117e2	786
e17b61ed-4932-4ad3-9e9f-a575afe9b3fa	987
e1804c98-ea4e-42b3-bced-1b00bb07a182	984
e18fb742-b113-41a7-a7e3-b72423008a0e	976
e19596d7-93aa-4bd2-80d8-7aa96d707f18	789
e19ca1f3-b75e-4d9f-9c0e-170f4ceebd62	786
e1a5ca18-1f7d-42c4-a609-1dcc71ff3add	779
e1a8e0c7-ec63-4ec7-a5c8-0980a55bd07d	773
e1ac1642-df84-46e9-bf75-4886ffa4d710	781
e1ad058e-ad87-46ac-b370-aadcdab8bf49	986
e1b042e3-eab1-4b27-b444-29bdf4a1b420	981
e1b3d8f3-bebd-4c80-b138-794d7e68733c	785
e1b7e6e8-b6b3-4f33-9a0c-bedb86726ed7	1588
e1bad333-1776-41b4-aa7a-08960bd392ff	787
e1bd3f38-782a-44c6-a68e-bc2aa11467c1	780
e1d50bae-b903-4d6c-8ec3-dab927ccaedf	887
e1d94db6-e8d0-4b26-928d-1c7fde6852c0	887
e1da4cec-8654-43c6-b857-df474cc14bdd	897
e1e2a421-e7c6-4bbf-a0fe-faa60de41a1b	999
e1ef0e27-378f-4faa-9c5d-e8ef94757059	979
e1f17d44-5b46-44b2-8fac-4de3e8e2f317	778
e1f51ade-1f1e-4b43-9098-2f0f3775c2cb	989
e1fea52b-c3a3-4437-90ca-34f7381e75ea	783
e206345a-32be-417c-b05e-7e6d6a1dd3ff	785
e207a2c0-83cf-4dea-8b7b-d4a39704f6ac	786
e20c42b5-18dc-4438-93eb-8a343b553677	985
e20dea46-765c-44a7-b548-05b70d082a10	1002
e2141c3e-62e8-4a72-b83e-efa0b8ad5231	999
e21d84f5-6336-4c44-88f0-b12b136ee583	781
e2233a30-7352-4fd1-8b54-ab464f872152	887
e2269d61-2e9b-4f24-85ae-329173c986ea	1007
e231686c-a0ee-46e9-8296-189a2b61fc75	984
e23c9d18-8d0d-4e8c-a47b-1cf4216efca5	891
e24129da-3427-41a0-a620-7e4a3d04e3e5	785
e24325e8-9a9a-4dd9-92d2-443f85774a07	988
e2461c9a-03bd-402d-bd81-2dc43878868d	988
e25996b6-ee88-4efd-834d-1061164db68d	784
e25b27ac-3098-4863-805c-3d6a0d133e59	978
e2662e49-c1a1-43ae-a858-8b2874f6de3b	785
e26991b7-0246-4eb5-b469-aa0ebfa58c19	986
e2841ceb-5e5d-44a7-a550-49abb2eb0be1	783
e28d1d5a-ab68-4f09-a66b-716093a3b5d1	982
e28f3911-4639-40a1-a785-73e4d33555fc	991
e291d39f-cd3c-460e-9511-4f556ebbdbeb	923
e2963abd-27b6-455f-9ef5-a35cb6bbc8d5	789
e2b06db0-1d1c-45bb-b8f5-a7a4cf2391b2	784
e2b2d730-29f2-4897-ac00-fed2d7fb5ae2	882
e2b5c8d0-ebdf-4616-bf16-260bf85048d3	787
e2d11026-474c-4dfe-80b3-e7add9ab91ad	777
e2d29870-18bf-4294-9e33-e84bfdc90541	783
e2d5703f-3854-4e5e-ad1d-db56e23ba18d	988
e2d73398-d802-42d7-83e4-f914f4aa7d64	776
e2dadfa4-fc7d-44a6-b6b6-f2f964aab17c	984
e2e0a665-726d-4c52-8ff1-b19b46ecbdf4	754
e2e6b5e0-18de-4823-8b20-7990f8e2a8df	894
e2e8053f-ca13-4ff8-a8ab-b5dad2576444	787
e30709a0-0e62-46dc-b8bd-edbb7a21bed9	782
e30d681e-4095-4559-a9f8-f6b24edf4dca	779
e3159cc8-933b-4556-9284-0e8c2900f4b3	785
e315d387-8112-4bed-8d86-775182012080	997
e31d1c07-3928-4511-8948-ca9aac2ba33f	997
e31e7956-145d-4244-a6bb-f95346ede66f	998
e32541cd-d6be-450f-a7cb-c2c7a4bc4b39	980
e3266b3c-305b-4c46-a294-ced222a38c1a	787
e3299276-3061-4095-8e38-e0ac41ddb8f6	1593
e329ab81-200c-4bcb-9a63-25c0da532d00	784
e32d1f55-25bc-49cd-bd61-23c8253eba0b	1001
e32f9ceb-88fb-4aad-9da5-b5648d260d7a	979
e34c94d8-dd8c-4670-b2d3-2ae989e2df8a	1001
e352e3bd-b3b4-4f9b-911a-6383525a0f3e	992
e3563bd4-ed67-4634-a7ff-2078932bbbc6	988
e35844d0-61b1-41dd-bb75-98500a18922d	779
e36244a1-8b48-49f2-9376-5a52ebc70b1a	785
e3663138-a77f-4a46-9a0a-268dfa82905c	786
e36713fd-031e-4fa4-b985-e0b6cefedd07	993
e36773dc-86ac-4e08-86b5-bed867cb85dc	781
e375b970-a9df-47bc-8552-5124dea9da90	990
e37c8a32-0c3d-4153-9c0f-eb91310fb3b3	787
e37f98af-5ff9-487e-b7c7-9de6e1ebc413	779
e3813ad0-6bfd-412e-be2b-ea8fb81e6c1b	787
e382acf6-915f-43f1-9c22-884e1b93ccf3	784
e389d6f6-9bcb-477d-8a45-9f5a7de42a48	787
e38d59d3-1255-4e6c-bbb2-23623b70d1aa	783
e38e70d1-edd8-4651-a3f9-594f5a6181dd	784
e3903a2b-1d4e-42bb-8bb3-085ab68e88e3	785
e391b935-4ab4-431e-9d65-484eae09ee90	986
e395b954-2117-4d50-8493-992a034afef7	784
e397166d-d84e-45b2-a7b5-1a731538d09b	997
e39733bf-f3a3-4856-84a3-9da8ecf033ab	983
e39ae95b-1ffc-446e-8374-520111bcb111	783
e3a0845d-44c3-4a44-83d8-196687dcdb0b	973
e3a322db-cd56-4a67-9b4c-ec39c8fca305	781
e3a49ceb-9d49-4b6f-9614-b1513e88882e	785
e3a5074a-6309-41e9-aa53-563e387d2fe4	993
e3b3f4de-00ba-4d16-9600-9fe5f0fb3e67	787
e3b44aeb-277d-40c5-843a-eb02bc86800a	790
e3ba0e00-8344-4715-b2c0-e9b86250f977	787
e3bf3fae-d259-4f0c-a4f5-216b95991075	780
e3bfd0ca-e937-4e38-befc-5fdbcb29c31d	892
e3c13073-b988-4d4d-af57-cbd0b69de085	779
e3c4e935-c7a4-432a-8ef3-83d4eff332cd	890
e3c92e44-11af-4cb7-89f8-68e556f4ebc4	991
e3cb744f-a7e9-436c-bdb7-ccc2e3bdd614	890
e3ce0be1-0b47-4719-9b93-4213dad62d17	788
e3d32225-46d6-42e2-8e85-23b48d6389e6	989
e3d5c2f5-9942-4bf3-9f73-7d709f991040	788
e3d63150-d960-4bea-9f94-bf00b0afabe8	997
e3e69dd3-f234-4a9f-9dbb-688cfa6d0d61	999
e3eb3502-ee19-4ad1-99d7-7d0a8cb51b06	783
e3fe9552-e24a-490a-8297-45a23e9c7ef2	1002
e4061465-e052-4710-9de4-1cbbf94e75ae	885
e418ff48-1ddb-42b7-b1e4-b2428b6ee770	691
e4225a8e-ccb7-47d1-a39d-6cccb499f286	998
e423ca26-11f9-4a23-81cd-717845abba7a	782
e433142c-a39a-4870-bcba-d20c512d31b9	790
e43c3925-9e65-4a71-b3d4-5d73a2cfb0f3	787
e43c8374-3bdb-4110-bb3a-b468af002cae	786
e440ddb8-2e5d-453c-89c9-4cd19b2332d1	982
e44201a3-e09f-4f2e-8ce4-1bb72840ca9b	991
e448e46d-308e-4b86-b8b8-61aefa41304e	782
e44b1531-61b3-4618-9bff-39a176dabc78	990
e45168ba-827f-465f-b9d8-6a11fb2ce978	779
e45af086-b0a2-4ee4-8dfe-7ab0a2b7227d	785
e45b2db0-8f5a-4b4a-b39a-7771f3491aa5	779
e45b4045-d2a3-4ef5-aa22-af8626524651	992
e45f9600-6290-41d0-bac5-2434e1ddd5ad	993
e45fe44e-7a52-44e9-85b3-0c51de77bf55	794
e46061a4-8b37-43c2-9aca-66c26f43f4fd	984
e4608c22-976d-404b-8920-58fb1be3fdcd	788
e4617390-44eb-455c-a94b-37e9f201db54	820
e46272b9-7ad7-419e-ba52-47e786f0ee47	785
e46d009d-64a9-40f4-8a0f-e517b3b2b663	789
e470ac5f-a8cc-407e-9e69-f062dac00d90	782
e47739b1-de49-47f4-a0d9-ae5f9b356910	991
e4783731-c834-4353-b0d2-99c99ea21b60	984
e47fda72-2c87-4fae-9b54-c1d4ebe4221c	996
e482ac5b-a057-46f6-8c6a-2c9b3b5de97e	784
e484d38a-4de9-4dc1-ae09-264506eca0ba	898
e490a22e-5393-424e-8c4f-b55396288983	1001
e495686f-f804-4ae6-b649-7d3f239997f8	785
e4994e70-e23c-4895-b7f5-1c7de55f81b2	784
e49d35d1-a635-434a-8a2a-6861e709bf50	1001
e4a05710-4ba0-4115-99ad-e1ca6f9fe71e	778
e4a4519b-b61d-4ff6-85f7-b14bd3d87cf4	988
e4a5db9e-c947-425a-902d-8f000ab1313a	783
e4ac5bd5-9a7a-44b3-b2ca-1a80f56cf63e	788
e4ad0a3b-55ba-479a-859c-a54ff7ab186f	788
e4b0e69a-3952-4e4f-bddb-29cf936e26af	1000
e4b5176e-3c55-4121-9a81-96ea44728259	889
e4b58fde-7453-4761-ab9f-89089b4d5a08	1839
e4b6b8e9-b596-4387-91a8-cfc238d77bfb	872
e4bb1f84-504f-4443-be70-13665ef827ff	991
e4c73aba-6516-4b65-a702-6fb1231d1458	891
e4cd6f2c-5db6-45d2-aea9-9b36f610e964	824
e4d12bb2-54d3-4df9-8588-74b1f3472708	786
e4d649df-5c30-45b6-bbac-9d8c82ee26ca	782
e4dc78fc-3b02-47c5-9908-404c3a03ace4	889
e4dd8d53-e89f-40c4-9f51-0f3f49cb20e0	781
e4e14b7d-f895-4ff4-a0b8-e151521b6ec7	786
e4e9a0d9-7724-418b-bd99-5903195e387b	1000
e4f3e1a8-ec61-4f3f-993e-64c47f9bc8ba	983
e4f7a491-5d52-44d9-aa0f-0d718e7a464d	787
e50209e1-75c4-4262-91eb-e36f1a72f474	788
e502acf3-5a87-4344-aa26-f222c6a288e9	1001
e504f6cc-e701-43c9-8063-8f8cda0a7b20	789
e506db76-ad91-4979-9039-056424cbafc2	1000
e50cb08d-f0a0-4cc5-bb53-7d2d8ea9097b	782
e51a39da-6ab9-4afb-bdfa-bb49c3b73106	987
e5280940-8ce1-470e-9bb3-5bea6dbf48ec	990
e528b010-087d-4839-a8d2-79d8e6de458c	977
e531a8fa-8d07-4956-8976-8d967fe6e57f	850
e53bce3f-3d11-4749-8c7d-d1812e8161f7	788
e53cdff1-0865-49a6-8f96-c68e9e67cc20	991
e5499c5e-13ad-4e0a-8cbc-3d40164c8837	983
e5543fbf-f791-4533-8b74-33963d002667	786
e5576cf9-de3c-49d8-ae50-3543b548d44d	785
e563739d-f188-4750-aaa3-df9150f7596c	784
e565d471-9d4a-4dea-add1-e96263260341	779
e56d62ba-b7c0-489c-92ee-10bbf2053f4b	998
e56e64b7-0cf1-4a83-8cde-7fc43bbe4240	792
e574b411-a183-42cd-9c14-f4a22ad4e7e8	997
e57e6ea5-562a-462c-ad9d-28960a214e8d	784
e5800c4e-65f1-4fb0-8cea-0d3f26eac736	794
e5831b6f-e879-406a-8ca6-7e66fd5c4a34	992
e592f673-400f-41e4-9ea5-20b2f9bb7754	999
e59504b5-3365-4e63-a7ca-cdca73122e14	785
e595eaa0-a909-460d-a2d1-d70130732ace	1001
e59954ec-bf61-4c7e-a7c5-1306a95ceedd	760
e59b901c-b9ba-475f-aea9-e1ea129b2266	982
e59d1057-9d08-4fed-8213-5c9c2a32b7da	783
e5a13527-97b6-44b3-ae0a-97736ba7d834	767
e5a1f06e-a9ac-4502-a36f-6122a4f0bc90	789
e5a27241-5023-4fca-ac38-046792434e2e	986
e5acf829-e13e-4689-86ab-272c422093d8	785
e5aed503-4a8f-4601-b656-ef93d46573d3	984
e5b2fff8-b8e3-4e72-a772-ecc13db54ecf	997
e5b36c28-796b-42d1-a8f3-ec1ff66522a2	986
e5b4140b-7ecc-4930-bb57-f12e54c8266f	775
e5b43fda-9f17-461a-860e-68ebb81db947	778
e5cb1eb2-ad65-4106-9162-29bad5a6bc73	882
e5d1cbbe-d58d-42d3-ad40-8547f33b580e	787
e5d3a6e5-91b5-43d4-8d71-7005c7090085	799
e5db7603-77a3-4ba8-9e4c-dcbb650fc45f	813
e5dd10f8-2431-475e-9e41-0e20f2703246	995
e5dd5d66-417a-4c6d-8039-cf946c31faec	990
e5dd7146-5570-4847-a647-7f687d18c9a8	781
e5e58fd9-09e0-4643-82f0-518264c5b78d	1005
e5e6d403-51d7-4f52-b641-3209a4a7020a	991
e5e94809-6e15-4872-9051-699e29dc9eac	783
e5f8cf58-92d9-42dc-8df3-a1933e3f6c42	880
e5fcb4a3-3fee-47e4-b9c5-1c7bb45875e2	789
e600c97f-a72b-4bee-b9f3-e675ebc52953	785
e605ccdf-d417-4096-aa4b-7d70bcd6688e	785
e607d9b2-77d6-467d-a250-c6c1c15d0e90	784
e6085ee7-7f42-4efa-9084-781cace97f57	779
e6091f79-532f-44a3-9fd3-4715999e9107	1001
e617fc65-bd39-4837-a3be-1d362e7c7ea5	988
e62039be-c955-45d3-b551-515cde4238ba	1002
e62a8392-a752-4d03-8797-06ce5d07d477	783
e632a255-f3a1-4bab-8018-9fc09e67a7fa	985
e6359d0e-b5ba-4350-a2ce-25d85a5c09ed	786
e6390394-8981-45db-9f97-8ecfce69af9c	782
e63fe632-191d-40f8-b09c-d1931a1e99eb	784
e648a59d-cc34-4843-b857-9a0813505fb8	785
e6568e34-8612-4e07-a406-fd9f5f15bcc1	975
e65bcc20-9d49-48a9-9eb0-421f0456ca29	787
e662d9a9-7f67-48ed-8de0-0ca135eaecc8	987
e663edcd-20fd-40f8-ab6c-f122e4abb7f5	905
e667342a-491f-40bb-99bf-c6deef296f12	983
e6679a06-c4d4-4896-b992-b669517bf8bf	782
e6686c87-f315-45ee-b8c4-827b74e33916	890
e66ab344-c516-48c1-9198-28c13fa3029b	787
e67434cb-2d59-4470-95c5-903da79aab80	1001
e678f070-bb86-4216-952d-11c3cdc881c5	785
e6829f9e-d448-474e-b2fc-df3a79312e45	914
e6879c01-cc10-4334-aa7b-41d941f84a5f	790
e68adae4-43d3-4b34-908d-32cc3cf25bf3	987
e6998760-b581-4629-98c3-9c059500cdeb	786
e69ebecf-fac2-4f65-b6c6-a412a552e37d	979
e69f14c2-f60b-446e-9558-45363882f77f	997
e6a07b36-ae89-47d8-ba7f-8b9868c93e03	1004
e6a124e7-fb63-4084-9a00-106cae412e7f	995
e6a6e6c9-ea4f-46df-aca2-44128621bb0a	982
e6aaa2f1-7d19-4f50-943f-a81734de50bd	992
e6b4a981-89eb-4232-b4d8-b46990dfdf4d	781
e6b80d9e-94cf-4fd2-9cea-390b3074ca23	783
e6bc9997-1a54-4431-87ac-7d862f2d8339	993
e6c0fac5-733b-4cca-ad32-f9f25511bfde	965
e6c1b1c6-4fa8-42a3-aef1-ff3499840976	999
e6c350a6-51d4-4bb0-8693-1bb46612c197	786
e6ccf38c-2aa0-49e5-a6a7-68c345ab852a	785
e6cf485b-ba8a-4a4c-b554-28c361953775	977
e6d3b373-5c01-426e-a53e-3b6f9c3ca290	786
e6df569d-99b6-46e5-8a3c-6a26a60cb453	883
e6e32bc1-c9bb-4914-ae07-1506b7c8f2a6	786
e6e3e7f9-e30c-48db-94e3-af95d9ab141e	787
e6f12d94-a6a6-4430-bc76-89f68e9701cc	987
e6f5efb5-e249-467b-8099-6d1da0eb441d	791
e70fb684-b211-4356-afbd-d47bf8f121a0	785
e716e595-725f-41c4-a499-aeb642d940b4	994
e72605ca-50d6-4cf7-bf86-e2b067ed6ee8	997
e726ac28-d683-4cee-8209-9c120f5d8d05	984
e72e9ec4-42b4-4697-b5d1-131f7ab000d6	1006
e72ef3cf-a455-4e3b-a747-9458ca47da0a	846
e731bc8d-e918-48ac-9d60-226c743c311f	1006
e7403b35-4cfd-4d01-8480-95d38820b8d3	784
e745993d-08e6-4724-9628-85418207639b	784
e7492096-3cdf-4056-9fc1-6094e9942f97	977
e74c3a32-e96b-406c-8ed8-8ad133f27b37	785
e754f8dc-dacc-4cd0-b1ac-eb18344ba0a4	786
e756d8eb-610d-4ee3-9b08-624b93da1539	790
e757b687-e78b-4b05-a6a1-26bbddaf203f	880
e75c5c16-b080-4ace-b6ec-6c43f9c7f8db	988
e770e1db-3a5e-49e3-8daa-6c2771b0bdbd	999
e77133e1-3cb8-45b1-a8ab-9b26ff279f50	976
e773e784-aba0-46cd-b260-2cd28189437e	998
e7753d5e-2d55-4413-9242-93d4ac215774	782
e77fd77e-5ba7-4c24-8238-8175283dfa0e	785
e7847a43-d45f-4b9c-973b-557275aabd43	774
e798dd3f-725a-4d40-8c3b-8198422272a2	995
e79b40c9-22f9-43d4-8f4f-c5480925ddf1	975
e79dcb2b-0280-4fd0-99f9-d4a40973e763	978
e7a344d5-9bd5-429d-b72c-641a70991af4	987
e7a47dfd-7363-4f21-9a7a-80b905468239	888
e7abcd69-b3db-4af0-972a-5da567e93910	787
e7ac7bf1-65c8-48b9-8584-3a4117de3fa2	786
e7b28bb5-6375-4bd3-bd63-2ccd6b8cd9e7	1845
e7b75ccd-a326-4446-ad0e-f626cbae8d5d	785
e7bcee25-954d-4e6d-a351-6eddd6954af9	788
e7c28f72-5e3a-4608-8076-92deb6286895	799
e7c7a99d-e9d7-44dd-9409-b467705fdce3	787
e7d38a97-9c21-4c2b-a29e-e84a9d4411ec	782
e7ea1182-95fb-43ef-8da6-2d7b0d48125d	1004
e7ebbe90-7a08-4275-a77a-df7cbd12e436	786
e7f361e7-ddc8-4e81-9455-16b2e8c9f8a7	786
e7f50d93-43c1-4727-9562-6e076c740794	780
e7f8eb8c-581a-481d-a4f1-337a7eefb243	888
e7fa1890-5cb2-4dfd-a818-9d2d1cd945e3	789
e8010e42-603d-4a99-95ab-9ba14553d495	788
e80388d9-6075-456c-82ec-6400eda590af	998
e806b921-f1f1-4c6c-ba39-35bc6303ad99	994
e80b1973-22fa-4d12-b238-03ff24cd175e	981
e811e15d-c779-4577-858c-c5446be08aa5	783
e81d1338-26c4-4d7e-82ab-31be612649bd	779
e8229fe6-c031-40e0-92a6-863d6b6f553f	886
e822c51f-0bd3-460a-bf36-911a20592276	955
e8233051-b9cd-45be-af6c-f029e85a47ae	786
e824b279-de0a-4f10-a3b8-5574a4c5aec9	785
e824cb22-acef-4aab-bc20-8f3d07114c1d	997
e8289962-b1c0-40b0-99c8-d223348c37d0	889
e82affb8-15b1-4ed7-998b-557a31d333c8	784
e831376a-bb32-4c92-a25b-33f5870701ab	790
e8329040-0126-4bdf-b587-52ff7f7630de	894
e837463f-9cb9-41dc-bc9a-b11498735870	965
e839b89d-d055-40b3-ab2d-872c577029e1	779
e83e7c90-75ee-45ad-9fda-0ce8363b42ee	789
e840da33-8be8-492a-b467-4e6f1db6bd41	885
e842ca10-4f9c-46fb-85b3-f00cc9c7d619	893
e8444fdf-e457-41d7-926d-0ea1d28cbcd2	789
e84451dd-ea64-4c20-ac6f-bf7df695a670	516
e8457b84-d97e-49db-ac51-b5dd14e72d69	784
e84e83c6-5e31-432b-8163-7e3eb465c1bf	784
e85522b8-6a77-4cd1-bd70-15355a8f26c3	888
e85627f9-2ba2-4774-b415-82d6edc60e16	785
e856920c-6460-4425-8e34-b451b057318e	968
e85afaba-67c0-4a63-ae2a-74c7ead2c69b	787
e8621998-9914-4f36-b40e-0b05511b31e4	889
e865bc50-f144-4741-8c0b-91fa8e3a35cd	786
e8664645-689b-400e-8c47-dc68d948cc0e	989
e86703d9-342f-4249-99a7-85ed90ed1fd5	784
e8674cbd-bc1e-4f8e-9c1d-002ae4363d69	892
e867596a-bddd-4235-bb32-8444a1aecf0f	790
e868c389-87a7-4e35-930e-4a8c4a04a45f	988
e871c628-fb79-4993-92e6-4c75ef39ed63	1000
e882db97-8f94-4ea8-a380-9f5fc430eb9c	786
e88f9d65-7157-4032-a5e9-5b3e971a4903	777
e89b701d-2960-4bf4-a2d7-4cd0d2d75e4e	891
e89bbd7e-f9eb-4e7d-8d7e-860e736a3600	776
e89ed0c7-ad94-4b26-8955-1a344d663482	985
e8a2f141-0cbc-45c9-a587-ddbc8e0c38ea	981
e8a92452-2c00-43d6-bf71-15aad0dec6dc	779
e8abb1c6-927e-404f-9892-06d230b187b9	787
e8ae5439-60f8-4cbc-a493-3dd14f97c979	788
e8b9d636-61fc-4cd3-b3d1-32a9c838100d	996
e8ba5dfe-5b27-42d8-8147-24e860320081	985
e8c24154-26c1-492a-9765-0604740cae6b	791
e8c3885e-19d3-4388-b7d8-eb53ad2302c0	785
e8c4a27a-58d0-4267-aed7-3f6f21c8cb6e	982
e8c74b61-5e14-4867-8728-72f26e55e873	779
e8d096ac-4ba4-4209-8f0c-692f5198c4f9	986
e8de8747-c00a-4699-9e3b-246d475fdbf8	781
e8e98079-87ec-4798-82a6-cdfa7b58f76f	786
e8ea471e-591e-46f8-828e-aee697041ea6	783
e8eba065-2c9a-477a-8fd9-2a751083083c	892
e8eed966-cfcc-4ba0-b6f8-69fc3b7043f5	791
e8fd479b-92af-4dc0-89d1-7f6de8da922e	784
e90312b9-cce6-46c6-8895-560e072acad2	783
e90561de-1deb-4fb1-864c-4ad5d63287ad	784
e9142c18-8180-4950-9586-0640eaa15383	892
e9193368-8f4b-4e0d-952b-6a5a6117b2e7	985
e920b6b8-0889-48a3-8de6-a07ae629c6e2	979
e92607bb-a225-4b9f-9b98-272f3b1d26d6	981
e92a2767-d7a2-48bc-a6b7-ccd03f326b14	784
e92b0897-fa43-4498-89ba-098a146d2fe2	785
e92ffb32-ec52-4762-8cb8-6e582226f2fb	988
e9313f40-cbd0-4caf-be66-77d7a50d4634	1255
e9320658-3176-4efe-8ac3-ac6a5f42caec	887
e93317f7-43cf-41ff-84d5-3ddfa0af0138	778
e939b4cc-b7dc-4e7a-bb11-8d96a90cfa76	781
e93dfb7a-164a-4bc1-b6ba-e7d5546bb95e	985
e9478b16-5823-4364-854e-4cce6fb42a73	780
e94decc7-2a6d-4595-a682-2d6a62972f9a	791
e95c925f-5afd-40e0-928f-5d0f99510409	996
e95f27af-6422-42e6-94e3-47a8cfe59329	782
e9633b8f-62bb-4294-8992-7e69f80a333a	1004
e966198a-c0bc-4cc3-85e9-80cf9eee6ae0	784
e968556f-d32d-40c9-af6f-9d5c535c0fda	788
e96b1333-55c1-469f-a8c5-a805e563e899	996
e9700a84-5ff8-4815-be61-49d45d40cea3	994
e9748353-06fb-492c-9b80-4ed9da5cf542	794
e9771648-02af-4dcf-93be-e577c66646f4	785
e97897e9-ea7c-4c85-b317-0bce61c61bbe	976
e989fa56-d374-490a-866a-b6dd54dd2ae3	773
e9920105-ac08-4780-99cd-2e3af26adbea	992
e9a0b1da-347f-45b9-8d72-68c10635b391	885
e9ad63f5-5498-48d0-b2c4-2aacea838d3f	790
e9b74dc5-19c3-4adc-bca1-04859b1315bc	983
e9c56003-dca8-4a54-9155-dbcb2aa7945c	786
e9d145ce-b45e-45ac-95e2-03168fcf9ea9	991
e9d4915a-3494-44a3-bc47-89fe4a7ef9a5	779
e9e054d7-3131-4aae-8935-ece698d23c90	786
e9e50f71-14fc-4096-a585-fd3a2260c9dd	781
e9ebfbcd-8494-4307-8f36-c0659289f111	786
e9ee3b0b-2858-466d-9d23-7ac869d2dc2b	784
e9eed0e1-afa0-456e-9b83-dbe51a919bad	983
e9f8d0b7-a40d-4b69-8cae-58b35df75d70	788
ea0422a0-098e-44b1-b73b-f1d20160525f	982
ea054dbf-97c5-44c4-a4b9-ce51f6ab8bd6	993
ea0b0028-e4a2-45d9-949d-257398e17fd8	786
ea0b6eff-4196-4933-be3f-340f71040399	786
ea0bb95b-0209-4c1c-8d98-56eb0677a211	781
ea1c3729-6341-44b2-91d8-3b90cb782e99	890
ea239aed-1c60-4681-b364-cf89491cbdb9	781
ea2ac4f5-2914-4c7f-b74e-2c2e530882ae	785
ea2dcd1f-8736-40cb-8732-b34571e2b8c7	995
ea2fe2b5-4f04-436c-bf8f-2580a8a54bd5	991
ea314d87-cbb1-4eb1-9058-2faee922f268	791
ea367e2f-6eb7-47da-971b-4ac24f2ded4d	990
ea3a24ad-f3bc-41d6-9ba8-98126c1527bb	893
ea3e9d12-535d-42de-95be-faba22a0fabf	980
ea4060fd-be03-4760-98e3-608a67b19882	985
ea42aa72-583d-43bf-90c0-c1bd189d5497	888
ea46b469-32b2-4684-913b-73ff1e051cd6	781
ea4c1fbe-ad62-4244-8f20-bf61c55e8f24	999
ea53240d-7625-4828-8e54-30a00c4aebfe	975
ea5d3924-6453-4d2c-be01-e4c1a4e796d8	986
ea631540-15da-4e74-b254-899df9cf2e30	1001
ea667f09-35dc-48f8-a79d-9eb58f070254	892
ea68d15d-74e0-4310-9c7e-8d702f3f268b	785
ea728871-4f4c-40a5-8783-91280f2ef0ff	975
ea7472b4-83ca-4e99-8b64-825f53c3b8d9	782
ea74adb3-9dde-44a5-ba1f-8618dde77895	774
ea74d10d-fdf8-4a4f-97b2-1fd130fcd416	784
ea778e15-1542-4d30-b926-bb687e3cbc16	785
ea78885c-5086-494f-96ea-45853ebab387	891
ea791854-2e79-4e98-be19-db18d34e9219	979
ea83dc71-103a-4b80-9ef2-d7add0f6bf89	976
ea8553bf-359f-4d6a-a9c9-4cca5de4c256	979
ea8af784-87c3-43be-87cb-7f0808d27369	997
ea967f13-487c-4f6a-a641-fa7966dfbc20	999
ea9c6020-7cfd-4541-8fd7-5740c4f90cfe	988
eaaf3c37-273f-431a-a732-32145b95886d	985
eab08619-b3b0-4a21-9194-72206de2a275	783
eab4dcf2-9e56-4d12-900e-9a8016a18700	792
eab65e14-0f95-4294-9462-54afc368e895	888
eab6f82c-ef20-4090-96e2-d616c5001d61	786
eac4202a-0c4b-43a3-b870-ddea265e4674	996
eac774eb-52ab-4122-8197-ebfaf48cab18	974
eac8b28d-1300-46cb-b519-f4db39fe659c	891
eacdeda9-b496-40af-8060-e20db9fd0124	782
ead4c86f-4e77-4a03-b62a-756f783377f1	787
ead7249b-5de9-4968-ae0a-24d2154a576b	1001
eae63020-cbfa-42d8-bc4f-1e9eefdeb569	901
eaeac1e7-ff0c-42a3-9f4b-735f2ac93b40	887
eaeeea9a-da09-4034-8502-7ac8f46b13d3	991
eaf05e2d-729e-4e85-81f7-d284cf86cb28	885
eaf14be6-ee88-4f0c-a195-3703f092937d	984
eaf2e5f1-6ace-40d3-8066-fac77323810f	789
eaf6f772-b9db-45c7-b587-76717b421811	778
eaffac7a-7bfe-4e1d-bdb1-3bb9a630f409	938
eb014e4d-dc73-4497-b8e6-b860c4a35115	777
eb068575-e5db-4d55-a74e-e16f0b628220	991
eb06f6eb-6d87-4b83-9019-a253362e2b25	984
eb0c3cf5-5e46-4cc5-971c-05b6780d7196	892
eb131374-5229-4b11-8a2e-c6938c77bb97	985
eb148664-264c-422b-9bcd-52e4c1d559e4	1002
eb16ac91-d783-4065-aa64-6963a73bd502	984
eb269a14-463c-458d-af66-a60fe5cb884f	884
eb27e199-fab1-4c92-b00e-15b3f4ed8c9d	785
eb28270d-b47d-40d8-91d3-21f6a31ad7f8	785
eb29b3c0-447f-4a03-9909-26793da2a442	782
eb2a9af5-ffcf-47ce-9fdb-86b0c7608300	786
eb312efb-0c28-4fda-bc2a-60e0209a56ec	1000
eb374b68-dd6b-46b0-a1de-ef4a86a575e1	912
eb3a05cc-51ed-42b2-a54a-a2b4e7f9c87b	788
eb3c8f2b-449d-4773-99d8-19582320f838	1000
eb506fc8-cfb8-4a11-abd5-debb212f5c52	980
eb5769cd-c880-44c8-bf43-8196f5a6f4d2	785
eb588db1-3de2-476f-8add-6c1744e72bc5	784
eb67f744-d0ec-421e-a38b-74c4e0595400	784
eb6f0226-28fb-4fac-8c90-a116f06b4455	888
eb777fc4-26fc-452d-87a6-386d46c727f7	990
eb7b8d40-2dc2-4658-941f-8933f0f1e515	888
eb8a64e9-2836-442e-9966-b5803d489736	888
eb8fb026-8041-4e78-abc0-db5dce20f434	784
eb959d95-8da2-40f7-8d8a-3cc6b5a0c10d	994
eb991588-4d96-4bfd-849b-8e87286d2045	983
eb997435-2dfc-41d1-a3f6-e9be49e2e3c3	909
eba6e7b0-1ad0-4fea-a836-26d7ce1092cc	787
ebaacffc-6eb0-447f-8c65-b6ef2b7ff40f	779
ebaceb07-1547-4064-8840-de923e5c165b	785
ebb26a73-f788-4b63-8cc8-d5d1d51e5241	810
ebc2ba38-0692-4684-aa96-9a6fc3fe595e	782
ebc32ea2-442d-4ec8-a11b-1434243c3b53	792
ebc890c6-339d-40f3-b508-6669e6148a46	786
ebcc9162-3142-4cbd-a434-a002e971afda	787
ebceaaeb-8fc5-4b40-946b-19c4e9ee2d03	991
ebd0fb92-102d-45a3-9eb7-9fb3c9febc75	819
ebd2c16b-6e36-4766-abd8-705a0c338535	760
ebd2db1f-9f6d-4c5a-b01d-a59f89db6bc3	784
ebd71db3-af98-4c4a-a0a9-93c4a32939c6	982
ebdc2373-17bc-49a3-9001-1ff8ac34aab2	987
ebdd1ac9-dcf9-4680-bcbb-b829e30f58ef	984
ebe1c9ab-87b7-4f6c-b7d1-adbc1b9c19b1	992
ebe6e971-699f-4101-978e-2f28389cc6c9	895
ebec7786-134b-44f2-8fac-aa28f6387813	785
ebed0c2f-e6f8-4fd6-b8c3-6bd8c5b118b9	984
ebf248db-2175-4007-a4c5-60591c24e32f	785
ebf6fd85-396c-4638-a188-ab47f7d4b8b2	997
ebfa6104-f742-48f8-9e94-2ecd7486d090	783
ebfe5702-de73-4abb-9027-49c190c2bab1	1000
ec00d039-8b90-4118-aa84-4ac38c573dc4	776
ec04b03d-ef94-4133-b056-629fe0e5099d	984
ec062a9e-7f98-4cc5-ade3-8d555749878e	995
ec09044b-10ae-416e-b3ae-36e2964ca907	998
ec0a9e99-116d-4141-a13e-5cfe592cf9ed	1000
ec0e1289-d078-4318-bc00-d091968cefe1	785
ec0e5a2d-7386-434b-899e-f2917cc4e759	980
ec1181b6-17c6-494c-a04a-ad6e5313ac66	886
ec1383ce-c07c-4096-9544-0dacc5a026e3	990
ec16f5c4-6d99-48d3-bdc0-1163aeb2a59e	1003
ec1ed700-d230-4f9f-9f45-fea88957fbf8	784
ec2009c6-b7e0-4fd8-8664-be6ad7fa716b	993
ec27a828-575d-4ef9-8afd-0ddba8939188	1015
ec317d68-6db1-4151-b610-63bdb8588144	995
ec3452d7-897d-43cc-be40-506bc23cae56	1004
ec35b2fc-234e-4522-9939-fbc6bd07e545	982
ec400594-da78-407e-aa83-9e4b1dc69f75	786
ec401d62-99b6-4d78-b55a-010ec20b7ef6	786
ec43d7cd-b584-4782-b5bd-af906af10d4a	784
ec459f41-7319-4fa8-8d52-b1edeb0f7e0c	992
ec53706c-07e7-414a-b1d8-a911113b1c0f	791
ec55870e-f725-49e1-acc3-dc39a33b8c4f	779
ec5c165b-3e80-42bc-9baf-2e584dab2d0f	989
ec5d9299-a478-47d3-81a5-d2f16ded493d	990
ec602c69-3f2d-46ac-8b33-637134ff8e1c	883
ec6044e8-c335-4d22-a86b-7f7df19de057	787
ec6a6822-3592-4ead-b91c-6eef330e3f99	787
ec6b99cd-3364-4cd8-8a36-4699867476a7	783
ec6fd80b-1cfe-4926-8b0b-5b71db6f3126	1001
ec701fd5-6f5b-4abd-bdc7-74a342a85bfe	786
ec702b05-1416-4d4c-82ee-264562a11de6	777
ec71ce53-9ff3-4472-8404-4d2bfd34b720	988
ec808c72-ef3f-42d9-9d47-77259944f5b1	1000
ec8341b4-3518-4a11-8e1e-f94459f9f64c	991
ec844ca5-86cd-41cd-8c5e-f978a0caf59d	898
ec8d4dfd-9818-463e-8fe1-85c595bf51ba	1000
ec903168-d4c1-4385-bf51-7649c4538d83	985
ec9cf126-8216-4d44-b3a1-dcaebc65f332	785
eca1c571-e335-4d4a-94be-1d3fd62088e6	992
eca4f0e7-cfec-445d-a24f-628dd76d8311	786
ecaeb366-6c77-430e-bace-be89e6da4036	786
ecb0e894-8300-43b8-8b19-0b7c559da42e	985
ecb2f4fe-3fa8-4c99-92cc-6dfb362ba114	982
ecb3d3c6-df63-4317-a290-64fd69737022	1000
ecbd757d-4a9d-42c1-9760-a03dfb01d5d7	771
ecbe9d2d-0603-4463-85f1-085bfb422c78	895
ecc4d79c-4dc7-45e9-a59f-9ac9a8614878	985
ecc93dc6-3729-4978-bce6-c21b218168d0	806
ecca6d96-79ef-4026-81f4-dc41f6e661f1	1002
ecca83c3-cc68-4609-bd74-999d8491fe92	1000
eccaed0d-0727-4c98-b19b-5169c393cb8a	788
ecd34268-230f-49e1-825a-9658ad42b078	908
ecdb3746-2621-48bd-b032-7b70f3adab89	985
ecec47e1-303f-42af-a0bd-8fe6088f177d	997
ecedf90c-b883-4531-83e2-8597601104f6	783
ecf5a180-5287-4df1-9a2b-d272e83d01cd	813
ecfe0b1c-5a9a-4750-bfdd-5fdfb0942cdc	988
ed024c3f-2fdc-453f-8899-92ad448eb2ba	786
ed162640-5a19-4f07-8819-9c27657b31b9	989
ed1aac57-3791-40b5-8604-2d2b7cf1d1ff	783
ed1b2af4-3bd7-4940-bf8e-8005d2a4b120	780
ed1d3d22-f44f-4242-9937-92db97c329df	992
ed24f6fc-9df9-4002-8db0-3c28a2e94b9f	786
ed2f4e12-60d1-456c-8fc1-dd461df7f470	997
ed335ac9-d281-4948-ae25-4046842eb717	988
ed430c5f-5d7f-4ea6-a501-0ce95a04e1ca	887
ed473d7c-7fc9-41db-ad99-6f68c0cec4d4	910
ed4a3849-28fc-4fbd-a9dd-35707736e84b	784
ed4ed496-e591-47c4-a594-7303a482979d	994
ed51166b-030d-438c-a829-1b3974b8eaa4	777
ed57b386-1175-4509-9c4f-21a2169d26bf	788
ed584854-2a12-4cdb-8fec-54c2abc0c21c	980
ed59be2e-ffe5-49e1-8790-5790b1dd620f	983
ed5e4225-e429-4608-a368-1916ef9788fe	785
ed645fb3-1fbf-4493-81a2-22fd0cb4a1bc	991
ed6a7e28-3165-46fb-8a5b-6fbc77cb3ff4	988
ed75e167-e5b3-4b01-88cc-38a9030eb72d	786
ed8a31b7-b885-4f50-bf58-e79ef8d8090d	771
eda84fee-b5ae-4b23-bded-cccfb37aa81f	790
edaa925a-4c84-43dc-a731-ce237cd46eb1	886
edaf795f-01a7-4513-a2ab-e1ee5eda9fae	895
edb5853c-6911-4e19-b9a3-2cf1c7a4d512	978
edb8c0a2-4d51-4f01-8f57-6591dcac0c46	984
edbbc556-f188-4427-8f28-efdc744752dc	785
edbc7732-4028-4f9c-b305-d32a2d4513f6	785
edbda4a1-a583-41ef-8d33-b96dbd1df322	888
edbf8d83-5a3e-4631-9d6e-c78c2b93bc34	890
edc1e664-aaf5-4a40-8a93-2d491cdd60c7	786
edc4a770-c7ba-48ae-ae9f-30867a283ec7	791
edca9cc3-c1fd-4ae9-8b80-03d678496094	784
edcb7f2e-deb0-4e32-90f1-a1b31f17c416	980
edd65313-7424-48f9-981d-1908bf1a7063	784
edd99330-aaaa-4760-a365-52fa0eaf2f85	779
eddd691b-7a3f-4cae-baac-feee133c95fd	980
ede0c348-6c35-46c9-ab4a-f13916a027f5	990
ede4cadb-47e3-4c1c-bbd2-263ad5310486	980
ede5536b-2833-476b-ad25-a1947bc68359	790
edefd445-f01a-46ca-9e3d-1e1ddfcee843	785
edf3863d-313b-4594-a6b4-b9dee6cb1a5b	786
edf3ff1d-23d8-4000-b66b-827d7a7e1634	786
edf5465c-d996-4863-b763-37d72e895bfc	995
ee0b55f1-7e49-434f-af9d-56cdd521cb5f	776
ee0d068f-315d-4d8c-9bbc-51f2275cdfc5	986
ee11ddff-92c1-4945-86be-17f4fd6f8ff1	988
ee12f4e7-db1a-4211-889a-c433630121a0	990
ee150a57-b8d6-44ad-b1ad-602158dbdfea	889
ee150e15-82f0-4d09-b169-4129ab401fd3	972
ee168a8f-d98d-41bd-8a03-57ac04c93c9f	895
ee1a9570-c86a-4486-95fd-02f92038fac4	959
ee1b8e69-4fd3-4097-930d-916f9ea6c15f	776
ee2b81d2-f626-4ccb-911b-ae9492570030	991
ee2d8c66-9fc9-4ccb-9a86-a175a4942427	1002
ee304bb6-eaa5-40d2-a238-927db04c5a75	788
ee317458-2356-4a67-8fd7-2e178acf1b75	786
ee3822de-9cd4-4d4f-86f1-23220b72a2db	1000
ee3d6c1b-97ce-4a23-8df2-e79f49c4a845	983
ee45ecb5-f97f-4906-bfa0-06e587fcf5fb	779
ee54dd45-00dd-47b1-b355-e3b3b1f8605b	780
ee564d35-3de2-494f-a38f-83dff0270127	784
ee5f7863-f30f-434d-b444-f6c8ddecd414	993
ee61ef5a-8801-4526-9520-550d3f6488ce	988
ee620697-cb10-4947-abe8-2c26dcb38548	783
ee6f9e39-827d-49a4-b13f-df07684dc88a	804
ee759d61-ce31-4050-987f-095c9d33694e	784
ee77169f-0515-4d58-9787-85ef684c24a2	986
ee7a98b1-24e9-4340-9d1b-082f8a1f2ab9	982
ee846aa4-a7f6-46b0-b4a3-2d3e57591d4a	775
ee84c15a-632c-4412-a802-f4366ce4fe7a	784
ee897c77-f762-40f3-98fb-4163552dc032	999
ee8afb53-8e3c-4f11-bd57-ba8821f4b087	787
ee8eed5c-c592-4aea-a8ed-1d426cefb05b	887
ee900e1b-9786-4c5b-acf9-cf09fcd6f917	788
ee90c474-5e34-460b-bc47-38dc16c68c19	785
ee94c484-88d3-4e3b-90f5-7d9d20d6e2df	995
ee9853f9-6b55-46b3-9a86-1f10d7d6b2c8	891
eeab79f3-7214-4b98-a9ef-c7862a59cdf6	991
eeb4a8f0-05bf-4bea-9bd1-c43b0de28a97	989
eeb780a5-1056-4ada-b25c-8fa68da0ee60	785
eeb91b95-e401-4d00-b7fb-e73ecd8dbaf5	789
eec65aaf-7060-4de1-bee6-99b70246f13c	784
eec832ea-9529-42a0-9418-3b97d4193531	998
eecc7307-a7c9-46eb-806d-8d15ff7703f4	789
eed2d9ca-0ce5-4210-90f7-564445fa2074	863
eed77107-0fd8-4a4a-b790-f6314509f587	788
eedc5085-7f5f-4782-b3ac-62f8e0975408	974
eee25547-6f8b-46e1-8a33-47f7c2424e41	787
eee6bb6c-90b5-458c-afa6-0f49c22b7658	787
eee6fe62-a429-4e1f-93b9-26549f210c04	780
eee76123-a2c6-43e1-bde6-55cd68c83bca	887
eef28b42-3a1d-439f-8e51-692771ad535b	979
eef82f7e-b8e8-4a0c-abe7-734b05fc1bf4	990
ef08a68e-ed85-4577-bb50-4cc324cd9e72	787
ef207b71-53dc-4a54-bcad-af670609c4e9	787
ef217bba-d7df-4b0d-b820-34f662d4d98f	785
ef255903-9627-4a10-a58f-e17b942bd060	973
ef27e3e5-9598-4119-a54a-5b4e35c5f946	981
ef2db79f-2654-4b01-844f-1d12cc2f7eb3	791
ef2ee81c-989d-48b3-8f94-9622fc61afce	786
ef346948-ee2e-42f6-97c5-9ee0fb25bf03	985
ef394bdc-3dc9-4415-bae7-18246fbc822f	982
ef4b9ef1-3eeb-4df8-8b39-b37cddbcf977	891
ef5387cb-4694-4b2f-a2d2-30a10473a76f	780
ef5918c7-a24f-4510-876e-6eced5486ccd	987
ef59761e-b214-4a96-93c3-855b961f3e8e	789
ef59d26f-53e4-47fa-a774-992241e9f4d3	988
ef5ea250-a43d-40a7-9249-d82ecbdc0b63	983
ef64e2de-5f84-4d26-ab42-a8c138bb3a99	988
ef739161-807f-4f48-a2c6-509ecdc460c4	783
ef8c051b-b2f7-49f2-a30e-61e397ff5720	790
ef8ed41b-7c94-4f87-8424-60a0761d1e28	993
ef93c46e-655c-43c8-81c4-9e1c0f50619d	981
ef985e62-49ff-4bda-a5f9-df80106f4493	986
ef9ff53b-8b80-4e9a-8066-6f85583e57ff	886
efb78e10-3582-4b1a-9659-891533ce5d68	985
efbc1e9d-e3d7-444b-8b4c-53cc4891e382	782
efbe88f2-0c0a-4ccc-b229-26344bb4e8cb	892
efc2b3c4-8157-4d5b-8018-7725853f5d24	792
efc9be1c-0ff6-43d6-b16c-ba8024a24ba3	789
efcae246-0cbe-4ed9-9a40-aa994c52dbbf	782
efd4b049-8569-4e88-8c83-8821b2078c8e	780
efe029ca-5565-498b-a177-5f1fc3ee13b0	985
efea6f2f-22d8-493b-9a24-04e113d9ac52	784
efee7658-1ad9-4480-b649-b8791b02b55c	869
eff29080-a8ec-4523-b7ef-4acd4eb1862a	989
f007b325-64e3-4044-8abb-b91793449c33	992
f008368f-322f-4d35-a5bf-8604c9854d26	990
f008f1d9-76b5-4559-9cff-665040970185	1004
f00cb914-2c9a-4df0-9cf6-11ce29b3b04b	787
f0135718-6069-42d0-859a-a9ae46c8455a	991
f019245f-25c2-424c-a1aa-7171a7572532	994
f0242d90-329a-47dc-bb1b-2fa1e9404dfd	973
f029bd03-f68f-4bda-9cb6-b500cfb3cc63	993
f02d99f1-5b06-4689-90f0-a8499e4719c5	993
f0305278-72a4-4615-affc-d3f166366d6c	991
f0358892-4ebf-45ec-9313-ccd1f95a0e67	977
f0474562-2267-4e80-98fd-0538d8c25ec0	989
f0518daf-8ad0-4bbd-b007-3d42c1b03829	997
f0572fb7-3e3c-4bb7-b61d-84f4e664cfe6	881
f06069d1-60e2-4bfe-8b29-5a5076cade0c	990
f062f9df-8d45-452a-b344-d20443f38124	787
f06a4812-f8b7-4b71-a94f-b29455b1e08a	973
f07511d0-c85c-4c91-8132-01f0ff2b10a5	987
f07caa81-2248-4e1d-ae96-0ff6aa69a35d	984
f0801f8f-3f25-4dee-91e8-f81f31d64063	902
f08188ac-ca7a-4204-bb2d-b4bb3ad4c1ea	1005
f08795c9-d9a6-4c35-b268-b3e5c976e5f0	609
f08ae78f-98be-44ad-92e9-9a5d3ca27947	790
f09691b2-cc75-437e-aa3d-d48b0e70d4ce	781
f0a2867e-74df-4850-abaa-067542ebadd2	789
f0a46ece-aa64-484a-8eb6-044981006898	2015
f0a65117-82ca-4192-bb8d-975856743423	786
f0aa1363-f4e6-4897-8380-b4d09e306d2e	999
f0b15c89-701f-47f1-a96c-e82a0c2f00c5	778
f0b39dce-e7a9-464f-b49d-e868b8b65c3d	994
f0b69aac-30c6-43c2-a1d2-fcc4e36c40d1	996
f0b82c7e-1fd2-401e-88fb-0612be04c64e	997
f0c314a3-376e-4cdc-b811-dc7b9db98618	786
f0caa0f3-fbb5-4403-a8ae-91f54d6ffa28	786
f0de25cc-abc2-47b7-94b2-ff9cbb05760b	986
f0e0f6eb-ea36-478f-bdff-45d4f068d6ec	784
f0e72f8c-17cc-4f1f-9c22-7d8158df92ae	793
f0ef9c44-fe47-4863-ae7a-089672a4c885	787
f0f00e0e-ae03-4f68-8cb2-939231209c82	986
f0f1abd7-23c7-4521-86f7-1c89903a3dcb	781
f0f6f7e3-803e-4134-b646-182661412805	985
f0f76a3d-3f27-4f8b-8e2e-826d33e43b25	990
f104b327-311d-43e1-8481-0354a59e7a19	991
f108ddad-eee6-4e79-811b-dcff61a7e9b2	889
f10dc33b-02f2-471a-acd3-051d4ec3b8f0	976
f1151492-9d47-4291-ba89-31349f42a2f6	782
f11c2873-9d64-4990-b0e2-ade492524b13	997
f11ee34f-ff23-4ba0-a5b9-f83416571382	788
f125b80b-9797-42c9-bc73-aa445e900976	987
f12892c9-800f-46d1-8e08-b580f309963c	699
f12cb6be-e8fc-4f67-a7cb-7f3bfda911b2	809
f136fae6-a626-417c-b5ce-9720b532ef6f	977
f1393968-374e-4e7e-9051-6100fcc46ab1	784
f13bbf75-b7e7-4e36-a224-f6c3f76ad86b	886
f140fc3c-c037-4266-8b60-5d58f3bf6c50	784
f144b8a1-29fb-42d9-a251-5a7d2c3eed75	993
f1459b05-34e5-452c-bb3d-3283301aad58	987
f14610bb-e8f3-4d82-97c6-c37681eb4fa1	1005
f14c8d55-cd64-46a7-ae36-95240b4fbd43	996
f1512cc5-15ea-4694-83d7-11bbd3bba07d	781
f15a38c8-b1db-4695-9522-dbd0d846ffaa	886
f15d285a-5e18-468a-8013-e334cb2bbbdf	990
f15d6c7c-cc97-4909-be6c-66096894c5b3	979
f1605b2e-f4f7-4719-af2b-6430e12e8a3b	988
f161a001-dae4-4fbb-b238-9cf82bc7fec1	888
f163f056-1716-4810-8575-d7f38f6eb836	787
f16f2e42-d0f2-4b0f-964d-e69321c09cf8	782
f1705835-5d32-4ae8-baeb-e17d453a321b	788
f1784f49-0c38-490c-a87a-fb64464980ab	783
f17ca6c5-a446-4958-8c36-36019234e2fe	986
f17f4ffe-0f90-462b-b1fa-e10733c0f9a8	788
f18085c5-7525-40f3-afd1-8dbb01eb9ac2	790
f181e4b4-5205-441d-bdb9-49110079a465	985
f1863cd0-478b-48fb-adec-84007735bced	977
f1989699-0dd2-4016-9dc6-cadd44e1688d	998
f19f15bf-3139-481d-b473-93ab2f9874e5	776
f1a4511d-88fd-454e-a99e-efd922d3581c	778
f1b63bc1-27b4-40d5-98b1-c319a303a52b	985
f1cde4a3-42f0-4e72-a050-75e50d08a884	784
f1d18840-cda5-4d0a-aa18-4429562b6c3b	995
f1d7c7a7-2c31-4416-a28f-244cadc77a04	837
f1db32f3-34b6-4dd9-ab71-1962c02f4714	979
f1dbde0f-1250-4463-ad57-00dba97112e2	773
f1eadac0-72c3-4cc1-bfd6-1c2affee9232	781
f1f0db8d-b855-4b16-aa91-27cdff0fd096	784
f1fb32a5-7831-4f65-9dae-ae5d20224f95	810
f1fc056c-0a64-4256-89e7-2bbd6301c2db	785
f1ff19cd-761e-4d0a-ae90-e5991542f695	1002
f1ff5ece-e5b7-42e8-b491-ca227743bbc1	790
f206ae6f-8233-4126-b273-757b876b337b	788
f209661e-6f16-41e9-b7bb-409b2e3d4488	774
f214e078-11a7-4972-b615-07409f2af4a7	993
f2173e63-86d8-4bbd-81b4-b6fd7e95c2da	779
f21a8ea6-c8dc-4e55-b8ca-e4b1542db4fc	779
f2285f32-97d2-4080-b1b8-c21ba1426b7c	981
f2287b17-97f9-4636-aa56-da42f4e9015b	1003
f22f908e-76fd-43b9-bf8e-e820e368f9cc	888
f232ee05-3bbd-4394-9646-54bdd26952e1	806
f23aa843-e9c4-4d13-80d3-e32c2ec787c4	812
f23bb365-b57d-4cf7-b886-8890f5f33cb3	999
f24f68ca-37e1-46df-abf5-902b2dcf168d	978
f252f052-758f-4173-987e-222df4b86843	968
f25823db-2071-4175-9705-2503df5a8c88	787
f26adeb6-0f60-4bda-9362-2afc8544ea33	781
f26e0119-963c-49cd-b886-33c78672bf9e	787
f2711dac-9e9b-4f4f-8fe8-4c09a49de3c4	993
f27c22f9-7e94-4197-837f-58f8657a1bb7	996
f2841103-84f0-4dfc-b61c-a774cdf71356	995
f284e313-f3ef-4ebf-9260-7b01c4031fac	1002
f2886e0e-1c44-41e4-880f-c45614e59106	982
f2937a5d-2707-4d0b-a095-3943a7d962c1	818
f2954094-1f97-44ff-bee2-1d136f090a1e	784
f2975384-8002-49dd-b223-bfe365d89063	775
f29c7b22-9de4-409b-864d-cd97ec336115	979
f2a12e41-57cf-4e58-8467-6d1657d35c59	987
f2ace04b-7015-44d4-a1c2-91c15e19aaa2	886
f2b1c7db-d10c-478c-b9b8-638340462b0f	785
f2bb13f3-ac75-490f-b810-cb35ee7ab51a	788
f2bb70f6-472c-4cfc-b488-a314a99a3478	983
f2bbcf1f-7863-451a-a8c0-24984c8abee1	981
f2c14f2c-cd78-47a8-9d7e-6ea1a2165fe0	981
f2cdbc5f-bdc7-49e7-a091-7fcb8846365b	894
f2d0043b-a826-40fd-ac4b-8264babf0f63	994
f2d5c91a-75c7-4ec7-85f5-c0631c640adf	788
f2e11054-b31c-495f-be40-5e29c82e2bc4	774
f2f4da29-5221-403a-be80-528c7d4f7998	811
f2f670ac-fa1e-4e53-9612-28689f956109	789
f2ff5148-5c3c-4a05-8192-8e4c6a500ad3	996
f302b406-e661-4f1c-96fe-94d59bbb8c8c	987
f30b93ae-2990-4f98-9e63-62c93ebc2dcc	784
f31624ac-9381-4187-94ee-246980086db6	918
f3223716-416d-44c2-94c7-3571091a6590	778
f32340b6-e024-4886-9beb-78d5d8b3c6e2	786
f32fb70c-f5c5-48d5-b1b5-216afb5b4ba7	992
f331cb10-645d-4d45-93ca-b15640c32d86	783
f33ba8b3-568c-44c4-b199-631f6951de77	776
f33bcf34-9373-4128-96e6-57cd8af8426e	785
f33e2402-a060-4190-a8d3-e310de4890ec	891
f34055e9-ece4-468f-870b-873b85663355	787
f346902e-6507-4626-8fd2-78f7c252706a	782
f35c289e-556e-47b6-a2c4-1ca354b7902e	782
f35ccfa3-630c-4e67-9314-5032da246f4b	788
f3617185-acd3-46e6-ad7a-3f5c6eefeffe	827
f3633748-3736-4030-a033-d3ad78f53037	830
f36928d9-1d7f-41e6-abf2-304137d6cb4f	997
f38b43b6-ca12-447e-931f-975d2fb14032	990
f39246d2-7c60-4e62-8ef2-ecad441a0f0d	884
f39584dd-0287-4069-9e13-ce75676d23ba	770
f3986b16-5a70-486f-be5e-a84c99a2330b	778
f3a1cd20-52e8-4e57-8dfa-2b6dfe71a223	778
f3a2ea23-3bdd-4124-924a-e3db1d159c12	780
f3a4b308-36a2-4dd2-9332-4f9a79d3980b	785
f3a6225e-d5f8-421e-9c1a-24cb900733b4	788
f3a62c1c-f1c7-41f4-9a7e-274747556f54	978
f3a8a8f9-21f7-41f9-9c98-1613a8bf9df8	883
f3aa89c2-4e0c-49e0-afcf-10e98a114652	786
f3ad0c22-e33c-43dc-9c36-25f416fbeca4	983
f3afe8ea-53d4-434c-af5e-c0f856b38a35	992
f3b1c565-e905-4999-bb35-99aa7168f2a4	628
f3b5b47e-620e-4139-99e6-8c32eddafad7	1003
f3ba8378-c88e-4929-a82f-e8e7e85f0a27	786
f3c4b9c2-e395-4165-8270-f4826f958f77	985
f3ceb516-e91d-4097-ae4a-2ba3a329656d	859
f3d4db41-dff4-4b14-a9d8-c65e6604553d	1003
f3e4dfb1-1d41-4d6d-b3b4-157bc08fedeb	792
f3e58b6c-4b15-4776-ada1-1573a2b990e1	2006
f3e7224e-65bd-4c66-850f-9c72ec71ca76	781
f3ea3ee1-0fca-44f3-96d6-f0fb37408a64	999
f3ed548f-3936-4016-84c6-76fdf2a207e7	985
f3eea3cf-587f-4e55-bf9c-5e22ada46377	991
f3f09737-cfb5-477d-83e9-5ea5e35a2533	987
f3f31e55-c499-4f6c-b8ef-89be3e849ca0	988
f3f47a5b-f0cd-45f2-a9b2-7ae099907ddc	781
f3f71a1f-22f1-4825-b5df-e76a2f8ef80d	784
f3fea9dd-7e85-4070-891b-912f876dd31c	782
f403b3d3-09a0-4101-9749-d547abf59626	786
f410c205-8791-4ef0-9307-862f2b3dcb94	977
f413d99a-0f5d-46dd-8b1a-85364a72b1fd	784
f415d7e1-aadc-473e-9229-71abdcb30b83	992
f416db71-46b9-4340-a123-c7c953bf4326	989
f4265544-8bce-4f5a-9fc3-d3df7017044c	781
f4289188-7722-4f1b-989d-c9704d06a638	999
f42c2212-2052-4f5c-b439-6fb6e23e01c8	978
f439c095-87c3-4fd2-8d2e-569ea8961a74	796
f43f240d-112f-4323-a0c7-0c631f82380b	787
f4450825-5ecb-444b-97e1-da4c395cb4dc	789
f4465405-0339-485e-a32c-fad944fe4bca	846
f44f8e0a-a0ee-444a-ac98-099876ce74e5	1002
f455011b-5715-4671-8fd6-3371176a6512	983
f456d6a6-64b8-4950-82bc-ba8602f7008d	784
f458b464-ef0b-49f4-8e24-397765c881ff	986
f46e7293-a7ea-4faf-acdf-eacaaf49b3b7	844
f4714c07-563b-440b-8cf3-e171335d5f11	992
f4767b60-b52b-469a-b40e-7f78cb86aa55	777
f47a7b52-b08a-4f2a-a2a0-6aca0f38d728	784
f47cbab3-31af-43cd-bd7d-08a228a91115	882
f484fff9-f7a6-4671-8b34-7788e75c7bee	993
f49deed0-1d17-4670-ace3-000cd0bad064	977
f4a5d149-1580-4daf-a1cb-d01d7f733192	985
f4a86f6b-d5e5-4ed2-a532-52f1d0542a89	1003
f4bd3e47-4ff7-4578-9edf-f5a75b79df9b	997
f4cf37c4-6108-4098-bed7-4d35af7da076	790
f4d04fde-b27e-473e-8ea5-cc28a6e8322c	976
f4d3943c-edf9-4bdb-9d93-8f6309e0d1d2	895
f4d997ac-bad6-4071-9000-0b42a8b603e2	990
f4daa824-b13f-4ed5-9324-83d040f4d65d	982
f4dd03b8-fad7-4fa6-92a9-386c00423383	983
f4ee8b00-5622-49b3-8985-055fa92e6414	998
f4f4461e-6eeb-4d00-937a-860c45fc4f6b	1000
f4f47af9-1d66-4db3-9e68-f385796d9ada	787
f4f9ca5a-3a00-48c1-a9e4-0567faa39802	789
f5054d97-1c29-49f3-8ce8-4e158cc75b15	787
f505bad2-ee05-45fd-831f-75e483af5065	978
f5070a7c-b5ca-4bce-9d38-05176e4cc391	791
f5083110-6451-4fad-9fbe-0899c20f519a	981
f50ad7bb-6f39-44d3-a985-9697efa337d0	787
f50b3e96-52cb-47b4-8472-fef99990af70	990
f50bf6f5-a970-4aa6-83df-7644b0a1aee7	787
f50df7e1-3ffb-4bb0-b7c5-b52b4ef181f6	782
f51107e6-55d4-48ec-82da-62a73b0b5f03	984
f51b20b2-1f03-4ee0-9daf-e0c814bc26be	775
f51b32c6-dc69-4875-9f16-baed89b9ed62	991
f51c8b1a-94d8-49e4-8b05-606756698e22	788
f51f1e2c-63b0-413b-b7d7-03d675688729	912
f51f23f5-bbfe-4988-8b51-9aae839eccbd	599
f5225d4c-fdae-46dd-bcb6-8473953b1218	773
f52b6ebb-0ab3-47fb-b2ea-931bcdfb017f	787
f5347fe5-c1fa-4d21-bf19-e943430a9827	991
f53ba3ae-5e1f-4cf2-acb7-ea0fc226055e	965
f53f402b-3bc2-4cbe-a122-6e2ed6227f73	981
f5415e89-ca53-4a67-963e-23cc8f1fb888	785
f546f1e2-3600-49b9-b479-119fc6694ea0	888
f552e34c-ab46-42ff-b8d6-9e446d106aae	782
f55a4149-6304-4602-8029-466d298b7cc1	984
f56313aa-df93-4dbc-9610-a871ab51bb5b	893
f56ad669-42fb-480f-8c99-ec24adf10093	987
f56bac71-3322-48c9-9cf7-ad2a4040cf02	784
f56ce738-fd40-49bd-adf3-34be87f68ac3	1269
f5711c48-f0f5-4cca-a9a3-13c89b384c94	991
f581209b-d429-405e-9bea-134d128fac96	783
f5825bda-02d2-4f15-8ae0-9752b074af2d	821
f58688a7-62c0-4b6b-b6ed-f5d07d2aeff9	823
f58979f4-7e97-4a46-a375-784aca834caf	1216
f58dcb99-20b0-43b2-938f-af134da4a241	770
f58f6a2e-f904-4c5a-a703-a8adeb6492a3	992
f5903a0c-c368-4667-b4f6-c3c210152fd4	913
f597441c-87e7-441e-b829-32783b01105c	785
f59b46b4-56cc-4da4-811a-c3ce92c87f79	783
f59dc285-60da-4d00-932e-a798351d188d	996
f5a07672-a074-4581-bce0-4358beaebb2d	1026
f5b80a1b-8e2c-4cdc-ba49-59dcc0401466	784
f5b8fc52-c596-4af6-a980-7860b0ed3b3c	786
f5c032e5-0513-409e-9917-81fcd915e839	783
f5c58630-bd2b-464a-a2f6-04145b7909ac	998
f5c63b7f-4ee9-4a6d-9347-76ad197cb386	776
f5ca1573-d016-4b07-a53b-2993a4ed18e4	1831
f5d109fb-c8bb-4876-93af-edf389e9a1f4	896
f5d5ee30-0010-4ac4-894d-ff20c218adef	786
f5daa931-4d30-4b28-a9bb-a0c63c514839	756
f5e8edc2-8197-4b78-984d-43e30d227b3e	789
f5ec97fd-7b00-4251-8781-6c324e679bcc	786
f5ed8ff7-771d-47ae-bfd5-912d88882ce0	993
f5ef48ae-4b33-43ad-a59a-9b767d6b7089	894
f5f32cef-df86-4985-900c-a536ae4f3d07	793
f5fcde1b-cf14-4843-a5f5-ed62a1f78a21	992
f60056c3-8989-43e1-b829-34125e6d94be	975
f60ed38a-70d5-4989-81e1-0f5235e5bd2f	785
f6163372-7140-4fa7-be23-db33c60df2c5	966
f61da39f-0e6d-4d47-9d6f-33a7a8c271ed	915
f6213670-eb19-4cc1-96a3-59162f5457b2	994
f6353a7e-552d-4ca7-bf9f-4b6da8ae9565	785
f6362456-ab6e-4121-adde-7eb1c6761659	983
f6376ac1-2e4d-4a0d-b519-c5ea6109f74c	998
f639fd24-c9a1-4fd7-9864-f74435df55e0	896
f64253bd-09b9-47e0-a394-b34961dbe49b	816
f642c81f-b11c-4f3a-9d85-13394bce3bfb	977
f65b0f70-0377-4090-9d4b-0a8dbf818a5b	982
f65b73d6-3cc8-423c-8eb9-11c280026fee	788
f6686024-e204-4d81-87de-cc7b531c4c0b	783
f66faf08-9f4e-4234-b825-0ceb1e698163	986
f68510ad-44fc-412f-8dc3-8615401c0ab6	786
f68a26af-8af3-421c-b1d4-14b01efb41b2	788
f6907594-1e3c-4198-95d5-7c8dc8e42227	886
f691471a-bca2-44c2-b1e5-d16af52be026	786
f696e010-b881-4999-b5a4-576d23998ebc	785
f69750bf-2173-48a6-91b6-06196d2ab566	968
f699d4d3-d926-40d9-8e6d-29de682ce84c	785
f6a0138e-288d-4650-9b71-a8729daa3bc9	778
f6a01bec-b400-4db0-b949-e329681cdc41	891
f6a9bf75-423f-4786-b386-18c5dcb0d44e	781
f6ca1117-bc8c-47f7-a71b-4992c4fd23db	785
f6ce23d1-77cc-445c-b4eb-7ca7b1c17ff1	989
f6ce8bd8-e475-4fe2-828b-a73f5d6d6ddf	992
f6cec1b2-d3b4-4e26-9384-7383dc04330b	890
f6d3f846-e0eb-4cfe-bf72-ecf751b31d98	787
f6d99860-8f6e-49cc-9642-50a11806f7f3	782
f6dc285b-2273-4677-9256-d79d91036090	786
f6e78fdf-1639-4263-9047-e7a623ff4fae	985
f6fe3a23-b6cb-431a-b889-02f38a2e85a8	988
f700cc81-b65c-4085-af3f-acd0d7710b9f	784
f7051937-1d74-4fb3-b799-e8d967c93f0e	986
f70829c4-aa4f-47ae-82be-249d271f5627	986
f7147518-5154-4902-ba9f-dfe8f149b813	991
f715b125-1a9f-4007-82eb-832f71752012	994
f7270bc5-6795-4278-bf18-04dcd234f514	876
f7291a5b-2d78-4c57-bac2-0693b6088c8c	971
f72c4931-a0fc-4389-b7f0-af5400c9fcc7	775
f72e15de-ad61-4ef4-85ef-9735500425b2	985
f7309890-c55b-466e-96e6-e6e17d7224bc	990
f73696fd-64d2-4130-b2bd-f61e545aafa5	786
f73e9360-dae1-4abf-8106-90669f5feacb	783
f73f08bb-3f21-4333-a6dd-1d2c3b69ee84	781
f7477162-c883-4093-8e01-47957486e6d9	781
f7494043-d409-482c-afae-397691eefd16	785
f74a277e-36c0-4ac5-82ff-c165b870e70f	786
f7522ad1-0ca2-4732-9fc0-0517703afb83	883
f75725aa-d4e4-4599-8563-d4ef3ff30f2a	987
f75767b1-443f-4ed2-bb4e-109904f65333	816
f7592686-46ca-419e-8f99-a63e0ed81df0	780
f75b4f1c-9c93-4e59-9c81-9c8ec4f3435d	982
f76101bb-181a-40ba-b3c5-4f95a279f459	988
f7613fb7-3b95-401b-978f-305ae9ccfd22	992
f7635381-b91a-4ffd-aaa1-f5360cff9e6c	784
f763a2d9-ee72-4bbc-afac-3f0bee7cdd14	785
f7663b7e-cb03-4d3c-aff1-dbac863b5dfa	984
f768b6ab-82a2-4dc2-a9f3-e4b1dea36466	787
f76a32ff-c6cd-48a1-944f-92143a210236	976
f76e653e-7fc2-4dd7-88f9-84dcdfb8e78c	993
f7760e0a-2b1e-4d68-9648-1026676feb0d	783
f783c997-d522-4bd2-a16d-d87cd22a9a38	785
f7892250-ccf9-4527-83b7-8f661e3711c8	782
f78ed5b5-3cf8-450a-99d2-77bbfe039dcd	996
f78f5029-db4a-4ef5-9c53-42f92eef0978	785
f79556ea-23d6-4bbf-a606-78482718a806	786
f7966514-12c6-496e-902a-c7c5ff8e3017	784
f79736cf-b129-4391-9db1-b80a5d1176d4	1003
f7984953-301d-4cb8-a943-7c30a64f4c44	787
f79aac3d-2b16-4a83-96ba-f38b57211fd7	991
f7a09a28-b075-4910-8119-a60755a61fca	982
f7a49eb9-93b3-41c9-9063-7cb73cf70b9d	789
f7b011ac-1168-411e-a031-8800a07e37f4	982
f7b27862-862b-4e23-bbb1-8d941b553b4e	998
f7b9ec17-ceba-4a24-b8b8-71d27efaf2b7	786
f7bf5692-8db4-493c-9c66-540a59859759	998
f7c1b5c0-218f-4eb4-9961-143295210347	902
f7c291d5-292f-4a54-ad59-813ca6189d55	649
f7d31c83-dd35-423a-bd11-4455f3cb7fbd	1000
f7dd48cc-5686-4536-b537-44fe31e5c68f	978
f7de7e21-7d62-44ef-bd95-ece83c23da4f	979
f7e18c72-f0b9-496e-a117-68f43c2773fc	984
f7e60423-8bc8-4003-9099-b33478f494f2	985
f7e677af-758e-4943-a792-c13bdf2a5b1b	996
f7e8c13e-35e4-45be-b87f-a5593537bad5	908
f7f73650-2b38-4883-8f15-dedd4d8311ec	889
f7fa1b19-95b7-4863-ac31-29f83a96ff2c	978
f80ad567-2ff4-46f3-bc6b-3e7824680c24	784
f80ee92a-1c5f-454f-83da-67d1f3183c98	1000
f8113e10-13fc-4d54-b533-5ab90d218e6f	978
f8187db7-6f7c-49f7-9303-3353b39c12f7	787
f81a262d-cb2d-4795-b064-d845a77a6177	973
f821f2cf-e45c-4085-a9ce-0d82612be4e6	786
f827107c-2e5f-41c2-93a6-f1dc4a4a5080	989
f828063d-60cb-4f32-a1f8-97610f429642	998
f8280f9b-6008-4db7-a3b2-140bb75bb08f	790
f8303995-637f-4eae-ac5d-6e6fbe7770d4	989
f8353991-cd5c-43c3-9bb7-0c3716c97600	983
f83a74fd-23be-4eb9-96d1-c978b329cc65	787
f83eae32-09b9-4668-afe6-f3e714096b02	1999
f846e3c7-63d4-45a3-b480-c0cf404a335e	786
f84bf79d-563f-429b-9ac7-a572c73e9bed	992
f84eae79-76cd-4d16-97eb-00d432f472c6	788
f85341f7-a1bb-4466-927f-3786e308b1b7	1009
f85583c6-6a90-4cb7-aaa1-a87ee660aa96	888
f8565a73-fdf3-4486-b17e-568e7fa3a6dd	892
f8578997-dd21-4a24-a054-92c2b765bd6b	795
f85b1dac-dd4b-4331-b954-3848ca8f5ec9	787
f85be84c-c46f-49b1-95a6-f9325d775849	788
f85e623d-2c08-4471-a565-cd94ac7f890d	1080
f85f903e-daa3-44ed-a870-c1becc141c14	781
f86ac62c-65e6-4497-8961-1f0409b67ee9	786
f8797089-f864-4614-bebb-3171b83bd8c0	784
f883c805-6f1e-4968-a22a-9f8212c59f5e	780
f884c4f4-bbd9-4ea5-8488-b34f9ed03ac6	924
f8885328-12ed-48c7-bf79-3a006ceff70d	786
f88d7a20-ded2-40e9-858d-47aa30885167	783
f890ddd7-5511-497e-bf00-506b4b08e53a	771
f893cf4f-bc8e-4c0a-9ada-4b76a8d3b561	889
f8986065-201e-44a0-a89e-f9632f5e14d4	784
f89e3a4a-7e7c-4d1f-8578-64e5444b1c47	999
f89f36e2-b171-492a-bb67-3eb2657d274d	782
f8a221b7-b11d-45d4-942f-cfaddcacbb77	984
f8a8488a-6204-4abd-ad3c-e37a43f7d353	994
f8a88ac2-c0e5-46c1-a149-fcfded8e4079	974
f8a9e170-cc67-4694-adcd-8dda06023133	786
f8c393a1-c330-46de-b915-4ded5b4622d5	782
f8cae5dd-e12c-4264-b1d3-a294ec1259ff	786
f8cf2c0e-6eef-46fd-aef7-f0de8f611cb8	784
f8d0047e-71f5-4569-b567-ebc2ea950c15	787
f8d2fcae-50e1-402a-bb7f-9ed93bf04f46	1528
f8e22780-efaa-4aa9-9b45-ed370bfc7247	986
f8e2c728-1b41-4327-8ea0-d3bd2649ff7b	990
f8ee1854-0147-447e-be00-9199b135b473	995
f8f2775d-de2b-4a65-a42d-deef75ecd982	898
f905cb45-509b-47b9-afa1-e0278644a5a9	887
f907840f-a1cd-4f8c-af2d-8e7d850c5e22	877
f9192ca1-f3b2-4b09-a0ee-29eb7fcef792	995
f92539c9-c589-414a-bc88-312af9ff62e6	774
f92963f8-be83-4752-9d0c-e4dd1615885a	789
f930a4eb-821e-4ccd-b256-43ebd101e1a9	973
f932962d-7f8c-47a2-9e2e-c07229a3880e	991
f934bbf5-71cd-469c-bcd9-49cdd53e2822	999
f9372dc1-e49c-4105-82b4-c61f2be9d25a	989
f938ddf6-bdf6-4611-bcc2-edc54b09994a	892
f93a0774-e149-4b59-be26-8d6c33f91d3f	777
f93a6140-044a-4aa4-b8e9-ab005123be22	782
f94d6c93-3128-476f-99c0-2f843581c035	788
f95371ab-68fe-4bfc-9def-a0864a88f54e	782
f956e602-0f9c-4563-bbf1-af525e308973	968
f95eca41-d4d2-47bd-b7ed-91289ae5aad5	783
f964f213-d790-4613-aeb9-758558388f7e	787
f971e02f-c612-4b0c-8b43-20a7e27a5cae	993
f9734494-139c-4daf-951f-bb1cf7e4f930	1000
f9764378-6ea4-4d1d-ab59-06638a30bb9c	986
f979c472-aab4-4f3a-982b-f357b4e8427a	785
f97cf25f-80cd-40f0-a695-1d61793e86fc	1005
f97f5e62-25ec-4018-96bd-93ec0440200d	987
f98028c0-0039-4f9d-98f4-e29199f79ae4	788
f9937460-686a-4428-af85-b04fbe37bee0	993
f9993156-f95c-47a1-8932-95781ad0a23c	887
f99a361e-fe9b-4823-8eeb-67a381ae3714	781
f99a8c0e-83c8-4b38-bfad-42cd0caa9d9b	780
f99ab7f6-e972-446e-adf3-d47358bc3bbb	785
f9a00ab1-3a26-4b4f-ba25-da66b981376e	781
f9a22633-48c2-4ee9-8305-109fb17b3837	969
f9a4651e-f326-4f35-b962-4b19cb9baaf3	781
f9a9b4f4-40c1-42a8-b681-690284ef662b	785
f9b46367-94db-444a-adc0-f46446f07b32	983
f9b8147f-976a-4a08-af70-fe68ad169b4f	980
f9c217c4-bc21-4702-a0de-35a7b9753050	996
f9d0aca4-e7ca-4dc7-947c-7eb1acd963c2	785
f9d0c162-c706-439a-830f-c2dc66a2e626	775
f9d23705-1cd7-4082-bbad-f18973449367	983
f9d8397c-5038-40a7-b5c1-daf9500f7839	980
f9dad8cc-22e3-4c43-be60-652c54bf72ed	897
f9e324cd-ad1c-42b2-b94c-efc20ff77cd8	892
f9e45872-46f9-4efa-ab5d-50fa54b74e91	904
f9ed09c5-541f-4b80-9e03-e4271244ca31	1002
f9f5ab60-1086-4fc3-a8ef-6b543800df31	779
f9fb52a8-a321-432b-b07e-9c0bc1d55d85	785
f9fe23fb-165f-4ac1-b358-91dc5202e822	891
fa0724fe-e0d6-4104-b887-063696480d6d	1005
fa237617-5a58-494f-905e-f8cf50cf083e	979
fa2f296d-7dcf-40c6-b590-7e5f83c677f7	785
fa3458f3-bdc8-4feb-b8eb-2052ca38b181	779
fa39b50d-28b5-4d13-89d7-afd114e767f6	787
fa3b5613-45ee-431a-af02-4f6441d4fab8	990
fa3b7eee-59da-4e94-b844-508819c5701d	780
fa3cce3a-0729-43eb-8e35-5454af3e2f8e	1000
fa42b78e-de53-484b-8573-cb2395f50a3d	988
fa442dbb-a6b0-491b-b654-2e0110f2ddef	787
fa46eb01-6041-41b8-808e-5e63b6786ac4	972
fa474090-95ac-4ee1-b87a-ee0a8cd2f578	779
fa55fdd6-1325-4cf4-865c-9161dd79aeeb	984
fa563806-9f8b-4343-854d-e064e509d705	1989
fa59257a-3729-4faf-b555-c31afd510afd	994
fa5c4c6a-e101-4110-b1e6-f07193a4c55a	788
fa6f274c-03dc-4a7d-bf11-c284cf641e24	776
fa72c7e7-97eb-40f3-ae87-b137ef7756b3	988
fa761d2d-f917-4110-920c-4ad30158e779	774
fa76fbe9-4fe1-4636-be17-c6ea270ee2f8	779
fa78e89a-1c1e-47e3-be71-9d6b1b189842	787
fa791a60-ecb4-4635-bc4e-ecc3333e0d46	981
fa7a45e7-4033-447c-84bc-a57e59f6965f	889
fa80cffa-d4b8-4f4e-bfc7-4edab1a007e7	996
fa84d9dd-c0e2-4c1b-811d-0c65e5e56b76	880
fa95da0f-91f9-46d6-811f-1d5b4b33dd12	787
fa95dc8c-6142-47de-80e2-2f079d07cac0	994
fab0a5e9-e9ae-4fe9-9daa-46dbf783baf1	784
fac35463-ba51-4a79-a78e-4b66c1bb8800	994
fac971aa-de0b-482d-baa9-4cb7d1a54df5	786
facc0c54-5666-4156-af43-6b9ef6255dd0	966
fae29ee1-c83c-4171-9903-8a26465a087c	897
fae5e851-6a95-4872-a0a0-5206d04feb02	776
faebe9a0-1e08-4368-af01-89be45294571	1703
faf0e4da-00b9-4843-9e48-b3b9c08b69e2	781
faf41c62-270c-41b9-a744-b5e12bed9cba	1003
faf75fee-7e08-4c0a-8e27-2201469e8f35	887
fafc605f-bd1d-4eb9-a539-e3059a7e5df3	991
fb0f19d9-48de-4949-b22c-2fe468dd9b9f	783
fb107c78-07fc-4796-bd78-bfc6bae48fcd	779
fb143603-51dd-4130-8d4d-4340fa436ac8	790
fb17fffe-41c2-407c-bef6-315d394425f4	986
fb198142-f876-4bc7-96d9-ec8d6aaccabd	997
fb1c2a02-4314-461c-bb54-a3c6092ca6ba	985
fb1c8b3d-7c6e-4d37-8836-4718dbad6e6a	781
fb296208-a1f7-4dc8-b202-a833b0bb2ac1	792
fb2e531e-eed2-4954-8620-002e78eea036	785
fb36a805-5229-44a6-83dd-82bd6b0259f1	964
fb387c1a-c2be-4611-9e93-e5297a086df5	986
fb561d82-d04f-4599-9b0c-c471b166dfd2	780
fb569898-299c-483a-abdf-2905e0bd01fe	775
fb57ad61-3673-439d-839f-1c31c421f705	787
fb6bbb5a-210b-405b-97d2-de57740b13d1	985
fb73b00a-dbf8-448c-ab41-aceebc8b1bee	787
fb778949-f46b-463b-8e13-8cd0c26563f4	784
fb80a47d-7d92-4e54-aeb8-7889d1ea0ce9	786
fb8663e0-c313-4cb8-80ba-fe32011f48d4	794
fb872f13-6eca-4130-83af-fe528fa587df	968
fb8eb673-3f74-413b-b412-54be3ac0d35d	987
fb9f0e6b-1d07-4c9f-bbd7-2b60ec3eba1e	784
fba6ba5d-bffd-4e64-bac9-7fa8651d3b07	784
fba8b837-67f5-4941-a109-59088890ed1d	782
fbb1ade7-43f9-4b3d-ad75-9c45bf2992ad	888
fbb229d2-081c-4621-80ef-e2b58d29db35	789
fbb79273-ceb4-4c4e-a30a-17fa61a9c01d	788
fbba83b3-7b5a-419f-a9ef-b1870d3fd152	987
fbbcecfb-7ef5-4403-bc77-1b7ecc7652a4	889
fbbe1f39-43b5-4b09-b28f-6c7043604b80	991
fbbed415-1a88-434a-b9bb-25462830215d	912
fbc24117-8db5-4a45-80e1-28fe832d04cb	982
fbc85be0-ad6b-45ca-a0d3-4d6e69256b92	989
fbcf5aa0-d7fd-4ee6-9efb-fec64527c987	978
fbd50c6c-04e9-4c86-982c-e0b825114f30	999
fbd5ab20-6b05-4676-a515-24d0e1882976	891
fbda7db7-5740-4ca1-b908-97c3ca2a0057	788
fbe425a0-71e9-416c-a616-a49ab7326fef	985
fbea8810-e32a-449e-b43d-b288c8bb0d1f	967
fbef1ba8-87a2-48a7-8eea-39d315ffd36f	890
fbef9742-2926-4082-ab1a-33c80ed3e7fb	997
fbf6cb55-869e-4914-a3d8-0dcc31db9187	787
fbfa0d1f-522c-484d-892b-b8d20ad176de	785
fbfbbf68-3794-4350-a42b-3837126b5442	987
fbfdfef3-6100-4b22-907a-9a6b82b6e069	791
fbfe64f3-b9c9-4495-acc7-0c1dc8c230f8	787
fc011045-cdee-4856-bf44-e751e8f4d988	994
fc044d89-f93a-4479-80cc-a91b5fbd7fa7	783
fc053d7f-9012-4bcb-bf6d-06a8c4550b52	785
fc15ec99-2e4d-49d9-ab62-1dac9ded9a27	891
fc1adf52-54b2-4f12-8644-d2b7d4ac2d5f	1004
fc1b8ea6-4a7b-483a-9650-085411e0e35b	788
fc1fed0e-0fa7-43ff-9952-c06e0b322e59	787
fc29a6a4-619d-454a-916a-5cc52a39ef79	997
fc2ad7ca-efb9-42e0-9336-a58e4ee7458f	977
fc32c808-5c27-42be-a011-0513e23ffb2c	781
fc365caa-55f2-494f-b70b-c25ba05df826	975
fc3a4cc9-c408-46de-ae12-7155c027dd06	884
fc3da632-94a3-44cc-b944-a21bbe1803fc	980
fc3f5b20-d1be-4b2e-a09c-03382a8ee73a	996
fc464423-60dd-486f-8e53-fb19eaad9ff6	990
fc4fcb50-9515-45e4-866b-8360808df8db	966
fc56bae2-b139-4f44-b9c3-82bb434de774	987
fc5eb3a6-32a8-4642-8d6a-6c8a44efa5c3	929
fc602e4b-2913-41c0-9d5e-d9622392ba49	984
fc6110fe-b140-40e2-969d-9e5c167aeed4	983
fc62cc8a-a030-45ae-888a-ebd05905c849	785
fc67eb73-d1bb-4ff6-aae8-182c5d40c53c	787
fc6ba7b4-8ca8-4836-9bdd-99077de54caa	786
fc6c1cce-45e6-4de6-806c-ca77e5faf7d7	989
fc6e109d-c1fa-4ea2-a6af-46c3af7c783f	899
fc6f462b-499a-4ca7-a1bd-bc529b28eef8	997
fc74ee40-d057-436c-a448-2e724cd347bc	885
fc7bdad7-596c-4115-9ecd-2714b8e65c10	892
fc88db95-3ab1-4e72-942c-9696b6c5c1ac	1003
fc8c0781-449c-4904-906b-fae2c5ce6e93	773
fc94a5e3-f5ca-4d91-8be4-ed3e3af5ee68	812
fca1a78b-01ff-467c-a4c9-4647c4a1d456	783
fcaf7c11-7981-493a-a4ef-9e20ae372afd	782
fcb340f1-89e5-482b-a39d-946831162730	1000
fcb51cdd-3262-4f7d-b345-e17d327a0d44	1003
fcb72ef9-a90c-42eb-92f2-d60ced102135	994
fcb82e50-1eda-46f2-8fec-768be63c7254	786
fcba7a65-ac99-4504-9718-e5428abf151c	998
fcbae297-66ad-401f-8dcd-5c7644f5a930	791
fcbd0926-1a1e-4a37-a9fd-f9a86bf75320	782
fcc43604-04c9-4193-a121-f292b1393d0e	784
fcc58071-ddd1-4e9a-9ba5-872ac77af8ee	785
fcc7baa3-eeeb-4012-a8d3-542f33250d52	1001
fcca4a33-4590-4412-816d-4435dd266b27	1002
fcd642a0-0cf1-441d-a497-0db9ba513e27	785
fce3c794-9e2b-4935-b801-ca9721c51efb	997
fce55fb2-54f5-4217-88eb-c34900242e66	784
fceaa6d1-47a7-4053-8c99-df6de07360c0	992
fceed5f9-32d9-4b26-847a-37d1cd420b41	981
fcfcf026-7393-479e-8610-03452017b3d0	779
fd01c4d0-3e4e-4786-ba37-af682544317d	789
fd0b9967-b267-4928-9d6a-45b0f0eb7030	790
fd1536c9-945a-4e1c-9201-41df97e264c3	782
fd1cc5f1-33de-444c-94ad-3b6c15fe6601	785
fd1eb31e-fc36-4a62-bd32-a118393fa079	787
fd1fbde4-69e9-4c3f-95e2-c684745c6a1d	783
fd22af82-7f5b-4b5a-a004-08d0b524d5ee	787
fd2397d8-3ee4-48d1-b0b3-821a0e91dd7d	816
fd2f5d14-f4a9-4a91-b13c-45ce3558e6ce	981
fd309175-27dd-4695-b476-6bce22ba8c16	785
fd314c84-2174-44de-acfb-52e8f380054c	896
fd3cf53b-cb06-4d11-90f5-f63bfa788257	985
fd40773d-8f40-4228-972c-f5882d784bd6	983
fd49fbb3-efc1-4b4b-af67-9bf0de837144	986
fd50c075-16b2-4763-b1d1-b6d606d1ba50	895
fd514c87-be78-43b0-8e41-38f6e21533cf	991
fd55e1ca-01ef-49fb-b174-d45c83bd44e8	786
fd5725e8-45dc-4d9f-852c-c74a06ee6b47	838
fd5894b0-84d3-4d66-bf03-24d43e6d6f4a	893
fd5a19cc-3398-417a-a6e8-bb017f9b29d7	786
fd652ea8-07ec-47aa-a7f4-bfae1e5c3794	784
fd6a6a73-0c84-4dbd-8f90-7380a2901876	984
fd76c585-9ebe-49e0-820c-b7763f8c6c7d	783
fd7d25e8-39f6-4ee8-a810-d71f24179e14	886
fd80aa57-802d-4687-9414-e9d67bd35101	889
fd81ee8b-1116-493d-9a3f-edea1889b74c	786
fd8ee027-0d18-4df4-980f-928a8bc9a13e	987
fd91a916-9dac-4701-ad11-0bcbe310900b	1908
fda1beef-b6a6-49be-aecb-8159dabb7801	787
fda6bde7-deac-4f3f-81ff-51a7deb239e8	779
fda99110-e5e3-4d30-89e5-3dadf23cb616	781
fdb5457c-4712-4940-b622-085cf0b8a199	784
fdb629fa-ec17-422e-a9c4-449a303cdf8e	787
fdc7faf2-2c1a-477c-85b7-508825464a53	871
fdd095f8-b8be-4e9a-bc98-2eebfe2726c6	988
fdd44fdf-3871-4e69-bdd3-a37aceaac581	788
fdd7cdf1-17ae-44dd-b2a7-7c112815f9b6	814
fdea673f-42da-47e7-810d-3d7496d0ed91	894
fdf5894b-1ddc-4414-a368-ad648c9d9d45	786
fdf6ae6a-fb1a-4571-886c-460576ef0b94	789
fdf759da-88ff-4d24-b6d1-b5cab8aadf96	888
fdfc3c71-057f-4464-acd4-ca7e0ac7398e	769
fdfd5aa5-46bb-4a09-9d4c-92ba3f6eb844	906
fdfdb4d0-8752-416b-a249-c8b86b33c80e	996
fe063111-5b10-44b2-a035-8e59c7eabaf0	786
fe0ff988-2a32-4fbf-a82e-83f619cbf496	787
fe134237-b480-4c4e-92e4-55bdaa932c30	782
fe148492-fe15-474a-8963-af36e46aeb26	988
fe1808cc-4219-4e2a-8266-6b173add1086	793
fe1956d7-1e11-4e80-814f-47080a5a2b0a	787
fe24999b-7270-4bbe-9ab6-8bb45eaaa261	783
fe24dc27-6e94-4a1e-b0ca-364a3588e378	978
fe27d5a2-680c-4b96-9e52-19897e000e51	885
fe2839ee-0c41-4001-9709-89e4f71ed4ff	790
fe28fbdf-4b17-4172-9ee4-cb965fb40054	997
fe378e92-e514-46b2-b1fd-3c90236fd5b0	894
fe3b3735-0803-456e-b3c3-73e8a73d8fd0	990
fe3f9b31-6ebf-4c27-b75c-46758ed6c721	996
fe4da4b6-9981-4fc6-9149-7db99cb229ed	787
fe5098a9-fb4d-4e80-8cb7-9efebe6bc6ed	887
fe558eef-0ae3-4da7-a6dc-52ac0f9ffb48	983
fe64630d-a679-4c86-82d3-b3f591d6feb5	777
fe6584c8-7be3-407f-9a40-40cf20c3137d	787
fe6ff451-ae0f-4529-bab4-0af2e7dc004e	788
fe705b26-507a-4c32-af5f-1d65b44ee5cc	779
fe7b7677-d835-4bca-92c8-7f54a9d221b4	785
fe7c5d09-60c1-4925-b2ef-594521455c03	986
fe836dd6-59b7-4436-94fd-01a65655b790	889
fe890bec-a709-4344-ae7d-7a5e2e1a0531	890
fe8a0c5f-af56-45fc-8691-ef9b6eea9033	1000
fe8b3a3c-ffd7-4926-9544-3fee30b9c181	789
fe8fe8dc-01e8-4320-90b2-7a19db080cad	976
fe93b1ed-f038-4bbb-a307-ef8be7a46b58	890
fe94c722-d0b5-4668-a4d1-6ba618fca541	980
fe964fa3-ff3d-47c4-98d6-ac8b0c0c930d	1267
fe983cd9-2101-4db0-ab23-4d56ee377533	787
fe98dc35-b220-46bb-b0a6-594dffab41be	788
fea0490e-5589-4570-b3dd-b4e1c5be3c78	988
fea1d6a4-0a00-44c6-90c6-3bee7ba44bcd	997
fea2a7c9-231a-479b-bcdd-793c0135dc5b	985
feaa9f05-459d-4ec9-9523-db48dde884b1	877
feb88d74-8744-4c2e-84c8-ee8fa58dd74c	784
feb8b345-2c05-47eb-a58c-9a7d0671da25	780
feb8e588-ec91-48e7-a25c-0a3d5c5b2aab	971
fec0ca87-d436-40e4-849e-f4d26dd1117b	997
fec48e2b-079c-4b17-b7a4-0a257c525d2c	781
fecdc0bc-f23a-4126-b4dc-6981acfd3650	789
fed050b1-8dd3-4ce5-b1af-2c33d76f1846	994
fed901bc-9fa1-4e1d-be95-73a820be46f0	987
fedceff0-6a0c-4a6d-9d50-35fcb5ca98aa	1000
fee3c90c-928f-4b3d-b90d-d6fcfb1dfccf	785
feeae693-1085-43d0-b08c-8b4130e8c452	789
fef10113-18ba-4800-8749-ee02da3e22ab	784
fef54d98-0f46-4ce6-94d9-735915e61cf1	980
fef8bcb2-f173-4624-9c8c-bc4e0fc8cc42	788
fef9efc8-ff5b-4282-8b67-1123de904a09	782
ff01a9b3-ae19-4e5e-b0aa-06f568d9be79	765
ff033dc6-18a8-427e-b9e3-1419dc185aaa	779
ff053b8e-bec0-4694-9b77-b19f07df8182	774
ff06facd-cb10-4969-9d93-cb5fc0f583b5	986
ff0b8bef-f431-46c1-a638-82c983f2a8ff	983
ff15e3fd-b779-4b4e-a5bc-3f7d861ba36f	1214
ff166472-70de-42e4-a226-e61a56075da6	788
ff2de2d3-9563-4e6c-b541-97a68f1a2ff2	779
ff391937-a54f-46e4-97ec-36b646b0fe14	785
ff4793c4-b8ef-413e-9ea9-04df895c42e9	779
ff4e2a57-1ce2-41ff-acb2-aa0a05db2645	989
ff5611ce-1e41-487b-8f83-6a9303605f1b	792
ff568bc4-c833-4c2d-8798-14bbe2eb8288	785
ff5c91ae-5a41-4f61-9ce6-15fe2567ac40	885
ff64f7e9-2761-4632-a405-a2998f1c8551	783
ff6571ff-cc61-43a8-8958-e5b36a8c00ed	990
ff665813-1c08-4229-b53b-cd057bba706f	899
ff6bc63e-0da2-48a1-9d62-923a7fb7c955	986
ff705bf2-ec33-49b3-89a8-ec3f2bb6dbdc	789
ff76188e-7ead-49c7-ae10-ef68da1976a7	782
ff7eef6d-6fb9-4849-a9b3-6bb62d4f03ac	788
ff80e658-8163-473b-8234-4123b6bcd2aa	780
ff8db773-3c46-4326-af50-f05829f578e2	886
ff96ca1a-5704-43ff-8d56-2e7bd18878e9	868
ffa4269c-9149-4392-9aad-bca299043890	787
ffa532ec-da8c-4baa-9168-2faeba35bc94	887
ffa95cc8-8d17-47f2-8561-7a58ef1d040e	784
ffae61bb-c8ed-4857-bbdb-f2e22b2c1118	994
ffb21ebc-0e43-434f-8870-631ca32c61e2	788
ffb698a3-bdc3-41ad-b4f6-791f6eab9668	784
ffb72351-8a07-4f10-81e5-5bcbd6c3c3de	783
ffb97faa-d7d5-43fd-a0df-f575fefd1ec7	786
ffc19cd8-dbe4-4170-8e62-b983dd0f79af	782
ffc384d1-07b1-4ca6-929b-29ed25acff15	816
ffc4c0b8-b039-410c-a64c-3d42348ef7ee	989
ffc75df8-3fd6-43a9-b768-c3f9faf9db8c	988
ffc86bfd-8305-4f2e-a898-e8627d65b6d4	788
ffcd2284-b638-4163-9a77-e7d9bb5218e1	778
ffcdd09c-6b71-44fe-a781-a37a48ffe009	993
ffd49d33-bd3e-4aa4-aafd-e84ca7592488	782
ffd954ca-d1aa-4e14-96d1-81126f0afcdb	992
ffdb8672-73fb-41ea-b04d-e7e29caa4423	786
ffdeae12-b944-4aa0-ab3c-f49bc32f3495	890
ffe0615b-c006-4d08-adee-29c6dbd6f74b	786
ffe09196-43e3-47e0-8929-a4e5f525f009	808
ffe7c9bb-4606-4bfe-8f97-68b8ec819034	786
fff22a95-7988-456d-a31f-e13816eac86b	985
fffa4a33-69c1-4e3a-8e2b-28d35312f4be	992
fffbc26c-be8d-44e5-9cf5-56d5694bc9c6	986
split-by-adapter-left-009f3684-c135-4cdb-8167-1e751b762cbf	787
split-by-adapter-left-00f7f61f-8880-4e00-8900-69ca1bf6167a	781
split-by-adapter-left-042a935a-332b-47f6-97c9-4df89fcdaede	784
split-by-adapter-left-05231b45-f477-4246-b752-7626da54e1c2	784
split-by-adapter-left-05784320-0719-48ff-8d9e-628ac4e99c8d	784
split-by-adapter-left-06376de3-0411-4ad8-8fd5-45f2bbe1ea6a	884
split-by-adapter-left-08db6a60-0f9f-44d1-9c78-c78db94d3f14	780
split-by-adapter-left-08f07011-8d87-4600-9893-62dd5c1a4231	892
split-by-adapter-left-0a5938dc-5cca-4001-943f-3b50cd5717c4	787
split-by-adapter-left-0adbb256-765f-4622-b7e7-efc7052a2303	784
split-by-adapter-left-0bbfd918-88b0-4695-85ae-32678a6f7b4b	787
split-by-adapter-left-0d0ae6f6-4545-4a20-b5e6-681ac1b3bf2e	786
split-by-adapter-left-0d6943a5-f63a-4fcd-812d-6d701a242496	784
split-by-adapter-left-0f20accb-dd66-4ac2-b0ac-fac26e5f290c	890
split-by-adapter-left-0f2fc59e-fdef-4301-8633-40cb21dd5568	786
split-by-adapter-left-11890ac8-c12a-4f68-bf84-1e449bafeafc	782
split-by-adapter-left-12b2a65c-90d5-4ac1-9b82-89ff5bb3981a	787
split-by-adapter-left-17229349-092f-4552-ad98-64126a46faf2	882
split-by-adapter-left-18b2114e-9041-474d-b07c-9c34fc540296	784
split-by-adapter-left-18b57148-a3b0-4bc0-ac60-e6fdbb0498e1	782
split-by-adapter-left-1e5ea3e0-28af-4445-ab3c-ce4e20038742	787
split-by-adapter-left-20cd01a8-652d-4a4c-aeca-6489dd046703	889
split-by-adapter-left-20eaa106-150c-4f55-b01b-dcd46f6e316e	793
split-by-adapter-left-226b58a3-9941-4aa1-8a80-a16f3c612da1	787
split-by-adapter-left-229f3ec3-0ac8-4b3a-a818-ec1bf3423fd6	889
split-by-adapter-left-22cacd9b-d378-4a92-9937-cd4927286e0c	791
split-by-adapter-left-241991fc-72f6-4f1e-8368-c0d758a9578a	785
split-by-adapter-left-2449afa0-b591-48e4-96aa-26b26d111eb3	787
split-by-adapter-left-26168242-7a24-4510-ba2a-220459b9b466	782
split-by-adapter-left-263c71fe-bcbb-49c0-adca-7ee1b317808f	778
split-by-adapter-left-2681f66a-b449-485c-90a3-57b70e2209c9	886
split-by-adapter-left-27562388-e9b9-4912-91c5-1022626f58bf	782
split-by-adapter-left-2d339c73-5ec7-4700-a2ba-a6a63e2be8d3	784
split-by-adapter-left-36257374-ba86-4b50-96cc-1c0782488fe6	784
split-by-adapter-left-39168691-0bd0-4654-a738-880a5322cfa8	779
split-by-adapter-left-3a29eea7-b888-4b08-8350-081a8201583d	1019
split-by-adapter-left-3bb00890-1034-4eda-a4f6-45c3f42f1cc6	782
split-by-adapter-left-3d3b85ef-3d81-4784-94da-00e7105672cf	994
split-by-adapter-left-3fe0d281-a035-41df-a7dd-4d8377181925	781
split-by-adapter-left-40d8ce95-8967-450e-99f0-b4268b4860dc	884
split-by-adapter-left-40e34b57-c5cb-4bfe-88b9-7e9bda0cae13	777
split-by-adapter-left-447d5ff2-daba-43b8-84e8-d1e81a4cc42f	809
split-by-adapter-left-44fe101e-2296-4936-acd8-550fec36dc3f	786
split-by-adapter-left-45ac9231-1e9b-48ba-bae4-108bfdca0c8b	994
split-by-adapter-left-46f9db88-4231-47f0-9a84-60bf23a80691	785
split-by-adapter-left-4a0e0915-ae69-4d6d-957c-f846e328a620	774
split-by-adapter-left-4a31192a-74a2-437b-8770-86bd9cce6813	1007
split-by-adapter-left-4a9097dc-ba94-4f28-98d8-ddde840f6d1f	789
split-by-adapter-left-4c4127ab-25e5-4ed0-afda-275e0cdcd293	789
split-by-adapter-left-4df51ef3-05ff-4d25-82bb-f0de255357f0	789
split-by-adapter-left-50c759db-a321-4501-884e-6b8d734c5937	783
split-by-adapter-left-51e5a8a5-b280-44c8-8423-1258361fb6be	885
split-by-adapter-left-584c7b90-f949-4dcd-8ba7-04ea43ce93a1	1020
split-by-adapter-left-5b839822-85cc-477e-b021-cfe738b9f592	785
split-by-adapter-left-5da3302f-c25f-4094-93c6-5d724fa7e5d1	761
split-by-adapter-left-5ebbf856-5724-4483-9ffd-362416ae96b6	895
split-by-adapter-left-5f2afe39-b8aa-4807-a12b-69cef414b022	792
split-by-adapter-left-6056f77f-afe7-44d4-9ca0-ea9baa3777c1	786
split-by-adapter-left-606e6972-3df3-4f1b-aa36-5fbf9488d628	779
split-by-adapter-left-632a3c9c-fd6f-4e9e-8cfd-75b8e1dbbb48	887
split-by-adapter-left-66365dfc-6883-4394-a3fc-a4c01f33599f	786
split-by-adapter-left-691c4afc-eb5b-4ad5-a6bb-89d3c0951c61	789
split-by-adapter-left-6a49d921-cc00-4194-b13a-8732d69f5d07	787
split-by-adapter-left-6b862487-8978-4ef1-8467-f0c7c3089b17	789
split-by-adapter-left-6cd043f2-255f-466b-972b-04e96f0987af	1018
split-by-adapter-left-7041f332-6ad3-4752-a18e-fbd51d9bb108	779
split-by-adapter-left-73931986-fd7f-4c40-aea9-d5cd3abf8abf	780
split-by-adapter-left-785e0859-af69-454b-9834-4d1743e0dfe5	779
split-by-adapter-left-79a26e88-1f5e-43bb-b712-557503d78a2d	782
split-by-adapter-left-7afd20ff-2c4d-4272-9b80-2102e59704a5	782
split-by-adapter-left-7c9ad18d-6ba1-48ac-b46f-e3b0919b0816	884
split-by-adapter-left-8087256c-e6b4-415b-acfd-906ce3098b30	890
split-by-adapter-left-817d4d05-4bb9-4795-8ae4-8382f5a17c9f	786
split-by-adapter-left-8347fc99-bdf7-4a6a-985a-cec1317d9c13	790
split-by-adapter-left-835ea44d-2829-4f91-a5fe-e61960286e4b	816
split-by-adapter-left-844acb80-04c5-4453-bb30-9cb3f9b2e1c0	780
split-by-adapter-left-84c53f20-22a3-4da7-b686-ec12ba90b774	886
split-by-adapter-left-869c5ee3-478c-4d3a-a821-cba8e5369ec3	785
split-by-adapter-left-870f8e8f-0fdd-4b2a-a2f9-d5d0a51cf7ad	785
split-by-adapter-left-892689ba-7d24-4311-a0a0-741d39eb5ae6	784
split-by-adapter-left-892d389c-6578-49a0-a9bc-e16a41bfc627	887
split-by-adapter-left-89caf1d0-b5a7-4bb2-b204-2777ebdab78b	787
split-by-adapter-left-8b052260-6003-4d8b-9baa-679f22bab99b	882
split-by-adapter-left-8cab9413-1b36-478e-ab4e-86d3b4a1876d	792
split-by-adapter-left-9218e9a1-ee35-439c-a896-d3a3c95492c0	784
split-by-adapter-left-922ec2b0-aefe-4da9-9cd9-2ceed5d474da	990
split-by-adapter-left-93e2a71a-d9f7-4e2f-ba9f-70555d7a38ee	778
split-by-adapter-left-9528e02a-7fbe-4424-986a-47f2722f8596	784
split-by-adapter-left-954e693c-c03a-4691-ab74-842c221d3398	786
split-by-adapter-left-957b683e-3c33-4b27-a8a7-d1ac86c2e1c5	787
split-by-adapter-left-96bd7eac-fb6b-4add-8214-7377287675a8	776
split-by-adapter-left-9bbf9610-2bb4-4fb4-aefe-8e661197335f	1001
split-by-adapter-left-9f2277e8-307f-4a72-9782-407d1ad0448e	1012
split-by-adapter-left-9fd6dba8-9932-4193-bd1e-8846aa493087	780
split-by-adapter-left-a2a3ab20-7bd7-4705-b5f0-4d43c576a61d	1015
split-by-adapter-left-a5a57b73-b31e-43f0-a511-0d8dea48a321	1001
split-by-adapter-left-a65d8407-260d-4836-bc47-3085a475f332	789
split-by-adapter-left-a96a7226-662d-4ead-9974-0cd36f46b746	776
split-by-adapter-left-ab60d1c8-35b2-497b-857b-8a035ddb0a7b	889
split-by-adapter-left-af7ebd36-dc2e-4956-bc9e-03b5c5c7d491	784
split-by-adapter-left-b0a02d6f-da41-4866-8c5f-214ed8fa115f	789
split-by-adapter-left-b5babc28-50cb-4cde-83f9-4b7401be627f	785
split-by-adapter-left-b70729b4-9322-4b4c-bc84-39033efd0a1e	783
split-by-adapter-left-b82a43b0-661b-41b3-8b14-fed69fb9548b	776
split-by-adapter-left-b87bf112-bb62-451e-875f-e2d8e8622c65	787
split-by-adapter-left-b9ac92f1-c3dc-4ac9-9770-1abfc7f77cbc	789
split-by-adapter-left-ba41b1b5-88e0-4011-8b91-1a1b5c31fc4f	787
split-by-adapter-left-bb3267a2-442a-4cbf-882e-c8f08cd1f47e	891
split-by-adapter-left-bd25f121-a582-4882-8d1b-1e5bc3dd0932	787
split-by-adapter-left-bd56a5d1-4762-4acc-aad5-163843be68f4	781
split-by-adapter-left-beede7ac-d373-49c5-8e30-ad5bd9a699e4	784
split-by-adapter-left-bf836e87-dee3-4f96-917d-f9d29fa61d2e	785
split-by-adapter-left-c05e9850-555a-4c2c-85b4-06dfc84dc743	886
split-by-adapter-left-c52b1d5e-86a8-4a19-a297-8b4132485dce	786
split-by-adapter-left-c55e32e4-a0df-4203-94b1-afc09b62386d	892
split-by-adapter-left-c91e43a2-ff34-4fc0-a6ce-8cda31913104	787
split-by-adapter-left-ca620b04-b35a-4955-9e63-19addf5d0cd9	874
split-by-adapter-left-ca71344e-8f71-4f60-aafc-c9416e761620	790
split-by-adapter-left-cbf6736b-4daa-4ce3-a333-7e47e305a529	886
split-by-adapter-left-cc47ef5d-a322-4e59-92a7-ce37b0df6685	788
split-by-adapter-left-cdd52fd6-7760-4d6b-90eb-0aa27d63ab22	784
split-by-adapter-left-cde13520-70e8-4993-984a-889d480ad516	782
split-by-adapter-left-cde67e4f-860a-4a3c-b266-8b3271207af4	785
split-by-adapter-left-ce22ecdd-cca4-4800-820c-f6d9d790a949	780
split-by-adapter-left-cf544477-1806-49d1-afce-57ebd287524c	870
split-by-adapter-left-cf78fef6-057e-465d-8f82-7ac6a724c8dd	886
split-by-adapter-left-d2d3c659-6a05-4e97-be40-98f9b0f842c1	779
split-by-adapter-left-d3adfe4f-0321-431a-b473-c18d4ca03f69	779
split-by-adapter-left-d4767078-43c3-4eb4-9964-c71ccf357e24	782
split-by-adapter-left-d52d66a7-82f7-447b-9a8b-0e3807579d5b	816
split-by-adapter-left-d5dcfead-ab4a-4837-812e-989dd69c7c92	887
split-by-adapter-left-d628bc28-0b48-4cd0-ac4b-383e670ac28f	809
split-by-adapter-left-d71f6650-0cf7-496a-8202-1e10fb5193ba	785
split-by-adapter-left-d771ab99-7e8f-4335-ab58-b55f98137db5	1014
split-by-adapter-left-d7b5b4bc-dad2-4421-85aa-a9411e20a859	787
split-by-adapter-left-d9563eef-ab16-4ae7-bc9f-37da0c747447	787
split-by-adapter-left-da795993-b54a-449e-b7dd-bf807377bb73	785
split-by-adapter-left-dac7e282-dd8d-49ce-9e45-efdae8389355	782
split-by-adapter-left-db690154-58f8-43e5-a6f4-703f16c61261	793
split-by-adapter-left-dc0b7441-ec18-4305-84cc-c797a51d172a	786
split-by-adapter-left-dd2c57f0-03ba-4da2-a28f-cf5efa595676	784
split-by-adapter-left-dd59555d-58f8-4618-9e9d-907311bce274	763
split-by-adapter-left-dd955e80-6bb4-4041-a21f-f55bcf00a989	1018
split-by-adapter-left-e0753175-69d4-4379-a38f-3063863c76a0	787
split-by-adapter-left-e0779bb8-76f3-4887-9537-3f43ce9e78eb	784
split-by-adapter-left-e11035db-c0b5-47f8-8638-7b3d2f4fe4f0	781
split-by-adapter-left-e372ac2d-8ca1-4f09-9e18-e879d99dfdf9	785
split-by-adapter-left-e512e59d-f51e-4f88-84b3-339225b8e4bc	783
split-by-adapter-left-e782ccec-543d-462e-86cc-0cd0a1b22d24	786
split-by-adapter-left-ed161d50-34f3-43e1-b889-26e9214c223c	776
split-by-adapter-left-edbe7269-4551-4a14-aa2c-23fa345b0940	785
split-by-adapter-left-efe5846b-7c9f-4a1b-9f58-aad283ffcbc2	791
split-by-adapter-left-f0a97551-8320-4062-a492-6b3cc495e4bb	785
split-by-adapter-left-f3a0c002-d439-4264-a9f9-5694bf3dea80	783
split-by-adapter-left-f5769dc3-9f1a-4ca1-a2ec-c5c7b2d363d7	783
split-by-adapter-left-f587ae64-4c6f-455a-bb5f-d58519d73d86	1000
split-by-adapter-left-f620047a-57e9-49dc-9180-e06e8ae6dce7	784
split-by-adapter-left-f6b83f34-ea86-44d1-b98b-f551786b89f0	1003
split-by-adapter-left-f7d75fea-ec3b-421d-9c2d-b14a90d0bc75	784
split-by-adapter-left-f9e08b7c-8e1b-4fcb-9b05-ccba53d7bc07	1007
split-by-adapter-left-fa984540-e6f0-46bb-94fd-72262c7fdd91	786
split-by-adapter-left-fbb90094-b732-494e-85d9-62fab33848cc	785
split-by-adapter-left-fbe627bf-bfe4-4a58-ac92-664a12669188	788
split-by-adapter-left-fed10188-e453-4baf-9d06-513e102a3b5e	780
split-by-adapter-left-fef6dd8e-2614-4c7b-8dc8-a53b5ceb467e	1179
split-by-adapter-left-ff3ee32d-430c-4cc5-b44f-ada32d4d32e0	789
split-by-adapter-left-ff63c699-b412-4ee0-845b-fe08100316dd	783
split-by-adapter-left-split-by-adapter-left-83847ec8-c57d-4ec0-a781-33dd00a6374a	786
split-by-adapter-left-split-by-adapter-left-a61bfa45-bd5e-4455-8548-a8b47bcc9dd8	1015
split-by-adapter-left-split-by-adapter-left-b27f7590-8b18-42dc-b060-1c2c3e7e3559	789
split-by-adapter-left-split-by-adapter-left-eb277b23-e907-4b90-a7d5-2c05cbff21cc	1017
split-by-adapter-left-split-by-adapter-right-a61bfa45-bd5e-4455-8548-a8b47bcc9dd8	1010
split-by-adapter-left-split-by-adapter-right-cbf6736b-4daa-4ce3-a333-7e47e305a529	1008
split-by-adapter-left-split-by-adapter-right-d71f6650-0cf7-496a-8202-1e10fb5193ba	784
split-by-adapter-right-00f7f61f-8880-4e00-8900-69ca1bf6167a	881
split-by-adapter-right-05231b45-f477-4246-b752-7626da54e1c2	969
split-by-adapter-right-05784320-0719-48ff-8d9e-628ac4e99c8d	785
split-by-adapter-right-06376de3-0411-4ad8-8fd5-45f2bbe1ea6a	822
split-by-adapter-right-0756f146-e7c6-4ee2-96d9-717d190980ec	887
split-by-adapter-right-08db6a60-0f9f-44d1-9c78-c78db94d3f14	882
split-by-adapter-right-08f07011-8d87-4600-9893-62dd5c1a4231	635
split-by-adapter-right-0a5938dc-5cca-4001-943f-3b50cd5717c4	881
split-by-adapter-right-0adbb256-765f-4622-b7e7-efc7052a2303	950
split-by-adapter-right-0bbfd918-88b0-4695-85ae-32678a6f7b4b	920
split-by-adapter-right-0d0ae6f6-4545-4a20-b5e6-681ac1b3bf2e	910
split-by-adapter-right-0d6943a5-f63a-4fcd-812d-6d701a242496	785
split-by-adapter-right-0f20accb-dd66-4ac2-b0ac-fac26e5f290c	994
split-by-adapter-right-12b2a65c-90d5-4ac1-9b82-89ff5bb3981a	787
split-by-adapter-right-17229349-092f-4552-ad98-64126a46faf2	999
split-by-adapter-right-18b2114e-9041-474d-b07c-9c34fc540296	880
split-by-adapter-right-1e5ea3e0-28af-4445-ab3c-ce4e20038742	775
split-by-adapter-right-20cd01a8-652d-4a4c-aeca-6489dd046703	896
split-by-adapter-right-20eaa106-150c-4f55-b01b-dcd46f6e316e	983
split-by-adapter-right-226b58a3-9941-4aa1-8a80-a16f3c612da1	784
split-by-adapter-right-22cacd9b-d378-4a92-9937-cd4927286e0c	786
split-by-adapter-right-241991fc-72f6-4f1e-8368-c0d758a9578a	980
split-by-adapter-right-2449afa0-b591-48e4-96aa-26b26d111eb3	882
split-by-adapter-right-26168242-7a24-4510-ba2a-220459b9b466	784
split-by-adapter-right-263c71fe-bcbb-49c0-adca-7ee1b317808f	878
split-by-adapter-right-2681f66a-b449-485c-90a3-57b70e2209c9	918
split-by-adapter-right-27562388-e9b9-4912-91c5-1022626f58bf	922
split-by-adapter-right-2d339c73-5ec7-4700-a2ba-a6a63e2be8d3	960
split-by-adapter-right-3a29eea7-b888-4b08-8350-081a8201583d	866
split-by-adapter-right-3fe0d281-a035-41df-a7dd-4d8377181925	881
split-by-adapter-right-447d5ff2-daba-43b8-84e8-d1e81a4cc42f	724
split-by-adapter-right-44fe101e-2296-4936-acd8-550fec36dc3f	956
split-by-adapter-right-45ac9231-1e9b-48ba-bae4-108bfdca0c8b	883
split-by-adapter-right-46f9db88-4231-47f0-9a84-60bf23a80691	921
split-by-adapter-right-4a31192a-74a2-437b-8770-86bd9cce6813	781
split-by-adapter-right-4c4127ab-25e5-4ed0-afda-275e0cdcd293	781
split-by-adapter-right-4df51ef3-05ff-4d25-82bb-f0de255357f0	911
split-by-adapter-right-50c759db-a321-4501-884e-6b8d734c5937	892
split-by-adapter-right-51e5a8a5-b280-44c8-8423-1258361fb6be	871
split-by-adapter-right-584c7b90-f949-4dcd-8ba7-04ea43ce93a1	769
split-by-adapter-right-5ebbf856-5724-4483-9ffd-362416ae96b6	937
split-by-adapter-right-5f2afe39-b8aa-4807-a12b-69cef414b022	787
split-by-adapter-right-632a3c9c-fd6f-4e9e-8cfd-75b8e1dbbb48	987
split-by-adapter-right-66365dfc-6883-4394-a3fc-a4c01f33599f	787
split-by-adapter-right-6a49d921-cc00-4194-b13a-8732d69f5d07	783
split-by-adapter-right-6cd043f2-255f-466b-972b-04e96f0987af	777
split-by-adapter-right-785e0859-af69-454b-9834-4d1743e0dfe5	928
split-by-adapter-right-7afd20ff-2c4d-4272-9b80-2102e59704a5	780
split-by-adapter-right-7c9ad18d-6ba1-48ac-b46f-e3b0919b0816	856
split-by-adapter-right-8087256c-e6b4-415b-acfd-906ce3098b30	995
split-by-adapter-right-817d4d05-4bb9-4795-8ae4-8382f5a17c9f	900
split-by-adapter-right-869c5ee3-478c-4d3a-a821-cba8e5369ec3	983
split-by-adapter-right-870f8e8f-0fdd-4b2a-a2f9-d5d0a51cf7ad	973
split-by-adapter-right-88317e17-1677-4a0b-9eb2-43927abc2d06	786
split-by-adapter-right-892689ba-7d24-4311-a0a0-741d39eb5ae6	971
split-by-adapter-right-892d389c-6578-49a0-a9bc-e16a41bfc627	780
split-by-adapter-right-89caf1d0-b5a7-4bb2-b204-2777ebdab78b	893
split-by-adapter-right-8b052260-6003-4d8b-9baa-679f22bab99b	836
split-by-adapter-right-8cab9413-1b36-478e-ab4e-86d3b4a1876d	791
split-by-adapter-right-8fa7f950-31cd-4d9f-a12b-9dc13e03c282	1000
split-by-adapter-right-9218e9a1-ee35-439c-a896-d3a3c95492c0	783
split-by-adapter-right-93e2a71a-d9f7-4e2f-ba9f-70555d7a38ee	874
split-by-adapter-right-9528e02a-7fbe-4424-986a-47f2722f8596	955
split-by-adapter-right-954e693c-c03a-4691-ab74-842c221d3398	780
split-by-adapter-right-957b683e-3c33-4b27-a8a7-d1ac86c2e1c5	795
split-by-adapter-right-9bbf9610-2bb4-4fb4-aefe-8e661197335f	792
split-by-adapter-right-9f2277e8-307f-4a72-9782-407d1ad0448e	754
split-by-adapter-right-9fd6dba8-9932-4193-bd1e-8846aa493087	952
split-by-adapter-right-a2a3ab20-7bd7-4705-b5f0-4d43c576a61d	761
split-by-adapter-right-a5a57b73-b31e-43f0-a511-0d8dea48a321	772
split-by-adapter-right-a65d8407-260d-4836-bc47-3085a475f332	939
split-by-adapter-right-ab60d1c8-35b2-497b-857b-8a035ddb0a7b	916
split-by-adapter-right-b0a02d6f-da41-4866-8c5f-214ed8fa115f	849
split-by-adapter-right-b5babc28-50cb-4cde-83f9-4b7401be627f	921
split-by-adapter-right-b70729b4-9322-4b4c-bc84-39033efd0a1e	786
split-by-adapter-right-b82a43b0-661b-41b3-8b14-fed69fb9548b	889
split-by-adapter-right-b9ac92f1-c3dc-4ac9-9770-1abfc7f77cbc	867
split-by-adapter-right-ba41b1b5-88e0-4011-8b91-1a1b5c31fc4f	892
split-by-adapter-right-bb3267a2-442a-4cbf-882e-c8f08cd1f47e	871
split-by-adapter-right-bd25f121-a582-4882-8d1b-1e5bc3dd0932	912
split-by-adapter-right-bd56a5d1-4762-4acc-aad5-163843be68f4	923
split-by-adapter-right-beede7ac-d373-49c5-8e30-ad5bd9a699e4	972
split-by-adapter-right-c05e9850-555a-4c2c-85b4-06dfc84dc743	923
split-by-adapter-right-c52b1d5e-86a8-4a19-a297-8b4132485dce	878
split-by-adapter-right-c55e32e4-a0df-4203-94b1-afc09b62386d	980
split-by-adapter-right-c91e43a2-ff34-4fc0-a6ce-8cda31913104	865
split-by-adapter-right-ca620b04-b35a-4955-9e63-19addf5d0cd9	872
split-by-adapter-right-cc47ef5d-a322-4e59-92a7-ce37b0df6685	787
split-by-adapter-right-cde67e4f-860a-4a3c-b266-8b3271207af4	787
split-by-adapter-right-ce22ecdd-cca4-4800-820c-f6d9d790a949	861
split-by-adapter-right-d2d3c659-6a05-4e97-be40-98f9b0f842c1	847
split-by-adapter-right-d4767078-43c3-4eb4-9964-c71ccf357e24	879
split-by-adapter-right-d52d66a7-82f7-447b-9a8b-0e3807579d5b	992
split-by-adapter-right-d5dcfead-ab4a-4837-812e-989dd69c7c92	777
split-by-adapter-right-d628bc28-0b48-4cd0-ac4b-383e670ac28f	816
split-by-adapter-right-d7b5b4bc-dad2-4421-85aa-a9411e20a859	910
split-by-adapter-right-d9563eef-ab16-4ae7-bc9f-37da0c747447	784
split-by-adapter-right-da795993-b54a-449e-b7dd-bf807377bb73	1032
split-by-adapter-right-dac7e282-dd8d-49ce-9e45-efdae8389355	959
split-by-adapter-right-db690154-58f8-43e5-a6f4-703f16c61261	865
split-by-adapter-right-dd2c57f0-03ba-4da2-a28f-cf5efa595676	895
split-by-adapter-right-dd955e80-6bb4-4041-a21f-f55bcf00a989	749
split-by-adapter-right-e0753175-69d4-4379-a38f-3063863c76a0	887
split-by-adapter-right-e0779bb8-76f3-4887-9537-3f43ce9e78eb	884
split-by-adapter-right-e11035db-c0b5-47f8-8638-7b3d2f4fe4f0	936
split-by-adapter-right-e372ac2d-8ca1-4f09-9e18-e879d99dfdf9	786
split-by-adapter-right-e512e59d-f51e-4f88-84b3-339225b8e4bc	950
split-by-adapter-right-e782ccec-543d-462e-86cc-0cd0a1b22d24	978
split-by-adapter-right-eb277b23-e907-4b90-a7d5-2c05cbff21cc	997
split-by-adapter-right-ed161d50-34f3-43e1-b889-26e9214c223c	908
split-by-adapter-right-edbe7269-4551-4a14-aa2c-23fa345b0940	785
split-by-adapter-right-efe5846b-7c9f-4a1b-9f58-aad283ffcbc2	884
split-by-adapter-right-f5769dc3-9f1a-4ca1-a2ec-c5c7b2d363d7	887
split-by-adapter-right-f587ae64-4c6f-455a-bb5f-d58519d73d86	780
split-by-adapter-right-f6b83f34-ea86-44d1-b98b-f551786b89f0	767
split-by-adapter-right-f7d75fea-ec3b-421d-9c2d-b14a90d0bc75	789
split-by-adapter-right-f8fe55dc-3db1-439f-83d6-400157bcadb7	785
split-by-adapter-right-f9e08b7c-8e1b-4fcb-9b05-ccba53d7bc07	714
split-by-adapter-right-fbb90094-b732-494e-85d9-62fab33848cc	948
split-by-adapter-right-fed10188-e453-4baf-9d06-513e102a3b5e	790
split-by-adapter-right-fef6dd8e-2614-4c7b-8dc8-a53b5ceb467e	980
split-by-adapter-right-ff63c699-b412-4ee0-845b-fe08100316dd	887
split-by-adapter-right-split-by-adapter-left-83847ec8-c57d-4ec0-a781-33dd00a6374a	1041
split-by-adapter-right-split-by-adapter-left-a61bfa45-bd5e-4455-8548-a8b47bcc9dd8	758
split-by-adapter-right-split-by-adapter-left-b27f7590-8b18-42dc-b060-1c2c3e7e3559	1035
split-by-adapter-right-split-by-adapter-left-eb277b23-e907-4b90-a7d5-2c05cbff21cc	764
split-by-adapter-right-split-by-adapter-right-606e6972-3df3-4f1b-aa36-5fbf9488d628	1914
split-by-adapter-right-split-by-adapter-right-a61bfa45-bd5e-4455-8548-a8b47bcc9dd8	746
split-by-adapter-right-split-by-adapter-right-cbf6736b-4daa-4ce3-a333-7e47e305a529	771
split-by-adapter-right-split-by-adapter-right-d3adfe4f-0321-431a-b473-c18d4ca03f69	1073
split-by-adapter-right-split-by-adapter-right-d71f6650-0cf7-496a-8202-1e10fb5193ba	1095
