000484fd-a276-4630-ac22-a7b2150d823d	1132
000b41b3-36d0-4915-8ab7-80d4fececb94	1067
000d150b-8a7c-42ba-944b-011fad7dcdb2	1131
002e74b6-afcd-4584-9a06-01154e0ecfe6	1065
002e9a7c-9bbe-40c4-a31b-6a40f4a7b522	1128
00307716-74cb-4a6e-926a-558ebbec3e67	1138
0034f201-be05-47c4-8272-8b7821f7b896	1094
0035630d-4d6d-45a1-b2df-51c30a7de468	1063
003d07d5-342d-4cbc-84d3-bbfa249bb617	1065
003edbcb-61d8-4c3a-91af-56f7d803c473	1051
004187d1-1af0-4f02-b958-c05cd5786d8c	1062
0041d265-3716-4778-b4cb-e720681d5ab3	1139
00464fd9-16b2-4e2d-a593-3828a4881299	1066
00480af2-c36f-4ba0-9612-f1e65d179bb8	1146
004a6785-2b14-4057-a0d4-42bfccb38c03	1074
004e3a9d-0a3f-4165-96fa-5daa14048d03	1054
00629459-c6ac-4daa-a1ae-88b2fdde8fe2	1137
006514d4-0141-4c82-818c-683618e1e35a	1070
006565e1-017d-4c53-9c06-b49e7be4066c	1124
00682249-a914-42be-b8dd-cb5cecf8f320	1126
0069e6ed-cc46-4347-9b2e-c9bc088baf49	1043
0083ee60-dcb1-437c-ae92-24f4acd75505	1126
0084ca2e-f07b-43c3-a97b-4a1c07b6d7bf	1123
008e87a8-254d-471d-9228-04d0f8edae94	1138
008f7a97-28ef-4146-b90f-0f1c0932f77c	1098
0091cf08-da7f-4ea1-94b8-78713eee3495	1030
0094905f-8155-4777-a73c-a49a53a410f7	1121
0094f3b3-04fa-428d-80c0-c70ceb822bb0	1147
0095211a-e483-465b-a561-f352811f7fd4	1075
00958a6e-85e9-4ef2-a45a-a4c855adeff3	1114
0096ff2f-c3b1-4e52-9bb0-d264b33bbb04	1059
0098381a-d45f-4bbd-8819-2eca40849043	1110
009877de-0263-41f8-a0d5-7b9cda19b963	1078
009e7418-3cbb-4c9a-9e1d-bc5cdbb6cb1b	1127
00a0acdf-0104-4fc8-9394-8cd7a1b9adb7	954
00a0ca0a-cbc3-4628-93e3-f2170d2badb1	1116
00a77c09-4304-4032-bcc5-0f7b9740f125	1120
00a78f9d-99f7-4ab6-87bd-fea721a7ad6b	1120
00a8d633-6736-4146-8ac1-6853a4dbcdfa	1119
00acceb7-c35b-4bef-860d-87fc184358de	1371
00b499ea-30b1-4007-b5ff-b25d2858b7bd	1072
00b95a8b-8546-4098-8b46-3462591f8dcb	1081
00ba13fc-f498-4eec-9514-4712783ef6ad	1131
00bb9b06-1f03-4d20-bbed-94f20f36f0bc	1138
00bccad5-e834-48c8-ad6b-3a691eb23007	1147
00bef887-ee38-48d5-8468-483045af8053	1053
00c09c13-720c-48c5-a7f1-d7bf7f112786	1130
00c1880f-847e-4a76-bef1-cbd2e11fc37f	1083
00c800b8-9690-4ad5-9e9e-353751bc6a29	1072
00cd2620-899b-4fd2-b361-bacd0782228d	1135
00cfc6a6-8685-43e9-8e88-4e9e581b031d	1134
00d47843-13a1-47ad-812e-8eee9a2b3814	1142
00d8e6af-0899-452f-857a-30da7d12155c	1140
00f43218-1271-493a-bde4-97366782e84f	1067
00f4c636-d8a8-4187-bee9-96e673da4a17	2091
00f77ba2-5a1d-4f8b-878a-50c2d26abdaa	1065
00f81571-d374-44f5-880e-aa4cd7bd668b	1069
00fdced3-3932-4d0c-a880-5294da71c45c	1102
00fe0993-b70f-437f-8b5e-c79630ccd325	1075
01014837-2a25-4059-a0c6-044db2c0ba86	1076
010c2efe-ca5f-4f91-81a1-701bf6171b4d	1128
010ef905-7059-4f5e-8d82-8508b2d34c61	1130
01104833-41cd-4294-95a9-8c858ede3de5	1076
0112446e-8cae-4e1c-a7c1-165797ec784a	1061
01162e63-24ed-4182-a164-3e82cdaac579	1049
011d90c2-f09e-4145-a230-2fae904dcc45	1079
01304b38-896d-403f-9f0f-364c1e3060ec	1076
0131b1d0-02d3-4d1e-936d-2896ff666c72	1127
013581e6-b8af-4cb3-9ab6-708722e26df0	1069
01384e95-4417-4b9f-9a9c-5d4982741dbf	1090
01388787-f175-4175-8da8-bb56e441774c	1071
013b4436-60fe-452a-8101-317b2476da28	1069
0142838d-46fb-479b-9c5f-3a11d2918b3c	1134
01436fff-7cee-47e0-8818-a50599c5dbc0	1093
0144ccff-d98e-4744-ba5a-9748a1963439	1075
014a0c08-885d-46b2-931c-9e1ce897b2e5	987
014aaf38-f384-40ee-ba6b-bc86d60ff811	1137
014d6d76-e18d-4a19-bfab-a44ef3d6d65a	1397
015062c6-f5d7-4656-9674-f9681dc16ed1	1063
01526355-2bb3-490e-9d83-9ef0fc9ca6ad	1058
015473dc-7a54-486e-b1ad-0d348025f740	1122
0158b8a5-536b-4aea-9503-a9d44307e8b6	1083
015a7e25-d5e4-42f7-8426-577dbf5111c6	1135
015d2085-a428-402d-980a-501168b4223f	1060
015e5b5c-8b20-41e0-9b51-421bed8c0e3f	1077
0164e538-427f-4ae9-90fd-c874d0089c8d	1074
01698e26-697c-4bcc-8b61-4c3e290982c3	1132
016dd422-8912-4ec9-9180-b3eaf01b668a	1072
0173ccc4-6edd-4a41-a0bf-a84492f89753	1115
01745aad-8996-4a35-8580-c30c321f4a73	1071
017d8aae-a10a-49e3-a170-da8318d8ead4	1065
01815a6c-2343-4677-ab5b-fa018097b901	1136
018a1d0d-a721-4df5-aa69-6d78a8b2237c	1071
018b83cd-5785-45b6-9d16-0e98ca3e5c88	1137
0191435d-9d2c-427e-a797-d5ab4a626d98	1066
019149d5-2dd4-438d-bc00-faec9a1854fa	1076
0193769a-9480-4b3d-af2f-f92e58619fbb	1071
01940459-83f1-4e1d-bcd8-8369af4b4e51	1134
019d7bf9-e8f0-40d2-b6cd-6bc72c3cf398	1115
01a2472c-6a65-4c92-a16a-241eee5642b8	1126
01a8af76-8391-4f39-bb23-f738ab84e055	1139
01a90b15-15f4-4a66-8c58-29631fe8af66	1085
01b1d9d2-968c-4d48-bef7-013026133ae3	1136
01b36f98-4b4a-4f70-9fa0-b95ec42086f7	1129
01b40aa4-aa21-4ca5-a86c-8df62a2edd35	1174
01b49a21-16b5-497d-8350-6fbdfb58c955	1060
01b54e8b-78e3-434c-b5bb-202e4d80850e	1054
01b67821-5d0d-488a-af58-d7c3621f9781	1136
01b9f87e-c7f8-41d2-be14-07e3a83d4b2c	1136
01bdd35e-9a9e-41f0-a544-6e503581185f	1143
01bfe29e-d302-4676-a0d9-a11adefdcbee	1048
01c0a7f5-6c73-4247-b217-3176e3d6bdbd	1127
01c337f1-50f8-4f6e-a3fc-2f2b12ac7d01	1128
01c43971-d6ad-484c-8188-d568f5ca5d25	1108
01c5d91f-9d69-425f-9a4c-46e9676400c7	1339
01d0df54-2fec-499b-8b8a-7ca1e8c10cff	1295
01d6344f-ffe1-4692-a4bf-2cf392c1f7c0	1060
01d64574-3560-44b9-847e-1f3372d39278	1387
01dc44cb-b2ad-48f5-94a0-b7b1c1cf1e56	1075
01e15d5e-f963-4412-a04c-95db31c2b1eb	1090
01e1960b-4093-46cd-b809-481e471fa92d	1070
01e21b13-c251-4862-a65a-4db079e87859	1066
01e94909-600c-4fdc-baf6-983ca66e1618	1051
01eef607-c528-4575-9e71-ba2c859bbf24	1132
01f02551-118f-4c52-9a11-bed6e5f532dd	1113
01f2267e-6f5e-47d6-8208-ebfdefc76053	1061
01f233e3-8012-4771-ad77-cbfea928103a	1115
01f79198-fbfe-4280-9a94-e426918ed3fe	1121
01f87a92-7449-4042-8eed-578a99faab77	1144
01f92980-1283-457b-81fb-1af3a81dd960	1068
01fb1bdc-ff20-40fa-9a9a-0b60827900ef	1072
02006339-d714-4f5c-825e-421e771bb66b	1073
02029c03-3566-441e-8b04-9a58c3d80f5c	1132
021c341e-d8f8-46f9-91d8-9366f3c24fd7	1134
02246eab-6eca-46b9-b697-3fb8b5e80e82	1075
0226003c-b5bc-4635-8099-6a2b1e338335	1367
02279825-ae8f-417d-8c2f-c4c087c4ebed	1077
022f9bfd-f28c-49be-bf5c-1edac5b225f4	1081
023178f6-da71-4af1-a059-09814708e703	1130
02341cd6-8a56-48aa-b8c1-21770b2f196f	1075
02349e36-a536-4e3f-95e9-ba4a8b758896	1135
02361c7a-2319-475c-9a49-f27fe45b1103	1079
0239b5ec-247b-461e-835e-45fa9d571743	1049
0239e9e7-b3d0-4d96-a56c-fa92f2c7d363	1129
023cd28d-678d-4aa9-9f54-ec089ff39570	1125
0241e73f-7be5-4422-b547-225761855a7d	1070
024458b1-410c-4530-ab44-361c6da1b3b4	1129
0245447f-f02b-434a-b49e-b23e587d4532	1056
024bd064-ec7a-401d-a40f-8df3fdc87bc3	1116
024fd0f4-39cd-494b-8370-e133853f4545	1120
0250039c-1e67-4cdd-a341-c0fa19d15242	1058
02500e3b-88cd-402f-8961-e90785c7b26d	1118
02508976-1ff5-40dc-83d2-f7eb926853bb	1122
02521a00-9f94-4e12-a5b1-156839836896	1126
025cdf65-fb4b-43ea-a90d-82e1c827a204	1099
025f9a04-0d8f-4efb-9de2-9f2a8a558f43	1135
0262d05f-32f9-4555-8d2d-3bcf7e185da2	1134
0263787a-ecca-4f8c-8146-c7cc3572ce21	1082
0265eb2c-25af-47b0-be2e-b9edb8925d7e	1077
026d9ac9-83f9-49a2-b4b6-161777c07c4f	1138
0272efe0-25ec-4519-8cc2-eaa0cc4441e7	1138
0273de8f-47ba-4d5f-86bd-e87942508831	1073
02789e29-d4f4-494b-b496-8e83c827f737	1073
0279bc0e-63b9-406a-b3af-7bc272e63927	1078
027c9eea-ce07-4f97-ab24-435643efd3c4	1135
028902a0-d8b4-46eb-8522-0c114a061d9e	1130
0290bebf-197e-42a6-b31d-8e9fe8403e91	1128
0292f1cd-367e-46fd-a675-61c7b1b52def	1131
029c432f-40cd-4c61-956d-ef8c535c0641	1144
029ccae4-6a15-44e0-9dee-388199bc7d67	1122
029f11d9-82f4-4e1c-b239-461211d5a733	1075
029f8eef-8cd4-4f29-b00f-2934e1468b57	1139
02a2554e-e63a-429d-95b2-fbd3c551bb10	1054
02a2edc3-b552-4939-b6c1-859493b55092	1138
02a33ef4-2da1-4307-9544-a984ecd656db	2143
02a430f1-86a2-4b86-9718-df7cf404aa69	1061
02b189aa-1c37-4258-9997-e9240a0d82d8	1089
02bcce5a-78fc-4831-a91c-edc1ccbda003	1035
02bf9435-e739-41bb-9931-58de500507c4	1080
02c05fc0-b5f9-48a4-a348-6a8b5889997b	1070
02c84017-e247-4afa-9a8b-c7ab2a59bde9	1037
02c90429-1245-40a3-a320-ad2db60ca215	987
02c9fb9b-c58c-4006-b949-a2d495ba5c0e	1036
02d55861-0319-4159-99c1-b023e0839061	1059
02d7a8a0-4431-408c-8a57-5443865fe0af	1059
02d989bf-df04-4e72-abca-397f43fe8b3a	1067
02da950c-499e-4849-8b93-141cdd68a59b	1136
02deed69-17b2-4e89-9c3e-2a9bafe6778b	1120
02ecba56-9608-4bac-be86-2abdfe974bc8	1070
02efc060-690b-4d2f-8f64-6193795ce42e	1067
02f4de50-c767-4e18-9932-d8c532400a4c	1135
02f62cdc-bf7d-4df4-bb86-ef2c01be0f15	1058
02f7f992-a480-4cc7-ac72-2f497b60dc9f	1072
02fba8ea-8c44-46d5-a544-d70ee7201769	1298
02ffc42d-a605-434d-bcfc-cdbea213d5ee	1112
03041f42-6c6b-4d60-8b1e-6aae02766e2b	1057
0305f2ed-d839-4860-9687-baf2b8922cbd	1062
030725d9-a47e-42e7-b655-8a31cde5590a	1140
030bd4bc-e2a5-408c-9db2-6822f05b725d	1051
03165d2a-e15c-4bb3-9984-db29bc0b057d	1072
031ebc1e-0e49-4238-81d6-0ddb9e8604bb	1140
0320b30c-22e7-4265-a6e1-f4a83e93a30d	1091
03212a9b-d32a-4570-9358-20c6755472ec	1127
03297766-5a7d-4d96-a023-a148d2bd4d31	1067
032c7500-ab2e-4994-ac37-7bf715bd0f08	1135
032c94c4-6b30-4fd8-bc38-d04e9f201bd7	993
032cb7ba-b29f-4068-8584-010501fbf217	1441
032dfc35-d981-461d-821c-5af647063eb0	1135
033053bd-773d-4759-a2f0-08bb27026584	1073
03337921-0310-4b51-a9cf-9c68f2d1b3f4	1155
0339ae59-6f41-45f5-828e-075cdc91322a	1128
0340058a-a31f-45ab-8e66-ff7cde4c5cc4	1137
0341dfb7-87a5-4dde-8bbb-649beb0c6dbd	1052
0342bb0b-4067-4fe1-ae66-e8d859368d45	1433
03497453-9a67-4a63-9b78-930b70efe1f0	1078
0349e12a-12f4-45c3-bf75-fe1da967e340	1121
034b0286-c792-4ffb-a41d-635b4d769550	999
03503f02-b223-4bbd-9cf3-0798d789dc1a	1128
03572ab7-aaf9-4de0-a4bd-d48b622dcc93	1057
03595628-cde3-423e-92da-daac9c1ca64f	1139
035c1d2c-fca3-4172-b587-8ff8fa627316	1070
035d5860-6322-493c-a7d3-049e30d402ab	1042
03606e40-35d1-4461-877b-dc236d56c983	1130
03637926-de62-49a5-93f2-6c8daa217283	1035
0367aa12-cc63-4656-9210-5ba1870d449a	1131
0367b4cc-cacb-45c8-a326-f707922cac1d	991
036df68b-c965-413e-993b-9ee81a1c0965	1077
036e7da3-70b9-4323-9eb1-c4811da769c9	1133
036eb780-96f4-4b00-85f5-0d2d78546b96	1140
036f49bc-7c71-4e69-8c09-d2b068917ac7	1136
03734033-b8d5-4c8b-bd13-224d90e88a69	1119
0377402b-b420-4847-b74a-88517930adb5	1054
037c2263-cd67-4c76-b2e9-1b87eb8c70b3	1139
038470c3-e60a-449d-86df-b232ea3e27e9	1122
03854f09-c461-4650-8933-d67d53a0aeb8	1118
038e3a17-c958-493d-8d83-b0c6ddcefb90	1063
038f39ec-df37-43d6-bce2-50d6741e377d	1079
0390fd4c-bdd7-4c75-8d50-8bd4fd8dcf5c	1082
03937bae-5233-4e90-a356-d5515df815af	1075
0394e203-d088-4cf3-85ce-a8b53459c680	1074
03952280-873c-4861-8669-de0ccd506038	1073
039961d3-8fbd-419c-8293-9c906660f559	1137
0399d396-f14f-4ae7-b8cd-a59cdf07009a	1069
039cf7b2-de8b-457f-adc2-b142fecbd9ad	1079
039d04f4-e1a2-43ad-b6a0-9d85fc7f1b6b	1132
03a407e2-a4a8-4557-a0c6-3c7a703f4300	1139
03a75f1c-d6cb-41e7-9d6f-f5bc958a2720	1146
03aa19a3-dec8-406e-abd5-bbf95829dc1e	1132
03b0c0b4-5c76-4b02-acaf-7dd46cb461ee	1118
03b65f41-5c02-495b-9fbd-b9bd9b491d3c	1069
03b6df59-73b8-4425-a8bf-9476a03be853	1076
03b787dd-7e20-4fc2-a1b9-9ea0a1e3ed14	988
03b78eb3-f425-4f5c-8603-68562afe6768	1080
03b7c68d-c35f-4b07-a072-79aa2d2c5dd6	1112
03b8ed94-9475-42fa-961d-0e943ea1bd75	1116
03bb40bb-3e88-41e5-b814-068db5c7d23b	1145
03bd33d9-76dd-49b7-a17a-22f3154e205d	1080
03cd1f54-162d-4e64-b401-2fb7c07d5b9a	1129
03cd6e73-d7b6-4769-929f-94906ed2d932	1128
03d133dc-323f-4351-ba4c-c9d22f69e350	1132
03d258e6-cea7-49ea-ad65-1943c780294c	1133
03d2e80b-5592-4082-a414-4dbb5e492fbf	1088
03d4ebd3-1fcf-4ebd-a6a5-60a191830632	1075
03d50931-f566-4b14-9406-1d9e67412040	1129
03d6cac1-7d08-428b-ab34-45856e542cec	1069
03d8f55b-28ca-4a76-8273-0d73324d329a	1134
03d934f8-5ac8-4481-b23a-48cfa8607e98	1107
03da2519-61be-40f9-985b-c1021f3beaf1	1076
03dd0e9d-3d09-44db-8eef-04276c488850	1068
03de853d-dcd4-43da-b5a4-7f4cdd70a1e5	1082
03e48906-931e-40a0-b71a-53f888f157cb	1132
03e4b6f1-202c-4a2d-9329-2aeb6a3d6adf	1055
03e677b6-0bcd-4fc4-9328-36330069bcea	1080
03e7c182-88cb-4076-9459-abf5e879931e	1071
03e83266-d0e2-4a92-a422-25823be5b806	1075
03e83979-f24c-42c9-88c0-065f49e7ae36	957
03ed78a6-8186-45a4-af40-dddeb82acf4d	1072
03f25824-bac3-4cab-b0a8-5c8a5b17b89b	1066
03fa8fa7-35cc-4381-90ba-66b27cd1948b	1070
03fe806e-2e63-4887-9ea6-f803a50af121	1112
0401ce11-5c92-43e6-8f15-65f0a3cccc7e	1127
04031fd4-97a2-47df-b537-25897945a823	1081
0406c4b2-8aaf-412a-aa4b-df0056847504	1071
040998e7-6468-4db5-a098-380f0e75d17c	1074
040dcd7b-3818-4594-845c-5c7eff6108a8	1071
040e182a-d5c5-4c57-ad03-5c1c71e90f25	1139
04118692-0529-4db9-b8db-ca3866c66e8b	1128
041583dc-e0b8-493b-b527-9e2a6f8c3789	1044
041687ed-8e45-451b-aac3-168e353fe4a6	1151
04205360-4c5e-44bb-abb8-44b6d3c5f4d6	1133
04252b7c-ec66-44c5-a0b0-267ac4864c11	1075
04288203-3844-4d56-9153-312b6f39e486	1124
0429f15f-d4df-4b1e-a80d-4188cc779c72	1039
0429f291-fadd-4b47-be3f-d494b745baac	1135
042c9c0f-35ea-414c-a268-243a868b5ab3	1063
042ca5a0-ec57-4041-9bba-0b13f9f37eee	1134
042e0284-4e00-4bfd-9fda-7769f212a7bf	1099
042eedd2-4487-4bcc-a1f0-b56a7e28a101	1125
042efc6f-7be7-43f3-b891-279f4b4739c2	1072
043c6152-fd48-4bca-8592-2b8ccd6bf3fc	1048
043e42dd-5b91-4b5f-a037-3807d1f5ced9	1065
0440c0a7-9d7d-4864-b265-10cb5028b45c	1068
04434458-b495-4383-9563-b7a0f92add00	1134
0445687a-b159-49cf-a926-95e3e3ecd825	1450
044c3ba1-d2fe-453a-b363-451295585b0c	1052
044cd12d-c0d3-4de1-ad76-a6513b99df6a	1144
044ee759-e75c-4414-b6a6-195b7dbf47be	1086
04500351-6e5e-48a5-9c6b-32d1f8972fc8	1137
04555973-638f-4c4a-bc72-06810f7b09f0	1078
045a7727-2803-4ab9-82e6-746c15653cdf	990
045fe667-417e-44c0-a095-b8f7d7c67a8b	1126
04684bb6-67dd-463a-9531-ad9cfbf02b03	1034
0468fc3c-bf1e-4fe3-8a5e-befa2f267931	1072
04696528-d19f-4cec-9f9b-6b01a8a992fe	1132
046ca3c2-b7f9-4962-9943-551a9dd92c43	1140
046cb0d2-7a66-4de0-9b64-8224a188687a	1067
04743c44-ce37-441e-8991-7d18bde8eff3	1076
047de1ad-441e-41de-bca4-d0af94bab9fc	1066
04847f95-b23e-4624-97ef-b8bf1023276f	1069
0486df16-3e9e-41bb-a112-8444ba2ff89d	1075
048ff823-3724-4f36-a351-eab7510d60ea	1076
04941971-2f30-4513-b79c-f572933ddae4	1058
04942fa2-40c0-4a18-a40a-8074aa718852	1128
04951f37-cf6e-4517-846c-75fd409434cf	1058
04979d9d-e93d-4d13-ab09-e959fd58e504	1134
04995346-1e3f-4c86-a467-dea6a618d083	1173
049bad81-a4b5-4789-a1b6-dbd657059f3a	1133
04a0340e-a60c-4a41-814b-55a8b505088d	1074
04a107ea-41f9-4072-8ba5-ddd7da64cdd0	1136
04a14363-b42d-4b97-a30c-f45ebc6d2b44	1072
04a1e8e1-f89c-4288-a1b8-ecbf2a6ef4cc	1074
04a538d6-5cfc-43bd-b801-f86ca0a793be	1063
04a5d600-ad56-4ca7-a25e-96bd50fc80d9	1043
04a98dba-e85e-4589-9c04-df3a4334a061	979
04a9e0c9-1767-4858-bfe2-d97f855c33f0	1159
04aaf9da-0cb8-45a6-a3e2-ba9dd48f3f62	1082
04ab31c2-8ac3-4068-b30f-829f6aa99eef	1125
04b3c89e-d093-460b-a5d9-dfcbc406b1b2	1079
04b448f8-060d-4fe5-89c0-a6fb442014f2	1128
04b8428b-0dd4-470f-ba5c-6101e120f80e	1144
04be557b-38ac-4822-9f5d-ca9801107aed	1056
04cd4653-f72f-4414-bae6-87a8fa24a830	1126
04d81fb5-7e5c-421a-bb02-d6f568cf0aee	1073
04ded1ca-f496-4243-b1ce-cf58ee41374b	1061
04ea55ea-377a-4989-87e6-9abd9257a2b7	1062
04f06df1-91a5-4671-bd24-03fd34feb4e2	1076
04f1481a-7fda-4d75-8ed0-3a2f22743286	1082
04f31f30-9bcd-431e-a5b2-28213224249f	1073
04f8be81-41db-4617-b31e-b353c431c24e	1031
04f8ff27-0e65-4d3a-a8f0-3546555d17df	1088
04fb53c6-d374-461d-984e-65ce7d1ed304	1130
04fbeaa9-2170-401b-bc04-4333a36c38b4	1136
04fc69e8-c64d-48e6-b74b-70bbb9cb6724	1134
0506f32e-d8dd-415c-a64a-3eace60c52b1	1072
050a0908-b4de-4a2e-9644-611a171965bc	1137
050f53b1-8e30-44c5-89b2-04adf428febf	1123
05174122-39ec-4a70-8b97-364056d1a019	1077
0517b718-2db3-4e2b-af8c-07fd7ab4eea2	1068
051c5939-d20d-4465-9b95-82d4ab799ede	1066
051d6f27-1add-4ba3-9870-fe9417260e74	1077
0521b888-4991-4630-a762-4146deaacb46	1062
05273e0e-0565-43f3-9306-90e500558830	1077
052a5297-2a12-45ff-a5e5-42fe16360ea2	1076
053030fa-6a71-42a0-a4e6-cee7c9882887	1119
053167ab-7bc4-49c8-8112-e84e940e4907	1113
0531a1d7-f682-4fcf-90ca-894ca04b8af1	1072
0539187d-f02e-4023-aaf8-7e55ff115507	1077
05391ed9-da1e-4db6-987f-e85a70f5ef35	1068
0539e5a6-239f-4521-8ba3-d1b28f7965e3	1129
0539e603-7b95-4e68-b004-7ac4fabe595c	1061
0541c172-b4bf-4e65-bdf8-5b858530680a	983
0542a5d9-7492-42a7-9d83-ce805224e687	1115
0546df62-35b3-4d02-afe7-c5f3e8f31dac	1074
05525100-774f-40bc-a5be-e388e834820e	1075
05536853-f509-46d3-9b77-a43a0168aad4	1052
055a9474-384d-4609-adc5-fea79664c8e4	1077
055b5ae9-75ca-4001-95aa-5cafac1fdd2c	1152
05658bb6-04d7-40c2-b0b9-e78fb310fdc0	1053
05681f63-1755-4364-9ad0-3164767f0d1c	1052
056af625-787d-4716-95da-3876a896d7a1	1078
056c8077-c47e-4832-bc13-66120d458867	1066
056cffa4-e176-4978-a7e0-0338f5cd1bdc	1134
056fa7b3-d85b-463d-a1f6-31561bb7e657	1150
057391ec-776e-48eb-aa01-084fa3b4a5c3	1129
05764f45-4da1-4667-9b8e-96a0af87c717	1042
0576e066-64d6-49e5-b479-89e9368e8164	1087
05774b3d-9889-463f-ba79-bdd9ad039041	1011
057d374d-39a9-44e5-848f-390ef082450c	1116
058138ca-725e-4582-9fc2-7df45127b36a	1118
058239a2-c686-4de1-b89c-74007eb8e225	652
05865165-c0a0-49e7-ac18-194a0799f779	1108
0587edc2-8635-4307-9c02-d56d57c687cc	1089
058f99a3-190c-4b21-ab4d-adac24a61d27	1069
05901b05-ba32-4849-996b-75c25447a188	1129
05930762-c7d0-4aa8-9192-f6ded54e5fc1	1128
0593ba43-7660-4c5b-8fbf-9edd438a755f	2069
059648a8-d904-4eef-9c11-c13014b971a9	1128
05977495-44be-440c-8273-8081c21cf013	1128
059775f7-1e7d-4922-b477-d67b5f180ae7	1095
059c85ae-b07d-48cc-afce-4fbe3c37db8a	1058
05a215c9-d52f-4a57-8f84-b0114b43afe1	1137
05a3ae28-ef63-4fec-972c-6217d862c5ae	1059
05aa20dd-b88c-4bd3-9038-7a0a0c7c9ce4	1063
05ac2785-ce0b-4dd3-83d6-fed8e48fa9ef	1079
05b1702a-8982-47f4-9c86-90154b1c2d9c	1049
05b2c9a3-d3cd-49e4-a21c-bd689ffd28b4	1130
05b5a516-c5f1-47b1-b458-1c709ea31c9e	1084
05bb7d6b-ba81-40e1-bcd0-4ed1a3b43157	1069
05bfb91f-e4e3-4b5c-bbd6-f83962488ecd	1129
05cd39e0-9cd7-466c-812a-9bde811713f8	995
05da1b56-6159-43cd-a384-c8bbcf5e610c	1142
05db3eda-0305-466a-853a-f1b2264d01ae	1073
05e68a33-c7fc-4fc5-a534-31ee6e071055	1076
05e7321d-0138-40ab-9be8-80cc7fb4c20c	1247
05e88afa-6ee4-4cf4-b920-00bb7008086d	1141
05ee78e0-f756-4d58-91c4-7ac17620feac	1068
05f22fb6-fa34-4bbe-8ebf-5750b6bd3669	1083
05fa78a3-90a6-4f25-907a-8805019a51ba	1142
05fb6607-caf4-43bb-a8e2-aa67b6bb722f	1127
05fd831e-6dd3-46bc-95e0-be857844d581	1070
06003650-7fdf-4855-9f64-e5cc27082d39	1143
0608bc57-b1ce-421c-b4b7-c502d6fb30d1	1142
0608d9e6-06ec-42b9-9fef-e988c74bc167	1125
0608ffac-6312-4413-9710-4464525979d1	1076
060ff306-2ebd-4430-a0ab-d1b19ca71b25	1132
061158ae-8dbf-44cc-b3e8-825257a59b97	1078
06119b47-0de8-4016-bae3-2a5e4e103259	1073
06153eef-3f81-4883-83ee-179731193de8	1133
0620a767-e1b5-4e24-ab72-029690f385f5	1071
06236c56-b1e0-42ed-a97a-c07cc23cf3b0	1079
06242021-bf9d-4372-8600-0549713c1813	1133
0630eb9d-dd3a-4831-b118-b0644de79133	1056
06350aab-3fb4-40b0-b5d2-4f9ec00c0941	1137
0635c69d-dac0-47b8-b52c-4eeb01ea9bb7	1070
063800ee-3b4c-4d46-8937-e4ae730c6121	1130
063b643f-8e6c-48b1-9062-88e00f2e19a0	981
0647665f-b5ca-429d-ae99-187d9dbd6097	1077
064b2486-93a4-475d-be70-ffb57d06344c	1133
0658d957-55e0-4387-b4a5-d71499bad272	1119
065a6cd3-b60c-4308-8ae6-f3f83cb072e2	996
0664ea57-0123-4f11-98ac-2d32bd344b25	971
06689600-fd9e-478a-a34d-2af965d710a0	1145
066a407c-905d-455e-b7ed-7df2c4b31b25	452
066c5efc-2916-4ca0-b714-9dcad1280e51	1129
066c88bf-4289-43a9-b9c2-a89b4b1d0358	1067
067418fe-4182-43be-9bf7-6ac03bdad0f7	1135
06750823-f32e-4acf-96ad-c4fd52ecce1d	1068
0675b6bb-6b0f-445d-9783-da4c8dab230a	1071
0677ce8a-640d-448e-961d-5e090b488a38	1121
0677db8d-6544-48de-aa72-e17945741f87	1052
067e17e9-1281-4e08-9f75-84a6b33ce05d	1109
0684ed46-3c7c-4575-bf54-f163e439e07d	1114
0689d2e1-9692-4cde-b8ab-3d2a8e666915	1076
068ba250-f481-4e1d-abea-1272346bee00	1068
0691f93b-8a91-4c92-8d40-82c859a96506	1055
0695a24e-3e92-45dd-8521-7d616e5be28a	1042
0696710d-e079-42a4-8b51-657591571858	1134
069b847f-db8b-4c27-bf2c-2c74d8a0394a	1080
06a02ef4-71ae-4389-a8c4-8bdac28ee324	1076
06a0f95e-2215-402f-8ba0-d6c58044d0ad	1140
06a53bdd-44e7-42ed-a578-c821b8a38843	1067
06a97b24-10bb-44a1-b98e-83d879fab464	1136
06b7ebb9-d958-44b4-9c89-3b85e245efff	1075
06ba7dce-f44b-4fb4-bc84-68e1bf9006a0	1074
06ba9c18-cf3a-4185-b670-cd2b926e04af	1127
06bbd22a-e19c-4fdd-98f5-262af77986f1	1137
06bd2692-31b9-45d3-b22f-cdbe71caef6c	1136
06bfef00-290d-4cce-8389-720382da3dcf	1140
06c3bdca-f3f2-4587-9ab5-61928953728d	1082
06c44ce2-9c28-4c9d-a866-e48291cb8613	1133
06c5a7fa-a513-448b-8650-02959c90fccc	1129
06c6027a-e8de-42fe-bccb-4e0fa376b3eb	1134
06c60d05-58be-46fc-b7c2-37909e7bb63e	1078
06cdbefe-628d-4aa1-9ae2-e514f64735ac	1138
06cdcdb3-a6de-45c4-8499-d7f17f514d3b	1126
06cf0064-9a91-41b7-9a9b-f7acc9ab6e2a	986
06cf9ef9-7e82-49a5-8c04-7cfce2aa1601	1129
06d3380a-64d0-4bfb-a32d-54e0aca6bc5b	1132
06dc7581-6d94-4683-bbcd-9666599e23de	1058
06dc7de7-827b-48b7-a65e-929571075b74	1065
06df0bc1-ed7a-4e11-92b7-6bfda48a82e9	1059
06e87f23-6f2b-4d5e-9deb-8dfddfb04ba2	1119
06eade2b-94a7-4a39-b82c-897de1ada8b3	1133
06ece0b2-e692-47fc-b159-ceb32227cc15	1132
06f27eb8-1e17-4a2a-a48c-2130e6a3dd07	1138
06f3d766-f77e-4920-9b4e-93bb13949015	1074
06f4d6db-1bf6-4ac1-a39c-6e1d99b44c0e	1131
06fb29b9-6fb2-4dba-9d65-78e82f80e3be	1144
06fc16e7-763a-45c0-80b5-688b95b500d4	1077
06fef357-528c-4148-a767-e0154089bac2	1074
07065444-f655-4ab9-97f2-af3e624d6b1b	1063
070711d8-7920-4c73-a9f8-06919411bc9f	1130
07096399-8916-4ebb-afe1-1d15f69d4bf8	1300
0713ca32-01fb-4b40-a545-7bfdb5fff851	1080
071815ff-b3a4-47ae-96d8-d3fcfd3b5b73	1067
071b888b-7bfc-4542-ac80-88a514a80454	1133
0720bc6d-657a-4d0f-aa63-08da94c91ca6	1131
0722f7d4-e6c5-44c4-8004-cc7254fab735	1130
0724230a-96ec-40c3-bae9-c49848a4336b	1068
07248f7c-29e0-496e-b6f1-f59783f0eccb	1054
07272e1f-0082-4570-ab23-ce06dd3f1d95	1029
072aed56-51ff-4e7b-b4b5-8e80c6bd636b	1000
072b6a5c-6423-4de7-a137-32e967755b59	1116
072d1383-e581-4bce-af52-61099cb6b979	1144
073048d4-228e-4ee9-afee-cb9a812a87ec	930
07317cb0-c884-4a1b-a18b-06e1e50a9273	1133
07329350-eb04-43a3-8e6a-e3b992a25f97	1048
0733e319-2a5d-4ea6-b019-21fc4c8102b2	1130
07340bf1-69ec-4353-9f71-0bb1ebaab8f8	1132
0736de38-f2ee-43fa-970e-bb34f6e8e870	1076
073d0ef4-e026-4139-be47-92264f5626a1	1150
0740d7b5-b506-4b2b-a171-47fbfb40bc0d	1076
0743c82b-36aa-496c-9209-263a77f27a59	1131
074837e6-9e45-49fa-9a6d-f26ffb443736	1133
074883d5-4f5d-4ea4-be7c-6e4139a4bbc7	1069
074983e7-ed40-4ebb-90ef-31a906dfea5b	1057
07517b63-3f59-4158-9708-bb97e705a62e	1128
0751a62a-af9a-44d6-abfb-b150da71bb98	1115
0759d68f-af7c-43a2-bec3-9445e1d6c3b1	1129
075a4043-b84b-450f-abbd-0322b1843fc7	1133
0760a11b-ba1d-4758-8814-34c7e7ce39a6	1075
07622201-75df-47d5-82f2-cf2341fa0ec0	1143
07633093-3776-4e00-8297-c7aff3ac9e80	1125
0764c989-b8f7-4e2f-9f06-123ae9e1e180	1089
076e7828-3432-4cf8-a20c-2344dfe857e8	1134
076f3dc9-0b25-4332-a172-e06b976e900f	985
076ff1c2-e996-4d3c-92e3-07bb56ec5e3f	1075
0770a93b-f86f-4773-b9d3-213f91c0441e	1009
0772f319-ac4e-497a-aba8-8fbcf43ad65f	1134
07736bb2-228e-44ab-8bdc-c5c52fde108f	1069
07763922-d186-4fe0-a949-31cb15b867e9	1080
07768641-6265-40f2-9008-e296f4c1622e	1131
077e8090-f3cf-4f6f-9631-1fb1a60d7680	1134
07832c2b-3004-484d-b07b-811144a82220	1081
07852d80-c540-4bf4-a31a-094691b9e19a	1001
078ce106-1939-4ba5-bfaf-0a6ddabdf3b8	1138
078d9512-52e9-44ba-8b01-9ea4545832fe	1132
0791f955-9208-4ecf-baac-399070e48a6d	1137
07982e04-37b9-48f2-8812-a21471cea08c	1055
0798c8d5-f205-416d-bbaa-0f5bd1cf1a01	1135
079cca9b-d849-49da-8f99-a4df5209cee3	1063
079d277d-2cd1-4232-ad86-87f44d692622	1084
079de598-f4df-46ea-95b3-74227a2b834f	1078
079f0062-6570-4e1e-9280-acb32574445e	1110
07a2fb83-e5cb-4df1-ae1f-b845cf4ac961	1068
07aa7879-2396-4d7a-b640-461bc7b93099	1139
07ac5759-22f3-4be7-921f-09d560fde8b0	1135
07b1663e-2961-4f78-9721-ee6dc87b0729	1073
07becea7-b13b-49a3-9f6f-f89592fc671a	1120
07c5cf60-d4a3-46f0-babb-2da585ef60d4	1119
07c77eb7-e5bc-4fac-ba16-79f39eab67f1	1052
07d3e156-a47b-4b7d-a1ac-a2d7584bff33	1067
07d63615-502a-40c8-ae29-d7fdffe72ba5	1142
07d799d5-df28-4517-b671-ea3b4a464dd6	1131
07d7be22-365e-43ee-bb32-a8d634654f80	1053
07dd22ed-7c51-41ff-805c-baec52e835e4	1057
07e616ae-d769-4b00-93c7-35a4562f0d2e	1057
07ec2c49-2b31-46cf-9019-c57cd40804a7	1074
07f40313-35f8-438a-9005-ce63ced1933e	1074
07f4f34c-2796-4009-ad1f-2822c73a12a0	1115
07f73e44-ba30-4d05-a232-69f22d45bfbe	1142
07fafc37-f5fc-4fe1-bec8-1f1d4218b3b9	1071
0807fcff-d70f-48ba-9316-2fd4c18f3fb9	1072
0808336b-9f28-4884-8f04-7f1c87fdf10e	1145
0808a25f-42bd-47a8-8695-a298a2b8e6b1	1073
080c0513-d7b2-4b37-9266-435ad024e64c	1069
08176a1f-c9d0-4d84-8f79-8d07b7df6f05	1070
08177e81-355e-4c6c-a57b-8b1c44ab14d4	982
0817df34-aa53-499a-b820-c5796c311421	1144
0818a3c1-8e12-4538-91f4-222bf38ede88	1054
081c101b-ac47-430d-bf4d-6c07301d9cff	1065
081c925a-0b57-4f7a-a433-631361382215	1112
082075a4-2576-4d14-bd4e-bda73b54c2ef	1075
08214b93-0b65-4034-808e-9b183d66f0ee	1134
08266b2a-d116-4490-abfb-7ba57d147cbb	1074
082c0dab-15d8-4d3e-8012-07eabf8f92f3	1120
0831675d-a08d-4464-a671-ac2a47f216f4	1056
083a2fff-fff7-47d4-93bb-125076cdead5	503
083b5448-eeeb-4b4a-aeba-9d3353e0ef1b	1050
083d55f1-b873-40ef-bf24-6cc669a54472	1122
083fdf02-ada0-44af-b073-da23f9070d2f	1131
08469693-ee1a-4872-8762-9b897c9a022a	1286
084a8aaf-29e4-4fb7-9def-6c8106b8d404	1077
084ddedb-9074-43b0-a718-604604d1d354	1073
08508ada-8207-4a52-bebe-b620e92f4284	1116
0853538f-d0ce-445b-917b-3bdbd7bbb5e5	1055
085559c3-b5f4-453a-86e5-e71cc082ec3e	1063
08563234-d271-4f77-9408-7777d6c3f85a	1136
085b3903-e7e8-4092-8039-546b5ad6127f	1076
085bac43-4393-4206-a9e4-b33d25c3c3a8	1130
085c17c6-54d3-49c8-8e1c-87af7de9a0b9	1021
08632a38-e078-4d7a-8ff7-fdf3376bfe65	1137
0863beda-a0d2-4452-8cf4-baa53e3002e8	1133
086a340a-b1c2-497c-901c-877c6420bf69	1041
086ca428-e3d9-49f7-9735-8a333afa8bfa	1131
086d179f-b9ee-439c-b743-71f1c9ea5b7d	1126
086e0f99-4555-4984-bd56-267540229130	1073
087788ab-b447-466c-bc05-b5738898f5d2	1136
0879eeaa-bf4b-4d0a-91ec-ec535ef06450	1134
087ee4b1-df73-461f-9e4b-a7916cc24a91	1099
0885cb19-60e8-4d58-b9a8-222c3a2b31bb	1139
0885cb73-3821-472b-a9d8-90f493192453	1054
08867b7a-fc24-4405-b37f-431869422803	1074
088e1b96-9f4e-4521-8c65-67a87703d181	1073
08928801-c4a2-4fd8-bf4e-9dd1754d4f1c	1127
0895953e-1494-4658-a2b0-d7c122594bf7	1117
0896d23c-6db7-4a4f-aa5c-e7eab2e5a2d9	1081
0897693c-afe0-4dcc-8ffa-05b5d7878288	1139
089a6966-9187-4d96-9b6d-b5764716a4c4	1133
08a3dfab-4007-4632-9875-321684c20bae	1123
08a58717-1bc7-4936-af40-225781e4701c	1127
08a5ad1b-4f55-45a8-ad97-f2698c438a87	1115
08acfdc6-15cb-47d5-81c7-af5f1df60e07	1057
08b13804-b9b5-4266-9f91-85168cd55d5b	1102
08b2c90f-f9b5-4d54-926b-b087fafc181c	1129
08b63b68-4091-4164-87db-8f68bb85a9a0	1081
08ba0ba8-f879-465f-847a-d8423360b4fd	1134
08bfdc44-88ab-41f8-8921-eb8a74662276	1131
08c27aa2-e4a0-47a0-9af0-6d7b335842e5	1069
08c9a590-448c-4ae5-98d7-6b4714adcb7e	1128
08cb73d5-58c3-417f-b8fd-79a8a764a73f	1142
08cc8d56-479e-49a3-98e9-87f031de3a0d	1069
08ccd8fa-9d46-49fe-a39f-a9c7935d68eb	1142
08cfd3d6-bf88-41c9-a92f-61f0c8dae532	1135
08d9feb0-7acd-447e-983e-59545e8a8e9a	1068
08de30be-6a48-4db4-a590-d1007bca085a	1065
08de3e65-939f-46ca-b4cf-6ed77459c656	1114
08e89ca5-de9c-4ac9-8f54-3bc83c24fea1	1058
08ebcd83-970f-45fd-8580-a323b4edbbae	1067
08ed1f19-c43a-46e3-a6c9-2bc8ec68ffab	1125
08f1284e-a48e-4df5-befc-5f8904a47694	1074
08f1ddb4-d5bb-42f0-9dca-21ef1d3ac133	1131
08f2483e-706f-41e0-8b28-ed6120069d4a	1141
08f3d02e-ad60-4a53-8750-00ebbb9bca00	1076
08f58312-b0f4-4b35-9833-98f24272a584	1059
08fa4fa2-9240-4bbb-8367-550b31d1fe99	994
08fb2a6d-e838-4d4a-8f47-c46e2c117f0e	1106
08fcf999-ce00-459a-b90d-b4d3c1abea33	1096
09014d35-88bd-44e9-b041-afca22229466	1071
09034405-cb80-4c0a-a5ce-fd9b2eb59be2	1046
090bbe2f-ed84-48f1-a470-5517f4cec697	1069
091c97f8-5824-4b57-af34-7dd468409c8a	1070
091f5fb2-e99c-4607-815a-86f2cdd9f1c1	1093
0923995f-99e6-491e-8e94-7ca43085c6f9	1128
0925a429-2df4-412b-81ce-0c52c4833193	1051
09265e22-b7c1-4141-a72b-56e0d826f610	1128
0929862d-8656-4028-8c10-00e2c6093276	1136
092996bd-691d-4574-b16b-2fe0c3e0fd37	1131
092a53fd-4d4a-4671-b0d5-316e70a938e5	1064
092fadaa-b5a4-42c3-969c-768df40c140d	1124
0930fe21-e4c7-40f3-a9da-b96872e8bcbc	1051
09322a16-52d9-49b5-a6b0-96f7ecac8a4f	1075
09328112-286f-431f-8400-29a53037b711	1073
0934f5f1-f5ab-485b-a6a2-39c57f6a7d34	1075
093def33-e983-43f6-971b-1c895c243a4f	2080
094205d1-8235-488f-b840-f62639807777	1044
0943a3a3-36b6-4237-a6a2-9fc2b20b6e6a	1075
0948ce10-aefe-4f37-9f12-91dedef34846	954
094d5590-69bc-4f77-b6ff-87bd947240f0	1004
09523dfe-0611-4a95-8c41-e30244813692	1068
0954949f-6eb3-4dbb-a74e-6737aea0efb4	1135
09597578-90a3-48fe-bd76-03cf58d06ddc	1069
095c8294-59d0-4c45-a0f7-cd06da3f6785	1139
09667682-9bde-440d-a987-b1b78fc1a8ee	1071
09689c32-9091-4cd8-a373-f7bdf96194d5	1079
0969b225-2381-4195-a468-33d193fcdfa4	1138
096e6aca-044a-40c0-8689-f69152f3af54	1113
096f7344-65d0-493d-8afa-d16b27aebfc1	1143
09739e8e-3244-4e25-b803-9c7ecab3959e	1114
09776975-e7b1-4d49-a114-2cd6ae07e518	1077
0979c0eb-b3a9-4500-8541-f304dc9ae7d4	1077
097b5621-a903-4bbb-b99f-f2bc93fb8c3b	1050
097d5417-a766-4428-b534-1ea48296e4de	1138
097dcb43-534f-4eec-83a3-b3bad53ed57e	1070
097e792c-db74-429c-af23-b2b182f356ec	1041
097ea9ef-978a-4c85-9ea4-7bce59eb3a0c	1059
097f8aed-1352-498d-b450-9b13d761427f	1112
0989b0c8-9d82-41b7-be68-b62a84a6e544	1039
0989bedb-831e-4bdc-83c0-1fbb2519fda0	1060
0997a2b9-6fec-49b4-8f13-1c5d23db9c5b	1130
099ece2d-080e-40bf-a331-e8627ecb0be2	1063
09ad7c5f-ecb7-47c2-afe2-b2d7e94e3130	1116
09b04d37-35a1-4943-9de4-a644972759b0	1028
09bd44b9-9b50-4c09-aa0b-6ea11f519462	1126
09bee003-e857-48ac-a31b-cd8bbcef9204	1135
09c611a0-7289-4ad3-bf87-2abdf6e6072b	1070
09c801f8-bd0d-45fa-b4b9-ae6bbceed5e9	1072
09cf5a0f-c437-45ff-932c-5c4b57f9d2e9	1074
09d3fd7a-4e25-4543-bc5b-e1e2bcafc07b	1113
09d60f57-0346-4816-9ec0-0ab529f62f4d	1050
09d87b32-8349-4350-b935-966d6540095a	1133
09e2536a-c30f-421c-8a4e-4cb2ddfb96c1	1070
09e2e7ec-3aa8-4c60-bc8a-eb6e4ea92083	1063
09e747a2-fb29-40f6-8905-130e8e5ec304	1081
09ec4c4b-b918-4870-afae-5c4501b7f025	1072
09ec50de-06d2-406a-8e61-ba7c6522e1c1	1061
09f03f1f-041b-4aa9-91e8-bcfceff88bcc	1089
09f8276d-ca75-4eaa-ad2e-c223ccfa0a0d	1064
09f96243-8df8-4e35-9b7e-5e7a4999d9e7	1117
09fa5adf-c969-4e5e-9579-c688efb69881	1138
09faee23-0f84-42a1-a27c-165b1d18c107	1056
09fc201a-7b6d-4a5b-ab38-f93316d6d123	1048
0a002c51-9822-4b2a-9a00-a6368dccc58e	1136
0a0408a4-6c42-4cfb-aed2-40e98d789df5	1138
0a0e587d-8752-4040-bc0e-13cefd796a15	1131
0a1d7fb5-541f-400e-b4d4-ce7c63622d8e	1123
0a226d55-b4f7-4a0c-9db2-3a6aede8dd73	1048
0a228bc8-bf37-424a-8f08-ea5a07f8a6df	1122
0a23a329-001b-4be6-b6d8-4ab37fe1c170	1064
0a252cf0-6c9a-40b6-8e69-d693530acdd7	1087
0a2ae833-e1b1-46c1-944c-2cdbb0b811ab	1138
0a2dd82f-5da4-4940-8d9e-b0d0df813160	1118
0a314284-39a5-40e6-a21b-f9148ba7f974	1116
0a330169-dc0b-49f4-b505-269c7a682743	1205
0a3b927f-da0a-4338-8dce-e780634464c3	989
0a3c046b-580a-47a7-a437-94d4e3d557c5	1144
0a427bd0-e682-46c5-8c0f-332f3c8a0c02	1116
0a43f9fc-351d-4f6c-8606-8daf214be387	1079
0a4fbb77-e654-473c-81b3-9794205d8095	1074
0a53dc9e-5f9a-4a81-ab12-56ac84c9b381	999
0a54b71d-2334-4d57-81b6-48c77d7a2b31	1117
0a585ff5-a9d6-4930-81cf-35dedad15c62	1245
0a5bc897-1f70-4a99-818d-e538d9e245d8	1063
0a5f4c7e-9925-4ddb-afb1-2e8fa65e41e2	1072
0a6644b3-81f7-4b75-8922-f3ee408fa517	1147
0a66713b-9147-4be7-96b7-dbb49f20f38a	1130
0a6e890b-9c9a-4bd8-a886-bec7c55d7f3a	1065
0a70ed98-664e-4766-aebc-1aad1b7edf40	1099
0a7425cd-6631-4f38-97b7-6c9af752a1c9	1139
0a82dfc2-3d28-48aa-9da0-8e6a6febae4b	1140
0a875168-cd87-4a50-922f-7f8661a42c43	1086
0a87d306-c2fa-4f3f-b0ae-054c74efa485	1048
0a8ca097-cdf7-4b53-a1f9-96a97dde943a	1142
0a8d96b3-e125-4968-856f-dc1e3ccc4f08	1081
0a8f0be1-5305-4674-b4e3-978b87b9ac9c	1045
0a92807d-420c-417f-aa00-4a9865bc484b	1056
0a9300c3-737b-474c-b368-d0f87ed8b133	1074
0a93b817-fb3c-417d-98e8-ee6294b473a4	1112
0a944881-497e-48cd-b542-fd6f6154fe47	1072
0a956a1a-5408-490c-9db7-fbe6d6ebb1e2	1058
0aa04692-3a60-44bf-9c4a-ff26f7ec5a9c	1135
0aa30b66-3c6d-46b6-b4e9-8f3569da649b	1069
0aaa8bac-a035-4940-9efb-c95d7f3ef178	1015
0aac9c88-01fc-4e36-937b-473ea9250ac5	1117
0aaee239-2479-435a-b2e8-32672588c645	1078
0ab03776-ce50-4e1d-a4a7-0ffe8dd6b5ac	1112
0ab71f5a-cfae-40c9-a792-21a61c1b9417	1072
0ab8ed44-f3d7-48ac-b6cd-585d9acd0503	1923
0abc5c68-ddc3-4d51-8a63-9072df423827	1077
0abcf455-cb8d-4fd9-a4a6-2b74564fa99f	428
0ac394af-84fc-425c-80b5-d191cd4b173c	1007
0ac3afe2-0524-478e-b02a-979bd354e41f	1115
0ad5799a-1d7a-4fb0-8be0-eded2c302e14	1073
0ad76635-c5fa-4c2b-9337-ac218a53a92a	1076
0adf404b-5d07-450c-bdf5-0947cc1ca865	1129
0ae37453-49e5-4a92-9183-12a00845b4d9	1135
0ae584cc-6568-443c-b8de-390e9492dec0	1134
0ae747b6-21cf-4bcf-833b-5698f2c82fef	1123
0aee5205-5890-4a3e-9c3d-ca7abf73879a	1081
0af641bd-cbcb-42cd-91d6-80a3aa35c251	1077
0af77476-dbb6-4f53-9e73-499d07a487bb	1078
0af79b4a-24b9-4191-b680-512a61218016	1137
0afa6ea0-7f1d-4215-8aa7-b21d822ff401	1073
0afeef80-17cc-41e3-b2e6-10b731a3c725	1061
0b02e5c4-370b-409a-82ea-f86607a3e7f1	1071
0b03aad8-9086-4c34-82de-43beb2ea8046	1125
0b04d29c-2ad1-4dfa-ba59-23cd09af9068	1141
0b082dd2-26c4-40c0-9bea-4e0eadf0976d	1086
0b0f487a-f025-44fa-bf6e-d67318ecac65	1129
0b11bafe-a253-4c17-b764-1796e7beb7d7	2241
0b12f691-eb7b-40be-b50c-67ea232545ce	1131
0b197c52-e498-462a-b50e-9e2bf5719f15	1112
0b1a9c8c-4317-471e-8c60-c07e49647149	1075
0b1af8e0-751c-4985-9148-e3bc24d4f0a2	1137
0b1dfb6e-c995-463c-abff-c13d068fb0e5	1049
0b252581-3bf4-4f81-8a52-6156254aa042	1131
0b2c6c65-94ba-48e4-8b97-9ab2cdbb97b1	1132
0b2d91db-adb7-4461-8f29-e3fa5310510e	1125
0b3314cc-ea59-4a75-a8ac-9be975a7c1d8	1142
0b339b38-5da4-4df9-a2dd-edf1bab8c91b	1134
0b36b075-6b95-4198-bf7d-429cf54a2c55	991
0b3b9635-f0f2-4fd0-974b-52f8ec2945a2	1068
0b3ca0fa-abb6-40d3-81f1-649ed9af1318	1126
0b3d8418-f075-431f-b5b0-9861205c32b2	1124
0b3dea6b-7919-48c2-aa09-9861f1475ff5	1113
0b3ff380-bd5d-4fa9-a007-3d426e7cda50	1130
0b433f19-6c53-4145-940d-ee3288842be4	1057
0b44d383-fd75-4a2c-a8d8-10171357fd51	1130
0b4588ae-8bf6-43a9-8529-7a5fb4073991	1142
0b47c0c2-79d9-4944-b455-266c3d517354	1054
0b4f0966-f259-4bcf-b507-69125630d0ef	1140
0b50a60d-90e7-4755-89a6-01c7dbcf8757	1075
0b515a99-3893-4d7d-afce-e3acc3906cb2	1093
0b5216b1-1d13-4638-82e4-5aa03459ed1c	1138
0b559f19-5341-48c0-8aa8-875f7be5d3cc	1117
0b574914-fc25-404b-b5e8-7305f611e319	1137
0b5a5588-e8af-40d0-82e2-ebaaded6d8d0	996
0b5e11b8-fbab-4778-b48c-3e7b5ee3319d	1137
0b63bd8c-97ed-4ac3-b519-c337facf41c3	1130
0b6524f3-3875-4176-a9bc-3516985f6d9f	1086
0b65fdad-7bf6-4cde-a3db-a97cc03e597b	1136
0b6a40a0-ad08-4e37-abd5-e2dc7bc93585	1132
0b71bf3f-2069-46fd-99bd-0e7415449782	1056
0b745f72-a2ff-48b8-9612-ce31d165c781	1064
0b770484-1a61-40c5-ae40-3c4cc6c3fb54	1074
0b795e5c-fe03-4b6b-af8d-bfd648e785a0	1118
0b80f641-8c69-4de3-acb6-33df3adaa89d	1143
0b857034-8d26-45a3-bcb4-5dc2ed722b04	1084
0b85979c-031d-487e-b3c8-4e7e6cdda5ba	1080
0b870f1d-0713-40ce-bf01-8a32d189201e	1061
0b87361a-f611-4c72-bd54-6db8879ec17a	1142
0b93ca61-e98a-4ecd-81e0-4ca9510be59c	1044
0b9722d5-3373-467f-ab3d-df6edb5d0e35	1119
0b9a5f57-0f43-482d-b905-7d33ebbf23bb	1035
0b9f4e00-307b-4362-9fe0-a16e4b6b1fd4	1142
0b9fc7f8-3b2e-422f-809f-ce982ccad83f	1077
0ba01cdc-7676-4850-b4af-5122432666c7	1065
0ba5452d-5742-4941-945f-41a114ffb5b0	1067
0bb0156e-3a06-44a7-abb2-a75cb760db19	1130
0bbb752d-5ff2-47d6-97d5-0562d626c679	1134
0bbe4bae-a2d8-40b5-aeed-2ab46825dc13	1068
0bc2d4cb-3be6-421f-bee6-899e5527072d	1074
0bcad866-8e7b-414e-b7ba-4b05ec584fb4	1065
0bd2e8e0-d913-41d9-b829-9db0308a9cb0	1064
0bd38910-ec14-4ea5-92ac-d3d6e712f2da	1123
0bd95133-7071-4473-a5c5-7a157f5665c7	1132
0bdd5983-70d5-4f2a-a3fa-9acc504dc83c	1074
0be1682b-e56e-41a2-af62-2c4c04f3c2b6	1083
0be26368-12bb-4798-b34a-f92091234046	1109
0be365de-8d96-456e-b1bf-14abb3f7df3a	1082
0be69b0a-c005-47c7-b5ad-85b8fca78977	1075
0becbde8-5580-499e-84eb-ac6dce611629	1133
0befa4d9-97f3-4a65-8cc8-66d19b7fb5b8	1134
0bf2b72a-1a58-4602-9314-35d4c6a0197c	992
0bf2bac9-3f86-4121-b9bd-7a8c81a1471e	1133
0bf6ff0a-3c83-4cf1-97fd-95585a4c2fc5	1012
0bf744ab-cb42-43eb-bf42-3aca3699274e	1948
0bfa5abd-99e8-4c86-99ee-485bf4b01edd	1133
0c0659ad-9ac6-4d48-a5dd-75ab531b62ea	1131
0c0b5f5e-0743-4ec7-afd4-eb4d4b40763f	1073
0c0fe5af-237a-47e0-8b52-1b28d21215a2	1098
0c1002b1-306a-4cbb-8f0b-63d92f24741f	1129
0c10473c-2992-4c05-abc8-46c3804becca	1114
0c1321e2-123a-44a4-b3fa-828f4a13aea6	1071
0c14470a-000a-4c28-94b4-714f00319fee	1061
0c159d40-9cde-414d-a7ff-e0081fcfe164	1134
0c162c91-7bad-49cb-8d5f-5f5399285f8d	1078
0c17e6df-e89f-45b4-b8fc-12d2a72937b8	1133
0c181341-b17e-4222-b151-29fc6d516c48	1071
0c184bca-95ea-41c1-a1bd-df8ce9a41419	1131
0c19aa5c-b6b2-4970-a5db-ba309c62a8bf	1072
0c19aca3-fc8c-4525-b1d5-70cf2e4caac7	1077
0c1e25d4-fcdd-4fc8-a880-b8b944c56191	1084
0c1fdfeb-19cd-4330-a643-0d9f0ed345a6	1135
0c21dd9b-641e-4a2b-b945-eaae784dd60e	1136
0c2cd3a6-71dc-4bcb-b338-113522180485	1075
0c2d7f4f-a16a-4eba-861e-b17c8e6e5f1f	1127
0c3228be-3888-42cd-aa18-4858a897c791	1134
0c38ee4a-ef1e-442c-b029-12c95d7a249b	1071
0c3caa61-33ea-4d17-ac09-e924a7f40208	986
0c3cf48b-fd6c-4290-ad76-4069a5273d12	1142
0c3d19eb-abae-4a06-843f-29006aac45d5	1079
0c41aef7-fc2a-4a00-87c5-ef3d36023f73	1136
0c425c77-b33b-4f4f-98b0-28b3617d5a89	1128
0c43792b-7971-497a-936b-f1a8cfb1a3ff	1126
0c461e4b-1ab7-4146-a59c-c7916a15f113	1133
0c4c32cb-db3d-41ec-b3a8-79ba2a2f3e6f	1064
0c50e699-6d16-4876-bd79-300f47079157	1057
0c56fb9f-f628-4ca3-ac86-ed5d368c44c6	1296
0c5a6ff8-1eb2-455d-ab70-d33d95254aa3	1089
0c5c3517-6450-40f4-ab3d-8b87deeb8fec	1077
0c5e3eaa-bca7-4c34-9973-54e070ad9522	1132
0c634fd3-81af-4201-a9c6-07950c05f50e	1068
0c66db20-862e-4ce1-953d-7a332ed762b9	1113
0c67b7ba-f29d-4ed1-aef6-ffeee0e2a07f	1131
0c6aacff-cbaa-4ef1-86dc-2b9f9abc2de8	1076
0c6bc5ba-7ee7-4e5d-ab76-bbe8e5cebd43	1127
0c71f3b5-2fa0-469b-a07a-8af1db5f3d21	1122
0c7368fb-8fd2-42fc-b70a-7a1280a74a11	1063
0c73f70d-55f8-4e32-9e23-f2123e887bcf	1132
0c80df61-a600-4ec5-b2f4-2bd37bc81200	986
0c83b461-4d44-491c-a3ca-df70aba27016	1134
0c84b213-9b9b-4c5b-91a3-0781df24cb26	1128
0c8587af-ec9d-4f65-b7d7-e383f5144ffe	1068
0c8c036f-7897-45fe-9afc-4372520469a6	1150
0c8df395-97e7-4954-8394-a0c663e60880	1066
0c8e7902-795e-4de5-800e-3d892383566d	1131
0c8fdb9d-a7fb-4f4b-8cc9-aca046961c55	1075
0c9061ad-808b-48e8-af57-0ed267552d87	1131
0c90c490-c46f-44e0-8040-af3b597e988e	1080
0c923bc0-fe2d-4062-b597-1ee04b11c803	994
0c93ee2b-041a-47c5-bdb9-ba9b6c661b05	1146
0c94e21f-eabf-4a60-8897-2e2c468e39b7	1147
0c95fdc5-4d31-40d6-86a4-39483b7af924	1076
0c978a7d-8ff2-4633-aad8-356f987eed2b	1127
0c97e8ca-78e6-48e5-a38a-02d2e78ae5c6	1134
0c994323-aec1-4842-9e7d-efacfc0a5fb5	1141
0ca6fe6c-7af3-485a-958c-16587bd398e8	1142
0ca87837-6f0d-4586-8e2e-63fc465d7eee	1075
0ca9e61b-e15b-44a2-8151-1a6f3d8777a4	1075
0cab29e7-ae60-4353-ba2f-2e4f51839512	1138
0cb33c89-7a65-4f0b-b573-8638b11f7171	1121
0cc492e0-d848-457f-849c-789012d50b34	1132
0cc64116-2da8-4a4c-ab48-a69f268aae90	1119
0cc82e93-ad13-4b65-bb15-1c93ab35855b	1133
0cc8a95b-3099-4bfe-b222-a690b644f38d	1072
0cc93322-def2-497b-8c17-392519a21b90	1134
0ccf9939-533c-4a4c-a457-f88897f5f2dd	1109
0cd3ae8b-3284-47a9-bc24-6463978774e1	1133
0cd9e6c9-f0ee-4f8c-bb90-c10c7d4ad54f	1071
0cdb45c7-ff9d-4c43-ba4e-15faa02226e9	1119
0ce003a1-a871-4b51-9a1e-563f37e944ab	982
0ce90665-8e00-4ba7-b058-095eaae6be23	1114
0ce943a7-b0c9-48ac-99c9-64c20b89f80e	1080
0cf24196-f7b1-434a-8783-910ced25a344	1078
0cf25663-a7f2-41a5-96f3-bfe4f213b1e7	1129
0cf2bf6b-da61-4c0b-86e3-c48eb93db38f	1087
0cf2c71a-ad5a-4e9e-abfb-a334a8fda220	1122
0cf31b5f-08d4-4ad1-a1a0-d9487b11fdd5	1070
0cf6a6bc-6d24-4d7a-ae29-19a7bb66c8dc	1061
0cf97964-6bd4-4f63-ab17-5dc362809544	1039
0cfda93b-1a3a-4add-9f6c-ca115f0863c2	1082
0d02a354-2cb7-4a88-9bcf-e88b71dfb6c0	1129
0d05c361-a6b7-47d1-9ce9-dac03021cca5	1049
0d06c86b-2f7c-4367-8512-ae8c1e50543c	1068
0d076e9f-6ec1-4530-989e-996673354f74	1132
0d077808-2c2c-46d9-824f-77093f608992	1183
0d09f841-186c-4d1e-a272-ab5bfadcf03c	1052
0d0b3a3a-cd05-4328-b728-242d646ad4da	1043
0d0e1cfa-ab2a-45ac-a100-2cfdc8bbcc93	1126
0d0e6d81-9c93-4f9d-a88d-c9b05c355499	1120
0d0e9bb1-1be5-4706-83c3-799b793ae02d	1138
0d161989-aff3-46f2-825e-c8ec581aa422	1020
0d1694ad-6b6f-4047-8cf5-03f1dd6e9179	480
0d18fd19-8755-47ee-886a-d155daae5ba4	1126
0d1e9bec-7624-4701-987e-1733c313e1c6	1074
0d20772b-00e1-45fa-8859-94cb694c0cf8	1133
0d22a9a8-2fbc-4e94-880b-a21cb5d9dfbf	1078
0d22e8b2-9d45-4e7d-bedf-4cf49106ecac	1138
0d2e31df-faf7-4aed-a412-f1e67ca183c8	1132
0d39dbf2-32ab-460a-b441-066d8bd60bcd	1137
0d3dc51d-3115-4b1e-bcb7-6fc210cfe395	1129
0d479822-b12f-4ddf-ad82-378ca492c80e	1008
0d480c91-6453-4f28-91c2-ec0d06f4503a	1054
0d4af6dc-497c-4e52-95fd-ba9c99adf7b9	1071
0d4ffba5-6152-4e2b-ae49-468836c013de	1113
0d52ec53-f2b0-4b7b-b3f9-5789d93aca24	1118
0d574547-70ba-4bbf-8d42-85bd3dd88620	1156
0d5fe4a8-ff9c-44ad-a7cb-2b0bfdf92134	1003
0d622349-5b8e-4f06-991c-5c1d8a3a321b	1144
0d6347c3-4dfa-4dd0-9038-6fa763c6c20f	1130
0d678512-0739-47a2-bc24-0a7e2af96662	1137
0d68a648-42b5-4dcc-be25-f57caecc2bbf	1071
0d6a23fc-724b-4178-b831-43e83dba75fd	1120
0d6ec35e-f23a-49c2-83ea-a1625e9ac9b6	1135
0d731fc3-f2ed-41b6-bc66-1b9d70b39037	1137
0d74fc30-07e0-438d-a90e-1f904cbe2a59	1134
0d77e378-678b-4c6d-ac9c-bf729a19cb96	1131
0d7c92fe-2542-460e-b9f5-335852456631	1077
0d82789c-cccf-49dd-82db-2136bf64163a	1049
0d85a775-2d51-4e03-972b-fc1995ba5a1c	1077
0d8c80ac-33fb-4d2e-be39-dd9689ed2a59	1069
0d8fe1e4-ca19-48d1-bfeb-d8b3c441a9e3	1077
0d966d20-6c1e-45a7-9938-d3905abfe8cf	1135
0d96fd1f-37e4-4ab9-ad74-b8763c45665e	1113
0d977db1-7bda-4381-91b6-b1e0bd483247	1072
0da26b6a-ac8a-4560-93a0-9d6ff4a99b51	1134
0da5399a-e4b0-4dc4-8f53-c19e54059db4	1070
0da789b7-a868-4e06-aff4-059540890196	1129
0da8b3b9-15f0-45af-8f7f-08b0069d2243	1072
0da9f075-5d12-41fc-a2e6-c1537fefb942	1122
0dab6257-3c99-42bc-93eb-f8907f59f342	1137
0dbbe363-8537-4d2b-8127-0e26ba6b5cff	1083
0dbd2975-d02a-446e-b24d-dc62e65ec07c	1106
0dbf529a-b215-4270-94a4-3983546d2db3	1251
0dc38a66-8630-460e-9ef8-45a4e17a69f4	1051
0dc5532e-d261-4ab4-9c60-682c9b830395	1070
0dc5b2e2-be7f-4a2a-893c-f9fb880ae3e5	1132
0dc5c251-3fe0-4453-81cb-7575c660e5e2	1069
0dcb7918-a7cf-4a5f-883c-c593346dc48e	1129
0dd00965-0637-4f37-a2bf-8bca2e8a0d41	1129
0dd51835-12a8-4f6f-abec-8687e1bf1727	1113
0dd7278b-0233-427a-8001-1877556787fc	1129
0de4a6a6-a509-4a70-be47-d5fc0e93af91	1132
0def0ee1-efaa-42ea-b847-7ce079913254	1135
0dfa458c-2830-4b18-9b67-4aa7c343240d	1056
0dfb69bc-79cb-4226-8faf-2c9aabae095c	1132
0dfc0b94-2560-49b3-84fa-30a797c2512f	1131
0e0260b1-315f-41b7-8dff-77ab828d2063	1069
0e03b0cf-34b9-4822-a311-171a615c4e67	1117
0e05d3ff-f8b9-405b-965e-97c98e8487e1	1130
0e065ac5-4e7c-4680-8060-e945dee14b6a	1028
0e0b747d-7ff4-48dc-98d5-f87344dcb85e	1149
0e0d799e-4b69-4bad-a729-5a655c34bb67	1123
0e0f4e3e-5ed6-42c5-8aea-1e2e6d069e4a	1073
0e114071-70e5-4691-9a7d-33a8c5e508a9	990
0e13597b-6c23-4b3e-bbea-ccf8e2fe9344	1136
0e13a9a6-39f9-4dea-8649-3c86e1ff9f8e	1120
0e144aeb-0c2e-413c-963e-53ae7af1518d	1078
0e1bd495-4e03-4dff-8aea-5142e503925c	1135
0e203913-a873-4ba3-ab81-4a04ea50fab9	1048
0e226dc7-c778-4f1f-8473-75b808031455	1124
0e26a634-2359-4ab2-9e9a-0d375029fdd4	1144
0e27da72-0e28-4540-a4d6-524096ed5006	1130
0e30c935-642c-4673-87a7-2e9c6f00cc73	954
0e31c323-3073-4981-b995-d4f1ea3279c9	1130
0e34c497-4fcf-4776-834a-b51274d925cd	1141
0e35206d-3db4-462b-a6e6-5de3fc4435ce	1077
0e3770c2-50d6-403c-a85a-15829221a9b3	348
0e38ccc5-dc67-45c4-9413-a5a24195be4b	2043
0e3a760d-8177-4cbd-966d-300982dd0416	1147
0e45b3ae-2bea-48c5-bcf8-c5766b1a6983	1135
0e47c1a1-690e-44ea-b369-2eb007d33209	1073
0e48dcd1-9e74-4b56-b168-9bbeed91f431	1144
0e562dcf-72ab-49b2-8f62-b23dbe8f4173	1069
0e63b9d2-0531-4901-b4fe-75d1f2f2ce39	1141
0e664b98-db79-462b-b2d3-11396069f8af	1116
0e6ec52e-b921-474b-a75a-98de534c68cd	1133
0e709d8b-d8f0-4291-9a07-850bb9801917	1132
0e7140c8-264e-45e5-b777-ffbe9ed1f35e	1072
0e716b0c-4ecb-4a16-94ea-1d52f646ea1b	1127
0e76d1cd-5a08-42f5-8daa-0c209a596ba3	1129
0e7f4275-3a71-4ffa-999e-a7076336ab77	1106
0e844333-3f72-46eb-9a2d-ead8abbb922c	1061
0e847604-bb2d-493f-bf25-1e076dd2b222	1063
0e861306-ef72-46a0-8dc2-3fe5cb657647	1141
0e86527c-da0f-45b0-a192-8d67c45ac42c	3121
0e885710-96b9-4cfe-b17d-dd52f91dcebe	1081
0e8b2d87-5911-4c38-91fc-e815191d2dbe	1142
0e925000-8718-468e-ab2c-968dd0d678c6	1078
0e985c26-5a7e-481c-b39a-8388d0160525	1094
0e9e5021-8668-455a-ae9f-b0434266582a	1069
0e9ec549-7ad8-4667-8868-9ab81b2e767e	1072
0ea29f93-e410-4b0e-a912-0aa59bbb63d6	1103
0ea5f23f-9c0e-4645-ac22-f859b41046c3	1078
0eaa5d81-140f-4a8a-a2e0-7f3a752b13e9	1077
0eb5842b-1a67-4e49-a3d2-ce2c76e63ff6	1123
0eb84aa6-eb02-450e-841d-1551d4988b06	1077
0eb8e8eb-f9f9-48aa-8f56-880ed6fb0b1c	1133
0eba436f-182d-4330-892f-fea5d3a2131d	1130
0ebfa92b-e1dd-4e97-94a6-062e95409298	1089
0ec10110-247d-44d1-8cdd-65b547eda0dc	1133
0eca6d70-4fde-4548-bb8d-60c922d9d50a	1135
0ecb8044-a8c5-41bc-a4ab-9c2f841266c1	1060
0ecd0081-23d5-4edd-a2e4-98fcb81e8276	1119
0ed30c97-7b99-419d-9b76-1e803c001ebe	1124
0ed5b9a2-361c-4142-8e00-0eb7310175b7	1042
0ed9a768-273a-45b9-9929-ae1a1a120a8a	1057
0ede9c92-b459-4ba3-a0f3-08f2a2bc917f	1134
0edea5de-23ce-48bc-9ccb-d3a933383c6c	1061
0edf213d-d6d8-48d4-9697-1ddea44280b8	1065
0ee20042-b042-4dda-b461-b079426e7b4c	1139
0eee7500-8836-45c4-b305-70b46176c13f	1064
0eefd121-fe3f-4b63-98ab-8fc9cffc25fc	1073
0efcb9aa-c700-4177-882e-96f36a78fd9c	1134
0f09900e-2cf0-4af9-befd-ee3114f5d375	1136
0f0b5e53-7079-4fc4-a6dc-781fec53ae30	1073
0f0b87fd-1501-4b2e-a380-b52218ba218c	1127
0f0bad79-700f-4cdc-94d0-724a89d088f2	1054
0f126ee6-ad23-45b7-b0ea-160ad4e0b7f9	1145
0f158d3f-ac2b-4d95-9227-96d5cbc2812b	1133
0f256f67-48f2-4c31-b3b2-6b24472408d4	1125
0f26ff02-8108-4430-b95f-39b6e6a1ae34	1075
0f2b29f8-5309-4331-9eb2-199a830d63f6	990
0f2e8e05-d793-4a43-9124-19607a8fd5ab	1079
0f2faf2b-1aa8-4c09-91c4-7d9a4affc10c	1119
0f35a00a-59c4-425f-b5f8-0ad05df25891	1139
0f36d43d-6852-4793-bdfb-cf8ebbba9b2b	1063
0f37043a-5b1e-4d5a-bea2-e540e65d6c03	1079
0f3b89b3-6fc0-42ee-9ebe-d7f4005f8583	1074
0f3bb615-f902-4575-9af2-6a2fba88daef	1045
0f3dd7a8-fb51-402b-9698-98e65119edb1	1075
0f410df8-eba9-4516-9e52-ef9b91aa85a7	1079
0f441eb7-2ff7-47d7-8e21-f86fcfa4d006	1070
0f4569bf-4482-4cc6-ad7c-26153e7402b8	1147
0f473676-7712-4d3c-94ef-40cc60390667	1065
0f4a2418-201b-45b9-8479-30176bca77e1	1050
0f4bc858-e267-4d9e-8f5a-ec2ecb37742c	1130
0f4eac26-dfed-4480-9421-5c24f093a198	1137
0f4fe47d-590b-4c48-a623-2fe61a0f3a8a	1148
0f532b4e-a853-4bf1-8e53-b7fb3f994bf7	1125
0f53e265-d078-4f81-a6ac-39793fa396a1	1136
0f553f77-4a57-405b-a0e5-d6a11ba9d683	454
0f560754-ea85-4a45-8ef0-b2a0da31263d	1125
0f5c6c33-00a8-4601-94cb-9e76f7e1e408	1135
0f635a04-cf82-4d3c-acae-698fb43df6c9	1062
0f685986-e384-45a7-883a-77039f2bab18	1136
0f6a6277-a643-4375-95f6-7adf4ed4db93	1050
0f70f110-803c-4a20-853e-c628d26b56ad	1066
0f76cdb8-72b8-49d1-aa6f-6f97af5f144d	1140
0f828d12-81f0-45fe-9ffc-6dc47fe57af3	1071
0f843edf-6f2d-43d4-a52b-57829b52decb	1337
0f850474-6856-4ce6-8f3a-5711f0b028b9	1115
0f8db95b-c62f-42c7-9757-bca380ba8b22	1075
0f8e09bd-7f02-4c5e-8a17-0ea7cde26b5a	1130
0f8fdc4f-ef2d-466a-af1b-da5de56d5550	1073
0f9201da-6b59-4b42-9d4a-f09d04a2e47d	1079
0f93adfa-af5c-4453-a1d2-6bf6105e9cfc	1062
0f95d603-213d-4699-b2da-22f2d750cdfa	1134
0f96e26b-ecd7-42bc-967c-9e0963645479	1076
0f97d490-d292-4771-8030-30043aaef905	1130
0f99114d-a941-4227-a7bf-213b0ad3f4b7	1140
0f99465f-57d7-463f-83d1-cd00ba56b211	1069
0f9a0468-09d0-4fe5-a2b3-8cfcc294c6b3	1071
0fa461bb-36b5-4863-98cf-878a56018986	1138
0fa504cf-a081-4533-917f-08215c1c9b57	998
0fa858f4-1936-4a34-badb-11024b21a552	1076
0fab8254-359b-48b7-9b6d-2a0f9bee4ed6	1122
0fabbb59-af04-4d8f-9656-4c5bfc53ff31	1131
0fae50d1-2077-4582-bcb3-fbf87ecf67af	1141
0fb57b93-de1e-4bc6-9702-863667e90c70	1151
0fbd13c4-cb40-41ee-9a65-5727be289812	1072
0fbf12ec-73d0-402a-966d-9b200f2db3ce	1121
0fc9a4a5-5a64-4e75-a3a5-00b697bcc31f	1116
0fcc99f6-057d-42b9-b576-b9ed214d5dac	1133
0fccf8e4-92ab-4189-9374-3683e0d38b98	1077
0fce50d7-926d-4f39-aa3d-566b5bf14320	1078
0fcf380f-3c89-4037-a32e-6b7e2144cd2c	1072
0fd07d16-1a4c-48f4-b39d-b583c841f42b	1051
0fd2302d-e6b2-4d19-b09b-ee918593696e	1131
0fd367af-8fee-46c1-a5e0-ad51deb0b269	1129
0fd50d5c-8114-4f87-bf6f-e922e5f69567	1079
0fd8819f-3635-4997-a376-79f0da286eda	1072
0fdd7d9f-656b-45c2-9548-7956a361934f	1065
0fdd9b2b-9e98-41e5-852d-56abdfb97812	1051
0fded98d-be69-438d-b7c6-cf14bcb8b47d	1053
0fe4756d-d8f2-47ea-ab90-7b944f667947	1138
0fe5f01f-883f-4487-9392-6dd1ee411465	1068
0fee3b3a-419c-49f6-8a5a-c667d20a69d6	1125
0feef8a5-38a9-40a2-ad8a-ebcf2900d856	1128
0ff47bf8-f28e-44a9-9de8-40a6046e3117	1076
0ff6f7de-8aee-4dc8-b82c-0715bbdf3c54	1047
0ffbe6f1-f131-435d-a4b9-fefa7938ab22	1081
0ffdf6c2-71ee-4895-bcbd-465a0f4232de	1133
1001360f-c6fc-49b4-8da7-cada15343105	1066
1003ab78-0bed-47b1-abf3-eb897954996c	1055
10046e3a-01f7-4175-85cc-2c1a8fbd70c4	1061
100954af-5a7e-437c-802f-3510eb886213	1071
100c3e46-8f50-42e0-8c21-34fc2bfc8f9d	1135
100c6955-fbe7-403e-976d-f733c0c9686f	1065
100d0624-461b-42d5-acb6-6ca2a8f0753b	1140
100e5441-74ba-4171-bb37-de7f7f0e62e9	1063
100f7032-18d1-492f-9206-8829ee7509a4	1087
100f9ec0-2977-4760-8ca8-0d4738c47fce	1071
100fc553-167c-458b-b655-bd5768ea7e4f	1130
101316e1-4041-42c7-8858-115879f2b1f2	995
101f798e-4550-4cf9-adf9-c78ffb1f8824	1064
10270fc0-3886-4eaa-ad43-e195de6f67b5	1065
102b25d7-0dcf-416f-9162-510e45497f76	1139
102b8ba2-6a5a-4ca1-9544-305d8c230263	1050
102bfc87-5fac-4994-baf7-1a85fdf77285	1058
102c1842-400b-4348-b5f8-3f096fbd9ee9	947
10313fbd-86ff-4956-8ca0-8d5322dac620	1120
10322dee-c986-4540-9900-1600f25751af	1069
103bf963-16be-41d4-8901-ba1989c3cb98	1061
103d447a-7cc1-4e38-aa93-7f35ea38df50	1076
103db259-a99b-4146-9043-df33803299ed	1119
1040024e-7185-41f5-8120-75d31fc6b5c7	1077
10433218-843a-46c1-8496-41748618f37c	1071
104760fa-b5c7-4fff-ba32-9c87661b8f6a	1130
104a8886-e1ff-4ded-83fa-f8fc00607e3d	1131
104cc2a9-e46f-463c-b98f-dd1b6e7b859c	1073
104ccc46-eca6-4e62-980d-89b10b3625b3	1075
104ec345-a28f-4c4f-8eaa-e8cbfffbe2ec	1133
104f1af9-7638-4e59-b803-d25213036a41	1072
104f97f5-f839-4c9f-8f48-d235d01dda42	1130
1054571c-ef0e-44b1-bc67-6c67f4373ab4	1143
105ab2dc-59ca-4a56-b2d3-62c224f69d54	1136
105cb013-9b94-46a0-a31a-7dc9a10339cd	1137
105fdfad-49b7-4780-9190-e35581e1c8d8	960
10637a9e-f6c6-4aa2-a38b-86cbc1307c14	998
106a45ca-e205-49bf-b374-8862e8024124	1053
10711a5b-3ed3-43e0-b7d0-6a14e768c920	1069
10779843-32b3-48fc-85ee-0ffd23e65057	1068
107ad23e-9bae-4b75-a7a8-55cf780d2c1a	1069
107e09f1-73cb-425c-8914-4636a10da02b	1066
1080a85d-9c1c-4965-8d7d-c178113e8a60	1350
1080c278-450d-4096-a049-9b127ff28525	1066
1083df44-1c4a-4853-91e3-6728484f6b8b	1139
10860bc7-2027-4ab0-a83f-2a94b3d6b08c	1065
108646ce-84ce-4c47-897c-046f3d7ba98f	1139
108750f3-1cdf-493a-b05a-2e49b4bcfd9c	1135
10934ecb-ebc4-4352-97cf-f99905d38c36	1129
10940509-fd7c-4cbc-9073-4123c42a42b2	1068
10996855-84dc-4260-90f4-ec343d728948	1044
10acd9c8-5792-4d02-bded-3a72fa1d8bc1	1135
10ad2df2-6ef2-428c-95b6-5036677914cf	1075
10b1d68f-c07b-40b6-acc7-ef2dc0e3cf6b	1070
10b34e54-5757-4a60-9016-209a02903b21	1140
10b3c998-4d25-4e9b-84b8-da4ab4637692	1121
10bba8a4-3349-4401-bb18-9bb82d1f312a	1086
10bcfb35-bd9e-4561-bce4-d9688042b054	1121
10be1f52-3c52-4e81-819c-969ce7f4e0d6	1077
10c678e4-592a-4d6f-94d7-79f1737af366	1075
10c7a49f-b61c-4a9f-a25d-a5290e7599db	1079
10ccf5e3-373d-4ce2-bc4f-dafc44c53e98	1067
10d1b607-f0c9-486d-9c8e-cbbb52414b30	1131
10d7dab1-8ffe-4fa9-8a54-ff3057cb4c74	1133
10d97399-23bc-4288-a09c-3a9428ae6e45	1069
10e21246-47dc-479c-9fd6-6d9e7dbd4210	988
10e3b4fa-47e5-4101-abe2-123984468ac2	1139
10e44be4-2961-49a6-b4f1-fdf01e3b92ab	1116
10eca4aa-c31b-4d5a-b8d6-03c76f0f12b1	1072
10ef39f9-f10f-4843-b032-da6c2d9545b0	1122
10f3bef8-955b-4273-b153-82f746b05cd3	1071
10f60895-8398-4d3c-9008-ff7ec59dc2d9	1049
10fddb25-307c-4c6c-902b-7297922ddc39	1077
11033e49-901a-4aec-beb7-1fe9e8538bb0	1065
110423fb-86ae-4551-a0a2-e4213214056d	1049
110ca62c-58a7-4a98-94c3-341fd73a40cd	1135
110d7057-e322-4138-a4d9-1656a3f261ec	1121
110f2c62-82ca-4555-a094-e0ef6ec9e3ea	1077
1111d761-1ec7-4bc5-8805-720a69f1e06b	1071
1118346b-d77f-4081-b3dc-d9528df0765e	1139
111871b2-937d-4cc9-9046-baf510b67806	1135
11220f07-56bd-481c-a5d7-1edce65fd865	1137
11224177-f997-43e4-acce-c2ed4c325a9c	1078
11258159-3a60-4aff-b5e2-ad1ec3ca1209	1086
1127dc49-e8fe-4177-ae7d-46884e8e1379	1061
11284e54-78df-44cb-9ad9-08b7db8866d0	1142
112a58e6-fd00-453c-a9b6-8c1eee378920	1069
112bfc4b-b1f9-463c-b1c1-9cca2db9e39f	2130
112df1d4-2253-4f34-9a16-8e640f3d079e	1136
11340669-62c8-4c11-b099-17c8f609b30a	1079
1134692d-e600-4c9d-98c2-7cc866fa6419	1113
1134db61-8a57-46e4-820d-50dc4b5d719e	984
1138fb06-2be0-45fc-8f43-9aad658e3035	1077
113ad616-4bed-4b86-a7ad-cb5edd7a965c	1070
113b3f5e-3a4e-401c-8423-f468c3ebfdf2	1112
11413b4d-65ec-4695-8846-d1af05f1fa8a	1000
11426fbc-3c18-4e9b-a693-638d9d2b193d	1066
114781c0-0119-49ee-a9d9-9e28b58d249e	1081
1149c32f-ed22-4553-840b-3cf2bffe8cf8	1130
1149ed55-1da8-4123-82aa-8672476905e7	1071
114cc0db-7977-47b9-8cf1-f1535cf7a8e1	1137
114e7135-1251-45a2-9ba0-c75e8518ab6b	1130
1152bbf6-4101-4c88-926b-f58a653da936	1060
1157ff53-4abf-4063-9d5d-50b28b23ed59	1138
115a6da4-5c11-4337-8c83-9dacd8047d2a	1127
115c812f-3f3b-4231-a4a3-5afe157f4b9c	1134
115eb84f-1f4f-4032-ba7d-1b1353cecfdc	1078
115fd262-5157-4f51-817f-1345f12b553f	1134
11626de6-3e3f-45f8-9a7a-7c26a7e784e8	1007
116445da-dd6b-4104-9054-89b4385fcfe9	1101
11666688-a46e-4389-bc89-25e015076e3c	1139
11670b19-2d80-4a0f-b22c-cf2f11ad7a6b	1057
116f12c4-7447-4881-920c-afaa0818120d	1131
1180f95c-d4ff-48bd-bb50-11be4e7bf0be	1079
1181f6b0-eaf0-4af1-8d5b-276fb9cba04f	1073
118236a9-a71b-4df1-80d1-8f9ef2c7f71d	1048
1186f296-4cca-4e46-967e-cefd539b72e7	1092
11895dfe-66e1-4e24-84ed-1f5ae0c391e8	1076
1189e13e-ca21-42cb-aae4-b30a94befba5	1074
118b78f8-cff8-40f1-9be2-8cbcfa11eeb0	1115
118dd992-9db2-41c8-85c5-caf960221445	1127
1193f693-883c-419d-b12e-28218ec5cb82	1106
1197589a-2bd3-498a-a9fe-dc3e1d76dbad	1077
11986907-a62a-415b-8d50-9bbfe7e9fe12	1130
119ac545-843e-4c12-bf2e-bc4f480efb5a	1069
119ef213-752c-4b51-843d-b122da420ae6	1073
11a07235-ef6e-43b1-8393-a6173bad1bd1	1146
11b09eb6-b863-4003-a0ad-1461a9f95100	1044
11b111f3-e710-4c35-98b4-5da6371fec37	1136
11b24d23-d8b6-4efb-b598-05081eb602b5	1142
11b744bf-db0d-4cf8-9ddc-a58ebc5b25b9	1140
11b92edc-9394-4ab2-9d09-eb316c20bdb2	1064
11bdbfb8-7d8c-4283-a09f-0fa5e689b713	1081
11c21d51-545d-4e01-bd97-6ab6e14ce3ac	1060
11c3e7f0-bac0-46bb-856c-af5e97f28905	1134
11c67802-aa4d-4bcf-a358-a02acabad391	1137
11c81e14-5692-4592-8c61-2bc2c2258ce6	984
11ce822a-dcbb-4db2-92bb-c754bf4ffd6e	1137
11d295cd-6843-4b30-a794-35b36b319e0a	1075
11d2d55d-4ff5-4059-a16f-c1958e3df8b0	1070
11d39945-989d-4fd7-8be2-0035305e263c	1114
11e31f63-ba1a-4478-b758-eb789f8bd73e	1076
11e3fb04-be11-4e8e-bc04-5675100cd714	1067
11e5e83a-a8e4-4a48-9343-d99bf89e1b28	1075
11e67a5d-4b3d-4c72-a706-43b7e6abf088	1077
11e87426-d75b-4f7a-93a0-6b578d4b3b9b	1073
11e95824-2fa4-426d-93be-b0493b854a23	1066
11e98e38-97d0-4b7f-a370-d88ad94c175b	1113
11ee5842-92cf-42a6-bb2b-8474ff93b8d5	1131
11ef36df-fc6a-41ef-9140-038ff38c5f34	1080
11f0489a-6905-4d6d-80ab-7d252c3bc613	1069
11f0e279-9b95-4eb5-a61a-e8bf75898bdd	997
11f1b265-c51d-4643-98fd-cfe97f1b3df2	1124
11f29a1e-5440-4c46-ae23-812ffbb6f1d6	1134
11f39e88-eb83-4afc-9067-8f14452d0289	1064
11f64084-419f-4c2e-b973-398c42b06c75	994
11f6a233-135c-4687-b5e0-a2761c8c3182	1053
11f839c1-a15c-4e6d-bbb4-491ca5ae2002	1063
11fab092-8873-477d-a30f-eb08f795da96	1072
11fdd0c3-793c-48e4-b7cb-10a5cfbc085d	1148
11fe3fbb-a63f-476f-a320-b85bd995efe1	1075
12014f57-e4aa-44b3-812b-34c5ae51b981	1112
12018293-cdeb-4599-9485-d5082f4fc0b3	1115
1207e0c3-fbed-4b24-93d2-2793c23cef8e	991
1211d1be-fffe-4e0a-87f7-be1cc36fafe3	1065
12178f54-321b-487f-90bb-7905579052d3	1148
12290ea0-62b3-4dcd-b44b-f607ca2dfdad	1136
122ee657-7b28-4fbd-8390-c7064322dce4	1070
122feba6-0970-498f-bbca-ace7fa23da85	1071
123548b0-584f-40b5-9181-b9fbd8515978	1355
123e1977-3d41-484a-bd4a-43750e2f4c46	1138
12435dc3-5c2a-4db6-b1e7-e1fc826e88a0	1111
124d04c0-f2fa-4019-bffd-97fb858eba24	1078
12540f83-3c6b-4006-9fd0-9039678e58a8	1113
12563668-793f-426b-9301-f3fd6c46d902	1131
12583278-c11e-4ca2-b7ea-e80179791de2	1074
1258d847-f48a-4ffd-af76-16ddb915047d	1081
125d42a8-39c9-43be-9366-988977fad6ee	1124
12614964-7a22-4b47-bb72-b52f73be884e	1132
1261a14b-5442-4684-b218-b8f2827fb583	1137
1262da4f-4b4c-436a-9603-b07cf0d38c32	1139
12667525-4e70-4cd1-94d4-09be422ee82a	1134
1267fea0-9f03-4a8f-9340-c2ca8c67c307	1123
126b48fb-578f-4750-8372-e47bac20a6a8	1077
126c8703-9425-4d22-9756-4de93089d1fa	1072
126cb792-9429-4dce-aadb-1f4913745cfd	1067
126cf906-eecd-4870-8312-1cbcce0d9a97	1123
12794d1a-cf8c-44c6-9627-83589d575354	1132
127b0402-61ac-4405-a4c3-34ffb4827c6c	1085
1286486a-ff3d-4fec-8f3b-e00f296698e9	1065
128903a9-15bc-4320-89f5-a9787e592313	1076
128d4ef1-8554-48a5-8b5d-e6fcec5f8588	1073
12908637-a2ff-4b93-a02d-26950d8ed1f7	1050
12997161-b2f8-41aa-80b2-28995d16296d	1060
129ce3c3-2786-4f07-962b-7db54c3f7e28	1056
129e23f4-7945-4ed1-8031-aaea2f0cacdd	1129
129f956a-9141-4fac-90cc-900110c4e059	1057
12aef8c0-ddae-4697-a17e-8c73a2b3b3b0	1142
12aff1bc-6767-4538-8ec0-c28aade45329	1129
12bd4750-f880-4449-9638-1f677de9871b	1136
12c1fe12-8a28-4862-aef5-54a5395036f8	1050
12c361d0-3cd0-4d6f-8ab9-e398a6217c62	1057
12c4fd75-621a-4964-82c2-817c28df3d2c	1062
12c9da89-5f59-4830-9461-ff9c7f1cf213	1135
12cbba33-7903-44c3-b12a-6f7d35dc72d4	1078
12ce93d5-af51-4ded-a27e-9d713ebd066c	1076
12d3d37f-0ac8-4ea0-9352-3df270febbe1	1065
12d6847d-d3c3-4b7a-8c86-ee49522164ae	1130
12db31af-8beb-413f-80ca-ebb00559bf39	1072
12dfb69a-6a0f-47ce-8a51-65550d6f9687	1053
12dfd036-6c85-4a7a-86e8-23fc8b09becd	1122
12e363d3-58d2-4935-a48c-f3d305fe8962	1107
12e384fa-44ab-4956-a784-33945222e14a	1069
12e6a846-dd8d-4b47-9e5e-fd1689e34118	1064
12e8ed52-8446-4eb1-ae7f-4c814882aa35	1064
12e95eba-2174-4ed4-a9a2-34859a63c419	1066
12e96d86-834a-4444-b39d-79ab88d094d9	1080
12ebf4d9-3349-4877-9292-169bbc8f59e6	1112
12ed1374-022f-457a-ab3a-6b9541f7b0fd	1047
12f11707-2d4a-44ca-b273-eb26ada622d1	1043
12f12f66-c2f8-4108-8bdf-547416af7475	1062
12f4ebec-a501-474d-bbc8-286872ba69e7	1079
12f8d38b-2099-425d-8efa-fabc53d54e1a	1132
12fd0b20-c44e-4255-b383-33f1fcf4afdb	1075
12ff7491-90cb-4c50-8ee1-705b5d828922	1074
1302c4aa-9e6f-4d1b-bdbf-f7982486e09c	1125
1303b721-51d3-4e7a-9406-ff91ba5fd230	1074
130460c1-38cc-4cc6-83d1-dab5d3f8ca9b	932
1304edff-9fe8-4d8a-b017-878046f70ea8	1121
1304ff97-fc53-4725-8d24-9241029eae34	1070
13062b90-9643-4d9c-a7ec-06f5f2e29a05	1074
13082297-b7f3-4e42-a7c7-709bb4f59b3d	1069
130a7319-b29d-4814-80dc-2a18b3b3bcdd	1119
130a7da2-6f84-410d-adb6-cb3f18b32cfe	1138
130b7e05-9dc1-4618-9351-396650d9ba05	1049
130d4a45-5c30-4485-a27f-a921be44b4ff	1077
13119f59-35d0-47ca-91f5-90ba434d6929	1127
1316b614-0030-4734-8bfd-899de7ec34d6	1058
1318604a-8d35-4455-9f64-0cb8a14d28b9	1122
131ba9ab-b867-4a14-8981-6a22a39985e8	1122
131fa8ad-73c6-4574-8243-c6a4cdc21d41	1075
13217303-8b76-4be0-8035-203838e69d51	1143
1321b657-e722-42d4-bc02-9630f1ceaf96	1070
132405f7-820d-49ef-852f-fb1a724176b0	1070
1327df95-efe5-4609-8080-6e0c5dc91af2	1050
1329f1f5-e66f-449e-893c-cc31ee1f5744	296
132c05fa-e85f-4eb8-917e-01a8b7add61d	1111
132eb969-d822-4aa7-95d9-edb41ed168ae	1068
132efd7b-04f2-4b07-875a-bf2b3bc30410	1132
1337100f-250b-46b4-b8ce-600563190bdc	1133
133bc10b-d0d4-4bda-8451-52b3c270a152	1124
133eb423-1bdb-4c66-9665-851728add8be	1134
13404b85-729b-4416-b57a-e4d59af91585	1123
13448a1f-0c1e-41a3-86b5-a1a61988d0cb	1078
13458ce1-9c9a-49c4-90c2-3e2371d02d4e	1124
1346e18b-49b2-40de-baaa-b822e24e6260	1061
1349aa04-40c7-43a9-b291-de6815fd3e48	1128
134a8f72-99b8-4fe2-bdf0-71a051e88dd8	1076
134bdadd-4e52-4494-8a5b-3d3e0d94d904	290
135042b5-276a-42d5-8160-bfe670818955	1143
1356f39d-c1fd-41cf-92f1-7c72d0b2183f	1129
13574013-be93-4f23-8fa8-88329c9d4cbe	1080
13593300-8d09-4862-a3cb-2cbafc83959b	1128
135a187f-2c3a-4902-817f-9b8b642d6c84	1058
135a68fa-2b3c-4467-a6f5-151a9e624d5a	1067
1365d5f2-ff13-4ff5-9e64-93f58fd1b9b1	1065
13676999-89ea-4d46-9aa5-925eaba841e8	1056
136ca3f0-f918-4852-8482-ac72632a4d92	1356
136cabf3-8e22-40ec-bfce-1b772e9ecfc4	1069
13727ec2-f398-43ea-beb1-264e1ba3b230	1130
1372d7ff-e6c8-491f-a0ff-6d309b309a4c	1134
137a897e-7495-415e-88c2-efc0024c7227	1069
137b5124-97b4-4251-9a42-d37536092384	1050
137f4199-47d6-4ae3-9baf-7f4edf6ffc54	1131
1387baa0-bd07-41ca-88b6-ed4cde81a343	1124
138b6aae-69d8-4305-a451-b7d4010dac9f	1096
1391afd7-64f0-4323-9dd9-1ff92a66c600	1135
1399af95-abf5-465e-a6c4-5b91bbc951a4	1126
139a6dea-f90d-4721-8be2-75b16239f982	1068
139a80b3-c5e1-4cb2-a073-f98fa7139434	1077
139e150d-83cb-4720-969d-b5afd8892b34	1071
13a263dd-8175-4947-8952-17264de3d2ab	1143
13a3fb24-d78a-473c-9bcf-379fae76d911	1059
13a632d5-f674-4817-9980-558f0e305f95	555
13a7b655-b7af-41d2-9ec8-61de18d01621	1072
13a7ed52-b607-4fee-aa5d-22cf82b2dc0b	1062
13aa1bcc-f4b2-4ae0-a517-e62fee43fbe5	1040
13ab7c48-75ee-463c-bfec-e5224fd38553	1037
13ab9c3d-f2a2-4f0c-8717-006d4bc0ee66	1113
13b8a49a-5615-4d2b-ac12-641983643d0a	1127
13b8e43f-5a6c-4769-bddd-ad40eafdb313	1129
13ba1563-bf47-457c-89a7-43bba7eed89b	1137
13bb8a83-5cdc-42ab-93fe-dfa6dc0782e7	1062
13bf5e5c-3752-4ca8-9934-4be5e57ed27b	1133
13c03e3a-9204-415e-a525-2c45962882dd	1120
13c35424-5ceb-4bbf-af98-cf1b4e177317	1127
13d6a6d5-7959-479f-8d1e-e01e4b3a1f60	1114
13e130e1-88f3-4635-a9a4-0a440924a500	1128
13e6a0e0-fff9-4c32-b967-79de6d95f7cb	1116
13e7367b-a90c-46af-800e-9d6a434f5118	1076
13e99540-8e76-48af-86e2-0b0d13d99ccd	1487
13f15fa1-5776-4d36-aa07-077b5d34917f	1119
13f6648a-007c-4f12-b1e6-f7f974d4e54b	1077
13f735c8-1b35-4620-a234-5e71f742f0ab	1136
13f8e687-3c39-4f70-bfe0-ac6e70ddfea2	1131
13f91b9b-8d65-4179-b09e-dea284ff9c72	1072
13fc0ce6-09b8-4d03-978a-258c75afcee2	1129
1403e4e3-9d7f-4122-a533-1a6430000b9e	1123
140812eb-da1c-4134-9842-37b1c3d0a980	1082
140a141c-01ac-4661-84f0-318d97a146c3	1074
14131499-7b14-48fc-b85d-743431f951ab	1060
141623a9-26eb-4a96-9678-72f7356528e0	1142
1423c88e-a7c4-4464-9ec4-99b4467a34ad	1125
1426dfec-59f2-4f54-9e47-92a18213708a	1066
1427821b-4f41-43c4-89d3-43e8cd61657c	1054
142b91c3-ab33-4e76-acd4-3cdd6c8c96e9	994
142c5041-b787-4e91-899c-cfea52713ece	1080
14372739-eb72-4c4a-8fa9-932029a7b414	1133
143dee2c-ba4c-4bb9-9fd7-2d11a125c49a	1140
143edcca-2d01-4793-969a-b964a05bf9fb	1059
14468e34-356c-4c30-95b1-161ec1b5f886	1296
145091a4-426c-4ea1-841d-127c3b7c0b6d	1131
145574fe-c4a5-43e3-bf41-fcf8c70aa656	1045
1459783b-8b48-4089-8df8-6121552b1f14	1133
145ac04f-97f9-4073-b943-7b9a8518552e	1138
145edd0d-dc21-4835-a8ac-76a6c6a613c7	1072
1468f9bf-687d-4a99-85e8-6e4ee1acebf2	1077
146d23e0-b459-4a8b-98ec-0eae09378e94	1136
1485ce87-56fb-4f44-9ba6-1ee63ecb9901	1141
148d4367-e34a-4db9-b549-c384095f4756	1072
148df949-bd42-41d2-aa91-f838efc640e7	1035
14972d71-6655-46b9-89db-b94de5d01309	1134
149c3b19-ed2e-4af8-ba28-eb6493d1f524	1071
14a1892f-17b4-43e8-a786-3af21fdb2592	1133
14a7fda5-be53-42ae-b98c-abb7f98da5e2	1059
14ae7ef5-c680-4b5d-8694-95f2961a0760	1122
14b1e400-593e-40de-b28f-e76ddb5ad398	1066
14b31c84-64d8-441b-a191-59b1f3e8e208	1108
14b633a3-274c-47f2-b336-9cfd10f665ce	1136
14b74a68-55e2-4438-89b5-4dab4ad74494	1076
14ba4fc0-de16-41c5-8395-5eb61defa399	1054
14ba78ef-0d70-436d-b8fe-58b327ef7000	1148
14c55a21-d472-4031-9158-cd9199b2e424	1137
14c8d2b6-5909-43eb-a911-a698ee1ece41	1084
14c95925-3ae5-4f70-9fee-b8255e49ad2b	1133
14ca6d26-c464-404c-abf7-bd8f66c8a313	1084
14ccc54e-839f-4772-a315-08fcd01bda00	1079
14ce6f58-6445-46e4-a783-158ba55e90bb	1079
14d21e9d-8004-41e2-b477-f92b2210bbbc	1073
14d57f39-3690-450c-b48f-0c176a0c763b	1140
14d95412-0454-42af-8c3c-a46a7d6af766	1129
14dd9f9e-1926-4642-8618-89d37b904fd2	1007
14e204dc-5a66-4928-b743-eb64dcc9d104	1138
14e5abec-4899-4c90-8272-02d584a1734a	1069
14e70951-96bf-4aef-b399-3312401baef3	1128
14ebfa89-048f-4072-8b4e-c5e7b094063e	1089
14f42273-a506-4600-adba-b3c01cef8520	1052
14f46d31-5fb4-41a5-b50e-449351093898	1080
14f5ae3e-1ae1-4cb1-b5ab-112e5fe529fe	1139
14f7644d-9741-42d4-8c62-e018006613f2	1135
14f908d1-9ccd-42ad-ba55-9dc809086a61	1072
14fde732-21d2-4653-bbe7-54b098ef1167	1133
14ff03bc-f073-4414-b8e7-0471e9b1aa47	986
15052f4a-a644-4244-9990-4bc253aec224	1118
1507a1c9-4062-42b8-82c9-1db81b6f5ceb	1131
15085130-e106-42f4-bca5-52d86e6402e6	1145
1509beef-5d8c-46bf-952a-aad2e4340df0	1145
150cd5ec-2ab3-4922-ae92-e4a36a5718e1	1116
150dd23c-34d7-450c-b6d4-3126ea5d4742	2119
150e2527-4834-45f4-a726-c73f6cb4cb75	1127
151090d7-0367-45cb-b9c4-24c9242f484b	997
15119b75-75f9-41c8-807d-55def250a717	1065
1513002a-b6c9-46e9-910c-19afb24b4944	1134
151cbbf6-bf46-46c7-a790-a2e444e566c6	1048
1520ebce-943a-4b58-a758-1e49804da136	1074
152450db-cfac-4e13-99eb-cf548a34fd20	1045
1526ec41-0458-48d5-894e-4678564086aa	1053
152ae365-c3a4-4f3d-a69e-7db0667fd43c	1135
152e2133-387c-4146-bbee-9938175bbe6b	1134
15313893-4e75-4ee0-973b-abd0ec0a38b8	1128
1531bd27-c4f9-483d-badc-c7866adfa2ff	1131
15356df9-c7f7-4e4f-8abe-e00ff61b0fca	1069
153aa670-af3a-4517-abab-6293dd3137d2	1105
153bdbb9-1bd2-4138-95c3-5eff0984d1cb	1112
153bef92-2d16-4f75-9c4b-3adbfd6e4a0e	1139
153d51a4-9d30-4d8b-9cd4-5e5425efaded	1132
154191c7-3e09-4150-97ce-e9aadc04e3f2	1097
1542053d-e7e4-4a10-8ea3-05c45cba9d46	1115
154e6293-7821-4547-9101-867c6b24e50c	1133
154f17f7-fa2b-41ae-81d1-ecdf62a20dba	1072
154f4398-57bb-4a2c-b17a-01aff4b23dec	1135
1550d346-a366-428a-8549-17469641500a	1131
1550da99-0213-4b02-85d8-95daa0ba5897	1077
1556bf3f-4dea-4623-80cb-92709d075ba8	1075
155dea3b-e6a3-4372-a3f6-211763e62fa8	1056
155e69f8-438f-42ed-b2f9-f368a9eee0a1	1083
155f79b9-c05b-4c37-b151-daabe7862601	995
15611913-9c1e-403b-8f57-7275937352b2	1077
1562a9b7-60da-4886-91b0-a7d7de41bbf3	1076
156359a0-8122-484f-bcaa-648f9b8c8980	1146
156828fe-0415-4334-a751-456131154626	1044
156ba8a2-2908-45db-a105-9c9be5b42c64	1076
1571905d-6178-4d5a-834f-9bd5f8cfbe3d	1131
15762147-ebb6-43a9-bc46-9ca24c47ecb5	1120
157b6bda-3aaf-4e62-8734-45d903e903c9	1067
157ffe30-5f9a-4f92-b1bc-a3419132d3c3	1028
15889c6a-6720-40f2-a243-eccbbd94d642	1119
158bd579-7444-4256-b26f-efcf61d1e2a2	1123
158d613f-5242-4916-b771-86103c26283b	1095
158e2002-db9d-4e6c-8286-92fc0ce71889	991
15932368-f524-42b5-8215-16266721288c	1113
159552a9-4c57-466d-99f6-07551d04461f	1072
159a8702-596a-46f4-9f46-1cbcf09055e8	1131
159b1032-a231-4009-8a52-258a71655f35	981
159f8490-bcb1-460a-9e6b-75061ea8c75e	1077
15a1f66c-5dba-4f89-b684-165c4921f0b7	979
15acf42f-e9ba-4299-968b-f05797bcd4dd	1058
15afd169-eebf-42a0-9efa-715a4af42f08	986
15c6dd12-a9d1-4807-8fff-2c05b6a11ba4	1068
15ce5e69-f3fb-4503-a714-8f4c7b2971bd	412
15d0bfa9-b322-450d-ad05-b6963853a766	1068
15d63a3e-2a94-40fb-83ea-78a1d19c992c	1069
15db7598-cca8-41ca-a94f-50ff8e2bc57f	996
15ddeafd-2849-4566-afa1-14382e506d89	1150
15de5c68-1c33-46d2-8688-c1487256870f	1075
15e224d6-ebe5-4c73-938a-494720b34dad	1082
15e3537b-6234-41e0-a3a4-c386394f70c4	1082
15e3b3e3-3065-4fd1-9bea-4f7186612aba	1077
15e9e655-09de-4ff1-9e02-27a2fcc99dc1	1134
15ed1acc-29ab-4ff1-8271-3d34577bcadc	1130
15ed8f45-c411-4c7c-92d4-b2d821c96949	983
15eedc4f-c250-42c3-95e2-13624ed30ff2	1112
15ef1035-48d2-464c-85f0-ed83ebfcd34e	1129
15f0568d-3fa4-4dc7-b7d2-db029b0e3bec	1113
15f0ed0f-ac1d-4734-b16a-c4be5ece2d0b	1075
15f1eee9-7c3d-4e72-ab36-c74892a32b04	1135
15f45bcb-209e-4cbe-b169-2b5df2836ac2	985
15fc7ee4-f7fb-4712-a1dd-28c5268df929	1069
15fca06f-61be-4227-8b6c-86c772b7cb28	1082
15ff3241-49f7-4ae8-8c89-30b00b22de7e	950
1602767b-d986-49f0-8e71-fd978dfd3d84	1065
16040cd2-083a-48be-af06-22cd1ba36f7d	1070
16047ee3-693e-4246-acff-a013d7917e9a	1074
1606c5bc-2af8-4d82-83b2-2cd3d9c0365d	1065
16072471-f582-438a-8609-688a4f4e2504	1064
160ba915-73ba-4e2e-bd71-7517fe4f9847	1134
1611df7d-8007-4ad9-98f0-2833a2d8231f	1095
16125b59-1e3d-4276-9e7b-08311fe4ecda	1128
16137aec-ab50-4b2e-9b36-64dcaa26d563	1135
161bdc64-a486-4e31-bd93-e8794f3893f0	1141
161ff15f-6cea-4964-bcbc-808ed4b1ae75	981
162178b7-2458-4bc2-879f-5f0fc8879155	875
1621bff9-39b6-499a-8f42-7a811c82ad58	1073
1626cf97-e67e-4ac7-b147-1ef920ed329e	1074
16289b38-aa00-457a-91e3-958dce859756	1134
162bcd15-1333-4a3a-879c-85ad3d1412c2	1137
162be492-20e5-440e-93c9-6bd45962f7d6	1075
163242b3-8a08-4112-b374-3e421a7ef6fb	1069
1635df83-3252-4ef6-a980-e951faed055e	1133
163c0432-e586-49ff-a0ac-13041f6ad94f	1141
163ec661-42a2-40a3-b60e-d5511daeb302	1130
164277cb-0901-4610-acd9-a65a278aaec9	1078
1643d00f-7756-4d6a-a30a-37ecb76ba3b4	1131
1649a5d8-fd2b-48e2-8417-f0cccb4914ce	1124
164cde15-94e8-41ad-8747-2d41a57316d0	1073
1650c0ae-9f52-44e6-a123-6a44e6317c93	1119
1658ae51-d277-4d32-bb2e-93c11c897fc6	1067
165b8154-c3c9-4ed0-9e4e-f455000045e4	1053
165d9845-0583-4680-9ef2-66cd87656d39	1133
1660a0ff-b885-4815-8b02-48134c41009e	1081
16674498-fb7c-49b1-804a-2766dbf3e823	1065
1667e8a0-5cf1-4ad9-a492-8a32a324da5d	1110
1669c666-1210-43a5-ac95-e14e044f3eb5	1067
166ba1fc-9bf4-4ae0-a911-34dce5b35535	1075
166cf584-afdd-4631-add1-0e35c5c20b18	1120
1673374b-cb58-4e3c-b592-56e0f9e96c13	1063
1678de99-307e-413c-94ee-6e6ab45d4447	1140
1679cdb5-47f7-414f-a1b4-ceaec428eb8d	1078
167df60e-ad9a-4e87-b428-e20704aeeca0	1009
1685c728-36b4-4d0e-b2b0-7172996d9ba2	1157
168c582d-118b-44ad-a9ae-cfbfb6dedec6	1074
168ebe90-6ff3-4e54-afdd-cd21dd9c4a55	1123
16962130-be68-47ec-8829-9eec68c582f8	1138
169abfa5-507e-431d-b526-74c7858c4e70	1063
169c889c-5525-471e-a238-e2bc2ba3bb78	1078
169d27ff-6d33-4f44-b4e7-7c6859d8b2b5	1145
16a146a8-e2cf-46b8-b54a-c5c452e50fbe	1072
16a26d13-b318-4600-8aaa-321537ae2277	1132
16ab6135-a208-4f93-90e5-7d6d816706fb	1140
16ad16ca-1ccc-4427-b0d8-d2be67317f42	1070
16ad2641-9ec3-41f2-8938-9871564fbf6c	1137
16af6b43-2580-494d-b632-1de51a50d06b	1072
16b3c02e-48cc-4dbb-8856-decf45ff620a	1116
16b5e2ec-b75f-4911-b108-688f24e6eeb4	1125
16b88d09-48eb-4b16-b865-6a7631720164	1149
16ba8a49-d897-4774-a4ff-486a2dd9fd19	1140
16c6b891-2bb0-4dd1-b7ee-a4168eddb94e	1129
16c9e92d-8543-4e7d-9be0-f1f0e2abcf6f	1067
16cde236-a6e7-4e5b-b28a-1965d617baeb	1077
16d0ba8e-3ba4-44ac-aa0d-a3c7b033503a	1132
16d30c78-c4f1-41b6-a255-9be54a392698	1064
16dfe29d-0e47-47a6-9127-0dcb29afd46d	1073
16e09597-0e85-493d-95d4-660d388ddd8f	1129
16e706a1-383b-445a-84f5-079fb99833ee	1080
16ed97a6-c263-44d7-b6d5-3c5184a28c55	1047
16f3f9ca-5578-4b15-b10c-79ea2536c59a	1138
16f9124c-036c-4796-a9b1-21e6131b306d	1141
16fb1cc2-3823-489c-ba70-248483e3a0c5	1070
16ff769b-ed8c-4b95-9fa7-933734b8e919	1071
16ff9287-41a8-49e8-9613-e0c1c9f3292b	1059
1702c9e0-b537-4f2b-9607-ce4ef9399aa7	1078
1704ec39-5555-4814-bc1c-3e82d2513b71	1111
1705a833-6c01-4535-976a-adc124f47833	2074
170d9ba5-a0f7-44f8-b687-bc43832bd732	272
170dec81-f1d4-4dbb-b970-2a33665d95c4	1078
170e1ba4-8573-4c66-af71-64afcc63a608	1114
170e3fc4-b913-4ac0-96f5-88892d36c318	1130
1710912a-346f-4a58-9d65-81a5ccf79896	1060
171110d8-57d5-4324-b8f0-5c3b264ba311	996
1712363f-c7cb-499b-bde3-bff5845012e6	1137
1714e3ba-9af3-4463-86ac-b841cbf3e85e	1074
17189c49-7c4a-4475-abea-13740b6c6acb	1131
17216c84-9577-4a8e-af4e-3657d90cf909	1135
17238b52-ab12-4bac-84d4-677b44b4e048	1144
1723bc68-531b-46d4-ada7-e8498ac1c4f3	1077
1725095b-96c5-4065-ae22-f781144f44d6	1078
172b7e50-5f6f-499d-ab30-fb3a7fc6c160	1072
172e90b4-00c7-4d1f-8632-5ef2fd0acb28	1079
1732a5b7-c114-40d7-85cc-a70a637d2e45	1129
17359ab5-666f-4b28-be8a-edefef564481	1138
173b09f7-3ff7-40ac-afb1-3531f60710a5	1070
173b6aa5-4ee8-4a73-a416-01a6221a34af	1067
17418d55-1677-4aea-b0e6-517d4c071b6b	1050
1742bbee-1f37-4c6c-ad39-51d5fee6ab2c	1124
174aed17-68d1-4826-880f-0a2dd99e512f	1068
174cace0-2834-481d-9fdf-88101227a23d	997
174e545d-f12f-4996-84a7-e7f87c46ed47	1072
175986d6-14b3-4087-93e5-b7b96aa43956	1047
175d1d18-0064-4fb1-bbbc-fc55bae563d0	1067
175d6f5d-3bd8-4193-8dfe-8b4b83540d8f	1121
176a3252-ffcc-4113-b931-3d238645e312	1131
176ea807-e332-42b0-ab6e-4ad12a95fbbb	1079
176fc0c6-a9ca-4851-956e-493d39308c66	1069
1771759a-6ffe-4e46-92cb-ce9122b20d9a	1073
1776546c-a23f-4456-b3e4-2bcf3dc47edd	1134
177ed002-5a0e-4845-a4cb-9d01673960c6	1140
177ef5d0-93a2-4de8-8eac-735d70f5b688	1067
17832453-869a-444e-99f0-6f7af3e4168b	1128
1785364d-9ce2-486a-8854-6633d0648956	1131
178601df-be9a-4783-9864-6ce642ad9a80	1135
17925b7c-6ada-4352-bb9c-a2e3276c4aff	1072
1797390a-9401-4600-a190-30ff054a37ca	1038
179760cb-3193-4880-b97c-623849b2b251	1073
17a2a398-df07-48d9-8e5f-038e6724888b	1002
17a79afb-b41e-4e2c-aeb6-b7a874bdcfe1	1136
17ad3ede-b03e-419a-b5b5-36f6ce965806	1140
17ad5918-38ef-4d26-b72e-e06abf9c4c5e	1132
17b5b045-15f6-4979-bbdb-3ca29a603fb2	1060
17b79af0-261f-4d16-ab9b-ba15dca0535e	1077
17bcef98-08b3-4acf-8f3f-721e68090285	1074
17bda948-ac97-4c71-b0f2-32b0f81ed794	1115
17c7c290-e73c-4d6a-82e6-9238b306c4f0	1138
17d249e3-91f7-47f5-a247-96537ce02334	1132
17d41b78-3409-4bcf-ba25-8c9d33568478	1066
17dab083-9a83-40b8-8af7-fe52822a15c0	1072
17ddf014-c535-4510-8217-d3fe3b0330db	1072
17df7427-419e-4f4a-aee1-f5c6fe52ecb4	1135
17eb6175-5f6c-4eec-bddd-774aac22d041	1050
17ef1a33-c6bc-4b10-bf6d-db654c3f9357	1076
17ef8f12-5c65-4f3c-b78f-c0d7194afa38	1095
17fb6429-a4f9-40b1-a4d7-781a87acc4e9	1049
17fbcd4d-140f-4ad6-a64c-541cbe9036f1	1040
17fc1174-a6dc-4406-b931-6f48e6bb6fa7	629
17ff4eeb-aa4d-4d1a-aa64-c609a109dc02	1069
17ffdbcd-d8e6-4bc4-b4ad-248de9a90a63	1068
18001212-c9ff-43d7-a4b6-a38ea9dbbd1d	1031
1800bfaa-7b38-4094-be5f-73d528d8ee08	1116
18060f3a-cfd3-4df3-8fe6-1a00ce562526	1073
18067683-e855-413e-b547-684ab856aa6c	1111
18089b7e-5863-4e68-a213-7e12b6e72c4e	1049
18097d76-ecd7-4a68-b73e-0108cca54d82	1119
180bc531-dead-4806-9011-5f4a75dccfee	1129
180f08b9-c0b7-416e-b875-758ef4bb4c0a	1075
18114d17-f5b7-429d-b165-5ab889caadc3	1067
1815183f-2f74-45ad-937a-87a113b4d81d	1075
18181bbf-5d86-403f-ba30-b25ab514711c	1142
18185008-3ed4-4ec5-b5d2-dd51df3024c1	1078
1818fc4d-d1ef-47ca-a2e3-b31911d1efe5	1073
1819f45c-3d45-48be-92e2-249bb41452ae	1070
18212d1f-dd65-4557-9d94-382889f5a462	1142
182db256-40c5-46a1-aee9-7c285992ff86	1072
182fa113-8565-4497-84ca-98e858ba8add	1129
182fcd83-c842-4344-b1e3-0823ba6eb3a6	1120
1832f2d4-2dca-4ba5-bd11-edee70afed8d	1120
1832f725-55c3-4fbe-85ce-a85c2f288399	1145
18398378-d182-419b-9e17-8764789d3b21	1008
18398fcc-ec8e-472d-9cca-8bcd0e8b2eac	599
1839bf0c-c667-401e-9180-0ed6c248254d	1139
183e79f2-f2f9-45e7-a7d6-99f06d0604af	1054
18423e99-bfcb-41a1-8fc7-35bfb40c1647	1123
18459e88-3630-4ab9-9956-0a92fa6ef39a	1129
1848359b-27c3-468d-a4da-05fc33351ccb	1134
184f0877-1628-4889-bcbd-605fcd670745	1140
1851d620-7028-42af-a8d5-b459e8e1ef6a	1065
185871db-d52b-44b9-a380-739cc50e08a9	1132
186d2a93-d9e0-4401-b681-4b10ab15c3d2	1076
186f00d1-ff77-4e01-9b1d-0902647cec34	1072
18710d20-1557-4c8c-a617-cf5b64644f06	1070
187165f6-f11f-419f-b7d2-6e98623f9546	1076
18731b59-51d5-474b-964b-e1cd1aa60485	1091
1874eec2-3636-4e61-bf5c-23964fa3a16e	1136
1876cf81-ddba-4440-985a-101c71f3bf81	1136
1881b040-2822-462a-b466-033e8f2dbbf7	1143
18843a75-098a-489d-b5c5-19ce95aa4e37	1075
1889c87e-9fe5-4d5d-8f2d-e784c3d44dca	1072
188b2d28-33d8-49a7-a3ba-5fed7c8bb3e8	1118
1892336b-87e4-49e5-9b74-a14df93c6d95	1071
1897ca15-1341-4128-b8b1-640e55452f67	1069
189f4f61-062d-4e59-b931-651c32d85de0	1081
18a08b9c-2929-444e-a037-f10bb5f8a325	1135
18a1e558-1039-4068-b56e-8e56e2fe2587	318
18a75765-aada-4bfa-9c4e-b45166d720a1	989
18aba62f-917b-4987-80c5-decd4f4a95b9	1123
18ac7a95-8f83-4cf3-ba47-b433bc5e8689	1059
18b2c2df-ff51-47a8-8443-d2f50d51734f	1137
18b85cf8-abe1-4392-ba55-8277d1888944	1072
18ba7372-d314-4170-83da-4abb649e8340	1065
18bbd73e-2ac3-4aac-b10f-7c2e41205401	1048
18c68285-eedb-4c43-8221-ab7beb9250ed	1064
18c7b001-231e-4a79-8734-a6cb58e42379	1121
18c8e0b2-d751-4b8a-86e1-7915473ae3d0	1138
18c94cf1-f2a6-4b33-989b-032fea46aee7	1060
18ca40a3-f035-4dd3-9c11-d97878f7c1b0	1140
18cad456-8237-4da5-9cd2-585b47e24c6e	1125
18cb15d0-c509-493a-960f-bde0be23e997	1131
18cdd9b0-d202-4528-9d2e-ddedcd150adc	1067
18d212aa-dad6-444f-8214-0822cccdd018	1066
18d724b5-76b4-4580-b977-d2dafbd2b792	1126
18d72765-7b0e-425d-bbf2-1201dd521fd3	1140
18da27dc-a824-4fd6-ac3e-5d7e8cf9b933	1134
18db495b-cf31-4d42-9e7c-a96bed6cf090	1016
18df5a62-4666-4388-bf73-641b91781488	1072
18e4169d-209e-44df-94f7-ae034727213d	1133
18e7b73b-05f2-4531-a5fc-9ef3fa804f76	1128
18e7b7b4-6993-4585-b0a1-09621ea3e2ef	1138
18ec42f4-9fc5-4068-a228-4bfc173afcbf	515
18ef6475-0c16-4ba5-8506-ab451a81de68	1076
18f61c27-a5f6-4c68-864e-18b1b39ba505	1072
18f7af79-9a4d-4450-8013-81dc6e26b5d3	1070
18f9c65d-9bd8-4833-8483-dbde264f4747	1078
18feb302-9d36-4911-88a4-b17523491974	1048
18fefd8c-2d45-4179-86da-19629b97a5a0	1138
19006031-099d-478e-b576-065610d229d3	1138
1904e21a-9068-4e1f-951c-9fc97b41de62	1076
19070718-943e-4c44-96b7-89a214c9ae10	1080
1908fc71-9b68-4ee2-b3c2-93628bffae6d	1071
19092eba-1c4d-41c3-8898-0e48026c6abf	1070
19153284-8ab1-4a9d-94c4-2a652db04694	1072
19223326-0bdf-471b-a448-1bf4ec5c7c25	1146
19232692-0603-4e0a-8d45-cffa39ba30d6	1069
1928bf47-ddd8-4a82-a82d-2b71218975ba	1115
192befa7-9ea1-464d-b0cb-60e8db4a80f3	1144
193cf551-5320-48c0-a640-89944f82a9b5	1130
1944d356-3237-457d-bb90-4c47c77893ec	1135
1949eb10-6315-4cd8-a0f5-f6264bc54f98	1120
194d0188-a83b-43a1-a912-fcce510d3d79	1125
1956a38a-691e-4cd5-8d26-c8c410e7a87e	1059
19578803-d062-4415-a1ed-159f208cbe0d	1077
19585763-bcb9-411a-b8fe-b7b8a9ef706a	1078
1959b41b-604d-4fa6-a8bd-1703fbb87aef	1117
195db5ff-b587-4ca6-b22c-28c5a4d39dae	1071
195dda91-12e2-4890-ba39-a1d432657f62	1128
195e48d3-6649-405c-bfe2-b20ad9ccac98	1119
19618de5-a1e0-459b-893e-7668c4cb0f91	1074
196aac08-eabf-4846-8f90-3127c120c291	1074
196ebba2-c209-4af0-801a-02261d5a6d80	1074
1972fc01-7080-4101-9546-52fc2fab0abe	1058
1973d9d4-1a41-49b9-b887-142d2f5964ec	1163
197870f5-ad93-4701-bd19-12172315f9f3	1057
1979020f-b66f-4dd6-9cc6-9da8c66e83ac	1072
1979b622-4199-47b0-83c4-de9cb1111b00	1080
197bda51-753e-4eb1-b86a-a2dda6c9f925	1073
197fc0f0-8f59-461e-876f-a991e20e457e	1058
19812fe4-0b75-4ec6-91cb-bf54d442a81c	1117
1981cb54-a8a2-414f-af79-7c208f934319	1073
1986aa6d-f55f-4cc0-a5e1-89bd77b4e9cd	1141
1989ef53-1557-4d79-bfaa-94746a02203f	1115
19930549-df25-4cf0-8fc7-46c4fcd00231	1075
199399b2-5de8-4c91-9477-7f49c25505e6	1081
1998896f-5a82-4c7e-b0dc-c43a9d043165	1045
1998fef4-2992-4db4-b6a3-6e98d2289969	945
19991e21-b903-49d7-ba51-2790ce7f2d8f	1129
199c2ded-1949-45b1-9776-c139d835daaf	1126
19a15e3f-73a1-4902-8dd9-a1115cc01223	1122
19a189d8-8fe5-4e97-82cb-87fe0b112b8c	1005
19a609c7-499c-4934-94ce-b115454e2e3b	1133
19a6a880-39a8-4dc8-9650-fb73d63cac20	1061
19a955aa-f67d-46f6-b714-6022a492426e	1071
19ad7126-7713-4b1f-9e84-80bd3277f91d	1083
19add53f-9b37-4527-90c8-4cc5a455f100	1126
19b2c663-1aa9-4c23-9338-e2e7dde54735	1138
19b33107-1647-459e-8775-634d056135f5	1135
19b6a78b-1e3f-46de-bba0-a58bbaac131a	1076
19b75ce6-683a-4a35-8f60-c413092eee7e	1116
19b7d627-de93-4198-9ef0-fad963c68388	1139
19c43ec1-e49a-48ff-9b4b-fd28566dee5c	1131
19c43f42-5d0a-4d51-a043-c227fa2c4012	1133
19c59193-c2ed-4efc-abf1-b2d837984486	1073
19c7ecd1-3e92-412f-b0b6-b1f0a80ddbe4	1116
19ce7f50-4d31-44c5-be78-33c30160029c	1077
19d207bb-98dd-466c-8404-14bc53a7c19e	1048
19d63dee-1377-4d3e-8426-bd7c9f0c7b67	1070
19d651e7-fa77-47b6-b835-e1620e93e2b8	1066
19d756ec-5690-4882-aa51-386605c136cc	1137
19d937a0-8841-47af-bdb0-21e1a71eb92e	1079
19da0ed5-5da2-49de-aceb-a894ab38a8de	1097
19df6558-039a-4ec9-9118-087e91ec1cce	1088
19e05928-0814-4452-acc7-271f989a058b	1072
19e2287f-183f-41ad-86fc-41054f6262ab	1135
19e43571-604c-4f5a-bf87-45c0bd154a9f	1136
19e52db0-75b1-499c-b2c9-980efd33070f	1064
19ea665b-bb3e-4c52-b1c5-c252c865faee	1123
19ecb314-eac6-455e-82ce-609c1b79da98	1131
19efa4de-56e3-4147-99ec-2d0803b72890	1036
19f0542c-223e-454d-9c69-65b0c274af44	1069
19f2874e-6dce-4fa3-95ca-7d963dd00d6a	1131
19f3b494-a367-467c-a624-359dba1fca7f	664
19f5e8b8-804f-4602-a6f2-9766bc5c23d5	1080
19f9c61e-041a-47ac-9cea-23a2070dc100	1073
19fc5e6b-bffd-4cb9-914e-a10b19430348	1173
1a01daf7-97f7-453e-b1c0-a2dbe8f52579	1134
1a02fccd-f30d-4112-9c18-cc158bbb5fc4	1069
1a05c90b-13f3-430a-9b86-acebe9c7396a	1122
1a0b52db-1955-421d-950e-5f20b45164ef	1134
1a0eaf54-8c7d-41ae-ab91-d72fb6d01e61	1077
1a167a97-ea21-4106-9d2e-3083cbe79802	1108
1a169c3f-6e3f-438d-b562-fe7100c6c7fc	1069
1a16a386-8b80-42a7-ae7f-05ac807e681f	1045
1a18ba98-b8ce-4ff9-b7e8-c96f7efa3223	1114
1a1a4684-b3ca-4943-8c3e-5ed403491475	1131
1a1b7908-6916-452d-aaf9-daa844c5515d	1143
1a1e0892-df13-433d-9904-0686aabb831a	1078
1a1fbdee-02f5-452e-9fb5-809427276df0	1120
1a252c75-ca2f-410f-ae6c-72d4cf9b56d5	1065
1a261fac-1ced-4cf4-9329-5ac170d63b11	1078
1a2d39d7-3add-4a19-b616-2b22caba64e7	1043
1a2f517b-1d14-4ee2-964c-52f5fe0066b6	2119
1a343e10-46e2-4380-8fb4-6cf23c7d7c42	1356
1a3642af-2d69-4232-86e7-4306cb166fa3	1147
1a37c685-a26f-4de9-bb46-eee9a2124481	1139
1a3bd5f7-c960-43ba-8c4f-7d2095e21fe6	1079
1a3cb8c6-6a9d-4ea2-a8df-02046bdbf4b4	1060
1a421a35-c698-4cee-9b38-5a1ca3ec1683	1066
1a43b5ce-c463-4361-a7ff-120d7782aefc	1092
1a48f4bc-2416-4f1a-9554-2c0f74f5d7f8	1127
1a4c9b01-6b94-4336-9e95-228f6d46f6da	1079
1a51e282-8a85-413a-b096-baca750812d8	1133
1a59f9aa-fe51-438b-89b6-a21728ce259b	1062
1a5e77e4-6ee7-43a4-b4d8-d96825568809	1065
1a5fc673-e095-45e0-aa8e-76775e4944f4	1139
1a64fa3c-b018-4f87-8874-4841ab7a279d	1108
1a655c2a-8a63-4fee-9283-8c9460cd1adb	1071
1a71599d-2680-4e44-befd-d98d29e6ac20	1132
1a79e79a-036f-470a-a9f1-1932370657cf	1118
1a7c8aad-88ee-484a-b8ec-d5291980f33e	1119
1a7fd4f3-19ff-4988-bb8d-2457044c352e	982
1a8378ec-3cac-4c1d-97db-e83ba0b1a864	1074
1a84c5a9-09df-426f-9b4f-77ef96cd4c25	992
1a87d1c6-7ece-401e-8127-bcc215af8a8b	1137
1a896ae9-3d27-4064-8935-9bf64f19e098	1129
1a8b4b62-acab-4905-a4f1-280170515d57	1170
1a9077d3-20d7-4e31-b0c1-5f6d51a6c5d3	1071
1a99019f-95d0-4e00-b816-a082645c5e31	1073
1a997a0c-f18f-406f-b437-ba8c3f05e9b4	1059
1a9d3e3d-694d-49a5-9c67-40573b386470	1132
1a9e7ad3-2acb-4244-9744-d1870dd98ef3	1135
1aa605e9-b5fd-45a9-b18e-76522ecc5d0e	1085
1aa641ec-0469-4ddc-8aac-613ea9d2861f	1049
1aa6cb5f-806d-4e76-a805-47edc4a615ec	1053
1aab4b73-7a60-4eff-aa2e-27dc4980fd6a	1138
1ab015b1-b9ad-49dd-bef5-a2be268d9a57	1069
1ab45b1f-cc96-4325-884d-ae0677abe1ea	1096
1ab78282-6ac4-4039-aca1-8797e07dce43	1113
1ab9d3ed-3203-4135-b1bd-6c8e1de0bd0d	1070
1ac08c22-5317-44ec-8aaa-8b50d8e43790	1072
1ac0c172-a663-429f-ba1a-cc79a2bef493	993
1ac4caf9-0b0d-4061-ac61-b1ae365c4951	1135
1acb3d25-1eb4-4562-b0b6-e452cad58e23	1134
1acbe400-e02b-425f-9502-c3fb8538cbf6	1138
1add3b3c-16a7-4722-a2fc-8d4ff0867ce3	1068
1ae3d9ef-e1e0-44a7-bee4-feaa33d3fee3	1080
1ae59a1f-a070-4822-b4b0-bd9ce73c991b	1130
1ae6887f-6021-4c6f-8d53-408921ea4d22	1085
1aea872a-d9b9-42e0-9edb-160f8987fdfe	1076
1aea8ce3-0007-4899-9c00-9f7ea54fe3b4	1068
1aee7ad6-ac77-427f-a124-7316eefd910d	1012
1af31abe-b783-47b6-b149-bef02b861a82	1052
1af4cb28-af53-446d-b1c4-27fefde15884	1129
1af6a3a5-7d50-4e7a-9445-f4cf82e06829	1132
1af79418-a838-4278-bc0d-a8c2eebe41f7	1058
1af7ae2a-11a0-434b-8883-71775a76093b	1067
1af9d9eb-3f20-43fa-8b66-395b544e0371	1082
1afe9dfd-10c4-4b5d-86bf-4c10d24e2a3e	1137
1b060694-f799-4a80-86b0-9d994d3f34b9	997
1b098378-b9ba-450c-ab1b-745bd0f2805a	1068
1b0d9ad8-bfdf-41f6-8717-8215ddb29a1c	1129
1b108209-ef85-4111-983b-d59541a7995f	1135
1b169826-d02c-41c7-8084-4dc22a23ee14	1137
1b1b01be-e4f6-413c-863b-f64f8c779605	1076
1b1df401-7329-468d-9880-50b06c691b73	1130
1b234499-5796-40f3-b5ed-f1d052db93a9	1111
1b270078-cb34-4aaa-8a2d-5364623af4a1	1082
1b28b8d0-7bac-4fde-8132-2b34b2413bff	1132
1b2b0830-c724-42c2-904a-071421d01324	1060
1b2c746d-7b17-4572-a264-05764f147695	1136
1b3bddf7-522e-4146-b518-1c6f12a3eb08	1141
1b3ec965-ab0b-4814-a412-27033b0179f3	1072
1b40299e-268d-45b4-ae84-173d1a023139	1139
1b477226-3ab5-4399-9a3a-6a65b4cf92fc	1128
1b47ff54-910b-40c3-95cf-3c2b2f87094c	1076
1b48eefb-136c-4d3a-8d1b-2b883e6b40f3	1118
1b4c60fd-a96f-49ab-8d34-8c12f92ca2be	1143
1b512fff-ae3b-4b86-8758-415abc2cb856	1078
1b53f4e2-961d-401f-9b53-88d37bd96cbb	1077
1b54510b-7bf2-4bed-a70f-a49f1e748fc2	1075
1b586efe-f298-45d7-acf5-313a168b9960	1128
1b58dc85-fc15-4c6a-ab46-0e6d3e795efa	2045
1b5d7073-d9ff-40c0-b639-dc5d9c741f44	1137
1b5e6b55-e244-4a4d-8672-911e39449f83	1062
1b5e833d-31ad-461e-8371-3a9e9857837b	1134
1b62bf4b-7ca1-4a2c-8c72-7715a5ff5470	1071
1b63ac55-009a-4d18-9574-929c2835877b	1067
1b64b9a7-3461-431b-adfb-c835b6b799f7	1131
1b67a08e-6af5-480d-a6de-f5ecc50b558e	1146
1b6a6054-3e3b-499c-8ac7-894895ac9262	1131
1b6e9316-5af5-4de4-9015-e672ad72af46	1137
1b785489-4a4c-4214-9979-10e41c79c11b	1057
1b78f6c3-3ca3-40b9-97ab-881a23113ccd	1055
1b79cc97-5477-49dd-b0c5-ee876e78924c	1072
1b7a6cd1-7f42-4041-89cc-547b55bb6652	1134
1b7bcefc-5399-4214-8ad0-8c40750eaca4	1064
1b7f8620-7716-492d-8164-3523ec5032b0	1062
1b83e20b-2239-456a-956d-976642af1d77	1141
1b83f736-6d7b-4643-874d-485a315e62e0	1129
1b8781b8-d26b-43c4-a659-6fa05aafedc0	1120
1b887019-8ba9-42af-8577-98c495a20123	2035
1b88f466-346b-470f-8375-2753ee15cfdc	1138
1b903f7d-df9e-4f6c-bc94-88073773f945	991
1b94c944-1091-4939-86b5-a2369575a59f	299
1b9a7b36-f045-483d-9c37-c1fce18261de	1043
1b9c49d6-5d97-44cc-8a8b-4f02c2c9d8a0	1065
1b9d62e3-9be3-46ca-8107-93384f43e118	1131
1b9daf67-3bcc-4053-9678-845e4d81b41d	1077
1ba29704-9c10-4a62-94bd-9e7f0c4cef43	1101
1ba8b621-1156-4f0a-8ae7-c15641c04dd6	1132
1ba9e697-67ec-44b4-b005-b40d78742cf4	1071
1bae6467-d1f3-4f49-8527-2f1455cf0575	1064
1bafafcf-5f48-40b9-a778-b2bf4d537e38	1132
1bb81763-ca29-44f2-bfdc-707f41bc4b4c	1019
1bbb356c-066d-493f-9001-d2d420f0ce5f	1130
1bbffb3c-3d31-42f4-9b0c-9a28f1ef3fdb	1068
1bc153e1-d3ff-4a68-9e3e-f67b923075aa	1141
1bc19bc0-5217-4b3b-ac30-f65ff810ef78	1133
1bc70aa8-ba62-45d9-9a21-2b1a569b573e	1136
1bcd781a-0b28-45cb-a3e5-6ac6ced267cb	1110
1bcd9a21-bdd4-4c83-8391-94c56b78e57c	1128
1bcfe945-500f-41a6-a514-958001710c60	1113
1bd364cd-507f-4fd8-9eea-07f2d4f590db	1080
1bd453da-5b8e-4925-b8bb-1be681ec89ef	1023
1bd99126-595b-48de-91ab-a496b9912d01	1135
1bedc7a2-86f0-45f3-98be-c40027d22db7	1067
1bf11a61-bb87-4d66-8040-1b8700840e19	1062
1bf131c1-2a69-4d53-93a8-15d9cfc85990	1119
1bf56656-29f8-4b4d-a7ee-c1ef806d1222	1107
1bf77c74-fc73-4c4f-9a19-362459c9ed74	1115
1bf8a65c-6d93-4ea0-8e0e-bd2be2a240c0	1078
1bf8dd41-f132-4a9e-a2b1-601624242719	1081
1bf9e54d-8cbc-4a81-8775-62f0a71af448	1062
1bfc532d-817f-4df3-81bc-280577da7216	1079
1bfeb823-b81e-4bf2-a29c-10fdcf3a6170	1137
1bffc2ce-a360-4211-96ee-bc6da8e42650	1042
1c041353-3406-4cba-a82c-a528479cf981	1051
1c0c72cc-3713-4f0b-b68f-3654071ab958	1080
1c1a2fd1-c730-4621-9399-3e4dfb251a35	1067
1c1b5a36-cb09-4917-b9b3-7c9b8b4239c4	1071
1c1daaca-d113-488c-b7f2-edbb7be23a30	1114
1c227d8a-08b9-4b3c-8e2a-15e8acdb200e	1079
1c24f8be-3731-4822-9033-b1f06b8b9db4	1075
1c2552e7-c0ec-4db6-a7c3-987ab16404e8	1134
1c25b4a1-df4d-461a-afe3-9d3019d422d2	1123
1c278710-66ce-4592-957c-9640866bdd8c	1069
1c2aef7b-1f71-4379-8f3d-4eabe151dfef	1119
1c2c8aa0-9333-4bf7-8eb5-34089555502c	1043
1c30f528-a7ba-4daa-9889-316140b5a63d	1084
1c332434-4d2a-4195-8a7c-39d115fe54f6	1046
1c33704d-4fa9-4ffd-8235-0951dbd5fbea	1130
1c358222-a3b5-4737-8dac-d74717d67736	1135
1c364bcf-779c-4f65-81b9-9b183646d02c	1078
1c3c779b-0b9e-48d6-8a39-c1b6da1af057	978
1c3dad42-a074-4019-baa5-8f4af5d45a65	1070
1c3db323-803f-40e4-9daf-34ffdf883bef	1135
1c44b975-48ef-4eee-ab95-5a41da56dfc3	1074
1c45b73c-8f26-45cf-896c-9b8609ffddf5	1101
1c4aef3f-5752-477d-a35d-8f16f5935809	995
1c4d45f0-438b-4db0-a728-c49f45b709da	1124
1c4d7ce7-f52b-45d8-92e3-4da112be4002	1112
1c4ed62c-a64c-4860-87fd-de853e052d17	1053
1c51197e-7b3f-435b-969c-093072311862	1072
1c52cbd1-e259-43f2-b920-e51575e2c45f	1305
1c54d44a-dd71-44e9-be58-d018fdce4056	1066
1c593cbf-a632-4e0f-aa69-568ad0952b6a	1133
1c62b0b2-7dfb-4ceb-a0c4-13279580e788	1130
1c6a197e-e30a-49a0-a6e5-2c95d311e0c1	1131
1c6bb0b2-580a-477f-805b-558f886d0149	1141
1c6f9d21-0851-4715-b661-e44e0354333d	1066
1c764ddd-8b67-4a63-8afb-6050dad3e479	1133
1c7c5d15-42e0-40a1-ad86-9689dbd60412	1044
1c7f5384-5357-4b2c-8962-d0ec0a5833c5	1141
1c7fb7fc-42be-4830-afb7-19a13aa3baab	1131
1c802e4b-e576-4229-a9c5-342a6f13222f	1075
1c811b0e-b3ab-499d-a03b-f20cb5641288	1073
1c816464-3901-4502-8414-29db85e9d22f	1075
1c81e94b-85bc-4021-bbfa-88c21b80a551	1067
1c842ef5-e442-41d1-b5b4-e238fa1f8e8b	1072
1c8469b4-b6c1-49f4-83c4-43fcf3ca1e23	1134
1c85db26-e754-4584-a944-b747a6f8d979	1131
1c86962b-becf-4ef8-8309-6ecbd78df890	1137
1c8735a6-d2d3-43a0-a27b-2c72a35220ce	1138
1c884cd9-6717-417f-8372-a5a91fca125c	1001
1c88c6c7-9085-4fda-8e75-1c9846bb5697	1136
1c908422-65ea-4d61-b0f8-e80412d14d94	1072
1c93b655-c422-47c2-ae67-1ed0fddcca3e	1049
1c96ca65-0147-468e-9263-5dc8a5406e5a	1126
1c9c9ebf-6d35-42ff-9267-977b8d363260	1081
1c9ef1ca-8a6f-4f3e-84ee-e18203471588	2070
1ca06851-25ac-4370-ae6d-f6381695660a	1066
1ca1ff88-c82d-461e-bd12-8aa0386d2eb9	1000
1cb284c4-9fea-4441-ac4a-87e437fd7e30	1089
1cb75e1f-597f-4e19-a3bf-17d8d1523478	1139
1cbbda68-5345-427a-b54c-278f8aa60c8d	1085
1cc0996b-5054-4b5d-83a8-2edfd3ede56a	1077
1cc29bce-7033-4f03-858f-f089c3e6e105	1129
1cc47138-3703-48fe-9eaf-b3b95c1c88df	1133
1cc4cb05-e3a2-4dd2-b595-7004fff6df39	1061
1cc59e3a-1b3d-437b-9249-d8adecc46e31	1140
1cc98897-eddc-4c04-8ae6-28f9efcb4e12	1130
1ccd9249-3317-4aa6-a5f2-b041dadf0bff	1067
1cda6a7a-a982-4adc-a159-55277d019979	3945
1ce2e926-95c8-4914-b324-8700ff362fae	1068
1ce7374e-b2a8-4a60-bb19-04ff0eefcf6f	1135
1ce94074-a0ef-415c-aa51-2c6db8d88597	1127
1ce9ddd8-7cb8-4a8f-b346-1a86d0de9563	1077
1cea3626-4f3e-407d-a755-0448b0916519	1112
1cf1d1ac-987f-4cda-8952-ee9232878226	1136
1cf4d9a8-427d-4aab-aa4d-587001a9155a	1056
1cf7e328-29ab-4ba9-bfca-4aab262888b4	981
1cf80448-fe22-4a53-a0a0-9500d7dc52a4	1059
1cf9ba5c-926f-4afe-a69d-e4d24d26eb59	1134
1d03410e-3d51-42ad-ab3b-164d146c3ece	1127
1d17c261-510d-4929-9d1d-1422a9c007d6	1058
1d1800c9-fe20-4e03-b12d-cb9c8fa3fd02	1059
1d1c4961-802c-4894-ada9-72b263a76154	1128
1d1ce341-f7ca-4d96-b943-a1d14a5d333b	1070
1d1d1477-6f2c-4205-a023-a68e86072c10	1149
1d1df474-b152-4c06-8bab-e02bd817cd7a	1103
1d1e5503-8dc1-4a72-b635-817424083879	1050
1d1e8998-5c7e-4bac-b8f4-e39a28ddbfc0	1113
1d1fc891-f300-49a9-b6ec-9fe9e5280535	1078
1d234f93-b5be-4b35-a834-88e919e1d24d	1124
1d23ecb1-986c-4d84-9a76-2979281035e4	1071
1d28eea5-e219-4874-b964-fcec9ff271d3	1140
1d2cf4e7-529a-4889-aff4-cae75b203bf0	333
1d2fc874-3591-4b2c-91e5-56405c63439e	1067
1d321e8c-0331-47a4-99f8-e2d5644fab1b	1071
1d32aa08-8dcd-4259-91e4-87f38ccc5cdf	1080
1d3320d6-7af6-4160-9451-a93175319aab	1041
1d3828f3-5978-4b13-a8aa-9ca2b21d9111	957
1d3ae5f2-94cc-4cd4-a768-21fa04150658	1117
1d3f083b-e28d-406c-bfec-2fb5e19c6f69	1055
1d40d32c-1852-44e9-b159-645545b7e57f	1127
1d419616-16a1-43b9-ac93-8f88b12e7e36	1045
1d42e00f-573d-44ee-b218-24aa21fc3253	1129
1d43bae2-16dd-4058-9929-00e132b7c04e	1077
1d4831e7-89cc-415d-b92f-e90657156f31	1133
1d4c2579-ae7a-49a9-bf37-e5850555d710	1076
1d4e4a6e-81b2-4c36-b63f-c19cb4ecc4c9	1080
1d51de39-cab5-4690-8915-58e6fdf85343	1141
1d52ee60-39fd-48e3-b70b-fab4a58001e5	1130
1d563c18-bbeb-454c-a501-6ac32c3616c6	1088
1d5b5ed6-466d-4956-9442-4ac725d6f385	1128
1d6778e2-5f6b-4bff-a8a0-a2afade44070	1077
1d6bf362-2ff6-409e-8408-90845542a332	1070
1d6ef12a-b514-4245-885f-45842bf8d973	1039
1d70dbe3-a63c-4767-93af-09811d6861d2	1134
1d72c009-d2c5-4a6a-aad9-ac9637bfe9a7	1074
1d7545ed-346a-438f-bce0-bb25e3e0d04d	1069
1d79b42f-9af4-499d-b434-b5006c9d5fee	1069
1d7b6b00-7365-4443-9752-8e86e6208c63	1146
1d7cc075-ec3f-4a4e-915a-0d6e18112225	1128
1d7ccec8-46bd-4726-b16c-8071f962354e	1141
1d7d03f4-97aa-482a-a20e-9d7b79bf7c3d	1140
1d7f576d-24c6-43cb-918d-3551058db3e9	1138
1d82428e-6a42-4c01-a62f-ec4243d8811e	1084
1d90b956-068c-466d-bb21-fe492a7f21ed	1118
1d915466-38a3-4db3-a020-0c70e308177b	1086
1d9817c0-68b0-4143-acf0-01e5bcec7bca	1071
1da00238-4942-43b7-a541-1a61abb9200d	1125
1da0657c-bd30-41e6-a748-47e23c5d36d9	1069
1daedcda-5645-4bff-b1c3-04217ed62a98	1070
1dbf4ffc-8d59-484d-9d6e-b6611d911cc6	1131
1dc17dc1-5ca3-4fd1-8ea4-9e1558db2da5	1086
1dc49dc9-96f2-4416-bc65-2207ee6169cf	1070
1dc74367-974a-4487-8c38-c4af90948a84	1075
1dcd9a16-0bae-4d0f-a088-133ab3d97008	1079
1dce44e0-cdc7-4df2-8205-3e7dafc16715	1132
1dceb6da-254d-41e0-a71b-b3aab96a20f8	1072
1dd1144c-b17b-4a67-a206-934594079039	1130
1dd15c89-59eb-42b4-b9ea-a940a6891f78	1042
1dd6638c-cd4a-4199-ba3e-24e2bdf7f6fe	405
1dd79b69-8a6b-4abd-910e-4fa443c3fa09	1138
1dd9fb5c-3792-474f-9e57-09c970a22bb5	1122
1ddb75eb-1e03-420b-aff4-f94737f0e3d4	1136
1ddcd904-4762-4a62-a2a2-ec6275131508	1079
1ddd779b-9d3c-4d1a-81eb-f05672ca1ced	1117
1de123f5-ea92-4b33-84b8-f3701e58b6ef	1135
1df23dd4-adff-482d-b1be-d3838ca61a4f	1079
1df3e1c4-23a3-435c-a296-11c1c58e51f4	1080
1df3f567-ebe3-49da-903f-e85fa975aa51	1078
1df6c932-467d-4de2-ada3-ea5684fd81dc	1131
1df7f17f-7d9a-44d3-b44c-17405b262660	1037
1df9b1e5-118b-46fb-ab9c-b70d5501dbd1	1058
1dface86-e08c-4e88-85ea-5fb230502b13	1080
1dffe6f0-4d28-414b-a05d-6984e6f16857	977
1e020fe6-91cb-42fb-87ac-ed3291a14e89	1115
1e04422d-a21a-4aa5-b63f-6395b6418fcf	1140
1e0c047b-8155-42c4-944b-b4feba6c49df	1068
1e0c3ffe-1d25-4a82-a498-aa3d34fd9a91	1068
1e0d5de8-23aa-4d3e-a6fb-31f979b1b14e	1131
1e13a6ee-aea2-4c7e-9110-5d7835b000de	1092
1e184a1a-def8-42a3-8fdb-1afbcbf05f6d	1042
1e185f4d-5974-431e-9896-eab63467559c	1070
1e198a97-3348-4da4-94e3-df92667434e7	1128
1e19b34a-8698-46e5-95f4-06e810e341d9	1127
1e1a5372-5305-4e5c-8e06-ad0aeba3b642	1119
1e1ab5ba-2bba-4508-ae29-f1d71f9e0fa2	1133
1e1f1722-ac3b-419b-aa99-ddef6261d156	1118
1e21cef9-b85b-44c3-92cb-4a1d4026ecd2	1132
1e24e970-472c-4608-b92f-777c01e64e44	1126
1e277026-fdc3-4589-872e-c815d8739a0b	1128
1e2b8dc9-8336-4c49-94bc-16896e70ced0	1084
1e32caf2-6112-47cd-bde0-777f2b0172d9	1120
1e394ea2-1bc0-4abb-bde1-5299d9710fc4	1153
1e426993-618d-40b9-baeb-19ffaf85f645	1129
1e433342-8be1-4c01-b745-361a18d9ea98	1131
1e45d2f7-0b67-4269-b22b-4c8b130f8a1f	1078
1e4a57b6-869b-47a1-8045-73979a13fcdf	1072
1e4a7062-6987-40d9-9c34-d152164b8e97	1134
1e504d78-3275-4e29-8aab-d832f5e5d514	1132
1e57304d-7353-4e8c-b526-d263ddef83ef	1116
1e5e7147-cb23-4ceb-894f-4287a9cf942c	1080
1e617ac5-ac49-41f0-b696-0b4a4a8d0c3e	1073
1e6c2a8f-c2b0-4738-818e-ccfe642a83d0	1073
1e6e16a9-9b89-40a6-93b8-d99ba5a3f88c	1132
1e72d9bf-bd46-4ba6-92b8-268db17d173a	1070
1e739ad5-1554-4b1f-b47a-9c2558ed937f	1058
1e7469fa-1df2-428c-aef4-eef429be38b8	1078
1e74c38e-edc5-4be3-8b6a-aba62dd042db	1080
1e7595c1-8654-4afb-932d-093d17c7357e	1127
1e75b6c3-eb55-4623-9b8c-4c6e8254cf9b	1136
1e773641-ed6d-4f52-8c8f-e0ad7460e951	1078
1e8043f0-ceaf-48cf-a31b-6b6c12b49bf0	1116
1e829b38-d6d0-4276-9fc8-f60b98db9889	1069
1e8682ed-d436-4c64-a11a-cd3934782d46	1125
1e882f21-8d2b-4ac1-b827-999f6892b966	1061
1e8b5e57-b92d-4582-9fbc-5ded20d3850a	1145
1e971bd3-962b-489e-b58e-142e3f053900	1055
1e98329e-c812-46df-a587-06d9b7ba68c6	1061
1ea501c7-50fa-4857-b772-e48b9ae370a0	1132
1ea5a16e-868f-4be8-af2b-bda84e7cd9c4	1145
1eac1566-4e25-4f12-a882-30c1fc262e26	1133
1ead65d4-d1bd-4d76-858f-fa743e9568be	965
1ead79e7-0974-45b6-aca2-e0cede5a56ed	1141
1eb81507-3052-4865-9c3e-91907c63d09a	1082
1ec0355a-f116-4195-8e0e-0a8b1b4f14e9	1075
1eca399f-3242-4c06-8119-39133839a608	1139
1eca8e00-770b-4fbe-9881-f8d75a9d95ac	1131
1ecdb416-2c49-47a0-9819-db1b80853fb4	1139
1ed5ab1d-a23e-4296-b02b-ae4ca88c0fac	1076
1ed6d88f-294d-441f-beac-c09ae742a28c	1103
1ed7f8a8-bf92-4a01-8447-3cd737805559	1122
1edd1e79-dbb4-4b70-b236-84ea76646adc	1069
1edd5302-30d1-47c8-b7bb-69d30f42a61e	1128
1eebb2a3-a8f2-4788-9de7-dc2b7f277f24	1138
1eec852d-8d71-4703-96a6-255ed2e49ecb	1121
1ef1ab7d-4941-4427-8fc9-847c756b5072	1029
1ef28952-6d78-42a4-bc39-501d9ebd2392	1130
1ef3dd0d-84c6-4eff-b6de-563edb2304c2	1127
1efd0049-1f90-4b04-b16d-06daa7221f86	1136
1f007a94-2712-4c09-bb0d-2fcb2478a063	1118
1f078a19-b5ba-45b8-8b4d-920601b6941c	1071
1f0cc227-a89d-4d78-8ddd-241c247fd2b9	1056
1f13c431-5e20-49cf-a65a-c32fbabd3f08	1110
1f153a5c-173a-4c6f-824d-c0ae6e5c5906	1126
1f1a3404-0c19-4ce8-a795-adb3f9ba5ecf	1105
1f1c2ae0-3ef4-4c68-989c-70f6aba8f1e2	1136
1f21fdbb-1a1b-42ca-853d-92839cd3cb1f	1065
1f27d2a3-e620-420d-a920-79abb25e5b4a	1063
1f2905da-5c7e-4ed6-8cdd-00b0b65f7465	1132
1f2a2865-b195-4a9e-8493-d30e695877a7	1078
1f2d30c4-b122-4a4e-9239-cc65611064dc	1048
1f32538a-a07f-4e58-9504-e4858acb306c	1139
1f33d6cb-2047-4dc9-b627-9e6bd577d9e4	1056
1f364644-eb6c-43be-b3dd-6e9ed97c5504	1079
1f37f074-3761-4387-bcf5-4f8f00da6b70	961
1f3ab4e0-887d-40eb-be04-7aa47faada07	1132
1f3d0916-5e61-4e51-8bf8-c6cdf979a75e	1115
1f41e9da-f316-45cf-bd71-336210d71a0e	1081
1f43138e-b6e9-465d-bbfa-43d92fced6c2	3074
1f447c97-6e6d-4f94-bafe-0a91fad05f03	1138
1f474159-eb2e-42d3-afde-76283e422b59	1069
1f48841c-a76d-422a-a903-770f6a20a66c	1143
1f4a831b-dba9-406e-86eb-f709a4fd6c04	1132
1f567285-31b2-4dde-aff5-00fe1314ddbb	1130
1f57d5d1-c7af-44f5-9103-f0018410afea	1132
1f5cf8a7-56c2-4881-bd0a-3092144e9eeb	1057
1f5ff8d7-14f1-4157-849a-ec8f9ab31e03	1068
1f6003c2-eb41-41be-9d6e-c68e6c147e74	1142
1f63b5bd-07c1-4306-9f7d-41a7d0161a48	1074
1f66dfa8-e012-41dd-9ab8-99607e37c77a	1122
1f691b32-1107-4928-af7a-befbceb286ce	1076
1f6ae545-e57f-48eb-9c60-cfc5a48a7c5b	1058
1f70024f-8b46-4b47-b1bc-4c8355547566	1110
1f729cc3-2831-4769-9db3-86cc0a1b364a	1140
1f78f08e-80b2-465c-94e9-442e9a63ddf0	988
1f7ca8d2-686e-4f14-bf54-59712b860edd	1067
1f800cd2-3bf0-450c-9511-5d6ba0f9d722	1095
1f802058-e4a5-4cdd-9564-a23a23316cc0	1071
1f80268a-071d-4b8b-bfdc-b68f2b3a0d57	1132
1f82503c-e290-4f8f-861c-5422db7449ad	1069
1f8d7f6c-66b6-4735-b296-0fdaa8c1d10b	1126
1f900ee4-fb36-4939-a561-0178c01efe19	1121
1f92d511-fb0a-4b77-835e-99e8c6f994e8	1053
1f9c251b-020f-498d-82c9-4ec08a81b47c	1077
1f9c2d34-01ed-41d7-ab7e-407273888e78	1127
1f9fc290-3729-43b6-bf1a-af82de5860d7	1083
1fa0fe33-6a23-4730-b2df-57dd969dbb96	1112
1fa6c3de-dd54-443c-b0f7-bb7aabbf879a	1073
1fa8f955-1773-4007-86dc-4c46d0d5c730	1130
1fae9c5a-45a8-4567-846d-94637984020a	1150
1fb3e4dd-6e40-4784-92df-355a8a11ef3a	1134
1fb453f4-d90b-4ee8-9ee3-0071a2b7ba99	1135
1fb5905a-52ba-4447-886a-30e22dec347d	1141
1fb73592-224e-40a0-a4df-81f148e4d662	1080
1fbb35ff-56d3-4785-8597-b162f00172de	1074
1fbc51fc-a0e9-4811-8d21-91419e9e76a7	1072
1fbce31a-e037-4ebd-9d54-ed0ba1753982	1082
1fc1fcb8-de62-45b5-9705-d6844b9c67cb	1097
1fc27eac-37c1-46b1-b751-2acb1c55f4d4	1053
1fc322dd-13b4-4aaf-acdf-6dbc02a90655	1122
1fc612e7-1321-4082-93d3-42d1643062b8	1074
1fc90860-4cc2-4a6c-8dd1-b20146969bf8	1139
1fc944ef-2dc4-4e02-a9d0-941642a9e84b	1070
1fcd2325-6e8c-4a94-8111-d0d0ffabee89	1055
1fcf4d10-925c-45a3-97c3-a86d193722f4	1052
1fd0ee97-d1d5-43df-8eed-e1961d9afcba	1073
1fd61242-79fc-4c98-a8b2-210dbcc43100	1129
1fd658d4-0bf8-4cea-ab94-1de91a7ffdd8	1056
1fdd11b9-92ab-4f6d-9093-ca951d819662	1122
1fe48012-9bad-47dc-820a-8377982dd158	1136
1febf63a-29b1-46e7-8cf1-d83edcd69ef1	1075
1febfc65-634b-48bb-a0a1-f625b77b6203	992
1feca16f-e108-4fd7-be31-1de0dc508684	1046
1ff7b11f-4fc6-4479-8d97-6b859d0eee0f	1138
1ffcc1db-3a3b-4344-a815-63960a366973	1411
2006c72d-1a97-4245-abc7-212599962521	1070
200a100e-0f5f-4763-b3b0-8aaebc31993e	1068
200a45c2-654f-49c4-8062-62e1586e046b	1128
200a79c5-324b-4dae-bb57-f60fc8f55346	1078
200e5b27-32ad-4ea3-a8d3-58de18bf260f	1078
2017f694-cb9e-4d06-b85c-7998ee51a4b3	1069
201831c5-bf54-4d03-97f1-ead3ec137bda	1121
201841b0-0aea-4612-8ee4-ee1e8a67ca59	1060
20192e38-12b4-4efc-80fd-ee98edfec322	1111
201cb263-7147-4805-b3de-c8768717e1fb	1120
201f619a-fefd-4f74-a9cf-c5ed69cbf9b4	1139
2020b46f-4a1e-4168-a612-ca2c5eb71eaa	1055
202f5f15-c05a-4c02-b817-6d3b31d8347b	1092
20307837-35e2-4cec-8b4a-92a6223db8c9	990
2038b76f-49f8-4468-bbad-fe8d2364475c	1135
203cbc39-663d-4d16-bca1-42733e9e12c6	1128
2041fc08-d6ba-4e41-8efe-9ecba831373b	1138
2049aed7-9dc6-4f33-a917-0a8d64852945	1052
204b2ed2-0a04-45f6-af2a-f663d6ce6618	1129
204c1445-ea71-4c2f-9891-8a0654451811	1141
20546ce4-66b8-44d1-bd05-8f75bbf483f6	1048
20556a21-5877-4559-9cc1-542100532033	1122
2056496c-712d-471b-9a45-fb73e107938e	1066
2059c7e2-13cd-45d0-a1fa-0fb047df0781	1135
205bcac5-019d-451b-89f0-546a293d863a	1129
205dfa98-82df-4180-ac64-307d03798de4	1080
20613d09-72c5-4de9-920d-2a7e17c2c4b8	1125
2062aa38-9675-403c-b42c-89d6438a0eb4	1134
2067bed1-6724-4837-8d03-ffc7c0970ac9	1126
206948e2-d952-46aa-b699-acf7fcf48065	1128
206a035c-eec5-4b96-9c29-4606346abbbc	1140
206a7cc4-e175-4957-a7a2-3e8c6be71786	1065
206cb508-2afd-46b2-be15-5ca4d8665038	1082
20741aef-22e2-49db-8293-4024947e9b9e	1075
207a7c63-281a-4500-a28c-856df723c8b9	1137
208531d0-676c-4b22-a010-287a5b27ed5e	1125
208942d2-a277-4f9c-a89b-51620463a043	1076
2089a094-0885-4a99-b9d5-44c08ac0fd1d	1048
208bd0c2-2eb9-40e5-a82d-2090eaf36ddf	1130
208c6fb0-f532-4d89-92dd-4c67f371c288	1115
208e5cbf-ad5b-462e-bb9e-0775d2d823b7	1132
20951fc3-66d3-48cb-b693-c284fef36bf3	1111
20967264-eeed-4aa9-a0c2-4c6dffa0f7a6	1074
2099a8f5-f794-4407-b2b2-67882d853cd1	1101
209ae499-b02e-42fc-8fdf-718470c6ae29	1076
20a0c49c-78b7-4dc7-8784-e00497b4e1de	1047
20a3c51d-c61a-4e41-8edd-dc9417f0d1ad	1068
20a5f02d-bdb1-42af-84cc-27270fe5da4c	1120
20a68c4e-9af9-4047-a473-39c1482b3b16	1130
20a9ce02-c7f9-4e7d-8fa3-25e659c1d8b6	1072
20b071a6-1cad-4f2e-bd14-7005b4565ab2	1132
20b5aee3-c115-40b5-bdf8-05560beab811	1133
20bf2ace-03e2-4a73-9ba0-e2bed5582ad3	1078
20cff823-702f-4ac1-aef8-82d9c0a84882	1046
20d38243-328e-4307-aac4-59d5d142ef5e	1130
20d5eeaf-594b-4b33-8fcb-7aac20162655	1131
20db8425-8519-44ac-b27e-1fb3619a1a86	1127
20decf85-02c7-49cb-ab5b-c8de4a3a1260	1074
20dfdb1a-85f8-40f0-9913-a410ee94177d	1059
20e52e01-d32f-45c4-9c39-e2a7312141b4	1131
20f92547-0f99-478d-8a85-ca53b31d2c5d	1149
20ff7b15-704d-4e74-9108-d10e7ee4f0ab	1139
21049c14-c717-42ec-b9ad-e19d76dd0edf	1129
2107bf84-2e63-4163-8fc6-67f190a633e0	1063
21142ac8-eb79-4fe9-873b-8116d703b6c5	1070
211c9015-e636-4b16-a4d8-45c30093e09c	1116
211ebe80-c6ae-435b-ae21-72ca6ce24956	1130
212179c8-3c58-4583-991b-241be59fb402	981
21245780-de54-475c-9581-1d3869eefeee	1096
21295fac-d7ed-444e-8e7b-d3238c006558	1066
21325147-d8f0-4e17-ba15-0ac5eb7bb84a	1001
213a8340-809a-4733-bcdd-6b5f1c540498	1132
213ab7df-d93b-4227-9f6f-1183ce84129c	1135
214add39-d235-4c3c-8308-731300df2dda	1123
214eca83-1c30-4515-b0d0-1b61fd8b97a0	1139
2154d36b-47e9-45c1-83c1-6d1c60ca4466	1117
21564058-c697-40a2-a365-bdd883dbd042	1066
216031c9-a841-425e-ad37-3ed1bd548a5c	1135
216332ec-0dc9-4de3-9574-58bb7be02072	1068
2165a0bf-7017-4f3b-9d42-7ec356632a48	1115
21666405-ab56-4769-bd76-b4d871e522a8	1066
2169ffef-a734-44f6-9d6d-5516b164ed87	1140
216af211-5954-44b7-907f-87644d8f22f4	1134
216ea600-5666-48ac-90c7-43493cc2e121	1138
216fbc2f-96df-4479-af60-f173c81bb543	1142
2173fe2c-daa8-4a62-b5af-798b97599a0b	1062
2175497f-6698-4710-924e-96b91ec8a86e	1103
2176d7bd-acb6-4f29-b212-d1d0a59f0044	1061
21783ac5-567e-4e3e-afeb-c6247efc6717	1139
2179d3b3-50df-44d8-b88f-8df0771aa696	1080
217c1ec2-6e85-473d-84ba-4eb12fd89e2e	1080
2188bff8-9fed-4d42-873f-6d692d51a3b6	1130
218b5c1f-f941-4513-a49e-3f6f2f0cec03	1069
2191b626-a410-44e5-95e2-d49f225261a6	1058
219477fd-4c50-4d8a-adab-aafbe18807ce	955
2194b8c0-cb1f-4c47-8a95-fd912ad47869	1071
21968599-311b-4046-b0c1-fed30fc47ef1	1078
21a004af-5045-4af5-ba5c-8362b2825eac	1131
21a259f8-0ce4-4937-ab64-6f4e7ac95b82	1075
21a9b555-9672-446a-b7b8-c3e239d81f84	1123
21aad9af-9a66-4eb9-8980-3975c600d27a	1055
21aebed1-0c18-470a-bae7-da5dcac4bdeb	1135
21b1f322-7298-4101-a0dc-efeaf5041233	1133
21b52e1f-13a8-4991-8dcf-be80c91c8ed0	1134
21b5e4dc-1bf4-4514-9012-f71b79dcdc40	1122
21ba64ee-bb79-481c-a576-7de07f4f54da	1076
21c0be1c-ac7f-4f42-aa12-67f5a37c7cc3	1083
21c1c803-58a6-4716-aa4f-2a3ea5ec9a7d	1067
21c76e08-9228-49c4-8971-086eb1582572	1107
21c90e6c-c557-459b-b97f-b3ba09481bce	1049
21ca4321-01ab-4d3f-8fec-948b46f332a4	1128
21cc3d17-992d-434c-a5a5-7bd8df34a3c8	1109
21cc9a4c-dff3-424a-8fad-7d2ca7b5611a	799
21d675ab-bf1c-4e6e-a199-fb2266f924c1	1073
21e44e20-f38d-47c5-aaf3-7f5b9e156a70	1136
21e4a29c-39de-4be4-bc44-e70f9bf70839	1075
21e8c9df-4489-4439-8a30-3afe220708f6	1132
21eac176-8e4c-4c21-894c-540679bd99df	1007
21f0fa92-3c78-4154-8841-d9d38678f395	1154
21f231ff-3adb-4687-972a-cd69441f0057	1077
21f86edb-2bfe-4cb3-b4b7-728d3bc83fb0	1122
21f89f43-1aa0-41a3-93ce-cb14ce1eb9d9	1139
21f986b5-9dbf-427a-a153-c2d77da634e8	1043
21fc1dd0-02e1-4545-8eb4-027becae2295	1068
2205dc2b-fea7-4c8b-81de-4d44858eec58	1118
2208d736-b408-4c28-83b2-6725ce0a898c	1136
2208f993-9d33-47d3-87d7-710838c17955	1075
2209a06a-4376-4fd2-a91b-36e9f7621881	988
2209ba45-360f-4861-88ca-0ef6bf5bc57f	1136
220d40cb-6971-432d-8662-4b3cd5ee266f	1077
220faf50-07f9-4521-be30-f7b5cd650b9f	1063
22153e32-27ed-4e28-a68e-8751d3813fd6	1123
22191223-60b9-4018-84d8-fda06a28e6b6	1138
22193e68-ef96-437d-b978-366935538319	1134
221a72be-c6e8-4b78-9c60-4b57756feee2	1037
221bc24c-6556-47f6-9d67-52f0d1417792	1074
221e179d-5c94-4611-aed1-172c4188a0cc	1084
22214ebc-9334-4bab-84fc-4f792c310ceb	1070
222395fb-69b2-4e9c-be18-90399605cc0e	1137
222498a3-c4ed-4656-9082-36d908e12ea8	1073
222ba0f0-2864-4f61-93f5-b6dc095e32dc	1075
223436f9-c86b-45f7-a3a3-f4da9a250de5	1079
22352301-98cf-4042-96d0-43d3bd2efc07	1132
223d2c8b-2fd4-47e9-8e95-74a46bc22fa6	1079
224019af-8515-4dea-a4cf-a2436221d82e	1076
22416320-e526-4010-9c4b-06fc53746471	386
2243602f-02e6-4a1c-9974-3b6b477b8804	1070
22440ebc-4b3a-4424-aa42-048ea125cc1f	1059
224482c6-b292-4373-83ff-db3a58000e87	1075
2248300b-550f-4373-9951-6b7cfa4561bd	1124
224ae84c-430f-4448-a828-4aa6befd96ec	426
22507251-c580-433b-a53a-a889597d0cf8	1114
22543fee-fbd9-4c58-b0aa-1628553d938c	1120
2255f53a-9683-4d36-b30f-88364212ead3	1104
225a6f55-3fd0-48c0-b697-745a90051191	1114
225aa6a8-a152-4483-aeda-ee3206aca8dd	1119
225ea871-5926-4a21-aa81-ce6a40c6ca25	1131
22613110-b208-4274-a525-9df6c80c5ff2	1130
2261d35e-572f-4ab3-bf19-c96746e6a867	1140
2264828c-5551-4c2f-aa3d-b5e508e7161f	1117
2264b747-a2b8-41b8-9052-94f69c40a51a	1074
2265c96b-5385-4ec4-ab6a-a3346dfd399a	1133
226ba28f-0a17-4f89-9e66-4480076deda6	1059
226dfab8-6298-4846-b9d8-759af90de431	1074
227d121e-3316-4536-a954-ce086e5b3c7c	1074
227db21b-8d4e-44f5-ad62-fd24f4fb73a0	1126
227f14b2-e866-4da2-a725-3b3559caf526	809
227fb7ed-9394-41c8-b009-e731360ab86a	1063
228265e8-9c3d-4534-8dee-636240782acc	1067
22895145-348f-46e1-a3f7-596652a75d17	1146
228b3db1-f3f9-4c5a-8c20-9fccb4f97915	1134
2290214c-fab0-44ea-86ff-9da4987e9821	1089
2292989b-c697-4d27-af8e-39cc7cba91a3	1056
229a720e-e179-431f-b042-b70278a953ad	1057
22a773a8-bcdd-453c-a4a9-1b6e8cee5a96	1134
22a78608-d00c-4e24-ade2-4b8fe32a9a73	1064
22a7f485-0805-44b5-9568-34565f80a60c	1094
22a8013f-85a5-42cd-b111-8ce3f0c252cf	1075
22a87aab-9d0b-4e1e-9552-ec912c58a80c	1062
22abb100-e3a3-46e4-a5b7-160dd8d5407c	2084
22b24064-ce1f-44cc-97dd-9cdaf894ce3e	1134
22b3aded-31bf-4b83-8482-7fdfd5895919	1135
22b6aae2-9c06-4e52-a98c-dc661a90ee01	1071
22b7d87d-3897-43b4-b833-134f99a21c15	1060
22b8bbe8-198a-4fa1-a28b-c9104978c5f1	1058
22bdfd14-8789-461a-9e56-ef3cf2e97b88	1121
22c111c6-19a7-4cc6-be70-b6062da0f4ec	1131
22c9189f-0cd8-4f29-b885-5fd2a4b4101e	1070
22ce41dd-c3e1-497f-9e7f-447b65f50b42	1135
22d628b1-0101-454d-ad16-24faee54ea8b	1056
22d64baf-cf80-4dca-9a51-f5bae6fd1c57	1078
22d7b1ad-dfa2-4317-82c9-4669d19d8c2e	1074
22d94dbe-fa68-4e4a-aaa3-29a699e70827	1056
22d9d532-2954-4b43-a99d-bf580282d393	1134
22da50d6-838e-4c5a-aac4-b2b8190ae9b5	1124
22dba30e-f75f-45fe-93af-7ec3aca7e45f	1132
22dd9994-7b81-464a-8262-a7de6f60a9c8	1130
22e30f73-8b97-4a68-8ea2-9a11bfde3421	1133
22eacec2-05c1-4560-bbd8-5b1d0eb22724	1075
22f70fb7-bf05-4006-a11d-46c014dc17c6	1112
22f892ef-012d-4cdb-9a1e-290073465665	1084
22fcc7b2-a03d-48bc-a163-df01f11d022d	1049
230acee4-bbcb-466b-8d0a-84b23212885a	1126
230af94c-d61a-42ab-8fa9-feddb58ca1ad	1064
230b45a3-a5ab-4f48-9275-c01150957022	1132
2310d797-6f10-4460-9138-dab7d45b68c1	2077
231127f8-8912-4ad5-939b-992bb9864328	1083
231355a4-5e81-4f5e-8f51-9a0670ff4ce3	1131
2315c1a8-8e69-4273-8ac6-417c0cdd732a	1079
231639b4-c17f-4b88-a24a-1c0f5296051c	1128
23179d80-83b2-4fa7-867d-c8c979ce548a	1075
2317bcf1-77f7-4c51-9853-6a6813dbd7eb	1120
231c53b4-7321-4565-8118-e3e8f8bfef99	1133
231d4499-ddd8-4713-a4a3-1ea472aa0f43	1111
231ddfed-5f77-423e-892a-25aa79ec69d6	1136
23218526-58bc-42a0-a47d-bbaed5123c3d	982
23272a4c-4653-4b93-a087-23f27761c194	1066
232cc6c6-03b6-4986-bda8-094ad94199e5	1073
232ed467-e5f9-4d2a-805e-dd70983406c7	1140
2330e137-0467-4709-ba15-de3ca8732a33	1065
2331f057-66ad-4a06-9cc2-1e5452d69b8e	1056
2333363e-b1ae-4a27-adea-83dabad87cad	1130
2333815a-9e14-4a71-b1c5-5e2b3f7ad5e6	1140
2335d598-4647-4ef4-b033-02ce949fedea	1121
233981a1-4dc3-4097-9290-f55d90d49aa7	1141
2339ac7f-52ff-4962-8bd6-392c3ff7ee15	1132
233adcc4-c891-4df7-a91e-e33c84a9947f	1072
233c7bf8-0416-4061-b1f5-7051754a19d5	1122
2346ca58-7746-4403-8b65-88befd78a9ae	1076
2348060a-8eb7-4181-8a26-18eb24fafd2d	1121
23490051-7211-4796-9164-44dd9252214f	1143
234b1eca-7b4a-4aee-8bd8-9777872dce57	1069
234d1766-e071-4569-95aa-b927f3071f82	1125
234f3c38-7d1c-40e5-bbd7-8b6448241f6f	1081
235393fa-2bb5-4f59-b876-ad5a60c6b2bf	1072
2359fee0-e08c-4c48-b2d9-33d5bb77d877	1164
235acfee-9eb3-4a99-bc31-e021cf299770	1082
235e65a1-cb59-4b1b-8285-ac474f96e439	1109
23653b4a-d8e2-4671-accb-ecc3beef5678	1127
23655399-4a8b-4a50-86de-e1eebac425d1	1035
2366508a-18e3-4595-a0db-f1ddc8a1aaa3	1047
23680066-9ac2-4446-addc-a089ae1fb2f5	1075
236e2587-0c62-402e-a95a-3e653bf25c48	1126
23755240-77e3-4d86-8050-f74b56eba0f3	1126
23864d93-d0ff-46a3-af3c-41f487546119	1074
2386ebcb-5b6f-4650-bdb1-e149deff02f4	1057
2388f1bc-30a0-4743-bea0-ae62876522fa	1040
238a6500-f47d-430d-b85f-addc0f562a02	1125
238a759e-a8bc-4154-8cf3-89796f883ad6	1118
23913ad8-f7dd-4a7c-aadb-fc5b74a2802e	1124
23922513-792c-4657-b06b-dc0ea5d84e1b	1073
23957fd5-ddb2-4570-8b4c-e4f121d82b7d	1139
23970246-5454-4858-b9af-796cfcfdb267	1130
23970333-7e13-44ae-a019-419b3aa6cae2	1107
2397a334-54a3-447f-baa8-ccd1c37004cc	1059
239add10-62b2-4eb3-a7e4-936f0208b56f	1133
239b3a28-e918-4c9d-aeee-a5d9c60944dd	1075
23a7947a-b617-4a71-9a73-3d8c60154949	1064
23b31bd4-6a9d-466a-a2ad-ff72d6e0f927	1135
23b40e8f-c666-4f9a-9a0d-f3d524b46ee1	2084
23c6e5d5-e18e-42c3-b885-927429d2305d	1057
23d58296-1a69-46a5-b333-e637a98bd6ca	1069
23d6a3fa-a723-43a2-8313-824c3d234e9b	1122
23e0073e-dc23-4a15-91a2-fcce00088220	1143
23e0f733-0182-4cd4-8f18-4e377f40a889	1054
23e5cdf2-cb18-43f7-ba4d-9b4f53bd10cc	1139
23e8d87d-c885-43b8-856f-7fd54c6d3c20	1141
23f389c8-43c6-4257-91ff-fd980017f9a3	1054
23f5f53b-9fe2-42e4-afef-5873512448e7	1052
23f8484b-551c-4baa-bd08-3aa2851609ff	1109
23faa40a-9405-4edb-b1f0-329a8033fba4	1050
23fdde9c-a65e-4743-8e5b-fcc6ab28eca9	1074
23fe3e27-c73a-4019-8795-dc747c0614d8	1111
2402ac7c-cc97-4095-bf34-9717308c4287	992
240540bb-e624-4020-a9e5-6aba0e31ff21	1057
24154919-341b-4ffe-9d57-11345b053ed1	1136
241593bc-a211-4fcb-b78d-f092f059cc46	1065
2415e55c-7c9f-4cb7-bbb8-ec4801a44028	1138
241955ea-0da7-46c4-b2fc-930edd5b3abe	1075
241b1bcc-1fe8-43b2-b94e-4a03f0a5d89d	1124
241c5957-b015-4aa7-8fed-a889d5358316	1129
2421dfad-be37-4f30-8211-e074efdee09f	1134
2424c128-9e95-4616-85be-300522eedf79	1090
242c0a06-cdea-4e0d-83fc-54490427c09b	1071
242d33f1-4890-4f5a-b3c9-29b16d102736	1124
2430a680-acd5-42b2-af43-cf06d7097686	1079
24330202-c8ce-4fcf-936e-f6f980b859fc	1041
243a9604-59de-416f-b6f1-88a57a36d778	1041
243c223f-4c11-484f-b765-8fd0eca5452e	1059
243edd92-7cb4-4811-a1e1-b913149aad13	1131
244ca53d-5ae0-47c3-8b8b-91398c064ec5	1086
244d2c24-c63b-4c31-856c-60be903e690e	1066
244d9946-4f9f-435d-ac7e-132ba74bf96d	1071
2454e155-1141-48d1-8c0d-2a26377c3772	1142
2457ab45-3a03-4524-89d7-432b0a5c01a4	1143
2458b550-5213-4cf3-9ced-a6109d712dfa	2056
245bbf39-bec0-4193-9072-b6beb78f342d	1070
24624dc4-61e3-4e80-ac3d-4bf97c9e027f	1131
246277e2-f639-486d-8cf9-0aea4f971afb	1141
24629987-6db8-4a11-9dcd-2c2d7be2e186	1146
246599a5-1ed3-4650-9944-9911eb1c3085	1072
246957a5-2346-4dc7-81ce-8878f7676dbf	1122
2469f214-3ee8-4966-8ec4-fb9928723146	1057
246d3ebf-1147-4bb0-afba-13dc84287b60	1141
246f084f-6084-46e7-897b-f81ec6add351	1043
24723e09-a151-40cf-96f3-84d6272f02cd	1053
2475dca8-d8ee-4d17-ab8d-4caa601c13f8	1140
247747c5-a154-4bac-b50f-5fccbf9c35a9	1113
2477ce62-25a7-4541-9061-327d0aa31f98	1136
24863041-316a-4d9a-8708-ef866ca82b90	1148
2489b1d0-e684-4454-a13f-d4dc1b83da65	1136
24908728-5f23-4433-a169-780c89ab3e5c	374
24919fdd-b958-4d1f-a5d0-2fa2c5a6c816	1065
249549cc-d3f1-4c50-a085-6904bbd10879	1143
2499e68b-699b-4b23-bd23-8e13f7f7ea4b	1069
249f8c7e-ce64-4672-9529-de94327e7e12	1099
24a2d6c3-139c-48c5-af0c-a96ecfbd24f3	1120
24aa63b3-ba7e-4b8e-8368-b3bfdf0ca759	1081
24b4c341-d903-4816-9945-3574a381e921	1082
24bdc683-e352-4a15-b904-2a268256c077	1138
24c38cb4-62d9-4cc2-aae6-73b09f9ec55a	1126
24c6e5cb-d472-4779-b0ad-9f8ed91055be	1077
24c81694-a209-46d2-9f7b-54c2c231aba0	1138
24ce6987-e553-4eb7-8517-1cda7e431da5	1135
24d181e6-a873-41ef-b2ea-962ec366f077	1100
24d9343d-b531-4c53-a5ac-81b1be66debd	1139
24e1d8dd-fff5-4d17-b2ca-647c6582511e	1105
24e76d37-6613-4117-84ac-5f115e6646f5	1130
24e7a102-f081-49d3-a032-a5582ba866db	1136
24e7db7c-4c4e-462b-87f8-4a2c96b43223	1060
24ea3891-e238-4927-8266-248187110199	1128
24f16be5-31db-42de-ac78-4a2e1f9858dc	1152
24f24c3e-7131-435d-b39a-7f35d38b9aee	1062
24f4e29f-7035-4d97-9fe6-1dbc5e935d93	1131
24f8adbf-f757-43a3-b4d8-fb405d141709	1143
24fdc141-6608-4a22-8b2a-894ede2e1106	279
250fa8ee-dfd9-4cf8-836d-afe2fd93809e	1061
251412e1-f50f-4ab1-a4bb-f5dcc2acc003	1072
2515e0c5-eb46-4af9-bf6e-9f3fd898ac86	1126
2518b36a-21bf-4966-aa2b-e87979632f8c	1112
251c0127-83c6-4f1b-bb8c-9109b8453ce7	1075
251c43c0-0784-4dfa-831e-6457b6132002	1068
251dc934-adaa-4da1-88bd-5dd2821ceea9	1132
251f9d16-1ce6-474c-ae8f-d64889f37f85	1136
25238fbc-b2f7-40a4-a7fe-1fa6dcc7f0c3	1064
25266013-6b33-4a6a-b284-0249452ec3a1	1070
252c907a-048f-437a-bd35-8a3fad195d3a	1125
252df47a-eee4-4b9c-aca3-3ed7e59aaa0a	1060
252f00d0-6a1d-4a59-9539-8ebc5e7ee7e4	1124
25338534-39dd-41aa-9329-645d067b80ba	1123
25354139-810f-497e-9eb6-af5288a83d53	1068
253779ea-2165-42ee-ae93-e4cb53256670	1080
2539c47b-e8ce-42f4-9f82-b36b34b19702	1135
253af0a9-2ef1-4d5a-ae4b-e71aa3eafe35	1069
253e50b2-ccab-4efd-a0f0-d6025f2c6d38	1136
254486ff-1500-4e15-89c2-fbba54c32321	1059
2544f224-bc5a-490b-82f3-7d75c769f721	1076
254fa4b6-c52a-4c46-ac0d-e9c0c33d1dd8	1061
2551ba97-3bad-4fc8-8241-b45093bf886d	1082
255267e9-c8ca-4a1e-af5d-a041e66aa2e7	1128
25530d2a-8f69-443a-b9d1-96fb1e66ae71	1070
255ed835-0bac-4786-99a2-2638ea9c7089	1069
255fae19-101d-48f8-8bc7-e919a3d4fc12	1062
256e3bed-e558-45e8-bdc7-d23ac00e0224	1070
2570dcb8-b86a-4b03-930d-a47328e9f10f	1071
2579bffa-1d6a-43cc-b301-89f177172f41	1063
257b01f5-399d-491f-ba1a-856817929d17	1125
258350dd-6efa-4d31-ade8-2e0d15eed5f1	1119
2587acf7-74e7-4b26-8d17-c76cd83c0274	1112
25931765-6bef-4a41-911c-2c105dc0de68	1077
2594556f-2021-46d9-a223-b0ff56860593	1319
259c0a45-e340-4b72-b8fc-7c6708091d29	1132
259d420d-9e5e-4b4f-9262-5d54c1f059e2	1133
259dcb10-b34e-408e-aeae-e613837d700d	1129
259dd8e6-d28c-4ad3-a27f-482c3aba79d0	1269
259fea57-ae77-47d2-bdf0-50c9cb6a9f48	1064
25a4a8f0-ebe7-4a83-9853-d049dbc00567	1129
25ab1b2b-f1c7-439a-9ef8-9797bfda2f49	1081
25adcc86-544c-432d-b7ce-d04a25811dfb	1041
25b8a7b0-dcd4-49be-96cb-3a1fe643b71f	1073
25c9cf08-5e5f-4bab-afb1-d00dbc2d3670	1075
25cc36b2-12c1-4872-b882-f4b19472aec9	999
25d5956e-533c-42e5-a8a6-fde32142c754	1135
25d8de3b-096a-45fc-88cc-804a74707b55	1075
25dae406-e26a-4962-b8aa-7b1c4948c1c5	1063
25db4523-ef52-4771-8e2f-145fd09ce8c0	1071
25dd8ddf-9b6b-4e4c-8c68-23d3fbd0f2e2	1131
25e4bacf-9183-4f3f-9aa1-b6c2f9f0fa3f	1132
25e59801-ae30-44eb-881b-d69453fcf7fd	1143
25e6941f-0d95-4e6a-a996-ce2232f5e92f	1133
25e814a7-bffd-451f-8f36-c52f0d73705a	1046
25e91a7d-168e-4d4f-bc90-8acf07763e30	1073
25eaaef4-eadb-4ad7-84e2-fde41e8ecdb6	1006
25ed70d7-8219-49f0-aa0b-3f3ffd91858c	1136
25f06cc8-4f40-4894-abb5-3f6d76853e8d	1052
25f8b18f-d92f-4d73-99dd-b31e2bbb7008	1142
25f8e2c8-2c2a-4671-8223-6bf58d79dd75	1133
25ff42cf-b826-478f-87ce-24663951379e	1081
26004409-4454-4e60-a51c-536b18b2c354	1116
2600b5d7-5fce-4ad2-8b40-ef66e26f9c7a	1059
2600e85d-d37f-4e8b-86d1-304357efa739	1117
2601d1cb-e502-4733-9ca7-64c0613befe4	1075
2602c163-68ab-405f-8f6d-ca8e65e3cfdb	1143
2605d14d-93a3-48c2-b7e0-32c647129196	1132
260d0d65-5688-42e0-9f83-c855d18976ab	1073
260fbb79-7947-4317-aa1e-534304fb7713	1138
261248b9-14c9-4ade-8caa-fe68c52db0b0	1060
261315fd-73d1-402b-a5de-f59a81ca0e69	1077
2614af49-00a7-4bf1-bf89-ad5c2e5badb9	2053
26188187-f9cd-49f7-a089-c1995973d78f	1048
261b5ac4-2f03-487a-bbe2-f222f3760d3d	1133
261c467b-25ab-496b-b81e-bbb1decda0dd	1129
2626731d-894e-4cba-b8de-09bf42fb01aa	1078
262919f8-e716-4a5e-b4b7-1871ddd5320a	1140
262949ad-06f1-46af-8917-00ec6a1f5060	1063
2636e27c-dd49-4e14-bf79-2fc94c993c12	1946
26390fea-7db2-4e31-8c13-30ce2d2e0024	1073
263926b9-09d5-4dea-be83-216ee749e77e	1064
263a8721-0b0b-4249-a0dd-ea38994b28e9	1005
263d8d03-666d-453f-aebf-8a8393861ac0	1118
263e785e-bde3-4ab1-bdad-033693484f30	1133
264897b4-cbb0-47cc-8fab-0e0692ae913e	1131
264a1897-83b3-43ca-98f4-fc7de19b90cd	1074
2650c4b2-e44f-4e7d-88fc-22542ed87807	1139
2651f487-b9e9-44d4-848a-fe1f4300b90f	1076
2656b50a-ef2b-4fe3-8d3f-d765b55d9e6e	1136
265c000d-b250-452c-acb5-d7875d88210f	1119
26609e8f-8459-491e-b505-577411ed6e1b	1060
26642a23-c370-4421-9691-8115062d26ab	1077
266eafb9-1d6e-4476-b602-3cb04e61865d	1064
26726cba-8c74-4ab2-8ac1-74826c4fd094	1051
26731802-4220-4d29-8f73-80695eea9c16	1083
2674f225-ad6f-4cf6-9e39-716dcf7aee05	1044
26795f98-64ed-4655-89b1-ad2c0d800233	1056
267dc618-5c88-4792-b157-d58373e73767	1071
267eeb9d-12a0-48cf-b8d7-7382b6c11a53	1124
26885d9e-a057-47f4-8bd6-df8b1b6b1202	1124
268a8201-e6ea-42aa-81c2-bed2a0819517	996
268ac5a7-93bf-4042-b494-a6fc765efc0f	1120
268d8bea-3815-453e-82f7-5f272cb18688	1076
268f8fd5-5ef9-49d2-bd55-46e217fcdad7	1136
26973c19-465c-4ac2-8934-573148358f48	999
269f69a6-057d-4f9a-83b3-46c572bde730	1077
26a3f594-fd9d-42a7-8478-6dc7d19691ab	1141
26a70f90-c320-4e0a-bc8a-3858f6af9267	1126
26a7465a-19d6-4a19-95d4-563065876928	1059
26aa8ffd-6a2b-4ac5-8b46-f903bd709676	1134
26b80477-3b73-4b6f-8df7-f298922b9160	1141
26b8cb74-3536-4414-96d9-b577c59af3c3	1121
26b95b16-7e81-4477-a805-1d24e0f383b2	1121
26bd50bc-8ac8-4827-bf62-45f47cd08c79	975
26c14552-a3fb-49e4-b381-a4e2d4e7aca6	1123
26c5d048-02d3-471b-be4d-56e6bcfab786	1059
26dd0145-4dff-46d3-8a46-fbd07907e381	1149
26e09f27-a47b-4b12-bf39-e6656ee88f38	1127
26e0fa99-cd21-4e43-9965-45fc3372e11c	1128
26e22c9d-ada3-431d-8ec2-87c7cfdc14cc	1102
26e46bc8-b1fc-4241-b231-c56db6615cab	1068
26e8be32-9373-4c92-8ca1-d15db6fb0db0	1129
26e9d38e-d8d4-474b-8f75-f42c7a4030ec	1045
26ea36d3-4a8d-47c8-b2c0-36c4f4c17564	1128
26f0fce1-d778-45f5-ac84-76630bf120d0	1078
26f5f498-5fb3-407b-9911-462b26434e2b	1076
26ff1400-f3fc-4fdc-a26e-c33c25bbe585	1115
2705d9f9-3f23-4bf1-8d8e-e7ad4d10e732	1065
2706654f-e003-46c8-8719-4a1a9a1492ed	984
2706d596-0bec-4b04-804d-4bbbe7e79dbe	1103
270ab45c-244a-43b9-9700-597c18c6f2eb	1077
270abd17-786e-4ac2-ac99-8ac0c66f09e8	1077
270ce496-a017-4973-a04f-0a3f78b42598	1143
270d5938-13cc-4248-8fde-53b038af98cd	1141
27125634-24c3-4a31-a0cc-e6b8b22a1006	1131
2714c43a-102f-4293-a597-58f3e1f0de90	1114
271e22ac-d9d0-4fc6-acf1-007470afd49c	1133
27214a38-f79d-46c3-9836-efed02eebc85	1005
2727a3d1-7027-480b-97d6-c71f02a3cc14	1065
27329204-c03b-486a-9148-e7a1a6b49698	1078
2734ede6-4cdf-4af6-913d-caf18edcc698	1128
27350ddb-aa58-45e6-b6f2-c808f5aa23bd	1046
27377eae-1ddf-4dba-b02c-d51691e9563f	1060
2739802a-2948-4d5b-bf65-215ddcd7750a	1133
2739f3cc-15b7-4bff-b628-9a19d7954c71	988
273e677a-7559-4a3e-bb95-38ee1e949204	1048
2740e635-4484-432c-a0e6-c6976a0eaa21	1074
2748eadc-418b-4a3d-987d-b76a5d2e5eb1	1075
2755e029-d013-4912-84d9-4d6bd32f1de1	1126
275c63a5-08b4-430c-bf16-fdd671b6ef16	1075
275f741a-6ba6-4651-8884-b6b62b945423	1116
2763a434-2cfa-4dcf-9d70-8a6e9889f8d7	1126
27641bbf-3789-4f0f-807d-81fded6654b1	1066
27685a98-3b99-43a3-9689-98cce02f2a25	1077
2769c535-ea2d-489c-afcc-4b3ef8b66a73	1060
276eac85-ac37-46e5-afbd-7208a64f108b	1075
2770863d-af45-49dc-a6e6-b784c6457a1c	1135
27749b94-2b9e-49c3-9f16-2542ed3c437b	1137
2781e9d6-e064-4af4-a153-87f8ec5c33f6	1063
27827a32-a00a-4952-84d3-47b07321475f	1144
2784033a-3c10-4991-8a3a-6502e49b7cb4	1073
27877bb5-6d7e-4774-8049-ccf66702bdf6	1149
278a191a-d3f6-4cbb-8a0d-853ac2512781	1080
2794fbcb-69cb-4fe3-a5f7-1f8993dfbfe5	1073
27966dcd-1557-451a-8266-788fd96c4bf6	1083
2798c8da-e8f8-4163-9141-5e03483d8d98	1057
27993d12-c3ac-4e78-9321-5b21d95eee8d	1094
279d3bba-4fd3-4685-bc2d-1c48709ffc56	1072
279f8aaa-2291-4372-b255-56309882918e	1073
27a1ee50-66ac-49e8-af5b-d26e41c054cc	1120
27a327c2-9fbb-4b5c-a34b-436035f0e41e	1129
27a46140-3e8a-4a9a-bbce-7c0fe7f3db5d	1064
27a98bc6-832b-4741-a610-394e4472e55a	1133
27aa8e2f-7ab1-478d-ab40-1ae71cef5e7d	1126
27ac3da0-c94a-4b35-9426-d62cb054f752	1146
27bd11bc-44a2-4fa4-8d66-f5c5dd79ddc9	1133
27bf996f-2a7e-452f-807c-800838362ad3	1113
27c12e32-b7a6-441b-bcd1-f3978aa6a3b4	1126
27c3ceb1-d6e1-4465-954d-627b8a4990a6	1060
27c40ed8-0a8c-413a-855e-2c87b81edf4a	1114
27cc6657-94c2-4fbf-9a5b-2de013d5985d	1131
27ce8ecf-ecc7-43fa-813f-2eddf2234e6b	1139
27d0bc9e-0ba2-49b7-abfd-bc20b57b3247	1078
27d244e9-ff0d-4d81-ab7b-91e9e207e57c	1133
27d4a0c3-4272-4a90-b2ef-7d799bfef117	1050
27d60a9b-5b5c-4de6-824b-eec5418e0913	1139
27e18e84-a6a3-46d4-a176-00246a0c6246	1039
27e1d2e9-ded1-4f59-ab3e-be4c06de64cf	1082
27e4407d-e65b-475b-8360-e6a5c4ea8d7c	1077
27e44eca-d4ac-4019-8065-861ec4477aff	1076
27e7a2c2-aa99-4f37-836e-c5605282fb5f	1086
27eb2aea-b8a7-48af-8cbc-cc3608df3d54	1108
27eb9cee-3d74-4688-8b41-97989a5ea0ac	1056
27f12768-ad30-4ada-888c-240ca51b597f	1078
27fbfd62-e93c-4692-bf4d-475f9cc1d1c3	1101
27fdaaa0-1721-4f49-8fb9-1f79574f7e98	1072
27fdebaf-7896-4876-82b9-df479be090b1	1138
280b8ea1-c7aa-44e3-979d-96094670d6a2	1081
280d22e8-1bf6-47df-9b4d-0518dccc597a	1062
281057f9-38b7-4e6a-8c26-a59b2f6f18aa	1068
2815f1c9-987d-4af8-b5b9-77c605fede23	1134
281922f6-4027-4154-98e5-c8b089f43afd	1075
2819c6e0-9856-42dc-91b9-b107f25325ed	1031
281d7f3a-bbc9-498c-8aed-c07d8a6ccd6e	1055
281ecf05-35d4-453c-b40c-749de36eda17	1133
281f6a87-f5f8-48f4-a1b6-b54763ddfb92	1127
282adb10-2e27-491c-97fc-9d75f6c4be90	1129
282b66e8-de2d-4122-afe5-3f0f50142937	1117
28315cd6-0b79-4afc-aea3-968989d3d1c3	1070
28340c17-1945-4454-9413-775259749056	1082
283792ab-7e11-4c4d-964c-aca45476434b	1133
2837ba9d-491d-407b-9995-626acf81837b	1132
283cd345-41b8-4c9a-8fa8-e70716fa8c7b	1078
283d3a21-2eeb-41ea-9468-af4700cd9cea	1127
283da3a1-a763-4e82-9f7e-6288ca116571	1076
284006a8-76cd-463d-b357-9b796543b8da	1062
28426b98-c6d3-40f4-9a25-cac8a718a1f0	1088
284c4277-c63b-4630-880b-123c4fb399f3	1070
284e6b3c-15b7-4088-992e-f3948438dc7a	1142
28560b3f-17ae-46ab-a780-979560023237	1073
285c03b8-0432-47a5-b3d7-3d8c42350448	1132
285cd22b-a715-4616-98f6-d67b701631c5	1132
285dcf0d-39d7-4710-be61-9c7337d6924a	1072
285f5c76-f516-442b-b478-74f9264ec254	1138
2863c5a4-077b-482a-9a1a-f51f84601589	1130
2864adbd-ca58-4175-b590-80cf6d886222	1135
286722f9-5135-48a5-8cd8-ee926171d6a9	1135
2867fd37-02ad-4beb-8a41-bf7d00b063e2	1139
28695bf8-1301-441d-9e96-00616b70f266	1149
286a80a4-c4dd-4398-9526-e63a51249060	978
286b1068-b7e6-45ef-911c-11fb9b9a2dba	1122
28719725-92a5-4ecb-9a70-ee6a4a7918c7	1125
287a0eba-87b3-4a22-9703-0dc9a8dd0664	545
28836edb-384d-42fb-a8c8-fc3f7c2b48db	1072
288e8139-5e86-4d41-b40c-abc7e599198b	1067
2894278a-9a7f-46d5-9e36-98418e051ba8	1073
2894914d-851a-4e94-bcf8-6bee1c8fe0b5	1035
28981cb0-9e3e-4e6b-9832-82b959223dd7	1045
289bc6bb-7c46-400e-9321-ab9211646c58	1131
289cd7ad-3633-43cd-a690-3648591244ee	1107
289def37-e6b3-470d-816a-9815a9574501	1074
289f8273-a1a5-4e8f-bade-e4377fd13a2d	1139
28a20e8b-d6dc-4ba5-98be-88ebc26f7bc8	1141
28aed3e5-0b25-4e73-a9ac-ea8fb06592ac	1070
28b1bea2-4662-4210-a250-c5b9027122dc	1068
28b2d2a9-d475-45e8-9948-5efaa6a9dbc9	1062
28b3ee51-d7b4-4118-ac42-8818b43d5caa	1074
28b58981-4154-4f50-bcc5-ffa6d35ff496	1071
28b71e75-0744-4612-b2fd-c99f9e6671d1	1070
28b85559-5112-4019-b73c-f02080128ae9	1131
28b9d674-0c47-4291-a493-e59b5dec8990	2129
28bb19d7-8e26-44c2-a2b8-ee022f98db11	1077
28bb6cc8-e9fd-416b-8c73-60c1d4166c0a	1055
28bc3269-1ea6-44ab-9aaf-cece7ebe9d16	1127
28bead06-9156-4cd1-a58e-90d84d5607c4	1037
28bf014a-0c3e-46a2-8041-7c04ac3127c9	1074
28c56636-05c6-45da-a883-e49b50c0ec11	1076
28d29587-4aad-46a9-9b73-3e7bb8a3fc10	1112
28d875a1-65c8-434d-aac9-c522b49a2ea6	1080
28db05bb-0342-42a1-a9ea-18a7158020c4	1068
28dfad53-df97-4a03-8688-d6b841b4c993	1133
28e4b65f-66cf-4d0f-b9d9-1c379653e8e8	1072
28e557ec-e831-483c-807c-71e01a51d8db	1081
28e5aeff-a7a1-4df5-8856-6404d1ee6815	1132
28f0bdc4-4abb-41ed-9468-ff073c130d69	1119
28f14eb7-9338-4095-b70c-fc19b2b515eb	1139
28f1d69f-6192-427e-8fa0-e0c31c8d199d	1079
28fa600f-03ff-4591-919b-83de0f62a1bc	1064
28fc5deb-b575-4dd3-8d9c-1df5c1aec50a	1085
28fdd613-644b-4f0b-9522-1e59b051ea5c	1139
28ffef3b-884a-4d53-b33f-460aa1180f6f	1106
2902755f-2e20-48d9-861c-24e223180ac5	1083
290434a5-3ddf-4013-b5bf-52e40a2ddaea	1135
2904e2bf-9d25-490e-b370-cb1393906a53	1117
29091c4d-7a23-4b74-bf53-2b7760aeca23	1074
290971d5-be12-4d51-9232-4e92a2904103	1075
290acfcb-be7b-47d2-82a0-4f8950eaa95a	1128
290b6686-1be3-4b52-a475-d0982f4c570d	906
290b68fd-23d2-40ca-840e-582f3aa65b0c	1140
290cec07-f80e-4f9f-83e9-af722a426a37	1001
291a52a4-7bf7-405a-b18e-3ca09c4c6ae2	1063
291bd96c-b748-478e-aa5b-90732bf28b9f	1075
292092f4-fb8b-4f74-b873-263fd42c0ac8	1080
29230567-9c4e-4138-9c24-a4d02344b6d2	1060
292708df-9696-4711-97bd-bbb24966fb0e	1136
29270d68-511e-40f2-8698-6740d28896c5	1029
292e0fcf-a1e4-4ec7-9f9c-5a4f6c46e700	1051
292ed9ad-d1c6-4e0e-b5a0-0829ddd02cd3	1142
2932fb5d-67db-45a9-9d98-aaede84cb38c	1118
293a908f-0e5f-4b52-9620-0be58f72c694	1071
293fea97-4c0c-41c3-9a20-bf3c625dc341	1132
2940d533-8f18-44e2-b042-aa2a344c356b	1073
29436310-cc81-4480-9b3d-763f581ebe64	1140
294381e4-a47f-4e32-8e5d-777c1b76cf94	1136
2947ca35-a737-49e8-80b6-02564a2e5c8b	1127
2947fbb3-c98e-46bb-a8ff-9d89d6129b9c	1135
294932ad-7424-40fb-97e9-3f0f207e4359	1122
29515fe0-a8f0-42a8-b61c-62afa047eb86	1079
2951d732-3560-4f20-83e6-88c8a19c7549	1121
2953de8a-4475-409b-897c-5ac598a130c5	1131
29562431-27c0-4260-b7a9-c47846f26e47	1071
2958299b-9220-4d86-8fad-4553676a65f8	1058
295d62ea-4882-416d-aa66-d2a4d7fd3aa1	993
2960bef1-8353-4436-91d8-c583ae4ba594	1130
29660547-7a77-4afc-878f-db1dd533d458	1125
2967ea3c-34af-4f8d-8b19-20919acd1825	1052
2968ebf3-9970-436f-bd5d-7cf78b712ee8	1076
296ac3fb-c7ca-4741-a1df-c2fd4e5b3328	1079
296edbc2-e301-4f0b-8c99-ba489569a4f7	1130
296f6d3c-0d00-4418-b194-f1566057085f	1064
297251f3-3646-4c00-838b-6d9720587d8c	1117
29728d28-4de1-48de-9be1-d5e722e85b7f	1061
2977a6fe-4783-4371-95ce-3d6a90e71302	1034
29839261-7e0b-42b3-83b6-8c1856b53f87	1078
29884ee1-ab19-40b5-95e6-dc044f1d5a6d	1037
29896927-07e5-41cf-81e7-f9b4cdd900c9	1141
298bb679-8267-4cb0-976a-617b3e053504	1137
299841f4-6a66-4dce-b94a-195cecf830bc	1140
299c5ff2-ee27-4c56-bba4-f50c9779da0c	993
299cbe35-de71-42eb-bb3c-7e8270675a6b	1074
299ffaea-0c62-4176-9b15-641ca62b261d	1140
29a3ea8e-3e52-48d1-8da5-48323992a490	1015
29a3ff89-1ae7-4d0c-9043-6cfc519aa8ae	1075
29a6a813-cff7-485b-9ac3-f6a4341dc8af	1073
29ae3525-8992-46b0-bec6-4962860b7256	1063
29b03541-7ff7-49da-b300-1bf99a9fb6a0	1078
29b2fba4-390e-4096-8461-6080f3a323be	570
29b562eb-17e1-4887-ab05-6af32ffc93b3	1064
29b59c72-84af-4981-b65d-68429dbf94ce	1126
29c22169-3f29-4e34-a8b3-c0e35196d04e	1068
29c49f60-b9ac-47d4-adfb-dee62acccf0c	1068
29c6271b-5cd1-41ba-9b6e-87882a26b247	1108
29cb729d-9684-462a-94fd-650458bc950d	1075
29cd4859-77d9-4d97-be81-361634611058	1135
29d01a9f-0a3c-4b08-9da9-5cb955ed0cd9	1059
29d882c5-f71e-4f85-9180-f3f94772dd97	1074
29de21dc-faef-490a-a6bc-1f700c86b22c	1068
29df4aac-6f8d-495c-8bac-6f612c0add3e	1125
29e04683-4a23-4e68-b5ec-7f2a9871c9df	1056
29e1687e-481b-4095-a5b0-3f22c2dfd08c	1138
29e27771-8968-478e-8298-a68a45bdd142	1063
29e49dff-6858-4e46-b4a8-bba18840c4d5	1069
29e6a970-da1a-4e83-a420-db6c19ffd0fe	1074
29e7c158-b3fb-4f95-89a6-47d64adb8e3b	1149
29e8df5f-5f59-45da-b87f-43956fcc6621	1116
29eb99cb-bb85-4ef8-bff8-12e10a0aacb0	1070
29eda982-5589-4896-8928-5d55e237d702	420
29f58691-635c-42d6-a10e-b23c292bd3f3	1140
29f9c3e6-f0bc-4c0f-b9d8-147ee2e2507c	1066
29ff181c-aed0-4369-8a0d-8899cbd98320	1074
2a05fe44-1b8f-44a9-aa89-ea1fb08e9d0e	1139
2a096eda-fb4f-454f-9658-1c19a22b5ab8	1133
2a133caf-f469-4d7c-8881-48441593eee8	1119
2a169a71-0981-4df2-add3-05df6efb226b	1119
2a1841ae-d58a-4b56-8421-548b321fbfe3	1128
2a1b5ca0-285d-426b-9be5-693195730ee6	1076
2a1ec52f-cf7d-48bc-afd8-73e61a460a4a	1135
2a20f9b3-1d13-41e5-aac7-09f5c75f4953	1070
2a22cf34-7921-4471-b57c-0ea188757df8	1057
2a243deb-fbc3-4928-8e27-bb89868e4133	1065
2a2a44fa-9e77-40c2-b131-151c83c594a4	1137
2a301db9-1a36-4e62-b1ca-78c82e8b5032	1066
2a310a83-4436-4345-9500-caa9b2a39488	1036
2a39fb30-8328-4e5b-93fe-718d93092997	1101
2a3dac64-0127-431f-919c-8f9563ca3ea8	1034
2a3f3c26-0e74-4928-bd59-8fbd1c164dda	1061
2a40a5f5-d057-4bd9-ab85-58857f5229a8	1102
2a42b0ba-047f-4c63-ac8c-cb83daacc5e0	1087
2a457268-1d0b-4222-8674-3b6e041cffcc	1141
2a469484-b4dd-43b7-92d5-20d0c53a7d09	1076
2a479798-dece-47cf-8c62-b0cbe0c9b13b	1116
2a4d81f2-da19-4358-b22a-643ccc973660	1113
2a525a21-148e-454f-83f3-c33d790498e2	1118
2a539507-2dcb-4f02-929f-47e8901fbc32	1066
2a53f914-87ad-409b-9b86-746e1323aa92	1141
2a574560-c7ce-47fc-8882-0939d2338cca	1138
2a5747ee-5c49-4770-b789-b5c068cc30c8	1145
2a5a6d45-e62c-403e-9263-102d4d1903c3	1127
2a5c4ef9-6b1a-4f5d-b3b5-249fe0821fc2	1060
2a5ca9db-05ae-4baf-9636-d9a250894c14	1132
2a5d4478-a6df-429f-b3e7-cc6c6ef6ddcb	1136
2a5e6bce-f25d-430a-94f5-da5551896899	1071
2a6096a5-fd2d-4f07-b803-25b7c47bc527	1146
2a63314b-a630-4523-bcd9-fc2e744aa435	1143
2a64eda8-c6b8-4af2-a3fb-78a35fced4ec	1135
2a67859f-5f1d-4528-9cce-40d9223b0904	1030
2a6d5b0e-6256-4480-9e48-0510ab2ed6ca	1148
2a7088e0-5d83-49ca-a040-0180bf993a36	1039
2a76209d-7b5f-4c97-8c59-b313369cae6b	1139
2a7770c5-db12-4f39-9a11-10b81e72c69b	1144
2a7956f5-ede8-48ea-8ca0-30036bf535d0	1067
2a7b577e-71ea-4976-a66e-7a849e069a03	1057
2a7edf55-a5a8-4b41-8c74-674db1756694	1129
2a841e24-b00e-4217-b492-38bbf516bf3f	1115
2a894a24-0244-4380-9725-80369661b273	987
2a8dafdd-29df-479c-96e5-ced3085cbe2d	1050
2a91ddf7-19d3-4531-970f-7d192652527a	1147
2a960a7b-5f63-48d2-a713-d65902c70b33	1090
2aa3b345-7ea5-44be-957d-0706acdef10c	1077
2aa69139-d201-476e-9792-0a4b6753e1ff	696
2aa6ce9c-f7f7-43c0-a8c9-f130eb575ca6	982
2aab6d16-99ca-440b-83f2-646266ea65b4	1137
2ab3f6f1-3ac6-473c-8d94-c319f7bc7a53	1132
2ab41a6e-0aea-4e4c-a091-ed50363c1ff8	1117
2ab5371c-07b6-47c3-8d20-8e252af8750d	1133
2ab6a0b0-f278-4c17-bf52-22a44966d81f	1121
2aba2e78-d252-45b7-9327-66368271ceb4	1073
2abedba2-9acf-44fa-a20d-4fc8194a191e	1015
2ac2fdd5-8f70-45b5-9208-065d181018a9	713
2ac3bc6d-63db-48a6-bcc6-c688188eb42e	1129
2ac47a4e-0317-4f23-9b08-f111e3768776	1123
2ac569be-a58f-4ebd-bcfa-65683dccddf1	1128
2acaaec8-41c0-427e-8258-506232fff192	1139
2acc2322-780a-4f09-bb38-896c09ea07e7	1053
2acdd2a8-887e-4aed-8b98-37a83eee8726	1081
2ad32040-37c1-4040-a6ef-de613f47e12f	1065
2ad68da2-4bb1-4737-83d9-ae4369819a38	1132
2ad730e8-100d-4d1f-9a8d-39c51b8aa737	1141
2ae6f90e-54be-40b0-abd9-2f5c3767414a	909
2ae7ac41-e8fe-42e3-a93b-0ef14496fef6	1075
2ae8b637-9816-4fa7-b700-d87fc0f33e4b	1122
2ae99d6f-1707-4522-b0df-60367f36cf80	1056
2ae9cfde-6545-4c53-bae7-aa0e8aa72149	1122
2aedb519-ca17-4b96-95bf-f87c3c17c11f	1067
2aeee5f0-13b1-4708-8290-6bc4dbd0eb91	1125
2aefe892-c27e-4469-9fde-5e7ef8c2f679	1114
2af1576a-9023-425d-b48e-1af7f22ec5ca	1125
2af19d92-8bfd-4deb-b0dc-bf989bb96e92	1057
2af401e6-4213-4ba2-b46b-ee5f139327fa	989
2affa634-8853-4869-b553-3f4f4e39583e	1129
2b0f6be6-dacd-46a7-9935-d94cba9fea36	1064
2b15b21b-ea1a-425b-873f-20921c95c3f5	1119
2b1839b2-1190-4962-beb4-782e29d7f6a1	1129
2b1c2f73-4b81-47cf-94cb-40a1cb6d4803	1068
2b280145-232a-4277-b545-0e5e9003b134	1076
2b29dd1f-178b-4242-9907-3dd30d5e8e27	1056
2b2ac3a4-efe6-4148-8b46-6c3afe80be7c	1087
2b2cc05c-b2c9-4d72-9b52-67c26a64e44f	1082
2b3207c2-0828-4431-8b82-d999bb158ea5	1053
2b327639-d924-49ea-b681-4835685cae34	1128
2b39d1bf-a143-4440-b093-901c9bb60545	1102
2b3a611a-0046-4b1b-abd7-fcaa45868b92	1076
2b3aeaea-9721-4a93-818c-95863cbbdc87	1122
2b3b9b32-972f-43ee-b399-f18fd2d699d5	1117
2b3c61f9-ffbe-4efd-817e-421249e31128	1143
2b40ffd1-5353-45e9-a20e-6424b99a6689	1066
2b43b3b4-1396-4276-8332-d36845addf6e	1074
2b44fff9-3dfb-430c-a5e6-1e207adea935	1064
2b465b46-edb3-4b81-ba93-0fbe29441174	1131
2b485190-ab5f-4a49-8ff2-ecfc21d1f49e	982
2b48c5a8-7806-4d21-a1b7-2ce9d0ced190	1079
2b4a2ea3-8332-401c-ba07-be2e994bd81d	1135
2b4a2f03-8649-483b-91d5-2248295c08b7	1129
2b50f9bc-1f78-4c3d-b6f6-fe108324f938	1130
2b535b4e-aec7-465c-b9d3-22151bb2e69c	1134
2b5fb84f-9194-4536-a536-6513d8ec1ce2	1069
2b629fc6-07ef-4614-9a8c-ceada00dd55c	986
2b66b6d2-3fa8-498b-b0da-1b8b6f6325bc	1111
2b68e2d8-9103-4b64-a5e9-706b354e5fa5	1130
2b6a4c51-39ab-4a2f-9796-56c79b047ab4	1136
2b6db896-96b0-483f-bb50-f068581edd5f	1064
2b6e29f8-e7ac-4547-a5f8-b02b0114aec5	1071
2b6f4449-ae17-4091-80aa-82c11f376f9a	1077
2b711d29-cce5-4c09-b927-1cfaf981547a	1115
2b740944-9560-4b3d-b79c-091977ba7e0e	983
2b75e764-fb42-409e-8b8e-b8044ff7d671	1071
2b7955c1-d1bf-428f-b070-6234f85518af	1152
2b7f8636-e783-4eb7-ab79-a22d8b68dc80	1132
2b8233d9-0490-4cc0-95e2-6f7477a00143	1136
2b8492fb-4d27-4ce8-bddb-ed976baaf6ba	1131
2b89274a-9e6b-4ac3-95ed-2ddc013cb7e0	1007
2b8b21b3-d001-40f4-a442-1e2c307defde	1111
2b8cbddc-6af8-4f3a-aa62-fbc4a354be08	1357
2b8ce61d-2953-4cdc-9d97-3069d2b285a4	1071
2b8e98de-ab18-44d4-a814-289574df0adc	1129
2b930d69-2641-46d1-8110-638d9557738c	1127
2b964b9a-6303-407a-bf59-1d7012f80d70	1129
2b965efa-4ade-47a8-a0fd-97d6d7d1ee82	1080
2b9ba5e2-cedc-4ce9-9253-79ddd74608e0	1137
2b9bd2e0-999d-417c-b6cd-ec2ee5e2edc2	1128
2b9bdb50-3497-4e22-82cc-f5d9a4e877a6	1144
2b9fda3f-1dca-457a-92f9-5d00591a2bcf	1138
2ba84c3d-89f2-41e2-bdd6-16618f0a2281	1141
2ba99b09-b45b-465e-acba-744a72948e4b	1134
2bac25bd-63ce-4d6c-9009-6e54e302f0d4	1084
2bad94f6-b5df-46be-8eb4-5f0c4a509e3a	1078
2baf595c-4c95-4da9-92c1-9d798b1c3fe2	1078
2bb1b406-2de8-4f17-8c66-362c5e071930	1121
2bb1ca40-2980-4257-8b17-c423d2682fc4	1085
2bbf3554-0853-4f2a-8444-24433bb3a265	1135
2bc2ce5b-6a2b-4cf0-a9cd-036257ac6d10	1055
2bd14dd6-5dce-4e7d-bb07-385b14c15bd6	1132
2bd45005-bb81-4745-b62f-466398422da9	1075
2bd543b0-f0d6-46e4-b1ed-c3bcbe1726dd	1120
2bda0bae-ea92-4c4a-8f0f-c93b3f10d324	1080
2bdba2a9-5a35-478f-a298-d1f34a05509c	1134
2bde34d0-76bf-4b31-a9ec-414a1965bd16	1127
2be45530-544b-4e8a-927e-f010d8282253	1058
2be6ea4d-7fce-4cae-95be-75b2d4263215	1129
2be97bec-1255-4253-b1b7-cd24d053f36b	1129
2bf09b61-d389-4209-9435-418bf55435ae	1133
2bf0e61d-03e1-45a9-a842-7b66a561888f	743
2bf32235-3707-41bb-9b93-ba955692c1d5	1081
2bf46d04-6307-412f-a1ce-10771d280969	1121
2bf55c3c-2bf7-41c2-a590-8856fe63e53f	1083
2bf5f968-f8e8-475d-9491-add6e8158bf0	1083
2bf9b271-05c4-49bf-90db-fe9afa8225b1	1071
2bfab628-e133-4cb9-90b4-7a7e53b3788b	1136
2bfe1104-3169-4804-ab5e-467d1581ff74	1055
2bff88a8-00b3-494c-9f61-51c1f93e6f16	1063
2c017549-0eb0-4fbc-8113-17a9d1b3120c	1071
2c04d505-8981-4131-bede-3a30d38da7de	1072
2c06ed8c-d73d-413d-9b59-0ebe6a2b636e	1141
2c0dc204-0231-445d-a248-8c31de7700d7	1028
2c1061ca-68ce-4c9d-8f0d-40b65be2e3b1	1064
2c114d66-c5b4-4406-ae15-c4d63d713fef	1116
2c159919-cb78-4094-ac84-2992a4f0965d	1115
2c17bfc9-7a2b-4a82-86f8-cbef93660955	1137
2c192841-2483-4b5f-8b50-21fa6a88e881	1127
2c1f1b04-5e39-40e6-959c-264e771f943d	1077
2c20f788-3a76-460a-a963-13a9e8f3a614	1123
2c23cf80-1094-4ddc-a72e-1a08bd471890	1130
2c29c60b-2914-43fb-a964-be0acf21c2ec	1134
2c2ab4fa-f9a9-40f4-818d-db8d89b8e007	1076
2c349549-696e-4706-940f-0757af6ab67f	1141
2c3c8d75-f0eb-4245-ba7c-9664e0b962ac	1102
2c3cc2e8-b32b-4cc9-a860-7997c7e48f0e	1099
2c3d22ea-c6d8-4b90-bbfa-1e744e5106ce	1140
2c3e1526-67c7-4802-9126-6cd3c140d0de	1084
2c3f1cc0-b0e5-4cb8-95ba-e21cfdac6076	1137
2c42020f-acd5-47ae-be03-3501e6ed404f	1077
2c42266a-23e8-431b-be2e-6ec0273ce5a0	975
2c42620c-9ae9-4948-a62f-7d9bb3ae68ca	1079
2c52ed6c-12d4-4b1a-bc1b-35c706eccf36	1029
2c55ad39-eebc-4c8a-b73f-94568f4b9004	1073
2c596a22-1aae-4435-816b-bc68767267e0	1115
2c5d87c4-3d10-4348-adb8-218e191b7cdd	1079
2c612400-7db1-4d5c-8e1c-e9529afb143b	1133
2c6716d1-626f-4d84-b9ca-b456b278e5fd	1072
2c673db2-20d6-4bed-a369-c41cbc44904f	1088
2c6c7cb7-1d11-4576-b1e8-ceb6c5583742	1141
2c700f11-93c7-4579-97f2-73b335eda91c	1066
2c70b176-0203-4384-bf5d-989bc111c85c	1063
2c780316-484e-49e8-96a9-63c4d5c15914	1059
2c7cf3bc-9071-4607-81b4-a7737912afca	1069
2c82f686-976c-4e4f-98d0-f184891fa18a	1071
2c885ca2-ca8e-4dbd-923e-94b66a450e76	1138
2c8d4d1e-d04b-4ad2-a793-47def75b4746	1138
2c91b99a-ee52-41d0-9a99-28815bb33448	1141
2c92b6f7-af17-4958-9ee4-db4ce733259f	1138
2c9a5819-cf9e-4de0-a35b-81f07155711a	1159
2ca01795-243f-4c2c-8626-238bb4a8ec4b	1136
2ca1008d-f50a-4c54-8586-bc02a18a1ea4	1054
2ca82a55-eeb5-4cd7-9303-aae099377fc9	1124
2ca8c609-6355-4b74-bfdf-c9d40fd7a5fd	1076
2cad1946-8077-4ad3-b9e4-a6484c4cedc7	1069
2caf7ee1-d910-4f9d-a620-449401dfde01	1055
2cb144ea-44d6-4ff4-8646-73d4363ad179	1129
2cb22d2f-0467-4079-befe-51e83a7910c4	1126
2cb23506-ab67-490c-a6dc-2440a452a65a	1106
2cb8dfef-361d-435d-bf1f-e17ee1a4dd5d	1076
2cb9d4ee-75a2-42e9-9cfa-c590aa469123	1071
2cbfab69-ac58-4d1e-b899-d6ea860df0db	1141
2cbfb8d5-d770-4f1f-a17e-68b7f631fe06	1128
2cc210a7-d789-4fc2-bc27-933bb57f86bd	1071
2cc4917d-6bd1-436a-a22b-2df6e9491c6e	1145
2cca61dc-ea1e-4787-88b8-cb48d0e88622	1077
2ccd02f4-e807-42b5-9a1b-b06210979829	1134
2cced22c-fbdc-4bc8-a8de-efbce1e1f99f	1058
2ccffad2-00d2-49d4-a3ce-fa28a7d4e158	1135
2cd140a7-b408-4b7e-8288-761da616b58d	1073
2cd53302-7aeb-4be1-827c-c87a70662b95	1069
2cd7db42-6152-4d03-bbe5-25ae1f1460a1	1067
2cdad2d0-ab74-4678-86a1-83113ae7b850	1056
2cdb8cb1-7c73-4fc2-9a94-a56952499310	1074
2cdcb032-0682-4200-882b-4a8a0f390611	1073
2ce0c40a-51f1-47ce-abea-85b67d7d1da9	1119
2ce13016-4585-486e-b4b5-8e24cb16ba4d	1083
2ce36927-6f3f-417b-8766-67d17d188393	1135
2ce9a955-a352-4aa8-a30d-a631d71b199b	1072
2cf305d7-6fd7-456d-8289-a5e5d179ba3a	1059
2cf3340c-8bd0-43ff-bdcf-b9d723f45e3d	1119
2cf6dc1a-1ccd-4c34-a0f6-efb2e65bd61a	1124
2d00e449-2b40-4033-9cde-00c4a0359673	1076
2d012f8a-1278-4a0f-94f2-8b1452835859	1076
2d04b347-f29b-4c84-92a7-dae579fdb19c	1066
2d05d13a-61ce-4982-a098-775a3b445a3d	1141
2d09d180-3cde-4f23-af03-7c8ecbd71af6	1120
2d14af0e-74d7-4a6b-8a29-7f5c4e4767b7	1074
2d1c211b-09d5-4420-9c16-1a6fa0897a95	1123
2d20c7d4-5362-4231-bdc6-4a989d08e256	1066
2d311309-b3ec-4dbc-8d5d-faa3c0ea5d60	1130
2d31e4d6-f11c-46c5-9c7d-7426bc203132	1115
2d393365-a58c-43e3-bfb5-ca8872b110b1	1085
2d3c1ecc-81a9-48c5-86f0-2181876a52a3	1068
2d44d779-f934-437e-a8a3-ab5f6769aff9	1143
2d4e7600-495e-4981-81e4-0206ae7ea71c	1114
2d51cb2e-106c-456d-ae1e-7899d9241f38	1073
2d5b1a24-ece8-4622-97d2-c537dd18b263	1053
2d5f1c53-9b8f-430f-a481-4c2acc0a984c	1069
2d6267cd-eba9-47e8-927a-bcddcd8b69ee	1073
2d665626-16e9-445a-91b8-dc244b6674eb	1074
2d67326b-06be-420a-bdd8-57bba970a7ca	1131
2d693d60-4452-4dc1-8f0e-8924fb4883d7	1060
2d6acd45-bb7d-490c-8c5e-a6526747361f	1072
2d7656c5-824e-434c-8a5f-98c0be59f160	1128
2d79b0f2-b814-4f5a-b6ad-c9de0254d391	1078
2d83732f-036d-4964-8ae1-a80c6fef0bef	1074
2d85222c-9e8b-456e-a77b-f417731564ba	1109
2d86f666-6ded-4047-8551-e9568f9c7d63	1144
2d88dddd-2bdb-470a-a151-0010a6c8bc7a	1079
2d8c3424-e604-44fd-847c-cace4577cd47	1138
2d8e3db2-483e-4721-90e0-05f511afa4b9	1142
2d9a4709-a4e4-46e2-9184-62cba8b00387	1070
2d9d1bba-306d-4b62-8fc6-520940f944f4	1078
2da94514-3006-477f-993b-e7774656fc7b	1052
2daa2937-6362-4c76-8973-19f9765dfaf0	1139
2daae1c9-a1dc-4aaa-a168-d2b5a98238a0	1135
2dbb9a49-a5ba-4844-b489-0c358e003800	1132
2dbbdc37-9c9f-483b-b828-65e43f4f3419	1080
2dbc199d-3da7-461d-92b4-6f099485da4e	1056
2dc0378a-8a6d-4a76-9577-12794931a095	1114
2dc6b160-f9bf-4d4e-b164-6d7d654e10e8	1075
2dc87fe5-2289-47e6-a106-78c391fb40f8	1074
2dca6864-a3a6-4918-bdba-a2ddbad37e05	1120
2dccc6be-5f53-4c18-b3d8-8e10eaf293e0	1058
2dcf1881-06d7-4ec1-9d0c-d11066f19e1f	1139
2dd147eb-5f48-4145-802e-e153b9f2804e	1113
2dd5dee9-c985-4a9e-b188-c512921e67ab	1130
2dd7e58a-402b-4727-8442-c193ea4c14bc	1149
2dd9c95c-cc5b-4b9e-aa76-b7ae0f79b966	1074
2ddacde1-b7d5-4e0f-b47f-991d2bd813fa	1136
2ddd5f5c-2550-46e9-8e28-9adfc3ae122d	1064
2de121fe-8153-4a8e-9885-a57d1e0594e3	1117
2de1a789-c6d3-4de2-8181-6a93d6f08330	1057
2de5c130-fa8b-4563-9d91-3f8aa01e886a	1114
2de5f6cc-354c-42db-a51f-a8ebaba7e9ad	1076
2de7febd-cc1f-43fc-9f90-c178c7abf18f	1124
2deaa0a7-6dc1-4ea3-aae8-c4266e2886d5	1073
2deed755-1140-4305-9d6f-9f9969913c6d	1110
2df1e58a-3067-4c53-88df-f5ac9e886231	1065
2df5b04b-07d3-44bb-b41c-8f0e9e805bfc	1120
2df93b55-27d8-4530-b61d-c0f70728cd0f	1055
2dfe9bf1-a6f4-43e6-98dd-6d20197acfa3	1135
2e040c0b-1a3d-45ed-b837-1d631f2ef8cf	1075
2e05f9f3-37c4-451c-8eb0-28c0ff4b9364	1118
2e09c6d7-e679-4da6-b373-d3f1ed97bfc9	1081
2e0cb0d8-9dec-4ebe-8b41-c150253d3ecf	1079
2e0e7c71-0d3c-4e8a-8567-090952827659	1081
2e111718-fa36-46eb-b01e-5363c8509a05	1076
2e1556a1-2004-4f14-ab86-2e4e31decaf2	1069
2e175ac1-7ffd-438e-abc2-449ffa6dee37	1111
2e1e1c27-8355-4aad-b5f2-cab7306196e7	1073
2e20f1ba-a687-4876-ae49-1ee530d29162	1130
2e2e401a-2873-44d9-b4da-f68ce413b6f7	1068
2e31e4d2-d1f1-4ace-83fe-7312ec5f4eb9	1135
2e321ff2-d668-415f-ad8d-ebd3649d7875	1141
2e3a6cca-0634-4da7-9010-51632f114b32	1055
2e3cd7c4-253a-4625-a9c3-aba8288d69d5	1131
2e3f8141-f2d7-46ee-8850-b569dbdeb466	1077
2e4468ca-8eb6-4610-8ebe-bbc55f70e9c4	1061
2e4a0cd4-379e-4088-82b9-8fbe3452ccbd	1076
2e547dda-dbbb-4833-801f-d2001b09737c	1147
2e5a68c9-9f5f-4f0d-bc28-4cba2f3d8856	1040
2e5c4ed4-9ae7-4613-8573-236a2a47db5c	1114
2e5e795e-7026-434e-b23f-03fceb5dd2e9	986
2e60dc37-c906-4b17-8357-7af540dbbdb3	1077
2e62bde0-baf9-49d9-a754-65318edded4e	2083
2e62f5d6-a70a-48ce-bdbe-0fdb89b15769	1081
2e70fc10-5812-42b2-9591-d30a51749476	1137
2e721ef3-335d-4661-9029-340f313f8a70	1135
2e764097-083c-49c1-8dde-d9e0e6cbe6e0	1072
2e76da55-c0d5-4f16-9439-b5e95f69b79d	1133
2e7f94f2-95a3-4693-b83e-dd89df57c578	1138
2e7fc1a2-0048-413d-99c3-07bf0572e9a3	1063
2e7fe240-2855-4c55-8671-527fedc00948	971
2e80ca95-5915-4569-bd9d-12a1ffdcf590	1065
2e92fc06-d956-4c79-adb5-9bc97cb0da57	1143
2e975c74-8273-4ad0-b987-5587cd96da80	1074
2e9defc8-3241-4f2e-af0d-0c321a585750	1070
2e9e992d-84c2-412c-a13e-d62a8191c930	1125
2ea27e71-1722-4002-954f-c5544692d92d	1064
2ea3daab-4f91-4fa8-9f9b-fd1e0cf47c1f	1142
2ea62ed9-5bc6-42b6-8fcd-f14c76c9d199	1083
2ead6bff-1133-47b7-bdea-d02271305875	1038
2eb41394-9d69-4cf3-9165-9dc8b4793c86	1139
2eb70e5e-8d19-4fd0-be79-1493288f8aa2	1113
2ebbd739-f043-4468-834a-a2ecdc73aed7	1114
2ebd64fb-c3d9-4ec2-b322-3384db23595d	1130
2ebee3e0-eada-4737-a10a-1ea8caee19a7	1104
2ec812f5-aeaf-4486-8198-82ec8ddd4a4b	1124
2eca1788-62a4-4532-88f0-0240170decf6	1136
2ecdf0b1-3cf2-46c6-b0c0-8bfa8ab1d072	1139
2ed1e934-a26b-4af6-a2f5-cd186c21edb7	1075
2ed3ce3c-25c7-44fa-99be-e6aca18f60e6	1073
2ede2ce7-ca37-4542-88b4-73d94abf5ec1	1068
2ede54fe-9ace-4993-8e39-d550b20c48fb	1075
2ee08be2-3933-4014-b08e-22879a2fd3e7	1145
2ee148fa-ba31-471c-8239-7ffbf5ad9381	1048
2ee21a96-a7c3-4261-8241-24eb4251c877	1131
2ee6ed42-8fd3-403e-aa37-e660a1e1cb99	1070
2ee92cfd-91a0-489a-8c2b-4a88e6ba8d60	1133
2ee9b152-677f-4ab2-b2cf-c965c62464c9	1139
2eeff722-b3d4-4e3f-8472-7f2b3aadaa02	993
2ef08169-bbc9-4404-b2dd-7d9c972221d1	1127
2ef1fb6a-78a9-40af-a3c6-b863090524ef	1071
2ef7041c-ff13-45a3-98c9-405418f0a09d	1056
2ef72dfe-0f48-45c0-8951-e6963b6bb61f	1133
2f063076-afe5-44ea-8464-68031983042b	1058
2f0d0b3d-144d-4aeb-8cfc-fb8eb6e3f023	1083
2f10d595-3d50-4ef8-9d39-8287b3ee51fd	1143
2f13a5a8-a745-4806-af53-3dea650e448e	1136
2f18576b-d25c-4887-8d71-24729d09c0ee	1078
2f1cfd67-754d-4d19-bff3-47c22591aff6	1141
2f1dc716-cbb4-44fb-bfa6-f4435b755063	1115
2f24ce14-5636-4282-bdd1-ded3fe4f1045	1126
2f2610e5-1a25-4e54-bb98-a1800763e6c1	1078
2f2c2e0d-b46d-4e67-94a2-b0743dcb76a7	1051
2f2cfd93-0da6-4250-84e8-10594b937a5c	1129
2f33b3f8-c1c3-412f-843c-d9a1982daa78	1068
2f37b965-0235-4ec1-84ed-b6f634b15237	1077
2f3a901c-038c-46d9-a54c-4f5c94cd6a6c	1095
2f4062e5-0898-4114-9ec3-08015f3f8e3c	1080
2f454c3f-a362-47c9-94ec-95e36e9c4634	1062
2f45f4b8-3375-4039-b207-9e0bd473b542	1073
2f464de8-2bc6-4961-92d6-4a8d2fb7b9d7	1069
2f46bde3-0491-4378-b29a-7bc4b8d327b5	1138
2f4a0598-c8ed-45c8-8d17-bab7f3d6aa4a	1055
2f4b1544-7299-4cd2-afe2-9be5b0e89ed9	1070
2f50657a-1642-4275-8596-59a9592e5157	1058
2f50fc5f-2931-41e7-8a6c-a94ae8a97f88	1133
2f531318-7592-4167-9468-d841b6d729c2	1128
2f56f8fe-f3bd-4178-a2a8-48624eb7ae63	1121
2f5c86ee-aa75-4aaa-9141-0c88a9b6e2fc	1092
2f6302ae-7733-4f2b-8608-9cb33139737f	1072
2f633c71-fbdc-443c-ae73-d4a7a6bff805	1078
2f6ba191-ac8c-49bc-b4af-01b1d65f5d93	1062
2f6eaa7f-6899-48fc-9933-fa54d5128c4f	1263
2f6f872f-3bea-43c3-8136-9eaa48037675	1140
2f74be37-2e3e-45b0-9f48-54223e9e1718	1001
2f76f71a-d0a4-479b-9052-d1292a49e401	1120
2f776100-7c4a-4f03-8c75-0cd98405d516	1072
2f77a030-eacf-43bb-87c6-13bed15ad658	984
2f78bbce-806c-4fb8-a49f-2007dc47ca34	1078
2f7cb10b-756f-414e-92da-5aec1c290031	1142
2f7ee3e4-4df3-4768-82e5-4a7509d52c67	1075
2f804853-dd6b-475b-84ca-3026309a13b0	1134
2f8149a6-1f81-4eef-9155-cb060da2fcc6	1138
2f841524-2fbb-4b43-aab8-536481d91b86	1064
2f85f74c-385a-4e56-ada7-dedc384f789b	1125
2f8a84d9-12da-4ca3-b06d-0acb39064cc1	1136
2f8ce218-13cc-4d07-864a-ac2ee22704dc	1080
2f91bb31-fb66-4937-ad48-2eca46db50f2	1047
2f93cd12-ecb5-420a-a3c7-1f0f7e5d5a6a	1128
2f9bd298-4778-473c-94d1-7b7508c5995a	1064
2f9df2bf-f8e7-4798-87b2-4cf9bba6e6ad	1132
2f9e5ad3-443c-4742-8143-e8fa529d32b2	1135
2f9ffcea-c0c4-4c2b-b8e1-e6d829fabd8f	1064
2fa2834a-3c63-486e-8449-18764d1e5425	987
2fab7103-a93a-4a80-ac50-781694252c55	1075
2fb12819-ba0e-4a83-b629-5c2fcbf4ee8f	1119
2fb82dcc-0d7c-4270-9f1c-d57ffd1874a1	1057
2fc2fc3b-585a-44fb-afe5-7d367ea44ca1	1133
2fccac51-a1ce-48a7-a988-3256446c34b0	1137
2fcf8704-c156-4777-8cd6-0891626dc6ee	1131
2fd86449-ae76-4344-8c94-57aa31fe16a1	1065
2fdb9290-63ec-419c-8431-05c8cf34bf8e	1102
2fe3b22a-bef9-4272-bc17-efaa55178492	1127
2fe7949e-2baf-4a0a-9b73-766e2bcf8eb1	1098
2fea2b4f-a67a-4faf-9d6b-7e1891a7f3af	981
2feacfc4-cd11-4a8a-9ee7-2e81713a2d0a	1065
2fedc163-6f2b-4126-957a-68dc2390a7b4	1124
2fef2eb4-16a1-40fd-b720-4c0642feffe8	1002
2ff6423d-3baf-40f3-8666-f787eccbf661	1076
2ff9488a-e355-4a2d-9f06-2f3d6d8883e2	1060
2ffb93ac-e689-4cbf-8bed-79c9ffa4aada	1145
2ffe5bb7-0d92-4ea3-a3f2-4577a22e4f20	1085
2fff8272-c862-40f4-9d65-13ab8b564f8a	1073
300c952a-1c54-40c0-b35b-55f78fd79cdc	1134
300f2926-693e-442f-baf8-184798a42320	1050
30103a1a-3a47-4c06-b207-88e05dd48ff9	1132
30193995-1b73-4e10-bf69-2a77f16dd109	1063
301c4dda-0e54-4b1d-b0f7-ca7fd5ad049a	1126
301c925e-94f3-4753-92df-489cf9cc2778	1059
301db597-6f84-4f31-be85-a1218474e7c0	1136
30215d5a-fa43-4c72-bac0-651bd58462e2	1139
302629f0-baf0-4a20-b66a-4b5e61c1b360	1128
30272da6-73d0-4ddc-9ad4-e6858cb92aa2	1138
3028043f-305b-4c58-b34f-3027abc82df9	997
3028cf7d-db59-4e62-92d4-2ed5fde86918	1140
302b6c47-02c5-442d-9880-9a9766b4d96d	1140
302fde68-76da-4feb-936d-ebd7f7ad8760	1138
303057c1-d0b2-40a4-897b-1ec5d494aae7	1116
3036dee5-6e7d-4a2f-a7fd-eefc7f88d187	1075
303785e6-7ec9-4b75-99d9-aafa961de26c	1072
30390291-3168-4c92-b55b-3385dd2c018d	1130
3039a4e5-6d95-4271-8e79-bdfd6e5ce42b	992
303bbc39-c74d-4ec4-bb6d-6da0969325ae	1087
3047ce2c-a0f0-4f58-a52b-38c638e7734a	1079
30497101-6fa7-4cef-b27c-db4e9ca5d62f	1049
30530a37-e624-41d4-957c-f6044803cd3d	1079
30542fea-083f-4dc9-952c-9d59f26aec80	1136
305753db-7c83-4736-9398-00c98e0b1439	1125
305cab62-e514-4859-8503-c857fbe4c668	1072
305e189c-f603-4988-8b6d-4c48850137b0	986
30610f9c-7e79-498e-aba5-17b9f8a0083c	1148
3061bf4c-4c32-4103-9356-9b9e501cf136	999
3063defc-1ccf-4d59-8442-2915617dd679	1137
3063faa8-1083-468f-a746-06961eac7987	990
306f8996-8046-4bf1-9cd4-68b187df5fa7	1112
307242e9-c1ab-4051-bc35-df261e63da46	1137
3072783c-3ae8-440b-b35e-f753823158ab	1134
3072aa54-79a8-421e-84a3-55e3419339f1	1069
3072c833-037c-45de-857e-11470e1de3ad	1080
30775083-77d4-484c-9cb6-03e7ab8a3e0b	1066
307e1dae-e5df-4665-b1f3-4321bf7d8a93	1075
3081090d-2de1-4db7-910a-32be782b57b1	1067
3086cea4-cd2e-47e6-a2ca-6226812f0838	1074
3089f1f6-9b8a-4c78-86bf-cdbfba5b8878	1116
308ef34b-1245-4ef6-a4ff-3d2e96653505	1143
30908558-8334-442a-8e0d-0f0eb9fd39e9	1037
30908a6e-f959-4918-ad49-e8feae45a920	1074
309554b3-dc1e-4007-87e3-c65f599a0f32	1094
309736d2-c2f3-43a1-bdd0-aa061a109474	1077
3097ad0d-6587-4ab9-aba5-2f48b6268e6d	1130
309c607b-7205-40ec-8820-94899232b3eb	1144
309de22f-f869-42af-830e-366d0fa6c82b	1077
30a0ed60-f35b-4e18-8254-f52951fc28f7	1112
30a312f0-4172-408e-8598-ef908a304ab0	1126
30ba5db0-f9aa-4046-be0b-678bc83a7a2c	1076
30bb38a9-cc82-44af-9e83-81f25aad1218	1067
30bec2cb-d157-4394-8ea8-a3ee6de3386b	1089
30ca7064-0da4-48ed-8297-efe34a15cc9d	1128
30ce7fcd-fe19-4339-9b0b-0a8ef405155e	1138
30d679d7-8a44-423d-b05b-bb8535f3e72b	1085
30daf6c6-8788-4cb5-95b7-57d5569ccb04	1130
30ded87d-5d40-4ade-a2a8-cbffafb765e9	1075
30df55cd-1749-4a05-ada7-2a24510fa423	1074
30e2f29f-94f1-4e61-bb9c-d4c11b2f91c6	1069
30e38afc-0fe3-4d14-8df4-a30a5b68505c	1079
30e4026f-18f5-4a10-8610-739de0ddd266	1077
30e7b646-6a5e-401e-b2b6-a52a3a3df30b	1125
30e8a8b8-cd3c-4ef3-bb58-9a043805abfa	1137
30ede29a-422b-4bd3-942b-65323128dcc9	1124
30f156fd-4643-4451-bc9b-68986eea0069	1138
30f24b4f-c752-4dab-831e-0bdb56f33634	1143
30f5a2ce-cbe0-4cf4-aa6c-6846d4edbe74	1069
30f63f97-86d2-4eba-86ab-9536ad36d4f9	1127
30f74882-58ff-4954-9723-e27f7b6b738e	1060
30f90233-ca11-4c20-81ac-81f2a6f108a8	1072
30fb9d98-e784-44cd-aa6c-0ff3debd4819	1051
30fdbe88-fd3d-4095-9a0a-2637cb3dfe83	1131
31030f6b-f042-44f8-a384-e841de075280	1132
3103bffe-2092-4e3b-988a-1fe858b1d0f7	1066
31063191-7833-4be7-ab53-b731390fe53b	1136
3109cc0a-48be-4307-aff3-97d6d27367a0	1143
310a5470-1485-4560-974b-a78b9fd15180	1068
310a771c-bfb8-42c5-9a5c-1cb350b70299	1120
310c144c-4053-4173-b154-e1db97db852a	1132
310d8174-d3ba-4f8e-99aa-cb7955d07949	1074
310ecf92-342b-4d3e-ba50-96c980b93247	1072
3117bb34-c54b-4d6d-8679-d25bf4bdd250	1147
31199c75-580e-44d4-becc-9731fff6a0a2	586
311c9db8-9c87-455b-8e8b-38ecdd855cdc	1112
311d57cf-d06d-4038-91af-b4a50e1f4228	985
3121b2d8-1e9b-4ce8-a5c3-4c4d003f41fd	1078
31244e1c-cf44-41ec-8741-70b0e8df0eb4	1123
3128ec47-e0f5-44f1-970a-b441b73be0cf	1079
312c4ac1-f412-4735-a808-ca2d62130926	1082
3132dd93-1300-47c7-b667-5270384e6b47	1136
313adb44-dbff-48d4-8f4c-c7675d7a88bd	1007
313ae591-8ecd-4f51-b5a5-a667ae547c76	1039
313f9d34-7af8-4980-9837-ac7c6a480009	1081
31421b96-9fe7-48ec-a30f-3b9e18a28feb	1128
31425379-b983-4b23-8e73-127aaf4b3f0e	1074
3144f9f8-a697-4d77-82b0-b4b3a323fea8	1145
31474a57-64ef-48f3-b075-d9c54ac51f41	1067
314d0a23-7032-47f5-a650-bceb67101772	1134
315038db-3d72-4bd4-98f6-c9703bf4165e	1064
315143a9-0588-4ec6-a695-a5c68f2101d4	1138
31545a70-cf0e-4641-af3b-5843404e70ed	1113
315687f2-c99e-4039-a01a-a15b94b079fa	1138
315b9d33-d63f-4731-9223-be62067c03a9	1137
315c2657-e3ae-4e3e-82f2-a211597e8564	1137
31604d77-bb5d-4449-bf98-04881151164f	1365
31646ea9-5b04-4dd0-8c5d-ba4a3d509bf8	1134
31674d6d-d179-48af-8d8b-80825bc07162	1131
316e6886-c108-48da-9749-eb7975ba3458	1134
316ef68c-9688-4a61-8f61-b893a58cbd79	1131
31715de3-5367-4ba3-b424-ef7156e9ebba	1079
3172fb6b-132e-4d87-af1f-ec3f0149811b	1071
31750824-1179-4260-be0a-dd39878d0def	1052
3176b1fe-cd13-4f4b-a98c-a8ff6352b78d	1134
3178f598-9491-44d3-a9ab-7bfad5d63404	1063
317ade10-807f-4c74-b02a-a62f3838f3a9	1062
317ae686-340e-469a-8da9-50734caf6d0f	1000
317b9b4c-c561-47cd-882f-29108ea3667a	1131
317c87a1-c70f-4820-a434-0d5284d45d95	1068
3181bd34-c8f2-4a0c-9258-59bee3cb6c7c	982
3182f0a2-1e79-428e-9b15-940102f650e9	1120
31857a01-3aaf-4a43-b675-56d2dc4affb4	1059
318a5fd0-c733-43f5-a13f-4cd462f168f8	1075
318b389f-1c68-4bec-94b5-ae6d4802839f	1078
319577d1-cce3-4733-aedf-0a0e7d204c45	1073
319e95cd-ba64-41da-bbd1-2c9f76f19693	1080
31a4ca11-71a4-4118-98d3-f0f38ee4b4f3	1066
31a8469d-2990-4cc8-a743-1aafe5262de7	1124
31a8fc0f-a7f4-427c-91bb-b60f083b6d05	1066
31acbf94-434c-4185-a599-b813326c23ac	1073
31b09ce9-b012-49d3-afc5-64854f54fe91	1113
31b25ba2-4749-4620-bed1-ef49fdc46052	1071
31b41f79-3dca-4753-9d59-2e38e76d908e	1133
31b787a1-bc76-403c-98fe-af6235525c49	1100
31bd1f99-849d-4b9b-b87d-a651abd30b5f	1068
31be3b3b-4488-47db-aac7-07d302e63213	1077
31c13f9c-c3a2-4d96-9f83-20109b472c5e	1129
31c90ae7-3ad4-4f84-85f2-51f879ea3f7d	1072
31c992dc-29d4-47e9-8ae9-05c608eeb399	1073
31cadbd7-3556-4c55-8950-60bd16c008b0	1054
31cb61db-b89a-4e23-966d-012a8e41a0a3	1076
31d05fcd-df4d-4849-bdac-131891b9aa51	1117
31d23292-5dd7-46bb-9a82-ee837ac6bec9	1075
31d895d6-7e74-4831-9584-0f55ef95dcae	1059
31da8e6c-997f-4f9c-9a5c-297cada61137	1074
31daee5d-209c-446f-bad5-6cc1139df943	1118
31ee4902-0b37-44d2-be4f-cfdd888d533b	1138
31efb4de-2bd2-4163-a4bb-2776c37f8543	1062
32010417-a10e-46ca-8e80-0ba9cae56767	1137
32017d15-5679-450f-99fe-ede82945956d	1113
3201f700-2404-40e2-b33c-25b5a5a611cc	1133
32052ee2-d2eb-429f-a43e-7e46bd5f2db6	1043
320a2104-b111-41cc-97fd-a61d29de1def	1074
320e364f-5040-434c-9d4b-e40781db0de0	3116
32158b1c-a61a-475a-80b8-7796431d04cf	1054
32167aad-9ec4-47b7-8ed9-eb02bc0e71db	1075
3218b9f7-e716-4d06-bb98-f9aabf9f2814	1059
321933b0-6aea-4ded-b7d8-14b32819c0fe	1137
32209963-7372-4640-882a-f5be33957367	1076
3220c9db-9b4b-41da-9f3e-dfa931cc5815	1132
3227a661-ba82-475d-bb40-6b16a7e738aa	1042
32287055-cf8b-4443-a369-efc88c679aef	1128
322ef5e6-5c7e-454d-b877-24482ba0d172	1137
3231503f-4548-4caf-bd51-903686ce8bd0	1151
3233c8f2-085f-4e98-ad49-af2a73000e96	1145
323f9b7b-7918-4d41-b123-fb9854ad0bf0	1109
3245c4c0-1fcf-4290-8b0b-87149f4b5295	1900
3245f166-731a-4498-8586-9c9c4e05e025	1084
3249c295-9687-487c-acdb-134f17f84012	1067
324b9bb5-c683-427d-b1cd-795b18d69525	1009
32575e8a-eb77-4aa1-8b88-158568fdbf7b	1075
325783be-c95b-4ea6-917a-11f642300535	1067
325aaab9-edd8-4571-bc7c-a65567798f3b	1080
325cce88-0c58-4986-9284-96a4b82cdc04	1132
325e2b0d-c2b6-4727-b5a8-77520504dafe	1069
32746f6a-0a0b-41ff-bf88-ee3c11fdc853	1058
3280fa11-3e26-4d9f-b5f6-ae6b4747d8a5	1108
32813728-5cff-4c0e-987b-e99148516a54	1130
3286979e-6281-45a8-8860-d04ebae50942	1060
328a0dc7-6ba7-41f0-83ff-a366ead40cb9	1050
328c53fb-d9a5-4ab0-8ca8-35d6e0dedffb	1126
328e5d37-a0f4-4fcc-9141-0514a75c149e	1078
32a424d3-5f90-43f4-9b5e-0f7735474052	1120
32abe462-bf98-4c65-b9d0-6b44b23034ae	1138
32ad249d-41c5-40d0-9573-924f98f0cdf9	1038
32ad6f48-0b8c-45b6-b7a4-0d7e1700322e	1067
32ade84e-7a6a-44ee-a81f-eb44169e53e0	1075
32adf5c6-cc59-4790-b31f-51d52a9b5bed	1133
32b0df46-9a49-482c-bccc-db9cb37970f1	1133
32b21951-518a-4937-8cdd-a44a787924c7	1137
32bb3559-7042-42e0-bf22-7caee6e25e8d	1079
32be5527-cc26-4e50-8314-fb3854d999ec	1062
32c2c8af-14c5-427b-8e18-cdb9c84cac30	994
32c53f90-dba1-459f-9826-b6cfa5d3b166	1061
32c7d68e-edea-412e-aa76-61317fc8beb3	1102
32cdf13b-314d-4fc5-a3c8-de125fef0640	1134
32d03b96-566f-4f48-9430-67df381644c0	1130
32d04ef2-e063-4396-8a5e-6bfb6ea8bf3e	1133
32d0c726-cbca-445d-86c7-1f8f446630ec	1127
32d272c0-b56a-4540-868c-edea631120d4	1114
32d57156-e218-4e7b-95c9-eed078c858d3	1062
32d67871-ef0d-40c5-9fd9-1c9ad6308568	1133
32d9b4f6-ca70-4dcf-a5ca-8ba099987fd6	1131
32e13877-e32f-4305-8b00-9f6770fb695d	1138
32e2e162-3e7c-4c1a-8d07-79ab50fe10c7	1115
32e5a6c1-b2be-48b1-bc5b-6a1084f17ac5	1121
32e960ef-9b34-49e1-bb60-a26fa94c91f0	1077
32ec2224-7620-4017-a0be-620e12351bb8	1134
32ed3d99-1673-4555-bcfb-ea93ee78856c	1059
32ef3c16-71cb-4586-a9a0-a710eaed80fc	1136
32ef7505-0531-4a92-86bb-2774ae2621ab	1073
32f07722-57c0-42a8-bb7c-cb6149ff1a5b	1064
32f526b5-78e3-4c19-adfa-3de298c78ed4	1062
32f75bfe-d519-471a-a0da-3e38deb72a7a	1094
32f794a9-1ffb-4aee-b5a8-b4d93053a459	1047
32f8a03d-3638-4778-8251-ffcdff639fee	1084
32fbc2f7-4580-4700-b347-6a7bb2f9a268	1134
32fd12fc-5cee-4a51-a0da-2829e52bd923	1074
32fe760e-33f0-4375-be2e-6c1fa4cdc387	1070
33034578-5c2e-4b8b-ab0d-7db7c46cd0f7	1073
330369e0-1dc0-4047-9441-37444ee324f5	1281
330414c2-9512-4dbb-87b1-6d680c1aab6e	1134
3309071a-f6f6-41fc-a40c-bc6467beca02	1138
3309efc9-e10c-4d81-a58d-13f90a306d26	1079
330d99f2-46a4-435d-82b5-9cc277d8bd4a	1071
331437c4-bd46-404b-a7fb-83388d72800f	1133
3315b0c0-9e82-4cf5-959e-e7ada319c6e8	1069
331aef6a-1bb5-45c4-bbb3-552d4f6baa8a	1124
331bb471-0e47-4ec8-b9a2-47e8754cfbe1	1144
331bd3a9-d23e-4865-8108-8822eb1d1bc3	1133
331c18d3-4cef-4ba3-8ae2-6968c6dbd474	1121
331dfb30-1a79-4263-8d02-edb08f332f14	1108
3320c107-a7f7-4805-ad8a-069dfb800cb1	1142
33222148-4a30-46b2-8974-70385c93ca75	1071
33233099-fe9f-4720-8c4a-44b35e2d544f	1073
33247368-8699-41ef-9924-8b4add4fcdd4	1071
3324fe5f-4059-40af-ae1d-6dc504a6abd2	1128
3325c532-f043-47e8-9c0a-b086ce7d422d	1145
33262f9a-1d46-473c-a774-109e3bbd4005	1078
333c774e-155d-4305-ae2f-8c810447d6ee	1075
334c6fa2-b750-4dcd-bc6b-0a61a39e36da	1076
3350bfeb-463e-4f49-9fec-c439af917498	1072
335660a0-3301-4f5e-9553-a81c3b001edb	1075
3356c037-2487-42a3-8d3f-ec00797e1cb7	1138
33588612-18cc-4773-8f48-7805ead06d24	1070
33612297-90e8-45c9-87e5-b06b8b77787a	1123
33623aaf-6f70-4bd8-a0f4-e36ffffea442	1138
336b1539-bf18-4aca-bf42-bfe35387dc9d	1134
336bcbef-74d4-420c-ac20-bc60162b40a6	1134
336f9861-80cd-4c90-a945-0c33546f042b	1132
3375799f-05b3-48ba-ab13-78035053108a	1046
33819717-42e5-4b4a-974a-a598b3673b80	1071
3393a177-7031-49b3-865e-1e6fc50f816c	1053
33957bbf-00ad-409a-ac63-8a4383516e23	1070
3398b387-a56a-4e22-b9b2-8a9c902705ad	1132
339ffada-f4b3-488f-a871-6e7890b12abb	1075
33a72a1f-4e40-43fb-a2ee-f9ae1aff5a35	1125
33a86b3c-59e1-4d1f-a653-48d1f76a3e95	1047
33a8e268-69c4-45d3-9876-0333bd0a2f6e	1123
33ab1133-7697-48d9-998a-4e0a1193a8fc	1124
33af356e-d858-4496-8cfb-9a2c005a20c1	1073
33b18f24-9fa7-419e-a02a-0e1785624881	1070
33b25cc1-d31d-478c-963f-6b2bd79a2101	1128
33b2c39a-6f77-4f81-869f-81d80a68b4f9	1180
33b55738-c7d5-4ebe-972f-f3a2ae108a92	1075
33bf4031-3ec6-4377-8422-e9098b4a09c1	1197
33c364e8-cd0c-452a-b236-11ebebe3ae89	1205
33c76af1-1d8e-4dec-9363-f6773250e5ff	1075
33c7714d-e700-47ba-bdf4-4c175f5b173d	1084
33c86cb1-36c3-42cd-8845-16430f2d2219	1131
33ca6766-687b-4cc3-b822-61fa538715f6	1073
33cca5d2-50fc-49ad-90b2-ff0cd1756946	1119
33d5aaf7-d31f-4a29-a755-f2b84435c947	1135
33e1735b-e30f-4fe1-ada6-6f9a90ef3d55	983
33e2e6b5-91f9-4676-a16e-9fc2f0ca7480	1080
33ee8c18-7858-463b-8934-744530f198f6	1136
33f06bfa-760d-4cb9-80fa-04f3b249da28	1072
33f13efd-3989-4ab3-8a0d-b373a65850f8	1062
33f7f1b8-4bb5-4a63-8351-767a0ed8aa1f	1118
33f9abd1-2d9f-4e69-b8ab-c408ad86c8ac	1064
34043c7c-caf2-4c17-8462-bf4a295a1ff8	1132
3408697c-275f-46b5-8749-80ddbe2c2952	1002
340a7336-f6ed-40d4-b9fd-86053c0d6061	1122
340cf91c-5a48-487e-a4c2-7a5fac0a7879	1130
340f9b5f-a425-48fc-a520-473d6475660a	1067
3411987e-252a-4ceb-83ba-be8a7e7594ff	1068
3414a583-6d75-49a9-9c06-3cedb2b37b71	1070
34166723-2435-4354-a878-d507d0f14748	1067
3417451d-5584-4950-9efe-304069fb9b4e	1137
341d119b-c16e-4c45-bdb8-fba6ed2c6ff9	1077
341e3d8e-a2d4-4f0c-b341-c21d62d7bd0c	1129
34226d2b-0286-46a0-acf7-d31c022e5ae3	1132
34261e17-ae79-4b9c-b5be-fefa641dcb8b	1134
3426cd71-91d2-427e-b1c6-63cb892390a2	1059
3431f08b-b133-4760-a0c6-e141f7aa09e9	1156
34357b76-a93c-464f-ab48-0a7fb7af4e90	1138
34365392-d46f-4618-a8a9-6f7bffc5f285	1113
343742f9-a0c0-4db6-a368-30d8cf316303	1053
343964a5-93af-4073-bdac-79e6e4ba552c	1067
343bf45a-353e-4774-8c6f-40af30b8aac2	981
343d1508-8abd-4beb-8528-86b3d802e1ab	1126
343f4b0b-b5c2-43d7-a408-4a8a8df33943	1123
344278bf-196d-4e0a-af71-0664ac7c57db	1068
3445ec02-2d6b-4a2a-a6f1-7ba84c589603	1047
34492a66-395e-4345-ad81-d9ea9f696cb1	1122
34508b5e-5fbe-4cd0-87fb-220ac038e731	1078
3450fdcb-0b1e-45a5-8e7c-8343fe0ff0e7	1122
3454ea6d-16e1-445b-adb3-4efb01055208	1115
3456fea5-444f-4f52-88f3-cc103602d351	1118
345add00-4864-46b9-9c0c-0cdbd516f7c0	1071
345b0b58-5429-4fee-879e-62db55fa4d70	1073
3462fc4d-a3e4-49ff-a23e-252c44a94482	1125
3463e87c-c75d-42f7-8035-ceccf7adb237	1142
34683356-670a-46a6-934b-1f508c6e5096	1045
346afb5b-b889-4f7f-80e9-3e95e85fa78e	1110
346cfbf4-fe78-4f54-88b7-46d20d558190	1052
34781305-0749-4f7a-ac96-0a0bcf30118d	1059
347c216b-06eb-447b-8e50-9dee20c0f4b6	1083
347ce837-2b8d-46cf-9bf6-4c54bceb666c	1129
347d3b5b-10d2-46be-b60e-8e5b45ac79da	1070
34819951-2291-4e41-acb6-dd0e08322ead	1134
34821f6f-0feb-4850-912b-653a1a66edda	1128
3483988d-30ab-46b0-8877-b1af02cb5db4	1070
34842ca0-d498-485c-9459-2251680e84df	1068
348573b5-da68-4969-aa1d-e6e684abe76e	1073
348ade14-fc35-4a87-865d-68cc28cc6725	1075
348b7b4a-d3ac-41d7-8485-919d253de337	1050
34911f4b-133e-4761-a8b8-ad4fdbc9ebd7	1058
34941d6e-d490-46c4-b4ae-94f8f27e3346	1096
349dc6d8-3185-4a14-920d-78f94b33e2b2	1137
34a0c3bf-dc1d-4958-afb8-981379ecaa67	1063
34a1eb0f-11f3-44a0-8ac5-6c735557ed2c	1142
34ae6d57-2a74-4fc0-a38f-c0fbc7dec869	1108
34b4648c-7683-4133-adac-a9bbf39781e8	1059
34b9832f-adcc-466d-841b-6585f8b64b4c	1117
34c1f99f-d529-480b-bf31-3b180cc093ed	1128
34c26d66-b12d-4b97-bfa7-116036aa9f11	990
34cb4f29-5c7d-4f9a-a1d7-5eeef56920d5	1136
34d1eb9d-12ea-4f61-940d-fd382d0eabe8	1143
34d46a18-6805-4ad2-8cf4-8381a2cc0dde	1106
34da9a4a-5564-46f6-83d5-ce27ffb41e6e	1137
34ddaf73-1057-41cd-8248-055ebfcaf76e	1071
34e02888-b077-4557-a78d-6e78e3ffd5db	1143
34e10050-7dd4-4591-8bfe-25c2e7be6f64	1083
34e1f236-efac-4284-b69e-53b5c3daf07e	1129
34e5cba1-8861-4150-8053-6b086a09bf86	1075
34eb9cbf-6121-4d30-b1b0-44f5909f73c6	1072
34eda78a-b48d-42d6-82ed-85f78272abd2	1122
34ede34d-3623-48b8-b5de-8a88d2e16a6a	1122
34f5e4c0-473e-41b7-a1d6-cb99451f7738	1078
34f68d3a-a0fd-495e-ab10-c1357cc6c278	1111
34f6b795-fc30-4249-907f-411aa7e27c1f	1144
34f95cf8-5f69-4496-8396-d7eac472bc07	1123
3500809f-0a40-4759-8fd0-4cf0499c450c	1078
35016fb9-53cf-4d35-a42f-1e7099a94277	1133
350674b3-9c24-47a7-955d-b6cd56cf9f16	1074
350ffe21-ecec-4030-aadc-e9d74036a1cd	1040
351024c7-97c6-4f7a-aebd-5cdba887b8e9	1076
35112808-7a57-4d02-a19c-3602a4b4a291	1056
351432d0-83a1-4230-b851-00ec3c4b6d21	1073
351d5c76-46cd-4763-8222-211c5c62c1c8	1142
351d78e4-6d01-402e-b8b8-bf92ace398d6	1071
352043a5-4c6e-48d1-83ce-5cbef56ad6f6	1745
3520ecfb-ffa1-4855-817a-2845b0eb7440	1067
35286d4b-57d1-4733-ab7c-ae79305b19fd	1139
352ae9f5-52cc-459f-802c-d8e950371f9d	1042
352e2dd4-d026-4813-9934-c2ae89b96cf8	1062
35311928-e613-4dc8-a503-dc1b20379439	1065
3532acac-ca10-4d1d-bf67-fb6b29d61232	1351
3537d586-66f5-4d4a-a96c-e8761ffc66d6	1143
35386ac3-b037-42c4-aa16-666a7df49697	1066
3538a9c5-f6b4-4185-81c8-e3f8942f994f	1053
3538f240-9604-49ae-987d-3fabdba6125d	1069
354006b6-f94a-42a9-9c1e-5d4a3bba0349	1137
354194b5-7651-4fb3-a407-fe98989e4e37	2045
3544b47f-dc84-43d4-8dd7-75e453fe951c	1116
35454635-568d-4cc4-a9a4-5c5f073e37f2	1076
354ce94f-9192-47e2-88b9-2b7e713944af	1065
354d4d12-bc71-46a3-aed3-c5ef36fd35c4	1074
354f8c32-6702-4a89-967f-6c7c3e923a69	1077
355042dd-54ea-488a-ad8a-734a2712fcff	1134
35516d82-c223-450e-bafb-2a541c1065b8	1066
3551adda-48ba-4c0f-8b5a-36ffb5c21d36	1116
35588828-9257-4cb6-ae1b-53ca53e8f862	1138
355e6b36-4481-4c8b-a77d-3f23510a48a7	1072
3560f6d7-73ff-4a86-b9e3-93244883b990	1076
3569e12d-5c21-47b7-8778-f600cafb8261	1075
356c2c88-abd9-4978-a384-a985f70ec313	1138
3571aefc-37bc-4d2c-9662-fb6874259b73	1110
35725c1f-004e-4416-afcd-32174115c8e4	1133
35750917-c2b6-4a76-a7c3-0d7b323fec10	1063
35776494-9dee-4b5f-86f5-e468b71acabc	1139
35834a12-77e7-4acf-ad48-a6744dc448f4	1113
358f9643-756e-4735-917d-4b6d8a759af8	1129
35961472-f645-4078-bd0d-2b61854ff04e	1069
359e561c-ee13-4e5f-8cfc-8defe2ac75b0	1056
359eb22a-eb12-41ee-832f-09f6a65bd64f	1138
359f8d86-96ff-438d-a568-6d163515c59d	1924
35a0e426-8b0b-4b15-bc45-3dc243565175	1062
35a1f48f-a26e-42d9-8383-3674c8e45745	1070
35a83562-7a78-4dce-be6f-880e0b274c00	1046
35aaa412-c8fa-4f2f-8022-e1bcf3eb5896	1136
35afed7d-0242-470a-9966-b733700e0d1b	1075
35b4acad-cf96-4832-8f5c-8bb171563d17	1081
35b5834c-fa48-485a-81a5-1d68130c11e2	536
35b8174a-3218-4366-8087-d1e63884e06b	1079
35b8af00-c8d7-4634-bcd1-4958cbab9ada	1070
35b958ae-c85b-45ab-a653-7c26c9d24f9d	1135
35b9d896-b983-4da7-a140-0ff62a98b5c2	1055
35be9509-f33b-46e3-90f2-54a603416888	1073
35c29166-22de-40d5-8c5c-8e15b392ee6e	1168
35c3d2fa-2e36-4e79-af8d-c9ee31d3f1a6	1117
35c7371f-49e1-43ec-ad62-c8120e62b5a6	1071
35d43bc3-ef58-4763-91f0-387636c38e3c	1131
35d93ebd-fd98-4069-8670-bf2cc9a44bae	1070
35da8a88-77f4-4c3c-92f8-9fe86ab564a5	1146
35db8feb-a943-48da-a8aa-37ac4ce72a43	1075
35e1caf5-9b27-4349-a24a-2606b68efe33	1133
35e711c0-b944-474a-aebe-34e0f82589db	1127
35e736cf-6288-4a50-a122-8a76cbafa838	1136
35e77d12-441f-47ab-b848-44e18a05d9d7	1075
35e9fbdb-0f64-42c3-b6e1-5eaeefd02fb6	1129
35ed9710-40eb-4232-8dd1-6624a97ff625	994
35f2ef82-d055-488e-b52c-5081f2752fb2	1071
35f498bd-362c-4b44-844a-a8105715f855	1133
35fa4631-821b-47ef-9944-96ee4f451c26	1137
3604d113-a115-4d09-a1a0-cd6b7350293d	1123
360aa6b8-c572-4885-8688-731f72ea5a86	1039
360fd15c-71e1-4adb-bd19-e05375a9ff0f	1137
361a2f4a-f3cd-4dc8-b212-e38b9de6e56a	1114
361c3dc7-b158-4937-b6e0-10f65079a691	1070
36224192-08f8-492d-b2f3-0126ddd989cf	1069
36244686-8f8e-4c27-baa5-707d68baf3f8	1139
362929d3-52ea-41e8-9b9c-7e596f425bc0	1072
36311cc6-647e-4b66-883c-1cdf8be718a1	1075
3631d966-b785-422c-b0b5-ab16c3449d2c	1119
363311ef-9bea-40ca-94a4-8e3abe7a6a39	1077
363e82ae-dc2b-41df-972b-31d60a735994	1139
36402ef4-757a-4ce4-a9c3-ee45196ce2be	1143
36434096-e57f-46e1-8dcc-34b9e30d56c3	1132
3645030b-f5da-4d71-922e-b3dcd5e9f653	1066
36479da0-5b8c-40cb-ab24-4eca5d53e72a	1133
36563cff-b7e3-41cb-b2b0-046286813047	1065
365a84a3-3be7-41fd-baa7-17ee48a7c484	1133
365b4847-0a5d-4318-9fc4-c22f8d0361ae	1061
365d8bac-5ffb-49cb-ba3c-47449530a116	1140
3665d55f-4e37-4b77-a461-64ca3a5ebaeb	1129
3668b36c-ed0a-4b90-9e8d-73bff97368b2	1128
366b1499-82ca-4aa8-b597-a680e9e741a4	1139
366b907b-e460-470a-b883-d99aced13dc1	1071
366c88ae-4ba7-4f81-a424-22fd7cbbf6d3	1070
366daec2-312f-443b-9627-ce9e704524d0	1060
366f2b56-607f-41a8-8241-3508f35f9640	1128
3673325b-269d-4700-b8b6-c45c780d4d91	1142
367c0d23-c044-4b11-9910-fb9ac8b0e9aa	1131
367cda04-1d3d-4c18-aabb-9a38fab57aa5	1074
367e5dbf-f912-457b-a129-58d768573f47	999
36836edb-5985-4f4c-aa69-f9c744f6c001	1131
36869d17-1515-450e-9d3f-1657665fd027	1021
36906cd5-c3f0-4111-a9d6-83cc5a044013	1052
3691e72d-42b2-43bd-8fc2-a51539995b27	1115
3692aae0-3d5f-4af7-bd79-6b35d9880de3	1116
3692dad5-b686-4c24-90de-d4133db5ae9a	1138
3696fa7a-2578-442d-a407-1c5f6d6005d6	1126
369b9180-de43-4337-8d38-d51a54460992	2184
36a0279a-cbd7-487b-a225-e9f9763fd8a8	1073
36a0a13d-c1c2-4a9e-8749-7250a34dc26e	1076
36a166aa-adcd-41c4-96f5-416e53c3da70	1072
36a18c54-2ce5-4440-a1f9-29658c593627	1053
36a34347-8608-40f3-b2ae-7f2186e1d270	1125
36a79f1a-b7d5-47f9-997b-69281b819c66	1017
36ad4efa-8952-4f65-a944-4c06b12a365a	1121
36af3f92-d766-42fd-a701-d4eeb254c4e9	1067
36b2dc4b-b2dd-45a7-a61d-12048c6af566	1146
36b44928-4241-4662-97f5-e4df1e06dbc4	1075
36b4e023-cebe-40b8-a8a7-8528072ac4ea	1103
36b60ef8-e5de-43c7-aaa5-08e2cbfd5840	1074
36c54cdb-5194-49d9-99cd-ebcabcc26de4	1143
36c559a0-a461-4656-bc97-f17abdd8785a	1075
36c5a07c-ccf1-4685-b87d-3a28325c76aa	1139
36c5cb5e-d758-4592-a2fa-2e52e004b711	1076
36c61031-999e-42c8-9ee5-c5eb76596098	1077
36c939cb-1d13-4891-a763-b0610fe89df6	1130
36d2884d-bc43-451a-ace9-91ddbc7d606e	1015
36d529d3-0c26-49c6-9a9a-513f7c402531	1036
36d99999-f8d5-4833-a9f7-bc4f0ec69636	1064
36db6e0a-2474-4aad-967b-15bfcaa4a529	1142
36ddcd1d-a3ce-4f02-8d73-a274b7a7c25f	1064
36e6ead2-82f9-4b7c-b309-9dbc70d024e3	1052
36e93d0a-798b-40b9-8e32-3fc5d12dc0ee	1137
36eb9cae-0c09-46dd-b369-3d3e9ea3fd85	1002
36f0f9a5-1340-43ae-bf1f-87b17401f6a3	1104
36f3f4b0-626f-45cb-9176-cc6ba9682816	1071
36f6b01b-7b1a-4e79-983d-8da9679bce45	1078
36f75364-7c6a-40d7-b90d-1bd0bfab88f1	1078
36f7d20f-6fa2-47b4-bc89-c2e3dfd440d8	1136
36fa24f2-ee28-4758-8a9e-e10d6500b61d	1076
370278fb-7610-4a33-a576-1e072c0d17af	1136
3703838d-488a-47e8-898a-d9175d1886f8	1055
37044c67-4b8f-41bb-a7e0-4091afbb05bf	1074
37088cad-4d88-4ccf-9dcf-4d5e7dfe0e11	1074
370be703-4378-4f38-97bf-82e77bfe3bc2	1133
370cb556-42f2-49e0-80ef-20d3d41d92b5	1053
37163553-20f5-47de-b97b-3a89a22e77eb	1077
3716c7b5-ff0e-41b9-b398-040447d22c9e	1091
371df0bf-af90-4d60-8f5e-57fb52336d3c	1074
37202ff2-d5ba-4d05-9246-1e2be5491b82	1131
3726ef77-3984-45ef-9881-6d6eec27c64e	1044
3728229f-2eaf-45f6-a076-68c3bb14e785	1143
372cf76c-a714-4339-ae97-01373be6f76c	1080
3730e18d-cc0f-4c46-a2a3-de16b02cc73a	1074
3733a7f8-e460-49e4-b127-9385c1a73ff9	1071
3733daba-fd55-48cd-b4ac-9cabcb8eda8d	1080
373f32a7-32b2-41a0-bdbc-a673220fe8be	1106
373fa22a-d147-4199-baf2-bb043dcf7489	1067
37422669-2db9-4bb3-a600-204d8226cadc	1094
37428764-ed66-4a4b-bdf1-fd1c600465c5	1070
3751c16e-1d5e-46c9-95d3-f5f00b027899	1081
3752cb49-367b-4221-8051-72cd1378ebff	1137
375315b2-69d7-4838-948b-511b243716b9	1140
37552138-9590-4b84-950b-b39a77a77b5b	1127
37556ad5-e929-47c9-8efa-f55816b48fcd	1127
37576f0f-4d51-4f88-8bd1-d92446cb890c	1071
3760b4bc-07cd-4a3c-a452-7ad5152c37a4	1070
3764152b-ee18-48b4-bf6f-51dd84c5442f	1052
376734a3-4808-41af-87d1-b7df42a38ecc	1132
3768626f-0a95-41c3-9706-540a2fece44c	1146
376a9bb8-ab70-44b9-85fd-be55f5d0d4b6	1132
377179af-20a0-4e1c-9e0f-a2436acabf11	1077
37719a25-15e7-4fcd-8d4f-f8764e638583	1081
37743c19-0534-47c1-ae58-38bc1eedb6c6	1134
3774bf16-9e9e-4095-b685-b921854c0c99	1114
3778cee8-03f1-4020-b2c7-afb138b99c01	1080
3778e3ad-8c3f-49cb-b874-91e592db6f68	1059
3779d5e6-0792-4f59-a9d8-e4b951cdaa0f	994
377d041d-5731-4c13-a79e-0d5d004f9ce9	1066
377d9fda-987f-4eab-8936-eb65f66aec6a	1072
378087d5-c4db-49f8-b487-d75585caed87	987
3781063e-1486-4f3a-af26-a4b35d79c66a	281
378117b1-0531-496c-b858-770bda6751b8	1142
37845adf-6555-4e5f-8736-f5a459be69f4	1132
3784cb20-bf6d-451c-8db1-9cfa09703d43	1103
378a9720-f588-49c8-ba61-9a6682f8de9a	1132
378e5d83-17fa-4284-864c-73d2b5cef67c	1130
37912cc3-7f5c-4281-bd91-0260455b528f	1041
37940e6c-7c24-4385-8396-535d0f1260e9	1137
3796a733-c84c-4bf4-add9-e1ec4d8f1a27	1134
379985c1-2954-4419-9a2b-e561f27727f8	1133
379b5398-5149-44c7-9dba-0eb30b532fa7	1131
379bea6a-631b-4e9c-9f3e-9573dc1a0dd8	1128
379d2d70-8b33-45f2-9555-c2cafca6cb90	1126
379d4c7c-411d-4b06-aabc-1aa1c5d3412c	1067
37a08139-05c1-4a84-8325-feb48b7e6909	1076
37a936e2-d550-4b9f-86ba-7ad79d68b4d5	1128
37ab2bf1-ee03-42be-bd1d-594f6a6d8581	1133
37ac6ec4-939e-48a2-b0ad-6c241008737f	1074
37acde0d-0a1e-4a78-9591-3d25e21389c7	1118
37ad5580-539a-45b2-b3e2-3143a0c0757d	1064
37b42c21-ff0f-4ba1-94d5-5ce209ba6d00	1133
37b6bf15-b226-43a4-8497-5069ec20a6c7	1138
37b78f8e-e7f2-498e-a21c-8697f193c77a	1064
37bcbbcd-a3d9-445c-a58c-ec579c91ed91	1050
37be3fb1-c9a5-4556-a0af-b9bf89ab25c9	1143
37bf7e9e-17ed-4f76-bdce-54ffaaef23b2	1092
37c2906d-dd11-4d53-a341-a0d25d575319	1129
37c6419c-ac9c-4990-85b2-3858b95fbfe2	1023
37c67f99-2f2d-414c-ba67-854d2e6f750a	1133
37c7edb2-8d77-4637-aebb-12c1ca35e9c2	1135
37d007c8-9454-4a1f-b9e5-b1c8a88412e8	1078
37d101b6-146e-4b90-a177-14df5be685d6	1054
37dc90f5-00de-4781-b724-08988a7517cd	1117
37e488d4-4d42-4024-953f-88e60be36570	1140
37e67433-6d32-4aae-9d8c-b0203bb4b827	1130
37eca645-d5d5-42e1-9ba0-80ade2b81c5d	1084
37f04e9e-5c47-46af-854a-04ba5ce228c1	1092
37f2523f-95c8-44a2-a546-e228581f58e1	1123
37f958dc-1f03-44eb-ac5e-b6d4a663ded8	1074
37faa146-adb3-4d32-93d8-bfb43a4793ef	1080
380275f2-0c60-40c6-aae2-bc2037bd6439	1075
3804202a-8324-4b1e-848f-0694f27198d6	1139
38082cc0-1fcb-4c32-ab1a-26b0d7b7950d	1139
3808b053-ac13-4ec0-b1c4-6bd523848793	1101
380e0047-0298-40cd-9dea-2393a487bc5f	1070
3818ef40-27f9-4291-b3aa-87ba06b9cf4e	1080
3819b6d4-5f0a-47b0-a159-c03f247f0782	1067
381b5166-392a-4d7b-8607-8b0845fca241	1125
381f3e54-5064-450f-bfd4-f214e112f101	1335
381f822a-d451-44af-9dd8-5988fa0e6820	1056
382181de-ef8a-4ef9-b440-441e32ff481a	1075
38271af3-d58f-4dc8-8fe3-50dd1831e412	1075
38282c38-3b36-4aa5-9aa4-dc01da017040	1034
382abf4e-3134-4881-9126-a44f84a54ebd	1131
382d86bc-3aef-4f78-88ed-16725582deb1	1057
382dc922-5cf1-4f93-b299-396abc28e129	1048
3834ce9d-c865-4500-b5c1-384767e3e330	1073
383ee616-68e7-49ca-9523-22344ff617f1	981
383f69ca-93f6-46b6-8c87-0be85b078df1	1105
383fe475-6a60-4bd7-a32a-5e9593dab4cd	1128
3841c1ca-b552-40d1-b8e4-96ff512d6e92	2106
38434dc1-1d0e-4afd-8022-ed39dfc24112	969
384984d8-7c02-4051-bc8b-f64ba2f63c59	1136
384e7042-c34c-4e9d-b554-84ce86a5d896	1063
3855a8b5-889e-42d7-900b-6291898b774d	1133
3855f380-e743-42ea-99c5-b86323c10553	1074
38565434-0b3b-4604-8e3b-32ec5197e627	1129
38589e06-fe0e-489a-a14f-338975795db6	1137
38597cd6-2248-4e26-832d-395d65074dc1	1127
385a027c-aad2-463d-8364-00772a7930c0	1073
3862796c-cf75-4749-b3bf-80e8c0f736eb	1081
3862f5f2-e05c-4873-b9b7-3ba5d1d6f307	987
3866211e-d0e2-48f1-966f-28e62f65e130	1135
3874f372-2c32-4709-ba9f-6dcb3d5f4d15	1167
38752d41-9f1e-4a53-8a87-2780af3fe523	1143
38775e28-df9d-451d-9f8f-157e48126ddb	1108
3877605a-6135-40d0-9dbd-eff08a9d7bc6	1117
3881793f-ebb0-4cdd-9ce0-c99981064194	1362
3882f493-8c85-4a74-aa38-9aeabcfdb26d	1129
388a80fd-01ca-46ee-9af8-6fefed406a6a	1110
388c7704-cc0f-4cf2-9415-67862656b145	1119
388cef39-a9db-4947-822c-ea0dab1b33f4	982
388f2cfe-28d4-402f-9a81-a396db46fb0f	988
38932aa2-c4a8-4689-ae43-6fda3ba23d88	1132
389559fc-3607-4a45-ab3e-502625561b9c	1125
389a3b5e-2775-4e8e-b556-0d765a5672b3	1133
389d467d-0b14-4d55-a355-4e3f8d6daeef	1046
389e69b7-7f78-4be5-9411-f88edd47f868	1119
38a4cb2c-0b04-4095-824c-fe208418d39c	1076
38a78d4d-ff22-4fbe-a1dd-432f8f7f1489	985
38aabf27-612d-4f5c-8e68-acf3acc22d57	731
38b52263-3d09-41cd-a732-27956b487e5d	1128
38c34c83-3f65-4d90-a838-e2a15c4777e2	999
38c3aad9-9055-44b4-980e-03f168c40e69	1995
38c51961-6c4d-4c71-bcec-8b67fb13514b	1114
38c849f2-7d16-4150-9e19-788335c6de54	1133
38c9fd00-f8d2-4f13-be02-33bf70be1c6f	990
38ccce5c-9028-461a-bb9e-650beddad84e	1133
38cce266-3fe5-43be-8628-3d540ffcfb42	1067
38d029c6-0de0-4487-a7c3-c8798213b2eb	1060
38d4f323-fd6e-405a-93fa-9ea6f71bbcce	1054
38dc0b02-e9ea-4d06-8d60-918d12b96eae	1075
38df5b38-7d6c-41e6-a44f-746b2ea1b9e4	1052
38dfc763-d556-48c4-9b24-4e2abbc38ba2	1129
38e12f74-021f-4319-9692-987d61b24c05	1034
38e28456-9b6c-485a-b0ac-03365b00ad1a	1100
38e2fbc7-24af-4d0e-b339-262749a0b909	1136
38e46c0f-7a31-46f6-bd98-0774fd1a13d3	1131
38e46f9b-63aa-46ce-a0c0-cda00fba0eed	1075
38e6c712-c6f9-48de-8a90-2b4301587494	968
38e88465-da14-43ed-a859-4dbc6b73654b	1139
38e98faf-2f75-4223-b2b7-9939b86f4b56	1010
38ea8763-cc9c-41cf-8f07-f331a1c9cf85	1054
38ec3a8e-24c9-4905-9d1c-7a43e8846b7b	1148
38f34d4e-a413-437e-9e65-6a581da1f8f2	1077
38f3cc3e-38b5-4c08-8695-aba64d66d6e6	1076
38f97d94-f2cb-4b26-bf3f-02936917ca74	1178
38fc139a-0472-4c41-b5f4-006b1f32aacd	1071
3901723b-df31-45f8-85b9-8ef22d982b33	1128
3902cc95-b972-415a-95d5-45b92f405f68	1041
3903c2a1-2c52-421d-b596-f39b3dd93268	1134
39112680-2881-4e96-b80b-9bf7cce7f38d	1142
39114ce8-d16e-4710-8054-f084715f5599	1136
3913036b-dea7-4010-8698-a9208ac5c2b0	1142
3916ab0c-7c72-40ac-8db0-2b5ff1e1d4b4	1074
391ad447-d1e2-47dc-b1a3-6341281b0348	1135
391dabda-ef6a-427c-9177-5f4a361aebb5	1109
39287241-1b84-4c64-9ef3-b37eec39c2c7	1072
392b5496-82d5-4f76-b28b-4d7e308104dc	1022
39309239-2e28-48b8-9158-32173db194a4	1117
3930d782-426f-4839-8885-c85b94ac46d5	1139
393271f9-b61a-4d27-9bad-a5da4919904d	1086
39384076-9947-4e8a-961d-dc341500aaa3	1064
393bcb91-29f7-40f5-88dd-71e931c4f8ca	1100
394dc90f-d2b7-4f57-9f70-45a17d39b73b	1054
39511ccf-0f3a-426a-9e0e-ab473237a7a4	1130
39567bfc-4c0a-4e98-a008-c79ea586f3e9	1130
39590077-0c28-4f93-8c91-7f959b335a9c	1079
395f0301-6f7c-4025-bf34-8804d3bf509e	1128
3960b893-f0c4-464b-98d0-36df3d806fcd	1066
396ccf6a-b897-4790-8169-45f6b024c710	1122
396eaa6e-1e81-4143-8512-beea5f430e33	1074
39762cb7-fff0-4708-9bfb-66955e7e2cbb	1059
39787959-5dd7-4175-b122-7ebdcac2adb3	1070
39823948-bebf-424f-83af-dc8f6da787d1	1118
3983430d-6018-45d9-b930-2ca1930ba8e6	1080
398ad532-e273-45f9-9ca2-9ac7dae07dbe	1136
398d76bd-4381-4700-bfb1-91e1a1221ea6	1134
3991dc84-bd81-4dbc-ad6a-df9066eabb8d	1128
3997f7e7-e889-4669-9ad3-66270f69ac4a	1063
3998a10b-1649-43c2-babe-f2878a356ff0	1065
399d4c38-5f79-47ba-9b7d-67bcb24eaf8d	1075
399dfe69-5ee8-45df-836b-46809c10407c	1115
39af3720-a0c7-4500-9724-da9aaf33a03f	1079
39af8594-4a04-485c-8060-c7a0d617ff18	1069
39b04ce4-1f2a-4d02-a62e-5765768f4d53	1056
39b20338-0260-42e9-9d2a-44f49a7929b8	1076
39b5353a-112e-4301-afaa-fc07b8844f8e	1125
39b57b25-1257-4db0-8fc6-529a00524345	989
39ba4f61-f3bd-40e5-923a-79d45813e701	1134
39bbc915-db8e-4a23-98ae-d67e6e67cf33	1054
39c18ead-8266-4c7b-a014-7a39bf3f2b00	1072
39c52c86-438a-44e5-93cd-f10a16c6f0f5	2039
39c568db-7920-4880-ab4d-2af8dbccbcd1	1075
39c812ae-357a-4d29-93a0-eff0701aeb6c	1129
39cdee94-d273-4eea-bbfe-bd17e506f7cb	1140
39ce0ef4-24ae-4a61-a02e-9b11192681e9	1051
39d9fed0-1137-455c-951c-29093dfa2ea7	313
39da448c-27ea-452f-89c9-695ea0ad206b	1054
39dc5a93-7885-4333-81ab-c4ae590a29f9	1137
39dcc6d7-33ee-4da7-9f69-df34a91a5d00	1075
39e57061-8b27-4d02-9ca4-ce20d058cae0	1072
39f0aa25-ab60-4456-9754-a41f770823f2	1140
39f2e54f-20d1-47d0-b107-88cf5b2f0e60	1053
39f4deca-eed7-456d-a940-37971d217c37	1138
39f8bbb0-fa48-4db5-af4b-0a8c02eeafd9	1068
39fd19a1-3cc8-42c3-ab4c-eb37ee9eeabe	1076
3a00164b-0455-42a4-ac6c-0a69302e19af	1073
3a03fbb2-9a55-4636-a780-46f2d541af90	1067
3a09a507-bedf-4e76-be09-562d4a6f35e2	1125
3a0ad196-1bff-4787-a943-82742e68bc26	1078
3a0d0a6b-b21b-4f1a-a5d9-84a1c746e083	2117
3a0f8695-e72b-4d02-9002-c90aa37a15fa	1082
3a11e513-db85-4629-9a35-1e7dbc62c69e	1112
3a16626d-64bd-4a4c-a912-d9434f412418	1128
3a1a87be-bd98-4542-9455-8a0d073d39bf	1130
3a1d0c9f-dfc4-4b29-8a7b-f3571ae4f7af	1134
3a1d1622-cad0-4194-bbd6-2e0aa4d90367	1106
3a1dee2b-3dca-4bbb-9807-e0b814ecd558	1133
3a21ab4c-c9b8-463b-82f9-d1884ae55490	1078
3a253200-8acb-4dbd-8b90-648afcbe7fd8	1064
3a265b42-0785-4437-94aa-06be428d5a59	1033
3a29ffa0-a219-4c40-93ff-e258413673f1	1146
3a337b04-db8a-47a8-b38d-5600dc769414	1130
3a3965d5-367a-4146-8ec3-9ba553dd9a6d	1096
3a3d2e96-2d93-41dd-a9a2-f5dd88c8f314	1118
3a40d2a6-47e4-4271-8310-c2680ec9be52	1071
3a4264d1-5e67-416c-aead-0ac5f64021de	1138
3a499f08-d979-46a8-bbee-b53ea6225b49	1129
3a533e7f-ad14-4125-b22f-7b5f8f89ab4a	1136
3a537a6b-ae04-4038-baf3-0cb9dc941c78	1130
3a548111-a938-4931-9cc6-22b3e2613e5c	1089
3a5762f5-4d3c-4a38-9564-49b364090c25	1072
3a5e5100-7c7c-441a-b98a-6282cee11009	1054
3a5f10d9-4b96-4737-b087-75c43f28c40c	1136
3a5fc1c0-ad32-447e-8666-b38a4e95e32e	1067
3a65301a-5539-4d33-8e4e-5df8e768bab0	1138
3a687b48-fdd9-41e8-afa6-425f99572705	1080
3a6b0bde-b943-47a5-9044-3d0ece70275e	1071
3a72b29f-b5d7-4185-8627-66ae8aa9734f	1062
3a780943-7a22-4a6c-afce-09d3479e1f44	1133
3a7aa965-c24e-4f70-8a56-cd9b197dce2d	1133
3a7f87f0-b10f-45ce-bb09-4ae496969eeb	1081
3a857af7-a2f4-48d8-a02d-429473f4e191	1121
3a8c4951-60e9-4bbb-b1f6-9040c5106b0a	1127
3a92485a-d856-467e-98cd-ae54a969a498	1052
3a92fb07-d8f8-46b4-8884-06dffad23e77	1068
3a93f5af-33ba-4918-9082-7ebfc275b8b6	1066
3a949a17-20fd-49f2-8335-d914e196641b	1078
3a9666f8-911b-4cf5-b0a8-e0989baedb27	1056
3a97372b-b2f2-4188-9767-eaa5bb57ea3f	1089
3a9970ca-9aa0-455b-acc3-6d37492d8fd9	624
3a9b1df5-4cde-4276-a415-41ac9c736036	1125
3a9b6f28-b92f-4d90-99bc-7bf5622c10f9	1074
3aa28e99-bdad-4732-acc9-a3b0a036b9f5	1134
3aa582b5-e88a-4389-ba0b-b32aa1981102	1124
3ab10723-7ee9-4b0f-b088-fccb24ca514d	1142
3ab22ae6-704d-4a0b-a778-5ff68f9f10c8	1130
3ab2e73c-7d49-4866-ba54-8c356c3e5893	1057
3ab341dc-1e83-4918-974e-353d75fb269e	1135
3ab91e37-e00d-4fb1-8965-ab2715e8086d	1137
3ac0105c-4b95-4480-8c0d-25aa1de2bf8b	1064
3ac0ff13-29f5-4e55-a12c-e09e4b71e21e	1066
3ac60be3-ea47-46b5-82f1-a8c0522219f3	1136
3acdfd57-f67f-4585-8c3c-6eff527daa02	1141
3acf7547-963a-4347-8041-2d785b54410a	1063
3acfe53f-e755-4576-b1d6-43542a9e30ab	1139
3ad19c8b-8749-4392-90f1-ed0d66df21f7	1072
3ad5e22d-4174-48f3-abe1-c405d9bdfc68	1077
3ad64d48-a520-4c29-98e5-5a9745bc3546	1137
3ad6e746-eb83-4e80-b821-833116bacbcf	1100
3adfe453-0d0a-4f19-b8c2-14ea8814a71a	1056
3aea0ac8-59b9-40ac-b3c3-2589d29ed752	1073
3aea3316-633e-4cdd-a149-17ec1813c581	1134
3aed0d20-06af-4cf1-9d90-ea20afca9b81	1070
3af33162-b723-4898-af65-6fb0b547027f	1118
3af9072f-c24e-40a9-b789-97a7b98ef4bc	1069
3afbc590-c211-44a6-9e72-d1a877531ca7	1074
3afcc066-f3ac-4df2-970e-22a9715f7634	977
3afd7c24-d66a-412c-ae82-dbdf03bd27e4	1135
3b0bb473-67fb-4b65-bd0a-44754a30df6e	1051
3b111da2-e9ba-4c46-9cf7-566c10a08926	1055
3b164328-6545-4135-a23a-406231c471df	1135
3b1c87b6-c12c-460a-b56c-0499a4e107a0	1115
3b1e7439-3b29-4ec8-a46d-a1440a6c761f	1133
3b1f19f6-7aa8-4edd-a1a0-b3e3ff50269e	1100
3b2171ae-a9e0-40ce-a24d-b3017308831f	1075
3b238718-8637-4fe8-82c4-5acfeafe57c7	1135
3b26748e-9134-49e0-a906-865da9d002a2	1064
3b29530f-79c3-4f47-b72d-0487fb10debf	1069
3b2c5bf2-0073-4295-bf7b-eda1b88f17a7	1119
3b2ce279-1acc-4f7c-82aa-d88b4a214994	1071
3b2e1e9a-3e67-4d30-ae38-d42c239a8c78	1126
3b3307f5-51aa-428d-922a-4011140455ce	1075
3b35247d-a6ad-4c33-8049-d156f91a2e05	1081
3b3ec47a-5163-4deb-bb20-fb7dce4d6c8c	1057
3b49a7a1-5cfc-4cec-9aac-029a36983870	1131
3b4b91a0-ae35-49d0-92c2-f30d685e55ca	1127
3b4cfc07-138b-4518-b3c9-30136370ea1d	1082
3b4f05ab-881f-4658-afc7-ff708867ad20	1075
3b53e197-c382-4d5b-87ea-b3102c3b5be0	1068
3b55e4ec-c0b3-4349-b570-e6c0026dedd8	1068
3b589083-91ef-4277-bbf4-bafd90ea8f8b	1110
3b591989-10df-49ab-861f-223ac1ec605d	1088
3b5ae4f7-6ff6-4bf2-bed9-5f594cc1e998	969
3b5b9552-28ea-4375-95ee-0f2d31487c34	1137
3b5cffaf-42c0-47b5-b92e-31bbc0ab9379	1051
3b5f341d-6906-4dc3-8749-8167efc6b01f	1048
3b647035-2d38-4079-a848-a94bfbf9c644	1071
3b675c3a-92ad-4e0e-a030-c13ac72fc98b	1134
3b6edca9-9e65-4bd1-b412-7a9a74a35f2f	1067
3b6f7f9d-d096-47d5-91f2-5fd26afa941e	1060
3b75d3ed-69f9-4359-8efc-a809124d7f4d	1101
3b77648c-df7e-4c1b-8594-809276143a3c	1083
3b7bc9e3-c8e7-4bd8-b4bf-77aa52cd2b82	1038
3b7dbf2e-7a7e-4d76-9822-813814dbe3fb	1134
3b7ea6c6-6476-491f-b4b3-8a47360b39a3	1055
3b7ed9e6-3870-4bd6-ac38-b3b4294119df	1079
3b81a4ab-bf90-4ead-9bbb-a824114a6244	1049
3b83d9e0-a721-4e4b-8837-8b87b43f3bee	999
3b8bb1b2-076e-45fd-a9e9-25082dfaf78c	1070
3b8c96c9-521c-49a0-a791-f8fa1d2721bd	1073
3b9314ce-a6e6-4eaa-be29-4acda88d9fb3	1081
3b96f05f-9d3b-4d73-953f-96ac3087e19d	1057
3b991085-ed6c-41a9-b737-b76a7d5997c6	1128
3b9bf0f0-635c-4fc0-a992-7eceb26573b6	1138
3ba053c2-3078-4d1f-b334-24fd0530d4a7	1061
3ba1d547-a0a2-4334-9aa6-14d3eb1efc30	1076
3ba6984a-b2a7-4d19-ac75-6c5bf4f07e08	1051
3baa7c36-cabf-473a-b708-4f837c4dea12	1139
3bac1259-3164-4a9c-89b9-8f0f2e0e9967	1128
3bacadb3-c40d-4c51-8bb7-e44007761440	1052
3badb9a5-c2bc-46a9-beb3-7147675b327f	1085
3bae7725-4a79-46da-b49c-cba178e3a581	1084
3baf3189-23ea-4bae-8163-efb89785c7b1	1143
3bb0e8d2-03ec-4e2a-beb7-4da65cfba7e9	1135
3bb1f136-3aed-4b7a-85d6-d23867d80f6d	1133
3bb65b27-4ecd-4bbb-ac94-5a2c95701ec4	1047
3bba79fb-aeac-4dc8-b17e-409c386b47b3	1069
3bc269bf-5e97-479d-bbdf-bd4130160b54	1084
3bc2b9c9-6860-4a57-90bf-d8126d30b7b0	1079
3bc4e100-1b31-42bb-a9e7-012447e1c737	1067
3bc4e8b5-7fbe-47a5-8646-bcaf12360e02	1131
3bc4f5d5-42d4-478a-91bd-8c7a13d53cbc	1120
3bca0a36-9431-4c3b-8961-edf767951ecf	1079
3bd54d99-73d9-4a05-a0b8-cc5beae5fdcd	1130
3bd7e554-1d38-4c9e-b222-07d73daae584	1050
3bdc966b-935b-4fee-86e7-337db70fc9b0	1129
3be06b75-4e41-4dd8-9f58-70063ce35bea	1118
3be07fd1-5c3f-4931-81d0-a3c112ccddde	1055
3be15451-bcfc-4fa3-9962-86afa330856a	1139
3be17d94-6d62-4849-9cda-db9bf76cdf04	1071
3be3b102-24ed-4cc4-beb9-dc7d048fae66	1072
3be68365-29ce-4c67-897b-924666122c97	1068
3be8549c-278a-427a-99e3-961a2747bf41	1077
3be8dd7d-c7dd-495e-a751-8b0f1d8231b9	1136
3bec285f-5fed-4648-ad0f-0997d2481fd5	1119
3beff98d-9013-4d84-b5ea-d458cdcb0dab	1136
3bf83912-d618-4f2e-a3eb-45fdf83f2017	1134
3bf928a7-71bc-46f3-974e-32fc6d9769ce	1131
3c010712-ee02-4075-ab38-3a05ed4af249	1065
3c022596-8d13-4de7-bffa-fb57ab756249	1140
3c038c0a-2c29-4b58-91da-97244870f3c4	1049
3c0b5346-6bba-47f0-8b65-844473869be3	1131
3c0dc64c-229f-494d-ae2d-a7c112ca10a2	1061
3c0f0813-f490-44dc-9356-d4caa8390ed7	1129
3c0f1bb6-4ad5-4783-ac61-532fa441ac80	1291
3c0f2bf2-1524-4d71-a83e-1dc6fae3ca66	1119
3c0f601f-56f2-4797-bf39-48c380ec93fe	1283
3c0fa65a-ce72-4e6d-aeba-e036b0a00b95	1143
3c13e7c9-7096-4554-a9a0-c85ba5c79810	978
3c1d5e07-26d0-4b4f-8dc0-cb2e65fd836e	1070
3c23fa3d-e774-4e6e-b86e-d9785cc480f7	1129
3c2522bf-d4fd-4c97-9d4e-bb87a09ee40d	1075
3c29d536-451a-46d1-b1bf-c901a6ad6052	1064
3c2d2b4b-1013-40b6-a653-f48a2bd6cf7f	1122
3c2d65a4-e72a-411b-9213-925d3e3c8be3	1119
3c2e3307-66e4-43cf-9537-916b95034b20	1084
3c3864dc-9127-4264-9d90-a2d75102a960	990
3c3afdbc-0f66-488c-99ff-64e7d7cda97c	1128
3c3b3f47-5f99-4b9d-9caa-0c3d4449048d	1139
3c3c96c9-f031-4ba9-9893-87cbc2b53bc3	1894
3c443c0b-eb02-4eec-9c37-f9adf9126fd5	1131
3c454748-6be9-4757-b000-d7aa47816630	1128
3c4672dc-e030-429e-977e-d6893f80e6f6	1070
3c484db3-c3e5-4f2f-a96e-95fd07b615c5	1067
3c49d979-1879-413b-b44e-523ed0322810	1132
3c4b0f0b-20b4-46d4-98c0-356b4600a383	1080
3c4cb202-2df8-418e-a6b4-63be114a548a	984
3c4e971e-48d3-4bd2-a526-8d17785b4310	1148
3c4fa4da-545e-481e-9c4b-b1fea80019bf	1132
3c52a923-df3f-43ea-9d22-377a7c228330	1074
3c53c3e8-a0b3-4c6c-9d66-f2ffa610afe5	1073
3c56488e-7167-4d7b-a89f-15e899f03c2c	1092
3c5886bc-bf46-4b20-992e-63e7d6e467f5	986
3c5c15cf-ff1f-42f0-a787-699b3a11809c	1140
3c5d9522-635a-468a-abe0-8088932ee2c7	1126
3c5fc658-7c4a-421f-8a7d-b60e14cdee5b	1129
3c64b343-53e3-490c-9049-2b424d53ee4d	1136
3c759aff-a299-4faa-a8de-044915538ad2	1073
3c77047e-582d-4860-853a-aa909799f5bd	1108
3c787ad1-7098-4498-8188-c64b9820f07e	1073
3c7d901d-7095-4467-a6e0-029f34b227f9	1084
3c7f69f3-6566-46d4-b1da-7904faefbfca	1035
3c83d41b-d3a5-4f3b-9a9b-9899d6845dfd	1052
3c87dc18-560e-4456-afb3-744d4cfbf353	1134
3c89bba4-2841-41f7-aa05-91c818e03ab7	1112
3c9764b9-2e3d-4602-a5a9-2c3d6b348a81	1079
3c97d83d-e83c-4712-a9e9-8795532644fb	1130
3c9f5bda-0aca-4183-8854-10990191f4f9	1049
3ca0bb17-660c-42d1-b506-d84031aa5592	1073
3ca14d5f-68c0-4fe4-a5f4-d3785255ba19	1135
3ca5c095-e46e-45d1-9840-8eae641292bf	1129
3ca63c85-57f1-4c8d-8635-4c5a0b55e0d6	1125
3cac0953-0caf-42f0-80a5-2c3b6edb3722	1076
3cacdd78-dbe7-4591-aa85-b6b2a81273a2	1135
3caf24be-81e4-4d69-ae70-095fe0afd963	1077
3cb55b6a-a5ca-4007-8413-176a5073091a	1060
3cb619d7-b9fd-4ccb-9f2d-967ada416455	1057
3cb7733f-8325-467a-b9c4-8aac167ffafd	1073
3cb8e53f-880f-4fb5-930f-17c0d6fdaf9f	1074
3cbd3a1c-fbdb-4fd6-b3a5-9a0b083f5ffe	988
3cbdcef0-1c5a-4dc7-aebe-79f7812aca54	1132
3cc1e222-d93a-4559-b775-0b9160d03830	1074
3ccd5b86-5f75-4c18-9658-697a532bd094	1122
3ccdc522-3ec5-4b1c-9b9f-0a2679537da4	981
3cce1f94-c707-49df-bc0e-4a73a102f980	1104
3cd11a9c-f84a-4dc2-a3ce-5f5cc042f429	1069
3cd15966-15f1-463e-b937-12d1346c0175	1076
3cd1fa61-aa1f-43bd-a5cd-12fabf323b4c	1096
3cd8c8c1-b036-4707-9551-00b513b541f4	1127
3cdbc00b-a41e-45bc-af45-5d75ea09ffcf	1048
3ce16a84-2780-461a-9dee-309633118adb	1062
3ce415a5-2d3b-47de-9042-01ff8f9164c2	1129
3ced15e6-2ae1-4200-bb75-3a6475b4a3b9	1137
3cefa62f-8e1c-4a81-af20-5e7d72b82659	1062
3cf07324-e0c5-47a6-93d0-a7ce271cb94b	1131
3cf13979-0ef5-4a00-9e05-55bbc3dd5001	1078
3cf2fd6c-637f-4515-a0fd-106f25ff705a	1360
3cf396d9-ce12-4148-829b-e5af16b13784	1143
3cfad885-1036-4536-a7eb-0962f40f430a	1067
3cfb11bd-103f-44df-a33f-75d40be373d9	1122
3cfcd578-a3a9-4c8e-bfde-912268a94c71	1001
3cfd3db2-a3aa-46f7-90fb-04ed9b20366b	1135
3cfd606d-cdb9-47dd-8f6e-56294575dd5f	1124
3d0106fc-06ae-4aae-96d4-32ed1541b7dd	1123
3d0254b4-ca92-4545-92e8-d0707f91defd	1136
3d028254-d1ed-4799-ab81-d3a5a0a7af80	1077
3d02c91b-5345-40b0-99d0-f2d8c7e6291f	1124
3d05d8ad-0d7c-4cb1-b886-fd389b108dd7	1129
3d088c65-a248-4adb-a4b7-c9e568394a55	1133
3d0cde39-d832-4ca9-acc7-1b32cb7f32a8	1055
3d1015cc-568d-4f25-a3be-826cd5073f67	1077
3d11b445-bef5-4197-af6c-4d32ccc76894	1136
3d125fe0-45ef-48c4-8f2c-ace97c9285d3	1058
3d127490-577e-41a1-bf9d-c64fd44510f0	1080
3d222fb1-c888-4af5-8707-4d8d9be54d59	1127
3d27efaf-e59d-4067-99f2-41dfb72ff6ea	1138
3d287028-b838-4748-ba7c-ed12165cfef3	1017
3d29a7db-b02d-4ae3-b804-6dd4968a48c9	1150
3d29c9c0-42a0-44f7-b6bc-5bd2ce6e26bf	1134
3d2c94bd-24ee-4801-8830-2c06a6058200	1100
3d33aa70-4ac3-4cc0-af5c-c748d75fd894	1145
3d40b4ce-c90d-40f7-bc51-10948b27383f	1078
3d41b375-ba3d-4712-85ac-27b5d48cd282	1055
3d427b74-f6f9-40a7-882e-57d800d8acfe	1132
3d494fbf-66f3-411c-9e2c-ba557e6484eb	1140
3d4a470e-a10d-4925-90b3-c7a0877b77bb	1138
3d4b80c0-6e15-4635-95f9-5a97cdef5a33	1063
3d4d0ab6-085f-4f00-a6b1-d07fd12ebeeb	1136
3d5aed80-ea88-40b5-9b17-21090bcab275	1085
3d5c5842-d0e3-42ca-9b18-865bb8807b5a	1168
3d5cede0-c890-48be-aa83-c7583cc40398	1133
3d6218b2-25d7-4f4c-8e0d-b43e30af6964	987
3d671608-8228-4695-ab1a-81d96530d60e	1129
3d708e9c-d87c-414f-9d8b-cdcd49d95af0	1130
3d7118cd-5fae-4ad0-a8f8-30d92fe93240	1127
3d7199b8-6e55-4fbb-ac2f-e558a7ae3def	1060
3d77bfd7-c91d-4bd8-a917-aa4ff5e190ee	1087
3d7a8d6d-e292-47a1-8fd2-927614a33050	1047
3d7f573a-6cdd-4d86-bbb5-28a60cdbeeed	1124
3d84b851-4968-4fd2-ae90-7827e04ec48d	1070
3d87492b-3927-42ed-ac39-d74a9e9addd6	1144
3d892f6b-f564-4116-a3d5-e4f06447f61e	1113
3d8ed10d-7a45-4924-9459-15ed9b24aedd	1080
3d93524e-c144-4cd4-bfa3-01f526e89ee7	1079
3d95eac9-6ce3-4839-9c8c-6c2020427e1b	1074
3d9d1097-cf05-4a30-9281-69b6033d07dc	1049
3d9d95f5-c5d4-40fc-a2a8-abd506091e99	1072
3d9efa34-9fb9-4330-998d-8abc6ffa75b0	1112
3da3e857-a1eb-4a56-8843-725df940e088	1140
3da4caaa-ff12-4b10-bb3a-44e7f7923d54	1074
3da70ba4-ee6c-467e-aa29-1fa1782010d7	1056
3da7fc7a-c4ba-47c7-bd79-c90308b6627e	1146
3dadbe76-6fde-44aa-a0ce-583c5b552c74	1137
3dadfd0f-fa51-45c0-890c-a81401d5017f	1075
3dafe078-14b4-46e1-a633-3750fde26211	1119
3db2f65d-27c6-4263-96e1-0f8fd1ba9826	1133
3db49be8-946e-4dfc-9157-d9a72e7bb15c	1128
3dbc4532-d5d0-45f6-af9f-8b81196b6e64	1061
3dc2fa20-14e1-432f-8bd8-cd14a78549ab	1134
3dc65487-a2a3-4763-9f51-c7d9dc35e1e0	1076
3dc7c6a6-ee3a-4792-9f4b-a4c7823f064b	1129
3dcb97b7-5590-4ecc-8608-56bafd008746	1134
3dd76d2f-edea-4afe-b2d7-7cd641749895	1091
3dd7fc93-0499-4e28-9029-d3d484a47e8f	1003
3dd805e5-5fc4-429f-a29f-73477c7d512b	1080
3dd9e11e-b5c4-4fcc-8f6a-4f2143b3bdad	1103
3ddcb15f-bc92-4415-9fe1-562af12cc1f0	1091
3ddd57aa-88ee-4d3b-a32b-5566f173154e	1139
3de08676-bc2d-46d2-8027-24cea72fe52f	1137
3de0f4ed-547c-4b9b-abef-5f760a331fa6	1007
3de333a7-94d7-4eee-8571-f7ed543ee4ea	1043
3decb463-b2dc-4508-8476-99429a755822	1053
3deed220-28dd-401b-8ad6-52102958f9ac	1142
3def9823-9bc4-4bae-96b1-1b7d0b66d80d	1074
3df0f6f2-a833-4f8d-ac5b-f7729759bcd1	1050
3df1b61e-ea68-44a0-bf82-40d684b5f654	1132
3df4b56c-9489-456f-b36d-f369ee410401	985
3df74780-49f3-4ee8-8851-a66221ab45d2	1095
3df8d91f-77bf-4a30-85ee-c01c6dfbd14f	1132
3dff44d7-90ed-45ab-ae43-b72963b711a6	1086
3e039d41-9cfe-4500-943a-6b21b4ff83f8	1136
3e075fbb-c104-424b-9e5b-5b50465e6e92	1129
3e080f16-6199-4a8e-9b68-46c2005ebede	1061
3e0f130a-a8b9-410f-aa09-74744ac76a27	1067
3e16c8eb-7b4c-4882-8f4f-041c3f0b5cf4	1138
3e18c1e8-4655-465f-a7f2-305814c273b5	1135
3e20f7d2-ca9c-4f87-be33-98f83b6d476e	1072
3e21509c-ff17-4649-bce6-83c61a3fdbfe	1067
3e22947a-bd69-4456-9fd5-06750277a444	1072
3e272673-67eb-4518-9c72-f3d3a75dead7	1117
3e29a05f-9aa3-4053-ab7a-1ffecf475555	1102
3e2a1c1a-2bff-4989-a892-ccdc7cc11505	1068
3e2a4db6-a5e8-4277-9c2a-f543b361993d	1120
3e2add13-db99-4599-9acc-4621bfacb18c	1148
3e2c8dea-7f3a-4fb5-b32f-a2b56858fc16	1124
3e3175bb-bac1-4f4e-b14c-5d7650084eac	1140
3e3390ea-5264-4f17-81f1-611ebfc0220f	1078
3e33fd5d-59d2-4830-8205-a0ff06a7cf27	1063
3e37807b-4680-4dea-8e76-efaec4a13a80	1120
3e3825d8-f160-46aa-952e-2b87b539d4bd	1062
3e38de29-05fe-40c4-b799-5120ab559c2c	1155
3e3dedfe-3e14-4fec-a2a0-44369b6b3f8a	1135
3e4255b5-2061-4d9c-9283-39254cedb463	1076
3e45d4df-3836-49b1-a6ae-8fa0aee2e36b	1068
3e49ca92-6123-4237-b2ed-21c61d5a2761	1073
3e4aa2d7-274c-42b3-8551-0d4af4f6efdd	1130
3e4e0fad-e2a1-4894-9406-c115eefa2763	1145
3e53556c-d75d-46e5-b6f0-5a16243f3eb6	1089
3e5f21ff-2564-4c32-b578-18a087a93fee	1135
3e5f4798-5b8b-4a24-8953-b1496d648649	1071
3e6da587-9fb8-4245-85c4-ea4bd47765e6	1054
3e6e35a4-487d-4ded-b35a-a2aae808d870	1134
3e7792d1-1018-4b23-ac57-1b7bad53e4c1	1119
3e77ffb3-3ea2-411e-af3e-18a4307414c9	1128
3e7b4789-26c3-41cf-970d-bc981efb0831	1004
3e7c25e1-06b8-4292-9eaa-f019f3b2c0af	1151
3e8751bd-3c1b-4753-8f6f-3bbfdc64e8dd	1051
3e89a3a0-d42f-4340-b4ae-80c611e988e8	1121
3e8cf5dc-59f7-47f4-9c47-b107cdbb71b5	1134
3e8d0b73-2e6e-4440-9969-4969e716fde3	1108
3e9618bb-3113-4449-a10f-25796483930a	1075
3e9ead82-7dc5-4af6-8365-502a55fdc63a	1061
3ea00ffc-5c39-489d-b040-87f6a116c742	1139
3ea4dbed-efcb-4c5a-a96c-2b1edefe61a0	996
3ea54a68-bcf5-4bba-8990-e689098bf50b	1071
3eabc706-831c-4c1f-b0c5-36f8f015e939	1136
3eb34890-d5ca-40dc-b825-d225b497c146	1070
3eb48b27-be6b-40f0-8e3a-cf3c4f876586	1061
3eb67dba-f59e-433a-ac78-3752018e1b27	1050
3ebc23e4-1dc3-470c-a07e-3092ca9b3bb2	1081
3ec211a3-fe7b-4c39-8439-4a9826caba53	1065
3ec3cd49-1b23-427a-bbe8-647149bbb2d8	1131
3ec51e37-3d21-48d4-b200-312df1154cb8	1115
3ec79e67-7db3-450a-bb00-658477277f34	997
3ec7b316-024c-4eea-956f-53ec9e6eabeb	2140
3ec85d7a-3dcd-4ad5-a7e4-2a44018517a3	1078
3ec90981-72b1-4e8f-9201-b66815aac72e	1119
3ed2e144-f312-4f28-8a5e-20faafe71043	1074
3ed6ac22-bdc0-4976-89d9-aa8ad355b368	978
3ed6bfed-a21e-4638-8a47-a3a2b44529bc	1134
3edd8cac-6c00-43c5-9fb5-cfe51ce8f428	1105
3ee91f4c-6bb0-414c-9749-80a8006a38f7	1072
3eed9150-0726-4510-852d-e396ecd3ceb4	1081
3ef0a72e-ff45-4d38-bfed-946737c75d17	1137
3ef13478-cedf-4127-b984-084c548a9a12	1044
3ef39f80-80ff-44dc-997c-5ae513c8990f	1080
3ef9be41-b46c-4bb2-a29e-a5df3b8d7260	1140
3efaaf7b-8c67-409e-ade5-b7198c02a4f9	1073
3efc46eb-4245-48f4-b7e3-1ba34a5f1c22	1063
3eff2fe4-6ba4-4e19-ba58-491c615c525b	1075
3f02da64-9578-4b88-a8ad-9f77ac3036d9	1078
3f0d849b-113e-4406-ad30-99c2897dc537	1059
3f0e4e30-b67a-48f2-9b02-2d2962578992	1128
3f0fcafa-37c7-4020-b6ae-aac199447347	1075
3f1478eb-0dc2-4035-9c5b-2203c8e998ad	1047
3f15a802-a965-4697-9219-0a9609e35fc1	1124
3f161570-89bb-4f74-8198-0bc2fa2b8226	1073
3f18d546-6ce4-4baa-8a4a-af01df994806	1130
3f18d9a2-9d8a-4a52-abc4-8f47aaa26d24	1115
3f1ecb8f-94cf-43f3-882f-fa2f87da98ef	1115
3f205d44-e252-48b3-934d-542946394c3a	1133
3f21b0fa-9330-40e0-967e-dd0f964c378c	1120
3f246c1a-975b-4ba2-834f-00529e181e82	1084
3f24ac23-fed4-46fa-a8a0-42cc8cfba382	1136
3f271a0b-6590-4e96-9711-fc7716fdbd79	1048
3f2a3334-c0f0-4586-b06a-e8d4e1eed430	1125
3f2c6a37-f526-41f6-9650-cf978979c415	1118
3f307ce6-b352-46ff-9e39-2533847101e3	1068
3f3633fd-fedd-4e23-a7bc-150e20b93be5	1126
3f3fe25a-a688-41bf-a792-c0cdee077cb4	1078
3f42621f-bb1b-4f94-920a-ff52ccb333bd	1071
3f432fd1-eec9-459e-95d8-5b40eb761f2e	1135
3f447653-bbbb-4d08-90ad-f99d5056c98a	1133
3f4563d1-edda-4c9a-9332-a49399893994	1074
3f4ef5ab-5a6a-465d-bb2b-3ad51a6a4942	1121
3f507240-f458-49a8-8c50-568fd4b1e75f	1064
3f53618a-ff91-4854-b076-24370e8c6b68	1078
3f567830-7b8e-4fff-91a1-131d2773a8f0	1057
3f5789c3-c741-4962-a395-e3de4de737d4	1130
3f5913da-d7b0-4777-978a-91a73cfd15ef	1135
3f5fbeab-99f9-486c-a215-1889f9563cfd	1072
3f6324a7-a2b6-4ff2-9cae-c3692211a8f1	1126
3f66c04a-ab9a-41df-9ab9-626e0b5fa08d	1065
3f6a6308-fe86-4c69-85ba-b95eb67c4e94	1127
3f6e1877-fdd8-43af-a8b8-d0f2b4350167	1078
3f6f2aa0-c303-4140-88eb-d215ac45e92d	1084
3f7149db-9427-48e0-9095-f6e2423c0f3d	430
3f77334f-fd0e-4b62-beb1-658ba8c1a070	1071
3f7debe3-40a7-4b91-a359-7777d89627eb	1120
3f80845d-61be-4f29-9af8-5964d3422f23	1068
3f81125f-a27f-42c0-9dde-5cbed0f18960	1138
3f84c24a-1eba-45cd-ab9a-9a295372f413	1076
3f85fe5b-246b-44ea-9869-aeaa8005f555	1131
3f8c7491-9d96-40e1-a07e-22bda968e4f1	1112
3f8dd3dc-6f86-455c-83fa-def663238882	1115
3f8efcb6-945a-440b-adc5-a5fd0e4e38a2	1131
3f945e74-d7c3-439c-9c1a-1d104c97ab5c	1139
3f9dd83f-e8e1-498a-80bb-05b51657bbeb	1137
3fa5b5cd-c20f-4216-af2d-1f9860625151	1077
3fa6a115-b005-40c8-998f-063b8c9be0ba	1133
3fa7df24-db5e-4a3b-bf03-00a181adb92c	1066
3faaf764-ab8d-4df5-bd09-b740f8cfe055	1074
3fb1efa8-d86a-4a61-b81c-b2988e664f72	1074
3fb2e796-ab7f-4f64-b6bf-5a253b54cf4a	1124
3fb9c7af-11a5-4504-b0c7-698861e778c9	1058
3fba5bc0-a871-4b15-b088-38941157c0ee	1135
3fc253f2-74fe-4794-a843-96db585ff86e	1134
3fc27ee0-eb6c-4fdd-a17f-2e5f076da48b	1071
3fc6aa65-cce5-4ab9-8d5d-720dc33740aa	1132
3fc7898a-c392-4552-8b03-54acdb6dc0cc	1042
3fcce69f-483a-43e3-b4ad-f0938187bc76	1125
3fce8fa5-f27b-493b-9568-d7791b89f3f0	1048
3fcfa20f-57a4-47b6-b437-536cb9cd99bf	1132
3fd04d08-4e40-47eb-b3b9-caf1ee52ac00	1128
3fd58cf0-f510-443f-96b1-1b351572e078	1074
3fd6620f-94a0-490f-8e29-5a30c1bafe74	1076
3fdbe221-12d0-456d-8c37-720070a263a7	986
3fde9c73-a9da-4064-bffd-6ec02e6270a7	1132
3fe2a608-2030-4800-8f99-ff45e4f2765e	1135
3fe411d0-fea3-46ae-807a-aafc7177fdb9	1068
3fe50ef5-4588-4869-9edc-bc3ef4e51e45	1133
3fe8defa-322e-4d0a-a3da-230535d0e684	1046
3ff09c1f-ded3-4780-92ff-11a03eb4f7db	1120
3ff2d9bf-354f-4cea-a630-44ded643b2f7	1074
3ffa15c7-c1a9-4b7d-b55f-1c8f30ad5a5c	2033
400379da-bbbb-4577-8ccf-27a37f169bd2	1071
400463bc-78c6-4b4a-9eb9-b6b27552b57f	1076
4007618d-6e6f-4b22-b1ce-d07d0fd2a1cb	1074
4008fb87-9048-4c12-9152-7a8b911bf429	1057
400a8d88-29da-467d-8c1c-8ed911ce9f4e	1139
400aeeb0-6430-44ee-bd29-86f26f780cc7	1112
400e9a75-9a65-4e18-8fc0-96a8daa9352a	1132
4017477a-35f5-43ec-b8f8-3fe6fb6c11a6	1118
4018a2b1-d627-4e3f-9b2b-d5034801d744	1145
4018d315-a7ab-4d58-95b7-b7db5a176178	1078
4020fe63-03f7-4ac9-ac00-b8ce178af26b	1041
40250ef7-8d0d-4291-8b80-084872e81ab0	412
40260f10-5c35-417d-892c-8d2ba879bd29	1046
402cdcef-db2f-4101-a8a2-58030715e65f	1138
402da6b5-06c4-48d9-b9fd-6d2797f94613	1114
402e0938-35c2-4d5a-b4d8-7071011df148	1134
40307635-7d4d-44a0-b2c5-1c49c583fd4f	1079
4030a69c-cab9-4772-b5cb-d2e042ec03b6	1122
4036214b-b9d8-421d-934e-28abd5807a95	1069
4040313c-16ae-43e6-bb73-59b32fea28d9	1067
40464557-5d10-41ed-8767-12504b32af0b	1132
4047b05f-20ff-4d31-862d-619fd62e7ae6	988
404ab596-cb1f-438c-b183-85ac9fb73f6a	1133
405271f4-528c-47e4-94b9-e8bf119e5373	1077
40534186-363c-4ed0-9670-883be4011306	1137
4056997a-c322-442b-8e7b-2896e826cfc4	2043
40586588-c34e-40f5-a4b0-b4e83b004b53	2075
405878b4-a215-463e-9c70-eb3e863f19db	1124
4058f973-962e-419f-b183-55fb10e5f47a	1083
405dd012-44e3-44e1-a85e-813923ad6f74	1140
405f53ed-7ce3-435a-bf62-ffcba882921f	1125
40658180-abe0-48c6-a15d-93836f4f0dee	1047
406ba4cb-13dd-4e56-81bd-2e684dd4e062	1081
407068f5-36b8-4a37-9382-c7f15a65fb2b	1069
4070f15b-d4b5-4ac7-b370-417531056822	1134
40738033-d2ca-427a-96da-ad438e8b423b	980
40758033-17aa-451d-ae43-fe50ce56308b	1079
4076fe4b-2939-477b-9b86-593e0d7096ee	1120
407746c2-d3cc-4ff8-95e4-bff03027a075	1138
407b007c-6c22-4506-95a7-06f4eeab3235	1147
4081e88b-ce7c-4429-871a-22297be93222	1066
4084a6c6-ab2c-48e5-834c-8454643b6e7f	1132
4084ff65-c521-4afe-8e14-f3afe6cd52ee	1130
4089f5de-48f3-4448-8501-f998056bd0c9	1121
408d8674-2d59-497d-b886-0cf892c152b5	1070
40925443-88ad-4e70-a57d-4fd5481b8225	1018
409af72e-c933-4f80-bcb9-657af9af4677	1134
409c6f62-0bb4-4b80-9ce3-11077c2edef3	995
409e49dd-2a90-4d15-b32f-f83242b7495d	2102
40a03b73-6b26-4e13-9a47-e2f319be2935	1044
40a14e19-16a5-45d1-b2a8-202fb48e2ab8	1150
40a66b2d-5f5e-4ae1-9b8e-25d746a9eb91	1129
40af2e58-e50b-410c-8c8b-c860c7723d37	1071
40b007c5-61c0-4544-a659-02f680b04aa5	1086
40b11931-72a9-4e39-9697-1523a0033660	1072
40b1baea-19a8-450c-a424-2003240a7c0d	1114
40b9d49b-3750-40ba-a46c-cc13e5dcef1a	1136
40ba8de4-362c-4d20-be5e-7f72c612a622	1060
40c07dbd-6151-4ebb-8105-49a0fd47c157	1134
40c2932a-4232-4837-a1be-14270b907412	1056
40c42c9b-1f92-4013-8de4-ef27aa5859d6	1083
40c736ed-1e60-4a06-9ad7-cd25eb18d9d9	1079
40ca9e22-ec78-4447-944d-f59538ef28eb	1127
40cda282-e96d-445a-9a55-ef57964f3fd8	1079
40d0c268-c9fe-4dc8-b505-8405b463658f	1079
40d56d39-2f4d-4196-bf27-5959c6fee7c5	1066
40d69841-f455-4dbf-a652-441d96219594	1055
40dacab1-5649-446f-9620-88218c2ddd47	1117
40de3828-ad65-4d28-ae90-0d46aefb41e4	1077
40e00927-d7cb-4bf6-a720-5d6ed36dbcdb	1123
40e0a7b8-1006-4a6b-b684-235917170919	1073
40e67aac-0f18-4273-8128-6f14c2a53b19	1143
40ea2996-f603-4faf-befa-bc21f7c6eabb	1069
40ea9c41-55f2-4da4-8a7f-6a23352db758	1113
40eb6488-f1d9-4c8c-87c4-0a71dd8ed0ca	1134
40ec5e95-d39c-4253-b9d3-b3343b5e36a5	1068
40ed92eb-b025-45bb-a1c7-e41bfacead06	1048
40f41a91-af8f-46f5-bcd1-0481e39e7648	1125
40f58cc4-4cd9-4efa-a3be-2fd6c946493a	1125
40f86279-2a62-4a10-bb99-f4fa2bbdae4b	1116
40fa5128-9ca0-47ff-b67f-d2859e3bd5d0	1136
40fdf8e7-3a1e-411c-a18b-b5c6d0969fa6	1322
40fe24ba-9a1f-4f07-826e-826f957a9903	1117
40fe7685-d624-4e31-ab2d-3bb6f6c4cc2f	1129
40ff6e96-6113-4a4d-8558-5bbdaef6b4d9	1138
4102dfcc-d2f1-4788-b3f7-4f717f7ee82c	1063
41039d37-2804-4c55-9b30-1af5613c31b4	1138
4103c341-5b1f-435d-8af6-a4be1d57e829	1077
41042f17-1624-4215-a676-73030e9d1314	1052
41077147-efa7-42b8-9e01-71c306c9fbf1	1042
4107c584-20f9-43d0-8646-f7a2c97095d6	1133
410f7e59-b998-41d5-8d57-1e42374de77b	1071
41172ea1-1701-4bb8-97aa-2694a6a927e8	1072
411a3906-d2de-4c2f-95d0-d2aa4f02f1d8	1112
411c8ed0-764e-45a1-bef4-367da0e79e3b	1072
411e0b84-7744-42ee-87fb-0bd3f3a77c9f	1126
4123130a-f029-4a28-83e4-41533f0e6ccf	1048
412b5813-98ee-4736-91bf-4c462b927ca0	1129
41358d43-52f6-492c-af69-92f62bd086bf	1070
413931df-ea4c-419c-ab27-e2bed38257a3	1133
413afda6-c48e-4b07-a042-5f46bc7b5075	1074
413fb515-71eb-4ddc-8a58-ef874db4b1de	1072
413ff5c4-957f-41be-ad9d-27efe27b04d6	1084
414092ae-3fb8-494e-904b-7cb1f91e02d4	1093
41544cf5-4689-41e2-b261-d397e38e2a4e	1076
415473cb-d0ea-41df-a504-1eeb8d1171b1	1140
4154849c-5723-4aea-b5f5-73f978762e23	636
4154c6ec-867d-4145-9c5a-77ca6320eab4	1043
415c3727-6755-4bca-83d4-2cf80e729c83	1078
415eb22e-382a-4dc7-9c8f-01ae350c4885	1076
415f9012-7562-4462-ae4d-4d5de628b893	1135
41690cc5-63b5-46ae-b8dd-2e74dc761287	1133
4169228e-eb45-4128-9192-ce823710f13a	1128
416ddcaf-1def-405f-af50-e5e5244f9783	1046
416e88a3-6cfb-4cc4-8bcc-979db0bf964e	1168
416eb4ce-f820-421d-9d68-27adbceb9621	1129
417b5031-acb8-4d52-ac78-44801a0f3d16	1073
417c1051-95d8-438e-8250-86bd8057540c	1134
41833709-5d97-40ea-8e3e-fc84f24e29a1	1135
418614c7-35cd-417d-8ce2-da116146a173	1129
41870cc5-2893-4d7b-959b-56dfff9db28c	1137
418bc5d4-0d0d-4a73-964d-6903269dc998	1209
418cab96-f926-4947-b88e-de69905b7a16	2170
418e54cc-2af1-4580-9891-e4cfc7cab407	1066
41967857-a6e5-4bb6-8118-c33110808266	1384
419ba496-58b0-4fed-9f27-d434fe5a95f7	1138
419cf2a5-2de6-492f-9c98-85617a548b77	1063
419fdf7c-d951-4535-8fd3-10e4aa032e77	1130
41a03845-696b-48cd-a327-577b56ac5096	1133
41a4e739-84d8-47be-9c3a-77b049351388	1071
41a68ab9-31ad-4540-8a42-8f0f91157b41	1045
41a6e4b6-5c37-4901-8142-7953b307595b	1077
41a7b2cb-aeaf-43a1-b736-30b12ba8c6d7	1124
41ae090b-71c2-4262-94e4-b20174f247ef	1134
41b65876-4927-4c49-a83d-c9e72a2d2240	1067
41bc3195-0f46-4707-81b9-6ebd22e246a1	1104
41c600ba-f118-4ec1-a911-064d0bc4f349	1139
41ce233e-2856-46d0-908c-71775374b8d5	1041
41d771d1-0853-433c-b319-f6ab3c1d093c	1134
41da5f41-cbb5-4c19-9ccf-618cbb102a3e	1074
41ddcfcd-8eac-4bb2-8fcb-d0b5bcf4c845	2164
41e6a288-2bd2-46b8-8489-7f5d6c7bb16e	1127
41e6ca17-5ea3-4e54-8840-bd953561c669	1070
41ebadb7-9287-4f09-8598-ec4984beb817	1138
41f4dcec-1823-44ff-8a67-c8ffa0ff7c4b	1064
41fb58ef-a4bd-4654-a8b7-d51cc2e08db2	1057
41fbd0be-3183-4f69-ac66-215bb23a9431	1088
41ff8866-4ccd-4cf0-b8b6-629ee1a19bed	1052
4204c7ea-910c-49ed-bddd-ddb124c5c702	1080
4207b0d6-addf-4e7d-8c6a-b348fe91bb7a	1096
42102886-80d2-4758-a6d6-c7a6d0b5967b	1075
4211c73e-235b-4a5b-b15f-b24f80f11f86	1124
421260c5-a8ee-4318-b36e-f3cf7220c1d7	1069
4218a431-0cbc-40fc-90b3-f6f406a50395	1119
421d9e98-21cb-488f-8412-f8de200b17e8	1069
421ee258-bfb5-46c9-8d91-39e76458f6b9	1125
42242273-ecc4-46d5-9080-b232d91e7a6c	1076
422464ee-aa50-42ff-8954-73a8205c5cea	1136
42272688-6c1f-4843-a2c7-2c209570b785	1006
422bc66a-8764-4e37-9b4a-dc5ebfbe4c8e	1134
42315915-fb74-431d-905b-074ede2c1d08	1137
42317942-2b2e-4bd8-861d-b63142797ab4	1133
4231a62e-fc83-42f4-b4a6-cef179bce0bb	1072
42327cf2-fb90-4bda-bb45-ac81a3d715ab	1133
4232e473-fd03-4c14-ba30-939adb027fcd	1219
4233fc30-860e-4a4f-b01f-ee61719e0518	1134
4233fc31-6b67-4723-a534-0233de006626	1135
4234f704-d939-4d78-9c72-c7b4e20d248c	1111
42361a13-d743-40f5-a6d7-6fa02d726092	1074
423d0728-3438-4f3c-9634-d89e7ee97c80	1144
423d28a0-3057-47e9-8da0-76333818dcc6	1143
42471461-7055-4c05-a1e4-934be7e8b210	1140
42474f78-4418-4e76-975f-974a507178dd	1063
424d3b18-704a-46e8-94f0-f76c56e65231	984
424da936-db4a-4056-9fdd-82c651a0441e	1063
424dee0d-0f12-47db-aa0f-4958c41c7867	804
424f99ce-c8e3-449d-ab91-e8a36be05602	1029
42534ce4-dc57-435d-ab61-cb9a968e504b	1156
425401da-51a5-4d2c-926b-2c46840615a1	1078
4254376b-6985-4378-adf1-33d836fdcfcf	1076
4256c6bf-4c48-4b5b-9d16-b6ea8cccbd91	1138
4258a995-7f81-4ec1-84e3-093bbff46486	1135
425ada95-79a3-4200-ab66-09296700937f	1130
425e1061-fe19-416d-8031-d9233e653844	1130
425f20ef-7076-4f97-b928-b12ab602c914	1125
4262c7b3-f265-4690-aefa-bde5f8a89528	1071
426398f0-e72a-4418-9498-c272e5404f8e	1056
4265b863-c65d-484a-b1dd-1d100125ce9b	1130
42675ca7-bb02-41ab-80ac-fc16b8c94e6a	1134
42688a8b-8511-4333-ad74-dd31f12c23d9	1127
4268d196-11af-4198-8b62-590329b909c3	1124
42695568-4737-45b1-9657-a4ee0d6891f3	1075
4271ce08-6d31-478c-8fef-8183f88308f5	1129
427459a4-6890-4443-bd5e-6b87ca4fd81a	1133
427ad23e-682a-4d9f-abfd-0f0445d5d569	1150
427e3794-7dad-4110-b81f-e857467256b7	1127
42804014-7fad-4a26-a1da-ccc696c20756	1104
4280f673-823f-4f05-aa67-dc35d0d9f931	1046
42812b08-53e1-48e1-91cf-2265a156f59e	1043
4282dce4-c34a-40f5-aba4-e678aa3acea4	1133
42888884-f86b-4329-a108-bd5007fad5e6	1099
4289c639-56ed-4cae-a345-afbff4bf975c	1057
428d6ea2-cec9-44a4-894c-2244a5ccfd86	1099
428e7f2b-5321-421c-ac84-8ff24b934de1	1075
428eb8fa-0a17-4c92-ab13-b14e1650207a	1060
4292f3c5-a349-43e1-aeee-646faf8f312d	1078
42936a8c-eecb-4d91-accf-125ad7f58763	1067
4297a8a4-02a9-492f-ae87-c4fd620d92a7	1073
429997c8-f2c0-4799-8f01-6a86a94d6d5b	1125
429c3885-f091-434d-ba8e-29092b88e3ca	1077
429d1113-9dbe-4880-b93b-7f87ccdf4432	1018
42a0f090-8bc1-4168-a977-c6e136efc4ee	1078
42a0fb16-edd4-464a-b8fa-cb0a38f1248f	1117
42a21b2e-e86d-4c95-a6aa-b80b1cd2f73e	1131
42a25db2-631a-4632-98b9-9d8df23d55a9	1072
42a2a4bf-1cf8-4a26-ab99-30ff53e52d19	1134
42a77a81-911b-43ad-a28b-7db5ce83bd01	1077
42a988b0-6b8e-45c2-9aa3-5626717a0518	1067
42ad829b-5144-468c-ab78-d74f4ef2d357	1067
42addee6-9060-474c-921f-137497d9e9cd	1061
42aed842-af4a-4ff9-9093-8b262d9154f5	1133
42b165d0-07cc-4d52-b70f-5a09b0bcaa43	1072
42b35e49-6e4c-4832-8304-d56930991f66	1063
42b3dfbc-921c-485c-a487-99475da9b7cd	1140
42b82680-b0fa-4ec5-a7a9-ea845f8b098c	1138
42c1325a-ef33-41c1-8fc7-8d1b0f6070d1	1080
42cf95b8-d064-40df-8d19-6af6726c9d70	1122
42d461ad-0337-45c3-8a7f-e54f3cd09346	1131
42d59298-190f-4d30-981e-b4b1680fa1e2	1081
42d73b32-ee6b-4820-a797-743014277219	1116
42d74e55-de05-425c-b44c-e08d2d86fd2a	1084
42d92987-9dd7-435c-93d1-20a54bf83a56	1080
42dbb8b0-b214-4cc2-8fff-9d5b7f834ab4	1078
42dd50b2-67c4-4b89-ae5e-8fed14ca9a28	1126
42dfafbe-9328-4055-bb35-51e7d5bb3c9b	1126
42e17651-5872-4f34-94c7-3134edf009a8	1124
42e20b4a-547d-4a9d-ae17-e72f041a2d40	1077
42e789c7-b850-4ab2-8372-999758d91934	1073
42e92085-4289-4e5c-8903-14266eb65870	1135
42e9b653-0be7-4d35-9c6e-e52686bc9941	1070
42eb76a4-4dc0-4394-b388-15f1c8ab3f55	1048
42f98147-e530-405c-9e72-63e9981fee20	1050
43008acd-aa49-4097-8a4f-9ae481fd9550	1124
4308d3a5-5f0d-43af-8c33-840e3ee33cfa	1139
430a0f8d-254e-4e91-b03d-412699b19301	1063
430a8ec7-206a-4bf1-8c23-840ef089e723	1068
430c48ea-68e6-4711-b0f5-115182fb4bee	1120
430da56c-9489-479c-b76f-17d86f40372e	1141
4311a0cb-8b64-4a2b-98e0-f91f056a02cf	1142
4313ff3d-684c-4b07-b63d-1d3d3163aa35	1139
431411df-cd7e-4001-afb8-0c942dce3baa	1076
4316e2ed-1b97-4d93-acd8-22a275e2b851	1078
431c2b5e-d827-4e7e-bdb5-51988ee6ac55	1072
431fc15a-522f-4c5b-a795-0e141ea0c8ad	1141
43227bc6-3001-4f58-bb57-2b82cf2f1d29	1081
43252cdf-809c-439a-a354-04429abd313d	1079
43275dd7-9468-4d97-afdc-3195edacb98f	1130
432e31c5-3866-4882-92e8-7e48a74e8b9d	1136
43306302-9ec5-402e-8e62-666ae12810b6	1030
43308c15-658c-4fc1-b945-61c56df5f91b	989
4334ea5a-5ce3-45be-bbb6-3a626dbe829a	1145
433561b8-4950-4ebb-99c5-82c111023650	1074
4335c913-8e96-417c-8609-ebe591a5d2d4	1062
43366753-954b-4f1a-863c-484de88f2b6c	1132
433c9888-f8d5-4ca7-b8a5-41873bc266c5	1073
433f4447-b2d5-4955-8f67-7133104b2a87	1067
4345b04f-d4e5-4fcf-b661-d7b091772eb0	1077
4345e2f1-3c44-4de1-9985-9270cd33d31f	1144
4346e203-5fb4-463d-a619-de8d0e6a9d7d	1090
43493002-a354-4997-9049-ef6d55c3955f	1138
434d1cf0-dce2-4a02-8071-df0e975b7f65	1073
434ed0fe-c3bc-4373-a899-d475907a5010	1080
43509abf-f40c-4dbd-a010-7b5a63450dc4	1129
435225dd-c640-4cbd-b6e0-ceafa611075d	1128
435e0817-5a44-44dd-b3c6-0aafeb57b58b	1059
43605fae-ffc8-4e0f-bd80-6fa84d75dc37	1118
43619eaf-8746-451d-b15a-c097e00451b2	1072
43678a6c-37d4-4726-905f-c0b929f24480	1135
43680397-a8bd-4f63-97f7-f84ec923c2f2	498
436aaf74-2998-4282-9b30-192a19a0cd10	1039
436cd415-a713-48db-9ff9-5616cb109ea7	1121
436e7d6c-9d5c-42e7-aad4-160151dee311	1132
43702796-b35f-48d5-8d88-86f182a60518	1094
437297fd-0fde-4576-838f-95b599a6eeee	1060
4374ae2c-9f66-41ec-9377-419362c6728d	1078
43757050-cddf-494e-ba4a-30c1de5636cb	1076
43777f53-db9b-4a04-8783-5bd788c0b5c5	1072
4379e19b-d3e6-43b9-8045-bb197b89969d	1135
4379ffcb-c3ea-499c-a8de-1cbe0da8b0ae	1092
437b0d9d-2572-4364-97de-cdb7a973e02f	1071
437c0640-85c8-426b-9439-4e113bd4b541	1136
437c88c5-7152-4347-a079-6aae08fc0640	1139
437cbab3-8739-470e-8d56-de58fb1cb846	1078
437ef1a1-8a6b-45e2-bfec-13cb72ca9645	1123
43802368-17a1-4984-9073-b93ea9f7d083	1071
4381098e-8d55-41c1-8927-b7d4f61fa3f9	1123
438643c9-4a8d-42da-90bd-aaba528438c5	1132
438c2508-8f13-4063-afee-57152abc3d20	1139
4394c7da-46c7-4c91-a87f-99b7ad030ca3	1118
43990ac1-94c1-43d6-a180-3b317e9a6267	1124
4399ca58-a40e-452c-a147-662bf13b3791	1083
439f8c63-b970-434b-9faa-4038c3184523	988
43a1c82e-6044-4c8c-adf9-79e0892a3682	1137
43a72971-c380-44c4-b740-52aa0d0c8c6f	1136
43a8e1d0-6059-439c-a0b5-1d4b724c91e5	1072
43aa0061-5ddc-45d7-b0f8-63171021bbf7	2048
43aa7066-9569-4497-886b-bfb52ef428f9	1073
43aaf5f7-07ef-4f56-b6a1-fcb9da5b018a	1116
43b18c39-a7f5-4d2e-907f-a57f3e9375b2	1002
43b9f056-8d65-451b-97a9-e15e601114ef	1104
43c4aa67-5ff0-431f-af2c-d07d18563e24	1135
43c4b511-6f79-4ea2-bd8a-edaa6bbf5e11	1071
43c4e96f-9da3-4902-9128-0953c1d1337f	1136
43c7a361-a332-4221-b952-70ebcaa1fe88	1128
43d10cfe-8154-4044-8211-a43e42e5b930	1074
43d20635-80b8-46a7-886c-a3f91afeba28	1067
43d23491-a56e-4737-aa9d-3db9578ddfd1	1132
43dc3176-3507-454e-a10c-2c968608f7c9	991
43dc7a62-0b36-4edc-988a-04b07c64518b	1135
43e19036-5e0c-4cc5-a4db-f6ac95d37c0b	1053
43e40c9f-c456-4827-a463-5281a09f240d	1107
43e62a65-7d5a-45b5-a6f2-aafe8cddca16	1055
43e85181-8a8c-483c-b705-44de510eafeb	1049
43eac31c-99b6-4f4f-ab9a-a16c1ef8f15b	1081
43ed1000-0ad8-4232-a478-cedf63fddc6f	1072
43f0667d-66d6-4c25-98cc-855124820349	1074
43f5e159-3dfb-427c-9710-aa3a059ccfac	1118
43f774aa-a886-4635-a9df-6274b2d7d1a1	1112
43f81f15-3fb3-4677-a8b7-a6dc23f7a603	1132
43faad1b-0224-407f-a0a6-f1ba5eead55c	1072
43ff9387-77a4-4498-94e9-ff6e672ce19c	1133
44008b47-b6b4-4f6a-8d49-5d13351590aa	1078
44016c52-b8ac-40b0-aaaa-777183b1283b	1088
4404e63b-f6e8-4dba-ac1a-754220077f2e	1068
440aac47-71d2-44da-9664-ae51a99b3310	1137
440f119c-0b4f-42fb-a048-472537f6054e	1015
440f3610-80e7-4f75-9801-562e12e83d5d	1110
441227eb-e571-42dc-9fd5-f431f162c41c	1123
4424a4f1-b4d6-471b-bdcb-d9ab1fb64b36	1076
4426a505-44f5-4139-9817-8485c4348cc1	681
44272ea7-41a7-4462-bf3d-987501166671	1056
4427f016-7063-4b10-8b43-7094b878d038	1059
44293cc0-15fa-4c1b-a8e2-e1347e13eb92	1108
442bbd35-3978-4b2a-82f8-571f636143ea	1148
4432f3a8-5e9e-493f-80d9-d1b721ba6dc8	1046
4433f309-e9f0-4482-8b91-15250b96f35c	1072
44383c44-d7eb-4d2a-96e9-546ab2d4d357	1069
44384269-b47a-47d9-b965-493926ba511e	1007
443c6d26-c499-4835-89a6-868499fe2df7	1068
444065b6-1d40-40c0-bd7a-5ddc71a06c12	1077
4443f539-70d7-4de3-85cc-72540baab390	1080
444e2d20-9ae9-47eb-948d-eeab1c96bb66	416
445342c7-2b20-48b2-a817-ea84e29b5fc8	1135
44543b88-0853-41fb-9d82-3623ba1f2e50	1137
445576f9-356b-4be8-8835-7c9e79bd5c91	1059
445640f6-b27a-4076-b307-4a21bcb93593	1135
4456bd00-6752-4ddb-bace-bcc5dcd059de	1829
4459b59f-8918-4fa3-96e7-43c74d124653	1075
445e982d-a9dc-4cb1-98f4-1b19423bd72f	1147
445f39e0-298c-4a65-9de0-3db58a15403f	1044
445f8bea-39bc-4b7f-9bb4-9d1ded7b574f	1137
4461f81a-2ba4-44ad-8abb-e0f7bc95abc4	1133
446a8566-2866-4378-9d93-7b843c5f4bcf	992
44723e30-5dd6-4362-9a27-87e78b4d46d6	1066
4472b4c1-70f7-4a4f-bd67-f2b357a46518	1068
44744737-d57c-4d22-95d2-54eb5f7c1672	1133
44746105-f893-48ec-b63f-d0c52e33b9de	1140
44748656-0b4a-4189-a47a-b9a310256111	2018
4475ca07-92a5-4ffd-a446-564ace283eeb	1314
4479063a-d21a-4997-9387-7ae71b7d9f4e	1111
447a983d-b64e-4586-9a6b-6c69d926610c	987
447c5f89-bad3-42d9-b8a9-6eebcc2c492e	1149
4484228b-3edb-4c48-b87e-91671dffc1f6	1064
448c6ffa-77f0-453d-8fc5-03f032e5ac1d	1145
448e7488-747e-4bdb-af89-34ca6de46633	1067
44986249-ae81-4291-ac99-9d6e7d393f45	1046
4499170f-c75c-4f37-b505-c57eb819f42d	1073
449925e0-71df-46c2-99e0-a8d0e2e7a2a2	1009
44995bf2-70af-43cd-bad2-01d7638b8df6	1066
4499fdaa-ce70-47a6-9c08-b223b1732dac	1068
449c5684-e161-42b8-a756-9212fa6d86d3	1053
449e92ba-0352-454e-b9cc-109cb45588e1	1074
44a2df10-d8d0-427d-be80-114a7f754871	1064
44a3e163-664a-437a-8418-9644c537f0ac	1128
44aaa00a-53ca-4777-88b0-a5333302598b	1081
44ac03f7-f278-4584-b80a-09738e8a7f9c	1055
44adf5a3-2ff3-4092-8df5-0c2f451e9342	1134
44afb322-97cd-42d8-91ed-5da1ee147156	1048
44b1e97a-8c63-47b1-9830-2b35036398a9	1002
44b295ce-9578-4a6a-b688-c3d9704b6e4c	1134
44bf2183-76cc-47de-a7ea-09041a707a8f	1070
44bf2bda-de95-4252-b1c2-4f79512a7b05	1106
44c4a5eb-182a-4248-beae-4bfa06d1b92d	1135
44ca8a46-adec-4925-84ff-1b7791e3b10c	1137
44cd369b-891b-4dd7-bee1-06848b9043ca	1072
44cebd50-0527-4814-848b-500deac9fbc1	1068
44d27490-2f53-4a0e-ab76-b146d707ab06	1139
44d2b75e-305e-425e-963f-b8c22e5b5cad	1146
44d2b868-b196-4b71-989e-31e7d6169bb7	1137
44dee45f-9a04-45bd-a3f9-67ffd276a0e3	1093
44e17f90-2c68-48e9-8e7e-db5b7400547f	1061
44f0877f-09cc-4c0c-84a5-8afeee014bb4	918
44f5ec20-4030-4038-b136-5d26f1384e98	988
44fce005-a33c-4c3d-8592-54c46aa1176b	1074
45030ea3-82e4-464a-8be3-78f3a3b28b68	1067
450616b7-6736-4d5b-8cb9-357cf633238e	1132
4506a280-51d7-4ed5-b0eb-f5482fa11eb1	1052
45072777-1e74-411a-a1f5-a8957fcbcc9e	1038
450af55f-fedc-4397-baed-072fe65e9a60	1078
4518400c-b4bb-411c-ae37-cf55a5784338	1079
451ad174-c48a-4bda-a47a-d72081669f8f	1065
45230a49-7766-4d26-92b6-bde02ebb27aa	1107
45240885-cad4-4b53-9dc5-c420f9ba2971	1122
4524e8b6-1812-4d17-878c-d7b998aeb483	1070
4525416e-9018-45d7-8c71-18f215518411	1130
4525b323-72d1-4887-a7a6-a76219cf8464	1080
45297e0c-b634-46d1-97b3-befd35ccc60d	1128
4529ac50-1e54-4771-b696-f4bd783861c0	985
452f13f4-69be-4863-8502-5e615ef6b337	1077
4536c02d-aa9f-4d04-80b4-4130532c0fa8	1082
45391985-b6ef-4759-85ba-7054f43dae91	1078
453be516-3173-4557-953e-689626e6d05a	1066
453e9e1e-da8a-4a6b-971a-7fd011aa3fd5	1118
4541b260-4404-4795-85f4-647200480e86	1056
4547cc22-8e29-47b4-8af5-86672a29061d	780
4548fc14-271d-4a89-a013-f09ba22873f2	1074
454b524d-5e0e-4099-9337-ed1be1d282bc	1126
454d92dd-61b4-4b4d-84bf-07c5567c5847	1123
45517ea2-331b-477f-b5ba-f3664a3bf695	1073
4551f00c-5377-4c28-a464-c00355916be4	1123
4557f1f8-725e-471b-901e-7b3b9b639073	1076
455eb72b-61cc-4c3f-a398-23400a249215	1117
456168cd-a2c5-4bf3-976c-ef1111bdecc4	1131
4561b101-cc32-4684-a170-70aebeca6f7a	1144
4561b309-bd91-4381-93c1-261a9e233689	1130
4565f8c8-acbd-421b-99e7-827463239c9a	1279
456b83ae-d1f5-45ca-8ca3-243f0fb6ca75	1134
456c13cc-1471-4784-a716-56296ad268fc	1047
456dce42-f813-4e87-b049-1b0bbdba7974	1079
4570d269-7352-4382-9855-1ec323562dd5	1140
457596f8-3492-4aeb-b0fb-98cead4ce6f8	1114
45785d71-fb73-4bcd-84bb-95b3321c97dd	1137
457a67de-f901-461b-821b-90fceb951a72	1058
4592576c-64fa-45c2-b6cb-ee7c85e7c9b8	1406
459b46ed-19cf-4a38-9182-3c733dfa487f	1114
45b1f01f-6a53-4f86-b340-0a39e5d86cd9	1133
45b1f048-6347-4fc3-8279-4f62ae74612d	1068
45b38c56-420a-476e-baf7-9c9919b93eb8	1124
45b7ecd2-d3de-4da5-8245-db39a966f410	1136
45b9a604-47e2-4484-835e-35753ae85e8f	1067
45bc1f6b-fdd0-4c72-a49b-b9769675149e	1119
45bce0cb-833e-4458-90be-c36ef1b4c25d	1077
45c56b04-f55d-47b4-ad4a-e7d44feda3d6	1056
45cad553-afeb-4803-8934-ec32a97ddc7b	1124
45cb74c0-8966-4a95-90ee-0fbdb31eb495	1077
45d56f2a-78e7-49b6-845c-fae5c9a89083	1127
45d6841c-59db-41fa-9115-952c43e74bce	1062
45dd969a-2e03-42be-9a15-6500b5695c5f	1122
45dddec5-26e4-4f43-93a5-5d6f4907bcdf	1133
45e080aa-f53b-47f8-a72c-8710720d9a6d	1133
45e1980c-04f9-4dfc-9894-6b02349eb87d	1078
45e51df8-71a9-4ebf-8617-aebfabb0a93c	1095
45e5f06e-e1c0-4741-9f8e-4a3f8cd08b99	1054
45ee4d58-d5a6-4052-8f22-677485237b46	1121
45f2e3be-d0a1-41e2-b6b4-1c94307f57b1	1131
45f3466d-b67f-4049-a39c-060c4c53e6fb	1131
45f5a3d2-5e47-469c-9424-a5e70a0f1ea8	1057
45f7642c-32eb-409e-972a-c66bf6958781	2049
45fc6934-d5d6-4e1c-8838-a2ba4dfa20af	1079
45fd129c-2dcd-4541-930b-f46b2b4c91c6	1128
45fd4e54-86af-45a0-9d94-869fa79e1767	1122
4600cd26-4b04-457d-be62-c6ff33572536	1063
46042618-e1f1-4594-b57a-8f4793e52f0a	1064
460ae41d-dd22-4b07-9c9a-6e3d76f667c7	1072
460d63ff-375d-4f93-b4f2-4770ae5c1d57	988
460f1052-37ba-4306-88d5-0eb16439db54	1000
46124e0d-9810-4fff-94ad-f1e6814b0c4a	1139
4615bb01-e80d-40ce-9f36-0fe0482df728	1073
461675d7-2554-4680-be27-aa66a0f9bd13	1130
4617f1f1-7e37-4afb-94bf-83046e9b1629	1078
461ad15e-fa9c-44d0-90a1-5e21df5e682e	1068
461bace8-3647-4654-b4c7-2ac742c416aa	1075
461e71a3-0062-4ce0-a4e5-60febca78e16	1133
4621fef6-d825-41cb-b49e-6070a67b74cc	1076
46259ae2-5bd2-4709-a660-16da881d7c5a	1117
462c372d-fccf-4f5f-ad3d-5205bfa7d0ed	1066
463c02bf-99a4-419a-bcd8-b0f7365d4b0b	1068
4640c5f0-9e6f-4c95-b60e-7b3fa5fad001	1129
4642c1d3-f2b0-4269-ba56-c8b744623f1b	1056
464b076c-69a9-4cd5-bd6e-57fab97e8d9b	991
464e9150-a3fb-4208-bedc-5dec39ef6eb0	1316
4652dd10-ea88-4b4d-83b6-d2c1122c1ef5	1084
465307ad-b4d2-41c0-9d7b-eb97fcb05a5f	1172
4658b41f-4010-4b08-b46b-62e9da5ef501	1015
465c0740-1b9c-4933-ad40-e41693c1796a	1116
46653089-4f0c-4408-affe-a82e686fb68a	1138
46669249-b11b-473c-a668-69214d0041c6	1082
4669512a-407d-4256-a7ee-f5151f1ffc0b	1077
4671725c-e14c-42b1-97cd-175df959cda7	1077
4671ef63-6edc-4b62-a1a8-c82772fdcd57	1073
46754576-366f-4e92-a5d8-e870a3a14ef5	1006
46759be0-3a01-4723-a110-97798ea14cf9	1119
4675aeb8-736f-4093-b89e-877415711c9b	1073
467ee3c6-97bb-4c11-81f3-e3fecd25750d	1118
467f96ce-588f-4801-af70-e75109d21b68	1130
468556de-ad46-4214-90cf-3806813ea4d8	1082
46881ea0-276d-4603-8cd6-78a152ce0089	1066
4688e062-b10b-4910-82a3-1838e2e4378e	992
468e526e-58b4-48d3-ba27-e4465471cf49	1061
468fb3f5-603f-474f-afee-63adb0e49966	1068
4693e024-7a18-4df7-934f-f04266879298	1128
46b752ca-0905-4f86-a728-578dea33bd72	1074
46b75ec4-3d0a-4034-8f3a-eabd60df01b3	1359
46bbd122-7360-4d6f-958d-a375080909d3	1081
46bcc755-87e0-4874-b832-6b0db50d609b	1125
46bff031-1435-443c-8614-255651681aad	1126
46c380d5-b715-490d-ba72-fec9950add31	1070
46c4f3d4-3eff-4881-b59e-be8cbe5b9e36	623
46c68203-0851-40f0-ae24-ce490714d0bc	1132
46c92838-7026-4c77-89d7-e45cbffad322	1131
46cafc0c-fad5-4e09-b1d8-2729d653a7ec	1066
46ce7ac9-acca-42e2-991f-886217b8e10b	736
46cfe752-f0d3-4bc4-83d7-8e261af5d539	1131
46d2d8f5-265f-4cc8-a71b-5bb04a0eb66a	1116
46d46392-a131-4a93-ac24-a93c0c6cad82	1122
46d6b62d-d146-4ea3-858a-318e3049ba24	1134
46d8b88a-77a7-4ff6-a842-c204e6271ff3	1074
46d8d149-0651-4922-a6e1-a2507288ce51	1111
46d9fb35-4b1e-498e-b7bb-3cbefebfae5f	1133
46db87c3-6987-4cc1-8794-bab50ceed8b9	1140
46dc8dd2-e263-4191-a255-77cbb934bfca	1149
46e1038e-9b74-4438-be0a-72861744cb3e	1136
46ee01e6-d3bf-472a-9333-91a648ce22cb	1052
46f419c6-c6d9-4d6e-8b28-078249c045dc	1124
46f6a0e3-5578-43df-8a51-f3ec0cacc05b	1077
46f8ff76-f0fc-4f69-8cd4-3469e8716ae7	1121
46fb492d-01f7-4770-b6d3-387f3ee7ee1f	1066
47018f11-8d1e-492a-acc4-5c6417011a2f	1121
4708648b-deec-46c3-b3a5-307ffd8a441b	1079
470ca058-f685-4d63-b6e8-4b5fb4efa4f1	1062
470d3a6b-d075-42ae-886a-41dd7b2bcafb	1133
471386a1-641b-4daf-a839-7d7c940b358a	1067
4714b10a-cb71-4045-b061-a86440296ce0	1069
4718853e-8efa-460b-b916-fb8af0192690	1059
471a1245-54f2-4f83-8648-4e67a3e9758a	1150
471bd4be-caa2-45be-9122-cb73e22028f7	1134
471df6fd-5715-423c-9b6f-62f3529661d0	1129
4720ca68-de95-471d-8c07-ce5f0cb70357	1062
472a5a07-5a13-4717-88b0-843f694f9df7	1117
472c5141-8afe-482a-aa11-63080fa18d4c	1062
472e8992-8a74-46f4-bd40-f04f4ccadc0b	1073
4730c97d-ba91-464a-954b-fb0e06352247	1050
473235ac-367a-4c5b-8ee2-2e9764cc058b	1059
4737adcd-ced2-4117-8e1a-42e0b2ad59f2	1142
473a5630-f8ef-46c9-82f8-bee996923f05	1051
4751c08d-685f-4b76-a3e8-f4bb718d7a0b	1073
4752cf3d-ea5d-4f9b-9e5c-e7b85324683c	1067
47535437-f806-46f5-960a-ccbbcadc7adf	1079
47589a6e-19e0-44fc-acd9-708ee3026468	1135
475c42e9-5d2b-409f-a340-ad5dc641ca5d	1057
475f4576-ba5c-420d-ac19-0a83fe02bf95	1037
4762e9da-1103-4ccc-8746-66c7974dd0f1	1072
476516e7-c61c-468b-ba3e-da4e00ea9628	1094
4765e2f4-20d9-48db-9f4d-a81097f366e2	1061
4768ed98-09b3-4703-9f12-06ea82d1e04d	1134
476a5e95-8954-49bc-8678-3e56069057a6	1072
476c99a4-ebb7-4710-82df-cbba3dc6baf9	1125
47741093-4e85-4ac5-b187-9b94ebf9e937	1072
4776683f-6a50-4a14-985e-c0b2130d2350	1079
477a5dce-96f8-43ab-aba9-f759314147ab	1072
477aebcc-de94-4e78-8ae7-2b276cd46da0	1137
477c7b9c-1aa7-4520-b0f5-bf4eb3d5d3c7	988
47887199-cfc5-41a8-a99a-e52d33516fb9	1077
478b8eb5-d3a8-4dd9-a1b9-1c888a050eb6	1082
478df48e-55f0-4677-82ff-037fcabe94a3	1147
478e6896-e5fc-4383-a2b0-7990e4980c60	1135
478f9f91-5a71-4ad6-bd74-59e58e287619	1065
4792082a-1304-48a7-a148-8fd4870bc03d	995
4797c36b-8dca-47e2-bc25-6326089359e3	1125
4798e7c9-c3a2-42b1-ab15-d80314bab554	1101
479bb4cc-45b6-4d6b-9b52-b5c5023fe759	1041
47a18f69-de77-49de-b9b8-722e8ab4ed9c	1075
47a212ec-c1ce-4174-bb66-198d44aa211f	980
47af2217-953b-4a83-a4f0-f2cbea58a358	1069
47b487b7-9ee7-4428-947e-742a687faacc	1133
47bcd55f-0c9d-42ec-9b38-8461cf6f2d94	1075
47be6f19-1524-4397-a9e6-437fa2608542	1047
47beeebb-18d7-4bf8-9deb-79e63b2bb26a	1132
47c4456f-685c-4e17-bd61-966a5aa9f285	1142
47c7416b-dc0f-4294-bfe6-011656ee30d7	1071
47c9762a-665d-4d9b-93ea-365c72fb475b	1112
47cfceb5-16c4-4a98-bc2e-94a476f51661	1145
47d28f85-3835-41d7-b68d-828ee60d66c2	1074
47d9913f-27e5-4fec-9117-43023e710df7	1061
47defedf-3a9b-4a45-b04d-9f89b95e69f2	1077
47eccdfe-a4f6-4b0f-8072-3d26a4acc288	1140
47f04ffb-fe2a-4827-b582-a46fad8bb700	1068
47f574e8-0702-4b73-919e-943d5eef0628	1073
47f668cf-93f5-470c-8eeb-90e8a6768f53	1050
47f745ee-4a09-481f-9edb-535f8048699d	1058
47fa1c9c-a08b-473b-a094-6d05d85d7729	1145
47fada85-f780-4d4a-a1e9-16638c284086	1067
480010fa-3345-4900-b0df-4ffb594b94ec	1076
4801797b-2fdc-4e69-af04-44aafb2ed918	1070
48027395-0b71-4583-b545-966a50317bdc	1099
48043fd0-f6e5-4771-982b-1dc8efda6784	1044
48084167-87b5-4250-b0b2-11153a9b65e0	1125
48099fd9-6102-4e72-8501-204ffe077597	1132
4809cc82-060d-4dd6-a6b3-f344518c9bbc	1070
480ad7e1-52c5-44da-8027-f435de7d441c	1115
48111646-9a40-4263-bfee-1ed87f36afbc	1120
4812784d-ee79-407e-a83e-25c0fe2acc84	1075
4814df14-6144-42d6-8f98-8185f0c4bbb7	1130
481b3aea-e530-494e-854d-5b7e812db98f	1069
4823caaf-e5d6-4538-839e-a7d07af8f1d1	1074
482a5630-42fc-47b9-b103-713e2f3803ea	1060
482a6b36-f492-48f8-9844-63657875f5ee	1127
483425c9-c744-4ba6-afcb-aef49119c614	1131
48355ebc-9e31-46c5-98ed-d0bd2fbf3db5	1065
4839cc5e-c35e-4575-8c8c-c8d2b0720a88	1077
4840c22d-43c1-4321-b02c-513218c3b4dd	1049
48432e6d-d757-4432-81dd-00d115aff6bd	1141
48436886-cbab-4722-bb7e-a1fb8f03b9da	1127
48468a59-4f8f-4a19-be8c-0215700d8a54	1077
4848c904-5e9e-488f-902f-169e838f0ee4	1121
4849b2ed-ac56-49a1-9e2f-30736327608d	1077
484a7e16-b33e-4689-9240-b91e84752de8	1067
484d622f-2541-40d7-9c74-78ac02262b13	1142
48616410-2e4f-4c9d-b6d4-a42a05f7d408	1071
4861bbc6-f579-43ab-94f1-dbdcf028bfad	1072
48629766-83db-421c-88eb-78f81205c0a0	1098
4863fe3e-f588-4c52-a6ac-6d01b445d34d	1125
487b9c9c-0f04-43de-baa6-ce24e726dbe3	1059
487bbc7c-9c83-4d10-bf96-bddcf627716a	1083
487c8512-50b6-40ec-b1b4-52ee1d686c5f	575
4880637b-d47d-4ca3-9f86-decd4af378b3	1128
4883884f-417c-4cb7-8b21-df74ac46f721	1132
4883926a-2fad-4452-ba2f-8f3d38e8f802	1122
4883e1ce-09af-43eb-b22b-4a9da688bc8e	985
4884690a-aff5-45db-a61f-96b32324bbfb	1135
4886d803-a2a5-4e58-b689-05049c146e0b	1133
4888105b-0e95-47d6-bf85-6737f1d69130	1132
488a8b87-a215-4648-8c37-eb1153b7d844	1060
488cf18b-086f-4edc-b574-d403860a3e5d	1135
488dbdc6-f84a-41d4-97bb-c3728bcedc78	1130
4891d635-4514-4976-a3d4-b3fab76bff59	1079
4891f194-898f-4fb0-baec-b7ae19abe441	1103
48921080-d7cf-4f84-af50-100d58e59123	982
48950fe7-3537-4e51-a5c9-fc80ca8c942e	1071
4895be1a-a9ce-4235-85f8-d7da518bcd8f	1101
489685c1-a31d-412b-ba2d-9640bf68593b	1065
48976838-0836-4434-915e-586edbe2b0dd	1081
48a22e18-2c28-4922-80d0-826f3ac826f7	992
48a4ddcb-995a-42a3-8c76-b837fb0cb4dd	1131
48a66c8a-cd14-459a-8fbc-32a7527061ad	1063
48b50285-3590-485a-b28b-fa0405131cef	1136
48b74431-cf14-4f8e-baac-342fb6d0d37b	1137
48ba89ee-994f-4ba2-8855-60e761addc94	1127
48c3af31-3932-4727-a572-fc01fc7ac4fc	1130
48c9f4e2-cc49-458d-835c-851fed387c01	1063
48d0070c-eb6b-4519-b0ed-6219052392a6	1057
48d746dc-ba80-4917-8ec8-bdc93e9494e0	1070
48d8207a-433a-46c7-959a-c745e8f244ab	1065
48db55cd-0e93-4afa-8934-c09c9e86b1d2	1061
48dc2cdf-9d92-46a5-91a0-12b9912a8d9c	1056
48e0a3f3-a3b5-4504-b4c0-6a0f00865b1e	1111
48e6feaf-5f60-4b96-8ba9-a60f4d012991	1069
48e87d27-1f81-4406-afd4-2c0aee22a992	1076
48eb6529-1390-4149-9d52-4313d0352e56	1057
48ef1a19-e1bd-4f30-8d45-862d30d99390	1074
48f4aae6-3d78-4bd6-972c-9f7a7275f561	1151
48f5b050-efb8-4e7f-a1a1-c51758972d18	1139
48fd7c89-e59c-4fa1-9af9-31926576173d	997
48fdb972-be9c-48d4-b7f6-91bf51a06c85	1137
49080eaf-fb21-40cc-890b-60ca74d8106d	1071
490a393b-2d78-4795-9b0b-4cf3e5e3309a	1063
490c7ba1-7402-4a35-9610-d0686710a1c2	1124
490ea31e-5dc7-427e-aef6-51970e7625d2	1065
4913b12d-1b7f-43c7-bf35-b420a88df5b2	1136
4916e604-9550-4bfa-a347-e2cc7cd8798c	1075
4917b858-30e4-4e6b-abad-bf790bfddd08	1070
491ca911-20e2-42c5-bdc6-80003a99147c	1109
4926a284-0b7f-4dc1-b8f7-9095162d4b15	1072
492a6ab9-42a3-4ebd-ac0e-9bece0b56b2b	1061
492ad37e-630a-4057-b193-bc6bae51a2d7	1060
49332882-a6fd-4993-89ee-325c506f51ca	1073
4934bd29-ba5f-4ac0-86e7-911aebec43f3	1059
49389b00-766c-4d48-b9ea-3bafc0946781	1071
49400009-3824-4f20-aa7d-3b0e23f697b6	1139
49453961-0ee7-466c-98b9-3bf3e2c6f426	1124
495a7c97-a393-49e3-9117-6483cabde476	1132
495d2a2a-da78-4d93-8e72-947f88a7a471	1067
495d7014-c2ef-4a59-9508-9db86e0586e0	1063
49611113-f0e5-4409-96a7-35b27fc62f14	1068
4962ffd1-8860-4d8c-99d4-1f02ef9d8883	1072
49631a73-8209-468f-8831-72fc1cbba8af	1057
4963b25a-15a2-4f65-bec7-7e781485656c	999
4963eedf-3353-41e4-b4ed-731a60babfeb	1141
49672501-814f-44f9-acd3-38c04f57fe3c	1137
49688c68-af5b-4337-9ad7-698e583009a5	1139
4968c933-b235-42bf-bb6b-dbfd3f7e57ee	992
49698461-4b0c-46af-b7ac-f0a7c819ecbb	1129
496a0a1e-b87d-4ba5-a0ab-1ac1f97ade00	1014
496ba987-f751-409a-9314-1e2633ae3db5	1122
496f24e0-7744-40d4-9032-5b4661f32990	1075
49763e68-849c-4e05-b8f3-d933762f7bb5	1013
497779f2-dfcb-47b5-b661-9cbb1b4e8302	1112
4977eb9b-c5b1-4415-acea-3289ff2d4118	1090
497bb4e8-be2c-4399-846a-e5b785c56c06	1075
498008cb-0a2a-4e88-be80-3956838e5dda	994
4983f74a-bd6a-4429-b22a-8d2ce2b8008e	1128
498919a0-90f9-4d11-81a4-8e06bd8a4cb7	1074
498c5323-f9e5-4706-8594-f6986dc344ce	1145
4991ea88-46e2-4e7c-8629-6bec83897202	1055
49960aed-352f-46f3-8668-14823732b50d	983
499762f3-c1f6-494a-bb15-40ad50b9b19c	1101
499b2fa6-a6a4-4e75-a092-97bb8100cd99	1069
499ba424-f191-49b9-8274-b65d97abddc7	1082
499e260a-f4e0-4943-abbb-45ea3f3021df	1117
499f0486-191b-4709-8cca-4798b8ecb0cf	1131
49a000cf-8839-43ad-aa3c-20f2864be384	1072
49a45bec-5c22-4993-8aac-8abbf0e8fe92	1064
49a4857a-cd0b-463f-8cc3-b14ea19c4598	1057
49ae7219-143f-4f00-b1da-e6093256c5d3	1093
49b0f9d0-813a-4da8-a06d-93fbe820134d	1130
49b83631-579f-45e5-8f85-3eddd006be4d	1080
49bcbc7c-51c6-44c9-9dac-9e088ce9b733	1127
49be680f-9af3-45cb-b1a5-8bf1c083e751	1140
49bfbd35-b008-4bc3-b321-4f22ae9d8ca0	1045
49c73398-73c7-457b-862c-4eda9102c08d	1070
49ca60da-bb77-478b-80ab-16871aab803b	1116
49ca645c-e240-40a4-9515-590164b715b9	916
49cbed3d-a812-472e-b2a6-7660dee15c42	1128
49d14edb-dfc6-4d37-a6e8-12e183ab0b85	1127
49d4a339-693d-4521-aafd-e35cb3683cce	1131
49d61967-4a19-475f-be53-ca5547093f1e	984
49def7cc-920f-4a7a-ad9d-202e2a9963d2	1058
49e35173-9dfc-4e8f-b4bd-00d667cfc468	1137
49e38ef6-4e6f-49e9-8a09-3b0ab11f83ea	1143
49e3cc8b-66e2-4b22-9ec6-f827ff6f08b8	1072
49e598cc-99ec-4d51-96ce-293937798a9b	1049
49ec468c-adac-404c-92e4-a7d63aedaa4f	1140
49f02741-3dba-4f02-9395-5610016c303a	1038
49f1bb72-a82b-4376-9a24-5f8bcdfdc77b	1119
49f8562d-1ba0-44cf-8c57-6fba69e6c096	1130
49f9e4ed-ef8e-4123-a4bc-12c1c3bca6ad	1131
49fcc0d7-6750-470f-a52a-2ddf8f6bff73	1117
49fd7f33-167b-49b7-ad3c-2300cf5d75f9	1120
49fe0ea8-509e-4479-bf5a-e5097d54995e	1077
4a077848-cee4-4ae6-b960-bdc7fa48a319	1002
4a09adf1-5d54-4f94-9410-187fc632a8d8	1041
4a0a4b23-70ba-4e90-9938-ef89b1f81448	1150
4a0fb8dc-5702-4c43-a196-ce5c36a75be8	1141
4a13f8ef-a5d6-4d5d-9a04-13b51e9817af	1107
4a19b2f5-a1f2-4d64-89e6-459476821188	1079
4a1a5978-957a-4351-b3b7-e2b6c1fc2141	1073
4a1bb830-52a7-4bd4-89c8-504dfdf90859	1121
4a1e3dbd-3b9f-4608-b960-fad3f0e5a2c7	1120
4a1f9ba4-7430-4dbe-8e34-008bc648ea0f	1138
4a2109d3-4c93-4f3e-82ed-0a84d505bcb2	990
4a252f6b-662e-4f40-a2f2-8bde21517d36	1132
4a36eada-2be3-486c-ae33-12a3d3f8420f	1110
4a3a0ae6-60c7-42c2-bbd5-ae380e998e60	1074
4a3a8090-0e35-496c-811f-277df62beecb	1075
4a3c6b82-4400-4172-8377-2d5a418eecd9	1077
4a3da38b-e396-49c2-a161-f5611cbab6c2	1066
4a458488-5f68-4e60-b99a-5ddc11ea06bb	1116
4a464f4e-ecb8-460d-b2e4-2211e31d2eb0	1137
4a485626-22e8-4104-8e90-9b20a31041eb	1126
4a4a9309-c9a0-49e6-893e-72c9280cccf9	1134
4a4c6ec4-5471-43ea-9622-e3f502e19ac7	1077
4a4e4cea-a7de-4f8a-9003-98e69fd347be	1069
4a4fb2a7-d551-405d-bfd3-adadb54dc1db	1132
4a53b6cb-df4b-4cdb-8fa0-d780abecbd4f	1138
4a53f225-92b2-4fce-9f79-d86ab5d975c7	1135
4a587bc3-f166-4b81-9005-d856e28549f7	1063
4a58a514-4ad7-4673-87a4-ded5b35fff8b	1141
4a591876-3e07-43a5-9553-2edf8cb8f82a	1137
4a5d2991-619e-462c-8ae3-ee5cf4d7d42d	1141
4a632437-ef71-4efb-a016-5d30ea093888	1075
4a63b528-de7d-429d-aef1-e9b593726cb6	1130
4a668c7e-5e73-4a22-89f8-95ebec7244d1	1136
4a6ddeb0-9e31-4940-b8d7-e2d85d9a4d0c	1072
4a70654e-01d5-48e8-b37a-0009f7c90b4e	1125
4a7af4b6-05f9-40ac-a7fa-99d8aea681df	1335
4a7e4bf7-1432-4949-bdae-87625c189006	1077
4a7e4fbb-077b-4ddf-8199-67ab5d319ac7	1135
4a8b2041-5495-4112-82e5-819d91845b37	1127
4a9083e1-df1e-477e-8121-27b71a221e46	1093
4a9171ca-5a0c-4765-b59e-318ac36fc4e1	1134
4a924a03-1b13-416f-8123-1a02d997d886	1141
4a96ccdd-20fe-4b7d-ade3-310a54c31081	992
4ab6ae51-83c3-42f5-9cac-622fdab3e29a	1129
4ac31aed-7586-469f-9e5c-6f366eb37802	1124
4ac6be55-fec4-479c-ab1b-7ced831d3320	1142
4ac71031-2868-4ce3-8dfe-ad2a29753f88	1067
4acb6605-eb6b-4862-9512-9abf6c89a7a4	1080
4acd760d-18a3-4914-9245-fbdf211d26ce	1075
4ace13be-45be-40e7-b9b8-ad3a85f4c501	990
4aced6d1-b81f-48db-b9c2-af98d09a7018	1123
4acf5044-d06b-4f0f-9b3c-aca1ffa52082	1136
4ad046e0-3b4f-4960-aba4-f5160c36e216	1132
4ad0e552-315b-4415-8890-05cf29bce9c0	1132
4ad10cc8-f5fa-4a1e-888a-21b461c75ce6	1052
4ad232ff-6599-40c5-8d96-84108e7602c2	1103
4ad79ff4-534c-4543-a57d-6192dfb04ed7	1043
4ad7b038-83c3-4270-9ab6-306abb8c890f	1074
4ad8adbd-92e2-42f3-8ac9-b6a0c3d648d5	1081
4ad9b247-f5d4-4430-9621-0f6522438f1c	1076
4add8439-61e0-4e63-bf61-216c71f684fa	1120
4ae15461-b175-4b53-99d2-e08284fbd199	1125
4ae45059-23a0-4a6c-b9f1-5c24bdc82412	1102
4ae8fe38-64eb-4ea5-beb5-ac0ea027cf7c	1071
4aee0eb5-d4ad-4454-85ab-c0bd57cb6ac3	1052
4aee4dbf-f21a-402c-8216-ada60b6135db	1126
4af3d7fd-4be0-4697-a85e-b34124c16239	1115
4af5de56-2ac7-4c76-b1a2-52bed76f80c6	991
4af72c40-0673-41e1-837e-55a04839e063	1084
4af78349-2ef5-456c-b366-c057c9242ced	1067
4b023b5f-4b91-4eb9-b05b-a0a747e79e8a	997
4b039a1a-def1-4d1b-b400-50785a332b9a	1076
4b039cff-07d0-4a5e-ab29-a1b8f573655a	1120
4b039fef-638c-4def-b215-d116e36cb21e	1108
4b09ba98-e202-4b34-99b0-ae7c40dd2e5c	1126
4b0b2f51-0e45-40a6-856d-5b5bd19379a6	1149
4b0b71a5-575a-4cf4-8fec-b3b238126b6b	1038
4b0d98a9-df4f-48db-a58a-3d2e69223b17	1075
4b126e38-7951-4c06-b1ec-da463e0c62ae	1067
4b138881-68db-4a95-9f76-d2d478f31657	1077
4b1449dd-0e2c-4fa7-8ab1-8857c322fc37	1133
4b1a652e-bbc5-4db1-8b06-35e75fa7c0e6	987
4b1aea5d-44d1-4c78-937c-2d7a56e4372b	1090
4b2121cb-c5ed-4510-a6d0-50dc87688249	1075
4b2ab251-4834-4997-8b1a-f9719324beb4	1084
4b2ac4a6-41fc-4a0a-a253-c12a8e93405a	1061
4b2c281b-e1a5-4a3b-99c3-67ab6ddd19f9	1136
4b2dbd55-d838-4f77-9d19-35634160d9c9	1083
4b2f003d-bd66-4752-b06d-b1bd52cf44f0	1069
4b304bb3-820d-4784-8158-e8af7efd181a	1053
4b3592d6-4079-4b1f-a083-8337be9a3e64	1112
4b39a7f1-4bd6-4237-905b-330927b2b0d7	1133
4b3b7a33-2977-4db7-ad48-95921d3a181e	1066
4b3bca5c-4732-4a3f-9e5c-712d15edc1e7	1134
4b3f16b7-2de5-48c1-8945-e5378025fcb6	1117
4b42f7e9-9197-4c66-9646-a74d92d1df09	1135
4b454b84-d6b0-4b94-8194-b1bf8b76c7ed	1073
4b46e3fa-5986-4c6f-b880-9382a2dce5a1	1081
4b487d9d-2424-458d-b3c0-0aa08d9979fa	1083
4b4bc61c-b234-4d80-9341-262a9230170b	1059
4b4cb73d-285c-4c73-ae09-8991d5bde451	2984
4b5757d1-b24a-40e1-ac69-0b93de8a78e1	1004
4b5d9b5d-1125-4494-88c9-6f7439eaf3aa	1072
4b63e67b-43b6-403a-8b30-ca7c87dc5fbd	1132
4b64674b-29f2-4fcf-b924-d0e3d1eacb51	1076
4b64812e-c840-4533-86f4-89cf61a41492	1074
4b65a6db-8c96-4621-81dd-91a6c52bfe0d	986
4b6a26f6-1412-44d6-aa21-9618d29da0cf	988
4b6a36ea-2c83-44d1-b68c-b0af66aa8be9	1141
4b6d612f-00a7-455e-97fc-212943d7581d	1071
4b702b29-1e72-421c-9601-c784e8962778	1140
4b794e92-c08e-491f-b2a8-799f9c3d3f9e	1136
4b87a2db-f255-417a-bd7f-6a66da299839	1350
4b888e2d-5e8a-42b9-9798-cc69b68bc51a	1131
4b8d8680-cfc9-48e1-8751-31bedef4332b	1072
4b910ebe-50cd-4f51-a938-d58ec975d25d	1135
4b93ff3b-2c76-48c5-9549-d28b06a80ece	1117
4b988687-f064-4b13-8674-2b78698b6f0f	1126
4ba7b695-2944-448f-979f-865fc4d137a7	1100
4bb092f4-49a7-4f28-9680-cee00db1c0ca	1082
4bb76b41-81b6-434b-8e36-f5480a1cd6c9	375
4bbc9b27-9c15-4e98-a5a4-a8da4211601e	1125
4bbd072c-7449-4b7d-b751-13c06ac9f261	1037
4bc3167e-0a0a-45d2-bc0e-d9a45560b052	1116
4bc46f78-6fea-48bd-9083-24cd8d91167d	1056
4bca0b7c-1dd1-4d1b-a4e9-3f19acafb543	1080
4bd50962-6563-4169-b630-e7b10ae75a34	1133
4bdcce19-f0e0-4cf3-a4e1-3abac33efa3c	1125
4bdef256-ce03-40b9-a5c2-fa846c69dd53	1125
4be06a7f-3476-4e99-8ccd-f352f6a3bafd	1077
4be0b061-436e-4ab9-b444-e6180ccc2b38	1126
4be97f28-695d-4a2b-9366-36fdec191ead	1054
4bea1fab-33a5-4c19-90f8-c0dc4da4ce23	1076
4bea32f4-9223-4766-b1bb-a84e5c18793e	1150
4bf10760-5380-400d-b82c-df649bbe2170	1036
4bf16d6f-ef5f-45de-88d9-188b6613a255	1141
4bf9fc24-1a28-4ca5-8d33-b8c1ac2c2100	1074
4bfd729b-cbf0-49df-9a6c-3d172da7edec	1064
4c0efe61-9eff-4ea3-8735-aba978cb4e64	1133
4c10f362-3fbc-4ae3-a011-8fdb8a2bfbac	1139
4c1edac6-7046-4d40-afe9-9d2a210bf71e	1075
4c1f06f1-b135-4b18-92f0-585ae433f000	1045
4c25cb73-0003-4fba-be69-a432a4a18368	1112
4c2a7279-dff7-48d7-a2c0-42b1ef03a20e	1072
4c2b81d5-dadb-48e3-8cc0-e842dbafb70f	994
4c2ff2f5-23b1-4024-a5a8-4d98d8c61eab	1060
4c337e15-cc56-4100-87ec-cdc16fb96dea	1135
4c3ffba4-5ecf-4651-9754-20d7e720c1d3	1121
4c40cd0b-7cb0-4d0e-b979-199865b41c16	1074
4c4254da-0339-44b5-8cab-0c443d8db4a2	1142
4c42af2f-473b-4d05-a5a1-352a57acd202	1082
4c47367b-f0ce-4de5-b91e-56ba6c4c571f	1075
4c495e0f-8ab2-4c5e-a666-7ab1f4f40b53	1141
4c592904-600b-4683-a37a-7de37c2877a8	1143
4c66a8f8-b70d-4216-b3b3-650129e1319c	1083
4c6819bd-7b6c-4f98-8f41-3ef05b864f25	1069
4c6b68b3-c00b-427a-bf55-eacb97d02d13	1079
4c6dbef5-cb12-4c7d-b5f9-35088208a723	1138
4c6dfa59-ac8a-4eee-bd2f-3c5916ab4873	1135
4c6fd0ac-6efb-4e77-9eca-4770c6e40e46	1147
4c71dc31-3c89-46ae-b3b2-28983f452585	1030
4c738f83-b19a-42c7-aecc-03d2d9826715	1125
4c777405-a192-452f-a757-9f80c8531552	1122
4c7adcfa-86e7-42f0-b9d5-364501fd2968	2574
4c89a787-3e85-408a-bc70-cb8736c66a0b	1136
4c8cd2ba-109d-4fb7-a2de-21eadd2e3d96	1075
4c94c087-dcd9-468a-a530-97cc46107885	1041
4c95ec17-d9f7-415d-823d-13ec7f744d19	1132
4c9c3a10-d3a3-4599-8d60-99c854c15eb3	1119
4c9e4c20-6ae1-46dc-a883-e6a4690f63d7	1145
4ca035a4-7ecd-426b-a4a0-b97db40156b6	1041
4ca11695-b819-480d-8d5e-3d14e4d44d08	1121
4ca98965-1545-489c-8b0e-d19f9440806a	1088
4caac35c-4680-4603-80b1-5304c4f89293	1140
4cacadbc-04c0-4881-b88b-a83fc68d4b13	1073
4caeebaf-358c-4b54-b4e9-0d3aee9075ea	1135
4cb0139b-610c-499e-8b3b-2684bb4c0686	1069
4cb853ad-26b6-4723-a80f-ae0821bf327e	1138
4cb9b3aa-0356-495e-96c1-1b636049a718	1114
4cbacfb9-f8c0-473e-9133-a625a748b91e	1136
4cc83fe1-d209-4528-893c-f24cf4fb0be4	1121
4cc861c6-d0bd-4339-9b6e-10666c2b77dc	1133
4cca9381-a46e-457d-b8d2-8e792cbf9144	995
4ccbda7a-1e53-4681-afbe-4ff9ceeb1061	802
4ccc28e5-973b-4e0b-b003-105c014581e7	1073
4ccd07d8-af5a-4e27-8c20-633f6e2f4a7b	1117
4cce0a2e-b076-4255-9146-be97e89e1606	1072
4cce3968-eafc-4a53-a85a-864e8bacb98d	1051
4cd09d47-b985-4441-8592-ffcf24dcbf7b	1067
4cd44d63-451a-4e18-bd55-b283e4ef64f7	1065
4cd50f62-6a7c-4659-8db4-2661c52888dd	1140
4cd5f09c-823f-409b-b412-8a62d26553c0	1062
4cd71ff5-247e-468a-8ed4-3dad73caa3e3	1115
4cdbf633-fe6e-403e-9a10-f2c9b6c8082e	1142
4ce1bca3-39ef-41ff-8b98-1cacd14f73d9	1131
4ce271f8-ecc3-4613-b696-339c21f0ae41	1006
4ce321a1-1017-414a-afe7-f260127e9db4	1101
4ce4b701-406b-4272-a829-98024d2061fd	1135
4ce751b9-0676-4214-a296-0dd18e266d51	1135
4cec6b33-3fbe-444f-9a46-0cedaac4726e	1133
4cee3b54-316b-4be1-8711-7e1425e545f1	1142
4cef2529-b2d9-4edb-8d19-8dd292e04c7d	1059
4cf0b695-35e5-4d64-be4d-89ddb6a83d39	1086
4cf3a938-874e-4b68-8fcc-a36ad3ce5595	553
4cf6c9c9-2bae-4261-a4c8-62a72d6b47fc	1062
4cf73dc2-d793-45a0-9634-c19c178b3c32	1078
4cf7f35c-94e5-4a69-a6c4-75231670688e	1151
4cfcf8ca-89be-46ce-8a46-fbfabe101f94	1060
4d07f3ea-ecf7-4791-ba5f-0f96577e1159	1076
4d0ef41c-7b14-47bd-a639-a47d7247a820	1087
4d0f7317-4ddd-4b98-87e4-d8513539bafb	1130
4d149465-55b7-436d-a7bf-9293268e274c	1117
4d1651e4-433b-4f3e-ad12-1ae6e51efcbd	2138
4d1bdd6f-57e6-4fc7-a13c-fbe01bf45b76	1139
4d1d2044-9a3d-427c-8d13-2653e172c0b6	1137
4d1f2629-248c-46e4-a630-f826de8b18f0	1075
4d22130c-514b-471c-9261-24b80d0c372d	988
4d2355c0-3d65-42d0-b2f1-bda6db408a90	1070
4d26436c-ab13-43db-a9de-92d3beea077d	1079
4d2853e3-0938-4493-960a-d3c4cc69a736	1066
4d2ae234-06d7-4fdb-ae38-efd5ae18d25f	1136
4d2c5496-0334-407a-9a59-efe9bd244bdb	1131
4d2d28c0-3c95-4b28-b7a1-a244713862f1	1125
4d31e51e-06cf-46cb-b205-8499ca17931d	1081
4d32bcc5-9e3f-40fe-975e-f36615e80486	1137
4d353866-32f4-4de4-bee8-e440389b9cef	1137
4d38a766-0116-4cde-a144-b122ab19e79b	1131
4d3b0720-db0f-43d9-bd95-57afa0fb4656	1137
4d3e5879-58e7-48aa-9861-12147e12fb0a	1066
4d422f04-baf9-4321-b081-f534f612445f	1084
4d44a4fb-9d77-4952-bb58-474cd4d67c98	1072
4d48fac8-c714-4a6a-9ab6-35c1f4816bf8	994
4d4c726a-25ad-4613-b64f-9451dba67121	1073
4d4cf90f-5565-4672-be39-ff785472c214	1140
4d4dec6d-caf1-419b-9ab5-5d39ac01b740	1060
4d50161b-0127-4402-b873-f42a5885501f	1139
4d511288-8f15-431c-81ce-7fad07b86a0f	1074
4d523cff-4c1c-449f-a98c-35dfc898d8ce	1071
4d56ecdf-f74b-42a5-ae48-a06526476174	1074
4d5737b9-56e2-4a0f-9293-c3146409c4a6	1115
4d5d60ce-869f-47a9-96ba-b435789200f0	1081
4d61d9e7-fa12-4b61-b737-69a2ee9b1d8c	1142
4d69093e-436a-4046-89bb-9298126f552e	1140
4d6cbb00-5547-4494-a898-2a095d440c7d	1080
4d6e76f9-8d37-46eb-9823-29eb2ffe9f20	987
4d7010f5-e698-407a-b6dd-b0e86a900580	1164
4d70dce9-ca27-4cfa-9e33-08b87a5d4edc	1136
4d71fc40-01c0-449c-b455-9068c17ecec0	1075
4d7dff9d-fe94-4511-9cdc-4d2675bbc555	1075
4d7e30c8-0a76-43e3-8c91-085f1d69dc20	1072
4d841173-6ce5-4fc4-b8be-cf6864c6abff	1051
4d84555e-1b33-4769-aeef-ea0e1dfe806d	1136
4d84a39e-05a2-43d1-beed-66c786114efb	1063
4d85017a-4d41-4a4d-9a0e-acb05e816747	1137
4d866918-d98d-4ad4-b779-ae37f608c14b	1136
4d875fe9-83c9-4e03-a64a-ddcf804b0b3c	1134
4d8aa66a-0cd5-4a27-adfb-a65498abb797	866
4d8bd90a-75e7-4116-bbe7-7ab5e7726b80	1067
4d8cf3d9-0df6-46fe-b178-161280755bf4	1108
4d8e90c7-741f-4a53-8803-38b72c12990c	1071
4d904b47-9f28-47d3-9401-ecbc6d4cd0f2	1130
4d915e7c-690d-4a19-be15-77a63e48fcc3	2049
4d927596-5419-4540-a373-15005453c38a	966
4d943f54-46ed-4740-9253-4a93ceb3e03b	1129
4d95dc2a-0832-4ed9-89c6-6e041faa8205	1141
4d96636d-4a45-4781-b7d2-7b1fb7bc673c	1082
4d96aed7-fbd6-4673-b452-34928b282e1f	1131
4d99bc73-d468-42bd-866d-a46936646649	1061
4da0b429-5f02-46d8-9f50-8ef64cb78876	1123
4daa1638-0490-41fb-a860-e6b1349bfcce	1119
4db186b8-58b7-41f2-8075-659758d8dd98	1075
4db28f74-8e9c-4f74-afa8-82bb1a11fed3	1127
4db5c088-6ee9-4b9a-b8b5-3e99fc8c56b5	1028
4db6a55b-8454-439c-8a61-60e40490e4b3	1111
4db78a3a-db9a-4ea0-8bb8-add0dda13ac2	1044
4dbc0482-99f9-4a72-b839-fec820e926f0	1125
4dc113e2-eccd-406a-8484-0e30b6f200fa	1126
4dc34a13-7c3c-4792-bc97-a6a4ae4c5fa4	1071
4dcbc45f-b703-4bc0-959c-1ad764837c3f	1070
4dcce3fa-e4fc-48ac-ba38-e309a38f58e8	1140
4dcdabb4-7d23-4cc9-94fb-c0fe4abafbcc	1118
4dd4877e-e270-426e-b75b-5d32ef3235a7	1040
4dd6c50d-13a3-4083-aef9-a2a052e4eb77	1136
4dd6d8af-95c2-42e6-88ea-39917a80a11e	1147
4dda3c3c-0fc4-4e99-984a-9c7c739135ca	1134
4dda6da4-d81e-4c95-8b83-fe522204de90	1132
4ddb1f87-a768-41fe-80ca-a81c952e9c06	1066
4ddcd25d-3d16-412b-9f63-d5c0b45729d0	1141
4ddd5118-873b-41b1-9540-77d342b42628	1071
4ddee3b7-bef8-4944-bd85-117aafdd5f93	1077
4df43bcd-507c-45d9-89d3-02a477c88a69	1057
4df4a005-c7c9-48bf-b9e7-7509ea7317a8	1129
4df988d8-3803-45d1-9c53-72dce5ec226c	1043
4dfbd1c7-0c1c-46a2-a275-26c6aea5eafc	1136
4dffe98c-0bc7-46c8-a9cf-acad92c97465	1135
4e00af67-7015-4fe9-b27e-08c51d9a1692	1075
4e0ac9ff-04b4-4739-a3a0-ec2af36a0039	1131
4e0b2124-948a-40b6-a23b-6e462e927890	1043
4e0e9ae5-52fc-42d4-80f7-a0da18391763	1053
4e139000-cbc8-476e-9399-1fab4770874e	1077
4e1649cc-6ddc-46b7-9dac-d2cfc2063f79	1136
4e192fb6-b7f7-40d1-9499-f2f9f19c759d	1067
4e2aec38-6c90-4966-896e-0d38982631f2	1126
4e2b193d-5596-4e6c-8408-64bf94d561bb	1083
4e2bda8a-660f-4ecf-9495-003e49a7ba28	590
4e2c5e16-6161-4698-a27d-ff8df5daac9f	1072
4e2ecb5c-1644-43da-973d-0045e5b0048d	1076
4e301e0d-b192-4e97-9abf-b3946cb6a058	1134
4e32ef9d-aebe-451c-ab3f-044088c99039	1126
4e3357b0-ad96-448b-b7db-b81b9ace8923	1076
4e3366c9-0a4d-4c88-ab64-55f171ce97b7	1092
4e3572c4-2cda-4449-b7dd-c02f60d6b2ae	1069
4e3765be-77c1-4d84-bb5c-bd0f968551b4	1134
4e38466a-8718-468d-9076-ee11cf86989f	1076
4e39c05b-c858-47f6-92c3-3f8271931745	1135
4e3ee759-8dc5-4954-b613-bcbdece95929	1140
4e3fc0b3-3cf5-4fe9-8012-a99883e95bda	2156
4e41282b-5ae3-47db-bfea-f43da478b324	1131
4e44e24c-0061-46f4-ab81-6d485d221867	1127
4e487b59-6f76-43a0-a0c6-580ec828eed4	1067
4e533442-602f-490a-9db6-24281d018470	1134
4e5376c2-0e3b-41af-986e-abeba92b2a4d	1145
4e554aeb-6e9a-48e2-8bf4-1b1824f57f66	1128
4e56e05d-229e-4c00-80c1-53604c93747b	1103
4e56f6ea-b698-4a3a-a50e-e337205b0d75	1104
4e5791f0-4357-49c7-b543-cfeae9de16b7	1077
4e619a56-e183-4515-998b-50ec51086827	1137
4e62168b-cbb5-4a16-9b9c-9c15594f8836	1125
4e6630a9-0b15-4c13-b417-c8d31f5a7bc7	1132
4e6e381f-4fad-4f1c-8c26-655cb8ed21b0	1072
4e73dab2-8fdf-465d-94ab-301d3ff6e552	1076
4e781d59-e843-401c-b446-21f47bf8ca88	1128
4e7f0169-3c52-4733-9545-a26110fdb905	1060
4e802527-c314-43bc-9a37-803f945383ed	1128
4e892a7f-19f9-484b-8993-d4858ddeb4c8	1108
4e8b1cfd-ba7d-440c-b953-c6d0a3022564	1077
4e8db4a3-73ed-4020-ae22-e7170d8ac547	1114
4e8dd130-0c0a-4f1e-9cac-df6cbf5c7a7c	1140
4e943e7a-3868-4ff2-86ee-09ca113c767f	1069
4e9724ad-154f-4c44-9d63-30a303c7cb75	1076
4e9c4833-cb4b-4c8a-9f68-224aeaa604a3	1139
4e9e9168-2999-4fb1-a0e0-15c72173a5b0	1134
4ea0d84b-691f-4ff5-a6d4-59b97e916998	1137
4ea4670a-e54a-46d0-a633-b7ed88cb26dc	1136
4ead176e-77ca-48f1-a91a-b443ca03878a	1073
4ead26b3-50eb-4ed8-8090-29b256e4aa15	1072
4eb221ee-e370-4080-bf15-ade4013388a2	1078
4eb3055a-4f10-4c4e-ad9e-9cf3688212e1	1056
4eb9b6a3-b496-44d6-893f-6633ee27103e	1078
4eba9ab0-0d41-4c69-801a-464133b62587	1129
4ec175b1-4a77-4c98-aacb-d51198f20d88	1114
4ec51c82-7fdf-468a-9af3-069804dc5055	1140
4eca19b1-bdf0-4143-ba99-5a4949120efa	1134
4eca2843-5896-42fc-bb88-b3f99b7cddfd	1059
4ecba406-efdf-408e-ad03-b84b45affdc5	1080
4ecf740f-fbe7-4e04-b204-83557ee22c5a	1125
4ecf9ca3-c400-4b34-aeb5-fa4223bd76bd	1071
4ed58073-e075-41cf-b81a-22b0cc777ea9	1049
4ed62f2e-f966-4a14-a2c2-9e7b56dad5f0	990
4eda7fe9-e803-43dd-88d2-58bdd08d3e78	1075
4ee4c1fd-2f98-4d33-b159-7b991eade3a4	1133
4ee6b135-8b8d-419a-99b4-f955836b65cb	1054
4ee9d0f0-9af2-45a9-945e-551621cac03a	1118
4eea9fed-6c6d-46a3-b832-aa3b029dc0e3	1081
4eeb07d1-16f2-4ed4-aa68-2af099a2cb29	1073
4eeedd84-eed3-4f62-b0d4-d6a93a9c4448	1137
4f006255-5489-40d9-869c-342b0eb090b0	1074
4f07404d-9cd1-47a1-9d0d-f2b60e57256f	1077
4f07fb91-8d31-4f0a-8521-74e4a30e2695	1139
4f090dd4-ba2c-48df-9f3e-46db2e36d934	1075
4f09d877-851a-4bc2-b515-628fdf8eca9d	1096
4f0fc658-b748-4f3a-8a76-5c3bb8f6e80e	1058
4f13416b-034b-4a9b-b0dc-aefe787bdafb	961
4f16f504-be52-4729-bc58-548e7b808f5b	1129
4f17bc1d-6024-4def-b177-ddb364f32b6c	1115
4f1ceb2b-0b3f-4e02-a96c-d7f138a3b5c8	1036
4f28577f-a172-4868-b2c1-58a81fe102fd	1138
4f303e47-294d-47a3-afdb-6aabebab8128	1112
4f390f5b-1d3a-45e2-9ea5-8083f1f7dc78	1132
4f3bfcfe-2f93-4784-ba25-996274348485	1118
4f40f65d-5e30-4727-9db7-1297ca0fa8db	1133
4f48c52d-351b-482f-861c-770668e877c3	1080
4f497586-a40b-45be-bb6e-37f1f026ff37	1131
4f4e30c0-8afd-4358-8212-6a00542660bc	892
4f4f04b4-71b8-4113-b9c4-0414313145f0	1059
4f4f059e-93d8-4850-8329-e1d3980c3f65	1071
4f52df54-47dd-4189-959f-a53c9460a2f6	1384
4f58838b-be93-48eb-a49b-59727d37e2ab	1080
4f5ab9ee-e2ba-4643-9f9e-462875768856	1074
4f5b3c6a-3574-445f-9ac2-9eb3b6a05798	1152
4f5c8ba0-0057-4b50-bf5c-298386cb087f	1127
4f67245c-8665-4467-80bd-77cdad019e5a	1063
4f6ab1c1-fe95-40ae-82f3-133d7a43c1ea	1133
4f6b6fda-d5ff-4457-8036-8ba4cca423be	1090
4f75f188-5ffa-49f2-9dd4-976ac7137bba	1057
4f7a1c33-bf1b-4b68-8ca6-3f5b6b036eb3	1136
4f7c04b1-2a15-41ff-844e-2e36a5502dc0	1288
4f88ced1-505e-4e61-87d5-c2bd09bdd308	1138
4f8b400a-2e35-4a99-aa6a-1ba56bd85d2b	1128
4f8f2089-4056-411a-b299-f027c34f34bb	1074
4f92c5d3-0a35-4b88-8404-77250347c727	1077
4f9d0c4f-3cca-4fe7-bb42-a57f0b215565	1079
4f9eeb58-17ab-4028-82d5-a01170b2d0f1	1135
4fa2cbae-23b6-4534-8b7f-39878648a090	1135
4fa2f982-7cc9-45c1-a3ef-1b3e8255cb40	1138
4fa45cd1-c149-4041-ab31-23666079a3c6	1131
4fa961b1-245a-4765-b476-c5dea1f27a2b	1070
4fb1eb2f-3fe8-4c71-b0cb-347efda04c2a	984
4fb1f46a-5d4f-4cc1-9043-9bf2635dd2ab	1145
4fbb1122-98a6-4e46-b271-6ac117815f7d	1137
4fbf7b56-bba8-4180-a7fa-718bca481f39	1054
4fbfe776-13f3-4fd2-b3eb-2a91205d1c9f	1062
4fc0d7ee-b573-472b-b1e7-f0e5461fe2cb	1110
4fc3cf15-4c1c-43e3-81f2-b75f1ead21b8	1115
4fc97251-f318-419d-8bac-a70b64e56c2e	1068
4fcbb5f2-e420-4cfd-92ff-8eb18d17b6b4	1138
4fcda571-a01c-42f5-aa26-811073caabfe	1136
4fcec994-b794-4f06-9dd1-7ca0f4522e91	1062
4fd1af3c-a246-449b-8e43-97853876da70	1068
4fdf0713-0ef0-4301-a9f5-76bee0cd7d99	1058
4fe0d402-84b0-4454-aba3-0c07ea1f2655	1056
4fe6f03a-329a-4fed-bc06-5ecebd39ede0	1143
4fe88631-6119-42a0-937e-db53594fa309	1127
4fea0fa6-a2b1-4199-af41-a3837ecfe892	1109
4fec091d-3220-49cf-ba60-ce373376c20c	1076
4fecaaa0-7011-4893-b355-7a12ffe10831	1086
4ff062af-4c49-486a-9910-6a85e91a80f5	1055
4ff0d099-3ca3-4bd8-8fe2-671013ea392f	1140
4ff1a8a0-6f2c-4d90-b67c-3167d50d2d1d	1138
4ff25e37-42c6-4f1b-96f7-d00b304ea372	1132
50010e91-46ba-42ad-aa6c-6a21adccaddc	1122
5001752e-1ba9-4def-810b-c2334cdb7dc1	977
50023e70-5dda-4abb-9a6e-41a67eec2a76	1137
5004d2a8-be17-403b-900c-f124110d95b5	1040
500f6f58-fbc8-4451-97d1-e8bc53259d25	1123
5010150f-ea46-4a3a-aceb-1035fb40f5a9	1071
5015cae1-3753-41e9-9bc9-6844010d032f	1123
501adc23-9d32-4e66-9a6a-7c873d7c3659	1076
501c59c0-3914-4099-92fb-d108fb4719bd	1034
5021d9a8-8eb8-4362-9065-2df5c9f97b3a	1078
502c5648-b3b7-48a7-9f02-91c424261998	3103
502dd8dd-7ddd-4fb1-be2f-090311ad1b8f	1136
502e465c-d477-4237-9378-d5001d7bee02	1136
502e768f-4e93-40d7-84e3-4f463623e790	1065
50318a49-0f40-4624-877f-2db600ae3590	2035
5031bb67-e412-4f09-bc59-d3c4382f09d1	1078
50324182-e444-466c-94d1-d3759e365998	1018
503403ae-61bc-4b92-8c57-b1590660d098	1129
50375fd1-cb1b-43b8-85f8-a26a0e8f62a6	1067
503d0b66-10f2-43fd-86ae-cdd79aaaef0a	1147
5040071c-fcd2-4110-8d7e-284809beb97f	1136
50430ce4-234f-4d4e-99b3-7374b509da5e	1073
5047e43a-4dd3-4d88-a200-637c8ebf9741	1147
50480cbd-5116-42cc-a29b-bab96d64c200	1074
504b33f0-589f-43a6-a7da-a3f7ffbcc827	1135
504d7210-63d0-4a4a-948c-d02a951d70c8	1126
5051bdf6-884a-4d6e-96a7-bc4ece462113	1056
5054eaee-6a69-46da-a298-5565d8a1088d	1129
505570f6-7e01-405e-a586-8a3308b2f70f	1140
5058c4eb-f2f6-4eef-adfd-7c31f06f26a1	1074
505f380c-ad9c-4bce-89de-7ccf07ece4fa	1081
50602da8-bbed-447f-ab60-64b15f737b1b	1139
506512e0-abcf-4dfe-8999-cad627209d34	1139
5069c7a6-0a33-487a-a466-b6683efba583	1068
5072202c-0d2c-4a3a-921a-39207c7595e3	1080
50743169-270b-4e53-bef6-794aeba1d426	1061
507b8e54-8374-4ee9-b9ce-3366dbfac2a0	993
50888a79-6b2e-4fd3-96ed-e6bf64b71398	1122
508ff62f-b38d-47e8-a209-32f26546c188	1140
508ffce6-53b6-4205-9ae9-39cd791c1af9	1098
5091647c-0045-458b-8d3f-598ca30d669d	1133
5093a975-cfe9-4b77-b625-af27dc205899	1128
5095f608-c805-4f45-88ad-c36741550445	1135
50985f6b-f0f0-4ac2-86c7-19b5396c13d2	1054
50a0c9e2-ae70-41e1-9a36-20c81e820f46	1133
50a5d223-2819-41d5-95fb-a51f718ca0ed	1132
50a68579-55bd-4e51-8ded-9bdc5a54a81b	1133
50a81d43-2efe-4f15-b9ea-75642c14c171	1127
50b01203-512b-4290-9afb-729ad6f37720	1075
50b33e01-ff88-45c4-887a-935624ee9993	1134
50b8a43d-fd49-4712-83c9-87787d944eeb	1066
50bb9229-ff37-4ed1-bef2-4a1c5b5f7081	1100
50bc525a-52fa-4ba5-b80a-29f665764272	1040
50cd2121-aae4-4107-b55c-738c23df4162	1137
50d06f7e-697e-4c1d-9641-5a2ca251410d	1136
50d19a82-f61f-43be-8586-57e55c79b253	1129
50da7438-84cf-416a-a235-6bf5aa9aea80	1068
50ddc9d1-4df2-4ae6-a6d2-3032edd6d239	1077
50e1eb8a-43ed-40ca-818e-9a71e9936a3a	1067
50e212fb-8cfe-4a3a-a1a9-f93e7a5cb1cc	1118
50e31763-c0a8-42d7-a5a3-6fe9194063a4	1139
50e3ab5f-1b7a-471e-a424-99ac012ce40b	1087
50e72c6c-1607-4ffd-97fb-08b4e95eed62	1142
50e9e3af-b2a2-44e7-be81-46656ef71b43	1078
50ebc1c5-c7a1-44e4-ad1c-4c346727c4eb	1117
50ec4820-3d02-4894-8a26-5c0bbd7e18a7	1064
50efe3b8-87b2-42c5-bdb3-46886daf942b	1070
50f67d62-351a-4755-9e19-8fb4eaeb8042	1047
50fba786-b4a0-45b4-b2df-1de4687ff29a	1071
50fc3c93-f32f-4d2c-98b8-8102dd8de469	1076
50fe1a8f-d2cd-4e1f-80c5-5fad7e6a2c80	1080
5103eb36-f647-4ce3-95c4-1df7433479cd	1069
51050a39-04a1-4699-9f1a-35383a631a55	1076
51057b4b-65a8-41cf-b659-39ce8d1845a3	1090
510803ce-95e4-4da9-b064-f9e6d6e1e576	1069
510bb748-2c63-4cb8-a368-9a4b41c34bdf	1134
5110331d-ae52-44d5-ae2e-ab3779efb09a	1138
5111fee0-aee4-4e92-bd8f-13f980d3f6e4	1143
51148b98-dd2b-47bf-aa67-adc296fa1a48	1139
51174ec4-2766-4b99-923a-833b6111b663	1076
511896b8-71cd-4bb4-877d-87739fe92c99	1133
511aa64c-eaa1-4e2e-9e12-8dec887ce800	1132
511e6dfc-456e-4b39-b943-9476c508635c	1130
511f0836-1e13-4cf5-b96a-2de07e23e34f	1026
512049c9-9485-4d9a-917c-d4668d1b3899	1113
5122c397-d30e-4744-80ba-6fff0d739166	1114
5123f0c0-2805-4955-937b-935a230ec449	1128
5124f314-231f-43ef-8136-c0e033d5989e	1077
512a815b-95a8-435c-b580-2d458ac7ff39	1133
512b90cb-3e27-4a8a-a96c-763e12c6ad11	1136
513708da-fca0-4eaf-a483-e5968a1b709c	1140
51375383-635d-4a5f-85b8-898c70c55dd4	1126
513bb45a-3d26-424b-84b7-7e79341e4472	1117
513edf0a-3fee-4eee-9411-08e35062d3a8	1118
513f9f13-3af6-49df-8439-8fda7acb3188	1077
514b997a-83c2-4949-a3ef-f2a307ab2efc	1113
514c1022-4e7e-4604-94f2-7913784af403	1057
514e2e89-395e-48b7-82ca-0c83017c32ac	1129
516069fe-2575-495e-a2e1-501ab98cda7c	1114
51611b43-a8c4-465a-917c-8a5b44503f86	1131
516339b3-fcf3-4054-a91e-0a3538646a13	1113
5166079e-b4e9-4169-9bb6-275a6313e30d	1128
51689a45-3d70-4899-a3e7-da3e7caa9773	1075
516942ef-0e21-4ced-b9ba-7e7de910f981	1099
516d4618-369d-4848-898e-282dd3c5e190	1081
516d77aa-ca1b-4827-818a-f86e0128eb74	1070
51739339-7c0d-4ee1-af55-626d0ed7c42a	1076
5177e57f-3fe9-4813-9034-c6f83b6aa85a	1066
5179305a-8e47-49c0-b216-26bce465b364	1053
5179fd9e-d50a-4f88-8217-6c5351427320	1134
517ace8c-8d2b-4656-abf2-c55bcfd72743	1070
51818a1d-dc4a-42ae-9792-738ff6a59e7b	1129
51873200-4b0d-479e-95d1-46284ac5b8ca	1071
51891e3f-4619-4848-8ea0-6371d7e1e77a	1063
51892c31-a970-4b28-ba2e-8fcf93ee8c1c	1128
518fa859-2e5a-43f9-a4f3-2d15336b9734	1047
5191b5a9-5c51-41c6-9c11-b1a1a48259d9	1044
51982519-ebd8-4b39-ba21-ea800202a93b	1056
519ad173-e973-42b7-9bd0-352eaaaab460	665
519b7127-ddf0-4de2-8c33-1cd2a6a54905	1054
519d9da2-0ba5-41a0-9c7f-b25d347e8d11	1130
51a05bad-7fa5-4d85-96c7-336c096da596	1119
51a07e13-07bf-4354-903c-0bb4be86936f	1075
51a5c58e-410c-4265-8158-2f84c50483b1	1058
51a62c9a-58f5-49c0-bf1e-abb204b00445	1071
51a7dcc1-260c-48f3-8a2b-130bea2f138a	1131
51a8a7b2-7b12-4b4c-9f7f-5e71b32db8d4	1073
51ac3a8d-b54b-403a-9c4e-0ab1d1bfe712	1073
51ad675b-e708-455c-ae83-9a611606b9d0	1131
51afcfc3-f7ca-49ec-94c3-8ffb92e2595a	1130
51b21cea-513c-4cdf-9191-a22eaf3b1a48	1049
51b22ef6-5531-4420-a0d7-089ce50027e8	1068
51b66294-cf45-4fdc-8345-c9af30562a5c	1085
51b78aa2-011c-4404-bb65-5dd081be6f9b	1060
51bb5525-5046-45f6-8480-bf0453d8b7d5	1112
51bcfda4-2502-46a3-beb9-0fde42ae2479	1128
51be5ff3-e759-44d8-b970-ddd8adcf9b78	1107
51c2f4cf-0c36-4e23-b066-3bd099d47fb2	1129
51c44c89-ebc9-437e-a2be-2bfab6950454	1117
51c51d4a-aa83-42f3-be7f-c140f57d2192	1080
51c778a0-7473-4679-9fab-c0886e0b9530	1132
51c7abb0-af8f-4e00-9b3e-b43bf3e50e25	1140
51cd17e0-2a03-4aff-87c6-488084c46d14	1070
51d9a6a3-1b95-429d-9154-42743d3e1f83	1123
51db28c3-86d5-4d1b-a1c5-fcf5cf427eb3	1129
51dd02eb-4534-4379-9a7a-58ffd19b8fea	1135
51eb128e-b1e7-4bc6-a0a7-c5446ec06879	1141
51f123a0-b635-40bc-87f5-06be294817de	1141
51f23412-3224-4df1-bcd6-722838649490	1052
51f62518-d7b4-4c35-b202-55bd5f1ee5fe	1142
51f9612b-fddb-4ef6-a76d-49c9deea3f1a	1049
52017f4d-8230-469f-acda-d92277dd4799	1129
5202fac3-a5aa-4a97-a4a3-04b66d3d9c04	1071
52040a17-81c0-4e12-8665-403c10e35004	1077
52074e75-1832-48b4-8da1-cffb2ed7204e	1140
52082c6f-b562-4c8c-ac67-a3ee0c16a80d	1109
520dbdb8-aba2-4b9f-9f73-e6b7846a7bc0	1119
5211bd53-e82b-4a7b-bd84-2db566c29c70	1067
52136738-31ac-4b19-a322-df2ff3406a06	1104
521466f3-af30-41bb-bb63-0099734ae285	1078
521dd53e-4d40-4525-93d9-868d8a0e134e	1137
521e852d-8aa7-45df-a89b-2fc1847a9ae1	1105
5228c602-f2e7-4640-9c62-292705da361f	1121
522a7587-d230-4293-8c05-809c9d9a4d0c	1140
522b870a-72fe-4a40-9fb7-1ba6d782405f	1127
523027fb-d4af-473e-a7dd-d075fd65e1a0	1137
52304355-24de-4655-aec6-34bba9d1d962	1128
52319bb2-ee09-47b3-afd5-5ba9025b1e1d	1136
52339911-baa1-4b02-96ec-1738d2a58817	1077
523a0ab4-60c2-41cb-8b01-a0a66aeb0977	1094
523d4f06-a202-4ac0-8c0d-add28a2afe04	1140
523fdb84-a6c5-4226-9490-efd082ce0759	1076
524266e2-a645-47a2-a14e-b04f4f2cf33f	1113
52475551-a24f-4e20-8110-d8592cbe1d14	1136
52479dad-456f-4c37-a44f-dd58a6cb217c	1068
5249194c-1d99-4601-8a9f-00c90599a945	1137
524d07c4-e365-4f4e-89d0-30b2ee7fe716	2087
524e4f6b-3589-4a79-88a1-7fa14a38cdf4	1130
524e9c1e-ce53-43db-aecb-cbffd699bc88	1128
52563980-4570-4644-b9c3-00246f7cf056	1069
52582249-011e-434d-ba73-c632adc1c5b3	1068
5258e454-e37b-43b2-a96c-e7ecdd54c992	1137
525bc832-b0fb-452d-906c-ba59209390ed	1131
52622b1f-cf4a-42fd-91a2-556314dca6dc	1065
52624ec4-c823-4725-9dbf-362250c0d330	1068
52641ae9-9751-41d8-b94b-ea72db2fc221	1133
5267166b-e2d4-496e-9289-141e4016ee30	1055
526952b9-5bbc-4f82-bef7-8c1e7d6f25c0	1026
526b7296-07a5-4ae1-8223-d65cb0dca5d3	1127
526babf1-1b21-469b-9afd-9d0f436c341c	1132
527b6f77-ad15-458b-bd8b-09886cc7e948	1049
52803595-cd62-4598-b781-6a0812d2902e	1064
5280dc23-e505-4fa5-8241-79ce59d27733	1138
52837491-48b2-4170-816f-fffd94dcbb48	1074
528ba44d-613d-43b7-ae9d-d85d67c01158	1074
528d6093-29d1-4fb0-a233-9ad9b61be4ca	994
528fea88-3026-493b-a592-6ebe5292f91f	1078
5296e6ba-9234-426a-8436-40a74a7d3a41	1134
52976e91-7b5e-4cb8-8b9f-80d33247582f	1068
529947b1-d4bf-4218-9de9-9a3a43f46196	1136
529981c6-4c67-499f-8845-fb16c7167414	1121
529aaca8-0ebc-49e7-9fd8-260bf98fcc04	1133
52a466ff-64a0-4ee9-9e63-e539802ab4c7	1078
52a91d3c-45d8-4b99-bc51-c05e23b811aa	1129
52aae74c-b8c3-43a9-af8c-65c91b41d635	1069
52abbcb5-8a03-4296-8982-90124ee43e59	1130
52b706aa-21e2-4e08-b0b7-04f947689cc8	1066
52bb3782-dcde-4116-bd0b-0dec72242b96	1084
52bbbc7b-ee7a-4dc8-bad0-dadcf096d74e	1137
52bc3b40-ee43-438c-9554-69e6d46548fc	1062
52bedcf0-13ef-492c-800f-a6eee98f104b	1140
52c051c0-a2b5-4d72-b877-19ca5f56c64b	1061
52c5a321-f5dd-4b97-bcff-1cbf7762689e	1071
52c9bf02-f230-44aa-98fc-175ca46a6e4e	1059
52d1c97d-c1ef-4fe1-b792-3c8184e7806d	1101
52d2e518-0098-4753-b805-1bae9e2642f7	1132
52dae4d6-0ea8-4a81-8838-7f3e74fe5ce1	1064
52e03aa3-0206-457d-a280-87426e3b2a5b	1082
52ef28d3-06f3-48b9-bd23-712980263af9	1053
52f9ae4e-ed4d-4bf3-b08e-005e2b03936b	1069
52fd30e1-e7ca-4953-ae89-e05c58be5973	3061
52fdf0a7-80bd-458e-9b81-0d131c5be3bd	1133
53044820-5fa7-4381-abb0-9c7ce52f978f	1072
5304cc88-7c8c-4a2a-bc6d-7b50de149d0e	1041
5305d403-5cdc-4ee7-af04-8300b621d855	1140
53089333-581f-4026-bc52-b3a22a8ee954	988
530bb289-bf96-4957-85e2-c9db70164bde	1079
5315e7c9-1a7b-4952-a77a-b7b1973fd300	1047
531d87a1-4f2f-4c06-84e2-2f38251d8c36	1054
5328871a-5594-476c-9d72-ab60c014bc67	1106
5332c0f3-26e0-46b9-9aca-fb01454da4de	1076
53387166-64cf-4152-b1b0-449ddd48f238	1071
5339e514-9975-4027-8505-d0acda100b0d	1094
533a1dbd-bf10-4ed4-95e5-e2b3f174f38e	1126
5340f507-f308-4ebf-b899-68ffb13149d5	1077
53413610-970d-45e9-b797-4fb1294648e1	1128
5341fb2f-577a-43e7-a327-1c52d446962f	1074
53451fab-eb14-4cd6-afb8-3ed1926a9f7e	1064
5348c748-4588-421c-9bc3-6db7e4615cc1	1131
5349a584-ebcf-4767-bbe9-e395cf8cba2e	1120
534ad5c5-91a4-4193-9a42-708c35cc7280	1060
534e7e55-0f5a-4d56-bd5a-a8887e081c9f	1071
53506a93-26c4-4fee-b284-8cad57a7e59d	1131
5350f633-368a-4df3-9f25-bf4ff6d8e6e6	1144
53534c55-a48d-4229-9425-1c055dc56aae	1135
5353b7a0-400d-4fd1-93bb-e87c2da38f48	1141
53547a42-b52c-4cd3-9846-c8ffb70723ca	1068
53554b62-6237-4ca2-af51-0342047f766e	1047
535d6119-1151-42af-a55b-3aa55d4bc42c	1354
535eb86d-cf42-4604-ab8b-abb47bf08172	1075
535ec34c-7e91-4c72-8fc9-bca4fe35cf86	1142
535f0097-6fbb-4d58-92de-21923096c35b	1080
536383e4-e071-4c63-831d-9bd085a9ff2d	1066
5363d6be-aade-4a87-b888-e1c69237c449	1128
5364be9c-1744-4d6f-b4fc-db9f08331f25	1130
53691a23-b91e-424c-8acb-a15e926c2b56	1072
536f6a57-d07d-4786-85c0-3b0137f1c449	1140
537324a0-8c7b-4e66-903e-7610927c09d5	1091
53749cd3-460e-4ea2-a9be-9c20dc97b4ac	1132
5377546a-1f43-41cb-a075-025c5b3ab5a1	727
537b512a-b255-4655-a030-9b29b5c5cd34	1127
537c5f86-d753-4c19-9f79-7eff81b545ed	1068
5381913f-4a00-4b62-88b9-95b4a177160f	1128
53835675-e1a7-48b6-a19d-00e16114f14b	1079
5386ede1-c84d-4d72-b942-a82a1af95dbd	1137
5390c084-7a27-4bee-856c-1d2f9549a8d9	1068
53924ced-8eca-4485-8968-803ab845baa8	999
53940d07-97cb-4633-b65f-5eb7f6b450dd	1056
5395b3c0-000a-4537-8bec-23f71dd4ad6c	1132
539a2255-e8e2-45f4-9462-b24e811a4196	1059
539aca79-9d0c-420a-9f3f-d683da29bce4	1141
539b0f59-1038-428b-ad5c-563398fd9e97	1129
53a546c4-2966-4aac-af3a-5bf42ea66db4	1120
53a6ea84-2dec-447c-92fc-aa554ff26990	1124
53a7fec2-cbc8-4a9d-b6b9-af70bfb6e047	1080
53b08b5a-1aa7-43d9-976d-6c2dff4fb350	1128
53b1ffee-c3cf-4314-97af-b2e0a459caf0	1071
53b38164-9732-47a4-9785-d8cee5ed195a	1120
53b8d5f4-8387-4351-a3ba-befc52dc9c20	1078
53c3aa7f-6c39-4b9f-962e-9c56410ca630	1054
53c45b8b-def1-4e09-a474-6469e794a270	1116
53c5ed30-d22f-41b6-9d91-1d11eec21a83	1149
53c83bba-575c-4df4-9bf8-1bdcedb60b2b	1125
53c965f2-e4cb-47d2-ada8-e18693e728c2	1066
53cb6aee-985c-4ddf-b471-80c968de2c90	1132
53cc811f-ef3e-4b41-8575-dd15152cabf7	1132
53d57f4b-4c13-4c15-b1ed-39b68c1243e9	1125
53d972f7-232d-4909-a652-b3cca6cacfd2	1072
53db95e8-449a-49f6-bcb0-a7eb70538bc7	1061
53de272f-13ec-4697-ad2f-0ad129ee3c68	991
53de36f8-adaa-46f3-bb18-3108b6661b7f	1093
53e09798-857d-44fa-9e86-fa35f688e931	1137
53e84996-1c2d-4200-81cf-04a695afa282	1073
53ee2b97-b0c8-4a3a-996a-fb2e85597aa8	1125
53f3eab1-b11f-41dd-9222-a8531de42aad	1079
53f51cd9-929d-4709-af90-1c1a897b86ef	1075
53f8cf89-e9e9-49f9-bbb3-8f29528e1cd3	1142
53fbec7c-985d-4df6-98e9-f92aa606cc60	414
5405ca79-a883-4f82-9fe7-6a9b695e6f0c	1112
5406a48f-682b-4401-beb2-2b2f51b60476	1139
540803fc-4b7d-472e-a0fe-49c67564aa37	1125
54084214-9407-4be7-8989-d6fd0664149c	1346
540993ae-83d1-448a-a675-298cc95175af	1070
540a845b-d2fe-4c68-9371-1810c2e64615	1136
540b6a0d-6acc-492e-a5ab-40bebd7c6fea	1123
540f7a3c-97de-4abf-8076-d4b2059c1571	1174
5410bffb-0553-41e5-a90e-701538a3ede4	1032
5412aacc-1fad-4437-b60d-c96592cbca0a	1044
5412aca8-5cc8-41cb-9189-45e8dd874e58	1110
541d646a-ee2a-42b2-ace2-81b9128b5735	1139
54204dde-8a90-4ccd-aa4b-681666c7da8f	1077
5420a94e-01c0-486a-8270-807d69966f12	1076
5421e5a2-8e51-4fc0-9086-175295efc20c	1142
5424faa1-f6f7-48aa-9300-65cfe3a6c640	1074
54259645-ef93-476d-9d79-07f98d1031f2	1112
54296b69-3f91-4bc3-a895-3edc6d5f5205	1075
542a89d0-477c-414a-9fae-83663e3440ce	1138
542da1ee-07bc-4b8a-b4f5-31dbb34ab6df	1138
54307f0a-9318-4ec4-a9d4-3ef2e3a2eea4	1123
5430ce26-ec7f-4c1d-9b73-4d3af1351e9d	1134
5432d8d8-1d07-4384-bf47-fa4391249654	1077
54339be8-c8e9-4d88-9628-fd19fdb067c9	1139
5433fa55-8bd5-4827-8c71-8e207094ffc0	1120
5434d551-b627-4030-89c6-4dd54df51e33	1051
5434ef60-85e0-4657-b062-2d1e3f18f728	1073
5438621d-7ad3-47f7-bb47-b65137f76969	1117
543d0976-e043-41bf-a94a-e59b9d8f3b78	1075
5445b6b0-8588-49f8-92fd-0c22ecd17760	1065
54481dce-2d35-40d9-9c9e-5ae046f84c14	1066
544f05c3-2ed6-4c71-a47a-41c2b8c20502	1127
5454464d-3a42-4f51-a7cf-9586e18e44f1	1141
545e20d6-1da5-4075-917a-d3088b2fa5a5	1130
54602e19-0957-4824-8423-75e35c0073a3	1064
54659945-a8f9-4ac6-9b7e-2291ade16710	1062
5465b0d6-9493-45b6-8ff4-ecd8457c327a	1132
546a4ff8-bee9-4cbb-a8b8-72b631d39ab6	1138
5470f8e0-b37e-433a-973a-eee75b2c5a99	1068
5473403e-1379-44a3-9527-529da2f6577b	1089
5473ea59-5ab8-454f-9576-8b9b445b3c19	1071
5474f6df-1940-42f4-8699-7dd15695f485	1004
54757f5c-bad8-40f6-9465-2a5872f67b70	1068
5479dd41-3f2b-4e8a-9025-0073c7fd1929	1878
547c89c5-60f0-481d-a53f-3246f70adc0a	1119
547f039d-75e0-4107-bba1-1da34b5bf33f	1130
547f8c9c-5a4e-4953-9d84-818111b84367	1119
5482f65f-25d5-4fe3-93b6-86657a7e240a	1075
5487d2f9-bc1a-4157-882f-090e3eb0b095	1073
5488590e-2cad-4c61-a908-89c929bc7fc6	1068
548e2210-b11b-4b2b-ba94-caf62238508a	1126
548ef246-a5d8-449e-9936-78b1e8e61c14	1138
5494035d-3b46-4bfd-b1b5-56e80f0071bd	1132
549f6f30-02d3-433a-98fb-8250ad436acd	1134
54a0a69e-a7f4-4110-88c4-98ca0fb707ff	994
54a2a867-c257-4d86-beb6-4469cb8b8c56	1130
54b8349d-3b3d-41ce-a00f-d164e538a9d3	1075
54bcc92c-995a-4d6c-96ef-c9f4d1d4cf2f	1117
54bd3e03-612f-4fac-8453-e61d2ec732e1	1214
54c04ce5-e573-437c-9c05-6bee4d022eb3	1138
54c77389-b517-4a02-aa67-087f9601a28e	1136
54c8f4b6-9129-4bed-8087-bec44974d374	1067
54cab997-60f0-4e82-afaf-0ee3d6c6ca35	1129
54d7d15a-0671-4fed-8ff5-6a63b87e7a6c	1077
54dda554-a1fa-43b6-9020-65325011d70b	1137
54e00e6a-383c-41e1-80fb-ef2fec10b0ed	1051
54e32bd0-eb99-4268-935d-2043a17c570f	1125
54e41a05-ae69-4c4f-b55a-c799a4ac3da3	1065
54e55980-da24-4d2c-8299-2900fee30f6f	1124
54e8bcb3-6552-4686-8da0-cc7d3a63eaa1	1134
54ea8cae-f1e8-4871-a24c-81769722e481	1131
54ebe632-de1c-45b0-9cc8-13c27b78650f	1057
54f216e6-3603-4df6-9c0c-b1a22354741f	473
54f7bcac-f447-422d-b1b0-8a0e11eb91fb	1074
54f87d74-8eac-4663-b98c-512c6d40c405	1137
54fa0da6-892c-47f3-bf72-ce314e21e8bf	1130
54fb2906-fd3d-4f43-bee5-353ff3cf60d8	1136
54fbcf2a-e40d-4cfe-b9d6-cefa4a5ef880	1082
54fc107f-e0ff-462f-8a4f-0fed1cd9667c	1137
5502b930-3c97-406d-8042-90ebbaab7504	987
5504d4d6-b960-444f-904c-faedb43a61f8	1056
5505dc09-a589-4481-bdd7-c6713bf102c4	1115
550be204-73ad-4ef1-a4e1-b78692a442b4	1078
550ef332-06cf-42df-82d9-a01019a7fe08	1069
55101e2f-eb5f-4e9e-b5f1-4440f1edf204	1061
5510b28e-f083-43e3-9d8c-567702786fbd	1078
5513fb4b-dfa3-465e-abab-d9253f8acba9	1133
55181726-b1cf-4519-9ce4-550ceb4326dd	1136
551a803e-58c1-45ee-a20b-25ff8c972ca4	1079
551ab231-6b28-489f-8a74-f2ac9a4533b3	1124
551cb980-3759-48fb-a963-8008380af642	1068
551ff1d7-15c4-4b52-aa4a-d23430cdcd3f	1130
5520471a-343e-4dbd-9a72-48dc11f8133c	1072
55222b94-aec7-4771-9f2b-c81f78de0674	1078
5524bf86-e63e-4503-b0f0-f7f714acdbd8	1136
55255259-06f1-48ae-80ea-f400278b0c5e	1075
5528ab23-5816-4e79-8325-7716b1129f98	1115
552b95a7-935a-4528-a349-fd17d6bfc8bf	1140
553e1843-f9c6-45c5-a1dd-3fd98bc9ea22	1135
55433bf3-fd44-471c-b5b9-943166076239	1094
55443261-1092-4459-b701-10372b163e3e	1136
554643cd-8d28-4096-b31e-435f6125a9d9	1135
5546475f-5d97-4221-8af2-8d0e1237887e	1116
554698cd-094e-42eb-b06f-46ab9d30a505	1047
55491748-6b8f-4e70-a0ea-a2566c5e3331	1063
55575851-263e-4cd2-bd12-27b9c0f3b52a	1066
55576c27-1230-4513-ac59-66865190f58d	1139
555aa36a-4beb-4389-b971-9849b7c02b77	1077
5561fcd5-8d3e-4fd2-b4a5-31b870d95a12	1074
556399fe-9518-4844-9e63-45f533200e4e	1075
5568931a-1438-4da0-ae78-3f342a9d887f	1140
55712e8a-fd0e-4f78-8a91-3790926aba1a	1075
557acff1-44a6-4fd1-a523-ce76b427000d	1133
557d1bb7-2ea5-401c-bd70-d2d5de6be55e	1071
558c9f2b-4717-4459-98ae-e7c16adb3814	1281
558d6bee-f5f6-4bad-af9c-c1c852d1c319	1168
55931b46-7cdf-4550-aa57-c9cd87d090d7	1085
55946a2a-7d0c-4dc2-91db-b9d21b0fac61	1070
55977ac8-3d30-44d7-8777-735856ebbf99	1143
559b216b-4b04-4d4d-af7b-305ffc21f858	989
559b2c4b-29cf-4f83-83a8-7d0290697444	669
55a15c49-2440-403e-a18a-b145d78b02d6	1123
55a40bde-4805-4aff-9d2e-d470398b5480	1053
55a52e0e-2c18-4f95-b621-4a4ef8ab6800	1048
55a7b154-9364-4ee1-aca0-9d8445abce34	1125
55a82ca1-d62b-43f6-89ed-dfaeb39b0f97	1142
55a8562e-8473-4bf4-bb12-e50701636128	986
55ab4f34-8127-4e0a-9871-752844b58c0b	1142
55ac8805-b081-4364-a719-f0ee65e17a51	1036
55ac8e1a-36ec-4e68-92d5-a00eb984a1d5	1074
55b272c8-2c2e-4482-9bbe-eb8da77c2e00	1069
55b81aa6-0614-465e-b30f-be591268b864	1134
55babc66-45ca-46d0-ac3e-879c45be97cd	1065
55c1f44f-7318-428d-8b89-8419fd793c4a	1072
55c60e5b-5126-4ee4-af91-47ae56ace06b	1069
55c7206a-49de-47dc-8b00-2f3bf0cb8188	1057
55c90f93-c635-4fe2-89a9-ec1e07085d09	1069
55ca7ad1-d601-4dca-afee-6e3c9b32c03a	1131
55ca9505-1e4f-40f6-ad94-31f976b1fbc9	1402
55cc0480-5e9d-4a78-834f-ae5e84a41fa0	1145
55d1f50b-0f47-49e2-8648-3d9187c8dfb2	1137
55d20559-27d5-47db-b273-31b4c22a6781	1073
55e5d85a-9bac-4e72-beac-acc3fb45f11e	481
55e6c94c-923d-43e8-9fb5-5c5a9457bb81	1137
55e9ebf4-ee54-4293-843c-d4b56d79bd4d	984
55f37f8d-2708-4c12-9b1f-8ca458cf92ab	1107
55fa8e3f-7e4c-428b-ab8b-8d019902b0a3	1069
56091981-5ee9-40fc-af48-e0faee211ec1	1071
560c4db5-022d-48c9-a5b8-a871f8704c37	1119
560c743f-9d20-4999-b18f-a85e5f69e753	1134
560cecb9-9684-4717-8607-f8d05edc17c7	1130
5610c208-900e-4773-9ba0-538468929417	1127
5613e9a7-8419-40a2-ac1d-16bb447bca3d	1139
561ffb19-e125-4199-91eb-98d05b092942	1078
56261e56-8b04-4d2c-8227-880bb2cef478	1026
563048eb-60a2-4590-b037-168ca90da757	1127
5630745e-6695-49f0-8b48-e1ae9e7cba1a	1138
5631fcbe-cefb-4a06-a008-ac3b0e399e88	1128
56331c75-e279-44da-84ed-355fe07d864b	1093
56337830-9063-410d-b200-ef911ac2e723	1065
5633d738-a049-4ef8-a957-0f08d2e86097	1084
563443d8-0d07-4727-bbac-6f08e91970f9	895
56351613-cd6a-4928-8c2b-25d38d52b3cf	1124
563a91ea-2a4b-44b8-94a5-ab90d6469d10	1119
563dc22d-f419-45bc-8301-af0924cf91e5	1080
564099a1-bd89-4836-aa8b-76c75a4569f2	1080
5642e271-1a05-4108-85d2-ecfa9389d673	1137
5646e7cc-bd9d-4344-bf8c-88d9ebedaffd	1000
564cfe66-fb8d-4792-bf93-e90fd1e91b2c	1136
56537e41-37e1-4299-9b83-cc0f2519c5e3	1074
565bd1db-5852-4379-9568-ff74c7115cf4	1072
565d58c9-1d24-42fe-9ce3-e2610d1bc53d	1068
565f70cc-265a-4077-a4fd-a281e22466d9	1103
565f7466-eecb-48b6-a30e-61dfe50b3316	1123
566a5f6b-c7ab-43c0-ae70-83922db398bc	1133
566d9e26-ae05-4c7d-8f12-5727f64e416a	1077
566f13d9-efab-4af7-8239-ac4b9dc02e3f	1123
56725314-39af-40a1-9f9c-3c52f7af75aa	1123
56731895-440e-42b9-8c87-8c2471c39a19	1064
567374ac-e66a-46f3-8f9c-a6e4b063ef92	1081
56751b15-5feb-4857-87c9-cfd02e1b4098	1073
5679dbd0-eef9-4f04-91a8-da37fd8a162c	1119
567caadb-faca-4f4b-afea-e8040c7991be	1136
567d8510-f23e-43ee-832a-c49b2cc4f26f	1054
567f67fc-9f6d-470c-a55a-9ca498ff2d45	1050
567ff180-396d-44ce-8c58-96e9a873f430	1124
56852f98-afe5-49e5-abef-721d95a22b43	1135
56856930-83f5-4d27-bf0c-cf3f5795a39e	1131
5686dbb6-aaa4-41f2-8906-c6327dc33201	1129
5687d244-0b5f-4195-9a75-a315e9c2b9c1	1031
5688b407-cead-46e8-9166-1573ac7ec60b	1111
568dde1c-9500-40c7-87e4-a8538537032c	1139
568f10ef-0129-4ed3-bb67-89fe7f95ac16	1114
5694ac32-4342-4fca-bc7f-8c75d2dc74f7	1057
569957ce-55e5-41ba-99c7-b2138a3dfe33	1001
569a44e9-6299-4776-9e84-973a2c2033bb	1128
569a4620-fc65-4da3-9c5b-0b7b448f112b	1130
569dba9f-3963-420a-953f-6e6e6c1275f2	1138
56a371e7-e40b-4a29-9d97-cca28f298e50	1077
56a45d40-e15b-40be-99cb-014fbbdf73da	1136
56a68bb0-e911-40a5-a1c2-76562791e23c	1080
56a79ada-157d-4058-ba97-adfe50ad59c6	1125
56a7e540-0d1e-446d-b9f8-8474f068a601	1133
56a97ef5-941b-40bd-8f2e-bc0dd78d9762	1065
56ab2172-484e-428f-aba3-395ad85bffda	1133
56ad6674-1560-43c0-945b-f278f4114a2f	1063
56af548b-49c9-4a17-a176-073fedf4eb3a	1124
56b2ddb5-0f4d-405e-9c9a-58c3be175a10	1077
56b5eeb7-70a2-44e0-b015-1680e04da995	1077
56b71700-229a-4223-bc28-8ff4f0fa731c	1136
56b937d3-5960-43e6-93ef-6502a8d8d36a	1139
56be1baf-fd4c-420a-960f-8aa30e6f4ecc	404
56be77ac-f527-4437-8e1c-0c370582607d	1078
56c4112e-29ae-49e2-8540-1c962ea2148b	1082
56c46513-00dc-4d75-9e79-536b70d375b5	1040
56c74923-6334-42cc-b4c1-24768f22c09d	1132
56c9cfc3-b545-4c29-8f32-69de3847639f	1128
56cda844-a066-41d4-8ff1-d60c666ea13e	1067
56ce18f3-78bd-48e7-a57c-1cad6533f745	1059
56d8b1f1-3ce6-4598-bc94-b0416c4c9913	1133
56e7d234-1436-4a92-9c77-4ddb72aae01a	1054
56f17b66-79a8-4022-adc4-7e1cc904eb8b	1060
56fbe5a1-6d78-4ce2-8598-bfd68990746c	1077
57003f39-7806-418e-bbc7-e55c3c6cf446	1134
57041df5-78d0-4dd9-b8b6-b04cee38cee4	2130
570d5b02-ec27-4212-a6de-2c4d2427b301	1126
570e78d4-4318-438a-b18f-b486404aceb9	1126
5719cede-c574-4789-826f-8438cfd61f9c	1069
571bfd8d-d587-4dfc-b524-b25c2a3e73cd	1058
5725b0a7-9884-4fb0-9f04-05ea501f97b5	988
572969c1-eda5-486a-9f25-e7c27729d88a	1135
572bdd60-2c33-49b2-b017-78e702d487da	1057
572eef24-04a5-4969-82ab-d25a5aeb6d63	449
5730d229-cbb3-4a0b-92b2-f62702391311	1074
5734d8b5-2827-4e7d-9275-655e52895d78	1069
573dee6f-eaa4-4359-8e3c-fde4548cedcf	1078
573f4c73-2ca3-4d2a-b6e4-6d004991bc4d	1072
5746dec9-de80-4af7-bb4c-9bdb58f6b37a	1074
574a8a15-b882-40f1-a6b4-2a2f0b09a5ae	1076
574b8e84-3f29-4a78-8505-892dbb4efed2	1142
5754a275-bfc3-4988-a038-ab2f0ac4a0f5	983
57594d68-6d19-491e-a860-1d6a8abfca11	1051
575fa8c4-815c-48d6-b913-176835ead38e	1102
5764264f-2373-4e1a-a93c-0f7be22a3ff7	1132
5766cb81-b427-40a6-b3f5-220793e6c19b	1057
5767dd0b-f9f1-4796-a665-b4145891ce93	1140
576bdca1-9e1d-4bf2-8b58-0dd1363fb570	1072
5773af15-e1d1-4d2d-8710-6986da38eb67	1140
577ac110-74b6-445d-b656-b874f439bed0	1131
577c38c6-db86-410f-8113-03c3647ce9d7	1070
57822760-2d0e-4a91-be6a-c91be73bbb5d	1069
57862139-0e68-4ec5-9a1c-5a7a73d353bd	1081
57866778-47b0-4501-b25a-cd451af8c8e5	1032
578678ad-e9f7-4912-aac9-4ad6f723cc10	1072
578a6c76-5f42-4e81-a0d4-ce37160c979f	1075
578f52a7-6fd4-4438-9b81-d736c9a9716e	1142
5795adb9-9182-4483-8324-e880aa1fd5a5	1062
5797f0bc-5b19-4506-9e06-155a35f943ef	969
5799774e-08dc-4bfe-a9ed-f36e9e826ea6	1062
57a1e7ab-c6bd-4558-9b30-d17bbdfe4921	1044
57a4da2e-5b7c-498b-9cf1-d03e4b822c0d	1134
57a6cf23-6a71-4428-bdfb-51df4c1b31cd	1069
57abb3a2-d88e-4bb9-878f-8e490f117a6a	1115
57acc0ec-1a80-4b32-b0d0-4cd4e9233fe4	1063
57ad55bc-62f3-4480-a450-529cb95221f4	1081
57ad68ed-683d-4cd1-b898-c1b8289dc5b7	1141
57b3533f-5b0f-48f2-80a1-80db1f97e778	1114
57b6d012-75d5-4e41-87c0-d80d1a6d485b	1073
57b6e66e-29b1-462b-a0f6-0ff37834847a	1131
57b71d32-3e4f-4e7d-a74e-c4f86bb5d99a	1135
57c0acf6-b95d-46b5-b21c-48f8e9cb8fa4	1138
57c1fd49-917c-4532-8a8f-fd784f45b5a0	1077
57c43791-e850-416a-9be7-8b9c17aaf939	1045
57c55616-69aa-4688-908a-65ba5065ffdb	1136
57c7778c-c6ee-48e4-83ee-7943bef12426	1142
57cb21ac-235c-4331-96ee-dcc430a03e6c	1051
57d0197d-f3de-4635-8115-c64d8fd6905d	1342
57d1f045-cf31-471d-80e2-53fdcb14c4f9	1085
57d88dff-0535-4a2f-bf12-74580ab70be6	988
57da4baa-f7db-44be-9c85-672e4d324820	1073
57dc04fb-699f-41fa-9cb1-4aa4b4a4b59c	1103
57dd6f6f-1de5-4d41-8279-7feffd472f03	1066
57ddad3e-de2f-4e03-802d-bbc291861ab2	1140
57ddc459-9537-4917-b084-318738567585	1122
57e68317-9d7b-402a-b88d-1d0265447c2a	1143
57e8b452-4488-4f6e-b563-c94d7667e0a8	1138
57e9166a-82f9-4f91-8cbe-79f86e1c7a2a	1132
57f07aa4-5e35-4026-9b12-3249be8054c7	1079
57f3b357-9de8-4750-a295-49493fbd3f34	1294
57fb4ad3-8c7a-4c9a-9307-db3b306ebaa7	1069
57fbe49b-714a-4617-9773-6a29a7ed2301	1076
58004912-8a91-45b3-bd66-2ac7599f1e5a	1137
5803515c-6643-43e7-94b0-ba77e948fc84	1048
5804517e-eb04-4ace-ad09-8915724d6b00	1063
58071e75-bde4-4052-a13c-8ba122ec58c9	1126
5807c480-df0f-48e6-a289-3e0f4afc15f0	1083
5808d805-ff95-4bde-af25-f46e302c93a0	1105
580c03c3-77e7-4163-be6d-43cb26bfbe48	1076
580cedc8-9ba0-4c5a-9805-634609ddcd99	1078
5813b36e-02dc-41c9-bff2-8f2ad1d5a919	1139
5813d68b-1260-4b3b-ae2b-e8ed29942a7c	1138
5818a7f6-c076-406e-b60f-0c3e6bcaf7d8	1123
581ab2b2-db34-400e-a7a7-c9aada150abf	1079
581b4235-894a-47ec-8de9-bb884c9153b4	995
581b80a5-d341-4fba-847e-7f7e66a809fc	1111
581bb50d-8c71-4a75-a1da-d7d4586d4689	1063
581e1cda-c488-4353-a669-0a807f51c841	1086
5821419b-d63a-47b2-9815-119aa6320290	1116
58226f4d-46dc-4f40-95a5-fcb19b2b6861	1132
5823bd70-17a6-48dc-90e5-86f85cec64b2	1041
58262041-79d4-45fe-a6a8-24b89070e3f3	1058
5827683f-d14f-476b-92ef-3229482ea49e	1070
582a314a-77cf-4ab8-8831-339c846d0c5b	985
582bd632-3b5a-4178-9f3a-cd483b50a847	1071
58335dac-4aad-4a67-8f32-d2270b994f31	1063
5835e05d-1402-460e-9166-8eec8f7cdfe2	1063
583910aa-9484-4c8a-be77-5fecf26df3db	1138
583a3205-883d-4088-897a-bed4e661511f	1127
583bf9de-bde5-4a2a-b4bd-324a800014db	1058
583eaa2a-f36a-4542-87a2-930f64faa0db	1071
58417ebf-262f-44cd-af4b-a638effc0d4e	1080
584472f1-4c59-4fac-8c18-0fd790114968	1119
58448470-9bb9-467d-8922-b6ca186fced2	1117
5849806b-8792-4b38-b3cd-772883068c8f	1075
584af026-8ca8-4060-ab0a-72cb5745fb10	1129
584b9eb1-74cc-4aa7-8438-66d7f9fda89a	1079
584f640e-63f8-44e2-b5c7-faa20f30c26c	1139
5851c654-5a5c-4f8b-be37-2904e8a40c1f	1133
58587bc0-3f0c-4115-8a0d-2577b198c012	1042
58589602-a5dc-4110-a223-92b96908bd31	1128
58597ed9-54cb-4216-b9e7-8436687af3c4	1119
5863d0e4-c181-4a06-bfb1-2a29138b5be2	972
58656ca6-45e9-4bc7-bac9-48eb415d7ef2	1137
5866af22-d38b-4b16-bd99-1cf1d8605942	1128
586ef328-3b39-4900-942b-c10f42c99220	1043
586f182a-e269-4cc0-9ceb-069ee757235b	1144
58705fc7-f4b7-4916-8af2-180762568d8f	1087
5870c678-857c-45a4-8653-2265991652ea	1142
58770b26-ef35-4df8-b002-c4063ad57f69	1143
587ddaf0-009b-4a4a-a5da-976714733072	1073
587ee221-4c8a-434b-8ea7-b553c4f6ec5a	1134
58813bc0-e6b1-40a8-b5c9-bbed02022458	1078
5881cc12-caea-4bb7-8419-5419b1b1ae1a	1050
5884ed6d-9cf9-41a5-ac78-5684ea396b5e	1129
58853a06-c509-464e-b170-380818fa3a2f	1108
588a625e-a683-4e94-8495-334adb6b8814	1039
588cc280-10c9-440a-a094-1b05fed5b278	1124
588e49c1-4322-4591-8b69-b09dd645b40f	1131
588fbdce-700b-4fce-9d10-28836b2d8b3c	1133
5890d78c-0f97-491f-83a1-a51a011d139d	1064
5891fb80-4b86-40d8-8458-c79a88b790af	1057
5892ad88-6962-4e83-8461-16514f074f11	1136
5895a7dc-ff52-43e9-bb7f-904d92a32d4a	1127
5895e4bd-53df-416d-ae00-264011e61ef6	1072
5896c82f-47e6-4998-b07d-d872c5a1ff3b	1062
589a7038-e453-4c8d-a0be-73d170bb4b38	1137
589e58a6-ff38-4536-9819-bb335690c978	1073
58a08d60-db84-4114-9ce3-a285c97c9af1	1142
58a129c0-5719-4ec7-9024-7db57103cda2	1123
58a1e37b-2bc7-4f9b-bbf7-73c7a7462cd4	1141
58a21c90-d8d1-4385-b39d-b6d145300003	1083
58a57a33-97c7-4e5c-af0c-9fdbb0b7f1ad	1056
58ac517c-eed1-4658-8071-9362e4d74852	1144
58accdd8-d1bc-4634-a96a-f2427239f6d1	1117
58b732a1-b9ec-412a-8e82-4ea0aed2dd46	1052
58bc1146-39ee-49c9-bfe7-37166c08e318	1142
58bfb5cc-aa2b-4284-98ab-76c7217d9243	1129
58c09353-f9b8-4275-9181-025bcda29ac5	1128
58c36e7a-48dc-461a-8f76-c6a661200657	1059
58c6f377-75bf-4ad6-bea1-8b95045c2b3c	1126
58c72836-a1c5-4467-9d90-3d7a400ee10b	1138
58c9e3ce-1e15-48a9-acdc-7dd883a3a6b9	1132
58d06963-6f17-43f0-bb8a-c75eded1d3cd	1064
58d12ebd-7ee6-4cd4-80fd-d108f06a144e	1068
58d55730-233f-42b9-921c-e7b155bf53de	1137
58d8bfec-d2ae-4be9-894f-8a163a07e3bb	1121
58dd154a-d5c9-4bb7-8376-d269c37f26e2	1129
58e934fa-332e-4f5d-920b-7301469686a5	1063
58ef1ac0-873c-4021-893c-64fafdb6b47b	1138
58f3ddec-99b9-4c25-8890-b13c69523629	1137
58f6e8ed-49b2-4ac7-89ad-3138c244a116	1126
58f7cbce-3c23-46ed-9abb-9610091fd683	1136
58fccfec-f2c7-4d02-ba01-b0564d73367e	1140
590032c3-d6e5-42c0-9e8d-4bf80d3a90e7	1128
590c6b8b-c2b6-434b-820b-256511bc2489	1076
591551cc-fd49-4109-9255-30088a10135e	1119
591aee85-160e-49d9-96a0-2693faf5b368	1075
591f045e-2f7b-4076-b888-92d2fc0e2323	1134
5920b61a-e573-4740-98e8-ec1c2f3f8d57	1138
5923308b-59e5-4f17-9986-724f8474d31f	1041
5925bbeb-1ca7-4496-8563-6180a0ce1843	1145
59278e91-04ec-43b7-b6e8-5df3ecd66a02	1056
592acaaf-61a7-49f1-b5b0-516779a49bff	1072
5930f4ed-1bd6-433a-9f17-7f8ae5e54e3b	1132
59362415-9018-4d27-87bf-a5bb4f47b049	1140
59376aa7-23c4-4957-a17d-85afaa9de76b	1026
5938f951-7d1c-4322-96f7-b9746d786fe4	1118
593a2bb2-ca87-497b-9bbe-e95fc78d658d	1100
593c36a7-b931-4446-a727-5a4e2555679c	1123
593ed720-d379-4f5c-ab93-7dcc53a73d91	1121
593fa6f9-bd59-4bd7-8570-9fd4dc4b5be6	1134
59404fb4-1c46-4cf9-b1b6-7f5656b83a12	1068
59474e66-6970-454a-875c-6713df56d458	1069
59499506-5c8b-4e39-b66b-7d9125e4ffae	1069
594aee6c-db3b-4d29-bab7-920661c9793f	1048
59592cc0-5c30-4ab3-9a95-963d21a66cc6	1045
59607935-6d68-4430-b74a-171ecfa93283	1138
5960c6d2-85d6-4ff6-bd85-0196615e79e6	1136
5967de00-fb08-4b82-98c9-f55bbc8b2848	1138
5979e294-0c84-4ffe-b516-9543d82c8e4a	1064
597c56b6-49e7-4cb6-bcfb-dfd6cca20e43	1355
597cd149-131e-43c4-9f3d-e374efcd8afb	1052
597dabee-7df8-4318-ae83-477b48db834f	1073
598168a5-0ae3-4a95-ae4d-72bb3b9e2050	1083
59832bd3-e55c-4324-adc5-0bc2f34078e2	1081
5988fbd7-36cc-48f2-99b0-2ad6d626ea92	1089
598a0b50-0744-4387-8872-268c7f36d3ee	1114
598b83d1-9ef3-4e5d-9fe1-42740e005264	1133
598c60f6-c017-4bbd-9a6b-be0bf3afd13d	1130
59924b71-781c-474c-b650-845b2475ed18	1129
59937064-f110-44d4-be79-d161866c5994	1046
599a7533-d0d2-4ff4-ad25-a2a9e2773e49	1146
599b485c-6732-491d-9dd9-06a1526b37f2	1075
599ba1e3-c969-4d89-a312-8142c09f8191	1133
599bad9a-41cc-4b8c-b52a-f809c2c18981	1071
599cd9ac-53e9-4471-a100-19c6571a1a92	988
599ec488-2645-4e1a-80d4-f43be772d7af	1068
599fffa4-bbcb-416f-b8e3-b2ff92ebb460	1048
59a041ef-76c0-4de0-9cb5-cd8b5cb553fa	1080
59a072c3-b6bd-460c-b314-3e9bb98b3b3e	1130
59a2f62a-e6aa-4564-9daa-d1555edae68d	1056
59a48495-15b1-48c3-897e-ffc60e4944d6	1057
59a9d86a-d4d9-4905-8bec-cdaac6f83493	1063
59aa60d7-ae61-4ecb-ac9a-77294e546ec9	1135
59ac80f9-e05a-42e2-a08f-d7587a8012de	1071
59afc37c-a62b-4ce8-9e1c-cdd97d052bef	1127
59b0b21d-de26-41a5-9415-9df979744b91	1075
59b0ce45-dabb-4014-9556-c2eecdd3f0f3	1080
59b0d2d4-f9bc-4386-a985-7fcfea53828b	1134
59b16399-e622-44ba-9f88-1fbd8543c40e	1083
59b244a7-438d-4cd6-a995-79878ed3c926	1140
59b6b3af-9bf1-465b-b552-1a6c33ea28c1	1800
59b723bf-ca5e-4208-af1e-59f8110414ea	1132
59b78352-f92a-4e64-a053-427a43d2fe69	1125
59b8d1f8-b073-4697-ab1b-079f2d0fefce	1128
59bca1ab-c1b7-4f3b-8d2c-f5b56b0efd4a	1138
59bdacb9-ed89-4e38-8fed-13461576a5ff	1073
59be245b-ed27-459b-b4a0-5e55619d8a8a	1075
59bf0ab6-d6df-4195-84cd-db03e2757114	1080
59c10a48-da71-4c6a-9b02-f754985da70d	1139
59c39a96-ae83-4fb4-89ce-0b87e1516688	1137
59d29bde-8c10-4d97-bcf9-afa0174f48f7	1069
59d4adfe-80d2-4f4f-9f3a-a83ac634903a	1075
59d4c261-1658-45a9-9bee-a3525536d348	1137
59de87d3-a4ec-4dc7-9d6a-fdbfb6302aad	1136
59e6811c-5cd7-4b0b-afb6-840a58a47390	1075
59f3fb6b-1a87-476b-974e-d2c232a64d6f	1040
59f77c61-4491-4a2a-902f-33b63628ea93	1123
59f824ff-a40b-4e3f-83e3-2d9d069c08f9	1145
5a011b21-b591-4e04-9f50-e011d4a2690b	1131
5a04ac28-fa36-468d-9b10-c75141ab361c	356
5a04b95f-8e61-49ba-98b4-9b2ef48a3627	1053
5a0cbbc4-1320-4a60-b39b-4f019e7439a3	1146
5a10c2d9-9c16-45ac-baa2-5cbf2b3ce478	1143
5a10e2ae-2460-42de-95ca-d63ab0993bd9	1055
5a148b51-be8e-4b37-b94d-3e34ccc51dc8	1136
5a148e0b-7eb7-46a0-b075-799fa161d34e	1133
5a16af55-9d41-4826-972f-766dbaea1fa8	1060
5a17102f-8b7d-4a00-ac0a-290eb8248047	1123
5a1e75e8-8020-4aed-b009-fb5fd75fddac	1073
5a20a3f3-13cd-4502-89c6-fa8dd46ac29d	1138
5a2407ea-80fb-4bff-a8b9-9fe5ebd6259c	1060
5a25fee7-34c6-4f92-bd00-1411db3ef32b	1072
5a367e28-1e49-456f-a749-f79e94819b29	1054
5a3a21a1-8af9-4cee-adaa-072c5bb7d0df	994
5a3baa6c-eeae-4d64-b6c7-14bdc1ce21e5	1109
5a4695ff-b8ae-4ead-87e4-f2a481624151	1138
5a4c5a13-7d7c-4bb2-97f1-6beef23d585e	1137
5a564e1b-3dd4-41b3-b75f-2b853286b7b6	1132
5a5653c4-d2e8-42fd-99ac-e0b69c00799b	1121
5a59bde9-639e-423e-835e-0562be5a2096	1070
5a5d0d63-392f-4e3a-9591-31b83046c437	1119
5a633316-eb06-4f03-8301-5b745154c446	1077
5a641a48-c1bb-40cf-b2ff-b6f3c87dd891	1058
5a67e514-b53c-4d3a-b5d8-7139ce84ce18	1134
5a6f3a50-5425-4587-b54c-29edaae2c27c	1141
5a6f56d1-ce91-4346-9b79-36b3be5b669e	1060
5a71e1e4-9705-438e-a66e-b4bd40b2649a	1057
5a7273a8-0b26-4919-8ee4-c8a06f0c518e	1132
5a7717ce-a74c-45d9-b818-a153a2dc5061	1062
5a7ccb6f-1e40-42f5-93dd-ed68843706b7	1139
5a83f09c-fcf0-4e38-b7da-11466b1a138f	1125
5a85287e-ad1e-4b1a-bf62-14e47ff71d00	1074
5a86b5d8-ec5e-46df-b316-05c3c511f8a4	1138
5a8cfb9a-6d2a-4019-9eb3-c33b36f66d08	1118
5a92a7d1-09fa-41ac-ae6f-8ac61103586c	1133
5a937e13-9db9-4071-bba9-0ac98e9635f6	1080
5a93ca5f-bb0b-46be-9123-adb73ec5d3a8	1073
5a9728f2-1c81-4b33-a4e7-877625f05fbb	1007
5a98c124-66e2-4f39-ae4c-912576d8245e	983
5a9ae559-bd78-4efb-bad7-2bc006bf12f2	1065
5a9db43b-401c-4e68-911d-edb19c4f1dca	1103
5aa847f7-79a3-4029-962a-5239019b985b	1121
5aadf053-fc34-42f8-97f7-c77247ae3ec0	1140
5aafb3e7-6bfa-43d3-9f2f-8aa4b2684bf9	1092
5ab1a219-08ba-40d5-bbd9-ec88d13c6fab	1054
5ab1bca5-64b1-4160-87f5-9ebf8d83d9f8	1134
5ab42488-17d8-4b7f-99c9-de5c56d871e0	1062
5ab6d624-4621-4414-9c4c-fde39339581e	1066
5abc2750-0d5a-43d2-8441-af006d14826b	1125
5abd7296-fdea-4105-9d8e-9ebe22f28ba3	1093
5aca5ede-c365-436c-8d8d-fd8a7e819b32	1136
5ad06df2-18f3-41ab-9a23-f457682eb868	1076
5adac23a-4bbb-4597-ac71-17459d42c9a5	471
5adbaecf-4eba-4e8f-80fd-52be87eb75aa	1132
5adc289d-df73-4bb5-9228-de305b084a28	1141
5add4d17-6cf5-4e6c-b829-ef4750575b65	1080
5ae589fb-a4b4-49bf-8935-1b3767933d17	1068
5ae7a63b-7724-48f8-a68a-c08431fbe051	1137
5aea99f5-d774-43ec-a2c4-c1b3d032b41f	995
5aee72ed-8a5a-4cc3-b1d3-c2091da58d82	1126
5af4e82f-dda6-4b02-97ad-533307c2c2c1	1151
5af60f1f-ee5a-496f-93d7-5b76e63d6292	1123
5af86d83-e51b-4297-84c3-0c3ce2418a6b	1127
5afeb430-0b35-49fd-bc20-c80960baf80b	1124
5b0089a4-37bc-4471-8401-909ea0f6f371	1129
5b09385b-11cd-4f04-a86c-d74bf2522431	1054
5b09c623-8d7e-4b5c-b6f1-62923f808dd6	1071
5b0b1f81-4a8d-4ce2-979e-d789c6d63898	1081
5b0c19ca-5f2e-4f7a-b22d-ace0f9a60717	1133
5b0cd308-0b8e-4439-a286-cf98f1d63b6f	1112
5b0d5a26-5505-4993-aee9-76fd8ae1731e	1068
5b11e288-6af4-4193-af8f-508de66af88d	1064
5b120658-89cf-4007-a6ca-8263270102e1	1052
5b12f706-77b3-42bc-97fc-3dc90427eb73	1068
5b167a62-d772-4dfe-8dbd-aa19040778c3	1031
5b17f164-3ca7-446b-b014-08d0873feb7d	1076
5b186c0d-b265-459a-8867-f4bfaad075a3	1147
5b1c99c4-c792-4cc0-9049-f0225c51bd06	1123
5b1e1e6b-e482-4e67-a0b8-690a7714c92e	1081
5b20f011-d32f-4012-93af-33df3bc5c07d	1034
5b21c6da-55ec-4bcf-afaa-c4074745ed35	1132
5b269916-93cb-4b2c-bd17-682cf5616700	1146
5b370077-3ab3-4ff9-8dd8-ecd5dc03031a	1110
5b38af03-39df-4529-b9c5-3bec46cdac98	1058
5b3eccd3-5fc0-43ac-96e4-9c2e411fff05	1056
5b4349c1-1366-4707-824c-fdd3bdba453d	1112
5b4a6285-e161-4654-bebb-16b0afd8f517	1079
5b4b9de0-f049-4071-9d4d-d3b3c783a6d0	1073
5b4e6bea-dbac-4644-92cf-76ee27ee52da	987
5b585f18-26c8-44d1-907c-9b951680ea48	1141
5b5b2557-4811-4d66-815d-0a37f1e29a9d	1134
5b6074d6-f08a-4e8b-af31-3ccb776ea68d	1112
5b61f7e4-f968-4bb0-9e9f-ae68adec50b4	1074
5b62d346-cec6-409d-8a9c-b754d4568a92	1118
5b67c01e-6f40-40b3-8a98-87ad1b4c6a22	1135
5b6a6f67-b443-47af-8de2-1916e6b7681b	1126
5b6ca8cf-4e67-40a6-a45b-72e424eef6d7	1134
5b6f77d2-58b2-4ddf-898f-d8e5d4622502	1140
5b6feb20-0000-48c4-bb93-c6fadfa18281	1126
5b723ea3-4d1c-4fc6-a273-c0a1b1e908cb	1075
5b8038fa-ee9a-4a79-8208-283f63819900	1050
5b804695-987f-46b1-9efa-8fd8dbcde592	1052
5b86c49a-9403-484d-b3c7-276941ce59a3	1073
5b9bb8eb-3ef5-4637-a4db-7ea508771d08	1071
5b9fe984-ab54-4ac6-b0a9-ce8e2fded41b	1132
5ba2dcc1-2478-4267-a7af-eb73630e3488	1138
5ba53e16-48ce-4aec-bf8c-b6b32d17ba45	1142
5baa923f-148a-4601-b3bf-2366850a93c3	989
5bab6fdb-02f1-4ddc-9cd8-6d51e17aa499	1130
5baffcde-430c-4730-9ede-3e1c0d32db0d	1069
5bb23b54-68f6-4586-8d7e-6bca089a6238	1078
5bb3654b-b450-425a-aae1-6e0b3d6f2206	1126
5bb4b0b3-d61c-4366-bdda-fde1e29e59f2	1141
5bb5c6ae-ecfb-452b-87cb-94b6a78ca45a	1059
5bbc3daf-0f89-43da-b555-048316a74e6c	1055
5bbe6701-0ef4-4dae-9522-7fccca05b3c4	1083
5bbf651b-d13e-4655-9493-63291f31810f	1130
5bc1ca5b-325c-4d61-973e-c96ae31c6d4e	1035
5bc65359-f524-4259-9549-1c195c041c50	1134
5bc9e9fc-2b29-46a1-9b05-cc5e76a905a7	1057
5bcc5cec-2f11-4eca-93c8-3e6f69083838	987
5bce2dd9-0fd9-4950-85f2-ba2fc4921c1b	1044
5bd1a3de-ab5f-48ef-a283-13da5d04b718	1070
5bd9cd4e-5546-4c87-9a6b-cfb8940cabf5	1121
5bdd8f3c-02b2-44be-bcea-7e577b1c7a6e	1065
5bdde0c9-e701-4316-9625-26208cd70ff0	1073
5be731fb-4790-44a0-bc41-1f3dccb2fe33	1079
5becf09d-dfdf-4cc0-8cbe-f8e2d6f380d9	1070
5bed399f-a7ad-45eb-88f1-adad88a86e08	1074
5bf0c0b6-5c75-4572-b75c-181a25808c1b	1122
5bf7ae60-d079-407e-be13-2a1d59edfe7c	1075
5c003452-a4ed-42ee-84b5-8e38a663e9a3	1073
5c101063-c02d-41e1-b8e5-a206e84a5335	1138
5c16cd7f-0faf-4151-8331-8f4e7399336a	1130
5c1aa96e-ea0f-4928-b356-d831ec67c180	1057
5c1ccfc2-1541-42b7-b1d0-f3004c6d5254	1057
5c1fd9ae-4779-430d-bdb7-20ff031a05ef	1128
5c20b6d3-957a-4186-a63b-8eb5e57a2220	1077
5c252443-d1ff-4b27-a737-9201f31b239d	1113
5c2f4cf2-8e89-49db-8708-9ee19d6b804d	1133
5c32083e-6734-4ecd-a5a4-6d3b16def2a1	1053
5c379957-1224-4db1-8383-342822a776dc	1142
5c47c667-b66f-4c1d-9be8-64b3bbe5fb99	1139
5c4f0081-4c3b-47a4-8b0c-9c31284b59ef	1040
5c5120e4-ef6c-4ce1-b45c-68191cbfb7b7	1078
5c553b5e-7ca5-41c7-996c-28a717ff2641	1049
5c5590f0-0c99-4741-b501-7a6c96f82924	1089
5c60ab36-23e0-4d5e-a9ea-2b39d9c7469d	1123
5c635523-dda0-4f39-9ff5-c09ecda5ea5f	1080
5c657e58-305f-434b-820e-c03584637818	1127
5c6b1423-70b9-4be0-88a4-9aa857931928	1068
5c6c42ac-3c1e-4df1-8a99-30832778adf1	1139
5c700b04-7d2d-4f7f-a669-03d48629de48	1072
5c72f23a-a708-4204-bd82-10f1fe1c1aa9	1068
5c762927-5bd8-460f-aef8-231c0441e922	1074
5c831a2a-3413-44fe-a685-c6a4af81fdbf	1081
5c888d14-60bb-46b7-b5ab-4a2436dac044	1155
5c90f334-8da4-4596-b4e2-7095c0b86d8f	1128
5c958be7-366b-496b-aaa9-fc33649eba4c	1007
5c96f7de-d5e9-4d19-a135-a7095b7c0ae8	1131
5c9a59e0-8173-41d7-9b31-ee7236d1dee9	1200
5cab821f-b849-45e8-be4e-5facb0e1cc48	1066
5cb42552-ab95-48f4-ab10-ebefb51c210b	1091
5cb539a2-c794-4958-8d62-8320a751bc1e	985
5cc026a7-a9ed-43a9-a22c-b33f1b767b6b	1136
5cc330c7-8376-4202-a929-65a500e7cedb	1128
5cc7fa87-3671-4472-b736-354650a77ed2	1134
5cc8ee51-1b3b-4ae0-8a2a-cd608875f166	1098
5ccbb599-1396-4f73-8fc8-da8ead51d16d	1055
5ccefe2f-297d-4a48-b350-bbede0a06b20	1060
5ccf5dcc-691d-4165-a6c8-0b7d0c23a51f	1134
5cd34248-ec40-4213-9a96-8bbdd540d72b	1122
5cd3a173-e108-4689-bd6b-612d0c637801	1074
5ce0e2f0-3854-47f3-ae52-a6cda738de4d	1073
5ce9a5d1-7a13-4c08-ac7c-2eecdbb0963b	1051
5ceaa867-0139-46eb-97e2-724193326b4e	1070
5ceb5240-5683-468e-8746-6eb5e9e43aa5	1113
5cedc69f-30fb-4547-bdf6-88e388921acc	1068
5cff8793-25f0-4fdc-a06f-e38cb0423a56	1076
5d10dd7e-1722-4c73-b6d6-53bce28ec438	1052
5d16f927-647d-4e68-81ab-0b70803b8b2d	1114
5d1a8eed-19e7-49a0-a956-b557080b12b8	1079
5d1b274e-9c0c-4d15-acb5-f125467bc6ec	1126
5d1c1ac3-8a96-40fe-8f30-5580a14fe24a	1131
5d1cc129-fbf7-4a17-8eb3-662c57a0d8ea	1119
5d221f19-09d5-4aa1-9451-992f21dcff65	1115
5d23b861-b00e-4a21-b4ba-d916cc07f310	2129
5d24802a-2938-4ded-9889-0fa3589c3240	1123
5d253564-6571-4d90-b0f4-53fae248a8bb	1047
5d2ee87a-3570-4e25-87f9-e5ec812d7d9f	1080
5d2f780d-a66d-4919-837c-37a1684b9f30	1133
5d2fe3cb-b33e-40c8-84b5-128b7a451cf3	1133
5d31bc12-78c7-47be-ba29-f34f4200331b	1127
5d36a148-337d-42e6-8da6-5a7c76b0fa68	1126
5d3af05d-4391-4e47-bed6-8cd5352b86b0	1073
5d49d68c-5740-4a4c-8a93-18b7dfa0804b	1138
5d49e6cf-8f77-4c48-903f-d21468801b7b	1137
5d4a3ae0-b63b-4502-bfd6-1af38a9a8ec2	1076
5d52b438-9053-4733-a927-fa4749d8add7	1130
5d56c872-fea3-45ba-885b-e664b3f23ef9	1092
5d56f9c0-bc4e-4490-ad24-42309f25788f	1117
5d602abf-977c-4296-b69c-08f7a734ff09	1125
5d60655c-f6f3-4d03-9d2f-49004b2e5940	1138
5d63ea68-33de-4745-8ce8-1c0c457a5cba	1085
5d640319-5558-4b4f-8052-141023b2ea5a	1103
5d65072c-dbbb-47be-b02d-b7afdee48fac	1065
5d6b59e0-b4d9-40af-b2fb-aafab3059298	1066
5d70313c-61f4-495c-88b2-824101ea067c	1062
5d846621-ceb4-4f3c-8a15-bc31bc66e878	1145
5d8733be-da48-4052-a081-05d9a11561bd	1140
5d8c548d-4d32-4e15-9e79-f550c7ee64f7	1044
5d90042a-083d-4e9a-ac1c-94c4aa5efa81	1083
5d90aa7b-5426-4f96-950e-bcda47193130	1068
5d9152f5-526b-4607-9917-0e4431c7f893	1131
5d94ea58-5c02-45d9-a0f7-60b158f527a2	1067
5d9a8da7-3509-4a10-93e7-2ed144093fc6	1070
5d9b6db5-885c-4757-b64b-122cb3921ea6	1052
5d9c0274-cf5c-4c9d-9ff8-7dad34136597	1037
5d9da0ba-4cb3-4ef6-906b-da986bb643b3	1132
5da05782-0a4d-409f-9e4a-4c83aeb5bba4	1069
5da827e3-355c-41f5-ab8c-e0c8c3fa1e9a	1071
5dac2612-ea6e-464f-902a-db058d31c8f5	983
5db174be-c263-4910-b274-c9b768dac126	1123
5dba4746-72ad-471e-aed4-af43fa8a0722	1067
5dbb6798-86a2-46d3-9c16-29b0bb54e9d1	1055
5dbdd15f-cf63-4947-b7ca-5d15ae5b169d	1001
5dbe2e31-e36b-4f64-942a-4d018934e8b5	1143
5dc63845-e46f-4fe6-b60b-55c8f9f4ed9e	1073
5dc6c1e2-54bf-499e-81f0-0dd3bce01259	1123
5dc9740c-2f4b-4289-bf6b-d2fbe0833d48	1074
5dcc3ff0-c9ab-43bc-8467-cdb3779a0812	1123
5dcd090a-5fae-4f94-aaad-95c040ef4537	1072
5dcf062a-9179-4411-a8a6-dc80c72e5a7b	1042
5dd05614-30fb-4dae-9196-360c0087ccf1	1120
5dd22140-166c-4dc4-bd87-e19f68ae85fb	1052
5dd41de8-35f8-412e-830a-3e2ae499921c	1116
5dd50e6e-f755-490e-8a5d-715401ac6453	1059
5dd65a7d-5e02-4ea5-9fd8-e2fb3af4c65f	1072
5dd6ee7e-7b07-4467-aa7f-f9b4d91851c9	1128
5dd8493f-5db9-479d-a8d6-83452e84f3d8	1139
5dde7bb7-fa0a-465c-8ee6-eba0bbb0a7b3	332
5de11205-29b6-486f-9a7a-4e48f1cc45f7	1071
5de2ba71-16a3-4662-b1f2-4afbb4581250	1067
5de6411f-5a7f-4428-b03a-bd64514ff71d	1111
5de7815a-27da-476a-83e6-95237de0e5e6	978
5def0772-59f9-4190-a5c7-c8c7610a49cd	1143
5df11212-b94f-4c46-9849-d931184b3f1b	818
5df216d3-0f6a-42c0-bbb7-b0599361e9c7	1116
5df60a30-565a-47b3-bd0d-6904a5ee19eb	1072
5df6e182-6bd9-4f3b-92fc-1f3582759d70	1081
5df9a406-0ca9-4407-bb11-9ec9082be222	1058
5dfadc4d-c579-4f4d-bc61-f7c63034e6b1	1084
5e017990-d283-4181-bc26-dfa2e3707826	1052
5e0fc33c-38a9-4ebd-bae5-e00d31e4d710	1080
5e16d32f-d84a-42f9-b96b-e414ba8bfc42	1146
5e18be44-f0bf-4281-ac99-4cf797425491	1132
5e19ec33-2772-4da7-8d2e-10616debfb94	1137
5e1f218e-60ab-48c2-bc2b-8f583dcfd7d3	1075
5e1f6f05-1363-469d-b6f8-b488dd2f48a2	1153
5e20fb68-da6e-46b8-b3d0-abf012479c89	1067
5e223116-e4af-498a-b83f-520f3ff53e83	1071
5e31e93b-8bd4-4e5b-9333-75d2f9f02700	1117
5e33b170-a5ee-4fc4-8251-eefc72b01c85	1129
5e39992e-e24b-4ca9-bd57-571adba495de	1071
5e39d990-df78-4d30-bcee-b4cb7d99fe8e	1075
5e3b787c-42db-4bb6-af8c-0b8f7baf4440	1091
5e3b862e-c98b-4776-9e4c-18d9e389172b	1146
5e3beba0-1abd-4ef3-a931-ca8df1b7796c	1130
5e3d6a76-7baa-4246-926b-3a2aad734c38	1127
5e3de8e9-cdbc-468a-abc1-5184b0b40793	1075
5e3dece6-26b1-48d1-b576-91eb4d620492	1007
5e42bfd3-31ba-49ef-8624-e8255cb3521e	1052
5e43f5f5-327c-42c8-9507-71555f7d2618	996
5e44650a-fcb3-400f-b245-bf5c55002d50	1047
5e4732f8-bab2-46f7-a996-bd852bf06d2a	1135
5e5324ab-cf5f-4e1d-b4fb-3ec5fa0a33b6	2414
5e552949-f900-46a3-984d-dbd1f1e87194	1127
5e5f3547-65f8-44af-ae5d-48815b6cedf7	1060
5e61328a-517f-4f1a-8466-9b94b885ec16	1114
5e62f429-9aa1-49c9-a6b5-4375dfd12fda	1077
5e644d8b-c8dc-4f05-916a-6c55c077a0e4	1137
5e65e4af-5f40-414b-8a95-40835ae0fff7	1024
5e67201c-97d9-4bf9-b3b1-a08184f15004	1074
5e684c60-3673-421a-abb7-717fadfb93b8	1076
5e69ad7c-815a-4a0c-b532-faa3b50498a9	1122
5e6a79d6-2c54-46c3-95c5-60cf7f5a9838	1123
5e6c2c5b-19c2-485f-af6b-18b6d15f57bc	1128
5e6e25b9-7fd2-48ca-ab2c-956da52e826a	1121
5e6ed8fe-cc31-4051-9de1-d7fc6975e76e	1082
5e6f53fe-8b93-49e3-9257-afc13708390c	1137
5e73ea98-47d4-4df1-969b-55dac1c8a0d9	1070
5e7470ea-b8fe-4618-86f3-94497a2f1110	1138
5e7473c6-b687-43cd-9152-dcf1e734c56f	1078
5e79fd88-6685-4ee9-8757-5993cdc385bf	1147
5e7a5f50-eb02-40d1-b057-333c8827968c	1097
5e7ac533-925c-4e71-9292-82117ebc0ccc	1083
5e7d3343-62bd-42b4-b8fc-a1903404acfc	1064
5e7f843b-d1e8-49f6-a49e-ac0ae4fd522c	1076
5e86728e-b125-4baf-aa05-f1120a36608d	1124
5e8675e9-e8da-4130-9b72-e8d319c55cb6	1081
5e8f484b-a3e5-44d6-8cf7-51553e904fc5	1070
5e923e0f-2595-48e1-8802-6fe4bf0a71a2	1076
5e933d28-e90c-4592-926d-04447887d9bd	1075
5e93e16b-0421-41a2-96dc-c2a7609fcaa9	1134
5e96568a-87ed-46dd-a77c-f9a537795985	989
5e968836-e8d9-46e0-aa45-9548af776e75	1058
5e985e1b-404f-4610-b8a3-c232220237a3	1115
5e989230-4564-495f-ba63-933d4d547c13	1143
5e9d52f4-86bd-4294-8350-8e5cafded0e3	1135
5e9e9d69-74b1-450e-b687-b4f29a078328	1085
5ea1fb4a-10fc-4297-ab97-2766d556062b	1126
5ea3bc5a-5983-4267-97ff-447923f7ebef	1077
5ea5753b-c00b-402a-8c61-2586e3c583da	2097
5ea5c511-7dc0-4644-a807-f5f44ca55200	1146
5ea6f827-88d1-451e-a50f-fa8222182619	1061
5ea74f92-26d6-4146-a8bc-09ca0526d090	1074
5eab36c0-913f-425e-84a2-4ff221824859	1051
5eb1be1e-7b2c-4b04-a17e-4b41ecea61de	1115
5eb20837-77cd-4c0c-b4dc-e1bcd6397ca5	1125
5eb4a16a-b62c-49eb-9af9-1df8e3e50144	1081
5eba3e6e-932b-4f81-a176-05e6fd89764a	1139
5eba819e-fe10-45ad-ae8b-25df2526b031	1070
5ebb6f5b-b2d7-4574-ad9a-d26bf25f25ea	1095
5ebf15a7-15c0-4dc5-aa09-ee394b4394b8	1101
5ebf3ec5-61a7-4105-9f56-db4afc05d864	1054
5ecb2186-b568-4129-9304-2e6552e6ff83	1073
5ecba8b0-5460-4097-a6f0-6f6b0837f820	1141
5ecf6e05-ebff-4321-9f3e-959eccdabc0c	1138
5ed2a310-569c-40f1-abef-6ebf2d2da4bc	1136
5ed314de-157e-448c-a5d1-6e2738367190	1068
5ed582a6-9521-4842-b1b9-2dab7c1bc3d4	1069
5edb4366-1672-44f8-92c1-67e000c3556d	1134
5ede671f-28d1-4349-b460-9f21f05f0948	1061
5ee263e1-a6f6-452f-b5dc-f669f1414682	1126
5ee4c919-caff-499f-8bc5-1bd0c0595e57	1043
5eec8e06-8455-446e-bad9-dcecccfcf01e	1067
5eef5df7-b339-4614-ae7b-07924d44a2e1	1050
5ef412e1-29b7-4952-a170-70f31534e137	1073
5ef58e16-b025-49d3-b577-13b1e22de616	1132
5efbcad2-6482-4b56-9a17-1e23444ba0c9	1122
5efc2fa5-b241-4113-9f28-b1ff62696120	417
5f02d7e2-8ee6-4221-9167-e9f217dc1c96	1142
5f051e23-3e69-4d36-bd43-4c73201c121a	1070
5f0f5733-aefb-4b31-b4d8-93ea4dc50642	1147
5f0fcbca-2d3f-4388-b372-1af2142afc3b	1126
5f10f21a-4b0e-48df-a2af-a3da259c7914	1072
5f15df67-bbb0-4a19-88cb-d61f678a8b66	1069
5f1b578a-cc7e-45b0-bb01-83060c41f18b	1067
5f1f2b5a-6c95-45d0-b0b1-af6f45ce5845	887
5f208887-e26c-4b30-9dff-af3c7070cb57	1075
5f209596-8744-47a0-bfd9-63f3b9e9faee	1148
5f287f5a-27d6-4769-a0c4-be7553abd772	1106
5f2cdd0f-62bd-4c99-8692-153f706fb96a	1109
5f2feae6-698e-4520-b6ff-b42bbeff9179	1106
5f308248-b8af-4e0a-b25e-e68d8ec15932	1064
5f3415f9-cc94-42d3-87ab-7309cc648db6	1139
5f3751e8-9752-45d5-a842-3d4133108ca5	1144
5f37aa4c-c5be-4c6d-9a74-89edd375c285	1057
5f39e577-496f-4fa7-9d9a-c7f2b0ac8c81	1138
5f4082cb-5dda-4e85-b04b-eadcaf93bfdb	1063
5f43a9a2-f6d0-4639-8b87-3863c3e6d89e	1132
5f447810-a3cd-4dc5-8253-a4a1ac5f07a7	1071
5f44e47d-acde-4573-a601-5c8b0ff18c97	1083
5f44f6aa-b134-45b3-9c77-4baf3ae04f82	1041
5f4bd025-85a1-4acb-8e0f-42ea159a8f49	1074
5f56d93c-7f3a-476b-acab-4668f8726cc6	1130
5f56f947-54a3-4062-8721-fc4a69a0307c	1129
5f58d19f-a6aa-4c6c-8885-f1a0ec108a08	1135
5f5ae97d-e010-486f-b2d5-5f2775b984c4	1072
5f617535-ba59-482c-a626-1ebc47a37468	1139
5f637378-11e2-408b-945e-156b5f510401	1125
5f6889a5-dbd5-4133-a709-55a2b0725039	1134
5f6b1071-f59d-401f-a171-a8ce131b7700	1130
5f707996-5585-4848-b042-3f3ff41c2e32	1139
5f713424-2d3d-48a4-90f1-aa8f35b0fc68	1432
5f723d44-2f18-416f-9d78-3f1b0d79cc6e	1122
5f7335ae-93d7-49c6-85b3-13a1d7a5edfa	1235
5f7ad9fb-80e5-4ff3-9172-6ea69bbc48f0	905
5f7d103a-9178-4e75-87c6-84bee2ce985a	1134
5f7f22a6-e121-42f1-9a61-5e698285b7a9	1142
5f7ffbf7-f917-43e1-9d13-b9f6e696bd74	1143
5f82c2d4-5190-4eaf-853e-dd5f8309c06b	1146
5f84f33f-0206-44b0-a95b-a5b725e7a3bd	1062
5f89accb-684e-44b6-8529-dd15046189d4	1138
5f8bd1ee-9f08-4940-b524-4cf0117ef1b0	1134
5f9b6b42-42a6-4573-a937-91819ae089e0	987
5fa91a71-2fd5-42f3-8ca3-d6c830e379fd	1073
5faa514f-6482-46e4-8135-40e10ea7786b	1126
5fb29265-b4a9-4720-b0db-a7b78b516249	1057
5fb34ce4-30d6-43ca-80db-165597f81d33	1044
5fbc0d20-f67a-4feb-9de9-b771135df0d7	1137
5fbf663b-3d6c-4a35-ad11-084ec91b36aa	1087
5fc1d42f-e111-4b6e-b6f6-a62c5282fc24	1123
5fc5bd21-d6d9-41a9-a586-68483c23b485	1038
5fc7444d-bc9e-4f5f-8cb5-e2a8f4491fa3	1066
5fd2c95d-8aae-4628-b269-f48052ed12d1	1078
5fd84ad9-7a04-4b93-9aff-ca412d29080e	1052
5fd96350-cd2a-4f92-8278-ed5c787c5119	1141
5fde8ddb-45ea-476d-b500-853627a73e97	1068
5fe07b93-eec4-4e80-a6cc-35350e789527	1086
5fe0f72f-41c7-434f-80a6-dda64379e074	1066
5fe4bece-6c3c-4371-b869-ef7605f9d7a3	1132
5feca270-c23f-4022-9d05-21b6b927b089	1137
5ff56519-987d-46bb-a90e-f3ec1c8f7827	1073
5ff79b85-68e9-4489-a03a-4262a5c5cfd0	1134
5ff92fde-d49e-483a-b38b-ccb74fb06644	1230
5ffd53a8-2143-4073-bd05-c8bf73caa4f6	1118
5ffd8ab3-de5f-44ae-b45f-9df22c0d31b0	1075
5fff97be-1ab9-4c73-9870-726796f77090	1070
6004652c-acf7-4794-b970-663279d739f4	1047
60047168-2f13-45bd-ba4d-90215e54fa97	1048
6006de1c-c81b-4cc5-898d-103856e93464	1073
6006fa9f-f056-4be2-9500-034507a1612d	1080
600b7bcf-eb14-46d7-a675-1ec12bd81bed	1139
600e0ed4-5f88-40b5-b7ee-b3b799ef423c	1129
600e6e58-25c9-4a7a-82ac-1c8a0fb1a3f2	1070
6011fb42-f46e-43d8-b4d8-f9006e46c3e1	1138
601a23a2-4c42-4b4e-8935-930359682ebe	1049
601aaee9-dea6-4353-92ed-023c9a460db1	1058
601db915-4f8c-4e9d-9d36-62cd55225db8	1136
602550d4-64c7-44d9-820e-e8cd297a0aa9	1072
60275051-d095-46d9-8caf-529f970d1065	1141
6035b407-bc09-45f2-b04e-f5d36c6a0f35	1068
6036f88c-4255-43cb-af27-34cbff1bfa3e	997
60376ca3-47b8-44cc-ab66-58ef251f28a3	1065
6037ccdd-64d6-4924-b6c0-da1fc423f916	1123
603c13dd-80b0-4557-87d2-c8f499549376	1060
6043ec2d-e2ac-4c5b-a73f-3b00ab93f89c	1120
604976cd-7f7e-4b19-9784-eebe308dcef9	1129
604b38cf-7bbf-4a1a-adc1-560cb4f89d30	978
604d9dee-e1f3-4863-bd96-77a1d5614ccc	1127
604f2c26-d96b-4c83-a729-a9e054756666	1075
604fb2d8-dc2e-4538-aed1-9c1527d09613	1075
60544d26-a2b4-4711-9fbf-f0bdfa9ef8d3	1009
605ad4f3-476f-4de0-911a-dad890a913d7	1122
605b200e-e76d-40b7-8fe4-938dab2436d4	1132
605ba5d2-230d-4b4e-8dd6-bcd5e9466fe0	1123
60624ea6-6dac-4fed-ae5b-70662ddc32c8	1134
60627d5b-ca30-44be-b9cd-e517b21b096d	1072
606903cf-1595-4207-95fa-dbd614ea775a	1135
606977fe-e12f-4b8b-81a6-c27b81c0f08f	1050
606f21a4-cdb1-4ea7-bcdc-5596e4f54401	1113
6070b314-a997-45bf-af93-b91f3dbf8208	1070
6072742d-416b-409a-b43f-eac918150e0f	1076
60747173-068d-482c-8d2e-cd08be1f8534	983
6074f983-a5ca-4e11-b617-94c5406b42f9	1058
6077c0b7-42eb-4b61-80c6-b1ccfadf7012	1076
60853ff8-c352-4eb5-9215-b1b60d4db07f	1130
608e4026-3b37-453e-bc63-f21afc6c5b4e	1115
6098f711-ea1c-41f9-aa58-73ed8e517484	1144
60a48e52-ab4e-4c5d-8779-0402747724a4	2179
60a94751-5c15-4252-a2cc-2f34801fed91	1129
60ab5717-bd6a-43d4-8da1-b2c66d42273b	1069
60ab7187-e6be-4f90-9880-2567315ee80e	1069
60acbeb8-1689-4111-ad8e-b10c94c73744	1121
60b3151e-8b34-4872-86d5-124b00c737ce	1143
60bb0846-d0ed-4a0a-b760-d40470a0898e	1131
60bd04df-bddb-4c7d-bcc0-d16e415e9d04	1075
60c1a3d3-46fc-4fc2-a348-57a0bf20b8d1	1075
60c511bd-19b3-4289-8f55-2a4b82347f1b	1083
60c7aef1-bdee-450c-b7d5-6fb04618fdc1	1065
60d094dc-e8e4-43b4-b3f5-731f538be407	1071
60d19049-82cb-4f66-b68d-8575ad47b1be	1137
60d31069-9524-43e5-8106-9645a25d9bdb	1352
60d3c2a0-cda1-4616-a697-6e2208baba3f	1073
60d5719c-d02c-4395-a364-8368f96e6add	1066
60d7eca5-ff87-4284-9bdb-d800a1176c61	1065
60de89e4-b3c9-4aaa-8896-fdef8243e5f6	1129
60e162ce-f316-4990-a662-f3dcf692309d	983
60e17286-5128-4a3d-bdd4-8bb2a6c15ecc	1072
60e1fb18-719a-4fb8-96af-ead617a00b62	1070
60e48bc0-c1fe-4636-b83c-42f5043c7712	1124
60e549e8-ef00-4e0f-bc89-2f340449aaf7	1126
60e7c6b6-6d3b-4e3b-8720-e3b98d16ec3a	1132
60ee4764-e597-4d33-96d7-5321b72d606b	1126
60f9dd76-377a-44cd-8cad-0d386daa71e1	1135
60fdd131-0cce-458a-a7d3-6029f91b9cd6	1129
61012e9e-f8eb-4ad0-8d52-28d8032b77a8	1060
610215e2-6300-4cbb-945d-7593cee8c7a2	1144
6107842f-8740-4ad4-a949-74e2be0ffc63	988
6109c39b-14c5-476b-8e48-1c72a5eaaa58	1076
610c68e2-fac3-4aba-8dc2-9f3bb675db5b	1069
6110c6f0-4ff3-4d3c-8d11-5bab541380a9	1137
61112619-feae-4f7a-b5c5-586da2cd83f1	1068
6116dfc6-92af-44a8-b9ac-368c7b2df454	1094
611787e6-2594-4cba-a7d1-fca31b402108	1047
611946f1-e864-4bc5-96dd-a321a9ff4cdc	1074
61217f28-d478-49aa-ba44-a7090a00f8fc	1132
61256f18-a146-4e53-b7fd-cd78770eaf81	1066
612ccbe2-a079-4d30-a400-69d4afa86328	1158
6134d490-57c1-48d8-a09b-eb7235ae3af2	1063
6139c604-e1e9-42f0-80b0-845dbfb8536f	1055
613a689d-f399-48c8-b886-2c04ba10f767	997
613e7faa-ddcc-4e8c-848a-232e3f78123d	1133
61414d4f-c542-49e4-93d8-180583cbd2ca	1127
61479167-58ca-4539-a9ab-c83bb5504204	1137
614874cc-953b-4398-8fbc-426bbc04ea84	1064
614de76f-79cc-43ae-8e36-b05a5f16554e	1133
615081c6-ddd4-4d39-ac12-3dafb9ef60a4	1084
61548281-bf3b-4ee7-bc25-38d58fbd41ba	1072
615504f5-f867-4ef1-829e-6ef6c70f2e45	1072
615ba2e7-16af-4229-8cc5-7ea133b71854	1068
615e0db4-28d3-4e30-83ad-b813641f605b	1139
615f1028-1fb8-4729-997f-1226c0b10b27	1137
61607f2a-a4cc-4b3b-952d-62980ba33046	1074
61633d8c-45ab-4106-8a92-bb5dca973237	794
616c90d7-f480-40d5-b8ea-769d05b400d3	1123
6170282b-80b3-4deb-85b9-b1648c9aa7a1	1061
617284c5-d30c-46d5-bf60-8f0c487281e6	1079
617639ca-401d-4a76-a231-6f0b1d1d41e6	1134
6176c4e1-ec2f-4cb5-9990-ba9997610862	1143
617788f5-582f-47ea-8058-6327788faed2	1069
6177b845-82e1-48c4-9b8d-62d695a53520	1064
6179d538-825d-4768-8474-303719ca572e	1130
61950ad2-6bc4-4730-891d-0f854eda1ca2	1146
6195d52e-00a9-470f-acfc-422a000c60ad	1061
6197b296-667c-461d-a32b-7b100244e289	1049
6198ddf7-d53f-4269-8adf-be17589c5116	1134
619afdc1-dcb7-4abb-954b-e9168044aafe	1066
619b2063-8dc3-4ab5-83d4-2c00520b6391	987
619cf3ea-18de-4a0d-a17c-4c998ef18962	1075
61a3e9bd-2a40-42e2-97c3-a4896f932616	1092
61a64078-5217-4539-becb-9b55f0b83cc2	1074
61ac30e9-377d-4fd2-905c-7533e33d6592	1125
61ade8ee-8748-4f8e-9367-1af8015167ba	1049
61b0364e-0ed6-458d-a0c2-356105e7464f	1133
61b6df66-ea80-4b08-acc5-89a5868cb303	1092
61b6f0ab-eb30-49b1-a484-a729e8303d23	1128
61ba7d29-5448-40c4-a6e9-1291d80a5c6b	1085
61bb9318-f6ad-4b44-8af8-fd32afbb63eb	1123
61c341f8-021a-41d3-89d8-284f197e454e	1079
61ca00d4-67cf-4873-bad3-37081cea2b27	1068
61cb6f7d-05e0-4191-99e1-cc22c1bc6380	1139
61cbcda4-c9f0-4008-8197-8c9cc48c92f0	985
61d234f0-49d4-4420-99a5-80ac39b520c9	1110
61d679f7-259d-494a-840b-da5e163ba310	1140
61d75aef-fd34-4b37-9ddf-b91a2a4e2603	1057
61d88d03-04f6-4b3b-8911-832946c551d9	1144
61e19030-6bcc-4680-97c1-b91fccaa3c1c	1064
61e371fc-b108-40a0-aa65-c162aa1b6a7e	1140
61e5e142-2c4b-413b-ade5-a38b364ae28b	1132
61e609ea-f643-48ac-bbca-ab57652343b1	1086
61f18741-08c6-48ca-bd79-d12beb3fb45f	1075
61f3bf46-092e-47c9-82bb-933c06342d0b	1139
61f4d181-354c-4449-8d94-cbe6451288d9	1080
61f7ca25-c7b0-45ef-a5a9-ddf1ee58b1c0	1113
61fd2d2f-16bb-4dca-945b-c2877c316c6a	1084
61fd8efc-287b-4fb9-a4c7-0822f5241b31	1056
6206da14-8513-4a1e-b2d0-ebbcb40e5adf	1134
620df264-88ef-42dd-ad16-9172578afb4d	1121
621a2097-574b-4c02-a1f7-7b419f26f0a6	1136
621a3be2-ca5a-49a8-a682-f0b916a73288	1072
62221ae9-8b99-4dd5-b74f-16a30d4ec5e7	1134
62269d5f-c294-44c7-baf7-e8deb17d2f4c	1079
62293d72-75c6-43cd-923a-1d3d14cda2b0	1067
62293d79-7ca5-4d0f-8d4a-8f2bdb54411d	1118
622ee167-7c96-415d-9d61-75f3845d2311	1075
62332061-e152-4937-8ccf-5fd00c43329d	1135
623493b6-dde2-411c-85a5-582b465f1815	305
62381d84-7a35-4772-bd17-6246e6a39442	1132
623abc9a-9af9-4792-96fd-9062ed05baa6	1115
623ad72f-cd9d-4c4e-b302-aa17446f2221	1101
6242a434-35c0-4758-842a-e55a816a9f54	1073
6242edb6-1984-456f-b0f4-fbc422dea21f	1069
624b6aeb-f2ca-4b58-b393-119ea5d9434d	993
624f6151-107a-4919-a7e4-9e4c49136121	1064
62589f7d-39c1-4a48-99b0-a9780b894c07	1049
6259238d-d473-4935-85ff-5028ab27b5bd	1076
625bd240-bb33-41aa-b713-325d6fd70ac1	1084
625d153f-ca14-42e1-989b-1f6698b71ccb	1071
625dd3a0-1dc8-460c-a188-3aa93aa5fe8c	1081
625f4dd4-e568-4173-8ad4-ff86f9c80540	1130
6260f116-e8eb-4891-b667-366c4450622f	1072
62618464-3e51-4454-98a3-015ec0bea8f7	1135
62625403-d405-4fee-b337-5afd7df35cde	1074
62638183-3cf6-4024-9fe7-ef1e641a022b	1131
626499e8-e6f4-43e5-afc7-ca78cd3db22e	1075
626e5f6b-a2e9-4693-aaf4-790201fb7346	1071
62791042-6b96-446f-adda-c4213979e76c	1139
627a78a8-74c6-4ee8-9c51-bef7e98f00ef	1067
627c6261-2246-4fda-b157-1b8566d9c871	1139
627f565f-2151-43f2-80e6-4b7a8486b16a	1077
62825550-53f3-4867-99ed-5a8a591e321f	1078
6282c313-c43c-4388-84fc-e04881f363d1	1142
62881716-1c0f-476e-9107-175935bc147a	1103
628e5dc3-58f5-469e-85fe-9feb0d06cead	1135
6290aca1-d78f-42f1-9794-76adab27f4e2	1056
62930e35-785b-4ae2-89fc-b611146d5d29	1133
62945793-7e4f-47b4-9cfc-7cd34ee7caf3	1059
6297e5e7-d2d1-4584-8536-0ee5cfda4476	1063
6298c9db-e534-4972-b268-fbef44dbbedf	1045
629ceb39-9443-4868-b6ba-151380692b39	1132
629d3a49-fd4b-47a8-8a43-1f1d66b42501	1132
629f2909-a3f1-47e3-8ffc-d6ca248b2dbb	1130
629ffac6-8e4c-439d-a4df-1bea78652459	1322
62a12dd3-d4b8-4892-90ea-5d04ad2274b3	1079
62a396bc-748d-4aef-ba25-af0b46d1c822	1033
62a86ecd-f87e-416d-8fb5-a055d57844b8	979
62ac1374-222a-4930-94a3-ebc2a1e3ec43	1040
62adbafe-3a92-42ce-9871-05659e49c672	1132
62ae2489-14e3-4926-9d7d-a38e0048cf1e	1147
62aeb727-4148-4e4c-8206-c2304fafd9fb	1064
62b019ad-7b44-4376-9941-7779151553ee	1123
62b427c5-ca87-4c56-aefa-44be1fa154b8	1067
62b6e8e2-ae16-4735-aea6-ba92e5be40cd	1126
62bb430e-5320-4d58-acb6-dbeb86697a32	1138
62bc38f2-4df8-49cc-9203-5281c11a0c66	1130
62bdcd8b-351d-49a3-9259-e5dd430947e2	1086
62bfb8f0-fc82-4bbb-b128-5634008dc50f	635
62c05777-d20d-42c8-a00a-63e19bc31e3f	1040
62c1e8f2-8d4b-4e8e-995a-d3bdfd3ad2c3	1074
62c3cbfa-e635-4f4f-933a-de50b35f4e38	1082
62c4400a-caf6-40a9-ba2f-03eb68ce8b75	1143
62c5db23-30a4-4ee4-8aee-e77d2667a172	1093
62c726ff-2f63-419b-a2d2-8d3d124bcf54	1144
62ca92f1-5ff2-439e-998a-e6775d257066	1129
62cefa1e-fcca-4c1c-8d6f-5e0caaca65ff	1072
62cf674c-0fa9-496a-8343-9cfd00b21308	1137
62d116c8-a308-4fa8-a887-1c354cfe7a76	1082
62d123f4-286a-4137-b6cc-8a099a8e5d4b	1066
62d13080-8d00-4627-9af6-d3dac5d77ff6	1064
62d40dff-98e7-4641-b474-4cd54fa192cf	1135
62d59350-90d8-4178-bbc2-4f6c92313410	998
62d85614-7a0d-46cb-8d8b-907728789c53	1132
62dab492-5708-4da9-9e0e-a0fef49fa5ba	1119
62dccfd5-0c88-4a72-997f-8aa760ff9382	1065
62de20b7-8063-4a25-8dec-727db33d268a	1072
62e02f68-6ca3-4fed-9d10-b4024163dedc	1068
62e1ab3f-982c-4a3d-8430-16b41d44e563	1126
62e1d2cc-eb0c-4e4a-8491-1b3bae881103	1045
62e26545-dfd5-47fb-b0be-99a95562dc3b	1076
62e5d0a8-f218-43d7-9f93-266655194230	1131
62ea8d3c-b179-46c7-98d7-0c672759724b	1067
62ebb4e1-4df6-45ee-89c0-374398f65761	1134
62f13318-7813-457d-9dfd-f6f497fc3be1	1141
62f35a82-5803-40fa-a179-12e76379d25b	1144
62faa4d8-c8c6-4a90-8209-ed3dd595fa9d	1130
62fac158-5c38-4990-a565-b86fc2b3dc6d	1102
62fca129-fdbc-4b86-98b0-32b750b18b39	1054
62fe0bdc-fd30-4cc9-b149-114781bdd915	1130
62fe9340-0a76-4c5c-b5cb-f1eb4ac6e1d3	1066
62fe9cb5-5eae-431f-a1b0-8bba7071c9f4	1075
62ffe114-6c2f-465e-86d2-13f176342d96	1127
6300f876-ad19-4c30-8c91-49f3c162d45a	1071
63026aaf-cb6b-4276-9fb8-b6612d2746c9	1052
6305b3a9-0058-4a28-bc9a-ebeefb791849	1074
630d0aba-29b0-42b3-b50d-87c3a8e34e4e	1079
63114ece-e436-4520-8d91-8ed0b8ab81c6	1131
63146922-925f-48a8-bfe0-07cf57c76415	1056
6317b206-59b7-417d-9eab-248c8b483279	1062
631b754a-2ab8-4695-8d15-cdf10b35934d	1134
631c9c6a-5de0-4e7d-90b0-86efa0d6f34e	1136
63205461-642c-4343-b0b0-eb39af4e8329	1125
6320c730-b4af-46fd-af45-2b146ea687d3	1135
6321f613-c56a-42a3-a206-e7fbbebec540	1131
63296cfb-eabc-48e6-8b43-82c89ba73730	1075
632eaa7a-d96f-4379-b4f1-c4d3ddc4a42b	1067
6333f1d3-819f-48ce-a554-51add4bdf52e	1081
633b4e06-81c5-44a6-847c-64f09d3d9754	1047
633c8fa2-4963-4785-9596-2f19910681d0	1065
63402bbb-0665-49fa-8e96-e1b1fe1f1f17	1077
6345294a-96c9-4077-9d24-5794547510f1	1072
63498069-6329-4bdc-8b9f-54d331d83d66	1069
634cdddc-b274-46b9-a035-cfdf523c96ce	1072
634e195b-bf2c-497a-89a7-0c80b3992f9f	1076
634ed123-0e49-4f78-81a6-50dad1ea5172	1116
6350742a-c912-4ecc-8bae-63ef332fa84d	1071
63511f33-512f-49ed-b559-22d2337d67fd	1138
6351f642-0b76-49a2-8a6e-f4bb2d992426	1068
6355b357-3bf2-4cf0-b854-a85f95220fc4	1131
63635774-f555-4db1-ab8d-13a94b08056f	1132
6364492e-e576-46a4-94b1-dc35e1557859	1050
636cb8bb-82d9-49a6-8893-277b4dc566be	1038
636dbad4-351b-4677-90a4-57e173f5ab5f	1056
63711a5c-297f-4bb0-a3c9-183dc51ff1fb	1140
63749d7f-c473-4136-8c2c-c80077db4273	1130
637a0752-40ce-4c5d-b1d6-03a56eded5d1	1114
637f4646-cd7d-4987-ae36-d45c6b87395c	1134
6386081d-db0d-4469-b01e-c9350bfedf8e	1134
63878ba9-1e9f-4d31-9117-bb2c688892f8	1134
63936981-c4e4-411e-9a69-11766741ac94	1144
639f7509-a793-4659-b466-9290e193fc6a	1132
63a470b5-3797-437c-a627-2e56148b47cd	1132
63a5e6c0-ab06-4d60-a1ca-a20f2ea72cba	1100
63a61555-3e94-4fd0-9d0c-baf3a63d545b	1128
63ad067a-9c14-44d9-b856-19e2c84adc8b	1053
63b0ced2-b87f-4572-80b3-62dec615a363	1075
63b12dcc-b00c-421a-9201-149294dafbfd	1134
63b77245-2890-4661-96a6-40c3e5138c8c	1077
63bc9148-6f78-47b6-a78a-c9eeee2f9673	994
63be01d3-b088-4710-b1c4-097bd44ea51c	1067
63c5a83f-f838-45f2-96f6-e95ec15f6ea7	1131
63ccff3f-90e5-40a1-958b-a4f372805c31	1128
63cd0e1f-6f9f-4a6a-99e2-6287796152bd	1074
63cfddd8-3a47-4dd6-9f5e-e1a659e41cd8	1085
63d10464-c669-479b-b76e-d01963ab7319	1130
63d4d913-14d3-4860-801d-10d191803393	1062
63d8764e-a5ba-4204-8f98-d2db15de28b3	1035
63e4836e-2e75-418f-9c41-c014c2423dad	1058
63e5c3c4-af33-4fbe-8e24-39f84516f8e8	1051
63eacb9d-abf3-4458-a2c4-c18a4d0488c1	1057
63ec9338-4234-4895-9d44-8fcdee72679b	1057
63f72767-124c-4948-8beb-5d2accef68d7	1046
63f75cfe-15a6-4a11-af12-6465d17699d6	1119
63fb171f-2917-4f62-8f3f-8b03a3a229ab	1055
63fba051-8621-49f2-99eb-a11a5f7a4689	1067
64016c53-3121-4671-87b1-e9e4761e1e88	1130
64036564-dea7-4c04-a6fc-bf7c8b625903	1128
6403c2bb-2fd0-4bfa-a6b7-412c89bf71a8	1138
640879ee-8e99-4881-8f4c-52fdc451c74c	1081
64104f23-9284-4657-a3cf-cabacd10c254	1134
641dbd45-9b6e-4f62-a165-5bd559b40b4e	1079
642628c9-0918-4794-ad49-5d5b8e850f6f	1087
64308a92-d1d5-49f8-905b-3689c274e872	1134
6431dea2-548f-462b-abe2-14848848b3b6	1126
64328884-6323-4c62-8542-e42fe58e7a70	1073
643335f9-52e2-4f19-b7ac-7ff979c8ef81	1142
6435e197-f525-4696-b7c6-ee7553bd9c43	1135
643ddeec-c3b8-475b-b236-5210e2f1a6ee	1129
6443d343-9aa5-4578-8755-4c417c91e019	1049
64477a82-3e32-4ff1-a9f8-1f5d017ca7f2	1090
644925fe-5d3b-44f9-a60a-91a8136aa7f5	1146
644bc7d1-2a79-4b67-890f-cf1fe1f23bc7	1074
644caee5-0774-4c04-8d44-1c6ab9710889	1133
644f85c6-61fc-4031-93fc-c72009d53bf2	1079
6454026d-8638-4ce3-adda-3e39555414c7	1075
64552356-ec80-46f4-a1b8-95d8cefaf0f3	1138
64554d13-64af-4188-943b-263002f2eb3e	1090
64564002-3a05-4b6f-936b-af2b849e3272	1044
645c5320-574b-4c5d-a9b9-a582498e26e3	1059
645db85d-53a3-49a8-b2b1-cc6d7914b29d	1141
645f63db-6db4-4216-9e53-ae71e1f0233f	1059
6461ac90-37ad-4324-961a-75fd07ec820a	1073
64631b39-52e3-4768-aaf5-64b60fe4291d	3117
64654e9b-6f4a-474e-8f0f-c39d67bf28de	1055
64697902-b01e-4710-8e37-164337cbbeef	1133
6469b3b6-7b17-4665-a93f-a353da0a6bcf	1135
646efd79-4786-4803-a7f5-16e42b3235be	1132
647852de-696b-42b6-b8b2-472bf611ac26	1071
647c737d-3eb3-45ef-9930-8be4eeda1369	1123
647dac03-d9d9-4a07-847d-0e0c97f2a741	1088
64819ad2-fb25-4e28-a56b-8133651baac6	1066
64826286-1735-4441-adcf-49c47fca834f	1116
6484dec7-1817-4d2f-b8ac-2c36dcc151a6	1132
648ff9eb-34a7-4fcc-9800-853eb5f75681	1075
6492e9db-64d2-4264-be3a-127c0e57b59a	1056
64940c51-e32d-4ae8-a3f0-14f96e4dc8c3	1068
6498f431-053a-4fa1-8a1b-49783209a81a	1055
649add11-f92a-4f51-890c-6dc984acc973	1076
649d558c-d198-4b00-86cd-4a527a3167a9	1124
64a1085a-98b4-4b4b-90a4-48aa4cb61b6f	1066
64abba15-bf21-4998-b701-1cd0d4a96a10	1131
64acaef7-e74f-45db-839c-11c72c768fe2	1087
64acbb10-bffd-490a-8b1c-48405813da87	1055
64ad18f9-998c-43a1-b515-d4a57c8e230c	1130
64af8327-492b-49b6-a3f5-83853a8de77c	1133
64b4639f-eea1-4006-aa1e-78c7317241ef	985
64b524a5-3a83-4123-ac81-ca3762062275	1079
64b6d339-b9b1-4019-b8c5-6d699f6adddb	1119
64bca3dd-aae8-49d0-8d75-a3a64ebddbd7	1141
64bea16b-5abe-4b15-a2ca-a1ad98202899	1069
64c24b79-b6b5-4ad4-adf8-a2f0deeda429	1069
64cb6842-d0dd-4659-a22d-458733f66a55	1075
64d3504a-71b4-4336-b406-d451bd2b2be7	1137
64d6616f-2b4f-4706-b499-19a364a56471	1386
64da2f83-a6b9-4595-b897-996fe7b42af5	1148
64da5f02-5b72-4a12-b388-1ad311ab9f6c	1377
64e34997-4a99-45b9-9f74-20ed0abce19b	1078
64e3d031-196b-4786-8278-c1b43d67bc07	1074
64e60be1-d6d6-41a3-9e16-5f6d0269c270	1077
64ee7ecc-807c-40e1-af8f-7f522c41184e	1074
64f5939e-e342-46d0-a6c0-4a1cc326ad1b	1078
64f85f71-aaae-4a7b-ab17-94334775bf46	1072
64fdf4ea-0154-4fa8-9479-43cab6e2cc36	990
64ff1dcd-6fc3-42ca-ac91-b09fa741845f	1054
6501dcb6-960d-4b74-83c1-d5299fbde8d4	1051
65021836-f7b8-4d85-b2d6-632176e4b170	1066
65149fe5-3d7d-443b-a227-778898462dcc	1133
651c92d9-5a08-4a1f-8ac2-f2ab660d2368	1072
65282ffc-4ee1-44a3-8f91-f358640603c9	1086
65372481-e226-423b-a327-417bb33936e3	987
65384e7e-7d56-4183-ba85-a93f32e7ad38	1127
6538a97e-a37d-47bf-9b3e-a740434b79e8	1056
653d9dfe-4b43-4f97-818c-285b5950e872	1138
6546e921-32b0-4332-ab1b-60fa18632c33	1121
654c4cd1-4fa1-4478-b41b-70f6f219b541	1125
655475e3-57df-4cea-bce8-165c5028d2ec	1048
656325ba-80b5-40d1-b2f9-dd65562903e5	1134
656ac69c-8102-4c53-9bf2-614494e2fc07	1085
656bd782-19d6-4ef4-a644-fbd69f5942b2	1104
656fe178-b2fb-4cfa-9176-23d47b602beb	1137
6570bdb1-ca13-4614-adf8-0aafdaca49d6	285
65759be1-ddd5-45fc-85c4-3cb3102f105b	1074
657b93e3-6312-4d48-b474-06c6e8e9c83d	1128
657c73e2-3da9-45ab-a1ab-8ede2d8ef3ad	1073
657dbec3-b270-4615-b271-41019d1807e3	1071
6582f7f2-a96e-4e76-b7f5-e82b81a144e7	1132
6584f0bb-2035-4c37-93df-501c8f93d7c0	1080
658719e2-8551-4fdf-a903-6ec6fe7a34fe	1118
65968919-ecb7-4455-976f-7dd943eca20c	1137
659704d1-755e-413a-b6b3-89227b50a51b	1074
659cc166-7c13-4643-b11c-d0489174fa25	1053
659f2650-78bd-4ff1-82d5-24403a137f2c	1065
65a1635e-9a7f-4b1d-9f68-702c153065b9	1067
65a8d04e-642f-4ede-9f6c-a3cd48e1e0c0	1074
65aa79b6-c83e-4865-8694-efdda5712e68	1280
65b1333f-a244-4872-bfb6-138b7fde3567	1112
65b527af-d863-4750-a4e1-008ef54ebf44	1115
65b6f004-d748-4650-92bc-22816f68f3cc	1074
65bafce0-a77a-4510-ba6b-7571e63e02d4	998
65bf3872-a86a-426d-abc9-5befc0de29ac	1118
65c05336-7ee7-4fd6-b774-6436dc9e85f8	1123
65c5479f-f08b-42cd-bc83-2e802708a574	1120
65c5c339-49e4-44e6-aeee-543237204764	1126
65c6fa95-2af5-409f-ac82-37cf0b864e92	1091
65c6fc6b-bab5-4004-95bb-790ba409c5cd	1078
65c763f6-4052-489b-bb99-38b946427cbb	1056
65c7d1a2-2126-4ff9-8468-5d6d18d9db0e	1137
65cefe0e-69e9-4d8a-9adf-e0cb0cb2856d	1132
65d699b1-0a84-4f4c-b4e3-031d3eab52d2	1136
65d9aed0-62f5-443d-ae5e-2804eeda3474	1061
65d9b9c1-4e67-446b-9bc8-da22d52d1666	1064
65da3b2f-bbcc-4992-ab77-ba70ca753c9f	1068
65eafdfb-b762-4407-8ae6-75b27356f880	1007
65ecd877-778a-45e8-b8a0-7d4f537636f0	1069
65fd87aa-d7e9-4163-8342-15d27c85a67b	1138
6601c497-86d0-4f24-be18-c1919fa4b30e	1075
6601dddb-a007-46a2-85ea-34991f6a5b79	1130
66033cfb-d3d0-4f1c-b5b7-74e086ec195b	1073
6607f298-ed61-444a-b4e6-5203eebb8e7c	1132
660a162d-835b-4f46-ab09-f7a4fde71e5d	1079
660bd6f4-4738-4c3a-90f9-cd604aa6e087	1076
66156c1c-3a25-45df-b36e-7983e6619fb4	1096
661a33d5-77ee-4b2f-8989-2caa2f077768	1031
661b4684-5f15-4bd8-85b8-defdad12813c	1152
661be7af-13c8-4a66-88ff-940a02cc1db7	1136
661d07a6-6b7a-4481-b6f1-f98e411375d8	1139
661ea2cc-fecb-48fa-8233-a26fee9757b5	1074
66286f98-bd6d-45c4-8a92-447bf2f7d308	1066
662c1196-c933-4ba1-860e-72820fae7104	1070
662d3b89-321c-40a4-87b9-4b96a23f8278	1077
6636e74f-678a-4896-8b7e-82a121d2ca01	1132
66370cb9-af72-4b10-90c3-280b313663b2	1049
663906c8-0a8f-42fe-8244-122bfa0d4a87	1051
663a0cdb-71f4-45d3-8d35-bc72660bd1c1	1102
66503b39-6bb8-4b81-8678-8258ab244936	1135
666394e6-3ca7-4319-a4ab-ee66faf30b00	1140
6664084e-6c3d-44bb-9a28-5f7bab47f365	1124
66679b7c-ad93-41ce-8ea2-a482facb1ec6	1067
666a7ffe-55e2-4714-a5ef-7dd64277df27	1067
666a8aa7-b762-41bf-8664-292268c05329	1064
666fd7e3-0593-4d9d-864f-afaa07de9de4	1117
6670d1b5-3922-4d15-884d-0750f1189c63	1033
667206b3-ddb1-42c0-9ba7-70b0c688a1ca	1132
66723ee2-b453-4f75-ad1b-48139dfc96bd	1068
66768f75-324e-4e3c-beec-1324575fbd16	1078
6678aaaf-a81f-4294-b4aa-5bcd900edf5c	2056
667ba06d-5855-47a3-8501-229d0e399680	1139
667cbd5d-e686-4e17-a336-fe30bd4b319a	1137
667f3fc8-5017-4b7f-b118-abe3399e66e4	1059
6681d380-779c-4d33-bdeb-0ce9d2702f7f	1050
66870aa0-fa5f-4feb-8fa2-995c99ce3dcd	1039
66885e5d-34d7-4fa7-9744-189b6a4555c9	1074
668c3bbe-27e5-4302-8d48-7af4e5f97ccc	1075
66919ddd-8151-4bc7-a471-753a0a083fa0	1126
669435b6-5786-47aa-9a18-5c05ac61daa1	1056
669739d0-21c3-4c30-9836-dd278366aea2	1147
6697b075-456b-499e-be67-1fad10450750	1070
669bc2bf-5b95-42a5-b7c2-cd6f226b3eb7	1080
66a0c507-de35-4aa3-bb8b-c2f945916771	1074
66a31637-a498-45de-bd99-3646de985a26	1090
66a36c61-2103-404f-b4b2-d7bcf9cd1ec5	1084
66ac2a92-38b2-4bdf-ac74-c965ae673dce	1125
66b3c84b-760b-4c68-9b5e-e694d71defca	1148
66b90726-6136-4978-b306-dd20fe9be681	1135
66bb12b2-f2a4-4fca-99c5-f07dc8bbe8d1	1081
66be13b6-19ad-4031-b0d9-304001cf1fe2	1070
66bff3e0-3ec9-4e64-a1a7-5b100584d0dc	1130
66c91c25-7155-49ba-a194-17076bcf665f	1123
66c9db99-0f61-42a1-833d-356ef0735fb1	1069
66ca32b0-cedb-4435-b424-89ec19b195ef	1060
66ca4a30-43ac-4086-b682-ee471ba99c7e	1123
66cf9328-ad66-45c3-a939-be01a08a7006	1076
66d320c9-6541-4c32-9eae-44e602757ce2	1080
66daa36f-f37f-4a3a-94f7-0592b247d2f9	1076
66db41a4-2f26-48d2-bee8-493d0aaebf5f	1077
66dd605c-7dad-4cec-95c4-e9408b21a7ea	1092
66e0f6b7-5665-426a-bf6e-8b784024d7a7	1072
66e22764-4025-430d-afa3-73235f20d4f3	1667
66e2e5a9-ce78-476a-9bc4-51f3862123e9	1166
66e34392-cb3e-4492-a770-dab498bbba2c	1186
66e3ecf6-eae3-4b11-85a9-cafba2f0c5de	1074
66e66076-0fa9-4e67-86f4-1722c81130de	1063
66e6e85e-2a05-4ade-a9f1-ff70407ba80c	1063
66e84d70-9cae-4879-8775-f4a9a3de943d	1056
66f35982-c707-4369-b12a-5cc62afc5a2b	1143
66f39203-e05a-46f5-bbe4-38be1cf0bc07	1136
66f943cb-b515-4fce-af4f-6965a28bedc3	1071
66fb9694-ae45-4a70-9912-47144ba6fb33	1073
66fdac7d-32b0-406f-b5f5-a3e60469cb94	1071
66fe5478-4cfc-4573-a100-e89e2118ff5a	1074
67006633-9b1d-4017-a4c3-f8f565496ea4	1312
67068a79-e92c-4ec1-9d11-7a535c61edeb	1127
67109da4-0a98-4f1d-b8c4-8b7c2def4b12	1073
6711d393-df27-485c-bfca-bbc247e318dd	1036
671d92f6-d8d8-4d11-8b12-a709892e7e2d	1073
672374b9-6a1e-417e-a8e5-66e89dac0a78	1131
672f17e9-834a-4c1e-9f11-d3af03475c4f	1104
673af172-ecd1-471e-8278-4ae9a5559147	1066
6745c00a-d288-4f23-b116-f5b77ceac5a7	1148
67474a4d-eab6-44eb-9dac-a52ebd603777	1057
674806c3-7be3-47cf-a3d2-3579e64f1617	1132
674cd657-c892-427a-8ed1-47842a4e722d	1070
67530294-952a-4d16-9e86-9338da7bdb59	1047
6755fc9a-3c22-465e-a5c6-2cd77cd6f360	1063
67577c04-3677-4ddf-b292-fa1225d1eeab	1074
6757f37e-e4d7-4d1b-853f-fe650459d7c3	1112
675bdea0-5317-4ab7-9124-d6aa9e5aacc1	1073
675fc2d1-c5b3-4e88-9184-b6d955a64aa2	1078
6760ab80-10c6-475f-b121-7652381acddf	1132
676a1cde-8df5-4b6a-9bb1-1800f1198f85	1053
676b322f-266f-4c0d-ae21-d0845f62ca25	1068
67782c1d-1aab-41fd-a9b9-233b72945271	1078
677db595-be03-4ff6-bacf-ed2d82ade13f	2140
678708a6-60d3-434b-9aad-490093f42a02	1149
678923c3-b9f9-40d6-95a8-b47be712a672	1048
678a6e81-4df4-4399-80f1-e0ba3dfbab1b	1072
678b4310-fa46-419a-bbc9-fa73ef9573e9	1122
6794f0d5-073a-4cc2-b423-625e89d1fcbd	1072
679d6984-6659-4bea-8270-8ac6e7805529	1115
679d9a50-3454-4153-b3bb-118f26d616c9	1075
679f94a8-bb09-48f2-a82a-520bd7655bcd	1073
67a04f09-cfd9-4a9e-953c-a7a73776ed15	1121
67a08cee-5516-45f6-a387-a12479639f91	1073
67a679a8-383c-4ef4-a8e9-70102cae1865	1134
67ab577c-736f-4432-8d4a-f79c359f8727	2083
67ad412c-1de2-4727-8d54-ec6683a2314a	1076
67aef5b1-7206-44f6-92dc-1d3bb6c84921	1041
67b00567-d066-45e9-8da7-ae246a3d78c6	1080
67b06681-51c6-470d-b305-d789bbe6b1af	1078
67b0ef9a-0e83-4099-904e-dc5b3ef4db07	1072
67b12fc2-b056-47de-8ecf-c0d7a7f1969a	1117
67b69ea0-eaae-4b26-b3b0-89d254d3f653	1122
67bafa79-7c04-4ce3-bd65-c31b03437276	1137
67bf1cb0-7cc9-4f85-958c-0ca186287cfc	1131
67bf7789-a537-4030-b46e-45be6e9fcde8	1137
67c7e9f5-3272-42c2-b93a-42bdf84263d1	1132
67c81186-67c4-432f-9041-fd2a8f483950	1071
67cce79e-f51d-46fb-84c4-acdd447b0afb	1133
67cd1eda-b9bf-4ed4-bdbc-8436a4b37857	1068
67ce5ac6-ab9e-42e0-9e35-f3ec29d304a9	1081
67d15466-92ad-4e68-9754-9839708daa33	1077
67d4ce55-cf77-489e-a832-ec028efa78b1	1134
67d6b94e-ded4-4595-9dfc-9dd42fca6e16	1061
67d84aab-abb7-4989-85f2-5276641bbd25	1083
67e1cee3-499c-4d1b-9a3f-33ecec1b1bb3	1130
67e7f024-3950-4a69-9d53-d9854963ab5f	1131
67e97eca-1290-4a7f-bf45-c66bc665b11a	1075
67f10fba-c826-4982-9469-4fc06eedeaa2	1129
67f4f612-1254-4fc2-aa66-183182c39af9	1134
67f637b7-c98f-4eb6-bee7-c378dbe4728f	1135
67f69e59-314b-49b1-a26c-8d31f5504c38	1073
67f8b3ae-dba6-4dba-a966-51c769f0b0c7	1131
67f9036d-6ed4-4298-beb8-9e70e81fdc6f	1043
67fba715-be4f-43ae-9601-fc4a4e1d436d	1136
67fd3c45-018e-4025-9618-a87322d5edb0	1073
67fe5cb6-5cdf-4c02-b7ff-07b0ce9e7f4e	1071
68013156-1657-4dc3-9442-0d577d8b1db8	1115
6803f9cc-b014-451a-9e8c-89c34ce4688f	1077
6807bc03-2f37-4349-9f6a-505946936350	992
68085848-a0d3-40fd-b3bc-e9a4c3d2748f	1129
680a4744-8ea9-483d-bba3-5e293c33ac39	1076
680d2eba-ac2d-477e-ae43-980704359872	1074
680da088-b8f7-4c4a-b273-865931fe0df2	1122
680dfa9e-472c-4001-b8be-473349de97a8	1054
680fc592-cfec-4554-aa5d-c6c858a9e492	1117
680fe3c3-aa11-4551-8f81-7eb639c74a7f	1069
6810b7f9-47d6-46c4-8f0a-2c62d23123e3	1062
681c4723-4fdc-4cdd-861d-bed4526d5f9e	2152
681eb33d-3c16-4a9c-8a8f-3d26c8c5a742	1118
6828f12b-ee52-4d18-888d-fea11becaa71	1149
68292858-34c2-49b0-8392-f5e67fb7904b	1136
682e649c-f35f-4541-98de-1580334329c4	995
682f14ab-7479-484e-8b5d-d3450ead5ee2	1079
6830f959-7e36-4258-aff9-29812a0915cb	1129
68384032-7013-4b86-9e80-5abb91c3eec5	1124
6840abda-932d-460a-b6b0-b4f4a1d2a19a	1046
6841bfe8-ccbb-4eab-b0c7-90e9bdf16494	1052
68432d00-d5b6-419d-a5b8-61a9b383599b	1076
6848c3e9-33eb-482c-a07f-0d083e40e67b	1074
68496f92-ef14-4357-ba57-24ec241732ba	1055
684a6d61-7481-4079-a706-d0fa8a5d5d40	1143
684e1e7d-b268-4e88-ace5-5b1a76f393e9	1056
684e3261-77f1-4933-af78-641c65be4415	1128
6854bbcf-c8b9-444b-a083-09851c7ef03a	1068
6857c15c-c37d-4699-8f40-9c2a7f90c6b5	999
68580ca6-4732-464c-a6c7-a4fd33793af3	1060
685ebcee-a708-47a3-97d9-14efe025808c	1121
6861e838-4a55-4859-9390-65673ba395a8	1118
686952bc-4f2f-4b42-93b9-5ae144179731	1126
686bf900-df61-4199-a965-61c8a98ea759	987
686c0f26-c77c-4b43-bb97-edf639d9fdfa	990
687430ba-2ac8-4f62-9f18-d7fab787ac81	1074
6874af2e-72d5-465a-a17b-277c0378e1d8	1126
6876fa76-c132-4714-a4a2-385e907f52ed	1055
6877f9e6-e6a0-4965-9682-e4361c7d54f4	1042
688784ca-159f-45db-a5d5-a6c305a5771f	1126
688e19d2-6536-45ee-931c-c433663923c0	1135
6890c4f8-00e1-484f-ad01-2d2c746ed6ac	1144
6894cfac-5055-4b5c-bf38-7705cee2d19d	1073
689c1846-0621-45bf-8ee0-d92d62537618	1137
689d3a25-046b-4e13-90bd-fe25c202bd88	1137
689d9cf4-ccb8-4d9f-ae39-f24b084de263	1071
68a41108-8c0a-47c4-96bc-6556cc4e62df	1116
68a50ce8-47a4-4ee3-bfc9-67c582d71344	1083
68a79d73-a9fc-4300-9167-9b3565018ef2	1140
68ac50c9-8aee-4ab8-9042-216b7e8f1a4d	1121
68ace8e5-4cfd-40c4-8823-43f773278ca0	1064
68aeb997-9c12-4971-8dfb-1333e83fa1ee	1111
68b08734-2147-4467-9f45-d7d0e52e467c	1075
68b2f81a-b720-440e-a4b8-428c0d26f035	1088
68b5dcac-1fcd-4d03-b6c3-e2afd155715e	1067
68b7d754-9bec-4dd9-b76b-1ba9b6c3aa4a	1282
68bb8d80-48e0-4b12-89ca-ba5f198dae0f	1132
68c0f3d0-2438-4e40-920a-0563212b466b	1004
68c2bda9-27b7-472b-a9c9-b2b9489b4144	1076
68c305b9-1264-4947-a77b-8abf994708ce	1070
68c54ad7-4e66-430c-93f3-5de4f910b248	1071
68ca976e-28b2-4d0b-b854-0afef5b032fd	209
68cb0bf0-5703-4773-8521-84db264fc0bb	1130
68ceeb97-9db6-4ff0-a04c-8f00c20b87b0	1138
68cf719c-9bf1-4055-964d-fc63ef221b6f	1126
68d05813-312c-4560-af9f-d9776e31e9bc	1065
68d377b4-4b6f-4893-add9-c49b49794809	1126
68d45b70-5568-4ae1-88e0-ee7b161ce45c	1132
68d85841-c58a-4831-9127-6e1306c6e87e	1127
68e35c61-c27e-46d2-a023-43b5fe60118e	1119
68e78894-179f-4189-92d5-c605f65414a2	1071
68e92b73-85da-4f15-83c7-9fc082c63ee5	1110
68ea07e1-1392-453a-8818-29854e978df1	1077
68ecd121-2104-4726-bf88-8f8f0add8b5d	1049
68fa3346-d4fc-40e2-bc80-70f8c2fda0aa	1140
68fa7f8c-4291-4d32-b054-7c00369332ff	1132
690092e6-c08c-4c10-8f7e-22df9fac1a55	1118
6900ea3e-0b71-4f7f-9e98-8ee0f3b5d29d	1068
690226b6-d234-4998-bb64-ca0db22ec03e	1078
6903a08b-dd0f-46ed-936d-4f4879868748	1119
69062a56-66d9-4233-bc4a-b9a9edef5363	1070
690b84ba-2504-4ea3-bdf1-002bc8b8ad7e	1127
69144a7f-a632-410e-9bb7-8910ce1cf823	1127
69194d7a-e20b-41e1-9a43-57517d31ca1c	1140
691c654e-8c54-4807-96f7-b0d6cb00c16b	1037
691d7313-2406-48d9-88a2-8fe19f835c95	1128
691d77e3-2cd9-4fbe-af4f-dcf2e2267c70	1047
6921e40b-d7bd-467f-9564-144d366bd608	1064
69236111-fb6a-40db-a19e-af4ee10e7f42	988
692e06df-4f24-4c39-a6da-746160297ba9	1049
6932ec6f-d943-4f84-8bd7-524a2c9b6f0d	1116
6936ed67-86cc-4aa1-8ddb-659aa3df59c6	987
693f9b34-7d74-4de5-9d2b-c729e220c796	1129
693fe28a-f437-46e4-972e-8462eb9a4e0a	1039
6940c323-a674-44f5-bd9c-0c2703a7f15d	1121
6945a231-e2d4-4de8-ad93-bf9c1e9c6dff	1074
6949ed85-e3eb-4e35-a975-f987a31b473d	1122
694c1edd-8d90-4df2-9f85-de0c9566dad0	1128
694fc9a6-5825-4569-a5db-922d0aa47ede	1077
6950ab7b-c24a-4d61-9cc5-6292a70076d1	1127
6953679b-586f-4fb5-a375-e8dd9f23d5a8	1072
695fdd79-7325-48ae-a461-f168b1b246ea	1137
6960a402-8871-4457-b0d4-37fc16166f65	1060
69611ff1-1474-48b8-9fc0-51595aad9b5a	1068
69646eac-3b9b-4b66-8cc2-439bb84674a0	1137
696795db-9e83-4f2c-9fdb-0216078d484f	1120
696d0c0f-d64b-44bb-89a8-80cf056f2990	1133
696ee8aa-354d-4139-8dae-258d30c21e6c	1057
697404e3-ed68-46c3-93ab-f25d29feccc3	1069
697624fd-be6f-4eb4-8582-6419865bd2b1	1074
6978eee2-bb85-46ac-acf1-02e527bd1ee9	1138
697f9b13-5a22-479c-8876-18141ccb522b	1131
6983f87b-e708-4f36-adf0-e9d932ff9c86	1131
6984b2d5-23ba-42c3-a482-05c7756e492c	1077
6989bd80-affe-4b76-94c6-ed3e5291edbc	1115
698afa45-aed4-4345-91c8-26ce30f5add7	1060
698b396e-56b7-4c74-9a18-46503f535d21	1134
698dbb0e-3108-4ba6-a61b-e94c5b9174cd	1062
698f2c14-9baa-4c24-9993-08f99df57117	1137
6990ba66-efd7-4d19-b7be-70edb70288e4	1162
6995e743-4cc7-48c2-8b30-a84a44562ce1	1132
699b283b-4621-4445-bd64-db487ddfc975	1061
69a8c726-0dba-4a12-ad72-fcf72309e80b	1056
69b56920-10d9-4d79-b7b5-00f0a31fd55e	1115
69b9e64d-6f00-4d15-9306-675a1262d544	1135
69b9e835-b1de-423f-936c-ffb569be862b	1126
69c175e9-e086-4823-956a-16067f2e22b0	1073
69c42487-8694-4cf4-bf21-c8bedf709494	1140
69c4bc02-3985-41ce-a8d0-dfb1cc5b1dec	1140
69c4f383-94de-43a7-bbb6-f12140000e36	1117
69c78524-0b4a-4d99-acb1-937d441d08a0	1132
69c8ed55-09cb-4952-bf35-5d7151630988	1084
69cd9dd7-4550-4d05-9526-f161e3935565	1130
69d0cd9f-4399-49ae-80c1-96e67aec9c47	1136
69d8395f-c3b0-48c8-9781-ff419b37b2f9	1058
69dba712-0772-4e14-aced-4dbd363ddd33	1123
69de6fb6-e444-49a7-afc6-c09cca86f69a	1049
69e8388a-1951-43a1-a137-8185806b639a	1120
69ed778e-d2f9-4d41-aaea-d8e737f18b25	1083
69f0f169-ff7e-432e-9880-d9e254877dc9	1075
69f124df-9289-4d49-a443-21ae4a2ba941	1053
69f7c50f-a007-4f61-8eb3-2aaaa702446e	1102
69f80960-0801-4053-9336-a64acafdb368	1065
69fb9b3b-25c1-4ced-bd0f-e8293a69968c	1134
6a03d21d-0055-4b66-a992-3218d4e43c3b	1143
6a0a03f3-bddc-482f-ae75-571ce6acb28b	1135
6a0ea216-321e-4250-9e8c-c0766c68cbea	1124
6a1019fa-7fdf-434d-8581-e4477895844a	1073
6a123541-979f-4cf8-87f9-80ff4e065f4d	1129
6a182a54-5a05-4e06-b170-6877034c2ef8	1122
6a1b24f7-3c70-4c83-b2f3-ebee173b7366	1065
6a1c76a5-fa13-4365-8245-d29458037052	1151
6a1da4b4-2f01-41a9-a6d2-fd5ed8100865	1071
6a21f133-bc59-4a2d-9d0a-1ad92c3a2e02	1107
6a22d665-c93d-49e4-980e-96e1878249f9	1137
6a263538-841f-472a-9f7a-b00e56b30d65	1102
6a288a9d-ab9c-4fb0-8492-35f1811dafef	1071
6a29a34a-7bac-4d8b-908a-6ce33580d3c7	1102
6a2cd6e3-e61a-4caa-8df8-4aae6fb70283	1078
6a30fc20-583f-4619-9882-06374b2408c0	1130
6a34c059-dae0-4b8e-a4ba-dc3b86e468b7	1068
6a370e14-7145-4575-a269-fcc48d0752c9	1073
6a394df7-9c1d-41c5-baff-821742453d02	1046
6a3bb1d2-29df-4ef4-83a8-eba9780a12c1	1134
6a3c9551-b9cc-4a22-a1bd-3b99204f26cb	1074
6a449093-329e-4c8c-a5e0-0912c955ad95	1081
6a474fd3-65e2-44d9-927d-e44678a86e9e	1107
6a4af526-9fb9-4872-9bbe-32e2deb3ff0e	1128
6a4e59a0-9f19-421f-ad97-049bb3bcf907	1082
6a58e0f3-464d-4ae5-aa28-ecb1e0259211	975
6a5b36c5-1334-4154-8515-2cdbc7083417	1137
6a65b5e9-10d8-4414-80eb-54b7b9f718c4	1141
6a744b26-aa26-4f71-b70e-876d4395116d	1075
6a79bdee-1189-429b-9df6-b6d509204cf3	1014
6a7ba9b2-d77c-4ab6-a11f-01d058a43252	1135
6a7c9874-f03d-48a0-a4c9-c7f2cb381bbf	1990
6a818b56-03c1-413f-84ba-b5de3af70f66	1066
6a83146e-37bf-4d81-8751-878d69b86db5	1075
6a864ccf-15b9-4bf6-82d6-d66411b31df8	1145
6a8bde04-6401-41a4-a6e3-5c1d7b920121	1133
6a8c50eb-ff90-4442-95e5-53d8c7baeb9a	1073
6a8c5dc6-c2a3-467b-b197-156d4307c6dd	1111
6a8ed458-c9ea-4bc5-810f-3b0879d51cc0	1069
6a8f4af0-e82c-43ab-8d0e-3a7e6e495d86	914
6a8fd289-7221-4cdd-8397-e8a0aad89417	1050
6a9192c7-b085-4733-ac3a-4e7a7d808be6	1074
6a92486f-078a-4445-acb7-6a41ba30378e	1066
6a977ea0-f1bc-4f2b-8868-9d34cae51ff9	1070
6a97c34b-383c-435a-b004-a7c71c14a28d	1306
6aa1c0be-01c1-4a59-9409-3b160289a9a0	1150
6aa34680-82ab-43f2-bad0-7b621581e926	1004
6aa46627-566d-44ed-bba8-97cfee3cb0c3	1131
6aa62904-25aa-428d-af75-cad5c0c22d2f	1058
6aaa50c6-6247-4fab-9786-41a15e93ce31	1132
6aaab0ec-141d-4b01-833e-65712ac89a96	1004
6aabbf8e-a747-4d88-82d5-89a615382d50	1052
6ab0548f-5e04-4022-aef9-61c358a2d15b	1112
6ab24afc-d152-42dd-97d3-e39d04d15c6a	1111
6ab42a91-67c9-4fe0-b931-a20c72684804	1009
6abb0524-0a81-4e75-b58c-f644caa91958	1137
6ac05423-171a-4968-a1f0-f049b57fa7fa	991
6ac3920b-3bcb-4e99-bc82-50f9322f7781	1138
6aca45bb-9db1-4519-8764-458d69b58e47	1118
6acb2de9-91f2-4d02-9494-2dd630494bbe	1061
6acc14f9-40c3-4932-94ae-eea8a56e1bbf	1028
6acc2b9f-43c6-4cb9-ae82-63873337e25b	1048
6acc7db8-16c0-4b01-bb73-85c4458ae6fd	1044
6accb910-7732-4c0b-b7d0-8d5488985c07	1129
6acfa6c5-dc9e-4a57-af87-877e72505cd1	1072
6ad0c890-288f-4607-8881-25a8b0e5c1ed	1073
6ad537af-7697-44e4-8183-303167a4508f	1084
6ae4260c-7cdf-4672-ae18-9e653f3bf50c	1134
6ae4523b-42f9-4d4f-8c14-6290d417e82f	1077
6ae48373-343d-41f5-b702-7b0f9fdefba8	1126
6af8649f-4cae-448c-9879-1e8938f10e31	1132
6afb7232-a892-434b-89fa-7cdec0203c90	1150
6afcdb2e-2e52-4875-8e07-b9111f959a30	1071
6b03eab6-683a-47fa-b6cd-e06a111c0530	1073
6b06512b-635d-4a30-b872-574a56d04170	1131
6b06c5a0-71a0-44a0-861b-6831a3f224ac	1145
6b0b2c68-1ac6-42ca-ae55-6d8b97a769db	1115
6b0b70eb-6a73-4023-9968-57b3b2067992	1120
6b0e32ed-66ea-41ec-acf2-2f77afa32981	1071
6b0e9b86-a33c-4ced-a104-47799166314d	1079
6b0f43ca-0543-446e-81db-e206cbe44554	1074
6b120c93-e4c1-41cb-8dba-13a1e7b3c194	1117
6b1508f8-4c27-4961-a072-d20ffa4b4396	1132
6b19cedd-92f3-42af-86b6-c272e55bca67	1066
6b1f282e-897f-405f-ab26-6b9761477862	1130
6b289357-2e93-4b19-b9da-20eb89b41791	1124
6b29b58e-adee-43d3-82ce-82e97878e8cc	1053
6b29f392-3dbe-47c1-9027-f3ebef213bcf	1137
6b2b77ab-36bb-4b9b-ac6e-4377ed8f3fc6	1071
6b2df4e3-5fa0-420f-aef9-57a28e896083	1119
6b3036e5-a6b1-4d18-9c26-3e0b4d552c0e	1049
6b3430ff-f73e-49c7-86f8-0ec86ac88166	1124
6b3633a7-2917-4fc2-9a51-69d928159a51	1131
6b363d3d-1fed-4e61-9922-4b6bc55d2aa4	1115
6b3e4c04-6451-4e5e-ab41-4b09b105c639	1143
6b3e5cba-9df8-4414-bf98-132a315c739f	1137
6b478210-b609-4615-8f5e-96142649b566	1074
6b491dca-eebe-48f9-aca7-03461d04084e	1078
6b4f9839-96b5-43ef-9a8a-be3b21c4b27a	1067
6b542486-4e5f-4380-a348-8ba0ef21f8d7	1083
6b71464b-4fa7-4d78-b79f-3d50c1f58f81	1050
6b774287-5efb-4a1b-963d-320d6cfb39de	1068
6b7899dd-13e1-4458-9494-797f80b80868	1115
6b850765-0dff-42f0-b079-89fc5b1e5611	1116
6b854d3a-707a-4b16-b0de-f2ac1c226e7e	1131
6b8c6480-c1ac-4e82-9f9b-e4dc9d271016	1079
6b8f0bc0-fe4a-4ce2-bdfe-dc82d5284c1e	1130
6b910030-96ca-463f-9056-0f49ca421bfc	1136
6ba3c860-5e42-4b35-835d-5e705177d303	1066
6ba4701a-4d4d-4a5e-a4f4-c4ce22ff9876	1070
6ba7c5ae-82f4-4e98-9dc7-c7d3589b48c0	1134
6ba9e70d-ee04-43c1-b769-f1c2e9ae0096	1131
6bab45c2-458d-4813-8986-0d4aa3db9ba9	1125
6bad7b8a-2485-4ac4-bef2-a224047a8de9	1297
6bae4087-1502-4de0-90a8-f2dc11488e0b	1113
6bb3d885-743f-497e-bfb3-b8a77fbe1341	1143
6bb3daf1-932b-4a16-9b1d-0f3f5342fa06	1052
6bb4a7ff-930d-4987-bbed-b70161e1f1d5	1074
6bbd8bbd-3b75-491c-9f21-9984f9ed3097	1073
6bc2654f-32dd-4bd1-baff-1010e1c5e0e8	1069
6bccc708-d2f0-4467-aee6-7036b70e9186	1118
6bce7793-07dc-484c-9db1-f82c0165b5c8	1073
6bcee348-8ed3-4959-9afe-a809fd062992	1074
6bd0da44-877a-4bc5-b6cf-1d5a99e25c62	1031
6bd27a28-aa92-4089-a38f-c54f1bd3afed	1107
6bd51fad-6ec5-4628-8ed3-e07a5ab216dd	1069
6bd62d77-ea70-48c8-8700-e7c763c935df	1073
6bd83816-ca1f-402e-91ba-570c4b4292e2	1050
6bd9fdf7-5002-425f-9e4e-d3e3695aa3b4	997
6bdf40d3-3793-4298-aa9e-9a434227850c	1074
6be101d5-b91a-40d3-b5e8-a7f2c569483f	1130
6be16f6d-689a-4e16-98ac-c593e5b775cc	1132
6bf02756-8557-46af-b219-480f2cb79bee	1130
6bf05610-bb28-4d3b-8ad0-8fdbffe3a09f	1037
6bf1cb8f-9295-40f7-aa3f-9efb575f15cc	1057
6bfdc7f7-cd91-40f6-8abe-ffa835d1ed9a	1142
6c002691-4a39-4e50-8ff2-081491140284	1067
6c10a0c0-8dbc-4e4b-908a-e0bf9c1a7470	1141
6c11eff1-54bf-474b-a0e4-bb4b9aea0ec5	992
6c19fe12-8848-4015-b0aa-7b15cbee4db5	1131
6c1a19c6-9596-45d5-8579-3f9901fd234d	1082
6c1dabfe-a0da-4d13-ba76-b7823aaf2c7a	1118
6c2c3511-ac38-44cc-92f3-7554010da178	1137
6c30d0e3-d012-4bf0-ac96-554a60b788b5	1068
6c31665b-0772-4710-a015-6119c93ff043	1070
6c327bd1-5d87-470d-81b9-3c8fe48b36c3	941
6c3295b1-9ff0-482b-aae4-e4e351cb2b2a	1066
6c373a4c-56ea-4fec-a87c-1e0dd4d27cc2	1131
6c396f96-ed14-4b8e-863b-c7a951194fdc	1079
6c3a036a-a309-4a37-8415-e90b1ef19d3c	1112
6c3c5a79-b45a-4478-8c75-08b60e3fdc9f	1130
6c3ccfee-18dc-48a7-80eb-2450995a2a3e	1138
6c4235de-20c9-49db-a7df-fbb10cf22df1	1136
6c43bca2-3572-4c00-8899-5d76bbb7c1ac	1136
6c43c687-e494-48af-90a7-3ce11126563e	1145
6c449dbf-ef7f-4eb2-8184-1579423e0d9a	1130
6c4607e2-5330-4d5f-bbf0-e2cb8d1f1bc8	1060
6c4924bb-73d8-4a81-998f-5262951ae6f7	1061
6c4a9815-1c21-4b0c-9073-fc167e5a3c0b	1086
6c4fcdab-79bf-4742-a435-05847ff536c7	1057
6c51acfc-9c44-4e29-a45f-0446fc9d4d56	1072
6c539dfe-5cc2-421f-b039-274fd3511bdf	1072
6c571e60-5768-4cd1-99a5-b89b196e5730	1110
6c646fda-8828-4016-9917-5c6f53b854e3	1049
6c674f3c-8bc9-46ee-9e68-f823bca1f55a	1121
6c6ab886-61b6-4032-bfce-6931ea5e6b9b	1121
6c6e0434-e562-4383-af1d-d0bd1a192963	1079
6c6fc3b0-ee89-4b46-bf26-d11958c1efa7	1138
6c7755dd-44e6-49e7-8971-e9677b7d1c52	1070
6c7a1bdd-bd81-44f4-8ec9-f47b05628634	1117
6c7a5913-70b7-4e44-ba39-0044001c8804	1123
6c7bf8ba-7ffe-4cb6-9cd0-86c743833556	1124
6c7bfb35-ae0e-4e3c-b735-74d899a9d1e9	1134
6c7ffe0c-163b-488f-ac76-13a11e73e9f2	1137
6c82c887-1d83-4816-8729-d0f19a7a2ae6	1103
6c82eb5b-4966-433d-8e39-8e1dee8371ca	1029
6c8647ec-994f-49cf-925b-85a1dac20b2a	2108
6c8c239c-cef7-4985-b94d-3679e71ba0db	1076
6c94d696-4903-4910-9186-108a9e62d98a	1135
6c96b3c2-e3e0-4e54-b106-111fa93f2173	1074
6c99c99b-85d8-4de6-a37e-1b65348dc756	1079
6ca4cec5-30ae-45b5-a11e-989d4c967b48	1132
6ca4fe46-3c13-412e-8865-14268a53fd0f	1079
6ca54f86-8e1c-4b09-992a-2c18bb7f12e9	1065
6ca85c3e-0b3c-4dbe-b6a2-ee97c2d64355	1136
6ca8e46c-7254-498d-ba29-48437a5a2830	1118
6cb0e630-8787-4b5f-bc37-96c114986874	1077
6cb224c2-80a2-4022-aff0-8d77fd244f2e	1130
6cb25f9f-8aab-4af3-8ce9-d846e9e5d69d	1075
6cb376c7-1baf-454b-8066-75417a5562ae	1056
6cb81fbd-0772-428e-a964-4d09534bfd55	1070
6cbdd169-f144-44af-b44e-b47f7f47d267	1130
6cbe2f76-8305-48ca-ab23-9d7d97a45447	1136
6cc342b1-75f1-4cf3-a56c-ac637de87f96	1140
6cc42428-43ae-4394-b57c-d86b7ad9b673	1665
6cc73f3e-ae5a-48a9-a321-7af4b7b050a3	1084
6ccc7f43-e5b4-4b65-9e33-f77b5c0d0e09	1128
6ccdeb1c-4331-456b-bb46-39599e843957	1115
6cd015c5-0380-4eb8-96bd-1c7f7260722d	983
6cd1b68c-5f74-4f93-8c32-f75da4eaa413	1074
6cd45ce3-a142-48f2-9b26-48833a9b4478	1123
6cd58a8d-a9dc-419d-a9b0-d94b8f1cdb14	1137
6cd8bd47-3e1a-4f78-b775-9c2d38c7d7f2	1085
6cdb2354-4363-4a2a-ae0c-a53e9f20e90b	1074
6ceb343a-81e3-44f6-bc55-596217c51a11	1116
6ceea4bf-6846-45e8-ab24-a0b269233c23	1067
6cf00971-cc43-41ab-ac5b-379fbb1ca247	1131
6cf7cdeb-56ab-40f7-aa04-a33617b7fc00	1068
6cfc46a3-bfe9-45bd-ba74-a0683cb4d542	1138
6d0311bf-9c03-496b-9f6c-d1547595a3fa	1113
6d08e5eb-6ace-438a-ae84-6e6bb112b9f2	1059
6d0b981a-5870-4a14-afce-e2b2ed8552e3	1126
6d103cf6-d103-4dc8-a216-c323a81bcd62	1109
6d13437c-5117-4f4b-8fb1-db1e6fef91ac	1071
6d167daf-a9e4-4266-8ca2-8a6e47bef2c3	1137
6d187dd2-75d7-4e31-b0eb-662d9d98e89a	1304
6d19a558-9a74-4ad7-817d-a5a4ca294b14	1128
6d1ace14-6d99-4edc-92be-35613424f91c	1133
6d1d1201-2e40-4206-94fd-644f2af763d2	1072
6d1fbef4-3db3-45ce-9b52-050718f2e49c	1133
6d2041d2-7875-45ff-bada-ec9ffa76673a	1062
6d22f696-a247-4d3e-9033-72c059652275	1071
6d2f8dc1-8e9f-4530-b361-39e9b905b85d	1068
6d348101-0ade-45a7-91a1-37825d122452	1133
6d354c69-0f47-469a-b383-ebd4a18f6fdd	1051
6d37be30-42af-49ab-870c-03a17af7eca1	1139
6d4321d1-2971-4247-8a25-9827fb8d83f5	1139
6d4924aa-9b21-4a56-8d6b-10572522848d	1047
6d4944b5-a5df-49da-934b-823085caef05	1144
6d57ec1f-d476-42a5-a524-2a877c23a0c7	1142
6d5c0ad9-ead9-4402-bee9-bf99827bfdd3	1075
6d5f42a9-5a78-4485-86f8-a73cda57efab	1143
6d600583-6e8d-4f22-9fc4-761babb86ba3	1059
6d612b74-31bc-4822-b9f0-30752de4df28	1137
6d619e8a-b829-4c6d-9ac4-c6d8f69fafa9	1074
6d6757e2-ebf3-4ab8-930d-8a4f00a764df	1075
6d68613f-d398-4439-afe8-8c2501182f79	1067
6d6c0b8f-b4bd-4091-8d65-031494ed7739	1129
6d6f6963-10bb-4ac9-a97f-2b5f83496a53	1053
6d7798aa-8c6f-4215-bdf5-d5482429f540	1119
6d7e7013-67c7-415a-bf71-df88edc586d9	1136
6d80c8e6-cf80-4ac2-9c1b-f45c3edc5d1b	1137
6d80dc0f-4ba3-41ae-a8d8-f9285da74836	1052
6d85441e-33c8-4736-8075-ad3be9123f9a	1123
6d8fe70a-f7cf-4e6c-a673-2c16bab218e8	1129
6d90e03c-a483-46ef-a72f-526e8f945408	1140
6d917e3f-edd6-4645-97cb-6329ec7fde5f	1071
6d92fe18-d5dd-4f82-b987-fef21239f1d6	1071
6d93f8cd-0ad8-486a-b7ec-29389549df1b	1132
6d942dfb-9ad0-4d96-9120-cd81cc3b4f6e	1072
6d94e56e-37b6-4371-8340-3758674bab10	1139
6d9b6830-9d1f-47e5-9779-b38733f46c11	1133
6d9c564f-769a-411a-b5bc-82aa2c78f5ed	1055
6da567e4-4eb7-4c87-9b03-bd41bc87f08d	1070
6da59fd1-695e-4d29-b4b4-024ffadde2f1	1131
6da86647-7ff0-47b6-b876-568072835b52	1067
6db0676a-958a-4fb4-8412-fff654493035	1119
6db217c3-b1f9-4c8c-8ba5-6e9842ed8dcc	1068
6dba24fa-49fd-43d2-a160-774c76b72f74	1071
6dbcbaf8-56a5-4ea7-bf7d-4b5a7eec1df2	1072
6dbfa1df-8903-4de6-b1d5-d9431c5bfc56	1043
6dc212dc-4790-4f7a-93a2-382039dab2d7	1131
6dc3d567-8575-437d-bbd0-326616f4be31	1123
6dc574ee-d351-4572-a3f0-594d3d25f669	1111
6dc73e1c-e78c-4cce-ade4-8fb56ebaa230	1122
6dc895b4-ca2a-4e1a-a763-a8ba98c557a4	1133
6dc92660-c4c7-4aef-b03b-aef2dcc6c489	1144
6dc97893-1bc4-4c8c-b712-59b4eb760df0	1070
6dcce118-9610-4ca6-b037-dff7ba3c42f6	1068
6dd28df2-7fc7-4421-8477-3d2113376339	1081
6dda2d30-c0aa-47e0-9d47-6dff49325d63	1076
6dda3d87-1df8-4f67-a48e-82757feb730d	1136
6ddc50bf-44d6-458f-a070-7dd50de4f6c7	1131
6ddd27cd-c3b8-48f5-8011-5f2e5bb1fc06	1069
6dde1635-54da-497b-953c-5f0941f79d9c	1076
6ddf90ae-b929-4e98-984b-83ef924233bf	1110
6de2bc84-f0ad-4c76-8c6e-56c93ad06acd	1082
6de35207-23bc-47ae-8447-34c543929206	1057
6deb2dc0-3222-4748-a8d3-9a8f7a564b30	1107
6deb8147-a31b-4ce8-ad19-baa99b26d951	1114
6df02f6c-6e6e-4ff1-a061-3bc8f144ff31	2211
6df0cf63-7419-4570-96b4-b1d47e229db6	1115
6df38a1a-0366-4ac2-8932-225734e5143a	1063
6df829df-27ab-4266-80c2-352a6b29ebf4	1107
6df89eed-f25e-49a3-8219-96429d04bdc0	1074
6e01de27-fb72-4bac-84aa-58f642189f73	1065
6e035c15-d126-4a4c-ae21-5f8ac7c7e6ab	1141
6e03dd65-2039-4a61-917c-b0ee8ac69ff6	1072
6e0868a7-3074-4f39-a8ea-bc34f6bb9d2d	1074
6e0c63f2-7ee4-4ec6-8a41-d29172232fd5	1046
6e0c9426-0514-49bd-9181-bb3d8374bfa2	1061
6e0d2113-2b79-4ef9-b00d-c5045bd8901e	1135
6e0da710-e50a-4600-9298-9a12a7d300a3	1051
6e0dd06b-932a-4357-aee3-90f903b62194	698
6e134a42-facf-4235-9b7e-c2e02a90234e	1130
6e198420-b433-4664-82e1-0717fde75293	1060
6e1984bc-ed50-4976-867a-94e55c240c20	1058
6e19f4d6-f99d-4610-8099-f04e2b8a55e5	1126
6e1b20a8-23be-49d8-a5fd-dab63abd755a	1117
6e1cf956-31fd-4a33-a650-b5bd910647c6	1077
6e1f3cfd-cc1d-474f-bc3a-1e5c2360e281	1072
6e28c7cf-f2c7-4be7-ba2b-18dc00222250	1074
6e2dfcd9-93ff-494f-9b9f-7c6be73ba553	1126
6e2e23ec-4121-4d19-800f-e2336a6a1704	1113
6e2fa7a5-0657-4393-9186-d95953830767	1073
6e3ba701-0e86-41f8-8cdd-7245f179e5d3	1104
6e40bd6c-05a1-4210-861e-3f611a4b01c6	1097
6e414ec2-a93a-4680-9660-025ff19d1260	1025
6e415cf2-47ce-4371-bdc9-706fb89a56c5	1051
6e4ceae2-9191-46ed-a617-338525e2ae0c	1130
6e511ae3-2efc-4298-adb4-9e9aeaee09fa	1063
6e553104-65fd-49b3-b2e8-455a9815ff29	1073
6e5a295f-cbf2-4d9a-9fdf-9f407742a9e5	1074
6e5ad000-cb87-44ab-a0cc-393edaf9ccd8	1130
6e5b06ef-9191-4151-ae6e-3f10abb15b0c	1134
6e5ca682-67d1-435b-a7eb-33490dd1f47a	1139
6e5e0562-a03b-45bd-b876-1318bbdbd646	1080
6e61c269-374a-468b-913d-c77dfc281eab	1082
6e6666e7-56cf-4873-b590-b67e78e55a7b	1134
6e6a19d7-bddd-4b8f-88e0-ab805723b630	1066
6e6cd4f9-a102-414d-a119-eb3622ffa15a	1053
6e6e32b3-b932-4f4f-9f76-1db222b59c42	1123
6e6f095a-5969-4174-8109-974b2109ef57	1141
6e76187c-698d-4489-920e-0600ca865bfa	1042
6e79f2c2-9529-4e03-821b-f312bfa91602	1135
6e7ceb2b-a1c9-4a86-a574-ad4f18dabc9c	1069
6e81b0f0-46db-4cc4-a050-1f368d3cfaa0	1052
6e840d2b-1817-4d4a-a850-05671b598a0e	1122
6e8429b3-8210-4d57-a8e6-7cb4b58a76a7	1133
6e853f3b-ffcf-4bf8-bc1f-20f079b04faa	1065
6e8b6366-ff3c-413a-a15c-1f8c4338a3c6	1067
6e8d5bf5-995d-4a4c-80f7-2b41c5254f1a	1053
6e8d933c-bd4c-4fbb-a2b3-93e033bfafde	1126
6e8deefc-b8fd-4d19-846e-fb8bf23dc36f	1114
6e8f111d-a1e3-47da-8eae-99cc2f84e9f5	1065
6e91d1b0-6ef3-477a-a8d7-e936b9177a19	1128
6e9225e8-ebcf-44fd-89c8-bda5b5c7eb91	1048
6e9a7e65-c8ff-4cd9-80c0-c87d26188cbd	1043
6e9b511f-ed1f-4d5d-b3c1-ccef89f6ce12	1145
6e9cebc2-df1e-48a1-9346-78f0ca0aa8c2	1117
6e9eb699-c0f3-40b7-8b4c-c44658389163	1075
6e9fef72-900f-448e-95cc-6e0fcaf51ad6	1063
6eb0a758-f4e7-4143-bf9f-18da3eca371a	1138
6eb2be71-6929-464c-ac7b-1df8b87ea4c8	1141
6eb6907d-cab2-4c43-b75c-86209ec11ba4	1138
6eb93397-3b33-49e3-9b9a-3db59a51c2e9	1074
6ebc1375-1258-46f4-952b-f2ce418cadef	1080
6ec23304-40b5-4402-9a42-a3899a74306c	994
6ec6db19-477b-4ec4-964c-0edc1ca54a29	1069
6ec77d7b-03c4-448e-b19e-88e794666ad1	1008
6ec9d4fa-2710-4f03-88ed-e1d5f4032644	1133
6ecd4c7e-be3a-4d3c-9ab5-725b72aa8ddb	1078
6ecf27ad-6109-49f8-bee9-9345834c27a3	1133
6ed4d5e7-0f13-4455-9960-1fea912799d2	1084
6ed6f21c-5d7c-4a3a-899a-02fd6c607b2e	1083
6ed939d8-e5c1-4070-a65d-9cade1f84aad	1073
6edc2200-3363-42ad-9250-4dc192e29240	2116
6edd9dae-a719-4c56-af4a-3758fd3990d8	1135
6edef20a-de4e-4283-8ba0-0125eaea5ba2	1061
6edf162a-76ff-4425-b4c9-ce2e051f6f58	1072
6ee149a5-e9f6-4c0a-8ef6-ff5add987f9f	1079
6ee51a1e-9a16-48be-b294-f9b3a78f4eb7	1130
6ee5f332-1008-43c9-b75d-1bb86d46e57e	1121
6eed2626-e14b-404a-b8b4-0683663a1083	1129
6eeeab56-fe8e-4bf2-b20a-9710cee56b1a	1112
6eef9b5f-4254-46dc-b08b-6f19d6a1246a	1060
6ef2b35e-4767-4e8e-bf04-a4a93cd086de	1130
6efb0c2a-1abb-4761-bfa3-8244ab3a4eb0	1099
6efc1b8d-375f-4b5c-97aa-fd52d83fd7d6	1128
6eff10e8-959a-4c5b-a47f-f2e90eda983c	1066
6f01b338-9e54-4b5e-90ee-59ac0fa89840	611
6f0716e2-a085-45fb-92af-a0e85f9a71a9	997
6f095fb8-7d39-4fe1-8eff-142389c65d34	1074
6f0a4818-9713-41cf-814b-721ee375bdb6	1142
6f0abe37-ba3c-4ca7-a508-c1a79c5bbcc7	1083
6f0bec2a-cffe-4704-b627-f56591cb73f7	1059
6f0f5c07-cf36-4f30-9fbe-79be76abada7	1070
6f0f71ee-5f72-469b-a8df-068cd80c1d9a	1121
6f12089c-193f-4cc4-9dec-170994fee546	1137
6f121ba3-ef95-4894-a6a4-9fa41de0a2b0	1134
6f121fc4-6a13-4913-9e5a-347ae5d32e41	1080
6f131983-398d-473c-bd39-505a2f1ae893	1075
6f189bea-8358-4d95-b436-bc536f34cc4b	1129
6f1aa70e-b2f5-453e-9e37-067b9fbf1a9d	1117
6f1cf9d8-1c1a-4ca4-8346-2f99b18c40aa	1072
6f1e5475-914f-4884-9cea-25115232b696	1069
6f29711a-e17d-40f5-90ff-3c351cb48285	1126
6f2e31a7-dc04-432a-a88c-9e6a21551ae0	1141
6f3370b6-fa27-45e1-8496-f4747e4a9419	1081
6f40b7cd-40f1-4f11-9800-6803d1cfb124	1072
6f46642a-cdd7-405c-aca4-676643de3a82	1125
6f474931-dd53-4e33-84a7-5c97e61fa922	1072
6f4b9a13-6da1-41d5-9c1b-e05ffdaf4ac1	1134
6f4f5171-8cd6-49c4-a7c8-bd2e5e93e119	1080
6f4f8e72-0ce9-4b4e-aaec-f36b4229e5b1	1130
6f554f6b-b7b5-4537-9592-de566e5ef6ca	1081
6f564f97-02ea-48fa-afbd-cf5cecb5e38d	1074
6f5945de-6865-49d8-bea3-7b3d2ea636a0	1131
6f5a935b-4fec-4421-80a4-27eb846f376f	1135
6f5ae2f9-9436-4ded-8548-0339277337b1	1129
6f5bd194-34b1-420a-a009-991a983dec78	1145
6f5e1f96-3f5e-43c4-b46b-2b6324f6401c	1068
6f691b91-2bb5-4daa-8879-25fb0648fa0b	1075
6f6c927c-060b-42eb-801c-e0d99b86892b	991
6f7c0f5f-c25b-41d1-98f0-70909b7da6e5	1128
6f7cc2aa-85a2-43b8-9ec8-bd600a2e40b7	1139
6f7d4b11-816b-44fd-a8bf-5881c52337ed	1083
6f82adc2-e324-42c0-b4ba-6fba5f9ca8c0	1051
6f862d8c-85af-4d89-8c5e-9bc923a2014a	1070
6f89f477-e8ac-4c80-87f7-19bd709a0314	1060
6f8a8ae9-af79-4309-9275-0fd449e20767	1145
6f8f4cbd-84a2-4b5c-b40b-56aea173a93c	1072
6f940e11-9ff7-4777-b351-670270d3f139	1066
6f974da9-cc83-40af-ac4a-f1468d8c72e2	1068
6f9e097d-9cb9-4bde-814c-a2abc4d726c5	1116
6fa0a1e3-5720-4c78-a144-d52221523870	1093
6fa26a8f-2027-44a9-8657-47ab843afb9e	1139
6fa45c25-aad8-4fa1-8290-d25f9e4c840f	1135
6fa836de-30ff-4fae-ab17-56a2d39f8918	1067
6fa98b73-87f0-4620-8f74-191859783236	1040
6fb1a4ff-e300-478d-a922-9dd613911b6d	1067
6fb4e485-e3e9-415a-a427-06c3419acfe1	1131
6fb56567-46b1-48a8-a603-3d003036f536	1086
6fb69933-3f1d-41ec-8253-e4912ff54955	1079
6fbb9901-35be-4215-a0ec-c253cd27cec0	1067
6fbcd72c-baf0-44c0-8970-2d60a01c2ac8	997
6fc0cfbd-0a35-4be9-8a9e-fd0bf78bc782	1136
6fc4cb7c-e61f-4215-b38a-460810e8a9ea	1018
6fc71e5b-7a68-4c41-b3ca-d2f35ce18772	1066
6fc90daf-008a-41e2-ab54-bb8ce12e62ac	1135
6fcefc3c-a0b1-4804-b8ba-cb2d95e22eef	1128
6fd07f61-8847-4bd4-a993-fbe6017e4a39	1054
6fd9295a-f997-4ce7-90ed-a39d3105e02f	993
6fdae025-2223-45e1-93e3-53dad32cbadc	1135
6fdd4f78-68b3-4669-b399-758204b73264	987
6fe1218c-25df-4ade-8769-cb8e33186cb8	1066
6fe78e7d-71d6-4865-afad-0c33da2e00e2	1067
6fe9c182-d3a5-4c01-9fbb-f50ad42279bf	1089
6fedf3a7-6bf5-4393-a30b-72c6d91d66e1	1080
6feef31c-6b28-4c56-99f4-3ee4f4699843	1133
6fef809a-354a-466c-a496-628fb27427d3	1139
6fefc8c0-18bf-478a-9ced-8e5b30a32bf5	1081
6ffa57a5-f814-4d92-9b8d-ce87521fce76	1125
6ffc7d86-d262-403d-bdc7-2e59a61349ff	1114
6fffb60a-cff5-4ac3-ba4f-d9f1a5329211	1117
70064f47-027c-4f15-9696-75a10bd2e9c4	1075
7008a69e-2a74-406b-8c65-4ea367ac8bb9	1050
700ac379-435c-4d63-9f78-bb9269e88129	1084
700bdd5f-b6f9-4b04-9084-1c47bd47ae97	1075
700ca4e1-e9ac-4ef1-9983-565b5a499a73	1078
700d5b4b-9448-431d-817f-616576da5681	1140
700e8182-2cfa-468d-bdd0-3246c80d0d75	1070
7011f346-9170-4ab2-98e2-293cdc75b15f	1111
702a896c-12b0-4e0e-ab1e-f82b9d0129bc	1073
70344b83-1abc-4f7e-9679-d3bbc5286d06	1134
703635d5-9269-41e4-8048-a7f16b1a3599	1138
703c4900-53e4-4a7c-a8e8-8865cc89637f	1078
703cf4a0-b8ed-4400-b98a-d6f0eb108377	1131
703d8f09-ef64-44b6-a25f-db25ce17c0cb	1130
703f3f7c-48d4-4892-a769-2e07cc076e59	2132
703f8d11-d7a7-4efc-86d5-d6269428f72d	1076
7040fb42-2b5b-4381-b964-75cdcdafe19e	1073
704152ae-6d2a-4070-9a76-3cff76f6cf2f	1133
704b4fef-e9c1-41ed-8fd2-baa910a5a0c4	1128
704f5bcf-faf1-4975-9ae5-75e75323d5e2	1070
70518745-5192-471c-bb0a-e74a9b2b60cd	1042
7057ccf4-19eb-4527-b02d-2c938b6353b0	1129
705a0070-c0d8-4bbb-9a2d-349d04b46050	1136
705dc0dd-fa8c-4bee-b7a0-ac78599bb5b0	2344
7060ed51-c46d-4ef7-be71-318c3723ed71	1133
70619c1d-83a6-4dc4-8495-c1020ad131fc	1137
7072aed5-2d1a-438b-acc9-37e0c3100403	1140
70732f9c-69df-4129-baea-89d57fb9bce8	1065
70741a8c-4b7c-4669-840a-236984ca1c9d	1135
707c7160-e83f-45eb-9cdd-2338b0f65df8	1067
707cb581-1e04-461f-8923-949fc51086b0	1126
708993d4-1ec4-43fd-98d4-9858d932713d	1137
708f3ba0-1ab1-4332-932a-41ae32f6b162	1051
70937b77-b07e-4af1-bb82-1e6bd14743f4	1137
70a31cc9-01f5-4c20-8738-681c401a6d62	1137
70a6e044-3d79-4e4e-8052-f149cb4ad5e6	1132
70a84a09-c91f-4add-9399-85b4cfdc6166	1125
70b70176-6135-4896-b197-7ada62e2d2a8	1136
70b74914-98e8-444c-a377-a73c0d6db21d	1057
70b74c51-407f-40d1-b2b7-1771aca4c364	1062
70b7d379-0024-4679-91b3-9bf97e6079a9	1076
70bdfe69-ef59-4c81-9c24-69576171b503	1052
70c0532d-64ca-49fa-aebd-c9ec2ae60b3d	1134
70c5f09a-f7d4-40ec-9aee-da4d8f121fdd	1073
70c6e18d-0dee-4818-acd4-7991959d3b5d	1060
70c7c48b-3a1e-4974-8388-bdc407461a3b	1125
70c8181f-a7f9-44a5-9a45-3aae37d6bb6e	1093
70d17bef-9d46-4ecd-b236-954e68475e92	1382
70d7e04a-9526-4f72-9c81-aef40864ea53	1103
70e3578b-0f96-4b66-a091-b486328abc17	982
70eb2ec9-276b-44b9-ae27-8ef4c9c093a7	1071
70ece1ec-cd3a-4df1-829d-9b2cf1450ea0	1133
70ecfd71-cd8b-406b-91f3-57ae71f0fbab	1144
70eeb7a4-01a2-4d3f-a3bf-c3b9d0fa33ca	1138
70f16cbd-8304-4b63-8ed7-8c60623fcd48	1067
70f190ff-abce-42d3-86f5-feafdf32e998	1116
70f32cc9-9b4c-430e-9a01-128250557bd0	1097
70f69560-0439-46a6-ae67-d757f277e122	1076
70f8c889-2e07-445c-ae8b-16a0bc52526f	1127
70fb246c-42ec-4379-85c5-fd7d38f2c8dd	1129
70fd7c04-b4db-40da-9e6e-128246ef9ed9	1128
71004b78-75c3-4a05-bbf3-a8e8efb76cac	1059
7100d0b2-053c-4d9b-81d9-6ec7b3023fd2	1141
7102c5ac-23a0-461e-b415-b3f5ccd358ca	1071
71073bb4-3a20-4ef4-b447-c99d3cfea341	1061
7109f7dc-adf0-4a07-bad3-98de98fcc0bd	1138
710c1319-0866-4355-9274-ad090d7541c0	1068
71145903-1700-4a70-be8c-a051b54d00d5	1067
7115571e-40b3-41ec-8b9b-3cc9c3a9d295	1145
7119f73e-4dda-4f07-a387-c4a27718e3ad	1055
711bf629-c554-4b2b-856c-924ffb7c5a44	1077
7122a073-d95f-47f6-9206-7b5891adbf9e	1102
712990f0-ab19-4702-b44b-7f54266bfeee	1076
712b3a9f-51d5-4b9b-a62f-8da160c0362b	1078
712cca57-68af-4a23-8203-97da5417d3cf	1141
712f75d7-28ae-4ee9-b07a-57caa385146b	1078
7134025e-a9e4-41ef-9f46-5cedfd45540f	1134
7138d614-1a9a-4d9d-a407-275ffbe8aa93	1097
713a0a65-cb06-478d-ae95-8f86fed5ba3c	1047
713dd4a9-2561-41ed-b375-b9bc4f3cb7da	1136
713e75f0-2301-4028-acec-02d443718bdc	1134
71401c87-7b9b-4463-a128-2fb47963272d	1133
7143dd82-1895-4c7a-afe3-724774416ca0	1076
7144b290-623e-4835-8ed7-00bb6efee715	1069
714b2947-4969-4d45-9764-cea3e94167fb	1129
71562198-35c4-453e-ade7-776611716614	1113
71698312-8867-4b9b-becc-8d4d083f884c	1074
7169db6e-bb4b-4181-98cd-27a5354dda24	1133
716d95fe-8ba5-427d-91f6-9299e77c4807	1098
7170195d-a79b-4d40-9d49-0d40aeda13c3	1117
717252d7-8d7b-4e71-8f66-a0bda54c63ed	1127
7178b526-0710-4ac3-ae59-602a87192ceb	1044
71792228-de2a-4680-8495-63214bee0e5f	1077
717afc8a-b89b-4e9b-86f6-1637951d468d	1119
717d4e0e-a16d-416b-ac74-ee2ed236b5ca	1042
71864e42-cc9b-4fde-9590-990fe7f8e05b	1138
71886af0-33d0-4856-8e3b-69ce2b2e1fa9	1062
7190e633-f6a8-447c-ba9b-c4b10f65175b	1073
71948ab4-18a2-4c26-8cd5-f2ad90b9981a	1127
719571f1-374d-4469-a77c-7853ccab97a3	1068
71967146-9e7d-46f0-bf66-426ad7002d28	1069
7197207a-abb8-4693-a80f-b8a3ce7b4294	1112
7199616c-ce6e-4da1-abd3-3ea25eac2735	1074
7199d119-4fd2-4ebc-8692-379394350125	3134
719f13e9-8d35-4ada-a009-839dd10d17b3	1131
71a40a91-f18a-46ad-8efd-039dccf4e8c5	1076
71acdc27-1c53-4bd1-9d5e-9aa6ab9f9578	1132
71af41c3-0885-41f7-92ac-7bff1c061214	1078
71b8c94a-9c54-46aa-b5a9-470299a17cb0	1131
71bf1864-b321-405b-998e-68f43e9595d1	1031
71c18cc9-d718-4191-b973-09c533ed2610	1068
71c3e81e-051f-4a61-8179-3205732fb291	1120
71c5e8d1-48a6-414b-85df-0caf2ad3888c	1070
71c67eb0-e264-4d71-a515-cf73a5cd8040	1135
71c6812a-3bd4-4271-bfb7-848f0c292f69	1144
71d3f2b1-f4eb-4dee-adc0-1185b7410521	1136
71debc37-7ede-4d2e-9b70-d51675fe6bb3	1131
71eed340-1688-479b-a889-50e1a9ce2f73	1072
71f28033-4bee-4bc5-94f8-c1c83d05db8b	1127
71f3af1c-b52d-426d-b3c9-5cf87014d125	1072
71f80e0b-0b0b-4ddf-8374-0e897db7596c	1111
71f8833d-01b6-4f8f-8f3d-d9be0127084f	1126
71f937ab-9dc0-4356-9749-fc2891def34d	1609
71fdd009-a119-4128-afbb-6c3649c61a94	1118
7203bb8e-10a7-47eb-96f9-760ab61dec76	1148
7203ee38-dcc4-4cc1-9673-d35017357c18	1141
720baa15-61e1-4e14-b318-40134d248bf5	1075
72112ccd-e1b6-4cab-8bc6-f1cbe086d11c	1075
721999b9-4f34-4359-9681-a02d379576d6	1340
721a0f9a-0165-48f3-9608-6a13d3bcf04f	1055
7220a675-0aad-4fc5-a6c1-be05c98d187b	1073
72219e07-6921-4323-a831-cf25d36635d1	1111
72265a97-98c0-4174-a8f0-91a695d4a5bf	1144
72275116-166c-4973-805a-16cc7cb6d106	1083
722b465b-e086-4c49-afc2-c6777337c9a4	1132
72305b96-c26a-44de-bd25-22595d1947e0	1127
723ab986-6f69-45ec-a197-6bb91a20aeaf	1077
7243fce2-c05e-4ebb-a336-665b844278de	1130
7245963c-126d-4249-80bb-f5b83ef27d6b	1132
7246f1e0-115e-4bd8-8236-e3350a54ec37	1070
7246f39b-e3d1-4e95-a6a8-b7238b1e44aa	1072
724887be-8b6c-479c-bba6-624b0d38a778	1027
724bd6d5-c637-4733-a90e-20c2d76d3177	1130
72540bc4-a5d8-4d7b-9204-d6cd89c6ac13	1086
725ad539-d7e7-47c1-894d-61dcf891f9bc	1075
725b3aa7-c551-48fc-8c2f-0c9d465283bd	1072
725e91d8-f07d-4c84-8fce-d7eb428f40d0	1063
725eab60-c91e-477c-8e5d-3244c53140d6	1070
72608bc2-c118-48e6-b9a5-0805debaba6c	1141
726119f0-d500-4689-beeb-2e2a9afc8eaf	986
7261a763-591f-4a36-af78-5ca339c2dad3	1075
7267fb2c-6040-40c5-b74e-095c6349733d	1063
726a6ff6-fcaf-4de8-9ba4-0f23e124efda	1128
726ace0d-4c1a-42fd-b4ba-1e047697d795	1130
7270927c-15af-4856-a2c1-4b39fff5a456	1135
72727361-a7fc-4d7e-a4b0-5b081b5cef75	1028
7274f84d-63fa-4734-b17b-fc751666cc1c	1049
727839d8-1eba-433d-93c3-cbbcc2874034	1081
7278a8b9-d4c7-4b23-96b0-8b68b8ab22d2	1131
7279c94b-2fa9-426e-a781-f37612b48c15	1138
727bdb85-a019-4c73-8a26-951011f1fa9c	982
727c46a8-cf49-4bd4-95c5-4076d78ab5da	1072
7281cf8f-d914-4a6c-9887-1d768fc4b1f4	1134
7285c121-93aa-42b6-8d17-263b7be0364e	1153
7287cec9-56fb-4a3d-badc-120f6b30f842	1059
728e975e-e53a-4cf8-bd62-a41222fb8e75	1079
72938314-d2d1-4941-8908-b2f6b0fc5af5	1076
7294a098-97c2-405b-bbc1-5dea9838d5db	1092
7297acbc-8704-46ae-9078-2265a35906d0	1124
7298d5d0-e63e-4c5b-a0b9-77d59d750b49	1139
729986cc-a5c8-4671-8c84-67889d2bcfbf	1126
729b4222-33ca-4f8b-86aa-290c46cd5172	1133
72a62fca-d537-4a9d-a427-ce7bc409d7bb	1147
72a811d4-7abc-4b35-973c-f453e647c258	1054
72aab30a-c750-4925-b5c3-f59ca89f6f03	1130
72b4f150-63a2-4a18-b386-79f8a4d61b21	1048
72b8cd5f-1395-4a09-8d8f-71c5c844ccb7	1137
72b92d8a-ff7e-4af8-a709-3bc7b8521c84	1131
72bb316c-20b8-4294-8d62-a66cf4f87f24	987
72bc9a71-472c-494f-b2ce-772dc89e734e	1135
72c93c83-716b-4ed8-848e-e10ffe88454d	1121
72cb9bf8-ff99-415e-986d-72b2ec39fae5	1059
72ccf4ba-9cad-4b61-82b6-d51af327c42e	1133
72dd1df9-0f9e-4024-ac20-9b3ea38b50c6	552
72df4deb-59b8-4145-a2a5-a32632c62dc9	1037
72dffe99-1933-4ae1-9c1b-0a2fa1d8b236	1125
72e1c57f-41a0-44ff-958f-7a83ccd43e35	1142
72e9f84c-dfbe-4467-8b52-64029938debe	1073
72ea3196-45ac-4548-9f70-7aacbacf150d	1122
72ee2b7c-b8ec-4635-9c35-c11c5e8838cc	1142
72f2b63e-adb8-4220-a9d0-982d32aab17e	1011
72f48d73-ab50-43bb-9547-354fed80894d	1075
72fdf257-2518-4941-be7f-c6e90270b60f	1134
72fe2000-8652-481c-9b75-6a0949d02824	1074
7308a9b4-ed56-4d97-8930-bfc90a0d8815	1132
730f9536-5bb1-4218-a093-176687f45f37	1132
7314bdeb-877d-42c5-9bdc-44c9efa22e00	1065
731d7d06-9d4d-4313-a523-dd97b7fbcefe	1135
7324f7e6-f97d-4008-877e-6fca6cc9c8e9	1116
7325d3cf-e428-4337-8266-942017072900	793
7326a9b9-8737-484f-b399-96c498e0ff32	1072
7326d89f-5fac-4ac7-86c5-5bfe5b1eaa4d	1077
7327ff49-6b2a-4fec-86ad-c499816a563f	1083
732ab913-f15c-49e0-9db6-f78d3052b7ea	1131
732c9270-fa30-480b-acc1-595b4638ab18	1057
732fc7df-6b71-4d3e-8148-40db759f02c0	1113
73304d11-5ed8-482e-b3a1-e726b4237ca0	1075
73313fce-f837-4eb6-beda-a8981c1b0498	1124
7332d543-3562-4b7e-b06d-8d1fe2bf59db	1139
73384b2f-eb1c-43d6-9a37-9a44b6ffef1a	1054
73394f9d-2cf8-41c7-a4c5-7a88a2e03a26	1132
7340bfc0-1c27-441c-b723-369665e2d0e5	1127
7343ba89-ff6c-4530-9c0f-7e541dee8519	1129
734552ef-c91d-48a8-8a62-7f642f121f03	1127
7345bc21-57b0-48af-9a85-3ff11d5701e3	1054
73492f3c-f7d8-43fd-9a30-fb1d80bc960e	1074
734ab555-2258-420b-a222-6db70fdeb7ef	1113
734ce197-c04c-4c56-ba7d-6028ff4fb542	1067
734d5391-8e29-4ff5-8096-c05b2e52303b	1066
734e85e4-b6f4-42d7-8858-0690c29f9e81	1131
73513156-2755-4637-8142-2fb05d3e8ed5	1145
7354239c-5872-4e1a-bfc6-6c74653071f2	1103
735430ab-093c-430e-8c7a-0eca3eabf766	1072
73559728-2918-4c7b-849c-a6748b2871c0	1062
73587c54-c745-47d4-bab5-00ca4d369b45	1056
735a8d07-8e81-4841-8ae7-a94cd225aca3	1047
735daaaa-fe37-427f-9ec1-6b4d77965d8b	1126
7363191e-9651-44da-ab7d-d10cc2a3ff88	1133
7368a554-06b2-433f-8c55-7d59dd16d6b7	1049
736a9a33-178f-454d-bcf9-dd15432a3d5d	1141
737149bd-8afd-42b1-8876-ccdca5eb2750	1131
73740f21-c74c-407c-8d1e-a952cc36b4ab	1070
73828c4f-9f7b-4da8-a4f6-cdb099442449	1131
7382c090-f96e-4147-88ee-ce8ecefa1f2d	1069
739223d7-bae1-4b65-a629-8e90837dc687	1052
7392e8b5-a599-4632-9a0a-21c3fc75e9a8	1140
7393be91-594c-4b0c-9a0e-d2057181fe3c	1072
7397eaf6-8e71-49ff-ab57-7926739e9ae8	1136
73996470-c8ed-4945-bb95-62cc7a1c687b	986
73a2acd3-7c67-4a2f-a84f-4c481f532d02	1109
73a4665a-31c5-4b24-8a1b-db3a44156b35	2151
73a74bcf-d66f-40fb-9236-e804e8d6bcad	1078
73a92474-f665-4c7c-ac21-3b3a3f04abda	1069
73b51c78-6095-4ab6-a1c1-d484a656f3e1	1135
73b539c8-361d-47d7-8414-05f84f48fe93	1072
73be405f-b4ad-406f-9f46-6f96b95fa0bf	1077
73c12575-70c4-4e3b-ad39-7db3441ae25c	1129
73c4d376-94c4-425f-acb8-de6ab184b39c	1026
73c7339e-64bd-4f19-aea5-d98e00fa7817	1075
73cafb1d-90f6-4eb8-bad8-a0e08106a667	1082
73dd556d-c35f-418b-b6e5-2b3e1f9efd54	1135
73e25d4b-3361-4347-a999-e0074c4d86d9	1071
73ec91a4-2b08-4d1c-bacf-a41c8e74195e	1120
73ec9ccd-b400-4c9d-a193-d4d5f8e2afe2	1130
73ee0e9b-f329-4a3c-a7f7-95764f19a6e3	1095
73f0d464-020d-4537-86e1-fbec8a6cc813	990
73f37cb3-38d0-49b3-b6e5-d931900eeb8e	1126
73f4ff05-d26d-4dde-80f1-86de495ac35a	1117
73f5b1e6-c7b2-4d67-b98b-c343098c7e28	1076
73fa7611-b6d2-4ecf-8375-253f227e8f6c	1080
73fd1d01-1b76-434c-949b-7940fb82900d	1072
73ff1b68-80d2-42e4-b777-6f4958b53534	1078
73ffca4c-ab0c-40b6-ae09-91b59a7b6d2d	1156
73ffd230-918c-46aa-8c89-c4bc11568ec2	1135
74035a44-a6af-45d3-bce5-3137729c9d8a	1073
7407f3c4-8100-4459-8146-4c57dde01f37	985
7407f882-3c42-40b2-857d-2e15f7a64533	1137
74085bec-75f8-4865-ab01-8c61437d6248	1106
740f0e78-7b09-4864-89da-4f7704d81d08	1111
74106ddd-af20-4e25-93c7-fd087ae141ab	1080
741af5e1-297d-46c2-a081-aea4895d335c	1067
741bf789-002e-4893-897f-a648199723d2	1077
7421b413-0c83-483e-b271-ac1f20291546	1131
7422427a-85c2-4d12-bc90-4d7a8b92c31e	1112
742558b8-2479-4c50-ba61-4fff102e27e2	1076
7426f622-88e6-45a1-9700-7d5bdd785a06	1136
742ca60a-6054-4738-8dc3-eb3352c02e59	1144
742e281d-c482-419e-979f-9e23a621ca89	402
743179c0-2858-4814-a2a2-482d4fd1a770	1031
743391b2-d21a-434d-bfb9-9af84460c851	1136
743405a5-22f4-4b34-8286-fa416adc6f24	1364
743f77c1-e9e4-4ff1-9d2c-5b7b83c6fc9b	1055
7443fa24-d123-4025-9b5c-4a00cf720092	1005
7447488b-9f08-42d0-8290-de4afd71be3e	1134
7447aebf-12af-4a5b-b9f2-efc883335dd2	1141
744de132-19c3-4bd3-8a4e-281fbe3a7735	1086
74503372-93a4-4897-b1e9-776a8e3fcbb8	1129
745935a6-364d-411a-8a3d-be5b72abca4d	1112
7462ab74-3541-4e1c-9ad2-785f58ce0733	1138
7465f751-dca3-4d35-a35b-14e24c286f79	1070
746c242a-5b2b-48c8-92d7-f0f90f5ff9ab	1380
746ca2db-97a3-41ff-8fc8-8a71517e14e9	1059
746cdcbf-5632-4fde-bb1e-e27287e9066e	1151
7476087f-b904-43af-a51a-ad2be70c9c64	1061
74762fe8-ef69-4c36-987d-5b2af1f38b9d	1064
7476bb6c-4356-4d6c-af36-1a92b2a95bd6	1063
7478f069-c000-4125-9ead-5600e791ab68	1069
7480bd14-c153-4dd4-80ab-2983a78589ca	1129
74810b89-b89c-4ed6-ac12-7a93db639cd5	1005
748270a7-500e-4b0e-a8b2-0797791d7a74	1148
74869743-7267-4655-8f4d-726117de1ae1	1129
748ebfb6-d7c7-489c-90e6-d6c670706f25	1050
7490eb41-9833-44f1-9089-d357a0c9111a	1096
74925df6-809e-48ba-aa32-87609794a73d	1134
74974fa1-12a9-4c57-8475-61008466a4ce	1070
749ae6b9-cc9c-467f-ac93-6222d1bd1f35	1136
749b75ba-f239-4840-a836-27e6c93b7d3d	1075
749c0ca2-632f-4544-8ef7-8b26de0c50d5	1049
749d70ef-36a9-4029-bbbf-b0f07b2b9d56	1128
749e70b5-a4bc-489c-b3b7-0478be743456	1125
74a1c797-0127-43eb-990a-ac1bcf0090cb	1073
74a4702b-1852-45e0-8e2b-6e081a9977b5	1130
74b07245-68f5-46d4-ade9-b04f8830d33f	1127
74b94104-edfe-43dc-9da7-65e6203e509f	1075
74bf8e26-d8bd-467b-840a-74770714e597	1130
74c120c4-ade5-4437-980a-6dccac3a1339	1125
74cd4a47-2a9c-487f-a64d-008bc33cedaa	1133
74cf9200-4a7a-402a-a612-3f6efe947ac3	1117
74d22f12-a44c-42b6-9343-779e041091f8	1081
74d73e8c-a7eb-45d6-9a0f-35d815f09c5a	1109
74d9c766-571c-4e2d-a2ee-139205e918f0	1135
74dd22a8-53b7-4723-8d73-aa8e4ff5352a	1126
74ddc77e-7499-412a-96e5-3bd5d730ee57	1066
74e17bdb-cf6d-46ee-b89d-d9ecaaf4f107	1052
74e43ef6-5a12-4357-8d52-6f4069e55734	1071
74e80927-421e-46a7-8f14-31e42b6458ad	1027
74e82719-f4b6-4462-a59b-bd98bee4c122	1138
74ef4607-4702-4d7a-93ac-7e225087c752	1075
74f3d33d-45c4-43d9-a855-c7be5002898a	1067
74f94879-3c30-4f2d-b686-ce0b5b883493	1136
74fff86b-ff55-4a17-a807-8644a8aae444	1129
75021825-d880-44f9-82c8-dea24153ba8f	1129
750b0143-f99d-4452-9119-0dac4a1a5d29	1111
750d392f-630d-4ae9-90e5-0f13a8fe122c	1125
750d83bb-7c16-419d-b47b-58917862dc15	1071
751af65a-b130-4e1d-81ca-900a10db2f02	1071
75202e42-f7be-4bee-8185-570c0bdfa2f3	1114
7529cd46-f6ba-4f95-a284-a80ae772162b	1052
752eaacc-a25d-4edd-ac26-54e6b68df655	1138
75372f39-7832-40f9-8b10-53954a6b2994	1054
75392fc7-0130-483a-9f47-80b4204fab17	1115
753a3455-3643-49ac-80bd-e4b43b0f77fa	1118
753a5501-aff7-463e-b6a6-c73811703cb7	1001
753b7b28-5c3a-4e19-aa5c-2bf37584d3b3	1133
753bebbe-d492-4587-986c-cea56c660845	1132
753de6da-ea88-4edf-8a2c-54bc6dbc2cb5	1108
7541f773-5fa5-441d-be66-d633e517ab9c	1053
75448af4-2e99-48c1-a3f4-b34255201286	928
754537bf-a7ee-4767-bc03-28be106fd1d2	1146
75465e3c-3807-45fe-98cc-a2c3ee7655c4	1131
754be297-e047-40f6-bc6f-6e40bcaa3fe3	991
75593eb2-7364-4f1b-9f81-5ec8c857ce2d	1131
755ad3bc-a65d-41b2-987f-4e2376e85519	1137
755cc915-8a3e-4021-a056-6964686d2327	1056
75627a69-3543-4d33-8dff-5893556801b7	1076
75698d17-5a99-43d7-a08e-556c86897027	1074
75699b86-b6a6-48f3-b200-cc9e0c190cbd	976
756d929d-0d5c-45ce-8ed3-31e244e0ce0f	1141
756e5f59-0cc2-4837-8593-d7cdbfb995c3	1135
756ec552-390c-4cdb-94bc-f96847fd5de2	1076
75760c3f-7901-4ea6-bc03-7a1d9d21e1e6	1139
7576647a-bb7c-4888-92fc-cea057becefd	1111
757a395c-fe96-4506-b2b3-b964e8b85151	1060
757c2bd2-8c96-49d5-bbac-9e5e9caa2cdb	1115
757e59c1-ba9f-44ba-b861-657f945c100c	1126
75838ace-aa51-4c3c-9d41-b1ec88cacd38	1134
75847a25-9cc7-4d5b-9ee1-2c3e8f140923	1129
7584b3d5-ab70-46b8-8c85-415478d4ac8f	1137
75863f56-f22b-4aa3-b9b2-6a1e11b77001	1047
75869071-6e60-4dbb-8e82-10359f9aff62	1075
758e6005-ca2a-47f5-be5c-280511f92fcb	1063
758e9409-eea2-4902-b307-d0edb1c6007f	1077
75927a2a-1d81-4a78-a99a-50e1a81706b2	1083
7593bc9f-7083-4627-b959-8597b36a7546	1122
75998326-32d5-4229-9270-47b9672321b0	1113
759b3a60-12af-4bfd-ba1b-559be26615fd	1085
759d2e72-bcac-4b47-8a5b-b2e91c52c59e	1136
75ab4da3-2390-4e67-8119-b8d6e1d19f43	1070
75b10537-c448-455d-bb4f-d022b0c98e39	1069
75bc94f9-5032-4389-9dc8-68c278f8f526	1034
75bd3417-c0c5-49df-a224-de2da228c45d	1077
75bd6186-259c-4d4b-b051-ccd90e23f7c9	1127
75bf615f-83dc-45cd-b65a-d3cff3b02add	1135
75c07918-660c-457e-b95d-ba5ef622e07e	1142
75c0edf0-b148-4360-a450-89912b507ea9	1083
75c148cc-cd7a-48c8-bec6-a0bcacc796ac	1132
75c27034-ee87-4f53-8ff3-827cc0e40299	1123
75c9a693-06e1-45f5-975d-17f6839872d7	1143
75d228dd-16f2-4765-9ce1-abef32355088	1066
75d285ff-1229-465d-94f6-0f3eece5fcc0	1059
75d79d04-2118-45d5-aa41-3aadbce81c21	1065
75d82ecb-e588-4e73-835b-94aa90346674	1863
75d830ac-0081-4a53-b136-a458d8ef4e3f	1117
75da73c0-1bea-4567-b340-38bfd9ea8e51	1061
75e00c81-5357-4ab3-ba24-670db1ca5bfb	1081
75e12109-0a69-4d48-94c6-5d3aa020f61e	1055
75e1fc00-3bd3-4033-9930-71ea85d8b447	1076
75e39041-f3f1-485e-8de5-2cbfcbd94261	1083
75e47369-6c8c-47d5-a9a7-e09615b3eeac	1076
75e8e208-8703-442f-8680-ba908fa8c57c	2135
75e8eba3-948b-4d00-a753-42737b8b1e79	1132
75ec7493-9510-41cc-9a14-c58bb82480aa	1078
75ed78fc-2911-4034-916c-25d2b4192f93	1135
75eef20c-9019-4d81-bf56-525c40b11235	1051
75f6fd85-bd24-4398-bb5f-4bd00c6e1ae0	1102
75f705b3-d5f8-4341-9820-5caf2908cca1	1077
75f90f1e-adb5-46b4-aac9-1c55202a7318	1071
75fd3226-26db-4459-869d-59c63d3cf8cd	1139
7602e87f-5af1-4803-bfe4-ab7e3288e88e	1134
760632da-9e07-4000-9349-8031ca9c428d	1087
760bcc8c-9cad-40b2-b41d-1b81780d90b8	1147
7610226e-cf01-4fd9-b50c-ce2420177050	1126
7611de2b-7a61-4cfc-b5c9-f26cbf61b62b	1075
7613ada9-351b-41f6-b7ad-7d52682553b4	1983
7614c679-34ea-4042-bc82-b032f5f6d24d	1098
76185113-be45-4c79-8a26-3c90b5d62309	1135
761d8273-460e-4062-b664-cb7d55fda61a	1080
7625b8e2-b1e6-42f6-b413-046b54b4fcf5	1060
76292064-e502-4510-a599-647b69887a69	1067
762a1b77-9514-4d20-9d83-58fc8375324d	1132
762b67a3-6c24-4232-9c73-33654f455f03	1050
762d2401-b3e9-4771-a9f9-7fbc3bbaaaa1	1139
762d408c-354a-4d15-ba6e-14e8b38b93d8	1073
762fedaa-c005-4641-bf64-3b06e60e8d65	1088
7633b73f-998d-423e-96e3-b3453f251910	1126
763c2d0a-5376-4f90-997e-994a79677d36	1136
763f309a-7b32-4104-8983-50fb150762c6	1069
76454482-e204-4e47-9e1e-43620313e3af	1082
7650549a-b4ea-4cba-a1e5-580dfddb91a3	421
765783f8-2fce-46e7-971c-b4d42174583a	1114
76578d92-f769-43d5-ba8b-42b4c8fe9234	1082
7664dd40-9433-4a58-8cc0-32886925b833	1151
7670d1a4-b832-475e-8e19-7918711d336f	1137
7672d9a0-db1b-4bba-b5ea-8f19b42892ed	1072
7673ae13-7936-491c-971f-92506f0383de	1073
7676916f-09bf-4efb-9cb3-467c9d09698d	1072
767c4558-d212-4e1f-ad66-db88e044a35b	1058
767c4e72-5c81-4f4d-b9f3-0e74a493b89b	1064
76814ea1-3394-46d2-a446-338a9459113e	1140
7682e184-6fe9-4e3a-837d-fc8a1d4223ee	1074
768602a1-7b5c-4d9b-b843-f0478cf28412	1521
768f3833-6f2a-4bd9-90a7-4061059a8ddd	1070
769019fb-6a6a-449a-9c4e-c3d1292f263c	1132
76996b59-1e1f-4bea-94f0-00b9775552c0	1088
769f5dda-3bcb-4baa-8336-a622a6db93e3	1123
769fd2ac-1f75-4386-af8a-8c9711eb7843	1133
76a821f0-703a-4f35-b4ac-4c78c939679a	1084
76a835d7-f5a3-4320-9e86-22223a7763a2	1130
76ac1db2-61f6-44e9-9a6d-bdf19363beff	1075
76b172b6-1c46-4b28-a8b9-9e346367adc9	1129
76ba2afc-5003-4179-8ba5-3b9289b27c46	1078
76bafd79-8f40-41e8-a8ba-274e68c2251a	1054
76bc2022-2334-4b72-a5fb-863e30e5ba42	1136
76c34c0d-72a9-4def-b996-34001234f3b1	1064
76c34fd0-3013-450b-8845-8046b6bc9cd0	1141
76c6daf6-6c02-46a2-9f21-ab70001bfaa2	1062
76c838bb-eb96-4d6b-aa01-6c238392bdb4	1083
76c91b4e-8dc7-4efc-9c1d-3d3caedb56e4	1057
76ccba22-32f7-4ba4-ad52-1c4072f46772	1128
76cfbc87-051c-4403-9ff9-d7c652ebab97	1133
76d03d57-e614-4771-9a33-a5b9149aee28	1131
76d057df-f794-440b-b7fb-5875c0d95b63	1124
76d10412-07c7-44f2-afcb-c7c171c007d5	1061
76d51b24-ce84-46e7-893f-089036535d44	647
76d6c0dd-9b7b-480e-ba40-e55b89b7dc7b	1078
76d6f037-8f2b-4baf-bd68-eb8fed32e969	1070
76dcc969-c7b5-4404-b3ba-dfedda9f99eb	1059
76ddfe96-d21f-41f2-945a-9c400d47f1af	1133
76e02709-eb33-4e64-ba88-dc24297beade	1078
76e2301c-af17-43d4-86e7-4d751b115cc1	1055
76e4fffa-5c7f-4b90-9d26-3103bf83c451	1943
76e673d1-1554-4547-81a8-2148467d43e6	1136
76ec2764-8695-47ce-858e-363a6eaa402e	1129
76ee3ec3-c75b-4393-805b-cc76283c6017	1034
76ee8448-f186-4614-bbc0-0d08dbff5d3b	1062
76f26fc5-efd9-482d-92e0-a89fc32c2225	2148
76f6e33b-e7ef-4aab-af87-3cc7de2c4144	1077
76f99303-79ad-4c5c-a9d7-c2f785165241	1073
76ffee4e-3723-43b2-9c7b-84b800fc1bd0	1128
770346c3-7aaa-4396-88ac-554d43631e44	1126
7703a4ef-a312-4678-b005-f18095c34822	1056
7703d9f3-1d63-40f9-9100-9daa9a3d4579	1061
7704abf4-1e46-4647-ad4b-327b65329270	1052
77073741-6b89-4664-8da5-4faae5b0677c	1124
770c0498-0b04-4a8f-8dfc-207bf3c62360	1107
770f5ed3-2bcc-4a27-8bee-1d2c37b7fc47	985
77109e50-807d-4464-8b81-b84db61bb01d	1070
7710e7be-d5c4-424c-8d82-ca73f1d192b3	1151
7715df14-3955-43db-9800-43f8da19ec3e	1038
7718bc43-bae9-449a-81fc-ffd5137fdc7e	1134
771965f4-0a72-4e50-9d94-177280a95983	1127
771edcb9-dfe8-49c6-a676-e2c5d201f0c1	1130
77228466-1ab6-4645-95b1-560a9cc1da10	1080
7724e0cc-198a-4513-9e7f-237d0d91bbb8	1073
77251465-c297-45f0-9287-74e6c551d793	1136
7727238b-3159-4e38-acd7-be38c4210be9	2040
7727a6ba-f8af-4873-8c35-bc31e737c409	1136
7727bea2-dacf-482f-a19f-67278665dbce	1116
772d1580-1899-4113-9c05-cf50593b0c5a	1039
772e0e9f-048b-42cd-8fa0-122a9c6d2ac9	1132
772ef2af-3034-4ca2-bf27-8b2c342a11e5	1107
77374079-2796-49d3-85cf-905474860443	1057
773a7b77-da4f-494d-81c7-3c0edcbe6f00	1076
773d53e1-db42-4e31-9675-69d7705b9f5d	1125
773e4398-4920-49f1-b4ab-ae2b3527416b	1068
774241af-d08a-42ce-a626-ba3b29fbde3e	1122
7743090f-c77a-4ba3-8ab3-3eeabfd8fbe6	1115
7743c1cb-89ad-41f1-b536-b354e42f31a2	1130
7743cdf9-bec0-4903-931f-e8c62735aa97	1075
77448396-2a81-456c-9018-9b00ff8b2307	1068
774511af-20d5-40b7-9db8-57c56ddbcb8c	1106
774626af-9a9a-469a-b2d1-989f9f16a07d	1127
774740b6-ddd9-4f7a-b667-6e4382deafec	1125
774a08a4-a52b-440f-bcef-72d0a4c84a09	1059
775cd9eb-7183-4e52-9f2e-bc4e64743248	1046
775dfd73-8fcb-4c98-9750-4abe74799d6f	1137
775eff1d-c607-430a-b87b-32efbe58625b	1128
776215cd-0f60-4f59-99e8-4abd5403eaba	1080
77621eba-5da3-4608-be0e-564dd617c1e7	1073
7768985f-dc6c-4def-898f-b293e6c2c3ba	1130
776954a4-aa29-437f-a750-2a4409d877fb	1081
7769e2de-a74b-4971-bfba-a6b6c97fb1b8	1134
776bc039-e803-4116-9b30-ca4b311678ee	1112
776c870e-a03a-4bec-a1a0-97e17d966810	1084
777256fb-2299-44fc-ae91-88d93a82c2da	1066
7773b492-5e1c-4b16-80b1-1e5d8fab7bfe	1042
7774d825-3771-48f9-8e4c-6446d86c1eae	1072
7774fb95-9e78-4c36-be2e-24e14f6e5e5b	1292
7778e036-5a78-43bd-a112-4531714b29c4	1139
777d822d-a6f2-4f34-b42b-e4e119997016	1120
777de6af-755e-4998-b73b-e1fd099a7f2e	1139
7787abdf-04a4-4a19-9675-55cc757c08e8	1073
778bdd00-fd8e-41e1-b27c-ff8d180138b8	1081
778d851b-6a8f-4bdb-b8f8-67a228dde589	1142
778df684-8d0b-43d1-9b71-2924ff4b73d7	1005
77978306-dde7-4428-9370-77d9b9dcd210	1125
779fa339-249e-4ed6-a74f-101e77dbf346	1062
779fbcf0-cec1-496a-bfa3-d01c837759b9	1104
77a9588a-8163-478c-a672-4110d177cab0	1074
77a9a0f5-5037-450d-a250-bd18e830c0ad	1130
77adb591-919b-4ef5-87c6-a8c3086574b4	1004
77aea133-f38b-49ec-8c8f-8b6209e2d8ba	1073
77aee9f4-8d86-43ca-b054-4527488b6b8e	994
77b1c5d0-c6cf-4bce-a591-9f3ec597fa70	1102
77b73853-4a08-4d8f-8efb-60e0cc8c0b4b	1080
77b9152b-761b-4a45-b4cc-447444fac460	1126
77bc8d74-94ad-4242-8779-7a04b2b2b8ad	1128
77c02c99-523e-4e3f-aa61-929bfb8075c3	547
77c086cb-0f4a-4cf7-a1d2-d64989fd1c92	1139
77c2d72d-bd60-4259-9bba-2357d2f492f5	1138
77c46e33-933d-46bf-99ff-fd312798d359	1075
77c75691-8f36-48c6-929c-44771842f3b1	1084
77c98ab6-c844-475d-9bb6-24a2e8b167a8	1048
77cc8e8c-d164-4b25-90c6-97c085297b4c	1064
77ded382-176c-45da-95cb-b0afbea1ddd0	1094
77e14e56-ba93-4cb7-b54a-38b2019e1a05	1130
77e48b15-7693-4980-b6ac-8c1f4e2a3760	1060
77e52809-24c2-4d6c-a8ae-047dfc9e4935	1070
77e83f30-27e9-4d44-adac-04b66053d033	1054
77eb0a71-ed4e-4c24-831f-5f6b8ff09eea	734
77ed1baa-14aa-4a1a-951d-eafcd8ca1136	1132
77f150fc-bf26-442c-8949-38f98f2485e7	2024
77f7dcab-5659-4242-9560-50ea8004da8c	1143
77fb4413-291d-478f-af10-679487383123	1074
77fba241-9596-46ab-bcf3-0f60b025f168	1104
77fc94b5-439b-4906-9e4e-298555ff161c	1134
77fc94ff-5236-4095-922d-c0274ed36aae	1074
78010f0f-26c2-4db4-9c4c-c06372dea4a3	1066
78059ce2-cccc-4e0f-b6b9-691d8cbb4558	1125
7807d801-e77d-419d-886b-32eceb70ffcb	1099
780a4f28-eb00-4748-8e0e-469aca5760e6	1063
78115428-c814-4fd7-b0eb-cb76401694ef	1059
7811d45b-2c9b-45ca-8ff8-66d01b7186c9	1192
7815d24a-c1d1-4cea-aa4b-201be41db60e	981
78168dd1-f4fb-4bcc-b8fd-32475e060bd4	1056
7818ac30-c71a-435b-9525-de7519803051	1138
7819d58c-1414-4181-996a-8124fb0a6ca1	1137
781bf039-e8fd-48f0-a432-076cb406b8f0	1122
781c2f3c-33f1-444c-ab24-7b5bdfc7a5af	1041
782c5e52-ce93-4454-95a5-6bcb380770fc	1133
782cb878-66fa-440d-bd82-3c78790c4f81	1065
7832371e-1d9d-472c-ad12-665a18307dfa	1056
783ce492-00fc-4376-a38e-043c28f0c027	1147
784413e0-f903-4db0-b0d4-6686ae6091a6	1082
78470ce6-9ccc-41bf-a3dc-97a00bfd0d38	1131
784748ac-2573-462a-abf8-cf7b97efb838	1134
784a00b9-3145-4660-807f-d3c44f4f35c6	1133
784ed64e-48ef-40f4-a195-369de6b9bde2	1133
784fbe00-ffc7-4668-aa8c-34326fcda20d	1121
78557734-b01b-403b-a51d-2c38418b1a4d	1120
7857a933-7e87-48cf-8776-f2062bfb0076	1137
7859c153-d3e1-41cd-b3ab-3af0b518a5c8	1132
785a4d6d-d52b-4776-8ebc-5b49d220b90c	1071
785a5bde-9c39-4641-8d5e-3039fe6845be	1112
785bbec2-ccc7-42fb-bdfd-ca1f828d027c	1131
78620caf-4094-4529-bb79-a305f172ade1	982
7862e330-6290-4d26-8b5c-c7a6f7a80e8b	1128
7867f639-373d-40ba-9239-c5cd03b91560	1077
7867fd5b-d890-4acd-8d1e-b160eb7dfa30	1064
786824de-9765-46d6-b2a8-95e89b57d4a8	1033
786c738e-b252-46b9-85e7-7602df03cdda	1068
7872864b-7b24-4237-ab6b-dd64d412a992	1055
78774c52-9109-4153-9032-0b4c31d2714b	1075
787764d7-82a3-4c20-8170-dcb63eaa9de7	1130
7879534e-64fc-435b-a1ec-02225b90089a	1040
787ba144-16bf-4001-b574-600b9ebf93c6	1114
787c9e12-12f2-4eff-a39d-71d34211d86e	1070
787ed500-7e2f-47b2-bc81-7392e5679030	1075
7883daa8-f13a-431a-8709-6b72c598b3af	1108
78883adc-dd95-4182-9521-1f71c3b97ae5	1075
788a435c-1574-493b-b20c-5c4d338beed6	1126
788c5173-ac02-4696-999e-96e079c3778d	1071
788c62af-48a2-4a1b-a5a9-2e54a190a26d	985
788d4fda-76f6-49ae-a49b-43ed982af59a	1138
7890e60e-08e1-4459-a112-e23f16071700	1131
7896968c-ca54-4878-b3e0-d2b5d0ff407d	435
78976111-0bf7-4848-b1e9-f3efd88630fc	1134
7899e100-3c23-473f-9939-86ad43c7b503	1120
789a55ac-d158-4dd9-a58a-f4f20d213201	1078
789bd172-fa4d-4f6f-b494-bfd3149b590b	1069
78a071fb-d33f-4976-a2f9-0123b5409ead	1138
78a21a2f-b660-4bf7-8427-e5d4f81e775c	1059
78abe0cc-cc35-4841-b255-41c72f3f6894	1082
78ac7aa8-d228-4806-9701-83dedff208ad	1065
78ad22a1-9950-49c5-b062-ca39c94c8d02	1138
78ad5f1d-c848-4d63-9e9e-a588d4f059bf	1092
78b246ce-a99a-467c-a380-cd2e5fe140cc	1079
78b263d2-6753-4dd0-a895-e7f895c72a16	1064
78b2dd6d-5a78-4d75-b28d-59a5495e8158	1133
78b72983-f48f-4141-b03b-7b0548c1ecc4	1076
78b72f50-6a38-4c69-bf3f-625a550b9ff3	1037
78b7f326-910b-48ca-a6d8-5000d21716c0	1084
78b86dbf-32ba-4942-88e1-7c3b4b9634d5	1077
78bac14d-56fc-407a-970a-323da64b5d98	1082
78bc7f4c-b953-46eb-8afe-b6f3fc9a4f40	1112
78bf470b-e7ff-43dd-b086-2f8121cb5de0	1137
78c0c739-ce96-4007-b01f-bdc0381f218f	1075
78ca286c-21a6-4471-ad9c-9c8918419d9d	1120
78cb3b21-9524-4483-8f97-99c251bcfa29	1077
78cffb72-d3cd-4fa7-bac0-b52e4ef6233a	1067
78dd6a53-736c-4038-add3-7cf2af24febb	1122
78eb4862-9bdf-4a84-ba31-3cb723807cc8	1131
78ed3a11-cd29-4c7d-a734-521726253b2f	1135
78f005ab-8604-47e0-b10c-aab59989b2dc	1080
78f0bb52-80b6-4a74-a3aa-188e9e4e4647	1070
78f41629-ab9f-4d49-b4dd-cac96baa77ad	1064
78f58908-49f7-4168-8aab-838c1c6b17cb	1080
78f5c30b-b73d-4d71-967f-32113cd27585	1096
78f621ba-6a12-4b70-a88d-d68cf8a799f4	1131
78f71562-b4d6-4df9-87b5-9e365fc4dd77	1077
78faee5b-4de0-49d0-b251-717b857aa161	1139
78fff01d-b7ca-472b-8df1-e892d29e776a	1005
79013283-2b99-4fd6-b058-91e008500ecf	1065
79044b38-fd2d-47de-9dca-6d4a89d26e9a	1134
7905a9d9-d43a-4119-b7a5-1ceb801955c6	1077
790861fe-a67c-47a1-9699-2a4bc44e500c	1104
790a3bf1-addd-405e-bd4b-21868463c1cb	1077
790ad610-8d49-46e3-9fd7-26f7fd924174	1135
79100531-3fa7-40ba-ad4c-dd553aab09ad	1127
791250f1-0b96-4441-88eb-4a229558799e	1068
7915490d-fb38-4c15-aa17-f044c13fe2d7	1134
791c6bec-88f3-469c-b3f2-7d162cc12c29	1136
7922560c-24c0-4cf3-a7da-8ae60196270c	1139
792583f9-6dde-4780-99fd-4831e3f903d9	1114
792a4037-f8e6-401b-97f1-dddda7b8458f	1114
792ebb6d-1df2-4f96-bd63-98214295f030	1122
792ffab8-3c7d-4e27-b667-061fcd2f6818	1075
7931fce1-8b85-4216-8420-8504802586e3	1056
79338e69-58fb-4b9d-b979-bec5163d7926	1105
7937c63e-78fa-4ea3-979a-2e383d94c0fc	2072
793c1ed7-4226-4aca-aac9-bd902db95dfa	746
793e3ba0-594f-4d5d-b3dd-1d0b690f00e1	1133
793fe7c3-0214-48a8-afca-c2c7f75e826f	1132
794734ce-e887-48ba-aea7-e2cd4b6fdd58	1068
7949a752-eabd-48e5-a7dc-a58461e0b4a4	1071
794ba7f6-0d63-446b-afce-4c7aa6e512d2	1059
7952530f-9869-42ba-9a3e-1aeb2105d593	1361
795258d3-7a4b-4036-a484-2316d930a07f	1134
79539294-dd09-4152-b70f-a574e4b5f695	1146
7955df69-47e9-43ba-8cb8-e3c45476c522	2116
7955f410-088c-45da-97cb-c55c3321f132	1137
79569055-9113-4b70-827b-172f42fedc74	1071
7956e059-d340-4274-baea-2012fee143f3	1136
795dfb36-edd3-482b-84f3-de5d754f1097	1071
795ecd7a-f650-4053-b133-d78b42d96d5f	1130
79637c6b-ba48-4479-87d4-9a97bdcec91d	1132
7966aef8-e74a-44c7-aedd-be5779b21e56	1113
7967ee2b-db46-4322-b40f-5d591a645666	1121
7968d4c1-3de1-4498-b49d-35b1a1389d61	1123
796aae8d-8932-43a3-92e0-2f94b2c26cd5	1058
796afdfe-98dc-46c3-bf94-2c7a1227bbaf	1042
796be733-4671-4419-b3fa-65d5bbb6cfbb	1077
796bf7b3-794a-4090-bb19-46fd61d7d4dd	985
7971e3a8-bec7-4002-9c98-162cec1e5823	1120
7972a906-ee00-4fb1-a0c3-4b32f3df23ec	1061
7974db19-5d0f-4c31-8f2c-a39e2afe4c61	1330
79754832-8e9a-4174-bdbd-b3fe7deb6144	1093
797740d1-f9c7-42e2-8e30-8474c72e8ecb	1141
797aaad2-3387-4720-9c1c-fee0a873cb8c	1121
797bc884-1e16-4988-9104-6e6e17cc4944	2080
797c4246-4ace-4104-be64-c797428f5008	1133
7982e02a-3e90-4c61-bdc7-37f4666d8974	1129
7985e6ec-147e-4c25-8666-84efacf1ff48	1139
7986f334-c130-4387-bf4b-b5cb14b491db	1128
79877211-a98b-4bee-bab2-a2d0ee1b9859	1065
798b0b27-1fad-4c10-a9b1-382b41d3cc7b	1055
798b38d0-ff03-49b9-8c32-528c75c9f614	1115
79906d21-3a0a-49d0-be78-d05a5c1bd8b4	1140
7992ab77-8cfa-4ed4-9951-e1dd89717bc2	1136
79967688-77a7-4cc3-85f1-5bee493d23f6	1069
799c13c7-2899-4958-94ce-64cd23cd8311	1142
799d0825-fbf8-4416-9262-1e8d3e6f8bdd	1129
799fc2b1-5173-411f-998a-17bbcc2a3242	1079
79a2329b-5487-4c89-8e7b-f35bcc35dbd1	1140
79a25e85-0ba6-4579-9513-5e1b5781cd70	1070
79a6b668-164e-4e5a-ad44-e2979bd48162	1066
79a7592a-f8cc-4ee4-98e5-707b784682c4	1072
79a79770-bb50-4f17-ba77-b20b54246ea8	1332
79a9ee21-8c03-4574-88db-c00357c5bbce	1076
79af6abf-dbc4-43f7-9ff8-53eceb955312	1117
79ba4bfb-874a-4310-b375-172a8fa8808e	1133
79baad31-c18c-47a2-ba85-e9c5db9e9010	1130
79bb0e13-b463-4a58-80ab-0dd1c5329b3c	1142
79bb841e-26a5-4880-ae72-0cf02f876269	1102
79bb9b55-277b-4e6f-9e06-be2e382ba13c	1081
79be2631-a1cc-419c-acf8-a9fbbeb7a706	1073
79c4a1f2-952f-4ce9-9dd5-f2e01a74b7a4	1135
79c779d2-47a2-4637-bcea-916cc23c973f	1138
79cafc0c-01d2-48e9-974f-ad3370be5d2f	1056
79de5955-7f89-4f99-a2bf-5b13d6414551	1070
79debd1a-b8db-495e-8413-ecfd3f31e50a	1139
79e3d8d7-11ed-4647-acac-b314cefe6acb	1076
79e6c272-dbd1-4ac2-91c3-2b59e6f3ebd4	1136
79e91fbf-7f47-4fbf-bd5d-c3b204ff9034	1129
79ef2c8a-e24d-49f3-a724-dbbcc51dc51d	1122
79fb4ea1-fd89-4f1e-a53f-3f64d3e11239	1133
79fca582-3f10-4ff3-aaab-0735f25e13ef	1129
7a00e119-09c6-4c37-b478-e21096aa0955	1060
7a06975d-9464-47a6-840e-001d88213e28	1061
7a07184f-d4dd-413e-a3ac-6ab748cd0520	1131
7a08048e-9e63-479b-946d-73465986214c	1127
7a0ec562-ace2-4013-a05a-b2e60a273a65	1138
7a0f5059-0c32-4014-8942-80527c86dd06	1068
7a105efb-edbf-4b88-a289-fb5226989dcd	1074
7a1201c3-4075-4459-835f-de5854ded436	1130
7a15c91c-100b-49ec-9881-61ddc2bc8a47	1128
7a178d47-ef75-4074-88a1-0aa458699bc3	1072
7a1a89d2-e8b9-430f-976f-f1fa9d33aa86	1140
7a1ac46f-792f-4749-875d-1e41368c7d9a	1125
7a1ebc91-2627-4df5-88a5-1818de6049b6	1133
7a212c67-373f-4e0b-a47f-12abe30de373	1142
7a25c856-c153-41be-b15d-1498388e8328	1145
7a2bfbf7-dfb2-447e-96cf-3512d2b769b6	1071
7a35ea30-16aa-4224-b5d5-4fe96bf618f8	1123
7a3eb560-df26-4fea-b36d-5a939c6c71da	1077
7a42ed84-94a4-4574-ac0b-6fa1a09bbf69	1044
7a48266c-7c52-4bec-b03e-99f3aca91055	1047
7a49f183-7ce0-420b-ae5d-1d138710d775	1075
7a542c1e-dce1-4e47-8c9f-ba6ab4261723	1055
7a5b87ae-71a9-48b8-ae2b-53759df0c71a	1140
7a61efae-e069-4caa-88d1-21db490ec586	1071
7a65d2ce-6355-4f4f-940c-0618394f608a	1047
7a6c9d9d-504f-4c84-9d7d-496b09d1a698	1129
7a6f8a76-5fee-41cd-ad06-191b6fb1e5de	1073
7a7283c9-5d37-435a-81f0-35ddf6440530	712
7a75388b-03a9-4600-83cf-d8557c1d139d	1068
7a7921d8-a1d0-49fc-9986-cb578c027d56	1117
7a7b6300-765c-492c-9b9a-ae1cb6ab48b2	1129
7a7f24fb-b170-49b9-b5dc-7721aa64e332	1136
7a84eea1-16e7-4a92-8495-5da44a6111b8	1074
7a88b0ca-270d-4707-ac86-578cc2f297b8	1140
7a8ce212-e06e-4bd6-aa63-4694ae070ec3	1126
7a915664-0b89-413b-b9a3-267e0422c18b	1075
7a95f143-15ae-4134-8bab-835f9ea85838	1140
7a97e1dc-5de3-488f-be05-2bf58051eb3a	1135
7a991707-efb4-4a63-83d8-98f3c9ce22f3	1085
7a9e3fb4-475b-4af8-a374-45930ab4d255	1133
7a9ed08f-a97a-4b86-a93b-76ef3d4d1dba	1132
7a9eeee1-57cf-4ac5-bbfe-90ba8d11811e	1080
7aa512ee-64bb-472a-9f76-e543276756f9	1078
7aad1259-f3d6-4c95-8ef7-4861cd0f0dcf	1124
7aad1b11-9ef9-4782-b983-57ecc7cfbd40	1110
7aafd0ff-4087-41a4-b9d9-7da73a8bc5e1	1074
7ab03750-6834-46c3-81f7-2cfb41c32ca4	1133
7ab4e765-239e-45f9-a7e8-12c400d4b766	1077
7ab50d39-dbd5-4446-8f6c-97434935ff55	1059
7abf0324-97d1-4d16-8a72-7dea6d2a9c83	1134
7ac14cb4-82f5-4897-9610-958f6446d896	1135
7ac5fffe-4bea-4dac-9388-5865470a4fea	1072
7ac6efae-52bc-4934-944b-ba7a167b213b	1070
7ac75389-8bbf-4dcb-87a8-0cdbabaab4aa	1134
7ac8b229-c3e9-4e3c-a9bf-77abb1dc96a2	1125
7acc9d1c-982c-4fc3-a7da-ce068fc87361	1137
7ad2d976-31a0-4367-b696-4cc1b3d2f15f	1130
7ad7d557-1012-4aeb-a4a5-3cb9806d1bf1	1074
7adc2be5-032d-4c88-9ea7-a4d011c44b16	1108
7aeb21e2-c6b0-4089-8299-efb03365a04d	1072
7aeeff38-2ba8-491a-982a-2d02874c909d	1066
7af0a9d5-ee81-4a72-9510-096087e14c17	1141
7af22742-6f92-4c1e-a2de-57c0797e4d56	1123
7af6919a-a27c-4da9-9afb-1bbebf578373	1121
7af8f745-7560-43ba-aa67-bcd2b556a813	1074
7b0b33d0-1262-4398-b90e-c6fd564cd665	1077
7b0cde1f-e260-4073-99b7-3a0fabea2caf	1067
7b127126-0dde-443e-a1a7-4622199d8c13	1181
7b12eb53-b81f-44b2-9f05-6b79d0704d8d	241
7b160bbd-0135-4657-9cb8-c37e9035bcff	1138
7b1f9a52-c79a-4db4-b934-1758b933515d	1071
7b24ecca-396c-43ec-b6b2-9e05da827310	1069
7b2b19f1-b379-42c7-bbc4-f191428553ec	1301
7b2c0f2e-3283-435a-b02d-005d36605e30	1076
7b34e1f5-a442-45e0-843e-b77b0c1b593e	1143
7b3c3017-e38b-47d6-b205-06ea4d76c4b5	1082
7b3c7093-28b3-4db6-ab21-3b82859fa1a1	1134
7b41618f-77e3-46a2-b095-d0925f4aa972	1073
7b4443f3-2ca6-41ec-90a3-f0d862b8e086	415
7b494774-e322-453b-8143-ea2218494530	1152
7b4a536e-6f75-4b4d-b159-6e8c997f4b68	1138
7b4bd070-cf94-4b68-8d47-15febffd4015	1075
7b52fd0f-90fa-4c51-abc4-3d07407f4585	1115
7b5366e4-b5fa-4f13-a5e9-c81d2f98f4b7	2188
7b580e64-04d9-4930-99a4-ce3e1875e4e3	1073
7b586f0a-f8df-4682-a984-bdfa8c7996fa	1130
7b5d8f5f-817c-4e9b-9022-bfd2c05206fa	1137
7b604132-733c-45f1-a357-dd3c418b2c97	1070
7b6797ef-0bc4-42a4-ad7f-25bbd07c5e32	1129
7b6acaa1-4f48-4c29-9f95-2924619475b7	1072
7b6b4aea-076a-43af-b73a-76e8217d8cd5	1139
7b6c9f1e-8f6d-426e-8ac5-c1ce08e236cf	1079
7b6dc8bc-3582-4ab9-a748-30162d4dd49e	1122
7b6df996-3b5e-4749-928d-931e6e77d52e	1136
7b765817-e1d3-476d-a930-d57ee87bbfd8	1121
7b76b4a5-3857-494e-85b1-dced4d830bb7	1074
7b7881a3-f191-4106-96dd-654216259eea	1117
7b793ac0-565b-4f1d-888e-3f0fbb35b220	1078
7b793d91-122e-470b-bf7a-0240f877d375	1064
7b7a8f1e-543c-47ba-a7c7-81eb6b289acc	1053
7b7ae1db-87e7-49b7-9e78-3b864b78f1e5	1054
7b7bd64f-75af-493b-a09c-26b5a7cd7139	1117
7b7c195e-51e4-4300-93f9-2dd18e20dd67	1105
7b7d0c5c-1a1e-4b89-8db6-fc56e02c615f	1134
7b866d61-d2c3-4bf2-94a3-0a03b776c1f1	1142
7b87fc23-f15f-4c2a-81e7-da55fae464fd	1040
7b889e0e-1b6f-44a7-a4ab-f1b340883c76	1137
7b8cc135-2c52-4997-86a0-e5fc9305d7e5	993
7b926a12-a889-45a7-bd01-c8ff1d8988fb	1058
7b997576-c6aa-4f84-9a08-a4f82ad39952	1074
7ba14429-4d42-43cf-8ce8-e9f3600841a1	1003
7bbaa924-c610-46f4-b8bc-9decd5e7aecf	1070
7bbc3399-6656-4f0c-8610-c8ffc710b75e	1076
7bbec37a-e284-4081-9382-b996c9add5a1	1135
7bc1db4f-038b-47ae-be2b-25c0ee5bdcd6	1142
7bc750fa-0043-4939-a757-2a631caa2d11	1094
7bcb5d17-d867-4eba-af5f-f70d77287282	1071
7bcc28d6-c073-4881-b49a-a98caf282152	1137
7bcfe0ce-6e47-4ced-b8d6-2ab0fda30917	1064
7bdf37b3-8fad-4042-ba51-6c48b3e85f8d	1118
7be04225-754d-436d-a9e3-51affd1b52c6	1042
7be09c16-ec54-4ac5-89ba-412c17e456e8	1049
7be12588-46f6-4a4f-a309-1c2de483cc53	1066
7be2cdc8-54e8-4f37-879f-f6b9e95eb768	994
7be59604-b97d-448c-ae7e-2986b246183d	1132
7be8bece-771a-4d88-93b7-f273f4399622	1143
7beacfd8-98ce-49e3-b947-3c8511a442bd	1062
7bec4485-2f3d-4e51-b29c-daaa3c0609b7	1069
7bf0dc62-296f-4a8a-812a-8633a1182a38	1145
7bf41d45-8994-4efd-ab0d-c823fe48d9a6	1135
7bf7814a-cdb4-4952-9dc7-b860648aedf6	1132
7bfa5226-7784-483d-84b1-12cc7a52a1c0	1104
7bff5823-3784-49d0-b028-8fc739709c34	1072
7c017dfe-3b06-41a0-9d05-be188e958e11	1082
7c04a105-f261-45a5-9b37-6fa40f3566c8	1077
7c0a487f-b886-4c70-b56b-894d0af0be2f	1136
7c0af1ef-ff6b-41f5-badc-a9003e8d4d6d	1061
7c0b7b36-c4d2-4040-a6fe-ed9235ecb37f	1065
7c0c691b-2e69-4b96-9a16-94dd205e471f	1063
7c0f934f-7ff8-4f7f-9094-eff681b4c327	1131
7c1010c6-3f61-4415-a721-7c94d0e16d42	1085
7c156f5a-fc99-4166-8664-a14118c36b95	1054
7c17eb76-5adc-4bde-a3f0-b139ede37fac	1063
7c1f91ee-757c-414e-8fcc-d94a42f1a6e5	1130
7c225415-7c76-46a4-a987-2900d7fe244f	1134
7c22b4ce-7e75-495e-84fb-20bfb894a745	1109
7c25468d-1050-4cdf-aa09-87670b7b9b38	1073
7c286673-8316-4802-86ca-7d48f5825c05	1059
7c29a4e9-4cee-4361-a192-2847199458f6	1128
7c2c309f-8d6c-4938-afeb-895c15216afc	1045
7c2d4453-ca7f-4dfb-b6b3-a894c13f6c2d	1131
7c2d98c4-85ae-4265-977c-81ca88c5449c	1073
7c2ed5ba-982c-4a9f-89b4-64762d517f65	1077
7c2f63dd-b0cf-4836-bdec-fca80e6a309c	1077
7c37a21d-e654-4abd-b147-6c1c5a062e2c	987
7c37d91f-6651-4a40-8acb-98fa356a0d23	1116
7c3e1ad0-5d17-45ee-811f-d016331e6c3f	1114
7c41e6c9-6168-456a-8dd8-fb53c3a8ca72	1138
7c4b373f-b374-43bb-bcad-06667bdcde8e	1085
7c4b5248-2288-4693-89db-c5d7b341c0a2	1132
7c4b6c15-8c7a-48ac-99cb-92e6bc27bd99	1154
7c4f6d33-d620-455c-b7dc-8a8d9cd1c995	1069
7c51feeb-885f-454b-b69a-befa2ec165bb	1128
7c584455-f2c5-40cd-ab16-bc2d262a79c8	1125
7c5a8f3d-07fe-482b-9b24-900ac4dabc7d	1042
7c5ccc77-d878-4cc6-8c14-6719db231f3f	1138
7c653682-27a7-4c47-84ff-9dd99f87c057	1135
7c668820-2c90-4afc-8ac1-6399fdb9a439	1125
7c7322fb-0e59-4aa3-a10a-c2189da7ae75	1129
7c78f4a1-4f1d-417b-ae16-2bbab97eaf8e	1123
7c7b1552-83d6-4756-ae87-0f046d35023a	1057
7c7d7849-3b00-4ce8-bb50-4e21503788fb	1140
7c870374-b733-4888-bb82-fabb21f88da3	1122
7c88a54d-e56b-4594-803f-d8af988a0c41	1069
7c896901-40a5-4d14-9e33-fa8564c134e2	1078
7c89a6f4-1f22-465f-8ef5-367de7ed67dc	1131
7c8f8ebc-3781-4a95-bdf7-1ecabc7ddfda	1127
7c914eba-16ff-4392-a114-d8c44d353251	1069
7c9b30c5-506a-4a69-9d39-3ad7faef8666	1064
7ca2ad1c-18b6-47ea-ae20-8f05e2a5e0a1	1079
7ca7efb5-fca7-43a8-b472-76cf2ab9e875	1143
7ca87427-2c77-41a4-8363-b41c7260d5b4	1055
7ca98bb8-f6af-4a49-b07a-f75bdca3b732	1000
7cab8941-a5a0-4562-9153-ac877255f2de	1137
7cb12b1f-ea9e-4ef5-96fe-2d7427e132fd	1074
7cb37eb7-66a6-4ac7-8da0-64a30de1b98c	1141
7cb4386d-ae66-47d0-8cec-de6731405bf3	1047
7cbb0332-847b-4ff3-aac8-a2dc459ec7b9	1069
7cc73f26-7ce3-40fa-a7f0-db723f6cadf2	1130
7cc7938c-3a0d-4e12-a73e-9b87a0c4615b	1071
7cc8e09e-4168-4db2-aa92-be0beb0bc967	1076
7cd189d4-95c9-4fb1-9ec5-3a2ace38ce12	1136
7cd2360a-0773-4116-b1f6-a45740dc6048	1134
7ceadf10-f764-4a2d-98b6-ddd105948d65	1076
7ceb1cdc-e4c7-46be-96f8-54e00d8ca73c	1143
7cee5c9a-233a-4b24-9fc0-c06721685db3	1125
7cf16bbd-6e19-47b2-8d85-b2bfbdc91c36	1131
7cf1a17a-565b-48ed-8aec-d2b998b05893	1139
7cf73984-04d4-49fe-be92-4670c8c983c7	1121
7cfc993a-41d3-4998-b457-debbc397e000	1078
7cff45ba-2b31-461f-b6fd-1cdf55cbba6a	1049
7d0376bc-863f-41a8-b6af-97f9946bccd3	1133
7d051cbb-e891-4b9e-9854-4be2401e7251	1136
7d062b11-b034-48c6-8787-367fc0b2c1e9	1054
7d070ada-9bcf-473a-912d-685263fbf8c2	1132
7d07ed3c-9986-42dc-b8ed-64b1babe8d77	1131
7d0e7b80-55c9-4961-8e8c-0ed497f6e4b1	1080
7d103479-7e71-40c9-be9a-540b0d380213	1085
7d12e93a-abe2-44d0-87fc-ac5a803c9fff	1147
7d18168e-9645-489d-8a44-1e7b596d157c	1030
7d198e9c-2ee2-46d8-9a6b-94e9be530d65	1123
7d1e61e3-b2f0-43cb-a16b-fa24b4485bad	1128
7d244436-c964-4cf2-98b1-5f4356d8e65b	1135
7d25eeb7-87b3-4064-a100-27f141c94926	1122
7d269a1b-a266-45bf-a671-c84964c14f14	1072
7d292c50-4f3e-4834-8b31-81324007f577	1002
7d313ec5-f13d-4b13-bd2d-e509c177e04a	1064
7d3541ba-b3e1-4ac8-ab75-77af1b144804	1112
7d39e645-a340-4046-8570-64dc8aa4ca11	1136
7d3aefb7-d2d2-422e-8a8b-230c71185c67	1057
7d3c3e2b-ef5d-400a-89db-8c710eb811cd	1057
7d40757d-823e-4c4e-9cbe-0cf2cc3bf73f	1053
7d421a52-d1a9-4036-8084-f2781aa1bdc9	1074
7d464422-b7ab-4c9b-9b50-1ede6068d5c8	1085
7d4790da-505d-47b8-ad6d-bafd10d9c9b8	1127
7d47a74e-05a3-4177-8893-07e1642c3a91	1107
7d4d7256-cd0f-4c1b-a223-58f9937057d1	1076
7d4e2bbe-be68-49ef-bcfe-16a3937c54be	1139
7d4e52a4-7b7d-4a63-9501-22376bc814a1	1054
7d5388b9-1e06-42a4-807c-91ee869b150a	1131
7d589f6a-b245-496e-8b19-8bc4f96c626c	1069
7d629bab-b11f-47c5-82e5-b66f6e8a6f7b	1080
7d63f121-35ad-4d9f-8a4b-c3771c4696f0	1053
7d650fb8-1890-41de-a1d6-e8f906d95681	1084
7d655af0-f83f-4cf4-83ab-3f03e9da5f97	1126
7d65f6d6-b8c1-4557-a8e3-c97c007744ad	1123
7d672db0-b3ca-4f55-afa9-dde5cccd0f43	1143
7d68c30d-4ecf-4957-9228-313fa22511b2	1059
7d6b0b02-a2fd-4bbe-8926-96dd68649aa5	2154
7d6b7190-829b-487f-95a3-ff991e81420d	1130
7d6bf4d1-be9d-486a-871e-76958b0ec4e8	1125
7d6f6f21-a127-4a1e-a1ee-ccae68622c75	1073
7d70eab4-35c9-4948-8fca-82a6468649d7	1140
7d71c2c9-80f2-4f01-a9e1-fbd05f0cfe51	1074
7d770044-1c72-4a86-93d2-df94c03e21eb	1058
7d77b441-fe1d-4782-9033-2ff47106fbfa	1071
7d7cf814-fddf-41cd-a103-3ca0d5991d90	1054
7d80badf-1f78-4393-bdb9-cb9b3a64d7a2	1110
7d812c82-5379-4918-b1f6-38d0aa33009f	1052
7d8406a4-ba66-4ab2-9124-c252a9738890	1138
7d866cc7-1bb7-4f5a-8788-5b8e15e1ed68	1132
7d88f64b-4b93-40c0-b2ba-908f104f8f64	1080
7d8d48c2-180e-4aa5-8010-8a2d9940d77e	1065
7d9330ab-0f8b-41be-a6d7-875624cdbaaf	1079
7d952158-6b79-4008-a713-cf79790a8d68	1133
7d9757b0-cc03-4ca3-aae9-dfacae90e42c	1067
7da12451-a68b-441d-a350-770617c5537d	1063
7da3a94f-e696-4d43-a11a-7cdb68fb1a25	1134
7da53402-b7f6-4b93-a71b-b56b19ac63c5	1132
7da7c183-7a19-4b05-bcb4-dc03d3723d64	1027
7daed18b-d548-428f-98c5-90af249865c1	1065
7daedd53-2a02-49cc-95e3-9f6945187703	2054
7db224fc-3321-4cc9-865b-3dd5aae35b43	1081
7dbb511f-13aa-43cb-b0e6-fb95c5e9082a	1135
7dcaa79a-39e3-4235-a437-874b88f30f1a	1127
7dcb6d0d-99e9-4190-ab35-8aaa3a0e70c5	683
7dd4b94f-dd7a-4142-a2e4-81a7d10b0c3b	1055
7dd5022d-47b3-430f-b3d1-45ef111c8dc3	1113
7dd5d8c8-e3fc-4079-a43f-2e97b1dd9f39	1012
7dd6bd8b-faa9-42f5-895b-4abccc27498d	991
7dd82814-6bec-4691-8362-7fe855708485	1137
7ded5421-da7a-4afd-81ca-fb60bf995926	1061
7ded6e07-e1ad-4093-8e52-e7ad995d1174	1087
7df472c9-fa9f-4962-88b4-b782da142e8a	1138
7e076e42-819d-4ab9-a200-22ae41e78a66	1122
7e0fa298-bcb5-4f8f-ab2b-11e4f5174148	1078
7e102792-c9ad-4a84-ba9a-401bcc238173	1134
7e12ff25-c02d-47f3-bf4e-c9dc2ab8b18a	1071
7e142055-2e16-4e11-b16f-7c468748ce75	968
7e149527-580c-4a62-9567-b9dc889dc47a	1079
7e14e6c0-3aca-4401-aa42-0b7a87cd3d66	1077
7e1796ce-27ce-4671-9830-c4c33c0326b3	1132
7e1a3cb2-401f-4bf6-b00c-0e17edb707d8	1073
7e1c32ac-e728-4696-9696-175169ef8e4c	1153
7e20a262-7ef5-4a14-a2fe-9069806b5c43	1075
7e214e80-c847-4807-bf56-15e817e641e0	1058
7e27ef3e-ddcc-48ae-8877-cef0c75fe1a0	1078
7e2ad7c4-f246-4396-ba84-71af41427ed9	1140
7e2be02f-2394-405e-869d-b42d472543d5	1068
7e2cb7ab-932f-4b95-958f-6a7a466c6e32	1079
7e31d5b1-483b-4de8-97a4-ff44313c9567	1133
7e345b5f-8515-49db-9805-44d02428e657	1065
7e3b9489-eb87-4b8e-8eb5-3b92df315b30	1127
7e42bdd8-4c5b-48f5-8864-99232576de8d	1055
7e437266-f034-4ed9-9fb6-b8ae7529aa02	1088
7e455473-cb5f-4e06-853d-ef7c8d4de438	1059
7e4c9804-ecc5-4310-86e3-0328dbb9578d	1076
7e4f1540-55b9-424e-a028-9593f5c17089	1128
7e5091e1-2d85-4fcc-8705-c841f13deb74	1070
7e56ce72-0e2f-48e8-b613-fce059de7258	1137
7e5ae2e1-8597-46c6-b808-570c4b1446d6	1133
7e5ec946-222e-4ca7-bdb2-9a94440ffd2d	1132
7e60f83c-f0aa-47b1-8a3b-4bdb1c2a2088	1078
7e62da80-a7c3-485c-b521-33eb0b6e0b05	1068
7e6f886a-c9de-4262-a9d7-4af5e1f136c1	1055
7e7108a4-b230-44a2-b270-d10d20708adf	1077
7e72753b-a441-49c5-8819-e900d543e6bf	869
7e74e297-5ba5-4045-a6f8-ce5ac8c04440	1059
7e7ad2f3-fb0d-45d0-a1b3-c077cbcf9c33	1107
7e7f68b9-86f2-40b7-b89f-c7331118b319	1137
7e81120e-85ff-4c97-9bfe-19f43f21713f	1069
7e814bae-db9d-40c9-bcbe-0dd1429ce588	1063
7e817091-4ba5-4021-b543-1549b6731df5	1122
7e8e3dcc-a83d-431f-835d-5451a54a4de7	1073
7e93456e-f9a9-4653-a9e4-44b0f5d20b92	1069
7e98116e-809c-42d0-95b4-284c4155ff20	1076
7e98751c-ec63-4dde-9632-4ddf2a30014d	1125
7e998516-acbb-4645-b943-f55c52f61db8	1049
7e9c8f54-e8cf-4bb7-9b66-3176ec2f1db1	1135
7ea0b4ea-38eb-4907-99f2-30838ae49267	1245
7ea3b73f-823a-4a62-b41c-14daa29c4c01	1140
7ea4b315-1357-45e6-8df0-2f961c15d513	1074
7ea4ccd1-15ff-4f02-806a-5360a4eef612	1058
7ea89d1d-9b6e-4d1e-99e8-bf6152e44a9b	1077
7ea9aebc-4c5f-4964-aa77-72a6feefb830	1139
7ea9fe65-972b-4e2d-9220-0df7cc321e9b	1115
7eaed71d-1fcb-47fc-8437-fd3c3a7f924f	1073
7eaf70c7-dbf9-4152-9d28-f162eb7f2173	1077
7eb2b9ab-6466-49fd-8406-f58b7e6ea4b2	1142
7eb85e89-8a1b-48f2-93b3-91a9f7c78188	1076
7ebc3413-d91c-45c5-9436-952319ed9fdb	1141
7ebe014f-0097-41ec-a3c8-175577aace0c	1112
7ec53a60-8c68-4c90-86b1-f24dc403dc9a	1123
7ecf3c4e-4a21-4456-8470-d3826ce816ee	1072
7ed30cf9-17b4-4282-84aa-44f4bee95e92	1062
7ed5eb15-1300-4ce2-931a-274294387413	1129
7ed68c05-7b61-4904-b4e8-2c2f3fdfe85f	1077
7ed8479e-1a64-43f2-b5e0-2746ecad1af5	1122
7eeadf69-1f03-45f0-afe9-bc8e7b74eb06	1134
7ef23c69-6c7b-4b69-a68f-4f4fefa2ef1e	1074
7ef3bb0f-f430-4514-b934-8be8a0146898	1124
7ef8bae8-07a8-41af-8308-6e79c6e9640e	1065
7efb08f3-6d72-47d8-b6cb-c4892ea1de39	1135
7efb187f-868e-4a49-9ed2-8448ec879162	1079
7efd4715-e07c-4fca-a5d1-47cecec03619	1133
7f048a1b-b093-487b-b9ae-b86beb888181	1131
7f05f11a-a3b1-49b1-a414-978844a96467	1082
7f065d55-806f-4601-a5d9-cf5527cf81c4	1064
7f087d8b-a49f-41f7-9368-95089cb519f4	1128
7f09fead-8e9a-49c1-b705-23b690b41e72	1071
7f0a0746-0290-4d3f-88de-9957ec5445ca	1078
7f0b682c-c3f2-4a62-b736-2751762c5112	1134
7f0f8efb-719a-45fb-b8a1-77d464a8599e	1073
7f1d4eca-6ed5-45cd-a59a-38507751650a	1128
7f276e3b-3aa0-4026-b743-0e19a6e1c9cd	1131
7f2873de-9c8e-4518-bff2-f30197553af9	1132
7f2dbcc4-b1ef-44d9-96f2-6d299d885835	1063
7f3156e7-846b-4718-81f2-6c5d773fd1b9	1100
7f324ba0-19a4-4143-a98e-abdf178f4a01	1070
7f325dd4-df8f-4135-8430-5cfd34041be8	1054
7f32ff9a-f857-4660-a68a-d654931a6259	1144
7f36629f-8832-4893-8ad2-3328ace333ef	1072
7f376d35-cbc3-43af-8c95-a9d55d7a5ca5	1073
7f3a89f5-f315-4ccc-828a-a31d3b7122ea	1373
7f3c0a1a-e79c-42d5-bf39-99ef9ea0f58e	1056
7f40be7b-8ede-4a95-a7f3-e5d048137849	1104
7f41e59f-c907-4875-9752-feafc1c16522	1062
7f4971e0-01d7-4624-9dd5-a48350863d56	984
7f4c177f-8cac-44b6-baf0-87e859395cca	1071
7f5a14d1-d4af-4d15-88d9-a094491a7586	1127
7f626142-ea3b-4e4c-9da6-1644f633874c	1091
7f6a3ca2-0db5-4692-aca0-1adec8e1c2d6	1176
7f6d348f-2883-4012-a0e4-9253d1ebc0c0	1130
7f740c55-2832-4b4e-91d9-d000c1d85413	1061
7f74a9ab-1ed3-4b7a-ac98-9968e8497846	1126
7f75a76f-ed52-48dc-95ee-bc65c1ff6ffb	1068
7f763ba0-c419-456d-a1b3-f6230ababdd0	1127
7f7a37d9-4308-4ac2-8f61-177d243188cc	1134
7f7db4a1-2a7f-44cf-a552-eb402c04f64c	1086
7f7f5ec1-505c-4b63-803c-6127763f7ce2	1047
7f804f2e-eacd-4a83-a893-fd2aed9b4fe3	1101
7f8d58c6-3c0f-4349-a722-14b5dc0a4305	1080
7f95cbef-731b-48ef-b4f2-bad08ce5ca6a	1052
7f973d28-a06e-42d5-93b2-526a7c5c15aa	986
7f9f1cb7-cb9e-4c6c-8148-dc4cfb2caca1	1085
7fa45181-131d-4cda-87a7-86cd9c9ef889	1128
7fa86395-52ec-4668-ae64-54297a4a1d01	1140
7faff45b-557b-4d87-8e6a-d47d385b8ab0	1084
7fb1f2ed-1694-47a9-8822-06a10e7eebd4	1148
7fb5d2c4-2f04-445b-a07f-73ae5fdba3ef	1104
7fbb7773-1afa-4e7e-bfc1-d6944f0e6f14	1070
7fc4fcde-b1af-4b9a-8fb9-6db3f9f7e1cd	1135
7fc6f397-072d-4e75-8362-de5b270a698e	1127
7fc7da3f-a1e0-4201-9537-1b95c3851ded	822
7fd0ce60-af37-4cc1-9618-78dcbdd0871d	1078
7fde725f-ad49-4f79-ae18-a227ea3a4bbb	1053
7fded40c-61ca-457f-9f17-30e90e62fb3e	1071
7fe03bb0-fb9a-4230-a8fe-bee6af8dee7b	1140
7fe96509-9eac-46e7-846b-1dacd9f69a5e	1138
7feda1fd-c924-4a66-8d02-6fa8deaf3a62	1117
7fee4a3b-0130-4b0e-a351-3af54e1355db	1134
7ff1370e-6431-4d4c-a170-0efd5a832d37	1134
7ff554db-1e4e-4ff3-98b7-947479ed2d8f	1134
7ff9927e-fd88-49aa-9cb2-35c969ad9c08	1124
7ffa7faa-19c7-4471-ad19-03dd49b580d3	1080
7ffc7093-de9d-493d-bf96-204308c4d336	1133
7ffc9197-94a5-47ca-8eab-573025c46c30	1118
8004392d-9553-4670-bb3e-a3092d34e1ae	1137
8005a36c-dcdd-40a4-aadb-f4a6eac1b113	1069
80099f16-836c-400f-a769-fe9924612119	1131
800c4fd8-8dab-44cb-8256-612d27f2a0f0	1066
8010aea8-b022-47fd-a4c8-cd75f240cec3	987
801507e2-6ab1-45c4-9c1e-5fcca10a0b29	1040
8019f06b-2161-489e-a974-12cd69ec36ef	1125
80212052-3273-4404-9bc4-76fe6384cc01	1134
80237d15-9bb0-4087-b5bb-57470015b5c9	408
8025175a-736f-4dc5-918e-e3e28ea96b9b	1111
8025adc8-e427-44b2-8ecf-d90e35991ef7	1119
8026210b-e22e-42c3-9993-82fb289e53ee	1071
8027fed1-bd71-48ff-b81c-eb2d39f5d3b1	1040
802a5eab-7f0f-495c-8849-f2e2509cbf37	1132
802b613a-a513-4891-8210-5c7b5e31936a	1144
802bee5b-f2c6-4401-a796-6102f870dbc3	1125
802c635f-3bb8-461d-a913-9224b2b2123e	1132
8037cb0c-f4f3-4e22-b914-fc464488b80d	1083
8038a0bc-eb3e-48c3-8d5f-c254fc2eae94	1051
80395dfa-6987-4f8e-a4b4-2a2f6c3a5587	1133
803a07a0-134a-4599-b0a5-e903a62d8d85	1057
804ee31c-6fa6-46d9-80a9-8e80b292403b	1077
80537d77-e23a-4724-9e38-3043f0f445b2	1119
805821eb-a0fd-42fb-a5c9-ea2f953fab7b	1127
805f5629-2d48-49c5-b5fc-2bdd188f61e5	1057
806533fb-b62f-44ad-93b7-81313dd62fa9	1132
806a92c5-0baf-4648-8ea2-fc8d5262e5f6	1075
806c9e15-913b-4d17-a486-f92977399802	1067
8072ed2f-4d01-4443-861d-1eb31859e654	1133
80745ec6-7cc4-45ce-9218-dcd22a11952e	1073
807d872d-d9d2-4af8-ba1e-f5d94fcd0f71	1079
80868f98-c293-4508-a2fe-77fc39ba0f54	1120
808a6b9b-1323-4b8d-95c4-20935d1a3ce1	1123
808c01bd-9c19-4e51-a431-3c959221c863	1089
809b9e87-f6cc-4744-9c37-b27bed0f2189	1064
809fd9f3-26ce-40c4-888b-7a7b51d3e8d0	1032
80a475dc-6d6d-424a-8752-8b8a50b8d51b	1070
80a9f528-9721-4030-b6da-cd641a1af50b	1074
80af0c07-1055-4477-b9c9-1cc675fefab6	1072
80b52c9b-a8bc-4d34-80ad-f45415acf3c2	1061
80c457da-2de3-4489-8a7d-86fdae8ab238	1073
80c53201-24e6-4624-a74d-96171cc47898	1068
80c7ce23-79af-496a-9e2b-76232a0b2e7a	1088
80ca390e-888c-4d51-9c47-f6643e652614	1055
80ce23a3-228a-4a5a-87df-d90fa52a45a3	1066
80cec3d8-41ad-4bf5-8814-a37d730b1085	1069
80cf95fc-30f3-4fdc-a39d-1ec6b0aa6f75	1144
80d1ad12-90ac-448a-aaef-4f045fa3329b	1106
80d32115-679d-4b5e-bb23-3fee273dd697	1140
80daea2f-825c-44e4-a1b4-016030b3ecc9	1086
80dc723b-5b21-4d2f-b4b0-0ee59548d439	1124
80dd03c0-9f63-4d0c-9213-a2a90d19d26f	1073
80e01705-a01f-432d-961d-7e13306d0db3	1078
80e98031-2192-493c-b0c3-1bc80cbe865b	1072
80ecb0a5-0fbb-4083-9ffe-7c7ed65ab0b5	1136
80ecd0a2-7b25-4045-9af4-9eb276b30647	1073
80fc4762-ba80-4098-9ee5-7c94be9152e5	1071
81026d80-e8a3-4b7b-91de-0ba007431246	1122
81116940-c258-4790-bded-2998bb892727	1130
81140954-debf-4976-93f3-3589a439096b	1146
8115c199-6b0c-485c-9f85-743aa9bdebcd	1137
81186fdd-24e9-4580-bac3-d07368dc3798	1138
811a0e32-86a1-4695-9ee1-930dbbc17672	1051
811f81e8-dd4f-4ea0-a9cc-6b53a9703e1c	1037
8121afb1-9e09-4ed8-83b5-f837b807dd66	1072
812287bb-db34-4783-b5f1-7163ed9a0f3c	1077
81247026-cb74-4903-a1cf-71303bc8dc00	1056
8125a276-ea95-496d-a742-fbe98a0e51eb	1071
812a16ac-f7c0-4dbc-b52c-2a991e6b3ddc	1068
812ea5a4-3950-4922-85dc-f2f2eb0b2b23	1063
8135ae57-e3b7-4aa6-b630-263813fc3574	1130
81388007-c4ec-460e-917b-39a09d7eb5f7	1139
8143d5f6-346a-4e05-b0bb-afa1f0e17cc5	1137
8147913e-07d4-4567-8ff2-930d3f526416	1121
814924e3-8dcc-4c33-8b75-b4a900bd1cd5	1135
815de1fc-fee4-487b-bbff-7430f2d3d91a	1137
815ef5c3-3398-485d-82ca-774f40919c0e	1091
816a889a-6db1-4a84-ae42-016e5ef018f5	1084
816b6bf2-ea99-4cb5-9195-bc0cde7c589c	1134
816e206f-e97e-4574-98f9-0e3f750aad34	1147
816f2ee4-e56c-4300-8410-f79ebe326472	1060
816f5e31-0edd-4481-9ed6-2cef2964ae37	1062
817269bc-2da3-4479-b24c-7783ce743c55	1131
8172b4c5-5579-4f9d-9edd-831039a4a4d4	1073
81761e6f-48bc-4183-972d-4fed76c50b99	2093
8176b95e-41f6-436a-82d8-7cdda85d7bd8	1024
817ad1ee-e3f5-4ee8-af01-53afd924d97d	1120
817f3891-29a1-4e47-9603-b05d84919522	1068
817f9bf9-3c10-4a19-9ac3-36d74cedf2b5	1142
81808bd0-c5df-41be-b921-f334beae140f	1133
81829bb4-c792-41b1-b0e5-6a0580554c95	983
8184db82-c13a-43b1-ac8c-4f292ebbb6df	1081
81889b3d-3ae9-477f-aaa2-814086602db4	1116
81892c09-ea1a-414e-8d94-4f97af386ed9	1135
818c207d-0010-4bbd-b850-3646902f182d	1137
8190b5ac-ec9a-456a-960d-93f46754c7f0	993
8191ac23-c1e0-46ef-83e7-3954638c7ff6	1117
819319ae-c346-488b-bf4a-df3b627b0500	1065
8194238f-9681-432f-9014-328c590ada30	1130
819478c9-bbe5-4c4b-ba42-085a858f704d	1000
819610c5-3329-4768-8f81-dd6023c7bcdb	1110
819bdf7b-c9c1-4815-8a2e-38453db1f8b5	1073
819df68f-fb66-4c8b-98fa-4ff6b618a366	1057
81a09530-2e74-4e37-aa97-8f7d2825cf85	936
81a58f45-bf23-4279-afe0-86588ab974c2	1111
81ad4d45-2311-490a-ac7a-fff1410917ce	1119
81b5ccef-237e-4ba4-b803-fde3e82e8185	1141
81b6adf0-5cb8-4ee6-b6f9-f6ccfe1cc38a	1135
81b99aff-dc08-4c57-ae32-0f7abaca0d7f	1051
81c14c0a-2d67-4f9d-ad4d-b18eee3ad28f	1107
81c40f0c-57f7-4a9f-8447-0c6fa2145840	1055
81c4497b-1c4b-4db1-8fd0-2519d1c71838	1086
81c6418c-c1af-463e-ac84-c43691fbe7e5	1106
81c6bc01-4236-41f0-acb2-0d91821b4371	1061
81ce1855-6698-4f79-a875-c51c4fcb0e53	1140
81d6aae2-3393-4f64-90e0-a6a56e41ef29	1075
81da65ec-4ae1-4af5-8c04-dbdbbfefe9bf	1075
81e09214-daeb-4e7f-9bc2-504b8c27ee18	1070
81e443e2-2f3e-495d-8e9a-6633150924c3	1138
81e7da1c-9551-439d-8ff8-08185762535c	1131
81e9f32a-601e-4e66-a11d-8a9db709c4b3	1113
81ed66b4-f637-43fb-8516-deda66bae571	1053
81f1bf44-ff5a-424c-9721-87c6f0797292	1149
81f461a6-3677-41e0-a581-c6c35cc11443	1026
81faf551-2f2b-45c5-898c-f0c5f8ced212	1136
81fafcec-4100-4dce-b123-862eab863a97	1033
81fc6268-10cc-4ee1-9063-5d498be021b6	1071
81ff3fd7-5c61-46f8-bf7e-00da9b47989a	1046
82023574-0eea-405d-b917-3d85d3e17f7d	1129
8204419c-d83d-45d4-873b-db93e93896b6	1068
820485c3-4f95-4057-ac62-00d6919ce0df	1131
820837fc-1a43-4280-a645-570a89d1ae5e	1133
8211ee60-cf82-4ac5-aa84-b663cc0a5d53	1090
82128860-c3e0-4fef-be1d-b3d42d613fa2	1116
8218dcad-7700-4a88-a6e3-6571737e2cb8	1129
821aede1-ce51-46e7-b979-0575e02a4124	1107
82202df4-35f4-453e-893b-8ecb6d7bee1c	1124
82259009-b501-4bc8-869f-205947c18cc4	1138
822d0e3d-35d2-4caa-9950-6eda213e29c4	985
822e2c48-3351-455a-9ab8-7397f69259c2	1073
822e8527-dbc5-433f-ae75-cae3e42e7899	1070
82339038-e257-445a-b9ff-55ba88f38d0d	1090
8233c3c2-50e0-4189-9c62-52e9fccc93d4	1139
82347fd5-fd47-4482-b87e-46964c5d36e3	1060
8237f923-7664-4d32-a4dc-77104040b47f	1057
82381bda-6a9a-4ae3-9b88-4a5bd00d0085	1049
82395e4c-19ea-4d3b-a06f-b5eaf3b6108b	1050
823b5e91-1170-4015-abb1-07bc8dd09621	1143
823c42a4-0c4f-4f20-a14d-db00789c2aac	1000
823ce2b0-cb61-43f9-b682-78d1988c7002	1108
8240718f-f4f0-467b-8748-b760e5d76ce7	1103
8242009d-328d-4f83-939a-ef0bb773ea2a	1075
8242992c-235a-471e-8b71-467b9bb57a6d	1135
82433acc-7b39-4b76-b8b0-ebbd31c91a15	1129
8243596e-4a73-4f0c-b780-2221cf530a03	1133
8243e574-0510-4572-9d8c-2fcb018f8ba9	1139
8244bfbf-ad25-454f-82b0-0a4445990385	1131
82472cae-c401-4e71-9c14-c8bf48e98110	1132
825212e3-58e4-4a01-bb5d-0f4bd481aa46	2087
8261fe50-1d15-4a55-9ed0-0c97c44fdd3e	1081
8266700a-d4a3-43b7-9a4d-ec28630a95d8	1071
826da541-93e1-4f09-8cfe-9faafcd7a40f	1037
826f451e-3136-44e3-8b69-83e33ffa2557	1075
82708eec-2f6e-4b4a-a182-27d09b516ac9	1130
8271155d-fa26-49e8-b89c-efbae0dbd178	1150
8274b890-e568-4655-9767-469ce44b5d52	1075
82808d55-d319-4f0e-8c6d-1a53c7697989	1074
8281251d-c64b-4dec-8b54-e881f8b445df	1135
82867a1b-f2fb-451c-a149-eae369782332	1132
8289bb1d-7d67-44f6-ba57-70c89b731b77	1121
828c6d22-cf47-4852-8ce8-942bdad76539	1073
828ec38e-9b39-4165-8f2b-e74382756755	1059
8290dc2c-e716-49eb-99a6-bfbc3aa3eee6	1133
829147b1-aeba-4881-aae0-968b18141812	1065
829234b4-1f49-4fc7-b57c-a7087094ab4b	1127
8292fccb-b5c8-44c7-90c1-dffa846cb197	1136
8297cdca-9dac-4f81-8425-90bbb15863f4	1074
82995130-2649-478b-b6e2-dc3cfa67e98c	1140
829cde48-3b70-4fa5-a23c-2e74d3dd283f	1130
829cfe04-a2e2-4570-b562-4fb460090ef6	1134
82a52d93-6059-4463-a905-4e04ab7371bb	1083
82a8aedc-65d1-4b97-8bf5-bf9ca0e467bf	1126
82ab7e07-4bbe-4520-8aed-eb3b26ddfebc	1137
82af0227-6b57-49b4-bef3-380672651d80	1140
82ba7989-d905-4d62-a527-9ac983197ab4	1058
82baaad1-62ac-409f-8627-2383b8db496d	1078
82be6207-81ae-474d-9da7-ed45f1245269	1073
82c11a29-7531-4fac-a6ee-8073525b277f	1086
82cac408-fe5d-494e-8a1b-18f7d761733e	1075
82cba00a-aabb-45c0-9b55-1e2fe033f88c	1041
82cf9507-e3a0-4163-8d94-0e400842e0eb	1144
82d3bb92-9dae-45a5-ba36-7fd85da54ea5	1056
82d86980-0e85-4820-a0b4-7bd198802715	1135
82df187d-42d9-454c-93eb-4d7458a9f2d7	647
82e42b9a-a165-4704-ae37-819284e92540	1073
82eb53f0-a9ef-4b15-ae8f-9273a1985b0c	1078
82ec95ec-2bd7-4bbd-a233-fa1677f77dff	1065
82ef07f8-98f1-4fbc-8705-f1d3edfcf40c	1094
82fb4783-c48c-4e8a-ad19-5daeb29cefea	1137
82fd05a2-11ad-4781-97ab-eb560921d738	1075
82fd0b8c-6e0b-45c4-b941-580b7f3b5913	1129
82fdefed-d4a4-4c93-a0e2-ed774791d4fe	1122
82fecef9-6039-4426-a435-51610e1fd34f	1073
82ff557a-42f7-4ec2-9058-fb30f8c101d6	1052
830009c9-d82c-4f35-90bb-cd403001c8d9	1072
83006d3c-5b07-4d93-8906-e772238188ea	1115
8303fe02-2438-4d2a-b0a0-0148e6b15bc7	1130
83043a03-7490-42e6-92fc-f4b13218fbd5	1077
8308dcad-808c-460f-b73b-26cb1ad25504	1087
830be895-359a-4cc3-9839-79643be99b4c	1057
83130847-6178-4339-aab2-fb7fef382652	1133
83161437-5004-4d2d-8b80-857d795f1459	1122
83192cfc-1e91-4647-98ab-6e612762b30c	1075
831ab6bb-d216-43cc-8f4e-30e3e2ca3c48	1081
831b3ba6-1bc2-401f-9fcd-25fedfe668c6	1201
831c7b65-e055-47eb-9ec6-25ea6b74a2d0	1062
8322b412-9c11-432c-89e9-ae33ba7160f9	1110
832aabed-0f70-4c6a-b8fe-c3344107615f	1144
832b3a9e-a0f7-4bfc-a117-9c7b55a98ced	1072
832c7cc3-07c8-4969-8de0-aaf456a9acff	1127
832f3ea0-ab23-4553-8728-4844695926b4	1132
832fffd1-b32e-448f-861d-55ba3e80df97	1136
83338d90-cded-4b24-8c53-8d032c35e247	1120
8336cb1d-be7e-4370-a976-a6f9faca5883	1130
834102bf-3423-46fe-937e-1289e2caef3c	2148
834482d6-c988-4881-a842-a0999f27ebb2	1131
83525fd9-c81e-4097-a3c2-ac3e8bf143ae	1074
83595fb6-8d13-4704-8e0b-abe46e88152a	1057
835a9f6b-d56e-4835-882d-72179fed2778	1141
835b34f7-f043-4922-b470-60cf5e0d2aa7	1068
835f2b18-690b-4bd9-bd0f-c10709861297	1123
836002ed-4168-438a-84f4-055a50dbe3e9	1066
8363e1eb-a031-480d-8017-9c6296dc5e87	1123
836bdae6-a851-42b3-9230-98bc0a6b9350	1071
836c5c15-9f51-477f-87b9-de2fcda4b9a6	1076
83704e4f-f816-411f-bf4b-67c6244a1c0e	1074
8372a34a-714f-4f1b-8666-114f5c0dec06	1072
8373a875-7874-4835-8c72-c957718ca8ea	1072
837489b9-729b-4c32-b1f3-af91773ce2d3	1086
8377aa0a-1ad4-4a90-bbd0-2a1c1e06f790	1073
837cc89c-1c8e-460d-bd4c-1e7d0e590490	1133
837d1783-4265-4565-824f-69059375b250	1063
83882c98-89f1-4954-9575-3a369b1cfeac	1077
83893478-479b-4ca7-86ca-7e4ae55649e2	1055
8389b535-9381-4319-b295-8fec19445f02	1067
838bb842-59bb-4e00-993f-9aec4b5ba682	1121
83908e19-1fcc-4d6c-8f8c-16ec639ab07a	1072
83918532-1940-4aee-9893-c971475eaef3	1051
83921e3c-f016-49f5-9602-4f205642159c	1080
8394e95d-e4c6-409c-8e8e-6b42fd918079	1117
839ace9c-78a1-4ecc-9240-a9d8e0d56b11	1053
83a19759-13d1-4030-9b7e-d971e6fbffc2	1078
83a243ae-ff6f-4b2f-80ef-6dc27b0efeee	1133
83ac0b16-9c21-428e-b4ae-c6e7dfa92996	1065
83adcc37-783b-4f4c-bc7d-c815e968cd42	1078
83ae9ff4-2912-45b9-9bfb-c8dc78990b16	1076
83b34ae5-19df-41d3-80b0-20cc215ffc5a	1075
83b53a95-2d8c-4947-a7c3-3d2a9f34296b	1056
83b7537b-b22c-4944-97f3-da34b311042b	1130
83be53f0-a8c9-4146-8e1f-6651ffb76526	1063
83bea549-699e-4ead-b857-62b6b2189246	1082
83c0e003-0dc6-4a5b-be4d-2ba32bb60b40	1078
83c1cf8e-e91c-4088-9ca4-f52747f08312	1121
83c2fe1e-5095-45ef-ad1e-c3965c50ee38	1111
83c4be7f-0b45-437d-9cfe-4944f6374631	1136
83c78381-cf1c-4e34-b07b-b418e1e315ee	1097
83c83f54-664d-404b-ad93-10a80a258105	1120
83caa27b-7f9c-4c21-87e1-5df0f7ca9e7f	1130
83cb7955-b82f-430f-97b0-9810833a2ba2	1127
83cbed1c-6fca-4b8c-83ac-1b9b1ca272d9	1085
83d66143-32f9-4542-be81-0109cd34b1b6	455
83d82838-a359-4524-8509-fa53590ef396	1128
83e54eb2-58e7-43ea-82c3-d38adbffd06a	1067
83eb9dd4-8103-403e-83ef-8e7515d4b6d5	1138
83ed9856-c9c2-4218-871f-f161f7a11ccf	1075
83edd67b-0e99-4282-88e9-4faf77048309	1078
83fa60a3-8e05-4b73-821e-75eef03b09d3	991
83fbbf12-e39c-4776-95ae-10f065c41a43	1062
83fc4b5f-1f15-4783-a47c-c247ea3654b3	989
83fc59b6-8266-4ba2-b0e5-9dc097d04f33	1064
840095fa-935f-4ca7-9646-d6876164664b	1126
84077120-fad2-4349-8f67-f9e0b98ab878	1132
840e04e9-f209-4bd0-8524-efc202c3644b	1066
841211dd-a0d6-414a-9d47-55b40dc50890	1062
8414e002-ff4c-4191-a611-6b1cd47be60d	1042
8418b6a9-80e7-4773-90a7-9976013e57f3	1105
841b072b-cc1f-4fec-8a93-63e23dd0473f	1071
84214aa4-1e4c-4446-a959-3e894a216794	1083
8424db34-212a-40fa-a173-d76f6ccc3448	1002
8426c7ee-9eac-4216-a262-c9cf39ebf483	1086
842bc776-0a29-41e4-b85b-b3510b0a0ce9	1044
842c1b69-dfae-4083-8f4e-6e5366b349f6	1027
84305798-ae9b-4ab4-a793-acd28956b40f	1085
84307b10-d453-4985-8e5f-626da1c5604e	1070
8431a9e4-ad41-4664-b0d4-72f04be21ee0	1121
8431e608-69ee-4a34-8122-b22b459cc7ad	1072
8433f0d9-813d-498b-88a7-8c9c4e707764	973
84344d22-b344-4011-981b-6da910f3138b	1125
84348a32-215e-4c09-b962-c35736560230	1070
843f73a3-0051-43bd-914c-68addc7c4de7	1133
8441b4c9-2ccd-4075-b1ef-d6c548b9ed7f	1132
84431225-4feb-4ca8-a406-d68f41e21d18	1067
84471eeb-7d84-4477-a31a-8932cd866d3e	1045
844864f6-e982-4ef2-98b4-38e1b0953c4d	1074
8449f432-66ac-460f-8039-beee7b7e8701	1129
844be6fa-afb0-44c2-a5fb-7b6b18735689	1066
844ceeb3-6df6-45e7-9651-f4c1ee781e59	1077
844db497-315b-4ace-97d8-4a00517ec269	984
844fa261-9ab8-4118-bcbd-749833062515	1047
8452545f-9631-4f24-a590-241ef2df2796	1138
8452f853-3a21-46cc-aa04-689ad986303b	1086
846020d8-ae7a-4f31-bdf4-4742f1db858c	1120
846389c0-f534-40f6-a28c-626c6482c7f7	1135
84685848-03f0-4881-8639-9cd33d4bd5a2	1114
8469feb4-4a95-4254-bfde-11a2d0ef8b26	1143
846c2c8e-af55-476f-ac4e-8eb24bbaf626	962
84724c9f-c469-4178-80d1-19fccfb29e84	1121
847254cb-3bec-47e9-b6eb-c345823c154b	1203
8472ec59-01ca-4692-b603-c481e0f20ca5	1131
84782b2d-23a7-4610-9d6c-4bbe4f0aebf2	997
847bfce2-8ff3-478e-b75c-fc9ab81f9c61	1159
847cb115-565d-41d5-920a-497e012e051b	1071
847e8570-0c29-4706-bd57-b47887fda9dd	1062
84832153-e599-4fc1-a321-768c619e7513	1066
84842a31-f687-4ef4-95e4-8c9538ef082e	1109
848aed42-9535-4c77-a46f-d806112e6e12	1074
848ee7f2-cedf-4b4c-b17d-5d1e4a4c236d	1073
8491ca13-2332-41d1-b002-83e1039526b1	1137
8498fff1-aa18-42ca-b1a2-b04576b11e4f	1086
84a0c8c1-a605-4e17-8fc3-d60b53630d72	1132
84a4059d-4353-4efe-91a7-64e2cae7baa2	1088
84ab1b24-a0b0-4941-b715-4ae4497a3451	1127
84b0df59-a5a3-4a00-af13-999a1f8ce4c8	1061
84b14268-9cf0-4285-b8d7-657d3828398d	1131
84bf59e8-047a-42c7-9533-20308ddbe7e2	1058
84bf6093-3af4-4f24-b045-313ae3665bf0	1096
84c11abe-b560-43e0-b901-052ff7e6f3e1	1042
84c554f3-7d2f-421d-bb85-1cf372de1fb2	1121
84cf12ba-8097-46a6-b2bd-2c2a2c316498	1128
84d37a07-dfea-4f24-9f9e-428f80861aa6	1038
84d5dbc2-e8c7-4179-a205-54cd3e58e40c	1128
84d76015-f471-4971-a00c-d08aae643748	1076
84d7b4c0-e7d8-400c-b93f-b446beb582b1	1122
84dba0af-fb8c-4462-b972-569a49eb2cc0	1074
84e08ce4-8ea4-4d33-8920-145ebbb44531	1129
84ec1438-19c5-4b4f-a713-2f0982d58fca	1084
84f00f42-c685-478f-a144-8ab7a0b6f6be	1080
8505f45c-8cbb-4be5-bf71-11f84bd78979	1128
8507a272-ef0c-4a8e-8b6d-4f8b15c82d40	1144
8509ddc5-f8b7-4bcf-ae05-6fe34870890e	1076
850a160d-2f62-4cd4-a8a6-db235c24a8ea	1060
8512d750-93e0-46dc-bc97-d7266bbf983c	1075
851311e8-eaee-407e-acdd-9e5f8641e17f	1001
851a5279-1e74-4a01-8c79-fc1468f9b56b	1133
851e07dc-4893-47ba-a00a-9302cae088d4	1060
852a5308-db25-485e-aaeb-412468d61cdd	1073
852ce499-7317-459a-866a-e1a9969d79bc	1055
85316158-3b44-488a-9a42-54dcb6ab5bb4	1112
8532c70c-8551-4c6f-8b6e-2112a3ee24e6	1153
8535d020-c466-4f8f-8194-9025dabe6c9b	1071
853c567b-3f42-4981-85e8-f5e420cbbb75	1074
853cf19c-c86c-43d1-b7c5-0abe346a28e3	1134
853d4057-3971-4b61-8a51-00d81ce94b3f	1123
85400e1c-00ea-4238-b1a2-12091e47fb4b	1129
85457172-56fb-476b-b2b0-3a211fec976a	1048
854677df-212f-459c-94f9-54ac37514d13	1136
854f55ee-b241-4d71-9f35-82c70215305e	1134
85510408-c0c5-4b10-bdcf-dc4d5da7ab0e	1081
85521d80-87c9-4013-8fa9-cdab30e340bd	1082
8553fd9f-f61f-46c0-bed2-336e3ab4a634	1132
855892bc-4882-4f73-9d4c-7580a10e9990	1062
855e642a-3f6d-4fff-b1e6-437ffcfdf3b6	716
8565b37d-0f08-47bb-8c0d-ebe5438c12e0	1069
856c226b-2133-46b4-b272-dc8f3b355b28	1140
856c67ea-c1aa-46dc-9090-f874fc220de7	1056
856fc638-ab8a-46f2-9c4e-6a92b430874f	1132
8575c746-ecab-47df-8048-1d2505966029	1126
857b2b56-0afb-4d17-970d-aeb741160593	1028
857ca8b0-c443-46f5-b621-feeaf02fb47e	1073
8582ff15-0eb6-46dd-99f7-82a32619474c	1119
8588b677-476a-431b-a528-8691781c230c	1073
858a2f80-b29a-492a-97d4-8155d3b1b896	1135
858ae192-89a9-46ce-9540-90b11b03258a	1111
858c0055-8136-4e2d-8fe6-85f2e1ce01bc	1121
858d408e-246f-4115-8fae-a685a6c539d6	1069
8591eb91-c453-4fcd-99e0-4b6d6bd8a858	1081
8595bba4-8cbf-4262-a6b1-40c95fdf33aa	1119
85966974-9057-4e7f-8ee8-282da94c11db	1074
85974e84-07d4-424f-8275-401600f943eb	1073
85a2442f-de15-4932-a4a0-da8ddbda7279	1071
85aaa47c-6947-44c0-b911-30625c73024c	1075
85c02872-e878-4a7c-affb-d6c1397aa16f	1145
85c86e16-2c10-4223-99b5-a0f510501b29	1130
85c8844b-037e-4c95-9888-62bee7ff14f0	1133
85ce24fe-a0e1-4b75-8773-94abd72fba83	1063
85d3c5aa-b18a-42bf-9348-96b64fe275cf	1141
85d74d28-965d-4831-9855-764a35ab346e	1062
85da4291-7f4f-43b1-a92d-378f69aef439	1056
85dbdead-f712-48ce-ae02-a9d1b3de1d3e	1131
85e9004d-0b47-42fd-93c1-9ea8050cf24d	1073
85f16397-b07c-4b69-8d99-db995cf36fe5	1082
85f1b6bc-28be-4963-8011-d80fad31c467	989
85f5a415-5ffa-45d8-b625-ace69d1a5cbd	1144
85f5cfde-7fbd-4540-8b86-b5e7f2fe3da7	1084
85fa1876-2cbf-4ce9-aab4-6276f193ef32	1078
85ffc320-c694-4a20-92db-a0a6ad720164	1046
86036585-aa91-4046-9ced-b70632d0dff5	1066
860b1ba6-80e0-46cd-9aeb-cdfdfa22b2db	1139
86121e43-1dea-480f-9846-3dbbd8e20626	1045
861641f5-66f2-460f-8f77-ca1db2795562	1075
861c0bed-43e6-40e3-af86-be3a689737ae	1073
861c9b33-5be9-424d-b256-32b823dc1241	1115
862379b2-e3c4-4760-b2b5-e344665731a9	1122
8628cf84-0055-49e0-b6d9-5aa78507e494	972
8629352f-6a84-4344-aa0f-11b9bf84209f	1069
862e1c88-405c-45b4-b6f0-93fe174949d0	1130
8636126d-0311-4c7c-abff-a2f3a7488300	1104
8637dd55-5fa8-48b1-b846-09cb51528502	1078
8638569b-3536-4a6e-803a-46b65b79e591	1130
863ab618-1510-4e98-abe0-990c78ae423e	1131
863c5ec2-f715-4337-b19d-1e4e303685ad	1134
863c9976-9357-4bef-8bd1-050246361f6c	1118
8640e9cb-bef0-456a-9e18-9c7c9088aa3c	1134
86425ce9-186c-4b9e-8fac-090428080d9c	1070
8645af9a-9304-4e49-b0f8-c16ffddd1422	1132
864ac8d0-8180-48ce-95bd-3558a98b38af	1122
864f734f-fb75-4c87-aa8b-54a720794a44	1055
864fc470-0c75-4d2b-8393-78e55e29abd0	1078
86560d46-3353-4085-bca9-4321388c6d38	1115
8658a809-a08d-4bfd-b964-6e79359a9075	1072
8659d5bb-7c1b-4283-b0e4-865f1d1b2c79	1067
865a9379-03d4-4f53-a14e-063eb4aaef33	1134
865e0a74-4e9f-42a9-b423-8ff571f5ebc9	1126
86624efc-9619-405a-9827-f2e7e1c7af7b	1061
86638b79-6d32-4c66-a1cd-e4788ea2fb3d	1128
8665ca0b-3068-4539-976c-6bb66a2ca4b4	1058
866dc971-4bc4-4780-8c8e-4b2c22a4ad4e	1059
8677c60b-86d2-409c-9370-af57317c3f76	1122
867bd981-f236-4395-bc9f-97f6df9ab217	1058
867fe99f-4312-45db-8afe-49bbf037660f	1067
86843062-8c90-4418-8e68-a00268fd747b	1058
8684f8f7-c0dc-463c-817d-dd9bdea53cc3	1131
8685a741-537d-4480-bad2-ec507b933a55	1081
8687a38c-d64d-4e42-beef-6d13fb17ff12	1075
868ccd62-2563-4d24-84f3-81f6dfc79be6	1135
868cff4c-d479-4099-a6eb-54b0eb670a89	1144
86a4b6c7-eea4-4faf-b348-20b08a622be1	1080
86a54824-0d65-4a76-a913-06f3afd53ae7	1084
86a580e2-a620-450e-9457-3248857739de	1119
86a7153b-1f9b-4797-99e3-58798a9380e5	1072
86aae564-ecdb-4be5-85fa-bac479ab3b5c	1062
86aae757-5c8d-4d6f-a859-eabaeb2ac4e6	1045
86acfd5b-3815-4870-8dda-eff609900e7b	1086
86b1d35f-6f4d-447e-86d7-9d6a68e26849	1061
86b49054-6f73-42b4-bf3a-c3b80be17b39	1134
86b78687-ab20-47db-b714-3c07cb3514be	1133
86be4db5-72ef-47f7-9aca-b5ffb0d1bbb1	1117
86c0afa6-8ccd-4ecd-9a11-8dba8b62019a	1146
86c21e05-cad5-4862-935b-f2fce2a51439	981
86c46602-aa94-44d7-a479-c90341ac8ca5	1397
86c6af3e-230a-4d80-9a94-17bcab0cf763	1127
86c72b34-9023-43b8-92eb-0621cea6db49	1082
86c8a53a-d48c-46bd-8af7-3faecd1b4e7d	1119
86cb0db1-7ec7-4197-a19d-04ad5dc87c3d	1068
86ce3f4a-09f8-4d4a-9e8f-51da5f45deb8	1061
86cfa394-49cb-4748-89ac-2e4c5bf13682	1129
86d0d389-ecbf-456f-b9af-8923a1a14a83	1074
86e1f2cf-288b-4800-95e7-7423729352fb	1132
86e66ea0-3acc-4295-9479-c761558edcc7	1136
86e88226-9202-4d87-9950-286f51e83103	1137
86ea9e31-612a-41ef-870a-5f31d0a9ed8e	1083
86ecda6f-be2b-4fa7-bbdd-721e371be621	1058
86eebc0e-f9cc-4523-be2a-d61cdc6f0f2a	1070
86f12cbc-35d2-42e9-a467-d5a75291aa83	1074
86f653f2-e05c-4129-8f77-8913bfd9395c	1065
86fea706-43fd-4092-af50-1b9213acfcf2	1118
870df30a-cb9a-471b-83c2-c33b97ca95cb	1067
870f5c89-51d5-4b14-9763-b50133efdc77	1146
871b425c-294f-4a44-a31d-d655475295c4	1080
871e34fe-f144-41b0-ab48-adcc9e6d65ae	1137
87231bb3-6bca-41cb-ad80-468d32bc2491	1146
87283368-7329-44f1-95c9-6975236889b4	1062
872cda0e-5bbe-4977-9c0e-8deff5c3b78e	1071
872dca8e-ce2e-4240-a4c8-560a475c5fa3	1071
872e69a6-3fb4-490b-bcf2-01deba7557cd	1130
8730ef08-e29e-4cb5-984a-0bca36b408da	1066
8736c06f-f9fe-493f-8a8d-8fc330f091a9	1086
8738cc6c-4ebf-4b8c-8444-82a29551a9d2	1136
873a0d7b-274e-4ab3-9150-fcd3e9822cdf	1060
873bf133-6f77-48a7-adff-a5e889cdd032	1081
873d6b11-7be3-44a5-9385-f3535ce0f9fc	1066
8742a980-40ab-4888-9604-06b962394618	1050
8749bba4-9594-45ef-b9b4-722d8c24f710	1113
875052a4-91a6-42ea-bd21-aa443ac3cafc	1130
8755e44b-b3e1-47b3-a20a-e0efbb155efd	1064
8759e0f1-2cc2-4a70-9e17-4735acf2fa52	1134
875bacec-ddf4-43a9-a913-983588b8f5dc	1134
87620982-de57-42b4-a3cb-15cb6edc8fb4	1110
876f6d35-5afd-483e-be87-913797c1d7a8	1130
87767f20-e8e7-4b06-b947-ec52c04b3066	1142
87777b93-fb97-46a7-a0ef-48ee1af814de	991
87812754-548b-4197-ae41-45878b6273a2	1068
8781c4d7-8683-4320-b8c3-74f15efe55a6	1102
87858934-6268-445c-afa4-81ff47f6cf70	1081
8788c772-689a-4214-92b8-bc96a32248ba	1067
878c4109-6fb3-4f83-9046-68fed95fb7a2	1066
8794793c-4fef-419f-ba95-93e1d9a734db	1134
879befbf-36ec-43eb-9d20-6d375ba85587	1135
87a47853-aeda-4840-bdf6-3a685a44e8a8	1053
87a51904-42cf-4c07-befc-e64b25c82385	1084
87a55541-716d-4094-af4b-3084fbf87b80	1075
87a97d5b-ddd9-45e5-8b4f-675f8d24e1c3	1075
87b0a810-e184-4d15-97b9-51944ccce3a0	1053
87b22e6c-2c2e-4d55-bdd8-fda86669f83e	1135
87b91f87-4b8f-4830-a771-41345b06fb92	1133
87ba77f6-5727-439a-92ab-28b0dd15ed3e	987
87c06dcf-f638-4ed5-b75c-282e33f9d02a	1067
87c4be3e-5f0e-42d4-b917-750c52263c7b	1137
87c570ed-10d6-4173-b836-0644029d264c	1135
87ccef8a-4e35-4fd7-9369-c1cc8bf233a2	997
87cf5a63-8532-4b35-9bbd-52a583bf8945	1091
87d32636-a3a7-4901-b7d7-94126a747b3f	1117
87d4f875-e2c0-40d7-b3c1-236f1633caea	1051
87d9513b-0d8d-4ff0-84df-3a8a85f53b87	1139
87db4b2f-220b-467c-b106-f4a660ada15e	1071
87e1fa64-4a56-450a-9c8b-8458960f5ed3	1163
87e31911-5483-4b5f-92a2-7c3d40833f0d	1138
87ebb8ee-c7f0-42f1-9ca1-1ccd1b5d8fa5	1126
87f21b0e-3d6a-4a5d-91a4-6f6a65476130	1055
87f505c7-ac86-4fbf-a723-56cfcac29887	1140
87fc4bac-7eba-4a53-9da7-41773035aeea	1130
880186a0-2c2b-4ae2-a6a6-4b3cecfe86ba	1113
88031ae8-1057-4c79-ae3a-c43f91a3ba7d	1143
8804c961-ba1c-43cc-914b-8eb6537b74e5	1074
880d65d4-5477-421b-bf0c-94b63ca5dad8	1072
880ec54d-1219-4ec2-8da9-0bbedb820023	1056
880fe8c9-5fa7-4e04-ac00-bebdab9df328	1129
881102be-e0e9-49cb-a6e5-d0318b32136e	1123
88124781-4298-4f65-a486-c481392c9587	1134
8813dc18-3c64-4265-987d-40bca262bc70	1143
881406bf-ff3b-441b-9c7d-f226ed8aaa7a	1075
88173fc5-5d11-4a1c-98ea-aba0af9fe64f	1067
88181439-2e81-4fdb-8fb0-c78f7050b980	1134
881e03f6-039e-4fde-9ea2-53378f0f3449	1108
8822f37c-b00d-4ab4-a410-d15aea662868	1057
8827e4b6-677e-4058-92ed-3ea8f12828a7	1138
8828752d-6eba-4a46-8823-894358bd1df9	1067
882e9b37-5eb7-41cf-82cf-6e05d6adeb29	1134
88384654-01c5-4f03-b481-09f76e57591d	1045
88396033-38b9-42b3-b02a-193eb3e55890	1131
884512e0-7544-4d15-8b12-506e37be7ddf	1135
88470247-e1da-47a6-b618-e560855e7937	1131
8847a9b1-f410-48ad-98b5-c80135ec33ac	1355
88530929-2353-467a-9ced-7730cdcf4ded	1078
8862401e-a328-445f-b522-aa5033fb5f16	1130
8862e122-dd05-4519-ad89-e117a37d3081	1063
886494ec-c0ef-4e88-896b-d0d0ebfddada	1134
8869e7fc-e98f-425e-859e-aca7d6f21a69	1134
886cfed1-806d-4248-ac42-0c97e169d959	1134
886dc9df-b11d-496e-ab04-c123d4ef568b	1125
887132dd-2ac3-4271-94ac-443ea9c70523	1133
887330cb-dd29-46f7-9155-e7ff50bf1f9b	1066
887543b0-2e24-416b-9354-d714b4d9c462	1058
88757a05-2b68-4b7c-a5c6-58d4dbb40744	1077
887bdb52-6c2d-471e-9c24-0c5a8e0c62bc	1131
887dcc02-5caf-4ff1-bd8d-780ef305d23c	1072
8881b1c4-57d7-42b8-919b-d3f4480a981f	1056
88820af1-0e5a-442d-8bee-84b9ec2b4481	1074
88848187-d284-46f3-ac5c-7aab2afadf6b	1044
88893fb6-2967-41fb-add3-d0b9d9b68996	1079
888b4e00-1fa1-49f0-8cb4-e31ce734a4c0	1134
888bea69-07f4-4ddb-a61d-57f5fd937033	1061
8896c6c6-8ca9-4244-b729-bbeacb89b068	1083
88a3483c-61b4-4644-9cc8-ca1eb6c2ecea	1033
88a75970-42a9-418a-aca5-26890465be4c	979
88ae9e8f-f98a-4913-836d-06f21b924457	1146
88af27e6-6414-444e-aac8-fe02fbb55268	1128
88b37e0e-d338-4dcd-a0e6-105736913733	1137
88b9e884-bfde-49c9-810f-fca9e268ee95	1132
88bd38c4-4012-4521-ac70-461060e8ddc9	1132
88bf970d-bde8-45a2-a25d-dde0c31c3b81	1136
88c0ef98-8806-40c1-94bd-1d81f92a6437	1137
88c11701-7c54-406c-8b70-4ee58a7e07b0	1029
88c55cc9-3ead-4613-a214-83280f556568	1068
88d02cb9-506e-4568-910f-be98b4ffe88a	1133
88d06ad3-b03f-4a53-ad8b-6ed4caa94bd0	1078
88d109f4-1166-4ac3-9dd3-5754caa296bc	1140
88d5d73e-ef2c-40df-a705-287884f21bb1	1116
88dc2a06-e8f2-4c55-8996-b0eef907cca8	1072
88e19915-3f1b-4c68-a2b7-16dda6f55a8b	1078
88e40fa3-8b79-4dc1-817c-01d53bced8bb	1133
88e99176-c030-4a95-849f-55d448f16b02	1137
88ec9543-5639-4732-839a-456617ae92c0	1069
88ee760e-28f6-436c-9c79-bd6ab22d7f18	1077
88f39a49-6e15-4ebe-bd05-8407a4b22f29	1150
88f4fa91-3177-44a7-87e9-80fc5ba0e314	1081
88f845b0-d1c7-4ef9-9136-5af9fe7bc86d	1068
88fab278-6b30-434b-9de8-0204245fe3c9	1063
88fb548c-7b91-467d-a904-b781e7cc84ed	1047
88fcf596-4795-4252-9ade-1a81601a479c	1135
88fd9e6a-001d-4193-91ae-c7b75c081b12	1078
8906035d-3d6f-4c64-9fc7-15214ccbe054	1122
8906f819-7bce-4294-b5b7-7092d900f29c	1069
8908b669-0ee3-48b1-b07e-9c27320b49da	1074
8909f3ef-f3d9-46bc-b568-44fb07efe7db	1141
890b0be6-c90e-4f2f-9802-c569d7af001d	2136
890d38c9-7a3b-4096-b94b-c002afa87513	1134
89100d36-2ada-4f4e-8f56-479b87e70a5e	1069
891285c0-0ca5-439d-a623-979b1f42b353	1070
89165f07-0b81-4906-a5a4-763142ee1ebf	1072
89187f6a-3578-4aa7-9831-cd26d1a18c48	1113
891a4385-5ab5-47fb-9133-4b11c6ba73a0	1090
891d36a0-5fa9-4784-a9e0-cad29fa3190b	1105
89267d02-9c42-40b9-990f-0122d211ffa0	1075
892cc0e9-765a-4fb5-a5a5-47a14de88f9b	1046
8931265b-a296-4ad2-ad05-5aef1a763bd9	1131
89316c62-1f91-427a-9410-f9d4a8800be5	1134
89324390-b652-482f-8fe2-dd29a5fe79df	1075
8935f681-cb93-4dc1-bb54-f1bd21bc9195	1139
89366e6e-6179-4495-82ba-afc971690eec	1130
89393277-8ed4-4642-98d2-7416066d940f	1071
89397cd1-2f1a-46ed-abfc-8fefc236cf9f	1141
893a9f35-fffb-46d6-879e-b88dce04abe3	1073
893d2e70-be66-4436-bd95-3439b87cc79b	1115
8941880b-74b5-4a0e-afa5-cb3bd17dcd46	1079
89425a3f-8ce7-41f4-bcbd-10af06fd4702	1035
894447c1-3f07-4efb-bc87-23f5d5573bfd	1061
89465e33-c959-477f-9765-fe47449ed707	1065
89475f53-9ab4-4318-a544-80e38e409dff	1075
89495397-f279-4520-88d1-a86fcb048b67	1073
894a454b-952f-4d3b-b3e9-49942a8d256b	1131
894f852e-2f8c-42b6-81de-98499268a9af	1124
8950e4f4-7bfc-4918-ad2a-b39361480b97	1134
89528404-4cf5-4563-a805-cdd63409a5a5	1122
895a69e1-bd1d-47f9-b40f-5ccd85033d13	1075
895b9966-f7b5-4994-863c-07aa1bd1309b	1136
895ca743-19fb-41ea-8561-d3b2c9fd7be6	1050
895fa795-bec5-4e1f-9cc8-3f1d6f13eb0a	1119
8961e4cc-8821-46a2-9b00-221158ada84d	1130
8963695d-e1e0-4f8b-a6e6-d3993551434e	2469
89642c58-8be1-4245-b0d3-63b45564f4ea	1067
89693dee-d0b7-4d44-ae67-5faf573624c0	1069
896d35f9-5a99-4510-87f0-f8fc8104c22a	1074
896efa4b-fd3a-496d-acaf-5a2d651ac809	1136
8975904d-f63f-4cfd-b499-cb1ca2bdaff4	1117
897edc82-255a-4e1c-96d5-6f0212606520	1060
8984f199-42d6-4128-86fe-dcb34b71b5b3	1133
89850b95-429a-4033-b17e-2c7b2a187348	1067
898bd563-d74c-462b-9615-e1dd0911f838	1075
898ed2c2-6fa1-4ea6-affe-eef8fd62d984	1132
8991a803-f226-4b94-a7a4-d30df91f95aa	1136
899aaa1b-9be9-445d-aeb9-f2141e54b818	1136
899c93a4-86cd-4bf5-8413-69d39bc4b65a	1134
899d7101-73b1-4dcf-820b-8f305d910e64	1116
899e0b10-1091-4e98-9ea1-77df5eaa87ca	1077
899f1444-86df-4bde-852c-42347f4a9e65	1139
89a2439f-9455-4d3b-9b03-4655d4d63007	1121
89a270bd-288e-43a1-b8e4-bce4f33b261d	1076
89a3dc81-35aa-4035-8878-27eaedb2abb7	1138
89afd181-6001-460d-85a4-7b75367c5357	1060
89b06586-0459-42ef-a7ce-9e7839b2d482	1144
89b1c1da-e028-41d5-a3d8-d4e20be4032b	1081
89b9b77e-cd4a-40d7-8ebe-8037422d795d	1061
89bccf3c-673f-44d0-918f-9363b00076e9	1133
89be2a11-1e37-405a-b2a6-cb4e654aad63	1136
89c21de8-8ec9-4c20-84db-ca668826b590	967
89c3813a-2a82-4561-9991-e94e8462160d	1071
89d0b90c-e8db-4920-a4d0-cbc08553ad84	1088
89d2acd2-9287-4ce2-9236-3c95bca5c483	1046
89d3726b-7c94-444e-82ef-46267ae0229c	1000
89d4d8ce-1263-481e-a19c-94811070bd5f	1135
89d8c0fa-e08b-491a-8d34-493cbc822c5f	1135
89d9fae1-3a54-4948-b365-7e2f75255f8b	1083
89dc49dc-a6f0-4681-8500-4a992d29494a	1134
89ddd3d7-211c-4bd5-9022-e2e3ddd1c9bf	1138
89de524f-c0db-4faa-8b3a-381257b2bf83	1080
89e1ba7d-c54a-4925-b2c0-66583dfdcdb1	1074
89e47947-5195-4696-8654-09e7afbc2292	1081
89e80b24-e666-417f-bdbe-b6c982695f0e	1126
89e99691-f133-4d90-ad90-719c15af2baa	1136
89f3bc49-bff2-42e7-b039-20d6d01fd29e	1062
89fa7d75-677d-4364-a49b-80bbfa868dac	1066
89fe1d3f-7a60-44fb-b814-7b88b3c27b80	1069
8a0b5a6d-81dd-493b-9c27-8fde87e3a535	1074
8a0d06d2-f1f3-4e8c-a800-475ca33bbae0	1083
8a108d7c-be72-4bd0-8900-f60d2b17c1fa	1075
8a131a03-808e-49c5-a206-2a1e9161920f	539
8a13f0c1-daa1-426b-a736-045184d0a578	1121
8a15cfda-c527-41cf-b8eb-dd254080a2f8	1127
8a1dba20-93c9-4504-ad57-ae1ae76dd509	1129
8a1ff21d-2c23-4938-bee3-cf29db144002	1052
8a26e6a5-403a-4082-b751-bdf814101753	1127
8a2ff61a-8183-4383-8fd9-4ea10641e04a	1068
8a305f92-f50f-45c7-8ea6-3a2df8912bdd	1073
8a31d86a-87af-4ff1-8212-98718ab800e1	1116
8a3fdb56-feb8-4060-b7c7-202b7363df4b	1108
8a400cac-a7b6-4669-b2a1-4dc8b648595f	1066
8a40275b-91a8-4fbe-9b54-fc5b53066e3e	1077
8a4408fb-1cd4-4230-b2da-5ce6f4d935e9	1048
8a4433a4-2a25-452b-82c2-de1d363f3434	1143
8a5230b6-cec2-4bd5-9bf0-705825a0e02a	1135
8a53014e-892f-46df-bb8d-89fea5b29f6a	1113
8a558bb2-d0bb-482b-9a34-8d3e1058cdcb	1056
8a59dec5-9aaf-4240-8176-5ebdcd151d75	1056
8a5a9f74-3b89-45b3-a5da-9253817b8ca5	1140
8a5c0a87-9f64-4b9d-b5c9-4ffa11ee505c	1112
8a5d72bd-260d-41da-a268-acead623fb20	1073
8a5ee0e1-4127-4ce5-98cd-524a8355e151	1038
8a654d09-96d5-4e2e-a961-35531527caeb	1068
8a658e5f-2323-492b-ac8a-e70f7e3f615c	1082
8a65ce5f-1913-4efc-8155-bd39974de18f	1131
8a71b8de-b3aa-4515-a38d-4e9eb75e9bb1	1071
8a75895f-52e0-4b33-830e-f140d147ee95	1129
8a76d829-1a34-4d99-b229-dc71edb3ed78	1108
8a7b795d-8bce-43f8-97fe-6f830964ab2c	1121
8a7ca7db-e2d4-4db2-aa99-99e1621c3e25	1067
8a7fc3ba-eab4-4518-b32f-242f6895134c	1132
8a810e7d-ff9c-4933-b5d4-8590c9d5051a	1077
8a815572-4761-49f5-b58f-ad4931c68a98	1072
8a868ede-08b1-4ac8-bf03-3cda9beee587	1122
8a86f639-548b-4358-b0bd-16b77c669e38	1140
8a8ad262-87d6-43f1-bf13-8546914b63fc	1131
8a8bb4db-6eb1-41ad-bd4c-074b61615836	1132
8a8d6ae6-329c-4f3b-a02a-54c326559ebb	1136
8a8f4d91-484f-46d1-8597-aa1538cfb1ce	1078
8a8f8ec8-4068-4c24-83a0-25655d25f5b7	1140
8a8ffaae-da04-4d5f-a764-70417ed1ff63	1082
8a91aae0-ce3c-41ac-b42b-45b9b9736dda	1121
8a94b169-ecad-4484-8e6d-595d714aa2ca	1129
8a97ed2e-b9b8-443b-b56d-f39373f6c1d2	1133
8a997b86-1cfe-46c1-88c4-0f8ff06c51fd	1055
8a9b521a-2049-416e-a05e-862f890b6784	1074
8a9c5f88-c261-4324-ac39-5a44c73fbd8e	1139
8aa12eb1-aa5c-4b3c-845e-cd78bf80eb9d	1079
8aa145d5-80e1-4233-a61a-08c9de8cf2cd	1076
8aa6efe9-e7a0-45b6-94c0-beb59cbcd610	1069
8aabb168-be94-4029-b44f-ed65fade82d4	1061
8aae9104-6c21-4ebe-89a5-0fd502938fdb	1077
8ab117a3-3e5a-4d48-acd7-09b454a6db9a	1141
8ab23d05-f4d6-4440-b7ea-a7f86dc24b78	1081
8ab3e731-a96f-4d8b-882f-0a12bea3bb4d	990
8ab4f415-c7ae-4809-9a50-af3acba3240b	1139
8ab62fd7-e7fa-42ef-b35b-c5bea53d695b	1118
8ab877c1-577e-40fd-a11b-94344b4db15e	1062
8ab8bebe-6312-4bdd-b2fb-3f413c6dce07	1071
8abb76f3-f6d6-4ea3-a9cc-0ba62f53572b	1069
8abc3486-7c91-413c-b187-889c9cd51122	1137
8ac3de39-0756-4f7a-aa34-059174944ab7	1075
8ac44f51-1654-4075-92a0-0be9073dc0a1	1133
8ac4a18e-9754-43cf-a495-28a268af93d6	1120
8ac57dd2-d583-496a-8b56-c3588d8eaabe	1131
8acae7bc-8b9c-4f1b-8897-e797e1ecaef9	1142
8accbe28-9916-477f-9c9e-f77e54e8b5eb	1129
8ace3a7e-fb6c-4256-ac76-04ede19a7db8	1134
8adab7ea-8c60-4387-8c07-47e6ff9bfaa9	1138
8ae01f28-4af8-40be-a8af-8fa0e2ddbbac	1069
8ae2d569-5499-4be5-b6db-2b29cf9f79ed	1134
8ae2e7f5-ded2-4353-b27d-4e66c6bb5097	477
8ae352ac-a0ab-4ca8-bba4-cd202e70489a	1077
8ae4e786-0fba-4acf-853d-97eb4a8eb26b	1139
8ae6b48c-b82e-4bf6-9a6d-763467f29e1a	1133
8aeae667-12ad-4119-a98c-9e0d5b7d1c19	1135
8aeb6427-84e8-4865-a482-d78298153964	1048
8aece46e-d151-4918-b6db-f8a9191d133f	1078
8aece583-1642-4ddc-9905-20b2d075f46f	1130
8aef9dd1-4b20-4a9f-ad18-e8c2ef920ca3	1121
8af0f817-ce30-43d8-9b2a-52dafd2cc791	1076
8af86438-d2a9-47c9-a0d7-bf038e30906b	1135
8afbd3dc-527e-4a45-9bff-e21545bdee4c	1077
8afbf282-711e-4589-9ba8-46c352044399	1080
8aff6f00-bcf6-4dc3-8577-d46af62114c6	1078
8b07d193-5364-4399-8d82-55d6d0142a6e	1003
8b09b6ac-ed99-4f4c-b2bf-0c9e84123757	1084
8b0ae2b0-be87-48d9-8d5a-3831cbf8768c	1135
8b0cd348-9502-4de8-a6ac-819a90846a4b	1066
8b108b38-75a6-4a58-91bb-3a48817075e9	1059
8b131a6e-5eea-460b-8d90-fb36ec7bb541	982
8b145e01-2204-449f-b209-cc1a5c2bed89	1034
8b15a364-f6ea-4344-a06e-69918e60cb3d	1079
8b1a5153-1b93-486e-b617-366447d56ab9	1114
8b1d7bb7-c1b2-4fc2-b3ef-f0b24e23671c	759
8b1df4ab-dc9b-4d3c-9a0f-5c369068b9e2	1135
8b20d91c-c039-4ab0-a20d-441714a3d5f6	1137
8b22c6b5-d4c6-4ae2-ba88-738488dc73a8	1058
8b232f28-a737-4eac-9366-10df3881d1d9	1116
8b261f98-5494-4877-95dc-9fc4f9a86d28	1131
8b2643c8-184e-4807-9e51-13dea02c0739	716
8b275a29-201f-4c1f-bf75-8931b84997e4	1072
8b2881d5-8e5d-4af4-bdf9-1fbb4068898c	1144
8b2d21cd-aa31-4ba6-b435-6f1e6020207b	1080
8b3482ee-e5c8-4edb-87c1-bdefa64d5a23	1128
8b34ed22-02ff-49e9-ac26-80a6f6fe7147	1071
8b396b72-ce8b-44a3-a226-728e7366732b	1135
8b397263-1c71-4acb-95a2-a135879c7a95	1078
8b3de571-0e30-4e62-9735-44e7c236bf2e	1136
8b454bdf-269d-4b11-91e0-5e24de283f3e	1071
8b494ecc-1722-4e54-b1c2-587487cb6096	1116
8b4a29fd-e5de-480f-b5f7-5a8ed14f099b	1134
8b532843-337e-4fa3-a3ad-1ac4c6012c01	1141
8b5a0db5-5822-4a1d-8453-10c27cac8d6e	1274
8b6c21f1-3c60-49c1-9499-db05affa8e31	1075
8b6cf3de-e696-4bfb-af69-89a17afe6ece	1141
8b702020-b3b5-4009-acb8-a0696ad91eea	1137
8b7812cf-0d2a-49e5-b44f-553d1b69fe93	666
8b7bc8ca-f6cf-489f-b0c7-f9046e61c24a	1081
8b7c3a7d-b238-4f8f-b8be-bf11904740ad	1146
8b7f5279-9aca-4a2f-aec2-10ecfb6e411a	1061
8b80e731-6512-4651-b56b-9a13395549fb	1079
8b85d2a8-8e47-4a0d-90be-05f219d9a6fb	1141
8b893d7d-7675-4235-a9a4-146ce2a47d46	1067
8b8b41a8-21a2-4a76-bde2-24a5e2bd2d55	1121
8b8df526-7a1f-4f86-8bbc-93bbd7dae051	1049
8b92521f-308d-4c18-b01b-325e4e7d9e31	1132
8ba24515-4476-47c0-b779-9644af16b4b1	1134
8ba973c6-463c-49e8-87e7-09d12eeaf07a	1071
8ba9c7eb-8ede-4dbd-9b36-b3b152b48fe2	1119
8bb2702d-5f82-4541-84ba-15da45c7b555	1076
8bc92fdf-c187-4ee8-9144-d5c91aa72119	1075
8bc9c3ca-a370-4966-a295-3f9f966c1858	1123
8bcee640-1d72-431a-a25e-651b08d330b0	1058
8bd17df3-a304-4c4b-b442-277e13e3a60a	1135
8bd2f169-db94-46dd-a61a-5fdca29888a7	1142
8bd31bba-ab67-4d16-b4a8-3ee8acdc84b8	1058
8bd58f08-f01e-4d25-a530-cff41611cde5	1293
8bd6b6a9-7aec-4f2f-a5cf-afa5eab56fb0	1053
8bd969c8-a403-4bfa-b7b2-174cb4846537	1130
8bdf9167-a5c8-4189-8964-f4fa1dacde22	1075
8be0f5bb-4e69-4dde-a52c-f0d96c4fa472	1129
8beb56f5-46ad-48c0-8cd9-67ca0d15a524	1073
8bedd623-706e-42d0-af80-3633665b2ceb	2264
8bf0ce42-ac15-4670-bfd7-7db40e567705	1065
8bf1345f-03c7-4c3b-8f2e-6a56945ed74d	1060
8bf1b60b-f433-460b-9204-241bc7591835	1126
8bfc3c93-98df-4f62-8c3b-21bbbebbf2a8	1136
8bfc7908-fdc1-4a5d-a2d2-d8f9135fbb6e	1062
8c010f09-18ec-4894-a30d-e844853aed86	1081
8c091a57-d5f5-4450-a691-ba6681c8fb81	1073
8c0c2e07-d67b-45d5-a7b4-376abab0d549	1129
8c0e27e2-a0c2-4695-a8a4-9cee3c6a8bad	1132
8c0fc4b3-342f-41ab-aae1-f9d9b1006fc2	1080
8c11a5b0-5e1b-4d3d-89a2-7b79fd3edb8d	1116
8c124e9f-261f-4066-accc-8618226ba430	1148
8c128244-7ac9-40f9-af6a-0641628f3973	1068
8c13376e-4c40-484d-b30a-dfb80921a94b	1063
8c142113-b136-4425-935c-bbe8941f5daf	1131
8c151375-2f91-4809-8a5d-7e5e9ea65c15	1080
8c155cb6-4f55-4b5a-97f8-8ba4f1ce8065	1078
8c164ab2-bcdd-4e05-92cf-e3e7d5edbbb0	1139
8c1a73cf-ee05-48a8-906b-9bf19a9357a9	1135
8c24a512-e76f-4080-8ff4-f600ea5de309	1078
8c27ece9-ef73-41eb-a8db-747eadb68479	1034
8c29941f-76f9-45fe-bfb0-a424a77d0d38	1119
8c2d5552-f244-4b36-bbf7-65d03ad44745	537
8c2f21f4-e4e9-4704-b51f-8562fecb1274	1136
8c31b41e-7bc6-456a-946b-d359aa7601a6	1076
8c32aa1a-889f-42be-8699-f5f2b83902a3	1075
8c3374f8-2763-448b-8f8f-27a8b4bab3a9	979
8c3a0465-3eaf-4c21-924b-d25e645c325c	1131
8c3cd1a2-b7aa-4e1a-b8d0-c401e90f4e23	1065
8c3d74f4-4eee-4989-9a51-746049f3028c	1073
8c3ece60-cabd-416c-a3dd-a436aba8dd62	1078
8c434aa8-b560-4454-ad60-ff331e7a0416	1062
8c43e86c-bfe7-49a7-a592-f621330b56bd	1083
8c447f36-cddf-4a95-84d9-1ddf060aaefd	1120
8c47295b-29ae-424c-8201-cc258272bc03	1116
8c51a52d-ab24-44cd-bb30-dd486ccfcf1a	1154
8c5cdf48-440d-4749-9ef0-db2ef5858dd8	1084
8c5f12e7-ba67-43f8-89f6-fb17b3f3bd6f	1136
8c65f115-d66d-441d-80b3-bc42e8733241	2084
8c6d0503-75b3-4d13-8d4e-8d62f578c7d8	1123
8c6d8b51-3b2c-42f0-83d3-376d61632fe0	1135
8c6e93ca-0fb8-497f-8226-89a55788f4d0	1070
8c715855-cf71-4bbe-bab4-e266d650af9e	1074
8c727f12-15e6-4a11-9bbe-feb23bbe3b7c	1062
8c749396-4b4d-45c9-9d42-32afb32d1c89	1072
8c7532a8-0113-4fc0-8ef5-b2a46a861083	1080
8c7a3222-5042-42b1-95ad-344f94394f63	1075
8c7e8d29-86f9-4db4-8ae8-417e33895407	1114
8c812baf-1241-4c27-a92b-3d058f11033a	989
8c83cbf2-1125-427d-9324-d13bd7236e77	1119
8c880636-43b8-4bac-9f9e-c64a64a0d7aa	1142
8c8a9d2e-d4cd-4814-bd52-1a68c96152ea	984
8c8aae60-c930-4d40-b44b-cbb510f7d9c1	1124
8c8bc414-95dd-488b-955e-c423f9b10123	1070
8c8c5aa6-59f3-4f05-84ba-2925137e93ce	1126
8c95bfb2-f1d8-4584-888d-64c1e18711c1	1075
8c976ce3-ba47-4701-9052-f252448be0ae	995
8c9a01be-a13b-4f20-830c-64e3c2f798bd	1063
8c9cb0ed-6ec6-4550-b0f3-069c3d074c17	1118
8ca2828a-f1d2-48e3-b711-212d499a2d78	1143
8ca70ee0-57da-497f-9d44-f7addb773212	1145
8caddaa0-4cc5-4c8d-b0ec-6f50776e7404	1123
8cade115-e02d-465b-922e-fbc5bc51a7ab	1080
8cb1fba0-7f38-48aa-8a4c-ca1a6b9cf5dd	1042
8cb2783a-b96d-463d-a63f-3d749a71ec41	1142
8cb6882a-ffff-4f64-8ace-3d2c6ed296bb	1126
8cb833e6-37b6-47c6-81f5-ea0e2f91d3e9	1122
8cb8c512-cde5-4aa3-ac57-dbdf43d0cc21	1137
8cbafa78-d3ce-48e8-96d5-de1370f8b53f	1137
8cbf8c18-a117-4a5e-a6d1-381b601099bc	1109
8cc0232e-b92d-47b7-bd3a-7bcb140d2859	1147
8cc6b6f5-5ca0-4913-a002-9bf1d3249eb9	1065
8cc764ac-ee32-4d24-9f8c-8d32b472b5e8	1075
8ccb1f68-4650-4cbb-9559-c93727871b51	1072
8ccdc5ff-a08d-4b66-a4af-f80ca71ef4ff	1065
8cd42872-d7ec-44ee-afc9-91637dfffc61	1129
8cd8cf8d-c29c-4df8-8d94-3049a2e87241	1052
8cdb232b-2555-4883-b0bd-32a22d6a2372	1072
8cdbbc10-4090-4afe-b1f9-27c6d1b27a4a	1076
8cdbea71-d841-4fd4-91f2-c2d85d65985e	1057
8cdc89e4-e9ac-49cc-8ac0-29622ae585db	1123
8cdcbcb8-e004-4cf2-a7bf-87f98e397c50	1075
8ce68f86-3f12-46a2-9a27-327c11c6af24	1075
8ce758be-0d3e-45b5-9282-a513ab2e5a77	1053
8ce75ec4-7d9c-4c8a-b914-4585a8f33d75	1071
8ce79ce5-db71-45c7-a4a2-aa190b459b35	1064
8cee4c4d-91ba-4863-aa6b-a34003c529f6	1073
8cef6759-e3a5-4f3b-b746-1b422cb6049b	1134
8cf0ce35-e2f1-47f2-94e9-ffed0e2a2bc8	1118
8cf4ca1a-5d51-409f-acc6-68f8cbb775f5	1142
8cf7c939-def6-4a4e-b465-1bb16f6331b7	1075
8cf7f2cf-0a97-4aaa-ab3b-6d6bfd124d72	1130
8cfe0570-a615-432c-93a7-ebbd98706801	1000
8d023b8c-b00a-42ce-9910-8971d8c14cae	1131
8d058c29-af0a-4e43-8a51-725e94a35eb6	1075
8d063f62-8729-4a2e-a3b1-322f1907742d	1142
8d0832b4-ef26-4985-93d8-63fa2d8e4e7e	1129
8d0aa6f2-0eb6-4973-ac15-899bfceeeb28	1139
8d0ad4f4-5315-45f4-ac8c-b9c1d543acbd	1068
8d0f173b-5a11-4f63-bfa4-38061b0cfbbc	1130
8d151f8f-6543-455f-a4ef-89c5e8160c40	1033
8d1880d0-1db6-4079-8f59-6d39b30bb9c8	1058
8d1a862b-0f52-4c10-81a6-470d009714e4	1127
8d1ef418-ade3-4d75-bc93-e0c57855697f	1075
8d2549b0-cbfa-4f49-898b-90324287a911	1138
8d2c1e9a-3a22-4412-93ef-48822e125137	1144
8d2c7c10-4c74-4f79-b39a-b45594139dbc	1057
8d33b1ea-f3e7-4d39-a315-5fb0e09991eb	1072
8d3c02a6-cdc0-4403-8e00-36933a8ee446	1071
8d3d66e8-79c5-42f8-b3da-195818fe0e2b	1053
8d3eeebf-72ba-4e8f-8f6b-fd325d6424e0	990
8d47531a-e926-4d54-9e82-7bd7a5d9acec	1119
8d4853e9-5863-4258-a0a3-c7b63f5b1ac6	1115
8d502e70-1365-4f40-94ec-6e7c23cfbe29	1140
8d510484-2606-46b0-b475-2d2af511aea3	1127
8d520a08-17cf-4dea-9703-c18776dd0e08	1098
8d53104e-cfc7-4e2d-b28f-8812655d33ae	1113
8d5c1579-c997-4779-9e00-73a8dce190f0	1076
8d5d00c6-0fd7-4107-af6b-b349c0634d22	1073
8d5e0bd3-34fd-4958-89ce-f50faaeb4afe	1142
8d5f5a8a-4787-4182-8e25-a85b3552bd60	976
8d601637-ea91-413e-8c19-64912a1f9714	1130
8d6068f8-d9d7-4da4-8a2e-2bcee6b615ec	1079
8d614f91-9f13-4771-aea6-c98c80b47f66	1100
8d6502d3-cccb-42cf-93b4-4a0c65ab4538	1121
8d66fd2b-cae4-4fb8-b462-849420c85fa8	1138
8d7438dc-df8f-45a6-9048-5f775c5c9fba	1078
8d757091-cdb0-4693-bec9-36d0a0c49bde	1069
8d76e4c6-b64a-4ec2-a2a5-e79f3520b181	1133
8d78471e-8337-4564-8acb-4feb8e80a958	1142
8d7a990b-53de-467d-b93f-bd25db07985d	1125
8d7b13d3-c9f7-4995-98b8-fe8aebd3ece7	1139
8d7b7b0a-d3bd-417f-b676-ac3bfc272562	1073
8d7c3611-ba72-4feb-a646-65ecdca48976	1138
8d83fbe8-c67f-459d-bb03-cdd7fd0f25af	1078
8d8f20af-eaa3-4caf-90a1-5f2ff0cc7cde	1076
8da10330-3544-4b15-ad57-d46254dfe3df	1054
8da131a4-9cd1-46fd-a05e-08f018bcf46a	1138
8da27fee-4f73-4353-a0d9-c65ee823d8b4	1133
8da34917-4dc4-458d-b0c7-c5db6d5dcfda	1125
8da702e0-0c99-4b97-8f6a-6975eb6b03fe	1070
8da807bf-7296-47b2-b57f-66f7a7f193c6	1064
8da84fbc-571c-482d-b0da-d0f7ac9e35a5	1133
8dadc815-fc51-42fc-9ee3-272e7dcea879	1116
8db632e5-97c0-48a9-80ce-7655fd4e9d2a	1136
8db6459d-4cd0-4270-8d15-23f1d2defbeb	1148
8db9dda1-7f18-4c09-ae85-0f7ea61ef0ac	1131
8db9fd61-5411-4ebe-99c4-99dc663cbf0e	1142
8dbe9977-4901-437b-9b0c-337f793f4d1e	1136
8dc1aca1-8e5d-4425-bb46-cfec48ff1a95	1061
8dc27d90-3c50-47b4-9386-3744b359673e	1147
8dc443c8-f4da-433d-bbaf-632b23478dda	1141
8dc650f3-36d6-49e3-8b4e-1fb10e2570a7	1120
8dc748fb-f6be-4069-8012-25b318439fff	1129
8dcee1ad-ccdd-42b1-9df2-d29b83049838	1047
8dcfc755-84d2-4892-9660-cdc4040ffc50	1108
8dd29799-ecc7-4cc3-820f-55bfdcb8f58c	1142
8dd2c590-591e-4f0c-b0e4-38e9a21bc302	1133
8dd62530-8c71-4b99-8517-633fb7166dc8	1135
8ddc32ae-fbf3-4207-a2e6-f2de68047f09	1137
8de17eb3-f8a5-4b34-a714-7b93aba0e932	1133
8de90685-7b84-4243-ba31-94d2e9d9eb45	1118
8de94fd0-21fa-499a-8a6d-10f6b72563a9	1070
8deab5c9-3657-4a72-bc90-595b4b1de771	1133
8dede1ff-c7a2-4e7c-a0be-ae0ee2781021	1086
8df1f408-5ac5-48b8-a04e-f0b9d4882e40	1128
8df20c11-4125-4480-809b-12b8e3602d81	1124
8df327db-808b-4e0a-befd-79f0a4def1e4	1070
8df5315b-dff6-4585-87b5-0f309bc183d7	1082
8df69849-bc3e-470e-9eeb-124884671971	1129
8df7cde2-9cd9-4118-ad16-2e4dc38cb356	1036
8dfc1aa2-e4b7-4735-b60c-434d67b6295f	1071
8e00f7d2-0359-4115-8354-07f9d556f370	1123
8e0a5289-6f33-4133-945f-489dc078acdc	1139
8e0d9496-d503-4385-adf8-b3dafbbde279	1068
8e14af3b-9131-471b-bfd5-6a5203f302cb	1069
8e166f03-8db4-4571-8957-f2e589e91c9f	1128
8e17c5d9-4945-41fd-bff9-c86c4ec89b79	1076
8e1ca3c1-8ec3-434a-b7ca-72308f4cbfc7	1140
8e1df084-063a-4dad-b384-49ea7a3881f0	1067
8e1f30a6-299c-4f47-b115-3b4449235379	1062
8e263a43-59d6-4280-91ae-9f5cbaa40813	1138
8e271746-08dd-49fe-9f10-bef8e9a4c6f9	1069
8e2c65bb-9dc7-4873-b35d-0b00134adec0	1039
8e2e71d4-3fbb-4e90-8676-35ade39d4e2d	1064
8e404149-0666-43c6-835b-11ed8c710dfd	1070
8e410c92-1639-464b-b4e1-d9fc147b7864	1117
8e4ba36f-8281-4389-95e0-e6b31e3cae26	1121
8e4c5ba1-ce75-424a-93da-47bf2bf96bf4	1140
8e50e848-709a-423c-a240-3d254ed8d211	1072
8e5150fc-f54d-4093-b8d7-e6ee0b3b9432	1133
8e51864b-51e6-4ebd-adbc-dcbb1c809370	1059
8e54dfdf-f91a-477c-8696-331bf869dc88	1058
8e5741e3-455e-4f43-9a8e-e14a5b663bd4	1134
8e57462b-c56e-422a-a881-3fe09cb1c94a	1106
8e58376d-110f-45df-8142-2450919e6875	1138
8e59dd60-cd07-454a-a282-c5ee0ea54688	1125
8e699684-c1e5-4f62-bfbe-da23ee464902	1047
8e69e508-80e7-4592-98da-f793c42787b2	1080
8e6aa415-c429-4835-88cc-b79b72fd1db1	1079
8e6b45c4-8a3b-403c-a95c-4179870da7e4	1122
8e6ddd1c-3534-46b5-bf74-a05e564bdfd4	1116
8e7b33f3-2d35-41a8-9857-75d2616f86e2	1089
8e820e1d-254e-47be-b18c-f0a837dc3a7f	1070
8e863ca7-30fa-4099-844a-c536df19b2f7	1078
8e895364-27b3-4e9b-af11-ef2156f749bc	1129
8e912fe2-7783-4129-8c6f-60940a9963d9	1139
8e9480fa-dec2-4cbc-bf84-5507f43eef1a	1143
8e95e5ab-37db-426f-9381-ab567d17a21f	1068
8e9b382c-2826-40a7-9a4e-1292cb6810f3	1147
8e9c1bc6-82da-4df5-a681-ef7a02999d46	957
8e9cbf42-1eb3-4925-8707-642b13ed0a5a	963
8ea11bcd-824b-4d36-8853-df18ba791424	1067
8ea4230b-6db0-40a9-83e6-cc8fd3eef015	1057
8ea849ab-e59d-439f-a625-37269739b3a7	1134
8eb401ae-049b-47b5-917f-6f2a598b092d	1132
8eb8c316-0603-4542-a0be-8d7a086d5579	787
8ebaab01-befc-47e7-b5b4-62167e6d446a	1134
8ebb5b17-e1e6-41b4-8942-78a29e148bfe	1061
8ebd82d6-a688-49a5-b3ea-ca1ea037cb04	1073
8ebf01f5-c33f-4fad-b7de-348c54bb30bd	1061
8ec175b0-f9d8-4837-b7ef-0194bb54fb56	1072
8ec1c62b-575c-4a02-9629-9bca76a574b4	1136
8ec1eec1-0ad6-48b8-beb8-f119120e57e8	1125
8ec69628-0fc6-4e3b-8ef8-ef0949efd07a	1083
8ec7a4e6-50f2-40ed-9946-bb1ea10a588b	1116
8ec921ce-5915-4f15-8754-29e344ca280a	1007
8ed33480-f367-49ab-9f66-ebfd7cba0e86	1137
8ed3e2af-816c-4b48-8b09-16ff2db5897f	1147
8ed782b5-ddd8-4f57-88ea-0fa8d78376a6	1114
8edfb971-d948-4b8e-906c-0e451e0d9b8b	1137
8ee07e52-ccee-4206-ab34-fb6484f46368	1079
8ee315f7-3764-482c-952b-8fdc9386471e	1059
8ee71ba9-6a7b-4d2e-aee4-d76303e9af6f	1079
8eefb8e7-2266-4694-aaff-1d9e41884efc	1070
8ef66dc4-c06c-4c4c-a25f-3acc11c6f8a5	1138
8efb6421-a9bc-4d0a-af1d-148678038edb	1054
8efec451-fb8a-4be7-9ba2-701aa426b181	1083
8efee159-5f41-485a-a28d-3a852731345d	1071
8f002157-8486-49df-b9b1-e67a4d9565b3	1070
8f00b88e-ce2d-493c-9dd6-ad94d543615d	1050
8f02d0ad-5abf-409c-8a63-11c61d144dcb	1036
8f05511e-642c-4a55-ae02-20d97d0d6e72	1074
8f08a19d-1413-4409-a3f2-4c145c67c8c2	1137
8f164c5b-0900-421e-9cd2-309903aea9e7	1069
8f1c3909-7fcf-4152-b401-d2edd77fa99f	1103
8f1cda91-176c-4ed3-989d-fa6ca079a7e7	1072
8f280d0a-a420-4fbd-ad7e-fe86cd01fee4	1139
8f29d0c9-c39d-4499-9eaa-980da84adbeb	1064
8f2a89b5-d539-4647-90c3-0445b2537a97	1140
8f2d73d4-9cd1-4499-bfbd-d49a54c9b47f	1047
8f2e15c1-da34-4610-ac57-7ff0aa19df52	1136
8f2e2bf5-6caa-44b6-b30d-a8ae1186dbb5	1143
8f2ef3db-78e3-4381-85e6-1d022ea3cc3f	1130
8f314f0a-b46d-4008-9d57-0a4909ee5ac3	1233
8f3594d1-d337-4281-be12-6a08a3a41a0c	1073
8f3cb08f-4a40-4b3b-bf1d-98b425b7d2a6	1070
8f42e041-0db2-44af-8025-402844d8d69e	1059
8f43289a-6719-4b90-abe7-f5723e778031	1127
8f44ba19-9a8c-4d6e-9649-887e044f4d0b	1050
8f492a85-4272-42de-bec4-9c00fb04bd64	1060
8f4de48e-dac9-4d0c-b726-1fc46b0cbf49	993
8f51bd7e-a632-4a23-b99f-d5fc67e430ba	1119
8f51f34f-3c56-4365-bbc8-273e98e12c55	1056
8f524220-99b4-4e64-ab7d-aa73e88830d1	1076
8f5a777b-37b8-4c19-835e-44df9b6fd00e	1146
8f5f0d0c-8d74-4c1c-a51b-a7ceb1493875	1073
8f615865-cde1-404f-96c8-7382b31c043f	1074
8f6340db-b85a-4998-adee-60ef7cd83331	1138
8f68cb7c-e4ab-43ce-9d62-aaec408b008b	1138
8f6903f2-242c-4551-80d6-62256ab9638e	1067
8f6970bd-dd56-4bf5-ba24-cdd61865865b	1131
8f699f0d-a824-41d7-a6c5-2d57c4837214	1345
8f6dfee4-457e-4201-98d5-90e656adb0e3	1078
8f713dc8-eba1-4860-be85-3394efbb6c6a	1129
8f720660-8056-412b-ba90-652bd64778c4	1072
8f7843ad-a468-48af-a51e-446036001e2f	1143
8f785fe0-5eb0-4393-a48c-5eb735e38daa	1081
8f7b1699-5a8b-4608-8579-832b7804924e	1064
8f7c4558-65d5-45cc-b692-5483fb1f329d	1126
8f815271-f593-48d9-bca4-76477fd09097	998
8f84584f-d232-4cfc-b2a2-26d5148d10fe	1085
8f860ba9-01bb-4cd0-8754-f6e85aa7d998	1335
8f873d43-b2bb-4be2-89de-6f996090751a	1046
8f8fce06-95aa-413c-b907-64c305d441cf	1156
8f92af5e-4a29-4d53-9c15-397798798e00	1133
8f99c185-8aa7-40f9-a3dd-0ba5d92eb84d	1142
8fa4e1ac-ff7f-413a-b23d-41d1c2356e0e	1066
8fa90582-9076-42a1-b05b-5711989dcb7e	1072
8faab4fc-f45e-49b6-93fd-421b1f51a6f1	1072
8fad2d12-44fd-4a1e-be57-2b23b25fd6f5	1074
8faf569f-c24c-42f5-ac7d-1c845e967ff4	1121
8fb07013-72d7-43cd-ae24-52d2c12694a7	1054
8fb28adf-7eb0-4187-9402-4314225fe4fb	1138
8fb56542-af84-4ece-834a-6a6644253539	1117
8fbeff9e-5ebb-4eae-bd6c-9ece2ba509ac	1057
8fbf3a29-2188-4ead-9c97-8a1725480281	1129
8fc4e878-29bb-4b9d-82f6-392f7427027c	1126
8fc61199-d5c7-4429-8c1f-18f188756d79	1068
8fcb0e28-69d4-4b54-97ac-d650a3d407ac	1082
8fcd2c60-b3de-479f-ae65-8d0549370a4d	1048
8fda0e51-3464-45af-a871-2456f0b9ba44	1121
8fdb1e05-55da-445b-8232-2bf9e5f702d5	1076
8fe672a1-0bb5-4fd1-ac1d-ae159b6bfaf9	1080
8ff11960-91ad-40a4-8d0f-c69f6199de44	1078
8ff1a46d-47ea-4d05-8b2c-aea9eed9342e	1075
8ffa795e-5cae-47f1-8c38-bae3086190bc	1048
8ffaa98b-96f6-4d77-9cb7-15a232d40103	1136
8ffb7f0d-cca8-4c58-9006-548e6c405622	1064
8ffbfec4-0614-45b7-8883-f41659f7178e	1134
90020fa7-b828-49c9-b5ab-f523248c5cef	1126
900457dc-0814-43cb-8485-1406ee2ca617	1089
900b2abf-0d4d-4e40-9561-0a00828f07f0	993
900e3d1a-1337-49d4-9315-49d8717e91ef	1076
90120d5b-4268-40f1-925a-82038f59c158	813
9016ae90-f65d-43a9-98e4-03356fe52d32	1069
901bfac3-cdee-43a8-9499-6b97cbf0a33d	1128
901cda92-8681-401b-b0ed-fdd571e078a3	1136
901fb2f5-14bf-4530-a17a-2e0ccfc15049	974
90212ab1-d4ac-4bde-9370-d95d1ba8e071	1128
9024b331-690c-43f6-964c-755dbd5c77a3	1110
9025ea5c-6794-4980-b123-c60a7b54bfe6	1125
902b4749-921d-45ae-a4a3-9f0a719cc20c	1111
902f0ceb-5870-4d2f-9473-17a2f258734c	1129
90342c5d-4add-4d48-a83d-147e99af5be4	1022
9036adc0-29ef-49cf-b032-64e2c79cd3e8	1060
9036f07e-3e80-43d5-b552-f421a03d605c	1146
9037bc70-66b8-409a-ab3b-3470bd8e2f83	1138
9039bcfe-d06a-4116-91d9-46c734302852	1130
903a3ba9-7c8e-4b8a-9117-1b0c4b331436	1075
903f65a8-5cc9-490b-bf28-b8979505768f	1061
9046bce4-4226-440a-a5b4-be84403c9fed	1140
90490b22-a250-47fb-accc-0c6038f52110	1043
904ae2fb-4426-4d27-8531-f3f929193bc8	1132
904b78ab-8d59-4dc0-bc11-04dd5ef4f70a	1079
906144b3-3e80-48cd-8530-d3f1b4c1b7d0	1311
906344be-2eb9-4e53-9013-bcd42664500b	1134
9068b54f-250b-4daf-964b-9b77bdb6ff2a	1145
906c79dd-5153-4d9d-ab3b-22aed9558de0	1133
906d0937-2241-4662-8263-1d3a13b58ed9	1378
9070f0f9-449c-450b-8545-39e13fb1e8e9	1064
9074d1d7-9b2a-44dc-b015-fb241d540bd2	1114
9075c511-bd84-48fb-abc2-bac081ed3367	1121
90867a2b-07bb-4794-8474-fbf57088ef85	1058
9087cacf-0f88-4e30-8034-e2b66f55af0c	1081
9093f0bb-f821-4e77-9cae-0ed0197f3039	1126
90951420-5fef-4685-88e5-05161d13b453	1081
90953b08-2655-45a2-b424-58ee4fcfecff	1074
9097b3a3-49c7-4a65-a75e-05f07ce1b8f6	769
909b4539-3f07-412c-bbff-e97a4bb7f415	1127
909ba1ac-8fc3-43f4-9216-a6eeea78c2e5	1144
909d98f6-36f5-45ab-861c-96d03d5940ff	1117
909db004-9c5d-4d23-b811-388c1bc9a026	1121
90a1307e-e928-4903-82e5-69cb81e16c3c	1077
90a3ddf0-4fca-4499-90ae-53938891fda4	1073
90a4a28c-4e43-454d-b71e-5d7b9ef6aace	1070
90a8b194-ab8e-4424-85dd-ee403c597585	1119
90a9652a-4346-4087-8fb3-1143292e00a2	1122
90afd0fc-86e4-4be3-9cbd-c6331f0c204c	1043
90b0489d-31d0-42d9-991c-2e1875b28734	1059
90b1155a-db4e-401d-ab2c-5b27543f7f84	1124
90bb18c0-676c-4744-8fbf-80a16230c775	1129
90bc4b0c-a6b9-44b3-b722-9b4a519b0fe0	1073
90bcf2db-695f-4f5f-ba7a-b7b8c4406e67	1080
90bd5ce8-67c5-4446-8d23-2bdfcd57c13d	1143
90c0304e-59a3-4fa1-a981-97624c743b81	1067
90c19003-7b7f-4392-979b-bcf906f16aa0	1106
90c3707a-6236-4553-8f65-723acd414e6b	1140
90c499b3-3d9f-471a-860c-337025afcb3f	1056
90c5b06c-b45a-4ae5-99fb-9131cf87c56f	1070
90d39f4a-127e-4880-87c3-224513a50116	1077
90d632f3-1bd0-4456-bc21-15d51df68f43	1129
90da71c7-43c0-4288-90cc-02839485c47e	978
90e379bf-fd91-405d-819c-208741c13f9e	1128
90e8aed9-2b12-4c99-abfa-e7ba36b28be3	1059
90ec2a80-7c5e-479d-992b-be7f9955dc4d	1063
90eec980-5c12-4733-a73e-497f74c4f861	1137
90f1bc36-8924-4a52-a540-f9964964a1d2	1145
90f1d27d-7381-45b0-872d-20ef008c2286	1145
90f5050e-a05a-4042-8947-7d758b2d41ef	1071
90f50bfd-371c-4e92-a8d1-14671f5b1dea	1060
90f72b25-7664-491f-b71d-32fd4bf26884	1126
90f90a42-b71f-4f49-bff0-bcbe6e2cd387	1076
90fb0a64-cde4-4c8c-95f2-b094db70863c	1077
90fe47fd-e069-4d30-910f-e689145f4191	1072
910392f2-285a-4ff8-954b-057f7b321743	1075
91120310-fe28-4acd-b960-5db7484dbd30	999
9113fea1-f8b3-4e02-bbb6-87d1c9e1b190	1135
9117cded-dc1d-48da-b12a-dddd733d40bd	1070
911c1b19-e34d-4230-9720-bb0747352bef	1137
911cd6cc-abc4-4687-8239-dfa762ffde42	1134
9126a313-e9aa-4e44-80e0-abeb17b76f50	1134
912acae8-7a32-4884-96cb-95c684768ac4	1137
912c4dff-a9b8-4ae0-9659-c1613a83aa25	1003
912df309-029d-4db4-9dc0-a1ee3ee467d4	1135
912e5b8c-b515-431e-aec1-7edcf202c431	1079
913406d7-e513-4b7e-9018-e20193ef5021	1072
9136b573-bd39-42c0-8343-8a8a7c94493d	1069
91375471-afd6-4aed-802d-bb26d7dcbb2a	1070
913c5a01-9ceb-4f48-be43-38f832614d9a	1067
913eee34-9008-4073-9298-6c75879a1335	1070
91412fa1-7cdc-4585-ae65-ecff15bf384d	1074
9141552f-0d56-4fed-a0f7-d6441fc0f74c	2077
9147a328-13dd-4a30-94f7-cd2792d18da3	1134
9151ec04-2576-4279-94e5-7c8226c156f1	1139
9158e2c0-b216-4547-8973-e09466745925	1079
915f0ba9-6c9c-4fb2-ab72-bdc1471c2447	1139
9160904f-eea5-4832-8034-7f9cea35e3cc	1083
9162b111-b7d2-4187-82c3-8982b9537434	1072
91634a7d-0d3f-4eb3-b5af-dc9ac803b720	1126
9165d25f-085b-48a1-b0bc-22d43e5b71af	1118
9167fe5e-28df-441b-b17b-da7e2a9724a0	1067
916b2457-415a-403f-8722-669e2b2dd5b2	1127
916da383-acf8-4041-9551-71fc5ae5333b	1115
916f7f91-6b60-4bc3-9761-c23e2f47a645	1070
9170ce11-110b-400f-be0d-2bf7528244a3	1073
91726f29-611c-4dd5-993f-94fd021020b1	1130
9176b54f-8708-4db3-806e-d83fd4bcbd81	1117
91778ca4-6abb-4c2b-8313-b1d02b99e829	1075
917a7e39-f214-4e54-af00-32944c5f3f86	1124
917e12c7-d573-4d97-9981-c3005369fc33	1070
9184c198-2da4-4157-9d1e-cd3c2e5b103a	1078
9185ba27-754e-40e9-a6bf-a4505a25ee22	1128
91872e40-d3f4-4ef2-b21a-d40667108f48	1072
9188d4ca-ee07-4ae2-a2ce-dbb73743b0cb	1135
918a6534-f073-48dc-9660-50c49de8056d	1137
918f4e7f-785f-426b-8aa9-a5c136db3793	1022
9193d0ae-8128-4baa-9498-65dd5e0737f2	1120
91956308-8479-4778-a020-48a0a6be264e	1076
9196e629-72ea-4f36-9d09-2adbdf0f4020	115
919990c6-5545-4bcb-90fb-89fe940e3a6d	1134
919e8919-6a86-42e6-8249-bf1ced5fc33d	1073
919f6865-c823-4851-8774-56bcb56a03cc	1122
91a02557-688b-42f2-a145-8e5fa9b3353c	1071
91a39d7a-6ac8-449d-96ec-a311edf038b6	1061
91aa3415-00ef-4e4e-84c6-967412fa6cfb	1124
91adb6ef-406d-4688-8c8f-1ce7f57e0d31	1077
91b7cbc4-bd46-454b-b2d3-a9406718aa5b	1053
91d0f883-152d-44a2-951c-3973812b2670	1078
91d6fdc9-e541-4cc9-88c8-69c0b7ce3721	1079
91d72f5e-bec4-4535-9631-977b129117c1	1072
91df6634-507f-4276-b880-8f5c05ca8d2d	1132
91dffc28-b6ae-40e2-92ad-11d02394058e	1073
91e21f09-8d75-475f-b46b-25de0442200f	1065
91e8bf4e-6575-4840-9dcb-96d812720e35	1144
91e8d992-f7ae-4c8e-8d22-931b6f69dac7	1137
91ea7b1b-4267-4813-a566-4a95ac3df8e4	1060
91ee9b6c-b12c-4142-841a-245766fe7dd6	2197
91f17ad9-b7b0-49af-9741-9bb535a359bc	1052
91f5902c-00b5-43a4-81d2-f77b954e0602	1059
91f817c9-1b6f-45f6-927c-6f4b61887d9d	1095
91feb1af-7f2a-4c9c-9648-8f15d172a20c	1139
91ffdc9b-2155-42bc-8154-645d9babd46a	1051
92056413-4d25-434b-959b-ea21542f6b15	1071
920eb4c3-c664-47da-9d53-d33ee58898fd	1052
92123f78-2972-419c-861c-bdaa03c9b6df	1116
9212c992-044b-4263-a35b-e396f8ac65f5	1075
921781f1-0dbd-4f46-8970-3918d9e1ea59	1133
921a8e5b-b8bb-488d-805f-99f592a180c7	1071
92204b95-4701-482a-8981-bfce8583ce4d	1129
92253eaa-bc08-48f8-87be-6032318a47e6	1130
92262661-2750-4de4-ba55-bb504ccd0691	1051
922b53a2-8603-4f63-849c-c4d158ada121	1144
922bf1c3-8242-4b80-bbe7-f2bd441e5677	1105
9230ecfd-bfe7-4f20-a567-5fa812a8068e	1076
9232aa7e-b77b-492a-82ba-fbdaf7bc63aa	1069
9233c703-420b-4bfe-8015-7ee0a475785f	1054
923abd6b-f5a5-444d-ac9d-f173217dc728	1142
923eb268-c84e-4e1f-b9ba-3efd496b09fd	1077
92496cce-e8c8-41da-bb78-fa971c80074b	988
924bf50c-621b-4426-8020-e87512c9f548	1099
92579b52-ff91-4888-bb15-e3769db33606	1071
9258fcaa-9b5f-4e18-8d45-ef47cbc93dfd	1080
92624e65-90bc-45ff-900e-608b777963ed	1084
9268add9-c6bd-4063-88e3-580eb3d8633b	1113
926989e9-3b1b-4845-b5fe-0ca50162636e	1064
926cd9bf-6699-4ffd-8d2f-d5f081a66d18	1139
927f9610-b3ba-41c0-a34e-ddffe04f9946	1055
92816242-b330-495e-8b1f-3916aaf3c1d7	1130
928366c4-16a3-4cd7-a33c-d8367fc02548	1120
9284a53d-0731-4636-8960-1d39d969aeb4	1074
9289bde5-892d-49b1-bc71-b12790cc5dff	1062
928bf744-98a8-4c30-95fa-f493c6a54bb8	1065
928f8724-3354-47a7-bd4d-5d4f1e3f0cfd	1131
928fe53f-8c4d-49a2-bf79-55b2a8ca2e39	1075
9290b0bd-a9ee-422a-84d3-766203b3e68d	1129
92918da6-b05e-478c-a4ab-78396e89602c	1284
92960e62-c092-4e71-ab9e-f2fe16d07731	1108
929e503a-55b0-43ff-89ac-4849a14e8f29	1079
92a11dc4-b7c1-49e1-a0a8-c5fef368048c	1000
92a4267d-fceb-40da-8560-73dc9b9f8160	1140
92a56ebe-da70-4935-812d-cbf3b285c91f	1080
92a71a90-1a6d-421f-bec4-0b0fde8d22b1	1142
92a7909b-2886-4445-be7a-16a9470f9174	1139
92b05b96-28c1-4eb9-a898-be901f1e824e	1069
92b241fd-0b87-449e-922c-87921f5a6f0d	2239
92bae493-e322-479a-aaca-a54f782faa8f	1068
92bc4580-2e37-47d8-bbeb-c9a338c869a9	1061
92bc54c1-eca9-460b-9314-c76f9e3110bb	1132
92bdafe4-c6cf-4a2a-9a50-dbca8c85b04f	1066
92bfb1ea-1857-4d57-8de2-4cd332c112f1	1076
92c7809f-537d-48af-88e6-6d77979919f6	1134
92ca2101-116b-49c7-82de-aea954ef87fd	1127
92cedc0a-ea6d-4286-81e1-1cba40564957	1131
92d7b147-e7e7-4a5b-a0aa-6efac6378a06	1060
92dd37ed-85ea-4925-801a-3a31014a7c21	1074
92e39e76-e719-473f-9700-9e56e6b66364	1129
92e68a79-2d7f-4deb-a756-6ddebce9e02b	1080
92e7be4e-f010-4b42-a6e2-6b0b04196af9	2120
92ec4055-c1ca-4a92-854c-58200c6e8fcf	1132
92f38ed6-c01c-4af2-927c-87037b837828	1024
92f53b3e-1803-4df9-8bbb-b6d8751a1c0e	1073
92f83d73-9a67-4e26-997a-d81fcc3b1f57	1130
92f98646-f079-4948-8a2a-b3204df0551a	1121
92fd1a3f-6bfa-4541-8f06-2892178291ae	1112
92fd2725-25e7-4a54-bea0-0f9d23edf5b7	1143
93059483-6161-4a70-bc46-afa4140dd859	1132
930dfd23-a122-438d-bca1-29e335b4afa2	1121
9313e6d7-a19c-4c30-8eb7-781e69672fe3	1135
9316a7e0-c3f0-4176-99cd-9525dc76b639	1079
9317769e-35d6-48e8-832a-1064f1efd449	1072
9318db11-16da-4dd5-8ab2-0c001903ea0d	1134
9319fc0b-6a3d-4c0e-9c18-bc4270d14cf8	1064
931d2781-9ef5-4434-aa19-5149699406ec	1045
932680b2-5547-4df2-9683-68372ff26b3f	1131
9328ef73-c74a-4185-9545-2d9959ba6001	1055
932999e3-ba77-4c87-9b9c-7a03f2193fa6	1135
932bec4e-0b45-4fa8-9b77-d15a061d9d77	1132
932e0f23-7827-42f9-aeb1-5fc63527c817	1052
9334e2f9-f7aa-4903-bba8-8753445a3b99	992
93361a38-2948-4a11-a850-8f37740415b7	1109
933669d2-f881-40cc-a724-bacdf187441e	1074
93379168-2be0-4c50-a816-1694352b4b8a	1059
933861d5-2730-4d1d-94ce-a7fbd34c54cd	1125
933bca7e-ff6c-4a29-817a-47ac8c836ccd	1054
933d85bb-d0ac-45fc-b9fb-1735e7e526cd	1067
9341499f-c65c-4074-af84-072fb227cfe9	1076
9346c150-9195-4ebb-85c2-721401cfdfd6	1131
9347d1a2-bee9-46d2-9daa-e6ffe49d98b1	1123
934b245d-c37c-4e2f-81e1-573270d7bfc5	1104
934ea323-a03d-47c2-ae42-de164cbfb358	1059
9355c41f-3445-43a9-8765-29a2dc8ef713	1141
9355f16f-6795-457d-b72d-2aafbf378b19	1144
935c7fb7-e5b9-4593-964c-0a86000100cb	1137
93650965-9e29-4a63-8243-c98e12d0148a	1119
93672b67-c8e3-43f8-a904-a0e2a3924716	1131
9369ad11-3ae6-4ac0-bcb9-0bec0413edff	1135
936b1ff9-e06b-439d-ae8d-7a895dc4d573	1129
936f8ec9-e1a4-454a-ad3c-ecc1359a66b3	1073
9372edef-12b8-4894-9768-d0380192f117	1075
937969c4-bfc9-48d0-b6a3-d641671b5cdd	1065
9379d902-4e69-450e-8066-a850e709e3a6	1115
937b4262-63c8-40e9-924e-91e62acc1138	1131
937e82a5-a706-4651-87f8-99a1583947ec	1144
937e9c87-f564-4165-8078-f1dbf7fe54c0	1131
9380cbaf-769b-4502-b416-1d757cd706cd	1064
9384c590-2bd4-49ab-987a-8d044a36ad2d	1071
93853549-ff32-4620-b192-18c2237d47b4	1064
938844d9-d2ce-47af-af9c-18d39d58769f	1137
93890018-333e-417c-9159-8fc5ccca15a3	1127
93930c7e-dcaa-47c1-95b4-7e4e3d632aeb	1055
939353da-e6c9-49a5-bd13-ae292692fb69	1135
9393689f-503f-4ea5-81eb-bfad771428ef	993
93969e22-904c-43ec-b46e-1c94947d1f09	1133
9397e23f-0e6f-4b3e-bbd5-1f05d2a5e808	1032
9398cb95-0492-4143-9e6e-9768d87d3cac	1070
93a97818-7798-489a-8b75-9be7cb0294c8	1142
93a986c4-5eaa-4f33-b050-bf701c132d23	1064
93a9bd7a-f258-4386-be2d-f81730ceac50	1041
93ad53a6-383d-4a29-9fd4-3d4d877a2aa3	1059
93ae8256-3647-407c-a53f-3296b0f64f06	985
93b380b7-3ac7-4c75-ba81-26e396753619	1141
93b57c59-4a08-4aa6-916a-026229431b48	1121
93bb2440-a72b-4313-b6bd-70ed6e5e3474	1077
93bdba46-2202-431f-869e-685500892e38	1086
93bdf4c6-fe4e-4052-8526-3b011dee81d3	1055
93c14fe8-9b34-406b-ad2b-dfcf2721fe15	1100
93c37fc3-d1c9-4daa-9ee1-314a0ede069e	1133
93c77dc5-d554-4dff-bed4-b718db5a9097	1133
93c81476-431b-47e5-857f-701d96874135	1076
93c97a86-b12b-4c7c-bf75-57cf2db0c87e	1116
93cb925a-0bcf-42a6-9fdf-001075a4b01a	1127
93d3953b-1f6e-4a58-ae10-5e90a45049cf	1141
93d43bd5-85f5-411e-8d82-17845cb449f8	2144
93d518ec-4079-4a2d-8396-9f19e4209e22	1071
93d5b964-be81-49d1-a8f9-18264ae5563d	1079
93da13bb-5be8-481e-9f09-b288e5304058	1133
93db5518-413a-42aa-9b97-c61eb634988d	1078
93dd64de-1662-4c66-9907-0b727e693143	1134
93e25863-043c-4909-a3ea-4b71691acdca	1178
93e3d544-0f31-4b74-b32f-2b97463617d8	2145
93e9cf59-d09a-4bde-b7cb-02950fccaaf8	1076
93ea931a-945d-41e0-b81b-4bde5699456c	1073
93ed23b2-1957-49b7-978e-8572bb6dd74c	1130
93f3abdf-1ebd-47d4-a2df-4826a68ff2e6	1117
93f7c497-1afd-4f7d-b0b9-5ee5b00c1f47	1125
93f8fff0-7ebb-4fd0-8a25-aded3b48e07d	1058
93f903b2-cdab-46bc-9e38-dbcf7a3d41fd	1080
9405bc79-99e4-446a-9d63-b8d5cc2bdbfa	1060
940d32a2-e2e6-4971-86de-a5aa9879a50a	1130
940e26b6-3728-44ad-a92d-f126594f5013	1040
940fb356-3e5c-44f2-9997-65c45e20f11b	1115
9414eec1-1a40-4504-8e1a-6a488b9ef506	1128
94158102-514f-4e02-9328-3dc547bd3d53	1073
9419db60-e616-47c4-b5d7-68b819786639	983
941aa6e1-5326-49d7-a1c2-98ee53a681c4	1131
941ae26b-2df4-4698-9e0b-e4cafa4f6264	983
941bd268-4f16-4c7e-aac3-125796bdee7c	1070
9422b8ed-dbe1-4755-b682-7c0cb535dc23	1120
9423b168-f562-47e1-ab9a-73b2bbbaf04d	1056
9425fc55-3bf7-4a0e-96c8-1efa91e1e9b6	1074
94260f61-e824-4a73-9e66-453d895d6b91	1051
942d8077-f8bc-463c-9b3c-eed4bc689c51	1110
94314aca-0d1e-4386-b1d2-c11c5ef317c4	1143
94393f9b-e4bf-463a-bf7b-fa3e6da9a226	1079
943b8729-4f3e-4097-98da-c74eb6783a52	1122
943c72e0-cb02-4fd8-b0a5-6668ab93474c	1138
943d0a7b-edda-4371-9c30-64656560bdf3	1130
9441dad9-36c3-4a85-8062-0ce94e2a3862	1073
944cb383-e2d1-4072-84d7-710c227b0692	1137
94513aaa-2162-469e-82f1-643c153d4692	1005
9451c471-921a-47f8-9665-736fdb295d00	1063
945926e6-f9b8-4ce9-9578-363d2ec4ad7c	1098
945a502e-e6f1-4cb7-812e-0ec1e18c7e31	1077
945f3d8b-7bb6-479f-9fcd-7696aa8f4ebc	1141
9460fa36-deeb-4ec7-9668-8a9dd615ad82	1065
9463500a-2125-49b6-8e76-81b9d3d82332	1061
946a4d95-137a-4cdc-bbbd-853e286b0a89	1082
946b4ebf-ecdd-48b0-ba2d-4912589e0daf	1071
946cf030-e1c0-4c16-b4b4-75bea2299656	1069
946ed663-7a91-4956-8df7-72472f6b323b	1076
946f0bc1-b14e-45e9-afc5-9e0fe6b0fca1	1120
94745792-e22b-45b6-ae28-c368fc271db6	1081
94774525-fde8-41d4-8ab6-e9a6cbaa2700	1131
9478577a-6d1f-4e74-bd84-526cd098cc7f	1119
947b6289-3069-4964-8c51-676150cd535d	1132
947d68f1-f5b6-422f-b7ec-356bf2913f86	1117
947f5185-9ba3-43d0-b164-d97ebd45350c	1084
948421e9-6da5-46fe-9113-75b074f7d3e9	1086
948e5925-89a3-4543-9947-b959d2b9be98	1094
9496576f-220e-4aef-915a-bc30b11e5783	1077
9497394a-a1f0-4472-a234-10089256bf57	1135
94983579-1ca9-44ad-aee8-2d7eb25eb352	1080
94a1ccec-2acf-4598-9a33-9d8802740028	1127
94a2e8b4-26f6-4518-8b58-25a40cc08eb6	1133
94a50ca5-b121-485d-ac06-d958bc9086e8	1150
94af2c2a-92da-4e38-8adc-90ece9452731	1143
94b44fbf-e59f-4ba6-869b-5850855de6dd	1071
94b87ccc-c789-4cce-a10c-d7b0a1c3c39e	1139
94bda79a-5b24-4f72-8def-c9706aed30c3	1079
94c3b467-17eb-4fa4-a786-80eeba0dcb6f	1087
94c3cdd5-167a-4723-b913-a8d203e0cc9d	1126
94ca8b77-9ec2-461b-87f8-78abc07b3c53	1072
94d1d74d-96d3-4fd2-987b-ca2eb761cb32	1050
94d24659-b9a0-4cf0-8c0d-26d5b9492559	1068
94d2bb3e-4500-4269-8e00-cf2efb95df3a	1067
94d4ecfb-3cb2-4831-aefb-9f61ed0993e4	1048
94d90105-8ae9-474e-9b62-8c5543e7c6e2	1075
94d97168-fb55-4ef1-a4fa-792f51edc3db	1137
94e02a97-bd3e-416f-8903-8da54a871cf9	1124
94e1724b-4448-46cf-85f2-3c0fc7602c95	1082
94e73ee0-0612-4946-ac17-be5d0aa59bb5	1065
94e9b0e4-bb76-4721-a5cd-e546aeddede3	1047
94ea776d-d584-401f-ac29-c7c413889e32	1140
94f58f6a-5879-4155-aa70-a5a5b34d007e	1090
94f65923-9d12-49ca-8459-0805e6dbb13e	1083
94f8171b-51a2-4172-8283-e2678375eb87	1137
94fc6d46-7cfa-42b2-8d43-210d7baafa67	1066
94fc929b-6255-436a-96af-c373c50ebaae	1174
94fd514f-51d9-4bb9-bc53-62f0136cce13	1065
94fe297e-7f99-4566-b750-0af9526f30ba	1135
94ff7e04-60a4-4254-9831-f84cb96ea13d	1132
95054db9-e192-4e9e-8ff1-a73a60cd9dcb	1071
9509e086-29b2-4e4f-a9ad-d2727a35a3b4	1069
950b3641-5b73-4a29-b8a9-e68bd91575f1	1043
950c5abf-bf96-4f18-858c-486e5a445e2d	1100
950ea124-1571-4052-bfb1-509152115383	1143
951079ea-2040-43a6-a7a0-52d0847804c0	1134
9511ecab-887a-4233-8031-ffb99fa25376	1072
9518ca32-e990-47e6-9c46-a08b93ed45f3	1062
951f5f0e-04d4-439a-8b66-11608aeff2b2	1141
95201bf2-7b5d-4a8b-b72e-8fa6d0e7627e	1125
9522159f-4187-47e0-8135-97bfe8fa9a6f	1089
952447b5-6814-4b9e-ad99-986253c3a1dd	1044
9524cec8-e78e-445e-8faa-8561a39c2bc7	1130
9524d6bf-592d-47c7-9552-de6409118d18	1144
95251f4b-cf6c-474f-aa63-15444d3aab35	1059
95257130-b360-45d5-933f-b51c6664e2c0	1143
9525c163-0b86-420c-b16a-9e4d78d26f00	1016
95287cf5-5827-4ac0-bdfa-0aaaf5784920	1131
95298e98-d9e0-444b-8392-c180928bd0bd	1062
952b5a30-57de-4b12-950d-ce9d32bdf08b	1074
952e73d2-19f3-4045-9e0a-702afded0a83	1124
9531000e-793e-4aae-832c-d2287de47404	1047
9538e0e2-6b7f-4177-8293-ef4fca8f4b53	1132
9539353e-c29b-445f-99b8-d6253753f838	1143
953adec2-d9b7-4022-b263-c1c3e55af90c	1138
9544ad2d-43f8-4fe6-9067-0054e529e10e	1078
95480ce0-9bef-4128-914d-fa3140125af8	1085
9548aebe-58a3-4d2d-9fc9-2e2f35d75179	1136
954bef03-7971-431e-b004-b8e2f847d276	1068
954ce04c-056d-435b-b466-7ee03b5691b2	1083
954e2cc7-7334-4a1f-af22-69b7a65da1f6	1145
954e2ebb-7ddc-4e80-9b21-279f6a0726f6	1139
9551a770-d39b-4d9b-a230-35f67284ea75	1078
955f0286-49ba-4429-8b85-28204f31c721	1079
956794b0-b893-42a2-8404-2f2c9354047c	317
9567c6ee-fe21-448f-a754-132d6da7692d	1086
9569dc68-25d4-4dea-bde6-c71f24199096	1086
957080c0-c633-4b78-b19b-7de716b166ff	1064
957e5d06-148c-422c-9423-fc3bcef01b0f	1046
95858bad-3a98-4b1b-939f-3eb69add2ca9	1037
958594e3-c390-443f-a9f9-ccd667a526ce	1139
958d34a2-489b-420f-bc49-022a4b5cfb1c	1140
9590d6f1-7928-46d1-8900-62c7ef24a0b2	1088
9595d04f-07c0-4265-879c-86b1017060f6	1063
9595d30f-5eb6-4a04-b087-c5aa6aace9b4	1075
9599f593-4fcf-4790-9a26-3fbd004e88b6	1066
959cfd92-8c19-4620-b757-ea5f154e1da0	1059
95a33803-1ecf-44c7-8e21-6ad9d5cbf32a	1229
95a5d420-7f3e-41e2-8e1e-1598b0017785	1044
95a69217-803a-4bf0-a169-878cbb4c3c92	1119
95a6c6c5-e8fd-46cf-b4c0-adb22405d8bb	1079
95a8a5dd-fae3-435e-bd4f-eb527f8d6135	1143
95ac8365-3dd5-4a2d-9820-b770166585e3	1076
95b691b8-e7f4-4343-b915-61b62388904d	1071
95b9a73b-409b-49af-b6a4-da2ae074f61a	1071
95bd79e9-60f1-45e1-b520-fef315be5568	1139
95c129ee-b5ef-4248-a52e-568d8cbb6f31	1129
95c397e2-4004-4602-b259-549abdaba021	1136
95c93043-91a7-44a6-b7fa-d4312564c077	1076
95cb5148-868b-4092-a488-7a8244643274	1081
95cdabad-f4ee-4b84-8082-a7a960fb2d12	1050
95d0c1be-67fe-4b9b-86eb-5c7bea5dec3e	1141
95d2b697-2398-40ce-8276-e4833ba915c4	1072
95d611c5-8f13-45f3-af30-11dfee6d5acd	1078
95d74981-6e26-45f2-a2ce-8717ad64f493	1134
95dc8000-5e11-4d75-9828-799e4bb376be	1050
95dd2477-bd15-4aa6-a7d3-04b2129732cd	1073
95df6acf-6eae-483c-b758-8786794ec6ed	1082
95e113c3-014f-45b5-a3f1-3b60a040c097	1125
95e1f82b-928f-4213-8399-5bda4ec2529c	1087
95ebb609-d27c-4f26-af6c-b98b099c2b42	1116
95ee0c6f-c640-4844-baa6-9c1366de4685	1131
95ef4224-40f6-4593-ba96-67b22ca17add	1127
95f4308c-bbe5-4e94-a699-29695e480925	1073
95f7abc9-4d1c-4249-9b46-baafb65d8af8	1130
95f9b310-f897-44a4-8df5-17fba1614462	1134
95fa1717-49c3-4320-81ad-575febf1ddd4	1124
95fad32f-24f5-42ed-991c-05afc80b84c3	1063
960323f9-beec-419d-8afa-c6e8fee5e26f	1068
9606be0b-dbd8-453e-a9cf-2667ce0baaed	1136
96073764-7c32-4f08-bd26-87e33f498beb	1060
96113ce1-a423-4543-b4f8-48823f70efb2	1135
96125004-4bf8-477f-8738-bc3c84773608	1128
961629bb-1965-467f-8167-40f0ee36c48c	1005
961a9154-9126-4416-9ef7-831c0749c468	1065
96207bcb-d9e1-4cfc-944d-727b53c61fc8	1057
9620a92e-b7f7-4767-8c56-87bab01004dd	1071
9620f6aa-385b-480d-8414-a393c75f8bec	1139
9621e94a-64ef-43ed-bb3a-76cdb6f716fc	1121
96228f60-22cf-48d0-89ee-932c98dc1719	1118
962543a4-bfcb-4d14-8d7a-5c5ce45b89dc	1126
962a73f2-688b-49ca-85bc-57c0bffb2d99	1095
96304af4-b05d-49b8-8bef-e6b956e2255c	1074
9630e867-cba8-440e-8cb3-9b6f304bad63	1069
96345a47-9169-4052-aa65-9c595f7f6932	1073
9634ecf3-7a06-4033-9994-21b0281f79e3	453
9635ab60-7581-42f1-9452-83eb64f0523b	1061
96361203-cb34-4ac1-aa23-ab8d87d34e99	1069
963ac74f-df16-4839-810e-784e86459eb2	1072
963eae41-6745-4b23-866d-7df8a9ebc993	1135
9642e11e-fa05-4779-b13f-ec680a3338f9	1137
9643789b-0941-4b43-b004-05b2e3f5161b	1120
965004f3-7609-4762-9c77-396d37843ba2	1075
96502c05-9c24-42a6-b40a-a65e988cf4e1	1122
9656b77d-b04e-4e46-b231-63d438f4c120	992
965751f2-928b-4704-a34e-b7d7d87ec971	1065
965a6b56-5301-4c54-bc90-a05b864adf16	1121
965df66d-fd93-442d-9eac-4532bedbd855	1047
965fec3d-825a-40f1-bd29-f12e52f9de74	1144
9666e3d8-face-4d68-9915-869eb49d1a27	1044
966b4571-4711-49b8-adfe-6bce07643d2a	1124
966fc82e-125c-471d-bf10-bc303e23e816	1074
9671e925-f19e-4d42-b1aa-6356a5ba89d1	916
9673160e-7168-4c5b-9172-33bfcd8dddcf	1073
967475d8-9333-4e89-8d69-90f1717c5eca	986
967d786c-d8c6-44ca-92ee-d0e155e47b5b	1069
967dc5c3-fed8-46ba-ac02-46778d44568a	1111
96800a36-126c-4f46-ba46-70134f03a677	1057
968b5945-36bf-4712-893f-983d12c09b92	1080
968cf6d9-7b89-419e-a4e0-39b5dc0d071c	1150
9691d50a-d29c-4728-a2c2-429aa19a4d1b	1057
96931145-599b-4a10-bc61-9715984b78dd	1136
969e5b8d-ffb5-4f00-8820-d085f1a1fb3b	1086
96a01cb1-6ab0-49a9-93b2-8e5c35880ddf	1138
96a2ebce-948e-49ea-a65b-d296728aa38a	1145
96a9a975-db9a-4fe6-b2e5-4c6c7f71e45f	1061
96ac7861-3f4e-4cb2-9bc9-55c339478be7	1127
96ae7295-d3ff-4479-b7ad-e8f7238f5b4b	1137
96b77ae7-82f2-4456-ad3c-770b9c8b6247	1068
96c17496-bdba-4782-8c17-bcd620feb66d	1139
96d37c32-6ce6-4672-a2f8-034ca1856438	680
96d74b99-6c43-4335-a623-f0a0cc8e6e93	1080
96d84cd4-9db5-4ce3-9d1e-59067af43273	1130
96dc7324-e1b4-4fc7-86ac-d9220ff8be6c	1125
96dd7047-8656-41f9-a1c2-54107e67ed29	1076
96ddcf43-f256-4416-83ee-fd1d29c1b81f	1073
96e27f4d-bfa3-49dc-bfff-c6def857030d	1125
96e2bace-acce-4fe5-a7fb-f8a6119111bc	1130
96e57dfd-a23f-4b65-9578-094d819b97f5	1074
96e75e0c-745b-4b42-9e7a-2bfc2a46cb4d	1135
96e7a956-d456-44b4-b9b3-bf589880a04c	1074
96ea8a01-ee7c-4c4d-998f-e79a17317ffe	1074
96ebf61a-7a50-4996-b682-cefd65bc8129	1055
96ee822f-cd28-4683-afb1-18a7e1b1e38e	1132
96f11541-200a-4f2a-9669-a23dcdcefbb3	1133
96f1b9cc-7dff-4811-926a-8afb111590e0	1078
96f4f6e5-ff1c-4407-9984-1c0d4fe280b7	1013
96f54891-dc90-4c9a-abbe-95d1dda670aa	1081
96f6bab7-a96f-4819-9976-0df6d3182758	1075
96fc25d3-b688-4fd0-bda9-49b272001135	1131
96fd47f4-c461-4e42-a6c0-a45e7f9caa30	450
9704ad2f-e238-4e90-a1b2-9f9c46f7d596	1080
9705afdb-4931-4918-a795-517ad029eadd	1030
9705eb40-4e10-4d3d-9f95-1eecece31a50	1093
9707d252-2b3a-4812-8bd1-4cd13431bfbd	1078
9709cd16-961f-4204-93d9-865c7680d565	921
97163d14-4729-43c8-b935-2dd8b2b7db69	1125
9717ae70-4e19-4682-a826-189fdcf9d387	1075
97192861-19be-4187-a801-3db6214f0b4b	1142
971a1bad-f495-4bcf-b89e-cfb5ace4006f	1121
971add8b-e51b-4e27-b9e3-caf8a5fd1b08	1059
971dba61-6c68-4411-b608-c59c39c52e7a	956
97239b6e-e5ed-4f24-8b05-c16c7a113f84	1050
972c1647-1753-42d2-8ae9-c3d6cd32c993	1064
97326368-991a-4005-a879-5f9c396df888	1128
9737a54a-7d0c-4ab7-9fb5-96194a1325da	1073
973a339e-083f-4882-9a02-ab055572e933	1060
973c87cd-293a-4825-b027-21bef0c03d8b	1077
973d87dd-15c1-42a6-b784-836ca6b54a60	1138
973fd10e-44f3-4983-b091-0b7666501b30	1075
974000c7-be50-463a-a09b-20a96519b123	1139
97431c71-d52e-4287-a973-bc1437d0206f	1126
9743226b-022d-4d26-b680-c55a12d89dc9	1138
974d67af-6ccf-4bc2-934d-6d980c0c8e5e	1063
9754437a-633d-4ae8-bb40-8a0075955172	1144
975539be-ea02-4ff7-92cb-4e3de5298643	1138
976093aa-af3d-42c3-986f-05219ebc1778	1135
9761b170-2dbc-4245-91b1-a9d95b763951	1109
976414d2-f9f0-481e-a0b5-80da9c28cca4	1133
976856a6-34dd-4b80-b2d8-cb41cb39fc41	879
976db5f1-8e7d-471c-adc9-6eb522bbc928	1073
977431be-2f30-44e1-bd03-b4e34c7bb5a0	1071
97752afc-ca99-401b-a53d-e5a3bc018941	1064
977731c1-e3d7-47c3-b1a9-b9213795726c	1116
9782004f-1b34-4f92-88f7-6068693b3493	1109
97870a61-ffb9-4d74-850c-d89b2b4638c6	1157
9787b562-c2a3-4646-a218-0273791f7fe6	1077
978f8ed6-593a-42fb-b3d9-939e94c33854	1080
979f11c7-5d10-4733-b647-2ed656612709	1063
97a0a36e-f3c9-4948-821c-492946829eac	1075
97aa0c6d-c95c-4d73-a559-32614dfe3533	1076
97aeac28-a2e2-416d-a613-8e4c90569658	999
97aff460-0e30-468c-8065-ebdc3c2f9c54	1132
97b2c683-c2f5-4901-9461-69b5be688518	1127
97bfac26-b37a-4153-9849-1dd9087eef7b	1072
97c23238-a4b7-45e2-95a4-c2fbd13f85e5	1037
97c3f68c-ff40-48a0-a936-5aa1e07aeb9d	1116
97c8e9d3-5826-4bad-9d63-d50d75e65a30	1050
97cac896-6546-4590-8bd4-de0be0c56234	1129
97cd01ca-ec56-462a-b50e-d1f4e6ef4e03	1067
97d3181b-a329-4aa1-b9f6-9d1adfa8737d	1183
97d3ce7d-8860-41f3-8976-6a85fbb02130	987
97d62799-92ce-4044-b421-d3226957996d	1288
97d9fc23-4d5c-4128-9b86-c141d2443632	1060
97dbe12e-89a4-4215-8384-3d2b33b25895	1074
97ddb752-56ed-4a98-9e81-a3a49d818aee	2069
97e57870-4594-4a90-934f-aa27c33c45f7	1081
97e6e96a-907e-49e7-b94b-fb86728190db	1147
97e91330-71e2-47b7-9883-d698e3d176ad	1061
97ee0ace-2761-44c8-a436-8ef99d4dd0d2	1056
97ee9f7a-b1cc-4383-b9e8-8f99ca28d483	1078
97fbbc35-7c76-43ff-b935-ef67742a84a6	1124
97fcd8ca-3dd6-4dce-8996-c83d98ba1a38	1076
97fcdb98-a8f1-4375-b249-c79f7af91f89	1055
9800c561-bdf6-49be-875d-76bf1bac17f5	1098
98045010-33dc-4617-88e7-4a2e3ede45c9	1073
9811f8fa-acba-433f-a429-5b61318fb32a	1075
981349f1-fea9-40d4-8845-1abe1b6831c7	1076
98156400-540c-4d0b-a917-e8507c3d0ece	1124
98194f26-b51f-448d-8ebd-9a1b28e7104a	1141
9819e427-ab55-4da8-9df6-17a9e6031861	1137
981ae875-465b-498c-aef9-b8ed13bd6e25	1139
98229422-baae-4d4a-b227-da9451c8f062	1125
98269d04-01ec-4af0-9920-7029df760fa1	1129
9826d7e7-4204-477f-9d52-fa0d31b3e5df	1136
982a0f9a-dd29-4ce7-b3a7-17ca5ae71da4	1132
982ac509-da82-4a4a-9692-4bcc1e46a813	1082
982c9b6b-5300-48b8-a84f-8c4c45bb4599	1115
983089e5-c6bd-4067-9b7c-1f639ddb805d	1145
98340451-3f52-4cbc-a78c-cc92e4104b8d	1047
9834ef88-a131-4751-a4b1-b435b979c659	1074
98377bac-63c6-486e-bb91-c9e072132bb0	1072
983a8253-0e0c-4e9d-9855-0307f241bb1b	1122
983c1506-5877-410f-8e72-8c59556132da	1120
983de79d-4e45-4b90-aed0-593897d80d2e	1131
983e658e-3b59-4997-a606-b5f52559908c	1137
984147a9-1978-45a9-ad55-45b82314a968	1146
9847700d-93e1-41eb-b968-ab7aec7a14c2	1072
984f36c5-469b-4f57-addc-c7ce67d1dfc7	1065
98536221-6d65-49ed-b6c3-c6c131119fd4	1133
98594e7a-b185-4c93-b7e5-3973dcc54822	1083
9859af22-2f2e-416a-927c-261c1a0c57d0	1125
985bde28-eec2-47e7-aa49-190285d875fa	1075
985ea11f-b7d7-4f70-b61c-a0a6b7edc7ba	1111
9860e363-efb8-48ad-82f4-9ca90dff7c57	1137
98648791-c92f-40f3-9813-e5840f9cc607	1080
98683b3c-a380-4a59-8a36-5e2021ae398c	1048
986a7cb1-201a-416e-a95c-6d48583f3610	1086
986e8612-8009-4031-80db-26e7e35905ff	1184
986f5020-19de-47cb-b0f2-f562633d6c71	1133
98702b29-62df-4dec-b81c-5db35e3b89c2	1122
9874a788-db6a-461f-b2a7-869d2ee0c203	1077
98752438-8567-4084-bedd-3c87002d7eea	1070
98761e3f-ae45-46e4-a941-55de6c41349f	1050
9876e401-1f03-4cae-96d6-ef03d2cff8df	1087
98785eef-db6a-4929-93ad-bc26a3c0c542	1112
9884e360-f98a-490f-bbb4-6e074a76ee50	1067
9886ac61-6871-4885-a27c-cf9a52cca53a	1076
988a75c1-24f4-45ef-803b-34f66526c1b3	612
988c58b7-402d-4802-a3af-a2b61f225d38	1129
988f94db-b17f-4030-8b64-ba43c0abe79b	1131
98934721-fd0d-4542-80d2-1307dcfc14ab	1077
98a40aa2-bab0-4fc3-ae24-34083b16f565	957
98afe4f9-5119-4a70-b005-617fcfc3e45e	1132
98b12213-2337-4703-8f82-20bcda7a8d7a	1096
98b5e1ba-6e58-4cdd-8e68-30f93e821ef1	1061
98ba71e3-5363-4474-af5c-442340707823	1079
98c101ef-3c12-43a8-98d2-47a3727cc549	1070
98c1cb40-7280-4457-9d86-b13d4882744d	1135
98c596fc-11c7-4d8a-8400-60bac4fc9939	1132
98cad2d2-8be8-445c-80ad-be4c14e92bf2	1115
98d06cd6-19bb-47fc-a44f-d8cb813e6d46	1081
98d32b4c-59b6-4bcb-b04e-b834cd87f74f	1079
98d759d0-f330-4e18-bfc6-9bd832811d4b	1131
98d7c5b5-9f02-4b13-9bdb-57e48e214a41	1075
98dd1842-fd23-4e69-a5c4-be9cc5bb36aa	1078
98e0db00-7ab0-4274-abad-3ab0da68206e	1120
98e1a4f3-2672-478c-b790-9648ffa19eec	1072
98e3ec84-d486-4539-83d5-e122098b8273	1133
98e43fea-3f17-4409-9075-c8a848b77489	1067
98e8a92e-c3e7-42ef-b9be-c6eec040e0ea	1136
98ea5f32-c58a-44f0-a5ff-c2dbee02f461	1126
98f40a46-39ab-4b96-86d8-9c55fa492489	1073
98f629b0-ba58-4600-b80d-4f89e7689aef	1077
98f7e88a-d2d9-4500-91fd-79fb1b4ed100	1138
98ff1cd4-81f6-48e6-a995-0fd2ef07aa3e	1140
98ff67d1-db6b-4440-8392-2aebdd9c8a70	1081
990732c0-54c8-417a-9003-3d540e26b17f	1068
99089720-7828-4727-a7b8-e5630c4dc752	1077
990ea4f0-8565-4226-8583-6351123800b1	1109
990fab93-eaef-4860-b115-500b8ba5cbc7	1074
9910b79a-9492-4511-8452-ae487db346e2	1148
9912fdda-3971-4639-8b56-08947b824106	1214
9914a9c3-9519-4d4f-a3eb-396629b0d19d	1069
991c07d9-bd0b-4172-b3fb-ae2074b540b3	1052
991dbcef-bd6f-437f-8991-7cf8c9d6a8db	1043
99249b72-2393-4bc1-ac67-f1b937a78f30	1049
99258f63-d0cf-4da1-80ce-5439d16a1929	1106
9926e308-7aa2-4e56-8850-9d44271c4d3a	1135
992c58f9-b7ab-4841-a781-6b3e94fd8d28	1133
992e1a75-2d20-4a68-b9be-d52aa1611e98	1114
9932dd77-49a4-4dce-ab06-443886839aa5	1001
9938e041-76b3-41f1-b63d-749a89c5a429	1133
993ad3f8-a621-4e12-9619-dbc3798dcc49	1080
993c5934-1e9d-43d8-8979-1adb26adf336	1076
993f3bee-7498-43c9-9775-63ad0c0d6dfc	1055
9946faaa-04b8-4526-8239-d1be4166c3bc	1140
9948fdd3-b7ca-4575-bcca-8388092e07d6	1126
994a4e64-5bf1-4603-9479-3fc55902ad02	1075
994aa8e8-32a4-4bfd-aa7b-8dec6a936441	1055
994bc72e-8baa-4fca-bb80-2a5d13c04aaf	1071
994ea468-7c81-47c5-bd19-0a4e749a502f	1064
99531ca6-e937-45b9-a8b0-d82571d3c728	1139
99553029-6242-4b21-a343-c60627c3698b	1901
995d8da0-704a-47b7-b1bf-0be670ff721b	1132
995e5e11-041c-43a9-baff-b8760744d85d	1078
995fc025-65dc-4a17-b2dd-50d455440d47	1129
9963da97-114a-47ff-add6-469510aa8e69	1078
996f80bb-3483-400b-a6e0-e0772ae57467	1063
9970079a-e817-4d4f-8537-dc36542a37de	1120
9973f996-2d27-4ca8-8021-8b96347fac14	1122
99781e39-f3d8-4516-a611-dd490973945c	1061
99818087-999c-4315-9c6d-1976a47567db	1133
9983668d-d88a-4fe0-83f5-b3b701f853c1	1073
9985ecab-2b50-4596-803a-212c0292f245	1069
998699d7-fc06-45a9-8b86-074a10b58776	1074
99881566-5ecc-4f89-8ed8-4bdaea959734	2049
998a5cae-98d8-4bc8-b638-10a9e533c39f	1071
998b1a64-1a85-43ac-9b0a-e9a5519fa3a2	1047
998b27e1-4dea-4164-91a8-59ea51d33de4	1139
998fa497-0c39-4a82-9225-5e02efadaf0e	1137
999448ac-56bc-45d9-a4fc-82612954587c	1050
99997504-7e85-48dc-a223-fde77c2d9fa3	1056
999af536-3835-40ef-b63e-8ec3fab8eaff	1072
999c6871-ac52-41b8-b805-31f6add5bc17	1077
99a084b6-5276-4f4b-b5a9-603cc50d85f5	1119
99a0fd34-1e28-4bd7-9047-e151bc227e37	1059
99a2799d-6c0f-4ef8-8801-8dd8d0395369	1067
99a28451-004b-4d4d-9549-6b44bef3a5f6	1140
99a2c06d-aaa2-47f2-8d63-8dcd878a2438	1065
99a3dcc0-fd3b-4f50-8c75-48fcd81414b8	1134
99a469b7-8780-4523-a8f1-1d27d72ce3c6	1061
99a8fdfa-4c2e-4b0f-8104-069681a64cf5	1134
99aa0ed0-011a-458d-b4e0-70fa57cefc3c	1118
99aabbc8-f3a8-49e3-914d-9e9d81fe41d7	1058
99b93ac8-f56a-4175-822c-c99dd235acfe	1070
99b94ad7-224c-4185-9575-ff4ac1463590	1134
99be6aaa-35b2-4d8d-83e7-0746d3b1ea40	1039
99c1d2d7-d904-4821-adbe-b2e77df86582	1136
99c4ef73-7c3c-4c06-b2a3-7083bfef2573	1133
99cc4c98-c871-4000-9a87-c0b050d73e68	1117
99d39949-91cf-4aba-9cce-5d1cd9712783	1087
99db7d5f-e8ea-40cb-b441-5a43d7b55f9a	1139
99dcbc5c-c061-45f4-94a2-3e5601637248	1117
99df861f-28ed-4046-b3fe-1a740ff18a45	1130
99e5d36b-3aaf-4b6a-89a8-295cad6e6d11	1136
99e83dc6-463e-4318-9c03-cdd34529f9ba	1133
99e921d7-b618-44d9-a769-5426a46fdaca	1069
99f16e5f-0942-4e1b-9efd-95d3665ad638	1085
99f88d86-be3e-43c1-a310-cbcc7e5f029d	1066
99fc3448-b06b-4d86-8054-c442b9671771	1073
99fd774e-3376-4d50-8aaa-5c329aa33a4c	1141
99fed56f-859f-48d6-a8a1-abab185602ed	1075
9a08b2c5-150c-4b0f-b2de-6f621cb1e555	1131
9a0a08cd-d8fd-43c2-a67d-d940554f114a	1089
9a1455c1-10b3-4240-a46b-8d8fd5d004ad	1136
9a163cfa-bb44-42d7-9f35-a28c5ff9573f	1103
9a1e4ab0-1e11-4d9a-ae62-7346d3e0b618	1057
9a241424-2584-4f61-93cc-1bddc2252601	1047
9a244ece-bd99-4304-b120-2437fb3404f3	1118
9a2735d0-d4c1-40df-ac99-236a3c430ac8	1045
9a286e1e-adf2-460b-a886-f9e556cd8ed0	1145
9a2d680d-73c3-443e-b82f-1b841ba1c428	1132
9a2f7665-9f42-4582-8946-5742108a3aec	1056
9a301af0-8105-4a75-8e08-1a056ab1a119	1347
9a311355-92b7-4738-a871-5e157163c15b	1051
9a313714-4cbb-4d4b-843e-3c4b863651b6	1056
9a32456f-2ba8-4b26-8bab-9c467324cb92	1124
9a348f78-d21e-476d-a573-fa51aeea2227	1120
9a39a9c2-4f92-4be8-8e33-58758c4ee635	1129
9a3cf1e0-3566-4bc3-b3d6-e8bad73673ea	1132
9a3df2ea-203f-4a2e-9eef-9083f108709a	1114
9a3e8659-9cb3-4bfc-b3f0-c49236b5a598	1130
9a3f174f-6e8d-4dc3-bfbc-8a38a7096832	1128
9a437bc4-3728-414c-b919-df8ddde63298	1132
9a447b96-3d8f-4117-9728-0587f0ef04e5	1072
9a4abbe9-439f-4bb7-9bba-44109cdbaa5f	1134
9a520e7d-1a9e-4f35-b46e-b158c42cde0a	1063
9a5360fc-fea4-4a84-ab36-8eb626d21c56	1075
9a53bfcd-23c5-4a5a-bf27-b97220befe9f	1134
9a54859d-ddc9-406c-94a7-36b78bfea760	1130
9a59fd91-128c-4659-8456-6a44248a6d28	1045
9a5d5b90-d132-415d-869b-a00464b2d395	1078
9a6765c6-c4e3-49d5-8f61-a1d143934e89	1068
9a68791d-fa40-4dad-afb6-781b7d9d9af5	1056
9a6a1c84-b275-40fd-9396-30a5006c4c0c	1081
9a6a21e6-7402-427f-9c8d-70b22b4f44db	1060
9a71076b-d753-48e4-8b2f-1ede274aebf6	1116
9a75117c-737c-4a40-83c3-17887bfd0cef	982
9a75d3bc-12b2-49f0-9503-af96746ae70e	1088
9a7e5c01-647d-4507-ae49-e3e4bb430181	1065
9a865d9f-617c-4607-8065-caa7c6fa47fa	1123
9a89d5db-786f-48ce-85a8-4c69933df783	1098
9a8b95e6-0437-48b0-b477-025ee9d5c2f4	1076
9a8ef1d8-88f2-4924-a648-5bc9c14e3639	1082
9a9849de-7634-43e4-bd31-37fb035ee173	1109
9a9cbfc7-c42a-4dd1-b39d-a3f0a6f07fc1	1071
9a9e6972-ba56-4a30-8dda-014f3f43ddac	1077
9aa2fd65-79b2-451a-ada4-2c80d1d8db4d	1131
9aa3d1b6-e172-47ee-9ebf-b0648b6751a5	1076
9aab7f66-c71d-487b-a20a-60837cc51e7f	1128
9aaccbfd-90b9-4596-b024-a080d6ffc5d2	1061
9ab1b3be-2ed1-4d8e-bc44-fc0d8f4309b9	1115
9ab294b8-85ae-4625-a1cf-97d0fc0ed4d4	1050
9ab34170-e1f5-4f4a-a1ff-40f6e91e79de	1135
9ab4e1dc-71a1-408b-87c9-8ba1ae705bc4	1284
9ab702ca-aa0f-4922-a5f1-3e50e162490e	1061
9ab8b09e-09a8-401f-b371-cb7dcf18394f	1129
9aba0d21-361b-400f-a188-2716db909aa0	1076
9abbb56b-37b7-4660-aa12-99e5b790c7c5	1129
9abfdced-a75f-4f2b-84ec-7d1fb47d7fc5	1082
9ac5fd46-7e05-4427-8aca-7c9bce5bc159	1065
9ac6196e-9f6b-42b0-9b7e-36e330f2c1c3	1099
9ac86b04-7d73-4a13-b5b8-9dfed31c028e	1133
9ad142da-9dc2-466d-8caa-934bb8ca51e3	1126
9ae58e92-aee1-493c-9053-a3fd77893402	1068
9af63fe2-f2f2-43b0-bb75-489a8a9a1188	1079
9af8ebd2-f452-47ef-93fb-3a9215d0e5a0	990
9af92c49-5b87-4bbe-85d8-afee7c07ec68	1078
9afb06d6-4bc6-44ce-82d4-9c549036ea43	1123
9afef763-d5aa-47b0-bac8-0a0ed2fe29eb	1016
9b035b44-7b88-45d8-9e1b-d587589820c3	1066
9b052c26-540d-44f5-9a02-091ac8b0e792	1058
9b0806fe-6fd8-4252-b9ca-4a320ae68d5a	1134
9b097725-d8f9-4772-aa61-96b12d7d2ceb	1060
9b1e8dbf-89e0-435e-8aa0-1509b4db688f	1043
9b268e7a-260f-43e9-b062-cbd334c7ad71	1128
9b2b79ec-5e65-44e2-9853-ec2db8d00aa4	1058
9b2ee905-d591-4716-a381-a8fd70306d11	1078
9b311f76-d0af-4cae-8725-980e9fc3d08b	1133
9b3a454e-7107-4156-abe1-b0f432b90ea5	1076
9b4a3517-1ce8-454a-a4e4-ad8d0a434592	1129
9b4c137b-f44c-469f-b353-046403f05886	1134
9b4e19be-0ad9-44ad-afb9-de5ce6ee89a1	1063
9b53a20d-e06f-49ce-8b4a-d08b7b57932b	1133
9b574a87-5db9-41cc-b8a2-c5b5f6530908	1076
9b604f60-7a57-441e-88a9-063a0c6c828c	1076
9b677be8-c5fc-4c9c-8553-45b31a2d4b79	1010
9b6aeaf4-4112-43a4-9749-4a891a8768e4	1053
9b6b21e1-98b4-4084-bbc8-8a19c2d0358e	1123
9b6bd936-1b20-45f2-8709-d31945275c64	1119
9b6d43eb-6334-460e-bb3a-b7766faf262f	1057
9b78c12f-ca23-49d6-8540-744f5347e680	1126
9b797675-a6f4-41cb-9601-e8a34b25e2cd	1139
9b7a60a8-6a50-4d87-8af8-fe79ff4e0005	1077
9b7d40f8-70c9-4104-9631-01503acbc15d	1053
9b7f8173-5a95-4806-ae7a-43d36f429d93	1068
9b81c6ec-541a-492c-bfe8-af252dc17932	1073
9b8a4490-c303-424b-b811-0ca5c33b3f19	1136
9b91ffac-5738-4922-84db-2e7ffe3c4416	1051
9b93359b-1517-4304-9ae8-6b1f638fa40b	613
9b9420bc-1848-48ef-9d1f-fc9cbffd453e	1132
9b94fb7e-df4f-43f5-9dbd-1c96d554c5a6	1137
9b95f4f5-7a0f-47d5-8051-9bc13d9cac70	1147
9b967f5e-4953-4fb1-b4bd-cc9eda8e7414	1120
9b96f027-3130-4fa1-b17e-54b7ed05454c	1111
9b9a48eb-dcaf-4387-8143-9cde0fd7a7db	1136
9b9edee4-bdf8-4707-abd3-3b1b179b9129	1124
9ba2a7d4-b1cf-4282-b0b4-a2d59717dbdc	1149
9ba30bf3-0816-459a-b1f8-895f1c47ec5d	1071
9ba9acbe-8c92-4f9b-b734-588ca415c4dc	1126
9bacdb9a-f70d-4c05-b6cc-2a2285fa3996	1129
9bacf992-dcd6-4284-a785-6d85f959f004	1130
9bb0a9aa-110f-4c8e-a2d5-e1463b3943bd	1109
9bb16dbb-fa10-428b-a3e3-5d15c0c4d312	1127
9bb40a2d-9075-4f18-bb6b-c64dc41d6be5	1145
9bb7c7ac-2715-4223-955b-359c0dda841e	1115
9bb87cd3-ea86-49aa-97c3-d24e97a5ad16	1079
9bba6a25-96ee-49ad-9f12-2d2b1ddffe70	1119
9bba8f44-0b2a-462b-a25e-615796844cdc	1076
9bbb67bd-08ca-4b7b-9e0e-80efd06ebe9a	1132
9bc1e3f7-9d93-4e6b-898c-fe6ed21910c2	1119
9bc59c54-12b6-4fb6-9a7c-4a6a66c122c9	1133
9bc5f3e7-fd06-4358-8603-65b9376fe6db	1069
9bc6472c-c56c-402c-87ea-da029fbfccab	1139
9bc69497-7a4d-4634-9df2-05e69942e564	1131
9bcb9d8b-2f12-414f-a8ef-b646d94a6d56	1132
9bccb8af-5d11-4881-a55a-823426bdcae0	1130
9bcf6bac-9706-4f21-a61b-dad169efc9b6	1137
9bd040a9-67d8-44be-b3c9-51530daf499d	1124
9bd507f5-27fd-4dff-b432-274f1615b360	1062
9be5a3af-96f9-438e-9d62-2bcac32e3bef	1356
9be7e06f-a0f6-48d1-ac83-4947705c0786	1057
9bea5961-7207-4589-8e75-4aaca15f0652	1114
9bec1a6c-c39a-4535-a90f-8a780204fa5b	1080
9bef0c85-7ccc-47f9-ae0f-e241d2424fb7	990
9bfef67b-6015-40db-98cc-2c1d10100cb8	1558
9bff8aee-a70f-4430-b54c-4105816b7c81	1072
9bffb83f-c46f-4503-a707-c5fd9bc735d0	1062
9bffd938-2889-406c-95db-901005d76561	1129
9c004eac-8eb7-458c-8645-377c73532c38	1129
9c0395b3-b9d9-4872-9d50-221c280619ec	1142
9c04c8c2-b488-4c21-9325-8e6c44c495ea	1138
9c059c7a-265b-4c9d-a13b-abbc071385fd	1129
9c0686e9-3127-4797-9cfa-32755ea61da6	1061
9c06ebd4-a1d6-4d74-953f-df331dac4a32	1072
9c07383f-7b82-436b-b276-eaed254f3f10	1141
9c115828-51ba-426c-8fcb-d28ac55af586	1076
9c145f67-eb86-4e37-ac9d-a5c6e0afc5e1	1050
9c233901-ed60-4d92-b0fd-b6a10c284989	1133
9c24700b-a519-4872-be7a-86024ce84db8	1062
9c25ab23-921c-40f9-b5cc-990fc279aaba	1130
9c28aace-3e78-4622-921f-eb3fcab7b50b	1087
9c2c03ff-87ba-479a-9939-4cc4fcf2c4ee	1074
9c2e1994-414b-447a-8216-2a5e9a682f0e	989
9c2e8d80-7966-4ec6-99e3-e2075f287b17	1058
9c2fe13b-5fdb-4209-9b97-4498f4edf47b	1069
9c30db10-36e3-401a-a0f2-a5713309f17b	1072
9c398c99-a838-4d44-96c5-ae7188a2feeb	1123
9c3d8873-71da-44fc-bdaa-2b925bba0310	1071
9c3dd10c-9d85-4125-b85d-41426e7e9117	1093
9c3f296b-f879-4fac-8d45-052e62a17f57	1075
9c429403-2fa0-4b4d-8b52-7d63658a932c	1123
9c47f3ba-3f9e-468b-85ce-663f3fc0f6e6	1083
9c4ba6b8-898c-4a9e-978d-80653b3cb594	1053
9c4e826c-cd9c-4fc4-a321-97a8b89cbde4	1136
9c50daf1-3c48-4751-aaaa-481e83d291b3	1073
9c50f201-0e25-475a-8aa9-902bae60a623	1283
9c52b73b-f112-485e-b5ba-45601d7cae3f	1104
9c52f3db-97a6-4d40-b33d-558a54317b85	977
9c54cc41-d8de-4e75-b34e-c2a01785b1d2	1081
9c5a221c-90ec-492a-b146-514e98be0a5e	995
9c5a4b31-209b-4814-928d-806c9ea83be0	1075
9c5a6997-2ca9-4164-8455-d8ac6450b817	1117
9c5a9ec6-368b-42a3-a4c5-d8036adbf5b3	1136
9c5d3cb0-701b-4a03-ba13-f947e2358377	1059
9c5e9e34-9bfb-4f61-8b24-cbc48c402d4d	1062
9c5ec4d1-37e5-4bc4-af54-b242e3f8a100	1145
9c5f97b1-25e7-4292-993d-4665fb833aec	1123
9c63b9a7-02ae-4872-bdb2-3200e658604b	1052
9c6470a1-697c-43b9-9b04-6406b5295e23	1127
9c64b05a-44df-490e-8a3f-2782959e73d1	1129
9c64f6db-57e8-4809-9aac-0f102a5eeb65	1042
9c6515c5-0f24-4f29-b59a-ff9984821d30	1004
9c6c576b-f23e-4803-9df7-a4d662577ac7	1071
9c6eb95e-5972-4753-ae6c-419c4945a3de	1113
9c6f9f7f-795c-442c-bc09-10ca2da0474a	1097
9c71776a-6060-4c8b-8fb8-5db6b8d924f0	1068
9c72ea1e-7180-46cf-85b0-1b3f68a2161b	976
9c7e2f8b-6579-4842-989d-6df2b2ab5777	1135
9c814981-c435-4d09-92cb-0d9987e32dfa	1133
9c823bca-17de-42d7-b125-cd5cd16d00f1	1121
9c87fd47-5125-46cd-9cc1-576c44bab6de	1133
9c8b1ff9-06e9-4f63-830f-fb4f025b15eb	1079
9c8b64bf-4bb9-4c8f-afc5-6c45cea59e75	1051
9c8befb7-a245-4ff4-8ec5-b4812130ca09	1139
9c8e7266-b920-464b-b1f2-354ec3a3df3a	2078
9c94a39d-7295-4db2-8930-721899e93938	1065
9c9872c9-9f36-4d61-96ad-c30554982611	1140
9c99d48f-a69a-49c6-833d-0c2f4d70af49	1075
9c9c19b9-3222-40cd-9b41-fbaeb6e30835	1071
9ca30a76-a162-45b5-af75-c945c27bf490	1078
9caafff0-b1eb-4d38-8dd6-4b5bdb13ee6f	1135
9cb2bf3c-001a-48ef-ad31-7eb8098363c7	1066
9cb44b01-a27b-4877-a6f4-379656d3c312	1135
9cb6927b-429f-4c59-bfc9-6414b29d045e	1145
9cb6f489-a453-435f-b8a4-d1df8df0239a	1136
9cb89593-bf6a-4c74-ad62-d74fec511be2	1129
9cc1881d-8131-4090-a310-1079f701ddad	1127
9cc28b16-9223-4736-881f-f9518fb620b6	1076
9cc7fe89-fc3b-452e-aef6-38b9b8b7a16a	1012
9cc91dd8-f202-4916-b8b5-785d40da0038	1136
9ccaa203-0de5-4b5e-98db-1920c1b8bf6f	1082
9cdd6462-dcfd-4780-897f-f441e36b845c	1073
9cdf8ebb-77ad-4c55-90e1-afc3325f8811	1079
9ce272ef-8d11-4685-b031-b594ec30252c	1129
9ce64ec5-758d-415a-9d8f-eacc8af1b47c	1141
9cf1957f-b402-4ea4-b874-0d0b21d60b22	1131
9cf76525-644f-4a4b-91e1-f8a2d794a5a1	1137
9cf8c19f-a7cb-4411-b127-23c983b87a9d	1070
9cfb24ef-45cd-4c57-847b-4d9139335fa8	1130
9cff088f-2e22-49ef-9799-ff7c03691de2	1133
9d022d2d-9c99-436c-ab0e-e3bc545dcc49	1141
9d0487ad-b1cd-4cef-b1e7-a136b697ee3f	1119
9d091c4d-17a6-4b01-92b0-4563f1a1d463	1040
9d0ad190-7f05-4f6c-87a9-2f0eef3ccca1	1078
9d0da182-c95c-4f6d-abf5-1c4917c0aaaf	1066
9d0f3c6f-e535-4504-adba-73c47f180d97	1122
9d149e87-dc47-4850-9963-35bc8602490f	1059
9d1b8e4a-de04-45a8-8ac9-3d26b4bac8dd	1118
9d212078-e54f-4bf9-b94b-5b65e072944e	1145
9d224795-b9dc-492b-b531-bd270ebc22e4	984
9d24f552-9649-472a-9edc-863e0625c3af	1138
9d275474-a5bc-4c94-8700-aa442e070061	1068
9d29077f-78ba-4f1c-965a-80132617065e	1077
9d2a1202-e903-4fbd-be41-679bad241955	1150
9d2bfe50-eb46-4087-a5e0-b63869fc91d6	1078
9d2e0e7b-37c7-43a9-a53e-380c74e59abf	1077
9d30ad4d-5d3f-470c-b23f-7ae70a239f1b	1074
9d3414d3-24cf-4559-a6e1-d664b68dd775	1073
9d3660f5-f190-4df9-b351-7e11a2315a3d	1104
9d38d7a0-53e2-4ce0-847b-29637b9a4f7a	1134
9d39453e-ebc1-4e24-8bbc-55707d14f372	1058
9d3ca934-ec4a-4ceb-822f-3b2d642fc805	1123
9d433173-e22a-4f2b-b2f2-5578436183ee	1056
9d4574d8-a7e2-4110-931b-708114f57501	1136
9d490177-2834-47fc-bde5-22f936228da9	1113
9d494581-cf94-452f-a3b7-7ba46cee4582	1075
9d49735a-d194-4d34-8c22-eb36113d3a4a	1126
9d4b5eaa-20ef-404c-83ac-f15bab68cb5d	1139
9d4de205-e7df-4b73-9cfe-3129f2ab552f	1069
9d4e6b84-923c-4434-9ad6-cc054b9aa98c	1115
9d53bc7b-e279-462f-9737-268df6626d23	1135
9d5b6632-bc11-4bcc-aafb-5c6f6537ec7b	1138
9d613755-f031-4404-b41f-2acd60cc8533	1078
9d664b8e-cd7c-4135-b6b3-1c4450e83dfb	1112
9d67084c-d9b9-4601-9a4e-d39ecbac0431	1076
9d670a6c-db48-4921-a860-cf2e160812b8	1080
9d688df4-a43e-4564-b9f9-af7026595b6c	1081
9d6fed6e-a273-4473-a40d-b8eefc4f99a3	1084
9d721362-f7e0-48b8-b9f4-c41ccdb3dde5	1133
9d772399-035a-4a55-b585-8f7b9ed90e04	1055
9d7fcb07-273e-458f-ad65-8ed54fe98c43	1075
9d8254e6-0716-4132-98ac-3d584d1b3d20	1081
9d883d62-d8da-4190-990e-d3314081689c	1080
9d891f46-54d1-4612-bfc6-01c5d4707720	1066
9d8ee7ff-4204-493c-8764-71eee372e9fd	1111
9d8fc40b-8312-4271-b5ab-9a4ca7d191eb	1124
9d91c7a8-5247-4099-9159-31175acfac93	1075
9d94ac80-c713-4054-beda-59d316e41b45	1076
9d9680e9-823b-4408-9f46-03043770b440	1060
9d97c7db-4d87-417b-9638-e6b7b0127b24	1071
9d98d891-dd8b-4bb5-82b8-5e8870feadde	1527
9d9c05e3-7ce7-476e-b5fe-f9845aa83f9b	1130
9d9c88d7-05ab-4e51-9517-3c79b028682b	1070
9d9fe255-8a8f-477c-b27b-d65d22a85f19	1075
9da36ebf-a6a6-4eb6-ac62-e91077f5421c	1145
9da77c69-bedd-4713-b418-8321b2085984	1113
9da8732c-3989-4529-801b-b76695504750	1070
9db03640-499d-4b81-9cdb-0e2d75cbf6b9	1153
9db30b67-a59e-479a-975b-780a80fbd033	1138
9db9ae52-4f47-436f-b862-a78f7462187c	1075
9dbb12ed-d64e-4299-ad26-4a3287857158	1082
9dc2b9be-5dde-4c85-afcf-797fc3992f30	1133
9dc9c71e-9c7d-409a-9962-b66d7af041b8	1064
9dcbc454-b17e-4517-b8de-11cda295037c	1074
9dcd536a-006b-4b1a-b499-925c449d4d14	1123
9dcd9969-39ec-4767-9e45-69f05fc86552	1004
9dd172ea-cb86-4cd6-9557-dbf26c15df00	1140
9dd36d9c-c413-4837-b202-9d15816aac68	1135
9dd3c70d-9fd2-4fd0-9b98-abcee0fbb0f7	1128
9dd777db-1858-4b2f-a8ce-c2720d11f71e	1062
9ddfa389-2cf4-438e-a72d-1e501adee569	1061
9dea0168-b03f-4789-a340-363e03a9f6ce	1078
9dec8041-131a-4f2b-b3db-548e9430d779	1124
9df12e99-3149-49c2-93ca-069dcbaccd92	1071
9df612ff-6724-48c6-ad97-202e2e64ac81	1074
9df7a663-ea3d-433e-838a-8fae9685130b	1057
9e05a70a-2701-45fd-adbd-f6c2a1e039bc	1076
9e06ceed-0057-4360-861e-a6b28532caec	1073
9e06f2a8-bba4-429f-b157-c8b945511399	1136
9e10b396-7936-4801-bc55-196ac645d417	1113
9e11961f-23f0-4e3b-ab7e-0d0885492b16	1130
9e11c628-27f8-441c-afd1-de2e2373b384	1059
9e11f38e-aa72-4c2e-adb9-0a3def6ac2fb	1102
9e12ee29-d907-49dd-a388-908e3a81c8cd	1951
9e13701a-0a44-4ebd-8b28-6fa0cdd8baeb	1130
9e1add33-2c68-4da2-8ea8-573458cb2ea7	1123
9e20e100-9c55-44da-bd36-cdeab6583388	1136
9e22c28d-b794-4dfb-a7e4-009f9e5d552c	1136
9e29ba63-ed3e-4454-8a45-7d39550bdefe	1088
9e2a56bb-9fab-471d-bb2a-7a580de5731a	1114
9e2bd551-669d-4241-a713-ce326682e94f	1072
9e303476-1338-40d1-92c8-b786d36a4dc4	1122
9e34d268-61e6-4a32-9b93-d2b56d5f3344	1147
9e377b91-cce6-47ee-8f34-ccafda60708c	1070
9e38abd0-6c23-4343-925a-7cd4ad2e2ea2	1120
9e3948bb-772f-4dbe-a9d5-529be62f95af	1048
9e3d5589-51e6-472c-a27e-4fd05e4df910	1119
9e429ae6-5c76-4b90-a05f-4913e7549fda	1086
9e4820a8-e547-41c2-afe2-a514e579ebb2	1140
9e4b978d-d0ef-4e20-9774-9a6482eda413	1068
9e4ba99c-bc68-407e-928e-c6a4c8d36e5c	1109
9e4d284f-580b-431c-9549-1261fe5e2414	1125
9e4edf29-ee2c-4866-92f7-0a7a8af8fb91	1054
9e52bdd5-c40b-4917-8583-52cacf3b02cf	1065
9e53221c-ff00-4969-9266-3327e26419a5	1066
9e555121-ca9a-4ee2-9cb2-92551a7e4775	1147
9e59e712-9f63-4ed3-a626-a809cec0c610	1100
9e5bd4c5-4666-4087-a291-6f31cc0ce4e1	1130
9e5e7811-f7bc-444e-9a31-86bbe15848ca	1080
9e602d1d-167e-4cc8-9364-497e892caad9	1065
9e612233-3855-4d71-9126-2f26068cd16c	747
9e624876-6582-43b1-9475-e5cafbad3169	1132
9e6a4747-574f-4926-8d05-07ccfdecc779	1067
9e709ff1-2314-4b3a-960e-bfd61af8c39c	1111
9e72764c-68f7-4130-b752-8a2cd214151d	1132
9e72ed83-dbd7-4a92-a9be-ec22e394b8b2	1135
9e741464-5193-434f-aa74-a3a7898dfdf3	1060
9e746d4f-5ccf-4d81-a717-c0a07a449029	1126
9e800fbb-5e04-4aff-9802-e918ebf995c1	1134
9e81b3c9-2dc7-406b-91f1-43247255efee	1133
9e91338b-63b9-482f-bf72-94b49259f40f	1048
9e937630-968b-4717-bdf4-e73f9d34e4bc	986
9e9835a4-6621-468f-a93f-03b95b017579	1116
9e98372f-5842-4d1a-ae45-de78edb5c7db	1061
9e9948b2-228b-404e-925f-782b2d7c80bf	1051
9e9a7b61-6ae4-4cd6-ae86-5fdf489a0958	1055
9e9ec360-4e38-4d70-a5f7-e71ad7fc2bb6	1065
9e9f0c24-c903-4fc7-bc2a-680d083d5bbe	1138
9ea6d7d6-1f0a-415b-887b-a92116258d2e	1074
9ea7b326-a4ea-4b67-9922-946819b19bd2	1124
9eab3272-d1f7-408d-b24a-5fdaae5ea156	1134
9eb4d857-b07a-4c23-b663-f6394a2199d2	1138
9eb94e77-b844-456a-aeac-35fd394203cb	1080
9ebb5c87-e292-4098-bb24-9cabbe961fd0	1129
9ebdf3d1-c0cb-4f19-a0d4-bc4e53603d71	1073
9ebf4285-1dff-4c8a-aa72-b70687d36505	1128
9ec7afc5-ad09-4c0f-ad1b-b176a35ffeb9	1044
9eccf8b3-a5b6-46a6-a6ee-582815716b8b	1058
9ed025da-e0fd-4195-8785-8ab0b0912640	986
9ed17908-0032-4f22-b87e-271404c79106	1069
9ed3d97a-483c-44f5-a9b6-c50a00b7b5d2	1126
9ed4c5b1-0ac3-47ff-b409-14c49289fd3b	1072
9ed5afb4-0906-42ab-8915-5ffe522a1aa8	1131
9ed7421d-9818-44d3-ae3c-ba79ae9e895d	1076
9edee9d9-5739-4df9-b871-8a8b287c149e	1060
9ee09407-3169-4d10-b3a8-28d7193801f5	1140
9ee2a2f6-a0ea-45b9-96a2-88c3e46345a1	1076
9ee2d82d-5e73-4166-b44c-28b364ac012f	1122
9ee3f0e3-7f89-430b-ab2a-d92bf7b31f68	1144
9ee5700b-4615-4196-8f8d-791c2d86d9b6	1036
9ee58494-fa08-4b7c-91a4-2416ed6af3fb	1052
9eed2e0c-8bf1-4c7c-8dc7-bcb058eafd2e	1049
9ef130e2-ab52-4c0c-8e8e-d01b7269855c	1052
9ef4699c-d94e-4040-afa1-6fee7eccbc21	1127
9ef46f40-befe-4ecd-b038-1abb1d79f343	1131
9ef5863f-217f-4515-98c4-11f27fa021e6	1065
9ef83b2a-604f-4b8c-a9d0-b1748cb79ad0	1127
9ef84a84-20f2-44f7-80de-7ae02d4818fc	1127
9efbe674-be0e-4054-b7e9-bf86095e219a	1074
9f02c90e-5d5a-48df-8862-660300cb1940	1051
9f038881-d7ba-4df5-b795-e50495ca5586	1065
9f06b2aa-1436-42d8-9f68-5e6024439a0d	1072
9f07d0fa-f263-4a7b-a115-e52dacbf7037	1098
9f100011-2aa8-4721-83c3-691d6a262617	1135
9f10d72b-f80e-44bd-af32-ae99e6a20f46	1134
9f1220a3-7300-4da2-965d-5c24bf5b9a88	1131
9f15137d-6456-49f4-81a6-b5c0a2c4097a	1079
9f18b263-c3b1-4c84-9893-80881bc4cd5f	1080
9f1ad979-3929-4342-9cfb-31abdfdd8c80	1053
9f1bf484-bc0c-44e9-b5f5-71d4ba0bf2dc	983
9f1c6417-bb35-485e-99d6-38492e8c428e	1133
9f1f9388-40a5-4b49-8c74-990e0a73bba4	1120
9f27eeb8-3207-411c-ab0c-0554fa46a211	1141
9f28efd4-4e67-4f5c-8d7b-671dcfbaef37	1068
9f292aca-a5b2-421d-ac37-cffd2b026800	1061
9f2e2c48-146d-4d46-a7bb-cf46221dc268	991
9f331b43-7933-4f89-b2c4-2f6ea50e9461	1131
9f356644-dfa1-4648-80f9-47c6da36422b	1062
9f3863f6-fa26-492f-8bfb-999d71c2fcc5	1141
9f3d5424-f803-4137-90b2-5e1454779593	1073
9f3f6aa7-d79a-473b-8bcf-9e3673794ab5	1135
9f41bd37-6a33-4ac8-b5f9-b2d67fd7d2d6	1128
9f4249f3-4170-4ceb-ad5b-774dc337a0ac	1144
9f43f559-128f-4fcb-afdc-d9a1e0e0a289	1069
9f4848d9-1967-4c9c-8f8c-106c775e3060	1126
9f4b0305-2ef0-4810-a0fa-5f7682386fda	1133
9f4c1175-0069-4ab0-ac80-b2b167866e6a	1127
9f4cd9f8-5d08-427c-a05f-bc9b211e44bc	1077
9f51da34-3850-42e9-a919-d055d7f46d62	1042
9f556746-6461-4092-b085-ae3d4a676c11	1111
9f590c82-056b-4fa1-8824-31d1d704f759	1135
9f6001b1-6541-4adc-b91a-79e42193d9df	1137
9f616f52-fca5-4d9a-a167-80a8a4a4e375	1065
9f62cd8e-c312-4e66-9f57-4467f4a40715	986
9f65bf69-1d6e-48e3-b49e-135211b66f3f	1133
9f673518-2819-4397-a645-6825fca05b85	1129
9f687b23-947c-4e9b-a4eb-c7563c3dec5a	1134
9f69253b-d3cd-49d1-944d-aa63696d779c	1096
9f6b156c-6439-4102-89c7-1eb184f7f988	1059
9f6f2200-e874-4ee1-bb3a-c7b74328682c	1132
9f776dea-ca96-4977-9a63-87c19edeed07	1069
9f7d9299-6782-41ea-b247-5ebff4316f22	1061
9f83bd8e-2433-4791-aabc-ffdc48bb972f	1069
9f89ebdc-35ff-43a5-80d5-246ffea8d8fa	1058
9f8c4b44-374a-487c-8001-91cbd7c5929b	1047
9f93dbfd-a948-40a3-ab21-95938a0f7929	1065
9f9bb4e6-7117-4ccb-979a-8814392332d4	1086
9f9be409-1926-4662-8c4b-c726fbf097fc	1084
9fa21249-b595-44a2-9bad-6799b9567b67	1134
9fa7a5ff-d7d5-4829-9165-e8bdcf976adb	1076
9fa9b03b-3d1b-42d5-90b9-8b44e2921fb5	1124
9faa8020-0d53-460e-8e04-6d722004c0c9	1103
9fab1ff5-f437-42a5-b935-10e7aea1e0e7	1066
9fac8e75-97b2-44c5-bf24-24448a029b71	1126
9fb0eac3-ba5b-498c-9eed-2688b35b9916	1134
9fb219f3-430f-40d0-9f68-16338f0e9748	1132
9fb714a4-1fc9-4e9a-a7c7-6e12fc2c96b0	1075
9fc0b103-a21d-45fa-aefc-58b75478f207	1069
9fc3df9e-2776-4faa-b33e-be66d75f49f7	1120
9fc593ae-2882-4e58-9f91-b98970c48b7a	1122
9fc5a136-8fd0-4cb2-b02a-dd4648e7c4a2	1144
9fcc16f7-69a0-4d09-a9e3-473a6ee72d2f	1121
9fcdabc4-66a2-46bc-be49-cf5c07ac9b6c	1130
9fd039f7-103c-45ce-8062-be8916250435	2052
9fef33b2-df96-44e9-aebe-1bbb62cca84d	1078
9ff3a2ce-a78a-4f8a-9ab2-6c80e984486c	1076
9ffaaf58-af61-49fb-8b4d-09124163519a	1293
9fff0846-ebb6-4f58-9d4a-780b3b081903	1055
a0052e3c-50c8-4dc6-8771-19d9d9946dcb	1074
a0067fc8-2660-467b-b314-c44a5c0a995e	1140
a0079776-373b-457f-8f18-f72b19cc089a	1126
a008370b-7c8c-4e18-9602-398cdd5f23b7	986
a00cf85b-7996-497e-94cb-c26e3c4a77fb	1141
a0133763-379a-467f-9179-7a23aa8c0804	1123
a014a773-dd6e-4b38-a561-eaaecb32d2f1	1126
a017d212-b6b7-42aa-9992-948a240bd481	1067
a017f123-cd6c-4e48-8811-708d239540f8	1079
a01cc708-5575-43da-91e2-123a9d0acc04	1132
a01cc844-9f57-4be6-b45c-9efc932b8748	1073
a022669c-e1ed-4abe-881e-2e3bd4183291	1132
a023aefe-3c59-432c-9cee-f48fca8aeee0	1126
a025bd27-212d-4053-80cd-bc643fbc17b4	1135
a029445f-0fcf-4d50-8673-ec578815a972	1137
a02ae2b6-5bdb-4be3-9ad8-5564c288fec1	1140
a030280a-8ed7-4d32-9ef3-84190cc1c27b	1095
a03278ff-048a-47b2-96e4-51499248042d	1128
a0341607-2996-4f8c-a8f2-59241703d520	1075
a03b11ff-85bc-4930-95c1-74090da5cf74	1331
a03c13d4-744f-4b9c-a5d0-fcca27b9eb89	1075
a03ce133-5d42-44fd-bded-5ed834a5ab65	1133
a03e3de4-0546-4479-acba-5b008a6d33fc	1073
a03fb6e3-1ef9-4280-b3fd-56e0fe1a958f	1075
a04051f0-fbaa-450b-8b3f-96a9efc55134	1138
a043d5fb-db22-4c0c-8a77-9872854d47ce	1129
a048c850-0759-4ae6-8d1d-2023ea57f0f3	1069
a04f3a05-fe2a-493e-ae6b-e48efb314a1b	1062
a04fa801-2095-49ee-8c87-1d65697807c4	1134
a05057b0-9a00-4a0f-9e53-7956154f767a	1078
a0533060-109d-41d2-8e39-1a37f5abec65	1102
a055204c-62f9-4622-8e7e-0670c7af990d	1122
a057a031-39a4-4a30-987f-73f87fafcd4c	1137
a05fdc8a-cafc-4ad3-b35e-fcbdd551f077	1137
a06078b4-ac0f-4849-9f4a-6cc343009bd9	1046
a06b4b51-c891-4e7d-8f82-4f387d0c8bf7	1074
a06e0da4-97cc-4dcb-9dfa-ecb354d41b7b	1043
a074d775-fe54-4916-ad1c-b2c19f89ff10	1075
a0796525-7565-4899-b792-1b920504d52b	1133
a07fbc73-6527-4ea9-ad99-543e6e19e581	1127
a08688aa-9e46-47b2-891d-e73c80dd1fb7	1068
a08cc5ce-9492-4136-a372-502ecbde52ca	1136
a0933557-4582-4358-8b77-a643806925ef	1127
a09b5f39-a1e4-46b8-9e3b-dde5c641da1b	1075
a09c5d72-38de-4c24-b68a-70b203712073	1131
a09d916c-a730-4533-95a4-0dddd80d6713	1064
a0a17f42-e609-4fae-945a-d6b696029ca5	1110
a0a50927-1727-4df6-ba99-e6f408ff5e70	1047
a0acd708-a717-4f49-af2d-1ff397a32a15	1083
a0bfe9dd-abd5-4fcf-9686-7f43c1eb790a	1045
a0c1abe2-4cc3-42fe-8a70-f9b04bba0443	1080
a0c4bb2b-2305-4551-a422-09f9c1f59b31	1068
a0c9c5aa-96c3-4de0-87cc-1effe7175b3c	1077
a0d30655-7134-4317-950b-d4b417d16f8c	1133
a0d5eea9-c12c-44eb-8c23-6df4ba3badd1	1071
a0d958ee-dbdd-4b4a-9127-0700865c14f4	251
a0da3626-07a6-4526-9d4e-a7a6382e1834	1075
a0ddc38f-cfb1-4c1c-acd2-3e22de1e9d20	1072
a0e1f3fb-06e1-417f-811e-6f8d04616ea9	1038
a0e7394c-fca2-4f99-b1c1-94b106badccd	1068
a0ebebb0-35d9-4706-bc63-a1158a2b373d	1131
a0edb35e-5725-4540-a1e0-9da25c89d223	1118
a0ef77ff-116d-4752-b924-165e7342b7e0	1131
a0f0f59a-b041-4122-8d4b-f06204f9677a	1063
a0f67301-3788-46fa-b265-0ca48e5ea5c4	1130
a0fdd6fa-5a03-4d22-a3fe-54bc257dd8aa	1078
a0fe42b2-01ac-4c77-9e99-a5f46ceec6f3	1134
a100fc71-8f9e-4d3a-b00c-630e5703742d	1068
a102e0df-a606-43eb-b631-e6dd7d6bb1a2	1134
a1032cae-9b8e-4fa8-8737-a96a7add01c5	2092
a104a3a9-9574-468d-a0e5-861f491c4cef	1128
a10c3ca2-edb7-4616-9b4b-1722c65a1e38	1106
a10e156d-1115-4bb4-943f-9e134f07382d	1122
a11624c0-b3cd-4553-8906-53be875a0e36	1135
a1200916-4c74-422e-bd32-53ac8b067541	1048
a12a5203-54ed-41ed-9793-74c60a536493	1138
a12c0814-09db-4834-9da5-b30b4f1c6213	1110
a12ced99-bffe-4903-8ea2-9cbb7bbabb33	1064
a12f08c1-86f1-41ed-9500-f8633d4499a2	1066
a1312f7b-9f96-4d70-8a29-2f0b309a87e4	1147
a134a437-b127-4966-b3c4-7e60d0aabc54	1152
a1372a80-7215-4b8b-b332-00a6adc90270	1133
a137c171-bd78-42e1-b888-515a82726d68	1118
a141b57d-ec4c-4cdd-b63b-7abf549899e3	1049
a141c053-3313-4e97-8931-1405a92ef727	1131
a141c233-46dd-4e50-b554-eda965def6ae	1065
a1430f31-391e-4408-8419-ff6cd5a17aed	1071
a143cb56-db1a-45d4-b598-196770b0e8bf	1074
a145d1ce-05ba-405a-b34f-e13ed347020a	1132
a147c7e1-652c-4af3-bf68-4ab6258c6c0c	1329
a14b617c-1d4f-42a1-accc-16dd74acc332	1137
a14c2b5c-6818-466c-b72a-a5e6bb7d0965	1066
a1552980-bc60-4136-8a92-694112c3fd84	1068
a1577130-2a81-4ee3-8653-29670d9b4c3d	1125
a158493a-348e-4c77-891e-8543d79da602	1055
a168134f-a291-4d9d-b91e-b6533a75283f	1988
a16ae31b-8036-4b59-82af-8e759734b31b	1134
a16d28b3-0022-4557-ab2e-05c8f2742aed	1124
a17158ac-269f-468e-b78a-2cdf8cf686ba	1127
a17390ad-66c1-430b-b59e-f843ca7ee3ab	1065
a173b072-f18e-4194-a5bb-d8ce4c69e922	1134
a17782d8-d2cb-4340-a129-0087c28f1de4	1048
a181c849-9780-46b7-a734-f56e35647fd9	1074
a18c4965-e01e-4ca7-a14d-08aa3a8eb86f	1124
a18fae47-f487-447c-af21-20d92d47af2c	1076
a1944c69-e3a2-402c-9c54-261fd1c396a0	1087
a1967e39-589a-40c9-a5ee-ace2fbb10cb2	984
a19eefe1-2cda-4bf1-a879-038af826e647	1130
a1a37462-c718-48f6-9929-a69250f45497	1073
a1a97d06-ca22-43ea-84d7-6ceeef13b653	995
a1aa4311-557e-4ac4-82a4-2a415a3cd349	1105
a1ac1ffa-9e5c-474b-aacb-86b314ce5d49	1140
a1bd990d-bb15-4859-8f0e-64646b703cd8	2210
a1c5cce6-6935-467d-afee-aa626d9ff5e4	301
a1c83762-f355-47d7-882a-fd5c93933dca	1075
a1cad49d-5f0a-4adf-b015-90e6d0e46fb0	1192
a1cddf91-fa54-4430-9046-f0007005dbe0	1069
a1ceb283-f9d0-4ea2-a2af-eeb100244a5d	1132
a1cff486-2416-4f75-9e54-42a2e52eefb5	1096
a1d5aaa0-cef3-478b-9d90-806c1106bc5c	1136
a1d86847-7678-4011-97f0-e29c02cfb85d	1078
a1dde916-1510-47a7-9e3a-0fb00b359f96	1125
a1de1982-56d4-4a11-90b9-aaffa6024813	1000
a1dff6bd-e39e-4dc9-bc1b-e60a5f9f7acb	1105
a1eacb22-d082-4fc7-b441-258b72d3181a	1079
a1f014eb-3d82-4e08-b638-a33a566fcfcd	1119
a1f1986f-ab2c-44e4-9777-4cf6257c3809	1076
a1fc73d7-aedc-4225-8a7c-949f30d4f09e	1036
a1fcb344-11bc-410a-852f-6f8af23af4f4	1078
a201d2cc-c329-4b79-8d92-8a679d01209c	1137
a20582dc-f675-4538-839f-cd4ec9fe1d6e	1144
a2140327-36a6-4ab2-bbca-3e01afd702a4	1071
a21779b3-d1e0-4c46-bc3c-76cdb826eda9	1054
a217938d-dd65-49c9-9464-ae72dccab708	1092
a21ef955-8f47-4d9a-aaed-9c47e3083a49	1070
a2205343-8930-473c-b048-990d3f1d3a8d	1074
a22af766-faa6-44d9-9867-7fa192445a18	1141
a22d9d40-99bd-4c84-8618-5af7fe77d31d	1138
a2312af1-2fca-431e-921e-396643a3a0a1	1146
a23981de-769d-4ade-89dd-15bca8b14533	1136
a23ff592-7141-4d1d-8918-51ef3d88af61	1059
a24b0f16-ebfd-4ec4-9a3b-ec4db0dfd251	1140
a24dc77c-1827-4427-9404-6742a3443a7a	1136
a250853f-ef87-4c3e-b042-8afe25b3753f	1098
a25097e1-7dd1-4f25-9188-b9dfd5cdaee8	1141
a2517fe6-03c0-49c4-b8f2-9c3be3ff3026	1078
a252e3d0-39df-409c-b194-0fbac273c368	1131
a2555f95-e491-4f98-9d8d-ae3762cb7952	1094
a255d2b0-9f6e-4293-b330-edd8b57a72ee	1069
a25ae4f1-3e8f-4910-a2f7-2a3dd5c1c020	1131
a265264a-9ff9-4f13-bafe-5fc083eed6a1	1127
a26bf271-ed09-4eed-9ce3-58e2f5d46f96	1078
a26d8387-1cd5-4ec3-8c67-8b9fe0fd4a91	1130
a26e8b17-0ae6-4318-9484-a1f8c34e5599	1119
a27092b1-a6af-44df-9713-c58d10c3b7e5	1053
a27734d4-bed0-423e-8c5e-af1f47d1cc45	1081
a28d839d-4901-41ad-8367-aba46d5b5688	1069
a2907f76-f43d-4a4c-a567-e55cb6af7ee8	1063
a2952c61-74bc-4b08-acd5-ce1a8e0e550a	990
a2966e78-1feb-46b5-8e3d-32069dc889a6	1071
a2978c79-e464-4191-978f-87769de6ab7d	1067
a29bc59b-b6f7-4922-8501-dd48d59e4950	1042
a29cd9f5-2c30-4cdf-97d4-5cc6dbff3418	1072
a29fd513-42b9-4c16-a338-2a6360c56dcd	1052
a29fd713-daf6-4ae5-ad81-305aecd62538	1189
a29ff07e-6c2b-40dc-b006-bac7a3d2ff55	1075
a2a660e4-f451-4e23-a5cb-6d1923aab04d	1079
a2ae859a-c95c-4b32-9e45-84371b4bee97	1127
a2af2102-245d-44ff-8ffc-34d9ecdd942d	1124
a2b1c167-bf6b-4a5a-8188-371980656ed1	1076
a2b1fe80-3c5b-482f-afdf-a7351a5f4078	2142
a2b24a9f-2f0d-4b82-a019-41167ebf559c	1123
a2b36236-0d8e-4e98-ac8f-0ff1ef522a66	1071
a2b77b0f-6f47-4165-9b38-b239c32b3a1d	1133
a2b85554-61f4-40da-9b08-cd4841c1bd9b	1138
a2bb1ff0-056d-4773-ab44-10f6e1c7138d	1351
a2be90d6-7cc8-4e23-807b-6788a81a1a38	1072
a2c432d8-676e-4b54-8cc6-a2216945ec21	1136
a2c484f9-4440-43a7-b2cb-b9b471746c51	1061
a2cf5406-5e11-44e9-8711-7db71e7ff18f	1087
a2d1289e-341f-4154-a231-693b93b4fd60	1055
a2d6c973-025b-46d8-95e3-e1188877ce3d	1138
a2d79732-2127-410c-907f-6e43c993b00d	1137
a2e0c7b4-f535-4463-a15f-e88d49dc9d81	1128
a2e2abed-5460-4a40-b1e3-f1953c4103f9	1034
a2e3da53-b1cf-41a6-baae-92881a88d80d	988
a2e7affa-72e0-433c-af15-69021f7e355a	1074
a2edd719-824a-46fc-979e-f7a8a2c5a41a	1102
a2ee0842-c61e-4195-af7d-041e016f0021	1115
a2f0f440-15ab-4bc7-9e70-d8890631ff60	1053
a2f12d6d-af06-4bba-a735-0716b5acf65e	984
a2f1eaa1-b775-4d57-bfac-c6518a1e7173	1129
a2f219c9-0a20-4c60-afaf-97901a5c0396	1120
a2f53658-7a62-47b3-9ee9-a2ae910eb18a	1138
a2fe23dc-dc76-4824-ab44-709d1a729873	1081
a2fe4d3b-2aab-48f0-9218-ecbacf49b675	1142
a3026fee-171d-40e1-b79c-bd46439d64e5	1078
a30746c3-f479-45dc-a23d-cf0395adac33	1079
a308bb7b-e751-4ac8-9a2b-586cfa310bc0	1063
a30978ab-3f83-4d5f-92d1-11177cc1c02e	2079
a30c2b28-c0c0-4f8d-a69f-3c4c19d0a5ee	1065
a30ea606-8af8-4f20-8be9-7d292b0748b3	1135
a30eadef-38a7-4a73-8b9b-3ce38c2c8bd4	1130
a319f48a-1f7a-426e-9da5-ae5080e27ebd	1135
a31fa3f1-4511-4c0f-9e92-9da8abeb4e07	1133
a31fd301-cdc2-4559-8521-94cecb7fe2b3	1076
a3204cfe-d3d3-4193-b709-0f68c1a287c3	1128
a3254e26-abe6-4064-988d-76e640cc1dd3	1069
a329745d-04df-48db-94f1-0856233628a3	1058
a32b9078-bbc4-41d8-8c83-7be5ad8288c1	1069
a32d0ecc-054a-4fae-a4e8-bab71d5f158d	1145
a32e3dff-8c3e-47bf-99e6-e82c85daf06c	1124
a3311a22-5607-4186-8247-8c21ce7d1b2b	1076
a33520ab-c342-484a-a0a0-3269ea4a0891	1073
a33602f9-18d7-46db-9da6-f40e0df1f83e	1057
a33bff59-be5c-4050-ab8b-502589a22e44	1135
a350ea45-6156-45c0-8ce9-8b042d55d3b9	1076
a354098d-51a1-4be7-8c50-3e4bd7682f0e	1081
a3553edf-123a-4888-ac7d-7f2d18a1eede	1070
a35bce1f-b319-479c-a646-407f311af5fb	1118
a35bf938-555c-45a0-8c4e-fe2fd427f73f	1113
a3611d98-f6a3-46d1-a8e5-f51239658782	1132
a3621025-4bf2-4b47-b246-62385676f4ca	1066
a362ccea-f6a8-41ed-afaf-a5e81295bb20	1139
a363e702-489a-4c85-be41-144d26393927	1065
a3641ef2-5c95-4f87-8a7e-2d5c9d77ebbe	1077
a36c6f2f-26ae-4f4e-9844-36258392ba32	1074
a36e764a-fc88-455c-86ba-bbba307f11dd	1058
a371884a-e085-4a04-8cbe-bb116fa32f69	1131
a3776396-bf62-404a-9e9f-6b0056d73a4c	1077
a3784dd1-2ed8-4f72-a758-127d2516558a	1079
a37b3c6f-99ab-457b-a47c-8fd23040470f	1077
a37bc430-061b-47e0-b684-2578a519e5fc	1133
a37bf087-67d6-42a3-bbf8-8d790ccd3207	1138
a389c400-ff4f-411b-94ca-749cf5bf8115	1139
a38c1535-aa0b-4d40-963e-6132cf1fdd5d	1131
a38d4e47-3bf0-4edc-8fb8-364b014ffebc	1141
a39391e1-1ee4-4259-91e3-254efd61913b	1066
a394a7a0-8d40-423a-8a3a-f5f83c6c77ce	1064
a3983a6a-17d8-4b80-acee-f013273b8034	1070
a39f7e2f-1677-4f79-bf07-8733b9810afd	2126
a3a11dd6-0608-4444-ab79-635230e4a195	1073
a3a31799-de6f-4659-8b32-e399148b501c	1063
a3aacd0c-1012-4297-a00a-01fee1a051b0	1124
a3ab8817-6f38-4620-886a-3ab7a5893434	1132
a3abbd37-b7fa-4965-aa0a-048904e8f532	1145
a3ad1e34-9bd9-458d-8dbc-6d49cb722558	1131
a3ae42f2-f222-469c-82db-6de973c4ed7a	1072
a3b6e016-d36f-4742-b1f6-500ae81786bf	1124
a3b855d1-2abd-4013-aef5-874d1e959288	1074
a3bee082-db17-47e1-b54a-75e678984ce7	1002
a3bf162c-ac44-4c85-b0b2-7f1c10ae8f43	1133
a3ca1e54-6972-42fc-927f-b713f0f5cd19	1004
a3ca5023-f76d-4854-914c-bb7b34239c7f	1052
a3d58b7a-cada-4cd2-838d-85e150f43652	1146
a3d95e96-3849-4268-8776-5dd6893575f7	1128
a3dabfa1-227b-4d7d-acf6-c371419d0ba9	1139
a3daf048-6f24-49b0-a951-c7812e1d17b3	1133
a3dcb02d-e1f4-4c15-a863-176887e7cb98	1123
a3de1da4-5761-4db8-9190-b79f16f6a161	1058
a3e1cfa6-973f-4c0e-81c7-c35c799bf8a0	1084
a3e2f995-c133-4351-af73-1e9c8757a04a	1113
a3ebfa80-4f78-414a-92e0-dd0ad0c6180b	1063
a3ee1704-fb8b-4933-81ea-e4ffa8288e07	1129
a3ef2812-774c-43eb-97c0-c905a9935a79	1073
a3f41238-88ec-4f95-a2ca-50229365ee47	1054
a3f6c58d-8a37-467d-a79d-3785ab0204b7	1066
a3f88f5b-f309-4297-ad0a-728fe5874da3	1068
a3fc64ac-1e6d-4acc-81d0-6d15d80d3b14	1136
a3fdd656-a065-4e86-bef0-940b9f5e3b84	1140
a3fe842a-b1d1-487a-9cff-c8fc057cdaeb	1113
a401395f-7953-47d7-a17c-34ae246e34ac	1033
a402c492-ab40-4370-b418-bf36d41a5881	1069
a403e081-ba68-4f35-9d0b-1a8261e0167b	1074
a40b3dc1-fbf6-491a-9a5d-89775333e8a8	1136
a40cafc8-9bf2-4ad0-a1c4-f8fb80b7f4c5	1052
a4106a20-0887-4b6f-82a4-77045f80ded7	1133
a41ac654-09db-4bc3-9c75-936864d823d0	1135
a422462e-8676-42e3-889b-843fab023125	1114
a4252398-243e-4379-874a-f799cd861097	1128
a428b5e4-e22a-41e7-81a2-6c4078d212b3	1137
a429a0b1-57dc-452d-832a-794fb6c090fd	1069
a42ae986-83cf-4574-b43e-69518a4e1c96	1128
a43246a1-5901-4144-8aed-2014a967559f	1072
a443bc4f-7832-4f52-8bb9-0bec4beda33b	1073
a44abe15-6986-4c3c-a7ef-a0858535a766	1035
a44b72ff-2c2c-4448-8f2b-424849b3c6ab	1141
a44bc7ed-dcbf-42b1-9280-82923460f44b	1113
a458c329-5eed-4f9a-bd7d-fc05e4af071e	1133
a45daa82-53a7-42cb-bcfa-e4f900dc8bcf	1048
a4610397-6a84-4354-b422-bf8ed83fa125	1071
a461f3f9-37ed-44af-9075-8c2ae7e57fbf	1072
a467475a-56b9-428c-abba-692580d6c735	1077
a4693ed2-749c-44ea-938b-9bc5b66545c0	1131
a46bd8a4-f5e8-4106-aa62-ca9d707277a2	987
a46c33d3-fa87-43be-85e5-120c7e142c5b	1139
a46cbcd0-23a5-4848-9020-1d1f4302d57b	235
a46f56bd-fa1f-4d91-a9c6-a7f09a618576	1056
a47307ee-6eba-4bba-a9da-cf4bdf625ba5	1137
a47687dc-3b7c-4034-a0be-a702e5557dac	1130
a4771885-8bb8-4963-950d-4ba703063137	1130
a4783171-1ce6-41ef-812a-a89de1fce730	1110
a47aa3be-8915-4527-ab25-7f723e573991	1136
a483d67c-a50c-4f01-9944-ebe64bf98429	1132
a48adb6a-a7ee-428a-9ff2-d20ac87b47f3	1076
a48b8cf1-e197-4c1b-a274-32088bccebe8	1121
a48d44c9-de8c-4b88-9007-982294bcea62	1073
a48ec3be-cd18-4809-bcb7-ba0402f795a7	1071
a48f328b-b0fe-4cf8-85f1-84f7bdc4ceb1	1058
a4904700-a9a1-42ad-9012-0d10e71d4887	1083
a4922eb4-05c5-4bd2-ab9d-592756bea04e	1056
a495b60c-4ae1-4b2e-8d9c-4d9a755af965	1133
a498355c-0818-44c8-a471-f557f5c0fa14	992
a4a476bd-99bd-4f60-a1c4-6239d0042312	979
a4a5b3eb-6f3c-48b8-b95c-45dadd7b3828	1075
a4a74def-8a57-4b3d-a66e-f8972e92ee49	1070
a4b20032-1523-422c-9dbd-a597ee06a857	1127
a4b4b4c6-279e-41f5-8133-b048a2b59c36	1070
a4b4b4e3-cada-467a-8ef9-82fc23a0c257	1129
a4b5d612-9f54-4833-be19-6354a42d96c9	1066
a4b88f37-fdda-4946-8219-e2b8c39c1a00	1124
a4bab1f5-1543-43d2-9bec-250d27c1f813	1113
a4bc56fe-22a5-4f9a-982d-39855cf7076d	1057
a4c7f184-38d3-44db-a6a2-abdd68619775	1048
a4cc4014-c567-47ec-a023-cd0183343647	1127
a4d002cb-876c-4e9d-a31a-b74f96d03f45	1131
a4d2473a-44f8-427d-98a4-dfcc884d5bcb	1178
a4d76bc2-147a-4069-b5a4-5e428738f17f	1130
a4d793a6-2e68-4a10-9387-cc732fd35794	1126
a4dbabf1-7b12-4d01-97cf-a2589f11c109	1073
a4ddf08e-e758-4639-a92a-00fd05a49798	470
a4deaf9d-7e24-4422-95d0-697adf630445	1077
a4df00e0-5b18-490d-9af8-0b6485c05215	997
a4e0374a-9695-47f5-a2b4-0d4e686ef762	1062
a4e96c4e-dddb-47d6-b34a-738c646df6b6	1081
a4e96cfa-a702-4645-ae4e-5c1a5b54c8c4	1073
a4ec2b75-5f93-41f6-b84f-e3a0b88f3ad7	1069
a4eca160-6d30-489d-9599-1e1875979702	1071
a4efb9b5-fc41-4abf-8268-2b56e9c024e3	1130
a4fa7235-6559-4091-ad8c-f38cabf4e56d	1067
a4fb5195-f3aa-497b-a635-503d42133147	1138
a5005011-02db-4182-bca8-481047352b1e	1067
a502d686-6075-4e0e-8fdc-2c072d76575b	1139
a5082d11-398f-49e3-92e3-84f7d119fd4a	988
a50d58ec-8077-4034-a0b2-ae115a683bae	1058
a50fb60d-6e54-4fea-8ddb-c12ad74bd92f	1135
a5114fe2-5ef8-4ab4-92af-1eb43508b034	1067
a51478f6-0bc8-47f7-a1c1-9c14030de82b	1136
a516cfce-7c88-4610-81a9-bc0b770efa88	1066
a519b7c4-9475-4fad-8850-4df3b12d8c7d	1068
a51f008c-5586-4114-bf69-ffcb02858603	1064
a5226d02-3325-4966-a6f1-b3edf70768a2	1139
a5239904-ddf5-4aca-baa1-1d4ca25e7a45	1130
a526b185-af0c-40cd-add0-6c407be79252	985
a52a0a70-1def-4ea6-9ee0-e4880d2c830c	1055
a52a5752-363a-40a1-a531-6b9dc31879b0	1055
a52bed24-ce14-409f-847b-9ed4bfd2494e	1132
a52d2681-f0db-463c-acaa-f2a9dda43fed	1122
a5306491-fe18-4095-b3ba-5fd448c3390f	1059
a5324f67-4e63-4808-9671-295881692ae0	1058
a53d715c-fcca-4356-bcd0-852c549d2cfc	1054
a53da8b7-a10f-4fc9-99da-31b1766ab9c5	2144
a53e9a10-d924-49ef-a91c-19c5bc9cf231	1139
a5458bad-25d3-4018-8d9d-1d80d0fcf5a5	1081
a546f006-11db-482f-852c-9a3e71ec17f2	1074
a54831a7-1181-4fd1-8290-e14d95ac80d7	1040
a5484976-5751-4054-a71c-9a7f147984e6	1059
a54d3fd0-db7b-4670-8812-f37f0891d697	1132
a54f69b9-8612-4449-87f2-a3f13a489e35	991
a551536c-01f5-4fdd-8b7f-39929f9f2c2b	1057
a55a272a-a839-4847-a846-5a16adfd1eb7	1123
a55d2dae-2801-48b7-96e5-a849b05742c9	1125
a56397e2-fd01-4c13-a3da-ab6eac4dd3a8	1069
a56779b1-d891-4391-b40c-2342d264991c	1126
a567a86c-3649-409d-887f-1f0d1f95e6f6	780
a56cbbd8-b6dd-4e66-8401-3f9983d0e8f8	1083
a580c51f-5578-4d26-98aa-788d7f54ee50	1077
a5877a92-1186-44e1-ad13-a7d3a97507c5	1066
a58b526e-388d-4161-8821-a895e0cab6d6	1132
a58fb140-265a-473c-a664-a055d4a05abc	1066
a5a3a3de-0ff1-4e48-b5b1-b6cf4ad6ec93	1149
a5a53287-dd22-48ea-a62c-1e5853a483b2	1139
a5a7381e-433c-4ee5-bc9e-8c1ad39e2558	1134
a5a860a4-332d-43a1-8fa5-c40d5db8a03b	1126
a5a8cb09-c2a0-4f74-936d-90418f719891	1081
a5ac143b-3519-4b54-8abe-0cbb3a634d7b	1120
a5ad886f-24de-4969-ac5a-e91bdc23d38b	1065
a5ae5fd6-0052-4bbc-aa40-c0981b739fc7	2042
a5aebe5a-0b27-46cd-9056-bf07ee3a4b9a	1234
a5b5d148-9ce0-44a3-b27b-50d190af2b7c	1145
a5bbb818-8279-4670-8231-f19da7ed2b67	1083
a5bc0e61-14c3-4016-a9a0-eaac380d8564	1144
a5bd4a2f-a6d3-4d3f-bb5f-76db54179782	1142
a5c0c971-770d-4c09-8bcb-9d35f2135483	1076
a5c508c7-4369-4a8e-9f64-30ac5fcbe011	1133
a5c67971-d7ae-419a-b81d-19df1867d7c1	1053
a5c77c0d-dad0-40e3-8cc8-ec82140f2c71	1127
a5cbbd5a-aef3-4883-98be-4cf5e2c8f95d	1138
a5cfd074-5e4c-4f4e-b466-009d5affa048	1107
a5d11baa-1ec5-49cd-b0bb-5db0005fec89	1049
a5d28f38-00d5-430b-8db9-b1f7c3af19d9	1074
a5d4275e-5bfc-4003-a432-7e3d8785c728	1088
a5df21b7-01a4-40b8-bdea-887ee56c17a3	1051
a5df4bbd-b94f-489c-bfd4-f3765a56b842	1052
a5e8299d-da81-4949-bf37-2904571abe73	1146
a5ea4930-f0f2-4ec7-96a3-6857670dce7b	1128
a5f7bd27-6fe6-494c-b588-0e822153e5a2	1119
a5fa3849-ac87-45d3-a0ab-46f33e0184e3	1057
a5fb3227-a6b2-483b-89a8-f73ebc887cda	1133
a5ffbf14-dccc-4a11-8a40-d09ac3354340	1132
a6016407-9053-4e68-ac6c-133135f76744	1116
a6053d8a-2dff-4596-950f-a92a4969e153	1124
a60f4a0e-6145-495f-bf4f-3a8ae2472d81	1128
a6163aae-8e9b-47e6-922f-f0ae82eb0ed6	1130
a616c40d-9072-49ad-84af-2833a1baa06e	1131
a620e958-3859-413e-907e-dc8c710f3934	1054
a6270753-b410-4de6-9d7f-ed44534515d4	1118
a62722e8-953b-46ee-b692-b100aac473a6	986
a628ad8e-f985-49a6-9d01-ca711b5edd40	1114
a62a0de1-a209-4503-93dc-896bc6f449df	1053
a62df58a-ff25-48e5-b1a8-8b5efa5c0559	1143
a6303948-f250-4785-96d6-9a8c8904eac1	1056
a6326840-cf6a-49df-82e6-23310bf5a6db	1126
a63308a5-260b-4269-89b1-2151980c6e90	1005
a633eb9a-c1f9-4c8b-8962-12bea39699dc	1054
a639bc95-53a1-4eda-98fd-619c0c187dcf	1107
a63d523d-13f1-42a5-8304-165de900894a	1121
a63fd200-defe-4f06-8fff-44c2fd305e82	1057
a64181b8-de25-4689-be42-120e040c497f	1064
a6465b14-6977-4084-ba3e-34af4293e975	1133
a648d9fd-d0ca-47fd-a9c7-66476ab2e4eb	1075
a649dc83-6c17-4094-a90f-540bf9b2935a	1063
a64bcbec-c701-44bf-bceb-0c4c78b7a27e	1129
a64f6998-db68-4e14-8912-76686f4bee13	1138
a655028a-bf2d-49e8-8ebb-a49f62a3746a	1076
a656a731-16ac-4f35-8810-f1a703261bc7	1127
a6597956-8115-4636-a77f-30dffb946fd5	1082
a65a8f7e-3680-4665-b104-aa5b7a753bcc	1079
a65b1f78-3909-4917-81cc-c9b63c1bd09e	1146
a6603d6f-3588-4fec-aa9a-4f28ba2c9026	1063
a6606fa8-fc17-4af7-bd85-5a05478aecc2	1142
a663cc48-d3f8-4c98-b8d8-6a503704ecbd	1136
a6647b8f-4453-416f-a700-59eb137626f7	1135
a669451b-1ab7-4951-bab8-16f09015d0ef	1123
a672b71b-b27f-4817-95b7-87df98b4799f	1132
a67388b5-5543-47b7-89f2-d123aa93e52e	1138
a6768cde-96b7-4cb9-a29c-580c6e17cf21	1135
a677197e-3f07-468f-a3eb-5e4e9a064307	1128
a679a755-d3f6-42b5-8682-5016617716aa	1004
a67a7fb1-99cd-44df-ad20-3f324947dd3f	1073
a6817666-fec7-4417-af9f-8a5e119e5b51	1070
a6834da1-80c9-4eea-bf51-91b91ea7671a	1135
a688cffe-9e8e-420e-91bf-810fb45cf2ba	973
a689d770-a994-4656-a95c-ba96083057a4	1053
a68e1862-0831-499d-bb11-d085a5b7e852	1111
a68f4e66-aa1f-4598-990f-9b570c4d8788	1130
a6924e8e-498d-4c73-9dc6-2e0092bcffb1	1138
a6973fd2-1e11-4b6b-a82a-dd77b601ff18	1075
a698d9de-6306-4768-9cd4-cf14683abf29	1073
a69a0b99-4f7f-47d7-94e3-03ca5c32a935	1052
a69be223-01f3-420e-9e87-6d1a17d52a9c	1136
a6a1beb6-39a4-417f-938a-7c6b3292bfca	1075
a6a49132-e2a7-4256-bf63-84d26ebaa1e5	1063
a6a88a48-248a-466a-899a-7c12bf18affb	1079
a6af22d5-0d6d-4622-af52-a03eb1fdc273	1069
a6b075e8-0457-4dbc-91b2-509f0a6246c9	1082
a6b816c6-904c-40da-af17-0f9b6c472c04	1144
a6b88a69-c810-400e-af4f-4b294ca8c1a0	1051
a6c12cb3-6ce8-4832-ac3b-d0054663f6d8	1138
a6c47366-9ec5-47e7-9008-80ae13e4cce3	1050
a6c6aece-d22f-4b02-bb7b-b8ae6264e544	1139
a6ceaacc-5ad9-4a75-a10b-d32a3083ce80	1124
a6d08a07-32e4-4c01-be7f-b6dcdb43a557	417
a6d1e709-ee79-4328-a924-6b0ba6fe174b	1072
a6d6c8b5-c7f0-4991-adea-fc183f8e5869	1050
a6d74b12-dd0f-40fa-96d3-b1f6a3f7f799	985
a6da2a42-69d5-4b9e-bee9-549e7c79bcd3	985
a6dfdb0f-52cb-459e-b670-c56fcfcaad40	2149
a6dfecac-0582-4662-81cc-ff3c1c5e85a1	1067
a6e03ec6-d58f-4159-9eb4-3d36b907ac76	1084
a6e09126-ee1d-40b5-adb6-b0b3fa1bdd42	1070
a6e13359-5750-4dd4-83ee-ca02dd1dfda5	989
a6e53dc4-3aa3-478e-8952-ccdf25f61f42	1136
a6f5bb02-6452-48f6-bd39-1ad679f42a09	1132
a6f753b8-00d1-46e8-9a27-bae6aafc399b	1121
a6f7e7e2-ce67-4a17-b19c-43c5e306da99	1076
a6fdbfd9-e215-484f-8a01-832bdd2ad0b5	1071
a7062ade-4bc0-42e2-87ce-feabf5d74b62	1005
a7074249-c11a-43c0-be0a-3d4434a616b6	1010
a7087571-c010-4612-8e8b-d97a933b9ed9	1078
a70f8e38-e31a-4ebe-8401-3a2f2e533bc2	1073
a71550cc-d47b-47d7-be9c-798d31ff6ffe	1136
a716ec94-36fc-4c96-bf0d-63c09d0dc617	1145
a72a12af-5404-4649-9863-51109f721cc2	1136
a72f144f-b740-4252-9423-d8e199102794	1130
a7378451-d720-479d-8a46-b507266dfcbf	1133
a73b0dbd-c1d2-40a4-bd5f-6f857a16117c	1135
a7404e3f-0783-40cd-b024-b0b3d5063fcc	1081
a741c16e-476f-4d52-9240-962724f09764	1138
a74adc20-b7ff-4928-95b0-1f46e24ded91	1073
a75003b7-a7d8-49e5-bb8d-00fdca19aca2	1087
a751b14c-97ed-471c-b68b-fcc63185ff29	1135
a751d5c7-c92d-4044-8bfc-5d12dafce89a	1037
a7524a2e-e3e5-4d93-8990-e8aabc8e435a	587
a758beac-b281-4d00-a4af-12a2cc48d0bf	1061
a75acf6b-069f-4239-b5de-7f9274bcf47b	1137
a75bc5af-9a99-48c3-81eb-3e5a263fa12c	1128
a768e1dd-c636-402b-99c0-60e321095ad7	1138
a76f6c70-fb43-4ba0-aeb2-ce6c93a842e4	1115
a777b75e-a196-4159-8689-396aeee4e302	1115
a77ec6ec-bfef-49dc-b596-123d38d8457d	1056
a784a586-8d97-4c02-9c1c-f616ddccadeb	1074
a78affa2-9e8b-40f3-b83a-dd4390fa3ebf	1130
a79222a8-9b33-49a3-93cb-829f7cbbc049	1129
a792e3f4-bd19-45a8-84c1-7015f095aed1	1062
a7931fbf-b31a-4aa3-99d8-92e157176a52	1087
a794cdc4-ee4b-410c-9e91-ff2ae81b1f74	543
a7950bf8-4335-423b-90df-07524c93eb89	1078
a7969663-3d36-416f-bc72-a3921af155f8	1137
a7a4a49f-3988-4855-9043-464bec95c926	1136
a7a65198-092f-4743-a839-4a3e6f034944	1074
a7a66de8-3090-442b-ae2e-d8b33e93178d	1051
a7a89747-01b2-4db4-a481-1c4d670d5961	1139
a7b693d0-7922-4bba-a8b1-479c8e68b678	1069
a7b7059c-9715-45b9-99c7-0fe20af9567f	1055
a7b8faf9-4926-47b1-9bdd-23be24996cb4	1086
a7b91032-0e52-488d-a5f9-80f193a104c7	1079
a7ba81a0-2e46-4cea-add5-fe108420aab1	1069
a7bb8e41-c0c5-4d63-acd4-ccf9800b3ce1	1138
a7bc7c63-623e-4b50-b44e-0f59c39e0ffd	1105
a7c11362-7eeb-4adb-b627-3095db92bdcb	1140
a7c42cd1-eacb-4404-af4d-fb39edcc2cde	1130
a7c7a335-4f34-47c5-ad38-c074de079a65	1080
a7c7b95e-da23-4d63-a580-fdcc09ede2d8	1054
a7cae0d4-5e5c-4821-819a-b65b8cd9db42	1080
a7cc40d2-5101-466e-a4b9-1a24130cb25f	1061
a7d214a2-d183-46e5-875a-cc9d3437fd4c	1078
a7dbea33-eb19-4742-865d-8bed82aad7f6	1133
a7dcabf1-6851-430d-943c-66b0b3983ed2	993
a7e68d95-52cc-43d3-877c-62044bcaf146	1055
a7eb79f8-e284-4aca-b268-a93762a72fe0	1080
a8021f7d-ed32-44a1-8d6b-8fa5ac5d13f7	1419
a803c817-74a4-496a-85be-4adf4fa33207	1137
a80c5332-8ff7-4d51-8da1-18c4999162e6	1133
a80c94eb-c9c5-4fcc-a639-7671ebf8e216	1115
a813bd2a-2fa9-42cb-a152-2da970e479a7	1083
a818d0d8-683f-4807-8dd7-cab655b3c873	1133
a81e8f7e-b1b0-4e5a-982d-47e27db24f13	1078
a821191f-09a9-4f8f-bd84-9bd2738c56a3	1121
a8218aa8-7cd4-442d-b2d4-f9f602b96dc3	1070
a8243239-c3af-4a68-8696-b27095e3f660	1133
a828b008-6c04-47a5-80d7-29e668e29ceb	1138
a8308331-a2a3-466b-afe3-72f07f1c1ffe	1128
a83283c7-556a-4d7f-9cce-2a47255d0743	1118
a837f107-41d3-4567-9bc9-ac6a7d6cb779	1078
a83d1dad-142e-44e5-aa17-80a0bf076573	1128
a841136c-d7f6-40a8-806d-1d9d6d49451f	1128
a8441206-2a61-4811-a80f-e05250ab684b	1141
a846708d-f8d3-4094-b9e1-723e11511b55	1131
a84abbd5-6988-403f-823b-4840c3ae8bc6	1126
a84bc843-7b5a-4135-b36b-296032224554	1127
a84ca410-2f71-4bfe-b19e-04d6d6b6d76a	1035
a84d08da-2b41-4f6b-81a8-85efa34c3411	1071
a84f8a4d-c507-4d94-bb5c-a253d3ca73b9	1079
a854abe4-b2ff-4761-9f28-b213311b8bf5	1137
a8559550-30df-4a65-a8f7-fabbd13df860	1133
a858ee63-42fe-4b87-843e-fdb08dbe4ad3	1066
a85a816e-7962-4db3-a509-19f851d1aaff	1134
a8618e07-4886-49e5-8da3-9486e8fa7708	1048
a863ac77-6e32-4610-be2d-fae9d02ea9fb	1098
a8647f83-77bb-463a-9cfb-cc10223d66f1	1130
a8663017-5d41-449a-8e74-905e4eb46765	1075
a86c69ed-3cfd-4657-a37a-62b4db3e7646	1051
a873d0f4-b9ee-4dae-8183-2f9972c92b9e	1073
a876c4e9-2e63-48ff-b1e1-e720df7e3e5c	1139
a87a9e28-ba7a-46a2-a038-a4432898adf8	1073
a87b24a2-779a-49be-a504-97b12fa287cf	1080
a87c611b-bd7b-4119-8ea3-164f3c1294c5	1140
a884df79-42d4-41ef-8984-424b1186c851	988
a885d915-8d42-464d-8c1f-7c4ad256df47	1123
a887501b-74a8-48a7-b2df-c1e1a1ca32ed	1140
a888b157-78fd-444b-a534-58ce2a306b14	986
a88cbd1f-4a32-4baf-a7e1-6e31bed316c6	1142
a8933d38-5244-46ed-96f9-953098d62977	1003
a898ff89-5d08-4c02-9ac5-2fa9cff0955c	1073
a89b565b-b4ca-45a2-bce7-ee42171b990f	1134
a89bc7a2-122f-405d-994c-035b21146ace	1073
a8a4180e-2269-4565-928d-c1f667f30707	1072
a8a4313f-460e-49df-894d-9519dd84c456	1049
a8b0b8df-68ab-4b4a-b5e9-82c1a6422c3a	1117
a8b4f3ee-8c4e-4deb-8b1e-03c57a2972c6	1062
a8bd43b6-8e3f-40e7-9601-1c1187e7b918	1135
a8c17fba-14d4-482d-840a-8cdf39b711d6	1131
a8c71257-d39c-4376-86fc-a93e30012363	1140
a8c7cd6d-1eb8-4335-9f28-831563f79473	1115
a8ce2e5b-3d3b-492e-b4bf-ca9455c58515	1068
a8d27b18-759a-442a-a63e-526bafa26395	1015
a8d7050f-c46b-45ce-8286-720b4ab7daa2	1138
a8d8ef9e-8edd-431d-9a12-b9e67d667921	1141
a8e9f5b0-194c-4964-be79-0ed4b3701dfd	1099
a8ea9f64-34c7-4eaf-ac17-ffb895d9f41c	1060
a8eb3e78-956e-4a16-8b5b-3ba4e7c6cbce	1142
a8ecd23c-3fc1-4e65-a1dd-f0d62ace96c4	1080
a8f29e1d-d9ff-4a07-ac3b-f01251ba49ae	1074
a8f31762-151e-4dd0-bee3-2f46cb44277a	1065
a8f6a65d-60d6-4e71-ae49-de4f0188c3e4	1128
a8f8ec91-fc32-47a9-8f69-84f415b58762	1061
a8fb3977-3420-48bc-8b1e-e7886b9b25d8	1132
a8fb818b-61c7-486a-852d-e77a3e6f802c	1876
a8fd0825-2c21-405f-8060-d9bbbc097891	1127
a8ffc460-fd50-42eb-80b0-dc8b6229da3a	1118
a90886f8-7717-4ec5-b70c-704e2ea76713	1058
a9093fc5-6e40-4639-b47b-6b206d4177ef	1140
a90d9929-a340-4eb6-a74e-90ff499ac3f0	1132
a90e6009-5f1a-4fb8-a8cd-f8c36503444e	1089
a90f19d0-1178-4aca-b6b6-aa1dc065fb10	1073
a9101f4a-4963-4315-9026-6363c8a096ae	1134
a9107ed1-d0cf-403b-bc43-5edf24bb4c2b	1136
a911d9fd-3c45-41fb-92a0-6e670cb34973	1072
a91795a4-6901-43dc-894e-3414b96f3c37	1138
a91e11f0-a0d8-4693-a10a-883d43599bec	1104
a9231ecd-7423-4d77-a161-a40479268a04	1077
a924caf9-1813-4bba-b5d9-c9ecea1dc732	1067
a9292345-0b12-4a72-bb70-9e25bfecdfa6	1075
a9295820-4e70-4787-b44e-0d4641630f7a	1124
a92c091e-ab1c-4c71-9f7f-63f1cdb4daf5	1073
a92cb347-c421-41c7-8f6e-2b4d3300c652	1117
a932e05b-0072-4eb0-82ef-477db2f12cac	1063
a9353d7a-4b29-4994-acf5-3d6f61e1d50e	1067
a936dc59-fa8d-417d-97b2-b253682544c3	1071
a937fd21-51da-480e-97ea-be1a5f85d0ca	1071
a943ba10-2cb8-4aae-b47c-c684fdbbf5f5	988
a944dde7-e2b6-4d01-9f16-a4bff838ef23	1127
a953982e-5318-466d-8002-8086f7015173	1059
a957ae87-152e-4c5d-8430-9658748fbf12	990
a9596b35-e2bf-428c-a768-74fe8b1947a5	1065
a95d63a3-c018-48d5-940d-fe49af457e45	1128
a964b385-4592-48a1-98ab-cfb10a9360c3	1054
a96dc7da-7f86-4a03-9071-b45abfd009a4	1126
a970d548-266e-4da6-9053-1709d08e4fe5	1997
a971f4d3-d516-48bc-9619-b9b33db25bdd	1081
a972080d-63e0-46ab-bd0f-68c28bda3d5c	1077
a972d4af-a827-44b2-9f9f-51b1329ba056	1056
a97b72ff-20b4-422d-97bc-f36f2c4a16c1	1070
a9808969-9c01-4671-8863-1bcc82df6007	1077
a988f2dd-cf24-4692-a712-2284f207f53b	1129
a99190fd-3222-433a-8b41-15f6869fb5d2	1115
a9944d44-8742-4f7f-8f42-42077162cd80	1126
a9959215-e8a5-4de7-84f5-0b1ab2b12baa	1135
a996b13d-11dc-4d7a-ad0f-71bfb76ac767	1141
a99af1f2-9f04-4dfa-949f-8b6b6cfd1ab3	1081
a99fcac3-d1de-4041-8cce-59c2cb3a8c67	1146
a9a425f7-4cd2-40f6-af42-15c60c40eb83	1115
a9a503a0-295a-4f24-a949-758b7bb5fcf8	1137
a9a707b1-1bf0-4be6-b918-8ef8740807dc	2087
a9aa37ab-bea0-407a-99c6-0f8fbf2af0b7	1134
a9adbc94-4f4f-4ec5-a0ce-2be1960cd146	1063
a9add5cf-406b-4c00-b942-49854a8122fd	1059
a9b0cbd1-dab4-45eb-9afb-8dcf2d875218	1063
a9b3e394-c8ef-491e-8ada-1af5faa2dde3	1095
a9b655c7-c93b-429e-abca-56209a689292	1136
a9bc1285-2a27-4d49-a09d-c2af4b0b4737	1133
a9bcfb63-fec9-4fa8-baf6-acf888e84398	993
a9bd5a17-7887-4c6a-aac9-5cba0074ce72	1070
a9beb8bb-a318-4096-a354-39d983a2ccab	1137
a9bfb8d7-be48-4559-aaa0-ef4f0d1a7775	1133
a9c58660-07f3-4ef4-9a07-bc4058dddb95	1136
a9c618b5-52ed-4091-be05-f36784089e13	1095
a9c91a95-e4c2-4b01-8cdc-c3f79dd403f6	1137
a9cdd8d4-1d4d-4d1e-b606-eb8249ee2b37	1120
a9ce39f0-e10e-4d2b-ab01-c283a7d43f70	1078
a9d0f492-bf4b-452f-a57d-325a29620bd4	1075
a9d11a55-7828-4902-9173-48b94511f27b	1074
a9d2a984-1354-45aa-b4eb-865322abd63b	1057
a9d97085-34c1-45af-ad7f-08f30e4145cb	1134
a9dbac55-6dc6-44ad-acf7-b9054d071a55	1074
a9ddcf20-17c0-40e3-92b5-3c30093ebc1b	1075
a9dfb157-653c-4a71-bea2-214bad624d12	1072
a9e53546-251a-4f93-ac1d-80292aad182a	1071
a9e90c2d-b239-4061-aefd-13fb0aa188de	1100
a9eb8356-4094-4213-ae69-076c15593904	1144
a9edecd9-3b0c-4cef-8573-89b00bd2dc40	1140
a9f37692-773d-469e-83cd-b9772e50bb95	1123
a9f55712-9f1f-4c67-96d5-1c2d479173a8	1079
a9f587b9-9572-42a5-9f0c-8184780b7e44	1080
a9fd3f1d-b9d2-4b94-8d42-c5edbe4f86d1	1051
aa011f48-936d-4dab-a832-25054415c65a	1079
aa04a870-5e3a-4e28-9aed-0fb477c9307b	1136
aa06164a-b8c0-4a62-911c-6630dc4b7d45	1113
aa0f091f-1fb0-476f-bd63-270b7c0a0226	1106
aa10f924-3dd2-4b09-b6a5-3d89a860be4b	1104
aa134433-5111-4a35-b588-fb7eab35cb90	1125
aa151ef3-eb49-419f-aa1e-486e3de56476	1070
aa198e8d-8490-4640-a2ef-185858b6dd6a	1131
aa19cc1e-188a-4403-9a58-83fb326446fd	1077
aa1a0485-f723-47a8-8fa6-aff1df66df17	1000
aa1c384b-625e-4dd6-b84d-a7b224ec94c8	969
aa237723-9b7e-41f6-aa5a-26e6eb878872	1140
aa285aff-d906-499c-ae10-15926f75bbc4	1106
aa2da7d1-6321-48a9-a583-c220ab71517b	1118
aa2db60a-dd80-4440-804c-8e6ad67ecde1	1057
aa387bd3-9cc6-4ec8-a3d7-05441b2e52fe	1071
aa3980b7-da82-465a-99a4-b5f3daaa732a	1073
aa3a9141-5722-4261-bfa0-01a38e5bf8a6	1067
aa3ce317-5b21-4238-9ea8-6a7498b53cb8	1131
aa3d0d9a-9185-4047-9527-0a8f089e20d3	1136
aa403103-7948-4abb-8249-72cc62f8393f	1079
aa41c4da-86e3-4352-8f6c-39d88c80ec16	1131
aa465681-9faa-46cb-9d83-c617bd0b3115	1138
aa466666-acd5-4de3-a8ae-6ad311cf9d46	1070
aa469e67-9b01-4beb-a911-31715fe9a6d7	1085
aa4a46c3-71f3-48c8-b490-e762a59637c9	1074
aa4bd44b-ad1e-4513-b90b-9bc038dbc177	1073
aa4c4491-1089-4806-aaa0-59782061e739	1058
aa5ef703-a906-462a-9e15-5be1592e39b2	1069
aa675ec2-8941-497c-8ad2-0d91f9aa4d75	1058
aa691967-3aec-4271-927b-ff723f790704	1123
aa6d2181-c2e6-43ff-b33d-55b0228457d7	1069
aa72586e-b43a-4412-97aa-47807ad0a33f	1132
aa72d0da-d5ae-4372-923d-97c78133af12	1046
aa76494a-2042-49fe-b3c8-2adacc0a3efd	1078
aa787eb9-dfc1-414b-a2ea-5b9d6ec69a64	1072
aa7fb6c1-8870-42bd-ae6d-7302ac93e468	1125
aa833883-8027-4c55-bb95-9cd26ef7cc3d	1087
aa85970d-e96c-453d-aea2-e2e69121e034	1069
aa8a5f4d-cbe5-43c6-b60c-3ece9794de50	1137
aa8b0067-9eea-4f7a-a1af-0f86250f6cc0	1130
aa8ce7bd-da0f-4ab2-b521-bf058b1ee51e	695
aa929882-2ff4-4f68-90c6-4c380790ba60	1132
aa92ae58-784e-42fc-ad14-0fc058bdaf1d	1133
aa94c838-876e-4016-9caf-e1adaf5a55bb	1032
aa956e12-39b9-44f7-a139-ededbeb9e5ea	1066
aa9ab67a-ccb6-4d0a-a075-4acf7c70c812	1011
aa9eec89-16ac-4aac-a6d1-0384fddd542a	1075
aa9eedf9-2d53-4000-a97d-dbac8367724a	1010
aaa0f563-cb19-4717-b6d8-727740b5855f	1061
aaa8cf5b-f57f-4afb-acbb-1e9e8456b4f8	1047
aaa977b4-78ff-4030-9037-a425d9648784	1135
aab2a99c-3833-4882-857d-19b9c1b71fe7	1109
aab2bedb-41d9-4998-8540-373906df2e59	1072
aab5da5a-ac34-4dfe-b66f-4f6a6f00caf6	1076
aabcbdd0-5431-4ee7-9cde-638d680e5b6b	1070
aac087c9-23b0-4d2e-a55c-8f0d86afaf22	1058
aac584bc-64f8-4709-84fd-e22526110ccc	1080
aad79f5a-2d2a-45e2-9b92-1903a95e0ea3	1047
aad7bff7-eeba-4daf-9e86-bf65eb2e2eda	1119
aad83d0d-cf6c-4294-8863-b4e4e64fd46d	1080
aadb28d3-5430-4586-9e72-a34c7d76f084	1082
aae67511-b328-42e8-8b3c-53adc6f810a2	1129
aae73bee-d9ac-429a-88e1-411fe0122ed6	1122
aae95b78-9099-4433-8292-83bd02d7baa5	1079
aaea4341-7008-48ba-9ff0-75eb2157791a	1098
aaec8f08-edf1-4800-a91a-d3f68c350f93	1069
aaed3773-9c74-4579-9ec7-8c4385249ae1	1143
aaed80e9-e6a1-4062-96b9-509b9052bce5	1117
aaf65053-87ba-4a33-9674-06dcba694966	1113
aaf73676-f3d0-42da-8975-b47f01fc91c6	1114
aafcd8c6-a3db-4e68-8bee-e2f88b9624d4	1137
aafee0eb-e062-48f7-9049-9558b9229c35	1124
ab02e5a3-488a-420e-aed6-b912bea8d0d1	1068
ab07a514-f614-418a-b28a-c9706f534268	1061
ab083fe3-fa24-4709-802a-ac10733cb01d	1049
ab08b906-3f7c-47d9-bb5f-338ec0d23ff4	1127
ab0ca1fb-3365-4c9c-a5ca-bff764f1710b	1141
ab0d1c5d-7501-4bb5-b3ff-13b5c6c37826	1073
ab10a390-e266-4dbd-83f0-7da347e4008f	1079
ab148c9f-e935-4482-a66c-2de04c872bd3	1084
ab1ad59c-6593-49b1-a582-b3b4ceaa2992	1054
ab1d99f0-1e8d-4d5a-bc20-60b3d03eeff8	1137
ab1ef29a-a2e5-4f02-be4d-9b1bc207c43b	997
ab24da10-2545-437f-b5a4-372ad835c4a8	1138
ab2cbbce-0df2-4133-bbca-c086123b9829	1064
ab2e2e0d-015c-42d5-9541-178533b77b3b	1116
ab31fa8e-7fb3-4478-b008-978f5d195e9a	1141
ab31fab6-f804-4c0d-9de9-2ec272cd4e82	1134
ab34988c-12e9-4246-ab1a-86e2a4179181	1069
ab35f18a-3b00-41dc-9db6-0fbbe028366f	1131
ab361663-8c6b-4bee-b344-d8f8ba8ca8fa	1059
ab368407-5ea6-416a-a764-b5134c3e1433	1117
ab39b208-abde-48ba-9485-3c126267a4b3	1135
ab3faf60-969c-4a1e-a9bd-5d6d01773ae0	1128
ab3fe4e0-a2cc-4cdc-b7fa-a0cfc5f6c2f6	1077
ab4424a1-5193-414d-9ffd-5d55e24d8f37	1130
ab444f2c-5af8-4960-8fb2-47b64715bf52	1078
ab47f207-0760-4300-af3f-bb4e87ceb2fc	1075
ab49ed48-d21a-492d-8f4b-b5c00fcd81c2	1081
ab4c7545-badb-4e07-acc2-d873947c87b4	1131
ab50bc8b-ea91-49a0-9635-49e2b7fdc72c	1120
ab565c8b-a315-4e0e-b9e5-62f018975253	989
ab5717b7-363a-4514-a5be-d824182af8aa	1051
ab5f30f2-da7c-440f-a237-b97a82dc322d	1066
ab6194a6-8d7c-438a-92b1-b71e117deaa1	1057
ab65872b-aaa3-49d7-bab3-c8564523df21	1137
ab65a3eb-20b0-4067-a10f-cfdcb233bec5	1141
ab689e82-ad55-4f56-9f42-f63aef3f7845	1061
ab72fafb-47e0-4714-98d3-40aa1507ab2c	1079
ab73f114-c6ac-43da-bac5-4a7bb054c9cd	1065
ab75e0d9-734a-4c13-91e6-36fea1bf98eb	1079
ab7771eb-6b52-4930-8a8a-a3eac4a15d07	1072
ab7940c8-9fe2-4390-8cad-c3a93c3ff056	1067
ab7c5432-e277-46aa-823f-d6b8df18ed2f	1138
ab7dd4dc-b8b6-4e56-b1bd-70e9f920cea7	1068
ab7e2d06-c5ef-4a9d-8653-ea3737262207	1041
ab8c2566-7b35-4716-b5ac-4c8b6a5538f2	1131
ab8cc602-d233-498c-834c-7a3051d1b2ad	1132
ab8da8f6-11c6-4fe5-8756-44d6e8e86b23	1136
ab8e02dc-cfba-4980-9e55-650af8758fa1	1136
ab8e2288-439b-40e0-b012-4d6c87335cce	1073
ab95b7be-9e39-4c27-8475-be306036f7a0	1277
ab975c4e-8b27-4768-b34e-21c5c7263b33	1132
ab98c35b-9cd7-4680-bf82-297bb21d2312	1016
ab9b7eb7-cc96-4e29-8500-b530f4bcd07d	1075
ab9d9ad2-f163-421a-b3aa-c93164806aa7	999
aba46708-8b7d-4a01-93ad-59cb35fa6b10	1063
abab5ce3-7a37-43bb-acdb-887c3bcba502	1124
abb3a10d-1ad4-4c0a-bec6-4eb7f97c7eb2	1133
abb3b13b-f1af-40bc-b883-54ff5bde8980	1073
abb9d165-83a0-4ca2-ba1a-e89ae4cb290e	1134
abc2e76a-52fe-453f-95f9-324fa7adbd19	1063
abca3f83-6137-49bb-b70a-64d259b8f239	1136
abd33a41-2a5e-4024-851f-61b20abad426	1119
abd82f5d-896f-47e1-9d77-18817c0a7bd5	1080
abd911f9-0f93-46b4-ab65-f37f475b200f	1072
abdda9da-3ea5-4f9d-9913-40e3acf1871c	988
abdf3aa2-d1ff-446d-9ab4-c055979f7ff4	1143
abe07282-afc0-4d3f-bf6a-55272da22fa7	1086
abe28fbd-5965-4584-964d-67f78ad33d55	1143
abeeb25f-982f-4351-83f7-437f3d335315	1043
abf8db88-451e-4fbb-8965-f59f3a119915	1128
abfaa5be-ef4d-47f6-9db9-da62408940bb	1098
abfb9a5b-cfa8-4e0c-bbb2-3d15e04819b9	1131
abfd656f-cc98-4b5c-bb62-a525ab991d65	1072
abff22ed-b46b-4081-b907-644a2a931587	1111
ac07f2dc-c47e-4143-a0ad-ea1967ba3242	1043
ac097707-65cf-49a6-84fe-5ef3e811876e	987
ac0d19ef-0742-4f96-8a77-0d30bf88dfbd	1048
ac0e9e89-df38-47f1-9d19-ac9cd66f2ef5	1136
ac12a3e3-862a-4851-9f9f-82708eae6746	1157
ac1a8605-b261-43bc-9d0d-1e2d12a15799	1134
ac20519c-812b-4dbf-a991-13b6784cfb08	1116
ac21d47b-4631-40c9-8649-2d6e38759174	1135
ac21d5f0-0d4e-4e51-a1b4-fbc93781c188	1043
ac22954e-e50b-4505-b3a2-48f164ce406a	1353
ac2ce712-38fd-4122-8519-69763a6009e2	1143
ac3069cc-67c8-4ac0-aacd-4f742b0b6d40	1126
ac312635-d337-4f59-ace3-bb88637849a7	1103
ac349aeb-e42b-4de0-a862-c69903d4a5a4	1063
ac39bd3b-8def-4fc5-9e33-e241368be686	1116
ac3b5585-8daf-4886-aa81-5c23a71867dd	1076
ac43a951-6973-4d8e-9ac0-1f7b5965f1cf	1069
ac4c5dc1-abaa-4328-b87d-1b6b74711e64	1050
ac51e8a8-4984-4521-aea3-8566c9c1d8c6	1008
ac56e689-c6b4-4471-8ee7-ffbe2db47d1a	1089
ac5887bb-6dcb-4dff-96ef-dd907d46e185	1065
ac5975bd-3b77-4725-94f7-691a9a0cc53b	1124
ac5dfbd1-7f37-4769-a188-faed25115c7e	1135
ac6797d1-d0c7-47b7-a1d3-3741a28c3e01	1077
ac67c310-bed1-4435-8129-cab1d8850496	1067
ac694cd0-e7b0-4554-88f2-dae9ad193411	1079
ac69aa76-a090-48ca-8e46-aeb83c88fd7b	1079
ac6a5c56-2ef5-4098-974e-7a4115d17eac	997
ac6df93f-c0ca-4d37-8fd1-5298645ccd39	1071
ac6e7c82-a8ff-4aa4-9323-345ae6cd87a3	1135
ac6f2be6-12ce-4833-b53a-ebe300e70f12	985
ac71f067-1be3-405c-9d7b-bc5a55244a31	1132
ac73f31e-471a-4e30-9aa9-8f6d332fc4d4	1074
ac75ed9b-ce69-48e0-92d6-d0f8e8d70661	1048
ac799d3d-5018-4ec9-96b1-f2799c883a30	1101
ac7e3e08-ef1e-4c4a-b2fa-112836223c54	1079
ac7f289c-2081-489c-9745-9e09cc5b993a	998
ac80ead9-5c49-4ffe-9d40-d00fe287ee8c	1073
ac81acef-2a2e-41e0-b779-3cd148af5665	1072
ac82e989-2aad-430f-af5c-7ceb575388e2	1125
ac82f8bf-c228-45f2-b3cf-aef6c4c0250e	1103
ac880eab-5b26-4211-8575-4e5718551adb	1008
ac8ff8ad-af3f-48e6-8011-df9e092c34dc	1128
ac9339c0-abaa-40ce-9f0f-500a5ab66414	1072
ac93d5b2-c0b7-4ae9-9e38-9abeef9111c0	1112
ac97bfa9-a9ad-4db7-8165-74de56d0ff54	1107
ac984241-8bac-446e-a928-43214bd34269	1131
ac9ccdb9-fefd-46ed-be23-052eb5d17fd8	1115
ac9d6d84-b619-49cc-9488-63073c874e48	1080
aca0e073-5031-4c8e-9946-2f8ae375a122	1068
aca28dac-6452-480f-b494-5a896982453e	1073
aca43a26-d0c0-494d-927d-4d2def6cef39	1135
aca5fbe2-fdf7-42df-94ea-40c0671afe2f	1070
acaac838-f916-44cb-bdaa-93272a5cc152	1125
acababf3-ca17-468f-8739-4b53d9e8e3b1	1046
acacec5f-b724-47a4-9de1-f6b501c5854f	2339
acad1dc0-e5ae-4063-85a2-eb9532434a2a	1084
acafdd44-97f7-45b2-8009-db9149c03b55	1117
acb3db71-61a0-4c06-b3a2-12737ecba704	1139
acb8e341-c369-4a30-9936-0acd79ed12c1	1087
acb9b0b1-c68b-4de4-835f-1c4e589c21b7	1113
acbbeac8-b11c-4e04-bc61-3d3dca665c91	1122
acc5e214-7a81-42a5-9929-f2bfc5765d16	1117
acca64cb-fc82-4abb-b8d2-3f3818ea29c6	1131
accafbb1-c13a-4d2d-8273-4b306f8b9bc2	1121
acd3f539-a69c-457c-9320-a7d2797ccb23	1074
acd66de7-2596-4314-ab3d-ee5ec29d0036	1134
acd7264c-4071-4180-a4df-5478e7c33436	1063
acda80ee-0cd4-4ea4-b4d1-817f54aca150	1061
ace227b7-9ee3-4200-b7de-3e3fb252b555	1135
ace32854-91d9-4954-8a78-4a0732563636	640
ace48be8-ae66-40cc-a7d6-ac7c6a0a4e8e	1129
ace883c2-4dec-417d-a628-eb19519ec27b	1041
acebb64e-98d3-402c-8259-46513f359b86	1132
acec4ce1-dae7-4240-a380-ddf8cfe5d85d	1135
aceea7a8-64e4-4fde-a565-94522cb83a56	1123
aceed594-20ab-41db-afe8-318b043ee646	1055
acf93fd0-fc9b-4b9b-8835-7b3cf057f538	1067
acfa90d7-31a3-4249-b481-2d2e5952be76	1287
acfc1861-adce-4fa8-a7e5-c812121ebf79	1129
acff7aec-c5d8-44b2-874f-c1d84e5c1587	1129
ad050d42-fcab-4a8f-b22a-80c3a50f4b64	1105
ad05ed4c-bf53-4cd0-96a2-df8bbe99ff1a	1141
ad100f77-32b2-4bb0-8e74-b6605fe344cc	1136
ad109d64-a617-4d6c-a718-75e6663d1996	1098
ad16c04b-c1d6-406e-bfd8-ef0f4c947290	1078
ad1a3b1a-7ee5-4e2c-a7a2-ba36246f32bf	1068
ad1b0f2a-e1ac-48be-8c08-2a877c4acc1d	1059
ad20f987-4e07-48d6-b562-857401838455	1048
ad2b9051-2be7-4430-86d2-dd172eae73b2	1128
ad31910d-d4b1-45a5-9bf1-13efa18cb641	1076
ad33f730-ed30-40ef-8e38-0797cbb5bf69	1063
ad392777-ad85-405e-ab78-43cd04eca298	1135
ad399fe8-43b8-48b4-9509-a6eea0e702f3	1140
ad3a0be7-aac7-48f5-acc0-45d776d4ddca	1136
ad3d9557-1e00-4bd7-8e74-c0778be5cdfd	1071
ad3ed8e9-c098-494f-8862-5552a84a31bd	1046
ad44e4ea-f25f-4a80-a685-186f3bd306fd	1074
ad455e63-e4c4-4e74-bbac-76ac5f8fee6a	1076
ad466c6a-a8d8-4274-9412-6ecd3c48e92e	996
ad4d5aa5-cdd3-44fa-97d5-c6f578687600	1134
ad548bcf-2802-4bda-a0cf-e51166973c4f	1072
ad54dcda-5e29-4ad6-b265-de1134ad7b7c	1102
ad560fa8-aaaf-4a45-8465-220d6f8bd1b7	1125
ad5759c3-0506-4ef5-97e0-a626165527f3	1068
ad5e3dc5-d0a7-40cc-ab2f-427dd9aa7065	1073
ad611d2a-416a-4450-a3fd-6e7ccf63a1ab	1136
ad65a618-c279-4a20-976c-44b0ca9798d4	1132
ad6a0a9d-550d-4fbd-a97b-7d26e5a43e24	1101
ad6a45d9-4bbd-4a02-b7fd-fbc7e6850da5	1130
ad6ad071-fcf3-416f-9c91-82e21e68508d	1126
ad6b05d4-86b2-4bd9-a449-6b0af64f5cfa	1125
ad6ca914-f1a2-4beb-9740-12b6848c6555	1070
ad6ef163-bf05-4fdc-8926-01d20258b3bf	1080
ad717b71-ffa3-46bd-80df-3ce0f12b36f1	1110
ad7637d3-ecb0-44f6-a1fc-27abc0096b47	1041
ad7769e4-73a0-47a5-96b0-f9bc968709ca	1139
ad7b00db-c83c-446f-a496-e762de45aa2c	1135
ad7c8373-05f9-4cd5-8956-ee5a3c82dc10	1079
ad7f09ad-091a-4326-a443-5bf4a7be0a9c	1140
ad7f236e-9c9d-4ee2-b2d0-a23711c89c8a	1067
ad809897-f917-4c93-8eb3-1b3630fcfd46	1077
ad82e603-bcf9-4340-a349-893f4665a169	1066
ad849c2f-dc0f-4194-bbbe-9853e667aff9	1140
ad85060f-f9ca-498f-8c99-b3b69b887de0	1075
ad868bfe-add7-4130-91cb-04a3036ca82d	1072
ad8d4619-001d-4dbe-ba3d-75b91d7d8f14	971
ad9336c0-2c0d-4041-a7d7-c6fd39333e72	1073
ad94620b-f41d-4637-afc4-e7e57c9ca3eb	1150
ad9d2ab3-d425-4b82-92c1-f4d52d483d99	1138
ad9e2d84-f039-4dea-be70-5205b9c55fef	1136
ad9e3054-2761-4169-9424-e7f23c3a8123	1131
ada09e11-e217-4789-9143-1fbc438d5dac	1117
ada0a646-9038-4a28-a5b1-7bf910447723	1079
ada17807-97c7-49dc-8263-d24a8157b756	1139
ada34d92-40e4-41c8-b0fa-24000ec8378f	1076
ada5f11e-a573-41a7-a434-49375b872972	1118
ada96836-5ceb-4476-8972-d5175fe5a40e	1123
adaef008-6609-49c3-961d-2e6bb40659de	1074
adb61f9d-f094-43d2-be6e-364b0d9d4805	1102
adb6d06e-f625-4d2b-a742-1323f8315896	1081
adbbcb3b-c65a-4827-8475-14039f796c84	1077
adbd10dc-63ab-4606-a48a-56d58e071a3c	1079
adbf6cfa-9726-46ea-a4e8-775a8e0a681f	1138
adc2ff11-87c6-4ec0-a070-54ecae0b205d	1140
adc4c43d-e0fb-4e65-9f99-0876c7d96788	982
adc5f9d5-1974-431e-a5d9-fb2a022a2e9e	1134
add859db-747d-41a1-85ab-cc3cf351b802	1073
addc482c-5059-4b57-add7-e156750ba96e	1067
addf0a1f-c6fb-4051-b7ee-923618a15625	1137
addf8dc6-073d-4edb-907e-3786ac92a2db	1071
ade0ce9f-f742-4610-8723-16378d17ed7f	1125
ade576b2-7f3d-444b-b512-d07b2089de79	2090
ade674b3-4fcc-4ea6-bae7-2f426fb37128	1078
ade917fb-3896-4a7d-82ba-f4f7a8851749	1137
aded749e-3c36-44c9-b0ab-526bb3685498	1130
adee7cfd-541f-43ce-a5fd-27fd359237c8	1080
adfdffce-7a20-4735-9d8e-b7a51c961df0	1074
ae02690b-6fee-4970-9763-757072ad1c82	1137
ae0e4fcd-e5e1-4513-a8d5-6571b8c12475	1114
ae102069-e665-45ca-9cf9-009544cef30a	1133
ae1288b5-ee00-4cf2-b896-9e1c7f0d07b5	1080
ae12d1d5-e6d1-4073-8764-452edf5da12b	1089
ae130a74-2636-414d-a77f-bd50a6845d78	1082
ae15a082-e4b7-4152-b314-75790e5d02e9	1074
ae1c8f6d-6c37-43ee-aeb2-cf51f9770052	1072
ae1f091b-396d-4514-949c-03fbd1944b86	1064
ae29e628-014d-40d2-b3e3-0c1c75e1f2f5	1046
ae2db2ca-37c0-458e-8cea-d666ed163daf	1077
ae383c07-b76c-4d47-b699-63762602dd57	1067
ae3a41c6-b1a2-44ba-8a45-55786de19fb0	1134
ae3c1965-be10-4f99-8468-28bf53d2c1c0	1138
ae4027b0-6790-45b5-a688-2ce23f8193da	1074
ae42255b-a6aa-4827-8bcc-f5870f83fd86	1077
ae4564a2-39fa-4f54-b0b9-5acb8d35e4f0	1054
ae4d56ee-97da-4b79-a7ea-ebd4baf4e638	1137
ae4daa4d-09a0-4c7b-b740-acbc54eca87b	1050
ae4e1154-2a98-45e4-80a1-f746829060cf	1129
ae51fada-5271-4567-b1a4-6510dbb9e025	1072
ae550818-2e01-4016-820d-e97c5ef3fd6b	1150
ae55f711-98bf-452e-b294-d678912521ab	1071
ae565b79-349e-4696-9f59-90311e4f303c	1132
ae5a0ccb-c60f-48b7-9d72-6aebb289cb9d	1112
ae5ed841-c500-4900-aa00-b7b2d5f706b4	1079
ae64e1b7-e85c-4161-ba62-7b2088a224f6	677
ae695191-beef-4151-9b18-7c2153f2bbbd	1038
ae6cc3b1-8b17-4827-a2ad-dd2b808596f4	1129
ae6d9050-9064-4a20-aaa6-95eecda9e8a1	1112
ae737b6a-0452-4f6a-86b2-88a59c2ca18d	1055
ae79a124-b3f6-40f5-a101-521f1e227f0d	1050
ae8207b4-6642-480f-83df-1861fcf2289e	1067
ae832803-6319-4c66-b4c7-a744564c5c3e	1056
ae894083-e673-4f0e-9304-61ce21b05e06	1130
ae97ca5a-7f26-4a3e-bd34-a38c910ff994	1112
ae98482c-0619-4e51-b1e9-f980840105b3	1118
ae9b9057-921b-44a7-a8c8-818e69b131a6	1081
ae9be74e-d222-4c92-a37e-d4098d77b0d3	1138
ae9d743c-27d9-4f62-9941-7dc7b6e90b53	1110
aeabdac9-5333-49f1-8826-42afbf7008ce	1058
aeb5f2e6-3c7f-497f-8c86-b9a1d1a7e646	1074
aeb62357-b450-4674-bf6f-d25443930844	1125
aeb62501-625b-4792-9eff-a3b30160bbf3	1149
aeb655d3-1791-4c91-aa8a-a981efdb50ee	1083
aeb76d31-f862-4530-8375-daab0fe1b110	1130
aeb8b89a-5a24-4272-ba28-2a24a7472210	1069
aebc4f02-1b02-4f01-a15d-f91d3a518cbf	1138
aebe67a8-c7c4-47c0-9180-915bef9d0a8c	1018
aebfbeb0-d470-421c-a972-34ed093e838c	1082
aec3e0d6-b0fc-40a3-8207-c6cec8f10197	1083
aec72ad1-851f-43da-b055-9e41f869fa2a	1068
aec78707-ca86-48fe-948d-11039d929407	1135
aec7f9bb-a5fe-4aea-9d8d-8db9cac4bd08	1131
aecb7b05-3f25-41d6-9a7a-8f6dcaaf7f2a	1063
aed23150-d515-463b-99fa-6a49968ed12f	1126
aed37b61-7b97-4b3c-9346-4280c7ff66b3	529
aed81b63-1ab8-421c-aec1-9357b032b1e3	1120
aedf9d2b-5f80-40c9-acf1-27c47dbef3a5	1137
aee0c831-8adb-4a45-93f1-8e2c23e579b8	1084
aee2630d-38cc-4bcf-aa31-1b6c542ac731	1134
aee32c0a-5aba-4b48-a2cf-831697db6a5a	1133
aef0d560-4012-4c80-b9af-743aa455210c	1059
af12dd37-5ead-4032-8cff-21d2e53fea67	1135
af1c2816-a141-4760-b109-e08946211f41	1130
af2e5a69-75f7-42bb-a125-6c23e5ad1e6c	1137
af34014d-910e-4802-b322-bf7b8f620754	1141
af39ceda-6513-4511-badf-a057f25aa377	1133
af3cd1cb-a4ea-4a43-9677-3969850eeada	1124
af46751a-d28b-4ff6-a730-603f77b122a0	1075
af4800f4-0613-4d15-8526-ba71ed06ff5e	1086
af4c4eb3-0044-46ae-97a4-24555c862031	1085
af4fc814-ebd1-40ca-82ff-ff2915dd436c	1131
af578b37-3095-4c23-9902-14b7214df054	1055
af57fdb4-f4dc-4b6d-a45a-430c75d8bcba	1068
af5d6a39-a9b0-4dd0-80a8-8863fa193c4a	1060
af5e6881-4f6f-4f05-89d7-f6d098010485	1133
af616f15-54f4-478f-8b3c-cfab66f1241e	1076
af61a5ca-c9cb-4fa0-a2c8-6adf41b088cd	1073
af65dbd9-c53a-44d1-be62-77135009c1ad	1142
af6c9a6e-7578-4ff7-b249-bf0f8e391c72	1126
af6fe16d-fd74-4529-9376-3d8b6ceb385e	1130
af733922-91c9-4613-a552-5ce3042aa1ca	1053
af738386-dba5-4da5-80f1-25026eec7aad	1067
af74f9e6-0541-4246-8fc5-6d6dea965437	982
af7712fa-e0ea-4a56-822d-35d6c7dd5e56	1062
af81af30-10bf-4f07-8c22-ae5264ecc45f	1066
af87acbd-21d7-4715-8d84-2d54191ce5d4	1058
af87acc2-5740-4e31-808b-ec17b69611f5	1107
af88a2ef-073d-4b46-9920-f325d6863970	985
af8a2a9d-012d-46da-9ed7-9b939070285b	1134
af8d88b9-4588-4f89-be99-370a081a3949	1134
af8dd285-c365-400c-8de4-9dbd54eab8c2	1105
af8f7f6d-555e-42ed-bcbd-ba0e35387673	1066
af90491f-edf3-4b2f-9aa8-8e092c5ae2eb	1073
af912432-4c30-472a-ac2d-3115e356cb61	1076
af940223-1ce3-45cf-9774-6f9e34a40a83	1079
af977726-a1f0-4657-b986-1115db1b524b	1141
afa0a63d-2d5b-4c6b-8b37-7c20e31a1d61	1126
afa6227d-5ad0-4494-b5de-1bdfa8d9c7a0	1137
afa9b642-866f-40e8-a89b-0acd7799b6b9	1126
afad7050-56fe-4a6a-8f03-1ad37a60eaeb	1140
afb45c61-3bec-447d-8e8f-3650fa80339d	1154
afb7cf24-dbd0-4267-b728-674e80f1ab10	1069
afbeecf2-27ef-4e1d-8e90-b55bc94efd42	1144
afc04d3a-48de-4c9f-9e64-394a41364f91	1133
afc14f74-c36e-41d6-a52d-c450289b878e	1135
afc15b44-943d-485f-996c-6580378a4941	1083
afc32368-2257-4549-b440-6bfe3eaf65b7	1073
afcac124-fcfe-4821-a8b6-cc8187d97b4e	1127
afcb4004-d4c4-4465-9163-447f864fbb82	1081
afd189ef-546a-49c1-830e-ba81abfa2af6	1132
afd1c5bc-b12a-4a72-b655-2d4d13f3a8ad	1089
afd5ae72-0090-4135-9670-c20ffdb49cb1	1131
afd99275-8e57-4df8-9526-84f504502a83	1099
afdb23eb-4873-4603-97c3-d842359ed096	1072
afdc9f16-8417-47da-9d7e-b8716f6f4591	1306
afe0948e-144f-4746-96d2-0d7c5a9c8ef3	1140
afe11844-7cbf-4d4f-aa7f-5e0377463514	1069
afe29a9b-f6cd-4082-b058-935ea2e3cd5a	1121
afe8d0f1-110d-45e3-aa3e-b015a9075ab7	1066
afe99724-0184-4ff6-bb63-8a17ef568c5a	1149
afedf912-1441-4b74-8b1d-f7b441770da2	469
aff20739-0bd2-42ad-b47f-16cd1ddcfc00	1133
aff761c6-1933-4b3e-98ca-3349d0d597f3	1047
affd6216-db15-40be-ae8e-bae7e90e54f2	1126
afffe33a-fb19-48b4-8d24-c30e912c63e2	1068
b0024951-5216-42bf-a4e8-7c121689278c	2100
b004346c-b29e-4493-ba86-5ae5b545d858	1062
b012411c-248d-4c78-af4c-b85fd1da3b99	1131
b0153a0c-4258-40ef-8c81-30b8a294b463	1080
b019cd66-ca13-4112-83c8-338730873763	1078
b019d662-376a-43a5-9cd4-cef019a0d46e	1129
b01b18d7-d2b9-4154-b73f-3002f55b1dd0	1139
b01eb448-f1ad-4799-8889-7ac0d891668a	1059
b01ebb6b-3e4e-4463-a94a-2a40c828f79a	1074
b0203116-21ce-459e-8643-9cbcbb1acb38	1126
b020cf50-5505-4a74-9f20-7a6522117f64	1133
b02212de-ce8b-4114-aa17-aebc44a6dd45	1129
b025073c-b5a2-4403-aa4e-0bda2d626dbf	988
b029005b-aabe-41a4-b6bb-76705c7c33b7	1123
b02ac0be-cd6e-453b-a28a-c1a9337b7e80	995
b02b6779-8491-452c-a547-0f47c62d7a8b	1130
b02eb772-0a0a-4afd-81ee-0c00a9e1d39c	1126
b031fd94-f5bb-4c22-88a4-31116d081fec	1129
b0323047-d532-46a2-a71a-1752700729a9	1067
b03bf91f-3f20-449a-a390-1a301fc43d1d	1072
b04111ad-ef17-4e1b-88e7-78ba11675e1f	1071
b047a059-49ed-4f15-bcf8-c19e5bba333e	1075
b04bcc6d-79bc-48c5-a45f-1293a7733827	1074
b04ee132-074a-4090-9a5d-783608a332e0	1067
b0506d50-fd9e-4479-9693-53d8ff06f9b4	1131
b05215de-1a64-46a0-8271-be6851ecd6ab	1071
b056f3e7-5ddb-4c30-80db-c0ad2ab13391	1073
b057d1d3-c8e7-4ca6-a340-a3c4ee57888e	1071
b0588bb5-1719-4835-9c07-b068d41de856	1130
b05a1d93-240d-46c3-8bdd-ffbcb1752697	1075
b05bcdcd-e758-4847-bbfa-7232799d84cc	1123
b05ce93c-13f4-4dc2-b9ac-133092f47664	1119
b05e9883-c7b7-429d-a759-173549aa6d3c	1080
b05ebe28-95aa-43da-86e5-73dbeae8a268	1067
b05f6763-1a04-46fa-85f0-9443b96346a4	1139
b0608cd8-88a1-4730-a632-6d59b7cb418e	1138
b060f18e-bf12-4750-922d-bb1df07a39eb	1129
b0619ccf-40f7-48fd-89fd-d1b7f26ca3e2	1058
b067b9dd-f9a0-44d1-af50-f08569dd3a6c	1101
b0699efc-4e46-4b61-8ec8-159cb23769a9	1117
b06a81ad-6ba7-45f0-bc20-f0b277cd66f3	1134
b06d0a12-14b3-42dc-bb66-b559b7ce6869	1141
b0707ca7-8420-4e74-89ed-2764b4c796f5	1136
b074f441-280e-4a11-9c4a-6c687d72e25f	1069
b07ec5a2-66d8-4cd2-ba35-63865cbdae7a	1140
b08134f5-3fb7-422c-9a3b-f413476a9782	1071
b09db1c9-682f-4697-8739-efaf11a129cb	1073
b0a0b6eb-4214-4781-aac8-6c34bce36270	1122
b0a31803-8af5-4cc2-a8b7-b71fe06c0eb6	1061
b0a4d0b2-1c65-4a0b-a3eb-bd47e2fb92b7	1137
b0a6d36a-7eb7-4bcc-9ff1-46a65af9cc13	1123
b0a935ec-26ac-4a59-ac8b-166bc19fa4ab	1071
b0a962b5-9ebe-4ddf-b82a-b93d1a5b2d0b	992
b0b04730-9e52-4184-b1ff-ba47cc915874	1089
b0b0985b-ea38-49d4-ab9f-648065bfaabe	1130
b0b19e4a-2ddb-48a7-bbb6-5382affd559b	1143
b0b2a37c-1c84-46ed-948f-bef8240aefeb	968
b0bc337d-bad1-48cf-8161-32aa59fe5d57	1137
b0bca8dd-bfc8-4197-a288-2b49fd11648b	1082
b0c442cb-8163-40e3-9c79-c859a072a220	1000
b0c4a6c4-f0a1-42a5-a607-ca15f60512de	1128
b0c5b7d8-6343-4d25-8963-d6725820dd55	1069
b0cdbf6e-aa15-440d-a96d-77b7e0c7bed6	1069
b0cf13c3-7b90-4e28-af90-ab96a945d477	1036
b0d86559-8f72-46b5-bdb6-16c621011215	2030
b0d9cd78-a9a7-4385-a5f8-5bd1f1bf1ef9	1185
b0dd0b63-7199-4b94-86ea-02476e53ca21	1149
b0e2bac3-edbd-4ee4-8c8c-0b076377bde9	1065
b0e603e6-96c5-409e-a818-f0f95a4a8a74	1067
b0eaaac0-a316-48be-a8bc-0561dedb7b7a	1145
b0f09e2f-c4f4-44d4-a3c2-6262585bb877	1073
b0f3c502-1b3a-449b-a480-f95298522794	1137
b0f4a968-12ea-407e-85c4-72b57eb08e26	1060
b0f86cfd-bdb9-451c-8dec-d0feb7aa3acc	1074
b0f8af08-4694-48cd-9b04-7df58addb65d	1117
b1081185-11eb-4785-b1f5-cf64ac450b32	1066
b10b0e55-0544-4422-817d-901a9f24099d	1130
b110a890-e3f1-451f-a4c9-e3cde542b95c	1048
b111d956-d250-49e3-b27d-20e9a0b38f1f	1134
b116b164-e00e-4570-9476-a8b222aa63bc	1064
b1184e15-de89-4269-9cad-1f3f0f09a979	1131
b11fb1a0-4da0-46e4-91e8-65137d8fd501	1133
b1216e38-cbcb-490e-97e3-81eca1d859e7	1137
b124aeae-7d05-469c-a745-fd4fff4a6b98	1128
b128d90d-890a-4094-9cd9-11eb0d3f699b	1112
b13085d0-a355-4df4-af41-d54110a17381	1131
b132dc80-4d55-4510-94d9-1362d70b1be3	1056
b1330626-cce4-4ebd-8808-c411bead4b04	1101
b134dcd2-0774-4c11-b02f-641b22bc65eb	1071
b13af521-c581-4a8e-b7fb-1cb13e6ced39	1117
b13e5c2f-b7ee-46af-beb3-15b24dc8252e	1138
b13ea9bb-15ea-44db-8af7-258dcce72db2	1117
b14fc2ba-8704-461d-b1d2-3013d3d3a27c	1131
b161fab4-62e6-4fac-860f-0cd5931d4097	1031
b162798e-b9da-4e89-837a-46c11d2e85b3	1124
b162c75b-de9f-45e7-b45f-6f0472ee779a	1119
b1662924-0084-4b97-8bd4-31aea4fe885a	1034
b167206d-4ff8-4499-8519-6db29e01117d	992
b16d3cd8-7b86-44f4-bb5a-b279217fa3f7	1071
b16f49d7-5118-44fb-8182-65a3de359a7f	1079
b170222e-37eb-43b4-bcbe-3f63e53f0b60	1038
b171e465-4c5f-4c03-bdc3-0a044c7e1022	1118
b1751b53-85c7-44a3-913a-6ebe5b5a6b1b	1051
b17c1284-6ff7-4b7f-901c-7f5e42822137	1129
b17e7087-47ff-4302-959a-9e2bad3181f2	1076
b1838218-6630-4eaf-8498-b7ec8f57ec94	1129
b185310a-dc92-4f4f-8a64-5718dea29de7	1073
b18c9eda-547e-48ac-a5c7-85c80c79a3b4	1130
b18d0026-c0cb-4de5-80b2-3e44270f4a45	1004
b1915aa7-f618-46a9-ba5e-0027885f41a3	1153
b19166b9-7f23-4a91-962a-c838228bd97c	1135
b194fa07-c2d6-4e25-a962-98bf735d1806	1115
b195cc30-577a-412a-af64-d3cf6b1f79df	1049
b1988ab7-350a-433a-a0e2-6781c4e04dca	1085
b199564f-6fab-43b6-99f7-229b98084310	1067
b199ba81-5fc2-47ec-9386-14ae8a6c10f7	1138
b19cc3e7-1399-48d6-83fb-65302ab879fe	1064
b1a46c36-f143-414b-86db-cb693ecd44d6	1067
b1aa1f55-5b77-4786-9b7f-fb9e5e440a10	1042
b1b02e46-9561-45c5-bc4b-eea8af303e54	1141
b1b038cf-5016-4b7e-a3f4-b46c0e97a729	1045
b1b0dc93-0ef4-4647-a167-a450b28341e7	1125
b1b18217-7b99-4928-840f-578e5fd8407c	1137
b1b2b60c-ba17-43ed-8754-b474dfb40582	1074
b1b3eec5-a14b-434a-b52f-8357e1e6c6f4	1129
b1b40ce2-29f7-4de7-8a21-a522b7455c37	1138
b1b90827-6839-47c6-ae3e-638c96f80ee3	1067
b1ba0880-b022-4069-a263-d8aa58e546aa	1122
b1bc1f51-2b10-44de-9a1e-f9fd9ba49caa	1144
b1bcfee4-d904-420c-bd6d-32a4b6522e00	1136
b1c1feeb-8389-4f56-af2e-4aa9f8f19182	1131
b1c3b6e4-ffcb-4f26-8d60-9505348028b3	1142
b1c90222-2c80-49ef-a2c2-432db607f2ac	1127
b1c95f6d-6808-4bb9-ba9a-6b44081b8035	976
b1cc450f-2cca-4be8-9a33-b3b7dc4d6c9c	1051
b1d10435-d270-47cd-8137-41926067b065	1117
b1d2009f-c18e-4ef7-ae0a-e202c40d9cbb	1137
b1d405b9-bab1-407a-adfa-7ef03efb5dcd	1066
b1d4e84c-c5bb-47c3-b843-af682e3e625c	1133
b1d883b6-78d0-43aa-b694-4844d9c297fc	1077
b1dfb955-c8b4-40fd-a333-78496866fc83	1079
b1e35f13-5cde-44f5-becf-971c030cfa97	1078
b1e392cd-cf90-425c-a1f3-e69bdcd70bff	1079
b1e3e129-ef6b-458b-8ad8-129913395588	1079
b1e40f53-0f5b-4b0b-982f-dfe97dcb8d85	990
b1e4fa9a-e373-4769-a555-0dfd4864460d	1058
b1e9d407-1df6-4ef7-b2d2-35557ffe5417	1048
b1ed2406-b4ab-4842-94cf-3b6569d0608b	1053
b1ed526d-d15a-4c46-afe9-b23ba4aac4c4	1082
b1eda92a-5783-4f08-a896-85c3251d5b43	1148
b1ee2a04-da87-4421-80ba-b836b9a5a274	1136
b1f052b4-b0f4-4235-a133-1c851b4f061b	1073
b1f51caa-f3d8-431d-8d02-aa44e62299e4	1136
b1f58a79-33f2-4c55-8f01-892cf3c756e6	1058
b1f70910-a8f3-442e-adfa-71cce1c7942b	1136
b1fa0b88-5bdd-48d9-acaa-e970288c1dfc	1081
b1fd6152-8d70-4dec-911b-1f00e2e8b018	1127
b208cfd3-c50c-4e2c-9d52-f3eed8bef705	1075
b20986cb-1dea-4868-99f4-9f98d42bacaf	1136
b20d999b-c862-46f3-9730-b313c893f92f	1072
b2122860-d91b-4430-bcf3-0781417d13c9	1131
b215276c-ce2b-4e8d-af3d-0aa44a3e4f01	33748
b218b60c-f310-488e-b69f-8a0b1695f60c	1032
b219ae0b-eee7-4f90-bdf8-1590a1933aaf	1134
b21e6dc5-e353-4d58-bf5d-6314d1cacc00	1131
b22099ee-c724-4b70-8114-d2e1d95f8c24	1125
b220a7e6-ea24-4f9e-8e83-edf50aa2f8e2	1072
b2216eb1-e6d1-4586-be18-02aa42301bff	1076
b2230559-05a2-407f-9ebe-7a2631278fde	1110
b225cdf8-b69b-4499-84a2-df85a8ebba64	1073
b2284ccf-51a6-425d-ba9a-e5f2b8138ab3	1084
b229cca7-2457-4649-a96e-ae92db75d468	1128
b22bcc25-135f-4290-8ca0-baba005c4b43	1595
b22c89b4-2353-4afd-9d07-e197bd8ecddc	1133
b22d3a70-f800-42eb-95a7-6ce13f92947e	2115
b24545c4-a8f8-49f0-b2d6-5e7a5d04d4f6	1084
b247e5ff-86d3-4052-97b0-c3cb94e4dbf1	1105
b24ac7c2-857d-4aeb-add5-707896b3a512	1139
b24bbb17-7b62-487e-bcc1-5c7796917d5a	1087
b24c2bb6-5b9d-4140-bf8a-9cd53b79e17e	1074
b24f2de0-789b-4fed-b5ee-388f32fce148	1076
b24f70d4-67c1-418d-921b-68ccf1c71387	1132
b2580d13-c3d7-436a-b007-0e56981aa507	1107
b258aa32-a4db-41a6-a707-553b5e156552	1073
b25e9c94-a836-48fe-8203-8ac864c7dd30	1147
b26471f7-75cd-4501-8325-ec3daa6ae83d	1141
b26d91d7-d534-472c-a36d-228fa50261de	1066
b270dd87-2c60-4f18-bce4-9573abc0d3ea	1117
b2717356-0ed0-452b-a719-cd278ae866da	1073
b273227f-b644-4400-8e91-d88ea94811d6	1079
b2732df7-51f7-4351-be49-f08f68f576ee	1117
b275b2f5-7186-486a-a2be-963b088bdc37	1081
b27b159b-5f2a-44fd-a3b6-64aedc090ab0	1150
b27d1e09-3e74-4c7d-9046-8d5715d227a3	1148
b28093b9-3db1-448d-8da1-706b12f8660e	1108
b281ff29-b44c-4bf6-b035-4a1fd4e26f7c	1072
b283377b-a6e6-484a-afa5-6348b37d9a83	1075
b283fd86-22a7-4634-bcb5-49d06a6fbae6	1083
b285c6a7-120f-4f12-bfe5-70504df01dcf	1060
b2869344-562a-4fd7-87fe-5594225307e0	1125
b287196d-f090-4fb5-a244-7d84c49dfee8	1055
b28bbe13-93b3-4bcc-a934-2f6f4e823b6b	1134
b2963dd2-16b6-488e-9180-af289348449c	1137
b29d59e8-5560-4b7a-9a19-254e897c05ef	1075
b29e689c-5c50-4973-a975-230608429890	1120
b2a5eb39-c28e-486f-92f0-6a2410207df9	1035
b2a67ba3-b7b6-4ace-baba-448345607418	1125
b2a6a2b1-021d-4571-9f36-1559ee7283bb	1137
b2a90314-5b27-498b-b454-67c90a86d8c5	1060
b2a948e7-d3ed-4840-99bd-cd832a664234	1055
b2ab0515-fca8-442b-9e1a-0dd296fdbb9c	1127
b2abc590-80c4-44e4-b7c9-2720169d3e49	1079
b2ae64a8-b0b4-43e9-b35e-e70541c257f8	1052
b2b0b6fa-7bb8-475e-b6ec-8c238ff4ac13	1050
b2b3d906-3c96-4089-b81c-dc251a11d4d8	1129
b2ba433d-6c9a-4782-8bcc-a538645ed7e7	1126
b2be8dd6-f442-4700-a9ca-6e4270245b98	1136
b2c0681d-86c9-452d-9a75-73c804905c78	1135
b2c7253b-dd4c-44fc-ab82-d728dcb93249	1120
b2db8e73-29a7-4d4f-943e-b0953c53c71e	1126
b2ddbe04-1918-464d-abbd-8934ee465a72	1132
b2df16f2-fa99-42dd-9c54-fecca4cf75c8	1096
b2e2a120-bff8-4761-a8db-66e0ad9875e1	1133
b2e30f20-2f18-45b8-bf31-ce0ccf3d8978	1131
b2e624fa-8821-4d39-b14b-580c26d62689	1084
b2e67a9a-810c-4218-aca0-f252c84e8535	1133
b2e68437-60fb-49a1-931c-cfe10bc3e093	1118
b2e95221-34da-4e00-9476-b81741242e7d	1149
b2ed0905-bac1-49c5-89ba-283b174e89bd	1132
b2efa7c6-0324-490a-9b7a-4891e921850c	1076
b2f4b3e7-9337-4394-82dd-5e87ca491f3c	1122
b2f6e470-b71c-4a1b-bff5-0e6d490f0f83	1134
b2f916d4-1325-4940-aaf9-b5344934face	1001
b2fd248c-cd70-4934-86db-0c1c565ab62f	1131
b300f697-02bd-49b6-a905-972fabf95f25	1118
b304d476-8b54-4425-8c03-30b83b1c9971	1128
b3089f5a-8a90-4a66-a987-6be360ae06f9	1072
b308b9fa-db28-495c-a5d8-34bcaf1362d4	988
b30fff99-1cf4-4cf7-8427-b8cf54348c07	1082
b31578d9-19b8-4028-8595-01ace9894f1c	1127
b31b66da-709c-4604-9d4b-dd933b38d51a	1132
b31df489-00b6-4041-90eb-eaba408ae05e	1081
b3209b02-41aa-4db8-84b7-107baf4e85cc	1123
b323a2f3-377d-4a6a-9c6f-4a5a78a7c1e8	1127
b326e29c-fdf7-4d89-a148-1b911bf67b76	1072
b3296d89-cbcd-4dad-8104-a2a3c806c950	1068
b32a67b0-fff4-4262-a64b-1d73a5562773	1062
b32e65b2-0a77-4465-bad5-88baf8815b2c	1114
b32f10dc-db48-4739-b215-9ab8070064a0	1075
b32fa961-21b3-49ce-b3c5-d72d146b458e	1082
b333a7fa-d6ff-44e6-bbd9-be3e45ad76d0	1071
b3351fca-e05b-47aa-b3a1-1051625fbcec	1056
b33f05e8-aaf9-47ec-ad4d-24ae70bf1f7b	1046
b33fa2fa-6061-4be7-a86e-813669a299b0	1140
b3437b10-684b-41de-9180-0d77c1b7911f	1133
b34435ec-5913-4a9f-b7e0-1dad94a77597	1135
b348eb4f-fbfc-4812-be4c-4d3f2e798135	1074
b34922fd-fc39-4209-8004-c68178f503db	997
b34a74c4-c712-41bc-ac12-4097dfe7d01a	1140
b353754a-ed2b-4cd3-9731-c1211fff6405	1069
b3573b0a-d65d-403c-9d22-29a53891cad9	1135
b3575dc8-d735-4356-b0b7-7b15acda8559	1136
b35958ad-f4d7-4f51-8f2c-d068fe614c40	1145
b3622ec8-a5a0-4a21-82ce-c5cab31a4b1f	765
b3698ba8-352f-41ae-a17c-27fc8cd724e1	1072
b36afa04-730e-448b-b9a1-a885658cf58b	1072
b36c9b02-9dd0-4302-a8d2-7be6e2ce28bc	1134
b36e9628-ebfb-4324-94a6-cedb141f5d5a	1077
b36fa90f-02e6-48ad-bf63-8200ba30914f	1120
b3710b49-d363-421d-aac7-e26f38a0063d	1046
b37511b4-7e78-48ea-b71b-92a376497aec	1063
b3767b26-3609-4b89-98ca-232bff4da0f7	1136
b3771fdf-1bb0-4a35-a690-897619019394	1075
b37bb1fb-27d4-40f5-adde-d2891a113066	1143
b37ce3d7-a7d3-4a65-8b2a-2f393e24b4f4	1043
b3808499-5cd2-4315-bace-6dcf20adcc72	1134
b382a8e2-a8d5-49e2-a327-6415e30a26ee	1129
b382fd02-c808-477d-a121-3188043e94e6	1133
b38895c6-473a-45ee-97a2-46ab7a2f3c74	1119
b38a3db9-a355-40c6-b7f8-05f43adcd77d	1111
b38d59a3-6111-40bb-894b-44c16071b2d5	1134
b38e2300-69ab-4d7f-9253-46e4df6fb052	1136
b38ec530-4cec-403e-99dd-e33cae56055c	1133
b3935731-d7c0-4f10-ad8f-58a371e8969f	1075
b3937283-c0c1-4689-96b8-a23a815d6bdb	1121
b3979fa0-78f2-4a39-bfb2-6c3d1855f8f9	1129
b39d3a56-cd3d-43b0-bd12-e31ffc87fe00	1076
b3a71792-6f21-47ac-bb66-8afb004ca388	1028
b3ac0568-2947-4f02-a821-27755b38f42b	1069
b3b18d56-632f-4789-980f-80f5f2288707	1073
b3b247e0-8c3f-43ac-8242-5a6a44529404	1067
b3b3cc19-3bc7-4e3e-a453-3ca06759ad5a	1073
b3b5442f-888c-454d-b0c4-bb0b98895d58	1077
b3b85165-b149-473b-9f67-86078c4dc1fe	1079
b3b8da5a-e280-41e3-94a6-dbbdc2c7c104	1133
b3ba4216-f9b5-4da9-9e47-16882ad8baa1	1134
b3bd10d7-6b09-4967-a1bd-feb423e7d0e4	1060
b3bd36ad-93ca-4b41-a38b-33700750868a	1068
b3bedfd7-3285-4ebc-9c87-7d7af561b807	1071
b3c26227-97b3-47b1-9b41-f32ae66ef1e3	1132
b3c31c68-4070-4ceb-bd81-075b06bf87dd	1057
b3c4de31-8ac0-429d-9964-1b92c8f987c5	1056
b3c67f11-a182-4bf3-8ec9-ede9a8d03d59	1243
b3cc8c22-c174-41e7-bfe2-be6416ef512d	1140
b3d19d18-053c-467f-8420-645d297a8e7e	1098
b3d46afd-d529-4d70-8b9d-c86251286257	1046
b3d7ba23-bf26-4939-8329-a05fac66b931	1078
b3d95e41-9501-48eb-8e35-dac71b5d1f9f	1130
b3da4e6d-df14-4658-8d56-12bbb00cffa7	1048
b3db10fa-2a2b-438c-b6eb-2aecb78006d5	1120
b3e15a17-0547-40bd-9922-0ddb798a3a16	1149
b3e20b7e-a549-45a2-af6a-097b406c2fd5	1128
b3e4b0f0-ef12-4b09-aeea-64237a1b33f4	1079
b3e59f1b-3ae7-4011-9af3-6ca270174525	1104
b3e83809-7982-464b-9018-d0150eb72c0f	1101
b3f4f046-42da-47e4-8d57-1668f418c660	1083
b3f79991-d75f-4c7c-84d2-e0abab257150	1106
b3f7a07f-741c-483c-99ea-8a0b5aaf8fd0	1077
b3f8a971-f352-46b6-af92-3468ceefd359	1077
b3f9399f-b83f-4871-8e18-35355926997d	1141
b3fda07f-5204-414c-aa65-af4e2730f069	1070
b3ff5866-da84-4f9e-842e-09f6a9ce43d6	1132
b40a40c8-6172-436e-9508-31e31f631c1e	1142
b40adaae-d626-4b7d-a61d-f0796fbcfd0e	990
b40bb2c9-3f64-4020-9f4e-9403395891f9	1135
b4149988-db5c-41c6-8357-7fa6f0b6cfcd	1278
b41770d3-71ba-458b-b382-560c18abb6ca	1074
b41929f4-da7e-4c06-84e6-2c494470cfd8	1099
b41ab0aa-32d9-45d1-bffc-ab0b9b867a3f	1074
b421e37a-1e13-4def-9f4b-4aa81b2ae716	1143
b422aad1-2c29-4cd3-9487-0e5661bec11f	1071
b4286884-0fea-440c-97e8-730fc72a2d15	1138
b42d0a9a-f4c9-4199-873b-1408153a22b1	1074
b42f697d-9a80-414c-a8d6-5c57404e553f	2159
b4330969-a8e7-47f8-90f5-0fdfa3cd1fbd	1045
b435636d-1957-4aa0-88a6-87f5c15c059e	1132
b4376646-53cf-4b27-ad48-69bed9077a4c	1132
b43ef247-0fe0-4c1f-9954-9c5b7811f156	1068
b43fb762-4734-49c2-b3b6-9d615f2494ee	1132
b43ffa5a-1d35-47a1-9c26-fedb5ff48b9b	1129
b447f5dd-985c-4924-bd22-a0f850638a61	1053
b44afda3-16e9-4701-8075-bc852c90e6ed	1059
b4559afe-2721-456f-996b-f8f3c15ff608	1134
b46316d6-0573-4734-bb26-9ef0ba1125a3	1071
b465f2bb-80d5-433f-aedf-976769a7f4af	1150
b466b408-cfc5-44df-9383-ffa7716b0577	1141
b46eea46-ef12-40fc-aab7-95546a096743	1118
b470eb99-c452-497a-9858-ce888658e888	1084
b47188a4-db7e-45b9-9737-b19447bf4c4b	1056
b472ef69-4aad-4822-b678-56ca202e09cf	1137
b48c1388-7662-484c-b809-5cbd82f760e3	1072
b49098e5-c9fb-4980-b024-9947bbf789b5	1136
b494444e-d373-4ba3-ba6c-314a65f15b2b	2021
b49638cb-42b8-4206-95bf-b18b9f5d4878	1138
b497c41f-c017-45db-bfe8-c83b199dbd60	1141
b4983812-9f12-4a1d-8521-ad704d0b8775	1135
b49ca66e-63b5-4c71-81d9-43c80ec258a7	986
b49d9286-6bbe-42e0-84bd-84fe823d9ddf	1123
b4a026ef-918f-4bae-8630-27bd946f29d4	1074
b4aade9b-0954-411f-a180-91bbb5cc01d2	1113
b4b75085-f5bf-4363-a92a-e371b50c374a	1129
b4bdf2d4-c2a9-4629-a80b-97f887fe8d4d	1016
b4bef830-78bd-4870-9a3b-73312a4ded99	1139
b4bf8ba4-4ef7-4873-9042-6f0c6dc830b2	1113
b4c3c6b5-4084-4278-93ed-c22b4f075b01	1095
b4c40b55-50b8-4b93-8766-38d33c15036c	1138
b4c92736-4705-4e1b-9f01-f03d16e1fda7	1079
b4cfd076-1e36-4989-9f64-be1d24aeb5d8	1110
b4d0b0c9-da14-409b-bb3c-6e04bb502bc2	1074
b4d201e3-eb87-419f-9b56-03d5ae748e07	1055
b4e32866-d858-4215-b90b-0e0a2f8aa0c9	1107
b4e65725-f609-4b8b-a5f2-d91a226eff5b	1062
b4eec3f1-4fa8-4185-9138-1cc43414d950	1130
b4f49557-b534-42d0-a776-232c1971c3bf	1116
b4f4a650-48a7-4cb1-a583-3834b0545735	1059
b4fc8cac-a435-4d6d-aa2a-cba7103cfa71	1115
b5007f1e-f829-46a6-8521-8df6682f06a4	1133
b5097b4e-844e-4e92-9348-bdea7eaaaee1	1070
b50f53e1-ee6c-4cf9-8eda-5ecd90bfc0e9	1071
b51333a8-a720-42ff-ac76-47ba43ad2699	1067
b51420a4-1734-4973-bf3a-7527eb086196	1073
b51ac90e-8b98-4fa0-a3a4-2f4a94e7ec19	1139
b51b547f-f080-44b9-a2cf-6f3786b74453	1004
b51bc686-3228-4b54-8554-ea48580c7712	1078
b51fad52-f267-4b4a-baca-f18092572b08	1135
b524e952-3a54-40d6-8e5c-803f95404153	303
b52a9f63-724a-4834-bcb2-71561c57383b	1045
b52ea330-129d-4b97-9d10-e2bb6644df25	1121
b531025b-9e9f-434d-bce4-f9c72f95fb11	1136
b535734c-cc37-4107-82d3-6688ab9fd0af	1121
b5375488-7651-4fab-8704-1fe9e87ef2d4	1134
b53f00c0-6ca6-4ea2-824c-3a6ca9bf0c2d	1062
b53fc64e-96c3-49ea-87bc-d40d4f01afda	1064
b545b8df-a75e-4ac2-a6d1-4f819f7ee458	1128
b54c6777-6881-4263-88f2-5b83ed0ef5ab	1073
b55742f7-622a-43b2-a24e-0c60504b3a83	1134
b5592cf4-c1a3-46f9-ad38-7c046f5e7702	1080
b55fc47b-bda3-4024-947c-3dce1b3eb103	1130
b5631cc1-f62b-497e-84d5-5bc747207708	1102
b563fad7-040e-40dd-b399-b732e0745c4d	1051
b5665ad6-bbb3-4f96-b79f-93166dd5f560	1069
b568d7b2-2bbb-47cf-b05b-bc5d7e84ee14	3075
b56eabcc-7b04-4a51-9d27-c627f87de306	1135
b570c3e4-a3b5-44f9-880d-6aff6cc9cc4e	1125
b571c80e-55b6-4fb4-8cae-99b9f80418fc	1070
b57e65b0-a116-4562-95f8-ebd4edb4c8dd	1056
b580daf9-ace2-4de4-ac92-a061c4a2dadc	2110
b582c96d-c068-45c0-af4d-4f1c806131c4	1125
b58325f3-a83b-4aed-88ab-5ab06b056575	1142
b58658b5-2b10-4b0d-a66c-ca946d5b7c40	1097
b589f3ab-df94-422d-96e4-76d366501a12	1131
b58affff-e4da-4d09-b001-6bee218d6191	1129
b58bdac4-fea3-4008-a70f-32a81ba08620	1079
b58eb566-a343-4b0f-bac3-ebc251ea7f43	1138
b58f01d4-902f-40fc-8868-986689c83308	1080
b58fe71b-4933-4f9b-80ee-cb9f34ecbf3d	1143
b59335c8-183d-45c5-9a14-521856c695da	1083
b5aadfa0-5fc5-47b4-8cf3-de009c2711ee	1127
b5b2b5e2-3612-4fa3-bde7-4bd8f69702bb	1348
b5b3d354-ae1d-406e-bacc-f021a5bda992	1079
b5b4f728-6ad1-4c81-aaef-408a5e5735eb	1138
b5bc4fff-4c12-477f-a7c4-c513068e9142	1140
b5bddc13-e9fd-4781-a8b0-0129701aee10	1135
b5c0e7b7-a080-4acc-90f5-e24204c764e6	1119
b5c1a574-41c1-4062-9ce1-c9c4e4f226c8	1078
b5c3bee0-1476-4303-a616-99114ec50282	1136
b5c45266-1380-4dc1-9a69-b79bc2007527	1132
b5c5e154-1462-438b-bae5-7b90fee921ce	2046
b5c64416-3e76-4cf7-88f9-67a853c50dc9	1129
b5c6ed1b-f463-485e-9583-488e7f401851	1074
b5ca040b-c609-4699-aeac-fef2c1eb091c	1074
b5cd10c6-0e81-4825-b490-b7ae94012b70	1071
b5cdaba1-70d8-4edb-a725-de4e6a853a1d	2035
b5d13405-2a09-4723-beae-b3fd8d3a4e0f	1136
b5dc66ee-0b89-4909-aac6-79ef19459024	1080
b5de75da-e636-486a-8fce-7e1b06651b48	1118
b5e85920-09df-4de2-af00-acc307d88a38	1070
b5fa1a71-a3f2-4658-9898-7cc05fe7f37a	1102
b5fa41ab-bada-4fa2-8ea9-0fe1c37bc298	1132
b5fa5c7f-eef9-4257-b59f-ea898f799ba3	1103
b5fa7484-d745-4358-930d-a30db73cd09c	1140
b5fbc0a7-6be3-4aed-ba54-9ba214a4f18d	1076
b5ff5bf9-056e-4730-bd85-a75b37ea09e6	1068
b60076dc-e4bd-4fe6-878b-39099ccef599	1073
b60a5f5b-b8fb-4dd5-a146-1b666248afbf	284
b60d67df-6c27-43b5-90a8-f71292fa7367	1074
b60d756a-ba44-42a6-b768-893a1326d5a0	1001
b612e1c9-8cbe-4e54-becb-f4dbf6abd3cd	1041
b614c87a-061a-42cd-ac64-4405b6d83464	1135
b61c36fb-42d3-4ecc-bf13-4a87e3b26755	1130
b61f18d1-2b60-4974-8abf-6c0eca40ed49	1074
b6277b85-c804-402e-89ff-4d9000bd02e8	1120
b627aff3-7a2c-498e-b59d-fe685236ef26	1061
b6281d43-c41d-45e9-ac7b-b4e738e4b089	1074
b629e276-e2a2-4208-a04c-e6b55c22ebc3	1613
b629f25b-7fa5-43cb-8f63-7908f80927f4	1064
b62b6e6e-2a2b-48cc-b48c-a2456ff8a7be	1050
b638a288-13c6-4540-a739-ecf4892e871b	1139
b640c9be-7397-4e0a-ab91-269b125c2ff4	1133
b641ab0a-c62e-4bac-9294-0a01d9f3fee5	1130
b644087f-3c2e-4ec4-8695-1857ec05c0f5	1077
b6447151-a075-4d78-835a-25c66282b007	1124
b646db34-6bd8-4ba2-9450-0e5aa157d751	1134
b64760a1-05a1-4b8b-94b5-f5aae8db1e11	1116
b65131ca-182d-481c-9aa8-11caa98aeb64	1056
b65a7774-5872-469c-bdda-e90d8789b361	1113
b65eed00-2755-4b11-ada4-9005a66efa8c	1074
b6627ef9-3fdf-4199-ac22-a665196344de	1076
b662a503-77fe-4bb3-a989-63654628175d	1064
b6654511-5488-43a8-bbfa-9c0dd3a2db90	1115
b6687ca0-daac-4874-b8b8-4cfb73a31c16	1066
b6719549-7a83-4fa8-80d5-5fe02dfbc5eb	1047
b67362cb-122d-40af-99c3-1e0baf941e94	1140
b6741016-69fc-4e5c-8f82-e3c809e1c775	1068
b6758a91-1388-474e-92fd-de1848016d9c	1129
b675b0dd-dae9-4cb0-b71a-9020cdcd7691	1140
b6781e48-1666-4ff0-a8a7-290058de22c3	1050
b67acf40-0a63-4edb-bc71-fa197a69a651	1136
b67d294e-90c5-45cf-a9b3-628cb952013d	1089
b67d97b1-932d-4a19-804f-a1e09dfc97c5	1133
b67fae57-df9c-42de-ae27-21f3e87ae18a	1688
b6800775-3291-4742-ab38-085d2f9707cd	1115
b68ef35b-b720-44e6-9dec-ea8ed1db3da0	1137
b68f6a72-6b87-4fa5-8801-ae02a797b645	1135
b68ff394-a658-41d2-b321-37ab50138cc5	1119
b6919e33-bd7a-49ce-9677-c67df696a2b4	1079
b692d709-022c-4152-bb6e-88eda9b1830a	1064
b696c373-f57f-4fc4-9869-d6970807a0fe	1019
b69910a8-bae4-49c3-97e3-1ac7054cd249	1112
b6998028-667b-4273-b3b1-395af2b99913	1130
b69a8045-955f-4945-81f4-c3ea8ecc817b	1064
b69b6524-252c-4bfe-9209-74b0ffd71423	1084
b69ce6b4-f77c-40bd-89f5-1af543ee42ea	1079
b69fe384-d1f6-4937-a106-480b701b2ad7	1071
b6a0aa19-11f7-4aca-9a3e-135ab1580380	1138
b6a2deee-eb07-48ff-af61-0531bdd669bf	1135
b6a51bc5-6005-45ef-97b9-09e6c6d1c2ef	1070
b6aa4087-4b6e-4cae-84c7-a9c2354aedda	1081
b6ad7540-003a-4aec-b8e5-1fcf308e21d3	1129
b6b20cd0-3fc2-4ea3-9d44-04ece5cf1d9d	1139
b6b2615d-875d-4720-91ab-08121ebd9d5d	1123
b6bb1b89-5ef8-4f4c-8432-68af4008d19f	2142
b6bbdd42-0000-4c60-b7a2-aa96dddb7625	1075
b6c76ace-7116-4d34-9bce-8b9ee42d5701	1063
b6cacf38-b720-4f64-8935-6c6678081dfb	1053
b6cad012-d796-4c43-a2d9-70b4fdf44c33	1108
b6cafe3e-e9b4-4e2d-bb01-ff596df7185c	1071
b6cb45d5-ebe9-4802-a34b-cbf0683d25ca	990
b6cc0680-b7ad-4762-a83e-55f59a70fa14	1048
b6cc0fd4-9db7-4940-83db-a6542b931371	1074
b6d4e3db-1301-478e-a642-1cf0ca2f0b73	1140
b6d84488-d304-4cfb-915d-f9dd97668dba	1110
b6ddb1fd-74e3-40f3-ac6f-3dfbb5b5fd9b	1071
b6eeaeb1-b272-404e-98a8-066431be9f4c	1130
b6f6d452-8df0-4d7e-bf24-3ab301c47d21	1136
b6f7052e-551a-4f36-a86e-8ed0ea39ab60	1116
b6fce509-090b-4243-bef6-00d054950a89	1083
b6fd1441-0af9-4991-899b-5d847b2444e9	1072
b6fe629f-036e-49b7-a3c9-609074055daf	1133
b7030164-9e1e-4b1f-a304-77c00ecdc5fa	1116
b70373a6-d8ce-40f4-8042-57302e4a2167	1079
b7043c1a-c80d-4c3c-a1fd-92c6860cecdf	1114
b713f5f8-8728-40df-9e21-34c7ce0bf72c	1130
b71ddaea-7fae-4b9b-90e0-2d052f1eac6f	1065
b71e5165-870a-4096-b641-8c2c3bf62922	1112
b72042d1-3693-419b-88df-a18c935f1e1d	1064
b72756dd-1e92-4868-b461-46dcd172bd2e	1120
b72797bc-9b87-4410-8a59-826de8f1542a	1154
b72e9d4f-3592-41c8-9e8e-bf5ff5e7fa01	1078
b72faf17-e8d4-4dc3-a13a-e79104e5226b	1131
b732f066-5ccc-4ce5-9c7c-d1e0e67fde65	1055
b7337b53-e9d9-4a69-9254-405cdfc34a51	1118
b7388ab3-ca64-4629-9cef-0be12913b682	1138
b738c02e-fbf8-4a96-9284-6bcf10641f9b	988
b739e873-9f6e-4335-80ae-f39f53889e0b	1127
b746ee86-4582-431d-9f77-cdb1d11b027d	1134
b7494a22-aeff-43c0-9e08-9de66315e9a2	1130
b74ac2a4-4cec-45f4-8099-72cf65eaaea1	1382
b74d3b46-c06e-4c6a-bb95-962e8900e592	957
b74d946f-aae4-45db-9484-22a19373deed	1073
b74f03b6-57c3-4c8b-b8f5-19fc5361d397	1124
b751fb37-d701-4bce-9ea0-5cbe5fe49e94	1079
b755b6f6-4e5a-433e-aac3-78f7b5d0647c	1133
b75763da-157f-4d35-89fa-78c83a0471aa	1136
b759811d-6483-40ca-ae32-d8e9b8d092ba	1037
b7598a50-d87d-4d86-b0fc-678c5e2f0718	1070
b75fd7f1-183e-4501-a2ef-18e2cec39d89	1088
b76477d1-cbb7-486c-a61c-4ff956d72047	1079
b764984c-359d-4e89-a861-d4c8cc36a715	1080
b765a65a-c444-4ba9-92ab-c6a5bb25f245	1074
b76725b8-94a7-49d2-aa19-6fc46c817896	1065
b7682971-3168-4e07-9864-ec36576160aa	1155
b76aa8a4-15f3-47d9-9307-77de910dbef0	1075
b76f241b-0024-4be1-a955-1f86a3e20ca1	1134
b77918cc-cfbe-42e2-baf7-b16679becb67	1067
b77d698d-45f2-4cf8-b172-2d26c733c494	1121
b78039ab-6282-4846-9bd3-8375c756287f	1137
b7846b39-2989-45e0-8e17-3af0d262e7c6	1137
b7857c5e-f2c9-436f-af31-5970ea163d00	1075
b78bc233-1211-489a-866a-fb29bf675a9d	1060
b78f8393-885a-49f3-bc95-444bce94bb15	1021
b7904c2d-9c09-4ffa-b8b4-5e4f0f5c129b	1138
b799cbf9-1588-4fe4-bc62-13b47c6b974a	1071
b79bc20c-da6d-4e37-809e-36cf4861195c	1067
b79db17d-9fd7-4a95-b098-4404a2562d1a	1123
b7a52f1d-c8d1-4e1b-bf59-740dde90d364	1623
b7b03a3f-5429-4d9d-8a8c-1b28f5463a86	1025
b7bce066-d0cc-47a6-a804-f7f16a2bcf28	1066
b7c0a86c-7b77-460f-938d-a0cfc49853f5	1048
b7c1acf9-303e-4bdf-af40-4ef0b2694bb9	1135
b7c3d953-7b40-46af-a418-fd6bd3883255	1132
b7c3fd07-84cb-4b3d-b5f4-1500407e68a9	1049
b7c65316-b56d-4423-8aad-4c41bacd54da	1000
b7c72717-f00a-43c2-b812-d04bd475b87d	1078
b7cabe41-0306-43d1-a3df-8b85df143451	985
b7d2c14f-a27f-4e8e-9c8d-776a444c4b99	1070
b7e88deb-197d-404e-8e30-8c594edd033f	1114
b7ef6045-7a49-4473-960c-7a9c12f02a8d	1071
b7f14f25-0526-43a8-bb9c-54fdce982b17	1141
b7f77a2a-1afe-4020-ac15-03a1c148b8ac	1138
b7f7bb96-a14a-4fb4-b98e-bef1b50ab9f1	1075
b7f9f36c-0af3-47a4-a1a5-12f9d7e07af4	1087
b7fe853e-2da4-4d08-80a4-b420ec2aa3dd	1100
b80195db-6f8b-42e5-b4b5-02c754cf1844	1064
b8042a81-b144-43ac-a188-785d0cc50fd4	1129
b8060391-4854-4703-97a5-31ad3814efd7	1119
b80a41bb-2152-4f85-a4cd-0a3a86ba5287	1127
b80d05e1-2234-496c-88c4-4cdf2c356673	1073
b812eeb5-4f56-4a64-9390-c37e321f11c1	1139
b814ff3b-2402-4350-986b-3363c12f6f80	1132
b8162725-b235-4668-a190-806aa16cbbbc	1134
b81f5972-fac9-46f4-835f-db23374cd620	1124
b81fd964-1357-4b83-a8d5-717d88b35cd4	1057
b820312c-8044-4574-8ac6-f210826a6e59	1078
b82283d8-ca6b-4a35-8f88-15badc55cf80	1133
b8241816-1c3f-480c-8721-2b0cf8523bac	1140
b825e031-57c5-451f-9dc7-0673708f9f17	1077
b825f05c-3423-4ff8-af7d-d43b170ee532	1143
b827b464-286b-48b8-83c9-46cd4470e7b8	1064
b829f932-d953-46f9-9adb-d065ef5dc733	1129
b82c5eab-2ef5-4824-8ba1-5a97ff9cb135	1076
b82d509e-3c3e-4409-947a-0d794611a1d3	1058
b82fee9f-0516-4ef8-9120-e81fe41ca1de	1131
b832e619-5747-4893-889c-b7bba7bb4651	1060
b834a66e-e570-4981-8333-7f0fa10e2603	1131
b8364e18-f058-4f76-928b-c7c3eb3c054c	1126
b83ae6d9-03b8-406c-aead-80d34234451d	1128
b8470073-dcc1-4be6-ba52-753e0bf8b6cd	969
b847f3ac-1211-49ec-8273-580781e248fa	1140
b84a2fd4-f3d3-4aa7-9804-1269a7860342	1141
b84a8a8e-995c-469e-8e59-325eadd42c5d	1070
b84d5764-b2a6-4a07-80f1-a36b0aa55315	1131
b84e1aad-ddaa-4229-97ba-3f7872f04113	1067
b850155b-db9b-4f2b-a5c3-6c7356eb3bb4	1065
b8533bdb-395a-44df-b8ce-770975ee3e53	1074
b855878f-997f-432f-adf0-1b12416abd37	1053
b856f602-3407-44ab-b766-cd0ca4f1659a	1166
b85dca4b-4b8f-454b-a1c0-d41b28ec9a97	1015
b85f7b73-6cc8-420f-aa7a-472dc40b0df2	1115
b85ffe51-b74e-49af-b6aa-e9a8cf535344	1071
b869ec92-825b-428b-b691-839bc1eaebe9	1090
b86d0671-ca65-4ae6-ba1b-1f054fa9b926	1064
b87065b3-7fcc-4ec8-84cd-b2cd92261dcc	1129
b872adfc-3709-46dd-83b2-fe7d39fa4152	1122
b874e1d8-de39-489e-8b91-57f4f1dc9091	1106
b8761d15-9d0e-4895-9419-9079e75139db	1113
b876cd2c-d3e1-4695-9a8a-0e135c185e65	1071
b87aec18-7aaa-4736-becb-11ea53c10eff	1005
b87c8255-486b-4462-a1c3-6d37faa5c871	1148
b87cc1bb-66a5-40e0-b51b-cbfe8b462dd9	1066
b87d97b9-a45d-46db-8888-6e7a3a6182fc	1307
b8806213-34ee-46a7-beab-eef6a7e3ad44	1132
b880626c-6237-456a-8477-55acca4adfaa	1073
b8840c82-8562-4536-9b08-5d907fc64a42	1126
b88851ed-cb6b-4006-8ff9-488fe9914aaf	1124
b889a5d2-ce0c-4fd4-b4e0-fcee935543b4	1055
b889ead2-d4d1-44c3-acbd-4248e50cc8d5	531
b88bba0d-a4dd-428d-a47b-667908824e07	1133
b8908756-b4e3-4ff2-b16f-7033fa5fdcbb	1138
b8910ca1-a4c4-425a-8b20-147a999eb616	1063
b89171d3-2b13-4b34-b6d4-c306dfaf2419	1068
b89244ea-919b-4f6f-873d-fe19bb5ead5d	1132
b8a0095c-04f3-4815-926f-dd2a9809903f	1125
b8ac2845-c864-4b84-84c8-b943a81916ad	1056
b8adf20f-13dd-4b8c-bcb8-a642c9e33e5a	1121
b8b0ce54-194e-4891-aa63-f9e40cabaf32	1066
b8b267ff-b1ee-413a-b4fd-1c0e0199e5e1	1146
b8b2d2f5-a650-4166-9e04-75e3b8409a2a	1132
b8b3dd07-624a-49a2-bd64-025101fc7292	1131
b8b8b1d4-0c32-42f0-81e3-9d76b0c838c1	986
b8b94d0a-97c8-4799-a02e-367afb6ece4e	1139
b8ba2dc8-35c7-4563-934d-8d1893bb9dbc	1074
b8bd0e00-e917-4078-ba42-1a95fc03853d	1077
b8c4001c-12da-44e5-b1c2-c47739ccf11e	1120
b8c8a61e-2f48-47db-838c-9cdbf004d054	1084
b8cb5836-edc9-41f7-8337-688c356d2355	1068
b8ccacdd-d83c-46ad-b663-0b8b19777d96	1071
b8d10020-0b1c-47fa-94bd-7a01fd1827cd	1350
b8d228a7-1abc-425b-8807-52700d6094ff	961
b8d75323-8301-40b9-8528-c642aab86e35	1069
b8e29d7f-e54a-4805-8eef-e4de227d55e7	1142
b8ed3d55-579f-41da-8c0d-6c3189af6b5a	1078
b8f1ea93-ab10-421d-9f76-bd2825faf517	1930
b8f5ccae-de54-4ee9-b74f-298c321734d5	1119
b8f674e1-0008-4156-b6e2-22156bfae8d1	1076
b8f67f96-7c08-406b-94b9-c302b3f5fa7f	1127
b8f71670-dac9-47ba-ab92-ef0705ded713	1066
b8f90d91-3fce-4ecd-a392-c03ee66dc310	1134
b901200e-23d2-49f4-953d-fbba271da566	1135
b903e737-bff4-487f-8673-39a668f22248	1072
b90568ce-9a7e-4b8e-93c9-14dc05893697	1139
b907a60c-2a63-4816-961a-21043e69a928	1131
b909753f-3ad8-481c-8f34-e290e326a551	1136
b909d7c5-c199-4c5b-9685-867fc0b00c9d	1043
b90c20eb-976a-46dc-aca8-ad11df7a7b64	1139
b90cdfbd-831d-4f78-9b7b-01d79010a3f9	1074
b90d2eb5-2cfa-4c13-ae24-161aa9c81f24	1122
b90e7ac6-4865-4e35-94eb-6d1741238e21	986
b91143fd-a9fa-4bcb-b9db-627ab1def0eb	1135
b9132f16-6bd7-4d38-85b7-662a7d383175	1108
b9228e6c-8da9-426b-a8a6-4fa96f73206a	1137
b9230404-9e63-4af1-ad07-c7aeb35d68e3	2042
b92554d0-1cd6-4e21-8153-2c870bd713bf	1136
b92602ab-c491-4e11-87f0-485aebe6deb4	313
b92f7c29-90cb-4e20-b58f-2407100d59c0	1047
b933123c-6afe-4dac-bd13-a3f0ed1600e4	1076
b93c8145-43e0-4e12-bc84-c4fdb2d6174d	1120
b9414c97-1155-4678-b7e5-e0f81e4bc4b6	1065
b942ef7c-56e2-422a-ba05-66f10efa2a72	1137
b946a90b-793b-4d7f-9631-06ee10a79716	1123
b947f623-0a1c-45e2-bdc7-e471f831f59d	1133
b94d986b-7861-4f7c-987a-807c581e1ba7	1111
b94e2bc0-eeeb-4454-b206-3cef3a826858	1061
b951818b-19dd-43f5-8937-069cf5ee24bb	1052
b957c3db-b8ab-4ac9-80cc-8f0f13d567b2	908
b965f4f4-f512-444d-91fe-2631089b502d	1138
b96a7565-1743-4dae-a3b2-20abd70a3005	1082
b96de572-399d-4bd4-bf65-ce7ae70376f0	1137
b975a527-d7e7-458d-9925-e3046ab3188d	1055
b97602c8-c040-41f8-8d29-047987d5ae1b	1136
b97904a4-12ee-4742-a081-96ce2b6e1367	1103
b9793775-784c-4335-b4bf-888ac1cceb37	1064
b9808df3-b0c9-4db5-8c1c-38a411aa9312	1120
b985e059-f496-4c29-9339-769c8ee20e9a	1077
b98a1d1e-3513-493c-91f5-abab5014a941	1078
b98f99ab-5aba-41cb-8101-9966641bc839	1068
b991591e-839f-44f7-8438-a723daad324c	1138
b9939250-fe5c-4732-94e6-3e1273951793	1059
b998cbb1-fe98-4478-bc3d-31fe08d3232c	1073
b99d6d36-9b4c-4f52-9057-51fc8481a78c	998
b9a37f37-165e-42fa-af70-e516ae17963d	1062
b9a67813-233b-4b99-8f7c-8f9439d8cdaf	1136
b9a73bc6-4933-488b-b64f-96ea3c7416f8	1056
b9a79fee-0264-4909-85fc-be3366a8155b	1117
b9a89f18-7e04-4f56-b66b-8af43cd69779	1096
b9aecbb8-73c4-4ed6-b356-3fb87235a9fe	1131
b9b32c87-fdbd-4ff7-8964-49a3480cf379	1065
b9b9eca9-1e14-4386-9972-b7be765a09cf	989
b9bf0c31-79c7-4daf-9937-396e2723f41b	1037
b9c01d08-6a8a-4e27-a956-ced3b7d4d4f4	1077
b9c14772-c24a-48c1-862b-38289b338cda	1058
b9c32829-d064-4953-82da-07b5f1757e7d	1135
b9c757cd-2409-43bf-9eb8-440f886aea47	1062
b9c7fee6-c6dc-40ce-8306-f7db96594fb1	1071
b9c9d24b-0ff8-4040-927e-08512561c513	1118
b9ce9235-ff0e-4bf6-a002-e547d280d87e	1070
b9d755b2-59b0-44aa-908a-98c4c7f49628	1120
b9d7b058-a4ec-4106-b6e4-188ddffd60c5	1120
b9d99145-e005-4c90-9261-1889e49a52b4	1073
b9da2d6f-326a-49ec-9c8d-0c891e34110c	1055
b9dd9b55-ae89-4b17-adc3-19e601f0f8f4	1141
b9e24524-f89f-460f-80a8-315260641ea7	1075
b9eb2188-4ad6-4ea5-84c3-0304640548b2	1133
b9eb5857-f247-43f3-a031-43ce71ac7eba	1073
b9edbe24-fbfd-4c35-9cf4-3af61a8dd2b7	1077
b9efb3f0-e88c-485a-8b54-cd9d7923ec4a	1077
b9f050a0-9614-4437-b272-918e903d7f1d	1108
b9f3a774-7f64-4472-84ca-b3a0c1c6830b	1123
ba035826-55b2-4cd3-8ca2-27e72cfba441	1095
ba0958e0-4c4a-48a5-9804-93c4dedd1551	1085
ba0a88ee-739c-4696-b2c0-3da01d3c71d7	1072
ba0ca710-21fb-4826-8142-6295094321ad	1052
ba0d128f-019c-4f0e-a950-23ca6442bc50	1122
ba0d8dc1-ae4e-4623-99a5-e10ab2929adb	1125
ba12496e-d5f5-4087-a287-4e0a24fb12c7	1064
ba1ad535-b296-4b78-be4d-2a44ccffa558	1072
ba1b73f5-5497-4def-b685-f8faeb9eb2ab	1115
ba23430c-2360-467e-9f63-17db295a371f	1127
ba289cdb-22d1-43d3-b1d4-e0f186e0105c	1075
ba2de5b3-0098-4592-be25-b06ee219dd4d	1137
ba301cde-0032-48ad-875c-a72c1f804fa7	979
ba34e4c6-b547-40f0-9233-3796e2f27744	1056
ba3807dd-38b6-48ce-87b5-dd00c36b12f9	1055
ba39ae7c-2fcc-40c9-845e-7ba70f41eaff	1137
ba3da0f7-333f-4fa6-ac95-8d7ad2eadbd2	1056
ba3e6dc4-1505-44e3-8c07-b17c4c8a3d70	1131
ba3ff6ed-5be7-431f-a3dd-802fde0f8b5d	1293
ba404d6f-9100-43e3-900e-f75de8e6609e	1336
ba426948-a078-4350-9131-ce171c8d34fb	1130
ba467761-a550-43d3-b77f-9c5720fd544c	1064
ba4e5f50-d752-4de0-9bbd-90a4f5aef126	988
ba4e6d45-e098-4ed5-b3bc-302eea83e7a0	1073
ba50de7b-abfa-428f-ae7a-9f0dce6d9d33	1133
ba52e777-b123-4edc-8fc9-2010d29a1595	1136
ba588344-46ab-4c08-9503-7087da6d74d7	1098
ba60a620-bb5e-48c8-8095-49deea35e755	1083
ba631275-c957-4e2c-884a-1ec09a27d017	1132
ba63c47e-1290-473d-8109-f5e865f2793d	1069
ba69b456-de5b-4983-b05c-fb063d5aeed5	1135
ba6d7bbd-3d93-441f-8f97-e8bc8fc82c43	1135
ba707ef5-4a5f-4b55-953e-e20cd71f852e	1126
ba715d92-184b-40ad-83c0-df34e9a43ec6	993
ba71705e-fe4f-4e4d-9803-baa18b1ca7e5	1113
ba71774d-fd94-4293-8045-22d7ba8015c3	919
ba736616-5dac-4d45-a6cb-df47290bda20	1031
ba76dcfb-c90c-4cb5-9faf-44f5838cc5cd	1075
ba79f437-841a-41d4-9832-050e35d9d17a	1126
ba7a508a-0815-4bd9-a468-7ceec25785c6	1094
ba7ec122-dac7-4b4d-a473-f0fd82f5c6b6	1104
ba8394dc-f81a-4cff-a33f-c3135addbaa9	1061
ba869f6e-4978-4963-8113-ad8d4fcb8945	1108
ba8acf0d-e502-4278-9344-6dd0502c32fb	1082
ba8d7a70-96e4-4456-ae5c-56373791f385	1045
ba923d8f-8e61-4bda-b2af-e6c2ae4a0382	1112
ba947963-ab67-4f0e-bead-21c87a1a80ae	1064
ba954a62-2223-4d25-8306-77f36d252af9	1081
ba9c17d2-c801-462b-a7b0-bab7eb6071c5	1059
ba9c81b2-8e06-435b-a39c-297f0bd72b04	1106
ba9ddbaf-b7d3-4a34-a8db-83f5915665f3	1082
baa8a3ce-0786-4e95-b70a-5bcc6e65c2e5	1101
bab2ba52-a8f5-4bc0-9178-172f92680cb2	1134
bab2cb57-ea7b-4820-87be-24c72c222450	1131
bab36447-5e3c-4dcd-869d-63ccc8b782a7	1051
bab427f9-acfd-40c7-9226-adc06b6c98f8	1141
bab463aa-9ea7-4b50-8d9c-4c537ee6e647	1055
bab5e5dc-bc6b-4964-b704-c96f7c1497ec	1062
bab79be6-a015-4f7b-a8b2-5320733d5fd3	1093
bac6f5c5-9dbd-4948-a1f6-fb696f5f841c	1130
bac91f62-92b1-448f-adb6-7e6684cc1707	1136
bac938df-60a2-498c-a838-141826f9b94b	1137
bad127aa-676d-411c-969b-454ee2f69f23	1135
bad3ffde-9286-4b49-b67e-f5544f026710	1073
bad404f8-c3a1-404a-a426-e2d02e5b953c	1130
bad62b04-99e4-49de-959f-2f134e802f75	1060
bad88a6a-1fcf-4ffa-becc-176916d7155b	1131
bad95759-7a07-44a4-8aca-40a296499bc0	1064
badecfb2-1e25-4e25-8566-b826cf30d95d	1129
bae00667-130e-42a2-b3f1-4ade1d635fe6	1085
bae23429-d49a-48fb-8b94-a57885ee354b	1141
baed1490-bb27-4ee2-a4b0-63edd9432ee6	1129
baf50d30-1135-4d38-bfd1-fd9cced8d6cd	1123
baf60cb5-667d-45bf-bc65-ac4f5b233ad6	1146
baf7e7e2-a547-4b8a-af7d-5e0d903bce86	1136
bafa4f3f-628b-450a-83f9-253c96ee355b	1133
bafdf63f-5fc8-4c0d-b216-029772230297	1148
baff2f12-b8c9-4649-b5f8-d1b5ac9128d5	1061
baffc3ea-a820-4806-9b4a-7234f7c4fac1	1052
bb06710d-d220-4b7d-adf9-167e86224fad	1065
bb0e29e4-6f7c-4087-92d9-c9bb1f48ca13	983
bb15909d-5db6-42bd-bd99-acd5a45f95fa	1153
bb1ae044-6858-40d2-83d9-06fb97557503	1076
bb2b0695-dcdb-4173-bed1-44e7d2622f69	1141
bb2ca5cc-304c-4131-bd3c-7fce2848c7b8	1135
bb2e4907-f7f5-4d61-aeee-48ab89c9b002	1140
bb2fe963-d4eb-4c25-a25f-df1cd9ceaa69	1084
bb30bafc-3950-4bae-bc41-8820f39762cc	1079
bb329ec6-d901-4958-b0c9-89c088b1f20d	1046
bb3a4cff-30bc-40ac-a28c-dc555b8ff97b	1135
bb3b6601-faed-46ec-a231-48860f3cae40	1126
bb3bab83-7125-437e-985a-6a1afcb0fc4e	1137
bb460f06-9f01-4826-a213-c95771a8e6b2	1129
bb4fc12b-37f1-43a2-9b77-dfa32f21e4c4	1119
bb529216-781b-401b-8f7f-938fb466fba3	1296
bb5c78f7-a3fd-493c-8866-177610f2048b	987
bb69f12a-59ba-446b-84da-8dc0c2852c43	1070
bb6b7b2c-abfe-4710-b069-f982a0f4d410	1130
bb6bf61c-70cf-4a47-938c-981d9597663e	1033
bb6d4352-aad2-4c14-94c0-3e68e2aac47d	1147
bb6d7af1-9801-4f5f-9284-a06eb2f61817	1135
bb729710-46b5-48af-9e59-d6ff2bfb61d5	1072
bb74e180-d2a9-44a1-a113-054b0027a3a8	1134
bb80e3d8-d1f5-470a-945c-a987cc5e604a	1116
bb81c1de-2755-444a-9999-db8c5702d946	1076
bb829e8a-b257-40dd-8a4c-2534e226e241	1058
bb85573c-edb5-451f-a8a1-db976b99ecc3	1131
bb87908a-cb3c-463a-884e-ac48e498d853	1134
bb87ace3-f969-4982-b65e-ea751f05160a	1069
bb8d380d-484d-4875-b981-d3f81eae9e19	2071
bb8dacbf-d9a5-4360-b511-3bbeda9f521c	1047
bb9677f8-ef42-4ab2-a6ba-e6ceecd24322	1288
bb9b64ba-8ae5-4dc0-9092-752e752d5dd3	1128
bb9cd333-59c2-4b50-98c2-2b0be1145919	1070
bb9f73b4-1031-475e-baa0-53ef185b547b	1940
bba0955b-d08d-4429-b062-2f1e62e6a726	1140
bba860ef-1ecf-477e-aaed-ea175f39e21f	1117
bba86334-d6ad-4873-8bf2-23aea9c742b6	2063
bbab9de2-33f5-4825-a1c6-fe3ceea88dcf	1073
bbacc84d-3975-4094-846c-01f4ae0be776	1080
bbad26bf-3b45-4751-b177-182e73bb1496	1126
bbad6d71-eb0c-46f0-9fa5-104e02522359	1117
bbafc7ff-5f38-4d52-a919-7892173a7d7f	1111
bbafdf5e-e029-4b09-8b19-ccbb4ca92ecc	1049
bbb43f4b-32e2-4b4d-aa27-8585aad221d3	446
bbb697b1-2589-46c8-b7fd-5a45154e5bb6	1085
bbb94df3-297c-47e1-ba85-eb1c1f752665	1073
bbc0b5e6-54a6-4896-865b-79bf84d38a90	1076
bbc1598c-1c4b-43ae-99cf-43ebd062dfcf	1061
bbc2ee57-a823-4754-adee-1608b170fbcc	1069
bbc2fe93-5ecc-4262-a5c9-2baac8ef9f43	1135
bbc59504-403f-49e1-84ef-8b708315741f	1065
bbc87ac2-7cfc-4191-b371-52ce4e622950	1064
bbc89ea9-8c89-4e4a-8649-830d29afba8d	991
bbcbe38b-3c16-405f-a0ce-3aefd8e812a6	1136
bbcd3852-a370-4309-a44e-f36607950d24	1136
bbd1fda3-52cd-427d-a5b1-65cf348c7c3f	1079
bbd24d63-8cc4-45f3-978e-c4b48d0c5f3b	715
bbd24f32-82e3-4956-b70d-0e30a5c8ebfc	985
bbd82872-a08f-4545-a1d3-dce1a51ace38	1130
bbd8c8f6-0a6c-42ec-8aea-d3c697a192a3	1075
bbe035ee-d999-4167-a687-c058ed87408e	1068
bbe13912-a933-428a-b269-66af3214c7a1	1055
bbe2342f-1cf3-4801-ae5e-84aeec6c6764	1076
bbeade0d-35b4-488e-bfba-60e00ae2e6a1	1144
bbf7215e-67a1-4985-b922-2f1496768721	1139
bbf7a4e0-fb77-4b1c-8fad-fb15b4d04bd7	1116
bc005a97-1a11-4b44-b792-5a2435186440	1124
bc0549d8-1dcb-488a-b923-7c9cec639999	1135
bc054b3f-482e-4b57-ab34-4482abeafa03	1115
bc070089-5e8b-4f5d-8982-4d2aef567582	1047
bc087e1f-f0f9-4c52-bebb-4933486ecaa4	1131
bc10d69d-8a5a-4359-bb07-ece80ce080ff	980
bc1874a8-db0f-4146-8206-2d47065ba197	1086
bc1a5765-f53e-4299-a18a-05c7d2f4f44c	1135
bc2858ee-9dfe-4e24-94e0-53f9098a611b	1055
bc2c8e36-1f01-4362-b2ef-e019348c0fd0	1138
bc2d0833-8e99-4b56-ae2e-13df5a0634f3	1081
bc366962-c910-43e9-bc70-3759b118247c	1137
bc36b5a7-9189-487d-8335-df43e19c01dc	1073
bc44735d-3bb5-487a-a988-feb2151190ee	1074
bc4a720c-787c-4bd4-8398-147a805dc636	1127
bc4c7506-be80-495b-9ab2-75396b3c95d4	1125
bc500c97-99a2-4462-bc9a-df4815e64348	1118
bc52a45a-c0b3-492f-a10d-1a6c37d1028c	1139
bc54e9ce-c666-4381-9918-c55a06b1875b	1078
bc5805c2-aa74-421b-acac-7c376bc940db	1052
bc58839e-127b-4240-885c-c6a01fa5aeed	1111
bc5a7482-945b-47d7-998c-ddb92f43afd7	1040
bc5afec5-9a94-4298-9329-d0f46f9577cb	1136
bc60005d-692b-4962-b13f-c905d9813003	1150
bc600eb2-1017-4267-8e89-266f10f1218c	1066
bc61483b-ccd7-4c31-b2be-ccfcc61109c8	983
bc639e81-232d-42bb-9555-07e37169e7b9	390
bc6cdd9f-6158-4a96-a093-cae781f32d60	1079
bc6dc0df-0f5f-4c2b-88f5-4e63d7022178	1068
bc7a3e73-eed8-424e-8dbd-33c94dd29e8b	1142
bc7accdf-7acc-4974-ab94-c2d5e83d0474	1130
bc7c5080-3793-4e1e-992e-c0ee0b134791	1354
bc7ce36b-d0bf-4909-9a30-de6804e6a7b1	1137
bc806942-3ef7-40fe-bb05-524be6d637ea	1144
bc865b5b-b1ef-4e68-8887-cadf09aa50e7	1132
bc88410d-a088-4154-8637-3e4029550456	1126
bc88b433-93eb-48a5-a39f-cdb78eebc546	1130
bc8a832f-56cf-4324-a6dd-3c09fb712813	1104
bc90e219-c374-4524-ae73-87d2b5f74212	1064
bc930ee7-4d75-47aa-9846-fa65ba03a86a	1055
bc9496c1-56f4-4d0f-8f10-5d27ff663896	1071
bc95ff76-dd12-424b-b786-972136a7d459	1131
bc9918c9-4125-4d7c-b5da-b389cd9ef988	1061
bca8609c-bc5e-4805-9abc-0f381f90906a	1043
bca9df4c-484c-4dc8-91da-70f97abba205	1052
bcab6d8d-883c-4ed5-9fd0-30200eba5e8e	1080
bcb88ac7-70ca-4ef5-a2dc-ad51f6382f1c	1054
bcba64c8-819b-4cec-a9df-1838614f5b73	1138
bcbacd71-5023-4d26-aa80-7cdb27697fd8	1116
bcbbfbc1-f43c-4ee8-a83a-d05feb294473	1076
bcc0b17f-dad3-4bd1-a31a-fe365a7a73b0	1078
bcc2dd9e-c013-41e9-8f64-e3ee99c95589	1060
bcd65dd1-baa8-48de-bca6-b5c6a6e77034	1059
bcd7b4a6-534b-4f97-b39d-255eb876db58	1076
bcd88186-dc3e-4b15-9cd2-3693a43966c5	1138
bcdad39b-1f6c-4776-91b6-07a5f392684d	1130
bce1bde5-e5be-4eba-ae57-ce9ac3012c94	1126
bce4485b-53d0-4f20-b63f-67def85015de	1072
bce8a09e-f3b7-491d-b4e3-f0cd90efaf90	1142
bced18fb-2733-4d7b-bab0-c44cfdeb0bc0	1076
bcefe4ec-bb8c-44e0-b270-0001863be2b2	1040
bcf3785d-fb69-4d5c-866c-785e20032e62	1499
bcf40433-f013-4075-87fc-ecfa1128d4ff	1055
bcf62df6-43d4-4798-8449-9f5fcbea7e55	1134
bcfeaa81-45b7-48ac-88d5-fe1abbb03195	1066
bd0ec1ca-f9eb-4fda-844b-acf6ef62f803	1134
bd0ee528-56de-45b0-b167-62cbbe8d2405	1037
bd10b6aa-c4e6-4ad1-b63d-d8f1aa7eb0e6	1139
bd1135ac-6c31-46d6-9a06-67bbf263e41a	1070
bd11a6ec-b277-42f6-ae31-a4d02136a9fa	1126
bd164465-0794-4325-8f7e-0ec7c5147951	1131
bd1f0ce1-d1f8-4946-a211-e4746ce902bd	1083
bd202988-2f5c-4d18-8b06-6f8884183f88	1117
bd22d6be-6232-4c01-93a0-bc34c2f02a99	1068
bd23f52a-a3b2-480b-b8f7-3d4755833586	1130
bd2bd0ba-1858-4299-8e9c-01c1059c9dea	749
bd2bef18-4477-4ea2-b354-e747277df47f	1069
bd2e2851-1402-4315-95e1-3f23b7ac06fa	1132
bd2ed5ad-2088-4740-8fad-673b2e5334ec	1079
bd308ffc-2979-466e-80c1-fb51f196dada	1067
bd30ede4-ebf0-46b0-b403-a409289406ae	1122
bd3b974d-c320-4ae8-9f2a-2205a1442953	1070
bd3d95b7-c2ac-45c8-862d-c38e70400a9c	1079
bd3fee7f-9b45-4647-a554-2d8f8618661e	1121
bd4174be-4abd-4926-a96a-80ec4bd5cb50	1111
bd4179f0-2ec3-42e2-8a80-48657407fc20	1078
bd48f7c4-cae0-49b9-8458-1ecc6d25a18f	1130
bd4d1bf0-c989-4630-931b-03add1dd47cd	2060
bd50c837-46ce-4e2d-bef9-eba303ddd164	1063
bd562cc0-a818-4beb-91d8-d7155d89da53	1136
bd5bffaf-4b73-4aaf-94c0-215b7fb19d9f	1128
bd5fd3a5-aa6e-498e-94c1-b6850e1c6655	1136
bd602693-32fd-4f38-bc96-4a26d0f72fa6	1064
bd615219-fe0f-4aaf-b704-2e445c50a3bb	1129
bd65ae34-1363-4ce0-b3f7-e23ece0da87c	1123
bd7829d1-4f1f-44a5-ba09-94898af79995	1058
bd796c81-690f-44b4-a1d8-67090038e0f4	1065
bd7a3c43-106c-45ea-8ebd-2c88867aa5ac	1135
bd837553-d5a7-4e25-a9cb-070b203bb1db	1128
bd8a077a-d6c5-49d4-ac53-d436c3d883e2	1083
bd8c22db-feef-43d5-8bb1-eacd6813c572	1112
bd8de8a5-12e7-4604-8446-e54becf979d2	1054
bd8e6358-1ce9-4ce5-8a4f-812b09c078fa	1064
bd978a50-c7fc-4499-bc71-4c0dd27662c5	1135
bd9837b2-f6a1-4f8e-8fa7-f2e01b5bfc4f	1082
bd9ed1c3-2599-43db-a1dd-93fa8a65ace0	1076
bda0d37a-3b3c-47e5-9448-80e90de0a8ae	1091
bda7f693-e464-45f9-b978-91f590cda915	1067
bdaaaa54-9d0d-4253-bf9c-25f2dc37218c	1121
bdb38b92-954b-452e-a4b1-90dc3865d841	1120
bdb509b9-b33b-4242-b495-3d6226fe5da4	1062
bdb7ba49-7404-43a3-b25e-227a225f8178	1122
bdc06b40-e01c-4371-af81-82eff7b2d022	1074
bdc97b81-e25d-45ad-b1a2-840072f1246b	1108
bdcb2d52-3a58-4e61-a7e7-ebc8b78bdedc	1135
bdcc3a2f-f570-492e-a588-593998f7b15b	1122
bdce9de1-8b1a-4a20-b6b8-ca35365a91ce	1141
bdd0d472-8bd6-4862-b618-26e8697e8f74	1128
bdd4a3f5-965f-40c9-b547-937773786b8f	1067
bdddae62-e0fe-4300-bc08-80ff8a519f64	1135
bddf558c-4adf-4c59-8b6b-cbb0e89a2b80	988
bde414b5-f838-46de-aaaf-a84d08cbf801	1071
bde62683-82e2-42a7-8530-cb6e71869427	1142
bde75180-97b4-4824-bd6b-ba6a59282109	1010
bde9badf-6b19-4689-9878-1e7ac9f1a583	1114
bdece91a-8a67-4d96-b780-876a5fe378ae	1131
bdf13175-b25f-404d-8afe-084f659c5790	1078
bdf5b1f2-b067-4831-9146-da0f8342213c	1053
bdf81b63-ac45-49b2-9fc8-8270cb4b0e17	1060
bdf856bd-86c0-4b2b-b4e3-e985923497a5	1051
bdf9033d-e393-441e-a96e-57a218e8a194	1132
bdfb36e0-476c-41aa-a0a4-6343efe7da48	1061
bdfc7bf8-f305-4337-a196-9aa29d625c02	1093
bdfd077e-1c3e-4cd6-b607-e385a8018ca5	1059
be089e74-ab24-4eac-893d-b239a6b3c6bf	1063
be0bf5fc-8ed2-47c1-8971-a4f02aaf029a	1080
be0d532c-7c2b-4f93-b5fb-1a98584fcde0	1132
be0f2de1-9d18-4844-ba2b-3fb55edc9684	1070
be117958-878d-4d0f-913f-cab74beca201	1137
be130de9-e667-48bc-9b76-74c19e80abc6	1073
be14b2f1-c1bf-467c-8e07-3566da626ef2	983
be291850-5171-4b58-ad69-f0e8336837f6	1061
be29fb80-a1e8-472e-bfbe-a96964b3f342	1069
be2ff821-a895-45a1-b5a0-3e569f927a33	1124
be3223eb-6f45-499b-aef3-b5832e1dd845	1127
be333475-8946-4d3b-8360-7866f33d5740	1138
be39bfae-83e8-4546-8d05-f78c4e387659	1139
be3ed41a-595c-47bf-aca3-b41853a7bd7e	1121
be3f20af-4d51-450c-b3b8-6227a5d75db7	1075
be44c95f-d9b0-42b5-b356-cba12890cc98	1074
be4521ec-4b5c-4290-b0ed-f97618c6144c	1008
be48bb11-8d68-4005-9817-83a27fdded3d	1140
be4a87fa-39a1-4fb2-bcd4-dea2a3df5281	302
be4f005f-463a-4fd3-8438-1ed559d91978	1134
be4f9f40-c465-4155-9a03-2cdcaf003904	2078
be4fffed-bb18-44c1-87b8-a9779b99310c	1104
be55b2ef-87ff-46a0-8880-c011abbfcaf5	1134
be583182-1736-4459-9755-e45d1fc8db01	1121
be705cb7-34cd-4ac2-b600-d2475822be15	1135
be712d48-70d0-4971-a483-83f68f8102f9	2153
be75d365-aef0-4e6c-b9ee-81bb0f22aa9e	1116
be7ed0bb-95a7-4f0c-9201-fea080c5051c	1066
be7f7173-26b7-4191-8ae6-058eda3014a7	1147
be7ff154-619b-414b-9e42-452afd57f304	1066
be821410-d4cf-46f5-8318-3b4e8852d873	1127
be84e3e5-81aa-4b61-878f-6410cb3cacde	1077
be87cfab-39cb-4a3a-aee5-dc864767ab47	1078
be8ce9f1-f50a-43fa-9058-ecd3cb3b95ef	1139
be8e092f-7b5a-4f6c-9a0a-7d9acbc20dbf	1135
be95bf4a-75b6-4c5e-afa3-7bf3548c78b2	1131
be95dcec-fdf6-4c53-a7bc-ec49355a4b1d	1080
be9909c0-b4f1-4991-badb-e97a7759fa0a	995
be9a7b06-0079-405f-a59a-32dacfca7951	1140
be9c76de-d6a7-42c9-864b-4c0d3dd666ad	1068
bea14743-b7be-4876-963a-63487a88109c	993
bea2e8df-e2b8-46d5-ab75-0d3de04bc7d1	1059
beaa0abc-bdca-4874-a932-a82602400d37	1137
bead9984-d4cd-4897-b483-e26be3b97bdd	1122
beb47977-bb88-460b-a98b-088bd91e6250	2103
beb7f676-4379-4cc2-8b7c-e6032f54341c	1090
bec1c167-8b17-49e5-970b-501087df386b	1065
bec59c9a-0735-41a1-b245-afeb97a05d2d	1132
bec9c37f-3714-4927-8e4f-34d6d1d72d6c	1124
becc6aaa-3683-4b83-a800-bb573f000e72	1055
bed029b7-3729-4688-aa10-8f7f704e48d8	1126
bed5bc43-22d9-4008-9a36-1b1e724d9192	1141
bed5cc7b-6bd8-45b0-8529-dac1cb6d413f	1076
bed88320-8f29-4f4f-a12a-063b925af831	1073
bed989b1-e217-44fb-98f7-e5b5119273e9	1139
beec14af-21f2-4bcd-a7b6-53105f68a6a7	1129
beed93dd-7384-4cf2-8db8-f06b59cf0325	1140
beefdd36-6a92-4f47-918e-0ef330e581a2	1122
bef54d98-b7e7-4641-a552-dcca7e2e162c	1062
bef603ec-eccb-4e1e-8e84-4f34b2414ec0	1074
bef644b9-1d39-40e8-a6f2-fffb6a9c26b6	1026
bef8175d-26e3-4eb8-883a-d9f5ba0c4e3d	1077
bef91510-3982-48ec-8d7f-fac9b9f5ff9c	1135
befa30f6-aee2-4d14-915f-4154442c13d4	1041
bf02082a-a32a-4bf0-99aa-a4cd53bd2a67	1113
bf03480a-bde0-4a1c-9dad-cc805e266492	1056
bf042a71-4252-4df0-8307-edd181d805a6	1078
bf089d61-0950-4c89-9f7c-ec9a8d69339b	975
bf0c1a87-4638-4715-b305-5745351143eb	1140
bf0d48cf-21c5-4523-8a59-68a4f3296ddd	1130
bf10fba7-74c7-4a7b-8b25-ef9463b6c312	1056
bf19990f-089c-4145-b4de-39b43857f4ce	1074
bf20acbb-9418-4b71-af6d-9df1ce57cf70	1058
bf264822-74e5-4e9f-988d-38952ee584f2	2137
bf284845-ab82-4c56-bd3b-58ad0fea2395	1125
bf2874a3-f070-4399-8965-c62331123b28	1078
bf2a3275-48e1-4821-8ac1-29be587c1ff2	1132
bf2bcbad-430c-4302-8a76-dbed31de6858	1117
bf2d176f-1817-4a9f-bb5c-a1f9fad53f4d	1269
bf2f5b7a-e997-4439-b144-7765de1eec8a	1073
bf31efa3-0648-4e49-a7ec-81318fb4000c	1075
bf3513bf-de16-4489-b2bc-d08fa3a002f7	1117
bf35a046-6c68-4170-be77-44f47873c1ff	1117
bf364217-4c49-43e7-8edd-671e67afc182	1056
bf364e93-749c-43f5-a321-ddf5f5b856bb	1074
bf36f953-bea4-499c-a568-041ddf897697	1135
bf3c15fc-2e97-453a-b1c8-9407f60ed83e	1144
bf3cc6ff-7397-4281-a9c5-7c2b9ef32849	1075
bf3e5765-683f-4859-b29f-04cad0da4421	1077
bf3f89b3-f65f-4318-bf69-9cf8a1f4d9c5	1080
bf3fd3ce-85e7-486f-b1b8-5486819a3dd2	1312
bf41b3e4-025d-409e-9dda-5ccde4d78cab	1135
bf463f0a-eb81-40b2-a6c0-b825e02bd7ce	988
bf468c68-e281-44a3-a10d-0580494e8112	1076
bf487dca-c9f1-4d53-8651-9845c40cd092	1139
bf493bad-9da6-40f6-bd7d-35a5508e2a36	1062
bf4c173f-50a9-4ede-a633-7a504997c654	1109
bf507ead-9277-490b-94f5-2ec9379e8d2d	1112
bf572e3b-be3d-4801-b12c-cf88b526e7f3	1127
bf61d23e-7fe3-41f1-a42f-2d37b8db2345	1131
bf6d1c3a-7010-44bc-973e-4ddb73059df5	1133
bf72499a-6569-46f1-a083-f3733ad611a6	1123
bf8197cf-c381-4c5e-bb3b-5213f1b54105	1078
bf886e09-4fad-4613-b6db-ea8e3026c602	2076
bf89e0a2-54da-4e58-9744-c431dd098d47	1056
bf8f5424-dc31-4b26-b09d-1d6873b83145	1076
bf9265ad-8f47-4418-b26e-8984779c0d4a	1130
bf959281-1cb3-4391-8e4c-79e2c2b2c94c	1119
bf998bdf-8ecb-4929-8f93-d682e02a2e6f	1133
bfa7146d-2a9a-4965-9862-34a18eee6c9f	1135
bfa73238-0440-4d6a-a101-78d71da3cc3a	1040
bfaad439-08dd-4a87-a8cb-3915b573bf83	1075
bfb015c6-c1fa-4119-80b2-39a0dd5e339c	1113
bfb56fae-90d7-4079-aa59-33d922ff3b81	980
bfb78848-1690-40f3-a0f6-3bb7e09adde2	1075
bfbb8748-1324-4ca5-b3e3-d2584cc47991	1131
bfbdd5f6-3c91-4a45-baf3-f5cef77a1502	1077
bfc3fe17-5d2e-4cfe-9cdf-1cc8903d3aaf	1137
bfc4d6d6-00ec-4dd6-9b4e-2d27d4b7aa5c	1080
bfc63a68-a2a3-45f2-be8b-f93d7ace8808	1112
bfc7361c-3cf8-424c-bc5c-aa3aa45f9a7b	1113
bfcd3a7b-74a5-4e0d-b370-97774f70850c	1057
bfd4785f-760f-44a5-a99a-7a15d09ab555	1129
bfd57e96-42fb-48bd-a008-21f455438225	1126
bfdbc394-c8e8-4386-8efb-9fa83b946845	1132
bfdbd548-6aad-44b9-b235-33887ed25f8b	1062
bfdd0bc9-159f-4c26-bc20-9dffcc9507f9	1075
bfe2306d-e943-4b56-93c5-bff79db79f5d	1074
bfe47e6b-8584-4c67-abd3-79a77c9964e7	989
bfe946e8-3fd2-4a80-9b5d-ff6c708e9199	1072
bfea9a21-86e8-4876-a6c0-0e2eaeac518c	1127
bfefe49c-ce3f-4036-8e5c-a76ac8172337	1133
bff28b78-cd4e-4f67-b77e-f86c01b85c39	1133
bff35646-2aab-4d13-a2ba-ad99e7938c8b	1070
bff77f59-58a3-46b9-b846-7a9219dd0a8f	1132
bffbd5ed-5299-4399-9a74-687a1971f771	1069
bffc9649-b505-452b-8415-9d07c5cedd5a	1141
c00a9715-4e1f-4f2e-b1a9-edf3607a98d5	1114
c00c932c-f9e5-499d-9a41-c0366a5855c9	1076
c00e0af6-bef8-4615-b925-2d452c2c2688	1073
c00ee993-737e-4162-b703-8bd20ba53298	1135
c00fad4f-8211-499c-b553-decc00763411	1306
c011403f-9a6e-474f-a789-59d80050f38e	1055
c0155eff-cec7-4b42-959c-cdf615c2c2f2	1141
c0190fcc-fcf0-4a95-9bed-e7b3a5f868ac	1121
c0193a88-f85e-4393-808c-1fcad07fdea9	1080
c01abdbe-c4ea-436b-b094-4570370ec81c	1117
c01cd65c-52cf-44cc-a53c-ba7e729755cc	1052
c01cf190-735d-44c8-9ab9-58283979a910	1131
c01dfb39-1358-4559-9e8e-43196044c68f	993
c022fbab-8079-4e01-88e2-a1a0a1206124	1108
c0236933-7419-4d4b-a487-3d32ab243700	1133
c0238319-fd08-4427-8763-29b079e459a1	1042
c025e019-a1c0-405f-a543-dedc2cbbac77	1088
c02f0610-aaaf-4516-beb7-4c3dc14b2dfd	1141
c0393206-6f2a-46f8-b3eb-ff958c323e7b	1069
c03b1a46-c451-4750-a497-0ac8368e13b8	1132
c0400962-e2c7-4d2f-8e52-262711b556cf	1133
c0410368-653a-4af7-988a-57a3cc2390da	1002
c0419f56-0507-48a9-91c3-0dee6a6ea111	1135
c0434dd3-ce0c-4294-ada1-eb9506c009d8	1129
c04f363e-8116-4ca5-b916-d8e9056e9cd6	1109
c051490e-d7ff-4aad-99df-4453f68a3980	1132
c051cba8-13f3-4cd7-86e0-01a7c6f1013c	1054
c052a627-ed49-4e30-a5a4-9fd6185b52a9	1130
c053bed1-56ea-447a-a065-552516712481	1134
c0576115-423c-4db9-86d2-acf1ec5b676c	1136
c05ace95-64bf-4c8c-b7fc-13ff2c9ab5aa	1122
c05bc5ab-98f9-42bd-a6c6-1e25bbecb0c3	1136
c06148e4-46c0-4d76-8985-73b8bfae5e00	1132
c061bfea-2295-46df-8bfc-4918b612293c	1058
c062bb58-c9ef-4932-9b1e-a903b91f812b	1064
c067addc-d43c-489b-a458-3a11ae6289d9	1133
c0698057-4929-42f9-b535-6d0f491ad458	1077
c06c56a2-e5a4-4eae-a43a-521c3b8ec37d	1072
c072202a-257a-4b05-bc60-393f331e362b	1119
c0724448-0d08-4893-a9a0-51b5837b16c0	1105
c0726da8-33cc-4533-b162-1bdbd75bf902	1052
c0763390-3dc7-4077-a246-2b9553f9f634	1138
c0766454-19f0-4776-aec6-0c16a8c9a67e	1139
c0786790-9a6a-40fa-85ba-ce1b23bebbc8	1118
c079f938-112e-4c42-ab4a-ff5a6338e869	1135
c07bd383-33a7-4088-b220-c566ee77f256	1066
c07cfc42-dea3-4a0e-b003-1c546d55d722	1080
c080c043-ad7d-4efa-926d-84d817c05269	1068
c083287b-83de-4b33-aac9-4d38e5b256ef	1143
c08d3b6d-3f77-43eb-8e1c-055c13de2ef1	1135
c090aead-b7a1-4e6d-b825-e9961292f639	2184
c09478b1-2b31-4a1b-926b-3c87c7f88c88	1117
c0965d6e-0298-4a03-9912-441a10eebbdc	1135
c099dcba-3432-48b6-ae12-87193ca14b33	1077
c09b95d8-42e3-458c-bd8f-a9305f559380	1070
c09daf0e-82d1-41f9-86b9-1b9481ff90c0	1065
c0a07985-272b-4fbf-940d-bcb79db7d612	1121
c0a1355a-29b4-4172-9570-8d26f1a7938a	1050
c0a21cb5-3b12-47f9-a3db-8c253a8d33db	1066
c0a6f857-5011-4749-9853-031e581868a3	1070
c0a7e72c-a249-4e20-aa29-a40dc44cf7e8	1135
c0aab485-24b4-44f3-adb3-209a6c7c16c0	1135
c0abf6c1-9430-4b33-9297-95f5a9def2b2	1139
c0c05b86-7fcb-47d7-bea5-e034ef2cb6a1	1138
c0c3e1cc-cb63-4714-8ae1-aadf1dd05ed0	1097
c0c4c97f-caf0-41f0-b5df-2e7c180309c8	1054
c0c57b85-d3bb-4dad-8226-55c676b439da	1117
c0c741b1-bb1b-4c9f-adef-f66f79099960	1566
c0c86bc7-c4f2-47b8-b134-730e65e12222	1078
c0cf2190-77b9-4f17-871b-88fe3e5d95dd	1067
c0cf36f6-727f-42d9-aa30-96418522367d	2141
c0d64b7b-2fa1-4a27-886e-2cf645827f50	1119
c0d994f6-9706-47e9-a97e-b0baaee97018	1118
c0da32af-bd44-43c3-b7dc-9b9c75e54404	1079
c0da9851-ba6a-48ac-abb2-de75f7d970ba	992
c0df8635-2644-402a-975e-db162978be58	1141
c0e29a29-d064-4624-89e3-78a3a4756b11	1042
c0e427e7-74ec-485c-83b1-95f6f3b3b1f7	995
c0e5723e-9168-47d1-af7b-c4db90808e85	1057
c0e61f73-5cdb-4c0b-b432-ff5ed466f0d2	2125
c0edb196-f39a-4594-9221-2348e929b414	1138
c0eec1b8-34e3-40f9-8fd8-4965c5414df4	1141
c0ef8683-1312-4f7a-9d73-552071b463eb	1118
c0f08fd0-6fe1-4ac7-bc80-614986142c58	1078
c0f09839-29a1-4127-88de-6f8874f3083a	1134
c0f222ac-b941-4495-85d0-bc71e3dd6ec3	1079
c0f8e4a4-08c0-406e-90b7-cd73299fe390	1120
c0f95e29-9068-48dc-8def-9d41708a2849	1072
c1115d94-d0c7-4c19-abb9-65e5bc0021f1	987
c1121b09-5149-4307-9c22-0e1e0f0686b4	1131
c1170bc8-ac72-4c58-be65-c8e0aa25685f	1075
c11df0cd-7810-4e8a-808e-ad30c990a176	1070
c11f359c-3148-4767-aea4-4205604751f7	1097
c120fde9-7ae2-4265-a61e-8eee0afaa9f3	1120
c124fd81-4d8c-4aaf-9203-80673e50052e	1076
c12b7a2c-2c12-4634-a668-f87ae47bb266	1082
c12d1a47-dbf8-4842-84ff-5ecfeb62745f	1080
c130967d-cc37-4047-9e3a-63f0de75b140	1127
c132c652-8777-4f5d-9c88-6018c9eed6eb	1068
c132fb85-00db-4cdb-a748-e9a092cb1acc	1135
c1385aa9-e5b9-479d-9c3e-3b59d0418dbf	1073
c13a3797-ee61-44e3-919a-3ee08f473297	1134
c14352e1-0dd1-4f53-8d1d-f371f81bdc7d	1069
c149cb4f-0907-45b2-bcfc-6751690c026d	1078
c14b4c6e-b2b4-4663-b75e-02e540e582f3	1054
c14e04c9-39b2-4789-9ba1-936d8bf8b238	1058
c153003e-1104-4fe8-af3b-c0587dc54f1c	1071
c1534b5c-8404-4de0-a56c-6f55b19db514	1068
c156ec16-5b48-4b34-b3ee-9c434f8aaa14	1121
c15f34c7-9d2a-447c-b347-557b32a17312	1075
c1622598-943e-45d0-abbb-b00f714fa49c	1146
c1630661-bf1b-4368-a305-058c026d8f7b	1138
c16489c1-034b-4a81-8f3d-12d3f354e92e	1069
c1691989-ea26-4c39-8d83-0e98eed11172	1132
c16b8383-8a6d-4e62-8661-2c12c5c589cd	1089
c16d95b2-ea49-411a-aba1-0d735162c143	1141
c1712165-23ff-41f6-8e41-cccda4b9f1ed	1089
c17588c6-4c1a-4d6f-8d65-3622eee4088f	1126
c1797307-faa5-423b-8aac-9599de11e2d3	1140
c17a0ed2-2510-4094-9517-568ff4fb665d	1112
c17ce11f-b551-4168-a9b7-05cc2d64f8ab	1078
c17da7ce-306a-428b-a83b-adf911c29755	1036
c18474af-3a89-4e34-930d-6818430b7ec0	1139
c187d161-91f0-4a88-bce4-28b074fa07f7	1068
c1884270-6196-44c9-8fc8-e091a5b446cd	1052
c18acbe3-4d67-4292-9a1a-16f452ccaebd	1075
c1948908-c3e4-444c-9ccc-6e50ac9f7439	1116
c1997de7-f9c1-4255-a0e7-a9947c4f284d	349
c19a0aa9-ab32-40af-a53b-b16fd277f226	1093
c19d7783-650d-4ce0-a35b-5b6ad253090b	1057
c19e3740-4ce7-4b01-899f-e4067f76f4bc	1071
c1a7442e-f64e-4180-ab05-73f952ba9fdc	1068
c1a871fd-38d9-4739-bfe6-a90e1198892b	1076
c1b1060b-5446-44a6-a236-b62c4f9fa4ff	1084
c1b2b20b-d8df-49c9-8617-b012243a6b73	1122
c1b38c76-0c66-42b3-b0b9-74b8b3fc7d94	1136
c1b9a9dc-b675-4dfd-bd37-84463a0ee2c4	1130
c1bb18b9-ddcc-4315-88a8-ccf8994c282a	1061
c1bea10c-9406-4359-9a2c-f3b7d22c5bdc	1073
c1c3d2f4-e7e9-409e-83df-bf80757c3ccd	989
c1c8fd7f-a053-47c6-ac34-7b602871eab6	1072
c1cb16f1-e3ae-4d3d-b497-c08aca78ce4f	1140
c1ccb857-dc58-4054-97ae-4b39455a046e	1055
c1d211ec-9bee-4029-ae97-bb206c7fc3bf	1077
c1d47ddb-0c7b-4456-8e66-865b9d2c4d07	1125
c1da8884-1676-4d9f-ae2b-ef07e49eaafc	1131
c1dc68b1-cfb7-43a1-a241-4e92698dbc55	1071
c1e029cc-e082-46aa-8f07-8f94609062df	1059
c1e041c7-d710-4343-b920-b6d320aef612	1064
c1ec4c5a-14c5-4a2d-9fa0-39dd95306fd2	1080
c1ed45fd-2265-4ec2-8576-b30497312ce9	1066
c1f0a934-3b9e-4433-be2a-2ee16022011e	1087
c1f4b75b-70b2-4ffa-aeb6-e999de5da9af	1074
c1f5a9e8-9d4d-420a-b805-bf26f0eaae92	1134
c1f5dbcc-21e1-4ef1-a606-949a67cc0858	1063
c1f7ead0-f646-4867-aef1-66257283bc94	1107
c1f9d5f3-0e06-46fa-beee-5fc2f1fbc0c0	1144
c1ff4f2d-f2bb-44bf-a820-e4bc2ae10f48	1125
c1ffbb1b-ee64-43d9-8671-789bb7f9bf8b	1134
c201cd9e-6daf-41c0-9e15-9d167e35756a	1066
c20586a8-e122-4b20-a0f1-a91b26921fe1	1139
c20990b0-cae5-493e-afba-7d1ae5a5ca4d	1075
c20a3668-7850-4d58-908a-2b597f61fb4a	1073
c20cd2c4-fd9e-4ce5-a704-9c00c6d58597	1121
c2171035-ac17-4286-821a-2d837c9a7a85	1135
c2192ef5-b1d3-4e41-a288-c75b572fb33b	1079
c21aa5b5-b7b2-48ff-9fa5-1680f82d5e2e	1125
c21ba0d6-e4c2-4e8b-8797-e3a57e75ef18	1124
c21bab1a-5574-42e9-ba56-793308417476	1049
c21bc37d-e8e0-4480-803a-4ed8cd481b39	1117
c2252010-36e3-435d-bd10-07a1591684ce	1053
c228e37c-54d8-494f-8b98-bc452cefdf73	1078
c22908b2-f930-4fa0-a0fa-611bcc718f89	1068
c232ded5-11ab-4a0a-837f-fc33839c4f31	1128
c2356e1c-6b6c-4a49-bb82-9e42b24a3684	966
c2358674-e54d-4b3d-90b9-863ce14c0688	997
c2372b2c-2200-473f-a821-66ece7cdc1e8	1059
c2416b67-4af5-4131-a089-b9c7a3d5ecd2	1125
c24aa358-0233-4277-9b04-4f17486d1e4d	1135
c2517128-c1df-4fd2-abf6-d667ea2b2ca8	1069
c254be4c-c53a-4fc5-9615-d7aa15c7af61	1134
c256727e-5ba6-4d72-bbe5-ed5084d104fd	1123
c257d688-4862-4b44-98b4-a8849f62889a	1135
c25bf059-82ae-48c4-ab07-d13def3fb908	1117
c260204f-e168-4a5f-9961-67c0ec8097f3	1084
c2646ed0-d030-4b31-82f8-60507607a2db	991
c2655559-6d37-4c26-99bb-d780f2254de9	1072
c2750fd5-1acb-4e8c-9654-ab9b54fc7ef5	1064
c27e5634-2db0-46df-a146-9f060f5982af	1132
c28bd45f-875f-40c4-ab70-b8f98bec899f	1124
c28db12f-d4fc-4844-aa70-57cc1c03ffc1	1077
c29c53d8-03f3-496f-8e46-9460595acfe7	376
c2aa97d1-6664-410a-b203-6582732f9827	991
c2ac9287-69dc-477b-888c-f6704db6c6a1	1074
c2ae2a95-7613-46a0-bf80-17ea97c1da03	1075
c2b26307-8390-43eb-8f0f-97c344025aef	1050
c2b2d448-55ec-4ba7-9270-de1195ac0472	1072
c2b9b231-5a30-4d9e-ba54-d4f1afe29d2f	1132
c2baf054-9f5d-4df9-a916-6c452d5c1ba9	1078
c2c0bbca-bfc7-4192-be3f-76d475ce2c2f	1070
c2c22340-0b06-4094-8dfe-46f25e875775	1070
c2c3cfb5-0e3a-4c42-a992-b5a16e9039a2	1072
c2c512f1-9dc2-4f7e-9577-cfe19d74d6a0	1050
c2c6c402-e2df-4bb8-b995-1c789691b377	1074
c2c73b68-343c-4b4b-92fd-cba8c0485bf5	1134
c2cd10de-6e50-4a5a-bf9b-a2dbe73ff9b7	1070
c2ce5445-36d6-4f9c-8a88-1a90f476e60d	1143
c2cf7c5d-00a3-4f63-86ea-f141911fe7cd	1134
c2cfc01b-d885-48ab-92cf-52cd221156ca	1044
c2d14821-0e58-4daf-b59b-96c909234015	1156
c2d77c7a-54fe-4758-b135-ed7ac95c5fde	1304
c2d8d189-1885-4913-a677-aca30994b25b	1140
c2db1b26-b64b-43cb-9f7f-c8c7833e1b07	1063
c2dcaed5-4fec-49a5-8dd5-eb1345bb491d	1053
c2e1668a-a5a1-4088-9604-bfcdddba8188	1082
c2e52a38-4dcb-46f0-8a74-a5e26c227437	1138
c2e79003-e1b0-4a89-be5c-8d307b8a0b11	1076
c2ec9163-c742-4d09-87ef-62389ea00e98	1130
c2ed92f7-4268-4bbb-98bc-881d89ca35e1	1075
c2ef5b2f-9a4f-498f-a81c-1521113cc533	988
c2f3f8a5-ed61-4d05-a3ca-802510341d26	2005
c2f92227-6f22-430b-bcba-ff51361a5ac7	1133
c2fa2371-9c39-4783-9a7e-668f907eb0d7	983
c2fabf88-f8f7-40cd-8826-05c8280ade16	1072
c300b082-8456-4358-872f-f215ed849e04	1134
c306a8d9-9f6a-441f-ab60-5151489d8ed4	1120
c306e438-8016-4445-a283-cc44ff89c21a	1135
c3091b0c-e85b-4287-ba21-e983641fb0d1	1080
c30cbe5d-edac-4306-977f-263f61213067	1141
c30f919e-a976-4cf0-87e1-ea61fe46b9f7	1277
c313a1cd-9b1d-43c2-82f0-82ff62bf28ca	1126
c319ffcf-9eb4-49d3-b278-ca43b1d10d9c	1123
c31c256c-7999-435e-826a-73bc24305b75	1121
c31c3f79-7236-4c0c-9b2c-fa02b8ec23a6	1022
c31c6d41-c43f-41a6-991f-08401dd9a7c9	1069
c31c88bc-12bf-46c4-845d-bc92658b4c62	1074
c3287fc4-cd46-482f-a39f-3ebd4ea8de53	1073
c3290216-8920-4959-bd4e-c8b315dac0ce	1064
c3361258-ada8-4fc3-83c8-6b5c521d9490	1075
c3377d9a-cd38-43f2-a498-038245538cad	1112
c33dc19e-d2a2-4c11-ad56-0e00864a2653	1041
c34841f1-be3c-4dc1-ad78-2db079d65b9d	1081
c3484b6c-4cb0-4c62-a516-504292bf46f2	1073
c35033a9-81ea-4f42-9a97-c2077e9339ee	1129
c35c7499-31b1-4be3-b9a4-f790073f05f2	1139
c3623e75-6450-4fe5-bcc3-76d8d1569807	1050
c3662932-7536-4a4d-adb4-efa2473bcd0f	1127
c36949ee-704b-4c41-9e75-99e5805db70e	1112
c36b574c-8483-436b-b589-f4ae8619e8ad	1057
c36d080f-3e56-47e0-b7df-37fe1abd74ea	1077
c3722300-7393-4560-9217-f5945fb561d8	1141
c37589a8-ccfe-426b-b804-a3e3ed3eb3a2	1140
c377c232-e2d5-4831-a475-faa54e08cf3c	1131
c379e389-9864-4473-8eeb-ba6cfbbbfbc8	1074
c37bba18-2110-477e-88ab-e0e41fbaaf3c	1075
c37fc945-dadf-45eb-8005-3c4ad18db499	1129
c38062b8-7d47-491a-a186-47e649c925d3	1125
c38257fc-8f0c-4241-b452-043e31647b91	1134
c38729ed-1078-41c1-becb-cc2295d5b1b8	1125
c38b6cf2-c8da-4011-8d65-21393aa74148	1075
c38b90c7-eec0-4f4e-88b0-37d93eff6d27	1905
c38e1551-dd6a-4b49-931e-d6f963833676	1079
c39336d4-497e-499e-acc4-f6d57522ba1b	1123
c3974fda-9d11-491d-bc90-6aa6db8e23aa	1074
c39f59de-baff-450e-a60a-dad54be714d0	1077
c39f660d-2cfb-472c-b825-e9104013f43b	1130
c3a9b5b0-44a4-4e4d-a9ce-748378a349e6	1071
c3aa32bd-3e72-4b0a-8460-3c6e249c0229	1082
c3beafde-18b7-423e-92f2-41d392fdbc4a	1077
c3c146a0-725c-4f6a-aeaa-a018c3bac93a	1076
c3c24b4e-74b1-424b-b111-966011d324c7	1121
c3c524f7-c071-4430-9038-86244b39ff23	1121
c3c78ee9-d624-48a8-8e5d-91c3fe59791a	1109
c3c7d0e3-c680-4512-b109-974b639134cc	1137
c3ca96f3-d65d-4b63-8199-e01c5d9e6a2c	1075
c3d0a98f-2d44-4934-9b39-5b42cefe2b9b	1119
c3d3540b-0525-41e0-a538-88daed8d7e9c	1130
c3d40e93-e440-49cd-8a36-51956ef10c1d	1053
c3d827e7-ea11-4fb8-88df-9eed0983bd7f	1112
c3dd0420-9104-4d93-8beb-14e8a683484f	1117
c3dfa6f5-ef80-4528-8583-e5070304042d	1120
c3dfaf64-8b66-481b-b4d4-0ae47d236e1e	1134
c3e04f6d-ba23-4652-8fa5-dcb974ab90f5	1076
c3e9a99c-a8a8-4c4a-8b5a-18bd9aaeffff	1061
c3f0e90d-f54f-468b-8675-4d42bad24925	1127
c3f15be5-ce3e-4cc5-bd50-884e037c8a1c	1137
c3f2a7d5-5e4c-4af7-a152-d47bbf4e24a7	1064
c40bcea9-6289-42df-8a7e-913e04fa386d	1130
c40c9993-6052-4ce2-abbd-e85c417aedf0	1137
c410a0cf-a525-4ec3-935f-55c7f142794d	1071
c4116304-8752-4111-9365-f6acc14047b8	1064
c41400ab-ca52-417a-9166-e0309f9828ee	1085
c41e29ac-677f-40a9-b236-49b2e7ae7d87	1095
c421b650-defc-4007-a16c-77907494b409	1079
c42c4cce-9320-4195-abee-e93bddb11fbd	1077
c43587b3-f14f-48ab-a9cc-af1742c42c2d	1132
c436e817-e06a-4652-beb6-3429fc102cc9	1134
c438fbdb-c123-4b0d-bf8c-1417ec96240a	1077
c4390ec4-709b-4a20-af79-02723063b30c	1066
c43d8b5e-f202-4d69-997b-f798455786d7	1065
c43e9e13-e199-4f85-8b02-5550c451546a	2058
c44023d8-cdf6-4918-9d71-545a06b4e07f	1049
c44585a5-bdda-42c8-a3d1-4a7311d58448	1074
c44eddd5-8a76-4907-b048-b9b4b1ea010b	1074
c45118b7-3226-4e5e-be61-87ba76de2649	1073
c45ddb55-f389-47db-b1e8-c701c5d1b816	2139
c46ae3a9-d31f-422e-8aed-42b5c2f9a542	1136
c46d96c1-2ac8-4da7-8e03-b955cd855ffe	1126
c47845be-f500-4e42-9a1b-85f615ea3b22	2075
c479b684-e790-4e82-ae08-c7ecf61f79f7	1075
c47b470e-ea60-441b-a87a-810bcdc47732	1072
c482bda8-ac80-4dd6-bc80-eff0c1cff5ff	1048
c483d225-2594-4aa5-84cc-b691e9d16245	960
c484cb13-87aa-4088-97c1-ad39512ae434	1080
c486dabe-5815-4e47-8f39-10c22e0ee72e	1051
c48adcf8-be81-4af1-b260-8fbca59b23f1	1132
c48b7b20-59ba-4e4f-8503-f2a18e3f6202	1055
c48b825d-82c3-4f6d-98dd-a80372f495b2	1131
c4908fc5-c1f4-4f14-8d63-601d2ea05781	1119
c492dc5c-900c-463c-8381-c0eded986c5b	1130
c496c9e9-72e4-42e9-a477-3c481e8e1725	1131
c49d0c1e-08bd-4523-b2ec-e88197f7cc71	1079
c49ff3a8-9a57-4d3a-882b-6f25d0a27d77	1131
c4aaea06-92be-4780-8f34-f26e65829c81	281
c4ab032c-c316-4a05-9c1c-e96f17458183	1051
c4b15b09-8088-4fe4-a868-fe5c459677b1	1066
c4b1f3d2-f1b6-47fd-b8dc-75020cbb16c3	1136
c4b7b342-dc48-42f9-bb29-1f3fc5a4c188	1071
c4bbdd91-f9b9-4a4b-bb6e-3b93d0ca33d4	1071
c4be318d-8142-4bbd-8912-f58a3a0a2241	988
c4c293dd-02d8-4139-bda9-f6c8e371fb8e	1097
c4c4f47c-ccd9-4f7d-b204-f3cdaeee9b1b	1018
c4cd1f2d-8a29-45fb-b1ad-7964cf399007	1126
c4ceb299-3e28-494a-9af4-8457166d01f7	1145
c4d0a5a4-ac36-4672-b5dc-366c5b9c7ab6	1132
c4d1de82-db47-486c-8dbe-9c63c61252de	1018
c4d48a55-0eb0-458e-9117-f96a87038ebc	1097
c4d4db04-0d84-480a-8070-1444067d5848	1060
c4d5de0a-51bd-4557-b7d1-389b1678fb87	1145
c4e3d869-c565-4f2e-bcad-303efc843198	1127
c4e5cf8e-6e1d-4ea8-86a0-03c732acf5fc	1002
c4ed5fd4-8530-46a5-b65a-914fae60505e	1075
c4ef31f3-5bbe-4c95-88e5-433b89c1d24b	1068
c4f03ce8-5279-4060-b840-7650a64a6383	1134
c4f07775-68b7-4a4c-88ea-0d794b5ec32c	1071
c4f1803f-229b-48bb-8c3d-f3cce7894758	1128
c4f250cd-19a9-46ed-81f6-9858898f6a75	1128
c4f52187-2c6a-4bf8-847c-0f8f1559b3c7	1005
c4f7db34-dc5e-4168-84ac-111708ee385a	1060
c4fd639d-1442-4c92-a805-7072d3a2ebda	1072
c4ff38cd-4cbb-44eb-a91b-ab1f6e9e602a	1115
c50197b2-b3f2-4d3a-98f5-f2ec2f456f13	1130
c5055cf0-79ca-4877-9076-d5595a8405e3	276
c507ded4-4dc0-4dc8-aff1-18d30911fe8d	1080
c508c232-6283-431d-8022-f7d842ab286b	1070
c5097e4b-f3bb-4495-8460-3bf8e33cdba0	985
c50a39a9-e5d0-4503-9fb9-c9c9aeb5436f	1060
c514102c-2f1d-4540-a888-8423127589d9	1141
c519c7db-d028-4167-bb4e-11defbbc7938	1146
c51ab87a-3a7e-4ec4-94f2-ef91c27c18d4	1143
c51cecae-e690-4fa9-bc7d-d2ad9731a3d4	1058
c522099f-8f87-4787-a0cc-4226e6e5081e	1110
c526c8c3-b5f0-42fb-967a-4819a75754b8	1133
c528f1a8-53a4-49a0-81f2-2e7db18916b1	1129
c5297df3-bc39-44b9-a045-ebbf37c4c5f0	1073
c52b01ad-b9c9-4a08-bc89-59c04a57fdd7	1078
c52c6a9f-7969-4165-8b36-8da3e48c26d8	1059
c52ce412-ce6d-49de-a174-06faf92401d2	979
c52d9bf0-35f2-40ea-9cfa-ad89eb57cc6c	1052
c52fd144-748a-47a5-baa5-d3d09bb45a12	987
c53262d6-4b5d-41df-a044-ee0743e13350	1131
c53d8d83-6356-42b2-b8a3-c03a0921c844	1130
c53e582a-8532-4e2a-8e05-23c3a6ded238	1075
c53f6450-c515-409b-a0d0-98ceb5eb6be6	1070
c546f745-cc5e-422f-98fd-94d1bb5a9ed9	1129
c5472773-8574-4d75-9815-c5311975eb3c	1048
c54b6ed1-e89d-4722-b6f5-0492ad00522d	1061
c54be643-4b77-409f-b302-fd073608e8ae	1136
c54e06e9-3541-42d2-be78-e39060ab7ccc	1132
c550d633-9684-421b-8413-4576a2e263b4	1073
c5558195-dd84-47a8-aab9-73ebd9e7cec8	1007
c5594d4d-ea99-49fa-9017-983d7e30b3e6	1131
c55a0d81-cfea-45ce-a28b-3d43e02909cb	1121
c55be91e-66ca-4f9b-9e2a-1be032d3d47c	1145
c55fe248-851e-45b8-a375-66977219fb51	1081
c56225ee-6e7a-4c6e-bd59-1026074ea70e	1127
c5626c62-6e04-4011-a7ce-d7ec4eb78c3b	1060
c563074c-c779-4873-895e-3a20af32a8fd	1060
c567bb44-55a8-4b1e-9f8e-26b67aaebb35	1129
c56a2fd6-6acf-4401-9482-0eaa7fd618cd	1140
c56b0745-2d6e-44a3-82ea-1592d4322764	1084
c56bf7df-ac11-4b8f-be53-3fcac6e4ce70	1135
c5742e96-8a72-46ae-8862-1e2c9c25b925	992
c576a88a-a306-4cec-9f5c-198a61339051	1080
c5774472-e186-4ced-ba73-a5d532df0f89	2108
c57850b4-4e1a-4b20-a933-5a353b9de8af	1129
c5790e28-22bd-4152-b52f-f389b185fb30	1131
c58269a8-e8ad-4f83-b5f2-6abe3a2de254	1104
c5837878-f6ce-4292-b0bd-2f52f8d455f8	1130
c5894752-466f-4d42-8b55-11863e19f4f9	1120
c589d6d2-3b1e-484c-877b-1d3495b4d4c9	1079
c58f47e1-db15-4496-b15a-62beabfa2648	1109
c590a681-188c-40d9-b80e-a351662ee3c1	1074
c5956b13-dcac-4b25-a663-96fcc5403e9d	1134
c5959658-847f-4d80-b436-1e3487c2dfcd	1063
c596f3c7-be8a-4554-a616-df26eaee9dc1	1076
c597e19a-3881-4f4b-a7b3-936e65b5ee54	1141
c5a165d2-7695-4493-ab3e-24aae5b228ef	1074
c5a8bfd0-cd51-4eeb-b602-dce24e492a8e	1081
c5ad08f5-c08d-4df1-aa71-70e868920c09	1064
c5ad68a4-aa2b-4ee4-a6e2-7762aa9fa21e	1000
c5af0371-160c-41d1-83aa-f43118905c0a	1071
c5b0f10a-2078-4a68-8fd8-eee7ba54158d	1071
c5b51024-d744-4d45-81e1-20aa389752b9	1076
c5b8a399-35a9-43ee-ab5e-1fa48896c620	1122
c5b9f02c-42a4-4e72-a5b4-c51348ac0e5d	1133
c5bf033b-d519-4cb8-b0e5-733400e713b9	1085
c5bf2e21-bc03-4bfb-b9fd-fad9ec2b7478	1116
c5bf66ce-7466-45bf-a403-619c18a7e09c	999
c5c14a96-bb1f-41c9-b4bd-197c7dd8c6c4	1059
c5c18df4-3d9f-407e-8276-1c9c6fd53f1b	1024
c5c2bfdd-092c-4a23-bdc0-aa1a18561276	1121
c5c34aec-1b4f-4f8e-804f-f5a4f6f0efa0	1067
c5c99a40-2a37-428c-ae2a-08d075ba48f4	1077
c5ca7e2f-20cd-47f8-8b83-3d74cdcacf63	1135
c5cef510-4f78-474d-9609-01b940dd9fdf	1144
c5d3b412-206f-4410-871c-c7687bd0db3c	1067
c5d40c59-697f-44f4-9569-8adbce59d0da	1120
c5d8c786-93de-42b9-9c77-129812d49139	1136
c5de03b0-e562-4bd7-ae84-c4c70a2e4ad4	1066
c5de9981-9390-466f-ad31-9d44345373a0	1073
c5e21972-fa86-464c-bea9-78da2965337a	1305
c5e40b80-399b-4c34-9ff9-6d7dd3210d88	1074
c5f0bd41-f8b9-4d2e-8221-93b688fff34f	1105
c5f20ab7-3884-43e2-a020-cf16c12dba54	1047
c5f3d85c-47db-4fdf-9c8a-aaa83aa43ec6	1127
c6010bbf-f351-4770-8363-1c79f917999f	1135
c603fb7c-1cf6-474e-b367-4b6e409fbd3d	1129
c6042c61-ee7e-4f02-a3ab-dbaea41af0de	1123
c60fa051-4a7c-46f7-a4c3-6939a6642aaa	1078
c60fe974-c6ac-4de3-9dd7-089883f4ac49	1039
c611c9ec-aec5-4e3e-979b-da5291352d5b	992
c61c3719-f760-418b-b1d8-42b9b4c6cb84	1134
c61d099a-f7d9-495d-80a5-daeb06581fc2	1053
c624d69e-aa6e-4b7b-8ee2-142d0346bad3	1061
c625dae1-2a0d-4bdb-a1af-0add87740316	1048
c6297121-8500-4fe9-81e1-95ecae450295	1078
c6346f22-c757-4404-a2c7-9a0ac84ee085	1136
c6350b9e-43fd-47ea-8419-dce431126ad1	1146
c63dcd1e-f358-4aee-92ab-bd7d8b458147	1130
c63f4596-a836-4a29-a349-2a0ce4f3278a	1132
c641b880-c389-4e5c-97fe-01e1ad502ce1	1052
c642eeb8-9e64-475c-b816-5825b73b9396	1063
c6439678-c829-40b1-9ba2-360b1822e638	1071
c645c5c0-5050-432a-8633-88b9bf113d7f	1058
c6492340-674c-436d-b344-5b2bc0657075	1141
c64a3783-badd-4a02-ae18-244f89ea498c	1069
c64b47e6-05f4-48a0-98a3-7a86212b9030	1074
c64be1aa-313b-4edd-ac23-cf11cb8c3f45	360
c64ce6f1-0a3b-4c1e-9e1b-897b72c815e4	1121
c64dc905-3691-4f8a-bbfc-05518a6edaf7	1144
c6549665-31ba-4d02-837f-f90689d37f6d	1136
c6560245-a93a-4e6a-ba92-7678ec73dc52	1045
c658a2c9-ec30-4f15-bfc0-386a204f0f38	977
c65bd5bf-b789-4370-b514-d52134f4e741	1120
c660cb4a-4a19-4c94-8a6c-215af1f4f100	1124
c666b343-06b8-4242-ac8e-bea3e2bc3103	1133
c667048d-68c5-437f-ab45-c0e82d578132	1043
c66d909e-7c37-4f55-ae53-7bb898a4c432	1132
c66ec7c9-eeb6-46c1-83fe-0df56db13915	1078
c66ef1a2-c3f4-4e26-b5e1-3c0e92fab634	1071
c66f1bb3-393a-41f9-a78a-00e421379054	1134
c672db4a-72a0-4b89-8df7-8b4eafb128cb	1122
c6738c33-3aa2-4b94-8cde-f45905461f57	1132
c6739476-8525-4ad1-87b3-79f939a46e0e	1077
c6760fdb-85d0-4414-814a-a718f02880c9	1132
c6775e04-8a2d-40f9-8de8-4c7ea6ab18a1	1138
c677e957-4760-4d3c-8d3e-8f2403a55bfa	1103
c678da1e-15da-4825-a5e2-745ff7e70433	1146
c67dfe60-ed0f-4527-b757-0df2c09a79b3	1075
c67ee107-410a-4d58-86af-b3d8e13d80d0	1067
c680b7e5-f16e-4883-9a9e-958a33d2be29	1080
c686a519-93d0-4749-b360-f0bb1ea9e6ac	1124
c6904e81-4c0b-4430-9cb6-961f0924f996	1070
c6976209-00c5-42f5-8b82-99f0e9f67136	1134
c69af14f-7acc-4d2a-a50a-76cae3966e92	1068
c69b9cea-2e4e-45ab-a20a-aaa915cbbc0c	1082
c69ece11-799f-4e8c-a98a-4292eabe1d14	1126
c6a42a17-0589-4fcd-8ce3-546048199e3e	1135
c6aff512-a203-4a8a-ae3d-a0cf889531a9	1125
c6b0e26a-0ff3-43d7-b8de-1f4640beb39e	1130
c6b24dae-079e-4d64-8c74-ac501d8c34cf	1073
c6ba6138-5548-447c-92f1-0f799d225734	1140
c6bd4e41-fef8-4619-af39-9452a7f14e22	1074
c6c95448-8202-4c03-95dc-e44d06da2507	1072
c6cc3713-b6a6-4112-a4e4-b04979e0afeb	1071
c6cdeeb4-529a-420a-aa94-eebf99bf0990	1139
c6ceeb3e-9524-4aed-b3f3-e97894a862ef	1076
c6d0bd94-8b78-453d-b509-602a578707b2	1129
c6d2f484-4b83-4072-868d-cde26ffefde4	440
c6e5349d-bcb2-4da6-af33-430fbb0a8867	1056
c6e5682f-45ce-49d9-a835-786b5d9d5c5d	1136
c6e8018b-7e96-4ec8-b555-52ad56f11f41	1060
c6e86619-041e-4a1a-b0ec-fa2ff46fff7f	1225
c6eb0b9b-d0e9-4b7c-b69d-4ad1bbff83f9	1123
c6f72896-498b-4c87-b39b-627f802d11ce	1127
c6fa821e-efa4-4888-b5c9-d08872d4b403	1133
c6fab979-2caa-484f-a31e-a5d5201a38bc	1133
c6ff391b-b049-427e-9bc8-ba05abc2d2ae	1131
c7001ad8-cf3c-4418-a357-b8e1514d31d4	992
c70334ff-8cca-48e8-a458-64f8e171e648	1073
c7062a84-36aa-42cc-a177-a4c3294697ac	993
c7064faa-8b67-4860-8e6c-2b418fcbf244	1073
c7075064-e9b0-4163-8786-3d5753153f6c	1133
c7108ae8-8b9f-4e48-b9a1-fee5f3e26240	1113
c710fbf2-6ea0-4745-82e3-433b6ba0e11f	1116
c71374e8-db35-4eea-a936-262e27028fdf	1070
c71a0e58-6fff-4ebf-bbb2-d3f95fc4f677	1138
c71b0252-45c3-4473-b59d-dd72d633c563	1135
c71fd7a8-3fd5-49e6-865a-f83572d0b467	1171
c721d7d2-98b7-4ff7-b53b-c1b8aa86e1a3	1113
c7259a3d-950c-4122-a5cc-3eb1cfcf340b	1113
c726770d-8073-4758-bc90-422e50f300df	1058
c726fed7-0030-4bd2-82ef-0a3581477a80	994
c72a36dd-6ea8-4f75-8773-f147fb96bcfb	1141
c7301229-6837-411b-a635-d6c0a608f821	1060
c7319c52-a8fa-4f15-82b8-a731d4c806e9	1067
c7336e41-bb2f-4d00-951f-ae822c688f0d	1063
c734c8ca-5576-4dba-a78a-5608fb185c57	1088
c735ab7a-db4a-4def-a16c-993230629604	1067
c735d7d8-9288-4b9d-9979-4efb93542135	1134
c735ef4a-5dbd-4604-b730-454b64ffc3fe	1068
c739a1d0-3855-4de6-ada9-752edf71a318	1127
c73dfd98-8d80-48ae-a26e-a516253f0f2f	1070
c7458b99-2432-4a7c-b7bd-8fe4f9fea5a9	1071
c745eb69-4a29-4fd9-b3c7-a5e28ade3861	1142
c7495556-b458-4e5a-b0ac-4ffcb2938c9e	1070
c74a3cc8-d399-44ef-89f8-60222c415349	1136
c74a868a-5df3-48f4-b013-0a1bf3414428	1066
c74b2928-5aff-432d-b6cf-0f814c2c65f3	1064
c74c8956-4a83-49a6-af69-ef03a5538747	1050
c74e6af7-55bb-4c27-aad9-950b3e639b71	1079
c74e6e98-4beb-4067-bdfa-5dfd257008f4	1125
c74eea24-50cc-47f0-b9d4-451f7afc094c	1095
c74eeae7-a610-4c66-be0a-e57476efb7e5	1051
c753677f-312c-4d82-b15d-a8c2aa8a32eb	1140
c757627e-f14d-49d8-aa32-0eadb43cc89c	1121
c75be2ee-a527-4210-bdaf-4c9e33848386	1123
c75d3ef4-3d95-4d05-bdef-ed92a959ba9c	1142
c75f844b-20a0-4fc3-b52e-78b7de1841c3	1138
c7678ab1-a75a-4479-bcec-eae56ee07c4d	1080
c772b516-d9f9-4eb4-b10b-bcbe302adb4c	1134
c772bb59-6b1a-4383-9c38-4a006b2df803	1073
c77682d3-5063-461e-8a4e-12c7ef919654	1134
c77a2b4d-33d6-4981-ac52-b6ed09976c83	1070
c77c3885-877e-49f7-a8d0-f4372b9746f3	1135
c77d10bd-3ed2-4455-9cd1-05a5c1c27b7d	982
c77debdb-4d3f-4cd6-8cdb-46d6481cff7a	1133
c77e552f-05c1-42c0-ae26-5ccf29b33484	1073
c7850399-30db-413f-bcf3-8fe197d2316c	1084
c78568c9-ba14-44a7-8055-370cb46a7331	1128
c7857e09-84e9-4df3-ad74-08bd4a622885	730
c785acba-f10a-486a-9f6f-510c70b4b878	1125
c78a8d83-ea1c-4a56-8b1f-4e27d65b10d7	1134
c78f9e36-c25d-47e5-8236-202a237f7ba5	993
c7919a3c-349b-4aae-ac5b-069907e84d05	1120
c792b372-c21d-40e6-8a4d-dcf83672a91d	1070
c7930a85-f189-4614-88d3-b9e893eadedf	1140
c79b7da7-f1d0-4c56-8258-9a8324deb2eb	1073
c7a99458-69a5-4a2e-b96f-ba4057c2544b	1070
c7adc570-4b43-46fe-bbbe-5d7af01775cb	988
c7b0168b-17f2-4549-bf2c-e2b3aac3df5d	1134
c7b04212-9495-44c8-a55f-812f59404a15	1080
c7b3a293-5a0e-4f45-8fed-2020324fdbe7	1056
c7b5b1d8-1f81-4cd4-9d33-522672ae7177	1146
c7b5cea2-b2c1-47b4-a631-265fb60f3917	1128
c7b62a27-e112-4e07-99df-4ec09b300e1a	1068
c7b917d2-1d20-4ebf-ac30-79c25892095b	1063
c7ba3f7b-5e47-45e9-b3a5-bf64da9f7db5	1062
c7bfd840-facb-4111-a0b3-519bd7e95f5e	1128
c7c782c9-eb25-468e-a20c-bae2cb45c892	1095
c7cad510-8677-476c-ae80-ecab0665e7d3	1139
c7d4866a-2dd1-46c4-973a-e2479b3975f3	1069
c7d717c9-6086-4cf5-ae86-8b74bfcebe41	1141
c7d7e740-37f8-456f-99e1-fdba56a023e1	1130
c7d903e7-ae90-46a6-988b-d6c7f5e0d97f	1033
c7e15bf1-ccf7-494f-a0c4-0e97884acec0	1111
c7e5ddf9-4957-4a82-b467-1e088aa61bbb	1066
c7e8fd96-d7c5-429f-a850-e69c7aa14c98	1128
c7ec2ad4-0ef7-495a-8818-338c27d58da9	1132
c7f06c41-4ffb-4195-a6ce-19518e902fec	1084
c7f416fb-ae3b-4430-ab39-c002f0c5e0a0	1129
c7f7b998-f64b-461c-8ceb-89b8cc3fb32b	1135
c7f7d304-88d7-459b-a98c-79604251b709	1132
c7fae7f7-81fc-4ea7-b2fb-12548bebb8ac	1121
c80079df-78cd-41b2-b372-7c0e9e7ba9e3	1133
c8034eb0-2360-4505-b91a-ef02c1d7f07a	1136
c8048463-993b-4022-99d0-46749a917130	1072
c8053d19-49b0-4e7c-8bc4-eeb1ab352cc4	1135
c80716b2-3498-4d0b-aef3-34acc6a60c5f	1076
c81206cf-2dd0-49ef-8b03-bfbc08384767	1069
c819f525-5fa9-4f7e-aafb-6df5ae0ca1c7	1078
c81e52a0-8a1c-47f1-afe1-e9817e863ba9	1069
c824b41c-bfc5-4a92-bb92-abc35660aefa	1111
c829e0c6-901a-4668-8e34-a3d78734e233	1076
c82ef14d-ec51-45ea-a48a-d57f6185556d	1113
c830983e-361f-4810-b5df-ebb57cd8667a	1048
c8353f1b-f480-4995-9460-e64cdfce7743	1123
c83571e9-2620-4899-88e8-a84241305f28	1096
c840a682-6a5a-4843-ac7a-bd359ef31de4	1063
c842c219-2b7d-43ce-bc4f-f744b332b4bf	1139
c842d8c2-12b4-43d2-af5f-8e05a91ba0d4	1056
c846ab7c-0bd9-4c56-b561-0efdf24cda79	1132
c84769f4-588c-4834-9193-831abdc3a09d	1068
c84c02aa-ed8c-4bdd-9102-d42628fb9514	1078
c8503384-da54-40e9-8010-dd7a8b2ff764	1129
c8520ab4-a93e-4724-894b-1b681b9b7c31	1130
c852b428-9e81-4709-904b-7f17268f0b6c	1079
c8571875-f78c-4330-bbf4-5e628476a4b7	1138
c85b6c60-b292-4899-aa21-8e736539562c	990
c85d8f37-5ad6-461a-b246-fd28b29accb9	1056
c85da32f-1d34-41d3-85c1-2f1f191b2aa4	1129
c864e023-0f56-442f-ad3f-f68158c1a868	1018
c865ad6e-90d4-4dad-b5d4-40354a8186ff	1073
c87dcaf8-4f77-4c39-9b34-7b470e459d49	1342
c8804087-7227-411a-bc88-2192b9fe1d29	1070
c8804bee-5a50-41a8-913f-da3bc448fb10	1120
c88e5353-d07b-4134-a3c2-48bff0f089e0	1128
c890abdd-fd0e-4e54-ad5f-3f80c3df5c49	1146
c8949dd1-e747-418b-b3f0-2d505c8322ba	1087
c8955d48-e2a7-4104-8863-adee8e86dee5	1056
c895bf03-5a90-475e-933a-1439b026c500	1082
c89b0590-839d-43ed-aaeb-a1763160ec4d	1096
c89cb1b7-e972-4baa-a059-354c19391616	1083
c8a18976-f44f-44e4-ba81-3eb6868d92ec	1075
c8ae7361-a4d3-4152-9f01-15ec30be8fa6	808
c8aff913-48e1-4382-ad3e-111dfb96ada6	1069
c8b54fae-15f7-40f4-b4d6-11097a667929	1071
c8b679b1-a51c-43dd-aba8-847f686dc3ab	1080
c8c0b3b3-c8f9-42af-ab4f-f0b0e014d242	812
c8c0f5cf-6d86-48a1-9cf4-e21866e920d9	1112
c8cef672-eb84-4595-b1b4-814e32d1c829	1125
c8cfb1fc-6579-44b1-9c84-1086143013cd	1131
c8d3a5e3-fdd3-4a55-9aa3-f8c7421c759e	1077
c8dc5ff7-ed0e-49a7-8924-6d3f27d3c6bc	1085
c8def20f-3cef-48a8-91c0-4588121633f3	1079
c8e06d71-c807-4f9c-8adc-7b4a344e6f82	1140
c8e10270-863d-4d0a-aad1-591e90682457	1151
c8e17c9a-d9f5-4992-8658-8a861858b8f1	1142
c8e2f298-2823-4ea1-9a4a-055f97951b7a	1130
c8e33669-5d72-469f-817c-4840c8951719	1120
c8e5ab58-3f90-4789-b57c-6af0acb752e4	1135
c8ea34e3-7374-4a1a-8fba-a5c35aa8005f	1118
c8ea3519-6844-4344-aec6-0db18d54b530	1127
c8f41034-8a53-4019-b148-e6f2d770e13d	992
c8f881f0-7567-4de5-9ccc-ead21144debc	273
c8fb0a92-72ad-4fb7-823f-4f166b11d5be	1117
c8fc60cf-37ad-4891-858e-9a4c88f8ac3c	1138
c8fe31cb-2a41-46ae-8587-6f37690112cc	1130
c9046123-81d3-4230-be9e-58a1afd3d28f	1124
c90519a9-b6e0-44c9-9935-72b0b6c973b4	1137
c905f754-2ad7-4896-980a-ffffa3c20823	1065
c9078f00-abdf-4e48-9dd8-08bbafe370c6	1131
c907ba52-7c23-4324-9bd7-64c4334ac80f	1055
c90c0c3a-e82b-42d4-b303-8bd0fe147a09	1049
c9103f34-ace2-4c56-a6c5-a294090e4465	1134
c915228d-e2cb-43a0-be89-c3dce4a12583	1130
c9162daf-84dc-454a-b501-6956d2f1cca3	1120
c91d943e-9665-4ea0-863d-ed24beed3948	1132
c9210d13-3f76-4727-8143-07cac2daa586	1059
c9230669-0227-4112-9461-99108eb2c1d7	1068
c92428f7-8c36-4a5f-9f69-bb7aedaeedba	1121
c9253252-789d-405d-924e-5611d13c9b64	1128
c929b48a-0a7b-4c05-a58d-7726ca9f8a96	1078
c92d7c41-e72a-45f2-92c8-b7fbc1801499	1134
c92f4993-9f10-49bf-aa8e-0fe568e7297c	1114
c9301e7a-1227-4d0d-aa71-0686b72c881e	1135
c9376810-8dfc-4d08-8a43-dac4d5e27ba5	1134
c941f796-33b9-4c64-8c38-9999eb41b375	1133
c942b501-c5e9-4c09-a4b6-8e9420e4d68a	1086
c944d816-18e1-4641-ad0f-94352e574826	1076
c9450a7d-9ac6-47ce-b40b-d7c4bc139d37	1142
c949bd80-f36e-4d1b-b4b3-a1a282352d2b	1133
c94cdbde-859e-4849-a68a-68b56ccb7737	1144
c94f2dbe-98b0-4f8b-8e8c-02d35847c35f	1131
c9569860-5422-40c9-bbda-3a73129fd00c	995
c9570093-21c2-4ebd-8fbe-22ec0dbc551a	1137
c95881c1-2729-4ce9-b9e9-b083891d9bf2	1125
c95a96c6-0cc1-40d6-85e9-f75e9a0285ff	1128
c95dabd1-ddd7-4c05-8bc9-c69b5e0edad0	1136
c961a6ce-2211-4d08-8292-cc66fcbf0bc6	1075
c9672259-0c85-41cf-991d-d59d9ffcfd95	1134
c969c29d-48e3-478c-8aab-4c12b0fbbaf5	1123
c96e467f-bfea-4216-9d11-6340007e0388	1077
c973aa93-8cf1-45a7-bd14-262edd515ae1	1144
c975d805-adef-4252-b420-d31eb97bd6f6	1133
c97878a7-435f-44fd-9d96-b3fbde205382	1077
c9792bfd-c38a-4a91-bb77-5dc6cd41f759	1074
c97aaf45-35be-49c7-bcf6-c82943c73c75	1066
c97b7103-c70f-43a8-80c0-657444250219	1124
c981bece-9186-477e-b860-759f2841d17c	1109
c9878dbe-979c-459a-88dc-2704be45a4a6	1122
c989a0e2-ce77-47d0-9fa5-f6dd3cab00dd	1123
c98d671b-4fa2-423e-91e0-041f4cbd49da	1066
c994def4-d042-4d89-b374-0e105218770e	1079
c996f3fa-2abc-457c-a63e-0dd45fb7a271	1145
c997c317-7d12-4619-a62b-4e4c87ef35da	1074
c9985612-e1d7-4778-99b7-4e31e79909ee	1076
c99958be-4061-4c46-9513-58b0288e5e19	1120
c99960f3-76ec-4fba-afa6-705568841c77	1293
c99bc9ca-81c4-46db-80d6-498f800fd56d	1062
c99e7c1d-ca62-4910-b6a0-b5563fef594c	1131
c9a406ff-24e2-4241-a571-504c19a339a3	1115
c9a998d1-8a52-4f12-a8c6-2078655fc1a8	1129
c9ae47dc-9cbf-4f5d-95a7-9f53b27c5590	1132
c9b3987d-45c1-4474-b064-c7c3dcf5e33c	1133
c9b5edce-a073-4948-b139-8fe9e4e62845	1136
c9b730b5-48a0-4f3f-8c95-2f8bc8e2eded	992
c9bc4b08-5908-4bee-9a52-3f7596996e9b	1136
c9ca1f6e-964f-444e-aa90-c9b3a806a332	1103
c9cb84b9-bd91-434c-ac3e-43d40d9b28cd	1131
c9d18068-4aee-4fce-8822-5ad8ff620bc2	1122
c9d22c13-22c6-4ce8-95b7-db76ebf74e84	985
c9d420d6-5c9f-425d-990d-cd4e9d53c99a	1088
c9d84202-aa7d-434e-9112-a0fffe8b57a5	1081
c9d880e1-32f9-4a64-9291-a8e64319a7d9	1078
c9dd85bd-c538-402f-bb86-886b8fd38b94	1066
c9e2d5a7-c3c8-4b93-b423-ab8bf7a70504	1128
c9e7fc12-28b4-41bd-8ad0-a5007eb93f7d	1110
c9f0536b-3c9b-4612-b4c4-295a81610a3d	1079
c9f2b8cd-5674-4c33-bf4a-9c65808eaa08	1122
c9f71339-9a9b-440e-8775-9da1ac0aa992	1069
c9f7dda9-d1fc-4178-9d3d-c7705acfe6f2	1051
c9fbaf22-ea7c-4c6c-8d30-5e21297dc4af	1082
c9fc9f76-46ff-4ff2-9b71-36a0efee9ac7	1123
c9fd67e3-dd94-43bb-b39a-5faef8e55449	1058
c9fe3fe4-6332-4251-b089-14cee841b956	1069
ca005bb7-0e34-43a6-9a25-b82097606ae8	1085
ca0951e7-d47a-4c29-b79c-c9341a470e97	1074
ca101f89-e30e-4aa1-9fd2-8387858a9ef0	1069
ca19574f-397f-4070-a458-0de10eec5ab7	1081
ca228b8b-1fc6-4a1b-ac98-048695af9d9d	1086
ca22c95b-a29f-4429-a31a-432ce14b2f4f	1128
ca23764d-b234-48b7-8413-fab7452c9cde	1123
ca24e31a-9f75-41b7-bc6e-33868afca471	1073
ca2506be-499c-4b85-b3e7-69d313f42a41	1134
ca2ab577-4a1f-4b8f-877f-e666364e7c3f	973
ca31b139-5ae2-4781-9c71-5969b8485b0a	1139
ca346dd9-3bc5-4d65-8c85-97854505ba4b	974
ca34f9cb-6832-4586-8daa-d05282d1990e	1136
ca37189b-2e96-4e0e-bdd1-81144a3e1fa4	1144
ca3b559d-d265-40c7-ba6e-b0e97dc1c534	1138
ca45829a-6d0a-4c42-92f5-3eca279b2652	1135
ca45c14f-da54-45c9-babb-7fe2ff55acc7	1075
ca470316-221d-4a85-b68f-be5cbe0473a5	1111
ca499995-9fd4-487a-b35c-46c83a2bfeb2	1140
ca4bd42b-4579-43fa-a204-152468b9b6a3	1075
ca51bff2-1820-489f-b760-36694af63bd3	1075
ca596442-e389-460c-a199-7fae36e6213c	1117
ca673ce2-a116-4a49-9071-cfebf43b3067	1140
ca6981fd-20a8-4dd0-9ee0-3a3c8e35a7b2	1125
ca6caf97-5169-412d-9a8e-2d4e246843e6	1068
ca762146-fb51-4cea-9535-4b6e3dff7f71	1049
ca7a3541-6c00-4108-a99f-b448dda104f7	1128
ca7bc694-4ce3-4dd8-90fd-6ce9002ca3b4	991
ca7c3958-8520-44e3-aff4-70059765add3	1133
ca80b8c7-0ce5-4d24-b8df-1327e32f3dc6	1134
ca816996-d15a-4943-898b-b81e0c13b48e	995
ca82c956-8ec1-4375-b670-9f33c0555d16	1142
ca8a4441-40e1-4bb9-a64a-4f6dfe0a1b20	1129
ca8bd485-fb32-4d96-8140-301fa5d52da3	1045
ca8eb10d-550c-4356-a5f2-ba1dc9a2b968	1059
ca90b537-97ba-41e8-8e64-7cd8aaceaf6c	771
ca90ff4d-cdb6-475d-85fe-2ecae5e8f8c2	1095
ca9e9b07-0d86-4582-8a90-606afc705b42	1136
caa0e591-91b9-4dfe-b2d4-18cbde0e13ce	1130
caa14dfa-d3a6-44fb-b670-5ca49cdcc6ec	1077
caa194b6-c991-4406-a14e-b97beb4392aa	1161
caa53af7-9c5d-42a2-9378-4047f9424388	1135
caa65d84-13c5-4673-b56d-c12d7a3c9805	1031
caa6bd0e-0610-447e-95b0-822a2792532d	1125
caa83479-ac49-4556-87eb-309f767eb7f3	1120
caa8584b-e018-4801-b698-d4307a03c02c	1051
caa8d4db-37dd-472b-b5db-df514e3637ae	1137
caaa3ac0-17df-4950-b2a8-acf037cd89f2	1101
caad07e3-937e-4049-8f1d-e2271af56c69	1075
caaebf41-a00a-4e3e-b805-f56db604d8ad	3009
cab04c04-9f4a-4941-8095-b4c56a54f3dc	1054
cab79bad-1a34-4a9f-9ef6-7899ebd360a4	1027
cab7dd77-11b7-427d-9645-dc61e03603a0	1058
cabfc268-c9b6-48c7-a69c-c0b3b00fee21	1086
cac48f9a-b6f8-4866-a8e3-347a12a6bc83	1131
cac5f611-f220-4f85-bdbb-0bb6ddaa36f2	1130
cac9c464-f8ba-46a0-8d7f-9554f5cd27df	1119
caca255b-2f4d-4531-b1d0-b3cb9bc9b446	1126
caca588d-7ce0-4127-9a36-697ae3fffce0	1134
caca895e-974f-4cf9-81de-274f2c83dad7	1136
cacaf613-fb1f-46df-8742-579a2a8e7544	1141
cacb6fe2-90e0-4e56-a50d-aa2ad2fe43e3	1130
cacc78ac-6d8f-4a50-baf8-868d37a824b2	986
cace1267-d868-4159-b3e2-dd2fda9b9e57	2055
cad07e71-2187-48d4-a024-837429ca3059	1140
cad2debe-5cac-4984-b28a-3efc5fbb7b06	1072
cad32b68-d54d-412e-8590-4bf25e44c12d	1137
cad421a2-7ef5-4440-92b2-69b8355265b5	1144
cad5cc4a-f9b4-413c-b082-aa1cd9db40ba	1131
cad9cd26-88e5-4dbc-a678-22e2ce9644cf	1074
cadb054f-4a78-487a-9529-e93e9b292a33	1121
cadbb6e2-91b0-48a4-9096-bee79fc63f6f	1069
cadfea62-426a-4a78-81a1-0a31c4124d79	1131
caeaa929-b0af-4813-8277-7c16c2cdf223	1122
caefba54-38b1-4190-94b7-417408c6a71e	1056
caeff022-a055-4113-979b-c5ce1aebdd25	987
caf26506-95cd-493f-90a1-eb829d79e138	1146
caf2a9af-bf2b-4aeb-8bb5-63aff83e1294	1061
caf50fc9-bd9f-4085-ab4e-9503d0d1e1ef	1128
cafd8954-f648-4258-8656-44df17d187fb	1136
cafdde96-0565-4a1d-8c43-ed06f54f7904	1076
cb003727-87d1-4bb9-92e3-29361079732d	1069
cb0247ea-849e-439b-840b-617bca681f70	1113
cb044830-8011-47a0-bce5-10231433cd72	1065
cb05ff3f-2d66-4671-bc5d-883beb085fc2	1364
cb0a1642-f346-4b4e-8e8c-e26dca62eca0	1048
cb0e2283-7c84-4e04-87e3-bbf8399ab10c	1363
cb14fb5c-a2ed-4440-877c-e98108ae240c	1110
cb185644-2e21-4589-8450-9e9c1804b00f	1130
cb1dd86a-c024-49a4-9b07-bc907fa23e59	1060
cb20d6c6-b8ee-4ed3-9a28-335db2f92225	1128
cb20f16c-1b39-4eb5-855f-55ccf489301a	1131
cb2659c4-bae8-4582-8754-1fac30ad6153	1066
cb2879ca-36df-4dc3-be86-3007ed1e430c	1052
cb2c818a-431d-4dff-a648-a039710a8b8a	1074
cb2ff43a-7a50-4f0d-81af-051d9ca61120	1082
cb36c2f6-67d7-4d6a-b826-42d84fd23260	1066
cb37608e-04e9-4d3b-a1c2-d1af58b433ec	1128
cb45178b-be82-4a26-8236-2f1ea5bf9a11	1137
cb492914-6e86-4d22-b8b8-e9298105e7ae	990
cb4bf7f8-7d2f-4b30-835c-60d6baae9f6c	1129
cb51f3f8-e380-4007-bb5a-a9af58136928	1143
cb537cc6-0a3f-4888-b34e-925551f336b8	1099
cb53dc48-f74d-4a5d-9b1e-764e44d0c783	1069
cb546b69-bffa-4089-ab7e-fd03a4b677a8	1061
cb56c975-66d9-4605-aebb-d1b63fcaf3ae	997
cb5796f4-63b3-4e63-a5b2-92851e215455	1138
cb598cbd-68e2-4c74-b597-179baf835d9d	988
cb5b0e50-e1ea-4716-83ef-daddc934783d	1121
cb60fc5b-145f-4c31-8d6b-b9f3ef5bece6	1072
cb622ee7-d180-4e17-8fa1-51ee02c54f16	1134
cb62e429-d0fc-4f00-aa32-3b1f74608b1f	1123
cb6407c9-4c15-4cd8-99c1-8b18601b7605	1131
cb64e42b-3ac6-4ca2-aa67-17e7a1592140	1066
cb6802b3-7892-4a29-9089-e36fa126f09b	1137
cb6ff57e-35a1-445e-88e1-a9d7a5a74a7e	1054
cb7949d4-55ba-47ca-a9dc-ed435c8bea30	1066
cb7d079d-b0c3-4461-99e9-e1db30c9b5a5	1062
cb7ea3f0-0817-4ed5-bb54-3f844bd55e9b	1134
cb81ad97-d547-4e04-81ea-d1740837ba68	997
cb86fa6d-eb60-4a41-96fb-c9f1279710c2	1132
cb90f5bf-a6e7-4875-9569-a1b7d1789a63	1137
cb931069-cdf6-4d15-b320-52fe41edade0	1079
cb9599cd-0db8-4a0c-9380-2f0f3b1d9080	1125
cb962824-e86a-4ea0-bf48-cc6f4215dc25	1072
cb9bc469-b48b-42da-8954-60b8279adf02	1075
cb9bef97-9af4-4e4c-b31a-f94bea554f82	1072
cba09cd6-2344-4837-893c-bdbf81477a12	1142
cba3914e-b938-4383-9d81-4cb10de0859f	1072
cba79ca4-031a-4d54-81d1-e501d14fba7b	1053
cbab02bf-bcaf-43b9-93e9-e706dd858dba	1055
cbae8a00-63a1-4ed8-ab39-aa8fa8fbec4e	1081
cbb3cd59-47e2-433d-ae41-b0ad4094ef48	1071
cbb709e8-9f6b-4bea-b903-43451990eddf	1119
cbb8da79-6200-41b1-b82e-3563606db7dd	1090
cbb961c6-c534-42c1-8ef5-60d07a1d5819	1074
cbb9d1ad-1828-4095-9af3-951441e1530b	1071
cbbac3d7-8f27-4e46-b21c-c2d939204763	1114
cbc14368-aedb-47bd-a794-c203e25537af	1128
cbc24a0a-1660-49e3-bf76-a68acba713eb	1138
cbc57be7-951f-47e8-b966-c9a4a37371fd	2045
cbca3c0e-f3c1-43a2-9e74-56476f12c71f	1134
cbd1fb94-b42d-4cf0-86d1-540f55b144b4	1067
cbd61565-4eb1-417f-b853-65dc1efb6ad9	1137
cbd7015e-7fe6-461f-afbe-aab17b8526dd	1102
cbd921ee-377f-4a82-887f-928a5e8b07db	1134
cbd97667-3426-48f1-baae-59ac907eefc5	1040
cbda3066-b578-48a4-9cb8-c00c7415585b	1078
cbe4cdf2-67da-474a-8671-ec35493451a3	1056
cbe578ea-d2a5-41cd-9a84-5b4e092d9237	1062
cbe58a78-5124-45a3-9924-df7a7c3eb14f	1073
cbe5d299-a2ef-4309-8902-e0e1ab03c268	1068
cbe6e097-3358-4c70-921a-7d580bec2131	1138
cbe7da65-1548-4ad3-958c-a6609733965f	1059
cbeb25fb-1e3b-4145-a7e3-4724f49c07e6	1061
cbeb75c0-89e7-480c-a733-0b504c54763f	1071
cbef181e-ae38-436f-af36-dfc2e05bcf4d	1003
cc049ca4-b7ad-4e36-85a2-9904411b0c44	1135
cc04b151-090b-4d71-af61-85d845ebc153	1117
cc05843e-5d71-405d-9ce4-993f6951d094	1118
cc188060-34e2-4af1-85be-129ea52f0a8b	1055
cc23fd0a-5acb-495f-b346-41fd8900f523	1138
cc2a2074-ba22-47bd-82a9-8e90b4ef62e1	1133
cc2b77cf-2471-4870-838f-d0b4e373635b	1135
cc2c4370-6571-4e85-90cd-59bc1587e77b	1121
cc2cfa0b-727f-4b29-a715-22e2bdff15bd	1128
cc2dc4f1-fe71-48e1-a46d-cccd8bd47798	1121
cc3177ab-6ff1-41a7-b96e-db2450760aaf	1117
cc3b82ba-b9bb-40c4-a2a4-54b3d6457aae	1141
cc44bee3-dd4a-46b1-bf85-c51c8a347f04	874
cc4a91cb-b045-45e5-954c-ec7a15d040a4	1070
cc4ba647-6f23-4cf9-b0e4-56007262a9e5	1074
cc4d4d65-46d3-4394-991d-09bcbcb30b78	1062
cc55e090-f095-4768-84cc-b742cee38be3	1067
cc669cd3-53b5-4db8-b490-7429f5186042	1037
cc6961c3-eeeb-4d26-a54f-43f94868eb67	1046
cc701644-73fc-49d7-9925-84d07cc232d8	1079
cc7144d0-4441-4b6d-ab88-2a7925858e20	1065
cc71f3c3-bcf7-41b8-ab2a-84c5f93cd1ea	1135
cc75a9b0-7ff6-4bc8-aaf9-131662596112	1070
cc77f10f-f256-456d-8efe-b22663c9f592	1059
cc783ba4-fbef-4b88-a291-75d1be4f58a1	1076
cc7b98b8-f37d-4103-8eb8-3cc6f0209ee9	1106
cc7f6b5d-b7a1-485a-b877-5c898ea41625	1133
cc80aaf8-47b6-4ed9-a554-14c95f0b4f79	1134
cc850af4-fc39-42f0-900d-1033f134383e	1133
cc86adfd-a27a-4376-a88d-261cae71d789	1079
cc8a1525-24e4-4a23-afd7-a8540986d3b0	1125
cc8cdbf8-8a8f-45d8-9d79-888d65d96bb5	1115
cc91001a-291a-4ec9-bea0-9fa916d6f70b	954
cc92535a-994f-452a-95fe-31f28c4b4be7	1071
cc964ca7-fa70-4503-92cb-52e9f839dcbf	1132
cc971bc4-60a8-4046-b8ee-a04d4a3daa53	1119
cc9d6f0b-7b38-450f-8566-352e387e1ced	985
cc9da3fe-7364-44ff-a27e-3fa7eadb22fd	1064
cc9e74f6-a287-49cb-8d47-272046d35af1	1129
cc9f8dbf-c1eb-4904-938b-b7bec4beb170	1105
cca098f7-7e94-46bb-8cc4-e28255226802	1049
cca0a5a6-ad19-462a-83bd-13ff9af495d9	1141
cca4b62a-6bc7-4fa1-8ab4-e8b9ca19de74	1139
cca7368e-8a50-4380-9cae-5efd8973534b	1076
ccac1bff-1982-4b2c-8fba-1e04942ab22d	1075
ccb3b855-dd00-433f-9384-c1e70e030014	1066
ccb7164a-a03d-465c-a48c-8240c49badbd	1095
ccbb0820-c3f1-4531-a6aa-f9895437e7bd	2088
ccbcfee0-bdad-48d8-a867-dd8654068b96	1134
ccc74391-ad13-443c-90c0-8771601ffe0e	1076
cccbe81b-2a95-4cc2-b228-091ea973a64b	1136
ccccd1a3-308a-444f-9aca-5f6636e6b6bc	1076
ccd1f261-ac28-488f-83b4-2cf2277caab3	1065
ccd5a36d-1d7f-4a03-b651-e8de0f63b66f	1115
ccd66c78-7644-4600-a104-88f83dc3f24f	1062
ccdeafb9-ffd6-4c95-9052-b5c8e632541a	1116
ccdf30ef-18fb-4af6-a4a0-3e79ce1d5c3b	1129
cce05f7e-afb0-4657-9b91-e760e9a6bd89	1088
cce084a1-bb27-4520-ab67-13541f0e6040	1077
cce6d114-84af-4671-afa5-36786c15af1f	1707
cce7fa9a-da07-4130-b64a-af68ded34e81	1072
ccf5443b-7395-406a-ad81-f650b13463f9	1074
ccf5ef4e-4289-4154-b354-9579e4397dd7	1033
cd007a18-d248-4fcf-830c-705f35994899	1075
cd035f5b-d64e-478c-8029-76c6b0682790	1135
cd03df4d-4e16-480d-87de-3846bd343ba5	1067
cd04b12f-b7aa-4ea1-9d49-610408204e77	1110
cd06f5d2-c0b8-4a0e-ac73-3c5420e4935b	1122
cd0a105f-a865-46ba-aa51-b4f14ea8c8eb	1139
cd0b70bb-c6d0-4dde-97ad-a0bee66ab74f	1072
cd120c41-1d26-41e9-af88-278271013de9	1108
cd17b9f6-634b-4237-92f0-53395d31c3ba	1140
cd1a945d-e952-42c7-90a7-b0893a665ca8	1085
cd1b8a32-64a1-4d20-b3be-0e9f41ca65ce	1134
cd241ce2-92ba-425a-89aa-27052111419d	1062
cd269af7-448d-44e3-958f-8235012db2cd	1139
cd27c6d0-7564-4dcb-9990-66dcfe99f5b8	1074
cd286b4e-a3bd-41d0-8766-b676f918ebc2	1133
cd291b77-53ec-4304-841e-5de4547902aa	1131
cd322d32-ce80-4988-9bfc-6e187f01167a	1132
cd33df5f-4823-4849-9000-89599ac71d77	1131
cd354c0f-eb13-4677-99ca-4a79352c9f15	1136
cd399e11-575e-41bc-8586-a055b84f7829	1101
cd3c9d03-32ce-4104-b2ae-b5204cade1aa	1046
cd3ca752-98a0-4c94-8a20-fca696e98833	1137
cd3f467c-5595-4c74-a26c-cd5701e20d1b	1131
cd3f9339-391c-4561-a49a-5b84e8f108d9	1135
cd4389af-2935-4d83-9dc1-a4f90d73c519	1073
cd4815ab-c999-4ad1-b2de-703be23888c1	1072
cd48a7c5-3ff9-4483-bf85-e43c7ca4028e	1070
cd4b533e-16ce-4411-9231-4714ac170edf	1070
cd4e887c-5c81-438a-a5ed-3263e438b1fc	1071
cd5280b7-fc00-4521-8fa9-376ef36a137d	1079
cd559d4f-2294-4deb-940f-f0700b670e58	1065
cd58b777-e53f-4b8f-98ce-0824ca249183	1123
cd58f41f-7856-42ea-b54a-46eecdf1760d	1170
cd5cf65f-7599-44f0-a197-f2eddbb0daf9	1083
cd5eb3ac-9fd2-4c2e-847b-5bf75ab7f11e	1074
cd64a4dc-1f6a-4f09-8fe4-6db5b0046da4	1075
cd69c4f9-a2d4-4ba5-b2d7-5d876f158d3a	1139
cd70d402-4b7b-493e-a541-b033d5b0a65a	1069
cd734769-7f25-4e82-b1d3-bbfbd92b4aba	1076
cd773c46-463e-4b32-bfea-3196db27247f	1135
cd7e252d-d2c1-4f1e-8024-4c8f9eaf0101	1031
cd7f887a-8ca3-4034-ac72-31c35926134f	1009
cd7fba17-4e6f-435c-87c6-5cbc470cd363	1060
cd853f7b-6da3-4392-b680-3093aa6bbca4	1002
cd864170-78a2-4f91-817e-420070b39712	1077
cd8cea64-8447-4415-ae26-7d6aeb05d5e4	1122
cd90fdf8-8c5d-4ece-9949-84e452749a0b	1068
cd9c68a7-057c-4052-ab2b-e04cdf1336ac	1119
cda11794-1d40-403b-935d-3cc7d0864e51	1084
cda39454-4997-4157-ae97-c0efbb091d31	1070
cda3a583-8e3f-4779-8650-d09be8d16d80	1074
cda894aa-5b44-46ef-9ef7-34d730df6896	1073
cdaef051-83fd-4ef3-af5c-9b4fa67137ff	1567
cdb91f77-3170-4036-8fd2-797389ae92fb	1137
cdc05889-11d9-4e3c-b07a-77f11e286650	1133
cdc0d39d-f360-413b-88a4-724813ce221f	1134
cdccd361-e457-423f-9ad7-e09ca6d00531	1078
cdd153b5-b35f-4b3e-aae1-277f40c875c1	1091
cdd299a7-1c49-4416-a407-9aa23bcfa14d	1133
cdd5d12a-c1cb-4996-91c7-0992c1c62057	1074
cdd6144b-ec43-4014-945d-cf34c5c3e5aa	1038
cddfee26-3e46-4530-86db-04a3985d6163	1135
cde17bf0-5db9-49ed-a919-f0d5cc226ac9	1055
cde62041-a8f7-4b8c-a53e-79f9708dbe69	1135
cde9e012-9bd4-4a5c-b606-7507dd91748a	1074
cdeb2e8a-c63a-44ae-8542-3b8688d206c9	1026
cdec71a3-d7a6-45bc-93c8-788d3535ad27	1132
cdeebe7a-3434-49cd-acc6-c8c683ad9976	1001
cdf656e8-e56f-4456-9932-5e761bdb08d4	1073
cdf65fbb-156f-445b-9bb6-066b5a3d45d6	1067
cdf6e70a-cc21-4be3-b41d-4e48fa2b4661	1134
cdf75aae-9c6b-46fc-8109-e8bc4ecab011	1004
cdfaf914-9212-47dc-aa74-161073787132	1064
cdfafd56-c92c-4861-ae6d-80427d2acb5c	1075
cdfcc00f-1a4f-430f-8986-f901a3c1ae3f	1061
cdfd1ac0-8cd4-4be6-b4ed-f31608dee804	1054
cdfe9224-2415-45b2-886d-15c89a4708fc	1074
cdfee0bc-dfc1-4cdb-8bfb-b6b774e77b15	1991
ce039951-a388-48eb-a1fe-3c8785106046	1109
ce092a52-2f01-44ad-b4d4-806f7f893e50	1071
ce0bee52-988c-48c5-a270-cfc4f7bdb305	1062
ce0c9d3b-100a-42bb-b0ef-5aabfeebea66	1054
ce0d254f-b482-48e4-bb46-d1eeb9448020	1125
ce0d4142-647e-4554-a5c7-a37a197678d1	1396
ce0dd315-54ff-4364-8f72-804a27b46da0	1054
ce1103e3-ea30-4191-87bb-8d5541a606e8	1000
ce136b83-a406-4c58-a795-53c07a72cf65	1127
ce13f9ca-d233-4eef-b320-509c30441aa6	1073
ce1549eb-4f34-469a-a2af-da4d0e2c7b8e	1134
ce15a733-4f76-4e92-9951-1af4afdeac6f	1129
ce171f3d-625d-4ca4-83d2-e9ae59ca2796	1078
ce1782ca-8154-4fd2-98f2-af105efb62e2	1123
ce1de4ea-e89f-4da3-bde3-07d9e65bc6f7	1074
ce248ea3-8c39-49b8-a2a0-0bd16a9b562c	1078
ce2a812d-9538-4c9d-a00b-b13372f6acb9	1135
ce2cc46e-9c30-456c-9007-1b02a63f5a00	1067
ce2e2b0b-ce32-4f64-b451-e137ba72d038	1062
ce2f4a60-f0eb-4c5b-b352-37b92a5e1df2	1071
ce362088-2b43-434a-93b3-b2a9244a5ae7	1073
ce3c79fe-f05b-4916-82a7-5d48a37d8b1d	1070
ce3d99a8-2740-43e9-a9a6-361d44fb0d0b	1144
ce424533-82e4-4f84-ba16-5eac72fc0797	1139
ce45715a-c7b6-4f96-a203-98c32190146c	1133
ce56e86e-fc7b-4a75-9b2a-8128e55b4c22	1072
ce599d3e-e97e-4a77-91fa-a4eba12e6ba7	1127
ce5ae6b5-560e-4a91-95f3-12df960cf3f9	1074
ce5e587f-8bba-4d29-a0e4-683283ec345a	1138
ce5f5045-e4f3-479e-9f02-168a44674eb2	1133
ce687c6b-e5f3-4089-b521-f6713e9d41d2	1128
ce6be175-dfae-41f2-b3cc-1b44d03e7f83	1127
ce6c13d5-191f-4bab-97f3-d0054f3b98b8	1137
ce6f1441-b26a-446e-8345-8707fa2dd8b7	1200
ce746532-6f41-4857-aed9-c4220166771a	1087
ce7491e6-a6f4-4b73-bede-dfc110b1a839	1136
ce750c78-6203-42f5-8922-2a6782698ab8	1083
ce79c6c7-eb85-4d49-b090-33c1796081b5	1133
ce834752-37f8-4964-a832-b3acf388164f	1119
ce846680-8eff-4401-80b8-982d3070796f	1119
ce84bbd6-08e3-4d46-a30b-a586c862481f	1083
ce8a3528-b860-49e3-9277-613e7d29a9d4	1149
ce8ad460-19ab-4981-beab-e0bb12060f5d	1120
ce938d31-a28e-4e1a-bb2d-3d5104942928	1074
ce93f808-21fe-4e73-8a10-a2b5656eac3f	1140
ce9495a5-2a53-4187-bc10-141dbbb80017	1137
ce9c3223-f1b6-43b0-b5ee-2daa2222ec0e	1132
ce9ed865-46e4-4034-a658-38d899ff7c3c	1114
cea042b7-66a8-44e1-b0d5-53cadf337f74	1123
ceac0964-aca9-4565-aba2-1cd1bc325129	1066
ceac9041-33df-43e8-82b1-1f2f426678c6	1117
ceadc2de-119b-4865-b807-b54ed81c9504	1077
ceb09783-6d0b-4853-a754-5ab932d1a25b	1119
ceb1371b-e9dd-415c-82ca-6b676ea9dde6	1130
ceb38f82-1522-402b-a2a3-2278a7c25db4	1063
ceb443e8-1d15-40ae-861a-f63d68aae0d1	1104
ceb9b6ce-0d09-4b37-8140-7f25b8342557	1073
ceb9c896-f54a-4508-834d-1257800b23b7	1120
cebad7e5-e126-452f-a71a-125f358a91d9	1144
cebc83f5-c838-44c3-a5b5-dbe4fd500dd2	1135
cec348b9-a863-48ba-be91-63e078d4a2f6	1121
cec40cf8-850e-42c9-b068-0ea79499dd1c	1137
cec4311c-780f-401d-af7b-70212987d614	1136
ceca375b-fab5-440b-aff6-0f20dafed01e	1139
ced7f7ed-0490-46eb-932f-3930d687ce50	1118
cedb0dc1-e7e0-41c4-865f-d380f40fba8e	1070
cedc9f79-0f06-44b3-a292-c71138ffb7d4	1135
cedd95a7-589c-4466-9057-2a2086a0be28	1066
cedda6bb-9448-422f-9cd1-6fd41e02f8da	1063
cedff6dc-3244-4146-bbb5-6575700af9a2	1078
cee37ddd-b97a-4970-aeb9-7789e6e555f2	1138
cee44846-f004-45d1-bc34-72528d0d6ddf	1106
cee55599-cb81-4e20-99be-b9da4b674e67	1071
cee70b5b-56d7-497d-8a8c-4466a2557bea	1134
cee877d6-04c9-436d-a7bf-d3b0dc846f1a	1049
cef2726a-d059-4379-b74d-76fedbdb87be	1061
cef798f3-f219-4d94-907b-2b6474e1ae1a	1071
cef7de97-4127-499c-a056-4c7f03d29424	1038
cef995dd-3fa4-4105-a0da-0851e31cf14a	1072
cef9c720-cd8a-489e-8730-fc6bec7300d8	1132
cefc0ec5-5773-414a-9d13-6372157d4ac0	1122
cefe2b57-9f24-4374-9bd1-e6ce4420d6f6	1144
cf033e97-880c-4dcf-b222-1ad98a3bfbca	1073
cf03dae4-c582-4192-bb01-fbb1f5c9bece	1133
cf06584c-9a16-4620-801a-6f86811b6688	1139
cf0d2aec-f990-4212-905f-18c1837855fa	1055
cf13ecf2-4e36-406b-9bc3-1768f3d18a5b	1130
cf22a8a1-81ba-4be5-ae36-985af8ed9a1e	1067
cf23cb95-d6c6-4426-a8de-890c83dbc823	1049
cf2716e6-4acc-46a9-b6a7-3f6c9a155172	1111
cf2a8a84-c3ce-4ddd-9081-766476a94016	1136
cf2e7480-1fec-447c-93df-5ddfd87546a4	1066
cf333337-984a-4e12-b9ff-d36b1957c190	1055
cf3a3162-a08f-495b-885a-820f4e7f6b39	1077
cf423354-2a70-41a8-9c28-4dc18057e2ee	1110
cf44f7cd-54a1-4447-9c8d-b979eb85bcc7	1143
cf4a1b41-9ebd-411d-aa66-95b27d452679	1066
cf4ca2c0-6ca3-451e-bf13-7acddfd96607	1069
cf4dec31-22a5-4f87-b0dd-ff9a96bd8b0e	985
cf576dd9-3e5f-4230-9f75-d93503a5c6e3	1137
cf5841e4-fd81-469a-a1df-413d95b9aafd	1086
cf5a68fe-c7f8-41c2-b1e2-83c501fc0fad	1074
cf6165a5-2971-4c28-af7b-75aeba76f70d	1079
cf639989-3ea3-4d6c-b102-a1d36f7802e2	1130
cf690a41-2a54-4533-9328-be12ae1ec04e	1120
cf75db92-84bd-4c12-851e-b480536ed28d	1069
cf770d9a-084a-4f74-8301-f88f66bfe6dc	1077
cf7b73dc-b6ce-48c1-85e6-59c76234109f	980
cf8131a5-f0d2-4e23-98c8-2ad2f8e80527	1121
cf8287c0-92c4-4cac-a5cc-0ea5d5632268	1069
cf84e8c1-66c6-4293-b138-9ab73bb7a0a7	1292
cf8614d9-3a4f-47cb-a1db-bc36159252aa	1132
cf8830ec-3332-4010-9d33-e21c43e8acc5	1059
cf8d811b-201b-4e49-b9c2-060e968051f3	1138
cf917784-1c95-4085-ad1f-a01661ad2c5a	1115
cf91a24c-02cf-430b-b253-934332a000ed	1135
cf92d59a-8f11-4226-a293-57d54c7ac462	1132
cf9de1f0-b969-44e5-8753-5d334265a1cd	1133
cf9f7932-91df-4d8d-b38f-7350a4bd77a2	1084
cfa06749-e678-4148-bc78-2e635e8760b6	1135
cfa1326b-e4e6-48e0-89df-948364d03544	1133
cfa1bd4a-933e-4f20-8da6-ee214a5ca0d2	1078
cfa1bda2-8485-4b93-9514-704cb8709803	1127
cfaee4f8-bd0f-44de-b2d4-6ab00878add3	1142
cfb3e1ce-9276-4535-ac34-3fb824852ad1	1132
cfb8f0dd-b4ed-4c48-8297-b527e06f7d8c	1069
cfb90a9f-0f48-407d-a771-bc46a15d6539	1032
cfbaa9d6-f515-4d2b-aacb-fe49a8003007	567
cfbc6fe0-72d4-4723-b819-73b07475150a	1358
cfbece85-1e5c-44d0-82bf-64eca951bdd3	1079
cfc350a2-4ba0-40f6-b1e8-1a949e13e663	1136
cfd1e898-7fc7-4179-82b1-023a1f4613cb	1073
cfd29188-3861-4b4a-b623-9158eebfa1db	1139
cfd54fb5-fe27-42f8-9679-00b1bd0e488d	1079
cfd75105-3715-495d-80e4-0d716f5f3f3e	1127
cfdc2bba-6a70-40b9-9fa6-1521e68dcf94	1132
cfde101f-d4c7-4b57-ad97-1a7f6d2dc60c	1078
cfdeaa2a-c356-4ed7-8236-a3f431707de5	1118
cfe4d580-2ebf-41b7-8a81-ef492c7d642a	1053
cfe76be4-57d6-45a9-b7f3-d670ae162d9b	1072
cfe97af4-8341-4692-8144-bf03ff9077df	1127
cfec32cf-8c99-4dc6-b6bb-165aaa4d8fd6	1734
cfed873b-88ed-4b38-bce9-e97eed29d28a	1052
cfef891d-bb5a-44aa-83b4-5816ee05a819	1123
cfefa753-36b7-46ec-bab2-a4f8657802a9	1064
cff0b353-7147-444c-b93b-f7e3b519b011	1076
cff7bbeb-1bfc-4250-9f5a-e462c98b6c2b	1141
cffa510f-d2a8-468a-afa4-8e1b70415a2f	1138
cffb9c46-f939-4efc-ac6c-c7115a95183c	1041
cffd0231-bf31-446d-9e85-04cbbbb1cef9	1075
cffdc5e5-9b71-48cc-ac84-00f1cb8374ae	1143
cffe2b48-3a2d-4434-b647-91e3cc2258b1	1141
d0165039-72e2-4861-bea3-587d232c3862	1092
d0170751-185f-4c08-bd6d-5d4b51c75bc5	1066
d01e2007-c3ed-48c3-89a0-aec824be386f	991
d021326d-c23f-4d4f-a763-3e3f240d5ddc	1135
d0254bb3-3d7d-4443-b471-7ccb9c295125	1122
d0255b27-b11a-4f42-8873-fda3386c82dd	1063
d026589c-7077-444a-8b0a-66a6bc3c530e	1120
d0312e34-fd0a-4682-a6ea-f5cf59d91649	1148
d032b103-d094-4376-8040-d88b215abb8d	1067
d0366ba2-0fe7-46a9-aa0f-9739abc17ee0	1132
d046e99e-28da-4e63-abe2-db5d53102c6d	1068
d04ac4f8-5e34-4d09-bf86-6c5674a7fc56	1067
d04b11d5-1cb3-4c0d-8b54-d49253b75260	1082
d04d8741-8f08-4e0b-9369-0ec3365426cb	1038
d04fee60-9c43-4e1c-828b-b3580041bf77	1144
d0546b71-007b-468e-9305-ceba01cf96cd	1000
d054ee68-e695-4493-b495-c5653360faf1	1072
d05940d6-ee06-4890-b7b4-e2f24c55d691	1060
d05a7876-d957-41e3-b223-1bd1a30df7c6	1101
d05aad9c-2b67-4866-9646-5229201cbed5	1095
d05af6bd-9941-481f-8a20-c441e6636907	1072
d05f3f90-57cc-49b1-b48e-9df88c17ad9a	1069
d0616c6a-d7c3-4e2c-9c2f-62087588dc30	1120
d0667cd2-6238-4c6a-80eb-4acd05234828	1076
d06870b9-97da-4d63-b6c0-d6a3da5eb6e5	1041
d06b2136-0093-4de8-acb6-ce3a6b0230ee	1125
d06c6e0d-3609-47a5-ac20-d7f5666e8e18	1064
d06e1279-a3c3-4db0-8ab9-d0e44f2f0d60	1132
d07b49b8-f955-48de-afcb-5687cb1e0804	1077
d07ec521-91d5-4b19-9e86-ac08ea175f22	1056
d0806bc0-b49e-435e-8906-723c7582d784	1077
d080c24f-8cd3-4382-9135-1c562ed9e752	2050
d0811386-5726-4431-a32b-ecd045e68b70	1135
d083032e-ba65-47bd-a963-c9dbc0a912e4	1077
d084b7fa-0d8d-4176-8149-407b04cc0866	1135
d0882203-4e5e-44aa-bb7b-3ee1ca064ebe	1128
d08ac8f8-f6bf-4a69-8d45-0425fe47cc78	1079
d08ada6b-afbe-45b2-8a9e-a6da45f84159	1065
d08fdeaa-9c6b-4e1d-9f83-9f2c0f13b7ff	1068
d091043b-4b76-4184-a747-e057793fbf43	1105
d0985750-ba71-4258-9654-21856b8ee3d7	1071
d0999c5c-ca0c-4e68-93e7-25aac41c5dbe	1045
d09ce4a6-f64a-4c68-86d3-cf3d4e0683d1	1068
d09cfb7e-a140-4f6f-adac-d6415c098ff6	1063
d09d7e7e-7947-43ec-a99b-e920c4cee588	1118
d0a661c3-f60b-4f62-8ab8-16b3c09b5cf9	1069
d0aafa46-5c40-4972-bdb8-48a113a7ac67	1336
d0ac25f6-7e2e-48d1-a9d6-f5f642dca406	1132
d0b5fa8a-743f-4a31-806d-085a87599f6b	1056
d0b6177c-3319-4517-bd2f-1bf9adfebf5c	1080
d0b7ffb5-f6fa-43af-ba83-4db877ff094d	1055
d0bf404a-77ed-4fa3-9ace-45ad828db127	1134
d0c5349b-87cc-43fc-9703-c7dd0413ec2e	1065
d0c6d7de-60a8-4843-9de8-9b93306a7c28	988
d0c6f69e-37d3-4945-a872-625843436e3b	995
d0c9cdd2-9e8c-4eb5-9c16-a3d7047eec2f	1068
d0cf074f-1666-49fe-bced-58645f2300ba	1138
d0cf25e2-a32e-4f14-b477-1ec46c4e9814	1074
d0cfa225-b5fd-41c5-aead-d599ecdc313a	1144
d0d6ed4f-2b59-47f9-af62-e6b85e8bac1c	1073
d0dc0c1f-aca5-4345-a853-c52ea72febbc	1068
d0de83e3-56d2-47dc-8ba1-f321e3a4d36f	1071
d0df3aac-f635-4cda-baed-2e4ed501e9a6	1054
d0e8b52a-b358-4507-835b-f348a44ab313	1079
d0ea82e5-957e-46b0-a385-41e20487c825	1059
d0ed3809-39aa-48fe-b163-a9175a537d7d	1142
d0ed65be-efa7-4f70-a134-81ae28b422a2	1080
d0f1d217-6f81-4b7e-a160-5f17d23dbdd1	1046
d0f4b6f7-87b4-46bd-89c7-92499082e5a0	1079
d0f7ff09-8135-47a0-982b-836a90f6106e	1135
d0f8b2b0-ec25-4f3a-8234-60e5c1709a94	1052
d0ff2692-eff7-463c-9fe5-7b2400b5e995	1063
d0ff75c8-9293-49bb-8c9d-9a070d22d06f	1069
d0ff988e-44a8-41f4-8846-0a577b6b5e7f	1071
d104c206-00a0-4cac-9ab0-bb97b51152b9	1302
d10925b4-e0f4-4e6e-be6d-15e074c80553	1127
d10985cb-0cc8-4cb4-a6dd-efaa1400ff45	1110
d10ead71-46cf-49d4-a5e9-c6567d5d5e67	1070
d110bdda-2ba4-4a51-bccd-d042e7527e3f	1113
d1176752-b0f2-496c-8b95-e4353e03d5d0	1081
d11d2f9b-2590-4dd8-b9fc-14b940e055f2	1078
d120a620-54df-4874-9888-5edf51251626	1359
d1328cce-3d7b-4b46-8fbb-16dc0b238138	1980
d1368f79-fb14-4c44-ad83-888a063471b5	1073
d1370a82-8123-46f4-a5d4-db4ff1f12ab7	1132
d1392c0a-028c-4972-90d1-77226e44330a	1070
d139a26a-92b1-46cb-b039-0a775a86b9b1	1142
d13cf094-207a-48f2-814e-5bee86078cee	1071
d14467f7-5ac2-4b23-9b29-0651b98bec1b	1029
d146e9d6-1e48-4616-8f2d-7262d489f6e2	1141
d14b9ec3-994f-4bf2-b5be-e7b74208e9de	1133
d1558dd6-def6-4809-81b7-9c4feb5e9ac1	1072
d15920f0-3ec3-4587-9d8b-135d7d128e6e	1136
d15964f3-367e-45eb-bcfe-7c52dec41c75	1126
d1598e45-3594-49a9-8832-15a7f525666e	1117
d15d5efe-006e-4ec2-9f9c-c87f73b9e433	1065
d1645a7e-085f-4d2d-ba10-f9687317a074	1069
d169e4ed-66ce-4851-9d3d-0cfe26e8e1aa	1077
d16f245f-7be1-44d3-a850-5443f4c36c2b	1145
d16fb181-94e8-4df8-acc5-5752cdffc952	1073
d1702c38-854f-4963-b614-dc770d377930	1064
d17369ea-ddb4-41fb-aadb-10d8566b6eee	1078
d173f31e-0fbe-4db6-9c76-e2e70fb9a2da	1077
d174c3b0-7fc4-426e-ba74-a412ec87c4b9	1068
d178438b-c1fa-4535-bb6c-62e2fdf8a3b7	1070
d17fefa0-f8cc-4e16-b181-529420ef5787	1071
d1834c6d-e64e-4247-9053-a10577bce427	1128
d185062e-588c-46f0-9140-ed631c66f90c	1137
d187e58e-6ef4-4101-87f4-196a07718005	1137
d18c1cf9-9fdd-40fb-b92c-608967a337fa	1120
d18e47da-f581-48b2-bacb-1c3ad047ca51	1342
d18eac3d-c2d2-4483-9c23-105663642bda	1079
d192b8ff-8fa0-4d36-a247-7d356b00a0e9	1082
d192c79f-7f9a-4aa7-9509-5e39c816abc8	1119
d199c3ea-bed6-40b3-a4fc-927d1f46a80d	1088
d19a85bd-65a3-4c37-95ef-7865c2df674c	1057
d19a9096-cd3f-4daa-88ee-cfaeb5346ae4	1131
d19cc550-a7d8-4827-9b45-5e1d96dd63fb	1138
d1a121f1-fa30-4999-bca6-b06e3419d2d3	1132
d1a3dfd8-7f78-4aef-bf1a-528a8649dd38	1076
d1a6ce03-a030-4312-bbc3-c8dfc3f4e958	1133
d1a80e47-4b63-4282-a3e3-d4f22d47d821	1163
d1aa2263-5746-4fc3-b16f-2fd28380d700	1077
d1aa5348-d552-4264-9d83-4ce8614877e4	1143
d1ad6cb0-bf72-47f0-8b35-339630842ccd	1127
d1af98ec-0350-45b0-a5a0-5d6873b7460b	1143
d1b0e14d-4b84-41e4-b695-b483222a1796	1101
d1bd4ed7-fac0-4a22-9d41-f3128ed94410	1067
d1cdf071-788a-4e7f-a1e3-04fb35697ae2	1131
d1d6221e-4107-43d3-9a13-dc37d730c901	1135
d1d86762-2ab2-43b0-b020-849446aeb7bf	1060
d1db12c4-5049-4d6f-a31e-7e4d5578a757	1128
d1dd0196-a2ef-4775-a358-aae000e9c6e7	1073
d1ddf14e-f641-4af6-8c76-1bcf5cba1cf3	1127
d1df8835-99a2-4fab-9220-821dad4282aa	1077
d1df912c-b8d2-4284-80e6-8f376664cb48	1080
d1e64372-4829-4c29-953a-abf0ec8e40db	1067
d1e8794d-681b-4617-8824-084e0cd5141f	1137
d1ea76ba-0957-4558-9fff-6681726e1763	1135
d1f31894-fb8b-4e5d-9ede-053791c92c63	1068
d1f46d17-058d-49ff-b836-45272233915a	1119
d1f536ce-f406-4e1f-9f07-8689ff0e3638	1131
d1f711fb-83f0-4c41-b883-8fda1c4c8650	1063
d1fc2c48-9569-49f2-aa5e-aae757cd5fae	1132
d1fc485f-2263-43a2-bea6-642525d2b821	1125
d2051a47-c838-4b1d-b01a-c2c547a47337	1069
d2055df0-01af-4cdf-81e5-43a3ec056b1f	1126
d2059846-b139-41c5-8be5-8735f165e5d4	1125
d20d170e-cc99-4f32-bcd4-fe950be52f27	1065
d20f4855-26b1-4d4c-9043-c35a2477f2ae	1079
d21213f0-2372-4b26-b54f-5e6a3722c24c	1070
d216892c-ed27-4faa-aadb-5a70470e509b	1129
d21906a3-4d9c-46d8-b8de-83271a9a3ceb	1107
d21b6b0e-51c9-4322-baff-880559bc6122	1055
d224f4aa-47ba-4541-a4cb-15012712be7e	1139
d22dcbb4-0c21-49e9-845f-bbff1668b26e	1066
d22e1d57-8e9b-466d-b321-1138f6ae1c5f	1116
d23dd271-f00b-4cd5-af7b-ad6fda728ab4	990
d23e1d2e-bd71-49c4-8656-229dc240ef31	968
d2490eb9-e3db-476d-a292-1641d2898e7f	1051
d24a565e-3f06-4954-b935-ca4d32b0f147	1067
d24ef6c2-7fda-47f2-af6f-f3ad36749752	1052
d2565360-1d43-47ca-ac81-2ff7f0741ac8	1081
d2568dfb-ead5-4fb3-bc2f-9300e966dc9d	1066
d259949a-b6a2-49b2-a50e-9221968eb5ff	1071
d25d8c87-483c-4002-8260-cc60906053f1	1071
d260856e-4ce9-49ff-9a3b-3e6f68e4c258	1081
d263e3ae-c30e-403a-aab5-619cad3678c9	1081
d26490fa-36c6-4d5e-b1d7-937cf6defceb	1106
d264f71c-0679-4052-a7e7-520e73e29ba9	1060
d265896f-f3a3-4f1e-84b8-b047d0b029f5	1090
d265a043-dfed-44ab-916e-42ea1e587048	1062
d26a3280-c106-4eb4-88c5-b8cf982c61e3	1065
d26abb4c-89d7-411c-a657-cf5bbd2236da	1129
d26b32d3-cd0c-4c84-82c1-62264a5e1fb7	1139
d26b48d4-c575-4c0c-83ea-77aa4fe7cead	1126
d2713c85-a564-4118-a521-45d3fe57332b	1113
d274a87b-3c77-4c19-93bd-dee5538a0a3d	1131
d2752bca-b0bf-4d1b-a546-08e4036ce828	1128
d277e265-f29f-4219-aa9d-654dc076400e	2152
d27e21a0-b49a-4251-9fd5-d1b2e909a84f	1076
d282a5d3-58d7-44f3-ab1d-49412817df00	1074
d282aaa8-376a-4818-9ae1-fb5e37737f58	1076
d28451bc-5a09-480e-b60e-4495c0ecb139	364
d28512ce-2d3e-478c-9330-273c46ba9d6f	1139
d287fc29-f352-43c1-854f-177e4df1c8ba	1125
d288143a-d4ab-4dcb-9d17-d9b73cafd227	1078
d2884dba-8c67-49a2-9a96-af58d61008f2	1053
d28a2ee8-8c93-42e4-893a-b0d289a00ccb	1130
d28d196e-28c0-4348-939e-951fa5c57863	1142
d293897b-4fad-46d6-90f8-8002daa4e200	1070
d2949c4a-c591-46e4-9840-92d10b8b6d74	1064
d2967d61-724e-439c-929e-c9025f08661f	1142
d299808a-0926-4525-ad98-218a9e7d42a7	1134
d299e29a-f6f5-4dec-9d36-9402b196836b	1133
d29a0e24-b87b-4da4-9d58-12a7576dff47	1075
d29a58ad-d78b-424e-86ec-3dacab42e3c5	1137
d29d73ab-4f6a-4677-9fd7-a46ea7a736b8	1108
d29d83de-f374-443f-8520-ab5ace2ac9d9	1144
d29ea545-53fa-435d-bc7f-617d97eda3a8	1129
d29edb35-dfaf-4f03-922b-622c42ab5ad7	1129
d2a0899e-7b86-4fbe-aa47-dd50fe75d032	1030
d2a5a5ca-ea43-4833-ae37-e600b24b0610	1138
d2adf96d-b6db-4c52-8101-de4d60619ab5	1088
d2af9953-a6a6-4a46-92ef-5c9985ec2c88	1069
d2b23ac5-1e31-490e-97df-f3dfc825ceaa	1125
d2b763b6-f1f1-4c6e-bca8-5193cad1fdc1	1002
d2b7ea1d-2876-4430-b549-e35f5ed45e72	1131
d2b86a29-c4ed-45f5-9aff-01a691101b00	1068
d2b87113-0ce5-4542-88c9-578d6d89f7b4	1132
d2b93f89-2641-40de-919e-2db94fd480ed	1130
d2bdb751-7f27-4516-a8dc-fdd18a313217	1119
d2be9008-e9e1-4047-86f7-eaf2e3bf085e	1080
d2c4b709-2a90-4cbf-af83-b82fd9b5f403	1130
d2c578dd-6940-4ee0-9733-338f7b3d8c30	1135
d2c61153-1b87-49a6-9750-47bfbc18a9bf	1082
d2c9f4dd-3192-49f0-bf0f-4d25168a86c2	1125
d2cb55a3-b833-4959-ae92-c41f7b3843cd	1132
d2cb5e59-7a08-46a9-8086-cfaefddb6b61	1104
d2da27db-2f6b-4d0d-8bb0-92d2ceea0fb5	1072
d2dcfb96-6d89-41e1-95b2-88baaeaeb57e	994
d2e1473a-eb3c-476b-bbf7-3573234c83ba	1130
d2e45f7c-2efc-4cdd-8735-0dca8c8bcff7	992
d2e6e866-92b8-4362-97f8-552c0223ce12	1130
d2e74882-f4ae-45e4-88e0-15f06e49a22c	1045
d2e7adf8-2bf7-43e6-a765-b292021817ce	1075
d2ef0564-7da2-4342-a49a-9d18957b5700	984
d2f3be9a-7e93-4a83-b3f3-ad7867da656a	2126
d2f4dcb2-0ec8-4249-9406-3fc14df52e79	1085
d2f97b3a-8023-4bd0-bbae-e54365d9c384	1088
d2fad95e-1cae-46a9-9a70-0a99b7f4fd61	513
d2ff46ad-448a-4c4a-b3e5-e4ca631f3582	1118
d301eed4-fbfa-4926-9eb5-e652b62067ac	1293
d3034312-2157-458f-af51-7a48e84b51b1	1109
d30723d0-0680-427b-8b2e-2482a72a79a4	1355
d30811d8-4ec6-42f8-91fc-5ab4126264d0	1124
d3084378-ee11-4a64-8d70-dde56afe3085	1138
d308d257-e418-40e6-abe1-ced0698c08bb	1136
d30dc661-3bbd-453a-a381-f80fd7175308	1131
d3124d82-4153-4e4e-80a1-cfd19cd84f31	1069
d314ec49-c8c7-4133-b2aa-6cc38b022aec	1119
d3219bb4-f6b5-4a15-8823-fa6d635dd2e5	1056
d322ba2d-6641-4370-92a1-fc7d069c122d	1128
d325bdf1-4b6c-414e-805b-855db3c743ba	1138
d32a6bc5-8f4f-41e2-9ab6-b155fb0c82ee	1135
d32b9e6c-698a-4b07-8798-11cd2128ee4f	1079
d32da52d-3eaf-42f2-a517-e357816c25f8	1120
d32dc131-0a02-4fe0-b0c3-93fe11af7f71	803
d32f650f-53bc-420e-98f0-217b75dcccdb	1033
d336c061-933b-4b67-9f91-b7139005d996	1125
d336cf77-f96b-4d87-8e28-488208ec1dc1	1081
d33af1fa-89c1-452c-9341-80f51c4e6253	1071
d33d1be0-a93f-49e1-9d6d-0329f0f46da9	965
d345e9e2-5918-43c3-9bba-85fda2157f25	1126
d34fb68c-2477-45f5-a4e5-85ca4ef1feaa	1074
d3542d6c-948f-46b2-83ce-953c1a636652	1082
d3569078-c899-4299-9585-1d376c2aa4a6	1067
d35b755d-2942-4c59-9733-e9ad6d625abf	1138
d35d9137-68fe-45e4-bd97-a0b151e08a5b	1109
d362eb06-f91f-4463-a3e8-dcb0c469ac6f	1049
d364533a-b910-473c-a9a4-15014c707fb2	1070
d366eeda-5587-4363-b007-c4f075f5efb1	1118
d367e2e0-f5e8-4f1e-afc3-9519ea01222c	1083
d367fc40-c481-4654-b223-2c325a57094f	1133
d36a138e-e4fe-41d3-83a6-3a41ba48b2bf	1128
d375f3c1-33ed-4db1-9c7d-478613a09492	1061
d379604d-ead0-44b1-80a3-cc7a41eda2b5	1051
d379726d-41fc-46aa-bcf2-e222462cebce	1081
d3798780-29fb-49d3-9d01-3f39ae113732	1085
d37a75d3-d6b8-460c-81a5-b20d4b4ca15b	1068
d381d115-2c68-4908-8a2d-47280b75e38d	1135
d38f6db1-74bf-45ec-b76e-fb6dad4c6a36	1133
d3933d2d-0505-4995-94c1-d9375414a25a	1100
d39b6640-f623-42d8-b360-bbd9ccdb7a65	1098
d39d0bd5-3bed-4113-9154-ec74d36911fd	1083
d3a6467e-a21d-4d28-bf50-3d7b41ba799d	1149
d3aaa8f5-feed-4a53-bc78-798e89ddb5da	1135
d3b4d92e-cb6c-4789-a741-958cb654d899	1137
d3b55f7c-1ad5-41b0-841a-12d6adf8a85c	973
d3b87e07-1eee-4114-bf30-4464faa0fddf	1132
d3c1373b-3d65-4d62-b36e-b7aa6cb06072	978
d3c3ddbb-a548-4bcd-a49c-b7208a47fac6	1135
d3c4cfc6-60aa-4988-a928-efa1df147384	1053
d3c7fd6d-3184-46bc-b051-0cab651149c3	1137
d3c9da0f-d29e-4458-8f58-12fb2194a7e3	1124
d3ca4822-63b9-45d0-aaf7-3151cc5b1bcd	1078
d3cc3f2e-73b0-4a58-a1c5-8cb3d90d4063	1132
d3cd274b-512b-42de-9f32-1dd130365714	1124
d3d26470-d8db-447d-b437-ef0d39bda6c9	1134
d3e6ac1f-ddff-4f9a-8003-bd25289de17d	1131
d3e6f28b-75fc-45b2-90df-19cfd35f1a0f	1069
d3e79489-aef1-4f16-a4d2-42b11586bad1	409
d3e8b1a8-a9b5-4868-af62-4d87bcb08c72	2052
d3eb4e6b-143e-4a03-bd04-f43db29b48db	1071
d3ee30a7-26fa-44e6-a6f3-7605c3fb7b58	1074
d3f20180-ba74-4443-82c2-b40de1adf04c	1119
d3f34d30-6e47-4e7b-a682-dfa43dd29268	1076
d3f3541f-f7bc-423b-bf11-63c724f26717	1138
d3fde439-e4f2-4061-aee3-ce67539167b7	1061
d40457f8-d9d0-4a8c-b88d-c5ddb311187e	1117
d405d249-1c9b-4a76-9b27-76f12da02045	1133
d41077a3-e637-4b81-97c0-68b3095dcce4	1068
d4113086-36ab-418c-8944-117132094342	1128
d41349a7-aa7e-4f15-9a84-1394a60b593f	981
d41796aa-6a9e-4a29-9da8-b25ec87d0a95	1135
d41af991-6a61-48d4-bc60-b4f2375466e0	1137
d41b22cb-e9f2-4046-a3ad-31fc18ad2f70	1127
d41d146f-b574-4e47-a08c-3741b6bfbf5c	1067
d4209ded-d62e-4be0-bdaa-c4088bc820b1	1070
d424a418-92fa-47fd-924a-294704784121	1078
d426005f-354e-478c-a3a7-3938d15f3638	1076
d4265e1c-2264-4460-a44a-3bb1fb97a720	1074
d42736b0-cc39-4c67-8571-8265fc55758b	1066
d4274a5b-b1c2-428f-adad-9826d7b4e71b	1128
d42828d3-f42d-4418-a00c-71d7d5b56ab0	1129
d42a0f3e-0cfa-4577-b779-3747c8097848	1138
d42abba1-bf49-4ae8-a673-1a063978d602	1072
d42ff932-cb1e-4592-85f7-0bbe8cf8268f	1139
d43170b6-a6ac-4633-822d-636ab35fb2b8	1077
d4329f78-7a2f-4d90-8d9c-d9439d58fba6	1072
d435737f-6d06-4c73-96c5-56f2f09b0993	1131
d436df27-8cb0-4ede-aef8-c0ddb22820a2	1070
d43a1f30-eb68-42ba-bc28-492c50e0d26a	1133
d44222b9-c882-403e-8f52-76ae443fc448	1097
d443e44f-8abf-4d6d-ae81-7e414d20cba9	1143
d4464d0c-3865-483a-ae33-191fdbe05db7	1059
d4464f9c-6958-421d-af56-3a3a566244e3	1117
d44c3ac2-a653-4d38-a28a-8a344cccac9b	1140
d45a4098-6ce3-4b0a-a7f7-007b96170f96	1223
d45f487f-75ba-409f-a529-56af7230410e	1057
d4628d55-4aa2-4235-8254-269e9e4a15bd	1131
d46829ef-6425-4aab-9d80-42b290ea2a76	1131
d468dfd1-f49c-4f2b-be42-4a5bc39e500e	1063
d4697753-9502-405a-9ba0-6efec3498355	1139
d46b49fb-a617-4897-96d9-479a0139d6d6	2122
d471e381-e26d-449e-80a2-d17d3dcfbdc7	1074
d471ec96-db83-4e44-9a01-aa75094d44b1	1061
d4732aae-39de-45bb-9e17-57e466c3dd12	1057
d474d990-d1f7-4b0f-9df3-d11f1bb39ca5	1043
d47a3860-e8c6-41e0-8c9b-a777bbcec989	1130
d47ee892-807c-4cba-a202-9fc2a8570aa5	1135
d48068c6-a2cd-43d0-b02a-0e9a6347cebf	1132
d4835458-87ac-4524-bc74-a84698dca1bf	1133
d48a2246-e0df-4ecd-b2a0-055f64069ec2	1084
d48fcd9a-3acd-4517-83e1-23b1c3e9d064	1061
d497fadc-ee4d-4198-8d12-aad757b2c6a4	1369
d499eebd-af85-47ad-a840-6ff4979a03f7	1134
d49c84b6-d254-43ea-9f08-02c78ae54aa8	1079
d49d5ed8-144f-4fd4-8a4d-c48dcf77b647	1077
d49e5e39-c387-4060-a9b7-5a6fdc57ca6d	1133
d4a5403c-e4b8-4980-ba1d-582eb52e5486	1116
d4a72ebb-ff45-4157-ba44-e333a964e701	1119
d4acbd33-045e-4a1e-ac55-9f8bf6a451d2	1070
d4b49084-8bf1-4df8-98e6-3b1211122172	1136
d4b4f575-d6d8-4676-baba-7c603951a1c4	1131
d4b72d08-0399-4e2c-9092-70e9d5362503	1068
d4b7b6f5-de5b-4608-9fe8-066ecfb490b7	1058
d4b80f59-0d04-475b-b56f-ac819e7e66fb	1074
d4bc44f8-362b-4537-8bd6-9d40eed74199	1137
d4c2b937-2de8-4286-abdb-9d12ffc12157	1147
d4c6cd39-d0f5-4b94-aa58-ed82d8a779f8	1135
d4c6e7b5-329c-4a68-9f12-0bc98909f191	1125
d4c7343b-23e7-4c16-9ddc-c7956487ecbb	1114
d4ca6300-2a69-4bd5-81aa-ffc28fa26839	1077
d4cb47ed-0105-49c3-8bd8-8d2e5163922b	1124
d4cb9db8-5b6f-4a1b-866b-82585638c31c	1135
d4cbf3b9-7b81-401a-9d11-b0308d917224	1078
d4d25d7e-ee26-4c01-b08e-d784dc46b0a0	1073
d4d33cf6-d1f7-4d2f-8891-b08d7baa767b	1129
d4d460b4-d5f0-418b-8737-abddbf957674	1131
d4d46cf3-b9e7-4156-b679-5e5905fab3cb	1075
d4d67498-9112-41d9-9dac-1b8d96a1bdfb	1081
d4d7382e-7be0-44f4-a91d-4a75d5e86e63	1074
d4e1ab56-83e7-45c6-8a67-9c69cfaeadf3	1076
d4e23e54-c48f-4b99-83d6-68625ec015eb	1050
d4e3c1a0-2475-475d-8ec9-aef4550cdf28	1074
d4ea5ed2-9cd6-47e9-9c48-9a68c6d01c1e	1060
d4eb0339-cdc9-4b08-bcd2-94b07af92979	1124
d4eb29b4-991e-4698-a57c-567f0684637c	1138
d4f14c65-e34b-4f7a-b5b2-566fa0d0fc14	1139
d4f27046-cf1c-4508-ae41-5aaa71966a57	1067
d4f697fd-21f2-469a-8270-c61e5ddadc20	1129
d4fa9980-cdce-48d5-92b3-c51e1ff7b865	1048
d4faea72-988b-4010-8cbc-904f799a2503	1137
d4fb69fa-a79e-41af-bef3-1a899bc04f6a	1061
d4fd9aec-233b-4f5a-a390-0bf60bc5b700	1116
d4ff47a7-dd16-4aed-852b-9b95bc65670e	1128
d5022996-d2e1-49b4-b052-030f9c6fa164	985
d5058ad1-dd09-49bc-a382-c930500f4954	1145
d5062e37-5c74-494f-9893-ba5e59005788	990
d508594e-864c-4e0b-968c-312d08dd931b	1110
d50b09c8-5d2b-41e7-aa77-1e57f9264261	1074
d50e0ec1-280b-4f28-acea-8fd0a83324fb	1001
d510e592-d412-4a7e-8e34-3683a0437ba0	1053
d515cbd1-4b37-44d3-ac66-ea3021613a29	1047
d5168fb8-eb3e-43a2-a4fb-136d369f679e	1125
d516beb7-82ce-4c86-b57f-76e1b67a3801	1085
d517181d-2c8d-4fff-a8a1-ca1f2d4ed95c	1072
d51b7e95-9815-4768-b7b5-0913402c6d7e	1124
d51c9e10-13d6-44b5-a682-e5e655d9463b	1077
d52048ea-bfee-4def-b942-2b0e0a7ab1cb	1133
d52100ca-712b-479f-90c6-a7da2264a975	1119
d526b7e8-99f7-44c2-8769-7278c5f1779a	1088
d5286540-18ab-47b1-ae18-c29fefd1ab78	1146
d52bee8e-6306-401c-abb9-8fd1d76735cb	1077
d52c75bf-09a5-49ce-bafc-7e9269a5bc11	1073
d52e84dd-0277-4d1d-b1e5-ef3060b2a9e8	1141
d531fdd4-ff26-4dc0-a893-5e060081b3bd	1068
d5328abe-f66a-46bc-a4e8-3210bfdf78fc	1115
d532bd06-a221-462a-a8bc-6cbacb8a4bef	1120
d537a7a8-e01e-413a-ac4a-377d7853a79c	1078
d53c9e0a-d1a2-4924-8761-34fa279aad7f	1036
d53cafac-c8ef-4516-b70d-d6a2b1542273	1082
d5413733-eee0-406d-88da-7a2f8bbb03d9	1139
d543677d-23c9-482d-8438-b26f246fbd85	1135
d5438f93-d2c3-4adc-9450-1b052c0f4c4c	1130
d5496e8a-fb1b-4094-a35e-74b24c44df53	1131
d54d2a8a-df19-47d6-8c51-15cb5ce73134	988
d54d7296-b5f9-41e8-b7d5-8ccee9f296d7	1130
d54e22b0-433a-40bf-a701-9d9d7e09a509	1068
d54ffbaa-6774-41b6-970b-c81bb0b40e92	2083
d5574bbe-4f02-43cd-ad80-85683ea4a041	1070
d55d1c18-a98e-4299-b58c-acd8f21568fe	1118
d55d50ed-79e6-42f3-b62f-9b777b16a3c1	1137
d560b2e4-f75f-4317-a8e5-c022a2104642	966
d56676b5-9118-408c-8baa-037609871a1d	1132
d5683b10-3b52-4094-8e0a-0626a07895b1	1138
d5691f0a-7a73-48be-983f-4e797cd91404	1074
d5723b27-f056-4f8b-bdfa-bce25400c541	1110
d573ecf0-b1d6-482e-9d98-1cfd14291c13	1063
d577ff90-9a27-4a5d-8651-c355ebc1644f	1116
d57a7f05-b912-442d-987a-3e3e3596e07d	1120
d58e0fe0-d0c7-4774-9267-c17aebbee76b	1134
d58f8ab1-e994-4db4-9978-f45e885d9c15	1118
d59eda79-69f0-4128-b718-2d9cdaa6029c	1111
d5a1f7ad-f7eb-45f1-bc13-8a75bd7a2441	1138
d5a2179a-4a38-4bf3-86bd-4181c5180734	1133
d5a22574-00d3-4c15-a5f9-d358b92bdeaa	1057
d5a322fb-77c6-453e-9fd2-f8aceb583d43	1052
d5a91b81-f0df-447e-8551-6a36dec5edb9	1129
d5b3227a-0d57-4605-a940-fe8547bc0a1e	1112
d5b3860b-e42c-46c7-b57e-98a77ce2448f	995
d5b4bfe3-fc8e-42f0-bb68-690bf9d553fe	1046
d5b75093-33bd-4ecb-b936-0c4e0431013d	1069
d5b7bc71-aaef-457f-937f-844ed45f0767	748
d5b7c096-e2dd-42ad-a254-3163335e4d9a	1114
d5bc86a8-0c7c-445e-9881-24d1acb33c86	1070
d5bda9f3-86a5-4df3-812d-eebe1bc7d264	1143
d5c007b8-4d49-4985-a5ae-a9d5cf2b8cb4	1140
d5c2141b-c9d9-4b1d-9b14-41340d063d70	981
d5c6b691-2211-4f4d-9da2-2fd6e5f60215	1064
d5d17e89-0173-4b0f-b7a1-126554826a1d	1136
d5d683df-94b9-4d65-b6ef-5883be5e2ce5	1068
d5d807fd-f289-4b4b-b4f5-1050b40c34d1	1072
d5d92807-3175-41c3-8009-b7d67a2bc1c3	1076
d5de144b-8ebb-46b8-9a1f-323216d38c1e	1132
d5dfca41-a52a-4360-ba30-fe6fa2397d5d	1137
d5e932da-6aab-4fb4-982d-97ea9f4d4e49	1125
d5f38406-b155-46eb-a294-8af920b212e1	1052
d5f62228-e342-42ba-9bf6-346e4ded75ad	1140
d5fa473e-0a09-43e6-b9d4-fb44e90aceab	1077
d5fb723b-d0f6-4696-ad22-17b45884771f	1120
d5fbd9b6-a3c5-45bd-ab19-d3f2a22f6816	1059
d600c377-a7c5-497e-9582-beb2b0032858	1045
d60a5a3e-e5d0-43bf-a6fc-03bd76725572	1056
d60e2108-af2a-4bb4-b335-b4df4e03532e	1092
d60fd9b3-87c8-44d9-bf5f-5aaf2578180d	1127
d61bc710-8ee4-47cc-9a4d-b658e909de39	1085
d62356c1-5489-4aaa-93fa-cc827c629a69	1047
d6262a77-187f-4aeb-be6a-4b37abe84fde	1003
d629947f-59de-46b9-9214-5f74662af52c	1136
d62c1925-e251-4dec-b3db-d8b3063a1d10	1112
d62c2759-8eb2-4e0d-a018-56d5a3026ef8	1071
d632ab83-8ba1-4baa-a198-7ecb7f2519b1	1099
d6464efe-c9b8-4ee2-895b-bc1e3e4dece0	1140
d64b1f1c-6ac1-4770-b4aa-174fbec6b2ec	1135
d64bd4bd-336c-41ca-8da6-7e3c632e94d8	1138
d64e0854-06af-4965-9ddb-bbb376f8894e	1070
d6532fd5-6d13-47bc-8782-96ebee9b198e	1133
d6541386-a8ab-4231-8036-751202d88629	1127
d6588a2b-a4af-4593-82f3-8a6c261fc4dd	1119
d6684d1e-a592-4d44-9750-4d818fbff8fb	1123
d66ab045-161e-4086-a58f-7891d1621a6b	1145
d6736d07-427e-4963-9e8e-ead2406e1a03	1065
d67bd9b6-1ca8-4902-8bb5-e877f4729e1c	1139
d67ca86e-5b65-4b9c-9d82-572c107908cf	1047
d680b46f-759d-48cb-a27d-576659f0c2fc	1133
d6842c27-dae0-4f54-8269-f6dd9673a52e	1132
d68ac902-c7d7-4bca-be13-6c58d562529e	1118
d68c1f26-a13b-40aa-86e9-5e55d9924e7b	1072
d6902f96-008e-4413-9f6a-45a875ad3d31	1141
d693597c-c61e-4f51-99be-10217c7adc3f	1116
d694540c-c755-4380-858c-3cbd1c9f45e3	1141
d6a2a3e9-c10c-488d-bea9-69297a161515	1071
d6a46e3c-81a5-4d5f-a3a3-14c1425e4aa6	1074
d6ac99e8-98f6-4da9-bc93-6e0da69bc904	1066
d6adbda3-cfe4-4946-97c7-0fdb732d79a8	1048
d6adf004-44ae-46f3-9f4a-26532d7766dc	1074
d6af0891-f96e-47b8-ae0b-f05e79ace96a	1069
d6b2b4f4-fd58-4f57-8cea-0be02cb24405	1053
d6b4af5b-d73c-4e54-97f3-83e78540329b	1132
d6b7f8f1-76e7-4da0-85b4-bedb81b452bb	1118
d6bd083a-d916-4819-9cc7-f1e2fb07b5cd	1081
d6c0de11-d2a9-415f-b774-9fc2bdc40a39	1071
d6c0df71-b846-4283-bb54-c167ba40d2de	1127
d6d51cad-eff6-40e0-8758-92e2fee71725	1128
d6da829d-97bf-4f74-903f-0a147cba335a	1066
d6dd7b80-f56d-4b91-9d63-080f36317ca5	1129
d6de197a-0897-4190-a1fc-ab35418ed7b6	1003
d6e481d6-594d-4288-9bc9-98f0e0877ec9	1134
d6e73607-2cde-4cf6-b094-0478120072ce	1120
d6ec4627-5b85-4775-8fe8-c291959b0b00	1067
d6edd281-2295-479d-a984-36522ea7deaf	1114
d6ef7821-bc98-4ddd-9481-d28305e81af1	1056
d6f1a8cd-30fe-4cab-be0b-97490c8e63e1	2051
d6f32cdf-2403-434c-bddd-35bd69be1df1	1131
d6f404c6-8ffb-4e0a-a0c9-4259218a0b1c	2078
d6f6f2b6-c4e6-46ad-b0aa-8689d75bde28	1139
d6fceec3-fa60-4d52-8930-28c375d4ebc3	1130
d7000d4d-c564-4b0f-8087-9e85e48c7f7c	1065
d7020de4-78b6-4b36-9499-4505f57c49f4	1075
d705a8f2-d1ef-4c02-a7bf-d27fcf1891c7	1064
d7102064-e34d-4dda-8fd7-c5ad04549bc9	1046
d711d448-b363-45f0-9923-771556b0e7f1	1113
d712a1fd-3f5f-4f21-9632-7360b6a63767	1129
d712da4a-3e0b-4391-a5d8-7a080c07a844	1050
d715f32a-3eab-40fc-bbfe-e643e85953a1	1055
d71a7acb-16bb-48b5-9b97-0f523fb5e3c9	1132
d71a995b-46fc-4e0f-a38b-d11a42ae00b0	1140
d71bf555-56c4-4e68-941c-263d5c590f7c	1068
d72b2ef4-33d4-4fa0-996d-6996df913eca	1105
d72b37df-8656-4bb4-a200-b65bf5d2297f	1075
d7315095-4039-4a0b-95ac-904eba0cee22	1076
d738c1f6-9497-4638-983f-08da5bea0088	1116
d73a3ecb-03f7-4f83-b15f-1bd9edd670f1	1066
d73be5a8-9250-4396-87fe-ccda460ce332	1068
d743ab75-c0cd-414f-ab74-7a1ce1c5bcc9	1076
d74504f3-ecc0-4266-9721-7e014cbb126f	1138
d747f41c-c10d-4d86-8ee3-90450834fd00	1134
d74957a7-736e-408f-ad49-6f4ed3171081	1124
d74dea7d-402b-47b2-a6f9-cd34339dc895	1072
d74f513c-2e3b-4e9b-bd74-df3639a82f68	2053
d752a23c-81ea-4c84-98a4-53105f43aebf	1118
d752a422-90fc-4b18-af4c-954ad62a333a	1138
d752fc1c-ab22-4e14-8c78-9f763696fca3	1129
d7551e08-a1b2-4573-9e61-6ec4d31ae7b9	967
d75922ad-2c8f-4626-8ba4-da502278ccdc	1150
d75fb07a-02d7-41db-8806-4f724536eb62	1141
d7664f5f-5c06-44e5-8ada-69701cc49a1c	1125
d76b02b7-baf5-44b1-9762-374919cc1869	1125
d76ec441-3df9-4efb-99c7-acc4ce048d62	1023
d7714043-d881-422c-ad07-db5c655a52a1	1059
d776e43e-4521-4487-aeaf-3dde75daec4b	1070
d77aaf82-4e6f-4bf2-94bc-e322c1a2dd57	1072
d7815d9a-a5d4-47db-80d7-477a9fd193d1	1059
d78a2a47-6e6d-490a-9d06-b6ee97805a32	1080
d78d4467-f9f1-4013-9d0c-44684292aa96	1076
d78e1321-0578-488b-9fe1-177e3efda24b	1071
d793e7f4-1c6d-4f5a-b176-e4b596ef5e7c	1141
d797686b-f709-418e-b7ea-dceef4dd0bdf	1119
d79a9675-a9dd-407b-973b-d82027c4fc65	1085
d79b0c87-6479-4e01-85c7-1715b4cf0e1b	1136
d79b1789-a6fc-448e-bb90-9c6cbfd34a1f	1042
d7a11f33-7017-4100-b5e2-f5dccae4d807	1071
d7a5e8fe-fd9b-48af-ad67-14c7c08e0537	1124
d7ab5805-66e4-4039-a883-3d835731cc3d	1125
d7ad1091-9111-49e1-89a1-32ea5448ed2c	1133
d7b31752-c8ac-4fe0-bff2-97bc855ddb56	1133
d7b84212-4a29-4be0-a2f1-19f981533bee	1125
d7baea47-0dbe-4cab-9ffc-1483ab65553c	1137
d7bbaa98-ba00-4449-a619-fa6c6d8a2ea9	1072
d7c21c9c-10f4-4bd9-add2-fe8525ef4618	1114
d7c429bf-2f48-4b41-b4be-90a621dca232	1135
d7cf6003-4c8f-476e-96fe-14544d93c818	1068
d7d0e1d2-6a31-49a2-859a-b3ddaff1676a	1057
d7d0e573-0ccf-4761-86da-06df22ee3dba	1074
d7d68298-e710-432e-890b-93227f304fec	991
d7d8bad6-e409-440d-9c9a-bf55eb0ff26b	1133
d7e22e96-c10c-4782-869f-1708c074f1c7	713
d7e3fa3e-137c-4b26-810c-5416c7c8b8a1	1068
d7e89648-b3de-4225-b4e8-59b43ccf5130	1357
d7ed0903-0396-46b7-aab0-772c7eea7f81	1078
d7ef01ce-3f7a-4a02-aa9f-0e0650349063	1088
d7ef0c7a-cbdb-4812-a3c6-939036f46ce9	982
d7f8a2f0-aeb3-4f64-85fe-b78d15fe2b4a	463
d7f8b38c-26a7-44b7-bee3-c49f1427343f	1076
d7f9582e-a824-42fd-9824-a67ca42b372c	1052
d7fc392f-27a2-4488-aee5-dda911dcfb13	1136
d7ff2561-0429-4cc8-8191-1f5abacef9fd	979
d7ff8d4c-0d03-43cd-a369-90ae89b277a8	1136
d8014d94-0374-485c-94ae-51f1b180cc94	1076
d804ee00-5c32-40d3-972e-8f58a7f0f949	1081
d807c755-c48d-4920-a10e-47f43225e2e0	1126
d8082ae6-33b4-4405-941f-94c7c5d0e4f8	1125
d80c90d4-7e9a-49d3-b08d-1d4042544033	1135
d80fbecf-ccdc-4437-b717-a8fe80a733b5	1069
d813148c-ec97-457c-9676-fe7c09706967	1069
d813ce0b-b04e-43e7-ba37-58c5a4b3822f	1131
d8153314-8b2e-4ffb-aa87-ee0bcd3b67f7	1145
d8153906-f66f-4566-945a-6fb0f4f593ce	1127
d816dc14-74b7-498b-bc11-ee985215ab4b	1076
d8185e3f-4cca-440e-9964-cc9e8d32c397	1133
d81896ff-4c03-4d0e-afea-1c8dbd64edc6	1012
d8198158-bb67-4443-8fab-d82c63983238	1127
d819e8a5-c5c1-406d-bff0-1e25dc8efe7b	1065
d81c3025-3fb9-48cb-8689-f9409a244602	1129
d81c8d84-9ac9-4be6-9261-c63c7746b356	1116
d82aa2b9-82b2-4f35-9d9c-187b6f5c0372	1048
d82b6ef1-b2d4-4632-94f6-87122143a723	1141
d8334bda-24a6-4fbd-9333-97e7de7a55f7	1068
d8335fba-1d19-4999-b1da-26f39bf41a84	1117
d8337fa5-7272-4344-8e41-fe66d26cebc6	1069
d83948f7-76a9-4717-b3e0-1743ff3783ee	1059
d839baee-38d3-4e8e-86b6-f18ce7fd221f	1066
d83a05a8-ee20-4d5f-a485-354fca56d0cf	1108
d83d4dc4-52b6-4692-8456-c862b90ef64e	1051
d83eb30a-38da-45a9-ba8e-f76559d1d91a	1104
d83f78c7-9d4d-4251-b00a-fb69dd65da3c	1137
d8415cfc-ca38-454f-a47b-6f75827ce402	1115
d84501ea-c0a7-445f-ae29-925abb7b6146	1104
d84aa14e-930a-452b-b889-8428ff3dacc8	1044
d84e2aa0-fbf0-4f15-8987-db710a8f0493	994
d85483e8-feac-4f27-964e-adc45ac5e0b5	2148
d855b30b-9d4f-4fe3-96a8-64e92b4c49fa	1140
d8574335-5bd1-4c27-b8e1-84c41199e46c	1082
d85b0cbb-2c2b-4011-868c-bdf0672f19c9	1132
d868a984-e5ec-4a19-8e2b-1fcf208cbb3c	1056
d8690b41-cea6-4279-b045-2e6e0b242204	1070
d8690fe6-bbdf-4c2e-ad12-b2ab77f231ed	1079
d87166ea-a399-42f5-9372-f2430c329e0e	1130
d878e169-adc1-47e8-b8b1-c454a2a6628b	1135
d879305b-23e8-426e-b242-09fc725b7560	1130
d87a3da0-1259-48fd-9efc-70e8983d0416	1163
d87bb9bf-bf81-4aaf-b751-e95bf4a9ecf5	1081
d87c4be9-ff01-44ee-a8f7-1b5bfb95cc2a	1140
d87e65d7-e0b1-4079-8d9f-3657f95dac2d	1057
d88090b3-757d-40d7-a2b8-679aee86750f	1069
d8851717-7385-4a59-ad9d-3caff5665563	977
d885b9f9-b6c5-462d-abce-7b87898dae59	1079
d888f46d-6208-4631-a994-22f43ab68b91	1072
d88a3f56-70c0-406b-ba36-2650518bf97b	1072
d88bc6fb-4be7-4a31-a6a3-180817cf3431	1073
d88c2847-4be7-4982-aee7-94efa8154b29	1062
d8912b0d-190c-4795-b101-a06e674cccde	1058
d898ed41-8c22-4eac-88da-3cdd638dd848	1116
d8997816-7174-4b38-b406-ad0a74de8c1f	1110
d8a0632a-7db9-4640-a2c2-3da2e130e481	1130
d8a0ac0f-a9c5-461d-bad0-1bcb6c529f32	1156
d8a138dc-8347-48e9-ac4e-248afe8d5a3d	1079
d8a2b6c0-f265-4fa0-9994-254c18682a5c	1137
d8a898ab-d2bd-49cf-b546-4ea50aa2c540	1112
d8a97664-3f00-44f0-8408-43cba65fdd28	1141
d8ac23a1-8004-4093-adad-cbe9f93bedae	1076
d8b18f9d-e597-4cbb-b46d-750ab2e8dcc8	1142
d8b29d36-16c5-42dd-b7c4-2cef2ad53ecc	987
d8b7ff99-f3ba-4e86-bf29-27ad4977282c	1079
d8ba41bc-4bf7-4161-8b38-329bac69e77e	1123
d8baae2c-cf78-43f8-b829-aca876b70c38	1133
d8bbc47f-b65f-40dd-afd4-8be272d4d979	1059
d8bc0eeb-ad41-496d-954c-6fa098a75d4f	1074
d8bc425f-49c6-40f8-a18e-26cb12c4451e	1074
d8bdeaa7-01f2-49cf-b301-7450c462c480	1065
d8c5f5eb-20ec-48d0-a32c-568b0fa5668f	1063
d8c88be1-ca3e-43f8-8709-b313c4679b78	1117
d8ca9c09-41ed-4096-891f-963995e90c9d	1062
d8cb766a-9090-4482-bb45-05220ae461a3	1139
d8cc22b8-0ff2-4875-bc71-9546bacb7632	1144
d8cc96b5-eaf2-4f56-8b66-358f0fc8feb3	1055
d8cf71e3-2c44-484e-bdcb-9eaa5245f12b	1124
d8d034e0-820d-46fd-8977-e2d4a5c49907	1132
d8e07c95-6ebc-4bb0-a9d1-5df7751b98c0	1083
d8e1ee5d-ae63-4d41-a29c-74de288e6ba9	1087
d8e464b8-f428-4fe9-a6ac-1ac3b702e6a6	1071
d8e690e8-8747-4136-b5eb-605098332c21	1082
d8e8ae38-76e5-4432-912d-64501a28691e	1071
d8e9bc29-55c8-418d-90fa-8408405a4c30	1135
d8ed6720-5de9-4eea-b019-69be6579f18b	1067
d8edec47-ef68-4821-b30e-a71309371813	1041
d8ef7f2e-2212-45d7-877a-f8b5cd4f7d18	1016
d8f34c8b-2810-471f-84e4-d74701bedc15	1132
d8f5b3f3-478f-49f5-8d5e-b0e73c575790	1136
d8fa93be-835c-47ca-b458-211f76ac0c44	1099
d8fcf595-671b-461d-afbd-a9dd09d9cf9d	1078
d8fecd0c-cbcb-4452-9b38-8cf157f37585	1072
d90065b7-2644-464b-9869-3dd1b87294c3	987
d901cd35-4486-4df7-ae97-1081ae719c4a	984
d90210b0-a2fe-49e0-a01a-89f8ebf42871	1139
d903c716-2531-4052-85f8-837c8acc3b90	1074
d90a14b8-1849-4467-86d9-485a2c4cc96d	1129
d90c3c1f-f73d-4ea3-a536-e262402742c4	1138
d90d00fe-3fb4-47ba-97d5-1dfb42ebc980	1106
d90d1b94-5cdf-4771-9597-4921ad83f309	1060
d917350d-9160-4b9b-af46-9ad5b3ad6dde	1049
d9193e06-9854-479a-8796-9de5c82dd005	1076
d91c12b9-ef20-4072-a66e-bb8fcd5b8551	1138
d9224342-aecb-42ae-a9d8-d618f83cd9fa	1129
d9224766-ed1f-423e-b19c-2c56c6fd688e	1065
d92326c7-f158-4fbc-9612-25fc0cc19e6c	1063
d925e7a0-d077-4d9f-9748-23adf70d4580	1080
d92944a4-ffe7-47e0-84ef-4cf1e25e8067	1135
d9305a57-45f5-473f-8437-f8faaef2f8a1	1136
d9450083-e633-4902-8782-a98cb7b32187	1147
d9455c7e-0378-43e4-a34a-3efe7e99bed6	1137
d951c3ea-0188-492b-9b37-86df970e413c	1136
d955e776-4105-4127-b2a6-91b6bd375eb6	1077
d9573b3d-a008-4b00-9273-1c49e40901a6	1130
d9595bb3-759c-4ba1-9020-7cd1ab42d9b6	1214
d95e530a-d776-49ab-a457-52dec9dab605	1075
d963b561-1907-4121-9aef-ec16224ead66	1074
d963efe5-10f4-40fb-8817-a1677a89998e	1055
d965ae0e-84b5-4f7b-bf32-05904c14e0d4	1122
d9674570-8379-4b93-820c-2687d26eaf22	1126
d967816b-5bd1-4962-9450-685dc387644c	1123
d96c4a42-4255-4783-beaa-34ce736faa00	1080
d96e07e8-61d6-46f8-9789-aed702a039aa	1130
d9757d97-5db6-4486-af79-1fa13909f87c	1072
d9770e60-2b1d-48ee-b00a-4a9b82e0f659	1073
d9772212-776b-41dd-bc40-b4790723c11f	1125
d97787ca-49d1-41bb-82ee-29d680931d7b	1082
d9795168-7d90-4cdf-a66a-ee690156945b	1060
d97d4d85-191c-4e85-bbff-b924942128d3	1076
d9858436-d351-463c-b06f-4e9b7f17724e	1141
d985a58c-41e3-44a6-a0a1-59c595e60d70	1132
d98ac3e2-2006-4755-9e03-3d75346d6f31	1074
d98b42a8-5f5f-464a-8f3e-623d14059cfe	1124
d98d25a5-2e7a-4f50-b6e1-98e35ea4f0fb	1081
d98fa789-f986-4daa-8456-e6736b8e095b	1037
d9930882-6746-4984-ae2f-93775fc4f7ea	1137
d9a4b259-b68e-4ddc-ad34-28b2672c0a59	1105
d9a4be28-cca0-4877-b682-04b123fefd82	1054
d9a54d01-2675-42aa-8bd5-0b944307f269	1124
d9a9d773-7843-4a94-9e0c-dc5127713d5d	1133
d9ac1879-27bd-4771-9012-c93b1aaad454	1057
d9ad4289-91a1-4460-b47b-91949df14ea7	1071
d9ad8c12-158a-4007-b580-87a59e2d9e5a	1133
d9b39a04-ca21-4419-85fd-2cc6a2c6a856	1149
d9b87c73-0370-46f8-996e-1cb7f2148e08	1133
d9b92fc1-b9ee-4763-92ec-cb2a3c8c67a8	1076
d9ba7903-ac29-4cb5-a6ac-61d92ce4f26f	1108
d9c14fc5-7ad0-4b22-9fe4-420f8a471f86	1131
d9c1c4c0-7708-42cd-b131-6d7a74c11623	1137
d9c76abc-4d9e-40b9-8beb-a7c442304fd3	1069
d9ce6e7f-1c4f-470d-b8eb-950e68e39d67	1133
d9d37d77-0f02-4a6d-8fcc-be4cfcb65279	1076
d9d3f9e0-03d0-4554-83eb-d468d48841ee	1117
d9d66759-8509-4d9a-aeaf-ea57c3f35fe8	1010
d9dbe65b-9a71-4edc-9cf1-a67d57e13040	1067
d9df94ff-bf13-46c6-ba68-7b70aa389052	1149
d9e128b9-60f8-4eae-a1ea-7982e0dbb16e	1033
d9e3cd65-7637-4e33-930b-fd319b5987f8	1091
d9e56b0a-314c-4928-a5b7-bdf67176e72a	1081
d9e7699e-0cb1-4c4a-89bf-7f4bfcf6b949	1077
d9ee2615-bda4-4124-8fd8-67e791b0237d	1125
d9f28579-061c-4786-917e-34c698c9e31a	1091
d9f48cf5-e37a-413b-a931-a0f9ce4f8ed6	1070
d9f8574c-0f47-4e16-b163-d88bb9f05660	1069
d9f8b33d-1730-4532-acc2-889ae38b445b	1129
da01775c-c3c5-45e9-bd04-9fd6bb2fb5aa	1073
da01a4a6-856d-47fe-a5e2-028b338023f9	1143
da033c31-e413-422d-87d2-be6bb3c05a89	1129
da039586-c313-423b-af49-9b8ef8783a3a	1141
da0cffd3-3408-4d04-99d2-1edceb979cc7	1115
da0f9470-86d3-44a3-9cf8-e67654a9116b	1141
da101306-0abe-46f8-bbff-f4c0eabd1b1a	1075
da179745-3876-4cfc-8404-b616c5c73488	1116
da186ea4-707d-4702-9fa4-2d4c94ba3d9e	1133
da1ea926-1a2c-4780-a103-fdcb65218b58	1067
da1fe6cd-9aac-479d-97e4-668e03f006d4	1122
da215949-e4bd-46cf-ba5a-d721f3e690e7	1127
da2360a2-90f1-4070-9e35-2195a80cafac	1050
da25f5e2-f43f-48eb-ad75-d5454380e20f	1081
da260dec-7e55-46cf-8078-816ec31d5b3a	1128
da28a138-235b-4b48-8615-8c4fb045414d	1078
da2a3c50-47ab-48a7-a53d-99c83f9586cd	1367
da2d1f08-c2f4-421d-bea0-3c4d77f3d99f	1069
da2e05ba-e532-40fa-8862-f31e4748104d	1137
da31b6db-f403-49bd-bc0c-983d1769cb21	1060
da339d2c-67e1-41f8-b209-5fd62a904abd	1057
da379e61-7ec6-4d88-b77c-0c0fb3f6b0a8	1007
da398572-6408-40a2-ab90-2f6cd6481531	1118
da3b6404-8577-445b-99ed-b690a17f5c9b	1093
da4cbd63-f418-45fc-a759-8ed8d48bebb8	1072
da4fa5c5-e35d-4cde-8b89-d54dce3d80d0	1048
da50b4e4-82bd-40e8-b101-451373d81e96	1075
da53a25b-c9ff-458e-a4ab-ab357993e64d	1220
da5a8d14-b39c-4606-b6d9-7e9a46a3f341	1136
da5e79b9-2514-47fb-be2f-408a91882a4b	1064
da62e925-c80b-42c0-8db6-69cf9eb9e10d	1133
da64826b-4dc9-4b9d-b378-0c6693c941dd	2101
da6bd1b7-e472-4ca4-94cb-b749c2af19b1	1056
da6d1aaa-65e9-4a15-8531-de1145c7f3eb	1125
da72a43b-0f8a-4aed-9999-e827bde34808	1096
da7602a4-08f6-4e31-9d96-ef2ad1337e6e	1121
da76624c-9737-4cf2-a4df-0cf8cd4009c3	1044
da77c1a4-5acb-4dae-9097-2bac7648e2cb	1078
da7ca082-8636-4860-9972-a0e083cdafea	1061
da7e70d7-00c2-4eb2-b165-b447ceb9b740	1111
da8579ad-c9bb-4f72-bed8-b82ca2d5eeab	1068
da85b3b2-54fe-458b-8ad3-af61ba2242fe	1142
da86bc0b-be5e-4e6a-9cc1-7149abbe8c75	1079
da877320-ab67-43b7-9935-5394cc0fb49a	1001
da90cd09-7dfe-4531-8ad0-09ea1664b7a8	2098
da948a04-4d3b-4757-8156-74f5f5b2f2df	1074
da96a581-4b05-4ddf-9cb0-3720e5b3cd81	1063
da96e529-07c4-4c7d-aa12-978f6dda3905	1078
da994680-6278-4490-abdb-105128619d6b	1040
da994af8-bd23-461b-97b3-3c3b31a447b5	1112
daa3f52a-b7a9-449e-b08c-fcfdb9cff579	1068
daa7291c-cbe3-490e-8b8a-4740b5e33c5b	1065
daabd916-018f-4a3e-aba7-44348cb03d67	1082
daac7b2f-56f3-46b6-8d37-553840665982	1130
daafac35-12ac-441b-b131-491f98719f48	1123
dab00ad4-2695-4adc-b2ed-934de464f200	1058
dab075c6-7574-4717-a159-943f85df6c7d	1139
dab14366-bcd5-404b-971b-0fcde1f00cad	1129
dab38e75-ad92-4d7f-ab8e-e3edaf49281f	1139
dab8446c-506b-4acd-a1ef-a2fccbdea523	1085
dac156e1-b50a-4f55-ac39-236415f01a32	1120
dac9fd9b-3895-4706-b166-e24765aa1484	1131
dacb96ef-a8e4-4cbf-a9dd-256ff27f9b42	1049
dacd8184-bd42-4ffc-990a-1cc741009c9b	1047
dad1bbb0-c6d2-4563-a4f4-59b663b10d48	1124
dad7713a-3a77-45cb-bab2-5b7d3e2c530a	1071
dae1568b-190e-445c-bc8f-f976aeca75f8	1064
dae523db-0ba0-452b-8dc0-a81e19dda7ab	1066
dae9574b-5856-4f2d-a1a2-b22796ae1843	1092
daec283d-cb4e-4077-ab33-862cd91eed14	1088
daef9089-1c40-4111-bca4-e49797c45327	1128
daf18414-3564-4f05-8939-7012ef1b970e	1071
daf70086-54e1-4808-b3c3-1da71789ed31	1135
daf7a119-324c-47cd-ae1f-d77e4c301fe1	1069
dafc0a0f-862d-4cf3-bb94-15b7d90e16d7	1080
daff0f5d-b380-432c-83fa-207874e5613b	1090
db0397a0-8cee-49a9-a05a-d5ce40c1fa3b	1135
db0474df-4ecf-4aaa-b927-be72fcbe250d	1117
db07086f-57fe-43d0-ab5f-74aed5d02460	1076
db07564a-7f5f-4190-844a-a8bfcccd7247	1056
db0ad9cf-d9a2-4df8-87a5-e513018daa69	1071
db0c17cd-efe6-49df-989b-200522042693	1070
db0d2b70-4ca9-4ae1-94a1-dba41c944a07	1078
db10d5ac-92e1-433d-8ba2-396994c1cb8c	1054
db1104bd-5092-4512-8746-b1c76d2acfb4	985
db11f66c-40cc-45ca-9510-fa1312d7bba2	1144
db1716a0-39ff-449e-ad9c-15f002055289	1135
db1a5125-93c4-4315-99aa-08532badc05f	1141
db1c9ca4-7362-4beb-9318-2667100171a8	1136
db1ce493-95a8-4f68-9463-da0f9dd72974	1061
db1f0d7d-a1e9-43ac-adc1-0b218ef388e0	1130
db204751-6e34-4dee-b214-b8eb7c233498	1049
db21b0f6-915f-4789-8257-258cdb0e2d1d	1131
db268cfa-7164-4dd1-b338-1a8daaddf5ff	1120
db26d795-a61b-4951-9788-173898a34be1	1143
db2d7dd8-a070-48f9-a1f0-620c301719b1	984
db2e6e3c-151f-42db-960c-592fe848abcd	1164
db2f32fc-69da-4006-8814-25e41254c18f	1135
db311d59-21ca-4b8e-9944-26cda40c1a50	1117
db3413c2-fb8b-4f31-b337-c6247633da4d	1351
db3e538c-86c2-4b25-8bd6-52043ec3f975	1112
db40e352-867c-4622-b257-6d161717f915	1142
db41086b-69e4-412f-9f99-cf2a30272926	1067
db466d58-d479-426d-b6ab-d567202bea08	1130
db4ea657-8c58-424a-a719-e26783b42660	883
db51229d-ad08-4fc3-baed-27cfee562ac0	1140
db51366f-14d3-43dc-a51f-ccb2629449ab	1124
db519308-888d-43b1-8ab2-f3cc48fef968	1078
db520594-cd0f-4b6f-9334-de8776274758	989
db574a33-35fa-4576-8e8a-f34137651df4	1128
db5a3621-860c-4943-b525-575455974d9e	1047
db5bbf7b-ffbc-4907-8ed2-2141948321e3	1138
db5cd1b5-a1a9-4fd9-996f-9675d59f156b	1131
db5d521e-4687-438d-9a77-9ebe82a73802	1121
db5f3c43-7f10-4dad-8ff4-c08ea693ad4d	1129
db608b58-e630-4966-bc6c-63fa3f628ba4	1067
db61e849-ccff-41ec-a857-7533c98d1580	1072
db64df15-d0df-4dc1-ac59-fce0b7dbb493	1138
db6518c8-eac5-40c3-933d-bad916719291	1135
db65ee67-d80c-4229-8776-51af5959a636	1133
db671f20-7838-454d-8d88-3849b72b9ab1	1107
db6a5d0b-1c55-4368-ab77-11b77638a5de	1073
db779c00-3b48-467b-8c83-55fe9543dc13	1136
db866ba9-60ac-495d-89e4-10faa4998e75	1063
db8ac857-a7f8-46d3-9027-e04be0b17cf9	1125
db8cf2c6-29d9-44eb-a147-1b44d0ebbcfc	1143
db8ec117-685b-46f4-8bf6-6d5b1277bff6	1063
db8f26a5-092d-4490-8159-9bcee538276f	1137
db9fb279-b89c-4028-81ba-2d1720b57de8	1344
dba67e27-8446-4aea-913f-262fe29db89a	1138
dbad0c48-a138-432a-a436-a5c0ef6e8139	1096
dbad11f3-504e-4e91-850e-335e4ec1073b	1067
dbad9c06-8805-40d8-a590-c2e8ade9bc6d	1063
dbae03a6-7cfe-45ad-8b51-0185c3d1e640	999
dbae55bc-9892-4454-8623-a6040dee7884	1117
dbb4e2b4-beb1-4604-b6a7-e20710b12001	989
dbb875b5-00cd-4704-8e1f-acfea9a11f9d	1071
dbb93155-d461-454b-913e-044115a38a27	1051
dbb9c1fe-617f-41bf-9326-e82718f28983	1074
dbc10898-2228-46c3-8f61-2495fca7dceb	1068
dbc1741b-ad8d-4704-82c0-088042e8ca0b	1130
dbc1a5e7-975c-48f4-b5b5-096b31d84a34	1134
dbc8a89a-300d-4be7-8212-e54f88c4408f	1077
dbd2826d-db00-49b7-9002-17696d7aacab	1059
dbd32dd3-43d2-486e-9668-378b2f1dcc7e	1068
dbd3acb6-4abb-42f9-9763-407e666c8eae	1072
dbd4ed41-a3ea-492f-a747-b67fd4e22e15	1126
dbd79371-5018-431a-8ff9-ff090fba33a3	2084
dbdb6930-7764-46a2-a2ae-e43236a95211	1131
dbdc5bf8-d0b1-455c-b2dc-7502cb5b2dfd	1135
dbdd3f82-0c6d-41f4-9165-2a076369c982	1059
dbe73739-eec2-49d9-821b-e4c3fffeb653	1132
dbe97cc7-4391-45aa-9555-f1e3aab30a72	1075
dbeeeca8-4107-48ed-a4f7-b2a49d62f151	1120
dbf2c5bc-2aa5-4dd4-a73a-f370b84d6999	1082
dbf30481-08ce-4848-998b-e53f7345074a	985
dbf3a362-4833-4e75-86c8-69d7feb2615c	1076
dbf4d77c-96a7-41e8-a194-15b5cbe681f0	1134
dbf9f4bb-7e00-42fd-be84-5ddf263487bf	1139
dbfdde4b-4953-4017-94e9-e8b517a8ecc9	1149
dbfe0f4e-72c8-4c7f-b80e-f8cf3a4fa496	1131
dbfe8ac0-04b9-4f4b-9e3c-c2f08e43bb42	1060
dc08ac01-7d53-4c62-8479-ef6fb6ab6b07	1075
dc15e0ea-b0f0-4eb3-a4cd-540a0d9a1438	1116
dc1a7785-d373-4ac0-9786-aed7fcf1f4c9	1065
dc2278df-bbbf-4768-95f9-3e6cb1f54595	1130
dc297162-611f-492b-a10a-852cb1ddfa52	1073
dc29a76b-8f60-4893-b51c-145208203831	1132
dc2ab69c-a64e-43e8-a80c-7f7663ebe763	1126
dc31c16c-d019-43bb-88c3-0498a41f6801	1063
dc32ae3a-d86b-49ff-aaaa-76829a4316ba	1075
dc343728-fb82-464e-a1bd-5a6beb00c074	999
dc35798e-528c-45aa-a44c-3aab65a02794	1070
dc36143c-9d76-467f-b56e-45720d8285b7	1078
dc3be048-ba32-4385-af3a-73c896ed7093	1115
dc4203c2-6884-432a-bbc8-0cf865b23421	1075
dc45bbe0-978b-42b2-b194-32e3b568cb0a	1074
dc4943d8-0b6a-452f-acd2-b5f38628ed01	1080
dc4a85c5-1bfc-416b-a46b-68204e7722b4	1077
dc51fb5d-aeb9-4b0c-814a-072339af729b	1100
dc520ef6-36ae-4886-8ae4-f1be22eb5803	1127
dc522e8a-5a19-4ff5-bd0a-d98c9e46f3bf	1088
dc5310bc-7516-4384-ae9c-02b9b7803113	1061
dc55ce6e-7a43-45d1-9727-bd85698f5764	1127
dc5d45e6-d9c3-4b0c-8057-5124e6b224d4	1125
dc60a6d7-2608-41bb-887e-66594d6dd3e5	1128
dc6262f1-9821-4264-947c-c30009bdf78b	1131
dc64d920-3831-4288-9c8d-7a1429d7518e	1142
dc6a662f-ad59-408d-a1d6-065a84466c2b	1124
dc6a897d-a6be-42bd-900f-696d3ab5dfa2	1055
dc6d7f43-061f-45f4-8d43-d7cd18d6ec1c	1133
dc70a266-e70f-42cd-b58e-6daf1d76dfc2	1119
dc73385c-e411-438b-8057-adc9a0534e9c	2127
dc77cdd7-d423-4c8a-a222-7855bcaa2ab1	1128
dc78e017-1833-4850-820f-92c00441fc71	1056
dc79c796-7a7d-4f2c-b668-d84e1d657367	1122
dc7d1f1b-034d-48b8-b21a-886deadd0a1d	1073
dc7ecca5-1410-4175-a222-0d0e39056ac0	1060
dc8453e6-ebe9-4963-a408-36d92ec69c89	1147
dc85be9e-51cc-4146-9479-2c0ad7690e43	1110
dc883611-6a3c-4ae8-9e5a-2d089d55d523	1124
dc8c8910-3a9d-460c-8384-eb37afe7e245	1056
dc8d44f5-dd66-4ea0-b974-040090c1a959	1138
dc908c5f-fbf8-46ed-a11f-4663ed029da0	1071
dc91251c-aa3d-4f8b-bb13-7b0202602c0a	1057
dc923658-4f60-4f08-b025-6a80811dc6f0	1064
dc9c33a4-d76a-4323-9f5e-5e50206d82ef	1077
dc9c7bd9-9e61-433e-ab27-9010828cb465	1076
dca38e7e-407e-4ccd-804a-2f9afc99cfb3	1080
dca5218d-8098-4ed9-8730-2e4b2574aaca	1294
dca7dcbf-d2e6-406a-9c49-54f93522adb1	1048
dca8ed9d-29e9-42e3-ab0d-eab24c03d40a	1067
dca93779-23aa-4f2e-a60c-8111b20e0319	1076
dcae29cb-c652-4c80-9150-3b8973a3e9b3	1134
dcb13ce5-3ef7-449d-95fa-d9602163c281	1058
dcb146c7-a0a9-4e04-82cf-5d9cf8d20bb6	1133
dcb2306e-da49-4b38-9867-209a2e03699e	1002
dcb3293e-cff8-4e47-94c6-8ec4b8726332	1081
dcb6abbb-286d-471a-9188-ed22f2223b83	979
dcbada16-d88c-4c5f-8791-8674ba31e587	1027
dcbb5469-f085-4aca-80b9-724b7d50448c	1070
dcbbc37d-3c55-4748-bc19-8037e3591852	1074
dcbcc7b2-c350-40f6-8c62-14adadf10288	1054
dcbd7d72-7e9e-4407-8112-01d20727942d	1140
dcc02b97-ec37-4e4a-a837-7ce9e6ab5e42	1130
dcc6d918-f8cd-4c79-a744-a2ba9055536d	1099
dcca04ea-ea89-4bc3-bb89-ce0c15169147	1116
dccc878a-61f6-48a8-9c25-4485901e7126	1111
dccdcecb-752d-48db-b048-356273952c00	1146
dcd244bd-97dc-43cb-b4c5-2fc4a3f518e6	1136
dcd3c2e1-0315-4e27-9e88-02dd428f1e23	1109
dcd84b43-9b8c-4223-a664-f2a9acc2dc97	1126
dcd90e5e-03c9-4f5b-9243-da07d0fd5927	1069
dcde2c2a-7322-4d51-b013-ffc03fb378b7	1072
dce6b41c-6e35-4638-ab40-212c247cd006	1058
dce7f03f-1f5a-45d1-80df-f63b1c8927e2	1130
dceaca18-da89-4c69-bb32-ec3bcf2b2cba	1071
dcee278b-0fc2-4828-b453-4ab2f95842dc	1096
dcf306e2-2ebf-4e16-8a60-1bcd74ce3732	1138
dcf656ba-2645-4148-a202-8830eb65f2ec	1135
dcf8c50b-705b-4d8e-aed8-7f578ce3aac6	1135
dcf8fc01-670b-44fc-8706-4df451c1a67f	988
dcfcc021-6b8f-4af3-9074-9445ffc02503	1076
dcfd4e47-5a00-4105-a22f-de9a09670808	1071
dd01d331-19cc-4088-a252-6fe143f729e7	1070
dd0b26c0-2a87-4acb-85f2-fc4b7fdbcd26	1127
dd0b3108-db18-4ebe-8e9f-a2be0a66ab1d	1124
dd0f13d5-3952-454c-92f5-f5822f57e51b	1112
dd14ef3b-c22e-43e3-8a0a-f78877131312	1077
dd16e4aa-05d5-4705-8f47-7a6190662c8b	1133
dd18b9cb-7f88-4a44-9103-79297a7a8597	1072
dd1a86f8-c228-47b6-b3a2-da14f91d41cc	1125
dd228a25-c596-49c3-81da-a0ac2e976355	988
dd2bd36c-1b85-4fa7-914c-0123366878c7	1143
dd2c4471-2b86-4387-bb99-57e437868a4b	1063
dd2f6b9b-becd-44f3-aea9-06ed4cf82990	1043
dd307c46-7dc8-4b05-944e-53a470717852	1139
dd3538a0-96a2-4ca0-be36-8b8221457c0a	1073
dd36136c-07f7-4604-88ae-283f6b9fa3d4	1137
dd3b1c9b-8e1b-491d-b85e-d77a0de6273f	1137
dd3b4122-2386-4406-9196-bd608bb78909	1134
dd3ccb3e-3f6a-4bcd-85d6-000cbb3ca519	1127
dd3cdabd-0f09-4fe2-bdc2-8d2ce83edd68	1133
dd3d5d87-758e-40d1-ab2a-f52a0bd82656	1081
dd3dc1ab-3a85-474e-83d3-eec570fcdacf	1077
dd441225-3895-4032-b421-a9f2391311ef	1130
dd4a5cca-52e2-4354-a445-2ce9e1369ab0	1144
dd502dba-6d88-4df7-9d83-27190d3af9b3	1055
dd5f6383-efc6-40f3-b2dc-742fae2ab066	1059
dd63dc36-c6f1-4084-9441-95d800a721e1	1068
dd677f72-fb01-46fe-8615-ef7a86dc0408	1072
dd6a2427-c789-492e-9b83-08f9b3115f76	1140
dd6ea180-f5c3-42c3-be19-c078d3063fa2	1129
dd70ab4e-7c52-43f7-9862-a5fc76243e9f	1067
dd72e79e-386e-46d7-95df-b67e1982d235	1288
dd738fce-3410-440d-9dc8-d0fcc78a3114	1083
dd7d1dd8-cd82-4277-8a19-4b5fdbf9d0d7	1098
dd7ecb5f-5b06-47e0-b085-2fa76b97275e	1117
dd83320e-4efb-4686-848a-2805dcd2f64b	1164
dd8781e1-2800-4e1b-909e-6dcf8d29455f	1132
dd8c90b1-bfb5-48cc-b78c-f36982f0e637	1062
dd90dee9-bf57-47bf-adfc-d5aa940753d8	1072
dd94a8fb-bf8b-4c96-82a1-8f256f6a56d9	1081
dda6e359-d993-411f-a1cc-a78395f6e9c2	1056
ddabc165-c29b-418f-a60f-1d384c87a8a3	1126
ddad5b87-c93d-4593-b419-102617e4e2c2	1135
ddaeb320-5d9b-49e4-bc8b-1c470bc99a98	1138
ddb21f1f-fccf-4e5a-bf5d-ce4172e522c6	1076
ddb596d1-292b-4cd0-ac44-80279880ad4d	1125
ddb87461-418e-4813-9f40-be1e4d730bd9	1054
ddc9e5cd-7ddd-4d3d-9768-52413aea376b	1077
ddcf39c0-876d-4f62-8a56-eaa821070f85	1114
ddd1b700-155a-4024-8c42-cea0ba0b1363	1072
ddd23f4f-74c2-4c65-bd79-4eaf484d2181	1060
ddd57a7f-ca4e-453c-aae3-d934be17270d	1134
dddaf9e7-4eb5-4134-acc5-716725793063	1133
dde051f7-7d71-4b4b-8ffd-236abd8d2b80	1069
dde62c1d-51c0-4987-8536-4a27e77e02ed	1352
dde6b1e4-5fb4-4642-98b5-901c64fb986f	1121
dded72f4-275e-483e-aa75-71fcf3f88436	1130
ddef67c6-07fe-432f-bae6-070e4826b770	1084
ddf20420-8faf-4f05-a500-4e54a9b99e35	1109
ddf249e2-875a-476c-ac9a-6028435dfb12	1073
ddf3491c-e4a6-4737-8e38-20c70c829e1d	1084
ddf42f00-e4f3-46e5-8f59-c210f6c07804	1068
ddf4c063-cabc-4cde-9661-ba22b71ec908	997
ddfb4f42-799f-499f-b851-c0dd196f74f0	1076
de04e456-aa82-4253-9bb4-9c60e7f53bf0	998
de04fed0-0cd6-456f-b3ac-44d73ace84cd	1068
de05aabf-b78b-46cb-b47e-a0be108bfa11	1082
de0a87a6-b7bc-4ed5-b3e2-bad705480919	1133
de0ec105-ce4a-4dcf-97a3-0d8d4b5e2842	989
de162edd-33c8-4ffd-9a3c-5d7976f845e0	1074
de1645ec-9396-4811-857f-7d40e70889fb	1132
de17cf60-33f2-4ce0-b623-ab8ba916665f	1128
de1c1e0b-ae78-411a-88c9-fda77e57c140	1053
de244cbb-15c9-418b-b564-a3ee80686a90	1086
de263443-d6f5-4b3e-b599-20cc993e3c4b	1126
de267bf7-8337-4222-a01a-5785e13fea01	1040
de280fa6-105e-47c1-ae5a-028d7b59c895	1134
de292f6b-2d6b-4950-a0d3-1745b75de433	1062
de2a888e-bf3f-43cc-b2ea-ba3d047131cb	1120
de2adebc-4714-4d34-9aab-413413f538fe	1131
de2c8b7d-ec84-4e88-b8b8-96864eaddad8	1153
de2f0370-69ce-4242-a3d9-0262604790d7	1124
de33ad4f-d5b6-4c40-bdf8-869aed7d35fa	1051
de3432be-0036-4eda-b5a8-51b5f6da94e7	1072
de34e027-5baa-44ae-b232-e427c5b9cdf1	1068
de3e1261-7422-4e59-97a5-8c02b9bb95e9	1067
de3fc700-84aa-4ab6-b410-c416cadf9376	1057
de42f70d-93e9-4164-bcd0-c3bc772c0676	1072
de470f92-665a-43d6-b6b7-86cd041e00e3	1038
de47b665-3dec-482e-a17c-066c01c6e57b	1079
de47b6da-47f2-4318-b896-9d7e7749c8cc	1120
de4b079b-0692-4aea-bd01-e70f67d18e90	1126
de4d35c3-9958-43c6-a847-6a0344b21018	1054
de4e553f-b7ff-429f-be38-0526f86ecbdb	1135
de50ba93-3d5c-434e-94ee-1f7602e512e3	1142
de597c29-2ec6-42db-84da-5ad1906f8e11	1063
de5ce4a3-bac7-41b2-92e0-8dfeb77408c5	1112
de674788-6b94-4158-9978-cec4a3c84d00	1049
de6c28fc-377c-4e4c-a0bf-25f6af6e5083	1076
de79e65e-2a18-427e-98ef-e31de89aca07	1134
de7ab2c9-29ef-402b-85b5-f1d6706bba1e	1053
de7b7895-7e88-45c4-8cd8-e6630351a944	1134
de895b2a-ea13-4ad2-bb8f-ce2bb2777db3	1056
de905f27-ce12-4bdc-bde3-4576d4760826	1136
de978392-fec1-41bf-92d9-7c17542ef117	1046
de9a915b-4d23-4d96-8ab6-546f22b173be	1125
de9b0a13-4427-4e13-9198-97be075a451d	1042
de9d406d-2b60-4699-b5c4-d393ead58163	1156
dea997c7-f3ff-4d28-b850-ad3c3fb1321b	1066
deaa7646-8651-4d87-b14a-36bdcf4f9023	2076
deb70b31-7691-4654-9245-8b23d115f8fe	1064
dec1d898-4f23-44b6-8b01-37afbcf410e7	1119
ded2a1b2-add8-4577-b61a-2a411f6454e7	1065
ded796c3-eed2-4364-a7da-a35a7d761727	1118
ded88904-eeaa-40af-baef-dda3eb7d472e	1004
ded8f70e-2b1d-441a-87bd-910fa0cb9edd	1071
ded8fedf-a9cf-463e-8d8e-b3ee61336110	1061
ded934f0-f130-4244-addb-49bf60659641	1070
dedb4c67-b429-456d-8fb6-ab1bafe5a818	1050
dedbc44e-9fd9-4a97-abb8-d8852638e0b7	1081
dedc0263-d810-426c-9021-b20f0614dd6d	1132
dee4f2b9-465c-423a-97fb-5b01faa7559d	1079
dee91fc4-88e8-4522-b813-27ae7fde6840	958
deea5126-6bf2-4e7f-9eb8-602d310bd124	1073
deeb1148-ce31-433b-b8bd-7df8f9d24616	1135
deee418b-1065-4aae-b972-49f5334335d3	1143
defb1a8b-e283-49c2-944f-11a60a601ae8	1060
defc7205-898d-48d3-8327-61e816abb975	1077
defd7eca-d9f9-4f00-b5f8-0930d09f3056	1132
df03514d-0940-416d-a66a-6492f64301f2	1124
df0c5ecc-9dc8-45b8-9837-6db96701fdab	1060
df0d84fe-b453-4f8e-b6da-a1cfeace7145	1073
df0d8ca3-5c7f-49ca-b890-ab916077cbc6	1088
df12958d-85c5-4d4f-856d-18c597c76261	1083
df14783d-584c-41c2-abde-239ee0f57f74	1143
df14efd2-17de-4310-8a5c-2efd6758c95c	1069
df161d62-08b7-4b31-a442-6157e85eeac1	1131
df16ec52-1ad6-44c2-85b2-000bad01995a	1082
df184f25-d73c-44ab-ba5c-d9acb6cfcccc	1139
df25f8f9-5fd3-4d9e-8f10-f5505e9b43a2	1075
df295591-90ff-4907-b40e-b122abddd74c	1125
df2b9aed-2ecf-46e1-9a06-41bb8810fc54	1073
df3b4267-2698-408d-a34d-6ae41af7b33b	1061
df402464-b4e5-4472-9092-eeeb4306342f	1046
df448f2b-861e-411d-abc6-62c53a6d4cbe	1132
df47cf65-a1e6-42eb-a786-19ac7789d7e1	1135
df4c4646-302a-4373-a403-567f6a4218cf	1132
df688475-40c6-4e5a-bdee-e6c263483f98	1138
df69c2f8-6534-40fc-9696-e252b03cf26c	1141
df701ce9-5753-4b06-b3d8-f912b831bd36	1075
df7379f2-82e2-4337-a362-98f622eb2380	998
df74cd19-bb99-41a6-b856-adf4243ecc47	366
df751c93-5890-48f7-baa7-703470a702cf	1134
df774d8e-c48b-40b7-96be-eca9d73fac50	1083
df79fcbd-7e11-4031-bfb5-26885db75a3d	1075
df7bb9dc-7e15-4801-a136-563954abad02	2003
df7cd9c2-21a9-4a95-ba65-134ee118bab3	1136
df7ee05f-0f64-48c8-ba7f-9b84a0a52477	1071
df81cd50-555a-4eeb-8711-ad6e3bf89170	1131
df8bf247-1ff7-4be5-bcf8-4552504a2054	1074
df8ef279-c705-46dd-9119-c3ec845d475d	1002
df95e824-4b68-4f7f-b33d-5dd483707679	1060
df9cb6c7-0f4f-4eda-9f3a-3f8d9fbab7e3	1125
df9ef5b1-4353-4d38-aeeb-6362b4a88efd	1131
df9f547d-0de4-4fe9-a5f8-c498fb250715	1069
df9fa217-ed62-4c1e-b8c3-b5687456b8a7	1073
dfa1761c-a3ca-4d28-b139-9857f27f4115	1144
dfa3b9c1-7071-4139-b4ae-b0089e078da9	1133
dfa5efa3-9b96-4a90-a260-c2f52804cb4e	1059
dfa879c7-b332-4084-b1c5-a045d00a3fc3	1126
dfa99d47-98e2-4e6d-885b-8fc4326cc1a7	1114
dfaad7ad-9066-4a33-b658-4ca1cc3819de	1112
dfaccfb1-33d2-428a-8c4e-ee56ecec2262	1066
dfb283d8-7185-4be1-b753-c39cbedf667d	1039
dfb71aa7-eb6d-44a0-8da5-395bd9c6a587	1042
dfbdf223-8fca-471e-8502-612987df84ce	1070
dfc4e00b-b452-4c42-8249-835cbbfa6d98	1078
dfc76a51-009d-42f6-8973-4dd4fe77a704	1131
dfd6ae25-ecf9-4108-8588-a39c01bbd168	1131
dfd6e93a-2b0f-4a03-96b1-aa13b9c1a5c8	1074
dfd7edf6-1441-4b58-8d13-a8c69c448435	1070
dfda792d-3148-4351-81a2-07d2a15f45a0	1078
dfda8fc5-cfeb-4a5a-bee0-78abe85ccb43	1133
dfdd6588-34e9-48e2-a7ed-84acd7016287	1115
dfdeb3b6-7c3f-4688-8372-bb0e48ed1d68	1122
dfe04dfa-e03a-4864-a51e-a4bcca5efe81	1356
dfe982bc-30e4-485d-a6c1-0ed54b3ce311	1075
dfea162a-247e-4659-92e8-70bd4c332caa	1151
dfebb75b-5f88-49ea-9242-887bef14431c	2013
dfefe7f3-35a0-4d7d-87ef-a86ecb0f05d9	1129
dff1ee41-4fc3-4549-8d63-d4849a51d74f	997
e0127106-3ed7-4e90-9720-9f4531a059cb	1069
e0135a27-7934-4330-a204-5db60ddb43fc	1131
e0148090-2712-49e4-8d5b-ae4219142b2b	1142
e015aa6f-71ba-42a0-a1d1-2a2637d5f9d3	1074
e0256d2a-b144-4f5b-a5d2-2601e3e9f5b3	1066
e0269ead-6839-49ca-939f-74500d7fe30c	1083
e02b2547-9ed0-483f-ad5f-95784e30199d	1068
e0450532-0c21-41a5-b5aa-d1bce2fb709c	1066
e04510e6-59c7-4415-87e6-e6a13363d007	1051
e0479210-c8c7-4020-920b-1aba694ec60b	1065
e0535131-ebdb-481a-81ad-f32b09644739	1144
e05668b4-c9b5-4214-85f0-95edd5647024	1065
e058e3ef-4a3a-44f4-94de-3bba15dbe201	1058
e05beb13-b985-486a-920e-df1351e2c22c	1060
e05c9647-6cb7-489c-8da9-87fa40649061	1108
e05ced22-c1a9-496e-88f9-366df9881d8b	1112
e05ff143-3c75-4aaa-8cc5-b9a1a78d3aa9	1064
e0616a8e-b2b9-4330-857d-9d1a67ed9dc3	1110
e061f995-7d1a-4fcd-bda6-8d5263d4a43f	1127
e063fa90-dc73-45d6-b379-14fdc05f2a22	1076
e06aed5c-a7ba-4272-9900-a2dfe5d9b877	1132
e06d8ec7-0c52-4235-91ee-a42d8c10a47f	1124
e06efa84-b0e1-46e7-9b71-46ba496eb465	1134
e06fd9e7-fc28-4a6f-815d-2f224666b886	1058
e0774c8d-a37a-4d43-a0e2-46cfc81b74ff	1141
e07ba803-ad15-41aa-8d20-eb9847828a0f	1288
e07bcab0-7ea8-4cff-82ea-78972559a587	995
e07d04aa-3688-4228-a99c-d6e1619119d2	1076
e07db64e-968c-439d-87cd-8eefba358fcd	1068
e0839f3a-a06a-4e64-8b90-25edb73c7844	2301
e0860274-ccb2-43b7-96ce-a2bcf950735f	1135
e087523b-444b-4219-ba46-6f0a8d640b6d	1130
e08814dd-2775-480e-be7f-1847a8e2d578	1076
e088c713-a196-42b8-a635-179fb2606276	1064
e08bce19-04fe-4913-80fe-28f0b28ab8d6	1071
e091ce93-b34d-46d7-8971-e784baf4423c	1136
e09429c8-b1ba-4efe-9dfc-61a87947f521	1076
e095872a-8a62-460d-b50c-8cbde8966576	1132
e0962c41-75f6-4dd8-b790-1dcbf5926f6a	1116
e09871ca-c174-462b-be28-5cfaf4bf3b3b	1129
e098b522-7828-40c8-b156-f463d37dd78c	1149
e098c5dc-33e4-4acf-8081-8545cf505420	1074
e098f654-49e1-4c4a-bcb7-2bcd19c0b71c	996
e09bd4dc-271a-4070-abfb-46c5ec7fa79f	1136
e09cde62-1eea-41d8-b3d6-7b78223fe330	1138
e09e55fc-60c8-4db2-88d0-0723150d666b	1059
e0a18cbe-e676-48c9-b30c-58d6f4af98ea	1067
e0a21969-9450-495d-a0c8-3ddc68262808	452
e0a5c681-bed9-417b-aa37-0f53a7c0d8ac	1954
e0a86470-cc90-460f-85d6-c43b3152189e	1120
e0ac5f3b-14e1-4d14-8ecc-85f805f606c3	1094
e0ae3b0f-a263-4567-b3fa-0e9c77e37cfc	1072
e0af19ae-c6fe-4a21-9bab-a52cd7c2151f	1085
e0afed3b-f908-4408-bb76-5ebb4598af03	1077
e0b8892f-6c7f-431e-b3f5-77ab8807d514	1060
e0bdc57d-a02a-41ba-8c5a-ef34d939de5b	1105
e0c8bb0b-ea70-45c7-af2a-1d3e3cb98283	1076
e0cd2f48-9b0c-4091-97f4-070812e94d98	1053
e0cd4af3-99e7-4c0c-a733-da63d6600dc0	1055
e0d674a6-3978-4e66-bacf-eeec18b660f3	1083
e0dbf829-cabc-464d-97d5-b6a0193f1209	1107
e0dc6792-14d0-449c-8f3b-9f430f6e2603	1128
e0e08129-6e36-4f50-8659-15f172320ce0	1075
e0e225bc-bcd7-4e93-8eb2-c50a3140bae1	1072
e0edd6b2-6367-43b8-8340-fd55233037e6	1071
e0f29dbb-e2f5-40fc-bb99-f2a37a7a7a8a	1108
e0f8fab5-0954-4635-9ff3-a3cdf7b6b72e	505
e0fe4c52-5395-4fef-a7e1-80843190c1e9	1126
e1000ba5-57b4-433f-bc23-41290ecd8633	1069
e1054f10-13e0-4c55-bc8e-313bab80bbfe	1073
e10593e1-a63b-4f87-a921-d0629196190c	1071
e107fe75-885c-4040-bd5a-939a223d8f99	1141
e113651a-6441-490a-acc7-d0e8a5f9ee70	1133
e1139630-a5aa-4bde-9b7f-38a1a64818b4	1058
e11536a9-aaa7-433c-bdca-47d2e1f5d2b9	1093
e1174e15-19f4-4307-8ae6-4b8ab9f4b9b3	1048
e11a06f7-54fd-4875-b9d6-1eb346cf863c	1045
e11a759d-8c38-4652-a799-d495a85adf8f	1079
e11c701f-4ecd-4786-ac9a-5197e7c047a6	1075
e11e2405-fec2-4f1d-8e2d-661b6db1a8dd	1134
e1236dfc-c6ad-40a7-9a1c-1d460f87eb7d	1131
e123bc36-772b-402c-af99-2e91b4d1ba20	1050
e123f5ca-43ff-4f91-b610-7834b6b77c1d	1127
e125a5b6-e61f-4524-b8d2-300e5881ccd7	1068
e12b9708-0aba-465c-8a53-7e43a477a18c	1061
e12dd3f3-a135-41ef-8354-529796ce7e24	981
e12e5809-4e22-4076-8116-edcb372618dc	1073
e13623f0-359d-4598-a91e-d9c4bf396afd	1071
e13783dd-a7d6-4bc4-ae59-be74b74c31a7	1053
e13e0013-257e-468d-8362-fe01e458c865	1143
e13eb4e6-6f9a-448e-86a7-d95ac64fcf6c	1139
e1402fcc-3741-4566-8fea-653c6b948ae1	1132
e141f9ae-26b9-4272-b6b9-bf99733f9167	1136
e1470fbb-7a9a-4cb3-8ba0-804e96c22f93	1105
e1486e0c-955c-4783-b127-db0663a2f5c1	1143
e14a4fba-e043-4c2b-a255-f1e825e38515	1117
e14c2f45-90a7-4a9a-bd17-fc16c473bbb7	1049
e150719c-6d06-4994-ae9e-e243092739dd	1173
e15f4a06-7c94-4d8b-97b4-478637e24cd4	987
e1654951-2559-4097-b37f-5709b727be87	1051
e16a70d1-361f-4ed3-8dc8-79d68c1b7141	1134
e16b66b0-6bd5-438a-a84e-0a07e13accf9	1136
e174bd41-7b76-41b3-a9da-85e51b2933e6	1125
e176211a-e895-4ce6-bf9f-64da84a91ca1	1119
e1765a39-92a9-459e-9e5a-879f082c9376	1063
e1798620-d1ad-4358-b50c-414aff65320a	1063
e17cc173-0902-4c37-8a81-0c0459e6f6c3	1120
e17dff48-7b03-4eb2-aba0-80656682ae05	1068
e182a2d5-1d0b-4c84-8eda-d84571ab1b80	2044
e1849c33-537b-4601-9301-03193f1dab90	1126
e1864a57-45c1-4c9b-b86f-29b59ce7067b	1073
e1874519-e367-465f-bcee-6698f05d5e85	1071
e18cf29b-4eed-4738-a857-65af46b50096	1138
e1974cc3-c1de-49c0-877a-6da63c0a6105	1141
e197644d-1ec2-45cb-8a9c-dc2f4f5a63b1	1068
e198e955-e6cb-4bee-9654-a4f083f8014c	1115
e19900aa-07cc-48d6-86ea-31e926491438	1008
e19b6395-176e-407c-ad58-67578496f769	1125
e19ff755-3a16-46e6-84aa-c9cd7a94b4b5	1075
e1a80724-6048-402f-9601-fce63c07f89e	1143
e1ac691c-18fa-4599-aa2b-a97d4888ceee	1055
e1ac6f3c-ed78-46c4-aa9d-1269718134d6	1132
e1aea181-9570-4285-b2d0-b6990b68277d	1075
e1bac411-7832-42d4-84ae-fbda2449277c	1130
e1bd4421-0ab8-4e56-8b41-d210ff8407ee	1142
e1c1aae3-57db-4b77-9241-172f6b15d983	1005
e1c50d22-8471-4a18-9070-618afbb95b11	1103
e1c97b75-50e8-42b8-80b7-3663f8593bb2	1077
e1d2a1e8-e9bd-4f9e-87d0-104a7d553316	1141
e1d645b3-5ee7-4c37-befa-eea64a2c228e	1117
e1d9bd07-8083-415a-a036-eed48428ac5f	1055
e1e45798-9889-4527-a54f-92f3669dedf2	1055
e1ed97cd-6f7c-47a8-a0f4-f438d082beb9	1074
e1eeca26-2736-403d-a94b-4196f90ce6e7	1131
e1f29b7e-d4f3-4596-b23f-73c576af3fd1	1133
e1f5d2e6-63d8-45b6-8c4c-24cab0ae9548	1120
e1f5f1d3-ec69-4d5d-8099-6dd735040c93	1134
e1f8a81f-2e8a-48f9-b8aa-cb5b814c7b54	1092
e1fcfa9c-fef5-4b15-8809-22e1d7639e99	1095
e201fbbf-01a6-4a91-b131-8e80dcf8167b	1076
e2025dbb-684d-4129-b447-ae9448722251	1064
e2025ddf-f8a9-4794-94cf-5f44eaf29e42	1051
e20e861b-379d-404b-8dcd-8823f2e44c58	1135
e213c6d0-3d85-4bde-bacf-dc33c8607b7e	1171
e219eeed-234e-43ec-ab2c-5319cbe1ffbe	1028
e21fa373-aefb-4a97-bb13-d076a8715094	1127
e224cc86-5138-489c-8fae-f0c882e364b6	1125
e225989a-ec75-459a-934c-8efebbc92b3d	1125
e22707e2-dec6-4699-9273-378784343db8	1133
e2294d22-5475-4e56-95fb-bee9be9437f9	1065
e22c2aa7-94bd-402f-8e9e-54ff9592d993	1140
e236c833-7b01-4be4-a0d3-c47d3481df3f	1034
e23a09c8-9981-4c34-b0df-671417e1d6bf	1131
e23d602e-7ef8-408d-a84c-72d1a8167f52	1124
e23e66cd-64f5-44da-aa10-c719cc182414	1063
e24004e4-24d7-491c-a4d7-4e738e03cfb5	1140
e2431b65-d681-4bbc-a9ae-e34e2ea72881	1069
e24531bd-d404-4e42-b1f4-29291ca285c7	1104
e24587a4-3e5c-4964-a079-48543a4307c4	1130
e2486e70-7226-4a24-b21f-de78a458cb6e	1130
e2500562-2559-4e5e-8586-245d91f0d674	1062
e25331ad-01e6-4337-a729-3304e08ce38f	1132
e254db7f-f41a-41bf-bf9b-a2023a75b35c	1082
e26017da-aec3-4234-8d91-d178d0ca5a4a	1078
e2616776-5429-4983-aab7-81e6a0ab0496	983
e26498a5-4531-4a0f-ac08-0c9dc5a935d8	1138
e2655406-89f4-4b50-b5e0-54b81bbc9950	1077
e2660de6-5054-4b50-a0b5-ef003afba02e	1072
e266af00-f895-4667-aa3c-2d039d65c50f	975
e26e1bcd-f50a-4027-a8a8-cbe79258fa90	1074
e270e097-6d1d-48fd-9c83-7166fffd02f8	1131
e271aa45-80e2-4e62-b751-d9dbc1770eb0	1137
e273484f-3710-4c9c-9ffb-a93625af9f41	1122
e27f170e-28c2-4a17-9e39-26d8080beb45	1139
e28487d8-d320-4582-b0ec-917871c2dd45	1074
e285971b-37bb-4f66-a392-ae8f8ad412b2	1073
e2886c2e-5af9-4a76-ace6-6a736bca7a2f	953
e28a6e60-f1e2-44f6-800e-90524812a3fc	982
e2918b11-7f36-455f-9331-5ae47fa6adcf	1133
e295a174-3501-40b1-bab6-1974cb25bdd0	419
e29fa343-8320-4090-83e1-cc8381c9ae35	1076
e2a62e73-c0bb-4256-84e6-c147eb4a10ed	1141
e2a68c65-87e3-4168-b11e-00e32f06708a	2155
e2a9b6a8-bc9e-439b-b84a-fb939e80e30b	1078
e2b11fd9-86a9-4963-8ec3-a72cdadee7bb	1127
e2b1e087-3ac5-46b8-b39e-909c745b20a0	1147
e2b23837-50a9-4675-95ac-d19b304643d4	1246
e2bf1af0-f897-4c98-8865-f962ca1d88c5	1080
e2c016fa-e3bd-4f59-860d-bc28f265c704	1123
e2c0f1ce-2f9d-4354-917e-6dd148aeac31	1067
e2c246ff-7304-42f0-bbbe-ff44986f9b8a	1057
e2c34029-cb45-4ef3-a0dc-02e45c29e164	1136
e2c3bf81-4b20-4923-9505-6e4c00490b0a	1135
e2c3e141-9c33-4d34-ae10-f2d7811733dc	1128
e2c409a6-e3d4-4dda-98f1-d27b9d791586	1110
e2c6271f-80b6-4519-a9df-a3d6b35e815e	1058
e2ca2154-c768-4ede-b0a6-f108172256bb	1115
e2ce7d36-bec3-49ff-b93c-576d29fa64fc	1059
e2cfe9e4-1057-42a8-aa41-520572b57a33	1113
e2d5f46c-02c7-4e5b-b647-d32f9bee297d	1053
e2d7fda3-25ef-443a-b7ae-6b3b5866978d	1067
e2d839f6-3043-449d-a272-5e515707f210	1077
e2d86d1b-5916-482e-9d6c-92e0482ef32f	1053
e2d9fd6d-d695-43a9-9db8-7965fcd5b8c6	1130
e2e06ec6-bec4-4c8e-8655-cd8baaa5adea	1051
e2e07ef0-29b2-4a81-b238-1824a59409b1	1381
e2e218ca-750f-4814-90e8-6662908dd3e9	1007
e2e3c472-167e-4aa0-ad22-45cbde1e141f	1123
e2e537aa-160d-46a1-932b-9fc2f2b1d7f7	1139
e2e636f7-a2d0-492f-ad42-db6a9da2ef1b	1072
e2e814ce-ccbf-49c1-b982-c01f2897ba45	1133
e2e8bae1-f983-4ab5-98ac-c4165ae95c26	1142
e2ec2b05-ee34-4093-ac57-e64d5fa129b0	1106
e2f0aa17-08ca-4a0f-b39c-cc131a439437	1048
e2f28c43-29f7-4b7d-a6fb-72d784532676	1095
e2f64a5d-f7e8-4608-af1a-8e1c8ff4b817	1077
e2fe9d83-5204-491f-9a10-49aebc4bcc31	1124
e2ffd0d8-e393-4ce3-b061-d2de7d21b2e7	1097
e3030602-0560-4bc8-b220-02e8a5a417d8	994
e3053fb3-0107-472d-ba3d-fdd722ea0f44	1141
e309dd96-d559-4387-9262-ef37b4f56dca	1140
e30c3278-a731-4a08-b810-f83ece190c9c	1076
e30f7e19-6ac9-4aa8-bcdb-3f8113241d89	1134
e3112dc5-e4da-412b-9465-f4f16b3eafd3	1163
e316e02f-4cc7-40bb-9634-7cda96d4f996	1121
e327b04b-2947-43c5-92c7-69abc2402634	1142
e32ca1fd-5c33-4053-97c3-dd446b74add1	1133
e330640a-d574-4168-b4aa-f0795abf157f	1135
e332e235-aa76-4043-b967-466613207641	1075
e3369e2f-bd62-47a5-957d-156b42b138f4	1055
e337fcb8-ecb6-420a-8071-85c993a164a8	1064
e33e11d7-f3fd-4cc9-8810-31321608858a	1117
e33f645f-9566-4b87-b5ed-8db6cc37277e	1077
e340b5ea-f22a-4ac4-9c2d-bbca1b116626	1067
e3433820-4ac8-4f87-ba1a-badd1e79b60b	1140
e3479845-adf2-495a-9940-2706533413e3	1183
e34de7ad-dee2-4a4d-b988-d55329b2cd53	1136
e3521c7b-8882-4014-8437-a5f722a80d45	1077
e35310ac-f7cf-4e38-9807-94f695adba36	1054
e35578b1-64e5-4ee4-b6bf-fe7c6324fbb6	1060
e3569b52-116f-495e-8938-bce920cd5bbb	997
e357c69c-cd73-4eac-b0e9-b1eb42150859	1129
e358f75b-ad61-4509-8fba-3828d83d11a1	1111
e363c7c8-df93-4497-b70b-fdea87a74149	1076
e36b7da0-7748-4eaa-b577-9bd50f8636dc	1133
e37543c9-bc2d-4bd8-be90-762a3930771a	1145
e3837789-8d4a-4004-8e23-6f4901004689	1135
e3876da4-01e8-4918-84f6-f4d783b3b9a2	1132
e387fa24-fbdb-4248-a034-4000d0c028ab	1074
e3883ae9-3939-4d03-9df9-57ae87cd3277	1081
e388ba94-bb9b-4852-a5d5-eebeaf452b74	1081
e38b90c8-01ec-4146-8520-5e0220f64aae	1138
e3970e2c-9b85-4a7b-988c-7ff26e958807	1127
e397bfd0-bf9a-43c7-8ec4-f40cbc1ccf54	1148
e39e1787-ca88-4dbe-a8b3-4156046addd3	1061
e39ec6ee-7719-433a-ae53-f9f9a2457122	1145
e3a38bec-7f54-4233-8bd0-1f20f0074531	1080
e3a59f01-a67d-444c-8469-b4e980d2b88b	1119
e3ab4de0-3043-4edb-97af-448706a5c779	1075
e3ace9ef-6625-475a-b935-7d89b874253a	2091
e3b6698a-331b-483a-9b3b-b0cd2f1ddd95	988
e3b7ec56-7445-4135-8142-305d67bcce73	1054
e3bec5e5-300b-4316-94ae-cedf3b839188	1071
e3c02ac5-59cc-49a2-b29a-bddae8e899cd	1070
e3c30883-3e59-40b2-8a96-34be608aea2f	1113
e3c62400-6eab-4027-a807-0c4bb66e8794	1098
e3d0617a-fc3a-44b1-86e8-34944fb82d7c	1085
e3d17f52-a897-4ad9-b9ab-e9089d287517	1081
e3d1eab2-8896-4fc6-a067-70c161482b16	1095
e3d2c51e-5309-46aa-afe2-3a62b6863545	1132
e3d4b5cb-41bb-4d81-8ada-85398d6530f1	1058
e3d83d5f-2152-4a46-ab7b-2f4edaed4517	1134
e3daaddb-ace0-47a5-b8f1-653dc27e337e	980
e3dc6038-c912-4088-bfc2-e95c803fbf3d	1114
e3df7f4e-61fb-4b5f-bfbc-c246baadbc82	1082
e3e2dd79-3b8e-4962-94e4-65aa64343b36	1077
e3e50f00-c57e-466b-a7b7-ab4d68da939a	1068
e3e9bd20-0218-4585-bb60-9a9c37e08cdf	1068
e3fc601e-b98c-4737-8d8e-96f4b9cb8624	1079
e3ff8de8-9f59-4943-8d22-b62a4c03d282	1079
e400586a-41e3-41b9-9c39-6ea6818bb28b	1065
e401d0ab-bb9b-4f80-bde0-37469202f94e	1132
e4031b9a-97b1-47bb-9990-9436ca497d61	1129
e408e304-6d92-42bb-89b8-ad8809b9f251	1011
e40c1720-85ec-4a34-898c-6be6a5fba712	1116
e40dc73e-8bab-4fe6-8414-b40765fc634e	1084
e40e7b9b-0958-40e1-9aa9-6cb376d8ed39	1130
e411ceae-21c7-4dae-8f24-d1e92d2a1f82	1134
e4145c8e-3bdd-4d1c-94ab-73b53aacf192	1069
e418e347-0a7a-4108-93c9-9a1545db0023	1056
e41a2f26-d3e2-41a2-ac45-c47ce3053744	1107
e423b8bb-deb3-46a2-834e-32864cc4ab3f	1122
e42641bf-defe-4d36-9abf-b4403f208af4	1085
e42ce0c4-1d70-4308-9282-80eeebc04bc6	1067
e42d1ee3-2e81-47fc-b706-e5badac3d32a	1062
e438a705-4e4d-458d-8f2c-76182488c17e	1140
e43d4899-f489-458d-964c-2ebd5fd5b1d2	1128
e43ea613-431c-4021-b357-e50876758cae	1070
e4411000-e5a1-40fb-895b-5b97dcc72bc6	1095
e44284bb-005c-4c4c-b056-4b1bc7a3bcdc	1071
e442b522-3cb6-456d-acdb-7e237808ebe9	1046
e4431cdd-93e1-4989-9132-a11a460d4a68	1135
e447a765-534c-466f-b05a-4dd5cfe344d8	1071
e44ad405-dc56-4266-9558-ba3bff0197e7	1074
e4584aae-f8c5-485e-9b7a-73f57a98ad25	1136
e45acb26-d3cb-402c-9a98-d092b2679976	993
e45b330a-cee4-46bf-8313-34bd7d8ec759	1058
e4621dae-6599-48f4-b26f-b28e6041dce8	1052
e4633782-d996-4adb-bb9c-69bec5f35112	1049
e467229a-4222-4859-a132-901fc5dd0780	1073
e46772c5-7362-4909-957e-67207526dcd5	1085
e4692b89-cc11-426f-9243-c518302232a9	1061
e46be70d-5a77-4663-b971-5510758b4153	1147
e46e2c38-1c90-4eb6-8b8b-375e73a18671	1045
e4743666-d5cc-4e6c-8752-468cc66f5f06	1071
e47c710a-c860-4292-8ef0-bb00a58c4263	1077
e48286fc-a52a-4da5-9bf0-77f06cf7eb60	1054
e48bfe71-fa1e-448f-9238-8892f9ca7c4a	1133
e491715f-7628-4401-850d-749f3f711f9f	1061
e492afca-182a-4fab-9ad9-0394d0aa9e60	1077
e4960777-c6a7-45e7-aeab-241e27b41cc0	1057
e4976631-218e-432c-8c68-00dc0d987f17	1132
e497b3af-c409-44a0-9bfe-cc8dfb8ba5cb	1071
e49afac6-9119-4224-ba30-082a8f29bb12	1135
e49e5b19-c89c-4e0b-a207-3de75d2dfd04	1053
e49fa277-bcf8-4b0d-97ea-df64377b5ee1	1051
e4a17592-8879-49bf-bd1b-ef784f64b15a	1129
e4a4f759-2432-46ba-b6b7-ce3c6721abd9	1124
e4a55976-0fd9-46ae-aeac-5f2605b10153	991
e4a88b96-ae21-4ba5-a2c2-d1b053ee12fa	1108
e4a8de91-46d7-4bdd-b8b4-c843e3d7f418	1139
e4abb792-8a25-4d97-adca-d8177b84d578	1069
e4abdb3d-defb-4267-9aa6-7b87f1365a9b	1116
e4b46615-d295-4b39-9c8f-dcbcda7a3d35	1067
e4b8fd72-ed40-467e-bd4b-930ea8031365	1125
e4b9f547-c417-4747-84f4-7677a33d12aa	1127
e4bab4a6-fa0c-498b-a933-1d59aac70b64	1075
e4bb4bea-835b-421c-bad3-93638bcbbc32	1070
e4c1d7f9-6f4e-471d-a9eb-e9e18c2efb69	2148
e4c2644e-e707-4fcb-830b-4647a06bb728	1129
e4c644d1-28dc-4247-9e56-64094d80d3e9	1135
e4cc3297-375c-4067-9e13-9d1afec8c284	1007
e4cc9669-7fc0-4701-87ae-13204a32d8eb	1068
e4cda1eb-aea5-42d9-9882-2d72a2dd284c	1082
e4d52845-2c33-49a2-b318-9ff40d14f914	1072
e4d6411b-ab15-45fd-b0e7-5832959dee71	1143
e4d6e9d4-469e-409b-9fae-95241a60f809	1075
e4dbb721-3174-4cca-b04b-9c58d96185c6	1138
e4de8583-6373-4702-8b52-42ece93d5161	1128
e4de9a16-1a84-4a4b-a264-bbeabaef4b4a	1068
e4deff45-d349-4545-b718-afa937634643	1064
e4e65f0a-8091-49d2-bb28-7e2932adbe1b	1142
e4e66385-3c7f-4939-8963-fba063c97259	987
e4e691bf-0412-4722-8370-232a18c2e63f	1057
e4e7fcdd-0f46-49c0-b492-a2bd3d214828	1139
e4e99323-3362-42cb-8b0b-d6653016851b	1137
e4e9e1c2-496f-4c92-b5c1-3860d5eb6c6a	1146
e4f71980-5648-4254-8bf2-ff071e67ca52	1124
e4fa1e04-9d02-4dd2-bc52-d14e273aa735	1128
e50004f1-919c-41f6-842d-f35c03e145ca	1062
e5008453-5483-4828-b5ff-54f1d6e7e72b	1072
e50364bd-86ff-4945-82b3-0f68d94815f7	988
e508a27b-9349-45d8-a8d0-c90f0affdfaa	1052
e509b177-5c9d-44be-83d9-3d64682f266f	1073
e514cf78-a8c5-447a-adf1-1814717d8038	1128
e51d25f1-64c6-43d1-aea7-2c7256734c5b	1147
e51d871a-5c31-4a88-8cf7-f1fedf52bebf	1125
e51f27ac-c86c-4fae-8b6f-d3ab8502f6b7	1110
e5202b99-2fbc-42ad-880d-37823a0a3ac6	1120
e5281a2e-6a3e-4bfa-8b8d-ac887085c6df	1070
e52a6446-2cf0-4f76-98bc-5a813bb985e3	1064
e52e2e5f-7931-48b9-b62c-0cba0f619cf0	1131
e5333f8e-31a1-4df0-a5b5-b96f7bccc349	1102
e53ad40b-abbd-4a95-9051-07b17a986203	1067
e53c2ca3-d3f7-4cf5-9aac-2ead276aeea0	1038
e53d212e-a938-4190-9c7e-dc1b49a1baf0	1071
e541b647-3d28-4937-abe3-7a536c58f4d3	1071
e54bb734-d794-446f-879d-94f21f9d5244	1087
e550a5ed-8140-4e61-8d9d-24d319309c76	1074
e552b4e1-dbe7-4d31-ac9b-3bcf3edbc066	989
e5561857-d00e-4832-b995-5d4a8dfdd912	1062
e55b0bed-4838-45ca-b52c-0171ea4a82b4	1099
e55c2552-04f1-4a15-9c83-46b3d7edae67	1051
e55c63d3-958d-48d6-b493-6c1a6514b73d	1147
e55ef7c1-103f-44db-8785-783c0a7a37b8	1068
e56257e0-7d34-4e82-8827-fb20313405cf	1074
e56441f5-8f72-4ce6-ab2e-46a015a3cf3d	1136
e564bea7-c68c-4ecd-99e5-cdd0a1744db9	1070
e5690017-0aad-44a9-bc70-0fad6b491e0e	1124
e5699a00-9423-4e07-bbd3-44b5cbafb196	1137
e569c27f-6593-4b8d-85b4-3b2d2a38f98d	1077
e56a34f9-d127-4ccc-81a2-fef9ca56dfb6	1056
e56e0113-049c-47de-a0e4-1c30f3322b8a	1081
e56fe49f-f758-4064-976b-fb83c1841dad	1077
e575643b-8063-4b2e-aaf4-70b12de8c2ad	1124
e578762c-4457-4561-9ab6-e12a9d9c89e0	1134
e57922a7-a6d0-45c6-b031-3d9622efb55e	1061
e57deae2-f5fc-4420-8e4f-3d194bb1344a	1062
e5869820-37d9-403a-9790-3b8ee28e325a	1068
e586dcd8-a91d-4cd6-ad22-08b47f98c0be	1057
e587127b-8b32-4226-bdfc-501f4305b9c4	987
e58df02d-81c9-453e-a7d7-2ce64973d3cc	1050
e58f7460-5734-4940-8ee8-5da15f182963	1140
e5935bd1-6008-4171-a655-6d7838cfda77	1142
e5967330-05e1-411e-b3f2-bc5f7cf7a4f9	1137
e5a06a29-c516-4796-a3f6-0254adc0bfcc	1142
e5a4c557-ec28-4589-a0fd-c2db8a1ace6b	1073
e5ab8b53-bcdc-4f47-bbe7-ec327657b7b2	1176
e5abfd81-40a5-496c-a567-e92a95cfc8c7	1136
e5ad04b6-a991-485b-831d-152539b44e89	1136
e5aecfe6-bc10-4348-b8cb-563a56b7be5f	1133
e5aed76c-c1c4-4edd-a6b0-ccf930bf93d9	1119
e5aef6de-bfbe-4e7c-948e-abe817c2e9e8	1077
e5b2692f-d4a7-47dd-a26c-f7e7c12061d8	1142
e5b36233-f920-463c-9802-4a5d0c91bfa7	1139
e5b88d3b-cfb9-44b1-8aea-610c2046d5fb	1362
e5ba6326-53d1-442b-8bd0-e2af1b7e4071	1070
e5bbf9e5-206d-4cef-970c-47b291da268f	1140
e5bc129d-c49c-487b-8f39-994d428a3c72	982
e5bfcab5-11a2-4314-b60d-4e37d2aab852	1073
e5c47f1c-aa5c-4c5d-b62f-21ccd1f07e59	1066
e5ce47ee-0ef9-4360-a419-e77863a72638	1058
e5d31fbc-71e0-45ce-b1e8-e54864a29b08	1134
e5d391d3-99df-41b6-aad4-25d4e8a34184	1044
e5d645b8-072d-44ca-9fe7-28d23c2eaa02	1128
e5d6b927-2e71-4b9a-9fde-692833827bb5	1114
e5d77d5f-9bac-4dd4-bf8f-0bcc8a4da010	1066
e5d91fa4-d81b-4c9c-b03b-1e898a3bc38c	1134
e5ddb3f7-84f7-4b52-adef-cf9f03cfaa65	1135
e5e30e62-7606-4792-9cdf-04cd35df09d7	1132
e5e6e588-f4bf-4463-a174-b0d546774bba	1131
e5e83dfb-5295-4cf1-91b8-a8825a069bde	1125
e5e9209b-4622-45c6-a020-f0594b98223d	1129
e5eb70ce-25ad-4f3b-862f-2624b00ae845	1133
e5f609e2-38b3-4673-9215-7efe6058907f	261
e5f8d46c-7205-4666-b70c-bf987c7ff438	1083
e5facd12-7a4e-42fa-a4ca-67f44ee11f5d	1057
e5febe82-a713-4fb3-9260-5fcddaa1e5af	1101
e5fec6ef-f1d9-48e8-93a5-7b2edf0d6d67	1148
e60c1be1-8572-4a01-9fcb-4c82b8276b3f	1098
e60c84fd-b147-4030-b3e6-2e200b0844a9	1132
e60da6dd-55f2-4292-9c8a-79114f9ed2db	1078
e6143e8e-0033-4a1a-b9a9-0e333b9dcb61	1076
e6194635-23b3-40b7-b2dd-82e5e75a6d6c	1147
e61b5556-7c1b-4ce4-83c2-e4f09642d494	1069
e61ccdb4-7ea1-474c-a156-03941115923b	2076
e61f990a-589d-41a9-81e0-4a4cdb947228	1130
e625d2a7-ed75-4b19-924d-12562c0dbe1a	1051
e6299c9c-6e12-4c20-beb9-c14a97261463	1131
e629a875-c7f6-4aa5-bae6-c89d54f7b705	1142
e62a1121-2306-4c3e-a50b-2d7def0d81a3	1132
e62c96ef-8dba-40b8-ab20-acaf1f56bc54	1130
e631b4c8-c243-4dd6-8899-90b3eac20e2a	1096
e633a0e0-5af9-4ee6-8282-865295dd3842	1066
e63473e4-b5e6-4fa4-ab4a-b465e74d5cc6	1077
e637a8b9-b999-4c1c-b9b9-f5e97d198746	1004
e639b1b0-0d58-4b47-95df-6af077850294	1045
e63bef4a-7baf-4180-8880-d879231ad1c5	1080
e63d930c-6642-4f62-8a95-0128b5a240a1	1064
e63df882-0d70-464a-a3d6-758ebb66aa5a	1130
e63ecdba-dc6e-4b49-a1e3-781822d45fd5	1140
e647b728-8f71-4f58-a1fd-720cbcbb4a3b	2144
e64aa1c4-8316-4f15-8b0d-9388fbe17a52	1121
e64aa48f-9450-462c-abef-8e08476888fc	1130
e6509b7a-e132-429c-b785-7f8a57e246a9	1116
e654e58f-db34-4d46-9743-035b6f5c88c2	1072
e656c637-921d-4c70-9d2b-f52893bd0fda	666
e657eddf-434d-4802-acca-c2965e05c11d	1093
e6582399-70e6-4daa-8758-7c9f8ea5c47f	1082
e659db95-1b09-45b9-bcf6-34b5cae66bc9	1122
e65a56a0-3e4e-4ac5-a8d8-66f81ffa9f1c	1074
e6609933-583e-493e-9665-410c33f9ef95	1134
e6693a07-3f75-4e6a-b70b-151c86364c88	1123
e66eae63-2ff5-4b98-92e1-f1c5155de557	1070
e66f3ab6-744e-42da-818d-8919d1d0c6c9	1129
e671d74e-5987-453a-b96b-c94fe19ef005	1079
e6749d9b-fc6c-4b73-b6a7-cfd0568d6f2d	1135
e67c99e1-75c7-41b9-8068-ca96be6e2504	1058
e685ddf7-acf9-4d7d-b74c-00967e6a4207	1073
e68c9403-885f-4167-a7f6-aa871045dba9	1070
e68f8d38-c2cc-44c2-b795-87552a6dc7e3	1123
e693fe00-0e42-4bed-8345-6ea8af8ec95b	1131
e695bbcc-9872-47ff-ac58-2138112bf62b	1132
e69ad1b8-42d3-47c0-8f7e-3dc2135ccc56	1125
e69d6572-d394-4b56-b2c3-fec8713c35a9	1137
e6a48a4f-99a1-49b3-b09c-7e4a2ef1eaa5	1138
e6abdbc9-0c56-43ca-93dc-773cca1922dc	1071
e6b1623d-ee45-4afd-a157-c94b7e97e0f1	1077
e6b64e1b-a3af-439e-975c-e3578e70459f	1064
e6b7ea12-00be-46ff-937f-3a990271e8ec	1082
e6bb635c-6ff1-4abb-adb4-d84225a79cb8	1071
e6bba9a5-ca15-4b54-adcd-bb9e95c0da61	1132
e6bbc96b-15f6-42a8-94e2-8b71cdb0f36d	1069
e6bc0b5d-4f2b-4506-a04c-82f27f9e9e89	1051
e6c016fd-f28f-4a7b-8cf6-81ca0d49fc64	1051
e6c1e7ee-6365-4661-ac02-1033c598ea2a	1138
e6c2d587-6791-4eee-9ba3-b1e54b4c5bb9	1132
e6c6e77e-b63e-4dcb-a9a1-077d762810df	1078
e6c760e2-77bd-46f1-9125-4d5da47d60ec	1050
e6ca439b-732e-40ea-8e1b-891d007972ea	1071
e6d1bcf8-13f7-45c5-a990-51b5cfec0cf2	1063
e6d22c66-3c58-4026-83a3-d0d1b412f664	1075
e6d423df-e19d-427d-ba17-616202aac8ca	1141
e6d4d0d5-253e-4a65-9259-796b82a56dae	1071
e6d4ee1f-aa0e-450e-8f86-05f7bed06d03	1070
e6db4a86-b3f8-487a-a97a-9ca5f226e9aa	1136
e6dd9a3b-9a7a-4ea3-8fdb-a8047008d25c	1134
e6dda66a-9178-4033-a153-d9af4b0dc4fd	1135
e6df2844-3736-4270-9e63-a1e9ac92f312	1074
e6e13cfd-6001-4908-9d62-06cc3f86b698	1324
e6e5f277-39d3-4698-adf4-b3967ada23f8	1075
e6ebe3d6-1753-4f7f-b6b4-a9364dfaebcf	1065
e6f9829f-4b50-4122-b839-6eedc882214a	1141
e6fa4fa8-aacc-4531-9fd2-39ae82516dd0	1116
e702c052-8fe9-42f8-b9ef-7aeb0cd311d7	1057
e704d9b9-143f-4865-b32e-96036f9294ad	1075
e706bc20-80b5-47c4-8ea8-1509fc1a816c	2053
e70b8a75-bfad-41d5-a125-efbf40c99d88	1056
e70f25f6-bf1b-4f69-b0cc-ea1e4056bf90	1058
e71310ff-f656-4e10-8dcc-e1ed00cccc32	1070
e717ab55-fca2-4c50-89c7-710224b1d745	1119
e718250e-5819-4ed4-b0fd-e3753ee46688	1051
e718f8ca-52b3-4bc3-a243-8bd742198953	1067
e71b5c30-6fe6-47d3-99e9-69f65976ef67	1109
e71b5ee1-e882-43c8-a913-6e87dcf74f05	1141
e721567d-5796-4198-be76-3435bb390c9d	1076
e728f34c-ad35-4f04-847a-37e009aa4e75	1120
e72aa44a-63cd-441f-a336-7a9ed1e16dc2	999
e73272e7-b1f4-47a6-ac10-b7b755711c7d	1058
e74114c4-1b78-4690-91aa-04a48412c2cb	1120
e74267a6-8a60-4c49-baf2-bc01e1daca59	1092
e74a985d-99f8-456c-b0cc-0882923030f7	1055
e74cb60e-42ec-4e25-b41b-9b5e2eb8d94b	1135
e74f823d-8627-472f-b94c-643846773915	1075
e75a7940-3af3-4ca2-a467-4be6c78f4c6c	1075
e75c0e13-8510-4bf3-9ccf-af36494d1984	1081
e7635621-9acc-4c5e-8e14-ed1253af471f	1073
e7644d2e-2bea-453c-b02f-3902f116b6d6	1073
e764f9f8-f792-4d6a-8230-1106adce23b7	1043
e766d444-25c6-4bd6-aa9e-309444e34d93	1097
e7670111-3646-42d8-b6a2-2d4421010f85	1077
e767953f-776d-42d4-9e5e-e1c5c2f369e3	1058
e767eabb-fa6c-4d79-8b47-b996f8771b56	1078
e76cb3f7-0386-4910-b357-c123ecf8384d	1140
e776e72c-674f-4063-985b-2411fc2f94b4	1080
e784d35e-61f9-4f28-b0e5-068395715f41	1060
e78f773e-2a73-4f2e-a5c7-30885b3db053	1068
e790a079-722b-49f9-998b-900978897a15	1050
e793b45e-5dbf-4eb0-9328-35db26aeba3a	1130
e793e028-562b-4644-b470-e13c92b38fae	1073
e7949472-ec2d-4d33-b674-7a8d45696f40	1134
e7998841-f22b-4858-958d-0afb96a9df0b	1130
e79b3832-d159-4c50-8b08-4b703462d4a3	1074
e79d1b1d-6a8c-4233-ba45-810b9af08ebc	1131
e79e0ad0-0c79-4c68-b28f-25c5e9cf7d00	1141
e7a13393-0b20-4936-ab6c-2d446602c200	1144
e7a1979b-cc9f-486d-b8cc-858ebdb56a3e	1129
e7a92946-6cdc-4bfc-84fa-be626e1c6dde	1001
e7ac0c2f-0a13-4a9d-a9ad-533c745bd030	1069
e7addca6-6e52-40b6-aee9-14672926e4ce	1083
e7aebd09-e9ee-4b8e-8845-23ce7f3b6dbd	1078
e7afdecf-7a6b-4076-86c6-d7dc26c329cd	1075
e7b730d2-cb84-4971-9c59-2d75a68c7089	1085
e7bd8c72-250b-4349-a4d6-2d7b0b9465b1	1137
e7c0fe64-5bed-4dfc-a222-15f51531b905	1067
e7c57a43-c201-4c76-939b-31cd0c6ef6d9	1073
e7c59731-e0e5-4785-899d-dc1f8f1a9979	1084
e7c5ae58-9eb5-4204-bef5-454e383dbb12	1133
e7c8c27e-e685-447c-9741-6e725266e386	1142
e7cb086a-7967-476b-ac8f-4f159fb52f8a	1066
e7cd1650-d3bf-46bb-97cf-0c8aabc67629	1049
e7cfc587-97db-4874-aba9-4d93bd6bab4c	1083
e7d14b7b-977c-490e-b88d-884fdeb44543	1080
e7d48556-3f54-48a5-be56-a8b20e1008cc	1138
e7dbea15-3d58-480f-b071-66f77a2f7acd	1080
e7dc8e3a-acfa-443d-9255-b5730aea163f	1082
e7e02dfe-259b-4ac4-818e-3f8cc085600e	1084
e7e06ce6-2924-4930-ab4b-7ecc39b9aff4	1130
e7e23cca-a9f6-4615-8c5d-98315b01e085	1124
e7e3d4d1-c031-4bd4-920b-6c98863c0d86	1098
e7e43392-8ea4-42fc-b0d2-44180cc5c614	1072
e7e96cf1-66a4-41a0-b752-e44124306f49	1079
e7ee3290-8db6-4dfe-ae17-2c752374bc10	1067
e7ef81c7-0b11-49dd-bd07-a9892215c58e	1136
e8000b07-6646-4e12-879a-8683a76c08ae	1138
e805ffb7-7e74-4afa-a774-92cbad87bde7	986
e808245f-c690-4f27-bbaf-23ca5ea65f32	1067
e809229c-3cb6-43f4-8a40-712814990fb3	1134
e80a238a-dc9d-48be-9b59-cd0f0d6c7a44	1065
e8105b60-4934-4aae-9166-7440e8fd7a80	1098
e8106b9a-3b16-42f1-b70c-2eb5496d6d30	1033
e81465ea-247a-4d98-bdcf-a988a6fae422	1076
e81513df-d0c4-4758-8d48-c497f6e80401	1112
e81540b3-5f4f-45eb-93dc-263effb7e5f1	1068
e816b86a-76ec-401e-8059-ff7e8fa9f1ad	1114
e816e54a-6d06-4c2c-b7f3-e7e15105d742	1128
e81a5c19-1d7a-4883-a2cc-d41fb27d5867	1134
e81cc387-1c88-415b-ac02-595f3da82b03	1070
e81ef704-9cab-4327-8aff-4c29b626c2b1	988
e8203d69-9f2d-484b-b520-af8052848c84	1049
e821f991-72e1-4529-93aa-f5d6d58cf735	1132
e8237d64-ac08-45ef-bb54-29e3575c862c	1128
e8297b01-78da-4886-bc5b-b0b1d196946e	1136
e8304410-e597-48ab-ad06-2cdae18e37d6	1082
e83916a3-aa80-481b-944e-0cef844f068c	1135
e83a9e7a-0a4e-42a2-88f5-e923f83227aa	1072
e8401a22-0432-4be4-baed-37f2dcda1940	1071
e8438336-bb2b-462f-b8a3-a1c350424301	1075
e849927a-d66c-419b-a67b-90e478c98a4f	1151
e84a4ba7-0761-45c1-aeba-b0db8e0b111e	1139
e85835fb-7ecc-4ad0-8cf8-87c0ec9ea204	1132
e85ba4a0-c04c-41da-a4e2-c30b59615108	999
e85bf624-dd28-4118-9ca6-6e0c47e00059	1050
e85eeddb-c616-4eac-b032-a617c574ee9a	1067
e869cb00-1945-4973-a97a-2d64f55fe68e	1133
e8739286-20dd-4293-a920-622bac584373	1121
e876c284-d690-4b6e-a457-bfa4e3c59bb4	1075
e877bc6d-f774-4ab3-94f9-f46daa373b83	981
e8798ae7-c6f3-4dc4-ab58-ef18a1badaba	1070
e87991ab-70bc-488c-9009-fc7ee4a8dfda	1115
e87b1bf2-ee26-44cf-a6f9-5a1c37d067c8	983
e87e401a-c340-4a3c-95c1-da7a709edc1c	1075
e8807835-129b-45eb-8af7-7f11f6eaff62	1130
e886e760-8ab3-4262-9525-4fef057444f6	1142
e88a5cd6-9dcd-414f-8fb8-945fa0a812e8	980
e88d61a3-76f1-4763-9bf6-c6a54d26b59a	1132
e88dddb7-0b16-4593-bc55-af1a8e5f6fa8	1589
e8a8b591-4f21-4099-a223-f936616ab4d2	1095
e8ac2f9f-ce6e-4dac-a3f6-9f7998ccd0cf	1051
e8ac3bda-48ed-48cf-9f3b-b936f7fbd186	1128
e8ad79fa-b94c-4b50-8950-595279b3b33e	1071
e8ade609-df9d-4076-8a1e-c1445c924279	1135
e8ae44ee-6239-4bc6-a826-cf5b80dc3a76	1125
e8aefa64-56b9-44b2-a20f-2bee3b4081cc	1094
e8afe414-aca5-40bc-8d02-c41b79db7038	1084
e8b6e8ab-e762-4eb5-a699-6a7084ccbab5	1065
e8bbc35f-4544-41f4-85f2-e0135cd96634	1067
e8be1de8-9752-42a1-a3e9-e525cf129b6b	1240
e8c49a4a-44e5-479e-89d7-d0216cecdede	1086
e8cc83e4-8ee1-438a-8f9e-3d71cc1599ce	1049
e8cff248-a203-4f96-8bb2-179251d6278e	1134
e8d04494-e411-43be-960f-e1c83e0557a7	1072
e8d43207-3ef8-4e33-a556-49107c27c3c1	984
e8d44c46-8edc-4f8b-976b-295e2bfc2784	1147
e8d5b6ca-ef23-4210-87aa-ebcfa680a863	1087
e8d70807-a10f-4e57-b225-19d41a09d0bf	1077
e8d91227-b5a5-41b4-afc1-0ea98191bbc5	1132
e8d97b3a-87a1-4671-a5ab-45a5de10b63f	1130
e8de8009-c919-4d9c-be27-0d9dd386f067	1115
e8e22c48-ff78-4cab-a3d4-7cd74cd59d79	1136
e8e3696d-dfc5-4dad-822c-9160f37eab80	1082
e8e536b1-f375-4162-986c-c4cad1b92877	1132
e8e7417e-a31c-4c63-ba8c-80c3604e3ed9	1119
e8e75b68-1e2f-4001-be8a-9257a4e6b222	1077
e8e8c203-c970-42ec-9d5a-076ecad77133	1136
e8ec4001-1dd5-4e74-bd14-46851e648d7b	1136
e8ed23e4-68cb-458b-bbe4-3914df15a142	1052
e8f2781f-1360-40e7-b73d-840c4f4ac4ad	1074
e8f3a7bd-0d46-4cf9-820e-9706e2ebf82c	1003
e8f5255a-8134-441e-8a57-1d9b1f19e65c	1133
e8f6dc40-00f5-48a1-b4dc-ba9a91b44069	950
e8fa2e93-6d1a-4d7d-8a8d-52d4b7ae6f1d	1060
e902ff95-5a76-4b6e-beae-081fa197af3c	1135
e908ea89-a3e8-4cce-880f-23175dc722d4	1144
e9095235-818d-4f84-81bb-8b0496ab153f	1046
e90f3f32-c555-4e65-afee-45d4f0b27584	1137
e9117b90-7b41-4cb0-b935-5cbfdbcc8ebd	1122
e9197356-b8ed-49e0-b2be-d6ee74c2b143	1077
e91ce509-39ce-4c1e-9e03-d3fbc4fd9209	1121
e91e33c9-53c4-4c83-b40a-0af48a1614b5	1136
e91f7597-6dfb-4cb0-829e-506bd3de750d	988
e928789a-bb9f-4ba2-9a40-8f4e6e034a36	1049
e929848d-aba0-4be8-82bf-22e497aca29c	1126
e929c40d-a1c5-42b5-a1e5-20b971e611db	1145
e92a3b18-c3a6-47c1-9cf8-5b816e3fa713	1134
e92ba8e4-6008-4a24-ad18-dea5101545b3	1123
e933b4fa-6133-491c-b241-bc744ff071ba	1127
e93afecd-11fd-4ad6-ac10-b9f4808332c9	1073
e93b1455-7ddd-4929-8a4a-363be1e873b1	1063
e93b1fa3-7de9-42b5-8134-48f87d3225fd	1069
e93dc133-5c12-4ea7-b252-3961f88faecb	1083
e943ecd0-6a36-46f4-9913-b7a00e3888d4	1050
e9447530-dcd3-4ad9-a167-62b0a60adc1b	1143
e9454bdb-c746-4e7d-8fd7-c67710c9058a	1148
e946b02c-519f-4247-ba21-2922b65e5ad7	1048
e952988d-5271-456f-be20-5c896ca615ca	1112
e9563ea4-19b7-4a10-a647-441b9c6fed37	1125
e956912f-54d5-4c97-8922-bd8866ffcccc	1071
e958f49f-4ddb-46f5-87b8-5df753628d36	1113
e95a243e-41fa-4724-a5c7-d0399d321679	352
e95b5c39-d523-4246-bcec-dd113a493349	1125
e95b7644-83d0-4ee6-921e-603c317beb2f	1071
e9622a0d-bc53-4972-9db4-6fea89d4a73e	1134
e9642ca0-1018-467c-943d-4b8a2baaaa8c	1133
e9661225-acf4-4655-ad9e-2d51e6443ff8	1137
e968a041-0a1a-41f3-94dc-e1b81510fb3b	1139
e968f22e-c3cb-4215-8cdc-11d1e319c6c1	1058
e971b6b1-7a3c-44bd-b0b6-3bfc0e117e19	1081
e974b0fe-60d1-44e8-a596-1aed9f683cc1	1059
e97b0c29-1682-4e2a-a928-89e48a716fa6	999
e97bdb0d-3c02-471f-a092-1c2c17625192	1045
e97eb392-d9db-4b7c-8c6f-cc69df2389eb	1132
e985b690-bdd5-492f-a768-4904fc592335	1133
e987b2e3-ce9c-4779-a47f-29ff88ee720d	1074
e98b482c-5994-40e3-96fc-182f090d37f8	1046
e98c5df3-40ad-4f63-8b57-ff75b2a0d2ff	1136
e98c8fac-b4df-4faa-9b4c-9337c3707108	1075
e99004c0-9667-4a13-9f58-a21d224fab76	237
e992d5f7-ec1c-4ef5-ad58-cd6a24ac9f3d	1069
e995ac99-c288-452b-aa14-ccb62627798f	1072
e99bd176-f7b5-4348-a6f7-a9473f88bbfa	1051
e99fb8dd-a69c-4edf-864c-a46573c8bc95	1131
e9a73844-14bd-4e26-a88c-18ab35177c80	1081
e9b3d1d9-ee63-4ee9-973b-267b6a1f67fb	1126
e9b54220-da8a-4eb1-9c6b-d826d55b53be	1048
e9b5751b-963b-4602-ab17-64643cdbb6f9	1144
e9b92697-fc76-4695-9063-24b0f89e53dd	1133
e9bd07ff-9429-4644-a80e-e937ff9e249e	1064
e9c1885a-168e-4a02-985e-3bbc3519e0a9	1056
e9ca5246-f86d-42f7-830e-f6b0a97d4fd0	1064
e9cc011b-9adf-4df9-895f-70f69edd7a41	1071
e9ccd136-7dda-4c82-9eb2-074be7360a02	1084
e9cd311d-b8ef-4b21-9833-b9675ceb6ccf	1126
e9d6ce73-08ef-4154-94d5-4485007acb0e	1062
e9dd278a-8e91-4d16-bc0d-3384c20801eb	1071
e9e43e6b-6223-460c-99c5-6bdde0d3ef8f	1072
e9e693cd-1242-4617-a9fa-4721dca4f006	1138
e9ea71eb-60a8-4b00-b0bc-3cf1b5e5af34	1131
e9eac8c8-9f2d-451e-aee6-354556246cb0	1040
e9eb34e3-a6cf-4f1e-8148-3c62e940f050	1069
e9f06f09-dc1b-47c7-9d05-ab1be2070679	1042
e9f498be-e007-44fc-b804-3763e53a89d0	1063
e9f765db-0476-4bdf-b224-a31e4cdfe5da	1072
e9f940ce-d6a7-4066-ac7f-48ba577d3fc7	1047
e9fab9a7-dd05-486b-b8ba-ebf32d133ee8	1134
ea015ef6-ede7-4cb4-ae28-92a37a6121a1	1080
ea020a15-5da8-4e30-9d26-11a33abf1060	1055
ea067d99-bfea-4ac2-81fd-dc861cfea533	1069
ea0ac50e-f9f3-4498-8e8d-55c141b8c9e2	1136
ea0b6571-1dfd-4c49-8858-abdac1ce2bc4	1144
ea0b9310-eca3-4a0a-ad90-40e8dabcc129	1137
ea0bd98e-77e7-4bfc-b356-95f6b121b73b	1075
ea126d77-f33b-4136-a11a-9982e8727f0b	1091
ea131359-2acb-42b3-b48f-699edfc9c21b	1069
ea1554f1-4d73-417f-a9d5-368fd6996e59	1075
ea20fa93-8309-44c0-a01f-309d18468c65	1140
ea22ac44-ddc3-4167-aae8-533175a243fe	1339
ea2937fb-eaea-43a2-b9be-4c431ae7e991	1120
ea2b224a-8bc3-4a6b-afc6-47b2e60a5fd1	1072
ea359015-12b5-4c4a-9cd4-32712d2f2d31	1142
ea3902df-a1b7-4fd8-b5c0-23a2e93dcd9d	1061
ea3d1619-8493-4d86-affe-0e98ffd1f1ae	1131
ea49035b-47e1-4d8c-830b-4c0df9101694	1126
ea49c538-1ca4-4854-8df4-f4108158fbbb	1060
ea573e1e-75de-400e-a97f-c6b8f518915b	1137
ea578c4d-bc77-41e0-b162-84a8d99e08b9	1151
ea57f669-0fd5-49ae-9b90-eff3d180d9d5	1066
ea5b9803-9903-4242-a74b-eb89ba8aac61	1081
ea5d2367-49d2-4522-b465-83dccb4cbe7c	1134
ea6050a6-1a64-4835-b460-549575136b96	1140
ea6361d6-0d61-46bc-bfe2-9322d0fa771b	1059
ea65f760-83eb-4f2b-8ba9-80710f17e0b1	1075
ea696344-c05f-45fe-90f2-532776eb615e	1079
ea69f835-3de1-4c32-a7dd-6384d1767c2e	1079
ea6cec7f-9afa-4e15-a6b5-a1c717a93e42	1069
ea79969f-9059-4c48-9a21-0ffc8c475c2e	1140
ea7addb1-fd83-4776-9a8c-311963e691c3	1056
ea7eb738-980b-4889-b6e4-73503473fab5	1083
ea84057d-95af-4657-86ac-c8be858c6313	1081
ea8a3787-6fea-4998-a6ab-b8987e9a245e	1075
ea8fe4cb-08ca-4608-a75e-409b9adb67f3	1049
ea97795f-09ca-4f8c-af3b-3727980eb427	1070
ea997bf3-d7bb-436b-9f02-0a51d1e28c33	1161
ea9f1485-ad07-427e-ba04-ec41c6472aa2	1073
eaa245cf-c5ea-4a4a-bea5-d8a5f3bd579b	1136
eaa974e5-7994-4ee5-989c-a735166562cc	1134
eab2c99e-024a-445b-8922-cec679b190b0	1140
eabdb6fc-ab68-4bea-a57d-fe50efe591cd	1115
eabe975c-a4c6-44c4-a20c-d9e49dcb55e5	1097
eac07b96-03ec-4aa5-98f9-ef20f13eabd2	1049
eac0bed2-0670-40fe-85c1-8112e339f0b1	1057
eac94440-737a-4150-b608-1c9820544b14	1042
eacbab1e-7f11-4e40-942e-160c17a742fa	1141
eacbe711-0b1a-46c7-9a28-f5f1545276d7	1077
eacc0106-93df-40b0-ba9e-ded2c28d02e1	1132
eace7dfe-5dec-4f29-8852-498efdc87393	992
ead104aa-feaf-4922-9aff-32d9c8d67cce	1531
ead8494d-7d39-4d61-8f47-db0e4d2722d2	1037
ead89863-d829-414f-838c-27fe128d86ba	1066
eaddee90-83d7-4d26-abf3-b775da2058e0	1133
eae0678d-9cb5-489e-8582-51f3b30a79c9	1070
eae104f3-943c-4ea6-a9b5-b62c5d7868da	1133
eae5cea3-c563-45da-ae0f-289b4e374a9e	1117
eae97ba4-c6ca-4ef4-9b45-1705cbbfc254	1062
eae9bebd-a97b-42a3-8d8b-3ccf507357e5	1074
eaecc28d-d34e-47ad-9f15-db6a24899a53	1085
eaee4493-20a8-47b9-8215-34f69e41aa83	1066
eaef24f4-a50c-4a33-b9ba-94dd4c394593	1135
eaef8d88-6a9e-4899-a1ae-fb4dff3a8401	1142
eaf02b33-dbf3-43f6-8081-5a9441adda05	1107
eaf2e3eb-b813-458f-a7c9-39d3bf9c9159	1056
eaf5c22f-28d0-4fa2-b81e-fed31578950a	1114
eb00cd66-400e-43e4-810e-bfa1ceae4fd6	1136
eb034842-5acf-4f38-95ec-afd1989ad67d	1052
eb040877-793e-45c5-8cc2-d064bd4e706e	1139
eb051b47-7841-42f2-b46b-8f42854d8ba9	1194
eb0d894b-494f-4b38-81b6-c12ff3dfbecd	1077
eb10075b-8147-4aeb-8e5b-7ce3d9ecdc10	1118
eb116a23-b50c-48af-a73e-1d271f819497	1141
eb18acc0-0d72-4ab8-a73b-9426f7429ea5	1059
eb29a838-b7e8-4002-8ccc-96b13c0d24e8	1067
eb29d259-a4d4-436b-850c-248665e6ef8d	1078
eb2bec80-f737-4800-8e29-df6cdf3e7ea2	1130
eb2c0b09-0b9c-42a0-8347-7d6d008ee48e	1128
eb38de33-0971-4050-867d-b0c131d19396	1134
eb3aa178-29a0-4359-800f-6bd03ab9c240	1115
eb3b954f-32b9-44fe-a91d-8284e19bf00a	1138
eb424756-d7c0-4da6-b3f6-f27133393368	1137
eb4261b5-51da-482b-ae41-8f01476c3ccf	1065
eb435b6c-6131-48a9-a4ad-2e325a85b143	1078
eb455a5b-626b-4e77-9845-e48c33f6cfc3	1150
eb4fc1bc-0d6a-45a1-9f6f-8ac5bb34ef1a	1128
eb52c7d3-6aa4-4a57-a5cc-954c673879f5	1125
eb534553-ccd0-4bbe-b986-90fcd1eee29b	1145
eb59793b-15ed-47b9-afff-0fd3f7c8d450	1053
eb5a5266-1e2b-480f-b0bd-7d4f3a9604a0	1136
eb5b8eda-bee0-47d2-8d4b-3f612d2531ed	1068
eb5e4e0c-96be-4cab-873d-69368d82d504	1126
eb5fb2c8-93f5-415f-923b-f2f6ffdc1d6e	1131
eb605590-d974-496f-ad92-ef0726c20499	1057
eb63f382-0483-4951-a95f-f785bba8cce6	1060
eb6717ca-ef8f-40d1-aca2-28069ed14904	1288
eb6a3384-3323-4039-bbf9-c10fb355cddf	1126
eb6dd9f4-d3c6-4f47-8994-242a5ed3a9c3	1131
eb705a91-fef2-4b70-9b27-ab847cfd0128	1067
eb78ae14-bcb3-4574-b55b-fec38020fc93	1132
eb7a9333-6c36-4843-b068-b57213b2acef	1136
eb7c8c12-b319-4a1f-9e60-39ac7870012e	1142
eb7cfbe9-d9b0-40d7-aa49-862d5dcb4722	1143
eb7d0af4-688e-4a28-b33c-d0c9345fdcc6	986
eb7e6eb4-f002-4a70-ba57-bd9c835567b3	1080
eb803ed9-85e8-43ed-942c-319e1057a194	1065
eb80c231-a90e-4c02-87d7-4327976afa72	1139
eb8800ff-c8bf-4e7a-8b16-6ab745645509	1076
eb8b48fb-1220-46e6-ad1a-1c35a8014b81	1126
eb8d3e24-2a7a-48ae-99d6-23a0f1c63dee	1125
eb9042bb-151f-4ba9-99a5-b3a7e9f7ec76	1084
eb90aecf-bbb2-43f4-a3a9-e5f00e11ed4f	1070
eb942e08-1086-417e-9db4-f1b2112fde7d	1129
eb96c189-dcc7-4e8d-aceb-b95ecc3077ec	1045
eb9a0405-ad99-4e90-b61a-0924d498f46e	1053
ebafb0fa-dc91-4f4d-bfaa-d75c8a0943be	1004
ebbc773d-7404-4761-96bb-1a570d9d0ecb	1136
ebbf2fae-323f-4a8f-a03f-b910706c103a	1130
ebc059bb-6fb2-44e7-9c20-ddfbaba476b9	1155
ebc0f823-1f55-4ea8-a1cc-862f38ed1b6c	1132
ebc4266c-9109-4024-b492-eaf1d3f780fa	1072
ebc7b334-e9c1-416e-acc9-d321579f908a	1143
ebc832aa-7ed4-4a05-ae60-0a8450860b10	1141
ebc851b1-d46d-4b0e-a6a4-61194d6c7789	1081
ebcf2fa9-6e5f-4721-8926-330aa4f5c0ec	1072
ebd0ee9a-04a6-4fa4-b8ec-c63176b3047f	1079
ebd2c1bf-3cb6-4f44-a867-479f956cadb2	1045
ebd92340-7c80-463b-90c7-cce5a980d13e	1077
ebde2ee1-6761-4754-a654-317c18aa92f8	1099
ebe40b0a-833b-4413-a168-782fa55361eb	1135
ebe637bb-8c29-4076-a5de-cb936ae62d64	1115
ebe6f42f-be6c-49f0-90f5-b4dfc437c8d9	1146
ebe9e45d-fe37-4c8e-9a34-ed775562ccb3	1035
ebea1a82-565a-41d3-b5ac-0d96354b6325	1148
ebf0a3b8-7ea4-4b3f-8fde-118461d45c6f	1070
ebf0bdbf-1801-45ce-8d19-0b2354cc714e	1072
ebfef2b1-9c82-4143-b086-efcb897ab64a	1065
ebffddfc-bb00-4a58-b95c-8b735f103446	1126
ec0103f7-7a57-47ed-8586-eb30e90f95ad	1069
ec032062-401c-4942-b4ea-577b2a4a2858	1078
ec040ade-fb44-420e-b012-76b073709353	1075
ec05127a-83b1-427a-bf31-3341d9402d24	1087
ec0994a3-3da9-4469-a0d8-4254b22918fa	1144
ec0da68b-c48d-4a31-a12f-54e2d4372d94	1051
ec0f886c-6112-440c-972a-292511507ba6	1071
ec0fbec6-86cf-4dbc-8823-6e2dd01983dd	1128
ec12e170-dbff-41f3-b49a-96d329a0e56e	1097
ec13b590-8253-4ddf-ad19-c516e624f046	1074
ec1484da-bcf9-4ce8-931e-227df7f5586b	1070
ec1874ec-e93e-4658-b38d-e457d2312b5d	1138
ec1e1f47-d6c8-462f-82bb-c797e27e5dd9	1127
ec204fe9-44b9-4ac1-b7da-67e18f9c18b0	1007
ec24788b-69fe-45e1-a57c-7c7c061b823f	1122
ec258e4f-0bfa-45d0-bd72-5a7013b56b5f	1068
ec25c025-ea45-433e-bb9f-8f30a951b581	1119
ec29b0bb-17b9-430c-8e07-f53ae6e13dd2	1066
ec2bf158-8ee8-4bbb-be75-ed8299b96127	1129
ec2c37a5-ed22-4f82-aa41-bb1390b91301	1135
ec30b6ef-b32f-4ed9-87fb-b6a831890e44	1130
ec36258f-949e-45ce-ba82-9b636c43c621	1134
ec38ade2-2301-4256-8451-2165a3c91bba	2076
ec39554d-f2b0-4b40-96f0-7fcf5d33d52a	1117
ec39868c-d0d9-49ee-a3a1-52128fff16f8	1129
ec3d0e47-16d5-4434-aa96-13a280e3f855	1136
ec3e0071-1832-443b-ab14-a344f487cc61	1130
ec3e30c5-e545-4e66-8079-1c66e73cee90	1135
ec47fb3e-1dab-439f-b91a-34b97411cc70	1079
ec4d5e5b-0483-4fe5-ba4b-89d2a0170bdf	1134
ec4d86cd-a92b-4c6d-9a8b-8635623a1f92	1072
ec4ef1f4-7f4e-44e4-a868-d885b9f68692	1117
ec5156b9-8eba-49ff-95b5-f84c36230194	1060
ec51ba42-29c5-4eab-98d3-abce76350d24	1114
ec534cc3-c03c-4a62-8c43-57d391face03	1137
ec56b552-355e-4eb4-8130-37da53c25d26	1132
ec5842c7-53e6-4655-b9dd-42ffaf6566c3	1147
ec5ebd8f-7dd0-42a8-94d1-6ef6c2e38474	1137
ec5f8455-4caa-4b38-b399-7f7d1b57e3a1	1116
ec6a133b-b286-4a4e-94d7-309f57baeb77	1062
ec742cce-a75b-4602-8ba7-e4aecb452f3a	1079
ec7d95c2-2a57-4f29-b97b-ecb7503ffc5d	1074
ec7f469f-51a0-4304-a04b-1cffd894b6a0	1070
ec80f899-ac0e-44f6-af93-2dd4bbc92527	1075
ec842588-e8fd-4650-ac73-e0d24ee88fac	1075
ec8b9acb-e9e7-4bfb-9c07-bda689e94bee	1044
ec90501f-d1d9-4f67-b11b-1881592fabdf	1084
ec918ff7-8d10-4dee-bbf4-57b0823c9d3d	1140
ec938d7f-c061-47d4-8227-68ea92f67d6d	1110
ec9b016f-6d2c-4d21-ae21-383bd94e8a3e	1057
ec9bd857-a23e-4fb4-9098-2734eaae6b29	1076
eca09ab8-ce43-4c3c-b9f3-363ffecbdb43	1129
eca0d4ba-5a82-4f13-9601-63e27383c0fe	1128
eca9386e-b1ee-462e-b5f7-5b11d298d0fd	1136
ecaa41c3-8849-40de-acd9-7b1a180c6792	1061
ecacfd07-05c8-435d-9e2c-713652738a8a	1128
ecae92e7-eaaa-4853-992e-f2215c2def00	1072
ecb03c42-2cd5-4d9c-aaba-e16db83a2f39	1126
ecb1eddc-5339-4261-bf7c-3bca729c38e2	1135
ecb6a9aa-a7b4-48ee-90c5-b4382f1abe62	996
ecb86db4-f551-45cc-ae1f-ea0d6ac7aca5	1065
ecb87d4a-9602-4f1c-b1fd-21660f5d1a3a	1125
ecc2ef35-c7cd-4407-a5c1-eeda77a86d50	1129
ecc351a3-0885-4554-a282-c4b9ac3cd4bc	1081
ecca0758-c0c7-4df9-ad5f-b76425dc688b	1127
ecccf5c9-da04-425a-be6c-f0e760a2ce1b	1063
ecce1d1e-6c18-4e64-b26f-91f970f2f0a3	1082
eccec154-7d26-427a-9e0b-e7014afe1716	1126
ecd8ad9a-eafd-4a4d-8da0-2bfd2bf77848	1131
ecde56a3-1669-4be1-8786-7ee0cdca8625	1068
ece0e014-3328-4a05-a8d3-a108c6deba0e	1068
ece485df-0292-4135-af0b-e921385d748e	1120
ece68b90-e480-4ef2-b2c2-0fcbad96839b	1076
eceb9add-913a-4c8d-b056-5ccd06d56740	1139
ecec84c9-f6ed-45d1-b231-611969662dd7	995
ecf09fdf-9474-468a-9e54-44ec3a63d4d8	1078
ecf259eb-ae7e-41be-8fdc-c1e16c7e92ce	1068
ecf559f9-d0c0-4f0a-884e-4a13ab7afd6d	1100
ecf93197-0355-457c-b882-b7044f7db9ab	1069
ecfeb60b-1e58-4d03-b9ec-e8815ba2628b	1135
ed04f032-ef3f-40b9-ac81-19a122a81041	1065
ed0634b9-4e59-4569-a243-5cf9d55f7bdc	1076
ed064a43-a39a-42de-bbeb-b3c94a2a7317	1083
ed109af8-bfd6-4ce7-9de2-6f5d69e2792b	1287
ed11a3e6-ba9c-4bd0-9feb-7c4e4fc808ff	1073
ed125d05-2630-48f7-ad8c-5148f15ea2aa	1139
ed137b1d-7994-41eb-a5d6-42731ffb5c94	1076
ed19c29e-c2dd-4097-8cf6-68f915d956a9	1131
ed1ce126-ed8f-4593-a202-5fd551e11ad1	1124
ed209bf7-cba0-47d5-8b8c-14501c86640c	1108
ed24d3e7-00d5-4cf6-b4e0-df35afed1523	1101
ed2507ed-86e3-4daf-a912-a991cf2f8e5b	1143
ed2720a5-75dd-4016-8674-839831062e9f	1123
ed2cb8ee-1f3b-4096-aa61-fed6ef4769cf	1078
ed2d2f04-7d4f-456f-a996-99af592f6ebb	1142
ed2fed3a-d625-4748-b16e-eed9248df7ba	1120
ed32fcb2-d267-4a8e-a881-52be3e03dd27	1131
ed384fca-d7d6-48bb-ba3b-0847de1ef15b	1070
ed435575-f904-4f97-832c-d64f2e0f82dd	1140
ed4c2709-e4fe-496b-86b4-863f78d19c8c	983
ed506fd7-5752-436d-bbfe-389916a0c1bf	1125
ed5f5bff-fb4a-4ea8-8896-2ae1808f4c3f	1066
ed647002-ba21-4851-a055-913ac3304b34	1078
ed64fd21-9e90-4999-85a7-d47c3f273e56	1112
ed691606-d54d-4e97-8f27-c8c0d4faf713	1073
ed6aa45a-cd63-4953-885b-2fa574040945	1121
ed704ffb-89f2-420c-aeec-199b4bc44cd9	1082
ed706a98-a15c-4ae7-b4c5-22832f2dfede	1074
ed71a4bd-a22e-440c-b0bc-9c0dbdbab52b	1115
ed74d62f-a481-44ac-91f7-1bc88984676b	1054
ed799dd9-f78d-4ca6-8030-ba318e11a481	1077
ed7b0fbf-6d24-4fbe-973e-8e294d292411	1070
ed817333-1d25-4b3e-b987-6f14c7c5bc56	1133
ed8692ea-9f3f-4611-8468-c5e6e959e342	1077
ed88578d-d5cb-4218-ae82-fb57ac122e25	1134
ed899129-4c96-483d-9981-f27e25688072	1132
ed899193-a073-4d26-874f-3ec6cdb9abaa	993
ed9088ef-5230-44ad-9859-c80be123f714	1080
ed928f26-4992-4afe-ab30-1632e88f415c	1069
ed92fe75-5444-458a-a6ce-75daee133104	1084
ed94f8cb-b304-4dbf-9bd4-cb1e9149f86e	1059
ed97b13f-5845-4cf1-8c1e-c5d81834798c	982
ed9dd9f8-4c89-4531-b77c-614d014a49f0	1057
ed9e6df8-7348-4957-acd4-adc4ef36825c	1112
ed9f21f9-786b-4004-b7f2-43970182eef2	1136
eda1f945-e29e-4937-860c-5c5c0a85d4cf	1134
eda20f55-35cb-4aab-96ed-81ce5e8e2e8a	1121
eda5f2a3-b707-4016-bbb0-88c122a5a6ab	1141
eda7470f-cd78-43fa-8020-9b86efcdd620	1125
edabfa29-2493-49ff-af4f-0890d34d657b	1144
edaecd2a-3ccc-4a69-8c64-3af91b582d3b	1075
edb00e98-0d74-423d-8da7-8e0f50201ede	1133
edb0a511-51b4-489e-bb7e-b312664d958a	1117
edb2d71c-b2c6-4a33-a4ec-21c2c68ec04e	1054
edb773d7-0b4d-4f9d-88a7-b79f5051e935	1065
edb91554-3eb9-4e03-894a-205be420e9ff	1077
edc14965-a597-4035-bdbd-d9032e5b2517	1135
edc6f597-0a78-4d3e-a0ee-459c9c96c1be	1066
edcc2c04-3877-4030-8b40-ed1f2d7d5734	1063
edcfbe09-853a-44dd-990a-f0df34116f67	1141
edd5223b-8e13-4003-951b-9a2bdfe5614e	1064
edd89612-74c9-4b1d-a688-375f855e114c	991
ede256b8-a5cc-42e4-9da8-7ae47bd920e0	1078
ede264bc-65b0-4de6-863b-8e0ac71b0b15	1139
ede480c4-de72-4a28-8fcd-801c994ecaf9	1046
ede5ccbb-cf23-44fe-b806-3e4835351b7e	1078
ede695cb-44c8-41ed-8f88-defdf87ab9e3	1053
ede9349b-23d4-4dc2-9954-0755ae82e2a5	1063
edeb9d1d-e290-49a7-bc2a-eab8db8cc21e	1140
edecc7a6-a422-4f25-9906-68b53eea1ccb	1136
edf3b451-ae9d-48a3-96e4-a50085493be8	1115
edfb2667-2223-4e38-8d85-082b9142cab9	1068
ee076936-904f-455f-88bd-1e642e3b05e6	1061
ee0d6461-9e70-4715-96db-a41c79b544c3	1059
ee0fcc63-fb0f-49f8-b67c-172ac7d26300	1130
ee1a0208-3368-4205-91ec-1c938ed2b72f	1136
ee1c24b3-b5b6-4e70-83d2-06e3aa301b56	1136
ee2b141a-1402-4872-a4d6-8c89d3d4c961	1053
ee2d9bbb-3e96-4572-a991-17c2edb54feb	1135
ee340f33-4919-4c80-bd56-a27872bc02e3	1058
ee363be7-8b9e-4e90-9dd7-cbfc9af6ca25	1134
ee3ae637-4d77-4662-9fe8-8b12260c42f2	1132
ee451b2d-e984-4490-89ca-9867ea3b65fd	1131
ee480b5e-9971-4741-950a-5a189f5eb1ef	1043
ee483ffb-88a4-478d-844c-7ed3680d4ac9	1075
ee4cf324-f1f6-469d-84b4-958e4af42764	1057
ee4d27db-2d08-4368-8424-a3ef627824a2	1057
ee52b08f-c652-43d9-ae4b-ceca9147385b	1128
ee52b5d8-e5ac-4121-b7dd-61f0473fd4b7	1078
ee53c987-48ad-4a90-80b4-235e9b7e7830	1073
ee544429-6c7d-4eed-9bac-1e57190cf59e	1063
ee5775a0-e0d5-4942-a494-adead804e67e	1078
ee59e37c-17c0-4bd3-bf5a-a856dc0862e0	1132
ee6953cd-8bde-49db-85c2-557db0fe305f	1074
ee7017e9-fa8c-4f4f-8c6a-1bcca3ede81e	1073
ee71f8d3-e09c-44ff-ad42-0d19f412683c	1113
ee75cb41-59aa-49fd-9e66-b5bbe5faa6d2	1102
ee794dc5-b911-4bca-baef-ec62a22c3d7b	1136
ee866188-d521-40b4-8f66-54fb4962b5ee	1134
ee869ee9-9b16-4797-ad52-0867f524088a	1138
ee8fb2b2-1c1a-42ff-a2f7-12bde9f6a27c	1069
ee905ced-409c-40b4-9be4-109dfb392389	1083
ee938166-4c2d-44a3-af54-1dc900735bcb	1121
ee94c745-f788-4183-94dd-d26f7d9d2d43	1077
ee9678b6-c05a-4882-9ff0-ec213f8ee346	1054
ee994e98-13be-4e08-8536-e8643d96cd0d	1126
ee9d5240-777b-4b3f-8df6-f8d3948b145e	1077
eea53cf0-0b13-49cc-96a8-f71ff71c7be6	1129
eeaa06e1-b3c7-443e-9a87-59bde39acf1b	1059
eeab59ec-7190-49b2-bb30-92a0e337a9d2	1077
eeae3161-bcad-4b07-8103-f8377a97a8f0	1129
eeb1beeb-cc13-44bf-8bd2-0cf680a51685	1137
eebc2f7d-98ed-4e39-ae83-2e2f086767dc	1073
eec53ca5-8e93-45db-9c5e-464639649544	1038
eecba8aa-caa8-4dae-bfd8-e047d1e50f42	1076
eecf46f0-915d-4fd2-93cb-d72f27590dd1	1126
eed4ab2b-9e8c-4158-95e4-c1d74d2a1a43	1141
eed4c856-bb5c-4fd1-a1a4-2a9b8a7d124f	1045
eed7fa2c-8803-48a0-9132-c26a87a7d3a2	1071
eed91057-6500-4f32-b53d-de75fd2f6af1	1136
eed9d5b0-86bc-4063-920c-210ee99f06a7	1324
eedb17b1-0476-42b6-b318-3639eea54723	1126
eedd65da-da03-4474-ba4e-e90071036470	1136
eede286e-4a1d-46fa-826b-9f3c648302df	1082
eee49f1f-2f0c-479c-bef7-c898a4577018	1067
eee6988c-3ae8-42a6-a3d1-514cca578f04	1135
eeef6764-06c7-4b25-bbee-6c91440fdb43	1074
eef33d00-f939-4755-95c2-14f5c0556768	1064
eef533a7-2739-4a78-b247-e91e3cbd291c	1132
eef73f35-7b16-4361-826d-9c69565d8fc8	1056
eefe088b-7331-4f0c-819d-d83c1fab4f8d	1075
ef0b85f7-5ce5-4b59-ba5d-545ad92dc487	1129
ef0ba53e-1ed2-4ad6-9242-906bf10c2ef4	1130
ef0c7a21-5e64-4701-997a-f1bbdb9a3d61	1364
ef0cc1b3-880b-49ac-829c-0232060f5677	1062
ef102f63-ac26-4479-948a-224e113f802b	1048
ef10fc3e-ff4a-4e4c-94c5-6009f0b4a1b8	1066
ef12ab65-8be7-410c-b407-63cbb6c46450	1138
ef12f755-16b2-4027-99ed-4cd70b589147	1140
ef201434-4815-4360-87c9-7a6feac23652	1132
ef22c64a-044f-46ff-8ff5-5f9e3a5a1b6f	1123
ef293a7d-180a-45ec-8eaa-ba7160c50f88	1291
ef372145-92e6-4db8-8c54-42567ab2a062	1153
ef3d7de6-8c6b-46f0-811a-988c2d3c7dde	1111
ef3efe11-a614-4616-81bd-2db363e3f20c	1083
ef3f038e-254e-4359-9202-8b79da86073c	1134
ef3f50b5-52b6-49d4-9cca-869005a94d0f	1014
ef485b79-f0bc-4f02-a5c7-a7578769133b	1070
ef4be89c-7003-4129-9458-2b9da43f8aaf	1073
ef4cf5f5-b7d9-4b90-a50d-00b1839774f0	1073
ef4df44f-595c-4bbd-8746-23c1e513d724	1076
ef527f72-c756-42d5-996d-ffcfee625a0c	1118
ef55061e-aa31-4954-811f-04b0340299e5	1127
ef55d8ff-05dd-4172-a5d1-60c14d3c011e	1061
ef5743ab-48a3-408e-903d-d5bf17875034	1137
ef5b10c5-ad76-4a9e-9caa-fcd04128fb21	1138
ef5d8b67-2150-4e7e-a4e9-b2a1a89c2548	1132
ef5e6625-3201-40b6-88ee-ea285bd46501	1133
ef61f0f3-9369-4004-8fa9-472ba5182345	1006
ef648890-66aa-422e-a1ee-3fb391c37a6c	1075
ef681a03-1248-40c2-abba-bddf805f3dd0	1084
ef6ad225-839e-42b7-bddc-2d1fd5fe63d5	1070
ef6d5558-23bf-4ce6-943a-e95fe72199c6	1076
ef6ebaa4-d433-4bba-bef1-1fed568b3533	1129
ef7c1473-468d-4bb5-b6d5-edfc15d9369f	1136
ef836d43-41c7-4c23-951b-5e322b77ea51	1076
ef8b9ff8-984c-42db-9129-2d872d9099ff	1074
ef8f5abf-09e9-46f9-bfb0-62e49a543e4d	1082
ef95cd28-af42-4509-8719-ebc6ab5a6ced	1078
ef9cfc05-2e95-477b-9d8c-420e80d70c9b	1135
efa214f2-e81d-420f-a147-7fc9a496f309	1066
efa260e8-f6f2-47f2-96a9-642411a33492	1064
efa6c9ec-4caf-4e39-b762-2e893b7b8782	1070
efa7289c-b987-49cc-ab73-9ecf45d0eb77	1076
efaac92c-f597-49bd-b400-df30c37ecc7d	1135
efad7f6b-4577-4793-ac82-6f0bf1435e01	1110
efb5c853-68ec-443d-a192-4907adabc143	1134
efc007dc-3a48-40b1-9fb8-f8541a803653	1079
efc66e64-8524-45d8-a20f-d0bb16e98b3c	1099
efcb2063-c72a-447f-9bcd-cce326de9b25	1139
efcd2fd0-b514-4c90-bf71-e05d6eecdad9	1069
efce7c51-b565-403a-a261-e4511ff22dad	1126
efd2ae5e-4391-4500-a055-6b7e18d4d4b6	1058
efd4ac09-e233-4879-9cae-215691248bc4	1050
efdb9f37-31c5-4f82-a34d-1d604e4129df	1111
efe041b1-d44d-4138-bfaa-785be3f8e5e1	1075
efe0aa41-64d1-4cf8-8918-1c2c93daee58	1077
efe15ef3-aa4b-446c-b71d-d791348b2d72	1133
efe50e5f-9214-487a-b6c1-0e5cd1b9f0ff	994
efe6b3eb-defc-41b3-9211-adad87227b60	1076
efe7ca5a-81ca-4880-824e-0938a5399518	1074
efe8865b-cc61-479a-a789-5bff185bfaf7	1123
efed31b2-1fac-43df-aa1c-f273bf658f34	1125
eff0c832-2e40-4232-b7c2-27ccd62bfd23	1115
eff168b5-0343-438f-9c88-875d1c75837e	1142
eff30185-a5e9-4cee-9803-9ddd279cf7b1	3011
eff52c18-1094-4453-90a6-532c859776da	1065
eff8b864-4cac-488c-bde8-187964c8a937	1042
eff90ce2-d15e-47b4-b9bd-9dd53648214c	1134
eff9994b-8dd0-442e-bf5c-a4262bc8ed82	999
effb59e7-3d3b-4f04-8b0a-d7ab0ddddebd	1060
effc4ff6-82fc-43c0-a000-8c896f024248	1124
effeecf0-6bed-4f6c-8432-66f236218f0d	1134
f004fd8e-57e5-429b-b4fc-ed38b8166ce4	1104
f009c43a-c825-426e-97a4-a70a11b5c4a4	1118
f00dbf7d-2630-4a66-a314-8a8504868bfc	1063
f0125155-475b-4ac6-985e-518dbe21b321	1131
f019b64d-b21c-4987-98cd-028685ed5e2f	1125
f01b6905-15ac-4369-95fc-c3e864451e6a	1141
f01bbd23-b618-4f8e-a59f-693bbf2ca675	1117
f01fdb50-1bb3-48b1-bc00-d7858defa227	1150
f022f1eb-87fb-458d-a7bc-c1960bdf334d	1053
f0291f6a-2c75-4920-b161-ac6368f98796	1048
f02f1068-6e81-4902-96aa-43ef5fd30297	1112
f034a2de-940f-4034-b9ab-2018ac92bb0f	1070
f03915af-aebe-499f-8fac-6e4e9306092c	1062
f03be1d7-2647-4f34-a465-8d69b3d337c5	1138
f03cda11-5788-4e68-bc00-0ab57195f113	1074
f03dc1ff-8908-41e2-b795-cf97d2f57270	1072
f03fabdb-7c81-42ae-b2ca-5d2837e949e7	374
f041d5ab-230a-4959-bf9e-90a9c1feb96d	1078
f042181e-385c-4ac5-9ae0-d442d55fa5b0	1074
f04395bf-6ef8-424d-9873-ea517d1f68dc	1071
f0447c31-c288-464a-b6eb-fa435804bffc	1042
f044bf5e-bc76-432f-a544-c21a806dfd1d	1074
f0460447-b79f-4018-8c2a-59f76e78c6c1	1117
f048ed04-f17e-4339-b83e-ed44a78cb1a2	1154
f04e2c11-721a-4a8e-803d-1f87eff17248	1068
f059094e-4cc7-4676-a725-e52d451b3f70	1126
f06391c0-08cd-4b73-853d-be20b75a82ba	1009
f0694d96-2f26-4cfd-8cdc-7ae5b736b1f3	1077
f069b2c6-2607-450c-94ff-8bc5e1487c8a	1134
f071ee8c-e6bf-427d-b3db-5f8eb84b660d	1053
f073c5b3-746f-4cc0-afb3-091a646acc5d	1132
f073f8e4-a006-418d-82b7-d33c3244e392	1129
f07754da-6954-4e21-88d5-af7ff18f3ea7	1060
f077fe6b-8a65-4eda-a5b7-5b5f946e6790	1079
f08163fa-dd80-4a9b-af0c-5e7476160805	1069
f0829446-e17c-4035-a377-ee39ae100808	1079
f0874249-b959-4ca9-8fb7-d1adbe6e94cd	1145
f08d59f8-aa14-4b38-a4f3-514828f31b66	1146
f08e6892-b3e7-4382-9e30-28525b9cadfa	1100
f095d286-7c78-4dda-a08e-c90cdea22e42	1134
f09b190a-d354-43e7-a287-e254f54c7389	1132
f0a58d18-5651-41bb-a72f-29bec5846730	1135
f0a63ea0-41d4-4164-8184-f1027b33ed2a	906
f0a8be4b-66f6-4803-8581-924621c52b82	1028
f0a98e34-a1f2-4d25-9001-dab68d10d247	1068
f0abb870-a316-4188-96eb-3f9e768c1c9d	1074
f0abbfdf-fa17-433c-83d1-1a568428c4b2	1132
f0ad01a2-956f-4fcb-be8a-f7d298926298	1080
f0ad3cde-73ac-4776-bef9-0d0c2daf3237	1000
f0b45c8a-8924-47a8-9f87-3d6834910543	1131
f0b95a12-c2b5-43b3-b17b-71e6d5a002d7	1142
f0ba41d7-9094-4aa4-a2fd-1248f89085e9	1046
f0bdd2ba-ef20-42b9-9be1-5a75b3d79693	1079
f0c90465-6c94-4212-b187-41086b1377d5	1144
f0c97e4f-e980-4f64-9768-f311427ef3b4	1053
f0ccf27c-ced0-493c-8d15-b57883825f1d	1131
f0dc176c-67b3-483b-9df9-6c461ddb37f3	1069
f0dc8fad-9121-4a32-bdd8-37687de3dcb9	729
f0e18b71-fdda-42cd-913c-2382b3b597b7	1138
f0e4ef4e-9c85-41d5-a5b7-43635e71268a	1076
f0f077c9-8cb4-42d2-ac40-3ea9f21c22ef	1068
f0f640af-121f-48b6-bd82-8313c3c7c7bf	1126
f0f7de0f-a512-46f9-a6f6-95fa950ac437	1053
f0fa7218-43ac-4676-8bee-031ca6959b1c	1115
f0fde626-65c6-414e-9593-fb201ca484fc	1102
f101fbd9-3cf6-4759-a956-45433327aeca	990
f1028b01-0841-4a1c-b68e-8479bfb80442	1072
f102e8c3-b8c8-49b3-94c2-bf748374e027	402
f10353dc-35d9-4449-8048-c7ebf8727f43	1130
f107c4c7-5c0f-4204-9c4a-a1d01342a212	1112
f10878a7-bd19-4410-9063-4201764d30f3	1135
f111c48e-5c91-4b77-b6f9-58696cea7b14	1132
f113e172-4158-4b82-86d7-c12d4d7eff2f	1130
f1172cd6-ed20-42e5-ab32-4af6b9a7d5ed	1016
f118d15e-5687-495d-b9a0-5ac816abe4c5	1120
f11b763c-89be-4896-93d7-41a46178b9cc	1145
f11d2dc3-51b0-48f3-9703-c95d468e398f	1078
f12394dc-3094-483a-9737-4af6513f2f98	1047
f124b212-2470-4eea-bf43-d663358961a8	1074
f12b3146-099d-4d9d-9572-02452edef882	1555
f12beb92-b6b0-4d67-84a1-e97f08303ae5	1133
f12f5bf5-5dfa-4775-b296-589a4caeed78	1062
f131559e-cf4e-4f6f-ae24-fcd6b3fe4e35	1051
f131a956-218d-4b07-8c6d-b9a3c37fe3e7	1078
f1366ad7-7fd2-4139-a1f8-a90478654402	1128
f1373c3f-597a-48c5-a5f3-bb907fdca472	1126
f1380611-241b-4750-8868-9e38ffcec494	1135
f13a492b-7cdd-4874-b51f-107b2b8bdedb	1143
f13f57b2-71fd-4ca0-83bc-33fb6cd2d89b	1049
f143cbbd-6ee5-4cf0-bd47-0c9778e11e9a	1080
f14aa358-470c-44db-8013-f3605d33bb6b	1067
f14eab18-34ed-46a9-9113-886704db5a1a	1131
f152f34f-5371-4efa-89ab-6d982fc6c1ca	1054
f152faeb-8c97-42fe-8716-14a6ca4b30bb	1133
f154db27-479b-4344-bc91-6d05e86e4954	1131
f1571ca4-971a-462a-8277-f249de9a12a8	1125
f1571cb5-f08c-4288-9c59-606b436a304a	1133
f15b7218-c691-4eb7-80be-ff4f478139a4	1112
f16315f7-1edc-4817-ba4c-8e7d0d36563f	1138
f163dd92-765b-4715-9331-45a7bda72c3a	1079
f16c57ce-e780-40bb-9a21-53be8311f87c	1042
f16e83a8-4d40-4d5b-9550-3d6ce988354b	1069
f16ef8c1-5861-4b08-84fe-c525d1ea9bec	180
f1732cda-3c72-483e-bc98-c1ccbca63eb2	1048
f175ed79-011a-4283-aa75-df78a87e2380	1154
f17e0430-cff1-4cf1-98d2-412c121794b9	1066
f17eb357-1a80-48ce-b6bb-a0a3a21ac5b8	1133
f17fcf84-4eff-4072-a500-d8b683530432	1128
f188b9c7-0bec-4b70-b0b6-ef5d0d889b6e	1078
f190f9dd-80d5-4d0e-8a2a-6377b9f0df7f	1073
f193c436-2479-47f2-9764-f2078223823e	363
f194fbb7-4c46-45dc-b579-a3692ee75487	1076
f1992b9d-c4c0-49a5-825a-09796902c014	1067
f1a1447b-7a45-4191-88e0-319ae8cdcb67	1049
f1a366f8-ef32-42f1-a2da-23addf0b9c56	1054
f1a398f7-f4db-49d2-aa81-24777fc442d4	1138
f1a80132-1309-4053-8158-68b0fe30ac3c	1297
f1aa9f12-6daf-4c6f-bd3a-4867e3833036	1130
f1ac690c-f48a-4297-8991-70eb00181dda	1050
f1b1e9c0-b120-448a-b893-e6d970be5a4a	1040
f1b5bd14-53b8-4da4-89d6-b9764d2b49c5	1130
f1bd3a52-5780-45c4-81df-5dd7080fd785	1050
f1c22a37-3fb2-46d9-89b5-5862ed807736	1081
f1c48bc6-45d5-44d4-8297-c3171a29cc1a	1132
f1c9a888-3bfc-47b8-9d1c-a9c1b8d109f5	1111
f1cb3f57-860e-4770-94d6-a4650a407871	1069
f1ce0bf0-c0fe-4c30-8a3c-4154662feeb7	995
f1cef954-c222-49a2-ae4a-15ad9a9518cd	1060
f1d1913e-a05a-412b-83f6-3abcf4c5af2a	1134
f1d4c77f-2344-476d-be19-171f5f09f710	1081
f1d8061a-88aa-42f3-a2fd-f37c153c9320	1069
f1dc3d75-214c-4631-bd07-824a0080bbe4	1145
f1dd268f-e764-494a-9e0b-3a460c1762ad	1135
f1e236dc-e245-4cae-9ac3-ebb5417f6723	1126
f1ea6832-60bd-4a73-b37d-285085a877e5	1076
f1eb35d3-0f4c-4bbd-8a3c-125bbbff5f27	1116
f1ec7b42-ba4c-4fc0-b62a-c3d8185ec71f	1079
f1ee46de-bb97-4d60-9e9a-9729c28adc61	1055
f1f157f3-55ca-4fe9-b668-ddc7908f1c10	1137
f1fafc57-2f3f-4fe5-b82b-56cb6eee2272	1082
f2037c4c-af5b-421e-84c0-ec87c6982b11	1104
f204d879-b25c-4a42-8abd-3a403a8ab4d3	1068
f20b19ea-9670-418d-9956-b386c2451741	1048
f2100f6f-924d-46a5-8d31-0b6dc265650e	1071
f2117fad-8f8b-4e0f-bed3-2a6ec8142c2b	1045
f212ccc5-1bdf-4a08-b13e-27525401d204	1071
f2170360-d30d-4653-a67a-368f58b24a34	1108
f217d2a8-bdda-4ac8-ad7c-e5a7a04407a6	1133
f21d33d1-fb9d-421e-9e40-13542ed4b583	1052
f229d95a-d113-4173-a610-ce8998c66fae	1076
f2325144-c7b2-4672-a2e7-21c69db3e74b	1006
f239ee51-ab30-4ba4-813f-07deb21e3eb2	1121
f23b2008-39fd-496f-ba54-f29e2cc3e996	1075
f245bbf8-4b26-4b6e-87b4-fd228363eb90	1068
f24688d8-fd27-4e0e-a7af-432efcf7f623	1062
f24b2d3b-e6d2-41ae-a13f-d3feb41db298	1070
f24dc7f3-7bc7-481d-8cb5-1c44c41b1cea	1069
f2522836-7671-463b-9b36-a05adc9f710c	1133
f25f046f-f07c-4dd6-a0e9-21160683a42e	1069
f2656054-fe77-4055-8d11-a86590f2cbd6	1061
f27a0ed6-7f31-48b2-9844-2296f5658b03	1057
f27a6b65-1df1-4423-968b-0eac83bc7ee7	1141
f27aafa5-d28e-4905-ab91-fe6c633af827	1067
f27e08a9-f60c-432b-94ec-7970d264362b	1135
f285616c-a2e7-4a2d-bcf9-9d018c974f66	1062
f28f5d32-58d1-4eec-b051-2b2093574ad1	1072
f291264f-c58b-494a-8af2-3d495b16498f	1146
f291f77f-60bc-4f2c-8341-4f5373bbb364	1073
f2a04eb8-9900-45d6-835a-1a66285a956e	1072
f2a9a7b2-e8b3-4e75-bc1e-c4c113144ac8	1143
f2b1e9ef-3a50-4c9a-af27-c18db7050e2e	1135
f2b2d9ac-0507-4119-9418-fc721a1fb589	1144
f2b6a675-45ec-4fb3-b695-8dfa0439cbda	1129
f2bd27fe-e4ed-4547-aff7-da8762d41e1f	1116
f2bec279-3b2a-4547-8b41-3be4f4d581e1	2449
f2bf52ca-fc1f-47a4-a769-e53b4604fda6	1137
f2c11253-766b-4eb5-897e-e0bbefad3e0b	1126
f2c4ab36-1fe8-444c-b8df-c6ac633a0901	1062
f2c581df-e49e-47cd-88f3-442e96cf9eef	1079
f2cad214-2cd3-4d66-bd74-39c8e96bb092	1077
f2ce4d96-8474-4654-9111-a0a07eefaa06	1129
f2ceaeb4-bff5-49e7-894d-b8da1e8a3e57	1138
f2cedff5-2503-4dd1-b2b6-ede22b12b056	988
f2d24bc8-2450-446c-9a29-baa1ee0462be	1083
f2d78482-26bd-4867-867d-4f99cc5723ef	1138
f2df089b-8409-4b7a-b648-b551d8560e73	1131
f2df1b3f-2761-48f9-a9ac-3b6e38d7e8c5	1110
f2e474dd-2ec9-4df0-903e-77d5367a7975	1048
f2e4f302-ef6c-4ae2-9a2d-f572adb73e9f	1067
f2ee1510-facb-4867-a7f2-9c598fac45d0	1131
f2ee90b9-f36e-46b7-9568-ae178c6c0a3d	1074
f30037e5-86d4-4f4a-92ce-6f6b180e2330	1138
f300a0a0-6e06-420a-b577-2c1dacc9cead	1070
f303ca48-f8ec-404a-9f59-f9275624b802	1121
f3048862-e0f7-4867-ba34-fb6056c127a4	987
f3084606-51bd-428d-9a68-447455559bf7	1130
f30bf480-c848-42af-a66b-35cba476d3d3	1066
f310bf2b-3175-47a8-9e53-2d5ed0273302	1128
f315544a-555e-4389-b9dd-762c80142643	1068
f3174f76-b1c1-41d8-bb0c-3d0b5bedf70d	1122
f31a6fc7-43ca-47f4-8d8c-fe65692718bd	1055
f31c213f-66ca-421c-8e71-b3fde2948870	1130
f31de89e-dc07-4b17-9017-7f6c7aed5e8e	1124
f3212ec9-69fe-4af0-8c27-a22c44fa6ef5	1067
f323b304-5c60-483b-bce3-73df3ed85f57	1130
f325bb94-70df-45bd-83bd-b11781cde2e8	1126
f327a5f0-bbe5-405f-a0c7-403a236b4913	1115
f327aa6e-6299-4a6b-a6c6-ddb872c03666	1132
f32ce9a0-d600-4c94-b799-cb9be296181c	1104
f3309a58-bc28-4e30-9eaf-78fe1ea9becc	1069
f33b54bf-e78c-4347-bfdf-e762568fb979	1133
f33db8ee-7c82-499b-9528-5b0a20c74c5d	1137
f340f7c9-6058-4feb-93a5-89f91e3b7da0	1047
f3424d99-0d25-4121-b48d-64c31bcce9f7	1012
f346ec87-1d13-4d89-bada-b31ea2b47f4e	1073
f34bc57e-8df6-44f1-80b2-3db71298d844	1130
f34d2620-b239-44a6-b8eb-5de3c784d9cf	1080
f34f6024-f31e-463c-8eac-ce986bcfc2b4	1135
f352f272-0d27-4414-ba37-480ef4d11e86	1063
f3537483-b8a1-43ab-b70b-39f4156cfeb0	1127
f35a99d2-ac88-4eea-80b6-dc2566775f23	1079
f35ba7b0-b49f-438e-a475-5a12539fddfa	1111
f36427f6-d1aa-4aa3-9cef-73f807845a6d	1136
f3658569-3df2-4d23-b782-9caff8e1c48a	1125
f36599b7-bc9c-4d79-8db2-f68a7b780ded	1071
f3688dcc-5980-4b03-8cf2-3bf50ed86aa1	1072
f369609d-38cf-4f47-93d4-78a7245ba11d	1132
f36b9821-12c2-4ae3-bb71-d3f336fb83f4	1078
f36e9d3f-5740-4fe9-a1c9-66cf94f542ff	1068
f371dc81-1a2f-4c07-945e-23de3add4095	1134
f3728e22-0787-4f90-a599-d0c7ba6c9117	1050
f3759fa5-73c9-4a22-a338-4d5c7765ce06	1073
f379f346-499f-4ae8-acfd-46cf80606923	1078
f37c0c99-be0e-4545-8fef-777600ed8460	1081
f37c62fc-c6dd-4e61-9754-ab5dce3da91f	1108
f3812d12-8266-4052-a7c0-9809fbb11e5e	1117
f391d402-2502-474e-a40b-0f72ad82de2b	1126
f39798d8-4866-48f6-8878-28e7013b7cea	1040
f39c96dd-2c35-4307-b071-85b2cfde2a20	1139
f3a142c4-d427-4317-83c7-f3dd22568f60	1076
f3a963e5-2a69-4198-8d43-d0f518189ebb	1077
f3aa88df-ee85-4dc7-8940-932255492fbd	1127
f3ad7f5f-edb5-458c-a70c-c71ca6cffc01	1143
f3b24a2a-8d60-4e32-9e4c-54932751e8a5	1070
f3b3a38f-2f91-4aa0-bc48-2939e1a6e9e3	1145
f3b4604d-c014-41a8-aae8-bf50a8af48b0	1065
f3bf9939-cd0c-4654-886e-ff3900e76be0	1122
f3c911de-ee53-4cc1-a314-447b6587619c	1139
f3cbdce0-178d-4157-a08b-6b62b5cb5a8d	1126
f3ce7bd4-e59b-4ac9-be1a-c9a7b533157a	1007
f3d36471-bc71-424c-9c40-0bc1f1e8063e	1045
f3d3d81c-25d8-49e2-bb32-dad0cb24651b	1075
f3d72ce5-b05b-45d3-a05a-2186c177fcd2	1049
f3e1907c-77f5-41c1-b08e-63c1d140ea68	1076
f3eaba3a-5e7f-4104-9ef3-80e93ebc6cae	1078
f3ebac4e-3091-4f8d-9559-cc7a0de566bd	1068
f3f443b2-3ba6-44f5-a03b-d08f9ea62114	1079
f3fb544c-ba82-49dd-b1bc-d8701702a812	995
f3fcde58-10d5-4dd1-b783-464b29e07473	1123
f403c986-db19-4a55-a6a3-e9000de7bebc	1058
f40ae484-cb79-4e0b-a0ee-e2024140b27a	1071
f40d28d7-6163-4dac-b35d-2a5b65a3e077	986
f40e35f0-0cd7-4297-a719-f5f9d530580b	1046
f4116719-12cd-4753-aabc-cb34f14682e9	1077
f4116b5a-aa90-4a0c-81b4-520f0adc72ac	1111
f4136d64-8221-4e60-9bf4-550d53797387	1071
f414eeac-c89f-4d20-8c9b-c6d8de30b790	1320
f41508a4-62cc-43fc-a2db-3e4646a36724	1135
f416f23c-e072-43f9-8d05-42a8224437bb	1138
f41a7092-b322-4bd0-bc35-027bdf4c32b5	1070
f41ab02e-c43e-4321-97df-bc9f12caacb5	1137
f41af38f-06d3-4f54-9611-50d11b1c1fbf	1136
f41c27fb-fd0d-461a-90ac-61fd9f92697b	1060
f41dda11-4815-4357-bab4-0a563cbd1bc6	1096
f42aa3bb-5f7c-4b22-befb-189e883bc93e	1066
f42bb8f8-72d2-428d-8b81-fca7ed5334e1	2118
f42d0079-2155-4837-9c64-5f42c4160c03	1129
f42da3eb-d0dc-424f-a9e4-cc987749ea8e	1124
f42e8e14-646c-4caf-bf8d-c9e6af1d9ba0	1057
f4306d03-6b7b-4521-99df-37e728df4905	1118
f432dd0f-51c7-47d2-a432-aee67f35b9fb	1073
f4349a10-fe21-4e0a-a689-cce7074e85cd	1127
f4377761-f4b9-403a-8a26-ee494dd7309f	1139
f43a340e-dea5-460a-aa8e-6b97c6d123ef	1143
f445a3de-135e-4ec7-adc6-df1f85832983	1127
f44820dd-6266-4058-bf9c-767cfe30778e	1003
f448a7c2-52d6-42aa-93ff-475a28d92669	1077
f44f71cf-670c-4487-bdb1-0edc0d316a2b	1137
f4508716-2c25-419f-b8ae-5569912913dc	1070
f4537337-2702-4009-91f1-88fbdf0f5993	1076
f458ed63-016b-434f-93cc-e6b601ece51b	1129
f45b197e-a18e-47f5-8261-bf3626898539	1078
f4607d4a-b1fb-462e-acef-11f418f1941e	1075
f460be23-3af3-4599-99b5-211ae7a49d89	1129
f46128f3-ec49-4287-8d54-9cca3f77e69b	1052
f46935ce-7669-4b30-9079-71a723c39ecd	1084
f46d122a-dfc4-4fd4-ade3-8ce8d7a8aa75	1213
f46e4ddb-562c-4722-8898-68bb899d2b2e	1070
f46f5681-bbdf-4292-94ba-774b5cd535fc	1081
f472a16e-5e5e-4ca4-ab36-422f7eacdf3c	1075
f47a70c9-7295-440b-a743-367ea025ab4c	1178
f481d81d-18b3-4216-800d-dc5dc0677a60	1137
f48366b9-ac00-4899-b5d4-249028c6e181	1145
f4865d86-2acc-412e-8363-0da0de84dace	1074
f487035d-5715-4974-b97f-3c637aae26e6	1115
f48ec6a4-7178-4033-b2ea-e54031e0af9d	1063
f490210f-2d55-482d-b690-077b2886e90a	1072
f49501f3-b481-424f-98fd-7ca5df8c7db9	1084
f4962040-8bce-44a4-ade3-94102a799bcf	1069
f49faf13-8f54-430a-953d-6bc9695b609d	1122
f4a01d56-2add-45d9-8417-5d113223b04a	1137
f4a169f3-88e2-4c1e-8632-08953bdab50d	1146
f4a2885e-0d38-45bd-a34a-3dbff2c2900f	1061
f4a5a5be-e63f-46c4-bc2e-a3bdfbd009bf	1080
f4a7d7cc-0499-4f61-8dc7-8fcef46a09ca	1078
f4b03d25-272d-49a4-a534-d1409c4279ba	1136
f4b264d1-6194-4472-9d92-6648aa143e2e	1127
f4b3ba0c-2f0f-4cb8-bf48-c8d19f4553f6	1079
f4bd37f3-8773-4cf3-9298-dcb72327407f	1070
f4be9c17-f129-4452-b9e4-4257e2d85b71	1070
f4bfed33-3ada-4fc3-b8d8-69ec554648a9	1115
f4c1cd7b-95b2-4508-8836-4f6f4953ca7f	1140
f4c2c573-f036-434d-ae97-ffb6dfd1b52b	1054
f4c7f1ac-129d-4fe9-890b-f2ecfea78073	1147
f4c88514-c755-4e5d-b03a-88bd5cf01cc0	1075
f4d241ee-695b-40e0-8e94-1f62a7794725	1069
f4d79b1d-e690-432d-b033-d3813bfcabf3	1137
f4e8c280-d9ca-42d5-a414-5c477fab92b2	1075
f4e90540-f90e-4a85-b3f6-ec932c821e91	1133
f4ee0775-ca95-4417-bdc1-971e0fa8fbed	1073
f4f0598b-ba9a-415b-8e85-2e0ea35f3ee7	1139
f4f1fbd6-1c00-4d9b-a677-8f7d7d613c29	1142
f4f284f4-02f7-4786-9269-b6b332cf0795	1056
f4f683f6-3dc2-46ca-a81f-f8007a0e6f6d	1082
f4fa9dc7-1c38-4109-9ab1-64d992344a6f	1077
f4fecb99-b2cd-4ff0-9cec-4eddc2a4d4cf	1059
f507f3e8-f3d7-427a-bc41-b91ba1d7ade9	1142
f509a9f6-f03e-4931-b351-a26a3d643433	1126
f50dc207-d5e3-46dd-b681-c21947129e84	1135
f513a36f-736b-4c80-b394-90de2738ff61	1077
f515e011-5dbb-4a41-b37a-db485e323af6	1117
f51809fc-e771-45ff-b3db-e06ec1f45e92	1139
f518b16c-ce77-4a4c-a7e2-fb92205f1137	2077
f519aa5e-5c6c-4689-89f4-e2b3fac71c65	1069
f51bc8c3-7cd8-4a68-a403-cb3e5564c10c	1134
f51f489e-a30e-4899-80c8-3be6b7a0e94b	1076
f52103fd-e949-4f58-a0cf-4fee1dc91fbc	1073
f5282c6b-755e-4407-b8bc-251b6441495e	1106
f5410b1b-bc97-4305-a1bf-9c137c847aa7	1072
f5417b26-e825-4325-9504-8af79ee436b2	995
f54cb0d1-1a49-47fe-a251-7831eacb912c	1137
f5554e62-9373-4821-bdd2-491924100e99	1138
f556faa4-dde8-4acf-aab0-780e82df30d7	1067
f55a4014-880e-4e77-82bb-6130f41b8f60	1133
f55afaa1-2988-4c8e-8f93-fde7ca9d8f5a	1260
f566f676-b82c-45d3-a485-a4d0df91a745	1128
f5670b89-80d9-4297-b081-81cd5169d0a6	1136
f569ed42-a267-42b0-9597-2ae96d324d22	1127
f56cba5d-a298-4258-b792-5c30448cf4f0	1136
f56ec1ee-ea22-4fa1-9eca-df5144d3ef95	1131
f56eeb68-227d-4685-be8b-12b1e03ca10e	1138
f57203b2-2de3-4797-aa05-0c6cca33e5f1	1074
f575eced-046a-4194-989c-b70296ce8924	1066
f5783f68-2666-423f-9ece-015f3620a671	1141
f57a5766-00b4-46ce-a1a6-c7fcf0e840b3	1068
f584abc1-fbef-4da6-88a8-8bcf37bd6e4b	1120
f58521b0-0892-4c97-9867-f77579033a15	981
f58f4d64-ad48-43b5-99c5-de929226f618	1120
f59011c6-4bf7-4f67-a10a-06a96a805fcf	1072
f590785a-428e-4a8e-bc2a-902cbb67c512	1056
f590d27a-da66-45c1-bc39-475428e36c13	1064
f592e27d-456a-4c5d-aa33-85119ab4a007	1121
f5931ac6-be60-4e07-90e8-e4eddb6239f9	1123
f5951cf9-b0f0-4e8e-b82e-fc969f597bd1	1076
f598e576-3b6b-433a-b17d-f1041e79937c	1073
f599b1f8-031b-4475-a93f-a97eec03f04b	1075
f59b77ea-63a6-4658-a7f9-853c63e906be	1001
f59bf9b3-aac5-42c2-994a-c402f1699008	1298
f5aaa671-2206-4e0b-8f17-1179fa1141d1	1128
f5af3a07-4bb6-4bc0-a18b-dffc0d10a353	1051
f5b07df4-3241-449e-aabb-0c4f1ddff4b6	1137
f5b52540-e651-4bed-8b2f-ed0839ecd840	1112
f5b94a09-3056-47be-8ad8-08acb3a41884	1069
f5bad6d2-fcbe-40fa-9ec7-e2041f68decd	1070
f5bd4c6c-8275-437d-93f5-4dd258426dba	999
f5c30165-106c-449e-b354-43ebdcfb2402	1087
f5c457ba-7265-4926-ad74-e9f99b8512f6	1068
f5c530ee-ba1e-4f38-b904-d3622d56108a	1141
f5c7223d-5ed3-4ab8-aad0-3bd63c83e9d3	1131
f5d15aa5-e284-4b76-80f6-d5b765dc1c52	1077
f5d834d2-7ef5-410e-a25f-b77cd1558f29	989
f5e34264-93bd-4b75-9657-2cf71ba5f617	1045
f5e38be1-0b8b-48bf-b7ef-0554bf5f40e3	706
f5e688be-6402-4b3c-ad0e-7f6e783bc3de	1099
f5e95ff6-7170-42a5-b7f1-8a9f66b0dc14	1130
f5e9fe35-e3a3-485d-9d1a-6d58d721735f	1143
f5ee9410-5a77-4fde-910b-908e7e3f5f4f	1140
f5efcf58-f731-4652-b205-01827d80a48d	1062
f5f64d7c-287e-47c8-80ca-8883a47473df	995
f5f6529b-c170-485a-b79d-f4fb499b12c2	1137
f5f8eb73-0aca-479d-b1aa-a032bb55b142	1131
f5fd275b-1038-4362-ad9a-11bfa8c4d8de	1031
f5ff0c7f-2b0e-4d70-8c36-d792cfbda2b0	1133
f6026468-0a94-4dae-b271-8b9a62cec7ec	1140
f606dd69-9abe-498f-837a-12ce43be318c	1053
f609853c-1eef-4148-b3ee-ee3036385957	1102
f60b93b7-e825-4bc5-8292-943c7cd2500b	1076
f60dc85b-dbf5-4e23-8ef3-a57dd8cb755f	1047
f6186d85-8ffc-420b-b8c1-2ef36994634d	1069
f621c5f2-be58-4476-914b-cec99bfb4891	987
f624aaa1-8bf7-40dd-be45-8b65e8fa97c2	227
f6261dd3-9e17-43af-b016-3faa3b7ada54	1119
f626661f-e6c1-4958-bbd2-11b540bbca8c	1075
f62e7583-d829-4dc1-b002-329f17a9cdf6	1074
f63368fc-50c3-471c-9f98-1c75a88d5324	1082
f633add6-4e17-49b9-82c4-44f00beb0574	1127
f643fb9c-0ea9-4109-b3df-a9b31c34f8b9	1125
f646f80b-0ed4-4206-bc79-a6df8309ce38	1077
f647ab60-f699-4bec-93a5-da1c3ec2abe9	1057
f6490ed4-5772-48a6-a9da-e53383bf998b	1077
f64b014d-1141-4ac2-8b04-a9da9154eb65	1136
f64b30e9-0a91-4d5f-ba30-d4875408ade6	1130
f64e61ca-31f1-4db4-8951-3350fbc3ac32	1129
f6525de7-3224-47f6-bf5d-0b2f9a7e44a2	1066
f65a49bf-83fa-481f-a39c-9658d7c3f507	1045
f660b631-6c24-485a-ae9c-21a3de63f4b1	1055
f663dab9-380e-4d3e-9c61-5ce390ab305d	1073
f664de13-932b-4191-91b5-aca1bad1690e	1128
f669972e-4754-42cc-8272-9cbcc7979d55	1131
f66a3489-bda6-4689-be26-76fcfc5be416	1071
f66e5e78-5059-4b9b-a405-57220502b13c	1132
f67049eb-3201-4502-897d-430a6ce887ea	1122
f6745302-9b25-455b-b7f5-636287a42947	1137
f6775e8d-6647-4c82-ab67-03c45be817e6	1073
f6797511-92ec-4ce2-9562-313bd162da2e	1120
f67a2715-94e3-4e25-8bac-7ab47624fabd	1063
f67aa6ec-6e3b-4d1f-99eb-8a28b61e8f8b	1130
f67c3cb9-8827-4ccf-be42-10a77f6ad8c5	1075
f67df902-3c93-4ff4-a193-8687cf354198	1068
f681d570-2a0a-487d-80cf-5cc41cf379bc	1136
f6848b0b-454d-472c-8fc5-bb5f02791c53	1075
f68ab758-fb03-4b7d-a44f-48f174b491fa	1141
f68c2986-464c-4d96-9e36-e9d225ea0466	1082
f696f112-3388-49eb-867a-cd64bdb50528	1073
f69b6af1-6f6d-4e6f-ac67-7b35db57201b	1066
f69dea89-e368-45e5-bf72-3f68ff9a201e	1134
f6a058fc-54a0-4ae2-8a95-5b8580123bd6	1078
f6a3325d-dbfc-4d75-a281-0b3af8e02089	1078
f6a53fbe-4c33-4b88-8634-9679bbde9cad	1103
f6a6701f-a533-4d96-8459-052b05fc4aaf	185
f6a8a3ad-f91a-42bf-a65b-bdcf4003a07d	1069
f6a9a8e1-344c-4740-875e-f889471a8bea	1122
f6a9bddd-fa23-4f07-8ecc-3d30ab0dc2bc	1057
f6b1243a-8e85-43d8-a316-acb3e0b35e95	995
f6b15a07-4da6-41cb-90a0-ebf34e4fb5c8	1052
f6b3f661-9f4d-4488-9d16-6d2215ee92fb	1118
f6b6f338-df72-44cc-bb84-3b6b0a711e1d	1075
f6b9d0fe-aa3e-4ceb-9b87-64c5c77bf262	1059
f6be9e77-38f2-4bfe-9727-8317428c38b7	1099
f6bf7540-f641-402d-9114-3a36e7a59642	1139
f6c173a3-dc4d-4e0b-a456-23b1c1737850	1135
f6c79db3-176d-4f4f-a585-b6943f16a0e0	1130
f6c97bf7-c15c-4412-9a87-39736c7b99fe	1036
f6cf72b9-98d3-467b-af34-c8248822163f	1064
f6d193b1-6991-452d-9018-f9f0911e9789	1070
f6d3dc34-249c-4ee1-bcb6-ca2523b18dd9	1067
f6d850cf-1906-4c5f-917f-b544cb73e218	1057
f6d89fb9-01b5-4204-bcbc-ea391298cbe5	1120
f6e130c2-58b1-4ca4-8966-27dfeac8a6b6	1104
f6e6c096-4de9-48ff-90e5-ca05c3ed2b4f	1126
f6ea1fab-3035-4ff9-b5f5-0b23de56ea4c	1041
f6eafb1f-f3ad-4b86-a899-ae0194d97f8f	1132
f6ecdb2d-b480-4071-b5d9-43e34937cfcb	1071
f6ef8810-bd7d-456e-b2d0-1f3aa6e4a6c8	1071
f6f0bceb-631c-4014-a90a-0852c6e6ab5d	1075
f6f61dee-77ab-47f7-bdef-b20c14a2d7bf	1132
f6f89327-cbcd-4ae7-990d-a48d82417b27	1075
f7060b7e-833f-4fc9-bb28-09ba79227610	1091
f70a0564-6580-4122-ae73-0a915591e0a9	1040
f70a36ed-b038-4d74-acc5-f548fbb25a00	1129
f70a83c3-7c7c-413e-999f-3badd90c769b	1053
f70be311-1a8a-4d9b-9b35-f43a76243195	1142
f70f2b09-cb6d-47c4-b445-f7f6593db9fc	1129
f7114a89-0b79-4c95-8df1-c7888603242e	1113
f712a54f-7ba9-4290-98c8-d440c3a9447d	1077
f714ab7a-b994-4a71-8346-2a83a5d65a88	1071
f71536dc-abad-457a-98e9-ba4043dc4afd	1133
f71c4203-c8d8-430c-adcc-819dadcd796b	1069
f71cf220-e76a-4dea-8ad1-71cc6069e8bb	293
f71ed182-b0a1-47a0-a4f0-9ce5b58349b4	1053
f7202303-ea78-4019-a3a7-42b82ddbf943	1129
f7268902-cf30-4f51-bb5e-b76e584b9314	1071
f72c4e05-fe1a-4167-aad3-26716602c73c	1068
f7381b2b-1e4e-426d-93cc-6879af332d41	1080
f73ab14e-b9c1-41c4-bd49-89a54c249a23	1131
f73c1c55-2b44-4341-b35b-66058030530a	1084
f73caa0c-b74a-4936-b7eb-7f9e1642bbe4	1180
f74114b6-41e9-4c50-8489-04523f3a1088	1147
f7415ff1-cdc7-4569-b75d-f09ead147e0d	1067
f745d51a-d04d-46a4-ac0a-620bed89525f	1134
f74d9bb8-354c-46fa-a0d7-b1d79565fa73	1050
f7513146-3f16-4fdd-82f2-05325b91b5b3	1064
f752e5f6-b2ad-40e5-9825-383801c898a7	978
f754a4d7-5d38-4d9a-9b27-2ff78afaf40c	1140
f756f57e-a28f-4374-a74d-1c1438f99ec5	1142
f75aab59-e37b-493b-aa3a-8732e56f8ce7	1139
f75c9ac7-c8cb-4b69-9446-b2678fd1008d	1136
f75dd45f-740f-44ea-904e-a47a92e7998c	1114
f75e2aff-420e-4a0d-b43c-5616ad3d7a18	1060
f75f20a1-6a6f-4dcf-9dd4-c6323364d4a1	1029
f76766da-dca6-4a13-a45b-bba72121ff4e	1064
f767f5e2-4451-4093-8425-d5a239757c1d	1060
f76dc19d-9394-47d6-9ed6-d3b4b30e2a2a	1061
f7705030-5fc3-4bdc-8751-8b2044d56383	1076
f772958f-d39c-4919-8fe5-505649b1d07f	1059
f77513ac-001a-4ff3-a2ec-d65bb5879e86	1135
f7777789-740e-43f7-a260-7370f6d2b2e9	1069
f784ff22-2f92-4be0-8ce6-560f32059295	1136
f78a7c89-0aae-44f4-ac1d-5eefc7dc8677	1131
f78d9ed0-e971-4d57-aca0-d20566b72379	1071
f78fcf74-9f13-4950-a275-2bd0ce48945c	1098
f797450e-c47e-4672-a922-58c4dd03088f	987
f7996645-bb1c-4f49-b350-f6856fc80b54	1126
f79ccfb3-2eb4-459f-bbd8-56e5662ccb12	1071
f79f4413-28c2-4a91-98ba-113cbe90b6f8	1127
f79f460e-c25c-4763-a854-40f6a58db586	1072
f7ace955-105e-401d-baf6-b60371ce50e4	1135
f7af2869-3d13-4bcf-9706-bca4f47c28c7	1128
f7b45766-fdcc-49a8-96f6-e71917b957de	1134
f7b55837-cf20-4208-80ed-8d0c9813af70	1131
f7b7567b-e91c-4c78-a958-80ecb901bf33	1128
f7bca82e-ed51-48cf-beeb-3eaa6e0891a6	1129
f7c416fa-0bcf-49d0-a7ce-a713eddff641	1120
f7c43512-b9ad-457f-b1e4-db46faaef3e0	992
f7c697c9-3cdb-48b1-9588-876dfa565ed0	1138
f7cca9bd-0cd2-4b53-901b-28bdf71923f5	1142
f7ceff74-17db-4af8-a770-42464678017d	1067
f7d1dbe5-de79-4d68-84d6-7ffd22a40512	1129
f7d726a1-66ae-4919-b6a2-f5574635230c	1040
f7d85299-b9eb-4ed9-a9be-0e243af23a3f	1133
f7d8972e-9ae5-4508-a8f3-6986a4426656	1134
f7dc5eb2-47c3-451c-a0f4-5b28a5038236	1070
f7df3d48-fa32-4064-9092-6ea5ffe5a3fa	1072
f7e00934-eecb-40e1-8357-c93c9fd3ca09	1070
f7e643a5-4f7c-4031-a5d2-943586fe7388	1086
f7e72ddb-cf99-4c79-8924-5d9f36134bbb	1068
f7f0aa24-2887-40da-b2b1-11db93844e7d	1078
f7f8d527-def2-497f-b65e-a44f18f648c3	1078
f7f991ff-09b5-40fd-b4a0-210b3eb9e1c4	1128
f7fea7a6-c820-4d09-baab-8bf1d8384c0c	1114
f7ff7c1b-f19d-4cbb-8839-bdaa80d05e04	1137
f7fff71d-f5df-42ed-a5cb-43eafeddd510	1001
f800d71e-0a11-437b-8b93-c6a3950c99ac	906
f800fe03-977a-409f-89c5-2c6246c8dfd2	1072
f80629ac-503e-43c6-871f-edf5f6ec5a11	1078
f816e0b6-731d-4d58-b7cb-63a26352d021	1139
f81b6138-d0be-4143-a851-6eb4619aa41e	1083
f81e70da-0921-430c-9b67-3164f006a8fd	1134
f8210bba-c9a0-4dbc-a1d9-83e3854d1179	1074
f821afad-ec1c-4e9f-a068-e7e0bf9b237d	1062
f82c13b8-06d8-45ce-9f34-931f3c062cd3	1059
f82c2769-9f3b-449a-b8e7-4081141c424b	1127
f82f5d43-914a-43dc-9d68-4b87be61031d	1107
f82fa409-a78d-4e64-ba04-9daad0ce6b8f	1138
f8312111-b822-42b0-85e1-9bbeb8a9079b	1129
f831992b-3edd-4339-9880-c37e2fda2955	1068
f8333bf3-79a6-469a-a1ab-2569e1c22c9e	1067
f8336253-8b14-440f-aaf5-2822ce90c1cc	1138
f835661a-8a17-4fd5-b041-a7bb49d2c491	1106
f837c16a-fe93-4f20-b0eb-bc8ca2892a8d	1075
f83a22ec-01c6-4964-8d49-14f139a9429a	1128
f83c72b7-2fad-472b-b853-2be997d5a6cd	1077
f842f0ac-36b0-4953-b9e2-7dd42140de1c	1066
f84747fe-79c9-45fd-b53a-4f2a271b9908	1122
f849c026-51d5-4b60-9a4b-09e8a77129b8	1105
f84a492a-3331-45ec-914d-0cacaa75717e	1138
f851962a-c235-4811-9a85-917fd648f3fb	1141
f8559ff7-f134-4855-909f-3542f140a638	1080
f8579e82-a21f-4e72-ac33-480ccc60bfd4	1136
f85cb34b-ca81-41f6-8b26-ee60a068d088	1122
f85d9310-ad8c-441b-b6dd-08abe4d42f36	550
f85e0c48-377b-4298-9719-c4b60bc86ab3	1070
f8682fe7-ddf2-4621-945c-a15e7b033fe1	1119
f870d41d-1ad2-4697-a106-0fe3be59eb86	1125
f872058d-a24a-4cc9-91f7-f9c1e43f3f7a	1135
f876b732-4d6d-4026-9439-ed1dfcbd34b2	1085
f878595a-9a22-433e-8551-f45e419b2e6b	1062
f8796612-5f06-4edc-a7d9-7c6021fdfdce	1126
f87b180e-8b51-4a06-83c7-8a93d854b5a9	1075
f87be620-6614-4f83-b580-7df64eb8a20d	1133
f87e3dc5-20ab-47db-a020-2471452d6eee	1065
f8828965-e75b-41c1-a0e0-b5363fe5777e	1121
f883054d-7343-431c-95a8-faf207feb1e0	1118
f88592f1-852d-426a-966a-a966b9a40c92	1137
f88961c2-6d8c-489d-ada4-baff20fbdc80	1129
f88c6fdc-aa0d-4cee-aa0c-cff9f29f2821	1114
f8917c77-80b2-4e9b-b59e-e9637bdf91cc	1059
f896acb4-83cc-49b2-b528-5227fb6223a1	1062
f896e3ce-4f50-4df3-84ec-b5196611cfd8	1146
f8989623-7623-4e31-a75b-c38756f6d569	990
f89ce513-5cd3-435a-a8da-4ec2ab30b7a2	982
f8a1709d-fac0-44af-96d9-cd6f0861915e	1043
f8ac9712-1817-410f-8064-356df1e48eca	1051
f8b4be0f-357e-403b-b37a-ec1b673cc93e	1211
f8b6b284-a835-46ba-8aed-9887b640a2a5	1070
f8b78466-1132-46bc-8aba-fb94644e2d89	1139
f8baaddc-15fe-4566-a977-a6c1963f1cf4	936
f8bb8280-4619-4842-877c-87ab4c9006f4	1069
f8c17b11-09e3-4c40-95ad-a55a9f8eefad	1122
f8c64d8f-660b-4423-b6ce-80245758f098	1101
f8cb754e-92a8-4cc4-bfce-3a23493c84eb	1143
f8cdee4a-24fd-495f-908f-37254ee740b6	1076
f8cf8db1-0c6e-4c42-a7a7-9c8bf3867d66	409
f8d41964-6d64-4130-bba9-d39afae7ba4b	1078
f8d6555e-1c75-4cef-989e-a6099eff1102	764
f8e117bc-f025-4b6a-b614-2eca21e49751	1080
f8e30a67-560c-4113-b2de-d879d55cb277	1122
f8e45bdf-feff-4466-8e52-7659e7c494ee	1078
f8eb90eb-fc13-4bac-abd6-5ba4142fd1b1	1138
f8ef45e3-8b5d-4547-8bd9-721e50635bd2	1117
f8f32d24-b38f-4c01-b6e5-ae4890d11e3b	1133
f8fae720-7573-4bd3-a0e5-6916b3736bfa	1131
f8fe24f8-b1be-4a12-84b3-bd8ec0e99f6b	1078
f904f07d-a3cc-44f8-82d0-1b7f684f99a8	1068
f9062007-6340-47ce-a373-c754a56bfb0b	1141
f90fd95a-7d94-45d2-94cf-3546ceb0ca0c	1063
f91608ed-7288-4a63-b72e-c8422b9451a9	763
f91a3be8-125e-45ca-bd52-0c334c3bd432	983
f91ca3a4-99f0-44e8-bdb3-c19492868b6d	1123
f91d5313-2c31-45c5-a6e3-f5f9ba13e73f	1135
f927ffd2-d7f0-4bcf-add5-f7bafb1f6da2	1073
f935e6a8-1b01-4a20-bf1d-b2ff7e4c422d	1067
f93ead65-b274-4bca-a146-d3f9821ea443	1006
f943bb5f-5ea1-478e-88cc-eb211893783c	1136
f9460497-89a9-4d76-b14e-9191610453fe	1039
f946850e-8f1f-4f02-82d1-88cff02bc770	1086
f94c1b6b-a4e4-4b93-b015-0528704af12f	1058
f94e85bf-721c-4390-9c24-54d3389f2580	1062
f94ed0f6-5932-4d79-bb4b-add4cabd4a76	1051
f95031f7-6721-429c-8939-f46c0d1cb744	1138
f9574074-3d6f-46bc-8574-b2041157e4e7	1134
f95ac8e7-773b-4f9e-b16c-0ea42dfd9084	1073
f9612651-147f-46b7-b754-0dda5c6c803e	1072
f9661fba-77b4-44c8-becc-62e621dbd007	1058
f96bb0ac-7e54-421b-bc5e-c33c7e68b0c3	1135
f97118ad-ac43-484f-9c01-469dff34c7da	2144
f975fc42-38e3-46fb-ac6f-d4686be6ff5d	1122
f9789700-7445-47c5-92a4-99244d379f95	1125
f97be1b3-4dee-4764-ae5e-6829343ed1f6	1123
f97e30fe-129d-4d5b-b0e5-15c05f3e8c5f	1123
f97f7ccb-7d22-4790-bb26-d1eaf9b9733b	1081
f98037bb-cf2c-45b9-8928-0acbf61c7753	1076
f984f53f-3695-46bc-b8da-b6ef98147056	1067
f9856a5b-d12b-4960-bfcc-1baa61a0c4a3	1123
f98c7736-203d-453e-b63c-75f2d692b4ac	1138
f98e241e-1798-490e-8db6-a07f01250042	1117
f98ed44a-19e8-48d1-aaaa-505effff2016	1072
f99016f1-d4cb-4a88-bad6-fefa3f7b22ac	1086
f993eafe-6592-4276-a146-067305390789	1079
f99ce8bf-61f2-4ff5-8c1a-e14d71807837	1128
f9a4d226-fb9b-4d33-ad82-270574f989a4	1072
f9a9d373-f57c-494a-93f5-23b797c0f60e	1133
f9a9d9c9-6c2c-42fc-b3dd-8568f083fb1a	1134
f9ab0fdc-d526-4c13-b0c1-326aab94d952	1062
f9abe05e-1a87-401a-803c-bc52d24ac39b	978
f9b46495-f817-45b2-93d6-11ed93f73bd6	1059
f9b9f50d-1c92-4fbc-ae0d-529b8b334324	1076
f9c5559e-52e7-4056-a204-3c398537aed7	1128
f9c56bcc-9572-4a8b-b602-749d45f1dcc9	1073
f9cbb57e-4db0-4e06-ab7e-6554197198b5	1114
f9cbdc8c-aebd-40d8-a90c-0f39daf121e5	1135
f9cbe949-ec69-4a05-8120-cb9b6c503510	1056
f9cda60c-151f-47ce-8135-451cc995a5c4	1329
f9d02837-ad11-4a68-92a2-bce8d0d03369	2090
f9d1ea27-6584-444f-a554-05f9fb63c252	1139
f9d288ae-fa24-46f8-837c-304caed7baf4	1054
f9d70343-a748-4d8e-87de-591828b1f24a	1126
f9d859e0-76fb-432d-b45b-763a7f254de1	1069
f9d910b8-5216-43ec-bbf4-311af732cd25	1119
f9ebce56-4b90-4d70-8be7-b73fdd9444d3	1135
f9f208f8-3530-408e-835c-0e6fc944d222	1078
f9f4c7d1-ed05-4e96-b3d7-cd720cb758b4	1135
f9fa1c98-8d9c-4eb4-a283-b7a74d37012b	1140
f9fdb405-a770-4221-99df-904700e9f3e8	1072
fa00db0b-00b1-4ac1-8fbe-fabc6bdcc5a6	1079
fa034457-e97c-40a0-8d9b-990909adc5bc	1129
fa0d0938-ea99-4817-b1b5-32cc1ec57960	1129
fa115767-3462-4d71-88ba-0025b003eac2	1131
fa117907-1c19-4f53-885c-893f9c179d94	1121
fa118f41-c5ae-45e9-947e-e9d1da1c2c94	1134
fa13c058-a7a1-44ba-b68d-19df926b44b2	1145
fa140717-e433-4291-a3ab-261791084140	1071
fa1afc50-d36b-4782-9adf-04493200842f	1127
fa24e359-9e70-4e18-8567-61249d500fa2	1143
fa2e6787-0540-4308-a36b-10e6d7987cc3	1077
fa3220c5-3350-429e-9013-579707a454a0	1077
fa35d48e-3700-458d-895f-d552c19c8ec7	1044
fa37eb80-a719-4b34-8686-538ee8067594	1076
fa39da69-f886-4e57-8338-64641dd942fa	1133
fa3f56ad-888e-4fd2-aff5-adf88da85a24	1077
fa3f9853-7f25-49d1-823f-de38f3517674	1015
fa4d8d7c-ad84-4e96-917f-2a23f94912d8	1057
fa4e49c3-ca80-4015-acaf-785d506a2ef6	1037
fa55f77d-b02b-41cc-bef3-94d59284a6d1	1139
fa623284-af8d-49f5-a59b-98fb6e5ef725	1137
fa634436-2569-4190-a51e-1ecfb50d4701	1104
fa6595f2-6ed2-46f1-b9c9-79ed0be183e3	1063
fa65ac4d-06f0-42c7-8719-d86485b57d76	1290
fa6cc78c-c34f-4550-b70d-408f8cff6ba4	1066
fa7193e5-b2a3-40e3-ab28-6256a75d75f9	1131
fa73beb5-5670-401b-9fda-9796d638c611	1140
fa75cd41-4e13-484a-8e10-8a1ce464fb59	1138
fa7e659d-ebd3-48c6-b073-68884734acc3	1139
fa8042d7-9e2b-43dd-b16c-8e9893f6cc53	1078
fa82a571-4825-4663-b4dc-eaa5323faa90	1130
fa8401cc-c478-4cc6-ad73-d14d28dd6138	1064
fa84df51-bd26-4d2f-a1e7-ab737c09839d	1037
fa8dc3c2-78c7-4b30-9840-2f30837711fa	1128
fa94ef16-4eee-4fec-adbe-165701973730	1067
fa96ecd1-3ec5-4540-bfb1-08fc29d7fcf2	1114
fa99210e-d878-4ea2-b8fd-ccc0ea3cd457	1133
fa9ea15b-9202-461e-a04d-cc7f0db3684c	1140
faa06531-77a1-44e2-ba64-a9f3cf055367	988
faa0d4d5-3ec0-41da-acbd-de115d906bda	1131
faa35058-b0d6-4082-bcd7-cc9668b4861d	1119
faa5c7a5-2609-42cb-b43d-6497b6c4ed8f	1116
faa5e6ec-a010-4e18-b7d9-6930d9fea158	1144
faa69826-0335-4513-8f72-a0412f61ae8f	1128
faa89504-4d23-4d44-8cb1-914a73620522	1128
fab7269b-f3bb-4442-90e0-bd520972a0be	1125
fab8e883-4626-445c-879b-275ecc10606b	1135
fabfd62d-3dd4-4e8d-993d-46853e46d909	1110
fac15028-2c6f-4249-848c-7c03d8bff5af	1142
fac29026-d892-470b-a8d4-7286c567efe2	1137
fac86451-3a56-43e5-8be0-fec92ed3ccab	1069
fac91512-d9d4-47b3-9e2e-e94b87778bc2	1055
facb0824-7f8e-4386-9940-b05edbbd691f	1076
faccf81c-4074-43e9-a38c-1272c5f29e21	1142
fadd5246-e437-4e2f-a5d7-e122a86cc970	1113
fae0c5da-e610-46d1-914c-497c3dd588db	1131
faf209e3-5480-41fb-8a13-06b043cd67bf	1047
faf631d2-5e42-4f4c-a4ff-05534260e442	1082
fafd85df-ed0f-439d-9570-0e73975bf9d1	1123
fafe63e3-100b-46c9-8584-a1f25f80c7e7	1148
fb07d787-7ed8-4939-817b-194416d0e30d	1130
fb098291-139b-48ff-ab56-576e699eaa5d	1063
fb0b87f8-a06e-49e3-a1f1-f54c02fcce70	1075
fb0bf5c4-a432-4a60-a527-00a71dcf0fd3	1124
fb0cac87-e688-4ae7-9971-97a95ffbd49b	1081
fb0e47a6-61ff-4cb9-9ce5-bb35aff02d9a	1070
fb1077d6-68be-40d6-b25e-f18bbeeb0152	1083
fb187337-aacb-4be8-89a3-7bcd1516cf46	1071
fb1b3171-19a4-4913-8eeb-61d97701cc57	1133
fb21e5aa-ccc9-431b-ba0c-85624e69ce1b	462
fb2292a0-e99c-49d4-9a69-efa714bce005	1139
fb2562b8-5c16-4fd0-abc9-72b85ae91977	1073
fb28d723-4b6a-4587-b9e8-3eb31c2da9dc	1130
fb28f864-c141-4335-b160-6982db9de5cc	1135
fb2bda4d-e306-4598-8bdc-3c292c2969f9	1031
fb2f9775-f478-40d1-a1d1-668934bf546f	1137
fb307210-5fd2-4204-a9ee-845081104598	1143
fb32771f-fa0f-4f00-a0aa-bbab5bf2e9c7	1129
fb338d0c-44aa-4304-aa7a-813079e8e7e2	1057
fb36f737-fca2-4e30-9627-89dc827ec9e4	1057
fb37438b-e8b7-49b5-9920-74a6e08d0974	1115
fb37982f-9deb-4c71-9940-3a328ef6c68a	1079
fb3a08b0-555c-4d66-886c-6872f13f35d2	1132
fb3aab3b-e010-4320-8e46-919102906765	1301
fb3b31b5-8761-4325-9265-e8e32876b0a9	1047
fb40ec34-c282-45c4-88d4-74bd5dd7ef90	1141
fb436e81-b26b-4aef-9149-fbc274153945	1067
fb437afc-5f48-41f1-9d7a-c2ccda80075b	1140
fb444427-752d-4dc1-9127-b256b14a0870	1082
fb49e078-251b-4027-aa6e-ca0bec554b14	1129
fb508e39-839d-4b43-ae3f-731bdb155899	1137
fb55ffd8-7abc-48b4-bf05-34a91dda94b0	1146
fb5e5a60-fe95-4f07-befc-eb2be2ac5543	1078
fb5fe92d-2d8f-436d-b390-48a7450e3e7b	1129
fb65248a-0ff8-4279-941e-631cbe5edc68	1051
fb655f28-0471-4c0d-b0c0-da7bd76c3b00	1072
fb68d51c-b217-4d3b-821a-7f10070b8303	229
fb6dd3b7-1300-4bd7-892d-51b1a5b90bbb	1063
fb7842fe-bbc0-48b4-8595-11f294e25528	1124
fb83ca79-9acd-4f69-b247-f3a62bd507be	1135
fb87eb8b-317a-4e8e-b2d0-dbb77a7cc6b1	1135
fb8a0830-aa38-4633-aa93-0492173bd554	1077
fb95e388-62f3-46c7-b9c9-60b79eb1b2cf	1126
fb967992-21c1-40b5-bf94-d8608d64b7a5	1043
fb9b423f-db04-400b-9fb9-3ef18d4cd856	1131
fb9bd3ff-ac79-486a-9237-66562cf58342	1146
fb9bdc92-04bd-45e6-9fe4-0acac508ec59	989
fba0cff6-8f90-4d66-b15d-2c94d6ffff0e	1122
fba22e62-9c38-4927-a946-daf10592b643	2118
fba25d09-e669-469d-bcad-32c54eb92cd4	1112
fba3e547-0a5f-491f-aef7-139619e220dc	1078
fba49b35-db6f-4ffa-bde9-e8c00d47138c	1078
fbaaa0d1-355f-4e26-a0a2-92808f6fc7dd	1127
fbb0fde8-beb9-40ec-bf60-5c1de56c2457	1137
fbb21244-6ee4-470a-967e-403c94aa9146	1140
fbb5afe3-814b-44b6-9b05-2983a2549d8f	1074
fbb86d6e-e016-45cb-9fb6-e9d74a179414	1057
fbc11b21-4fae-4498-8fbb-2e236a5dab5b	1081
fbc53153-5d28-4669-bef7-76bef2b0f185	1131
fbd36ab7-034f-4683-8dc3-96138bfbb64a	1080
fbd6e074-412d-49a5-9706-e53fa15ec8e9	1039
fbe146f7-9ce7-43dd-8ec4-be9a272dcbe8	1068
fbe32c03-d1a1-449f-aba0-b4281d38f965	1057
fbe64f42-8f22-42b8-9efc-9050e4c1db4d	1115
fbe9db75-fbfa-46e2-a27d-add5689af888	1136
fbede1c4-6807-40df-a101-60652db2e7fe	1075
fbf1e386-f2f8-4357-a661-ebb1ef2e8dba	1042
fbf35e75-e50e-40a9-b833-b22a32fe1c8b	1133
fbf3902c-3725-4197-b00b-25406f70e34b	1072
fbf3a9f1-b384-402e-965a-f95bd680492c	1095
fbf64b82-6b83-4be1-b5fe-09bf11657bde	1062
fbf852fa-4f24-4606-883d-73f93aa4ee1d	1071
fbfbee9a-fc3b-41b2-b920-dae77de74a7c	1068
fbfd8290-54a0-41dd-ac2d-e695d84dbff3	1075
fbfe587e-4001-4029-a91f-198d5402e4ed	1131
fc01a0d9-809b-414a-8da3-836cfbcbf19c	1120
fc066e21-7aec-43e9-8ac4-c0d62d26009c	1065
fc0ebf44-c055-43e8-bb40-41836e05c95e	1082
fc1587b9-a593-4c5a-a08a-4b8bb410f1c1	1059
fc189676-e7c3-421f-bd8f-4012d4be5415	1079
fc1c0506-0295-48c9-9bc2-62f2b895800b	1056
fc1c4b37-ecfa-4e3d-b5c2-7d4589ca1cda	1353
fc20e355-025e-4cbc-898e-8ca089cf91a1	1081
fc222ac2-ecdc-4d2c-a005-38e4b5e37fbd	1119
fc262d65-e290-4313-8768-e5186c264b0f	1053
fc26c927-9a10-4a47-9109-35599484c370	1135
fc277ff4-7225-4584-8338-3343ff3f7c0a	1073
fc2b8c61-d077-4c72-8284-9b5d73d4545a	1056
fc2fdcd5-79a2-4d6f-b1f9-d0945d7829ad	1136
fc364b2e-9745-4833-93d6-a46bc33fe5c7	1074
fc39beb3-6863-4284-b626-fcabade0d56e	1074
fc3ddafb-f46a-4704-add9-7c501c2882a1	1130
fc405d41-1c5c-4471-9317-fcd4045c328d	1068
fc478570-d9c3-4c07-a1ba-6077c99df170	1079
fc4b6357-6b4e-4a8b-a6ca-ac7f5d193bf5	1114
fc4e69c0-6bc3-42b2-9b32-600498a46fc7	1084
fc4f7693-2ecf-4aa5-8493-fcd2ffd1668d	1136
fc4f839c-d9cf-4f31-bf08-30d26116e614	1078
fc53377a-3345-4253-9392-5132ab4ea828	1073
fc5431fe-fc04-4131-ba53-1a17be4dc9b1	1137
fc54cbf2-22d8-4f87-b6ab-b4de5ba03d97	1078
fc5760d7-3fc8-4737-ac6c-689e8c48c135	1055
fc5bd05a-cdba-4555-9ccd-a0596e55a615	1131
fc5d858c-8a99-4e6a-a05c-d891d475fee3	1145
fc640b68-2f69-49fd-889b-f9f61b0dbfdc	1135
fc67a6d1-6ad6-4c54-9842-ce0fb9d58191	1131
fc68ca33-135e-4f74-9f96-535def34c382	1071
fc6df151-cda4-4e07-bc55-a77225b134fd	1131
fc6f72fb-7544-41cd-af2c-c90dde31e427	1142
fc708bc4-4176-446d-99dd-2525a23a9667	1076
fc70c783-f30e-4024-9fab-80f87d901979	1055
fc8099e5-bd3e-4c46-8027-ed0539afae67	1083
fc80f71a-4658-4c62-bbca-3db06819a4f4	1074
fc85d229-4f27-44ef-a175-a1cd9ea40e2e	1133
fc861e1c-80a8-4b4f-8b2e-f7b9822e953a	1068
fc867346-eb3f-469b-b048-65c596f42f62	1125
fc87cc78-1c2f-43b2-a698-852e82123f0f	1092
fc884575-c7b4-4019-af47-35067eb658d5	1515
fc896360-ff3b-4bf1-83b2-e6149f43766a	1142
fc8dc9f0-0e08-4d77-8be2-601f5a78deb2	1130
fc8e40c7-a3ff-46a3-8dbd-a89ab5fa6a10	1064
fc92229b-32ed-4148-a422-0470d9bc3dfd	980
fc932af7-f1c9-416a-9a5f-d1ab5e7f2f5f	987
fc940643-d1bb-4751-8d86-9062afdea6f3	1071
fc9818df-e700-4833-adde-1b4c7075563e	1139
fc983e79-461b-43f9-8bbd-005ed5e93fb4	1042
fca07eda-3d47-4f25-8dd1-2f45590b1faa	1137
fcba5fbe-239d-47d0-89d1-5279510621ae	1080
fcba81a8-569b-4b07-b375-8e33ff846458	1123
fcc0ecb2-bce6-41a6-8793-87df5f2cf79c	1078
fcc2a83e-51e6-4fdd-a5ef-e4fef21c2688	1142
fcceddc7-f31d-4c20-b615-f9112866a23a	1066
fcd1e192-a56e-4bd2-8df9-ac37070d5a11	1117
fcd803ce-b955-457e-aa40-7321c5563846	1056
fcdd30c2-1fa1-4814-b50c-e29800203b50	1074
fcdde46e-9999-4986-9a1a-8649b8ccfcd5	1132
fce85db8-fecd-454e-ba81-88bf0aed0393	1131
fce88a32-66f7-4a93-ae4e-9f5e0eba1b61	1145
fcea4652-3f53-472f-87cb-a0e7b29addb8	1054
fceea801-0f10-4e22-ab62-c2bb5d17f12c	1132
fcf00cca-8de7-4199-bbd2-cc2b1c9b1b97	1121
fcfa07f3-1a41-4767-8f04-719f6cee5070	1072
fd00c71f-552a-4789-8998-06cefd0dd317	1116
fd03481c-ac79-4756-bcb1-e3116c59d9ca	1131
fd0d6c0a-ea9e-416b-8891-0cf87e7de866	1139
fd1f0fe8-55d8-4c69-a888-fefd1ef9dbc3	1076
fd20dcae-10b2-4900-b795-27a86fdb0fed	1121
fd225708-d526-4024-9a46-bf8d1e66a457	1069
fd241875-88cd-401a-8d41-fd53b82699f8	1007
fd25dc80-d1d7-44f7-9b4b-995093c15c16	1001
fd27f1e1-b269-43ee-8cf9-dd504fe93919	1132
fd289049-e6ec-4583-9a9d-76e8a7a66c18	1085
fd2afdc9-4a10-49e4-a530-3cf73e320997	1054
fd307cf0-e045-4ea1-a765-2763961f5a20	1135
fd358273-4b0f-454c-991d-b6dca9ccddad	990
fd3b7ae9-7f52-4b38-bfdc-4330998c36fd	1361
fd3cee46-3372-451b-afa0-06838b39c0f8	1119
fd3f919b-89bd-4a4a-af23-3c88c6ef808a	1135
fd41fd38-81b5-4001-a311-a1930155bdfe	1137
fd450dae-4136-489e-8b6b-61b9eb443b16	1145
fd48500d-90ce-47fe-92b3-691af193a4f3	1072
fd4c4c86-9b78-4b33-8820-fd9c05ef2853	1120
fd52bcf7-eb0c-431c-b1c5-90d09e8fa226	1131
fd52cdcd-6abe-40f1-9310-2f16d7c508f8	1075
fd5426a2-8d8f-4680-a0cf-1922be4908a6	1129
fd573fc1-129c-413c-8134-a15747226498	1135
fd58f9f5-eb32-499f-bec7-2e9ae92fde10	1072
fd5e5ebf-3d33-4174-acc7-73a2c9af4b19	1083
fd5ebe11-769e-4efc-b39f-944cc1df97d1	1072
fd60d4a5-0ce9-4f95-b698-1d1b1fa22328	1115
fd61c37b-822e-41d8-ba5b-c2d3b24984b7	1067
fd64e2d0-cfb4-44f7-8954-195cdd3705b0	1006
fd67182e-29bf-413c-8721-e8737e7fc30e	1136
fd676d02-1c60-48f5-af9e-957f3d827ca9	1132
fd68cc79-b000-4109-b31c-0f29d621eb24	1058
fd6ba84b-57f4-4d36-b7da-e0adf8cd771e	1143
fd6ed4da-14de-4a6c-b358-b24226c69532	1124
fd746ba7-d553-4923-9a8b-306d7675a778	1140
fd76d5fc-db06-40b7-8093-cea4a372c942	1137
fd774c27-b286-445d-a13f-99aefab1cbcd	1112
fd7a48e2-a844-4305-bd44-b99d6ca93551	1062
fd8040e4-91a6-4c9f-bcfd-13f542c1679f	989
fd8112d1-88aa-4db4-a9b3-529be602057e	1133
fd84bd8d-9467-401a-8509-cfe918b5613c	1119
fd884a80-6658-44fe-956f-2c1f269fe6c7	1076
fd8c9459-ea6a-4153-839e-c3c283544052	1081
fd8ddc40-35f7-4957-8498-3e1552bc7cd7	2073
fd916cfa-d130-40d1-86e6-f542b1ba9205	1131
fd975431-cf07-4430-afb9-004d6d8b9815	1132
fd9c36c1-9f77-4f85-a2e0-c7d6a5b9be1e	1140
fd9fc248-fbaa-4499-a7c6-5d79f13ea3bd	1149
fda948ca-73ec-422b-8482-e794c1e38dca	1070
fdad11cb-6ee1-4ac7-8df8-1de0f7437601	1128
fdada4f4-6313-4a52-84ca-0ec59bc7a99f	1067
fdae5fb8-d949-4d59-8d4e-d0aad47b0d3f	1131
fdafb432-4320-45f4-a2ed-9e7d09afa204	1125
fdbe9327-431f-471f-ba7d-ecf7bb67e989	1060
fdbfd048-d7ae-423a-b0bf-73edc46ca4df	1135
fdc31187-71b2-49c1-ab53-bdfc2da39f80	1060
fdcc77f8-f409-486b-8fa4-360067202198	1061
fdd685a5-e012-4108-b7b1-be67b1730429	997
fddc5ec7-ccfa-4242-954f-2c8abb496f7d	1046
fdde0de0-a6eb-4772-bb11-54da32048803	1147
fddf7644-7568-4f31-aefb-0fab2155f2a0	1084
fde05ca9-9873-4e4f-8481-f93b77c47947	1119
fde2a0f0-dc9a-4dbb-b655-165fd715891f	1061
fde482c0-d8a6-4dbd-a011-ce3e1e9c7903	1129
fde5bd45-e19f-4ec5-a01e-1063e7112aa6	1140
fde8cda8-18ac-478d-bbe9-437f5ad3d99b	1131
fdeee546-1685-454b-b4ee-e0a691d89367	1062
fdf42ac2-2412-4766-9ca3-73e2ddadbb93	1118
fdf450a0-8571-45c7-af8a-b2410089c0c2	1133
fdf8e442-9bad-475c-9c5f-28e41f435c66	1141
fdfa2cb9-42fa-4286-8b68-d3945a1de564	1075
fdfc33ff-aa18-46bd-b515-a1feddf0bd35	1131
fdff589c-3ed9-479d-b624-3cfa546079ba	1136
fe024e48-685a-4ac7-a153-42e88b2c6888	1072
fe04c1a2-2e54-4cb7-a2af-1d6bee8e1a95	1116
fe067c33-6dcf-4fdf-868e-998427109973	1129
fe072c95-ce4a-4a45-992d-9db24b0394e0	1070
fe090f54-7dc8-4920-ac76-a274be3011eb	2086
fe0d9ed1-2264-4974-ab2e-62516189352b	1076
fe1051f8-7fe9-4eea-9c28-db3b6ea63beb	1144
fe12391d-59a3-428f-af29-2fadbf71e014	1141
fe19f20f-a659-4bb0-b09b-ad614f78117f	1074
fe1cdc37-0660-4b7c-8c9c-bf69581c9d14	1115
fe216a09-7f7d-4697-8a41-4beb7eb5a933	1125
fe2616f0-52f3-4e12-b7f5-bed2d80b4128	978
fe26d459-48f9-4b47-a747-6b0c5c263527	1064
fe2cead2-bce0-4a50-a5cf-9892edf35eef	1130
fe2e63d2-e4e2-4fce-b212-380a94f2be3a	1134
fe2eeec0-f697-42f2-a880-4200d0927c20	1140
fe3011ee-1aa2-443c-b664-8b12567dfa4c	1069
fe342155-a339-4a3b-85e6-2a04207df0ea	1143
fe34e80d-3d6b-4e04-9bd9-2cb7178a015a	1103
fe378628-d37f-4d2b-b08d-edefe158ba96	1138
fe3cd624-2102-4dc5-b30d-6f60f3a16a9b	979
fe3e8313-8fa9-474d-820b-a9d9273a0ca8	1065
fe40ccc2-1bcc-408e-b491-34820bf84d90	1133
fe41b128-4716-4ed4-ad1b-2b8375d754b2	1099
fe4481a6-5836-4c7d-afb9-7a351180e011	1066
fe4aeb01-457a-4999-8f60-5e61fbf8f9bb	1071
fe4af2eb-a6cc-4325-b4d8-50d0871720b2	981
fe4e9360-352e-40ff-a576-5a7ff649769c	1064
fe50577e-1484-445d-b883-aeb7dc664a7f	1071
fe54a425-6af9-4839-b17d-d4dc3b2687a6	1121
fe5555e7-4356-4594-82d2-10a8ba725ad5	1136
fe56a19e-f3c0-4bdf-a473-fee6c999bde3	1143
fe588e7d-cfd3-4b4b-a5c3-f79ecac5bfb3	1118
fe61c5c5-a2fb-4918-81c5-b140b451ddac	1083
fe64bdc4-2b1b-4d07-9981-d689e49f4892	1145
fe68c258-9861-45de-b26c-63d8c10f1b72	1135
fe6b4f8f-6223-4322-a2ef-f93106e4843b	1143
fe6c1277-4754-49a7-914c-fa1c4d7ab87a	1068
fe6cf358-9347-4117-9fef-8eb6d1fb207f	1079
fe703ece-f9a4-4c4a-af0f-e898b8d98112	1143
fe75effe-950e-4d52-b87e-9df5aef04eb3	1049
fe771435-1e30-4e49-91de-604304e390b6	1073
fe774484-40d2-4018-bab5-c9f558d9282b	1133
fe7aa88b-db2f-424b-bf87-f8158fbdd408	1079
fe7bf253-09ae-4516-9669-96e6d7fdaade	1138
fe7c5a10-d9ef-407d-85cb-b13818ebeedd	1129
fe83e5d3-12ce-4b68-8f87-be4b408412db	1145
fe884199-0334-47b5-b155-6fca28206ead	1138
fe89c7b3-bd27-4b37-bf16-a4d754bd1a08	1061
fe8ed891-84aa-4f62-bbfd-18637cb3577e	1144
fe91ec8f-8973-4cca-b62a-853c271cd178	1135
fe957e30-a534-4edb-b123-9094a022fedb	1121
fe9d9059-8395-4c91-a224-3c288cddbbe6	1136
fea1439d-6052-436f-b76e-5321eb62ad21	1069
fea31715-23e5-4912-84ee-80720ca3c911	1053
fea5e6d6-8284-4b94-b318-6584ae73bed2	1120
fea6e963-028f-4caa-a537-ecf845d04ce4	990
feac3308-059c-4c51-98da-9d979e8ec0c8	1061
feadf7a7-8c9e-4cdc-9c07-8160276381a8	926
feb37b99-dd5a-4c57-9833-e6653ccf432c	1062
feb50abb-74fc-4889-902e-5de32fda5138	1131
febbb399-e004-42c0-aa2d-b3579b4b4891	1040
febd2b4b-57ee-440d-b481-fd0bda289ab1	1128
fec225ae-7395-4e92-8f45-e1c135c042da	1127
fec5bac3-678a-4601-a5a8-c14259022be1	1142
fec63410-ca36-4989-8278-3da9d792a441	1068
fecd4e85-dc27-49b9-87b1-322f6dc1e30a	1129
fed6f7b7-e035-40c0-b6ff-4f001dbd6551	1069
fed79e0d-5d5d-46e3-b13a-5e29b5395110	1126
fed814d7-0394-4149-8924-0da733cfd09e	1074
fee3b2f4-e8c6-4735-b2bd-45d2418689fd	1081
fee597ae-4d73-47ca-b89e-eb8f187691ed	1074
fef02c17-2bd9-4799-9059-da3652aaba8f	1141
fef6de5d-48c9-432c-9e8f-2e381d9d52ef	1065
fef87673-3492-4ae3-a32f-89e647d1c25e	1068
fef8f379-d9f5-4e70-963d-fe69e412f69f	1139
fefee61e-6231-4feb-a6a0-c61d05badddb	1087
feff73b7-6efa-456f-ac74-788df3c7f077	1074
feffefa6-299b-450e-ae0c-cb24232f381f	1129
ff02077e-9b44-49f9-80d4-6b847252dc7c	1077
ff02cae7-bdde-4e8f-b9ff-1b38bef259c8	1142
ff05769f-a3a2-42e0-b56a-99e53f77b979	1141
ff0832e3-73f1-4a7f-bb58-1e9a193f512b	1060
ff20e959-45f4-430b-8462-a1083f5dcd7d	1133
ff24765b-0478-439d-8648-910395e360ac	1045
ff3501e2-a8f9-4a15-a42b-81b26f0fa377	1135
ff3684c2-2cb8-41b8-8154-2650963692ee	1132
ff36fef5-b6af-4748-85ef-9d7af7a42025	1131
ff396301-8e52-4783-ba32-eedea658e527	1128
ff3cdaef-3005-41e3-90f4-493e121fb5d3	1070
ff3d726a-e3d7-4261-a291-b64a3dbf1a85	1111
ff3dd585-a08e-4290-80e9-cb359737d069	1132
ff3f233b-ed60-4369-b9ba-1ecf288afc8a	1082
ff4247be-3b84-4936-8553-3c2da3fe11a1	1134
ff42c76b-c0d2-4717-be04-a1c4c29d1713	1122
ff432516-7157-4b9f-921a-7f9dc100fc81	1130
ff432c7f-ac57-40f2-9980-7a78fb2a1073	1077
ff4448d9-9171-4d60-859f-8e63547ccc6f	1076
ff46d371-8d1e-4a0a-94a1-c8c1aad9dd30	1069
ff4979c7-f05a-4640-ac8f-c02bba3a41da	1077
ff4babdc-4b7a-44ec-b976-c7988a751479	1074
ff4d704c-e6d0-4db9-8db8-3fd2434e4036	1076
ff4eb74c-7a6b-49eb-bb24-a38d8741108c	1058
ff4f3388-0c51-442e-a4d5-caf836702664	1111
ff4f55dd-6fae-4ac5-9700-633b94455161	1070
ff5b37e9-f6a3-44a8-a46a-c27a75e3356e	1118
ff6085cd-2d8f-4575-934b-0ffd49320fb4	1069
ff6294a8-1220-4f1f-8054-fee08793f10d	1079
ff6353bc-955b-4e8e-8928-09fc2e5ba94f	1070
ff63c031-3cc4-4b90-aa61-0e576f88868e	1067
ff667427-6cfe-4c00-b37f-9a179c38c321	988
ff67962a-a3bd-4f39-97fb-cc610a7bd76d	1124
ff69a276-55e7-462f-8697-dc333044b2e2	1036
ff69ae2a-93b7-44f2-a599-1cfe268fc014	1118
ff6b1d93-7b77-45a4-8cdb-c0fa35aa610b	1062
ff6b694f-4094-4f97-b60b-3d5dd95d7ef4	1117
ff6c34fa-7728-471a-86cf-a9f3e89b0223	1125
ff740cca-f8f9-4465-9815-875b09ca5a3a	1049
ff7534c6-ce55-4347-a47a-f3464200d4ec	1123
ff76cacf-be74-4b00-af99-4f4476581d57	1071
ff77d674-b23e-485a-975e-299b67b278ea	1063
ff81a5d6-94dd-484e-bed4-78af93cf817a	1037
ff865cb8-c39b-4b64-9f7c-1e85d8e93923	1079
ff8acc7b-d648-4983-aa23-dee797fed476	1061
ff8b707c-018d-4fdc-a521-3a0617817f15	1138
ff8ec730-834f-4bbb-80a5-f15897f7bbc1	1071
ff8ef006-0482-4588-8158-a1f962966d46	1077
ff919d9b-a716-4e42-9b0e-1c35b8fe45a3	1125
ff92fad8-2c59-4a51-8534-56e588142f0c	1119
ff96b38c-41e9-4a25-9f14-5a8d3e585f91	1072
ff96db07-7c7c-4df3-bcbb-4e575163b4ab	1077
ff9833b9-5c22-4975-a2b2-a0d5d491d569	1069
ffa09953-a707-4a7a-b07c-2a7366be6fed	1073
ffa1c169-ce75-484f-9e8e-70db63452a44	1133
ffa627bb-c6f6-4d8a-a24e-4a20bfbc1ecf	1108
ffaaa492-1a21-4b27-bf8f-7796c62075ac	1124
ffaaf54e-ff96-4700-b77a-1150e397660d	1064
ffb06874-4103-401b-8ba6-612abf2c3a6b	1045
ffb11fe7-7fd5-444b-9729-a4fdbc3fc23b	1141
ffb30b03-f5c5-452d-a197-5f875eee257f	1075
ffb4f125-19d0-45b7-a08b-ef0bbb6b938a	1059
ffb92212-64ca-4d2a-9cf2-b6cbbb921472	1060
ffc0a921-bfed-4767-aa59-929b002d2914	1136
ffc45d7f-e407-4937-bf04-306fdec3a778	1073
ffc54771-fc91-4cff-ab78-bebc19df07e5	1119
ffc7b9be-fbe9-43b6-8059-79f3d0d12ffa	1144
ffd1f828-bc79-4f91-b936-b8b7481066c8	1130
ffd47871-2b45-4bd2-a528-1e04cf6c1cd1	1071
ffd5d4ca-02a1-4c93-9dfa-14a059b745ee	1127
ffdd6962-c76c-45ae-8cd1-d19cdcf02a2b	1067
ffe03fd1-b1d6-4251-a038-f740da7920d1	1139
ffe56171-1489-4202-92a5-4cce16ce3953	1083
ffe6272a-34c6-4c98-95e4-2b1e284266b9	1064
ffe9a5d5-62f1-44fd-b7fa-1a10c15c7a1e	1085
fff2ba44-af65-49b0-adf3-ec6103cf9424	1138
fff618d1-bb9c-444d-a42f-3c32c208aa23	1112
fff8eae7-a4b0-4103-911d-2c6ddf42020d	1070
fffcd6ee-16f9-4f87-94c4-9045c40b388b	1068
