0005e763-acb0-4b3a-a369-3b060eceadfd	1054
000c4f82-7ab7-4574-b068-66d8cfe17e93	598
0018cfcd-c09f-417f-9bd5-bde10bc3ed74	1033
001a16ec-2424-4822-b35a-d0d0595d136a	650
001e8d89-7af0-4e52-870f-176ba4063751	971
002a119e-7f83-424d-961d-10973a611534	418
002aa059-2d1d-4be5-b977-28c9c9b0dd9d	1335
0039aca0-1a32-43cd-9119-3bc8c9edc1ac	2207
00432a56-345e-49ed-ba55-772d21f0ee4c	2339
00497cad-55a8-4b63-baa7-790c94400f8a	310
004f5a8f-4534-47b1-a0dd-65e9488169a4	659
005a2b32-f607-41df-bd91-a14f448e4cf4	1059
00604236-786e-46a5-8cb4-56d6c6d4d35f	755
00612188-f909-4a81-819d-d920742cb1b5	535
00663269-a7c6-4c01-81f1-2b8a917595da	968
006ad0e3-1b09-4383-84df-28845e23bc69	1061
006f3f10-ffe1-4e83-b829-0cb12824c51b	1075
007f8371-a058-4df8-9682-62bde87d1fc7	1346
008257a8-4155-4d9d-8bab-b1025b4b6909	2179
00927c56-1eb6-4727-ad2a-7c1cc5d9bb04	1073
00997e04-0a12-438b-92fb-622ab96eb434	1086
009ccaa9-f4e2-4ebb-8704-a0b231c2b892	1212
00afe10b-ed0f-43a7-9177-93b89b4ba683	876
00b456ca-b884-43b1-a707-dce4eb2eedca	1075
00c0619d-0bc8-425e-9e4f-53efb398adc1	750
00c45a11-e7ea-48e1-9b85-1f756bd94cf4	1062
00cba9dc-7342-4282-92ca-23b0377d2390	1243
00d24cf2-52cb-4fb9-95e1-c3d02c921e86	1032
00d678e5-5047-4500-a1d2-cc7823c37ed6	575
00dc105e-01b0-4c8e-8061-2f69529514a6	1374
00e2c65b-3f4a-45de-83af-d7bdc5bbfa01	832
00e3a4d0-97b7-42eb-9600-3fa33ee4f821	1034
00e5a292-4f75-4e95-9f8f-7d5a8f9b4a07	1085
00e7a7ad-6d2d-4e51-b0b6-cde264aae012	1065
00e9654c-1131-48a1-9a8f-63cc1848b483	1072
00f0777d-e872-4d06-839d-59ac81fb7755	315
00f4c532-67b1-42ed-892b-7d06445e6ab3	1134
00f6d85f-5e04-45ca-a029-08c3df062035	1079
00ffd0ac-2480-46bb-a090-e6f7d30bc06c	769
0105bcb8-7a4d-44d0-b6d5-91526d9d4f1e	1311
0111d94f-fcec-42b8-8afd-2d8dba67b0a3	1063
0128ac47-f0b4-4dd3-b605-4e21bed56d4b	2274
012a8bdf-fe5f-4526-a33b-796ce7d1fb6d	1053
012b5fb4-5541-45c7-a1c4-33e40249be71	204
013626de-0591-4d71-b34e-258a6e6df2b8	2123
013713da-2c4a-4175-96fa-ec7a576a67f4	2310
013dc470-2f43-4c96-b5ca-1427901ba217	199
01451a03-e67f-4781-af49-b0265ec8a295	1067
0148aecb-3478-469f-b3f0-e7ace6c0135a	1060
014a8952-0a82-4bb1-a2b4-943c19da5052	219
01620d57-bca0-4101-b410-19429832c2b3	348
0171a6ee-d542-4180-b1a3-81b791ef38ec	1068
01763cf3-221c-4000-ab4a-344bf37386da	1070
0177ca3f-cb2c-4be9-93be-bc7132de3d2d	1037
017b8c2f-becb-46a9-95da-944be0dc5960	2050
01846c91-16a1-4e67-a1ab-c5d66ec57ef7	1005
018927ec-930a-4c07-8809-223563590909	494
018c846f-33f6-496c-b482-37e5d32cbb03	328
018d118a-804a-464b-9b50-d194e3f606e8	1391
01af527e-6d06-417d-aa7f-637d61393e72	1125
01b9ca67-89a5-403e-a511-7f18ee83e706	1398
01bf2161-5262-4c4d-af7e-7c13201e9702	1090
01cbf0e1-af47-48da-aef1-098b5214c944	137
01cd99a4-2079-4f8d-8568-f79415d66b28	1909
01d0540a-119b-443a-8d4d-86a5d05c1c27	1070
01d3e0ab-24f0-49b0-8e23-9fa35b51634e	964
01e3aef5-571c-4548-bfe3-3df1c8ecbe14	1130
01f7b5a1-63e3-4619-9f74-2a7c3b44512f	1107
0200ac68-cc7f-4a75-bc6f-df0a723d394e	1244
02030f87-dbb2-46a8-baf2-f7b24c564394	1120
02104b06-176f-4cae-a86e-1a4e3757e31c	258
0211384c-a205-4136-955a-abda28c15a2f	995
0215b305-9d90-4d01-bf43-43e552825a4a	2206
022ba6e4-8757-4d41-81ad-7175d84f74d2	1143
0232e343-055b-406c-8e00-ab5bcf1d4dbc	967
024fa03a-22b7-47d8-a7c3-25ee7dcb2ede	3077
0254b6fe-ad53-4b55-aeb9-a3a893d717cd	943
025998a5-f1f6-4ebe-a131-4d39aac493b5	1142
025fa396-b22e-40b8-8363-f9e134e0cbaf	1649
026bb73a-4d55-4d5a-b8b5-7996230a78ae	1496
026c2865-32eb-4a2c-a5da-ebe680a1a896	1015
027459dc-7c6b-4b33-9792-96d4b10e689c	1006
02766cc0-3737-49d1-94dc-55c8aedc9293	1069
0282ed54-334b-4f8f-8eaf-23b9d962e22c	1255
0283cc51-0dba-4849-bb7e-c7ec302cb052	1000
0284b79c-a0a8-4ac5-be2b-f6ab9d36f79e	423
028b8d35-77aa-470e-acff-57f50786b3b2	1254
028e4e75-74e5-4046-93dc-7be13beabab2	1027
02939b3a-d467-4c23-9e95-cf9365f5b108	903
02943fd9-d50a-4d26-8e80-051617c30eec	1039
029fb46e-03aa-4c6c-9ebb-b97fcdaef91a	1099
02a0e257-6d33-492d-837f-3850f2d711bf	1071
02aab9f6-fd5b-4f8b-82dc-af14bc04f9dd	1077
02ab1335-c94c-4987-bea9-c38dab2d1b7c	1055
02b1c930-2ec8-4ff7-8bf9-9f89332ddf13	313
02b2704a-c585-4881-b9d6-c8f1d7c78756	964
02b79463-99a5-4fd6-9053-45bd48bbc788	1087
02b7e785-1467-4c2d-997b-0b91e69183bb	1075
02b82cc0-b55e-4edc-a9c1-160a7e325a9b	1547
02c153ec-5888-4e83-ac24-2718cc381967	845
02c70ae8-e933-4ecc-8843-08750c6df948	908
02d3c339-ebba-4018-a7ff-6837e88eda8e	888
02d64f3a-16b0-4789-8580-4b7ad5496266	1077
02df0de4-0eff-4ee8-8e04-a3d04c52c16a	1291
02dfb14a-6026-4d12-8986-09e3b481edd2	1067
02ed9a16-937b-440f-aee5-6aa352fc797c	1132
02ee5bae-70d2-4ac8-9e22-9a8c09c43887	1057
02ee6b5d-dd0f-4d6b-8c22-c27e94eb69c0	1062
031d4886-8e96-4f7e-8fe1-3d1d5b845a32	1416
03205120-9ecd-464f-a596-adb295930bb6	1076
0324c33d-1c2c-4957-b74b-f33c165967f4	1079
03292c45-d814-4ce6-af2d-ad4e9f0d3d19	1047
032ac18f-757f-4441-904f-b0a2955a48c9	1117
03330aa1-46ca-4242-a71e-7d9f5eb4e6d3	1066
033420d2-631f-4d08-818a-6f4339dd99e5	3464
03382561-c2d8-4b89-8e07-92a14d9b392c	1088
033a18c9-953c-422b-bdd1-e521d2ca0d39	978
034215db-3944-4fcd-a2dd-8540a9fc48aa	1077
03435e60-8f5d-42f4-96bc-79b235ce4427	1363
03489561-4623-4b22-88ca-6685649af5cd	1269
034d9d4d-bdd3-4b78-a8fc-a68887d60c69	1196
03519d92-3922-4421-841f-5560613ffd2e	1049
035aff37-4b02-4052-8e70-319c8e5ffef4	199
0365f619-cf17-4b63-ab4a-95d0344e8e2b	1058
036a6759-56f2-49c1-a7f0-55f000705534	1355
036fa768-3715-476a-8947-a01a65747d44	980
0370eee2-9bc0-4f92-883d-a535419a51b6	1435
0385fe0b-843d-4b80-96b9-623302a18472	1037
039c034b-98cd-4767-8f81-239c38a3e52f	1069
03a18941-896c-477d-b8b2-8d9fffe77860	1213
03a45348-b174-4563-ac55-e7a4f610c43e	1385
03adc3fc-aac3-4522-acea-c40eb0c36430	1067
03ae73ca-519e-4b7e-bb9f-7751ec9afe79	1039
03b23ff3-4cd8-4d1a-878a-c8535ff727ba	1211
03be7a20-5cd3-45e4-aa52-042b3e0a0217	1077
03d69922-73e9-482e-921c-512149a6d8ea	702
03f21f6d-62d6-4b58-9f6d-360bbc007708	1082
03f64680-cad0-421e-99a4-8e61c3a31c95	1024
0405e3da-2002-49af-a026-75c7929eceab	488
040c8976-1fb5-4519-af3a-611b7fbc61a6	1101
0415d04e-839a-4bb7-a00a-6bf404bd218a	1068
0416fb4a-e692-4f8a-be26-459bf281a2ea	1085
041b52f8-8ecf-4923-b422-c43b440a34c9	1403
042e15ca-a364-4a02-b6a6-eb5cb5a7ddd9	285
042f5e85-dd9a-4764-8d03-aea9797c3185	1423
04301675-4741-4a36-91dc-3454465e89e4	1478
0434fd5c-8123-4d26-b291-36898d28487a	1335
04370815-f737-497e-94a3-e0f55bbe8731	1669
043939e5-4b2c-4535-8d72-09bb5fcba573	192
043a314f-36f7-4956-a230-9f0ae0b59df3	1143
044ae325-7934-438e-a4a5-7fec1933b2f6	1266
045a0d3e-4de8-4dd8-adc8-64b24fa3a4d8	1093
046003ca-cf7f-426a-a2a0-0a613d30ed34	1046
0462a1d8-a2b7-4b63-a650-e531e18fbd45	985
047604a7-13e9-4875-aba3-bc68ed3e8d5c	482
0479e86c-6909-4ef8-8214-383e61d3917a	236
047c260b-abdd-4917-9800-ee28666c43c7	755
048c14e4-28dc-444c-adf9-74faff235ce2	1886
048df9ba-823e-4b03-b87b-fc4bb9aa03cb	1375
0492a73e-9bc4-4532-a48a-ac6301f40ca0	525
049c30bf-0bfe-41b3-9598-15bc548edc58	1460
04a12836-5472-47ac-999d-eba201e6cca5	2880
04a6610b-083c-4a7f-942b-fc3d3f65e2f3	1101
04ad16bd-d79e-4e55-8529-bf6f0b3060db	427
04b8b942-bbb0-409a-9f80-bc5b8939fa94	926
04b8c9c1-74d8-438a-a3ad-f673b85ac2ee	1060
04bb6df4-f343-4b18-ac9a-25aa2841b56a	1365
04bcadaf-ace4-4e4c-bb88-2adcc65f1d4c	1071
04bd43ab-1f1e-481c-9a0f-c0597222ebc8	1168
04bf2536-0107-4154-bace-e486de814135	794
04c1bd4d-8819-4424-a629-5cd009c7cc0b	1444
04c94be3-b620-4481-a4cd-f0a2594595f2	985
04ca10d8-1b77-44fb-8f82-c0177450f1cb	1082
04e27d3c-029f-429a-bf40-3b9ee30aea57	1036
04ee1715-504e-457a-ad6c-3cd4afb28cd7	1070
04eec8bb-4e67-42d3-8668-606e96437760	1371
04fe76cd-f155-4e3f-bcbb-eb459461343c	2279
05024807-bd26-4a1b-a75b-8e984fb090d1	1074
050a5716-90d0-4efe-8239-d1b070118bf0	330
050a9450-821a-4b48-bd57-dca455b782fc	1007
051c39fe-a358-4da7-9be4-af15ea291fb3	2383
0527d9fb-3e18-4a29-9503-4e267804355b	252
05329b8b-b46c-4d2e-be68-18146b863739	1252
05347886-3fd7-4210-bcb1-4ebdd79bdace	1249
05348f3e-bb70-46ea-b115-af5639042fdb	1069
053cb530-515d-43ea-9be1-3c423cc83d81	1097
053dfeb2-8265-47ac-8ef0-8f11f955bb26	1248
054e78b7-b961-44c9-975f-57befbae4710	1083
05531bc5-d128-468a-9e8a-5ae1c54cfa6b	840
0554471d-928e-4ebc-bf1e-46b216bd98be	1065
055b5438-c687-492d-bd4e-18d0d1d00993	1081
055bdc53-1a9a-43f6-a514-f7b4565af3ec	297
055e680c-ab30-44ce-9517-c0652e253901	1052
055e6a31-289b-4630-9977-78910615b9d7	1364
05608ac0-b5cc-4f2d-9d6c-3d7d59955e04	2112
0562344c-3763-4475-92e9-7e91c5a12a84	1322
056840a4-5355-4fab-bb5e-0643facbe316	1026
057011c6-ec1f-4454-8a46-16e5b1af6455	1058
05716a46-e1b6-4329-9408-a31e37ac3149	141
05766273-8d94-4c3e-9125-893fd128b2d6	1036
057681f3-fab3-4390-8b9a-c2acf5682eab	1355
0582dddf-3769-48e1-b43f-d8d4535c29b4	1047
0590da0f-2796-40a3-a667-a55e9fbf980e	1153
05a19cc3-fa0a-47a7-84f3-500fcf109706	712
05c75009-aa20-4e04-aefd-eaf5a7e9926a	1052
05dedfa8-1564-4f22-87b4-aa79c54fa36a	280
05e4b92f-03b7-4143-8563-0a364f8853c7	1014
05ed5313-269e-47bc-b8c9-db92239814f3	1313
060609f6-88bf-48c4-933d-19734fd9016d	399
0606a1a4-cb35-46da-965c-d03c72b6399a	1934
060c080c-f1f5-4d01-b1ef-522a7b702ed9	1377
060d91db-e8dd-4f37-9fa8-33019e88aab2	1077
06178532-aeb7-49a1-89d6-175f4b66ee7f	1070
06187c1d-32bd-4fe8-8db0-e378656bea2a	378
06247e3a-a0db-4f43-bc7c-03d20b94fa5c	1048
0631eb71-37c5-42a5-8fd3-4d349bddef4a	1045
063839b9-7690-4f47-a46a-c3bc157589eb	2126
064f708d-c4ff-400d-a15a-3f9f1ec9c675	993
066ab213-2e40-41ef-9c4c-095dd90b69bb	990
066d6b43-05ce-4f7a-ac0e-157d497d2570	2218
067b34ec-8f36-4270-b4e3-b6fb661ca1de	1060
0684ea25-4527-42da-b008-c0ff0fe1548f	930
068ec861-78e4-422b-8deb-51b4cbe639c2	1022
068fb989-998a-4c1a-9802-9ffaeb877ac9	764
0695522d-4194-4612-b09a-3652febe4818	341
069ef9a2-bf8d-40a3-bd34-63e537176dc4	1001
06a1ea1c-5d5d-4767-a84d-4efd26920f91	1067
06b25e4a-4dd4-4250-8254-7425297848fc	474
06b81740-f001-4b3e-8e93-e2383c16c62a	1399
06be2cc5-7e66-44a6-8502-4a7f19bbd309	1441
06cca470-b6da-4fa3-a878-88fa3f38b72f	1110
06ce609e-4a7d-4a80-ba4e-0d2eb8600c34	1024
06cf0a21-5e85-43e3-b57f-ae0ad02b9cd1	195
06cf8d91-3363-4fd2-8d64-0c8adc9a207f	1080
06d55e4c-431b-4c5c-b341-02f4a1ea9095	2196
06e12e3e-c550-4d29-ad60-73ccfe7d7128	344
06e30fe7-78a5-43f5-92b7-5ff0462ed969	1004
06f659f3-6978-47c7-80ee-2b7cc5ee8203	1115
06f72181-510d-4a83-bef7-1ee9b849eb14	1009
06fadc03-cf20-4ac8-a68b-d01a1ae16c5a	1033
07203da8-7548-4561-a8d9-37de148dc3c7	1213
07251358-5aa0-4754-80af-d13a536986b6	485
0728a73b-e3e7-498e-a3d2-ed24426d0602	470
07318011-e6a8-421f-b262-9b4ecd686a2a	1060
0733e376-18fb-45bd-a7bc-cfb6862c0468	1156
073f57f3-2d46-457d-9db9-d5ff47a0692d	1016
073fd8b6-4d4d-4e3f-bcee-b243081a3ef0	1078
0749c368-7bcd-4879-9de3-d3ea9032e590	1073
075a399c-15a4-41a6-8d92-79aa553b3a38	1053
075e92a9-781d-4817-9173-9df5fa40fd6c	394
0766bdb1-a5ed-48ae-acf1-e6e2e44efdd2	639
0787431a-cca2-4ee9-923e-7d60c6a8e047	310
078d9e44-d420-44ca-997b-196cf1484c15	672
07942d09-1102-4d1b-a7f7-6ac3259cb00e	1489
079621a6-199f-441e-b2cc-9528f12e1287	1258
079aca85-183e-4adc-a6c9-b32101398e40	997
07a6e29a-5b47-40e3-b9b9-f69c35e2b604	2242
07ae0fe6-5ac0-4c2b-9d6b-54b2f6089caf	1031
07aeaca4-75a1-46fc-9238-5af60b79d22f	1032
07b41ce6-c1ee-4254-acdd-6c42e9cf44f5	1253
07b60cd5-092e-4018-a87b-49eae3ebd06d	311
07bd018c-1d21-4e13-bd52-fce914b2b9ca	1064
07c4e532-d083-4359-a63a-d9ea0289e656	1186
07c5312b-3d90-4692-aa38-86e8e437ee4a	1211
07c6d2aa-2e3d-4e2a-9fca-2ede6cab4cce	229
07c7f801-23b6-43e7-8a1b-0fe6affcbe4d	1041
07d04502-ccbb-4510-a146-8e4d4a81dd04	1032
07d8f5f9-9eb4-4195-b7e8-64b59c940f17	1056
07dd212b-868e-48e0-bcac-80b12fae1aaa	1011
07e7f809-4b07-4c85-94cf-c07b8905a64e	342
07eb2a07-35ea-476b-8288-4313145caab2	1001
07f3acaf-1ec1-4679-ac9f-503070ecc505	1046
080a9747-778e-4706-b66d-2d1fd5d05fb5	168
08106a37-9376-4d03-9e3c-e748b31bd04f	705
0817ff38-ad52-48df-a85c-7644444d4b48	231
081e73a1-bdcf-48d7-8597-d6feed82b497	1055
081ff1da-9683-4ade-b388-65696e4d5e6b	909
08214975-4872-4596-ad91-c630418f87f1	1079
082704e4-12b2-4e89-a9c1-10b652d4d8a7	1084
082987e9-c62e-4bd1-81a8-00dae498705d	1200
082fcb1b-7c8d-49f4-b5d1-3b46292820b8	2074
083e0074-bd4a-4ae3-a2bd-f69a45f9e067	1021
083f68e1-d887-4dd8-9031-901c65fb97c0	1054
0858788a-d9c9-4100-b418-2c7c71f6ffc1	1060
085dfc79-2a03-42c7-971b-3323e17cb993	1062
0861583a-1c8d-4a04-a26e-96e502dbfe76	1081
08678725-29e0-4ac5-b0eb-82d899d53d4d	1092
086a707c-0d5f-4302-894e-702c0b4ee050	474
086d788f-3a7b-407c-9e8c-f45447826e1f	1082
0876ee41-9f16-47d0-8b31-32fec11498bd	1068
087c14e2-2cb3-4bee-a171-46f062b9a36f	830
087de615-caf3-4fc1-b0b4-3a7db19d1058	2120
088266f6-df89-4b2f-b82a-a24c7f9fc53f	935
0892bad8-dce8-4862-b12a-622d6336d5a9	1025
0896392c-dc6b-473d-aa18-527e6ebfb877	1058
0896f792-998f-4127-a172-31ec44e31e9b	1043
0897bf9a-137a-43a4-a500-3a864df7ed16	1006
089cdaa8-7669-4bcb-a373-3a5845663719	1353
08a2276d-29f9-4cb6-9a27-6358a66877a4	1117
08ac2080-c3d6-41a2-8efd-b59caaab116d	1139
08b570f2-f493-4c8b-bc77-40ffe730985c	975
08b58bc6-a934-442c-8d6f-0e1cb2abf079	1139
08bc6e8d-0cbe-4b7d-a938-1e28e763844d	1008
08c3bf9d-b70e-4f76-9775-4a2c27332b15	1071
08c43d0f-ba1e-444b-a625-2d647bb32432	1019
08c973b3-b6d6-497b-b282-d83f931e3ce7	1090
08cdae3a-bb8c-4bd5-80f1-3a485afb26f9	997
08d66c08-d84c-4276-95e1-c2d892894cc2	488
08d9434f-b452-448e-9dd4-b846f46111d4	1057
08ee16d2-9457-4d53-9aab-6b641eaaedef	1063
08f2d944-6ec1-4967-9adb-b5facd7c5c16	1055
08f2ec2a-cbf5-466f-b0f0-dad1256afe1b	1077
08f5c9dd-ea1c-4a38-93f6-75645f2092e4	944
08f8792c-3dea-4045-b2e5-d481479ec1e8	1063
08ff558a-4a5e-46cb-975c-b288a8429043	806
090179b9-482f-431a-96a2-e76fe38e1c55	981
0918ba34-db0d-4e5d-8456-1c87e943cd73	474
0921c25d-6768-4922-9fcc-a8bb99b99398	324
09227d24-065d-49d1-92bf-1cfbf592714d	2177
092bf287-b4a4-40c8-a5e0-edb10c9bb1f3	1045
09329cea-92a8-46cb-adf4-856bba1bcae9	1632
09339aba-d58e-4b2a-b241-f1ec41734d23	1683
09355b73-462b-460b-9d0d-25099fa2ce61	1166
09358e2c-5e24-41ed-9d04-f26cf42d8994	1017
093b273b-78cd-44f2-851b-29650b8fd5d5	1910
093c8900-45ab-40bb-adac-e2f4a2e49d62	1062
09416c1e-7347-4b48-b84c-f1d1558cb24d	1072
094bb152-a9f1-4cfe-9f92-6e8f6c8ad06f	1096
0955222e-e894-4863-9b74-e94048d15cad	1192
09571954-ec9f-4011-b9bb-87d8f12a536c	224
095745c0-b98a-485f-9c6f-4b84d6ff5102	978
095fb739-6d85-4cc0-b589-f38abdbcc50b	1036
095ffbd1-b65e-48c5-920f-fe457bdb7162	1404
0963fb5e-07a7-472a-a891-385800271822	1071
096525b4-cd15-48cc-ab08-92cea79062bf	1066
0971fc7c-ab2e-4ed5-8ded-87df4da7e410	1056
0972ef1b-0841-4c57-8653-d52593c31705	343
097542b5-2b9b-43bd-bdd6-a8fc55c11908	1039
0978835c-cbe1-4557-b0f2-2df1fc4116f3	988
097a7369-93ec-40c6-b6ed-15968977cabe	1225
097ae351-3fc7-4ee2-92ac-0606318ec70a	1062
09840a05-1289-4fc5-9668-21bf95c8b976	371
098e9cb7-7858-4b26-ab33-4df3c7fa8663	1067
09af61bb-987a-4124-8599-7f90cf5c434e	876
09b38130-1d08-4d0f-a514-85578c4f7df0	1574
09b3938e-1ca3-4ee3-9041-d3f80e3d1dc6	1964
09b66943-55ca-4dbe-a6b0-6c9c16cee650	1588
09b74ebc-991b-4945-9348-2d41f016318e	1077
09b83dc2-c049-4187-bf94-5c874fd44cb0	1073
09bcc84d-3699-4b61-8c26-5c7449da4642	1050
09cc5dd4-1ccd-4433-9249-e2cbb771784c	1248
09cfe0ac-2913-4ebb-9851-3402636b4159	1064
09e442b8-a185-47a7-ad5f-6448aeef6384	1096
09e7859e-e9c3-4167-b906-002b0781ed7c	1171
09f14891-f8cf-415a-b412-e20b40aaaf04	2483
09f2a7a8-6d00-4005-b54d-732c2e66c9fb	540
0a031896-b643-4d54-bc43-2b7080c2755b	1074
0a0a3eb9-6ea9-4183-892c-9bd78fade8aa	998
0a0d55a3-d895-43a6-89bf-dcf79039f264	1254
0a0e6afe-7893-4b9d-8420-6dba93c1c249	986
0a12c3e8-f2c8-4a3f-9e10-c33c320cd105	998
0a12e70f-e407-4373-b9c7-f980f419c17b	1079
0a153bd3-9cfc-4f23-bfd7-fdd27461126a	1056
0a1d5e93-ba7a-4d27-bacf-b1ce452f44d8	1121
0a2e3d39-fa13-4854-9e81-5649b54d3752	815
0a3be748-1336-44e2-8c57-e95c51f2f6be	1121
0a490975-d079-42b9-a67c-0013b0b6b562	306
0a540e3b-0f7c-46ef-b38d-88ae0c0add2a	1011
0a59927a-699a-444b-b8a5-4cf2f1f82795	2044
0a5dc01d-7956-4b2c-bc3b-5983178ada46	1038
0a6065b0-1204-4aa7-9470-ddf390f8acb9	1022
0a6943df-91e4-4ea1-92fc-5c3ffbcf772f	2288
0a6bbf53-4801-4dcc-8291-f7f6cf25e409	1253
0a7aa2bb-39c6-4b0e-bf1e-4c575e534ccf	1061
0a7bfcf1-22f4-4a41-a334-834f34f092bd	1368
0a8df337-cbf5-4be8-99b0-08a6d313fc00	2423
0a9d40fe-ac68-4b54-89db-1b4e9e66e427	1127
0aaec8cc-10af-4c88-8d77-f0bff0c5426f	400
0abf9102-3c17-41ca-ab11-e0e655cb8f99	1055
0ac1121a-e5f8-4d00-8687-44c17f1d584d	1187
0ac3d9f4-5f3c-4ec1-8b28-75b12f84f66d	355
0ac43ad4-7207-4588-b5e6-91ebfb166c0f	2347
0ace06d5-0e86-438c-b873-1a79eae2d9b3	995
0ad18be8-3fde-433d-9f0e-bf12c4d75535	990
0ad58bd8-f3ec-422a-8928-2123d0ec5b1a	407
0adbc8ab-c9b4-497d-8467-647741c5be83	1230
0adf8339-e939-41f1-8d78-513779cf57c8	539
0ae405ba-64ff-4a35-ae2e-33a7f953bd3c	1069
0af24388-a131-49f6-88c6-01b28f8ae2bf	1191
0af495a5-d80b-4a8c-a4f2-586d1ff5b881	641
0af76a73-4409-4e42-bff5-d186cbcb0429	2444
0afdaa51-04d9-4a76-9e1d-59a8f40061d6	1443
0b02eea8-823e-482b-b158-df5186d560c5	1144
0b0573eb-9a87-48c9-b093-9f7abcd82985	988
0b09df03-7923-43e9-b71e-c4cf98b80024	1044
0b0fd784-2450-4110-9905-eba60673164a	363
0b14a875-8e54-4cee-891f-44d11c953f4a	2138
0b1be22d-7df3-4882-b9c8-dfe280bd0c94	1082
0b1fe661-f7bc-4429-bf45-bf84b02b3c46	492
0b34db54-9d2c-4b37-ab29-df8a97fec26f	1065
0b35895e-1013-4641-b0b1-4642fed5e540	1333
0b388c57-f88d-47a7-9a23-9c8b33ee7bd1	1247
0b396c33-2bf0-48e3-b1e2-44462c25f04f	1186
0b398365-e467-481d-a5dd-fdb70f5ab607	975
0b3c537e-69df-4e4e-8c9f-72b5fb91be58	1077
0b3cde63-8ccf-4b80-b876-2be63f6e5ee3	708
0b3d58ac-6329-4e37-9eef-cc4bd99c3837	355
0b493238-258c-41aa-b8a1-39baf6cd9c39	1249
0b5202f8-85b8-4ed5-a1ad-64aae1a63290	667
0b670af1-490d-46b4-ac8b-dae1a1105a6d	3224
0b6c29a9-bc69-4f88-bdd3-5716c9b0e051	979
0b74721c-5f99-4931-8118-b7907b6f8df9	2254
0b7d5220-3afb-4258-8d35-1f45c9cadeac	999
0b845cd4-0b63-418a-a529-703a0e4f28c3	1315
0b8b58d9-478c-4355-a8ad-d4316d093747	214
0b932ef0-3373-4983-8d4d-99f601f6448c	1006
0b936237-e1e8-4cda-969d-acdf588e8160	1025
0b99250e-3492-4762-9b2c-e5ac8a203338	1057
0b9b81d4-80b5-4aba-873c-81211558ffec	1254
0ba31f65-caf5-400c-921a-1279fb660943	197
0baabcc6-8f26-4fb9-8ef6-5f83d3fedcc6	1119
0babc1fa-fddf-4a1d-ac10-68bb8b7b93a3	1012
0baf0228-d243-411b-96f1-22eba15a25c1	310
0bb31adc-c07f-4fe4-8df1-c5cddb0240bb	1528
0bb5f1f7-8fd3-44af-bc96-69482484c956	1061
0bc438ca-c308-4e62-9160-a53814b25905	246
0bcca229-6eb3-4e7b-836c-ff36babb7783	1062
0bd01f6f-1424-4169-9c8f-88284782b997	2104
0bd244c9-4595-4590-8044-34e109fb47dd	1495
0beb08ef-acc4-4971-8519-69e1e7e1a8ce	983
0bf09aaa-c9fd-486f-9bc4-c6164bc63016	973
0bf429e2-2576-41a4-a12a-2e017f99326f	1083
0bfb10bc-0dd8-4b05-90cf-2802ef9debfd	2130
0c0d96f1-e039-4114-9eb2-a833b44f5b56	1045
0c0e9f15-3ee6-4ce9-a43c-f4bffad6fea0	953
0c1737d7-50af-46b6-94cd-e6e1cba94479	972
0c1f8581-c8d1-46aa-a9b6-c47a4cbf86e3	416
0c1fae05-164e-4c81-a371-27660ee68bc9	1123
0c242178-1dec-43cc-9428-daca977cd8a1	1014
0c32d668-402b-4c78-9ca4-93d98a813396	789
0c35c455-6612-4519-a9fb-5500363c6e1e	532
0c3d4144-5270-4b51-8c7c-955c6432848c	1076
0c3d71c1-1ee8-4fcb-83b8-34d8f4be1e5d	1243
0c4ad9dc-bacb-44e8-a65b-f31a8e27456a	2235
0c4c6af7-7173-415b-a720-d6f9190b5d92	1063
0c4d7144-f88e-4e53-9a9e-5cd364f80e3a	2115
0c4f1a1e-afce-4754-b592-01d2ddb7029a	1021
0c4f289c-d3c8-4326-ab64-1d035c707c45	999
0c511125-f97c-499b-b588-2d50b564a1b4	1228
0c52409e-7a0f-462a-bf91-1496f14c600c	224
0c5555c1-b425-4097-bad5-21c1fb944057	2046
0c5632c4-f48b-4980-96dd-5b072d7fc82a	1042
0c5741c6-85ba-4f8e-81c9-0f91a4227365	327
0c618726-35d3-4ac0-8e4c-4e6c5b2053b6	1061
0c76cd5e-af36-4b81-823f-c508515a061c	965
0c79cf9a-6cd8-4001-a5ce-88eb3fec7f1b	1373
0c7ded98-3e47-4811-a2af-dad2f5b726f9	1057
0c854d7b-934e-4100-9888-b5bacc3015dd	1010
0c9ae4ac-fb72-4d5c-9607-67d76ea077c6	288
0c9c0ce4-4c18-4f04-8324-cfa3d96a8393	1072
0c9f82d9-76b3-4fdd-9825-97481f588fbd	1055
0c9fc8ce-55c7-4f58-9697-dec6aabe0ee7	1216
0ca2f99b-4ca5-4d31-8e5f-574561ea6d29	1233
0cb826f1-1be0-40b2-b9c1-b2359362eddf	1061
0cbac5ef-2920-41d5-b7cf-f9508b3cc92c	2149
0cc24afa-dc6b-4c47-95d7-ddbc3b7ac484	136
0cc6e1c7-d80b-43f3-a0f7-88c512591b49	1656
0cd49e21-dc1e-48ff-b379-4c099489e4a0	1081
0cdc18f0-e221-4140-9637-df5dba0eab5f	950
0ce756cc-a246-431f-8486-7f17bdb97555	530
0cec29be-88eb-4361-abc4-eeb0c99520b2	366
0cf73ac2-0fae-4072-ab58-124cb27441b1	943
0cfc380d-46e0-436f-994e-6da49e55d53e	1073
0d03647e-928a-408d-a781-5ff0879ddfe0	994
0d0c38eb-c7d6-4781-8599-1bf1322b42af	1301
0d10d230-624d-421d-ba85-9ef182d80b66	999
0d18a1aa-4577-48a6-a51f-dd034540526d	1150
0d1a5522-f88e-4568-82b7-5b77914a2200	336
0d1e2690-ef0e-4ba3-be0c-74165642647a	944
0d218ed2-ba4d-448f-98de-b0db93e1bf41	1122
0d30edd4-0b70-4cf4-9373-688a72d740c7	998
0d3393a6-6907-4137-be7e-0f8cd65d4d28	993
0d35d0e5-317a-4300-a2c6-c15a09f0c62d	788
0d418078-0351-4cd5-9fb2-dd0b6c78f949	1110
0d5296a5-5a7a-4ede-8bd1-8a05c8ac4d2a	1246
0d584aed-6647-465f-98f5-ff203eea73f5	1096
0d7252ee-2a8a-454e-9cbb-da63ab440951	1059
0d8127a6-562b-480e-b05d-84f53970d4ee	1070
0d83f1be-0f43-4bff-b5a9-c39601f3c9a7	992
0d87eae1-a7ac-4133-95bc-d552a72eff04	247
0d99fa07-6deb-4e4f-ba9a-e91676ebec16	1006
0dac9285-f975-41bb-a886-f22748d18bc0	1038
0dad59cb-1444-4366-96cd-b51fcef1353f	1066
0dae1171-ef76-467e-afdc-ee28e6ecd44c	1007
0db2ff2c-99f7-42c3-8cfe-e57b6a36bbee	1060
0dbab0da-694b-44d4-9b10-eac8ff99ac55	1124
0dbecf9a-5964-4b1c-8a0e-754d051d4fb5	1061
0ddffd90-37c8-4f4d-aa99-699356d0fa00	1067
0dec3c6e-775c-45a2-b04d-a6b33aabc84f	986
0dec7f65-3484-4360-8cb2-0b9ce6f0719a	1067
0df119d6-c34a-49fc-8201-afb989cd0799	1114
0df2be7c-de53-49a2-92fc-b88af137d4ce	1042
0e02c004-877d-4ebc-8527-3a8538f6096a	980
0e0b0c06-887c-463b-8337-ff024d01bb7c	288
0e0b8090-87fa-49c0-baf6-6a6418ffa579	1506
0e0e14d5-a51c-4e18-930e-7f6e03553695	1060
0e11bb66-b64d-4b84-8777-0de54c666d3e	750
0e16b4e2-c090-46eb-a50d-1ff77734c7d6	1047
0e1f000c-ad10-4d40-afb9-170b57f33287	1020
0e23816f-4787-498a-b607-7777d091b593	1182
0e239c6a-dade-4c2f-834e-ae26c24479e0	491
0e26b131-c51c-4a18-b1c0-cd01bc6da58f	1065
0e2bf9d6-20b2-4169-802d-e299fa214edb	555
0e34f0b0-2a2f-4043-b413-ada012eeb90e	1055
0e36e800-df7f-43d4-a6d7-0a4d8741781c	1069
0e3c5e51-d6ab-4e6b-a259-68e9de27b611	1341
0e42deb2-4675-4ffd-8b88-4f9a79a65ee5	697
0e4624a6-43cc-4179-a5df-392779fa4014	1430
0e463cd3-6d80-4cea-9ebc-7c212fe262a8	965
0e4cd69d-bff5-4507-8290-9d68700c410c	1004
0e5244e1-8ca9-420c-989d-771a4b39eca8	1022
0e5ea06d-c46c-47fc-8a96-193ccd53e95d	1347
0e74c91a-bc5f-4f8f-95d8-8cac200522e4	1279
0e751763-557c-4787-ba4e-64eea46f6155	1086
0e794805-7812-4e58-a61f-befc7e48be7f	323
0e7b01f1-ca3d-4c0e-9b3e-d69385e32bbc	414
0e8cca7c-9d65-4bbf-9b4f-1953b7cec434	1258
0e8f6665-999b-416c-9b4a-31871f4adc15	2111
0e90cb74-d6db-413b-b446-204dd04a9f82	1062
0ea01a17-123f-48c4-9ef0-41b8b69f7d61	993
0eada6cd-a8ff-46d3-ac06-d70b5da22a72	1074
0eb03ff2-c79d-4064-927f-6c3453e52e10	1036
0eb26155-126d-4132-879c-4814c8b0c511	1243
0eb30e05-0c21-4b54-a5fe-6c43d039ffa3	1406
0eb35dcd-8a19-4342-8e88-d32ebd0c14db	1244
0ed0a76f-b2ee-4e9d-83a3-e938315abeda	434
0edcbc72-b49d-4c64-b6e9-ecadc7797018	257
0ede113f-ce57-48bc-bb3e-117e531a5fc5	1203
0eee4356-f2dc-4866-b109-36f2b78f302e	802
0ef637b3-8672-4f8b-9c03-c79ebef6094f	992
0ef6ef81-aed8-4287-b393-0026de878d3c	1076
0efa5b50-fbe3-48c9-bef4-3e68a32c1fc6	1290
0efd37e8-58e7-4d0c-8cff-4aca2e271e2f	2203
0f04389c-23ef-408a-a8f6-cccdda2e2c09	1060
0f06f405-8fe3-43ca-bd3d-1d7a0abeb9b9	988
0f080779-b39a-40e3-9687-56fce7da1122	1058
0f153295-26e4-4869-8244-8f4fea50a728	1908
0f1576a8-bb20-4430-8b0f-d26df69ce2fc	1072
0f19cceb-442a-4128-90c9-2edb716ef40c	1185
0f20528c-210f-402c-9645-2153c7499766	477
0f2345cb-fe66-4593-8805-b61a3e75b2d7	1090
0f47b869-80b9-4873-a1a2-b480a947bc41	819
0f4be689-6ba9-4456-9707-e9ad9ec79e0a	1092
0f4f00bd-e43b-4596-8366-0c06f32403e9	406
0f59a4c1-fb6a-4644-a75f-2c4278079940	1158
0f60b332-e9c3-4a6f-a17a-a136d15037c7	396
0f6b6fdf-1756-48df-abbd-59df10f66d46	1152
0f6cded9-d543-4590-a028-ef112885bd6f	1028
0f6ec169-eae2-4cb2-8cb6-4ddf3bfef0d3	1040
0f718933-9eb1-4af0-8a76-babaa5e38a52	1236
0f73de34-9ebe-4439-af6f-9aecc4a6795c	1178
0f798653-bcef-4284-8c76-684dc45eeb77	1119
0f7f642c-6e3e-4c16-a5fc-2ac84ae8f940	1061
0f838b26-b13e-4982-ab5b-2b01bc5bbd9d	1471
0f8aab9a-c4f3-4c3f-95eb-f65cb7ca3724	1053
0f91abda-1e60-4b68-bdfe-fe40ee2ec5cb	1429
0f9b579d-edf1-4552-89d8-0592a0ee5361	1024
0f9c9f6e-a185-47f3-b6f2-8bc5bdf2d958	1078
0fa0a537-625c-4203-a7dc-202ecc37de69	1031
0fa1b616-6589-4412-96a1-db36155ff7ff	879
0fa5b3fb-d55a-4e3c-bd32-155f5d01f5c4	4587
0fa8118f-f26a-4b36-997a-175a0b222c55	1057
0fab180e-5012-4c9e-8b27-84ad7577b06b	601
0fafaaa2-40a9-40a4-92bb-7d5e85971313	1432
0fb0cfe1-5ffd-4eb3-8a22-4038b27288c6	1085
0fb6b4b2-70bb-47c7-b5a0-4c06cd8fcbaf	1372
0fbb7444-116b-44da-a9d2-e0d22f5f5789	1678
0fc21f88-5f92-4cb1-9a39-1e963be76df3	1277
0fc894bb-2af0-4ec3-93e8-f4f230521c6a	1063
0fcc8b44-b9b4-45bb-9c1d-b44029d1fce5	900
0fcd02c5-d9d1-4949-a683-1e39d78fec64	1090
0fd3aadd-bbb0-448d-a690-b4bf96ebf2f3	1079
0fd990ba-a418-47fc-97cc-8b009c4e5382	231
0fdd32f5-1485-4443-8cc6-4c07ebdb48bf	1092
0fe052ff-518b-43a0-acde-da9f0be899c7	1055
0fe1e953-4389-4a25-a489-8c4adeab57da	2213
0fe4c90c-1197-498b-8b7b-739fc24e24da	1233
0fe7954a-c386-4d23-b4c1-fb3f95d67890	1014
0fea06e9-b37a-4d0b-a292-9ebc1bc07c7c	1036
0ff664c8-1440-4b26-9fcc-35e1ab61dc0d	248
0ffb0903-d4b1-4a41-8b09-8484eea67b9f	230
0ffc10f9-2f7c-454d-bc16-117a6532c773	981
0ffc2bdc-d0c0-4967-a373-cddb9138e0de	403
100cffad-5480-4431-8455-7ad69cd235b8	1035
1023fbd3-30a9-4b95-9e08-baa04b1cfcd0	1065
102ae48d-24c0-48b7-a3c7-c17fddf335cf	1233
103ba1ec-6e22-427b-9039-bc181b6c045e	1222
104bedb7-736d-4999-bff3-f9c0dc508fcf	1100
10524e67-e60f-4ad8-b25a-157bf527a5b7	1242
1053b1f9-426b-4fc5-9d90-992ec1fadc6d	1073
108171e4-bbe4-4a70-ac9b-bcc9e19e171f	1155
1085d689-08ee-426c-8fa0-0d44dacb60d0	1040
1087b293-a9f5-4412-a2fb-db1eb6a65330	868
108cd8d7-458b-417a-8069-6d71e752ab08	1224
108d5dd7-611d-41d6-acf3-5aa45b70a2b4	1304
108f3922-22f3-4c68-b8bd-24e1a2b3a3ec	1030
1095b0a1-9c50-4cca-bc0d-f6e7157255d1	1062
1095e51c-4b57-4a32-b989-4d15980711b1	1151
109c9d41-eefb-492c-aa18-78be06d34f72	1039
109cd9ae-36ab-4e93-bf04-cd442c759be1	1068
10b4b0e1-a9af-4528-b209-6a3c49a0615c	1620
10c28a6d-2c73-46b8-81ef-e60d814fb73c	992
10c7ca38-697d-427d-a325-3449a3c3904f	1108
10cb8e54-5c1b-4d63-a6a8-4e8e88b777de	636
10cc0484-c3bb-4736-975f-9cc49812683a	1441
10d1259e-652c-4ab7-ba74-cdfe0d6e5f72	1037
10d3e738-fcfe-4b4a-8e87-608c562ae16b	1837
10d7c557-92c7-451e-ba25-9df9f9b85d87	1248
10db4b55-ce02-4647-9cf9-0bfee74aff1e	1143
10e4d791-f936-425c-830f-c7994770def8	1102
10ee31e0-996b-4339-8895-9099a4d85b56	1077
10f3f4a8-f55f-402a-8949-63fc4a25e491	913
10fc4637-5d88-4799-a560-5eca8f909059	964
10fd33b7-0291-48c5-8da8-15d911684f6d	1048
11004d2c-0ec1-4b4a-ab29-6512d8957c21	1068
1105dc75-ab30-4027-a54b-3dc4df7df2cd	1221
110adfbc-b24a-4f6e-b3ae-772efd135bfb	1061
110d567b-f525-4782-bf92-caad7172774a	1146
11172017-0929-428f-a5d2-03d4cc328442	947
1119e697-e602-48cd-875c-61b4019c78be	1042
1124d2f2-4cb0-41c8-bccc-fa64116f28b9	1124
112c06b4-51a8-4fc2-bd44-173993a96fd4	1001
11369476-3698-4481-9e23-b57e8446aa45	1054
11389a14-1c42-40b4-ad4d-3634fd7cba04	1066
11425a57-796b-4aa5-9593-6dcbd24b5301	1430
1142be4b-da81-4d12-82f1-758cb85adec8	228
1148e536-9875-4e9e-ac2b-8cc9aea25cbb	2365
11494439-aa39-4ca0-8670-36e1790ab3ab	2507
114b82d6-6de1-4f05-8de8-fc18e0587473	1252
114fcf91-94de-4354-b1bc-d9b54af52644	1089
1153a9e9-1c6f-4332-a6ef-cdaf65c10da8	952
11541158-e4e9-4f3c-8ade-74e87de7bd95	1095
11543d19-6d15-458a-a30e-380d8003eb3a	1067
11556882-0175-4a2f-8af5-816104248519	2130
11567cfc-b975-428c-a3ae-62e253b32f5b	224
115687f7-5821-4700-ae1a-4c94459ea3d7	1048
11632d3d-949a-4694-88cd-8f359e8c60ff	1258
1164c201-95e4-4206-aee8-8e6ef866760f	1055
11692d36-ebf9-4bd8-8994-e17fed3af812	1198
116acb4e-9492-4f15-ba7e-14214a8d82dc	484
116c844b-cc88-4385-bcdc-51e4e6662c13	244
1176186e-ec45-4862-9012-da2cf467d13b	1169
117675a8-f51e-47a0-bc85-dbea063b495a	1074
117f2842-761f-4fa3-865c-3cd08ae40777	669
1181452d-6281-4f3f-adeb-0922b80048ca	486
11885c58-6b47-4236-9ef3-43cddb1c6f90	999
11886635-ffb5-4d1d-b958-cfaf74f03588	807
119d1c33-2c50-4b6b-9e06-167ad99b3813	1339
119d9e99-8249-417b-8208-8b8ad607aaef	495
11a21c25-30ca-4b43-af64-5f0d25c1f78f	1074
11a5222f-ab9e-42b6-a474-5eff81d17d98	1047
11b364d3-4392-427c-b3f5-62585cc3b2db	935
11bdca35-fc59-4ca9-94cc-182a3cd546d5	1032
11d641e0-5c6e-4560-819a-bfbeb1a5b74a	1067
11d65bc2-0491-4e8a-8da4-651f02340e5d	1241
11d9a254-2cb7-418c-aefe-48fb3ccc803c	1077
11eff4a1-37ac-4488-b227-2b7248e653b4	357
11f06896-a373-4876-a467-3cf3b3afc2fe	868
11f1aef0-70b0-4832-9319-ab4eb5fc53d8	154
11f2feb6-4a73-4983-8d38-84e392030a5c	1453
11f8e6ff-8c46-47ea-805b-59bb1e267356	1056
11fa81d3-5bbe-41f4-905a-7dfd0c1dd9da	2111
120a6cf5-b675-4a0d-8930-38dc0a7b2f42	1463
120bd978-9743-4fe4-a894-7893a07876a6	1459
12164bf1-b3bc-4628-a2c6-bb1547235ffd	1091
121c8051-f124-45fc-b6fc-7bb44059c077	1008
121e5d0b-45e8-4ec9-b839-51806f708ebc	378
122a5a70-17fe-4d72-81e8-d9968979936e	22674
122b434d-eb36-460f-b9fc-302c1c22d5a3	209
1236673d-b739-4a47-8aa0-8ea9704fc469	1235
123b1a4c-3575-4c71-b985-0f234d725f29	1057
124c76c0-ea7f-4e6d-99ee-9c17eebcdfd7	1045
125d2db2-268f-42de-9094-652e279f6015	1731
125daaee-8385-4c2d-ad2f-f9b68648d864	1065
125f840b-5fc4-4b9a-a62c-43d0bb5869fa	904
12665731-76ab-4662-ab5c-52e3d2e3d158	1074
1267eb93-9906-420c-8d48-0eff09ec9045	1250
12707932-57d6-4a11-ba92-c4e730f078dd	1057
1274bed4-50e5-4881-a1cc-57a5656f57e5	1091
12838ed0-c9bb-4d1d-8efc-79057ea6fcf7	2268
1289af1a-f142-42b4-a9cf-4ff9765bdd8b	1040
128d496d-799f-4738-81a0-66e5c4c42e78	1081
12986a52-2518-466f-a71f-a10e3ca32c96	1104
12a977de-79ec-48f6-b06e-a6bf29ce26f7	237
12b049ee-56ae-4178-b288-cb800a003949	1055
12b564ec-028b-4728-8664-bd5c51e424a7	1086
12ba2823-6d9d-454d-bf87-26af827ac900	1532
12cc874a-ffe7-4e01-af3c-4dbc1a297f72	1122
12cef594-5d88-4aee-8f06-a24fcdfe75cf	1037
12d47cb2-4ced-47dd-becb-82b3cdb896fa	1074
12d52763-2617-4855-9640-449ce77e050d	6440
12db55ac-c859-43a9-ad8a-8bd0ed5b52bd	1039
12dcca4d-9b65-43c2-be0a-88be2c3b74d2	1311
12f9b341-7f6b-47a5-b126-6f6c4c7f44eb	1072
1302417d-ead5-4fc5-83fd-6fc5baaca8f0	1044
13033cb9-1343-4280-8c4a-d50d9da10f09	506
1306d86c-d6d2-4dc8-a014-946350dcf1de	997
131e0983-6eb3-4ffe-856f-a98a3ef3971b	1052
1322a128-9ac4-44bb-8462-cde5ae639b2f	1261
13362e21-f570-484d-8095-1dafe19680db	987
1338cd21-e3ce-4b2f-9241-05010e10ef61	1062
133e7f89-4e95-484f-9a67-19737cf3c9a1	1088
13408990-8308-43a1-a866-bc743d7a93a0	1955
134123ea-731b-4372-90e8-9d23c1d655c5	1077
13415160-48df-4f67-835d-664550eb6497	1028
13493f4c-0159-47a3-ac92-292abba0d086	1382
134ee466-7043-4c4d-b9fa-3f38329eaabf	478
13688cbb-84a6-4c42-bb31-d1fc547c63f2	1076
13740006-1837-4488-b2bb-d19662500191	1075
1377ff12-529e-45fb-a9b8-a738936124ac	1068
139626b9-ceb8-4e40-99ff-0a1bb684b893	1068
1397e9a9-1ab5-42dd-9ba7-d1c70704cc73	1064
1398af6f-5f63-438a-8fc6-c0406faff732	1074
139e1baa-e8d0-49aa-b1f7-9b673f64cfa1	1343
13a6c1f0-8654-4c23-96b9-cfd7606c55ad	989
13b0f1a8-8c4c-4b7f-9409-da3ce4fee901	1125
13b12bc8-b2e4-42a9-8b5e-8c83843cdfad	1655
13b8b06d-7af0-40e0-b040-11ef136fa94a	1156
13bf7a80-d204-4984-a3ce-c56eb6f92f29	1060
13c05413-5f71-44fa-849d-e77ccf04a18c	1093
13d38b9c-c200-4936-bf2f-816409ea4e47	1089
13d6d433-720e-46d0-9ead-cca08eed3d09	2177
13db0522-8e70-4d63-9f30-8c49f52df754	1049
13dc1cd5-8212-49bf-84c0-38aa2688c70b	473
13df8c54-aee1-423f-8ac4-2944e9a96191	2242
13faf760-ba4a-456e-8b09-a5d954e9a795	1053
1404c2e2-70de-44be-b42a-30ce63fd84a9	1160
140c879e-7c8b-4746-aff1-b32d3691d956	1226
1429ac52-ed55-4eb6-8695-6e0599fb52e4	248
1429e513-1a57-4566-940d-73aae767025b	1076
142a285e-3917-45d5-84b3-8a6756ba7645	1097
142f3bb2-ed4d-4182-b3c3-bd3d9bfbb5c0	734
143a3ce8-c8ed-4c8e-a4dd-706ba1111619	1115
144e252e-4ec4-4bc4-a0af-b02fbdd0dd72	1080
1456ea13-4864-40a5-8366-32a7a5a60bb1	1082
1459fea8-355f-44fb-bead-72db3bf279c6	1650
146112b2-719f-4863-92db-e08ec784e0d7	1061
14693de3-4cc8-4603-aaf8-fccd27b9c3d1	1013
147d762a-1b92-4dd6-b4be-521c6395ddbe	1076
147d93fb-5cb0-4692-a474-66cbdd48d9df	1174
1484b011-9e34-4557-b254-f6e4edf26392	1103
1484fc65-72cc-4610-94d0-fe49af065d3f	1074
148ac615-9842-4d74-9f35-5810170c7702	1132
148e3554-0f68-4e86-ae06-a2b74a59013d	1062
149094f2-c3ea-4ac1-8558-fc0167affcbd	232
1497d57c-977d-45d1-907d-fa610fb0baee	1016
14b61e7f-e395-457d-8ca8-00d40c1d236e	1373
14bbe1b9-b15c-42d9-beb4-70635c689da5	1102
14c4d1c9-08a9-400d-ad8d-8ef39da8a2fb	1068
14d0b617-40f6-424c-86c9-d6a3510dbc55	1692
14d0fbb8-66ae-44ff-8fc5-1f62745950ea	897
14d172ec-c165-4b14-a776-33c97d5a4cfb	1254
14e3d819-71bf-40e7-98bc-5a034cc4eb01	1300
14eb011c-d884-430c-9a92-621121da6967	911
14edf29e-f043-4489-8263-cb9796a882db	923
14fc016b-02f6-46c3-966f-9885438d10c3	1084
15183fff-4758-4950-8d24-cddeb47401bb	2266
151f3ba1-3ace-43d7-ba49-5d1ad2cd4773	1070
15252135-42f8-40e2-b3cb-c52c581d3413	1047
15265907-1d52-488d-a86a-7d74ad355536	954
1528df25-d4a7-47e7-b237-5d1b12e292d4	1127
152e4fbf-0d02-44dd-b136-a92cd2c68b6d	1092
1537fcf1-cb76-4793-b542-6e3e0ccac00b	1068
153bc4c7-acdd-4f6e-aa90-e5bfea1cd7fe	1064
153be076-b3fd-4926-889f-8434d7d9f189	1046
153f34b1-a11d-40ca-aef2-a2fbf757c17c	1095
1545f52d-b189-4a5a-a9ac-b794cfb3044d	1062
1555445e-5047-4fb6-8113-520ff67ca583	1065
15559d7b-debd-4a13-b04e-bece93ad7c2b	1614
1556fcad-ce14-415a-8794-342e341d7383	2171
1562ce79-31c2-4618-9772-3c8a2e920a7e	1150
157f55cf-89f4-44b7-9154-db9093b7be85	1050
15809acc-b519-4a6f-8b50-bce852e302e6	1074
1585eb94-7d4c-4c32-93b5-c9cd20b42b0e	2279
1587c99b-bdfb-4e3a-8b9a-4e94802adaa2	1167
15885f6c-5e29-478d-937e-ea684e57048a	1080
158de6e1-a508-4f8c-bda1-9c289f60880c	1076
1592b19f-5fcc-4140-b1a2-01e627b8dc8b	614
15932fd7-bfa0-4648-9a52-30a80d8a47af	593
1595aeb0-1af9-4d88-a49f-16d4a05d0e2f	1070
1598440c-07a7-4f7d-97b1-9ce8f1f9bfb5	1051
15a0902c-64d7-48ec-bfdf-099feeac59b2	1253
15aeb430-be09-4ae2-b473-f6e702cf324e	1215
15b9d166-cab4-4835-9049-865bd993caca	2478
15bcd166-28f3-47a3-b640-0f83a6e90baa	1315
15c2a3e1-9923-4ab5-be88-e6f42f33fc22	2145
15c760e6-1c30-4d66-85ee-706e3c56d8b5	1374
15c79581-b39a-474a-9a53-2313a1c50287	1454
15e95877-7da9-400b-831a-1e0be165f5ca	307
15fac959-4f59-41e3-a4be-b78d880d10a1	140
1603d794-7f4b-43b2-8bbc-0f272b932d13	760
160b6354-7304-470c-913b-830b29e6bfcf	983
160fdf37-fc39-4a31-bfb9-0ffc4d933b93	1021
16115004-964f-4457-aefc-f6c1a6da5742	235
1611758c-e380-4c75-9be8-d2eb2554f95e	257
161475e7-726c-4cc2-a686-a900437aec83	1063
1629ef79-2c48-45d1-b116-db7a6d7ff69e	1099
162e8aef-8e29-42d6-9642-f4a1bbbab86b	1368
163082db-7d38-4474-b70d-725bdc310921	1261
163a338e-7072-43dd-96a7-2e486e0d7b4d	1069
164c942b-188c-4510-82b0-83fb6507ce35	1585
165f25f2-b3cd-4f87-959a-fa998943b2a3	1062
166ca945-ee87-40f8-9c37-235b5b187fb2	1348
16701f3f-2081-4741-befa-5edb3ccca026	899
167c7f1c-09ec-4d89-8191-9191abda62e8	1369
16840d90-721f-4e38-997f-1aa3e83591a2	888
168e151c-efd9-4b80-9772-438a6c0ff374	1065
16951b88-f2a6-4fd5-8c24-707b851bf857	205
1698632d-b2ec-42fb-89c9-1bba0417bdfb	1095
16a1951a-6cdd-427e-ae87-e7518437a042	482
16a22c6f-78f3-4c8e-84f1-3f2f6760c54d	2109
16a71c01-3720-472c-afda-6480517a71aa	379
16a99531-8b7e-4227-ba7b-adba4fec6ae9	1053
16affaf1-7097-4716-b6a1-f0c5bd3baafb	1067
16b237e9-58b4-4add-86fc-ec28caea9c32	1075
16b27799-79d1-4e51-8d1a-dcb9ac022c93	714
16ba6424-bf2e-4938-85f1-100405c8d6b3	996
16bbafd5-ea8d-45c3-8fbc-c0fcf15a7cd9	2133
16bd4409-e041-4ce3-b103-81c7d0ef5faa	2241
16c6e63a-3031-4bb8-a188-14c2e58184aa	1005
16d8aa78-b85d-4f4f-bf4c-3f2a75a02b95	1076
16e00660-f260-4853-a65d-26c44be30931	1247
16e26fb3-dd53-4e8d-82bd-f9da8ead1bcb	1082
16e4c755-aa52-4591-a7f8-63f396fc02e3	1354
16e7d540-1561-4178-8af5-49ed0fe915b5	285
16ebf35f-6b91-4f09-8174-42be478587fd	650
16f0bced-0db5-4415-a1c1-c6e1e9373b4e	1077
16fc9391-2cbc-4000-ae56-96c8b1c4ef8a	1044
1703bdd7-561e-4828-afe4-d04372921547	1009
17097599-12b4-4cbc-a6b0-2ff659225bb4	1069
1713b41a-9ea7-4479-b82d-dd4e91380a54	2111
171a297b-27c1-45dd-bbc3-3c188fd02a5d	2339
171c2324-3236-40e7-800c-8b0e0998359d	1084
17237277-3fab-49c0-bfcc-ddd71b850755	1102
1726e738-d5ad-41ec-b3ac-68585c9893ab	2073
1731f500-90dd-427e-b696-4941e14a7508	1059
1733559b-de70-4907-a325-fe16cf9a2e2c	612
17356dcc-3098-4179-9ad6-ec094254cda3	1008
1737960a-3d0e-4c49-bf6c-0b9521995720	1089
1737e262-6276-4d65-8f82-7999fa6207cc	1163
173cc23c-c990-41ae-be9b-879ddd70379c	979
173d871d-4a03-45f9-b0f5-0de6f8b63bb7	1262
17511405-f9d9-4f5a-8d07-25b04f4968eb	694
1754a5fd-c3af-4e94-afc0-efcfd7d24a63	1199
175d6cc1-7659-4b57-ba9c-9db23006b47c	1006
1764e329-4013-4b2d-aacc-0a473597dd8c	970
1766ad59-6e72-4293-8d66-93c002aab419	1027
176db30b-5344-4a11-a531-5524bc425153	1101
1775160f-ecf2-4091-beb4-e1090e8a2088	1390
17753db2-7b18-4579-b6ea-67867465f3e4	2216
1779c6c4-7a60-4279-94ab-8c73e317bb05	808
177ec8c0-b08a-43ca-b35b-9bb4798d37e5	1375
178d0361-1a9b-4dbd-9354-3a0ca2651fec	992
1798cd20-8d3d-4d5b-8820-d08e23497521	993
179d27aa-3e7a-4f02-a3ce-952d3bcd0c96	1117
179da51a-a115-40b5-86e5-950825e29353	385
17b441c5-6e8f-46cc-b48b-e64fdba5a182	1138
17c3ef1d-83f1-44d4-82a0-e78accd0cf23	1119
17d0987d-2f17-45c1-96ae-71dc57acf079	1351
17dbb73a-594f-4b38-a5c5-4fed626b1bb9	1354
17dbe851-2379-4dd1-9f66-760a2846bf0f	1192
17dccaab-b20f-4e7c-a45d-19794f192ed3	1080
17dd111b-a2f6-4673-8244-1281fec28135	998
17e28995-92de-4a56-9154-2cd4a40bee5f	1057
17f26cc9-66ee-4f4b-ba04-3d255a9117e4	1048
17f27e1c-e0a1-4433-b83a-455533dc9e62	2100
17f6ac8b-9885-42d5-a3af-75a59880b06c	1182
17fe583c-7027-4711-989a-a2c44bd43474	1014
1802810a-b1a5-4f24-ac82-3e562f5c7fb3	1464
1818de9a-d823-459e-a8c8-534bdcd8327d	1076
181df8ac-c569-4796-844b-9378c09850e3	2105
1820c598-7edb-4794-969d-d5281ec4a26d	1061
1825a353-5d36-4dfb-bafd-5edf09ca633a	2459
1840f7c0-99cb-4bfc-ad54-1fa8c14475aa	1112
185401e3-7021-466c-96dc-5b73d4c3e800	1316
185d81f6-4c86-4cd5-a29e-c144672875ec	1057
185e77cd-7096-405a-a6da-7c139a15a0e8	1612
186997ff-1d62-481b-8c83-d7aba54a5e4b	952
186c88d1-e447-4ca4-bb35-5c4ca5fc9e14	2162
186d1b09-9802-4e9c-b0fb-daa820258c99	2109
18700e6a-1282-4948-9938-3fa839974193	987
1870902c-b8c5-476c-be1d-18758be3fe53	278
1870c7e8-64cf-4e8b-ba8a-bb012d675ad0	1021
18728f37-83e0-4b45-a18c-5c58448599cc	313
1875a53d-06c0-42cf-aa41-1e4d0f953dc4	1068
1882944a-d13f-4227-bd6a-4760ea3eefce	980
18829bdf-a900-40a7-8c4d-9d65fed044d4	1244
18905a01-5935-4155-b9ac-e55359e7d925	842
1893600c-97db-49e3-a080-4c60cf99bdf8	1060
1893913f-b95e-40bf-a642-ffbad32307e4	2172
189e887a-b928-42e4-ae1f-01ad1066460d	1089
18aeaf28-1f10-4b96-ad49-d31c12382550	1087
18b5e39d-e4ac-46f4-bb8b-e357ef8b6d71	1203
18bfb3ed-6964-45f2-a770-6ca0d68cf4cf	2271
18c2153f-c89b-4b51-b9d5-064634288915	1003
18e4bcc3-83e8-45f3-9675-88616f36dd9b	1253
18e91704-800c-4374-a8c9-17454b08fccb	1348
18efdb72-1e94-42f6-afc5-9e96af10ff35	1301
18f152c0-3f85-4d6c-b965-74cf7871e3dd	1245
19093fde-ac37-4e1b-b13d-6535a7d63da0	909
19135109-b7a7-4e8e-90b4-5af3787e5f7b	2166
191874b5-42e8-47c7-9593-005e11e3a940	1054
191f59a9-7742-4e2d-b01b-76b5949b44f1	2394
19228d64-3814-4830-972f-e1830b8849ea	974
19283842-f6b2-4f52-9a93-9caa99e7b411	1384
19383cb2-ca27-4fda-9835-ae880a21082f	1063
194cd47f-d96a-44c1-9752-a18ec9658078	1072
195631d8-da88-4a78-a8fa-1df2f7c9b73e	1063
1958cf54-48ee-45f0-bbf1-e33c68e4daed	809
195af365-2142-452a-9364-830a7cc8f8ab	1129
195c7123-8169-46b4-905a-79c10d049ac7	1075
195e23a9-b01f-488a-bdd5-8abbd8323e68	1019
195e6bd4-6d63-4922-83a3-4a53c266ed76	493
19619011-41cb-43f6-9405-076e2317349c	1069
1961e13f-4faa-48e3-bf78-b9a5914cd3a8	1074
196650f3-cbdf-4c3b-bde7-597f9429c053	1063
196c7bb4-200a-4a83-83f6-a6754b6129c5	1053
198fbd7e-2b86-4b02-9489-91db8621e23b	966
19969772-59b7-49d3-9372-6dc61e1cc9f3	598
1998f018-2fc0-406c-b6b2-02b79e1bab31	962
199ba2a1-ce7a-4235-aef2-3abece8eb4c7	1515
19a07427-e2f7-40f8-bbf1-5e4be2cb1a75	2110
19ac1065-1a14-45b3-b878-99ddac795f07	1249
19bc59e0-7515-406e-bdbb-a55c8c6aa11f	1317
19bdcb46-bc9c-47f9-bb71-3f0ae1838e00	1079
19beb70b-7be6-4783-a0a4-2c94023febde	974
19c20a98-4953-43d9-af3c-82e31b8905b5	1078
19d0004f-1105-4cc9-983f-5cc8e6b76645	1080
19d24f09-c5ed-403b-b65f-831db262fc0d	1061
19d90cc0-bedf-45bb-8782-82022c81e3a0	1360
19da2465-9ebb-4dfc-b02e-2c9760137165	756
19e08443-91aa-49dd-bf18-8ad8e6b2a7d5	1048
19e5f351-c518-4a13-8070-ff20c7fcbd42	1070
19eb8c2b-4f1c-43f7-92f1-512da34ccf51	2161
19f33bc2-02d6-4719-9e9d-f4df750998ee	1027
19f39b86-7eb1-4180-a593-a5a1860c2bc5	2979
19fb12a9-3229-4843-bc4e-72a1addd78be	1232
1a05b1d2-9a77-4f3a-ba3c-b88666c40f33	1091
1a0c250a-e309-473f-a6c0-f7caf6255acc	816
1a1d16e3-e273-49ba-8c46-5538388bff6d	419
1a1e5522-c1f1-45ad-b0d1-7b417336adc6	1629
1a2305b4-a5ae-460f-9e07-f66f679fd25d	1258
1a2cc0b8-b962-47f7-ab1d-3b9ae077ea36	490
1a2d1f7f-5b75-4261-acc7-eecda20b711a	2045
1a2e2b00-c89b-41e1-9b41-89f7b0cc584e	1669
1a31b790-b78e-43c3-8c75-1d83cd359fb8	1090
1a32d6d9-896a-4987-8636-60cf41731928	1341
1a4c7188-f59a-4524-9558-b6e219eb53db	1053
1a57307d-1146-49b3-a047-730344268683	1067
1a58e37f-be0f-45da-9242-942595d14065	406
1a6e25ae-4519-4465-82eb-fd0e151e02ae	1056
1a7f6904-674a-482a-9d3e-46253c9d3d7d	1079
1a804b36-fb56-4430-9a0f-c154873995d3	940
1a9179d2-be20-466f-a1ef-520484dfbe2e	1247
1aa56531-119f-4f94-8a54-1175a02a7044	663
1aa71b3f-f595-4a28-8450-d9b5a68dbb70	1243
1aaca918-e588-4515-a575-96193b60ac86	2273
1aadc3d6-ca3a-4551-a4ab-93fafb866706	893
1ab262e0-23d2-4979-9a63-0587e81db675	2467
1ab2da54-ff27-4d33-929a-92386c63892c	1130
1ab8bd59-990a-4b28-a95a-1a52e3ea8438	53
1abe2b23-89d4-4953-8ef0-77c55d098553	1059
1ad54a1e-eb54-4f42-b133-4cd06f48e45a	1116
1adb9e86-e799-4b5d-b871-0d8733fff921	1054
1ae39165-1b82-418e-9864-66cc2adf748d	1063
1af5c666-ef88-432f-9110-2ce03e118251	1044
1af8a033-94fb-4453-a3a2-1d1688e70274	348
1afaf92f-3aea-4434-9875-b87b9f3fcaa3	1022
1b03e5ce-9e89-4c49-a3ae-05ba7490b0f2	1016
1b0b85c5-a9c6-4ef7-b6ea-1421e4397bcd	1069
1b17f856-b950-41de-ba3f-9630cff768cf	1049
1b1cbe85-a655-47a7-8767-3180020ef9d7	1065
1b1e8d66-683e-427a-94d0-f430ed22b62a	1009
1b2a2e79-2f03-42b0-bb7d-6192801f9bf7	1097
1b2a4ddf-ca70-4a31-9658-1267ece8b716	1177
1b2d3ab4-9d3a-41d8-af14-fe49d8961dd2	2864
1b2e0e10-143e-4259-9b92-5439f3d6f4f5	433
1b317d3d-75c7-4435-8210-597367cf835e	1234
1b33ce7f-908c-4a6b-848f-fa2d513c472b	1409
1b340174-e0ef-4034-b2c3-85f37c50ae0c	1238
1b34207f-c180-400c-8d52-c727d161c5fe	1027
1b3621f4-516c-476b-8db1-f6146b297cb7	1708
1b382500-7580-434c-83ff-6d00d465ef8d	2249
1b3eba9c-b46e-46fe-bf8f-38f9051dfbfe	1083
1b42f3a4-c0a4-4170-841b-4618cecc4593	1262
1b4e2e94-cf62-438e-92c7-7f6284541cda	1085
1b5e2715-9233-4b28-b024-4c12a72f0faf	1339
1b73ba43-8994-4511-836c-ea4c4714a4e9	1072
1b83fa99-b295-4e59-be3e-8748c93f92bb	235
1b85108c-bbb5-4265-b941-678ae92d66e6	988
1b887fb0-2499-4489-b548-ef3ffff82edc	329
1b926085-c48d-4cfb-a045-85dfaeeb35ef	990
1b965b97-c32a-40e7-ac35-65fe6c5e2970	1067
1bb6ce47-f3c0-43c3-bbe1-ba558198dc2c	261
1bcb1ab6-3dc0-4b8f-8d34-9bf9999cfc51	1031
1bcb9b99-745a-4479-b702-f738d587741d	1024
1bd11d5e-3b5b-4ec3-b8dc-4e14d46caf48	167
1bda71c4-d1b8-445e-bcc7-a05dfb9f25d7	236
1bdd7e87-9ffa-473f-b4d0-423a1653d754	1036
1bec64b8-aea7-4e71-a146-7c25d005994e	1380
1bf0b8a8-2518-4528-aca8-4a77a51d09ad	310
1bf2c480-7d16-48bf-8099-cdd5c53dff33	991
1bf84b47-d343-4ca7-af76-dd6df632b36a	1020
1c049016-3d00-476f-a557-b146b091d51c	2065
1c04bb5a-08a1-4e8a-9d44-d2a46bd277e4	5
1c0f4471-15e9-48be-bed1-4cb5b8e4e2ba	1109
1c0f8a89-c058-4800-8d21-95e73c35ac53	1130
1c1b2d19-e986-4b4b-9d75-a7fc5d25fd3e	997
1c1f303d-0d51-48de-a75b-4827ae4c69b8	1079
1c213ae1-f13d-4994-8909-539602608ae1	1067
1c2c90a6-b9b4-4157-99ca-2b70aab335b1	2750
1c2d702c-5577-40f0-82ce-bbdbb1a2d0d6	705
1c331765-f054-472b-89a3-3cec3d0ee206	1076
1c34c8e3-1a52-4bed-a5ce-d2eda8d5deb1	1075
1c358861-ebc4-4334-bb43-c32bcb5292df	1068
1c37a51b-2339-4a06-bf27-ceb0f8a1eaf8	517
1c3b768e-b43a-4464-a4b1-d2f9f5d13423	1048
1c43e761-bf61-49d0-bb0d-25ff949f3b11	1038
1c4facb7-9009-4912-babd-b2a08303ba29	2674
1c53409f-0340-40f5-9882-88542f93a66f	1107
1c5b0f35-21ba-4f90-9cb5-71bd79b8d046	620
1c5e05a7-e87c-44fe-8416-d76aff76cdde	1001
1c5f3497-6d31-4582-af9a-5bccef3b4f4d	804
1c63e59d-62b6-4d16-9890-ec957236878f	360
1c6a453e-4462-4268-823c-f8b7a8ce134b	1014
1c6a4740-63c1-4e53-9e50-dc39ef2226d0	1008
1c7be98e-58fd-4602-8d2f-2a348d25e941	1128
1c7eb2e5-9a0a-423e-8a4c-417e4dcc97fc	1072
1c804495-bdc1-4afd-8187-033e97a9a86e	1799
1c813b1c-e50a-4563-977c-15cd4aa110ea	661
1c845500-e58e-4b97-b72e-08f4f661c7e4	1117
1c8555ee-9453-4466-a2d8-ef9a9a96fe05	1047
1c93fe56-d5cb-4255-af77-2539e539d273	310
1c996732-4888-4f4a-8347-682e9abed236	1271
1c9d8963-c39e-4864-928c-b4a241c1268f	1232
1c9ec6e7-ed33-4966-a473-382388efb1ae	1071
1cabf30e-c3c0-4531-be53-38bcaa7f8c61	413
1cbaf4b4-5674-467c-9d40-e6350e4f64db	1071
1cbe3211-5e0a-4f7b-99dc-54be795aaddc	1052
1cc0204f-d08a-42bf-a110-08f9553fcc66	1372
1cc23a9b-274b-4683-98c3-b328e5169052	1075
1cc8d3bb-109d-47ea-bc32-01e13a88af2c	1084
1cd5fb0f-70de-4238-bd2d-e7fa0e3d38c0	1451
1cd897f9-b3be-4a76-a340-8088ce4514a3	1264
1ce32745-6738-43df-9327-dbb50348c2a6	2118
1cf7fd67-64c7-4ecb-81b1-f131673ee698	1059
1d0e85c6-b0bc-4178-b64d-cce222c31e44	824
1d0f1807-b5d3-4114-bcf9-ca8c81c0de96	1187
1d2da900-c07c-46cb-9ad6-2bef576a8da7	987
1d376805-deb9-4e84-8afa-e15739f3c6d1	700
1d523205-dd29-405e-9dcd-ac11f332fd54	1086
1d535c67-ceec-4e4b-b637-102b28c26a00	1055
1d633a07-4620-4f09-9166-414de6baf05a	1210
1d694273-ad7a-4959-b21c-c82c418398d4	284
1d6b5e3a-f082-4f5c-bc6b-140e64916f91	920
1d71084f-a424-4187-ad15-4c9dc6780984	1049
1d75bdeb-da20-4697-9d98-dde25c0c4797	999
1d763d69-4a3b-417a-ab10-062089355cd2	1001
1d79d076-450b-4267-8a8e-2d1537a5b14f	1048
1d7b82b8-f2aa-4bbd-b0b4-6a2b90a98ffd	1272
1d8a474e-e7db-4b5a-ac28-29d9f5a3c016	1126
1d93f3ba-cf2b-4fad-9bc7-4cfd809fa08f	1454
1da00672-3d0f-441b-af4a-72d6a5692ac9	1021
1da47fe3-69c1-4b3d-b8b3-98393721e27e	961
1da844cf-dfaf-4003-a4ce-07db823990d2	1079
1db26eb1-35d0-48e2-b3a8-becab92ee958	1069
1db4327e-d2f1-4fb6-a06f-2db07822b651	1075
1dbc1d23-21a4-473e-9047-2161215ac9ce	276
1dc11c59-d2d7-4709-b798-c194963ee493	1007
1dc60498-92b6-42f6-a00d-5c64e145aa63	1053
1dc844e8-c765-4ef4-bc86-20c8d6b1f063	1121
1dc8c64b-7b26-48f9-afa0-c4dc863f0588	1066
1dcad5c6-2f50-408b-8f7d-d5ea0c7697b7	625
1dcf0d0c-fca6-43cd-9fec-49c29d04813f	1051
1dd41172-e9f1-4e06-9c0b-f6eace653816	1024
1dd54623-476d-4027-bc40-3801fc5d03fb	1064
1de1ea92-b842-47a0-9180-116402c83025	1403
1de59115-c80b-4fbd-81ad-5ab9e39f619d	1078
1de591d9-1f81-44d3-86c9-46fa5817370b	1112
1ded5789-9101-40d1-bd82-1a9abb0ed6fe	2382
1df1bd31-758b-471d-b3e6-31a55a0d6433	1005
1dfee477-bfb9-41eb-96b9-969dcf5b1956	1061
1e08d8d0-5245-4818-ae83-4a12e8f857a0	307
1e0c34eb-ed57-48e1-97fa-52786560d371	1070
1e18a901-0a41-47b3-bb66-488ac72adfe9	946
1e197758-08f6-4952-9364-a67af43dc80c	1112
1e1be848-7fe0-4eb9-b24c-b23ee91e1399	1310
1e243381-2c2f-479b-a02d-35e7267e8a98	1192
1e37630d-7599-4c52-890d-541ec0e6a7fc	929
1e3ece5d-bac3-49ed-a7e0-1d90c77e4777	985
1e4793f4-a5ce-4cef-85ad-74467dd49135	1067
1e4e93c9-b7d3-413f-90cc-50223c573a42	972
1e567d37-7dbe-4fb1-83e6-afbf8936ebec	1082
1e5856d7-461d-4783-895d-6dbc9426cee9	1225
1e5a807c-88c6-4c1c-bf61-7fbf52abb7bf	2347
1e78cda6-135d-4453-a320-6e2084bb589c	1344
1e7d93e1-1dc6-450f-b677-75bbaf20b8f3	1045
1e8bed02-6310-464f-8b4a-61223f8d2a11	304
1e9d06b3-48fe-404d-9213-723934c4949f	1182
1e9d591f-60d2-4431-ab51-ef4bd2a4b988	1077
1e9d7652-5479-4362-a30a-542881a0f8bb	1028
1e9f4440-5edc-4d72-9262-2072a1e42635	1009
1eab992b-13e0-4f25-b236-d0d351c5ce9a	2470
1eadf505-f56d-4694-bfcf-966c388b4387	1001
1eb17fb5-5d53-4956-be46-4b391f6a0037	1016
1eba942c-774e-4f28-a23d-53fadd8cbbd9	1048
1ecb6441-be37-43f2-9ede-05b61ba9fc8a	1052
1ee0b735-b5df-4710-a625-0eb2942692c8	294
1ee35a81-ae9a-4a43-9b82-a5d34a0745d6	2099
1f0a1b20-0c0d-49d3-98d5-4ff4a0552798	2199
1f1b4b36-ad79-42e6-802f-45fc9c69e216	989
1f20a9b4-02d5-445c-a01a-2fc1858ee31a	2230
1f2937db-fdea-4dc6-951d-f4d851267267	98
1f376eab-1ec4-409b-9892-5293f1ef95da	1099
1f4c3941-83bf-418d-9fc8-189849ecc5e2	1123
1f4f7e59-4ce1-4deb-a302-a92f439b86b3	2140
1f530aeb-7d43-4795-bc71-b942f7549632	1115
1f533a01-a441-4240-9a1f-e712c9e713ea	1047
1f5aac15-a78d-4f47-86d6-7bd353a05fa5	1032
1f5ac63d-c552-4ab5-ab0a-686a9c38d509	1123
1f6358ed-6cd5-4262-b824-c0716decb6fc	1193
1f6eeb00-9d25-4832-b461-9fc18237161e	1616
1f736216-4020-436f-b4b1-25952f5abd76	241
1f753f94-5919-4a60-aa96-96816351ef68	2149
1f871f44-2e53-4eae-b233-95c0aa3d71f2	2377
1f8b8c12-1579-415c-a4aa-4ade7d3a979a	1050
1f8ba067-8bbc-4d3c-936d-2491334c3de8	1065
1f8d148d-3add-4f5a-91c3-f701ee15b2bb	1375
1f9873bf-5495-4971-a96b-febd28fcc9e8	374
1f9f6750-c2cf-449b-b598-3869adeb4e1c	912
1fa81418-fbd6-447f-8168-610e8a76e5da	987
1fa83ad9-42f3-4bff-bb76-c28cf0820d3d	576
1fa8d872-9b45-4862-8780-fef1c726ff39	977
1fad720b-6527-493a-be74-d18556e3058a	1078
1fb2d54b-0a40-4011-b760-166569667062	305
1fb5c753-3037-4246-a2c0-863787574462	1367
1fb9e36f-2dc5-4521-9165-ab26a6f877eb	1068
1fba01f8-5652-44a4-8d09-b873d3845633	970
1fbb3f9a-f214-4b98-8720-6d4e8c9c5353	1183
1fc3e59e-ff53-4211-9742-bf63d16f202e	1101
1fc9eb33-3cf0-4f31-8f5e-cefd2ddc6423	1067
1fca68a4-ddc1-4768-8bf2-030cc6fb59dd	821
1fdba680-80c1-4ef4-b4bd-81ca9957d076	940
1fdcd597-d4b0-4b11-885c-c0ed0e4ddb7e	1373
1fdd3ce0-c3cd-44be-947e-61c65a4701b1	1210
1fe30ac3-baf4-464b-a873-2acac58982d8	981
1fe5ee55-70c0-4055-9d1c-f50bca9d23bf	1375
1fe86e4c-a6f7-4cee-bc0a-12e163f4503c	1083
1ff8d6b9-b02d-42d7-904d-050c1c056dc6	1130
20055de2-718b-48ba-8f67-2a2db149ff21	655
200d98d9-aea8-434e-abb4-e09ac0268314	1458
20111a49-e4f0-4c90-97c3-87e42655420e	415
201656a9-a5e1-4f6c-b061-18733b6a1ca5	1303
2020962b-dfaa-40ad-b5a5-ec3251bfffcd	1366
2020c423-84a2-4d75-8818-f585c52befba	2139
2023c625-d1ff-4169-806e-d6a91b6815b4	1192
20289556-26f6-4b41-8e1b-01a93e9fead1	2165
202e9c4f-fe3e-47b8-beb5-3b8d224bab44	1087
203e702d-57b6-4094-8299-b01785b42da0	1059
204023a0-f593-4a8d-8984-92c099c47dad	1060
20455a80-f671-419b-ac7e-6d3fa6b3a9a2	1075
20459502-d844-446f-b724-b53b956de91e	980
20495cdf-8315-4a30-a6cb-dfe3f076149b	1101
2051218e-42e8-4338-b9e0-34b7f6d4c5e5	994
205dacf2-7a5a-4769-8de2-638c669408bf	2208
20642e73-117e-4b1a-801c-7fffed348fdb	2069
206f3356-9021-463e-aa7d-b1355c48ac7c	854
2070740e-0260-4e42-be5b-3e0af4e955b6	1029
207890a3-5aa8-49da-ad0c-48708b29e22e	1395
207e0e43-315c-4bb0-b123-b6d851bbbd22	983
207f8c06-6860-4642-a61d-27a079505251	1000
20905bda-dcea-47dd-b683-732ec0b201a8	958
20921f6b-0ce4-4dd0-afbb-3c1c1ccf2435	1022
2095c6d3-0391-42d7-addb-93b74f3ce1f8	2118
2096db56-520d-43b8-8969-48b719a1ad69	996
20a42d1e-89cb-49c9-8507-578766f12143	403
20abc19f-7455-438c-8b3d-d09aa7ed1a44	1244
20aebc26-f0c2-4c55-b5bd-3603c1f6e458	1251
20be249f-1b81-49b6-bf73-102f0dddf6e0	1118
20c0d0ce-5603-4e06-885e-fbe6660964e3	1056
20ceb999-a076-4560-a062-1facb558b03c	1467
20d55471-28fe-4e44-94ed-4b820b2509e8	840
20d94cdc-66c1-4105-9b38-4c121769784f	2158
20dd81f3-8150-4e5e-9692-3c9abdf41e55	1257
20de0a9b-83c5-40dd-b3a0-eec8811e1cfb	947
20e114c4-0a64-4be2-9046-9f71cd119694	1028
20e5122e-43b3-4a19-a973-18dde9b3f203	320
20e5cbbf-4ff8-435b-92f5-d60566b389dd	2153
20eb464b-239f-4a3e-91d7-9e1f1f7d63d8	1023
20ef95b1-e43e-46d1-8259-1b89237ac221	1260
20f10f33-e7d9-4d71-b7e4-bd22c7278731	1067
20f7f529-2d68-4ee2-b143-2342b5028da5	2141
20f802e1-5bbc-43db-9860-5ba68e76d916	627
21026bb2-3617-42b4-9fb6-a3fb82443f09	988
21061cf5-c930-4905-946d-cccbe69f8b89	486
210d9807-bff7-424e-9820-fecf2e0090b0	2270
210ee12f-0942-4143-a5a8-5bade98e8667	1096
21125c79-32db-4620-a0c1-ad5369648c7e	1047
211dd87a-a238-402f-87fa-4fdc35be24e2	720
211fa0ca-38b6-4e8f-92fa-89ffb5241a27	993
2120a75d-3584-4846-904a-1357ea1a3798	2132
21244883-3e64-4fef-b9fa-9ac982f205ba	230
21290934-da0d-46a2-82a5-7165a6b114ea	1015
21367e35-9b96-43df-bcff-db918ceebbc3	1141
2137c881-044e-4055-855b-0a9b125413c4	1216
214158f9-a2e9-4ad1-9110-7891359b856d	1039
214a495d-dad1-476a-a0fe-d8e8b5fd6a6d	1041
214ae8ca-b517-4210-a3e5-5b498228a346	1011
215c5139-edcc-4d23-9367-9b8a0ef2498d	246
215fdcdb-c43b-4842-87f1-23978f7093ca	1057
2162266b-4ecb-40dd-b5f3-dbad694dce51	1073
2167f248-3009-494d-a753-2433836f96ab	1057
216fbaf5-9726-41d1-ac94-2960a5bd3d05	1069
217b0171-0476-4459-9a7b-f6befa9816d6	1050
218af35e-229f-427a-8d1e-c8ac738dc1c9	999
2191380c-a6b9-4c5d-85b4-293918177240	1011
21928aeb-04f8-4fb3-bb89-1caa0dcb5a7a	2297
21963691-31bf-41cb-b46c-bd52b6f424e3	326
219b269e-6bee-4be9-96ec-f5ade6d177a6	373
21a77a51-fee3-461d-baab-f0803ac9128e	1037
21a8d295-595a-4027-b598-5570df274496	3575
21ab2e55-4a6b-4200-9650-ba2af700349e	328
21ab4263-c787-4cba-a3b4-b09b15f55a18	1287
21b06de3-7e82-486a-87db-31e9fb0fe1ae	1151
21b0a129-637d-45f8-9dd2-66951f3222f3	315
21b5be90-8123-4edb-acc2-b790a9fb6926	994
21bfe0c5-297d-4afa-8ab7-78e4a88db0d2	554
21c973f7-8747-41da-8b76-86780e3adf9f	1085
21cf8a66-9a42-4c4e-b926-6b01d473ae4a	359
21d21baf-de27-4396-91e0-227f062cd9df	1138
21d585b0-3160-4b83-848b-4fb306a30521	974
21df2270-83ad-4569-89c9-e82aeca3d88d	937
21e71724-30ae-45d7-ace4-79e59f78cc26	1113
21e7c982-6564-49d5-90da-5ed180ed6ea1	1084
21ef2afb-c258-4737-93ca-f347287ec949	386
21f1315c-95ad-4efd-8af1-a6dca84b7564	1017
21f50e19-4d6f-4cbf-97fe-9cbb62f785e2	808
21f6e4d3-efd6-4f82-8155-1d5bc909bb59	1039
2208b647-54d5-4857-96a7-7c1c4dc4557d	1705
2211fc76-1038-4f51-a2de-2d4d49298a06	1084
22198800-476b-46e6-8c52-8ddd1e1f88bc	509
221cdfd7-1ed7-49d2-89c1-aedae6a889b2	1067
2223beeb-b177-47d6-b801-fd38c1d32941	1948
222a831f-e67c-4f6b-909d-39c415c6b220	1109
222cd49d-e819-4176-ae7f-0ea3f36f4664	63039
22363808-16d0-473b-8e55-265311d17327	964
22377ac8-ec7c-4342-8d96-96b299d94251	1267
2242f612-f6ee-41d3-85b3-3937a0cbdc25	1333
22492a82-45bb-456a-af12-17e0c8cec0b9	1706
224af085-40c4-4d08-8881-9469f4e4ebff	1049
224c622f-6415-4ab4-9a64-09ec6dcf69b0	283
224fa64a-096a-40b2-8d2d-44c4d7b1ded8	1123
22543b25-01cb-4743-8bf9-4f44d73818bc	1401
225eacab-de0c-471e-9235-f659894b0ef1	1067
22627ca5-e8bb-4338-9e43-351bd0aa189a	988
226b934a-b95c-43fa-b261-027db035eee5	1056
226e14a3-bf6d-407b-a9d8-a467f37b175d	992
226f006b-069b-4003-acf1-82c5c1a80099	969
2272f982-f4fa-450f-9d4c-10cbe66a3153	1414
2275c676-d758-4a94-8758-0034b18b4600	1008
22771650-26b4-4a23-a7ac-d25be3337bbc	166
2289131c-d2b1-4910-b4ea-7655ab5ba0eb	1073
2289aadb-5b7f-44ee-b75a-576781e15c0e	1133
228a2338-cca9-495d-9b30-ca7b58d07480	1336
229bcb83-f4b6-4119-9d5e-cf5266737770	1070
229da3be-949c-4189-9ddf-c0924924923b	1064
22a7c53a-7a63-45e9-b0df-e3626df9be0d	980
22ac38ba-0536-477b-af7e-16831fad92df	681
22ac9306-76a1-48fc-9498-0b245854451c	1263
22b345dc-def5-49fe-8e6d-5addf2760edc	1204
22b5c59d-9c24-4080-864b-5bee5b4cdd83	389
22b71772-1480-4795-960e-66a149a994d5	981
22b789b9-2d7a-4524-ae43-2f1ed55001e3	270
22c68c35-01ee-42a1-be32-b27726b678fa	1062
22d10f74-4b93-41cd-8e1c-f964b2d1f0a6	1019
22d29ef7-f678-4956-a6ae-27582da6ce7b	982
22e082b9-82d5-46d8-af1c-20e5bb378dd5	1074
22f5568c-7d0f-4da7-ac97-0f532a4aa9c8	1096
22fd8541-9899-4f69-bf28-36c941691ab2	2274
22fe621f-cb7a-4cdb-93e9-af7ef19e4b8b	976
22ff9742-daac-452e-904b-cd947abe8138	1106
230420f8-6873-49f8-86de-a9a67f20019a	1065
23093cfa-f870-4335-8979-9981495c8c88	1084
23186914-5899-4f4d-95a3-fb476a64d4d7	239
2318e3e8-8562-4afc-84db-ae7851d641b7	1257
2322f3fc-eed3-4e99-801f-0b8d58eede9a	1270
2324d375-fee0-4e58-9086-ec605ca6a63f	1412
23274e77-897a-4541-b1e4-242fb1988fcf	890
232f58fd-8940-49ff-a470-a44842c21671	1071
2331be2c-f7d9-470f-989e-fab8bd4fa37d	512
23334d90-e6bc-498f-9857-a10882073468	1470
2344bb9f-1199-480c-9ba2-0da7bd2b4bfa	1087
23453300-8a36-4941-83e8-d54270fa14d2	1296
2345d2a2-cf1f-4bb4-800c-893cd1ec1b87	1272
23476c6a-fffe-466c-a27f-2ae054aa80eb	955
234b3832-b2a4-4965-a9ca-88ff8c77da54	1059
234fe6d5-fb6d-4964-bd95-838a86ac35a9	1059
23546a18-0e3e-45b3-ad02-6a64b51081c6	932
2354e359-6cec-4e7a-8561-65af96af9070	1063
23555132-bc69-4195-b8b0-cb9bd1736052	1015
23583d3a-a2ad-4578-97a7-0572fb4df858	1075
235fe97e-90a7-4bcc-8dd9-616f0f9a94d2	918
23617d26-590c-49d2-a776-855c9a5bd298	2462
23683dbb-89e9-46c2-9033-3f8c88b9aef3	2136
236b9944-a475-47df-a596-6d256031e767	1652
236decf7-bfcb-46a6-a970-8d5293eed36d	248
23730b20-cf60-4266-aafa-e4a551145699	985
23808e90-cc49-4ea6-a3c5-7f72e8c7ed85	322
2396915e-eb14-46d3-817a-82274356a846	401
23a552ef-80b1-4baa-990b-d25de6e742c1	1369
23afbf69-dea1-4815-86cc-a7c35577600a	222
23b891b6-15f6-4147-a3d4-dd7484f52d33	409
23c82633-4b87-46f4-84c0-175aeef265a0	1326
23c8975e-9f6f-46ac-a085-730bf3e039ab	1047
23cb29ab-5cad-4334-ad4d-8be838c6facb	1466
23cc1708-a513-433c-8f6d-c04481c7edc5	310
23d11f6b-2863-4c38-acbf-683d2e136081	976
23d83dfe-5a4c-4d10-a071-f984dd306ab6	89
23f04024-c9b6-49fc-843a-521a6c714f50	1064
23f0784e-40b1-4039-abbb-670a412e5673	1103
23f6b8cf-663a-4385-b34a-41cb751ab6a2	1057
2402e6f2-372e-4d39-97ff-ea975f347cb6	204
2405da62-2d27-400f-9243-0e3e24034863	1371
241a0045-6fde-4cf0-a47b-537376b2d21b	999
241d20bf-329b-4cab-8559-80f0eac27aff	990
24231b3b-dd14-4c5f-b364-675d0db9d28d	1062
2429b987-8f7a-4f47-abbb-a9d1835c9e6c	890
242c4b1d-979a-47b6-b8d5-843b1054034d	1053
242de3c3-ac53-4e48-8381-fc6095e1f971	599
2431d109-c45b-490e-b6af-402320a1040f	1490
2448a894-16b4-4ab1-90b5-b8e515e2c9a3	1088
2448cd9e-91b8-4dd5-ab82-53d44b4eab86	410
244b5492-b4d8-4763-9381-719012095aa2	1077
244dfe7c-3661-4aec-b369-9b7a6be091e8	481
24569040-e82f-46e7-abea-f100973835d0	1109
24595cda-ea95-49b7-98b2-b7a57242aa50	329
245b2ae3-effb-4a18-8941-5126782b3ce1	1517
245de441-2107-4183-a4d0-d67ba7ec58f7	1017
246bf281-146d-4de1-ad14-e01d7b989142	149
246eb511-6024-40a0-b706-03327b307344	1078
24748dda-f661-4951-a003-7777e2ab81a2	1142
2477d840-1efd-40b1-9675-221f35e5db51	1387
248852a4-0f09-4cc9-b8fa-2bbedaf4f86b	1060
248c8f20-2176-49f4-94da-ce662f27c721	1017
248f3b51-d4b5-450a-8fb3-7be2baf609b8	1375
24a0bc37-9a31-4e6a-8385-578233e88d29	1061
24b6c430-d488-4ea4-961c-526d205c69b4	1066
24bb6add-36f9-4f1d-a1ff-3b748b922357	1138
24bf6533-4d0d-495a-ae3f-64a5b91b4f26	943
24bfd935-3173-4d46-ba9d-cdbe65cbdb50	1251
24c32139-2d2b-4f1b-8db8-14869c78e0fc	1060
24c81930-58ee-4730-accb-ccb6d21ca2d3	1064
24d7a73d-4593-4f3a-8942-952693997f71	218
24dfff8c-a6fc-4620-99b9-fd9069e5c985	1064
24e5ae4a-6190-4691-89a7-9db9174731a1	877
24e7912d-5d2b-4f95-b20c-6a98c91040d3	1079
24f534bf-73ef-42cc-aea3-f2bac38af57e	1296
24fb2801-1943-4d88-8564-8a5531ea6c94	1191
2502c2b9-0ede-46b9-ba50-8a1b4da86112	1128
25055a80-ab48-4202-a62e-f11a337b0374	1058
250be569-e8c8-46ea-b9fb-91f621b29eb4	375
250c9ab2-2aef-47a6-b6ee-eddfcb478e8d	1294
25198b81-f9e8-44d6-8930-d5c1cb3bd42d	2583
251da32b-e4e9-489a-a1a2-187ce630a3d9	650
2522a9af-7acb-4a8e-b4ca-049cf8ae8395	1035
2530a76c-b2c0-4bd5-9215-f694a48dfd46	547
253160b4-7e14-441f-87f1-d93422f6bbeb	2441
25339aff-4877-4ed2-83ef-de66371d7685	1087
253649ae-0dcf-471b-9be9-920047b06b3d	235
2539483d-caaf-44a2-9955-c641eec0bb8e	2798
253ee4c0-ce46-4364-8849-5b4214e4f2f1	2262
254391ec-5827-4095-a13c-bf5c1445f548	2276
254ab485-eb76-4f06-a5ef-53fdf448b9d3	512
2550e691-4d67-4392-ba83-ff80080359fa	555
25590d1d-77dd-493c-bdee-d76b648cb70d	977
2561d843-5275-4717-b944-79bcecf7c49a	1094
2566ec94-d383-4f95-acef-16f416982c0e	1057
257c1750-540d-4e38-ad0a-1955b6083719	1023
25852000-f105-4778-baf9-1e949ada7ac4	2159
25877062-1f83-45bb-967b-31147855666a	1057
2599f7b7-f085-4101-8caf-234c52bd93d3	2056
25acba0e-8725-4ada-bd70-fff585738a32	2452
25aceb58-6678-4a31-b75e-284b5db796a3	1071
25ad9ee8-e51c-4326-96db-91841c8b0995	1122
25b73a52-4e60-456d-a5ca-7c775282eff6	1290
25ba9375-a76c-40da-af34-365ed79b043b	1456
25be42c5-0e49-49e4-bb6c-da058bf79bb8	525
25c12aaf-7ac1-4eac-ba74-8ae2bbc5eb0b	1475
25c22384-14db-4e08-ba8e-c48bd30e91f3	1072
25c6d7bd-be04-464e-928d-eef328b74ac1	1174
25d2ab27-d813-4551-9ded-cbe3be3368c4	2438
25d8a875-6b60-4b87-98e5-02d31f98ecab	1070
25dc7039-d230-4450-9474-357504cee237	1072
25e26941-2edd-42e9-96cb-e29a70b0e2ef	1018
25e4b103-55dd-4d87-b451-e88161842acc	1001
25ec8a65-c759-4b19-9128-c6b319424768	1317
25f0458b-6b28-405c-ad25-c3c638dc7755	1201
25fb392f-6259-4edb-81a9-d76d4f7ddc95	1185
25ff989c-0eeb-4b88-85a6-8b5ee0fea618	1207
260fc30a-faa9-427a-af74-3bf887161762	1048
2613cbdc-be4d-40e7-8358-df0ff79c8639	1645
26150c21-57cc-46fa-9633-961ade1a914c	971
26180227-ed68-4239-8f2c-045665c758ac	2494
261ee271-7b4f-41ec-8c7f-bd235707d919	1162
2620ee30-23bf-4742-a94f-81717154a4f7	2301
2622249d-f8ba-42f3-8fb4-e2ea400edff3	2255
26230d6c-5e7b-4f20-9293-8826e7ae942a	306
262e7830-e009-407d-b877-cebd2eb72b6d	1085
26382f55-fdfc-4a90-b8e0-2acf62dd3584	1111
263ba6a9-1aff-42a7-a81a-f58d96df0216	1237
263fd0d3-ce43-4496-92c1-0fc702573344	1135
26425484-1f2f-4d3c-8c6a-03215e6775d1	970
2650a883-932f-4bb7-a906-86918f8a1e93	403
2650bbad-0fe2-43cc-b034-db5ca6e05598	2183
26671fd7-6ab5-405c-beb3-22bbcfc59035	1064
26734582-fa30-444f-b6a3-abdd842acc36	1302
2677575c-99dc-41a8-bf07-fec88afaab69	1005
268142fc-864a-4182-8d01-74601e97883f	1062
26835a16-e006-4fe0-afaf-ccb43101dc54	1049
26857e29-a09c-4b92-94e6-46de5aecbcc0	1776
268cb7d9-4fc5-41c1-bbc7-1f81239881a0	717
269146fb-36f6-4e29-940d-e267432033eb	2183
269febe5-78f0-424d-ab10-a42a40ec5bc9	1093
26ab5608-e235-41ca-8e06-306fc95d10b7	1053
26b153c5-36df-4cf3-bf33-c08bbfafe6b6	2429
26c1791f-1f1d-4bc5-939f-df024199933a	275
26d0288c-fa17-416e-bda8-1cd4defa3f1b	376
26d3d512-e673-4f28-aea7-f2fb345b670d	562
26d656f9-4d40-4f95-b1a4-e793af4411f1	1121
26d8c380-90be-4c2c-9026-c07762519c81	2239
26dab3de-bd2a-4b6c-81e5-028fb662913a	1047
26db1187-7ac2-4875-b852-1ce54c4e5492	795
26dbf8be-3e46-49ca-b9ed-493824171f48	1230
26df027e-8e6e-476c-8738-d527741ef79d	508
26e13547-8c35-4108-85a9-4989e5f08c3e	649
26eb622a-526f-41e8-91e0-173d0a3416b9	1068
26f3f174-d24f-40fe-b641-3c817b91b632	1117
27043d1f-5467-4266-8191-e398c29c85ba	1754
270c6835-9633-409d-8466-38b989e01e9a	1726
27148eae-9e1b-44eb-9926-62789ac2c053	456
27179592-1ff0-410b-84b5-3f4e1faa7197	1905
2726377c-f530-446a-bb44-60ff8ed37c01	1091
272edb7e-ab28-48ba-849d-6c8dcde7b3d1	1396
2730e83a-dab4-40de-a8bd-53820bbe2066	1033
273698b1-a641-4051-acf6-1adb0b43e92a	520
273e4afe-49d8-47ee-aa6d-f5500de245ce	1066
2749c242-770b-4a9f-bd80-bc9c30b9dbbc	1076
2755b92e-75cf-4247-adc8-62c0ab972385	1254
2762ce88-8040-496a-821d-89f8bf86b067	1377
276a75b9-18bb-4a02-b168-21ceb341476b	349
276c399a-d4a0-4d3d-907e-5bc5dd9e7abe	1077
276d47db-6c1b-4768-8b2d-7e77743fd899	6
27747611-0085-4c14-aaf9-146179740a2b	1057
27784851-6d80-4daf-a35e-3aca7b7c9551	273
277beeab-c413-4976-97da-e3a46a943c1d	1065
278bb466-6715-4255-b909-af42c03c664d	1029
27919902-4c46-4ef8-9e18-949d23ed8ede	1253
2795b5d2-eb2e-4cc5-8f86-de89a97bc779	1308
279bf639-c806-4e86-9363-428553141401	1342
27a27f66-1593-479f-a1a0-e128ed3b2b41	1066
27a9b2c1-95f2-4580-ae8a-1cab7ce2c5fe	1454
27ae3d12-0343-4cdb-9d69-54e332391b7b	1904
27b2096a-5b47-472d-9b4b-704b11609ff4	2142
27b6cbb7-cadd-44ac-bc8f-200a99991664	884
27b9605e-fedf-40c8-8e18-f93f04a6fc47	1065
27be6ed6-c31c-4f02-acbb-1a5875bfa595	299
27c28696-35be-4262-b5f1-8010eab9b657	520
27ca2478-b643-42a1-a3d3-e24a4f28c5b8	1043
27d5495a-aefa-4f43-822c-c27c3a9f9614	1082
27dbe530-9392-4635-be6a-f38cae35aff1	306
27de8c3e-473d-42f2-a0be-6a61b18c4029	993
27e1aba9-2ec4-4e4b-9127-6413d8302b19	1084
27e2e760-0b7c-4ee7-93f5-5626dc11190e	2208
27e8161c-c73e-4a6d-9930-b5a5335bab45	1186
27e99d86-4cba-4211-bfed-dc64cb1acf89	1092
27ec7866-8e8a-4dcd-b2eb-7cc999215948	1366
27ed726f-5aa3-4c3a-83aa-cc54c72f3496	1376
27f411fa-0c70-45d4-8fe6-ce315ef9417e	1060
28067641-8622-4468-bfc4-c276903511a8	1064
28092487-bf6a-46cc-8c72-7278c5f5e233	1791
28133607-af4a-403c-a7e2-55d246561c37	891
28156a47-9b8c-4fce-8f7b-c9e447624523	1115
281832e3-cc49-46d5-b798-a799fccec884	860
281a6a76-1466-46c9-b9f7-b96b7d794d47	1590
281b19be-e160-4e93-910c-53e5aaf442eb	1069
28285bdc-6884-4ec9-bdef-c41b37e30652	1388
2828f728-f6b2-4193-b2cd-fa0fc9201f57	651
2837b2b8-d097-4ffb-a3ed-a2709b9137d0	1090
283a27eb-553c-469c-bb55-b50db43e0838	1096
283bec11-1be1-4539-9339-07f56cc1b423	1067
284fa121-cf5e-4dd0-9c2b-b07c470fb7db	1102
2858c27e-0fba-4ba7-8edf-5b20ae64cade	1071
2865262e-4619-4c68-8c0a-75221e98e00c	999
28660917-9c79-4566-8c7a-0cd8a61f49af	1076
286a1ae9-1fe5-488f-bd46-ddd03e168d9f	639
287858a8-14ec-4701-babb-a224ba43e296	2268
287a0ed7-30e9-4ad6-98b4-f1986281f1e4	1044
287a84cc-beb2-4004-a250-a16b78a10525	982
287e980d-d1f1-4ea5-9c95-a3b2b7eaf0cc	1059
287fe860-70d5-44e4-b334-a53054ddd844	1141
288a4b3e-60c6-423b-91fe-880561dabc0a	1254
288fd2ad-e3a2-4a81-bfee-5b3b6744c61a	2321
289031bf-b29a-4cf6-859e-568ae6c59f36	1472
2891a853-e217-429a-9012-0867ae38dbf6	1062
28b26e7e-21e0-4cac-9de9-d52f0728d71f	1079
28b302cf-f4d0-4bc3-ac01-fae1c82ac81e	1054
28bc7361-6f73-41e2-8def-d7c997c0b108	909
28bff203-38bd-4b88-8f18-b226a7edd203	974
28c4abd6-104e-4691-9d7b-da2f37785764	1126
28d2c426-41b2-468b-adb1-fa36c3c77b06	938
28d4cc84-1a15-4e16-8b26-c52b811d48e4	1063
28d68271-d91f-4f20-824b-249861b53467	1086
28db97f7-159f-452d-b1f6-a6cd3bbd474d	1038
28e4343f-bcc3-4a3d-9625-372dba160f3b	958
28ed39c5-7098-4b30-b3b7-3c6b61fff98e	1051
28ef2791-d24d-4efa-9e20-9fc06c72f733	260
28f6742e-7f07-42d2-a081-f1be8ef78598	430
28f9b1d8-ceba-4afe-b709-ca1930f2677a	2259
28fd5b56-d0a1-4d52-9bdc-226df7a2ae7b	1520
2903e9cc-c5ed-4557-b73f-d9aff3617a65	1051
290bc175-d504-480f-9e05-91e04cdaa717	1075
290cc6c9-bab3-443d-90ed-c4da21cdbce1	530
290e8b7b-cdc5-48bb-8a5b-6eaf0935a1d6	2318
2911bbec-5f2c-4d5c-bec6-f63ca63608af	144
2915c31f-7102-43af-a49c-7a298690cfa8	1707
291d6ab6-3b25-4355-affc-eedc50c4870a	1056
2923920a-49a1-4ef4-bb2a-b99460fae779	1062
2924335a-41f9-4769-9773-9cbdc7735e9f	1065
29269a8c-f7f2-4f46-89e9-e0bc5ba6230a	407
2929f42e-b590-4b9a-aeb9-ebf5e7a37525	1370
292c3f92-0812-4be5-b25f-8e1e7d373221	1063
292e38d8-cdf9-4225-ac09-73314077bae8	1080
2932e3b7-87e6-423c-a9a2-6804f27fcfb0	1302
2939e600-23e5-4b48-a6b3-167014ba254f	353
293a7789-1cc8-4184-ad61-5c399c3b4e21	919
293efa63-abb8-47cd-baaf-f00065a2177d	1045
29496f83-75dc-445b-a112-b7f9ee304d96	746
294c3f4f-3806-4173-a2c3-90874027df1f	2064
295f154b-54be-46b1-835a-eb21f1c77664	486
296647e3-eafa-4ff5-b9f7-a5ab2589dc0d	408
296c14e9-0121-41ef-95be-8add17f91bc3	988
296d0bec-e8d4-4346-b915-78a35cf54910	1465
296d76ae-4556-4db1-af02-d261085d87c9	1281
297207b2-b583-4994-b592-1f3e63525510	991
297847b4-f4b0-4de2-9ac9-e10c7b467585	1075
2984ca14-eb37-459b-bdf4-42445255d3ef	1071
298640a0-38cb-4a00-9f22-f1e7d90f6055	1015
2986744a-8ffe-4fab-80a7-f83a2eb871df	2134
298f358c-4c45-4762-8cd6-3ea2d569b1a5	1004
29943551-1bc9-4cfc-ac7e-8685ac237458	2282
299e9488-81f5-4a96-ab52-3fe17c5d7315	356
299f9ce9-72e6-4eb7-9a65-940642a065c2	1046
29a1b67e-dd14-46c9-b103-2fa5e8bfeaa5	1064
29a999a9-1145-41e1-9c24-bf2f4cee50ca	1044
29afccd2-e848-4524-b68a-590db32528e2	1053
29b6fb09-5e88-4ebe-8275-86ed63ebd3c6	1121
29c1ee6f-d0c8-4ede-8ab0-c298f29bc6bc	1263
29c5a7b1-d137-4af2-9612-9f5923ec3c61	1142
29c93f37-e37e-4b3c-9936-36ec8645d4c7	1231
29cb2724-7a2f-4e2a-a777-3076acbfb195	1078
29cf20e4-ea82-4fde-87e4-1e9ea6dd39bb	1046
29d68966-bcdd-4a58-9fd6-28020f831ddb	1067
29e8a718-37c3-444f-9c8a-3556ce4e54b4	422
29eb3696-9b23-4090-86a2-5d19428e5ad0	1031
29f380a8-6e74-45b8-8b49-cdc86fd09b56	2247
2a05b385-5752-439f-8ac5-a8de6d1df001	1240
2a063304-56e5-443f-9cc3-e65c9c743b6e	1097
2a070238-b323-4c43-b153-23beeaf81253	1004
2a15ff8d-b711-426e-9782-4b43c7f58806	1062
2a1df590-b809-4953-a0cb-6d5fd9bddc84	647
2a25e977-5486-40d0-8c3a-0a1d0f531e03	1116
2a274141-9e1c-48ac-af59-c7351a51d94f	61
2a36f641-8646-457a-a4b6-aac9b0f85a14	1060
2a3d9405-f676-466d-9afb-3cbd7d41017d	1051
2a46c137-932d-483c-bb10-96c2aa665ad9	246
2a49ebf3-6cf8-4c29-8742-15b162a22bdd	1091
2a6a93a0-8e49-4ece-8637-c5926684a04e	1059
2a759340-6fed-4516-a093-97d4f475fb0b	1070
2a88bf5b-9635-4ebf-b958-4d209e5a8a01	994
2a88eefe-7854-4705-9e38-ae6260b9f1b4	1005
2a90c7d8-2427-4412-b095-39e2a3c9d6c9	1298
2a91c2e4-f09c-41d6-a73a-f2c365a6aa29	1015
2aa22ea9-d538-4249-ad90-e2355e57451e	1122
2aa4b594-c717-43ee-9aee-ed1682a928ea	1332
2aa934dc-c41d-4bbc-91ad-5482329422ae	627
2aaa3842-d4df-4af7-8bec-1583ffec12ed	1082
2aaa4421-06c3-49c8-a00c-0b7ada0ab9ef	1057
2ace2a2e-3efb-43ac-aff8-b15a95155768	1104
2acf8246-bbb8-46d3-9c03-47a3176695b3	974
2ad26d83-00a2-423a-9ce9-cc76b04070a5	1193
2adb89aa-570a-48b7-8584-aa5dc298a72e	1500
2ae6b771-4e6d-4f9e-a387-4c6a9e3e72cb	994
2af46fe1-d136-4aad-b63c-cd9a03ad125c	1085
2af78c9c-b59b-47a0-994f-5c054d058bc4	1072
2af80261-e1bf-4fc9-b26f-aec3b89f9a80	1067
2afb4252-522b-40b3-9bef-49aa44dd977b	1091
2aff1b52-5358-41c8-b1a9-932846e3032f	1066
2aff7416-8a1c-4fc4-95f6-413be0c83215	987
2b00883b-a261-4c18-a1a9-580dae058858	2051
2b146419-c9ff-4b59-83a8-8ed20ccbbe81	1070
2b16d49c-7352-4379-a6f9-4e4e08e9b2dd	1030
2b1e2f47-b413-428d-852a-e6290dd84b36	1364
2b244132-f81d-49f4-8847-b6c9db126da0	1072
2b2b3cc9-6afd-4301-8c68-5e55df4e0c18	1076
2b35241a-fbe1-4ec6-8739-3b1269074b63	886
2b360792-d033-4172-b9df-33ba19b6e957	1077
2b382733-b33c-45bd-820d-09da5fe94dbe	365
2b41c201-738e-4c62-8b27-bf3e07a91c21	981
2b4c9a88-e01d-482b-bc25-660d73fc28ab	1050
2b4d02c6-304d-45ae-9569-4340dd58102f	947
2b4e238b-c608-4371-b550-0d586ae79925	1254
2b4f4463-e20c-4d09-9faa-bbd01aa07bd0	2216
2b504d92-5179-4683-950c-80392ae2684d	610
2b5298a3-90fc-466d-b53a-e5c566a116ad	1082
2b543869-c34b-4b41-94c1-57587e08083a	503
2b5960fa-0b8c-4cc6-a56f-a738317c2ad5	1041
2b601e3d-0634-4bfc-9d22-119dacc0fceb	975
2b62bcb3-e91f-42dd-b0be-f039440d1906	1236
2b6610ec-08e7-4bcd-92bb-b86e2ffedd57	1358
2b7825af-d3d6-4bbe-9631-3d3c30bbd85d	1068
2b7b8705-ee04-414b-9ea9-d38cdfbb8c65	969
2b813196-2872-44dc-9474-8952c6eb7ce8	1645
2b8d37f5-7217-4c31-97a5-5cb053ba8f9a	1115
2b95b3d5-8153-4a1a-9908-c595c8932f17	1311
2b976f9d-0d7f-4ee5-a7e3-69a8a8b5f599	1433
2b9b6900-ac43-4a7a-b7db-f9f40f28412b	1113
2bc2c50d-2d14-490f-9e97-03bc701f043a	360
2bd823f7-2e29-41c6-948a-1472ff8e7948	1073
2bd96ca8-087a-4fc4-abf4-b8f6c8875b3c	2201
2be0f86f-96bb-439c-88cc-2a68ece71a10	1082
2be9c03f-b0b1-4fc9-8c77-14ef3c529d4a	1055
2bf2aae0-45c5-4956-9a8b-895b29d0ec88	980
2c1c6d81-e280-473d-aed1-61b1bb4b7bdc	530
2c24d2ba-69d0-4194-9e19-498cb788a13e	222
2c2b5539-100b-4cb2-a932-e362a04f111f	432
2c363b90-0a51-4c17-8502-840c43cbd161	309
2c376370-a5b4-42c7-abf0-9e71b6eef4a3	477
2c3b5908-71e1-4dd0-91af-66f2896b1b0e	1059
2c3cb301-34cb-4d4e-a688-8ce04ba43cd2	1173
2c4340d8-c709-443f-9507-6040db1e0e92	945
2c459a39-2fe5-4536-8597-996c2b82d022	775
2c472997-eccf-4ec3-9033-d204c39e7bef	231
2c4e72b2-4c58-480c-a43a-0aeb97ab700d	2251
2c547691-11a6-4b2a-8418-8d1288811516	1091
2c5609a4-dd98-4d78-b4f6-243d3ed676bb	1060
2c5a69dc-fbc4-4ab0-bf59-6090da1f46c9	1109
2c66ecd6-5625-4183-b8ac-5abf7241ca51	171
2c6acc55-08db-4ff3-819c-030ed3c17005	1117
2c6da74c-fcea-4484-9f7a-e278824d3e12	1080
2c755608-1870-4d6e-8aa7-91c6260fcb45	2563
2c8e3d69-0bd7-479a-b7b7-f3ebd27f220f	1019
2c98696d-c2b5-4923-8cd2-5e2ca1421b6e	1255
2cb1f217-a9e0-4bf8-a7ff-03bf48e2a4ce	1059
2cbb4628-1ed4-4413-9c0d-a02ae7701b67	1010
2cced326-bbbc-43ac-bc60-20a38882f9e5	1060
2cd23d6c-d21e-4f1b-96c7-ea9ad9da5835	1087
2cd4b062-425f-47f4-9811-e8dc805bf5b6	947
2cd68948-ff75-4616-b4bb-5eae5b800fd5	640
2cdb95f7-15ac-4d36-9949-9c6d4c790a86	1319
2cde466c-587a-48e1-b822-0d7b55ab53dd	1305
2ceb3809-32a7-4670-a3b7-01591b6836e8	1067
2cee020d-8b74-4e24-a11f-3b57ba49eb18	1067
2ceebf22-efdc-4207-8b7f-f8b3aaf529a1	1023
2cf31179-659c-456b-bfe8-8d91e9b1e236	1078
2cf43da6-8a15-411a-8129-dcf44a27e3c5	1047
2cf57b61-3b17-4432-8952-9b36fb0bcd96	1076
2cf99911-7392-4687-8ec9-d88050147475	1084
2cfa4763-9000-4a9c-935c-e7f3abfdc194	888
2cfe5f91-0282-446a-b5c0-e9c8d8fd379a	1779
2cff10be-635b-494f-bf08-5797c8e5e6b3	419
2cff8201-0387-4a89-8614-0089c2cc2cdc	1035
2d02c569-15f4-41a3-8dbd-0219e9921e23	1359
2d05e788-1bec-4269-b671-2fea0b05f362	1243
2d11a46b-8d25-499a-a83d-4f36ec0afc00	993
2d2d0f8a-f05b-4027-bb83-abf3287ee6d5	309
2d2dff52-6a3e-49ee-a0df-42a67094ec66	1062
2d35b74a-d224-4041-9b41-f0bfea4ac647	1070
2d36a72f-8860-4be0-9995-73b8d6f96f2e	2330
2d3e8606-2ee1-406c-b449-afcc06999b2b	1079
2d46fc8e-d9fb-4cef-954b-774ff8ed283d	1072
2d47df5d-f283-4533-99ed-56913b9f125c	965
2d499867-a359-4558-a4c1-5dabf0b0ae43	243
2d4d0e50-4115-46af-9bd4-f8e20e8f2ffa	1507
2d4efd49-308f-445c-b508-cd1b3739c95a	879
2d4fc511-ea31-4fc3-bdc8-86af76ea8afa	978
2d516abb-e771-4b94-bc6c-c556add411ac	306
2d5379aa-35d2-4a84-a84f-c9be2083281a	1014
2d5d0ae4-d58e-459c-9468-110ae83786e0	278
2d5d66fe-8d9a-4b98-9c6b-5c34b4a5bf7b	1172
2d624f0b-b8b7-407a-89f7-9b7fb80287a5	1385
2d70fd1b-c4c9-428f-a7a9-e7db82efa053	1074
2d73f06c-9209-4238-8ec4-b11bad0b5c8b	1026
2d788740-02ef-432f-85b1-b100bec82343	1081
2d822586-b81b-4cc7-a506-360fa37dff52	1289
2d904ad6-4224-41ab-8d32-ff8995017a9f	1142
2d9ba3a8-3e23-4b81-bfba-2148dfadc45e	1258
2da0def7-265d-4a8a-abbd-8c02f9cd618e	1433
2db8bbc0-ad07-456a-95d4-4f64f602e2c4	1024
2db93457-284c-4b4a-9583-3a10880047b5	1096
2dcb3083-0229-440b-8664-8264ad32ac48	962
2de42443-eaab-44bf-9ac0-6d3771e5e8c3	421
2de481be-9d10-4562-8026-42e10a5393b7	290
2dee312c-b252-455a-9662-9548f4143c12	1084
2defde0c-f0f5-430b-be7e-880369eab2a7	524
2dfd16ef-0c5e-4eb0-b6f8-7becde9986f6	1021
2e04f955-d3c7-4218-9468-603e9f7fd31d	1066
2e0883d6-a694-4799-b749-b8c9bf365da3	1156
2e09a42a-4472-4a05-9cea-74fb6df1ddcf	2136
2e11ed17-036e-4263-b660-a0bc682aeef7	2151
2e14249c-ee86-4281-bb50-1f10f76e4a5e	348
2e17db0a-e2c6-49bc-8470-7bcc3773d6e7	981
2e194667-db82-4a9d-acf7-a49f7d981ba0	1103
2e1fd882-cce3-4872-9468-f4e40474d1e3	1062
2e2ce7bf-0c28-4542-adee-f068b41afb0a	1075
2e3018ab-024b-4aea-922a-89796c24c8d9	970
2e31d8ed-01d2-4caf-af11-f6472ca49e02	1070
2e3e930e-bd96-405b-87b5-cccb7dbe11dd	2903
2e43f0c8-a57b-40b0-9f79-d098e5db419a	470
2e4748e3-9776-4d58-89fa-cac6ef5dc719	1238
2e4bd298-1142-4e27-8306-b6d5bda5f4b4	1060
2e520cd4-043c-4a15-bf0c-f5079c4529fc	1021
2e527e75-d5d8-4076-874d-964089c2f290	1031
2e5975db-f6ae-4479-b367-aca5703d281c	1251
2e5e0162-82d1-4e1f-881c-021555e4d327	914
2e5eb811-e1e8-4a5f-b468-8f472ad4f818	1091
2e6804c5-5dbe-4d72-a1a5-6d04f7f78ee2	1104
2e6829df-1311-4367-8932-882b60673f2d	348
2e68e0ef-1637-4db5-9dfb-4dc93726fe2d	1248
2e75ee9b-5e9e-45f1-8c4b-a6362d326c46	1769
2e76a227-4210-42c4-9104-d99f8c3b84a5	1045
2e76f942-51e1-48e2-b63e-801c01d75ef7	1067
2e7e01d6-de60-4b30-9964-2deaf2a198ea	1064
2e8c666d-bdb0-415f-ab22-90840dc0b761	2357
2e921128-69ee-4fa9-8e29-ab9cded3bde2	972
2e99a02c-d64b-4059-88d3-66222536140d	464
2ea76994-f7ce-4773-8813-36dbf5c17cd8	1286
2ea82739-e5d4-40cb-9236-fd38ba842ee0	1069
2ea87bd7-329a-4471-8153-97113d32b3e5	2287
2eaa200f-f5b9-4553-81e0-65e8378d7c67	1107
2eabf516-ad45-41df-b46c-fe7d0b41083a	1122
2eaf4574-6784-4901-ad0c-0b22b7c9d98d	1110
2eb97621-4bed-4ac5-8c66-c2dfbf18489f	2123
2ebb3a3d-61dc-4d3b-99f1-51576603bbd4	1092
2ebc2232-f5b3-4f01-aa24-efee6ac62c1a	940
2ec2a8fe-4083-4c55-97d3-120f217a9a94	1010
2ec2c2b1-7f3e-48b0-8450-c53178b21786	286
2eca7d61-9168-4301-b884-0b95e3e1fe01	1402
2ecb68ce-edaa-43d9-883a-fdb12ec57f62	1025
2ed39c51-a262-413c-928e-5a91390b772e	889
2ee21000-0f5a-41ef-8010-7a1c32b7dfe4	1240
2ef2ae3a-899e-4afb-8612-e03714bf3aaf	1073
2ef7db20-77c7-4110-9903-02e8c96f65dc	200
2efd3cfa-95f8-42ee-8e17-b0c798f8e375	1055
2f03cc7f-607e-4884-a922-fa8cdc672b48	405
2f046bb7-52db-4d90-b6ff-30d990ed1c5f	1548
2f0cf859-fb1d-4aa2-bd22-e447b2d643e0	1085
2f18a700-b74f-4c92-8985-0d56b3bdc436	1052
2f191863-2ce4-41be-87e5-edd1bae2b0ab	1064
2f240148-7c84-4d04-a2a8-966c6e1f1a5b	1070
2f2bbc8a-57ef-486f-ac8e-7c63c0bc4345	1523
2f3e6efd-064a-44ce-9239-32383650a51e	1160
2f50464a-5eb1-4859-afee-7c0fd7b16621	988
2f558f46-e94e-4f7f-a70f-22aedfe0f871	1093
2f58a9db-171a-4131-af4c-f269c52ec874	1010
2f716427-23da-450a-94d6-d2be1a87c5b2	1253
2f75c6cb-d741-40d4-9994-4cb4f5a87231	1463
2f7ce27e-967d-418b-8da3-8612f873c243	1063
2f7ce53e-c048-486e-a833-16b73a132be7	1119
2f8e822f-4fb6-4e1c-bfd5-779a527d9138	1009
2f90ffb1-bb11-46ea-aff2-4668b605f06b	1071
2f93b47d-9187-4418-b88f-964c56cdebb4	1026
2fa08e30-a1c3-4bc4-b591-7335065c20a0	2137
2fad27a0-4c68-4fc6-9d70-bfa9ad2f383c	998
2fad68df-10e8-48d3-a9e5-e13bcfb4fd9a	1429
2fb1ea8d-5862-418d-a407-4f47dd16a917	474
2fbfa29c-acd2-48cf-b2d0-8efeb16e667c	1049
2fc06929-8377-43f4-a374-8833695afed1	1015
2fc0e162-4a5e-4cb3-a03f-6975218dda5e	469
2fc9c747-385d-49e1-ab6d-ac10dc076e57	1090
2fcaaae1-0813-480e-a79c-a42f5bdbba0d	1372
2fcbd517-763c-4516-959d-f31913b50e8d	947
2fcd4a02-909c-410e-a672-2d5712455431	1069
2fd08de1-5ff7-4dad-9679-d7d2854588a8	1061
2fd42448-7c5b-4526-988f-90a65f2966bb	1098
2fd5ab88-2a8d-4089-a963-aaea85c7f889	1119
2fd8485a-63f3-42de-95c2-7449f74c06d5	1083
2fe537a3-b2f4-42b3-8976-109aa366f97b	1065
2ff8b1d7-fed1-47aa-8666-cffea6a29112	536
2ffde469-c0a5-4fd8-8e4d-c16cd4d7ba3b	1305
300b3a9a-dbe9-4dce-90a2-970f4a7eb6a0	2136
30115a55-2b92-4323-82a7-398a367d8f2d	235
301a5b3a-8165-49c2-ad16-96ad072c1853	1061
30266b74-e74c-4c9b-b4cb-f00c1ff14297	322
302856a3-7606-465e-a695-b3e17b14bbfd	2620
302dbe95-9fbf-4ced-9d48-57c51a2dce6f	950
30362c7f-1aee-40cc-a591-44d82198f77e	1005
3039f540-1273-4b06-a07b-7c456132dc18	1072
30490aab-171b-41d7-8cca-8aafc9e563cd	1062
304a4e35-4755-472f-be0a-4a5c57535133	375
304f5a63-5bd3-495a-a170-c77d85398a82	638
3054890f-84b1-4ec0-b4f5-1be068c144d6	915
3055a0c2-40a6-478d-b49b-36c7ead58df3	240
305ac530-f58f-48ba-a32f-11438cfce441	1074
30667598-402c-4e81-a8b9-4b05d7cae085	1058
3067ce4a-3be5-4b44-b3a6-20b91c122e4e	1088
3068abfa-a338-4968-b10e-54f8c89a5281	461
306f21a1-ce9f-490e-98e4-e41089df7d64	881
307f211d-00b5-46c0-a896-228af234fb09	2250
308382b9-c276-45af-99e7-9ed06b60d3f7	375
3083cff6-5d9e-45f6-b4f2-2dbcbaf77d89	2264
308c992a-901d-42e8-b010-86269b1d3824	1108
30a00086-672e-4e23-ad97-d4b4bde092d1	1047
30a26a79-7575-4be5-af0a-f4874036892f	1470
30a973f9-cc97-4877-a633-5335ac954ed8	1075
30b17fb7-1c97-41ea-a6c0-0da8b136a0b4	1000
30b18334-9f3d-44f5-9aff-3a90331a363d	2420
30b6d499-486c-4f49-ba29-8d0052a006c4	977
30d85c66-28ad-43ac-a03d-d3234cec064f	863
30de4be9-cf0c-4e85-baaa-787ac49761e4	724
30decbba-2765-411f-bd19-678688c9add7	1140
30e0add7-b4cc-4807-803e-50ccbda0b3f2	1111
30e395db-d7a8-486c-b569-14336a0fa267	179
30e4483a-f677-4e12-9707-0f4785a9dd81	615
30e9a4be-e3b2-49ba-b82c-85b133d23ea4	1247
30ef25c4-b017-45e9-97e1-947cff9347f3	1073
30f85e70-71dc-4422-b64d-2daf0c7773ca	1084
3105cf94-ac0b-4162-8bb2-f10766c1ccaa	908
31075c44-f8f0-4051-9628-4fa73a4803bd	160
3110d318-3489-4a12-b3ce-3d168b9fa199	2194
3116075f-4074-4f8f-ac1d-88c303b2b3f0	227
311d5085-5d9e-4510-9d4f-f1e4efb4cae7	1056
3122102a-2a5e-4933-bb8b-f6ef2afc08c5	1067
312d8166-7c3d-4430-b555-b786344c5dc9	2273
31343fc5-ffc0-4a92-88e3-39351915cd2b	1001
31531ce2-259f-4d8e-8bb3-9f6c69b53431	1037
3153955f-890c-4f5c-85f4-11f3e0a4988b	1059
3156dbab-1785-4df1-8ad5-d00c1371761b	1372
3159e858-1b28-4399-8551-5dce9dea3c85	1083
315d2a4f-2825-4444-b3d6-5ecde9b446ca	981
3166362a-5eb2-478e-97ee-0d4a8e24e403	955
31668a94-7b5e-4e06-b621-8ee72bd55636	1064
317308a8-5eb3-4469-b3f8-5aec40d672d8	1933
317ffc27-a0ac-4603-8551-e8a0029d7608	1078
31818595-d557-4df6-acf3-d733643c9bff	591
3186edf9-0ef7-449f-8874-2ef80471d852	1129
318e343b-7874-4d00-ba9f-069ae4fb63eb	997
31915993-ea21-4c0e-9995-f9e592bbaf72	1071
3197e73a-1890-4e7e-9c24-3e8781686f48	1061
319e14e2-4bb6-4453-9e69-ab608e27217a	287
31a3f11b-c6fd-44b9-a2b1-1cb931d82fd9	984
31a937e5-0641-4bd2-a021-e6900d7e0ef6	216
31a964f5-51e2-45cb-962c-4b62961e59d2	1112
31ad010b-c922-4e4f-ac2f-c0cb55de76ea	997
31ae6db9-946e-4c29-84e3-45ada066cf97	1068
31ca89d1-5da9-49c0-8f94-2a00fd5e62eb	995
31cebc3e-47bf-4556-a2a3-05151927e45d	1049
31d06962-7e61-4190-ac27-9d0cb61e629b	1646
31d8577e-6892-4087-a208-62990728e41c	1467
31d863ed-29ce-46c4-af36-7eb4403a8e52	1241
31d98035-21d1-4d23-96e4-0bbf866ceb7c	2196
31dbd7cc-9001-419a-aa7f-91bd8f78b6a5	1125
31dc091c-87a4-463c-a555-cc59e8b2b564	1077
31dcca1b-12d4-41c5-b81e-e65aa4b24223	1053
31eb6baf-0462-4026-aa79-97ea05eb2ba5	246
31ec3d37-6630-43c1-93ad-a9c3bf2ef854	1098
31fcbec3-0841-4b2b-882e-2ce69bddad3d	1248
32028147-78d7-40f2-b3ef-9e433982da0c	1248
3204a92e-93b5-4e98-8af8-11b799f823cd	1060
3206f32f-dd0e-4517-a3f5-823cc42edbe0	809
3207fb5f-1155-4753-9969-e36fd7be5171	1004
320801be-8a86-43d7-8078-619790284cf3	939
320a562b-b8d0-47d9-9eb6-ae67c381cccc	1344
320f1b13-435b-46a7-8606-d05964fc34db	1065
3211fe65-96d9-4e49-8df0-cfe89e6230cf	1066
3221b42e-796c-4bd3-84ec-991ab6881716	1145
32239def-fde6-4bd4-89b6-c7b6cb4d59ad	1278
3229c07d-1b07-47f4-98b2-c4c93764c809	1072
322ffe68-0c9a-447e-af65-4de7ae583cd6	748
32303925-52b4-44bf-be21-ac8df98046c1	899
324f6cfa-98db-4850-a0cc-49a5e6838073	760
3250a98f-4502-45ee-958d-45b7a5be6b12	895
3267edcd-9b11-451a-ac49-c178c3a09306	2558
326bf8d2-e8ce-4eca-a0c0-af771595e6f4	304
3270e64c-0e83-43fe-9aa0-59a9c7a9d780	1793
32728f6c-259e-4ec7-b394-4258abee58fe	1029
327ceae6-62fa-4ca8-9d3d-487d2e67e278	1094
328e7199-a47a-4bc9-ab04-10f0a3f04762	1834
328feadd-982d-4a98-b162-3175f2d5a408	2226
329b786e-2a72-4b8a-9d86-e3e5db807a32	1145
329e005f-22e4-4e4e-9c20-c61b1f9babf0	1049
32a3e425-aae6-4520-8b0a-a4593d559797	1247
32a86bca-acad-4075-9b7b-94dd05fa40b6	2180
32ac2f07-43e5-4022-924c-ff6a76e2b087	1065
32ae635d-ac88-4e3c-a93d-8bb91c6e53a8	1097
32b42a04-5d0d-4d9b-b241-3d6e87c77a33	768
32c20cbe-ff46-4106-aad0-992077a24e97	1024
32c314ec-9baf-4ef3-8255-0b92d4a0ac38	476
32c3aa4d-f557-44a5-a956-c3554d45721a	1486
32cd32ef-9b39-4b6c-a5a0-434f58d59896	1127
32ce0849-dac6-4b31-ad53-0b1f935c2df3	332
32d614fc-66fb-4ca9-9ecd-7aedf5c2fea0	1377
32e99c38-4abb-4607-a884-6d8f6415cbb4	939
32ec524c-9e1b-4dfe-a06c-7c9d02f4475b	1082
32ed89ac-ae63-4f6e-9761-c99e51841677	1062
32f994ce-5732-498e-a9c7-00d265df09bb	2093
3318d8a7-de7b-445f-8e56-afd39be39003	1089
3324053d-c19e-4991-af06-56b0222b580b	2583
332cfa1c-8bdf-4a02-8520-3a8c72fa828a	1374
3331e5c4-5e9a-45ee-8709-1b90a841f173	335
33378d77-b4e2-48a4-ae5c-0375cc9dcc57	1076
334802a4-bc3f-4706-b5a4-32d919ea898b	2161
33522772-1bcf-4c2c-9353-086eb7d51238	1055
33586c3d-f3c3-476a-9105-23be2351c110	1106
336232af-dbc8-4182-b815-a91d327c75de	1293
336273fb-f20b-44de-8e67-8c4e0563480b	1030
33756ce9-2833-4c50-93e2-f1860515e5c3	1023
3379f1a8-42f4-494e-ba3c-05e36ec74d83	1370
337a8cf0-1312-44e7-9072-cfebc59a6e40	1066
338ed1d1-4861-4a72-8a61-28b866abf9bc	1132
339057de-df4e-4172-a2b0-f222d5a394fe	236
3393175e-43ee-4da3-9d67-f580b4a11ab4	1023
3393ed32-68c1-471c-8b92-b08b4f2c6e78	2148
33953868-617f-48b6-8593-6e6fbe5e67ad	1039
3395f5d5-a90a-4548-8673-29e3c3798218	986
339d1e42-e815-4bb6-99eb-1023b23fd10f	1088
33a7aa19-fa7e-479a-8b77-cf0577711932	1072
33a848fb-9c57-4eb3-8a7b-3fb2cde43fb7	1129
33aad6a8-623e-4604-ad12-71bf62033346	1095
33b4c0a6-bb31-4b51-b9d7-62f7714cb426	1068
33b6a8a1-7ae6-4651-b7c7-69baa21800f8	1082
33ba4585-d123-4698-87ff-f1492af1fafb	1088
33cc3d10-d55a-470b-977e-9ea839807003	365
33cf6531-e1d3-4886-8642-d45ed2249dd3	2269
33d09439-5aa4-4921-90f7-8424328565a0	1403
33d1ea58-d1ce-435b-8e70-3eb1e7c9b65a	1205
33d62ec3-ae99-45b9-b12d-e3c30c7d78cd	2222
33d91a60-5051-4c1b-b71b-435bebd7b337	1024
33e8eaf7-375d-4ad1-8d5f-dc0648bd6f52	967
3400d79a-0ad9-47c6-adb1-5adbe18ce147	1256
340158ad-b87f-4002-8816-ad3b8d2b242f	993
3403481d-afb1-42c1-8f99-893380bb9152	1035
34085247-86f8-44e7-a822-f7b13388b122	1097
340c25e6-888f-4628-a150-4ba67c6cdb20	1069
3412c685-7868-49b5-ac4b-d39719a4b355	1127
3414ce48-4ef2-40ca-8323-46f3c6ff714f	1033
34156793-696d-4bf8-8315-f433f13c0a7c	538
341b6c1e-1639-4a41-8f6f-663c02ececc7	1062
34213cd6-bc1a-4db7-ab58-390579d5e863	1228
34236c0d-1f76-49c1-8294-b55f004c9a50	1243
3433349c-596b-434f-b5aa-42cd7492bb63	297
34341fec-4d53-494d-864c-1965c3b55f6a	1234
3439fdca-369e-4642-ad32-a1c854652170	1078
343a92e1-e7c4-4a9f-bc76-7d3538fae9ec	1023
343ea56f-9dc4-400b-8807-15608d1c0805	1072
344ad16d-d9d8-4b14-b573-a7e3e0b067e4	1076
344c8c33-89e5-4a41-9b0c-9c1b294cc430	983
34629fba-e4b9-4c14-adc7-c9de1efaa555	1436
346c4457-83e2-48d0-9916-d1bf75a9c528	1023
347b521e-ed17-4dbd-9d58-65d79b21b3ca	1334
347ce0a0-b764-4c25-a13c-929af6784e01	1972
348da6e3-2952-49a0-adfe-6fa3e35f00d5	1018
34930ede-d1dc-4ea8-87e8-f954b275ecf2	995
3494e60d-d238-4af8-9233-dbbf4dd0d844	1089
34982c03-c88a-441e-8714-4ae3143a2834	1095
3498421d-c5fb-4d76-ab33-69e9013f0c8a	1480
349cc866-9e6c-4335-9616-3e5e88ad983d	1055
34b5a6a2-63c3-46e7-bf13-6e67b779f81c	528
34ba7e5c-7b00-4ab5-8c75-dbeb337e83c5	1376
34bad18b-6795-4f51-9e7e-e274d3dc68ad	1064
34bb6d52-9092-44b6-940c-c86e7c13c412	933
34c47d07-56df-4faa-95a5-6931533b1809	266
34c92e5a-5e82-4d13-8c88-59657d46a598	1226
34ccdb29-f40b-429b-93a8-a69a443bdf41	1121
34d6115f-8679-4975-8828-1d9c08a7169a	1048
34d7fd69-5107-4a38-b146-83d2cad7811d	1082
34e33617-9776-4029-910b-060b5b37bc7b	1217
34e56b01-4b08-4f53-b8bd-fd34ffef28ad	1008
34e73039-42b8-446b-ad04-5bee74513977	1032
34e98c34-5259-4b2e-934c-31f6efb0dc75	681
34f1c3f7-b032-4cf9-92f8-fca4081c5270	1065
34f2e2b1-ef43-4bd5-a023-d9d36bae2ee9	1034
350523bb-3246-4af2-8253-466946241dc3	1086
350936c8-f85b-4339-87e8-4ce7e1b63740	1140
350b2236-3c16-4e3c-8d86-654222a521c4	951
350d763b-306d-4216-9a73-b61fc85c3e49	1088
350dd846-12bc-4363-bc54-156e6937e4d8	2056
350dfe61-c511-4166-b1b3-907aa5df594b	3028
35118cad-4681-4dc0-8579-c275f359fe20	311
35156bd7-9983-4195-b5e9-0cff186fe246	1077
35158dbe-e8e6-48f5-881a-d8614c4a3534	1223
35182f9b-b898-4564-a843-8acb3557efea	1083
351a043f-c16c-4c79-bb20-0f7632aec499	2487
35278e41-da1f-4e0a-8387-3eb35939f3ce	1193
352cd5e4-a0ea-48ca-a509-3d9e57a8752b	460
352da137-1724-4e7f-9a4c-5c9535e6f105	1390
353aa9c0-a1b5-46f5-b7b0-20a1d5cdf833	1074
353e3311-7318-4aa2-8718-3f070ddd4e53	1174
3547ef52-6a8e-458d-b099-cbb58e8e1237	303
354c6015-7bb5-4c56-a56c-9c242707ff78	1063
354ecca2-eb2a-4566-9c90-74fe2d1b7968	1127
355a6d1c-35ed-4d59-9fc0-1c3aa7073fdc	1069
355c5fdf-0b72-4484-acb6-4a2b7795498e	1416
35607b1b-98a7-446e-8e7b-b3c3fd237e47	1242
35627354-c537-448f-a589-ed43441556d4	1488
3566d11c-7bff-4c40-b34e-f8ec356226ad	1170
357993fd-b030-49f5-b51a-aa30518a4edf	9622
357b5260-b014-4063-9fb8-13a0e27112fb	918
3588a0ae-08bb-4fba-81f3-fc9deb7e10f7	1085
3591d36f-6aea-4529-a1eb-14d74aed340d	1256
3596ec65-7f41-4080-988c-1ac5a4ac733c	1043
35974419-d8c5-4949-aad3-725ed6248799	999
359dd160-ba46-46fd-9446-20a0bdf2b02c	1008
359fb811-f152-4a47-8773-201f5d14b434	1289
35a10899-939c-4729-ade8-162cfc795733	1096
35a3fb92-b889-4223-ae18-21d8bf97d4b9	1069
35a8e91a-1609-42f2-99e7-fe6e11df36e8	1223
35aaec3c-3a52-4960-bafe-109d7b4b4f3d	283
35abf111-47b6-4d1f-8b35-f72893989474	440
35acf7d2-5ffd-496f-bc38-cae333d6ba28	1132
35ade81c-6dbe-4a54-b982-9d66fd74a6e6	1044
35af4292-a393-4c84-8460-37745f3d6e66	1060
35b97810-d83a-4c35-9966-42710640e26f	1710
35bb5c9d-edc1-438d-ba98-c97bfa9583ca	1078
35c46d77-4bdb-45ec-b158-4d29106ddb99	1052
35c834a1-385a-4d52-942d-e92d48add4ac	1094
35cbd8b5-5edb-4842-8993-7ef029d9ccdb	830
35cf25a1-698c-4115-8e09-9e7155643838	777
35d3a04c-4050-4c9e-88e3-dedb9cab5d64	1025
35db7810-3ebd-46ba-b606-e3229c0ef4e0	1090
35dd5b66-60a8-45a1-9d35-cbcece3d1339	1000
35deda52-a1b4-44ac-b422-5d5cfc2a9799	1063
35eed8cb-5719-4dc7-a58e-9cd175adb4b9	1440
35f85a94-f684-401c-b223-a42c088cb230	231
35f86181-1ec7-4e6a-aef5-c38e3201c415	915
361858a8-6d04-482c-8d4a-8e8b66a5e52f	1067
361e4826-8b35-4ad1-8e73-61a54500569e	495
3622702d-f793-4789-af96-0e79d9ad9c9a	1052
362c6485-8a26-4a7a-a873-76bb8e661366	1186
3641381b-ebfb-467a-9dba-fa4355b0e87c	958
36419a43-9789-402f-b29d-458fcdddb970	993
364a978b-f62f-4231-800b-9b57395627d4	1084
364abf76-3bcc-4ba0-951f-9accd55bf13f	1210
364e88b5-7d6b-49cf-a6bc-b0936fed4f01	2272
3651c277-ef09-4232-b61e-d0a00cc7674d	1080
3655f694-ac85-4489-a2ab-68f33a79cca3	2280
36567e74-d20f-4c52-bb27-40b74aeaedee	720
366b155e-8e45-467b-a28a-b330cf0962ed	1010
366cc719-56ee-4c8b-980a-8c126702c5a1	1077
36701076-ef20-47cb-a6e1-6decf519610d	1330
36712814-929f-432f-9475-4051bebc344c	1378
3680e34b-2cf1-490b-bf90-ffc7cab9c235	1115
3681b7f1-9e57-4213-9d3b-65ea6bbe58ae	815
3683d060-ef51-423f-bebc-86898ec61729	537
368d0a90-f062-4958-a865-da8630de2126	1032
36a3b68a-42e1-4414-8d99-4da530766cab	994
36aa1f6c-1fab-4e46-a854-15f1d9380097	1098
36aa3b55-7863-4574-8f0c-2b943f3995af	89
36aa8dc4-7ff3-46a3-b79f-d0c12e81e642	1199
36b01d53-098f-4290-ac0a-1c31e9207bc1	595
36bff768-2e6a-489f-862b-6ee333bc633c	1232
36cc1337-21ec-4166-8cbb-b670438ae851	141
36ccd16b-2ea5-4eba-90ab-0064bd321208	995
36cf94ec-e70e-46fd-b168-646bfe08ec82	1265
36d17674-6446-492a-a42f-35c446196510	1066
36dc7877-4f20-498b-9db5-beb38903b417	1475
36e0aa68-cf70-4348-a0d1-f088b5a033e5	1322
36e7b5ba-4392-43bb-820e-81f4b88b2887	1983
36f2a74d-72a5-489c-9325-ff0a7e98ea69	1170
36f6e890-a3b7-47b4-a6eb-5ba71dd4954b	1036
36feb67d-b64b-4cb1-b481-ca3c8db7ff2e	986
3700ffb5-7919-46d4-b02a-6a2776a75517	1010
3711503b-d606-4d35-bc8d-a21a0ff04df6	1099
3711c82c-4867-4ceb-80aa-0d3a4780a5b0	245
37202502-8b9f-47ef-83dc-6fd5ce251551	1193
372fa910-30ab-4fb5-8315-92ab9da378c0	1047
37366f92-499c-4bb4-80c5-4dd31fe865ed	236
3737d8fa-335e-4f20-a338-1c50893d0dff	1080
37430792-bab9-43d9-ac24-b97306dc903c	1079
374aedd7-5c3c-472d-8fd2-6be87e03bf10	1083
37654521-e45b-4403-a906-3dd19f934a7f	1000
3768d332-d8b7-4a5a-98f8-cf63b5f05d85	858
377203d0-7819-43d9-8e42-16c41f45ee96	214
3774bba8-5e43-43aa-a4ab-a2f29919d3e9	1070
3783e207-0e6a-4984-9421-08905595c56b	1015
378b04b7-d878-4e98-92dc-508e7e297ae8	2275
378c5d09-43ef-407b-96dd-b022aa1d79a7	989
3790031a-4d5f-46f5-973a-760263d6bbc3	1062
3790b5c2-8b4d-4995-8915-1f5dfc576116	2091
3793a2ad-1305-4275-b89b-315937b3d914	1305
379a5909-06bb-4fa2-944a-a59782f9af9e	310
37a08ab7-632e-448a-9369-f397773df071	1111
37b11d0f-302d-42f8-82a3-c1cbe371befc	1143
37b4956f-fb8e-43aa-89ad-bd814c2992d2	293
37b51641-1d83-441c-b0f6-67f92629b78f	1062
37c3d10c-19c5-430e-b258-912ae11e1032	1051
37c43018-8c63-4817-8da2-e9f99c953e06	1119
37cd156f-83fc-4bf5-8618-f3cd47c81478	2244
37d2cfed-6231-4e3b-9595-85733e230e72	1065
37dbb861-17d5-4d2c-9df9-45a706fbe91e	438
37de3087-f702-4063-9452-d5da2c141904	353
37ea5f13-d098-49e4-bc5a-b09aedee2d4b	1052
37ef355f-f2f5-4bac-aa59-97277e20c9e7	337
37f80d26-5f33-4f68-8aa3-8b8fd038c63f	1371
37fb11b8-0220-43ea-a296-f9540373c123	1083
3807e000-0a8d-4a5a-b5a3-5ed19585d9ac	1053
380cac55-2d80-432b-b685-61ce5437b9dd	359
380fbf4c-b0eb-4f35-b162-320fca29f673	974
3819f57a-9752-41cf-bc42-dfa3170216e4	1079
381c2e2d-70a4-47cc-8141-5fd92ad3725d	905
382173c5-9e41-4aef-a93c-06a2f1d89503	1064
38237faf-08da-45c1-a07c-1b366c07f9c8	1042
382721e3-457e-4f34-9830-69167b1b863b	994
383b9f34-49b2-4d30-bf75-f76d8b4df7f7	2108
383d2850-b749-4b9d-8edd-b645cf4ee034	1069
38426577-8ff9-42ad-9949-e01dc3cda93a	1799
3845edaa-5c5b-4077-aa09-cdaf5e3496ad	1757
384728a4-5588-49f3-9745-3f11747a14a7	1067
38473054-50cb-45ad-9702-5ee33abd29fd	1025
3859e92a-599c-44cc-9ae0-66063f54fa14	329
385d4610-52b3-47c4-9e18-efdb06b29e3a	1101
3868d9b9-a437-4b6e-ae3f-bf48c471d553	377
386e4e44-841a-4cfe-a14e-2a1149ab1cb3	1087
38701db5-131d-45eb-8901-3cd6c6c92780	1072
3878eeb4-610a-4658-aca3-7a69668e9832	906
387b60e2-9a8b-49b8-b60f-d84246d882c0	115
3882af65-187e-4886-9e03-925b43fd2036	1021
3883017f-8217-46ec-ae0b-8c13210e933c	999
388a11f8-9e22-4bf4-adc2-737d5e05b72c	943
3893d8c6-7e3e-4919-b58a-2cb3360631a9	1372
3894bea8-5742-4c2b-9cb1-2b28858deb27	2140
38975d10-981a-430a-806e-acc6dd8858d4	1541
38a19b0b-7f36-452c-81e8-660dab7d595c	1881
38aab865-d9d2-425e-a5e6-bcd71d5cc998	284
38afa279-ce00-4fbb-b412-a7888b3870bc	2232
38c411b7-2917-46ac-bcd1-86d90d2b04d2	741
38c4f735-3469-4e3c-9e94-4ce94f0fa122	1097
38d44abb-170d-4027-8903-53f686a9bb93	2151
38e66819-83b5-4f01-82f4-6fc17e1fb065	1252
38ea25a7-f4f9-4ea2-b9b8-09cade7c2363	1068
38ead20f-53c0-4f95-b91b-3255da6a3494	1057
38f44906-bb84-4932-85a8-7a66ad074e24	1027
38f9c8ed-b307-4fba-a691-48ab0ea70d54	1097
38fa716c-4859-44d4-bdc0-b9d4499785a6	2279
3900423f-ee33-45ee-b4d6-1e8fa5a2b002	926
39005448-584a-46b3-a39c-b0e36fa3e8f0	1091
3903b297-54df-489b-bcae-88e43d6c5b6f	1011
39049994-5e0d-4512-9e6e-ed944629ee1e	1067
39074660-66a1-430b-9828-66f96887ecf5	1132
390bd5a2-b36c-40b2-8670-a33178714d8c	2044
3913b8f5-c92e-4357-bae2-b0ab6d3f21ef	359
3933b60c-4e1e-4619-b5aa-70d2cf93ed11	1195
39362d6a-f799-4ae3-8535-4683ab5adffa	2261
393a5ddc-4693-420f-b2dd-a49a10cd1e3a	1072
39501ba3-b11b-4b80-8fc3-d84f7b9311cd	1072
3951aa6d-88ab-4869-9da7-7810bccbd3bd	1001
3953e330-0132-4047-b777-1b66c2d7b112	1080
395eb491-878d-428e-8c5f-f58e614cfc0a	1524
3961e1a0-17b6-44a0-afb2-5709f12f0953	2324
3968e150-6d5c-49e8-bac9-db5477cccbb1	986
396a5c5f-7c1f-48fa-9b1e-d4098af00bbb	1103
396b108f-c8d5-4207-8dd6-3e07d23004b9	2137
396e01ab-2b75-4df2-a19e-7845a9f6c1cd	979
396e9797-9ce0-4cd1-b40d-fcabd1b9f4c5	431
397813d5-6370-4d3c-afca-a43a2c15274b	1051
397b648a-47a3-4a9d-a9c8-608374afc1c1	1268
3984e056-659c-40ea-a8d3-533938364249	988
398597e1-1566-41c4-a40d-4153b8595cf6	2454
398954a8-34c9-4352-84df-9ef9a40fa265	2162
3989828b-d4a4-4181-9fbb-541fc3765b4f	1291
398b2426-ff37-47f6-81f6-4c5a7dc84e1c	1227
39985c08-907c-4ccc-8749-f3c11369858a	1084
399b0c83-258a-4c35-9c1a-a795e3332cbf	2748
39b7f5eb-680b-4a64-9c4f-97f15e705c71	1047
39be0bbe-e088-44ea-a551-c7aa0005656b	2149
39cbdb5f-e330-4053-a45d-be12b8eaea80	1027
39dd3c85-d5c3-4824-924c-e15473514d75	2073
39e39556-a48b-47a2-b155-54a29fc64860	1030
39e550bf-ddab-4592-930d-f1c9dbae125e	960
3a0693d0-0180-4b8c-9ee8-c93691de8175	353
3a0a4fa5-aaa8-4af0-b1e5-b2fe4f6cd28d	1067
3a0b9917-4f3d-4b54-bccd-d00eb33d677a	998
3a1004cd-15ae-4ca5-afd2-62821571d2f0	1071
3a131b66-83ed-4051-a7c8-8e831d9c086c	974
3a199512-f35d-4d3a-93dd-ee206b1bb48d	988
3a1b0e46-c411-4848-9dd8-cd95937f94a5	1078
3a1d5639-82bd-4b89-b36a-f0aba6da401b	2134
3a314181-57cb-453c-8bc0-9908e82a6f04	1699
3a39c678-fb4e-40f2-a544-6e99aed94c66	1405
3a3d7460-962b-4176-87cc-c777c0be94c3	1110
3a3dbc80-0b4d-4951-85fa-f8ee6f7ea377	1073
3a45c4cc-2454-414d-aee1-9ee39e4c05da	747
3a485357-63b1-40f8-aaee-1ae8ebc5a543	986
3a4a192b-25a7-4098-9f28-d8629e866abd	1131
3a53a421-5a55-471b-acae-72bbfca19833	789
3a5454ac-7aff-498f-bfaf-3425e318c59b	1055
3a57c60f-cb5c-496c-8fcb-e7ea829ea906	910
3a6a75b5-97a1-4076-9a79-8fbb3f1d8aca	1059
3a6e9021-07ad-4527-b0c7-46b413ad89ee	983
3a816937-f855-4ed2-8995-05ec2359adab	1695
3a89126a-6cb5-4f7c-91ea-ea9bd4ba8685	1371
3a912763-2b32-49c1-bcdf-15f83010385c	461
3a9ad7ca-ab85-42ed-b851-a4335dade6db	554
3a9c1b31-c276-4e79-9760-b5e327eed44f	1125
3ab1b777-2835-4d40-9c1c-1770781df741	1387
3ab25319-3110-414d-a0ed-720f244350f6	1297
3ab45847-1cdd-41d1-825d-b4292d6abb71	1076
3ab5d45e-2530-4513-b3d8-926f71eabd11	987
3ab8f51d-3803-4a08-b524-d3cdae80c9a6	1007
3ab97bd5-68ad-42cb-9952-599afcdb266f	293
3ac413a9-e650-4a83-8683-a8b9f94ccb30	436
3ad06d52-7f39-4e76-8660-155af2edc8ea	1026
3ad1e2b5-3662-4ce4-8c8a-2d316f5c0ffb	262
3ad435e1-cb30-4463-a2e6-1db521b3fb39	374
3ae25775-3da0-4b35-ae59-32d39ca78c9b	1020
3ae294b3-9e66-4506-a9fe-90c8e9910495	1072
3ae9feb7-a69e-4c26-aa58-5e8fb80f0cfd	1151
3aebcc68-475f-4141-b55f-b27689307dcb	1037
3af5a497-73e9-4a25-adb3-e5dd9461f3f4	1074
3afece3c-fdc2-4425-ab94-3b4e326bf159	1066
3b06e55a-bd4c-4112-9e61-d507ad675638	1079
3b0d8e54-7bda-4684-87b3-e9c3707d3c68	1064
3b15824d-5d2f-4bec-aa03-dfa6bea5585b	2455
3b1c678e-432f-47b6-80e4-b4a2b5e9371c	1150
3b229965-e6f7-48fc-a56f-7fb84ce9ba0f	1100
3b233442-e03d-4af9-b031-5cc8cd7edf95	1059
3b2ea7c1-bfa5-4b51-8a98-9295d2ff4362	1049
3b3c7b85-69cf-41a9-9f11-aa10a53040db	2811
3b488287-27cf-477d-bad7-dda5c1c92c93	1089
3b4d565a-2b04-487c-bfdd-8b5129ed9e50	1029
3b4e1101-ffa1-47c4-8889-cf591ac0ad22	1937
3b7086d6-7f0e-446d-841a-1d783e1ba784	391
3b7328e1-b9c8-41dd-9726-a8c4072f835c	1250
3b7433ee-0d5f-4deb-a51c-55b2baec0603	513
3b7e9f5f-49aa-4ce3-a26d-82bdadb90549	1115
3b862c58-1e0e-4d1a-a320-95a9e9e46a15	1357
3b8913d5-528b-4fe6-b09b-6b8caca5f989	142
3b9f8241-5aa3-4cfb-bcbf-2044e323fb1b	738
3ba48806-dc0f-42f6-a792-342f304dc564	1058
3bbc3796-e411-4a6b-9281-a15761e269c3	1057
3bc05012-6ffe-47b3-82b8-52d16a72eb47	2140
3bcd43a1-7207-4761-9014-d426b7eb2d29	1027
3bd0f1b6-1439-4d90-8dc4-8f32059a7b77	1123
3bd199da-4390-48b7-8657-d0a77cca849f	353
3bd93aa0-fd71-4156-bd2b-88221367e1a3	344
3be7c279-16a2-45c2-81e7-9555f6840c31	887
3be83e38-441b-424f-9abd-d4f5ca45921c	1235
3bee1159-221e-4676-b997-ab84e09f8c19	1066
3bf16d0e-19e9-4b16-95ef-75848e8348cf	1066
3bf90c22-a3a8-4c82-b8fb-11d15739544b	2280
3c080784-c3ef-4108-ae42-29c743d99742	1294
3c2698f7-e5de-49e6-a46e-61fb48367ea5	289
3c271c7e-f8a1-4853-abf3-139ced6bf4cb	1031
3c2722e2-dde4-4e4a-898c-901b644490fb	1083
3c27933a-25b3-46a5-a3ed-d46df7bc077b	1152
3c39e5ce-f693-4495-918a-7eb9e966b2d7	1072
3c3a7b9a-2be8-432d-831d-ca7649edc1db	2247
3c3ab575-9354-4168-9639-9a3155f95b98	1634
3c3b4aae-16b4-45e8-a196-e9a3806a0fbe	1071
3c45050b-df27-4401-be2a-dd074284c2b5	1073
3c46947a-56ba-4bba-acbf-8057f6ef9506	1267
3c4d643a-95ba-4e6e-adbf-0d621657a03a	104
3c6939db-34ac-4855-8086-4b967860a820	1307
3c749ba3-91f6-4ad2-a8b9-be47d6bee41c	1140
3c7750e1-40db-46b2-a75c-2e7cb480e0fb	1059
3c78d178-e063-43a9-904b-28597fea0924	1053
3c7b6919-5409-4fb8-8ad2-9b4bb172153a	406
3c8339d7-a408-4cb0-ba16-80e3569c1fc3	479
3c85e52c-a195-44dc-8e27-eed9573fcc54	315
3c921481-3458-41f2-ba99-136b77218df7	957
3c9382fa-90aa-4691-a10f-c19d77087840	991
3c9cc96c-af0d-44d1-ba05-14878a4bfb39	1074
3c9f4641-d2df-4de4-8864-c78c19c1fe19	1059
3cac3a58-9926-4b72-90f8-8be5c2db0a07	1041
3cb44ea9-a4c1-423f-85a4-12acdb5a5759	1031
3cba4ce7-7428-4401-82eb-5219a2d724c9	1618
3cbfb1d7-8f54-4189-bc2a-1557b6e7e461	987
3cc01de4-1fbb-4f40-a451-a3f514d53980	1111
3cc3ed25-333a-46db-8655-03e8b1015a93	927
3ccb8a32-803b-434a-850c-721f66980698	1034
3ccda10a-aee5-4a47-9eb9-5432f53cf39a	993
3cd8c72d-097b-4cb1-8e13-f4ff9621ced6	993
3cd8d022-86ce-4dcd-8b89-fcad09fff5cc	1054
3cd99289-77be-4aa6-826c-e700ddaf0d2a	955
3cdb15ff-15e3-4a60-aa14-74ea10b4358a	204
3cedfa35-4c6e-419c-b966-f0507ddcdb94	1515
3cfa9a4e-9c38-4cad-aa33-804fa0d88e41	1247
3d069484-40f9-4c72-a9ce-65d60945373a	1808
3d094449-9014-4b52-a040-aa509df8e08c	1057
3d0d1512-5ce5-4612-bd3c-7c23f08da814	979
3d140559-03ef-401c-b6d6-7882f585071e	2140
3d185df1-aa9e-49b7-a83a-f6c8418ce5f3	1413
3d18af22-d1c9-4a87-a58c-0fa1015c1713	493
3d28d4a9-fd05-40c7-b098-2ad287706310	1304
3d2d1de2-e2c8-4832-a728-67cbbc836775	230
3d2ff5e6-617e-4562-a673-f533d581cf96	1079
3d30825f-bd75-4c8c-88cf-298ea7faa5d6	1112
3d3bd544-b9f7-435e-94a6-8dcb3702d645	1044
3d3f97f1-24ab-4a71-8244-960c024af3b3	1066
3d411ad8-c9e6-4173-9a7e-3594ccc6505c	1058
3d470292-bf64-4006-9f5a-3a0d5c4c2c50	2438
3d4a64b1-0a6b-4a28-97c7-110d59972362	539
3d7253e7-4772-4e24-b1a3-a490c58d0ec7	1039
3d7578c2-cd86-422f-9a24-02718a6a6772	532
3d772028-9a10-4f07-8354-ca8ba4ce8504	1329
3d780e09-232d-4686-81fc-9d3fd2708cef	1069
3d84e02a-baee-4ea8-ab6c-4e7d3cea6865	1112
3d85c8fc-8a6d-40ba-ad55-85c6d241e580	311
3d86253d-38c8-4d28-9bbe-2f4004586104	1037
3d8888ce-cfa4-4ceb-b3da-9a915f23ea0c	2261
3d88b260-14f2-4519-9a0c-d7a1e7f6714f	1052
3d9322f4-e410-4f07-8db7-2cd567c23a37	1169
3da86af5-d226-41b8-8a57-5a76c02cbd7d	33253
3db675d4-965a-49fd-b8f0-be3df57a4fe4	1062
3dbe1afb-e78f-4209-b2e4-68d7a37854e7	308
3dbe54eb-1087-4d5f-aebc-c985f1045ede	1072
3dbe7377-d89d-4c53-87cd-49aa3ee66616	1055
3dc36293-a15e-44b6-8406-e353442f03e0	826
3dc7b521-769b-40ab-98ff-10eeed356cc9	1066
3dcc9b6a-b073-4ad7-b423-0c262c59a25f	2130
3dd028c5-c43f-4380-a115-fe5f3bf18bdd	1043
3dd0d6df-e490-4d0c-9057-bdb7d489e5d2	1283
3dd4fe14-7a17-45cd-bf8f-518e13e54db5	1444
3dd8938d-9ba8-4bab-9630-baed4f0de952	1106
3de5e65e-527a-400d-8d72-fa449a55e361	977
3df0c940-9404-4b47-9cf4-16f05a5e0526	1050
3df97f7d-9930-4b12-8e4f-a0e762c094de	1121
3dfe114d-687e-4276-9d9c-a87281f65efe	1023
3e0254cc-3ce3-4a93-8245-d1c1aa79d7c3	231
3e02ba09-d0ec-4800-a696-ced98cb1785d	1011
3e0fe1aa-fe92-453c-9697-2ea9f7f8d0ef	1106
3e198e52-bf0b-4bf6-9b02-000cc9f58a16	463
3e1a6e77-e7cd-4228-a380-c413b55e0a1f	1449
3e1bb555-d455-4d70-b60b-4028def3407e	1379
3e330155-9911-48df-a658-0709d5114418	1036
3e3ac2dd-8ea9-460e-9cb0-7784f446834c	1070
3e42ae9b-445a-41e9-ad5b-64838eb630bf	1066
3e47ca10-9555-4a80-b5d4-b37176dc9c2e	1007
3e4f3e3f-7581-4473-8932-14b74d81ef61	919
3e5808ce-a2d3-43f2-b3d2-6f2830e300fc	1044
3e5856b5-405f-4c57-9e61-c5e537d3b587	1091
3e591d9b-da01-434b-80e5-ef94f6a81be4	2142
3e5a8aa0-89fc-4fe0-a748-a07cee2966d8	998
3e5f452e-56e9-429b-82cb-e0ea24a6a208	1134
3e682b6e-6bdc-41c7-8fef-47966a428ea8	1115
3e781a0d-1009-4b88-9d01-139d33244f9c	995
3e80aee8-3cf3-4d53-82e4-d56b18665569	849
3e9b4b85-06c5-4241-95a2-f76faa8730d8	1002
3ea2b9bf-557f-43b1-94b8-cdc4b1b14559	1034
3ea9cb62-7340-4046-9b0b-3c528d7e882a	356
3eb3b66c-b510-4548-8aa7-5995afa2ddc2	119
3ebb64af-23ec-448c-a95e-588b5629ff31	1418
3ebd46a7-1e21-4ecd-bc80-c8ad32be35d2	1390
3ebeb679-40ec-45bd-8e8e-481fee8e4f9f	1226
3ec0e14c-a5c5-4e9a-98e5-5ac9c6d964f1	1220
3ec22fbc-9fb6-4b6c-90a4-403a543280a3	989
3ec5cfc4-7dc0-4628-9e82-775bf48479b4	1012
3ec5ef6d-d92a-4c49-bf0f-02a5d7459724	1039
3ec61135-14fc-47d7-9b75-ff1a1d03096c	2146
3edff378-ba5b-4b49-9e98-ac8ee5b32042	1327
3ee4fe2d-2638-4898-a974-7fdf73442196	486
3ee65ab9-5632-4f46-9132-3580549e0cbc	410
3eea5a13-25f8-485b-b2a8-eb4a66b483af	822
3ef122ca-be03-4787-82d6-e454e0840a99	993
3ef6866d-ce07-43bf-a9bb-2368257dff54	1059
3efe0cca-9b8d-4791-bcbf-006597857c2b	237
3f1490a4-d010-4d69-adf4-200db3619364	1010
3f22fc31-119a-4e66-81d1-7bd2c0c2999e	1053
3f2b2b69-f822-427d-b7ae-8bc3e84a3457	1063
3f38942b-b5dd-498b-9d22-cbdc6c6c23ff	2140
3f3bdd2d-28cb-4e1f-8261-bca03d97765c	999
3f54b269-4945-4ab4-a663-c5af4fc2f913	2138
3f55de8a-08e7-48e6-a1a9-f04d40c1be70	2187
3f60a812-0ac2-4130-aeaa-deed6fa80a66	1062
3f61f947-366e-4312-a76e-aa42bbb9d0c3	210
3f65bd1c-ab50-442e-bc58-b6b704f5a4d6	2593
3f75f219-f389-4485-981c-b47386463bdd	239
3f7a39c1-024e-49cb-8b25-ca69c00df3bd	1079
3f7d3dc3-ff6a-4f7a-b730-3ce5dda08930	1050
3f7d8eab-8203-4c3f-94db-b29f33365289	1248
3f80abce-ea68-4486-816f-59bac892b8f5	1002
3f82accc-ed1b-4d43-a89b-97b1076cdcf4	1049
3f84cc4d-dc07-442c-aa19-316bf63404e4	1273
3f8df0ab-3195-4bc2-a291-2bc4655d6772	1074
3f93604e-2245-4131-95dc-adb4ff86ee86	447
3f93f791-f127-41ff-9386-f8eedcd7523b	1272
3f94c7b1-e12e-43c9-86a6-791b6dcd19c7	992
3f97466a-945d-428b-9ba5-5abbd21564c6	1017
3f9b6333-f8c7-4bf7-b8f9-296de319d0aa	1352
3f9c82c6-9fa3-4eaf-a821-f07b4f9c0b5f	1087
3f9cf7b0-3bb4-4454-a984-279e54f3e132	1358
3f9e19d3-0f4c-49ed-bfe8-fb619be1b74e	337
3fa40e6e-a18c-47c6-a20d-c107cd08e520	1070
3fb1a8ec-984f-46b4-9da0-93f59738fb88	1135
3fb1ca98-760b-4a22-823a-134d7ac3f794	4452
3fbdb6db-25da-4d35-b1c2-9781246d4ee0	1415
3fc1d74d-518b-461e-83ee-0c36f237ad78	960
3fc25842-8afc-48af-a8b6-faffe6f5625c	226
3fcbaf7b-e13b-4bee-89c5-b079057bd563	1289
3fcc6e18-d95c-4e68-9587-5d0d88e000d2	356
3fdb37b2-e3ab-48cb-8da7-58caad9ad20c	716
3fe001c2-620b-43e3-97e8-bf7ccb141129	1034
3feb9406-2039-4b5d-8cbc-4f961810d204	1058
3febe37d-cda7-4fdd-a7b8-03dce97816c4	1120
3ff1a2b4-ffb6-4bd7-a200-1212ac20e3f1	979
3ff2b4e2-c389-4f87-bcd0-d947e482552c	1067
3ff586fa-2ee0-421e-9a4e-4e112e9a20d6	1016
3ff93498-e417-4cda-81c6-8528dec106c1	2236
400390dd-431c-4a03-b85c-57a1e88b20ce	1122
40039230-af55-4b55-b68d-dcbe08dad248	1114
40091ed2-2218-434e-8e12-fd401a5b4f96	1027
400a1b8c-95ef-49b9-96f1-648cae163270	1053
400c58a3-4328-4a62-8e4e-ecccccf8797b	712
4019f351-a563-4d2a-a084-389479d93d3c	1323
401df0f5-e949-4e32-8933-05f52d90ba1e	1065
402336c8-06b8-4ac3-83cc-1847926c74cc	359
40241b33-e0dd-49b6-97f6-c940b4aa630d	1144
4026bc67-a816-4506-8fe6-32bf05006b9f	575
4029065a-da1f-428a-b707-164b6ee03fd4	163
402b3cdd-5765-459b-b13e-9b236e10a0b1	1274
402dfb9c-df9e-4ee2-ac25-193e2bfc2493	1009
4033fbc8-08c9-46dd-b988-35fd822e225b	1753
403860fc-c9d0-43a1-bdfb-2299edca94e0	1015
403cfe85-a7b3-42a4-9cf6-6b3f9c6e6bf9	1031
4044316d-4fb5-4b66-9c0c-c7211b313fd6	1042
4044c353-bec5-458d-bd47-3ff068ff1e1d	454
40629baf-f8f2-482d-be9d-ae03f1e41260	491
4071882e-135e-4d2c-95cd-6486fa080ecd	1075
4076e3c9-29ca-44cc-ad91-19335f2faebb	1339
40839ea4-1275-471f-9a36-c63eb6aa5004	707
40927022-e4c5-44de-8286-b3efb5904b46	1039
40aead05-6965-499b-8232-047c0329d898	3026
40b47d03-544e-4b31-9afe-e495dc784b1c	2105
40b51ec4-526d-4596-91f0-ddf0bcbdb406	1037
40b8ebc1-c926-4f77-b9c7-06f5dc4471e7	1068
40b94e04-d071-401d-aac0-e3ce82cade9f	306
40c4de0b-f0d3-4a92-a97f-6c1b20125d45	2262
40c99472-169c-4505-81b9-ae6ffb8dcae4	121
40cdd27e-ccc5-4597-9838-7639ad0a14d5	1083
40d7dd75-468d-49bc-9ba5-7bbb7fe32e60	1069
40e25e6b-0c3c-4c07-ae48-7510d6fa87e8	1401
40e50ff5-e316-4750-b5e9-89ec3cc0c61f	1203
40f722e4-2c1b-421a-8b7e-83bf1187b91a	1051
40f955ac-d680-4ac5-b522-7e7080380c0e	1074
40fe6ceb-8529-4bb5-a70b-3f6a6eea85d8	654
4102bf02-342e-4e6c-be63-57a7450a19fe	1102
410b8cbe-2e72-4100-9b70-5ce7050d564f	1363
4113508a-c79e-42c7-8f54-097e868aedee	952
4116c07f-a07a-4110-8cec-e792b991d481	1002
411ee852-fb22-4b2f-ae24-76782f35ae0d	511
4125f898-11f4-40ac-8239-708984a0a461	970
41276c6e-592d-47ac-8f2a-fb029655de63	431
413217eb-6ef0-4ee5-9eda-fac34f1bc40b	942
413b62eb-d214-4ed9-a10a-5c136101c4c6	280
413c0d33-f5f1-490b-8409-ac16a85b6417	1067
41454392-c597-4a2d-905b-92a3514308a9	2854
414bbba5-07ba-4bfa-9921-c10b00c57dd4	1011
41534efd-550b-42eb-9a01-86cc64f55053	999
4164ac34-2e31-4e0f-a410-32038ae714bd	1230
417127f8-0084-4d4c-85b1-7faf9a9d9375	1368
41751f6d-1beb-4617-b108-a0c96c2c48f5	119
4176a417-168b-4a07-a645-d4d4df838fe2	230
41791dbc-f24c-4635-a30c-2268f08202e3	1083
41797561-98d0-4de4-a86a-715b1ad7da3d	1114
417b6219-c797-4f4f-bca0-3a5871d7375e	978
417e7539-cb40-410e-bc6b-9b4efab4f0cb	1061
418066a5-5f88-442d-874a-9c0896cb3d2c	875
41816e7d-9ae7-4625-b002-70c1feca7297	352
41940f88-b5db-4ebc-a5b2-4d65a3008665	1000
419a67f2-7f84-4267-baa9-9506b1c145a1	56
419ad309-498d-405e-ae5f-5cf3c6d8af80	1058
419b69b6-bb2f-4ca5-9652-e499853997eb	1082
419c49fd-92cb-488d-a5ef-ac5f0c649f9d	2276
41a01eb9-65d3-4628-a2d7-ab842c34ab65	1077
41a868ab-f9c1-46b2-b7a9-e2d55773abb2	1198
41a98ee1-9bbb-4a99-9b89-daa4ee2135a9	1365
41a9effc-bfdc-4eaa-a5bc-c57d6d166636	1070
41ab788b-2c09-4b00-8d57-682f480b42e2	867
41ad69bb-49c5-4a47-aae7-0d2d7ee0af3a	1144
41bde36f-023d-4935-a351-c162b3da3b8b	1011
41be1b40-f9cc-45cd-aa57-b4c20480a7c7	1064
41c371bd-6415-46fc-80c8-a660aae4e515	403
41d0a4a7-7c1c-4f57-a6c4-30ec65700661	1090
41dbf5f2-6cae-4f5d-99a9-36e7a274131c	1082
41e306e7-aeff-4d90-92c7-b7f02901f51b	858
41eaf0fc-d7a1-4bba-8b2b-024040f22844	296
41f9f2e9-a80a-4c9a-8f7e-0cad82a257bd	1065
42005bf1-3254-4603-9d2b-7e6dc14abe7d	1410
420e9030-fa88-4034-a334-b68e02f455d6	1051
4211fd3f-5857-4a23-8da9-56168113228a	2787
4219b265-9920-4805-bdc2-2dcd0d1fdf33	1043
421c66d5-186c-44d7-92c1-ef74eb4d6896	1350
421def71-a9ca-4349-846e-5bb2e2af6676	1191
421f0c67-66d5-420c-9509-123af883d796	775
422209cb-90b2-44cc-8e5f-88eeb8d66c12	950
42256595-c442-4317-aceb-5cb3314f5fb0	1062
42270a23-6563-4285-a2bf-52691c513b71	254
422b3e91-1222-4bfb-ad04-8d9eb37793f7	262
42305b06-7ee1-4f56-80fb-71c7daa03e2a	323
42320ca4-f02e-4699-888a-c8480fceb383	1407
423280f3-51c7-4c14-9f18-5fb2a145e55f	1080
4241e033-e56b-4f7b-bd5a-dbf1bcabc6a6	1103
42482899-302f-459d-a06d-a421b8d4b6c0	1318
4253c7a4-cb98-4a5c-a426-5b0d8cead295	985
4256388a-ef04-4ccb-96dc-6eccef3429f1	55
425940ec-ada5-444a-a656-c2612363cafe	1122
425bcd2c-421b-4114-b1be-40c4fe27e6ab	460
425c603b-3c2f-463f-8ba8-d432c02b413a	1161
42665149-97e7-480f-8427-a10efb97c3b5	1215
4291464f-6928-411a-9e80-4d882488cf5a	1054
429650a2-f68c-4a8f-9326-b59c9278bbc4	1120
42977a29-d220-45d2-93a2-10a49dd0ccb9	1334
42a7342c-11f4-4db6-8f35-3037d5f999e8	1092
42a8ad1f-ed2a-4d71-8d9d-dae6ce9d8e30	1254
42a8ae93-ef48-4acb-b07c-dcf31b71a481	1073
42b17447-28ee-4fdf-8b19-bb84c15c3046	1534
42b27522-2b09-430c-814d-ffc5862c1a57	970
42c3112a-44f9-479d-9a75-2506b4045e9f	1078
42c85315-f91e-4636-895e-9ceb0266116b	298
42cb1e4c-32ed-4db4-9b92-1b2e14f9089f	1102
42d2cb41-a1ef-4034-8bcb-e8820c5f6d12	2143
42da1ff6-c9fd-4a2f-8a49-d6e1174f5cba	1104
42e09918-810a-42f8-a4c7-0e13b7cc1598	1080
42e1bb05-bd5b-4074-8529-0cdbfd94d031	789
42ee845a-54d2-4f02-94dd-f4e197e4da0c	285
42f0ac3d-5668-43ea-80fe-9303da71c777	962
42fbe4c3-17b3-4f2d-bbeb-cb3b815cf10a	1068
42fc9d8e-d3ad-45e6-a924-0b6c0ddf02cc	1066
42ff04af-4341-4e2b-9246-ee000e6d3b28	1274
4301772c-1431-4aeb-85fb-c6779d007c15	1451
4309ee03-ec62-4067-8242-33f375b37115	1069
431a15f7-92d6-45e8-a7bf-f0e313942921	341
431c5f31-7bec-4457-9f47-6e19697bfaed	1110
432716ae-4017-41cd-9bf3-9639afa1f147	1034
432a4dd1-8978-49f3-b879-a85283c835d5	1047
4339417c-6610-4e2a-9c4a-dfb24eb6e2c5	1038
433b87b4-7681-4ec4-90c6-6515a1bb1152	653
43482569-9e55-4583-8d61-a523c0b0f944	1068
434d59b7-2b5d-4b1a-8a17-2b5ca996ab79	1033
4369787d-b197-4e15-a328-eb16a1462472	387
436c2bbf-5e25-4d06-83be-043cbc312d04	1172
436eca8e-a167-45ed-bc6e-f5e40dcc4f21	973
43712788-3c81-43f4-a1dd-379472402831	2066
4376b233-6bcb-4ac4-a971-2ab5bb5e2fa6	1033
4377b0a7-2bb7-4775-880d-dffcc9eade31	535
43789867-5e68-4872-82ba-51d21dfd1e4a	2486
4379baa2-2e0a-4552-9318-ecfb3d82620e	1078
4389d364-3588-4de5-935c-c842e5b09266	1501
438a0822-8efb-4bb1-8705-3783eff74e4e	1063
4390a63c-2a13-4ec7-9ce9-41626b251e56	1073
43979265-7994-47a6-a75f-3fc78e8ed24b	1013
439c4e44-e3d2-4c27-a43d-69d5f57b6b70	1076
439d3ae0-8770-46df-9c15-81bd1a2e4033	1374
43a93b98-4f85-499d-80a4-2adf2b8f2422	1024
43addebc-9971-4454-abe4-1d05d9415479	1043
43bf0053-479c-4719-bda6-795077948037	1067
43c3a1cd-28db-446f-b35a-ffb97ae040a1	874
43c900f2-fb50-48d9-9654-858cffa1cbc1	1010
43c904af-36c2-480d-9df3-5ba5d06a7db9	1017
43d7aaa6-7872-496c-9fe8-24846051aa7e	2454
43dfbede-0aa3-49c4-8904-077d5fd07887	1046
43e6a2e6-3320-424d-b571-f0162143abe0	1062
43e71595-b456-4a12-b772-481115251fb8	1402
43e86165-4a71-4092-8f46-f37fae610607	1020
43e9d43a-83c4-487c-89c1-9e4149714ae1	1028
43eb0ae4-d028-4908-a1cf-def6a1434c14	1276
43ec4924-a498-4657-9ca0-cb052b724247	1251
43fc8f55-498c-4618-8d4a-b1f70c9a0c27	2271
440610b4-8580-4cff-9ce4-798d081c8d73	301
44081eaf-a4f3-40e2-907e-0290e1e67b46	644
4415135e-df60-42bd-985d-f7e24ba554ed	1073
4416019d-d571-463c-970d-0469bf2a1557	616
4416864e-393d-4d93-a495-fce46589d0f3	1319
44171e6f-84cb-4c16-8a9f-e5f9f1a3530a	1147
44204e87-40aa-4ef1-b089-14b21a909553	1259
44232ff5-7ca9-4fbf-bf01-6dfe9859e55f	407
442e751a-2b70-4359-9ab6-803aefabfffb	1946
4432dccb-51fa-4457-8670-fbb868ca4bbc	735
443ce83d-a89d-41ef-9d60-1795d1e8c373	1208
444e164f-af90-4c84-a1be-02be5c5c7926	1153
445674d0-b3ef-45ed-bac6-724f617e8413	1613
445d240b-0739-460b-9f66-7ab54342986c	2456
4461af5d-e17c-4062-891e-d74317d6973a	43
446b588c-49e8-4f97-a5e2-87197a38d60f	1079
4474488f-d65f-4c6f-a415-a072604f332d	619
44765797-8f93-4ed6-96e3-cd4fa50f9c8c	1183
44785843-9445-4e77-9783-8219df054d4a	1071
447d5102-ea1a-446e-bf53-5cb5e0208946	1068
448f924e-091d-48ba-b6bb-04f006210441	1004
44932ffa-30df-46b6-8fb2-036f44c9e18a	1054
4494425b-efb1-4da6-affd-2f44206e046e	993
44947fd6-3785-4dc8-9f08-b2d8938827f2	1082
449c9699-8d40-4d39-af45-05c44a253cb1	172
44a0ed38-1c4d-4538-a233-1598a9ce45ba	1056
44a236a7-bb69-41b0-88d7-0e8ee4ab9564	1002
44a30893-ecef-4fd2-9a7e-7b5290f3f596	1376
44ac0fa7-b428-4c74-8b0f-3f7171d72598	949
44ad0b4f-f3a3-4082-92f3-5a7a29d25e37	888
44b14cb4-8407-4bb7-a96a-e8bf81df2f05	1256
44b6f5b2-0fae-4d04-9912-8c370d107ae3	1242
44c00f8c-15ef-4656-b229-acbbb7160cd3	1020
44cfc7ae-c0ac-4a18-b066-cc2b1444724e	1287
44d59eab-1d29-47bd-8043-f0a5574eb4be	1110
44dc86c9-560f-49ab-b2ea-09d13223dcb0	1029
44dfb5f5-4b65-4e49-a17f-1e6280a30e57	1066
44e0653d-59e0-4070-919e-855ede3504cb	2177
44e37e06-9c8d-4ef8-acf1-4ede3a15a8c2	1261
44e748ae-3e56-42a4-abd9-8900de44227f	808
44e92e85-86a8-4bf4-a089-812045f04fa7	1059
44f10a6e-f54b-4ecb-a7b3-9ea7c25913d1	980
44fe907a-840d-493f-8b51-705915f7c540	1036
45019836-a4c2-4d19-bca3-e3a21e516065	1343
45047a5b-ab82-4dcc-ad59-ad31740e7d40	1004
450e0ff6-4c34-43f6-aa05-abfb11a6ec13	1062
451b8c39-b925-4ad3-833b-629435a214a7	997
452045b4-6bc8-4557-90a2-b6a0c9d9debe	1639
4521c12d-d1aa-4531-a311-3596f99bc7de	191
452dbcc3-15ef-442b-9292-6ae1e987dbb9	2308
4530565f-3d0d-44ec-a66c-d60be2d4572c	2046
4533840c-7a9e-4cec-9c67-75b2a250acf4	1047
4539c321-a8eb-4d54-b80a-5e5a9177a049	897
453a9d54-8604-4ece-8abf-fdd84c84c592	2290
45417628-0d54-4eed-9358-7769799db846	989
455720f9-9dae-4f82-9b1c-f64c551885a4	1224
4558f28d-8b1a-4f0d-a0f4-de9eebccb6d0	1024
455c6aeb-9107-4859-adf0-bac075fc7236	2136
45658e42-a381-4932-954a-6b19ae5deab0	1058
45681bf0-93ff-4faf-801c-4827ee4a6ce9	1106
45694eeb-56fd-4101-865a-d9655c308b77	1472
45699636-0c6f-4d86-a21b-d2382d88f1fe	941
456cad87-1766-4600-904b-d1b88bf95426	1122
457b7d2f-45bb-4e55-b02d-3883bce0184c	1093
457fc946-ac97-4bb5-9b56-b4f7324577db	998
45829722-5126-4a40-9d1b-3ed94cefdd38	1072
4583b766-fab8-4151-89d5-572f364671ad	1079
458447bb-05c3-4a72-a59f-b0f30baa65c1	1139
458933c8-fff8-4e26-9437-d3bc04207195	1303
458b97b3-841a-47d1-83e2-d14f5f8b36d5	1384
459cdf82-dcf1-47ad-8699-50b1df4831be	503
45a20c6e-a3b4-45c7-83c0-89551382b839	1380
45a54578-8810-4dee-b4c6-2447101e01dc	145
45ac5fd3-6998-4931-b4ac-bb50f5447191	1250
45ae34f1-3518-4235-84ce-add0245f8772	1094
45b9022d-a3fc-463a-a406-704dee295541	2332
45d09f10-b4d9-4e79-8903-66c247a923e6	1191
45d51ee7-4874-4b73-b56f-d2012d2f684c	2000
45d9e857-206d-49db-ba93-17b48177bcfe	478
45dfbdc9-1012-47c3-8d3c-91995f5824b0	1369
45e3e01d-c9a6-4566-baf7-6c279ba4eb2a	1332
45ecd572-b2b9-4899-b643-f8a6b30aa331	1140
45ed4e3a-c1ca-475a-b960-7ed8a181e3bf	1385
45f46bfa-d5ef-4bb0-8a0d-e61d22b34906	1042
45f65c64-ff67-4074-bcf0-e177dca9362c	1106
45fb4be7-0e8f-4b33-9d1d-17f04e14fad2	965
45fba5f0-1c91-49eb-9558-49f495ee35d4	1206
45ffb50b-7bcc-43a4-936a-b4048728aa38	1097
46068981-0549-4c62-b05a-252ff905f19b	1115
461aa306-6476-407b-bfec-f279b46d2175	1154
462f466b-6a7c-4f2d-b90f-eb75f714530a	1296
46390d11-2872-45ff-978e-bf3769e2578f	1120
463f3223-5ec3-421d-802e-fc0eaa21e99f	667
464cf2da-6132-4ad3-bdb9-9585c96e7852	781
46507c95-48df-4b85-b48f-a2102047b318	2260
46590638-4bab-4efb-bfc6-84a0e472413a	993
466c05ac-cca4-4574-95f0-705af9d8f15c	1062
467377ae-c987-4ea4-94b2-dd3dafbed2e9	777
468cdb78-75fc-4c3f-a34c-87d819081d42	1123
468f1e30-e92c-4dc3-b7de-bb758e3cd5a4	1073
4691bceb-06c1-4a2c-8b5e-10885210e8b0	404
4695cb27-0e36-47b6-829f-5fb8a8db91eb	1078
46a1ed59-8399-4759-a291-4077e6162292	782
46b7523f-163e-42fc-bf4f-e568d195df88	2264
46b91ebd-39e8-4f80-a2c0-2e63f3b596c2	1129
46bdf903-2580-476c-a142-e344d378c184	991
46c1a04b-acde-4318-9019-da479d3eb347	1194
46c87f6c-a523-474a-8c19-4b28c4ede3ff	777
46c9ce0a-cfd5-4444-8559-62ff4ee9cdeb	1077
46d4988f-2a62-4369-a107-a03067dddafb	912
46d59f79-6568-42b2-bd1c-a4a6e85a3a2c	1083
46da16a0-7a62-42de-85ba-e562c4e7cfc6	323
46e505ae-660b-4ac6-aa90-c1d86532f7dc	1191
46eaa78a-c130-456e-97d0-dd0ecf99b712	2148
46ef614e-a3c4-4b69-b35b-acd1f4c82a82	115
46f38733-9d87-45c6-bb41-f192a5854050	1129
46f67992-2ed4-48e9-9b54-ab3826927819	2165
4703f52d-021a-4055-a006-2b9839a94051	267
471102d6-b867-45cd-9ca5-3d5616c9767d	1131
4714e22d-5699-4cc1-b197-f941a0eaa54a	1573
472a9f17-0776-4ac0-a96b-2d3947c4b6a9	1063
4733dbce-7c7f-4247-971e-2d1792e8e920	2320
47379f65-7e56-4107-b440-836db92e34dd	1062
47408626-8fd6-479f-807f-baa4ea34d849	1145
474aa62c-b5ea-47ea-8e5c-0671b7e432f5	303
4751a455-0040-44de-9a1e-b9fc79dd8146	1410
4753b51e-be31-49b8-aa43-495b0608006f	996
475c1911-71eb-43f5-8b9b-0a4adae28b02	1072
47601015-0f6a-4ab7-a273-7f8632968eb9	2513
47601823-fa67-4892-8e40-81eb673bd4aa	1083
476a2136-c7ed-417f-8a00-8222fc2f98a9	983
476cbfcd-987a-48e7-ab34-69f3a0cba6fa	1047
4773addd-d8f8-4f5c-ba62-bc9e50a561b1	96
477bb699-e81c-4034-a717-899c3d806323	1072
4780c3dc-2e7d-46d3-80f3-1aeabd5f1036	908
478b86b2-bdc5-48ca-95f7-90ae93e6ee11	202
479e494b-703e-4c98-83d0-4c4fc67872a9	1181
47ab90ac-3ee0-4983-a83f-1a2a2de329e6	1244
47ac4836-055e-4857-b70d-5dd1540d0fc5	880
47b0da19-6916-4477-a6d7-29fee3c5ae5c	7496
47b142ea-966f-4164-9d86-5c193b123516	1061
47b16510-a374-44c5-ae74-d086e3b4dc8e	406
47b1aa9d-f14e-4230-af4b-58f10ff578b0	1462
47b47ddd-df0f-4354-9e0d-c9227ed0af77	797
47b6efd9-2867-4e26-8c09-fcbfedb73b30	1255
47bbac49-efcf-4d72-951c-ed06bcd17cd4	531
47bd9220-9f1b-440c-b4f1-ef4e00335210	408
47c4fe98-80b2-47d5-b6ad-8ed120c0f69a	1000
47c77a8f-db58-4a4c-9e7d-81cc4a904a28	477
47caf924-7636-4b92-9964-f501f8d8d7d0	1033
47d1c9b2-6011-4b21-ae2b-67b1882ac18d	958
47d6ca17-66c2-4895-aef3-5ffaad3650b9	1111
47dacd3c-a674-4181-82de-7f04a765a58e	2118
47de46c5-31b2-422f-8d39-0b22577e100a	2467
47e07eaa-0fa4-425e-9ef2-0a2f1dc4ad10	470
47e4fae5-a287-4b92-9481-5ad60b364361	221
47ee36a7-5b21-4c15-ac5c-b4d8be1e9411	1073
47f30c41-43b7-4e06-ad88-0d7f8aa2a387	1324
4804d2e7-ffca-45d5-965d-146400a39976	1048
480fdd2c-1859-46d4-a8a0-7c100cf1798b	1261
48158f16-b3c6-4d56-acb4-6ff2921cf096	2337
481f94ab-4e04-46c3-827e-89cc92d8a4a5	355
4822c082-87f6-4404-a77e-241c521ce27c	1227
482b35a0-340f-4375-a4c6-b0c6e8cef0f8	1044
4835cdab-fea6-49b0-809a-4ae616e2d10d	1039
48361913-2b94-4b38-bbeb-db1eb16aaca2	1250
483f0c80-ef5b-4e4d-82e8-353adac3ef3d	145
4842952b-010e-4198-a351-f6189609ec81	1068
484c183e-c467-452d-b300-2b961f16db95	985
484e2f11-c148-43c0-b50d-d9a5e4037815	2420
48508bb6-abd1-4bde-9b2c-11397288f4d4	1054
4856a19e-c10a-4e9d-a0aa-e26fc258dae2	401
4859b987-904a-4099-9ec0-e30b5b8896f9	1063
485dca9c-ad49-4417-a411-f261f0019117	536
485f0f4a-83a6-42d7-885c-012387dc432e	123
4863be34-abf1-4687-8c1e-b1ad577e5ecc	1024
48652d63-d5cb-46d6-b01e-d99beebda577	1080
486d3267-7fe2-49da-80d4-60a1e16a4a90	996
487e1b39-7a45-4a5d-8cff-b249271ec7f6	1140
488512e6-83be-4eb5-9fb1-1bef2a8be337	1072
48873f12-c278-4727-8e76-3297da377bda	2164
488984e8-1fe5-458f-a00f-d4452cf20638	1060
489094af-980a-4975-a8fb-c01df57b1a65	1462
4894c738-c2dc-49c6-a106-29534bd04282	313
4897ccb8-719d-4906-85d0-0c4202805c2a	1006
489f06ca-120e-4744-baca-52360b690a76	1373
48b48ac2-a143-49a0-88fe-13a3fab571d2	1127
48c4a72f-95ee-4d81-8b89-06d5e2c001d3	1089
48d3b0bc-c6fc-470a-babb-e823191468da	1081
48d6f065-8c47-4d7e-a854-f64a318374be	969
48e926f3-4eb1-47bd-bdf6-342ff81e631c	927
48edf930-2f21-4902-a2ca-c4e926a73ae5	1474
48f01581-e0ed-42a6-a848-9caec7048d05	33
48f24357-eb4b-466c-a1f7-74d223fc4f88	1303
48f7c4b5-5458-46d4-8d38-60c20cc2d140	1367
48ffaf04-e02e-4c4a-a505-1d6f0129b50c	1120
4902136b-d654-4245-a305-f403ffa32201	1996
49099de7-423a-4b2b-84b3-c60611e64a75	5678
490c62a7-1cc7-4e86-987e-ce2e7354e964	1258
490ca216-f5d0-494e-a26c-d0156de6f4b1	1169
4911f5d6-55f2-4a34-b7f5-32ec2c73a08b	2263
49166a0e-81fc-489f-933b-0d73d81c6b6f	1228
49170ad8-ee66-44fc-bd96-946e950ca481	1027
491820c5-c5b4-4adc-8ac0-ebd972b2824c	1068
492536d6-9272-4f71-a70e-bb528ee2f3d8	1065
49268a04-2ff3-465d-ae1f-63ee49275e10	303
492a175b-31e1-43fe-a378-3a01aebe97d7	2132
49383e8c-6f4c-4188-9fa7-7b907ad4dda9	1481
49444d74-d80c-4e20-8618-41f7f3a58906	1090
49478855-421d-4977-bbed-8719346bbc8e	1063
4956c094-7446-4e52-9214-32cde09c904f	1647
495b9914-02cc-4b08-88dd-0365c09135f4	2279
49618eaf-5146-4b5a-a25c-f2e70d873f45	1025
49657a28-417b-417b-9fc9-4b9f3bace147	207
49763e80-fa4e-410c-b38b-8a6c842b9aa0	2149
49776ba5-a733-48cf-b2d9-14953e1fd496	308
497923d0-1579-47cb-9b7b-e5c2e4208781	1262
4982c1c8-6548-4d9c-82e4-fc0cc8378c15	1594
498d7624-c70a-4d0a-90fc-d4561fd0811f	1602
498e3582-ccc9-464d-936e-85c4688abf5f	1121
4995d5bb-e61e-4273-81bc-fbbb3d0958dc	1016
49967324-1b77-4196-a72c-3c0fa8bd8769	587
49a04d3f-09fe-4a72-84cd-943625d98882	1033
49a33c8d-5a5b-4883-8aa6-26782ab1f549	1072
49af7124-052d-4b24-a129-f46b91ddc996	230
49b84eb2-5e3e-4708-b030-73886f4a526c	370
49bde534-2921-49a2-8322-144b0263d311	4813
49c7d01b-2fdf-4be9-a955-856d03ba8c46	1068
49d47ee2-685b-4df8-b07d-523723bef8f7	1323
49db3405-d5f1-4b70-a113-6effbaae351c	1007
49e29b87-591e-4c8b-b00f-74b2fa4e1ab6	1049
49e49d85-0df9-4312-84a0-ead76648e137	1059
49e9651a-8ca3-4c64-a423-1cd790a9cdb3	1067
49f60e3c-ef03-46d0-9c8f-6104b23cc8db	870
49f9b5c5-87a2-4b81-aa66-5f87fc00ac02	1081
49fe2f03-1467-4ecf-bbdf-d2ffdcdc9ab4	1476
4a04e21d-55fe-4a5e-b2b7-5f30c9556fec	1074
4a0af3fa-9093-45da-9fe9-d0969ec7abd8	1375
4a152cc0-5e7d-4c2c-ada0-fb62e3a1564e	984
4a16e2df-8fda-496d-ab4e-b04a7e27272b	310
4a1af7f3-108f-4404-9e65-263dd95dbcb2	965
4a1d5baa-2e12-43b0-b654-9c035ddcba84	1009
4a1e6b71-a980-4b3d-9a48-10c01d667796	461
4a21d562-1a1d-4e9d-899a-d1fd55440744	735
4a223b6e-1e57-4fa4-8669-c110f74bb691	185
4a22783c-3725-4ca5-96d2-29baad7a32e3	1414
4a275e90-ba93-4551-904a-7a124eca0048	1076
4a2ccbf2-959c-46db-aa31-012132a4598b	1072
4a2f3afe-a660-4dc0-a868-3c84d7ed6d53	1033
4a377b7f-83bf-452a-ae90-0110573a40c1	1280
4a3a4bbf-ed27-4f8c-805f-6d23180355f6	962
4a415364-06d5-4e06-b702-d1f252c40bb9	2062
4a49f190-60e6-470e-8388-af22b2ce07e9	2099
4a4f7405-8aab-4c77-ba3f-884b97e16a29	533
4a53cb9e-6799-4ba7-9b62-c6e87df4d4b6	664
4a556c01-6bfa-47cf-9f37-e6685a5eac02	953
4a5a805c-7c33-492a-be19-ff9ffacb048c	1519
4a5d920c-6db1-4b9e-b903-b1b073d22224	1570
4a611449-f44a-4055-aa85-a70db2b2e83a	1231
4a6a5a04-8a73-4b26-8f31-ade1756c920d	1268
4a702639-bf78-47c9-ba6b-1ae4c361f1e9	1102
4a80b072-972a-47fc-91ff-bd7ac065eaa8	933
4a82c7d4-c1ff-4daf-8ef8-6cfee5ff362f	1061
4a839058-5f38-4d26-a3b4-e7b6b68c117d	1426
4a89b540-dab0-406f-93b2-ec900c8b2f78	1034
4a9da478-f1a5-4972-9fe2-13998d2f09cb	1091
4aa3cf8d-55b1-4b7b-88c3-8e76ed536933	379
4ab2f943-0725-4111-b9af-39a6295bbad3	2538
4ab4b1b6-357a-4952-a1c0-c9fa2cc225ab	935
4ab9ad06-a43d-4ac4-b3c8-e878abd6c7ae	619
4ab9cbd1-dc87-413c-9aee-e1727386da43	1070
4abee51a-3117-41fa-9556-94fef4835399	1229
4abf0fca-6fed-4132-8c02-99fbb9823bac	1120
4ac0cf01-2bba-414e-970e-c9d01cf9ef54	1071
4acb685f-94df-4b6c-b563-7653b061886d	1381
4ad3752d-ce6c-402b-bf29-0235e60ea037	983
4ad4d8f8-3225-4812-8831-aacf06836ba8	1076
4aef415a-3ce0-4c6b-bce0-13292c899079	1290
4aef79ba-082b-4176-a412-234d5f308707	1054
4af486c2-e8aa-4e52-915b-a0712697da71	1374
4afa0b6b-ee97-4f4d-b246-4cedcd427d64	1007
4afd5078-496a-402d-99e7-6cd05118d896	1043
4b00a79e-4ed0-4ccf-b0bd-8a4259e8d0ac	1066
4b048895-973c-4ddf-8ed2-f5e0a795a015	1110
4b04dd5d-eedf-40f0-81a2-0a1071848783	1065
4b1003a2-d16f-44d1-9d42-d910994ef24d	1096
4b16e922-abb1-4a84-97df-62544b35f8e3	231
4b2f40d1-cb0a-44ec-a0cb-11da41156604	1025
4b355575-0f73-4685-b4d2-d8e41fa6922a	1008
4b38565d-c794-4c50-a92d-18a4d8a6b475	179
4b440ad4-225f-48b7-8a5d-2b385e805639	1045
4b492cee-c0bd-448b-8571-8040eb0cdfc6	1113
4b4ad1ae-d351-4445-bc0d-8c3595d260b5	711
4b4cdcc3-d26a-43b6-8613-303d2b78ed14	891
4b51a43e-d6c9-447b-847a-2bc1bf1582a2	1047
4b59a0a6-f9dc-4c3d-aa4f-30bf2a7d0b86	1285
4b5e02ea-30da-4c97-96d9-e99a9e678293	1608
4b667597-aa85-413c-a700-e314a53ba0aa	2247
4b689abd-76e6-4a6f-bcda-4b7fdf96e4a7	1236
4b6b1810-e643-41c5-bc2e-25ca788e3447	367
4b735628-a74a-4968-858f-ca2791ceb026	1064
4b7b7a9f-a115-400f-81b6-5504b63ad1dc	985
4b81b032-c174-4014-98c7-dd1499be5a51	1433
4b88f7bb-fb7b-4942-8bcb-db31697dc2d1	876
4b8deead-8207-4cd3-baef-76ab5ffeafcc	2964
4b91d06b-9e97-42f8-b1e9-dd175bde6e45	1062
4b9769ed-96ee-4e2e-9d5c-65e4caf2bca7	1185
4ba135d2-2d62-40a4-9ac0-d8e6c4c8382c	1041
4ba9b481-5e58-4638-92c1-5c9fd475e103	1248
4bb3fbed-eccb-4483-beea-725bceb449d0	265
4bb6ec33-8fce-4eea-88ab-240b9c6e133d	1014
4bb7297d-bc40-42cd-ab13-6c5af3ee50b9	485
4bb952a1-9bc1-4523-8712-e8d2d1245fe7	1025
4bbc3915-c301-4311-a5af-7206fed95cc3	671
4bbe23c4-e887-4398-8b1a-f2852df59f00	946
4bc082ba-1b5b-47ff-843e-5d0bce10fb5e	1065
4bc6fcfc-30fc-40c1-bd49-493a71d51a5b	551
4bd09f9f-ea04-44ea-bdb0-64d6f7dba50e	1056
4bec6a4b-04bf-48ca-9882-2210fb60b627	1232
4bf3bd52-01e6-4ef2-8d9e-55ae4d9ba175	860
4bfea93f-b7b7-47db-bb1a-dd1460ce3daf	964
4c02f74d-e121-49cc-9409-3288b9ab4e7f	1106
4c04277b-84a7-4a20-bac1-7bc5eaf8357d	1072
4c071d92-087d-4705-a798-47fb1066299f	974
4c0f2e2c-4561-424e-acfa-37266b72f7dd	1071
4c14040a-5a35-43ac-afc6-5a6260a3c7ef	963
4c204934-84e9-4bbc-baee-a100bcad2abb	1005
4c20f036-5128-4b69-ac54-4905b99b3b02	1091
4c25f63d-d2c8-4f89-a9a4-5a8c4c20d572	1266
4c2bb29a-0b4b-45d4-816a-cded17845020	1070
4c3b1d78-3f68-4620-adc4-949fd6fa59e0	1064
4c3d8da5-4301-4f5c-a39f-0c546e96da04	684
4c3e322a-68d1-4688-a85d-51cae6ec608e	985
4c4166d6-8620-4c95-942e-6bac55481575	870
4c4551bd-2d24-4751-b986-710e6db3ea74	481
4c55a37d-3156-4bd8-8d6a-0fdfb66912c7	2337
4c56529e-4151-41d5-9efc-15d6432d1938	437
4c5a3d09-3051-4b6c-a583-ef38befdd8ab	930
4c6129ee-6292-4347-a9be-714818f19783	1151
4c650c00-8b34-4ccc-b7bd-58ea3e8d0d83	1023
4c72fbca-937f-49c2-9e38-7cd27cae7cbd	1110
4c7735fe-fa1d-43e3-9a62-ee7a97150be6	1001
4c8864fb-eb21-4ca0-af20-291033eaeea0	1062
4c8b59c3-5dfc-4624-b88d-2641c762a199	1033
4c8f8393-2672-4cde-b49f-38c69737ae19	1003
4c968565-e3c9-48c8-a7a6-1a6e96bb05c3	356
4c9e93a6-f1a0-4a1e-9cc0-d675ac60d0d4	1095
4cab136e-defd-472f-b015-5a7cfc046133	1032
4caf1506-00aa-4288-9ba7-411797da8da9	1092
4cb491bf-20e4-44bf-8b25-dd3aa03e22e9	2278
4cbd2ccb-bb4a-4b14-84bc-6c7c13e697ad	1434
4cc2e904-82e2-48f8-a694-2cbd68c0c25f	1082
4cc4b0dd-e77f-4f15-832a-1e8deaaaee11	1041
4cc5746a-904f-4f4d-853e-f5cae99bd513	1023
4ccbb00c-3996-4456-bd30-39b09089135f	1124
4cccfe7d-23b6-4290-a591-88ccf33e7e6b	324
4ccf0eb8-8548-46bc-80b6-5e222d70b29a	1048
4cd6c9c6-a5ea-4545-85cb-6c8d07acc0db	1062
4cdb790f-d447-42ea-8444-b16ab6b40cce	1151
4cdea7ec-56c9-4658-b984-349383c1d9a0	1068
4cdece09-485f-4744-ae57-d37e9e680e28	2322
4cf30aa4-4712-4594-9b66-9a6ec48a71a6	475
4cf68990-01d7-409d-a877-261b889f8233	1072
4cf89cc8-11d8-48d6-860a-87dae84b0f31	948
4cfdb964-71ea-4047-bc2d-8fa2be497734	1259
4d0540b7-8027-416b-99b2-88f3f0d70660	1078
4d078991-b32c-4b81-9499-1e5a380c9dbb	1111
4d08d94a-3905-4e80-9051-93912c99f1dd	2456
4d182fc7-a6d9-4aec-b19d-198e774479bf	1142
4d268c39-c6bc-478f-a183-1913a8a9ccfd	1069
4d2c8036-f89f-42b0-9ba8-6c2dbf54a1a5	966
4d320fcb-3c0f-4fc9-910c-a757ed31f365	697
4d342407-d7bd-4859-9795-bc479b6cd941	1062
4d362fb9-e341-4863-83f7-6fe45d6e291b	1218
4d3db0b6-b046-4601-9ace-b1c444bd4889	1072
4d439a7a-97a5-443a-b074-a173aa8ea034	1081
4d455d6f-6de3-4e68-8ca1-2a1844a9ac9d	1073
4d577376-ecda-4f3f-8f27-bf77c573414e	1124
4d57cfce-3a4b-4dfd-81c6-5b5bf3dc945b	1145
4d5c07a7-da51-4c5a-a99f-fb492097df9e	449
4d604fe1-ff8f-4705-96d4-1f4f6470f0f0	379
4d694405-dce7-4b64-a185-f22484416026	1368
4d6dd2ba-4e40-421e-a470-acdc53c17ffc	1034
4d6eb385-576d-4ae0-bbc1-d0e130e084d9	1073
4d6ee4c2-b6d4-4cbf-9eb2-1aa7d2b58bb2	493
4d728861-af2d-44cf-aafb-80b6d082f217	1362
4d7b1304-6581-4db3-b5aa-a2f82129bd71	1242
4d7d7cc2-0985-417f-b3f9-d60cbb8d7302	963
4d843dc8-2165-488c-a50c-2ca73daa8f98	163
4d93e016-2202-49d7-a338-29937d86936e	1235
4d94ece2-9d31-471f-812c-d1f9e42ab6a6	1070
4d954c5a-a4b4-43fd-99a2-f90e21a2ae62	1058
4d9c3e17-3e46-4e4d-a8a5-dc2ba491fe6a	1395
4d9d74a8-8f33-4762-951c-c581e81e3930	2116
4da12bb4-fbe5-4f45-a0bf-347bf00b06ed	1221
4da3a8d6-ce5e-4542-8d6b-b894c37d27cd	1079
4da97acc-7e54-466a-8713-e934f7732313	1076
4dbb7a09-08b7-4b75-a6ce-43f4485e8daa	1371
4dbded92-f06c-4872-baad-5603c3c1bdb9	1072
4dc05404-8a45-402b-b6b2-527eada99b3e	967
4dc48c61-d6c1-4398-8032-6ae26d5ad791	343
4dd2599a-1e15-4285-89f8-545271878141	1113
4de484b5-4dc2-4fd4-bfb9-63e2c795abef	1458
4de5a23c-38f3-4fed-a54d-94584c037bcf	1089
4de9b746-0f55-4542-9867-f443660849e6	1101
4dec95f5-591b-4d8a-bef6-7d38c8c65f1b	1155
4ded3302-d591-4508-8b26-c953c43d06df	1031
4dfeb8a0-6aa9-4ef6-9169-ded3550db1a5	1107
4e02fb9e-355f-402b-95ae-c57a7cb90135	556
4e186857-83ae-43c5-b4ee-534f9a3f2257	1083
4e2127aa-771f-4450-8068-092ceb1ec852	536
4e2a1507-9dc7-4dd7-9e7c-e41c2d441d6d	294
4e2ed3e1-4c7d-429d-90fe-6e419853710b	423
4e2fa3c0-b6e7-4e15-845f-2040d44e17c6	1120
4e3966ac-4656-49f1-ab57-1f2fe2100451	1127
4e3bf91e-adb5-44b8-855a-b48ae18d9655	1014
4e5cb235-1b7c-4910-881c-352fe3c7f50f	1068
4e651e9b-13a1-42e5-914a-3f82eacb6085	1000
4e697bdf-0143-476d-8e0c-1d8d45cf98cb	314
4e771644-2dfb-4d5f-972e-130931005221	1128
4e7ec818-ddbe-4408-b953-dce3558b57a9	1027
4e89913a-8c44-421d-9035-5faf2eae56f9	951
4e8a8358-acc5-4ade-953b-124b489c0b11	1512
4e8bfdac-ecda-4a86-b9ad-1256509e17ee	311
4e8c6984-e66b-43f2-bfe5-eb5dc4c1a119	1113
4e8d821c-8a81-4c5e-aac1-35bddf8e2dc4	1554
4e91a446-4f47-4c63-bf86-3288131f4ed4	1128
4e97eb75-cc8f-45d0-a017-5da5fc65be5b	960
4ea38414-6b0d-401f-8e1a-0bf7ba2be47c	1066
4ea6441a-1fca-4e21-946d-0540885ab920	944
4ea9d315-0a63-4bd5-80fd-50b920aa6871	1345
4eab367e-856e-4898-904a-5be626f4ad8f	990
4ed6fc85-d2d8-4323-be91-85bb8d28d669	985
4edf9852-8c2e-453c-982b-f255b3f20839	1098
4ee0d7d9-5657-4ed5-a225-07f79dbb5f1d	239
4ee459d6-c3fd-4515-8448-05f0b6da57fc	1296
4ee60327-6972-4ac4-b5bf-839632c5e701	1165
4ee90728-c27a-40a1-8a8b-aec4a9718df0	928
4ee95025-01ae-4b9e-83e9-5be3776f79a2	1022
4eed5cfd-7ca4-4067-bf5b-35aae79ee692	1035
4eeeedca-20d7-4910-8bf2-12fa1b50e080	871
4ef11d29-3ef7-415b-9c54-eee7635e7b82	1065
4efbea75-0961-49d9-ab5b-de3677eb0c0b	1066
4f023bc5-020c-41ee-87e5-9ff43b80cd74	990
4f0a9b0e-1ce9-4716-8cab-190b7db2f50b	1015
4f141a68-0d03-4e8d-a9e5-be924fcb3e0b	1139
4f152ccf-7037-412e-8862-28ea1aa42ac0	968
4f157803-c99f-48c5-94db-b3a661b733f2	1068
4f16020c-2290-4182-879b-fe572539d8f4	477
4f18e842-4355-47b6-89ea-674efb27a283	1052
4f1a23d3-cbd3-4086-8ea1-f85fad21b5dd	1071
4f205d92-27f2-49d6-a116-55e1bc49dbd1	1048
4f297a0d-0693-4939-9f21-e6c50fa232ac	2219
4f2cd4b6-2f4c-4fa8-8e5b-e9d4443eb3d0	1059
4f37d6c7-b6a3-4c59-a91a-458ca0b98cba	949
4f45eebf-aec7-4efb-a69c-40464cf5fcdf	355
4f4a731e-24e8-442c-9ce4-920e56adf78c	1095
4f4fe9c3-f0df-40d4-880e-1c921eb74480	1347
4f5c841c-a0bc-4192-88f8-89233ffbbba8	310
4f61d1b3-ff40-4c33-b2bc-67e35619241f	59
4f61f36e-c038-41b8-a9cf-98044019575d	1019
4f659eb7-2615-40a0-a1d5-e37b770274ce	225
4f76d416-fc1a-4220-94e8-81c01991e470	1240
4f7c1aa9-b516-47c7-a684-e93ad6f05f74	980
4f820a2f-a62c-4f6f-8dab-e32716f3e566	1480
4f8253e9-d654-4d23-9be5-0d0918f9f71f	1075
4f825691-d96b-4804-8abe-6bdada5a3b40	1071
4f857269-a249-4ea2-9813-98e677dff1a9	428
4f8da379-3c63-40ed-93bc-e1c1cab54d8a	797
4f96df31-374b-4539-b925-d44158615f89	421
4f972b63-c2d9-436f-b7b0-57fb54e11870	386
4fa1b188-3a6a-44b4-8f17-1d20a68e3784	1057
4fa3c0db-8483-450e-814f-7731277a7144	1077
4fbe69af-56d6-4a47-8d4c-6033aae4878a	1052
4fc3ffa0-3f73-43f2-9988-1bd63240877b	288
4fc5a09e-a720-439a-b4ee-6e8787f01cac	1107
4fd3fee7-7e41-489f-ab1c-132ff8e06a93	1078
4fde4cc3-129b-4b21-846b-61b6b2b824aa	1241
4fdf9df3-ee1d-4365-9647-cc11c9ecb80f	1066
4fe4be3c-8b4c-402f-8842-f02ae58fca86	442
4fe82aa9-eccc-40cc-8a2b-892fc9b30e77	58
4fed1bad-ff01-49ea-bbc3-c4e71bfad1bb	1152
5000e1a1-fdad-490c-a96a-6900558de753	1140
5004bb50-8b29-47e4-86af-7055c78f2ca7	1145
500866b4-4615-42e3-b285-eab2377b1946	1038
500a5cf7-bd61-4797-ae42-e6a27a6fa60d	1071
500ba376-0fbf-4a72-a1c0-c000a2f9732a	1062
501cdf2d-e3b1-44e3-a873-6231b17cf771	1020
501d0b14-1fc1-4c15-a74f-a71c890bf780	1055
501f2d3e-8a26-4bb6-823c-d29532b60053	1083
50212f6d-6505-403e-858e-1646b0836a78	1048
502669eb-dd8d-4469-b4c4-89bd1fa584c9	404
502b9ef6-5718-4612-aaff-c491bbcf0b4a	1370
502be0df-a290-4ab6-84b6-bca5f5b93bd9	992
503f13d7-b521-4136-82b9-b9166fa53fb7	1036
503f4b76-5231-476b-ae2e-d4e07354290f	1046
5045062d-1c98-4200-ba9d-5ff184bdadb7	1058
504d644c-61a8-4c41-88c8-1dc1fc1bf036	1134
50551b81-1a4b-4c97-9cc3-fd16f85ecf76	1098
505d1336-224a-41c9-b323-ff8a3c144981	1051
506c8caa-6e15-4528-9d02-4219a93271a0	2445
50715349-f41b-44df-95f3-8e0a1212221f	1118
5075e6d1-9e72-4d95-8219-58dad3d1557d	1247
50791c2a-f05c-4de2-87da-e7b214103a63	1055
508637e8-9af8-4998-bdcd-b9e8f47115c5	992
508b6bec-00d1-4fca-af31-486e4b1f7178	1624
508b85f0-4748-4792-bca8-75d4fcc85115	1120
5092c404-eadc-4df0-bdbf-ccc3e7b1ad11	1072
50964e52-eac8-4ce4-9338-5b671f4b12cf	1553
509b93ed-7355-4b0d-ad28-de16459dea65	1349
50b9142a-08f8-4a3a-9fb1-85ac6f61a5e2	1037
50ba09f0-f8b0-42cf-8b33-c458763b7b1e	1092
50c098f5-c56d-4807-82da-7773e7286b0f	1012
50d12385-9a85-4c65-a672-e029a4facda9	473
50d85b64-6202-4d39-95a1-cca7ad02fd8a	1039
50d99353-613f-4bed-903f-77ecf2694d67	974
50dab243-a651-473f-a57c-7df202171192	1520
50dd34c6-1075-4589-b4f2-c336549f9efb	974
50deffb9-b02d-4a82-a0b1-10b48b1b427e	1101
50e13c3d-5527-4c58-ba27-a48b92fca088	1064
50ed6869-5253-48fc-b52f-b15e24202922	1070
50ed7628-57ee-49a6-9eca-74908a9820b8	965
50f09247-cc99-4078-91c3-64c692fa2a8e	1064
50f9a518-857e-4c36-a805-0c563b314ef6	1341
510954a2-d2eb-40b2-aa5b-55e7e1db3007	696
510a8bb4-13ba-4b94-ade2-c27300579981	1703
51103147-3145-45d5-bf40-fb7beaa14fe3	1257
51134632-4e94-41e2-affc-e3d5f51b540d	517
5116d518-5102-4fb2-805b-c4223aa3e8be	921
51214e30-415c-4290-85ee-f0f2e7002305	2411
51245468-cf7f-47c3-83f6-719d9b6b4c0d	1074
51296ebb-371d-46a8-af4f-5f3a02fc8888	1138
51303865-fec2-42d3-9918-1835fe8179bc	1142
513066ff-48d4-4900-be30-66301611bbcd	1046
5130a016-0ad8-446b-a145-673ee840d328	1213
514bfa15-155b-4995-9f97-6b474e7f4290	977
5153848b-edae-44cf-8d2d-1ef2de7c468e	1379
5173a30b-eb1f-4b85-a80c-e6d6ef374d71	1079
5187ebc8-6e11-4540-923a-84817f15a5e5	408
51940af1-8299-4d83-b85c-187fca87f823	976
519810ff-c7ff-4018-8afd-2be3f86aadd5	1034
51a20728-1c09-4331-90ec-e94c9e0c5d5c	1781
51a320c8-f9f1-4bc1-ba9b-4dd0c43bbd7b	981
51ab0f9d-9232-4d7f-a9ba-cace7787a41e	1666
51bae4ee-27bd-40de-8012-5672b66bd7b6	1366
51bf18d5-be54-496c-8ce8-78913c05b98a	1047
51bff565-8661-474e-98a0-2260c4937e3c	1009
51c65c38-134d-4abe-9492-4380b55d1c31	1253
51d663cd-9773-47ad-a69b-c94e732b6cfc	986
51dbc4e9-a354-412b-bbf7-3ea6f3b3d4f6	1068
51dc89ee-df57-4b8b-978e-f8317356be0b	1323
51dfca7c-d0ed-488b-abd4-7fba6d2437ac	984
51e4c002-eb1c-41c0-ad97-1b3a84ad8128	231
51e67bb3-a2ce-4c8a-b471-1a72deefe5fc	1231
51ee4096-20c7-4e8a-bbdc-da36c672dae4	981
51ee5313-cc93-4eb3-a56d-3032dc4038d4	1054
51f1f1eb-7608-440f-a75a-fb1bf29f43f0	1089
51fd88fd-0500-4c40-885c-386fbfad6af7	826
52053249-259a-4cd7-a434-65b4f222470f	1024
520703b7-e65c-41ca-bafd-61c454257635	311
5207c3c2-89a6-4bbc-8c66-e97a6e5c1351	1014
52080a75-f34a-4a85-8020-0d929f0f4f0c	1292
520e6994-28e6-4a7e-9cb3-6ec2fcbd32cb	1071
5211b395-1025-48aa-bd09-4967cf5700e9	1351
521a99c5-5fd9-4817-a134-374b0cd305a2	1001
521c7efc-d9d1-4017-93e2-cb0f009d4fc0	1117
52228efc-3f1e-435b-a210-781538df8299	2433
522df72a-a220-4103-a568-ee19f89db087	2127
52369fc6-7dc7-4f91-acc2-31388552fcd7	1051
5238fcb4-0307-49c2-b61f-1be6aef26a37	2156
523cbc37-5bf6-46d6-8c55-d83455dfccac	1334
523fba57-ed7b-49f0-9010-7b097624fda1	723
524260cd-f358-479b-9666-201095d99468	1094
5249d0cf-9fdf-4d11-9564-64f632b36697	966
5249e1f0-23a1-4651-8693-03348782f697	992
525f322d-5309-415c-90e0-8e65e4a448de	1104
525f5260-2268-42a9-8d95-8d79d5936842	1003
5267a822-e581-4f80-9c61-1ba7beeb79f6	1447
5270f4d0-bfd1-42cb-8989-0db926c5669f	250
527164cf-8c63-4692-a818-54db211799d7	1079
5271e94f-ab90-4c8c-b505-797c85b96953	1129
527b923c-d09b-49b6-ab86-29b45e0831cc	1314
52a94930-4e26-4b03-b2bd-7107334982b3	1058
52ab4bd1-e2af-44a5-93c0-6480dddbff0c	871
52ad245e-c928-4069-8332-d447b42bc71d	1116
52bd712d-281c-4ae5-85c5-d06737b69d4e	1023
52c7fcab-62e4-46e6-a4fb-beffab60e765	2228
52ce7a48-9f7b-4da9-9ab8-ab2bbf45c822	483
52dafad2-0521-464c-825b-bf8668fe70cf	1081
52dc2f7f-dbf5-4f90-bd98-18a155c36364	2133
52e120bf-71d5-472d-a8aa-4c78ad831426	1052
52e1aec2-9e54-487b-806a-6aa53f10128a	189
52e34df2-bfba-4c79-8d73-81775bc5633b	988
52e41b6e-3594-4a3c-b9e3-2a1c1264a191	1067
52f20162-29d5-4af1-ae2e-4f65522211ed	1220
52f550d5-baee-4cb9-9a1d-1ba74d485d20	980
530d2ab1-52f9-4bf6-b741-adf05770e69a	213
531607b5-9f9a-4a24-9342-5b5fc7c25a7e	1367
531cd085-1204-497a-90c2-53bce8ca5e6b	1014
5325776c-89ec-4e8a-aec6-adc2b56e673d	1125
5329b79d-8af2-4b96-b00f-92f23d652aa7	1119
532ed7aa-22ce-4611-b2fc-87db6bc03f43	3052
53353b87-b73f-4f54-b19b-2df7a39eabfc	2291
5335c5f0-2ca2-492b-97ab-e06149948ada	1385
533ef4ca-1e98-464e-8eb0-6714e85d4c70	1139
5341c710-63a7-4f20-a7fb-fba02b62f80f	2167
5344f0e7-91cb-4f9a-abb3-94c385b9ccab	1253
534d811a-be44-4df4-9c26-906b0e496ccb	1044
534e1646-bb21-4987-ae5b-a2ac2bfa6699	756
53508951-ab0c-44bf-ad08-0a3f1158ce97	309
5356eb39-2bfe-46fe-825a-21ce0eb489d4	1075
53573261-7d9b-4d9b-beb0-e13f26741256	261
535fbfd2-b1b3-4977-a823-202dc1dcd087	2159
5362a13c-9c13-4694-ae88-656b06e5d804	1058
5363eb2d-c358-450f-b296-4f610a5c8f41	1475
5366d0cb-e908-4870-9cd8-cf6566268cb7	1067
5374dc02-8de7-4fc1-acc6-0256b2e29e28	431
537aa262-4f2f-4265-8e8f-0e8458a19046	1061
537ae3c2-d29f-4bc1-8ee7-2b55bc578422	1063
537b26c6-5541-4f0f-b1f8-e083246c1b0a	750
537b88cc-071e-4e46-8727-417c1fd4cc49	1108
537d6103-6d61-4878-8a5f-1911efbe5872	1765
537dd5b7-36a3-48e1-a848-4783d00e0c39	3023
537e4dec-65db-4ad3-8c6e-773194a67737	377
537ef65f-f643-457c-9595-24de9e4e9360	1381
53814af0-a7c0-4248-a692-814c2b0afa49	351
538258af-74d7-4d81-9bcf-2aaa0c3fb04f	2317
5385f928-24d0-4042-8c79-ac4775012bc2	176
538dc6ca-34e6-4b37-99d2-07afee895538	1071
539332b4-1470-4325-9e42-8c50f0578d05	1063
53a85a0c-9f9e-4ad4-b6fb-c6d8aa32e58f	681
53b398f9-51e2-445e-bc33-0b5f962dec89	2061
53bbeb41-921e-4050-9d98-49e96ccd6f8d	1069
53c31986-2bb2-4ce4-aac3-98abddd71444	1091
53c33f64-3911-459a-a5a1-b34a1ae1148c	530
53cb5181-3ba0-4b37-9031-07e5ed450527	998
53d581fd-e478-44cc-8d6c-496c310b1be7	393
53dd983a-e73b-4b47-8917-0748c6868d40	974
53e62f33-bf42-43f8-9b32-16cd9c3dd5f9	262
53ef5484-8469-4fe9-8cf3-b8ee7475d9c2	1076
53f35246-d642-4000-b8e0-2ffb9fafd7d6	798
53f8be57-9c03-4658-b4d5-24b9ae1484c2	1030
53f90d6c-b13e-4f3d-b519-9661ea569da7	1078
53f99384-b0ae-4a91-9be0-9d8488cf02b8	1014
53fb1780-d2f7-408c-b282-94fe06292e95	1077
54166d34-21b1-4ba4-9e16-63c23c9eeeeb	1469
5417cf93-b29c-423e-8bf4-4dc679c9a7ee	1023
541d50d6-610b-4391-ae0c-3cd208de56af	367
5423a237-6208-4d63-b419-20814e5dc32b	1001
54272327-03de-4f6d-9eeb-174d39832b5f	307
542e8aaa-d818-4408-80d1-96f07cb39f9c	1058
54343120-3bc7-4df5-a047-55b6558ed47c	1274
5436ae9d-9345-46c5-9c23-86951c54d29e	1030
543a8023-2d6d-4e3c-a94e-72896ca9447f	973
543b73a8-cfc1-4538-934d-e0829af352d2	1480
5446dee1-5867-4147-911a-b9f07472e047	1029
54486037-12ab-45a1-af4f-8fa8591ff35a	1082
544f054d-aa3b-4ae3-8a5d-7b6fdd1896a6	1010
54552817-bf2c-45c1-ac06-9deae5eb8d41	966
545ea317-ae21-450a-a555-dcb43fc5b56d	2113
54652d25-d9d6-4a63-9fcc-9c5920aadd51	1063
5473450f-efb6-4d3c-8657-27c76ee6860a	4093
547f0063-e777-4922-a774-e1464b4c725d	1050
5481429a-3d5a-469d-a757-08b0e4349200	1061
548f1656-7e93-461f-b874-914d333ae582	1082
54940649-01c4-45f5-ac30-ad1c65f7fce5	584
5494db98-9c19-4d23-af18-0bdc560ec680	476
549fe57d-bb3b-4484-8697-a4d45f7b7e0d	1152
54a11743-8dcf-42f7-8970-99186ad91c8b	1080
54a307f4-2a91-483a-a1ad-345327e64ba8	1090
54a35160-8b6e-452d-8d6d-2abfe9546eab	486
54a3eb12-009d-4e6e-bb8d-525f9eaab1da	914
54b8c1da-9e32-4b1d-8b7f-b64eb73cde56	1127
54bb6134-881f-42c3-984d-4f9a5aa13783	1245
54cc27ad-8d33-45c6-99fd-d0387825e61f	949
54dbfe7f-a0f4-4b5a-a55a-589fb6ecc559	205
54e555aa-30f0-41b6-a551-4e024c6534f9	13
54e84921-0989-4b2f-a25d-1d6ec955017b	1073
54ed1bba-5c65-44d3-84d6-4ab13c7bec4b	987
54f3b9c6-9e03-4598-8f7a-a2d8e566295a	992
551358ef-749f-4eb7-89a4-58837ee69562	2271
5518b021-8dd2-470a-84c0-ae5f142322a5	1020
551b6a2b-7900-43ee-98bb-43e407c1c613	1112
552967d4-945e-4dd0-b026-1e5822bfcceb	376
5529b77e-6b24-415e-a515-2057a40e716b	988
552bb149-237a-4911-8e36-eafec4b7d37d	991
553099c5-bc6e-4d7e-9ee3-18a1c69881ab	1438
553316f9-b07a-4615-acda-669c30ed0665	295
553ac2f8-d75e-4dad-839e-5c2ab90b5595	1022
5548b103-85f3-4294-9d3c-389807628f23	1011
554dffae-03ec-4029-83ba-b882fd37a548	665
5551565c-8ff5-487a-8970-c3d336759791	2066
5554cb01-813b-4172-bbd3-90e344430c8f	1004
555889b2-514c-4ce6-9f35-cc4ace0e7d3d	996
5572ac71-68cc-4eef-b7f3-b3abad278491	1037
55807148-6d3e-4477-af33-4e0aa65c2f74	1005
5585028d-8f6a-4b59-a37e-241f6cc6ea70	380
55862147-727a-4221-b760-d7961399f1eb	373
55876dcf-29cd-417b-9e8f-3a8944d44c98	1254
559dca21-a7ce-4e71-a6d2-23361196c1d1	992
55a1a8eb-234e-4114-95ac-e9e5da614cf8	1073
55acc043-ce16-469d-9a44-011280f7be54	1070
55ae4755-a341-449c-b0c0-7dda5fbeaf5a	489
55be53c7-c88a-4001-95f3-ea529f3e843f	937
55c8ee51-fb43-43db-86cc-02868a0a69b8	1063
55d1cd2e-86f5-47b7-9ceb-dacc8989972d	529
55e3175e-6d35-4813-a84e-6f72ac5e9183	1060
55f32c8b-c858-4316-a2ec-78ca548e2e16	966
55fd38f9-092f-4ff4-a310-9721b61f4bbd	2266
55fd9da1-c5e8-4628-a8e1-dc74a8cd4761	1462
56106000-b13d-4f83-b536-4cf2f895d25f	284
56169290-6115-4d94-96ad-12cf14c41b42	1116
5627af1b-a7c2-494b-a335-26f9e8bcc091	1135
563c0901-5cca-4127-8669-9abc959b0dcd	1064
563fabfe-0e94-4bec-afbf-c4618e5d3d42	1067
56434e7a-2957-4c00-ace2-eb58f40de76e	404
56477aad-6c88-4828-91ea-eadd83134f5f	1069
564d68b9-67b2-499b-bdd2-8bc2d7bcba98	891
5651446a-043b-449a-bddc-1ca052910050	1096
5659f359-bfd8-4e64-86d8-61478c1e8321	1225
566683b6-1074-43ee-92ae-758ede78c8bb	1060
566c4cc5-45bd-452a-9cbe-409e96a888c9	1075
56723472-b90e-4e03-b1c5-e6c90d118a69	600
56802ce5-de22-4a62-b4bd-2835127e7132	1064
56876d75-5c4e-49bf-a32a-7bdef82a6acf	995
5689e2a5-d217-426a-967f-8356d820449a	1038
5695bc81-b4a1-4a4f-a2fd-4368fa105eea	1130
569616e7-3f54-4a5d-b771-747e66b8873a	1085
569c0ec9-9421-4966-85c9-a8ec54a949a1	1121
56aba231-f955-48cd-82b5-cfc41dfb4ba7	1268
56ad067b-1580-4111-8b87-7e202a8ef4c9	1054
56afd0c5-e337-4101-b5a1-d5f14403dc94	1166
56b0f84f-b8f4-44bb-9844-1751ac6c8adc	1091
56bc4752-0ece-42bb-9a61-f8de797386fd	1062
56bc86a1-54dd-4081-825d-7f67b6516093	1214
56bd0343-6fdd-4e70-a40d-ad4511c68634	1022
56c23f8b-f3be-48a4-9b93-93e913c91212	1124
56c8229a-3430-400d-829a-400e0076ff8a	1075
56c92950-4935-4df0-9cc7-a689f47943a8	1562
56ca1090-487a-454f-8577-2b30f259aa39	1002
56ca4fe8-06c1-4048-9c01-70b6aa671440	1239
56d27af2-2df1-459e-8062-ade43006bd41	1039
56d60775-3f5c-4986-ad6c-b84c6745c326	273
56d9826f-5d2a-44ea-a0aa-f176617120ef	2168
56da642a-b509-420b-a01f-5d8de0558671	328
56f1012b-9706-42ff-a9f9-6d9771ba2d65	1039
56f17854-f9da-4841-ba08-0ab78d1de67d	1071
56fdba74-dad8-4ffc-a0da-31664810f57e	1005
57005d5f-bf19-48c3-898a-ccc4c37b4b2d	1043
5706a3e7-a664-4aed-aab0-fc185046041c	1155
570824f0-b499-4b72-a722-1ba1d9f9f7ec	1105
570c3a7d-dce2-4612-a5e8-7524b1325d5c	1115
570fc7be-a78e-4577-a3b4-27332b11db57	1119
5729a9fe-42f1-4c32-89c3-42194d2d80c0	1152
57333fea-a2c2-46bc-b2fb-0a8f0171834e	1038
573933d4-9899-4683-b0f8-e666ba30bfaa	991
57397ae4-9d5d-44ba-b08e-263f99156a17	1052
573bf87b-a92e-43a7-914f-314d9315101b	1271
573dbd7e-41a0-4116-a04a-1fa728df1dad	976
574b8c04-3891-4c2d-95c7-82008b43a07f	670
57600ee2-f0f5-4b83-ab00-2643906eb935	203
5760fb07-443b-489e-9762-13c11a060a46	1725
576fb20c-b2a0-45bc-bdb4-302aa6c980d5	2066
578476db-9309-4d33-b6e5-3f49fc3bb246	1118
578542ae-2bf4-4065-a310-cf5bb487403e	474
57b15be7-ce07-4a94-93fe-793f9b25b70f	1538
57bcbcdf-2a09-47a9-9ab1-e4abfb76d07e	982
57be1e43-7f98-421e-9ef7-20f2f0a9737c	959
57bfd504-384b-483f-8eb4-f86c17b76e5b	2301
57c2c004-3a3c-41fd-91b3-9f2148688e99	1056
57c74616-f02b-42e6-ba56-39a0237dfb0b	1237
57c7b0e2-fcbc-429e-8a32-9e74c9f34bb8	1156
57cb4fce-439b-493a-9b37-a9fb8ba34cb4	1024
57ccbbac-d99f-41aa-8b32-a9ac3349ed14	1086
57cfa1a8-548b-45e2-8d02-f412b535bdd5	1090
57d5ca64-e807-4ba3-a75d-9b203014857d	1089
57d6fce3-0f3e-4340-954c-ef369cdab41c	2132
57dd7d12-38bc-4f4d-b57c-0eda53962f4a	1073
57e80473-f187-4117-8567-943a2cfae831	984
57f16bdf-868e-49d1-843b-5276e9e7e49c	1062
57f2d01a-d6d5-4328-ae4a-a9699a60560f	1026
57f2eea7-a681-41a8-9386-684267903f3b	1102
57f48e80-3918-4725-8a54-d7848c969dcb	1110
57f92c47-209d-4bbf-b8b0-e1a26d9d1151	1411
57fb0d6d-f113-4a75-878a-161298ba70ad	5120
58005870-c17d-4e5d-b8ba-a5a6a22e08a2	1064
580dfd56-d5cb-47ce-9c8a-52e7d6b32ce8	1088
582ddabb-6034-4970-99ae-71c93683cda8	715
582e20c2-ed0d-460a-9a69-c935b0b4d8de	1057
582e459d-e814-4d58-af77-b71c081430b1	1080
58325dda-cf72-46b6-8200-4d737e5a4ec8	987
5834da54-d5d2-4fce-8017-b9f652db6a91	2117
583e230a-ad65-4fb3-a7f6-084ae739c923	635
583e6967-53e1-4ce9-9a87-04bee42c2973	1042
5842852e-2338-476b-b378-59dcb248e2ac	1375
5846630d-0de4-440a-b58c-88f8f89b7f66	235
585570e5-cf86-4e96-9eee-9307bebfdaea	918
585bfc2f-aee9-422f-a8b1-daed18cafa27	983
5862349e-0f47-4429-abbf-b10ee4a8f5df	1058
58739030-3ac7-499e-b10c-4aab4053522f	1039
588819d6-bff2-457a-a421-ccf84ca09b25	1070
589f1166-4ba6-4ad3-b43f-79d6608300af	282
58a0481e-75dd-4b7a-85a2-d14d577a25d2	999
58a2f12d-2d48-4760-99dd-7fa5e5bb2178	1098
58a75be5-a658-4ab5-b1ef-97366e0cf37f	1027
58ba9967-6e10-46a0-94c6-6bf8e50053f8	1072
58bd5e8c-d680-48bc-96dc-c2b7026e20c2	1012
58c714c6-0845-4f5c-a0c9-7d5d2dcd86b1	548
58eacb0b-18d4-421d-85c2-cdb70ae08696	1016
58f13a72-9a2c-4a64-9c4a-9508bd2c21a2	1140
58f31db2-5b4e-4b19-9b04-b270ee456c52	1081
58f72c02-0c13-488b-9917-4a12ad3fb190	1311
590e6317-11bf-47f9-9648-e2c761092ecb	954
59263205-5e11-4390-a104-254c16bdac73	776
592abc6b-9933-4715-bd48-2aadd6a98eb2	1219
592bb867-e100-44f7-8aff-7ea857d7c556	1044
5930c1b5-5d4f-417b-992a-15e17a592c49	1103
5931f853-5bac-4725-9f58-dc733b9ba8c5	1069
5938b3ce-0675-46a1-b5b4-54e947d39e9b	770
59419f87-ee84-4c08-88bf-e7bce6956dad	557
594ab125-f688-4615-b7ee-fffedb24ead7	1063
594e84c7-2cb6-43e6-b429-51f739bd45d3	2285
5965f492-d0f1-432f-856c-cf3c3021d6eb	1148
597650a1-4df3-4c7d-b3c6-2d78d4041380	3069
59822b34-bbd0-45b4-8515-fd82b405a9b0	1027
59822e83-6ef2-4546-b0e5-e14ee82f5120	1062
5985e0c5-29ee-43d8-939e-cfbb6634da1d	1283
59abec2d-154e-42b5-bb0a-cbb61a9dea99	1077
59b2fbb9-5ba5-4439-b5d4-f44a87b65c74	1057
59bab49a-3e9e-48b0-8e82-3dc336a7338d	1095
59bb0046-6d86-4af0-829c-55ab98753fc1	1255
59bc23b5-2ef5-44a6-b9a6-629f9c141849	832
59bc9248-bafb-41c3-b5b8-2ade2b47bd91	1046
59c4268b-e059-426b-ad38-205b1ec34a62	358
59c6df8b-61f3-4b92-ba5b-61b9c414dd0b	476
59d449de-6805-4391-9f03-d2be76147469	2210
59de596d-10ff-40b9-8291-169d49822b64	1023
59df926c-31db-428f-8cbd-b3f20effa3a6	358
59e47c93-081b-4671-a786-400fe6f0f97d	1150
59e5bb15-771c-4aef-a9c3-521c2e0a1a1b	1603
59e64f17-1f1c-480a-81f6-d0cdb5a1e5a0	2143
59f2c14a-26c8-4dc0-8f01-3e5dfd946d10	391
59f4b6fd-78f7-4218-8660-eb5c9212c304	1386
59f4d2ab-6298-4f69-b3a5-7926836219ba	1096
59f5d951-2277-4162-ac93-dac60d1ce33a	162
59f97740-1d14-47c4-b4e1-abc500174365	1122
59fed467-c1a7-4270-b9ca-4cfd42711f1b	1030
5a039b6d-23d1-4086-8e42-3dfaec57e845	2175
5a0463fe-e307-4f50-a018-0e2d2aa5c58c	235
5a05bc4d-00b5-4fe4-a3cf-2994c0cd97a7	1062
5a1259a0-0827-47f0-a1e5-58bc3703704b	976
5a161273-6b9b-4d86-aed1-b2d9c6d1323f	1044
5a1d8fba-379a-48d2-916c-23767c73a21e	1228
5a1ea000-e308-4d0a-a771-400862b6a344	1049
5a266428-d5c1-473e-9ccb-82eb6cd006da	1060
5a27a72f-3c77-4cd3-b683-212910a2dc70	1053
5a2b27d8-6764-44f7-b419-4978f0e9d3cd	1124
5a2fdc23-acf5-4d7f-93a7-ef8c880ed135	1038
5a40a6d6-ee3b-4996-a9a7-7da2e370f43c	1056
5a438798-38c4-4cef-9180-4a69c55758fe	989
5a4bdf0f-0e3a-491a-b2de-f349faa71206	1021
5a4f30bd-b22b-4d6c-9913-2e3080fff2b4	1250
5a62c6e1-7f57-4303-9733-c4c277439026	2056
5a686c22-52f0-42f1-809f-3becb8006174	1076
5a6f29b9-612e-4d90-a889-531227ed8596	819
5a7246f4-5d3a-4532-bf8d-5c78ee1ebde9	308
5a7f715e-eef6-4687-84a5-e3b9c4f94fe2	1183
5a8ef9bb-233d-4fcb-af24-07b40c45527b	1077
5a8fdf43-b341-44a4-a298-ee09173e1365	2150
5a958d64-dbef-4618-a46e-641b5d1a1b22	1138
5a9991d5-2894-42a4-bfd1-0af43f77c146	1048
5a99fb4c-cafb-4576-ba92-d5803f468528	449
5a9cd29b-47f2-4c1e-9528-414010d6eb5c	1018
5aaca1a1-bc78-49a8-8bfa-f21f78d058d0	975
5abd5586-317e-4c8a-b16d-8d4cbdc729c9	1105
5ac9fe9c-0d5c-4e4f-94c0-3b0034f4155b	1689
5acdbd07-9b98-4b70-bff3-827b6807bf83	1049
5ad4379f-7cbe-4200-ad13-0702b3f4ee4e	2236
5adaaa77-189f-4d81-bd26-22d67c8ededb	619
5adaff18-d8a0-4750-89cc-50c4796dfaa4	2227
5ae27793-6b98-4568-b63f-0e6dc87931b3	1098
5aed3c8c-55db-4a9a-b422-dfca718bf871	231
5aee0b87-aa40-4572-91c1-6f32e23ed2dd	1072
5aeebdc2-983e-4102-843e-2b5fce1adfff	813
5af32891-9002-4c16-931f-896e329a9d46	1074
5af7e7fa-2840-4dc4-afe2-b696fcd0fe35	230
5b176b49-56b8-4bfa-b8a8-7cea00e41a38	1077
5b17a613-a2ff-498d-bfe0-64b18960243e	1132
5b208792-380c-42ec-84b3-ef2fb243e7b7	1035
5b28fe1a-a2f4-4ac9-9804-66e9d17c8804	184
5b29f3d6-0a40-4671-83bb-d7ef31f8f7dd	1448
5b37b655-b33c-470f-83a3-93c957d2a01e	1135
5b38038e-deb5-4262-b9d9-b739e980ab23	1060
5b415588-553e-48e5-ad90-b49845c0a148	644
5b482919-ab51-4b21-84c2-0553e9b192b2	2689
5b49a791-a32e-4f5f-94f4-a5495326f281	1074
5b4bb4c2-8a2a-4d17-b5c2-438141f2d20e	1063
5b54f89f-9b40-45bb-ab7a-3bfcd70960a1	1076
5b582e43-77f4-46d6-b3e7-63f6142f3b13	1020
5b5a9a73-f64c-4b29-9232-5ff2e00c8ae4	1082
5b5ebaf3-2945-4ae1-b54f-833e37b48477	2087
5b7702bc-8059-4297-9471-6e21ee30ab2f	59
5b7d0f8e-c464-419d-828d-02bea6e3406e	285
5b8d2248-af2c-492e-bb5c-b60c028e5889	1069
5b965ec8-42e0-4bae-af68-06313d52342e	1087
5b9bf392-737d-4f03-a589-576f26186172	1260
5bacfa9f-169a-4a2b-add7-d76c4ff487c0	1058
5bb174ef-b1ee-45a8-9699-6f1ec4974b19	1072
5bb1e2e7-08d9-42a1-8600-de582dfe6449	1076
5bbedc49-56d2-4f21-97b8-ab89d563ffa7	309
5bce1c2b-e60b-4546-9107-27e227da1369	1055
5bd29648-c713-4c84-99f6-1c25ea97fb92	1141
5bd79e52-65e1-48ab-bf84-7a2a42cfcb7d	1126
5bd8f0e1-ccea-4a7d-a7bb-c4602514d5bc	1073
5be1d64a-2a90-4299-9459-d9d13d598e0c	1025
5be42f3d-f183-4452-8453-bcfcca6e803d	1087
5be6b72d-9583-4c05-b79e-366025197005	1129
5be7c467-9783-42e7-bedb-4330da91f627	1071
5bec584f-2319-447e-bcb3-f65cc8ed9ee8	1254
5bf1622b-712a-45c5-a6fc-55feea8d333a	3183
5bf52aaf-e15d-419b-b89e-6c569030e513	1220
5bf5d0e0-d483-4592-a1f1-4d6ae092d4f5	309
5c10474f-8cf3-4376-8bec-0972f0e1b26f	867
5c12f9cc-9ee2-4f37-b7a2-20a34d22d81e	1068
5c2434fe-49c8-456f-b250-f23caad06a37	1105
5c2573c7-2ddc-49c0-912e-334b176e5281	978
5c3151f6-5350-4fe2-836c-9eed699b25e9	1155
5c3a3562-f87d-4c01-86b0-c124abc33665	1076
5c3d157a-76ce-4acb-bbb4-114fc4e2a1c5	771
5c468c13-c7b7-48b8-9365-404d5ed554b8	971
5c4c6d6e-698c-4570-845e-39c4e99bdda7	1222
5c50b658-ea4a-455a-92e2-e0906a4a4b25	2287
5c53c652-3a5a-4fcc-82b2-6bc0ea4db7b1	314
5c7d18d1-048f-4d09-8af1-b9c49ff4e197	1051
5c7e74d2-92bc-4e14-80be-f6307148ae14	1133
5c8950a8-3978-46bb-8e05-542e6d712af6	1036
5c896241-bfe4-4505-bee3-45283209b5e6	1379
5caa2584-86ad-4755-ac67-9cdd524f3121	1058
5caad2c9-b0fa-42a6-9877-57e64040a9b3	1784
5cb2d9a0-12c3-4497-bf13-3911bcc1646a	2032
5cbe4a39-6dba-4555-a7c8-fc0fa195310f	1244
5cc909cd-4f16-4037-b0f0-590ed70d8ae3	697
5cce2149-d5a0-47c3-b530-7c9f5ed452fc	1135
5ccfe456-ffa1-44c8-8e69-9305b86657dd	1184
5cd460d4-e168-4f06-8b04-9338c0b9e757	1049
5cd551d9-dec1-4cf7-9ee4-2aad66e0d677	1066
5ce2112f-c242-4258-8c62-0a2a0b0eaa20	1247
5ce5fb15-b82a-431c-bfb2-a18df3c189e6	1334
5ce84e68-0355-4876-94df-bfe8de1b4955	1073
5cf36199-e496-43e5-bc41-e6c93daf6867	1299
5cfa8f85-8c6a-4e7b-b640-afbcbcd4d08b	1170
5d036a62-be08-48b5-9aa0-bc4ee87e2de0	1057
5d04b238-b025-42af-93a2-eed04ee9e257	942
5d064a3f-5583-4734-8f4e-60065e6e7329	966
5d0aa995-1380-471b-9f7b-cf33ba19c46d	1082
5d0c5453-daf3-4e7d-8d99-4bcc1237e833	200
5d0ef85a-8fed-49c2-b249-c234f4e23b06	1070
5d13ae8b-59b0-4f59-b8ef-ac4a20204d31	989
5d1b29b5-44f7-4505-b12f-67f0cc5e0a96	1037
5d2af66b-77d5-4b9a-80fe-0ac188bddbaf	1056
5d2fbbfe-f657-4848-b931-21e2003f9b6c	1041
5d303787-5966-45aa-b755-1a95b4d13118	1133
5d3db628-6ff6-4875-9804-6f2cac925acb	355
5d4c37a4-96ea-497f-92e0-ffc0068bf43f	1041
5d50f893-8746-4263-9620-2ba52f04c1cd	1604
5d570a78-58eb-4781-81b9-e1f64c407eaf	2435
5d5d7c48-9b03-4ff0-b604-61c93314e6ce	1062
5d66b384-a25e-458c-b195-b5bd37cc0c1d	513
5d69b63a-1d92-48b9-9e11-f78fc704ba65	951
5d6cbaac-e1a6-4c4d-80ea-5980a442122d	1243
5d7d7104-13d6-4adb-8b80-dd09f3d530a0	1176
5d89dd7d-60bd-4aa1-a0fd-ec425966e2dc	975
5d93bb47-7c39-40f7-99bc-1b1494d7044e	1201
5d966777-a83f-451f-ab95-ac2fc27124c9	1219
5d9e5017-fbc7-4cc6-acee-3ba19547b04d	1105
5da36879-30e5-4db2-91a3-14a4349df5dc	474
5dc535d9-828c-4756-ab34-82a9477b7d68	1097
5dc53a5a-bee2-48c0-b8a5-5935b81a4c86	1036
5dc8bca0-d9bb-406b-b6aa-9c5461f25161	1070
5dd7dba1-c0ba-4a68-8c8b-5c4c13f855f0	1055
5dd9d3a7-df1f-49ca-9917-0cc886f48a70	1228
5ddfac99-548c-4726-9968-143b8b7847b0	330
5de7d4d5-8d5f-41df-903b-ab71d8dbb139	968
5de995ef-354e-4578-982c-f8cf27c5d8e5	1123
5deb470e-79d5-47b5-9d01-ed557c73d303	1001
5df3efcf-038b-4444-b16a-39fb093da7a6	1047
5df9037b-0190-4d35-908f-fca61c336527	1504
5dffe721-080c-498d-b0cd-e0320031c25f	1080
5e007bde-1368-4b67-8107-84125a0606a4	2335
5e0b97bc-9562-4028-be3d-3c5755799c5c	1020
5e0d7564-9b7f-469d-89da-9643b37cfdee	1011
5e16659d-3950-4610-bba8-98606f790ad8	1058
5e37d11b-c6ef-4068-94ac-6d7051a392f4	1814
5e3d749e-e349-4372-8221-a6f1a16648e8	1360
5e6d0941-d7ee-41b1-8a86-1db51083f5dd	1596
5e6dd5db-ce70-4a22-94aa-a49e145755b9	1107
5e6fc0f8-8d5c-455f-bad5-6903b6ede5d1	2506
5e7444d8-758f-4249-afbb-50a87e204be7	1051
5e792992-ce0f-464b-9f3e-d0faabc63419	1148
5e802ca5-9d01-4c6f-8d5d-df8bd4eb2e9e	1065
5e83873e-5aed-43b5-b67b-1c23a84982c0	1086
5ea4d78f-e97c-4b02-b346-47ca38bfa085	221
5ea51310-1724-4354-8179-dd3488d31fa4	1341
5eac42a0-d10a-4dc5-9722-c8152107d754	1000
5eb783fe-9f01-41ea-9bed-fd8c21c732d3	1067
5eb9ca18-8fde-4cc2-a107-7f5cc8f25ba2	2311
5ebbd1a1-ce0b-4814-8575-a7e9d1585021	1115
5ebcc27a-aedf-48cb-82f6-885f85fd1406	1039
5ebd9b62-d4f4-4733-a701-612242e03c3f	1028
5ec752fd-8150-4607-baa8-440c0ae6be6b	1067
5ecbf1cc-d7c3-437a-b246-3852f0bbddd1	1390
5eccb643-84ec-4e1c-9269-d2376170f1cf	1033
5ed26e28-872f-412e-a270-e6f37437c1b0	156
5eec0484-8234-4c61-a506-01989e63dd98	689
5eec0aac-9df9-43f9-8a8b-69c2a6929e40	425
5ef2bc88-fd89-4d12-a0dd-b298c75cfbce	1048
5ef64a70-5e79-41e4-b6cd-512a655ecb9e	1380
5f1e60d0-7335-40f6-b099-20145c384386	990
5f2178ab-e07f-42a3-932f-5303220fc5af	1043
5f25a213-7bf1-4a76-b1e1-e96df5669efa	401
5f265d3e-833d-44da-be91-e20025508d99	1236
5f35a82c-9495-48d4-86cc-0650fffa073c	1093
5f413c05-faa2-4588-a1d9-b49593fbd492	808
5f493e30-d6a8-47b4-b387-21e590a0c36a	1070
5f4f7d9e-5896-4c3b-a5f2-9a4fd7b1a854	1126
5f59bc9f-e078-4ff8-a7fc-e3a8f21e442c	2563
5f5ecab0-0a4c-4784-9a1d-08bd1f53f72d	932
5f60a981-79c5-4b1d-ad45-2293989a9cbc	1000
5f63e6d4-30b4-4d2c-93ac-6456005eb0df	1009
5f65a9bd-12ac-412b-8260-d9d3f9c4bd38	860
5f73f5b5-e951-4794-ae14-8653a38fbe18	2461
5f77f67a-7509-4395-aee3-277fcbe11b28	1232
5f8177b7-3feb-49b1-9062-c20fe08788f7	425
5f8c2414-0c55-4a39-9b44-4364f04039ce	1707
5f942c75-7405-4bdd-b6b3-136f3964072b	1096
5f9b9a0e-0488-435d-b3b7-950a24675e5a	1066
5faf07d0-0154-4ff5-8b60-7f291daa9a0f	1632
5fb1e0bb-ef4d-440f-9bf1-2b63db820753	1034
5fb455b7-3481-41a0-89e1-cae4da7b1c37	1217
5fb4987e-aa02-439a-8f44-886abec9ecc8	1759
5fb4c3b7-3a6a-47a3-be31-c98a3ba26430	1083
5fc0105d-58cb-4656-bd67-073162ccf4ed	1129
5fc8d652-150a-47e1-9a09-0d75731b7bfe	1103
5fca623f-6422-48f1-ac0a-82c70b56dd2b	1067
5fccd1d2-6179-47f1-9e38-ab7a5703fbab	1091
5fd2e602-51ec-425f-8fce-5a630a98597c	1049
5fd7181c-6cba-4dc0-a2e5-78a6f3fbc62a	1071
5fdedb28-20c3-4ef6-8624-ebc10c896e1e	1220
5fe0581e-2bff-4f13-abb0-8a01cd1b13da	1041
5fe4421e-d604-4653-a9ed-f092ce4ec3f3	1088
5fe62df3-9f0f-4ce6-a277-174525446bae	827
5ff1509f-702d-4132-b9f9-c2e94fea0d30	1149
5ff16739-0b73-413a-ad5b-aa76cf3c47bf	1145
5ff9a530-d0d9-4316-9057-41ed9dc30fb9	303
600b2993-d74a-42a0-a155-f801bac5c7a9	1075
60103427-c224-443b-b00a-6fd8c806c390	1176
60145cfe-5bed-47ef-817f-9b1a99d4b76c	1321
6021569e-4f34-4ce6-af20-8f96db816ded	2036
6030dab3-2bcc-41e4-ac21-ccd89200f2ca	1097
60324551-1c3d-4658-b45c-7471fd3eb8ce	1377
6038d967-3c86-40b3-86ba-c9050698bf06	307
603b337c-7365-4b1b-bac9-2b059fc5a3f8	1058
604ad623-4fa2-48fc-ac97-d0bafeb92c3a	979
604af1b0-6a1d-472a-8354-0081bc4b2d6e	902
605624a3-577e-4b57-ab05-059bbe9d39ce	290
6059238d-1ca4-4168-a064-2544bdd20a84	651
605a2ea7-8a25-4089-a612-43faab0c7b77	1483
605abc0f-1c2a-4b2a-b3dc-7d917a79467c	954
605f32e4-50f4-419f-8b9c-6136e2b8ca39	229
605fe6c2-d363-4f73-86e3-4e4077630749	1070
60604c88-88ab-4e8b-9469-2a9e7dca3bed	1055
6062cc68-9f5a-4837-90b3-e2f1df87590b	349
6064af7a-e04d-4c97-9b38-de70946faa87	814
6064e895-462e-49d0-8d72-147df944d67c	1269
6074dc4d-3fa2-4d9b-9f36-ddcb6f942467	1049
6078fd4a-05dc-4b74-8d8a-4a6cf416bb19	1230
6079b45c-f16d-4372-a430-607d81ecb354	1077
6085c051-4b31-486c-9384-34bea77e4bb3	1066
6085c147-47d1-4a40-9269-09e3b0614bda	1000
6094a692-d541-470d-a364-e1376275f058	2155
609890b4-c010-4760-a4f3-184e7f043217	1088
6099a4f7-0308-4435-bb8a-e09a6bb6fcff	1000
60a30e3b-1854-4d3d-ab77-2961572fee0b	1080
60a39115-af9d-4f19-a834-bbc4f7e4a44f	1121
60b240e8-84a7-4cc2-94da-5cf3d490be01	1079
60b7aa58-1522-4c38-a42f-67f0c650db55	1182
60bdb11c-ccce-46e9-8b38-e6a1b709b31c	996
60c91d2f-f660-42af-aa0c-0e1949d0018a	1085
60e2e172-691e-4059-b4ba-712ff06f7ff3	1072
60ec4706-f6ae-4e65-882d-61d468533628	501
60ec746b-77ae-495f-920b-2356f7af8619	1055
60f54024-ec1a-4707-ade7-ab9bdb333cd0	894
6106938c-f6ba-482f-8c9b-346a2975c611	1249
6116cdd9-6e44-4513-9f11-2cdf46a009f9	1165
6119277d-0639-444b-b504-8ebaec9bb6b6	637
61362b1f-12ea-47a7-9b4b-4dfd282a67db	957
613a00b9-ece7-46d0-a2c9-d7e6726001bf	966
6140e1f3-0ab5-4694-9647-42990edafb53	1371
61440ad0-e403-4103-a14a-bcb1564dd156	1841
61459109-eed3-4dca-8bb8-12ec57dfcb8d	384
61470f09-547f-4d86-95bd-950800683a59	737
614bce9a-a8aa-4a39-b00c-a6eb9fd647c7	1057
61606141-6794-4e07-b173-d85b40022dde	1104
616c8a91-5a03-46a9-83f3-9acbb0e4d784	1066
61712dd9-784c-4062-96f6-de4912318cbc	405
61746279-c545-49c6-817f-e6f5b68166a0	1243
61826d8a-fb8b-4a5e-80ee-0f6ef3c5ef9b	1062
61828232-4610-44b7-a905-e83e84b5b96f	1049
6186ac82-c227-40cc-8711-09e145ee6c2e	1113
61900f73-3c0e-4f2f-8137-371016626c5b	694
6194031a-5faa-4885-a07a-cefa1b835ca7	1243
61a42a8c-bf2f-40de-994d-37fa61a620b3	231
61a452e3-5dbe-40e0-91b2-eff0fd8fc716	1139
61a6c851-86c9-44e1-b219-db76c76e5d95	536
61b24c19-d958-4c7e-b067-56465b9efa79	1068
61b384ca-3f8b-48ca-b82e-78de7eedb9eb	1080
61be92f2-0ab1-4354-8601-b29ec98890ee	521
61c76fff-64d2-479e-b7c4-00d21fc25706	1080
61cace47-f3fd-45f5-a3fe-7a8930468713	1049
61cb8f11-18f3-43d0-9751-2a96c9306d15	1082
61d2864f-b7c1-454a-bb38-89648e008b8b	540
61e79841-8125-44e2-990a-bbaf917b51be	538
61f31815-0476-49e1-b3f8-86d2805b6453	1076
61f6306f-f0c5-4dbb-9e79-adda46a52774	594
61fdaafd-bd2c-42be-8bfd-a2b16f1707ed	1059
6200dedd-8890-434d-85e7-5cee87373729	1310
620242d6-e241-48b8-a29f-88f191360aef	1472
620c1905-7c53-40a9-b934-7b419cae287b	1034
620f3569-3f59-40da-8926-273da78df736	1167
6212edee-aa25-4e60-996b-e12edd8a5527	1353
6219b89e-1415-4530-9e36-bb94b17dc5be	260
62252e0f-a226-4479-8849-6b84cd4a5333	1097
622847df-f363-4e54-b72c-b92d0f093059	1116
622abd59-2531-4bea-8069-5d429faf5712	2070
622ea51e-2fa8-4213-a954-e62db64a4d01	1159
623a20e3-1fbb-4d69-936b-05a0d2a564dd	1201
6242ad21-e8b0-447c-98b5-6872e140cefb	1382
625193e6-a6d8-4219-9dbe-86af4db9d5d9	987
6256d06f-da25-45ed-b2a1-9d7b3321ee03	1201
62576ab0-6faa-4918-803a-d7971dffd915	922
62597f1f-33b0-4c79-ae02-4d9ef0c39684	2480
62874b9c-a912-4a5b-817e-08a2fb5051e5	672
628e7e48-f8be-4b39-9991-1eadf38294c2	1085
628fad37-1bca-4197-8a92-b2e105bbece0	255
62949a02-32f9-451b-b67e-a17274333229	1103
629de2ed-31c8-4da5-a878-0391a5ef2a1c	2157
62b0bcc2-5e04-4ae4-b547-dde6912cd692	1217
62b813c4-cbaa-4625-890e-6cede4a1df50	407
62c24561-48af-4b65-9744-b6ae424538f0	844
62c42cb2-f3f2-4117-aa9d-bb69a1fb96cb	1103
62cb7721-1d0d-4521-81d0-7361e8228356	2152
62d0f99b-91f9-46e5-8854-20cb287d96d2	1058
62d354ae-920e-43f0-8663-c3d2424b4747	985
62d947e9-112f-45cd-a30f-f673c9eeff0c	1125
62dc3297-17b5-4456-b271-d35f8820916b	1078
62e0b5d2-a871-4743-a642-b0f0c26128b4	1060
62ecd4b5-88d4-4f0b-94b6-ad53efb5dd0e	571
62ed4a83-236d-47dc-b85f-bc6219b49cf3	1798
62fe4250-0e73-41e6-ba2e-eb4602780dfc	1180
63096582-caa0-4a30-8b52-fd8a1e71920f	1078
63144983-447d-4c3d-b712-0c93348b0099	1066
6316e707-96bf-4956-a3b9-60ed03342cc9	1394
6317c594-6a48-4a23-a1aa-4c162db5ec80	1072
631b8355-3f9e-4320-ba4e-018cb837ab36	1106
631c1859-d7c0-498a-af74-f38a25f3b9c7	3064
632630cc-929e-45e4-9571-9a7b59419b84	977
63565b75-fed3-45b2-867f-4247e94d7096	1109
63580b8f-1b3a-4bc4-b59b-5b9b597a819a	521
6365e951-ea8c-416c-80ca-0e2b29125542	253
636df898-79b7-4ddb-87da-3f1d3fa085e3	2047
636f72f0-cd48-4279-b327-aaa2009b951b	1011
63733ae3-58b5-45aa-ad16-c7b98df5bd20	262
63767dac-d7b2-4c91-beec-f06ae9db54b8	1361
637ea976-786f-4ff4-8a11-7d0fb853efed	1515
63819cd1-e477-4839-9ecf-5c7a0398809a	1070
63923357-da4b-41a4-a19f-bb7ec86ac2e5	895
63993692-bc77-46df-bd1c-a4bb2528879c	990
639e3b58-8fd0-4e36-8303-6e5df2a03854	2295
63a31848-ad71-48a8-b1cb-5f8c71bcc0e6	1045
63a83cbb-2733-4b54-8c57-ae607ec11e5e	1090
63b31fd4-fa74-4452-a710-1e0b1ee5c091	1313
63b33c80-75a1-4abe-954a-153fdda1d0d7	1343
63b45dea-eac5-492b-8ccf-81758046cf9e	1080
63bf8726-cf3b-4859-93fa-29fa58239a60	1058
63c048af-9897-4024-ad08-6ad52a2eb2ee	1303
63ce65a3-da69-4a94-a5fc-110dc99b7916	1049
63d6f357-f88e-437f-85a5-101e5c46fe27	1092
63de6e07-c1d5-492d-a813-0e92db038ff6	1058
63df0f5b-79f7-412b-9882-31ad10296120	1241
63e12028-9a1d-41f5-a755-b230481081bf	1495
63e2d1c1-17f5-4011-823c-fe226be04487	1147
63e76f30-1075-46f5-ba37-ec89bd2db5f9	1070
63e7d722-bba8-43b4-a84f-97896b461435	1023
63e8a802-9a45-417b-a65f-8bbfcf8ae3fa	1358
63ee3309-0fda-4e22-a746-c9ec23d23d4c	1274
63f02ec3-1036-49ae-9f62-ae3b237ca435	1079
63f4675e-6a06-44a8-a94c-a9957c15e906	746
63f8dd61-39fa-45de-b806-e0f0633635b8	1086
63ff3bd1-4378-47b2-b76b-fb24729f9c5f	1061
640b16bb-f3fe-4c91-9bef-5b1a445652a2	1044
640b2f93-29c4-4df2-bc8c-2edced9af496	1091
640cc1b2-9c06-41a6-bc96-97d0f2e65266	1380
64192347-da9c-4664-abfc-1be9c9459207	2073
6425267e-8658-4e3d-982d-35e275d1152e	1231
64318c2a-9aa2-4eae-9a45-b27725dcb6a0	1176
6437976c-2153-4357-99b8-ba0511a8c74f	1171
644017c6-db3f-4978-bd93-cccdfa3dda88	1068
6447c069-cd58-4a43-8544-392a4df0f049	2181
6447c649-cadc-4040-bd1b-6c73c72005c0	933
644aa3ef-037f-4042-9f2a-89b4e5f00647	1036
6452cec3-1364-4091-a66d-722ee80aa92f	1004
64532086-3d52-4e70-aacb-3eae957814d3	1127
64555b16-5e59-4958-b93b-1654c78717a6	1095
645d4b6a-b670-4fb6-ac7f-5efad5ea1720	1105
645fd900-9b09-48bd-b891-e9cbee4c606e	1071
6468b5b0-c30a-4c38-a411-00b012b34b3c	458
646c923f-9cb2-469f-bd01-b4078df9bcfa	1231
647077ec-371c-4117-9c40-7cab433c879e	1078
648144f2-58e9-498e-b8f5-e9980cbe9ea2	1063
6492c5ea-67fe-4e95-8735-4bab43ec7bc1	1194
649e5afd-dd2e-4cd3-9ace-5a9326cc63d3	1053
64a7ce47-17be-4d23-81f4-e8c7768448b3	1149
64a9349c-ecb9-4558-97de-a00982e0e9ef	525
64b3ddb0-be01-46ec-8c4d-c339eedc3577	1272
64ba4bc2-df5a-4411-a3e1-94f8b72e8a5b	1078
64bc5b92-51ab-4807-ab8f-a731fbd83f75	1055
64dac7a6-db87-4395-8a08-8d9850dc5183	823
64e004e0-48e7-4f7c-8ca8-1d2f9cc56994	1002
64f3d85a-be43-43dc-9979-85d0a0639ba9	179
64f7ee46-e84f-4766-9582-7909ad195c15	288
64fa8264-562f-473f-aadf-61962819bac7	1066
65033de8-fd5a-4f98-abda-886125a8d9ff	1303
650ce241-9bf4-427c-92cc-28943873dc8e	1064
650dd487-b17a-444a-84b2-3c7c5e5bad36	1072
651886ec-fdbe-4490-a1b4-128db77d0cfa	539
6520ed54-a6b3-4248-913a-8dfddb6affe7	1253
652330ed-9ce5-4c2e-a4f8-df268a18077c	238
652c0588-245c-487a-8fac-d57a3c5dfb6a	5152
653ec44c-e871-48bc-bd7b-1f962a4d8a28	441
65414370-0cc8-4860-ab47-ce745305e911	1201
6542583a-d660-421d-ae10-4bf3114ecaac	1341
654a5181-9fc5-46f0-8452-e79847d9a2bf	59
654a627e-dae7-4c2c-b2ce-6f91386ecc69	857
654b1990-842d-41a7-8f16-2e9106c391a5	2032
6554013a-94b0-4f68-8b85-508df0f13f6b	1126
65576ace-0d63-4dcb-8715-ed882571c7be	1746
656bf07f-7283-4ce4-be06-e4e62564e0a5	1077
657c9e0c-fff8-4b18-919c-0d32276d1c6d	1071
6580802b-e6f3-4996-a832-801459136c8f	1073
65841d30-1a9d-467f-9aa3-6b04a770bb4c	1043
65850365-fcb4-4c22-a83c-c1bcf5c5a2e2	1082
6585d910-92ba-4f81-923a-fbf31d35f14a	1070
65865bfc-72e2-4d05-9afd-22eac610895f	438
6587d225-aff2-428e-b5a9-dd7c741193d4	296
658ec0a0-6ee4-4997-9e64-d60e4ea35e37	607
658ee010-216d-4809-bece-73ed6066cb19	1221
658f39b0-8448-41e4-8258-4cab93097d8c	1039
6595d4c8-c6e6-43ab-8879-f7a2c4d5d339	355
65974675-5f87-4f86-8567-6df963c29d8d	1134
659c3efd-52c7-403c-8d62-a439ee03c21b	1046
65a0b592-695d-4a94-bf69-de598aa3656f	2177
65a755c7-ea2e-4e03-b1ad-91a57c941edb	1150
65aa957b-f173-4230-a371-1a864eb66d67	303
65ab9e4f-c75e-4aea-9c76-8cf850932674	1046
65abbc8f-0c19-4c4a-a9ac-82e83bc4ca79	1070
65b62f5f-40cb-4613-b026-31dcd901370d	1124
65b90eec-ec0d-4db4-b890-9ae17b79abd6	246
65b9f37f-4300-49c3-87fd-82e35fed3026	1051
65bb049a-3678-48fa-9283-b748b64950f4	3200
65c12a89-92b8-4366-907e-6127074c0b76	1065
65cfce36-1ccd-49b2-96af-0ec2e1855edd	1124
65de3969-7665-4063-98de-50f0592fdebf	749
65e061f3-06d0-40f2-8252-11a362faa4da	2229
65ef5688-dd50-4524-ba83-46d1672a2e2e	1075
65f6ec1d-dc6f-496d-8efb-fbe9eeb36763	1000
65fb50ac-d380-46f2-b3d2-4e82dd8a91e1	1076
660bb17f-6018-4ea1-adc8-e7f3245d8c22	474
660dfe8f-f2d0-46a0-a46f-abc3a2d4abdc	1788
6620ed39-9b1d-45b8-8863-f2b2ad5eafdb	272
662b307d-e0e5-458b-9de5-a3be8df5c7b4	990
662be65a-a8a7-4c15-9269-dc911c115e49	1078
66305982-8581-4886-b454-964d359ec729	1449
66313661-b172-47c3-aeb1-6755d85abe38	341
6633c369-b2ec-49fc-a9c9-836a919c8158	993
6647c8c2-746c-4d31-9209-a5cea5daa6f9	130
6649bcad-4ccf-4e02-b065-efc43c62cbdf	213
664a36e1-3280-4a46-8091-b6125dc5ddd0	407
664fb064-4666-494b-9a44-a2749ef0fd97	478
665e15ef-a5fd-4282-a418-4a729a13d016	596
666798be-5507-4c92-a0c3-e9517a1d69f8	1313
667d408c-e3f8-4c01-baeb-ea1d69708fa9	1091
668236e1-336c-438c-9df4-e39406dc2d55	1068
668dc699-7e72-4541-b2e8-92fa3e255c3d	1058
669daa32-e24d-4e12-9a6e-bfac721b5c29	992
66abb795-1f6c-4091-8df6-90792cc3c3ae	1125
66ad196d-cdef-40ae-8de0-86d6689c761f	1071
66b66520-143d-4d6e-b05f-add0f006d00b	1052
66bd0e1d-fbee-4a24-bb13-3f9848f4c389	1248
66c37645-2d5a-4d38-905b-f7247b2be0fb	1242
66c660c7-e51a-432e-851b-3e39ac687397	958
66d2146c-1f4b-4102-b69a-52ab261ddbf0	1078
66d36319-0455-4d99-90f2-e838c75d3510	910
66d4d1cf-a4de-4b19-805c-c7028d360dc2	595
66d6bc2a-5c1a-4cf6-a2cc-39b33bdb1576	1067
66df1910-4b23-4a24-aea0-06bb79392279	1048
66e12db7-2b73-4cc5-9b87-dae2a0c995ef	1056
66eb4deb-831c-4659-a4ec-8801930e8f7b	1069
66f53409-7cea-4642-815f-432f6b43dac7	1092
670251b8-4b71-419e-b125-3d1ebc3afa04	1053
67028b6e-e38f-4918-adab-32a6f30308fc	1118
67047df5-256b-47e4-9d6e-5c0ec1be85a4	703
67084784-bfb9-40bb-bf46-f908e076765d	1298
670c0e41-db2c-4eb9-a7cb-2ea47b9ad901	283
670ea24d-51da-4709-972f-4046b70069d4	1436
670f8295-1f22-41b0-86eb-db6325e849ec	2131
67180bbc-ac6d-4b87-94d0-b6e7c934a03a	310
67214729-06b2-4623-9477-0de64771c1e2	751
67262981-d726-410c-bef0-f73869b0c66c	1522
672a8309-c74f-47be-aff7-0867f9ceef8c	307
67337013-f451-4654-81ef-2355071185db	1008
6736a817-b4da-43ff-a07d-d7bcc6674f86	1042
673f7a36-a981-45d9-9569-64169d3c0a22	1470
6743304d-623d-44e2-9abb-8a4d4df2f838	371
674a0c8c-be87-46ff-b027-042198e51a4a	1343
674efad6-b192-4806-b9cc-c7aed37231b7	1040
674f64b0-c4d7-4315-b12d-8ba662d87e75	631
67530e7f-79b6-405b-b2b7-248b88a5337f	1010
67544e6a-7743-4421-b273-bf9ed4985774	835
6756e464-5d92-449a-a6f1-d7659fe1b66b	1361
675c8a69-878f-4821-9b27-6263b03df0fd	490
6760f3a0-ba28-490a-a392-24df8f0e5ad1	645
676ee01f-0484-45ec-91e8-9dbd458dc8e3	1152
67718dd8-9f00-4f55-86d8-e62f8a05538a	1094
677915d9-8ab8-495c-b939-41695f6decbb	1170
677bee37-b420-40de-b047-8f74f3e3283c	1063
677c2cde-53a1-4bbf-977d-6664d73f55e3	1079
677cf5c0-4b98-470a-a56d-c758c36a913c	1062
678a20e0-1189-46b0-a9c5-306f1896f5a4	1424
678d464f-ee5e-4990-a22e-5d9bdbf046b6	1008
6793bb17-82e7-402f-840c-0ff4e9dde882	1264
6796de5f-70dc-4abe-a4e7-02a451f86291	1019
67a11398-ad06-4cee-89ba-bcbf055e180d	1535
67a143b0-b049-42e8-ae41-14bfc28f00eb	1075
67a9ff70-6ad5-4366-9dc5-68edd862a510	1114
67ae6ed9-5fa1-4ffa-b7bb-a5613c54bb96	1150
67af1453-d8f1-42e4-9d55-7ba1b1d5aa6f	1132
67af2b43-2e49-49e8-af1a-d8b502539001	916
67b8a702-78ed-4975-ac44-3594cc63e1c9	365
67b8b768-554f-4d99-bea7-3c8f865d93c1	1077
67b91a53-2490-4dcd-9131-44e88817b2e3	269
67b92905-ce34-4e08-98fc-1472e17c21ef	2268
67ba1113-1320-463d-bcaf-083b680f71d4	2140
67cd1bb2-5957-4442-8691-9d0c82d75703	1059
67d0647c-1701-45a2-aa16-1942111c2f4c	1130
67dae3cb-50ca-4ca4-a214-dd631b38ede4	1518
67dd1794-1e91-4e2e-a5d6-08ce75f5fc33	1090
67de28b7-15f7-4137-bf11-82b51bfc4923	1031
67e0d3da-2d14-413a-a0af-addf7384ab8f	1031
67eefa96-c834-4bd8-99d4-6f1934694dcf	150
67f14d98-fddf-49b4-a2e4-d83b2a28b4f8	1075
67f38174-a434-43e3-b64f-b8d357ae1f7e	1079
67fc3a66-d759-4003-b086-919c6eeefe38	1498
6800e271-cc50-4408-9a53-245933013839	1376
680bd78e-9a57-4e15-9905-8af8b205e5f0	933
680c3230-c180-4c64-b048-5e2cf0620f1c	916
680eba0a-4228-4271-9350-bfccd535ea72	1072
680fd9a3-cf9b-4ee1-b508-aaec513411e6	958
6810888a-193e-4d86-8723-9d0b8f8b81c1	1050
6811c186-93dc-40d2-b82c-e9eacddaee1a	1070
6838678f-633c-4551-953e-9846df4a9650	953
6840089e-0612-49bb-b0e3-f51aec636acd	1077
68430c5e-0126-42f7-ad48-c3c5b4a68077	107
6853caf8-8d7a-42eb-bec5-5dea03b618c6	1140
6864af57-9aa6-4c35-abc4-3f3fcc505fe6	1042
6871ed6a-9e9e-4321-8db5-38eda85cc867	922
6879bb70-24c7-4724-91a2-6ad424eda6fc	1099
687a648d-5238-4c18-b87b-1d6cfdfcf99b	2540
687abb12-51a2-4cd6-a94f-29704266fff2	1068
687d6664-024e-4274-9daf-d86b94aac2a5	877
68860bac-3722-4e08-b513-fd03cdd36ee2	1069
688b5414-b31d-4d34-9104-06ab5d01c83b	1012
688befc4-df28-44e8-b80d-d00c3c6debd6	1029
689cb44b-9dda-4a63-84a8-a7d1030eb03c	1194
689ed3d0-c522-431e-b198-9781f2927e59	1154
68a4afe9-2504-4e04-b20a-227c103dd032	448
68ac475f-871a-4d58-8a4e-33d9b145b836	1035
68ad786a-9f78-4508-8318-163653fdebaa	1064
68b8bf8a-55c9-47ab-8dc9-cf7c9989d835	1491
68c6c8de-210e-48f5-81e4-0b56d8c80d96	1554
68c7f2fa-1692-4383-89da-ab699b7b01cd	585
68c905f0-4408-4cfa-8d70-f01895e7a46b	1003
68d0578c-e875-4416-9d54-ef4ad7ae6812	983
68d0a9fe-57aa-491a-997c-9bbcd5233068	1085
68dccdb0-9a87-4a2f-b6c1-5596cc3403bf	545
68f1b206-f7e3-468a-9a05-0d8b076ec228	2260
68f4d711-c69f-4a72-b6a4-e4b0cea234cf	1112
68fdeff8-96e1-405b-8a23-bad030fa1d4a	2245
6905207f-2329-4416-8160-39428c2a1910	1007
690d9ea6-6f9f-4fb9-808c-0b42e677167b	1062
69115a2d-71a5-401d-8176-b8072b09c75b	1075
691a6df4-6395-4838-9dcb-025f4f98d46c	1063
692794a0-5b8d-4246-831e-9a511cdd73f9	990
692d41fc-3a7a-41ed-8f9c-d58c54ba23e4	1150
6941a503-57fc-449c-bf59-8d62ba5f9123	310
69422f8b-2a5a-485b-a22e-b90b92f03c59	300
69450a70-91d5-41aa-bcfe-8a6150969357	183
694e542f-c0d5-4e5d-9b69-7cc7a005f22f	1031
695879d7-9673-46be-afb9-3d01a3431aad	1296
695a55a5-f6fa-415c-9575-6ba77089ada9	1050
695f2947-f4ce-450b-a5eb-a66e683a1c99	1047
69604b7b-cf5d-4761-9200-618509f8e233	696
696408f7-37cc-4876-9929-1564e6cc9948	1560
697a3100-8082-4148-8a89-fa2deae08274	596
698183de-93f9-4d40-836a-d4ee4444cd85	1473
6982e0e7-7857-4c5f-8eb5-4fbdbf2a32d6	511
6984a2b0-dec8-42df-86b9-fec81321deba	2267
69862e13-264c-475f-8350-05beeaf1fcec	1294
698d4fa0-9451-4ee8-b416-b6a80705fbc3	1056
699e8afa-af0d-4bc6-bdfb-69ab93c54c94	1281
69ba4412-4dbe-4fa4-929d-0b6d9730d7dd	1451
69c19d9d-94af-40ea-9917-9ed73dbcf639	1179
69c67bc5-c960-4539-a90a-1fbd0dffdd56	210
69cd4690-8957-4bea-b59e-551f750f71b0	1067
69cefcd2-922c-413a-b654-af34002f42a6	1569
69d421ab-e80e-4e2c-be82-6b80b69e799a	802
69d93c5f-8b1e-4a7e-92ea-352b01cf8b87	1076
69efe50a-79fd-4f0d-b717-be4781c7fd82	1005
69f1183e-05e7-44d2-baa9-ca761c166da2	2645
69f1d957-3300-4e8e-aa07-91226c70ea45	1071
69f46fb8-bec7-4c6a-954b-0fb7971fa132	1023
69f8a8c7-73fb-4369-8b45-80025732733e	1070
69fba3a9-2d2e-46cd-b9c8-f6d5e93d9e86	509
69fe9f34-7ac4-4001-b6bb-9fab8257f700	309
6a0d1d2d-1ba4-4cea-b671-b48765cc9b31	1371
6a12494f-39da-4b97-bd35-974f96d46efb	388
6a12ace4-48e0-49ed-950d-05102ff0bc57	2229
6a1e785d-6235-4e2f-a4ef-cce9ec2d9f10	714
6a243385-4fc8-442c-bc78-cbcac750913b	491
6a27bc01-2889-4576-a8b3-7ea8d525512f	986
6a2964a3-3958-4658-a461-76db76f6625c	407
6a342e1f-fdff-4694-959a-e3a69e61badb	281
6a380bdb-ce4b-4a49-89a4-0269840dd266	1070
6a3fdcf1-af66-46e8-a405-815433278128	1045
6a43f89b-7631-49a8-a4e2-a6759c01f242	1019
6a46a66f-4aab-429d-a6b2-6861656a58d3	1038
6a4c6384-d9f6-420e-ae78-67534c9790b4	3427
6a591490-95e9-4340-b4af-6cdaaf47e019	1259
6a664fa6-8804-4bb4-84b8-a93167d3a152	316
6a697d50-f259-4a29-b456-c1fcecc598c3	328
6a721c49-333f-4f8e-9ea0-130a907f5251	2115
6a773c52-9701-46f2-b0ea-161948e63a10	1090
6a816e4d-c873-4bb3-b31f-50e241117da3	1249
6a93afe6-8e9d-4c58-9a45-0591100f176d	1077
6a9b126c-d805-41c9-8925-92e343457e05	1065
6a9d4890-e9fa-4e60-8956-5f39d22ac5a7	2122
6aad0187-3406-4e34-8479-f944ed00700f	808
6aca4a68-e754-47b1-8849-25dc80be3c7c	1052
6acde997-4774-4cce-8b43-711382716ddf	1271
6ad7ff33-5b91-4630-85ed-25a4f23ea214	1069
6adb12f5-74a6-4c3a-981f-2946304baf1b	1168
6adba25e-4e2c-40f7-a1c9-5aa4929449ef	904
6ae3376a-c763-4b7a-8408-e0749fda2f4d	2385
6ae5e241-757a-45de-8fe4-5f7ac0596b77	1059
6af32ec6-83f8-453b-b8e6-db16b7db836b	1079
6af828f7-a6fd-4776-8609-46050ab3521d	490
6affe20a-942a-4370-abde-98de019a63d3	940
6b012fa0-fd12-40ed-bb66-ca156f7aa127	241
6b052abf-5dd1-45a2-b5c7-31431c07a7b9	1691
6b072d9e-82cb-46cc-a184-1295d6965961	1247
6b08ab93-33a9-4e6d-918b-77e1c14db3a5	981
6b0d3ed9-a738-4f6e-919b-f4e49a999690	2459
6b1402e2-a275-421c-9938-131f72b28baf	381
6b17aea0-b3ea-4a66-bc4e-ee426c06776a	983
6b1d30ea-e108-4c3c-84e3-c3a15d765e6c	1194
6b21097c-ffaa-4add-b912-38f86ffdce4a	2172
6b2199ca-a395-4b4c-8696-d2204eb6ad64	1201
6b26f8a1-bc2a-47a0-ab54-0f361b6a034c	491
6b27caf1-8958-45cd-b5d6-5359be84c8d4	1057
6b2aef4d-2d36-44d2-99d1-9cfb23a779a4	1074
6b2b1766-5591-48a7-a3bc-11564df04941	321
6b2d7530-93b8-45b8-840a-80cdd765cdb6	972
6b304d86-4ed4-45c1-b2cc-348f57e5ffb4	1321
6b3acf33-29e9-4d79-8da5-4b85b38ba416	214
6b3f3289-62e9-48de-90fc-24f4bd13dd46	1229
6b3f33c3-4641-4188-a7af-a24c6870da81	2063
6b3f6e69-50d8-4fd2-9b55-6bf44a7c32ce	356
6b3ff32b-9e2d-4b65-8e19-80bb6f3831a4	1091
6b48a9cf-5e97-4091-8fa2-ede7c3b1659f	1042
6b4af0cf-80be-412a-aa3a-ca3e0817f721	999
6b528ede-f374-4b85-bea3-64e865edfc70	1075
6b66ee6f-bf2c-4ee5-b985-f57645fcbda2	872
6b6e060a-63b1-42a0-91bf-34631b3f0025	1079
6b783d98-3eeb-4f09-a428-ed9151548257	1071
6b79c557-2df3-4711-b3da-e4b1db161f69	1083
6b7ee5ff-8d33-42ec-a8f4-dc0559ca01b5	934
6b808ef5-8c9b-419a-b0a8-724b3beae8e3	2133
6b832401-7dc4-47f0-9883-36fdbfe65fe7	1081
6b880650-c670-4a4d-8528-4e6a7d671e0d	1032
6b8c0fd0-2a17-4b9d-b6e5-b969dca5e70e	2145
6b93782c-34f8-4228-9335-e49314b6a91f	1325
6b955d71-a18e-4622-b720-d626c70f447c	1044
6b96feec-1216-468d-98ea-a2e52e0dbbc0	1582
6bb24b2e-d62b-4eda-ae56-1610353fd170	1104
6bb42402-f07a-4f43-8efe-096fa428908a	1069
6bb65908-8466-4cec-b5e6-d99239b07df1	258
6bbc8f32-660d-4b12-8232-9b95a81580f0	306
6bbfb532-59f9-451b-b9bd-809092eec697	370
6bcc6baa-49a2-4761-8126-76a210dfbb00	866
6bf2f76b-31f4-4a0e-b73e-e1094ca28c5d	183
6bf8722a-1197-4b3d-a301-54a5ac5888dc	1391
6bfd3684-0993-4170-adfb-f46cd8a41fd6	1091
6bff0ccb-9c2a-4408-b093-0c04beea2397	1298
6bffdd85-3f29-4b72-8191-7981be941cc3	939
6c0be829-8934-4349-a283-26e0b9cfcca1	1020
6c244382-238f-495c-9d93-8f5cce257fe3	1143
6c250f06-b9cc-4820-ac61-c252b36f2886	208
6c2c199b-4598-4df7-9134-618698a49e3d	2516
6c3148d7-6704-42ce-9689-cc8f515edd01	753
6c3450f4-8efc-4cde-bd37-e8aae8c512eb	1390
6c37d8bf-9385-4b2e-a3b1-9b35b5433c33	1254
6c38f4a0-2a7f-49da-b744-a93f50899580	989
6c48a001-3b6d-4b86-9c5a-f1b4fb265cd9	1535
6c679414-4ad9-4e7f-85f7-3de7d19032d9	480
6c6a3759-ac6d-4f00-9970-e20cf8e07469	2253
6c74b2b6-d0ef-43de-88ea-f674b37be4cd	1069
6c753255-fd0f-4e2f-86e7-e34ceaf035c6	1006
6c7aa44f-0540-46c5-a00c-a2913d4dbc3d	706
6c7f501d-7db7-405d-869c-6cd63d7576cd	263
6c83be40-829b-4a2f-99d8-544362fb6307	1419
6c8dc0e4-38c8-4cbe-924b-9cee7b3bf52b	1074
6c96224f-36f2-4194-92ee-f885675ff8a2	604
6c9fe11b-9431-47b8-8845-6731c027ccc6	1306
6cacc83b-1c51-436a-9ff6-04d90cf3e6ca	1073
6cb4faa9-18bd-4277-8ebf-cd9bb5e07b02	1101
6cbe8392-d663-425f-9e01-66ed19d00a7b	1154
6cbf816d-38a8-4441-843f-0dc3b27534e1	1083
6cd99969-56c0-4b55-88d9-0799e686bbaf	1336
6ced56e0-69f5-4c15-ad3f-5d52445e4b26	2563
6cf20c78-c598-49f5-b762-605579b203a5	1060
6cfc5803-83b5-403b-a073-1db466cecfcf	210
6d034698-3eb4-4935-b97c-c57fdda5e366	985
6d0a0bfb-3af0-4db3-8bd8-634a193eac0d	1377
6d113de5-2055-4cbe-95a6-add3b61a7fd6	1070
6d11d576-4a66-4439-bad5-8247d479a3d8	2659
6d131ffa-1486-4310-8b22-d8738e64e731	1067
6d166af7-af93-4288-82a8-c6e17c40a513	1190
6d18faf8-8a99-44d9-b8c2-0255ef42c142	2860
6d19eb5e-16b3-4936-be49-e97039a3f01d	1071
6d2c1003-7355-4a56-a3cc-8bf17a059ea3	1426
6d2c2f37-56e1-402f-a7ee-4bf66f3618e8	1256
6d378623-8561-4812-903b-bed76afbcef1	1053
6d3a6a37-61a8-4bc1-bb17-ce1cc506e7f8	2246
6d403a54-5832-4878-9702-af63973be503	798
6d4409ad-79b4-45a5-a0df-1ea1ceacb867	1074
6d44456e-89d0-4c35-b94a-4c92b796422a	1120
6d4826c5-fd35-476a-bb3c-529fec5c599a	1380
6d503856-d1eb-41a5-9ba1-eafb71c6e316	1105
6d54374b-82e2-4ae5-945c-919f558027c4	1026
6d5cd94a-7181-4e83-9a8e-239276bcf43b	1017
6d5f0eb7-23cd-41ca-97d4-c136457a77dc	1467
6d69d04f-2257-42fb-a8b2-2bdc6df0442f	972
6d77fb3c-2235-4753-9705-7a59b02dd2d6	1016
6d7a5669-7b49-4eae-b3a5-7ca1d97e4745	1131
6d81c6df-88b2-426e-9b09-8d050ac83593	1055
6d87f84b-675b-4795-b3f1-d77a4df17e91	1446
6d886e7f-eee2-47b2-bef3-fc2db3963057	1069
6d8db360-d1b4-4275-a08b-44ff839fc177	1012
6d938591-cee0-485b-ba13-935114f8ee42	1077
6d9a1526-a8c5-4959-81d2-f74e913f7a45	1248
6da5bfb8-5d9f-4760-a1b9-7e296ea74d99	960
6da75ab2-beaf-4c2d-a2f7-c1ea15cefea8	1067
6da90115-4777-4f84-806a-f2c681fdd5ee	1068
6dac6df5-1f49-4f2b-9da3-f26c7c9a2d1c	1255
6db4dd18-9e3e-48e3-9645-f57270e5df35	1097
6dc1e58d-efd5-4e46-b378-2d3cd5ef02a4	1068
6dc46e29-a233-4b59-8000-f4d46693037e	1086
6dc4b3a3-de0e-4cb7-bd11-913aceefe9e6	1036
6dc4f898-4889-4a50-bd64-208f0d7d687f	307
6dcf2661-86d2-4431-99e6-af94c851d12c	1091
6ddb2ca7-dfbb-41b5-8320-7efb4d21af0b	1093
6ddd1c24-a190-442b-a973-803f4767fa74	1345
6de862bb-1a65-446a-95e4-bf438c2fed01	2152
6dfb4a80-d2b5-48a2-b2a8-9818d6429e68	2329
6dfcfa34-4b2b-44ca-b392-3fa39a2dc241	919
6dfda7d1-7092-4069-997f-8993ab2473bc	1077
6e14a4f5-7376-46cc-97b8-8a62c9843b99	655
6e231119-b232-4257-beae-157526a8f85b	1058
6e2bb7cd-d5ab-40b9-851d-7ecd912105af	728
6e3868e7-7250-45c6-81d0-e69e0683375f	2069
6e3b0268-88d3-461d-b01b-84069073fdc6	1112
6e3b9000-1835-4468-836e-26b3264ebc59	931
6e40f52d-4a28-4e94-843a-58ca2142cd82	405
6e47a495-354e-4d2c-b21e-a4fa654db41d	931
6e51cc83-cb8b-4cb3-bc62-925b9882c71b	817
6e54a09d-76b2-48d2-8c69-72ac32da005b	1064
6e562871-1c9d-448d-ac17-931229f5dffa	886
6e56f5b4-4420-480c-8015-c06bf0aa0ba6	791
6e6999cd-5db2-42f1-a4f3-a8450799a85c	1069
6e6f1904-9614-44c3-95ec-3ec52e3b774a	1321
6e99149f-e860-4c65-af22-c90c97cdb499	1064
6e99f046-6b26-4dda-9685-d0e8748b6e3b	1248
6ebf14e9-1fc4-4753-bbf9-13af8090f86e	913
6ec45c94-7092-4b3c-a168-9bf99cacb38f	1003
6ec8d119-909e-48ae-91c1-c26079263223	1008
6ecd8788-e55e-4e77-bcf2-0d04760fdca1	1050
6ed01ea6-7a4d-4280-b885-b252e85fd7f4	1064
6ed13b5e-635d-41cb-a700-78ccdb7be282	1459
6ed19114-1c1f-4a73-9f99-b42ac1e37ad2	1069
6ed26b7d-e1e1-48e2-9d27-6034e51cd2b8	1295
6ed5655d-8e16-4bd6-9ed4-ba0ac6fb5a0f	1282
6edb6708-24d4-4a61-a8c8-42f81a89fc98	1048
6ee4d261-ad65-40e2-8aa8-b2650fa0069a	1314
6ee52915-7e06-4e46-ba27-5af10d65dc9d	1641
6ee96a6c-8d11-4db4-bbf3-f1564982f21a	1055
6ef3bcd6-e6f3-422a-9e63-c2dd95644475	1244
6ef55d1e-9a26-430e-816a-d3819db74dce	580
6ef58c02-83ca-466b-9848-d0c3dff5703f	1072
6ef63fbc-80a3-4ae0-b9aa-70dfda7657be	2261
6efed326-f87c-4968-8c1e-47d00cd2e783	56
6f13a360-4cbb-4be5-b74d-f57c779f02b6	1048
6f1ab019-8ef0-4702-9278-09b0063bb8bd	262
6f22614e-1c72-4be9-a357-f942c3dbab37	1125
6f2c54ee-5638-4def-bd40-ec7229416a07	939
6f38cc3c-d78d-4a1d-b842-e79af283a256	2280
6f3d9bca-65f4-4257-b0da-a7abb7bfafe4	1123
6f567d13-d1e3-4cd8-8271-aadfad345de0	701
6f5889dd-4def-4938-a283-141951550d2b	575
6f58b1e3-7777-4009-bcc7-955ec28d8468	973
6f5a9586-6c7f-4891-86bd-e998b89feace	554
6f6785c5-acdd-4af2-93be-96bdd75232c7	1103
6f6b231f-1e9b-462f-97b6-4cbe3651792e	1056
6f77f665-4b3a-4a6c-8a15-f86a61fea296	1075
6f84df1c-8cbc-4e39-a50c-1346e53648e0	1454
6f861731-b6ed-4488-b1b9-67cf94769894	1050
6f909696-e024-4990-b3b7-6d780f4d039b	1100
6f9416a9-e700-4fca-8ac4-e0ca58b7af56	1137
6fa446e6-b782-455e-8b9f-e0f6241f5743	1128
6faad834-ff67-4d8c-aa5e-7231870e0677	2848
6fafbbc3-c055-4383-adef-a99714914c29	307
6fb1b653-c0c4-412e-85ad-14e6f19956c9	1117
6fb22050-e5d4-4dff-af6a-336d995c97ed	1083
6fb23794-a652-408f-bb29-68f61b75bc76	744
6fb2b861-09db-43eb-88b4-7ac6b5adf0f1	990
6fbface4-6b2f-43cc-8a4b-e7e3b81e9e16	1081
6fcbc293-95e7-404a-930a-44b289aebe72	1069
6fd6361d-d32e-4479-b55c-f4521e8f0e25	1060
6fd6c1fb-b56c-4a98-92c0-31c4c4305053	1183
6fdd267d-6d84-4f40-b334-657251bc0b6d	1087
6fe518a1-5427-4ed2-8287-e367fc5a3b49	1387
6fe8df9d-33eb-429f-b251-ac37336e11ef	1060
6ff63733-0656-4b25-b8ba-f594d3e8a7cf	315
6ff83135-eb53-46d9-be4f-1816a548876b	1040
6ffaf08c-8731-4d40-ac62-77f28d624043	1056
70016b77-6174-4e0d-bc6c-e0058780a425	2189
7001f208-74c2-4813-ad0f-ff7534f54596	1072
700a5b88-d5c3-4752-b08d-65dace824abc	986
7013fbf7-103d-438e-974c-39bb348065bc	997
70228e2c-ad8c-42d6-bae0-bc545e4deeda	1045
7035a8f7-a3d4-4495-9f13-93376e1c8684	496
7038d37f-91f4-4710-a038-61283d563abe	970
703b054c-7df9-4dd3-bed6-632d575d79ce	258
703bbeeb-cbe6-48ea-911b-d7438a09dcc9	996
703f1dff-8aab-420f-92ab-a7bd6f4f445b	1065
70401e05-6d99-4643-a6be-8592973c38c5	1069
704440f0-d969-43ce-a9d8-9c96b6dbac43	1326
70559079-74bc-4bd6-a382-145c57787888	1019
70582f6f-725e-4f76-a5be-fdb9f483e1bf	1061
7062508b-2ec6-48e9-b1e8-494caaff9b76	1043
7065d780-9da0-4244-9070-9c64422f8e7d	1632
70685639-389b-4875-88d1-dc736bf33b93	1059
706a6a80-bc9b-499b-b98e-b0694fd220fe	1038
706ed796-5bc3-49d9-81ce-61f0afc1e54c	1059
706ed7bc-37a9-44d0-9e35-28bbeede3dec	579
7072295d-2eca-4b3c-8165-f8e39f3c9be2	1059
70818416-d62c-4649-b8fe-5858922310e7	629
70831179-78c1-4884-8616-4332e4db1253	1091
70866ca2-1986-4bf9-a421-951557d33805	406
7092d848-2d8c-4bc5-aedf-884e4c709805	1124
7097e562-d1c9-4c93-9858-78325e9183b3	1038
709d05e2-a381-45b6-a742-21da766d34e2	1093
70ab0703-68e8-48d8-ab93-3d3317042a2b	1126
70b3dc70-15df-4e59-b977-53a0beaf7a20	1246
70c1d22c-d6ec-4bf6-b2c0-4912df085c4d	943
70e75f58-69ef-4a84-925d-ba764dcf2530	1095
70ed820b-956f-4c3c-8d2d-8b867a944ef9	1057
70f97f1f-3d14-464c-b1e3-c9c80ce656a8	976
70ff5705-d96c-4b5b-9d22-fc10f6214d8b	2211
71049e92-346d-4834-a133-80a89030ecc1	1212
71070e16-9d1d-4b55-873a-5095d7ff30a0	1385
710b59d7-5b73-4d26-ad8d-cf512d3c1cc4	705
710dfec6-7a2f-4bc3-8e95-a0f127102a29	1551
711c9e6b-954f-4fab-97c4-4c9bedafdc61	1061
711d993b-9496-4a9f-bd54-8cfb5fde6e28	130
71231ccc-0a10-494c-aa6c-832cc44c7a2b	1381
7128a9e8-b09a-4334-a8c3-f204b8fb6835	1072
712db61f-4f1e-4282-a182-01447e56df14	388
712f3408-ddae-488a-a8df-c1e80287e2f3	1257
712fb02e-d934-4281-913d-1bd32e9a6063	1017
712fe4e3-cbe5-4c4a-8a4b-4462db5c52e0	1226
7133f91d-7cd7-489f-b2b1-5d3f6f294e57	1279
714c1fc9-14ce-45bb-ba41-ca7b91d403b7	1064
71582bfe-6027-496a-af1b-792584af6b46	2146
715ec404-b49a-48c6-befc-d7ed06fbdc49	614
7165de3d-7c27-4ad8-9ec0-75b114bb931f	1061
71674536-82f1-4533-827b-d4c029ed4852	1225
7169eb42-4c6e-4696-b514-468fa4489b9d	1410
717587fe-2a4b-476d-bb17-6804d7931573	1353
71791d41-c50f-4526-919d-693ffca411be	1063
717ac863-dc74-4fa1-ac71-c99574734b0d	1068
717fa694-8e8e-426a-b94f-20e7a7a95db6	1063
7186d195-c3d5-4130-83e9-304bed8c8900	288
718c2db0-ef57-4f56-8000-89e20993c52d	196
7194f974-fc71-4064-9016-efca8e006fef	1380
719a2df2-d9d5-4069-957e-16de86c2ad44	191
719faddf-6acb-4452-83cb-5d9a6cfc5768	534
71ab5950-c0ce-49dd-837c-e65916ac7d8d	1205
71c11f33-8f69-4ef3-8484-788fb9488693	1064
71c50b6a-97d3-49e3-81a7-b4f68c57e494	1071
71d0a906-6a85-43bd-a5f6-597e6f6df99d	427
71d0af06-234a-45ba-bf9d-c9b96ef421c5	1076
71d4cb4b-511f-4936-9508-51e9763c1908	1062
71deefb7-1fa4-4a44-aa6a-a0c4a65a7b10	2277
71e347e4-fe68-45a5-9c60-d95c00037c26	1457
71e96d11-56aa-47df-9cc7-66c00645d716	1060
71eb9d76-0dec-4512-8eee-cb0338d5b1e5	1261
71f39ed2-a970-4bb8-b2f0-86564e2b7d30	1067
71f548f8-77c1-49c1-a8f7-d43691d75075	1077
71fb74cc-83ab-4eb3-aba3-05063c4f0b8c	1058
7207c5e3-f213-49a7-8044-a96c6e24b8d2	1070
7215cc75-9b21-4d3c-b101-8318b8f3257d	987
7219c8ce-01e4-470e-861f-001221b89bb9	1060
721d8781-413a-4968-9d48-ce677e577d23	984
72202fd7-ff43-4e5e-a231-c8f3b4c53d17	1148
72346905-d992-4fec-98f4-93f659de6be8	1114
7235ced5-c29d-4b6e-81b9-49183964812d	568
723ebae4-f88a-4743-9e89-43dad5a880e7	1044
7249fb53-425f-44e2-a5a2-080471fa947c	1413
724e1ea8-5145-4c35-87bf-e902231e73ca	1354
7252379c-a4b2-46a0-a756-229e9b6d2ff4	1061
725aaf8b-4250-4c79-9103-5f9af6376edf	1409
725e0f7d-ec0d-4fc6-afc2-13cf5b588c45	1056
725ebbf1-0649-43b2-8d15-c94bcba1935e	632
72650ce2-0005-492d-8f68-022c86f1bd20	1237
726b547c-e6a9-4150-853c-66d46a55cb48	1363
72736f80-82d3-4e90-ad52-0fc8ff30f23b	999
7276fed9-5f5f-4a0b-a1f4-f1f30c3e281a	1059
72776803-4314-4365-a0ff-deace3e79c22	1168
727acfe5-80b8-466b-bd1f-b457b3c7eae3	1122
728a08ed-09d7-4213-ab51-997c734fccee	1068
728d708c-ce7f-4a56-b0d1-bd8d5d7fbe60	1105
72943c09-8f9f-4ba4-9c9e-294f1003a1a2	1081
729a1f8a-a109-4e90-8555-06f076c8395b	1122
72bc80f8-c84e-41b7-a8a9-ff8d5966d620	307
72c99679-9b2e-43c2-bb17-58e5f4b521e9	1129
72ca4438-4774-4990-8f5b-349401f74ca2	1008
72cb8050-dd4c-4f5e-939c-9f59a57bd190	1066
72d95000-2bec-4b53-817f-9568570bd345	1068
72e4a728-7b94-4425-83ac-2f29b527a0ac	2240
72e87162-0750-4056-ac28-2e486adb2782	571
72eee8ef-8aa1-4db0-beb0-9d670eac7515	1003
72ef1aa9-cade-46cc-9a80-c343fa9c274d	1074
72ff042d-4e90-47fc-af45-8a67042820bc	233
73034bb7-cea3-4f39-9cb1-4b9003ad95fa	993
7304052c-fb56-478d-95ea-dea08aa27d1d	531
730988c8-588e-45e2-9a6f-276fe36afb48	1288
73111225-41d5-4bc0-a956-5016e64676ca	309
731898cb-354c-404f-baa5-2c72a801e24c	1099
731b5065-0641-4eaa-a93e-03c0ead03de6	1249
731e6421-7507-4889-8173-b779dfc0666b	1260
73296cf5-12b1-40e6-8954-ffe50530c0c1	1000
732a8f1d-f46a-43ae-a50f-bbd618b9d88c	1386
732e18e7-e703-4fac-b406-12604928f275	1103
7334132f-697b-4ff6-b1b7-dbdd7262c1cc	1075
7338af0a-7e79-4726-bb8b-10a9d6ce2ed4	1255
7338d147-f812-44e4-9354-47964733a963	1060
733ccc19-f3b4-4d86-9aed-c46154670560	390
734161fb-9dfe-49ca-a23d-ee2f873cd922	1082
734a9d09-7b15-4f4d-80b8-c4b8977d1c24	2525
7353b0f0-da36-491c-bd1a-10f9b9db7adc	2619
735a74b1-3602-4b39-aeeb-1a92ee474ee3	1451
735e9b3e-b6ad-4857-9e93-c65df9e0c612	1070
735f43dd-fe98-45bc-a5de-515538e80a1e	975
73699406-da6a-4916-966f-15933ce33988	1085
736bc570-fc42-4f67-bf16-e5e715b5f2b6	1009
736d8b96-0a2d-488e-80f2-4a2e957b49d3	896
736f3ecf-636a-4a47-9d9f-e69c97dd4baf	621
73751e4f-528c-49a1-8425-fd2f741fb8a8	1119
737570e8-8017-4941-8620-e1596ad5763f	2118
73783e34-746b-4e9e-b294-6446d89e72ae	973
737e93b2-5a75-4adb-9fe4-0c7b11d5c1d1	1243
73838fbd-4783-4d78-8779-5024f5677931	1070
7384a4de-184a-4700-8b07-b32282dd719a	472
73895e9d-abd0-4a62-bea4-b3ffdcccd0c1	1362
738db71b-97f5-4698-a260-163d8f060d90	1739
738e36fb-be1d-416e-8667-ba9fb018b579	1529
73a0a9f1-ff1b-4565-9fcb-fffa691667f6	970
73ae5370-b5b8-4878-a5c4-e2c2939dbffb	1006
73b72678-1587-49cd-9dd2-ebb6b71dd4d9	979
73c1b53a-dea3-4442-ac8d-bf37a2918513	1159
73cca773-0131-40b3-999e-9a618e3d2f5f	2068
73d6399c-4daf-4e15-8343-0d27c49a14a2	943
73d82171-9a3a-408d-873e-590d616a5cf7	1344
73e09579-9ea4-40fe-8635-f39e192e2c8b	1070
73e84df8-47db-4e43-8821-a29f51b5aa7b	1023
73eef260-4fe1-4b6d-8c5d-53a986faf3dd	1143
741139b0-df54-4bb0-a63a-c29ba80ee18a	1068
7417a431-c4ef-4818-bb26-c6414aacd149	1088
741f604c-5b42-4fdd-a5e3-a416190489f5	1076
7421c553-d1ce-4cb1-898d-bf8ed11e16fb	651
742a1876-964f-46c2-8504-176ba652f93b	1070
742ada37-0cfc-416c-9c6c-3a4ac26e5f0a	1137
742c1190-8635-4da1-b6ee-89f3f41189b1	1057
742ddd5a-02d8-4189-ae60-3228b873a4e6	1035
74389514-447c-4484-a087-6d7566919cab	226
743bd33c-90de-459d-a01c-e4cf26dbaec8	1156
743f6242-36d6-4d08-9abd-0808eeabe2bf	1054
744161c3-f477-41f2-9f76-dcfefabd5d79	1334
744aad2e-d540-4914-9cfd-d8835e11ea6f	1038
744fd2fb-4537-4460-9730-473377aebd27	1000
745371eb-99ca-48c6-b75d-8093eb074c1d	1119
745b3fc6-9cec-4096-b392-9a90a64820b3	1094
745dba07-b764-40a0-95f7-665f07d8b784	1197
74665d07-b000-40a1-b286-987656b95204	1065
746b03d1-aa62-4946-b54b-bebb03c97cff	1162
746f003a-abc0-4390-98b7-9d8f2006e2e8	2195
747306ca-38f0-4240-989e-a3ecba1c79c2	178
74730914-3bc5-4a62-9b43-fff54056f4c9	1050
747cb5ef-9525-4438-bdfe-4b61b4132c60	1049
7489b408-8af7-4bf5-b4da-10be22622e57	1425
748fdcb5-3281-4b37-9f01-d822f7e663eb	1065
749cad9b-3570-45e5-b226-736c57ae11ee	2421
74a60179-1b2c-4827-950c-3fcff649f0a5	994
74ab435c-5ccc-4995-b1ee-3439f77a434d	1105
74ac14a8-a57d-432c-9bdb-d59999605629	217
74bd731a-4603-404c-89ba-a9dee683b90b	1215
74c6237c-a0ae-40e5-967c-7748d81101b9	1057
74cc0293-7c79-48b9-9a51-ae232d9157f2	1076
74d36220-6c0d-4c6d-ae72-ae42959005af	1093
74db1b6a-b439-4036-939c-0c45f49dd646	2595
74dd0d38-1624-4055-affc-ac0aab38569e	1154
74de1999-565e-4c70-9c2f-899b89b7608b	238
74df656c-0285-446a-9a93-e74e079adb2f	979
74e56fc1-3f28-43ad-829e-a25bdb87d067	1293
74e77430-61db-4916-872f-b18bdc1f702b	1070
74eef519-ca0a-4bba-aa05-79d59477ce94	1060
74f2b48d-2765-4026-97c6-11c5617d126d	1335
74f7a310-fa44-48d1-9a75-5d76e0830e26	1012
74fa0914-77ee-4bd8-a8c8-fbc56f114430	1256
74fa098b-2520-49f5-89b8-36eddeeb32fc	40898
74fa46f9-925d-49ab-adca-010482b47aa6	1079
751d2ef5-ee41-49c3-87fd-130945e43f9b	2639
75283e08-b3f2-4c74-8b69-5ca6450856b4	1064
753076bc-eed0-4e32-a656-e403b052b441	1368
7530e822-e340-40f3-8cd9-e90fe873bdba	1555
7535ab46-4917-4bff-a26e-b9d2636113ab	1078
7540b06d-571a-47db-963b-f2c5d57f85f7	411
754194ae-120c-4cf5-908b-7db4ad812d9b	999
7542dd7e-9560-49cf-ba4f-1a81bf3e6d46	935
754ca8de-faf2-4eb8-8825-de20a433a96a	1006
754e309d-9b38-4c4e-8672-8b2fcf5704d1	1026
7550e861-99a3-42b6-8b4b-9da51ffe553c	1067
75532a79-d23b-4556-a378-673b051c80f0	1250
7558d82a-f79c-40e4-9bf9-cbee9ef65ab5	721
7566d409-ca6a-4187-831e-aa6790a2466c	657
7577a381-2c33-4246-95f9-80e25ce8db7a	408
7582028b-e62b-40e8-8376-8762780c398b	1330
75838aca-f573-4fdc-ade6-6ce7fad336d7	1015
758a0349-434f-41a1-9f68-064471f55514	1312
75a369f3-fe9f-4a66-b00c-f258264071a5	1085
75a3fea4-0a94-4b35-9ebf-0117e76f80e7	1942
75a4d4cd-e4a2-4f88-aae4-77c6dcd9c33e	1141
75ae3aa9-6ba1-4c28-a17a-ce99a6546bb5	1065
75af2806-8ba5-44b7-9b09-6e11138be7b1	1056
75b100e2-a7f1-4230-8203-b3405283a636	1478
75b33110-7291-47f3-a269-80faf6c5d9fe	1240
75b5cfb0-1fec-4e58-86d6-69ac318a070b	418
75d6debf-3b55-4b70-9265-334ff4ab80c1	832
75df3ac3-7340-4d61-8fea-2c335208072a	1138
75e2fe9b-248b-45e5-bc4e-0c855b487cf2	1057
75e92665-057a-487f-9f76-af75cd196617	1058
75ea18d4-1e2e-4101-bc66-6472cd6935e0	128
75eb0e05-5add-480f-b43b-da281b7441b9	1062
75ed5bd2-1d75-4032-8edc-37911d6cbc7e	957
75efb4d4-0c2b-4c5f-bcbd-b0563b0be344	1342
75f0576f-3870-4bec-9e82-75864a2310fc	2298
75fe2201-a0e8-490d-8c02-f5cf9f761451	1160
7603be2a-ed68-4c8f-8d73-e9be5bd3fabe	2273
760f8ef6-7162-4d52-aac5-e4446a2e65db	1125
76183edc-24a6-4f30-acb9-c655096b0cb3	891
7619569b-2f5c-47b6-9e43-5ff91b8332bf	1012
761b5c3f-4db0-4458-a645-3b2058d5d0da	1048
761dfaf6-948d-4196-b600-6a8ef33306c9	945
762fe4ee-9bce-4424-b368-f48303de05e2	1077
763124de-c984-4f69-a416-f49d5c2b78cf	810
76366101-ab25-49b6-8dbd-d5caabc53f8d	1843
7641fc96-295d-4140-b72b-331116364ee8	1382
764eac35-13d9-4fe9-8a8a-baaf75090546	1432
765773d8-0656-4c31-ac96-d55e69a715f1	686
765b8311-7e3e-4b56-81ba-ef7f51cbcd8d	1091
76680840-13d1-40f5-aeb9-dbc675ce208e	1062
76694dc6-ea59-4e76-b06c-8105c4d4c5f1	1044
766e7ca6-4b4d-4723-bcd8-3e08cb8bff73	1167
76701729-92db-45e6-ae8c-2972f882ba42	1097
7680ff8d-e21f-4860-91e3-a4dec923b8ec	1248
7683550b-bf55-48c6-922a-0e7a17af2825	1057
76937a40-1cc5-448e-94c0-bedb69f743ef	1516
76a21752-1c99-4baf-94f7-c7eeb267eea2	241
76abac01-f43e-4d1a-945e-c1d52345a835	1074
76b031a7-008e-4efd-82fe-e42ca6d0f078	1010
76c10719-6bf4-404c-9a4f-4640726d8d49	996
76c91a7d-afd7-4de6-aee4-043d687b839d	1696
76cd4761-ea76-497b-b775-bea5d3a5d657	1007
76ced0c1-cb5b-4f93-9325-ad6f4c1c07ce	1040
76d44868-fa86-4362-b45b-fb5f122c67ec	1031
76d541fe-645f-4ba7-b73d-bd1a8cbd2944	1004
76d58903-1e87-4448-ac24-ea70f5cb19bd	1058
76df6be6-89b0-428c-b7f8-9091499eb3de	281
76e13f96-730f-4a09-a764-e1c635d5c64d	717
76e365cf-dfa1-4e00-bb91-b36d8f47f514	922
76e8d4af-260b-4eb6-bcbe-4a66408689c7	1440
76eb3d9f-5b5a-4509-a981-5275b5b17b51	1323
76fbbb58-779e-471a-ac1f-afec97557af8	1237
7702b478-6f0f-4a2f-9426-f36d9dd468cb	1061
770a357c-49b8-44ed-8a61-d784878e1cee	1149
770a8d3b-9490-4947-8666-916aa77c71dc	854
7710ef76-a526-4baf-9f0a-1de3854b6d6a	1066
7721d801-f437-4dda-970d-8ad4e159a042	1051
7724f799-23e0-4959-8a2f-8b333155f0fd	1076
77323df5-b0b9-47fb-a5fe-7afcb9e2e03e	1678
77347326-b7b0-493b-82dc-33972922e84d	1528
77426130-251b-4c7a-be57-a0ea9a560a9a	392
7745f04b-a49a-45a3-9f87-789c63931cda	1044
774a8973-f902-4a46-905c-a03f54da6145	2166
7758e89f-626a-48af-a77b-90ee60c1fb37	1071
77600472-ee4d-44eb-8683-447799543764	1210
77600740-fbca-4598-a764-28fcc3d57928	953
776583e6-96d8-4762-a7de-46f562563875	395
776f7d5b-acf3-46a9-b2e1-2b3436e12ddd	1086
7774d290-c595-4779-8725-e312956d4767	1079
7778153c-1281-4019-8fc0-4497bd0c53de	1314
7787fc6c-876d-4736-87aa-cfbf8e7a5ab0	1068
7788ecf1-0d67-4240-b321-269857a670d0	1143
7794bce3-48f1-4f7c-bd6e-094c9a6d4f8d	1077
77952c91-d1df-47f8-873a-789e66e035a0	1084
779bf78e-03bf-4c15-8780-b77a7bdf72a0	1417
779d6d20-a61c-4f43-a7b3-bf51f192fb44	1087
779db92d-f312-462d-8fa4-a10689c8d5d8	887
779f8ac8-ef76-40b7-a0b6-84f0a6a08d7e	1340
779f900f-7b4f-44dd-a20c-89298435f15c	668
77a046d7-89e2-45e4-b116-bd27617dbf70	2160
77a4a0cc-5019-46a5-8137-85c6e7991ac7	1058
77a8337c-de6a-4a29-989e-5bfc7f795689	1052
77aa1fd4-54b3-4760-9aa7-6f1d5f6e6549	359
77b3d724-cadb-4616-b676-a115dea64ab9	3389
77bb8434-51d6-4c77-b215-a357f7bb07cf	1059
77c77b5e-6bbc-4494-b5b9-2304fcd3bba2	262
77c8cace-4485-49fa-b64d-1068ff8ab41d	1454
77d0f027-2bc2-4fb1-b110-2087c2715347	1070
77dbd0a2-3bad-4486-b9a5-2a832d1219c8	1067
77dde6fe-80df-4da0-8166-e2ab4dd5925d	1041
77e1b5e9-b08a-421d-98e5-6a28e4c1f587	276
77e94d22-5926-48ee-87a2-86888268b58e	1091
77efa61e-b2a0-4553-ae62-7263fab3db99	1073
77f1d8ae-fd8f-4e8b-bc04-829b4a79b0fb	781
77f2df95-a3ed-4072-85f7-1a8d86c9cece	57
77f3bcbd-a7d9-48ae-b3f0-85dfbb695c9f	1105
77fe587b-745e-4038-a71f-88e760768171	987
78000cfe-e864-4fcb-ae0a-4711533c27dc	1079
78028d96-bf74-43db-865a-72b2aa017289	427
7819837e-218a-4a55-b38c-444ff918edd2	1085
78261ed9-dabb-49d4-83c7-17751df0485a	1050
78328b7b-3336-4b81-ab78-8ee42b0a21f3	1375
78358f64-5cc5-4f29-b7cc-950a7fe859a0	1292
7846e408-b10f-40ee-84ca-db62f4e26165	1186
784d5467-0ab9-4987-9e91-ecd65770d151	1046
78594f38-690b-4978-9141-402e97a878cd	1075
786b42f0-8f8e-488c-8621-94405e2e4250	1229
787686f6-ff23-415c-b6f0-f78bd17edcdf	1027
787a20e3-8fdb-491d-853c-a574e9182dae	1062
787cff5a-5a5e-441d-b060-db784095dca4	1137
787dadcf-ed69-400d-ae55-a25691e1dfa5	1070
7886aa67-ffe8-474a-966d-cef6aa273823	1044
78a1a9dd-c368-48ee-9944-0a1b6fe1efed	1111
78afbf11-e54a-4d2e-b7f1-ea1eefc0523a	393
78b41ec7-5991-49f3-8ca5-14ad6e79f6ae	1079
78b46a73-d975-45e2-a839-6addc0827918	1070
78ba0b59-89b5-45da-9ecd-91c32836e99f	1021
78c38b5e-382d-4ef2-9229-0debe591e462	1070
78c8cd8d-23fd-4d7e-b7aa-4c3d92c5aeb3	1049
78d3dd62-6f8c-40fc-a442-9f78d0fb2a0e	1300
78d5ea49-d251-46c3-8209-dfe5ab234e40	1250
78eca51e-746b-48a4-ab62-498eca15b165	1426
78f73660-d187-4d55-9858-235871a24ca3	1337
790551fb-ce7d-45e7-b6e6-a3cc2367bb6b	1005
7907d245-70ea-4ce2-8500-0d3551eaca6b	407
7908b419-6a42-44fa-acf1-841b1d5bd5f4	1055
7911c410-f415-40b5-825d-231eff9eb09d	1701
7916d4c5-8532-417b-aa47-545998b2d56c	293
791a3b4c-9674-4bd4-ad21-5e80e8d5daaa	1328
79204e39-ed22-4b2b-8d61-3a20c63bdeee	1089
792a1235-108c-4d49-ac1e-2529a30be6d4	1343
793acd2f-229b-42b8-988c-48c5e77c5268	1063
793f0ada-092e-41b0-96cf-4588c35549ef	276
794d687d-f72c-4246-b6e2-16bf2e3bddde	1072
794edac9-2e69-4226-9128-88992dff3de3	1051
795f4c67-32a8-449d-b77c-1dd543d19b50	1250
7971baa8-f9c3-4328-bfe8-d335b2c05c17	446
79747c40-ed8f-440b-a736-2183b7f5bc86	1071
797698b0-d9ca-437e-9430-8bd49efb904c	1070
797d42a7-8a82-4d6f-8096-44766253d0f5	1023
797f0c05-6acc-4fd5-931b-95920831ca09	1080
7986636a-4b45-4dc0-a74c-74af11742d00	1058
798ad7f7-e46f-42bb-a225-f00090648ac0	1075
798f07f2-0942-4121-8b99-725a64488bc3	1256
79911aad-aefc-4229-9b60-fd2026029d8e	1090
79914873-8b99-4d1e-9f06-dffddb2a9785	1075
79921b6d-8c1d-4adf-8b9d-6f300cb1f557	317
79936b0f-c20e-4b2b-af07-e8a41d113d01	1086
79a49c33-22a2-4b03-b01e-4a8a3cc28a2e	75
79aa4c7e-ba3d-467d-a91a-1a07a7b6128f	1334
79ab1c48-ab3a-4024-9723-24066ef0d866	2205
79abcdba-9f4c-422f-8d3a-259a48708ef4	311
79b0ff6b-1492-42aa-8c13-1f1134ba2d25	1031
79b698e0-a24f-49b3-b835-e48a88997070	1053
79c7d0ed-4985-4bcb-a098-1efbf0c77f9d	1312
79cbd1e8-620a-4914-a0f8-e836986fc30f	284
79cd05a5-c812-408d-b35e-98ec6ef8a8dd	1049
79cda789-1ef1-4e5b-8665-9cbcbe010b17	1073
79d34be6-f30a-4fd9-a1aa-e65877d070c9	1101
79e4e505-e1d1-48b3-971d-583cd8b0e3c7	1247
79e8e4c4-daf3-4830-8770-62b4b2630e0e	1069
79f3957f-22e1-44b0-89d0-9c72aed1188d	1441
79f3a386-dcfc-4954-90b3-36a9fb400987	1057
79fa213d-1e96-4be1-82c4-c37478da4cd8	1244
79fd9ac3-abd1-45f4-a929-a3a4d6c120cb	1053
7a091d64-ea98-4af6-a9fb-ae6a2db255f1	529
7a169e8b-d250-4b7d-b35d-1640ee1f348a	1297
7a181ec3-ed52-46a1-9db3-60222735d404	1155
7a1c113f-6bbe-4567-8c5d-674c47974b08	1071
7a1ce893-8043-4792-93a7-f4da92183db5	1123
7a2239be-752f-4889-9ef0-468db80c1d76	1137
7a390266-3096-4f3c-8ce9-7475189d8740	372
7a39d7cb-c7a8-47a5-a91d-dea2024bf4f9	1223
7a429e67-5880-43bc-a9e4-effe8a9e4500	974
7a4367c4-943b-4e8c-bcaf-6123f0f78a1f	860
7a43f41b-5ac2-44b8-bf8c-269915ef8ed8	1070
7a449a72-d796-4ffb-9089-75ecd9099b0e	2302
7a45856d-505e-410e-82e9-6b4ecdee62e0	1025
7a4e5aed-a4c0-4e94-b8a0-b6cf133e0483	1074
7a5146ca-86e1-4594-a321-9846fdc8e517	1076
7a648310-d711-46a4-b80e-f2d50b8119d4	1017
7a701fd2-cf20-41b2-9028-bc6e85d68354	2410
7a79995a-f372-4789-b98d-5439e7bc25e3	432
7a80113e-9581-4f3f-a95b-cd11bf0494d2	1241
7a85decb-6a78-474d-8513-7dc94aceb509	1248
7a8d5d6b-d20d-497c-8dc6-8d753f50cf6b	1082
7aa4380a-e404-4a25-b7a6-c4bd381a9b8e	1378
7aa96f57-fa5c-4bcf-ac3f-5bd1cafdc591	1002
7aad1762-ea22-4cfb-90b7-54b9ffd76ebc	1334
7ab01256-21a5-4507-988e-21590ef1d5f5	1054
7ab64a02-30b7-4715-9227-9dd1dd64b47e	1037
7ac90c6d-d66b-44be-b946-0e8c6c5c9487	980
7acf0d9b-fae4-4956-b362-18f03115690c	308
7acf6a1b-cee7-46b3-a515-c1b777f94fea	1123
7ad1494f-7d9d-4f22-9924-cf4a9c550914	1071
7ad57d11-3264-4247-bca5-b734bebe4ba9	1040
7ae0fa29-9584-40fd-a918-1c4c4e46b4b1	976
7ae8d43c-3f7e-440b-9178-aae6f1a3030c	1709
7ae9a1a5-9738-4765-a058-e6577b687fc6	997
7aeb3387-f5a6-4efd-893a-b949fdc8f513	2208
7aedfafe-51a0-4400-a01d-0e54203e3546	959
7af32eae-5115-4262-bd95-87e233081c35	1350
7afd705b-5522-4425-b15f-508081931f2d	309
7b067af9-7377-4c51-9e0a-6110335af14e	427
7b1e8315-6016-44b0-af74-bac99558773d	970
7b20a860-23f6-4211-9088-d5ae84e2d496	1068
7b236d0d-9ce5-4d80-ac46-ec78cc1691f3	1342
7b25aefd-0e66-4249-87a4-3da15c90042f	1371
7b2ae25e-6c69-4542-970f-efed2a2307cc	1504
7b359658-8c02-48a5-8e0b-a74ac60497b9	1436
7b35c5e5-f35f-47cb-9168-21a236e7bdfa	1028
7b54f87d-10b5-4c84-9cb6-05fc3dac7d1a	1409
7b57c7b1-effb-48fb-940d-5e91f096006c	1156
7b5b75ff-e46b-410b-9f86-85ffb60726dc	1051
7b6d36b2-cb0c-45b7-b2b7-3705b8dc0e34	1073
7b6e6b97-0494-4bec-95ef-8fb6ba7c88fe	1775
7b7fac55-97b6-4143-8b87-59f31822ab20	1067
7b7ff2d7-6873-4594-a019-4538041b258b	2366
7b84301e-0269-4cb5-8e69-ea7b9c101664	1200
7b8b94da-f741-449e-a0e0-93355ad4c886	1782
7b8efb7b-d5d9-475e-b3d9-0ea77b3f6d37	1059
7b9a7847-e3f1-4ecf-b9d1-23dad4d46f43	1525
7ba083c0-cc77-4032-8c30-07408c0c20eb	1108
7ba49f05-b0de-4051-aaf8-14861388f796	1077
7ba922ec-b18f-410c-b6ef-a2411aad22ae	303
7bc4d1e1-1381-4913-8bf1-ed9be8a049d3	1160
7bcde2d7-3a3f-457c-afa5-198f2f27d6d4	1099
7bd353a5-cc0b-4c94-9847-5e8114261538	1002
7bea25f4-6b41-44de-a6b5-233c25de351c	720
7bf0936b-dde8-4241-9cb8-7a8986090211	1557
7bf2fe90-ab0b-4fec-b6ef-f3ab0a2541a8	763
7bf6d95c-5b37-47b2-aca4-d4d2d6729553	1066
7c0b2687-c8b8-49ac-b33a-c677209448f4	2132
7c0c1156-c581-4def-a05b-f912ff7f149c	1093
7c0f7c99-cd49-45ee-b42b-381a4b8fde1d	483
7c15c8ed-c3a5-4205-ae9f-e48648be4113	1080
7c19632e-b32d-4934-b23e-7f76c7efa85a	947
7c36b125-c4fe-432a-8f07-9f6c48763ffd	1066
7c3fa742-1ca0-4fae-836d-3cc373e4da1d	1100
7c4029b5-6d8f-4d74-820e-69953a6c471b	1065
7c457fe2-a9fa-47c7-836a-201605a20ebf	1080
7c48a7fe-87a9-4f69-9831-7208c28910de	1037
7c4a97ff-fd9d-408b-914d-28c19ed4e339	1036
7c4f7787-71c4-4ab3-98c5-ed0c8421dd6f	1483
7c54e60b-57da-42a3-8119-aa27b7240793	1079
7c55d04c-1f65-47ca-bd79-d31c39f3dc69	384
7c58968f-da88-4170-9082-2a7be7f29d90	1206
7c5c0b04-1f69-4789-b20c-b5c32acf9b3d	1074
7c5d0985-eb60-4b11-a165-956d085a9861	1097
7c66b19c-765f-42f7-8579-4722fa54ca5a	586
7c67f61a-ae72-491d-aeed-e038e24bdc30	1068
7c753b9f-44ca-45f7-89b5-b4579729c4ce	520
7c7658e2-c737-4821-b7cb-36ade6e565ff	986
7c85cfe7-33df-4abe-a945-ebe148fe85ca	999
7c87d982-209e-4dc6-82d2-ddb013f959c0	1053
7c882250-9bae-4fe0-a926-402660b32f94	1082
7c8a88e1-9d08-4e75-869c-df1653829393	1333
7c8be991-2ff0-4624-803d-ac3cddc5d2c5	1532
7c9344f9-f39d-4cd7-8182-86d5a194fe06	1073
7c9a0afa-ce25-46a1-99f2-a582f06c358b	647
7ca5af49-c43d-4798-b6b3-0fc64df18c20	276
7caec8a5-212e-4561-9f9a-0e0df597dde8	313
7cb1f9ba-1f34-4b32-8796-caf5744b2c95	753
7cb470c2-7f8d-4ddb-a1a0-a792ca9139e7	1022
7cb51486-50a9-460d-8974-92e41268312d	1085
7cb72f0a-716f-4f72-9124-a610310d2d2e	1033
7cb7bcac-8367-4f3b-ab12-f6e459faa696	999
7cc81a3a-93ff-469a-a4f4-fd0658149fa0	1076
7ccf4400-724f-4ded-9c75-4f38d3548ad8	1165
7cd6e1d1-f827-40d8-86e6-e73687004828	1262
7ce21bdd-a786-4551-879a-60c1cb9ba274	1136
7ce256c7-c2ba-4e09-ab8c-c7ae7185303e	312
7ce40011-9639-4102-a051-0627bc989c09	1081
7cf84f51-8f6f-43c6-be13-691b18d04250	1021
7d028a76-30f9-4180-af3b-ed0a126e85de	708
7d0a23c5-0b8d-4782-9456-d21e3e57de85	1024
7d0cf45b-266f-4c58-baa5-db11a3033463	1383
7d118d4b-979e-4f33-9a5d-613a8d207eee	2110
7d133470-db39-4e28-bca1-571d2b3e7b22	263
7d226612-0a69-4579-9826-33e2439d9c44	2094
7d25aaa8-dad0-4e15-b04e-864ae8eba7d2	2537
7d36f34a-6420-4474-84a4-3c812bd255ac	308
7d3762e8-3892-4368-b1cf-a34321896172	1082
7d39e1e7-b7a5-468d-a02b-5b21186ff440	1053
7d4dfa31-061e-4595-aa11-54595ec97621	301
7d528e67-7791-4206-bfb3-e1787e154657	355
7d52c059-23e5-4171-b40b-ae1006c89040	1060
7d530daa-d76a-412d-a106-7f0e490069ec	1059
7d659b57-8137-42e8-b3ee-3f94991125e2	1455
7d7a9607-b682-4134-b528-ad374b53c507	1046
7d7a9806-fe85-43f2-806b-66e838c1792b	1073
7d7dedfd-7555-464a-99ed-db2a0565961d	1045
7d8c0c56-73e4-452e-9cda-a56b14982050	372
7d8e15c7-a8a9-42b0-870a-508811844934	793
7d93a4c1-f384-4511-9787-900d4e8e265f	1520
7d9abee1-e573-4fb2-9e98-11a9c6aedf98	1260
7da5439a-6a4c-4502-8e07-135681fc5739	2202
7daa7925-f359-4afa-8736-e82289b0051d	1084
7daf43cb-711a-4c93-aa8d-a3bd793d5a9d	1125
7db9fe11-ca76-424f-9d32-d60614305f84	1076
7dc02ce0-ec0b-4e25-b5ad-d29c2f549fd6	392
7dd87c9a-42b6-4d5d-803e-b9754486c7a4	1044
7de35bb8-9fa4-4e72-8fc7-7f661bb277b5	1222
7dee005f-f74a-4d9a-bb93-bf162eaea355	548
7df3d44e-c34a-47ed-82e6-6c2676eff090	2219
7df7c2d2-dda2-4c2d-a121-ca152d64b17f	1082
7df98385-3870-46f5-9c9d-fa8f0042e161	1249
7dfa9bb6-4cf8-47d0-8038-5e8d8b5e1fa1	856
7e0437de-0c19-401e-9b61-1ebfeeadb425	2481
7e09f672-bdc1-45f6-86ee-c062543399eb	1075
7e0e6d69-a76a-40cf-b47c-245d67d104dd	1049
7e0f456b-a9dc-4773-8549-8d7425f0cab2	173
7e2341c8-7d50-4539-a415-3898fef63b51	1073
7e2417e1-67f6-4ae2-bded-40d4105fbc6d	974
7e275896-edf7-4aae-83a7-f00a1ee73ed9	1044
7e3cf297-2411-4a06-ad0a-b19874c9f752	460
7e3e781c-1319-4567-ae6f-798053a54709	2442
7e3f6c7a-a037-41e5-a883-551d7fead346	833
7e42f7ab-4774-4bc5-8460-4b5ff72f3a8b	1075
7e45271f-e40c-438b-a7bc-4e933172031d	391
7e4cd0d7-58a5-4957-8f47-e67aad6ea5a8	1069
7e4ec72a-1874-4078-b960-5e648c91aa85	693
7e4fda4c-7948-49bf-a7c4-14881a803ed5	2160
7e5b366b-972b-431c-ae32-f99f5b74e673	419
7e61d34c-64c0-40ba-9059-ae7475a201af	1117
7e63c32b-1157-44b3-a1a4-f9c7d1bc4524	2274
7e66407e-e059-4a34-8a6c-7f246e284d9f	999
7e69c6ab-3d43-43c3-99fc-404c9e52c790	2102
7e746467-a724-41bf-83c3-1a3a5f0c0d03	308
7e7ade28-8201-489d-be17-fdd3bccb8c2c	1204
7e7bd7e7-10f8-4aa3-a832-3462e65542c8	1093
7e82a6f9-3561-4287-952c-87a7cd37ee7b	1008
7e853463-07d3-496e-a7f8-319449f82931	1242
7e937e8d-2a34-417f-8fc3-17184375d815	475
7eb2c352-7e30-413c-aa9f-a09d987acc18	1547
7eb308fe-863b-499f-abea-95388a6e07b3	1075
7ebaba22-d3f4-4f99-bd17-a14e01f4934f	1033
7ebdbbde-2c60-4df9-8f6d-40ef1077ca29	1257
7edcaf0b-1b57-4798-b874-8688a00a06a9	1243
7ee0de6a-0857-4ab5-91b9-687b3aad4a08	1253
7ef155dd-afce-441c-8427-31bbb9a14149	1007
7ef7254d-7694-4b92-824d-c936521c740d	1241
7ef80fbd-9277-4be4-be6a-a2cc39c9915f	260
7f071a08-6b2e-42c8-947f-a38cea235343	314
7f08aa5f-499c-43ba-b549-e10fd780d98c	1085
7f226a68-548a-46d9-851d-e64f7a214b36	1065
7f44ef17-582a-4fac-9f74-99b9cae27603	1121
7f454b09-d341-43dd-abef-98c12d395a74	1269
7f46f423-9884-49d4-b6b7-f5f37dcdac77	1423
7f484e58-703b-40a6-8f7e-a6edb32df218	1436
7f586f99-da37-4625-9150-8261bbdf5aa1	1071
7f5921d4-332a-477d-8d88-f3cc1dd42722	981
7f5d4988-2e94-4119-8440-877b59e7c8ff	971
7f6ba595-b762-4547-a0fe-6565e72b480b	1020
7f784131-be07-4362-97ab-fbf2610df385	1071
7f902dd0-becb-4762-a3ba-a0ffb384a57b	1820
7f95d71e-9c36-4f6d-bf25-f233bc3f6179	1034
7f99eeec-78ad-400a-871a-d5c5d340133c	3542
7f9df094-55c5-42b9-ab8d-80e4c93d392d	1143
7facc6c5-07e9-43f1-988b-51e22a3b8b0b	994
7fb7f15f-f766-4b04-b23a-4bcaca72e448	1047
7fb9bbd7-7732-4445-93e9-4c2b05cb4063	821
7fbbedb6-a5b4-4171-bfe0-84cde9bc8800	233
7fbfeb51-1b12-45b2-9147-9e51601deab3	1060
7fc95047-c1af-443f-9443-9870a8a0df0c	1010
7fcff11c-8a84-4b0a-a0a2-c99b3393c17a	1043
7fd66a8e-122e-4039-b938-e0af8e105efd	892
7fe66a39-660f-49a1-a29e-e836907e8f28	1072
7fe700cc-2208-4693-8eb2-ee42f41ab64a	1074
7fee85e4-e6e8-47da-a04e-4df9114d0aa8	1008
7ffc32bf-0b13-4483-83c6-ff4915ddcb71	1024
7ffdbfad-4572-4357-a025-02979f53b6ef	1251
80100cff-c472-42f1-9ee2-2d7e00045fe4	969
8019fc65-d3fa-4587-8b95-d82abd5e8ff4	1071
80275ae2-255b-4bce-aa12-cdb17a156a0a	1021
802acf3a-953a-4551-995a-d85de42972b6	2125
802e4d03-aadb-4212-b850-cb837f1d9849	307
80466b77-d24a-4c04-a089-6dfb9435d5ce	1937
804ae493-fe44-4c09-852f-fbccb2c46de4	534
8057486d-6a80-48c4-a43c-20b4de455a1c	1031
8062af40-6651-4309-aba8-c58cd27f20f2	791
80762a78-d6a5-4ca7-81d3-e4141ff86915	2451
807ba8b3-3ca6-452b-81c2-cda1685a2fbe	231
807be476-1f55-4dcb-bfce-af956c9d026c	219
80897a20-41a7-4a2d-95f6-9b330cd57973	314
808e13df-49a9-478f-b48a-73b688de8166	1036
808f2752-5316-49c9-99d4-a4da07e654d5	1115
808f9077-1a71-4a96-9208-d37c733f06ca	1198
80910ba8-b756-4142-904b-7cd855673c3b	941
8095c97a-2455-4829-ba4c-7930411e7f96	1202
80977978-c0db-46db-ba1d-f40342168d1b	1451
80a4c713-7e1e-4f2e-b52e-3e5aa1fd7c74	1018
80a564e3-6526-47bb-a058-f24f7cb970af	988
80a6412b-2465-433c-a8d0-4b9e08036b98	927
80a8a6f6-8294-4805-be36-9f3990ebbba3	1339
80a8dc61-94e6-48b3-b9f7-7c72d0d5e885	1213
80aa9cd2-ea5a-490a-bb5d-36b7a1fffb0e	244
80b28d39-86f7-4e68-8bd8-947c2d5521a7	1026
80b9bbf1-62f2-4a6f-95c0-7833a4df9624	1302
80c32e05-f8c8-4df3-922a-d21815886136	1367
80cfbd8e-0cc2-4b27-b20b-b4b78b31b8cc	709
80d6a9ef-6a94-42be-9d08-9bf1436bcf27	1055
80d96707-76ea-4a6a-b77c-0b8b5d9a6c12	851
80dcc714-59c8-4923-9e79-da3b748d73ab	1090
80e7ccca-4931-477d-bbae-fe16c848178e	1124
80eb0048-5ee1-47aa-8dcd-b62e0e7a9577	2264
80f516c2-f71f-49d0-9bdb-1d830ee31387	1067
80f897d1-1c0e-40f5-962b-8208e5cafe30	1127
8113ca3f-4ac3-4e36-a811-a7287c6ce950	971
81332f9e-7274-4a17-b9ad-fed2cb86b331	1092
813d83d0-78c3-4ea7-adc7-97f36eb96331	58
814887f0-4323-40ec-91b6-4f6fad83b33b	54
8156a56e-acab-421d-91d1-cd8bc452df8b	1134
815a31b1-ee81-452e-a27c-79af6638fdf7	1218
815a7902-3b63-4cae-935e-1ec5b6ab7428	1256
815b0753-a74f-4cda-8941-5f80dda7bfb5	1330
816769c5-ab27-48c0-acdb-522e580c2413	1062
8169286e-bc4e-4e52-aa5e-c63414f23028	1526
81739370-4da8-4b37-8317-7af462322b95	1031
8175718d-129d-48ed-be65-a7fdfc7ad5e7	1096
817be1fb-f165-4ce0-8779-dc8e5afbc02a	1727
817dbc95-693c-42cf-bff4-f187352c3c35	948
818b4f8c-ea4e-4e1e-b236-4fa58056237b	1036
818eecfe-24f6-4b54-acc2-8660343a7e08	1573
8192f9b5-976e-40b2-b795-0e0a00fa08c0	1230
8193af86-f235-4195-a8fd-506c7fa68bfd	1053
81951519-5284-4317-843a-e08dc2bea0a7	1377
819c11ed-460b-45e4-9379-5709e5e845fb	1290
819f9c14-e4f8-4b68-949b-d76be6f95f2a	1087
81a0e7ff-2c43-4d48-8903-7738f38d5e18	371
81a6d9e8-0a81-4405-863d-db689e5cf507	892
81ade44a-e33d-4fc8-a9e4-0c00cfdced2f	410
81b1f901-2e07-4f3b-91d8-8a65019de613	971
81c441de-77de-4952-b00f-53aa5cc8cdb6	1048
81c48804-20ed-473d-97ea-8c119c1047ca	1183
81c8b87f-9ea3-4922-b00b-6d1713902d11	1091
81cd50cc-23f8-4632-a01c-d34f3e481611	11011
81d22d7f-fda1-4650-b63c-39b38bd819e6	1047
81d2937b-952c-4104-8eee-3a6ed0da0230	1071
81d31b3a-a3bd-46c8-a13f-df466decadc0	1029
81da1328-f0ee-4fb9-91b8-6cba0c811fe2	1065
81db3c38-519e-4a65-aab0-227afec3f72a	1066
81fdbcd3-2793-4f97-bd2d-7d70a33f3741	231
821543a8-b572-4164-b4bf-28d05b47b341	286
821d8356-2ede-4ce8-9ac2-8b0f1058dbf5	1020
821f518d-be95-46aa-a35d-8dc5e60708a9	310
8220fe7f-d6a7-4b62-aa5a-3d213d9bbf97	202
82218cf5-559c-4a92-b0aa-b8c6ba88b8e7	1042
822cd787-6de1-43aa-aa1d-90775fe0b953	1114
82317df7-4aaa-48f9-ad24-bc7a4cbca49a	991
8236d573-6397-45b3-ba9b-0fd164c01b3b	995
823a10e7-a818-4d65-a333-136484065d92	2445
823fb867-3cab-4702-8580-fb5eef15a3d2	1051
82485d35-7511-4178-beb5-b47694758a42	1125
824aa844-12df-4236-a0f1-49a3ecad3308	1045
8254e745-2d64-4f11-98d6-0e89a2aba59c	2596
82637701-26bd-418c-a872-4064adc081eb	1101
8263dfc2-d9fa-4fe0-86e3-467819229211	989
82660416-43a3-42c3-b3b0-545d9edd08de	1045
8267e5b4-0721-484c-972e-78d4835c0c33	403
826e7d2f-a1fb-4792-acf5-309bb350b55b	383
827b7a2e-95c7-4507-b6cd-85df26d216f4	1064
827ba5e5-7aea-4bef-a9ab-9d893a7032b6	1083
828ad2a4-9fa7-4953-a1b9-a02c226110d9	470
828f0b7a-729b-4056-8959-350f8cce9931	1048
8299789e-b8a7-46c4-a1d9-075e8d791cce	1375
8299e3d7-95db-47bf-940d-551b331b38b9	890
829be2ae-6071-4f0e-a25a-3a65d3d69bf3	996
829c66df-468e-4fd0-af7f-226247761af5	1105
82a3e37e-4e0a-48a4-8a1e-9072d694b71e	2121
82adfa44-0a8a-4d09-bb4c-80886fb8a173	2133
82b31352-9944-4909-8f80-b9fdb262a567	992
82b3b9ed-3f80-49d4-9bbe-2273a1da0835	936
82bb6e55-ca89-42f5-b314-c1631f3c9bdf	1139
82c05c14-7065-4202-87e6-b602c70012a9	1022
82c27ed2-40d8-4895-8fbc-9df3f9a90a21	1306
82c35b5a-658d-4246-a2a8-312d518138bc	1076
82e020f1-0fd6-4f99-b15c-b561a6a78ed9	1154
82e1a916-1d54-474f-8e0f-5b8dabc3ca16	190
82e2cb77-2c00-4602-82ba-78f05de15ce6	1043
82e947eb-aedb-4357-9149-6d7173a87f22	1065
82eb6686-c785-4eec-893d-1c335530dd4a	1240
82f31eb1-c7e6-4b60-b7ad-503affcd01cd	1070
82f74bb2-ca37-417f-abef-cd96f3c786df	1082
830595b5-ed92-43da-b361-02ef694e7a17	903
8308efaa-eacd-4e44-9cd0-2a75207a47d6	1064
830a20f4-c82a-43ba-805c-c3ad76303dd3	1068
830a4bf8-3193-4040-b112-1bfd68bf861b	620
830d7c41-f8d7-4f77-828d-efeecc0e02b7	1067
831acfa6-ba85-47d6-87c1-94d2b4bc0f71	1318
831d523f-6c84-4b9d-813b-21980e321b6f	1066
832b5ca4-d25e-430b-8e65-f0178e77075a	2193
832d85fb-0ff8-4560-aeea-527e1f1044fe	145
83335b4b-6ab6-4d63-9b87-17755590408a	372
833a7da7-16e3-41b0-b459-ff583c21f0d9	1076
8341a964-80ec-4f8b-b5fc-57ebea2b8cad	1130
8341b700-ae6d-4689-b32f-c6cfc3bc114d	1030
8345212e-59f0-4a91-a1aa-ff7863628cbd	1045
834624c4-ee9f-45ff-a62a-23d86485b6f0	1241
8354547d-d9df-4f65-8463-61d0b08a75f8	2327
835e755c-d14b-4467-a859-9a4f5ad2e507	1044
836c9525-9c14-43cc-a560-166af28cedbc	2087
83731ec4-e293-4b79-a10b-4ed3d80e61d5	852
837dcc80-5391-450c-b685-ff44e6a796c1	573
837f18ef-407c-4100-ab14-9bc55dac7f8b	1060
837fb0fe-6c78-4cf4-8652-b6d324b7964e	1116
8382f10d-278e-4c2a-9298-26c83ea81f72	1036
839a4cc7-fbd3-4e38-9d8c-38444efcd7ec	1313
839e5a21-4a07-4695-9e59-d122710aae5b	1313
839ee890-89fc-4069-96a1-7fa70bb578bb	407
83b2f749-a694-4606-b09d-4d994bc9fad2	1219
83b5512a-9273-4696-bc27-0e0325249b19	1072
83ba8b66-7ea9-464d-b4de-a875661e43be	988
83c90c06-2b9b-4481-8bea-2e37ec60a54e	535
83cbc4ae-5104-4398-adf2-e37a8ebf4152	965
83cccb54-0d9b-4fad-98c5-e197325f185a	2312
83cf539e-1bb0-4232-87dd-42651de2f600	1030
83d29c25-fa93-44e7-b50e-510f4643af59	1422
83d5c2ff-623f-4ea1-8a69-570e84ccd1a2	847
83d6c05e-35ef-46d9-81ab-6d0f3d761d47	1070
83d9cfe8-b667-40f2-8592-e7050c3f6a30	1168
83db6928-4c55-4fd8-aa9f-4136a5ea17f8	2134
83e7a018-b7c0-43ec-8749-e3ad7ec2fbbd	1036
83f27e36-729a-4340-b2a9-c85cdc1d4864	1072
83f53459-8750-40f9-8e52-6931efe8fa90	1052
8407dc8d-7254-48d6-92f2-256ee14e8ba6	1122
84153a65-1d02-4662-8c19-9ec0976122ea	1084
8415f1de-8ee5-4675-b2f3-1a537cc6cf4d	1096
841f4a7a-94a9-4d0d-8979-cff6c3de39f6	1260
841f6dbb-a846-4296-a0e9-42be5f30b720	2205
84274227-14d4-4555-82f0-4cbd55b7ef83	1111
84292719-5ade-4664-b6a4-37c62eb486b8	641
8447627c-3151-4812-879f-e40eb787c4fd	1291
8448f77c-32c3-439c-a7be-c4c80c880b12	1214
844b686f-5d73-4388-ade8-0cafc01a1a42	162
845804d5-0472-4112-acbf-f56e72e98556	1492
84615a41-aed9-4b2e-899e-33f917fe3a08	1543
846592c3-61d4-4bec-9364-b928dc229019	1080
8466296a-7d56-43a6-8d91-b6cedb4bd748	409
8466cc09-76f8-42e6-bf04-f4cb3c0ccbf3	1033
846cf621-aa52-4b43-bcc8-67ee25f1c716	1622
847109e1-80b7-4eb7-8c51-0bd843d54def	388
8472f4ad-3042-416b-8b8c-65e71dee9508	1316
847b7902-d907-4816-8e05-f1f6b51df1c6	1066
847d8be4-19f2-4475-aba1-26dc0124bb41	1090
848d139d-78e0-4fa5-8a5a-ceaea56f24d3	1070
848fa4df-126f-4652-b493-5ce035f7bf29	1016
84971ab2-617d-4f9e-ae23-76ad7849b1fd	1043
849bc69e-f80e-40e0-be11-11cb80576e4f	792
849ca3f8-7998-4009-89b2-cfce715bad53	1052
84ab798f-40fa-4c50-a5e1-25335871c15b	1121
84b6e423-a7c6-41ad-8a5b-3d6cba055c4f	1241
84b7987f-e990-4a29-9031-546a937ee3ba	1076
84c88149-d7da-4d53-8092-5b3c6a8e2eba	1232
84c9e5a8-fdc0-4e6d-9433-c0ada8950d10	1038
84cdea56-ef70-4ae6-a6f1-e5443b4d6b65	1150
84d0a588-3647-4076-893c-b419e71aeac5	1004
84d1e460-a6d9-4d75-a391-544790425c4a	1118
84da580a-3c67-45a9-bfe1-eef67a4f4bed	1049
84dae3d7-9030-4600-ad79-585ece150bb0	975
84db3afb-2b11-4205-bc7c-066aa4fc1c84	1116
84e6d05b-19ae-4ec4-8a59-d18996f19226	1330
84e71164-44ea-44fc-849c-b09c244b7d5e	335
84f098dc-ec3d-4f9c-9db3-497bc41b9d01	889
84f30937-afc5-4cda-9b9f-dc7ccd433ae4	327
84f7fbf3-157d-4577-bf94-2968dd151af2	1014
84f8e746-b42d-4eae-a0fd-ea02d6a760db	987
84f9be48-4ee6-4b5b-ac0c-e8305f32009f	1055
8504e0cf-da57-4b46-a00b-0e2aff5d8bda	1010
8510a37a-be82-473c-a72c-6ec451ff83c4	1071
85127385-17e5-4cd2-b355-b664620f6fb9	699
851cd204-80db-48d4-96d1-f8eb7e4f4388	1094
852cfc57-4abc-488e-bb84-270c90933251	1208
852e0ec5-8601-4398-beb2-00cbab9be397	1022
85450075-cd6e-4efa-9e14-92494219bf77	175
854dd74e-b3b1-4373-9025-53f324ae6c89	1106
85578e78-52f9-4ff6-aa9d-994e12eee6f3	224
855a507e-a347-4b3a-80c9-dc2cdcfc6138	405
855b3245-2a6e-4393-b3b9-b262361e6f38	1082
856091ef-5cf4-49b5-84a6-2d01ce63a1c8	1121
8568c8ed-1f08-4209-9983-74a6bda2c6fd	283
856dd76d-97ca-4122-be51-3185ddfa18a2	1114
856f1cf0-50d8-4913-a5ba-81330476dabb	1067
856f6bd8-861c-49f9-9698-89f982546d6d	1050
857778f6-fce5-48eb-a446-0d18747cfac1	1074
8578e74a-3bd1-472b-8bc4-6a1e85e173ad	1066
85869ad9-4ee5-4711-b00c-5647ceb8558c	314
858797c7-5aa8-428c-8ec6-682a6d62f6de	1067
859b74ee-c690-47ff-8e60-807b2f59eb9d	397
85a7afd8-3c98-457e-84ee-a1a1457c7b57	974
85acac2d-23c0-4402-9ea0-bcaa40d109e5	866
85b7924f-0bea-4e62-8956-fa884620499a	888
85b83bf8-66e3-4dcd-a857-092c2f6dea99	1099
85bc03cd-b0ff-4255-b3b6-3f9ca5999138	1327
85beb41d-1608-48df-b30b-c90b541cd865	974
85bfd03b-4e60-444d-be2a-7c8923d374d6	936
85c21bc8-88fc-4fd8-89cb-5c0ca66bd3a4	1066
85c790b5-fd81-49a0-8389-7a20bfcea09b	986
85d0a7ea-429a-47dc-b944-76f329e84a47	1092
85d32945-9ba6-491e-9c6a-9ece380daed5	505
85db3a6b-adfb-4387-8adb-16564b2493d0	368
85dd9da4-dfe5-4aa6-a923-75c9c7dcaa96	1142
85e41b6f-5f38-4ec6-96bb-2557f8c311fd	500
85ea22b5-a383-4854-a1b5-93dcf133034f	1033
85ec0f53-9cd5-4eb7-9abf-d236dbb9b3d9	1368
85edf2c9-d3fe-4108-a6c4-9c3618a9b36b	1020
85f1250c-ea33-457c-8ee4-b4209da17c36	185
85fc9b8c-32be-4d06-aa46-8beffec6d05b	1061
85fcc278-601a-4786-aea1-d17c107a9d3d	813
85fe4cee-61fe-4bb5-8c07-34e33dcec0ac	1083
85ffddee-ea94-460b-aa21-5387e9edc30c	1221
860706a8-8fd1-42a2-b55a-95924e159c0e	1066
860a6557-05a8-4d84-86fa-5dbc3da39e80	2987
860ae0bf-b59d-4906-915c-0893a47dead8	2264
861d96ca-d0f7-4959-b0e6-a1f8c84d0c59	993
862073fe-0a3c-451a-b473-9f9ec87f480f	1076
8625191d-808d-4768-b880-cca3819fdacc	1031
862b7c03-a1bf-4a4d-8556-00b7e687272a	1062
862c04e0-3314-405c-80bd-9d3801bce087	1090
862f3c7e-4851-489c-87b5-7caff3242a53	982
8632060d-2ea3-40d5-937b-e067f3d3ca70	969
8635722b-717b-4e15-a33a-d829d9110e2f	1050
8637bd9b-783c-40fe-8d3b-c8e399b88322	1088
8638b96e-d64c-433b-bad0-843299000b3a	1055
8643522d-eea0-4246-ada2-b40a10dd50c1	995
8646323a-9b69-4ccc-b3d6-aff5f3658812	1106
86475047-8417-4e3c-a99b-e2d868d3d781	1000
864bb2d9-e7e7-4c05-a0ae-50f3bcf5e091	1010
864f4171-fb77-4ec4-acde-c8f608c5fc46	1096
8656fe4e-b50a-41dc-ad53-17a5892f1853	1295
865714fd-5f0b-492d-87fb-d98ecd2d5d83	308
865df791-3238-4225-9757-2b4b53653416	1050
86601db2-311f-4ebf-9344-1c4231d66a18	1029
8661103c-cad4-43cb-b40b-8442956d67a1	863
86641076-5149-45a5-8bda-5df35ad02f51	1011
8670523d-50c5-4269-873c-c01669bc5bd2	246
8677a5c6-d84b-45e7-84c8-06cad7dba715	54
867fb6bf-b325-4712-bb85-e2d3d3cfd02e	1071
86810731-4ca1-4b0d-acf5-bac603db9edd	2266
868433a2-6155-4270-8872-21fe43ebd5db	1611
86896458-2a46-4ccd-96ff-12524833c3c7	1435
868dae51-2939-4a39-926e-835ee0ccb9e1	1000
86904a7f-e6f0-4308-972a-ea52175e02f2	1289
86981cb4-9084-46c0-bcd1-7e53edfddf48	260
869ad589-01f3-4a85-bb78-844345e08e16	1070
869bf28b-0071-4820-b9ad-43d04199b34f	1095
86a56242-775f-4c16-b621-a422acf4a86f	1068
86a8a70f-e37f-40ad-8b8e-c824ea63b066	482
86aa4a0d-ae11-463e-bc78-862c34355bb9	1235
86b49485-4034-4214-8371-04286158b8c9	1136
86bf40e8-93b5-4041-ac5a-a624e82f4615	1070
86c0e587-f590-4cc2-9bec-0cd802cf0915	1071
86cf8b1e-c56f-4b97-b164-bb6290439a1e	1257
86d2711d-6138-46f8-b883-17fd6321a39d	1066
86d96dda-4015-4bd9-bfae-45bcabf5def8	1288
86dd262a-3ac8-45b2-a158-927150192133	1054
86dd4cf7-e3c4-4191-b4b3-5a60f1e25d86	302
86def046-9769-442d-9ceb-63f3da54a0bf	1068
86e0ce59-162f-45cc-8aa2-c2de8173f800	405
86efb981-a078-4097-a0ff-181abd04dfc8	1254
86f31ca2-74f3-4939-8f60-e92698ed9de5	1116
86f3f4ae-aa7e-4226-bb91-92be815d2b99	1089
86f5264b-7608-44ca-8972-36f68ee4eeab	1250
86f9a08b-763f-4ce8-9070-025fa13e0986	1462
86fda0f7-56bf-49cc-913d-04d7938db123	307
8703a991-331b-498b-836d-d2028c7ab4f6	801
870754bc-e94f-48df-84a6-0532b387f910	1044
870b501f-0c98-45b6-90ee-a782f7ce6991	1221
87130135-015e-454b-ae6f-f55e44f7d296	1229
87141a8d-eb2f-420b-8141-679f408db584	403
8716964c-2ba1-4345-ab41-f74d0b363576	982
87250f91-6e35-4441-9c01-a398ee2ba2ac	1084
872e4a69-cd3d-4aac-b54b-8d04d3b6f26b	2104
873a6033-3785-4660-a3cf-ac28f43ac3e6	1031
874cae2e-84c1-469b-b8a1-6428a5919086	1218
87573dca-fd2f-4ae8-93b7-5da037d328c1	1080
875f3ff8-09db-4a12-9164-e47b3f4703fc	1073
8762deff-933c-4a04-b453-17d14e8d32e4	1060
87658390-75fe-4391-ae3b-70645ddad06d	1066
8767dc77-319f-4928-ab94-0c899e396926	1070
87681178-ab66-42e0-bf7e-ecd316b68c78	1066
876ac755-2c18-40d8-8ba3-83cf85d5eb34	1009
876ba514-682b-4571-8902-1f01d68c74b9	1101
8770f73d-96cc-4b0b-a65d-d384e1b8ef08	1150
87772052-2413-4ff3-881e-218bc59adc73	2289
8778dd56-6a7b-4675-9350-ac049839aaac	2329
877c2f33-bc69-46ef-8ffb-efd4d3d3e38c	1068
87822916-3fe8-4245-bbd0-1d0d1527e6b1	1296
87857d45-5007-4b9c-a2e1-7f179bf9cbbb	1222
878b0717-4c32-44ae-ba62-1b45d2ebedb0	1249
8796578d-3ac8-401d-9362-0d72ffd98af6	1337
8799270c-6a96-4a38-8bb7-b2b68a85f1e7	910
879ab1a2-4d04-4df0-b1ee-41e32f32bc1f	420
879ba1ef-bb54-4c45-a5ae-e5166f9ac7f5	1067
87a67893-145f-4629-b563-ed7d3412513f	1329
87b64f9a-8e11-43dd-b26a-db0e3eb88123	1068
87b6ccca-0e6d-4c96-a9a0-9f7e8c1341c0	1058
87b70020-73ea-4527-bdc7-8090c8cf3b98	998
87bcdd01-fdf5-46d3-97de-427697fadd21	1026
87c642eb-add4-4dbd-9be8-82df4e381426	1127
87ced88a-8bcc-4062-9717-0f18b47c1345	1844
87d7a4f9-182c-4cc9-bfaa-852eb3280b1c	386
87d80832-ce50-462f-a933-96804547156c	969
87da922f-dcab-40d4-884f-ca8fffd713c3	1126
87daa940-7ffd-420b-8a2c-dd02999e2e6d	1069
87dcad92-4f43-4c29-bae2-c9b27a892aae	1401
87e05b3b-f20f-47b8-8ed2-48976f9cbfb0	1115
87f2a4e9-207e-4bf6-8435-ffa4700f7ea1	1020
87fa7e2c-c935-456d-bd6d-a9746e288e5b	1069
87fe4fd0-31f4-4a48-8971-daed7efb684e	1078
88164e6e-07b4-4781-b87c-e892b5ff2793	1045
8817233d-4df7-4d65-89e8-830d634c921d	1067
8822db86-e70b-4691-8c19-9a4efec00c76	1297
88274e7d-55a6-4f73-b5fe-85f107bec77c	1094
88281aa5-0748-4068-ad0a-6f540c15b0d1	989
882aea00-b321-4107-9447-a40ac48ef2cd	1071
88355ac4-0a63-429a-9347-fc80be548b60	1107
88395651-ba5f-4a4e-9481-e08bfbaa6c45	537
883da652-e43e-4384-b3cd-3bd3bfb759e7	1139
8841c771-0b40-4aae-9562-613cf5757f0e	1072
8849d384-6db0-417b-9ed8-984abe8ef6ab	1051
884d44c9-47e4-41a4-90a0-42026d94f4e4	2233
8854f3a7-1606-4000-9ae2-3e8f7c6aa12e	1244
885ce2eb-7a0c-495a-a35b-57668703c6cf	770
885e3f90-a48e-40be-a693-89e5da6a9c1e	153
8868050c-8738-4463-bc24-fdd69f2e6e82	55
886a04dc-32c2-4aaa-b9da-27c1696d4d74	991
88750138-067b-404a-ab07-635e917fe41e	1477
888a6098-e6b0-403f-9682-7a683d76bbbb	1238
8896735c-c816-4fde-b219-34021f9b293e	235
8899829d-1a36-4f2f-8f26-855e861518e9	1373
889ffdd3-c3fb-402c-ae1e-ced8602c85a3	1648
88a170dd-ee58-49b9-8bd4-9f742c79ad40	2137
88a361e0-5a96-4174-bf8e-0085e6727b96	894
88a50de2-da75-422e-ac79-f6f4dfcc2404	2258
88ae0cb8-72be-4393-b2a2-15e0f87db613	779
88be4a7a-281d-4b6f-b275-5614a9e8ebe4	1005
88c711be-5f53-4ce4-8c76-6b0fb344929e	619
88cc8bb6-38dd-4c7e-a899-a9c3127a2f50	1082
88d213d3-a371-4c6b-9c2b-2d7b66d43138	1080
88d304bc-5b3f-48c0-a60a-5aa92e45b6d0	1126
88d563db-4e4c-4de5-9502-e371659885d7	359
88dc05e4-d069-4bf2-8bf6-8981809f1113	1015
88e66cc2-ab6b-4904-ae1d-23c288bb8596	1062
88ece393-ccb7-474c-ab31-48e686464a55	1080
88ee0b21-4ce7-4dd0-b2c6-6aaf512485dd	1702
88f78370-ffc9-4487-9e89-007e44497b2e	903
88f80d6f-fccc-4866-a28b-c88c65aa2657	1062
88fbbf5e-29c6-4fcc-9050-c966f1712518	456
88ffd2f3-696b-4c1d-9dd6-2958a1b395d8	1010
8907e904-bf9c-483e-8088-2d8660b1bdea	2082
890c4a3c-88d2-4ed6-b1ec-afdd8323e809	1454
8912b29c-507f-4656-b681-d646dd702567	998
891593b9-9756-40ca-9611-26bac07fac4a	1245
892112dd-7a4e-46b1-b96b-fdaddc418d37	1043
8928fb95-548e-4acf-b049-e2d0a9b5ecd8	975
8939b1f8-f424-4a44-b782-90c3678beeee	381
893c6d21-9e09-466c-9fb9-19786486495d	346
893eb491-f5b7-4605-a8e7-ff4b119647fa	1075
894db3a3-992e-4365-a6ad-65f49bbba4bb	1057
894dbff4-ef0a-44d1-9ad7-7c47e4a81cb8	404
894e338d-5a19-42d1-a84d-28dc6dfd2bed	924
895a6f4c-70f0-49b1-83b3-9d61e250eb17	1071
895ae6ca-5dc8-4c12-b56a-6b2b914f20a5	792
89664f56-e250-4fb7-8d71-d115fac60048	313
8967168a-ade1-4745-8747-21e66281a101	1049
89718fe6-0541-4111-b75c-98249ab8aaa3	1057
897a6556-3b83-48e7-922f-a1f02d38586b	1137
897be343-1683-438d-a31f-2dd30a93e78b	1049
897e243c-b696-4170-b429-21194f8a418a	2257
89931abc-df88-4169-bb50-48d89b247334	1480
8994780b-2b0b-417b-aec5-bea73cce1ee8	2115
899a181e-2fe3-4ef6-9def-8af8a58980c4	1030
89a219ab-79cd-4520-aa9a-b16a06d15098	1088
89a32def-18e9-4d79-b1ca-896dc3bd0bd4	969
89a5adb5-542c-44fe-99bd-8bca6fb6be42	1458
89aba24e-20eb-4578-89a4-965ecfc63c12	1076
89b1e7d8-d317-40d0-8104-ce4f659df97f	983
89b523ad-ce4c-4ebd-8070-1b68ba898fec	404
89b5cf86-b560-4f9d-b98d-e7e945cc79aa	1055
89b8a45e-139a-40eb-92be-669be0019765	449
89c343cc-96e5-40d7-8172-d018bcf65579	1141
89c996c6-d23e-4423-b548-b43fcbeca8ff	1068
89cc1f3c-9650-4e28-9902-933dc616f572	1140
89d1a0c1-8d5d-4625-9afa-d5c748c66c36	980
89d67640-2e8a-49dd-b462-e844a7cfed7d	1081
89d79581-ada2-4bfe-bf51-d9e25b4cd6af	1190
89da01db-7a27-4654-ba87-d84c7fbef1b8	1289
89e6b4c4-6056-4c5f-bcac-a0621963d7c2	222
89e84174-0689-48cc-8ca4-190e450f1f26	1117
89f24636-5006-40fa-abbe-9435a024492f	1067
89f7c2a0-2317-4a89-acec-d9a58aa9b448	2750
89fd5e2c-bffe-4f52-9a6c-9cbbf9b1601d	1127
8a004c71-defe-49c4-a696-316c5f6d137f	2283
8a049883-da0f-4c00-af9c-22956eebaad9	1041
8a0ab3bd-f680-441a-89f3-f4a5554bd7dd	510
8a0bbc65-8530-49d3-94ef-fa63a860c5e7	1068
8a1242a3-78a3-4dbc-a247-e935b214051d	1210
8a247400-b052-4bce-9d3a-514d9d2ac310	1737
8a2b8cd4-daaa-4a7f-98aa-fdc999b5eb7c	1162
8a3b2d11-4b68-4e0e-b3fc-96e3a3f384a8	1243
8a3e7454-0586-4c38-bf56-6d0ab3df1c9c	1248
8a4280ee-b466-4fa2-b9b4-be0335cb1b5a	363
8a457d9d-3604-45ea-adcd-0841354b802e	1165
8a45e3c5-04c1-4964-9b8f-ba23e140e083	1027
8a4a9a37-897f-41a9-bca1-ef3678c3dbb2	1258
8a4ac3d6-cfde-4703-8cd4-2ef44e45efa0	1070
8a5299e9-1e55-450a-9a2d-151b02b2e1d5	326
8a6159f2-ee69-4211-b8c2-785774888908	501
8a615d93-b4c9-437c-924f-20b167a37ed6	1069
8a73afa1-8a4d-4741-a122-b8edebe0db04	1074
8a83dbf7-bb03-4732-a058-5191f11749e2	1138
8a863f81-3659-4c19-9607-9278489cd312	1070
8a884407-2dcd-40a1-860f-ebe2dbc9ef72	1376
8a96bf1a-8c4f-4f88-a675-bcce9d843205	1158
8a9f2d47-a2a8-4e76-9f33-da44084dc443	1039
8aa4272a-f4b9-4654-ada6-212ae80762d8	997
8aac8902-a214-47dc-bb8c-ab034172e86d	1074
8ab273ad-7cdc-4e48-b463-5d02f1e9766b	1244
8ada3249-e616-43cd-8b11-3ac250c31d2b	1321
8add8736-3011-437e-b365-1e0e1a518fc5	296
8ae9c01a-a115-469e-93b3-b93523a41ae5	534
8af3151b-bd59-45ef-9049-64c67724f27e	484
8af84654-58ff-414d-9ff8-457cb6f8de94	409
8afa722f-8b9a-45bb-be5b-24258bb60607	1052
8b091e3e-746d-455a-a6f9-9c179ff81c71	207
8b1a818a-0578-4937-b698-7b34f1032ad1	1106
8b1ef773-6995-4d04-a063-8d2e577c95c7	1226
8b2bed2b-6785-4444-84eb-5dfd876bbd59	2196
8b30d995-cb30-4b54-ba97-5a4c536e4d75	801
8b32496c-6974-404d-b981-82747fd15991	404
8b32bf41-cf3f-4322-9d5c-b6f2acfa6144	1066
8b34a3ff-85bd-4e40-ba91-b430317d326e	1090
8b3c0206-1089-4c46-aa3d-0f6f131d4b96	244
8b446f31-85d3-4ba1-89aa-023477e2b4d0	1075
8b492657-2c3b-45aa-8415-711a2e62c07f	938
8b4db6c2-974f-4edb-b842-932c1049d8c5	2590
8b570956-05b9-4cd3-875b-0c68c5013dba	1104
8b574959-2c42-4167-a82b-1da30c814101	995
8b5fa785-fdfc-4730-a56c-fd7faf1915b6	1068
8b624c5d-f112-49c6-9504-61bda67df666	1412
8b66120a-b0c5-436d-b8c3-a2f8e9ce35d1	2312
8b6b31ad-7be1-480e-a990-d0235310b4a3	1270
8b76d2f2-b9e2-4bd4-a596-f0fce37bea9b	1122
8b776ba3-c4be-4891-847d-eea95244cf8f	908
8b7ce469-1e8a-4afd-9dfd-d03475ddd5c3	1048
8b837a34-1c30-4be9-84e2-102859847fc2	257
8b8667f0-b072-4341-abdb-7843516e5e0c	945
8b88bf9d-72b2-406d-ab83-38de048eab5f	1255
8b8f2fcf-2885-4366-bcc7-a820b49db5cd	1076
8b97ff31-9649-45c9-9742-6c1767d763fa	1059
8ba0397c-ee94-4240-a047-99ddabe8d50b	556
8baeb39c-cebc-426b-b968-1d033223417c	1126
8bcb35ca-3595-4107-8783-54c0621c2188	1068
8bd2c276-4ee2-47bb-ae94-4925c5c51899	374
8bd6abeb-841a-4987-a513-15b9851a21c1	1374
8bea120a-3c77-483d-ab32-f5552ed49db2	972
8bff62f2-a8aa-4cb2-8e0e-aaf69e27f14c	2324
8c04fb7d-8d9b-49c3-8869-48082db488ed	2114
8c0894d8-cca7-4f6b-9662-5e218177d038	1059
8c10f545-5d34-44e7-b89e-0b5c60f14e84	1050
8c1cb4a6-d854-4392-946d-780f720c71a9	1080
8c1fbf07-05a2-40d4-a4dc-3c37d12e3b81	1055
8c2f082e-4a21-406e-9f8d-2edc191ecc64	1003
8c327839-9d69-4aa1-a734-2782687b974a	1276
8c392981-5a68-4ead-8bff-b4a9e18fceea	1087
8c4228d7-100d-4de9-b4f9-bdfca9026307	3245
8c4724ee-fb18-4540-92f8-72798db55afa	1077
8c4f3716-2ea1-438c-9c01-ee4969c03a14	524
8c4f753e-195c-4747-9496-06518e082baf	1074
8c5ad954-50de-4759-a17c-7b7e6ed006c0	1403
8c5d5088-3641-479f-a1bc-fbaef58bb021	313
8c5dac12-5820-4bdc-884d-9f49e77ba834	964
8c5f7e9b-fc05-4d52-a438-4d0bba6115ba	327
8c6ab79b-6ae3-457b-b1ec-7fb127abc326	968
8c7b4f96-0da8-455d-81a3-d93316822d6c	1040
8c7f868b-cc0a-4198-9b0b-04fd8e2f0b60	1004
8c8b7405-a021-4b74-97ff-d7fed64ac9f0	2357
8c8cb5d6-65bc-4c7c-8a71-84acf421b2d0	942
8c8f8e7f-7be8-4794-96f7-abad5d38552c	434
8ca08a70-cbe9-4b1d-9fc9-e08cb387a929	1112
8ca144f5-3fde-4f62-8e98-435420fa9708	2167
8ca17b66-6084-419f-8fa7-06080a582218	1582
8ca1b03f-152f-4f34-9810-f623231f9049	1139
8ca3af05-3807-4e11-aa60-b16f38bcb228	1015
8ca576c0-d682-4850-b00f-9cc9210dad86	1112
8caa1167-2733-4d76-afb1-2943ee85ffdb	979
8caba179-de29-4978-93b7-d4fde6f36134	1090
8cb28711-54e9-41fe-8382-71ed16a0b712	1067
8cb6240e-8db3-4ef5-9e82-4f184ba92c0e	1752
8cb63eb1-0501-42d7-b386-759b0893f6bf	1250
8ccb042d-63da-458c-af1c-b448c29613ae	834
8cd42c56-9c3c-4461-ac33-ccfeb6955d0e	1061
8cdcc110-c7f1-4148-9004-d62bcea9ba33	2075
8cea2407-b247-4eb0-820e-23e2e2dfa272	2450
8ceeb0c3-7c36-400f-a20a-b3c1d0ad1fed	1155
8cf5b9c6-9eee-418d-a2c7-62c6a3f9baca	2318
8cfaacdd-934b-4ed2-b9d9-f7d723373a1e	1304
8d001759-e3b8-419c-bccb-c4f564d64ad9	998
8d0381b3-44b9-43ac-a747-c536d6e1f383	926
8d05bc4b-3493-437a-89c8-0a790f020c5c	1386
8d0ce094-882b-414f-9729-2a82ff878e6c	264
8d1051eb-21eb-49ac-a9f4-4ab474c0e153	2012
8d1b1823-6914-4c6b-bb88-ed862c8013b5	1161
8d22b02d-62d1-490b-9ca6-b9bd069cd949	2749
8d22bc9d-106e-46b0-b168-a89c5a24da16	1048
8d22dd89-468c-4aa4-9bca-5d92af09b672	1089
8d28f18c-25b6-4a48-8d90-2262c1cca8c5	1037
8d29d311-6ee7-4bde-8390-34c51b8b8649	2211
8d2f841f-5886-42cf-84e6-b0bec0c594fa	3459
8d33876c-89b9-42bb-9afb-8364c90791a8	575
8d383c24-a37c-4338-8e75-a0c103ae4e4c	1007
8d408363-2513-406a-8da4-ce555b4aec8c	87
8d49821a-4e7a-47e3-b16f-8cc6a55f1abd	1131
8d4e944a-7352-4e6a-ac45-1dbc56f728a6	1375
8d57256b-ab92-4197-ab3b-0fe1043f246b	1147
8d6f2fbb-b989-41fe-8d6c-8b28820ee09d	505
8d79a01a-d771-4181-893a-64d9c9fa648d	998
8d882d8a-e02f-4c5f-bbfd-1996168e1e30	1068
8d88ed02-ac4a-4dd9-b0bd-e55a0ecebc92	1245
8d8f1e60-febf-4391-96f1-40e0a3b58cbc	1073
8d95706d-6fb0-4704-ad85-8de43113849f	1051
8d95a040-1329-4ca1-89dc-c9019bf3672a	860
8da5715b-f092-4feb-be88-f0c10c479175	2138
8da6657f-465e-4c1e-9629-c53252ac1ab0	1075
8da88957-fc91-435e-ba5f-e1edd6cd9f83	1025
8dac5e2c-0a25-4d24-bba1-1dcf30bd58be	1067
8daeaded-e277-4aae-9cd9-f92d28d1ffac	677
8daf701e-c6da-456c-9c4d-f410575c5ee6	2681
8db00adc-111f-40fb-94d4-f02acfdfe6d4	2174
8db83516-3754-4977-a224-03b812c8c6ec	1433
8dbc1014-951a-49fb-bb02-72747ff1c6f9	1059
8dc2c7e8-b32f-49e9-99b0-d8d5580cf028	935
8dc54644-d7b2-476b-b856-2f8a550385e3	928
8dc8c962-edfd-4c89-8169-f80ecaf8df7b	1114
8dd208b4-87a7-4899-b323-1a86fee61d36	244
8dd22939-cf9e-4222-ac84-5ee6cdc8e9d9	1019
8dd55ca7-2981-428b-932f-920814cba2d7	1125
8dd78804-e3fd-4a9c-875c-265ffcd9d619	480
8df252cb-075c-497f-9870-fff38dbb6ced	983
8df63193-5f0d-4355-98c3-8bd08ad8cd10	977
8df8f786-1d4c-4729-b8ef-a0ccb47db695	1062
8df90303-0b56-42c5-b7be-5d9db08885d0	1055
8dfcb24b-eba2-499f-ad7b-abd1378e14f0	1076
8e016217-89a0-4372-a63f-226553b2b4fa	373
8e09fd15-cce5-4570-b7af-6feab1944a59	1018
8e0dcf9e-adf7-4863-8eaa-5d23a0a9856e	2263
8e153545-01c7-44e7-a801-2351b1f2e171	376
8e241c50-9b46-4c19-bf32-d04121cb4802	1254
8e2cdd79-b941-4f2f-b9d2-db64de3e2b1b	1030
8e2e75cc-7bc4-4f76-bc59-92743b53001b	1067
8e36ec26-be4c-4094-99bf-7fc63a5596d8	1371
8e5331ad-e713-45a7-8963-f99d13f17a46	1258
8e5ff4cf-42cb-434a-a300-753438c06d70	1066
8e616789-18fb-475d-a4be-aa3213a0b49c	2452
8e63be7e-dfc2-4816-be9e-71f0bdfe6336	403
8e64be91-64e2-437f-ad1f-062d97bcee06	1247
8e711a3e-541b-4139-a7be-abb171b878a0	1035
8e797d93-e937-4e5e-8715-5f9eaf156cc1	1082
8e894d3e-b36b-47e6-a4f2-dd314f882ffb	1232
8e945994-15c6-44c7-8dee-06397714e78d	1124
8e950743-cc55-49fa-9714-c7a464929f54	151
8e9c21d4-fcc2-429f-a398-f6bec4eb0d7b	476
8e9fc2a5-697a-42e9-acf5-f3e36edc7f73	1350
8ea390a4-54b9-49be-8b98-0c4deca557b1	1041
8ea576a7-2604-4d5f-816e-81668d3678f7	2293
8eac5321-4d29-4c6c-8468-ff7a08acb894	1168
8eb95a00-3519-4c77-90d4-e64cb8ca3565	989
8ebadbea-ffbf-4214-bf0f-2e6bd42afad9	2244
8ec216cf-3f3f-47c6-8f52-d42734216b3f	1130
8ec6dc9f-5caf-4674-bbbf-dcb1e9fc3f2c	1182
8ec83725-241e-4633-9718-a06941d772fb	1292
8ec9d64d-bec0-4c57-b4e6-9bad807c97e2	1392
8ecd029b-fa4e-4978-bc4c-54c5c77fd07d	1055
8ecdd4bf-9499-4252-abd2-8fdd6a605099	1074
8ed738cb-dccc-436b-9490-f56d638f393d	502
8eda82fa-f82e-4744-9079-b6bffeba8dec	482
8edb5bdb-e08f-4d96-90c1-cf48d8f02c51	1249
8ee2e926-1435-4aa9-9c40-dd640247ce0d	1078
8eecfdbb-9052-4e98-8392-04ddf40f831c	236
8ef31452-50e9-49d7-988a-a947f33fe15a	1071
8ef374df-2d3a-495c-bab4-586cf5d8c7d0	1069
8ef87e1a-9f7b-4b8b-ad21-861fc4888e91	1058
8f1b9686-efd0-4917-9f8d-c53f85d7c015	1319
8f28cfbd-d06c-4730-b53a-f5e1469d8d8c	1294
8f2fc1bd-47cd-4c9c-b67f-d06f5a0b074d	1077
8f33554d-d508-4fbf-aca3-6b3ef99ff082	1068
8f3581e2-9d9e-4111-b524-f61aca81380a	590
8f361fac-1ccf-4896-92fd-8ff957347c2f	1092
8f3f2d54-3d40-474a-b225-0e17dd52628b	311
8f41ff4b-27e8-441a-b039-cd264e83bb87	1246
8f4204d1-010a-4ba1-be69-2cdd37208a41	973
8f45f454-8f7e-4857-9043-eb73aa391b0e	1317
8f4c9545-9268-4db9-8e67-a9f7c2d64e7f	987
8f5715f7-f1e7-4389-9089-3de93f4ee02a	2092
8f5fedb1-7429-4ead-ac37-d35c9726c4ad	1235
8f68057e-1617-4604-9fe9-a20e0c25762f	1038
8f75fa56-9b9a-436d-884c-28dee8421a77	622
8f764173-cd12-4da5-937f-945e97621ffc	1068
8f77ea01-badb-4448-8ca2-e72ae2ededc4	1503
8f7927d7-049a-425e-97e5-3ba62d1ebb62	1004
8f7cd5c5-11c4-4ca1-8a45-cf8e5d813e13	2287
8f81a8e0-38c0-46e2-b063-0368c9c10762	1045
8f823b74-668e-4d26-9dad-40394a688252	1037
8f8535ec-bd2e-4a27-9a54-7132300db741	1495
8f911906-cc2e-4be7-a301-aed891b76e24	6551
8f9a7ddd-d0ae-455d-b4cf-82050d12f873	999
8fa012cd-bd19-43e1-a877-dec0bb0577fe	1097
8faf4c33-1660-4a33-b79b-9a1a2fe10942	1072
8fafe16a-100c-4329-bd09-814b25c4d5ab	2153
8fb29974-c65a-438f-8ee6-d2d141e59f2d	331
8fb6fcac-051b-4e8e-b83e-e6faca5d10dc	1392
8fb9402c-f7b1-4eba-99fc-ab2914b7a214	1356
8fc7ffc5-87d5-49c0-b4dc-eb1556713c8b	1018
8fc8c4c6-6117-435d-a633-70f0fb00b99a	1197
8fce141b-f9e3-420b-acfb-b7960b334ec7	1072
8fd2a72e-dc78-4538-a6ed-30c0a7b8367e	978
8ff35e9e-4192-4724-9f7f-7b7cb9b289b0	1413
8ff40e02-fd03-4e4c-bcc0-ebc442db5860	1065
8ffb0af5-21b9-4dae-a884-f13a2668f31d	1063
90087df1-b471-4520-b1ae-13a19f73b10c	1240
900b7d9c-d37a-4033-b420-aa3ef7c993c4	299
900e175e-b279-4f17-b7fd-661ef04ab7ba	1008
900f4dfd-15f7-4917-a99a-b9f3b39bb73a	2141
901169ce-3144-4a61-9dc9-aa7577ca528e	1260
902d178f-54ef-456f-9951-e42f03f47bf0	1002
903c5863-15e7-4a69-89df-7cbe24624802	1083
903eeaee-1e89-4b0e-b5ce-3ae3c3dbef2e	210
904c60eb-ab53-4e32-97de-9b0eb7f206c3	1365
904d3115-aeaf-4577-90a5-0014eef1cc99	1057
9050dfd0-e254-488e-afce-33fc784aec79	1394
9051f9d5-7107-4ffb-b726-4e2df43e6a9f	883
9055b792-f0dc-43a2-a4be-746b4df8a00f	358
905abacd-ffb7-425a-8b76-654d1aec7254	1269
905bf631-e462-443a-8684-3eddcbd49077	986
9060b490-efb8-4966-8b0d-61caca24d4bf	3424
906c292c-2ca1-426c-ae8e-a78797397c34	1093
908185b8-4602-4f97-9ca2-dd6c59aa32fc	709
90862288-8cf3-47d8-8105-2e1e8780aab5	1474
9091b22f-ea58-4f87-8c79-f317ff71f177	1061
9095f8dd-1687-4869-896d-16d762245c83	690
909776a7-fa00-45f9-8ab1-819ca89c6e09	202
90a3f6ff-42b7-4717-869e-a079885c2a0e	1062
90a8ba13-2e11-4ae6-9dbb-d29415183992	775
90aa41f2-a35a-4ace-9d4c-839613de86a4	1720
90c1a34e-4496-49c9-9e54-04e891153b93	1041
90d63ed0-d927-4e7f-a3e7-00b8400735d4	1050
90df7961-0639-4352-ab5c-964cc349da48	1226
90e15deb-5976-4763-a48f-c843e6953637	1128
90fa6e78-7469-4f4f-a91c-1066b0426174	1061
90faee0e-d3c6-41c1-b0da-42adb7b1d9de	1760
90ff8c33-f599-457d-be13-8026e81070cb	1117
91218c67-ad68-47ed-a336-cd0cce601991	1353
91282c14-cf3d-4097-a806-c1e3f6c21c9d	576
912d5051-b0b5-4d1d-8edd-57e0425e7c40	1123
91336423-b8cf-4fec-8ac2-1fdc3619ffb8	1647
913f4ff8-77de-42e4-9edf-d7aee0dcd650	2048
914993ce-da09-4598-a1c8-8135cd33a5e7	405
915841d7-dfe6-4fe8-95c1-35b14446a832	1749
9160404c-3878-4a04-b3ec-1ee444ef566d	1074
916640a2-351c-4f87-9fa2-31d40e1b7766	987
916a15d4-7978-4041-ad22-6cfd9c1d08ee	1087
91738c81-7894-4912-81d2-9eefcc15ec7d	1149
91762f46-83e2-4c0d-b432-a9984e70218d	1083
917776b2-4cfe-4224-8235-62efeba97bd7	1077
9187ab36-3564-436d-a427-bf235a6d5394	613
9189a0b7-6df8-4e8f-821d-714cded35d2c	1070
918c689d-e203-4fac-99a4-cc4f0818e4d5	1356
918ed993-465e-4c8a-9d69-a4eb12a19172	1075
919f6ed9-30ed-4954-afaa-2a0007769795	1066
91a315ac-b09d-4dae-b9bd-244c4b1e1619	1559
91b6b3d2-6d43-4af0-b7a1-570b643dada9	1083
91b9a732-adc7-4629-be43-b595c06e1826	1094
91bd2f33-ebe4-4e4d-9def-3ed0d1875334	1859
91c5600b-030b-42e7-bb1a-667300893a17	1089
91c6c2ca-786b-41b1-b70d-adaa0b9c49f1	1063
91cfd5a7-c797-44ec-b33d-83781a8e02a4	1034
91dbe09a-75bf-492f-8991-04e1b487d934	343
91dcc893-659e-4680-9094-981406fc8acc	748
91e69a5a-0060-499b-b692-f53a756dbffd	1009
91f1f83e-ced7-4307-9268-3a8c55963c1b	1097
91f502c9-3dd8-4cce-9018-ad594515f30f	1434
91face83-4582-4bbe-866a-fbcfff30f981	234
92006e86-923f-483d-a867-80ec6e5ac793	1732
920c5cf3-ebcf-4a89-a137-20f5985552fb	1054
921f9722-31c3-4822-9e00-a4b707e35bd3	2139
922776c8-1f57-43d1-9e6e-60bb719a3c96	1053
922986a7-8bf7-4f76-b8b6-3b0c756cbeee	435
922ff0fb-52cd-464d-baec-0a6f3ec60bab	1071
92353130-071e-48ea-9e4c-7dd02992c237	1676
923dfc95-fea3-4317-b440-f9bc3493accb	1412
92423aa0-72e8-48ce-8617-0df01af41146	1044
9243d5bd-d943-4a31-a3fc-7bc7d24fe386	1233
92466465-d858-483c-a463-049b96375083	1072
9249eea2-2df1-48df-85dd-ec514a87bf98	981
925a0c0f-c852-497e-840e-214198a102e8	2374
925cb36b-7041-458e-a5ad-452f9333de1b	1363
9264aa0c-f3be-48a7-ac5e-55533ae6f880	1222
927aeedd-d235-4ac9-b8d9-8e4c88591191	568
927d0be9-2173-43c5-b1a2-df026fcc21e8	1071
9292d01a-9e9f-40fa-8048-2d7c29364775	1292
929315cb-8a4a-4b5a-b118-33f036be50de	1067
92933586-50fe-4553-b08d-3269d1e800b2	1239
9296c98a-8439-4d17-97eb-733e705fd7b2	1030
9299c887-a3e8-477b-bc6b-f5649f45fb28	1072
92a31ccf-e1f0-4748-b8b0-e334fef962d8	1014
92ace942-3691-407b-be43-21bae86cfe01	1076
92b501c0-84fc-434e-b64a-69bc7d6baa2a	812
92b556d5-f6aa-4cad-8e68-770d8e617c8a	1046
92c51ae5-199e-4621-b87a-5d950e5cabe2	1059
92c98d86-baca-4b7f-9e15-e15dac4feeb1	1191
92d6531f-528b-4dfc-873e-00e59cd3486a	1086
92d84d4c-f2bb-4fd0-992a-157595c48843	225
92db6145-059a-4044-8ef1-d26069a2dfa8	1093
92dfdccb-b015-40b6-a68d-f896a5324338	2376
92e54b51-edb4-43c1-8aa7-03ecd4f97cd6	1202
92f61c72-de24-47b1-8be7-56803434d563	356
92f6f2c7-8a72-42e6-9803-bac5e03653de	1091
93010891-4d65-4bac-bf10-4f1d3a1b0d2c	1039
930e449d-2111-444c-a27b-e0e5dbd14341	995
93175a82-4687-4ce6-8435-530634a92177	2270
93196f56-6ea9-4299-ae1d-7c3a57331252	1517
9326ae33-59eb-4d85-9733-3d346546a670	961
9339e1f6-b289-40dc-981c-38d70904171a	1125
933cfdf8-88fd-4a7b-ab6c-1b515e39a24f	1020
933d13c4-1c65-4400-8d37-40c2c4affe20	1018
933f8c8c-952a-4a7e-8f07-508c13850f67	973
93445de9-40db-4272-a325-7ff5e1d2b6c3	2213
9345c9f3-ab5c-4ab3-ba43-a87e84a570ea	636
934c89dc-3907-4ad4-8db9-d25c0ab43f6f	3142
934e4464-18b5-480b-8b77-ecd79023df20	1049
9359c8ca-f96a-4a05-8a55-b0392b41cbf8	1059
935c7b6a-f1b2-4d8d-8de4-fe94ce924980	1262
9363b1e7-9c12-4aa0-94bb-1eb6face152e	1032
93645c7a-540c-40fd-9901-4ad0e341aaa3	1064
937f4b91-5c92-48b6-b7a7-357e5966f9dd	1075
938451fb-f016-4772-b775-6a82b2f73fcb	760
93863c0a-da2b-4993-82fc-2966d17eeb91	1581
938f7c14-223d-45c9-b8ed-8fbdbeb5383d	1063
938fd94b-cba5-4091-8cc9-512de10b98cc	1093
9390cb21-a628-4535-aa6b-57ffe35ee643	1096
939290b5-0b6b-4d7c-9d6a-921f8faf3c5e	1070
939538e7-3172-4411-bf64-43e4a39c265b	1082
93a0d38f-3dc2-416f-ba5e-d4745ca359aa	1093
93a8329c-473e-4b8c-8144-1cc6fb95bbe2	696
93bc34cf-7d11-485d-9d1d-0270ff2e0036	246
93be9ac0-548e-4553-9152-496e4e9ccad3	2454
93bf3fe8-dea3-4407-8c9b-d6a1937e5bd5	494
93c66124-448f-471e-8b35-65f22bd4b3cf	404
93cd8645-4741-4c05-a3a0-b96332ef6aa7	1082
93df18bf-92e7-4717-a006-78b208840c99	1368
93e1c473-bf01-4e0e-a83d-221a14bc07a0	1239
93f2141d-72df-4594-8732-1ff2ddeae86f	1010
93f23adf-cd2d-4e99-ada7-9c6d53ba3bfe	1391
93f2b02f-b551-4397-abfb-5fc6502e01ec	2055
9406768b-79fc-49d2-8788-d501d5a5b0a5	2276
940725aa-4543-466e-98fa-fd05dba35607	1082
94130453-d350-409f-8f28-e57e1bc1a2fc	1236
9413d1e9-ece3-4e36-a946-edd9247d2089	560
9413d40b-0237-4f71-8d32-8aa04c316bb0	1102
9416956e-c131-4a7a-9f32-1d3c9f50d03e	1305
941e8c5b-3ddb-4f31-99ad-cd724717934f	654
941eda8e-a35d-4532-81f8-5640baeefb51	2149
942027e5-7cc3-4802-9f17-f521bbc69c68	1317
94219957-f61a-46c4-8797-eab50415e94a	987
9438f55a-bd83-4ac1-a227-c75176228ac2	1066
945a5839-9c0e-4389-b219-adb69d2f1811	364
945d7819-b72c-4a38-87b7-1e4551ac3df4	370
945db873-9e23-47a3-8816-377d8389d3ec	1057
945dca87-fbfe-42ed-96d4-41ffbbc04f00	1085
94637d6e-f0f6-48ed-b819-304522bc6763	989
946b2c61-5600-4d6f-a49e-8df983ba9740	1053
946d2215-c488-4f47-8f4d-73c1b4babaa3	1000
94791e60-8f5a-49e2-9dc1-3cb5189d00ce	1064
947eceeb-7a41-4f18-b91e-26844a22d9b9	682
94811734-5d28-4fa5-ae19-d8fbf182ad46	1023
948ea7e7-25ea-4fc5-afc7-bf8179e7b432	1237
9494b56f-7492-4146-a9eb-eb6c44df92d0	1075
949b6fac-86ad-48a0-b5fa-cfaeab7b8065	930
949c03cf-5ade-4d67-ab36-939cd2a9b755	2260
94ab898b-7334-4a6a-adde-4725926ed3bc	1348
94ad0491-49ef-4ef9-95fb-c8b3c213d95c	1382
94aeb03a-d9a8-4794-b2c1-c98328709432	298
94b33e9a-cbf1-4899-b062-45e56918f68a	284
94b6cdd0-a728-440d-9f8d-db76d3ec0211	1096
94b88e18-4e81-4440-9f4b-4d9f558a0968	1343
94c04a52-16de-4d91-913d-48420880e72d	1238
94c3639b-46e2-4b30-a699-f7dde6a4f0ca	1052
94ce75dd-e11e-4c9c-ad5c-7dac587ff8b2	830
94d6fdd7-42de-45f8-a787-3edcab1893b3	1246
94d7a5ea-12d3-48f6-a4f3-1f2ec7d32fca	1000
94d86c1b-a391-4698-9f03-ab0de40aba19	938
94dfae43-a78a-473d-92fa-19873801645b	1046
94dfcdc1-3d92-4dfb-9572-36402fdafdfc	991
94e3d30d-4964-4a2f-8414-537f36a2eccd	1164
94e96c49-ebbe-465d-968b-27fb17e7ccf7	1062
94f7f321-f2f2-45cb-a556-245cc8817d9b	1176
94fa62d8-fbb1-4f1c-b996-24634371b560	1079
95062474-9b27-44f5-b831-0960098bc8bf	1018
9509d774-1453-41d3-8745-08f2e2635cd5	1081
95167243-12d1-461c-846c-2db0db5b5964	1077
951837ed-9bb9-428f-bd3c-a081e73594f2	244
951a1bcb-60d6-4b60-a088-c39c8b6f0e4a	1021
952006e8-1384-45a9-ad07-fa62d39ee2ca	1091
95282f09-2996-4e0b-acfe-f9fd2a2bab12	1080
952d61fd-3f92-410d-888c-951db505a46a	1088
952e0398-a647-4918-8af8-091ea3ec9ece	1065
9530736e-daff-41d6-9485-359c1899f780	590
95312a40-18a5-4a63-82a7-cb2321975187	1072
9534a941-a935-4cf3-8393-250226659f42	1173
95426eaf-facb-4238-a479-0ff3f1f7d741	1072
95443090-63b2-4249-8a2a-9b1608fcbb83	554
954c7c02-9787-4de6-b2bf-7d92a20fd72f	969
954cf822-5bf2-4d97-a5a8-cd9d55db1e2a	227
95597eb3-bb92-4b50-87ec-64a5999145e8	217
95601820-5c65-45bb-af9a-62607cc12569	973
9560f89c-b838-4c6e-bef2-4c23714ecc19	545
956755bb-b65f-42d7-9110-e221fae6a6fa	1072
95678c85-ebec-4bf8-869f-6f84d1735bf0	957
95732d60-2881-42b4-a955-32a1f0293791	1077
9574929c-643a-4d6c-90d1-f9e2b718280c	2257
9575e758-f43c-4d41-82d2-e3daf56758ca	1161
9579eabf-2042-4227-84ec-52df91f20c41	1013
957e3c49-9693-41aa-9779-aea15b6e800e	1052
9586b835-ea13-45bc-96ff-dc9a8f91d47c	1248
958b4e89-e33b-4203-addb-4c1a48149b7f	935
958d90f4-6f99-45ba-b315-2f20e8aede47	1083
958ec4ee-672f-48ed-b47d-feb21ccbee80	491
959bfbd5-4ec2-4b73-a57c-295814ebfaf3	365
95a2b1f4-3ec4-4c87-9410-cdb4b2202934	1054
95a9230a-d4ad-46d9-bdd7-212b91143de5	919
95aade2c-5940-42cd-b84f-0c820d3bad17	229
95b5d73d-dd30-4c54-82a4-9a4b8b71d143	1111
95cfe6ed-9871-4764-b9e6-e8c299385d3f	1062
95dba97d-5235-4686-981c-7660961941e8	1081
95dcad01-2d03-4b98-85e2-d47e35003cba	318
95e00d3f-d653-4cf8-8a00-b85ebe9e488c	1060
95e18301-78c0-4ce3-b233-6b6e6cc9cb69	1241
95e58817-9d48-4f98-a9f2-609c4fbef049	1083
95e62c2b-c77b-42cf-b74e-c77e8bfddc2f	1140
95e8f920-e431-41c4-b4bc-1c9f9cf08564	939
95ed55f3-8058-4e49-b267-f6183ab3528c	1118
95f6251e-89cc-476f-9550-5b67831bb885	393
95f78c0e-4c79-443c-9488-e27383a70b1c	1251
9602d16f-4202-44ad-aaba-9c98083b87e7	1249
960321b2-57e4-40a5-8147-ecdf61d94961	1132
96145c42-9c9e-459d-a292-01c747716196	1071
9620c5c8-8d10-4bb0-b9fe-9f44548df2cd	1023
9628f6eb-c2ab-47e2-bbbe-736bf38cb7ca	2161
962bc440-ec09-4aaa-b19b-fcacead37970	992
962e93b3-2d79-409b-9bc3-6c7d5a29e438	887
963f37f5-f527-49d0-ad0a-9d87fc48628f	1051
9640de18-c26a-43c1-a407-270b10601db4	2505
9647d5a6-68b3-40f2-9e7c-c59f180964c8	3487
96582296-fded-4d91-9586-16262420e147	1098
96597471-d51f-4d9a-ae29-8ac1d29ddc4f	1070
96634388-28f0-4691-9b97-dad0f2ebcec1	1040
966e215a-fcd3-4b68-9c05-c617142e5d89	994
967b03e0-8569-41a0-a16b-cf96a697e3aa	377
967f8876-827b-4524-b8ae-87d9870a973a	1068
96834b4e-466e-4cc7-9466-9c5a9a39edd7	1061
968b1685-3744-4c93-9c39-dbbf4df55700	1057
9692328e-2250-461e-babf-b3ca33fbeff8	990
96990d81-e600-4d16-819f-457532b95819	529
969c55d6-f9a2-4ac4-a220-b816f367c5e0	1506
969ef9c6-860b-4c97-98bc-4e330433f7a2	636
96a93607-d9df-4804-b068-9cd49133f0d3	1045
96a9ee10-7e57-490a-a88d-9aa8465e3a30	1010
96bd8413-52b7-4a7b-9e90-8bb05cd5847d	647
96c010ce-2bc6-4425-a630-7ee63ea6cec3	1544
96ee5c45-9ae2-4690-af18-27ac5e05f8ed	982
96f50d21-13c2-4c3a-8faa-68065308ff67	1046
970718e7-77f5-4104-8017-4665b59e0a99	1006
9709fe7d-6325-48bf-b1af-54ba815aca0c	1087
971a0a91-790a-42c5-9b8a-d8a075bcb0ec	1070
971ea487-f456-4d8b-b9ab-01c58a28621b	1012
972285f1-8a3c-4bd6-b155-329602f7629c	1217
97257834-d847-4b73-bafd-25fd00c43628	1101
97293245-24d4-4148-8687-1b91985e29f5	861
9729932a-6471-4446-b7ad-984294439ef2	1140
9735c922-42f0-44a9-ab18-748501b489ba	1091
97377d06-c958-400a-bb83-d21f850c397d	1059
973d0cd0-4625-479b-b53c-8c499d769dbc	1265
9742d87c-8fcf-4bb1-af69-f7a9b4397f69	1058
9755cfa7-6581-4767-86bb-7108ef179582	1079
9757875a-0a34-4e6c-a073-3f84d1291333	419
975b0041-e15a-43ec-985d-34f26ca85206	1295
975b7d73-4358-4101-9c04-079e3355ae57	1036
975e1bd8-f5b9-4cb1-b938-44f21f679d63	1040
9762b39e-d147-4c54-a757-d72c525870fa	489
9764ae38-15f0-411a-94bd-980b0db0efec	1072
976622c1-6cb2-485e-b70f-c21bc454c4c0	144
97664f53-9f90-40d2-a61f-dcb8e39b68e5	1064
97665d72-70ca-4428-9c2e-8d9c6fadb78d	1071
977a5805-c55e-42f6-b5b7-006da1335522	997
97805e3b-7bee-45a9-a106-13223035c7de	921
97807d8b-8b24-48a9-84fc-c17df0731455	1076
9789dfe2-f233-4909-85f6-786aa359edaa	2070
97906611-2baa-4ff0-bf3a-88efe283c732	1072
97912cdf-9253-47e9-97e4-53055ecedf9c	2684
979c6c07-406e-44a9-a57c-7dd1c008a9e6	1995
97ca4d4d-aa17-4c72-bbec-806cbd8bb9b6	1097
97d6491c-ba71-4256-9376-af6b4b90cb99	1090
97da1093-d4be-4bc8-998d-0d6040f96cdf	1022
97de0eb2-cb46-4c2a-92ee-a3a1d41ae77e	359
97eb7039-a9a0-4f0e-8b03-a3386ff436df	664
97ed126b-aadb-4f48-a8bf-14247be2c214	1008
97f3f393-7d0d-4d29-8b1a-8f8863292210	1758
97f5c865-258b-4fd2-bde0-9c30d573de22	285
980fed5b-178b-47d9-9bf2-b2b05ce30421	409
98121e58-35ce-4135-98b0-63bcb1c7cb0c	1055
981713c2-3d50-4d5b-84b3-ed8d48d80bc7	953
981cb09d-2356-404f-98d5-c2b7695a132f	1115
982bbb25-898a-4cad-b31c-a4ce86e5f49f	1073
9835d576-7107-430f-aecb-98854507f58d	1283
9836a233-77f4-46d5-abe6-ec239e79692c	1036
983a04a6-4347-4c58-911f-07348057f49c	1167
9846193e-eeb6-4b35-8a30-8696238e928a	597
985e7f2c-edc7-4420-937e-ac5d1e52ac44	1092
98713e8a-9c9d-4c22-b4c9-da9cbbef754b	1058
987a92e7-4336-4b7d-b602-643b0ba8bccd	1058
9881cd35-9811-43d6-8107-94deb6ab688e	1062
9886bc2a-f78a-4c88-9a08-cded50428811	179
98882550-2cb6-42ab-8a97-e8e137b2b260	2221
988e2264-babc-4771-b7fd-6e65448cf8ca	1070
989b7421-dc19-4486-a1b1-190d049a726a	1065
98ae7440-5c5f-4aa2-a94a-f69adb5b24a2	1261
98bb239d-1936-4dc2-be88-4ba69971a3a0	488
98bd5f9a-35aa-40cd-8a31-39b4e554efb5	1234
98bda96e-3586-44f9-8acb-a92fa4121238	307
98c5d250-11b4-4a27-a3ab-38e5696a8e46	349
98cb3063-0ed6-4f9f-b3a2-220911865c48	954
98d03042-838b-49a3-9caa-70591df537f1	1243
98d0d855-6079-45f2-b872-d7bda2d1bf28	1533
98d7b110-ad47-447b-9e34-f217d1988cce	1262
98e17c7d-aa9b-4e2e-90de-3a7fe7c03277	1433
98e4bbe7-be3b-4821-afe3-9be015e0f733	1822
98e96829-b06f-4724-b186-abb096336b6e	1171
98f74cb5-09e7-42d0-a6fc-ea845d829a33	1148
9900b8d3-42f1-4442-8e5e-8664acddd820	2377
9913dc72-105c-4299-a4ec-acad0b5cb6d0	3318
99142980-fa35-4213-a7c9-f7a0ac50d0f5	1164
991d43d4-b68a-4a33-ab7a-6d972c435181	989
991f1ab5-d210-45b0-8938-a5ee9cf7333b	1360
99264f2a-7f2b-4221-a089-d9d125c27578	1072
992c3f22-fd78-45c8-87c4-92688fdbb592	1426
9932945d-b61b-4fb8-b0d0-a654c910dff1	1389
9932ff8f-74ea-44f9-83c7-79cce208e6ed	1081
9934f82c-6e11-4a28-9ef6-d29b3794ddb3	1051
993cd197-e70c-4906-b6c8-55d91395877e	681
993f427e-c81e-443a-a557-a12c357c2a84	1095
994a93e7-7706-4ceb-80a4-aef717b53842	1248
995e1dc8-a4ed-424b-b29f-a317e861920a	2033
996e8b9a-dd76-46be-96f4-bf2376b31877	1131
9972d9d7-27a1-467c-9f7d-403c47c9ae59	1284
99791dd8-666c-4c8b-9561-82cf1d86c458	1056
997d5f48-1e07-4bd2-b4a5-f2c90e59367e	281
998ecfca-2b81-4407-b75d-cad3c058363f	2195
998f2f02-a84a-4c87-888c-e538d28c5c82	1066
9998caa1-2a46-426c-9048-b5a9a322f114	2271
999eaf27-3191-4d1b-a1e7-bf8cec949003	318
99a717e1-3028-4f7e-b889-6da321114dc9	2275
99a94668-0e64-4503-8e86-a54819a9812f	1061
99aeb2ff-7f0b-47df-b229-55b9428884a0	1061
99b47e0e-2681-46bc-b749-335f289ff1c9	1064
99b82375-257b-4ff5-8972-053377c64ad5	984
99b84364-d372-49a1-86a6-c4a7242fa987	362
99b8b1d4-5d38-4f09-8797-5b80597d3b63	1076
99bbf1b3-91eb-4b4d-91a0-910368d51dd1	2068
99be0934-ff57-4cbb-a8fa-334328672d60	2199
99d9e619-9e30-41ee-bc29-d571869e45a9	1170
99dbcde5-7ad0-453b-ac21-4cc3c895e315	946
99e75235-10fa-4033-9523-e55620e2a2dd	1235
99f3436d-dac1-4bce-bb36-6756269bca3c	1221
99f41804-4662-44e6-8a01-b23c61299b49	1058
99f74596-1945-45ad-82d9-c99f3287f14f	1107
99f9973b-808c-4831-8aa4-569aa70654d3	930
99fb5274-42a6-466d-9281-dfe076368824	797
99fb7664-c364-4913-a9d3-403e14621bf9	1222
99ff2391-d4c6-4fd2-bc3a-48730abdfe61	1077
9a0632ec-6029-45e1-b7af-349a67efd6ef	548
9a0b80c0-4604-4bf9-a5cd-b0f8050e8baf	989
9a0cba39-af91-4cf9-9296-f21d9b662b60	431
9a0e323b-feca-474c-afb5-cc1f2b81a102	1337
9a13cba1-5454-4e9d-9e1d-129c28a21fcd	1065
9a1a627a-9fe5-47cd-a09f-9b732c1670a6	1139
9a31f636-f178-44d3-9fe2-75a73bef4dc5	1133
9a320f2a-d00e-4845-ad19-ea9319fefbc1	1053
9a32b27e-b8c5-40b5-8201-59b3012e28be	1134
9a3c7fe2-f038-48a5-abdd-ea4697704e1e	1343
9a3ed707-fa0a-4989-a098-b301c9acd0e7	197
9a444dcf-972a-4166-95e8-48b952b684be	1075
9a48cf6b-05ec-46da-9a07-eaca2cd1e16e	1321
9a4a1dea-4fd5-437f-8d31-33bf55665d20	1020
9a4d6a6a-bbcb-4fdc-bbff-5c9c66eb91c4	1050
9a4e0014-7f20-4463-8e47-feac01416d41	1025
9a4f1486-7673-4634-9322-a3ad8268ea01	686
9a64274c-08ac-43fc-bce4-4cc3e397cbd8	1330
9a64e413-cbb9-42f9-bd9e-8fb2b558c8f9	372
9a85c13d-d1ef-49a5-a027-6bdf4f8a764a	1074
9a8fc5ca-25e6-44de-a6de-80245b09294c	2653
9a94201b-11f4-4664-85b6-d9ec97f4c823	1135
9a97c997-81d6-4b69-9ac3-eb484f528930	1048
9a9bacda-0459-4c15-b952-2f60c4de37d8	1041
9a9c81ad-71f1-4387-b5e0-34bedb1ed359	908
9aa98db7-0b79-4be9-9955-bb212298cfcc	534
9aa98fb5-1713-43b7-8334-cdb55b0c1605	1217
9aae67de-9bbd-4f9f-80ad-2027eeb5aef1	1072
9ab20fd7-b8a2-4583-97ad-648625795822	395
9ab8397a-05db-4ca0-ad66-32eda4103e87	178
9aba2509-90cc-405c-b1ad-794ced278192	994
9acaad56-c3ab-454d-b435-78fde1c42848	3136
9ae02b14-4e43-455f-978e-a2c631630204	1065
9ae76ad6-0c91-422c-b851-379334f9e31b	912
9aecf960-2ad1-4285-b0fc-7bd0de605e15	996
9aee684f-6538-447c-934d-48b301fe6472	1269
9af5aefc-fffe-45a0-9040-0542aa548365	633
9afbf0c2-4b2f-48ab-9520-9c1f46c8d2ce	1189
9afe8bb3-ad5c-4927-8a0f-8a3bd607e03e	1209
9b1a288c-0f1a-4f74-b7f1-2a580481cb11	1486
9b1d250e-ddd9-4586-a60e-c419d8955282	1182
9b26c848-deb9-4e83-a436-715a7119a1d4	1882
9b298385-0c2d-4a88-b3d2-2e9a569551e0	1001
9b2cf3a3-e9e4-4956-bed3-fff88a63c2b2	1104
9b2de9d2-3e22-41d0-977d-737ffec9d7ec	1341
9b3377d6-eae3-4a35-8713-0fe69ce7d336	1051
9b3d1f23-ba46-4762-9870-5543e61cb9c1	2466
9b3e98ec-7e68-41c0-a658-e69267fb9b33	270
9b3f0a59-bd83-43f9-a7f8-7b7b7c0eb932	1067
9b406688-c009-431e-b9e2-744f15c2fd8f	438
9b434a33-0bbe-4679-8d5f-06209258df5e	994
9b474f28-f056-47f6-9672-40e2c04a4de1	559
9b576b5c-63fd-48f0-9fa8-f72cf60fd969	1763
9b63889c-9b14-44ac-ba57-9c4c14b1816d	990
9b69e346-f8b7-4959-8dc7-092ff3efd464	1004
9b6c36a2-6d61-41aa-91d6-979a70543d0a	1047
9b6ecc74-bc9d-4131-87e8-c1032825b3dc	1246
9b78bcd2-631d-4d1e-a88f-d64a77cb3408	2283
9b7f4299-200e-42b4-b41a-a34c51199f48	2132
9b91f18c-ac08-4afa-90ee-c96b916b5c65	417
9b9a1f0c-f783-4d05-82bb-9c2c6f103196	1038
9b9d0695-c61c-4f0a-9054-b2fe09cdb848	992
9ba05f8e-06a2-422a-935b-9956054ad52f	2119
9ba9be42-c813-46e4-ada9-dae42ca38e23	1067
9bb18a6f-9f24-4bc1-8159-03587dc37970	819
9bb26e50-db0c-47e6-8fc6-82595303c3a9	1086
9bb49064-d178-44e8-bcfa-352e6f5d0178	226
9bbd893b-b259-449c-829d-74d72be95707	255
9bc4efa3-004d-41d4-b6fa-b1097b2ae6fa	1073
9bc50fed-59c2-42f0-92f9-6a728c3a255c	1122
9bcab2c8-9c9e-445b-bbde-ee87aaa3b055	1073
9bcc667b-d99f-4225-b366-10b35aad1a83	237
9bce37e0-31aa-481c-be66-239a94dc8d3a	1108
9bcf75a1-3ef8-49ca-b0f6-7e02b1f8a28f	1167
9bd1eca1-9df0-4b20-b780-d1a4e8161f00	2142
9bd2bacd-ad67-462f-9b95-3f7d5f4b8a5f	1254
9bd458e0-65e1-4d85-9642-14dc5b860b7b	610
9be4eb8e-2629-4baf-91b3-7f29746c2bf6	1596
9bea4279-7e4e-4377-b33d-fb6dd1b4f5d3	1065
9bf253cd-2d3b-4b36-b3f6-6a7d23910e07	1105
9bf53784-0506-4ea7-bbb7-1fa98d3e60f3	1078
9bfa200c-3190-4d99-8526-6eaa95c9e7c8	2319
9bfca177-fd2b-4b94-aa6d-43f8e72ab9bb	1246
9bfcf2b3-202c-4aff-b194-226c34362e7b	411
9bfe71bc-16a6-44bb-b74a-460efaede340	939
9bffdd79-e1ae-40dc-bccb-ef875b64b81a	676
9c04b431-0bde-4060-9d0f-24e177e0c7f2	1042
9c05956e-5278-4f0c-a9be-0fc9902bf11f	809
9c09821c-8f7e-45a4-9615-a6162108eb1e	1051
9c170f3d-08a2-4dbd-ad74-51d0704e5bdb	1060
9c1a68d6-5fc1-4b7f-bc99-318855c4855f	1171
9c1db309-fd38-4dc1-a8c3-8236282902b9	1240
9c239b12-c950-4282-a77d-9e370e6469ce	1074
9c23a626-3901-4635-a588-4ac2055aee53	1068
9c3c5275-6c63-4eaa-b930-8ac7a590a8f7	971
9c3e5760-0d29-4944-a05a-a65d7584ed63	1117
9c42226e-e467-4dcf-a274-74aece3ef973	2177
9c4b86cf-37c5-408c-a127-316e4fd813b2	1064
9c564fd6-5458-4632-b0f6-d438d6903cfd	1003
9c600c8b-d39c-42c4-81bb-01142bc477b6	1029
9c6b1d0b-c110-4d64-808c-af68c173d210	535
9c6b77cc-1993-4583-9c9c-e43bc957441f	455
9c752af1-8c81-4927-951d-6e585e6ac28a	870
9c753afa-4234-4d4c-a4f2-34d9683d942d	1074
9c801d2e-da7e-409f-bf56-190fc272fc61	1157
9c9758e6-6746-4e80-a8a4-d8c1a07e3f63	493
9c980d21-9eb0-40e0-b403-85452f46cfa4	1068
9c99951e-1123-4d71-98e8-7f61febf33af	988
9c9c33df-dff5-4382-8793-655a1a040b47	225
9c9f4ff1-0183-44fe-ae17-700b4102dfb1	334
9cb5fb1a-6956-4801-ba63-b148911a1fb8	1132
9cb9314c-5930-4bb3-8ffe-f84871df0abd	1046
9cc474a8-fa6a-425a-886b-20267d128d35	2112
9cca6ab8-8465-45bd-97c9-76670083bbe9	1064
9cd4a5fe-7549-4500-a30c-2f51f3f27483	230
9cd890cf-da3d-4dfb-b161-2a627100c07c	1917
9cf4d0ff-b4e0-40a4-95a3-d93ed36aeef9	1147
9d03851c-3935-4b2b-b452-ddfae2e23af5	1901
9d0f8a0c-fbe9-4b99-b71d-0a6670c2563a	1067
9d17da35-e19d-4ecf-9062-6c6c081e9c95	1181
9d1c7d5d-ab75-431c-b6b5-7b5d9b5a312b	1850
9d1ff893-f207-4053-8570-0242601a7137	1067
9d21da0f-187f-4216-b11a-9fba91478112	1075
9d2209bd-cbe8-4f16-8c01-69a6223c8a12	1032
9d22e01a-2119-44e0-967c-f051329ca7cd	1129
9d271dc8-f0a0-45f7-874f-c06970dbff5d	1066
9d3cbfb5-66df-4284-8e06-fac6910198ab	1442
9d401462-d8a3-460a-bb80-4682f1b0c80a	1009
9d408107-1f97-48ed-a445-9038439e931e	1061
9d424692-43d6-4bd2-adb4-c762f1ad3045	1321
9d491238-c683-4959-82bd-fe95d9a0b320	1055
9d4cd08f-0a80-4db0-85d5-b380d5d4752b	1008
9d4f3b77-0371-420a-8ae8-36c261d87d5f	1078
9d509f16-a68e-4fb0-9177-14517aafd720	1065
9d54e3e1-36d6-4bca-8a8e-d6859e78dd36	1086
9d5a8154-34f4-4c9d-8e78-a85dbfa0146e	982
9d5f1838-5c83-4890-9362-234c9d7f3779	1078
9d61e7e2-40ea-4b05-b44b-2d7762654c17	978
9d65e26f-7703-40e8-bf27-d3131ce362d5	1071
9d7062d5-fe28-422d-9f16-94f8ace1a234	1283
9d76d180-0ef0-4e9a-ad30-2ee2a51ab52f	1091
9d7a05ce-0acc-4c21-b63c-0c94f07d27b5	2442
9d82a90e-0275-4c9a-9aa6-481d0325072e	1376
9d8b076f-b985-4654-b88c-d26e610cde78	1479
9d8d0811-ef56-406e-8220-bfc1a7345ec0	1523
9d9a9abb-e0fb-4104-8ef3-26986bb7dbbe	1713
9d9e3125-0995-4855-9829-3be3ba7c16ac	1050
9db0fc6d-aed7-4240-be1f-f4fbdc91ddfe	1056
9de07cd2-3d11-4f70-92a1-e5fb9d084ee4	1070
9de4370d-4bb6-4346-a917-ad96c1af6c6e	1046
9dedac92-4b71-4f13-8a40-90ea4dfe5f4d	1070
9deedd7a-9976-4e4b-9489-fd12e1a7b273	1143
9deef909-0ade-456c-b96a-26fce9e4d2a9	1045
9df43d4a-d1a9-4a5c-8009-423f3e3acbc5	1236
9df46a37-e605-4159-b596-9ea826eb46ad	1060
9dfb119d-2d9b-4357-9843-5197261efd14	1083
9e11a748-3ec1-47a6-90c8-117ca8ce243e	1018
9e16a6c0-d2b4-46c0-9d9a-eb818d0c45dd	813
9e233f21-5df1-4f45-a181-752f095af696	225
9e2db384-da18-4b31-b83f-ce4ca600b25b	1074
9e3308ba-ae41-47d2-bcf8-5c0a35bcae41	491
9e38da99-fc3b-40b9-9588-2131c03bce4b	1129
9e3c58f4-d13a-4222-852c-838060ef7be0	930
9e4919f8-f8b1-406e-b7dd-fd2170367af7	531
9e54be80-f54a-48f9-bb4b-5b0d51c31505	1069
9e55ee58-dc0c-459c-a632-efe137d2203d	1161
9e632ee7-6414-49bf-a3f0-58403da8d5e0	1053
9e69bae7-6494-452e-adee-03f8b5b0bbd0	551
9e719b3f-80ab-406d-a4b1-fab7b95fb0f3	821
9e78c2a9-fcc3-4992-a3d2-1f30f3b7b52a	1077
9e7d11a8-8b40-4c48-ad4d-5505fa8ed2ea	348
9e80e5f2-3bf3-4782-9432-c0466effd839	1062
9e8491a6-6a55-401d-b8f5-fcfd78a4ebe5	2359
9e87286b-76be-4f8e-954e-acde218e550d	1329
9e8d173e-0865-440e-b62f-e702faffc39a	307
9e9b77ec-7fe6-41ff-860d-fd9734490d79	1038
9e9f3405-cda5-4593-814f-845ed58509d9	1066
9ea51ed6-b1ad-4118-b5c0-035acbbf22f4	1082
9eb81d3d-1372-435b-a72d-990383f6551d	1426
9ec42651-cb33-4e47-ba75-ab385c1e1064	1187
9ec5e097-43b8-44de-bf12-b92242a5ab7e	1296
9ecbb740-8261-4b69-9460-8f233bfcf435	982
9ed68a92-fa00-4a70-a90e-36d7927faa2e	1034
9ed6d448-b0f1-4109-8a52-bdca77d79b48	618
9edc3b8b-12ce-4cb0-982f-a180a126b333	1009
9ee01d78-06e8-4d24-9cb0-4af374f663fb	192
9ee0b339-928f-4e2a-954f-2bfb21000a81	2147
9ee6caa0-b18d-4735-a7b2-3a81830716e3	1031
9ee8f489-47a3-400e-b158-51fc74d58683	1230
9ef09d56-da41-4e33-a894-c58f54eb3ff9	311
9ef1a6bd-f75d-4f47-a927-3122a38eb0eb	1133
9efa899b-2c3a-41f2-ac5b-f6724821ba6e	368
9efb1054-f498-40ed-9e5f-3fcc48c9074f	974
9f0283b8-fd79-4777-82fc-a28c9fc08577	2213
9f066033-04d8-45f3-91d1-c2cd0db163d0	1193
9f06c635-2b4d-4678-9782-16d63012b114	1089
9f071bc9-6398-4eb8-8500-f9ce90292085	1018
9f0ee147-4e1b-4a07-9367-15f0f1d39bf3	1227
9f18efc1-0781-4480-8a50-461a68c724ab	368
9f221a0a-3082-4357-a94c-fbadf0793bee	866
9f271c92-6e4d-4187-bbf6-873a5728f089	320
9f2962e6-5b64-4df0-8a71-370d397d5e52	1009
9f2fa2a7-5953-46bd-8eb2-a728c4e18b0b	2108
9f34f71a-1bb8-441d-ba2e-6406cd23ab08	53
9f3a2f20-a60e-434b-b696-1260f3d140cd	1073
9f4af3f1-8294-4e26-b96b-6ae580f88465	703
9f53d148-d92b-4183-aa5c-c08ba1023e6e	2103
9f558a5d-d923-4191-8f63-e35a7e169403	1393
9f7053f6-36c5-4c6d-bb12-634cda7d1cec	359
9f8e1171-e1fd-40f9-8e91-fa1f7f45be1c	1092
9fa06b3a-102e-4122-b791-683c49427d1a	1153
9fa989f2-ba1d-4a2b-8866-3dc5e143d1fe	313
9faae10d-f2ea-47a1-827e-5b61a2226952	1028
9fab41f2-9b99-4e03-9b6b-0b2a29e38bdf	1073
9faee66d-0308-4930-8f86-51843ae125ea	1205
9fb38d98-2c02-4b1e-b34b-4ed9cd3b51a0	2208
9fb7102c-10ae-42a0-be89-9b905f45ea86	1062
9fbd2b93-cd38-4c1e-a37d-70665dfa6b5e	1410
9fc06368-2a2f-4d3a-8251-5150f5836ccb	1375
9fc55c6a-bc87-4212-9d36-26f2595e5ed5	992
9fca5745-a417-42fd-9253-a96d767ccdaa	1047
9fcabb51-667e-4bd4-8bbc-be16c8041aa4	1230
9fce0ed1-b662-4715-b372-5378197f2ff1	1596
9fcf8a09-4c5c-4d37-adf7-621f4f6ceb09	4252
9fe89209-0bc2-462d-99f5-1d3dd209e701	553
9feadbd2-df32-4a93-b3f6-1f1d5c4b75a8	986
9ff5f6cf-71b7-457f-a152-e7faedf845f7	991
9ff97a3f-cbfb-46c4-b541-6fc47d6a20fe	1705
a0145030-e0a4-4ec6-a88d-893b1aaa71ac	2264
a0225910-a2b3-44d8-abb2-879148f76897	2097
a023d393-f052-4de5-99e4-d51c252127c8	993
a0265fb2-7508-4d1c-b979-09b79649c18e	1241
a031f3d8-a6ed-431e-9128-22184847fad6	979
a038374d-3685-4fdb-8e0b-e6dd3fefde80	441
a03989a2-b829-43ac-b67b-f29eb0e73ea0	1062
a040e32a-0669-4d56-8023-3e0fcb116667	1066
a04283db-67c0-44a7-8d02-366774abf73b	1652
a0441ccc-c5a2-4b1d-b210-50da8ec685b0	793
a049a094-4834-4ac2-be56-1e3b71e902d8	968
a04d6d0e-836c-4464-9362-a7f65cc461aa	1066
a0522679-7117-4a5f-8de3-3a196d79ee0a	235
a0546728-c46b-4690-b212-20d7624c6487	1082
a056bac7-eb07-4560-ae76-1c5a57e3e4ca	977
a0586e90-ddb2-45f4-b99b-d53217e03586	1248
a0660c7a-622d-4548-afac-097c5a22d396	1124
a0697824-6459-4903-ab8d-0cce80b8885c	1063
a075a9d2-417b-42b4-96b1-7eb5af7e9635	1048
a0765bba-72da-469b-a880-05c10af87a1a	1210
a0777fb5-9b4b-4fc4-83cd-7227f35e3b90	409
a088e756-c7fe-4146-8844-5504c5478ae9	1078
a09e15f0-88c2-40ab-ab1e-191de41abc94	1068
a09eb91f-afea-45a0-97e2-7d1541011d94	3765
a0ab03d9-e816-4f6f-98c3-037e3a583f0f	1074
a0af2b8b-3f89-4b96-bb35-4114deefafa6	1052
a0b7f791-b9d4-4c11-8e8d-507ac0103693	169
a0bbc29a-5291-4be9-a9c8-7ae11e2ad07e	752
a0bfbe0f-8eba-4c6a-9683-249e61ecca4a	1060
a0c79e15-de61-4286-a454-1aa35255d9c9	1080
a0c8828f-79f5-4341-82a3-8db15d256903	978
a0ca73dd-11a6-45a9-a376-1a264b395f7b	1070
a0cb79a6-d315-4329-9773-d218e76a8ed1	1265
a0d0becc-5430-4841-95c4-6c7bf12dcfe8	1150
a0da3431-1a6a-426c-b6cc-532b440e784e	994
a0e4372b-432d-4fe6-95ad-f4e7a09e79f8	2893
a0e90c70-b9f3-481c-a8f4-871ce8ff1fb8	1065
a0e9de47-ff02-4682-ae1d-a87eb0d4479f	2153
a0ecf330-8920-4f15-ad5c-86ba4cb19b61	1658
a10b0d58-3ea7-4ec9-bcd4-7bfd7410679d	1015
a10be05e-524f-40c7-96f2-7f3def92e139	1137
a10f9780-d572-4785-9405-9c3623f758f0	1095
a1173737-76ea-4ae2-96ef-3e5e5df5b59c	536
a12010ac-1cb2-41f8-a918-a1ef94da9800	1068
a1212ef3-6ddb-4d2c-9cfb-e172932b5ae3	1080
a1240478-5c77-48f3-8a3a-153a56b6df02	1079
a1293185-dd9a-4161-ac47-cc28a14a8a9b	2325
a13800d7-08b9-459b-8e75-08675f5001ea	1245
a14309b3-3f72-4dfb-bf28-aee81dca6ac8	1116
a144b940-848e-418d-957f-124e55f0f566	1065
a1485d65-c216-4ef2-84cb-b75fd665d9de	1211
a1514e41-1790-4166-80d1-f2bcf58323b0	1064
a1531456-cb06-4dd7-91f3-3b91967f0d88	492
a1555d19-6800-44e7-9f66-54357318b9b6	1135
a15da45d-cd86-42ec-b3f9-75850d4a10ec	1119
a160827f-4158-4a71-b8fa-b1b1aa90998a	1579
a162d331-aa07-424a-bfff-a831d7c21364	1043
a1655bfa-6bc5-454a-87cc-2d9e15a50425	955
a1673f0a-64f4-4556-a3c5-98eecfeabd86	1074
a1678840-125b-4fb4-9b91-cd72ffa33a6b	336
a1727eb4-cd36-4aee-841d-075133b956ec	634
a182d8a7-b115-497a-8fad-f9c972c1fa00	1139
a188c523-d8cb-4908-b739-b13e3e8474b4	1082
a19230ac-8706-41ea-a921-4d9d54c17df1	1068
a197ad59-ea68-43b2-be05-44be1896efd0	464
a19ef5ce-d202-4ac7-af8a-5c418604dc30	2022
a1a343a8-3f42-4d25-a402-3aa11f8cf4d8	1077
a1b0a89f-f5cc-4cef-a05f-d92b6ce31e59	1132
a1c07b3f-7cae-4c4e-af51-ef1e151dec54	355
a1e73f1e-08aa-43f2-bcd0-0a79e7396c48	1087
a1f6fffe-ab75-4793-80d0-388cb87db5b4	1272
a1fb092d-e368-444d-968c-4fb53dca910f	1019
a200eada-d1f1-4fa8-85b5-06cefb152ea0	1075
a2116bbf-d454-417b-b001-266e80ef5869	1293
a21c4662-80f4-4ffc-8ac6-7910063f8bfb	1248
a222cdca-dc7b-41ae-9c0d-b0b9ca342509	1078
a22463ba-0a0a-4244-bbf3-a9550f393cfe	1109
a22466ac-1697-4bd8-9860-be87d5cc038b	1070
a2336097-99d7-4284-bcff-63d9ef2f7750	225
a236da54-831f-49ea-be36-bf9b58ac64ae	311
a23c9786-37e5-4f58-8003-09d95d450a30	1119
a23d5e15-1309-4ac6-9826-2b7278b4f281	1024
a23d6f86-4531-487b-b0a2-4be51ebfe29e	1058
a23df083-af2d-4484-95a1-2e81b409020b	1040
a23e79c9-fe82-42c0-8954-7f02102b8cd0	409
a242e8f8-7806-4880-8fb2-da71456ebbcf	326
a2523190-7c4e-4ca1-ab44-098aee94787f	1076
a255a29f-3744-4bbd-a61c-23a0337970cb	1074
a257f644-2df7-4f6a-91b4-eca70c3028e3	566
a25aa27a-9b3d-4b01-8fab-e53b9a19ddce	1181
a2608d0f-d574-4067-9a7e-e7b9fc408e25	2666
a26a0f12-d483-4806-adaf-a68117cfc5c9	1067
a275108b-3a87-4b42-b6fe-8f954bc42759	184
a27730bc-840d-430d-ac72-1d8250b7f22d	573
a27a24e9-bb80-42cf-ab2c-faafc362f1f1	655
a27f1e4b-f47f-4a38-8a98-71d6ec67bc54	534
a2868f1b-d5fe-4dc7-bdfc-3a4801258591	1474
a2950b6a-2fc6-4e49-b4a6-779f212ff2bc	1060
a29923d5-03d3-4f76-b94e-32a3687dbc71	1124
a2a0b015-fbb9-468b-a9f3-4cd23c6a366e	1059
a2a6c411-f7c6-43e2-90da-dfad76737eb2	1046
a2ab350d-1292-450c-8e22-93150829a20a	1061
a2ac0d2f-e168-45de-ad32-0a445119d6d6	1345
a2b34859-04c3-48b3-a6e8-9e9a5945f2d8	1031
a2b81d27-c9ec-4563-815c-d91be07e1662	1092
a2bbb7f8-160e-431f-b8e1-236f41037232	1173
a2cf31d6-2523-4965-8378-598d118978b6	1071
a2d12121-d5e8-4a9e-bee8-93004902d047	911
a2d80e03-8c9a-4f66-930e-e5bdc69442b7	1019
a2d9429c-752a-42d5-af94-9f3633358449	1023
a2d99644-d0a5-43fa-8717-3a22aafdc89c	1136
a2da1230-e349-464e-b6f4-f717b869478c	1074
a2fce8c8-8802-469b-b952-e48e657f7260	1088
a316021b-182b-463a-822c-9d54c7e81649	1091
a319f054-5b27-486b-8bcb-d437988a8499	1442
a31e9052-bd65-46f9-b55c-43c83713bd2b	1152
a3230983-adf9-4387-9780-c2485012c23a	1054
a323be7d-a67a-453d-bb0a-a33e24008d2e	1034
a3316244-f008-4b80-a2a8-c8126ef42e39	1077
a337d2a3-8c6f-4367-bdd0-3bb9733d7feb	123
a33e0866-15a5-4b39-8da7-9a8745fee93e	2260
a3484e41-3c90-411e-a07b-5e75376330c7	1145
a35792ea-6557-4439-9488-ef0e8d0accec	992
a359c2e6-07ff-4c90-8e90-0f027f3a60ae	1065
a35baabb-058d-459c-a08d-5b72bf257b84	1054
a35c96e2-a1a4-4434-a2b1-1998a89970b1	1085
a35f4fa2-f331-4b3b-8e78-76175ee27a72	1079
a362dfb8-2ac6-4b2d-8600-02cf9a3e3787	1072
a363b5fc-3ad0-4102-8635-1f01d0db6135	2267
a3693c7e-fd04-449c-8b36-a6a02580b1f5	1072
a36ce7ff-a30e-4985-b282-994d0d406614	1355
a386880d-a0f3-4698-b96a-200eb1bc4aa3	669
a38a55d6-ef29-440c-9189-2712d0c6812d	1052
a3912308-c841-4479-9052-895a598eec0d	579
a39235e2-74dd-4f9f-8db1-022809544f43	305
a394299f-48ce-4b03-bb10-5e4702a711f5	943
a39a5d62-8b75-48c4-bcc0-403178c23341	1242
a39c1d9c-0d76-45c4-9ce7-948ee0c9007b	2139
a3a5a66c-a6c5-4c11-81f6-a08e02b1a9ad	1076
a3a8d9da-7045-4829-b0b3-6a820374bba7	640
a3a93722-c211-4284-a2d7-7cc25f522df1	1904
a3ad318a-da8f-4371-98c4-fc161bcd1a84	1069
a3af1057-f637-4308-ad9c-179c437662bf	1135
a3b132a5-09ea-4527-af7c-52cdd7be75f4	210
a3b370bf-0ffe-4fcf-94a6-639b28cde1be	965
a3b93aa0-b1a0-4759-94eb-da4eebf82629	1264
a3c09ffd-a142-43f1-8a6e-15244e089c49	556
a3c8e795-ac50-40f4-b938-23e63b55b823	908
a3cf7298-51b7-4b70-853f-a257ada1d9e2	1231
a3d12b32-4f4a-4f62-8f52-2e81897388e7	1089
a3d136b3-ba94-454d-aef0-cf258c19fcfb	1229
a3d3bf8d-1a4e-45e7-a0b1-730b058c5e3e	1085
a3d9b6b4-76be-439c-8a7c-e27c6b2b4f75	1071
a3db90cd-6613-4507-afbe-dcffefb2ef59	1075
a3defb1e-2672-4443-a439-b6de069f3ae1	1458
a3e214a5-2787-43e6-ae64-ea8d65a36e4d	1069
a3e44f89-1e5b-4aa7-bcd3-4d262847cc47	1398
a3e53c8b-ff65-4cca-90db-f50569105cd0	1061
a3e6ddbd-94bd-4bbd-9172-9f4b744e358f	1066
a3ece83b-aa1a-4990-a48f-706e3d9de962	1168
a3f4e9e6-8343-4159-ac28-bd459b7bbfa1	341
a3fc050d-e3d1-4875-9576-4988e20cfcaf	657
a3fd6831-d394-44b5-b22a-8e446c93b45b	214
a40212a1-ea9e-412b-9311-167afc80a172	1066
a4030081-b859-4494-ae90-35a3ef0d0e3f	716
a4186287-c8f2-4b2f-8061-42eb70a954ac	1455
a41d08c8-5c45-4c2d-bae1-5a977dcfb358	720
a41f6a4c-c2e5-4561-8584-befc262cd566	1251
a4253f41-ce6c-4eee-833f-ce8df3ae9b35	745
a431d7d8-3b3e-4c1a-af5d-3c2124f90539	1244
a4399927-553a-40d8-9b69-21f4a1ae4a10	1005
a4472e1c-c9fe-4f92-8579-773d9c83ed0f	281
a4596c83-8314-425c-a7ca-78f1af6dd83d	1284
a460fe8f-8cdf-40d6-8de5-c9aab1ad4661	1045
a461279c-dc91-4f84-8d9e-66fce3d45812	1074
a4640351-59f2-40dd-a740-4d93cf622176	4290
a4707669-bba7-4198-b922-33fc8e1b670e	308
a4766a25-e684-4ca7-9f67-6bd462899ee3	1366
a4767a68-2b0d-4bce-be34-342f7a6952df	1049
a487777b-1c79-445b-8f0c-a504dea29e44	1089
a48a0a29-8260-4c1a-8ca2-12d3974bb980	428
a4974437-9d30-4496-a133-1b88e401312d	2276
a4ae0a86-385f-4f71-9a11-acc19188651c	1094
a4aed89a-0f33-4f34-ab62-5c4152fb0692	1042
a4aefc03-6999-4219-a318-3516d51529b7	1114
a4b537dc-cac4-4009-b89a-fd06dd33f51c	1157
a4c1b9cb-eb6d-4c11-8f68-05eda9da0e21	1109
a4c41530-5a30-4990-a084-2a8c5bdf4ac0	1407
a4c88f92-4f21-4c32-889a-97b910c28e1b	1030
a4c96548-d2d3-4f30-9a26-578faa013476	2396
a4ccb1d6-db01-4fd5-994d-88677e1ba47a	1067
a4d2282f-0d57-44a6-ad4d-6de24dce8eb7	1070
a4dbdceb-ae1a-41bb-aaa7-9f8fb9c2b177	1139
a4dde3d9-6fad-4256-9338-a19e790e2729	1216
a4e30327-d2f2-4bcc-b922-7b10e8cc4d85	1094
a4e9386e-a85e-475a-abe7-981213f140ee	1067
a4f6e0e6-7b85-49a3-82eb-8448fde270a4	261
a513e8dd-6cf5-4c96-988f-bd20e70937b0	238
a532d07e-a115-477e-8dc5-c3e1fc5b3bb8	1030
a53f334c-1a20-46c3-b223-769d2d354b2a	2278
a5428273-53cf-48f5-9618-8bbae877aa20	1238
a542b804-bedd-409e-a98d-24e7e987da0a	3426
a542fdf3-86e1-4e34-a826-4a9e5bca2be0	170
a5443d53-9ffd-4d2e-ab91-f58c44887b91	1161
a545c2ec-37de-4cb8-8b5c-0100beeb4893	1069
a5496c18-a2d8-432d-820e-3f8dc5f33c57	1154
a5498152-bb1d-4537-b5f1-a9d28da04c94	915
a54c2582-6a2d-4fa2-a29a-7bcdd2f95f37	1048
a558fe13-43a4-4f3e-a92d-ba3686288ada	989
a56304f2-e156-4cad-802d-67c50be53591	973
a5670f83-1c62-41f9-8311-411f564f6895	1117
a572d214-d052-4cd8-8b17-54f9f486d542	2325
a574311f-b835-47ae-bd06-bc50c883b51a	999
a57d50a3-0705-4641-b791-ad70f4aa2be3	579
a57d6bbe-8ad3-4795-847a-53574e265112	1290
a5828755-5bb1-4912-bab6-226fee763942	1375
a5868e40-4707-436d-9413-638492a8f31a	1373
a589646e-e041-4fb0-a994-d627897ea6f2	582
a590a62a-3dd5-4f65-97c3-3ebd6b858529	1127
a599d569-f418-473c-9b2c-f29dc40a2fb9	1094
a59aacb8-6554-4a9b-823e-5246568147ae	1070
a59ed347-a045-47ce-976f-0b63d55b3da9	701
a5a904e2-3f2f-4b23-b38c-bd9db4d4c46d	261
a5ae7cc3-b098-45a3-9a59-d943fe759dcf	1077
a5b3309c-1ac1-4a88-9ce1-49b0aab57500	146
a5b46e04-51d4-461f-8fcb-44f9af9e5a03	690
a5bcf731-fc10-468e-b0fe-44e30ad0d36c	298
a5be68c7-9cd4-437a-9d80-639e9eef18c8	1468
a5c229ff-7ca3-4e9e-bae4-04cc665c275e	1079
a5c7a95d-7a1a-45d0-822f-944a151d0a26	1051
a5cb1220-42f6-4e44-9867-371f0cc3d9eb	1066
a5d3b04d-daac-4dff-baba-ca61469910d1	1056
a5e7f94e-60bf-441b-9c5a-22ca5d3cc5f8	237
a5f4fc73-28b1-40e3-86f9-f0ce23918db0	1185
a5f7d91d-6a8c-4188-8087-d17ca72ac309	403
a5f8ab32-90ff-4a8f-9196-9cb473a79612	1103
a5fbecb3-2cea-45e9-9cec-8b0cac1f839c	1024
a5ff27b7-6314-4be0-8632-6d23f6a2e666	1274
a6062ec8-0c32-4a1d-8ec7-bd01d10f5f33	1061
a609517f-387f-4bd8-bc77-d2e52e425c7e	692
a60f1894-f91d-4fd3-9833-707b0cd34cc8	1097
a614eb07-3c38-4eba-9e57-6681475fe721	1172
a61ab6b3-ace9-4180-99b3-22c8ed64ca7b	1045
a6337711-8567-4d97-8a2c-909624d1b7a2	1072
a64654a0-3aab-4856-81b0-5315fc1a8e21	1030
a64c4fd6-e0c6-40d5-b76f-51f64030349b	1022
a65eec35-fb39-4e1a-89f0-8b95d8ecff45	1025
a65ef367-1fde-42cd-a2a4-7b1a97f74eaa	1030
a66056bd-f614-4900-84db-40e652ac9830	1087
a664203c-7eac-4008-be5f-1dcc08f66dfc	1019
a66b9829-a53a-464c-b2d4-713e0241b75d	984
a67d123f-5225-4d2c-af4d-dd426dd55813	1070
a67fb841-27cf-4fbd-bf34-be435a98e98a	946
a693964f-0c7a-4e83-9466-6166a1c05f3f	1378
a69a9458-dc21-4ea8-8d2b-ef009a6bab03	286
a6a5784b-82c5-43c7-9c75-92462bd45e88	1062
a6ad7dd2-8705-4c97-87f0-9a29aa8d4fd0	1100
a6af8ea7-9a54-4569-82c1-be78cdba9032	1501
a6bb63e7-3249-4502-9e9f-65d9eb299b86	406
a6bfe57a-59c0-4de4-9dab-1a9824ac37a8	735
a6c52ec4-b1e6-464f-90d3-56ffbcc09eda	1043
a6d12999-631c-45aa-a8d4-da068b70c716	1047
a6d1b1e6-58a6-464a-9d4d-d84530d345b2	1063
a6d8b16a-4f03-420b-9189-9631195c2a84	1037
a6e3cbe1-7bca-44bc-a7e2-a3370e245d83	1056
a6f1c712-2826-46e6-bece-e2934bc2996b	1079
a6f8c3e5-785b-48a7-b9d3-badafd92ed41	2495
a6fa6675-cbac-43bf-94db-6ad03f6e1534	1091
a7137337-60a7-4167-abdc-27a8342ea785	973
a717034e-b558-4e75-94a4-1fefbf265d0e	972
a7213645-f315-4a10-9b7a-2f439b17bc07	196
a727713b-f690-4ca1-83be-f314ba49d850	1069
a735b454-fe98-4ead-bf21-165489d31fe6	1034
a7366b8e-db9d-4adb-a14e-753993019974	1070
a73ae07b-f838-4be5-af9c-f8baebf56804	862
a73f9870-fe31-48cc-975a-f2d275be1750	1074
a74eec5c-5029-4ac5-a399-9d4fa2c77ab1	1249
a7576a2c-ac36-41d7-9f65-1ded22136865	1155
a760618e-59b1-4cfe-a85d-3055cee13eaf	2091
a76835d5-71e5-4429-97aa-ff9c3d0a4889	1457
a76b6450-34cc-4620-a875-18cd0a3f4878	1062
a76cba3c-b14e-4f36-be66-bfb73a6ea778	456
a775c201-0f5c-4644-acfd-f5fce0dd0bee	1354
a776b1ca-5bbe-4145-a5c6-127749dce11f	1023
a776f109-5660-4705-a7c4-d0b6bebe4fff	785
a7777974-7de2-4a60-a6e5-93ad8b58e483	1428
a7838189-0747-4725-bd3d-4767fd5065f5	1021
a78e3cca-a068-4f1b-be1e-074871536435	1050
a79934ef-9d6d-4866-b376-9b24e967f683	649
a79e60cf-9053-4f79-89fc-93605d8ad99c	1059
a7a0c1c4-c33e-497f-99b0-783d2cab4b99	1088
a7ab0c11-022f-49f4-a5ed-92f30e98bc81	1062
a7acf00e-a2af-4021-bae6-578e812f2770	1054
a7b85111-eb95-4738-822c-8cf11834a45c	1190
a7d1d1fd-8192-424f-bc7d-e68848b40d99	385
a7d67aac-ecf5-497e-bbc5-d3c0100f2bc4	1080
a7d68a85-7842-47ea-9c4d-b5f481108bca	2940
a7d85ed6-fc6a-4dd2-8389-0a825ce490c5	1066
a7e719ed-d1b2-4a5f-b0dc-833653590c73	260
a7f850a1-5a2f-4e80-a972-279b04a76335	1028
a7fd1618-35d0-42a9-9ab6-05fb71f8a833	1133
a7fe0bda-16b6-44fa-b90e-a64b5a325caf	814
a808066c-d39c-4c78-bae0-e3f0469de31b	362
a8185ddb-44ba-4d3c-8cce-4fb41a1a8c5e	1432
a819853b-e205-402f-9e60-43ba4bfe198c	1281
a81e935e-327a-4e94-aaae-54a5fd11fad6	1253
a8230d2f-a06d-4a43-9ccb-39b20415e6a3	248
a828fabe-9c12-4fba-bb7c-732d64d6b561	1080
a82a331f-40ed-4590-964b-2e8419764c0e	408
a82b8ce5-c27d-447c-96ea-dbe98c0b08a9	1141
a82c212d-96c4-444c-ad34-9db0f0239a13	1065
a82e62e3-e886-4c45-9155-1f77bac8ddfc	996
a82f34bf-ae1f-41d8-9a21-6c59e6cc7cef	1056
a8365a34-64e4-43c4-b4a1-594e795f9850	1079
a8384439-bf35-47d7-8fe4-a75465261db1	771
a83b59f7-b772-4048-9381-8ac930e55a2f	1057
a83bdd09-01c1-4b99-9eb7-8a6d35f115e8	1073
a84e7ef4-f2d6-4ab9-99df-015aec0eca04	1997
a854b0ed-d67a-4ac5-a664-d838519bc2ac	1457
a8605966-1a97-4601-9b07-806e009d418d	1101
a861433a-4faa-482f-a9c2-b8e6e6dae2b4	968
a865e566-3b2f-4b52-9fea-9755651f092c	948
a872f5ff-248d-41a5-96ca-89a81bff8673	1049
a874cb84-a9a8-44ed-a354-d50f6b0448a3	1009
a891d254-52b6-4006-9b06-5e599c51a419	542
a897f512-90a2-44b1-b851-f51e7451e70e	1054
a89eb45b-8e3d-44a3-bd15-9440a416a06f	1118
a89ff443-e0f0-4f10-ad64-0821a9d85f13	151
a8a09763-8e25-4b42-b0c7-aa9debd21842	1032
a8ac7650-0212-4a10-bcee-0140322aab1b	1366
a8af17c0-396f-43e8-8807-1b58d66d9855	1738
a8b0f558-b289-481f-a631-77b669c922e3	936
a8bb6e14-496d-494b-9e51-ebcb85cb3dac	987
a8bb7a28-46f6-4036-a051-7f86e713bf37	1235
a8d596c8-b865-4e82-8f5c-424388ac274a	894
a8dab5af-71f5-4347-a48d-62829941d161	1072
a8dbf805-5edd-4afd-8d52-e25bd24519bb	2468
a8dc95ad-a321-499d-b525-492017b8255d	1060
a8e21d4b-462d-4e3d-83e5-148ec2b4eba9	1084
a8ec06c6-f364-4198-86c7-7b56b124ec99	1143
a8ee125b-4e7e-4273-8709-03ef3dc23c35	1123
a8f19c9a-60a3-4fa6-8546-5831ae9a5cf8	213
a8f9fd9b-d608-42b8-8557-6e8c77e13810	363
a8fd802c-8a87-46e8-bb70-befaf40dbdc5	982
a900f3d2-d958-49ef-950b-4eaedd7b70c4	1020
a9029349-cd3b-4568-8e60-08f932372c80	1110
a9044ea1-a1ad-45ee-8dbd-9da14e71e18c	2283
a92f3af9-6b8b-47d0-acfc-2586c1e0d103	1102
a930fb00-b8db-4dd2-a52f-26c6cc790d5e	880
a9429163-8b1f-4ab0-b5a5-0a7709688236	1051
a943d7d8-12b0-495d-805b-3fc293a15135	1451
a9457bed-9232-4bee-8c56-d185e5a9f727	133
a948b1d5-8572-406f-89e1-3f244aea593f	1077
a95af4b0-5f69-4de7-b019-94c27e324181	331
a95c7eae-a338-4f46-8f2b-481930af3fa7	1094
a9678bb0-0565-49da-9125-de13c526d1ca	1384
a96c6933-7e62-4da4-b482-db632d71a459	1072
a9747721-c55f-47c2-838c-3a99778fdd6d	1160
a97e784a-bb87-4fe5-8509-e3adef6759b7	2646
a985cf75-3270-49e3-a314-50df534f02fa	262
a9909d7c-8b41-4468-90df-51900cb0b987	1137
a99882dd-262b-4d67-add3-5e61569e931d	1132
a99bc99f-43cd-4e39-a9cd-5711ca8348b7	805
a99d820e-8ae9-4669-b7e6-1fe36005a98b	1530
a9a07f81-96b8-4cbd-b55c-1427a6c938a9	965
a9a128de-ee3f-4b45-8fc4-58af1362ae4e	1218
a9a76837-aeee-43f7-9716-7d4e1ea57443	1207
a9a8c37d-9976-4664-bd49-047dc79314ff	907
a9bdef65-b3ac-4a08-a20a-359fa81f8047	316
a9bf620c-953b-48bc-a082-89a7c9209562	667
a9c0da8a-fbde-40a0-b409-a1206c927e81	1072
a9db23d1-e7e6-4414-9183-31b7d40a374b	1087
a9df83b6-31ff-4fba-bde0-1a25a3dd518f	1271
a9ec88c2-d669-4b62-9e41-7c36ff43f290	1082
a9ee9c89-3925-4cd4-903d-9a09a7dd9dbf	1236
a9f524a5-ea78-4dcb-808e-28ea73d55576	939
a9f5df7c-1f8a-41ee-9dbc-1340caba2078	1292
aa026389-6fc4-407d-a144-fc6fcfce2fd3	600
aa0ad8a1-5bcf-4c9a-bc6e-aac9fdbc7208	1166
aa1497f6-abc1-4ec9-935d-fac821196a53	977
aa1e8d77-093a-4734-8f78-680c79a5054b	1049
aa24e5fd-be48-4c5c-97da-f649ef527368	987
aa2a1f9a-4495-47b4-a7b0-d9fb900197ae	923
aa2d2ae7-0feb-44b3-ba30-43a5f16953ee	1098
aa2edbb0-4ec4-486b-8f4d-4cbe9742c5f1	905
aa335066-df89-45bb-99b2-132efb006ab0	1072
aa38c870-e7d8-468e-a732-59624a96f7d8	236
aa3fc76e-9638-4dcb-a19c-28db0eac58ec	1167
aa400c33-2e9d-40a1-8bdd-399d8ca7d614	1722
aa48acd7-5ec3-40e0-9b4b-841ff8ba9768	233
aa4dbe87-1f78-4d4c-bb99-a71ae889f11c	710
aa4e6f96-c6b5-4e61-978a-a13f0c320d7e	1259
aa510363-439c-43a9-aea2-656b9760f1e0	1130
aa596209-69bd-41bf-a21f-d555b2d5124e	1052
aa5b1af8-6bfd-454a-926c-1c5a0c50f25c	1073
aa5ce94b-c17a-4db0-84a0-e7b21955cce9	2506
aa6071cd-6421-49c3-aa15-9c573d08dfc2	1033
aa694fca-d4ea-4608-88a6-e3c9fa68467f	946
aa75a9da-e4db-479c-a913-5a720134c49d	1073
aa760741-a020-4a60-8fe0-992847777d28	1259
aa826b82-54b2-4276-9f9b-8803d4bff873	447
aa838cf7-93f0-4375-a7a0-d9064c86e9aa	1032
aa886013-282a-424a-bfc8-7a9817ab800d	1017
aa8ccfc6-edb6-47bb-aff2-62d87515e224	1103
aa9c3f8e-9512-4b68-a52e-1c577e0afa55	947
aaa7bb1e-a8e1-4f7d-8c4f-e7c4886bc337	1072
aaa99286-1a31-45aa-b67b-e99748af1bf2	1367
aaa99b02-7466-44fb-a731-06d51426760b	985
aab4d533-5272-4ae9-8465-495bbd3851e0	1124
aacb55a1-545b-4a76-abc5-cbef56ea7127	1325
aad1e878-6a30-4eb8-a458-a3678bf399c8	1111
aad9ab0e-2c2e-4c9f-8683-98bcb82b0a6f	798
aaeb8fda-bd86-4117-82ef-8a0d3ebbac0b	176
aaed45d6-e472-4c8b-9245-e91c94a3974c	1114
aaeee5d9-91c4-4730-9201-c795f4fc4e2c	1076
aaf82837-f4f9-4d09-b0de-9e0900628153	675
aafbc8a1-1681-4f6f-b69c-22406544e500	147272
aafed851-96d5-4210-a32d-d145e812c123	1321
aaff9b86-e82c-4300-89b2-e3251d47a5e9	312
ab1b2b47-b079-4793-8703-130a73c5156b	191
ab1c9b57-5dcb-404b-96c5-4ce854884b23	1255
ab1d3215-dd93-4a75-b3b1-685ea4ad39ce	1327
ab1d3876-9ccb-4128-92ea-f2cf88b5ad92	1096
ab29904f-ad28-4b2d-9257-f7e054e6548a	169
ab2ae7b8-c330-49f8-bbbe-3a39657dab75	980
ab2b229a-db52-4fe2-9cfb-644ab8c63100	1074
ab2c6414-c904-47fb-bc8a-24be90bc6a2c	1304
ab2cb512-52f1-45e9-b930-d53e1f9ee188	1438
ab342a80-5971-4d3c-a3e8-e869111e4c6e	844
ab35a275-f29e-425d-aaf6-b4e45054b57e	1061
ab518592-350d-46df-a5d4-83ac88d12327	1069
ab525118-7ca9-45b8-8eb5-e3ccbf9235f6	1060
ab54cc83-8537-4b43-acc4-e4731c99d48d	1128
ab567804-dab7-4e94-a56e-80baf6deb73e	1003
ab5d4a4e-065d-4c12-89c6-a56205fee085	980
ab5e2e26-93ea-4914-8d36-c7e960134cac	279
ab7d049a-538f-496f-a81d-5e3d27f63d4e	1088
ab7e57b0-f1a5-49ac-8ded-e9ee78d7b0b1	1164
ab853928-e19f-442b-82c6-61e5c9638bec	2227
ab8c6f02-dba4-4c07-90af-9030408f5535	2201
abb3921a-3401-4f22-bd6e-f1e7cbb5f2ca	1019
abbfc93f-2606-4aa0-915b-5340ff64f924	1065
abce5633-6c75-4fe4-a80e-dc0c88bc45f6	1294
abd6449d-ee0c-4c43-8487-630e40f7777d	2257
abd9f1b8-d759-41cf-a487-a16eeb8c0f33	2081
abde20ca-0e67-46e9-8104-2f4fe6dc8f55	344
abe819bc-db5e-4fca-b55d-738c6ac27b08	853
abed8a7b-8c96-466f-a85b-ab8dee126cc8	1222
abf0d747-9bbb-4580-b2a0-9d0c164282e2	1081
abf567c9-2005-4d8b-8a7b-70ed9252c079	1068
abf5b091-fc95-431e-90fd-c421a147f0e1	717
ac01ed97-e426-40b8-97c5-3567a2359e02	968
ac0bd2b2-76e3-4854-93c7-7b5361dd22bf	1084
ac0d4eab-8ce5-44eb-af1e-dc29a8afaf2a	2579
ac1330c9-ce15-4a3f-97e3-c99a0efb95b6	2352
ac188576-c24b-4e8c-b409-75c61b605866	1066
ac1d4d66-de67-4556-a510-f06c02eab3ce	1145
ac25a72b-2dbd-40d8-bda5-362be4df3e91	1080
ac2c8918-741c-47e2-a57d-4dd2ca57e8b0	1058
ac2e8cfe-370d-4ec1-807e-6dad221e9508	1217
ac38976c-5475-450a-bdec-5e7b413f3a62	1073
ac398103-8ee0-4340-8ae4-483ff2c66f45	1016
ac3bc5b2-67f2-4fc5-a6e9-7e24ec1bdf5c	1051
ac3e70aa-d17b-41a3-9df1-a829280bc5c2	1646
ac3f6135-fbfe-4c7e-a4e8-357cf4590cf4	1165
ac459fd3-ca79-4f1e-97dc-0e063f7c8dca	1053
ac46b26b-7bcd-4aac-b267-aa1489b32f89	1107
ac62d7b5-e758-48cb-b168-7a86b6e2e640	1053
ac71881e-a4a7-4327-a8e5-a6862bc6f72c	1018
ac796c1b-0902-4632-907e-12675070747f	1067
ac7d4dc7-3429-4168-a249-45efee536b80	1106
ac8a3603-618c-4631-a9fc-58294353a156	650
ac91ed47-0998-47d7-8e5e-10aa299f2637	246
ac9d7890-c4cc-4429-9b33-717919a307a9	1060
aca01606-f626-4123-bcec-b8e1bf4ed9dd	1265
aca65278-c38f-45cf-b2da-6e25528db8d5	1098
acb6c195-33d7-4154-afc6-d39eed3d5612	1061
acc4a284-5992-4745-b22c-d8fb260d75a3	204
acca48d9-4525-4432-aada-e02fc7d51552	1763
ace4e32d-6560-4540-ba2c-0888d18fc7d5	1072
ace7e431-7899-4519-bef5-344b7d46921f	888
ace92241-108f-4129-8869-6e30bcf4a09b	1762
acf71a7a-77fd-4625-8792-e54947f8d13e	1078
ad003f19-0a8c-468e-a2d9-9dd6a34d8bfa	1077
ad040a2e-2fc0-452d-8643-24b89a8dbef5	120
ad093cf5-3501-425c-b070-62add6878f22	1075
ad0942e1-323b-4478-8f15-c0c0d16173be	484
ad0beaa6-7b9b-450c-b358-69c4eb667454	1062
ad13a5c7-ef3c-446a-b2db-00b682408eb0	1048
ad19c468-fffc-4c68-a6ac-1d6a3190461b	1071
ad1f66f5-cc50-4cfe-a594-b5b404852c2a	1081
ad217494-b120-43fe-a072-668df26869a6	494
ad21797c-85c1-41a0-8448-30ad27c5be9b	838
ad31f013-3ce7-4e26-b9d9-dcd43a26f134	386
ad37fc74-4952-402b-a3bc-24fc7e5fc9a0	995
ad3947a3-2f06-49ad-8888-583ad3c24ec3	973
ad3a2618-3156-4d96-a5d3-761154f5682d	1066
ad443835-be4f-4719-b234-181a1d217458	569
ad524e6f-57e0-4609-bb93-a334cfa114b6	1076
ad548270-0f5c-4be4-bc01-2311c2dc2593	2066
ad56fdab-bc75-445e-b7a1-b28f2d42785b	1064
ad59b87d-478a-44a9-b225-67543b59569c	1020
ad70dedf-27a1-4bad-9583-f6d1fe16c74c	1094
ad7a47e6-191f-41c7-8bc6-ec12bc0df693	1421
ad7c6260-b1ed-4942-894f-5496256217fb	927
ad8066ae-31aa-4130-92d7-813d2b3d8120	1124
ad8647cb-69cd-47a7-82a3-9e8e9ddb93f9	1382
ad8f60ca-27da-44aa-9706-a197973cc257	1136
ad91af50-c8b5-43e6-ac56-dbfd9031d0ac	1081
ad95747e-5ed2-421f-8fc8-2a00109a1f5b	1114
ad9792cc-23ec-4876-a0cf-4aec8f13bf5e	1444
ad981f1c-56fd-4915-8397-53c42eb1e971	2128
ad9cd946-e7e5-4307-a357-c64f911c8f1d	1065
ada22ac0-4a5b-4bc2-982d-a6c19a51fdb7	1469
ada5a5d4-b6c9-4c98-bd59-7ea4afd37d49	1254
adb49aff-7c88-4808-be79-c517dd58e3ac	1336
adb5080a-c44a-4b61-a1e5-5f91b7b834b8	2451
adbb074c-3ab1-468e-9bf3-ceb6437168db	1241
adbdb1c0-a326-44ca-9433-ef0baacb0ac7	1259
adbf34ca-e6f2-4cdf-837f-40ee2ee56599	1841
adc5c7cc-10de-4e7d-88a3-e69a5e38d2ef	1111
adc891a4-9fd8-4cf7-9dcd-31c8affbd9a6	312
adcb2792-ea5f-4706-acbc-8f57fd8cab73	714
add1f20b-1b73-47e4-9436-77820c570dcb	1279
adead8d8-56e2-46cc-a4ce-5e344e6dfe3a	1079
adf0eec7-24bf-441b-896d-c8cdf7b5ea8f	1193
adf11251-ae16-475c-b292-40ddd2e038bd	1257
adf24988-dcb4-4916-8587-5e6375321e87	262
ae096601-49e4-4467-8369-508ca5133989	275
ae229191-445b-4839-831b-083d4662151c	998
ae2cd16b-14b2-456d-9a44-591650ce1cdd	1254
ae37912f-8d51-4700-bc67-b031f594fa2b	1237
ae3f24e5-2b0b-4452-a78e-2167279d4e38	1065
ae45180b-df95-4ee2-a1ae-e7297cc53f48	1036
ae4b37c6-5647-4af0-acfd-0c7593a2f041	1073
ae4c8eeb-87d3-4e4c-8b56-8cbca1fd6edb	1066
ae4d9215-73f5-427f-ba0d-1dd876ffae5f	1058
ae56ffd8-5142-4881-a34b-3bc421377084	1373
ae6d0612-7a2d-464c-83be-d3cb26a10947	1005
ae74e226-b066-46cc-af99-10ab7147ef6a	1103
ae8a6d8c-bf54-4df7-adf2-b5649f47e7df	675
ae8cf47b-b783-4ba7-8692-39c1b2cee120	1048
ae959921-c067-4fca-99d3-08ff43ddfeb3	1070
ae9cd1a4-7da0-40be-9735-9b94f166033a	418
aeaaf0a5-c066-448c-b64c-e778534e2d86	1240
aeabcf66-9af7-49e3-beb2-f9086b2a441d	2437
aeb056d8-07b2-4f05-81d2-aa6a43a4a43c	284
aeb7aadb-21ca-4e89-a21b-58d17e0fab64	1095
aebc9a43-16b5-48b0-a22f-8a26a57d3e5b	999
aed32723-7a16-425a-9f00-10c218e07158	1056
aed52a13-4e1e-4ad3-b2b5-b1d624478fca	312
aed7d333-188d-4f9d-8e39-eac91accc07e	2271
aedad777-b4ff-4352-a79e-bb5d2699d84b	584
aedcd468-6d55-4798-811b-6ae6da93603b	1377
aedd96c0-a8fe-453b-a486-fca82a0ca2f2	1330
aeea77a9-c960-4a02-80a0-ff94f79f0d11	1383
aeeb66dc-67f2-4c3e-810b-8619e893c72c	1079
aef508f8-9476-4f21-b81f-11a802503c23	391
aef6b6d0-5c3e-4f65-a669-1675978b95ac	827
aef98b07-3f0e-4e4f-b4e5-aa79a36eb5b8	1123
aefec671-a326-44f5-a7b1-f2cbd007227e	302
af02604a-19f5-41f6-94f0-53c2f88d3cb9	1392
af133682-e515-4c29-9bd3-4c4a651e4bf9	1230
af13b9d3-174e-4939-a266-e993494fe5a5	906
af144eb0-33ff-4bb1-a379-02213155a6a3	1048
af254b70-4d04-4e70-95a1-652be47afd35	1084
af4687ac-e4ef-46af-b308-32c8b3b3f20b	1024
af4700b9-bd77-4826-ad91-7e21fe4342c8	663
af4a7634-ea71-49c1-9e24-a54f6cfdb63c	1068
af4c3635-466f-4707-86c7-ccd7550e0302	1068
af4de529-fb7a-433f-a185-3e24bef57776	1142
af5355af-6c60-48ac-bed2-0cd14aa64b87	1077
af579dfb-2084-4381-915e-f6cec679f232	983
af5aec90-fccf-4ecb-85cf-df8723c4357b	1031
af5f5127-89a5-474a-81ac-d4fdc170f761	1230
af6472de-93b1-44f3-9c37-38c2edb01d35	2059
af659ffd-d1f3-401a-96ed-b199eb97a0bf	1017
af6a0270-7eea-470c-a5ba-5e4e2b17b307	1453
af7520d2-6b8c-4104-b97f-fd50cd4d9660	1073
af7b7727-eab6-4eb2-8ed2-49050007334d	353
af7fab03-3bf1-491f-905d-9c3e5bd5cb73	1247
af8601bb-5e5b-43bf-8259-45f971b15690	1177
af8e3bf9-7410-4feb-9cab-01a9a819fc65	314
afac24a9-4189-4e9e-9afe-1632844a9a80	955
afb1275b-c244-4508-889c-4690e60a4b58	1228
afb222f2-eb45-4c0c-83c0-69eee132b6ee	326
afb35e29-16b5-4951-b7a5-bc32e4ea415c	1129
afb97371-4d9e-4229-94a6-b5badb319c24	1056
afca10d3-52c8-441a-9fd0-87e20e5eab1e	978
afcb448b-115b-4eae-b8f9-6f044b44c974	2156
afcdffe6-ad58-4fe4-9185-2c5e33960a39	220
afce7254-c148-443c-bda2-d67ba7e6ff09	1167
afcfaca9-2907-48de-9654-a778764fd6c7	1028
afdd638c-b51b-4150-96bd-19669a23f52a	389
afe32926-e7d2-40cd-9bb9-9c5301b77c06	1099
b00700df-75a2-4ef8-ac5e-730ef0ce2e4e	936
b0085eaf-11f2-416c-842f-19a9858421c7	1020
b014b738-7aac-47e8-b725-5d9aa1138ed8	1094
b0152585-320a-40fc-aaa9-e5f46073df42	1069
b019ff75-8d4e-48c4-8cd4-0e8f46bd5a5a	992
b023b2ba-a236-4a06-837b-8adfbb49c864	891
b02cd130-9cde-4d93-b056-02ec02173b52	267
b02dc7e5-61e7-4401-9432-da3d1080a256	1087
b02e4bbb-1876-416d-b279-3d268b432768	1254
b0303cdf-267f-47ee-9108-0fa06070e21a	1064
b032a424-0091-42ef-9b6d-fb247024dc20	528
b039ebec-e44f-40eb-be31-0fc85a899986	1026
b047ebc7-78a8-44ff-b15d-13cb5ab8ff50	926
b0486027-dd10-4d32-8b85-a505a56a0a49	398
b04c0a09-8aef-4566-b806-d7bbb94fe89d	387
b055191d-3f07-4456-9247-2f8bd2942912	1038
b055e1ba-50c0-49e4-ad4e-6cb4f9cf21df	994
b062e4a2-3695-4c39-bd1d-ab197a320fe2	392
b065a7b2-d35d-4490-871f-c3d652ae6738	1395
b06a29d5-c018-4836-9bf7-ba8490c76969	1032
b06e6ecf-86ff-49e5-abeb-70860d53df33	1010
b07eef86-d5fc-4409-9163-019d99e3bf72	1232
b08151f5-2081-491e-bb24-9f8dd1c26124	1307
b08df417-6816-4d63-944a-c524965c1844	1045
b0982b66-17bd-4ac2-a978-9fad893c311a	956
b09da4b8-3eae-460d-9ce9-e7b17e539507	1232
b0a8c39b-d118-4f22-94ab-3ec2a1090581	1127
b0a9edd1-0576-41f2-bd0e-380befbb129b	1018
b0b61269-149c-4895-ae41-1df1cf126cb8	1016
b0c63482-1f7b-4e6e-96ff-80da346c6d84	1025
b0c832d8-edcf-4623-b89c-3ecaf0aa0af0	2593
b0cc3fef-2dcd-4acb-b345-a106450f1b06	1054
b0d21162-8686-4599-8818-8b21820b33e3	1009
b0d4c93f-07a5-47e6-898e-7fe52ab68eb0	1841
b0ef403b-3c6c-4160-8a90-a94b668a896e	1013
b0f87924-5536-482c-9d9c-28655e6bcccb	2307
b0f8d117-f66c-41a9-ab24-e1df59c953b4	1023
b131c94c-a56d-4339-9fb1-47cbe19f4dd5	2162
b138cc80-2583-4e6c-bcb5-d6bb937dba2a	1075
b13f4ac1-2caa-469b-902c-41209d52418f	1044
b140a322-0d8c-47f6-9003-7a362ed9678a	1057
b140cd66-3dd1-4035-9bbe-00f458a1c0be	1036
b141a14a-375e-469c-87eb-25231b7e395b	1064
b147a9ee-7303-4727-bc23-5b12fb39d9ed	1086
b14d5156-7d10-453d-9adc-a86a54a65f89	504
b153b016-737e-4fa9-b3d6-994a56a4b616	1241
b1555aa3-fd0d-4a00-b05b-f8d8595c6392	1189
b156f504-da20-40cf-b5c9-682aafc03d8f	481
b15febc9-a4d0-497e-a913-be6cd9bd2f77	909
b16228da-2e0b-4d93-bace-115660a214a0	983
b1641c60-9c0d-4ce2-9096-c079d1acd6ac	1048
b167982b-2b08-425d-a846-0a60ab82b7ed	938
b169fd53-c65a-48ba-b894-3c67384fd8e0	1138
b16e7b70-8d30-4532-bc78-cbebcbf517e1	957
b171b792-ac34-4504-9696-a0f93d4fd824	769
b1736e70-712d-40be-8141-11294ca03c3a	1094
b173f0aa-cf96-49f2-a8b1-6ec6fbe794bb	1072
b17cbeaf-bc73-4a59-8f99-f0e21f934af8	1041
b1839ce5-c941-40a6-abc1-f1d9f93e9843	203
b184b23c-aa25-4db6-875b-71d5523e2741	944
b1a9a257-f743-481f-93f9-39bc0fde4ada	1018
b1af88d6-a8b8-4750-aafb-5c4c5b52d358	868
b1b15985-ce00-4f23-ad29-39fbbc2273a7	1209
b1b27f86-5d97-4f50-9d44-ee9999fedfdb	2292
b1b78380-6c19-4012-a4bb-5b0ec4ad9c3d	1018
b1b9d57f-cd26-4782-954d-b4d62272403d	1096
b1cb784e-c628-403a-8215-7c159163cd0b	1084
b1cdc33d-5eb3-40ec-88f2-46d6c1b5cce9	1070
b1d0ba74-e4f4-450a-bc5c-0d5bc2850f0d	1097
b1dd9633-72c3-4cfb-b5c5-d49a39824bc7	1087
b1de81d0-36bd-4dd2-b59a-476bde3f39b7	1043
b1eeea5f-e199-44f0-a088-0e8146aa817f	622
b1f1b77b-398e-479d-b153-ad054a9a9ecb	306
b1f48c24-9d0c-4a27-bb51-08f60d213c18	361
b1fc0c6d-4f12-42f3-9d49-069aefc68a3a	234
b1fce6eb-1d78-4a6c-b6c2-06abfbcfac22	1008
b213e127-cf4a-41d5-b6ff-a165aa99e481	363
b2151c7a-ea4e-419b-a77b-400518b9bae5	1523
b221cab8-20e0-4163-aebc-88220768951f	946
b2253b26-beff-4ff7-bd58-815692e1b31e	670
b22e09c1-f48c-425d-b640-5e0a7c27e0ee	1181
b2374924-a9a5-405d-9771-47b1d80c0125	107
b24201a3-38fa-4c0c-a69f-6cdf88d385e1	1062
b2477f45-a92d-44d2-bf07-ce749cd72cc1	1043
b24bbff3-ecd6-42cc-8f00-25b565b8d41b	998
b2590a01-718a-4a44-8877-f6c75a013661	1049
b25ac9e5-183f-4e1f-935a-f24d10d38c71	1025
b25b3536-3144-4dfb-806e-605842b46978	604
b260410b-2c0a-4730-aa12-c051107a6151	1116
b26522d0-6f2d-4fac-bff2-879fe2d9f610	1049
b26623e9-adb3-4757-8180-5a2b654de2d3	1056
b26a1e4f-79b2-43bb-9b40-6f9cd18a739c	1246
b2763d1b-cd9f-4e76-8af5-a02152a4dc0c	1253
b2784e99-e90a-4a24-88e9-80488ab1d54e	1074
b282486f-dccb-47a0-8d7f-1fef98a86f64	1035
b2a0fe4d-7a33-4a56-9ec7-2cfe5c397715	1327
b2aa26a8-25c1-48fa-b0d1-96185a3ddfc0	1624
b2b91139-6bd5-42a9-b9e4-7e676f09e5fe	1187
b2bd5f63-7394-48b4-80f3-b595331524dc	1596
b2c1ae26-3393-485c-8648-039841ca97a7	1058
b2c340e8-42d8-4540-8914-62f2ebc3ec70	493
b2c436b5-3e10-4300-ad66-e0e711e9ca1b	1248
b2cbbe70-fce2-4193-a168-49d06db402b9	1065
b2cdb392-bd4a-4500-85d1-0c63d1055927	454
b2cf4c08-1901-4e22-8adf-c77f1eeb77bd	1154
b2e9fd62-66f8-442b-99fd-f84ba8a76366	1310
b2ecaec6-e631-4227-bd37-8fd91ef5c0b0	1258
b2ed7324-2f14-43c9-9364-973525c555dd	486
b2fc7a4e-4c25-4bd7-a966-6451bb836d8d	1066
b304cc45-9b35-4301-a690-d96f296257a6	1327
b306abd3-c62e-42d4-9d34-00886497c6ce	1047
b30769d5-8b42-4958-b3e6-b1fecdbc20db	1015
b31752b9-9c39-4cae-80bc-f9b536e9affc	2206
b322e198-ef95-4be1-9d87-407bc2a99936	1066
b32824b4-bc89-4428-ad2e-6455c9b8ec67	1119
b3290166-c97b-4e66-aab2-c33ff8bf73a0	927
b32c073f-67d0-4368-933f-e30beda5bcba	979
b32d519b-d448-45a1-b36c-ba44bdb8989a	2339
b32dbb23-e754-4908-913b-056dd0fc03e6	1078
b3389357-99d4-4e38-a1ee-c63b2ba931ab	1287
b3456443-7f0f-43a3-8620-cc616c227dc1	1847
b34b5007-5ee0-49d6-b7c4-a0febc77dea7	1157
b370ab59-9e99-410d-9dec-cb7c209028c5	395
b37485bd-d131-4f32-aef1-756ef912a0fd	1106
b37c8ff8-457b-44c2-8284-162ea8c0636f	1051
b37daf80-a0c9-4a7c-98e7-23c989e860a5	999
b3849bfa-da84-412d-83a3-146a460b2a80	1088
b3856673-9fdb-4356-9e0e-1be897a9b200	1069
b3923944-9ad8-4f2a-9577-b54971bf9967	1074
b392a742-56e5-4d53-91e8-8a2a62b89e62	1082
b3983e15-6122-4b4b-abdb-493a2dcbe8ca	889
b39dd2af-5cda-45d5-8807-d5ef0c4659e1	1564
b39e9e6d-6637-4c71-97bc-fe3140c0b3e7	1251
b3a9843f-8cb3-415e-8fdb-c2bc63e51205	237
b3c87080-ff85-4539-8ad3-8ae89fe974e0	304
b3d9bbb5-d5a1-4fc0-9517-ee0c6ec0c877	355
b3dc804d-9d98-4fde-a495-119e2a44ace6	1057
b3ebb5f0-9d5a-4e6b-917f-b86d15c0bd5e	1322
b3ec60b2-8fba-4bfb-b67a-b3aa73667d30	1089
b3f9b6ab-0896-4ccd-9a1b-309008dc9dcd	1056
b3fc5122-93b8-463c-8bce-2c992623fe86	1285
b3fe1750-8cc5-41a3-9b30-2c1795b87183	979
b4087242-6d26-47b8-a987-41b80b419ef8	482
b410f533-2232-42d1-a1e6-fbfea8563bff	1071
b41832ac-a5b5-4ec9-8135-cbb25cfd8e55	921
b41fa68b-0b59-4fd6-ae23-f7ae9f748251	2140
b423eda7-4492-48b4-b534-fbc18d3239b1	1258
b431782d-6ab8-4a54-9a3e-a6fccc27c7d5	489
b436c456-d0b8-48ee-b278-15975ce3e32b	967
b4400b42-1525-4755-bc17-a6627655f557	1075
b44171ad-30ba-47e8-8245-a89d8ccfdab3	758
b44290ac-3118-4758-9bf3-a7d7fd82762d	1017
b4568fa3-4a5e-4591-b489-122c262b6379	1151
b4569a7c-ea2c-4334-a219-ee83c389258d	1049
b4580244-a60f-41e4-a023-137c318966b8	288
b45e3732-41c7-4a90-8d3b-e6657e6ae0e0	1116
b46d0a89-c075-417e-a4d3-7edb0b597255	1267
b46e06a5-1e45-43fd-b29b-47f8a4017ccb	956
b4721639-cc3a-48fb-9c3a-f7a5ebf950f3	2603
b4741668-b7aa-478e-933c-eb24c8b1233e	1059
b47d4ea5-ce08-48a2-8b44-14af9fd7f5fa	1040
b47de50b-7f34-48d7-a282-4d210f49d22e	2327
b4821867-53b4-4d89-9297-27559f25cd7b	1056
b4833327-0c05-46e2-9c23-7bfdee83f308	1247
b4972322-8594-4517-887e-2a22a4080258	1018
b49b2927-6c6b-449e-a646-974a9effd06b	2055
b49b6361-4087-42a8-bee3-321c5bf91cdd	1077
b4a0f4be-03db-453b-8b1f-0ff9e197ff0f	1467
b4a66500-8c13-47ba-9f90-fa486ccba2af	2122
b4b9b1fc-5467-44b5-b85a-d971783ccdeb	363
b4ba2754-e77b-4425-ba14-b974ab04c37c	1206
b4bc9e18-081f-49b0-990c-81cd85980b19	1389
b4c28aa7-b0fd-40ea-8378-6ca96bfe23a0	1098
b4c55d3c-d28d-4b34-984a-a3cfce1d9216	1241
b4c79e85-1274-45b1-9cd0-3b24bfab3c24	1378
b4ceb532-3fb5-4ad0-9192-ddbed267efc3	1069
b4cef4a7-b6e8-4f28-b57b-3b45aafaa5bd	2303
b4cf433e-de63-484b-9c08-a234e2598529	963
b4dc812a-02fc-4065-abdd-a5f521624e28	1026
b4dee89f-aa71-4004-aaf8-fe2e1cbe408e	251
b4df717d-9d34-447d-881e-ea52e19ae5fe	1062
b4e0fa74-5abb-4071-9879-0d418cb3c52e	1416
b4ebf85e-17c8-4f56-908e-79d2f3a4d1a7	1071
b4f0c1bb-0fd2-4e26-8887-c427dd9769cd	1048
b506a023-718d-4342-8d98-a1170568d2d2	1132
b5114f2a-47fb-44fa-8fd0-5367374b16ea	1047
b51975c5-0e62-409c-b3c3-387b8233a146	1077
b5278cae-d0b0-4218-aadf-da1204db12fa	1081
b529496a-ea58-4c4f-9881-a59b7da68a3f	1460
b5351d22-961f-4613-9fd8-63375e26a087	1195
b537e756-6490-4b53-b9d9-f9723e4da023	409
b53e69e3-3549-400c-aada-348ee4d671b0	1052
b557adec-e9f6-467d-9efe-dc96b12c5281	1579
b563cb76-137c-40a1-9da7-2da1a5c482ce	1035
b565996e-9b31-40de-b43a-28338115a093	2506
b56a1810-bffb-4231-96f5-a83ff564a8d6	353
b5704967-0b86-461e-a951-94bba327ee76	303
b5721b95-447a-4096-b661-9c1b19605f7c	994
b57258a2-3f83-41d9-a0d7-82e53f258754	992
b58f1cba-0d24-41e1-ad0b-dcc33c813599	2249
b596cbba-8112-4569-832d-dc38ae07a86b	1333
b597e15b-b93d-4d63-abc1-8635eed0a8d9	1070
b59d8149-3d1c-4764-aeec-80b498a2c222	1221
b5a1232a-acac-4fb6-b8b6-aea263ce35e5	2153
b5a16698-4cdc-4f23-8070-01c1aa9b6c53	1101
b5ae1bbf-0b70-4503-bb00-667b3f3c98ff	1133
b5b9ddfd-8eee-431d-8435-72aab4b8fcc9	1245
b5ba2535-da13-420b-a1c9-a0669bad9a88	1104
b5c36cd8-00b5-4b6c-b8d3-60bf92d0dab8	2079
b5c3b592-b5e7-41c0-9b65-213cfe345d09	1286
b5d38521-ef9b-4cab-b005-20ee2e4c7503	1056
b5e6bcec-bef0-4ec2-a6bd-d7ce698cb855	1107
b5e7f478-633a-4082-a59e-893bba0f97ad	1131
b5f1a00e-e2a1-4bc6-b077-b5379a13de3c	667
b5f321bb-ca9f-40a6-b34f-80ebc63f8811	541
b5f40d73-3bb7-4690-8136-d43295a6f730	1083
b605647e-d305-42f0-853e-43a3788a480f	1159
b60b9c57-29a3-4cdc-ab78-6515584b5720	1286
b60d6c3b-83b9-4eff-9767-2e57321bd43c	1757
b60de321-ae7f-4476-aa57-ef16e55882a2	1064
b61c3c71-e94d-4ef0-b682-6cf4a2974d42	1069
b61df9a1-05ce-4b16-a20c-db6d19b2dd9a	1271
b62d563f-9049-49c3-b67d-da378403a609	1245
b6387248-3e97-48b1-a261-8370b5927ea3	1392
b63aee71-cadf-4831-8b43-3f24bc2c0468	1101
b63d2962-f36e-451b-a167-0d1fc30a9425	930
b63d6e24-5dfd-41d3-9217-375f7af6b649	1062
b63e1aed-98c3-4f38-b186-0291d00773ad	982
b64bca67-5dc0-4184-91ea-6e31dd9b5d5b	287
b651db5c-ed86-4d3a-a39f-7ba8feaa8b23	1138
b66ab2ee-5ada-4f20-9174-3b9c4ce5f923	422
b67a05f1-a250-41f0-9bc4-8dc43e939fd9	1092
b67a63bf-a13b-4a9e-a8ad-3d72084da87f	1076
b683963b-3c23-41ea-93f9-9d7f10d3df1c	1001
b6861cad-76c2-4cf9-afb7-0677005b6c76	1382
b6864d79-8a57-4a6a-af96-b83d18232e0c	2074
b6896696-98ae-4edb-83d5-a741e9eaf842	737
b68f6e5e-27ee-485d-8a93-0bf52c038afa	1087
b6974279-6ec7-476f-b7b5-6dc71fe7523e	1267
b69b0f04-e43a-4f17-9368-387c4b9ea746	1295
b6a136d3-f476-4b9e-aa53-dce313193c0f	1131
b6a5f046-9849-4e14-8aab-46453b53a1d5	996
b6a66023-7dc1-40d2-bf6c-5c7b28697c14	1124
b6a6c659-bbc6-4dee-9740-1eb0c1120a11	1006
b6b126a8-40da-415b-a51d-4e488295eb87	1245
b6be7877-6154-48e0-9efa-b30cf44f242c	1147
b6c37a85-8037-4af3-acce-05ea75c3fa9b	1069
b6d1041e-d3d9-4813-b506-12bca71c670d	356
b6dcb21a-f3da-4d6d-81a2-86be43271667	1053
b6df50d8-7ed9-4bb9-95ad-d4fd3ac67521	2130
b6e0464a-1f22-4a98-97c9-31da8c5170c4	1128
b6e4bab3-c958-4954-a777-3cbc95be8989	1066
b6e61793-8c8c-49dd-b5b8-2bade329c89b	982
b6e785f0-63ae-45df-b325-104e4b573a19	2192
b6eee67f-5543-4fd3-9420-0665b305a47b	1299
b6efd549-345e-4730-9411-76916e0937cb	1606
b6f39c08-003e-44cd-9013-ca9e7e48d4af	1471
b6f3de4b-8ff2-47c9-97a3-5fcd99b7d9f0	874
b6f4932e-5040-41bc-af4c-213cbf90833e	991
b6f81351-e7a3-4ab0-8cad-a46342ff5c37	1087
b6fb986a-bc2b-4936-a58d-5a541c863593	324
b6ff2aad-3b4e-4d6c-9c38-3ce6d6ca28f6	1129
b70078d4-3be8-4f32-acaf-cbc8b044ea8f	232
b7012a03-e362-4e7e-b127-ed76e1f41015	297
b7099e70-36c3-4b94-a747-e8db02bdc896	1076
b709a722-7a8e-4370-ac37-493508f22779	1167
b722fadf-386f-4eec-98c6-524f78d6e9f5	1277
b72c8bb0-e5bf-4c6a-855c-7d7d9d91ae02	1075
b732b564-664e-4675-8b18-a6fd1e92073f	1112
b7339020-fbc6-4abb-8f2c-41b71047885c	1485
b7355c90-41a8-4f8b-981b-64c9cd9f6f91	969
b7485bd3-2852-46df-b4bc-13bbd3285e55	1070
b74a2e32-f000-446f-98fc-a2ea4e56460b	2416
b74a31ec-1b51-4b47-a31c-f73bab1058a6	1048
b74ad84b-0506-4315-9c15-ce859511cb5f	735
b754eca1-b7f4-4af8-9c93-72d2cbc6d09f	2188
b75dbf4d-fb75-47f1-ab10-1b8b55334546	990
b7620fb5-9962-4e61-aeb7-67591c312d1e	2565
b76b7689-8dab-4b73-b0ad-fabd74c2892e	902
b76d0177-cb11-46e2-9463-2c5169d1f3ca	1144
b7748175-aff4-408b-a179-6828dc3b9a02	331
b777fd03-645f-40bd-a7b1-cc81cea0a537	1064
b778fa65-725d-44c9-9529-d6c63180535d	1004
b7996ff2-e0c3-4f10-955f-143425e6b790	1357
b7ae6a74-526b-403c-affa-a8794404d3a7	1392
b7c8e070-36f3-4721-b468-da590ee8175e	1017
b7c9f685-836c-41e9-8747-34cce2414375	883
b7cdc7a7-bcb0-46b0-8af1-721e4167b91e	1057
b7dbe0dc-0377-4514-b17f-3f6d865f02d3	1119
b7df7834-39a9-4275-b473-5d990e507dcd	1888
b7e02abe-c905-43ec-b3f6-e324c7ff18f9	946
b7e23c4f-4f53-47c5-a65c-8a0ed1db37ce	1104
b7e73add-1cc6-475e-9825-fbb3e616b7f4	1074
b7e9e136-2b6a-4e4d-9176-a7657b6dbd38	823
b7eeab7c-a225-4c3a-a624-c524afb5981a	2608
b7f34680-cde6-4705-ab38-2062c9dc07a9	1373
b8032ef7-65df-4d8b-ade8-98a2a722538d	161
b803aff8-a882-4dbf-967b-2d2bad23c031	1284
b80454db-350c-4d55-aaf3-adb57e3db01c	970
b80c6ec7-4f1e-4682-9b0a-06940cf624f7	1060
b80e6e20-ea28-46df-ba6a-f92d8f8fe923	1504
b8118b41-a24f-466e-8e1e-b8f29e1ec603	1084
b8248062-691c-4c22-be92-b42d971fa3b0	1064
b82bb7ca-05b2-466f-9236-86eb93f2bef8	1069
b82d291a-bd78-4b5a-b46b-220ef9c191f4	1239
b82e2d59-6038-41e1-bc35-93a741588bba	1103
b833230b-e2ae-4324-87b1-d74709ce8e76	147
b83b4700-2103-47a7-90b0-5aa1809d1b48	520
b83e9771-9be7-4e8c-8ec1-5f73bb5edec4	1172
b8491044-2dff-433d-9056-af769041d503	1126
b84a438b-f9c1-4217-8f30-ab1ecee66c14	1067
b84ed774-8b83-4b24-bb4b-38577f603623	1071
b8500276-9a7b-4b9b-b517-351dae00ee47	1016
b8583a6c-5de5-4892-a774-ff54224bdcd1	551
b85c4ea1-fddc-4785-84da-fa862f63ccd8	1058
b85f95e4-19cf-402f-b30c-78018d054f8a	720
b86363ae-f7c5-42a0-a733-102c7299a6be	1386
b86ab0c1-335f-485f-95ad-3aad8dd79dd9	974
b8775196-7176-4b27-9df4-bf9f80fe803b	1049
b882f017-257c-4667-9263-f2f47074813b	1546
b886d5ef-8d15-4927-b629-520c56243140	1028
b88a3e42-48a4-4028-a1e6-155fd06f2ba0	1019
b8945e53-1f97-4932-8628-da49327fea16	197
b89854d6-1f66-4bd0-b793-79a0fc0630d5	1051
b8a15bb2-3735-4075-8d38-835510769326	1384
b8a2046b-06f2-4cf4-9da3-aec745aff51f	1128
b8a9258d-94fa-45c3-8e8b-5d3c488b4cdf	1272
b8b36874-a78a-4d1b-a072-fd7623f3eb4b	1233
b8cb87c0-3028-4604-bb95-39cd4369badc	232
b8d5baa7-ae20-4273-a9cf-293f00a922d8	994
b8d9ef4e-e193-4f21-90e4-4fac25144bba	1048
b8dbc020-50d1-49a0-a928-88a8eaf8c5ec	855
b8dfbce9-fa75-4368-a8f1-a533feb76481	1055
b8e0147b-d5c0-49ac-8e07-d07deabded9c	247
b8e063e3-22ae-423d-9040-ba64435fc319	528
b8e78aa4-ab7f-4c3f-9013-45598cb6729d	2229
b8e97e29-59e5-4a69-928c-f37a52038fb4	829
b8ec7969-8500-4fe7-9e9c-6e1bec1293f2	1236
b8ed2e2f-6e5f-4b12-bde5-7a80a87a2b0f	1313
b8f4018d-c3b7-4a63-8ee9-0064eeb21dec	998
b8fa9779-93e1-4822-939d-8a174027f252	981
b902bb59-67ae-4dbe-8f13-d11fb149122f	992
b90616c4-7469-4e9d-8983-c8845e3e93a7	966
b916ddbd-6f97-4f57-abf5-04d961908358	1063
b92b57de-941e-45ce-b181-48be3294b795	377
b937b5d8-ba50-442f-b508-dd9e25520555	1449
b9391828-4654-4285-9cc9-0c6c3b1b76e2	1026
b9504e26-b9f0-41e8-bf3b-be23353283c6	916
b95714da-62f2-4bda-b0b6-80d185e3503a	1080
b968a978-aba9-4461-9a50-020731b8b728	858
b96a81ac-a1a9-47ef-aae1-70df07137f7c	1207
b974658a-950f-4087-a34a-a9775b268863	1135
b97605c0-c090-439e-9357-0078a76d6922	1132
b9789379-4f2f-4382-90e5-e0adea337d6a	594
b97c3c10-1871-4da3-9d99-eca943e6aea0	5599
b97ec981-bbbe-4ed6-9069-9ab8663cef11	2198
b98941a9-20b7-4213-9550-5f11b9e4ff8b	2428
b9938d21-f34a-43f2-888e-35c71ce33365	1113
b993f279-7743-4532-a8fe-69adfd6d4172	997
b99ea326-03d1-4277-8cd2-81f4b3558144	980
b9a55a09-42e7-485e-9ca5-eb958f761cb9	1314
b9c0b4b8-e250-4ccd-837b-c090a3a6d762	1138
b9c8e349-a72c-4fa2-ae0b-d98458bdbaf8	1970
b9c9e86c-2c5f-4562-9c99-680fdd4eaa4b	1195
b9cc6579-98f7-44bc-a5d0-3aec415b709b	1239
b9e0030d-05b6-4b7d-a207-80555a19255a	1038
b9eeb0aa-e356-4dec-8275-48b7649d58d4	221
b9f00da9-0e41-4379-a2fa-745bdcab61a0	1174
b9fcba53-9d8a-4600-b943-230f47c73254	1419
ba0aafb6-b633-454a-adb9-1cc6816a864f	1246
ba0f03ee-e38f-4cf4-9f11-7953e8f04e85	1050
ba1a06e1-a53a-42e4-bee2-b2e2a34b094e	1017
ba1a7c31-8477-4d7f-863c-57bab6919474	830
ba1cbc9b-f899-41ee-9ed4-2a217eabe22c	682
ba213e41-db45-4fc3-8bbe-84ff30df916b	1078
ba2e430d-9396-4b38-af4b-557481b00dd9	1168
ba3398e4-e4df-4ab9-b688-8e83e920a41f	1283
ba34c978-1bee-4212-a296-1faf36d33b71	1064
ba44d71d-3ec1-4a94-8219-019fa6cec909	1058
ba48d67e-ef50-492b-b6d3-d6b3acca0558	219
ba4cc476-6926-4d0c-806f-a0f5641f1f73	252
ba551d44-4645-4687-abaf-288632ab1462	1059
ba57a407-5880-4ffb-a3fe-ecc68bf2a1ac	1205
ba6111e7-9a17-4c87-ba80-4530d664a0bc	1124
ba635fa3-61a7-43cb-af93-925b7d5fef7a	371
ba674233-e50f-438b-867c-33418814420f	1026
ba6a9447-0f23-4130-9b4a-4717c0f83a96	778
ba6bfd27-de4f-4904-89a9-94b2e191af1e	150
ba80d5ef-ffc8-4c7f-8a69-7f3d5c136f19	3466
ba8b3672-ae4e-4197-9353-b860f021ab87	1047
ba988411-26e6-489e-a294-20976a1352c4	765
ba98cf19-75f3-4bba-b05c-28bc126ff724	1183
baa34570-f5ac-4b4f-962a-0a36233ece6b	994
baa9a82d-e6f5-4894-bd3f-a6905b942301	1115
bab012e6-e398-442c-b850-0e245e23e2cb	870
bac60539-bb1b-47fb-9928-dd8ffb4c2cd5	1075
badce3e6-0b4e-4c96-bb67-751d46dfc6b7	1309
bae3938b-d936-478e-8966-d5ec4a6a2d51	720
bae3ab14-a64d-4d17-b8bb-7385c6da651a	1049
bae6aaae-b258-4388-9433-e281098f6c4c	1054
bae83561-287a-4f07-a24b-1f1b29dac3b4	1066
baf41256-ff21-4d17-9cf3-73a02db2313b	943
baf6c407-ceb6-49b3-b1ba-c1b6e954f024	2188
bb0a49a2-3cdf-4b02-bb5c-7a826b781988	2589
bb0af1b7-3619-4275-abfc-42f5633f21e1	488
bb1e70a2-fa9d-4039-86b4-528360a772f0	1054
bb223e65-8d60-480d-8f7f-22c16db1d18b	383
bb2c4b65-a422-4066-9f00-ab716d8b70ce	1448
bb3af9d4-236a-4e35-98fa-912ac278ca4a	1062
bb3d8f62-3164-434e-96cd-336256a7e8c2	979
bb3e31d9-a25e-48ba-94f2-cda2c7a99730	1386
bb4644c7-c3ad-4f90-97ac-360f6fb2ade9	302
bb4cda5d-dfc3-4140-a6b6-ecb9263e71ba	1051
bb51e290-1c22-4135-ba31-9ee484bf573d	1140
bb543ff0-814c-48e3-a321-a54e566f0aa6	2109
bb5ad82c-7c29-43cd-ad2c-d738ae61ffb6	1288
bb7870f9-8c9d-4500-bea7-0056aa2bf985	974
bb8f6aa1-760f-4cd5-97de-7ae8a51e7f48	1055
bb947e85-4da5-4010-aafa-a1d2572192f8	1058
bb949854-0f33-42f5-b464-152e505e3bab	1073
bb98a94d-441a-4b23-92a8-46749a6dbd66	1076
bb99a506-13de-49e8-a012-c7c23cf6c84c	1050
bbaa822b-01c8-49ea-8217-8816b252455d	1071
bbb635d7-8d9d-4f5d-bc77-1309d9f00ffb	1069
bbb81ffe-51a9-4839-a001-2d4bf12a9b3f	269
bbba2dc1-e5b7-4cb1-b495-30bdfdabca04	1337
bbbb9329-704a-476e-9950-2cbfdd4b79d7	286
bbbe78b7-dfd4-462e-b0ec-c9ca066b652a	1075
bbc22429-6b0b-4b8a-a752-16539f88eee2	2883
bbc46caa-389a-4e6d-9976-4d6ff3454b28	1085
bbc48f5f-d86b-480e-859f-dd61c1d676cd	1152
bbc4e92c-e4ed-44f1-bad3-bc108883244f	442
bbce1028-90f8-4194-be81-1ad5dc72e5ff	760
bbd21347-5056-4b5f-961e-662f34b473c9	2508
bbd2af17-0af4-4aa4-ba05-015424584d02	720
bbd480b7-2f2d-4774-8248-cfc7d0def7ac	1260
bbde4d83-be55-4988-aec0-a2a4aaba2c9f	1075
bbe31de5-fd7c-43de-98fd-3d656fcf9051	2639
bbf4d3bf-ccad-4cbd-ad3b-320042cf02e4	1085
bbf5399c-73e8-46b3-8658-d784ed4330cb	1069
bbf64a62-4f90-4812-891d-01cc57d275c9	1049
bbf7ab42-0f07-4943-8707-9aaee2b31fa2	2063
bbfcf228-e463-4d78-b9bc-4fcbbbdda7fe	1100
bc009c8c-d353-492e-b3db-bb93fd91c391	1073
bc09f1dc-7539-4cc5-b9b2-3d69feddf164	307
bc0b8576-32a8-4f48-a739-f29951ad8ee3	1019
bc0c9d79-d4db-474f-a8d5-1d7e36740d16	1092
bc143434-a9af-4681-a0a6-20e25762f629	180
bc1676e4-55a9-47df-b23f-1b673106aaf0	1319
bc1e6990-73aa-4d93-a2eb-fa5431b69de1	1359
bc1e837d-2302-42ef-8659-9e3e72c40daa	951
bc2b0827-fb9d-48ab-8bd8-2e34c9de6d58	1051
bc304c7a-6684-4bee-a2e7-f8ab15705e16	814
bc337ba1-71cf-44d3-9a4a-68b079740837	1239
bc423485-33ea-4893-9eac-75a66e654d70	215
bc483ea0-31c3-4ce4-a7a2-89c6947d5d73	384
bc4857fa-7679-4542-93bd-909cee82ec01	1016
bc4b46e5-0445-420e-b18c-b30df8fafe69	1072
bc5c0a0e-0565-4a88-beb3-8313e4f2c690	1064
bc5d2dff-7357-44af-a89e-69d15a315adf	537
bc67f12f-c046-4189-9074-03d020fa6bb5	1106
bc6e7b9d-18ae-48d0-9893-adf7846771d8	1065
bc7c9946-fd19-48f4-beb6-eb6c20d60bd7	1183
bc85df2d-74ce-48ed-8193-b8596c2597d1	1054
bc86fb29-2df9-4015-8cc3-19475e89edce	1228
bc9b301f-00c2-43bd-bf7e-c4f8ea338727	978
bc9e15f2-f743-463c-a5b9-569b4c8ef9d6	317
bca07001-3460-4a5a-9fc5-f4c310d0bfb4	475
bcad31dd-1f17-4b45-a4da-aef5d5cd93ed	2151
bcadd665-2a30-4a39-8e38-76513317aaba	987
bcafbf44-ebda-4189-b0a4-9d8acae5b80f	263
bcb1392d-f9ec-42fb-8e00-8bc053e19841	1058
bcb1d3f5-00d8-4b06-a3dc-1502b315d778	1034
bcb2c90b-d7a7-43dd-be9a-713ad0cecc59	1065
bcb4ba5b-359a-4e1a-a714-0a0da46cc253	1045
bcc2f163-3448-4569-a4aa-5b290dbb416e	1242
bcc32932-52ba-4bcc-9f8f-f0e3f4144c48	1099
bccf170a-f43a-4536-883b-303d6114c74c	1082
bcd10b31-81ec-42e6-a4b2-809d3901bb62	1368
bcd1639b-e13f-47c7-9f65-8bb10ad6ea31	1197
bcd3f9f0-1966-4aca-9eae-3053a2e6c8fa	1085
bcd40a7a-e194-4afd-8bc3-fce5e9eed583	1045
bcd9b70e-f9d8-4e53-9ece-280433645b0d	1108
bcde7b19-a5a0-4ffb-869b-d3bafd093a32	1067
bcdf0ab7-ab8d-486e-aee5-eb1938b18e55	1065
bcdf6ef0-d246-499a-8a26-a022b3d4dbea	1133
bceda1e1-4885-447b-a616-7c9f609eb0ae	1227
bceff001-bc55-436e-a5d8-6b09d9f48023	1021
bd08b882-2df5-4005-bc6c-9e5849900e49	1373
bd0b5198-a1d2-44a1-b97a-15f15185554d	1067
bd0d5fa4-6594-4d00-9b1b-81a557b99f5c	873
bd0d70f3-b112-4896-9d48-b9467e8e583d	1078
bd161274-c69c-4bb7-b31c-f257ab394731	946
bd180e4c-4c05-41b9-afcc-c81e4dbeacaf	1071
bd266904-b915-4923-b66e-2a6da5bb9882	1031
bd2d33ff-8a8d-47b1-ad19-1eb2876e79b2	1278
bd405598-7143-4582-8dee-2af043d1e1de	1067
bd4231c9-c1b4-4f08-8790-3e440afd92af	1075
bd473e47-47e2-42be-b879-a639681ad8a3	359
bd4e0b97-70c5-42b5-a67e-d3b843fad92c	114
bd4fade1-c3e3-4152-bb50-08c4d32c61e8	320
bd527304-e765-4c57-becf-efe78cc578d8	1078
bd5576d1-e441-4585-ad18-07951feed801	1042
bd606d7a-53b4-44f4-b1a9-0f5fca1dfd81	1052
bd62f9cd-89bb-4a69-aa55-186af5adfdaf	1116
bd699b62-73bf-494f-9923-ead83f41abaa	1369
bd6c4187-0a61-42f9-9c3a-4a3027bd414b	1009
bd6cad2c-e0a8-42ba-a004-9238d83036a8	545
bd6ee2bd-01fc-48b3-8028-cab75e4fe382	1096
bd8fbaad-bcf3-449d-886d-f72282e0fed7	1060
bd95e391-5927-41fd-99bd-5cc6de6caf39	1078
bd95e483-d833-4d91-8cf1-cab6c12fd721	1034
bd9c434c-d6b1-4e88-8a2a-ebbd29b87f5c	746
bda61db3-0a1f-43ab-a7be-9ef4155f3201	297
bdb2d4d5-877b-44db-8174-a0ed8e41883c	1149
bdd21d12-39e5-4dc0-936d-d7a57d89be50	1087
bdd61178-9983-4883-93c9-e16bca08638c	515
bddd249d-e561-4a9d-b28c-177a89c16f9c	1162
bde5f787-bf41-477c-b6a1-0b739a97b290	1116
bde9d879-e9f5-482c-a7d8-bd85c8584e7d	2115
bdeb9deb-ef4e-40c6-a593-221c6a5626e9	2266
bdf21a5c-92f6-49a3-b65c-6823f7dd0867	320
bdfa0360-064a-43c2-923c-7da0848c3aff	679
bdfd1969-b639-420e-ba64-80b8c47bcf5e	1023
bdff5b95-2719-4244-8508-3001e8954421	1036
be02fb14-66f2-45f8-909e-5c6bebcc5326	266
be0419f6-8df7-4388-b5eb-4106a6566005	1032
be15135c-4bc0-41b6-9830-4ebafb1523bd	2709
be1c3536-c3eb-4d6a-97ca-d77e54e06e3c	1101
be33351f-44ae-4bd8-bc7f-09df8c01b4b3	1043
be45ca56-6e06-4e11-92f5-7f5defc1f40f	975
be4650bc-7ad7-4050-8abc-8ea9cf2a926c	845
be4c0d3c-90a6-4475-baeb-ef7bcf57bcbb	1471
be544769-3825-4ec9-81f8-5b53ae4f5a53	1576
be590844-910d-4671-ae72-18c7ec47fd9b	791
be5a093f-b07d-47a8-820c-665a71a56fbf	228
be5a384e-abbb-406a-886b-a8dcef00898f	2416
be615cb4-e02d-4d06-8421-f7918d75f131	2188
be6a9814-6668-4220-9fac-b7f6968ac7b6	1075
be6c28d3-e895-4a39-b6c0-2fcb37170341	960
be71d40d-2cc7-412f-9b6d-83f9927487d1	543
be7e35e8-fe36-467d-b872-3f98ccf23b76	1066
be822667-a62a-4581-b256-951629c9a56b	466
be84b405-400d-494f-b31d-99b6cd6b1b2f	1077
bea5be2a-ca7e-41ae-b13e-fe4ba8b80ec7	410
beab0406-232d-4b2e-add6-e93ee6824d95	1002
beb3c132-28d9-47db-81ae-0177df0e72a6	2457
bebac33a-6db2-4afb-b491-7ccaf3b9b4ec	1047
bec8ce27-0f94-4a23-9fb3-90680a27a425	765
beccc10b-1067-417f-b4cb-64eaab5d0676	989
bed0d7e8-9af1-47a0-acf0-e077146de861	286
bed86e1b-0cce-4c4b-9a39-4b333ee73aa7	1252
beda9b9c-2925-4703-a7ff-42afd07851d6	1045
bedd4751-8993-46a0-b51b-d6e6324777d8	1016
bee34e94-7de0-4b75-a687-aad90fd7e8b5	1048
bef805ac-abe2-4b8c-af0b-9ec862cf40c7	1051
bf0676b4-8110-4945-b10e-cbfa40401be6	1074
bf073326-b3d7-4940-a41c-b8e38b6081ac	1250
bf1e43e0-77e9-4f6d-8746-66ba60717da0	1017
bf204536-6fa4-4049-bda2-7a8babd8ce16	1058
bf26a5a4-02c2-407c-b9df-41fd13f4139c	1033
bf326803-6e34-40cc-a98f-f1b2dac7be3f	3204
bf39e9f3-1798-4c1a-afcd-304848cac3a2	553
bf3e1db5-08cc-4e82-a055-93d3be1e4d4e	1611
bf403a7b-1e83-40b3-aebe-adf3269e8e22	104
bf4817a6-b7fe-41ce-a30d-a560a588043e	923
bf5cb076-de94-47c0-b3fc-99efdf108569	1155
bf689ab4-4478-4c0e-b0fa-b484f46e8fd9	1128
bf6c0075-d352-4af3-b39f-12489dd5520f	1055
bf7037b5-6c8f-45b6-99e1-e662941ea5bf	1038
bf761877-a4ea-479e-9fae-000170ecd590	1040
bf86e8f2-c689-436b-985d-4470af40de47	2487
bf88db48-3d50-49e7-9869-a529dd2686ca	258
bf89e50a-66fe-427f-a22b-99f1db5d8a78	1641
bf8a1b2e-03ea-44be-b90a-49aa97d4292e	1341
bf8d3b69-4ad3-470a-a188-ed7d73556852	1054
bf9154c1-8ec9-4366-8b3c-13386f354100	313
bfa1835a-e5f4-4889-8845-320663513e88	2550
bfa37337-56f6-48ca-a12e-d8a5c3a6320b	1119
bfb9f654-fc81-436e-83be-74d280195123	1249
bfc07b1e-2ad5-4bcb-b4ad-071af71a3235	1150
bfd6ed76-c361-4631-bd8b-c94ad8bea42f	1000
bfe0f7f8-0987-4194-a370-e7571a6cebc6	1866
bfe1e7c6-a26d-41e6-9132-5f429015654f	1068
bfeb83d6-0085-4a88-98f1-7f683835bbd8	1380
bff07897-1015-4809-8564-a8087a7872ce	1240
bff78b38-a4b7-4561-8c4b-fedc0c3dd8ec	1115
bffa5418-2979-4fa2-804a-c83cbae2adc6	244
bfffaa24-14df-4d4d-be2b-bf91c6f5325a	1251
c001fdac-1bb1-432b-a5ee-9772a3d785b8	1065
c0097a78-41c2-49a6-bf1b-4f8f851bea8c	460
c017e24b-fc68-40af-911c-b5bf77518a40	1019
c01dbf19-ee91-4240-a8a3-c5445fbc6a11	2321
c0234ccd-eaff-4fce-bb1f-3080f80c1708	144
c02aa424-cbbf-418a-adc4-c85465fe6290	1084
c02cd8cf-91d1-4ade-aad0-9598e14fcfee	1065
c03601b5-130b-4c33-aa30-ed95b472d68c	1341
c039d545-e561-4a49-bc60-5869af5cd619	1068
c0421de9-8a8e-4c48-a039-c18d021e55a0	243
c046b7d5-1986-4d55-85d6-7555532cd409	1079
c0525174-402f-4006-88e0-e00130f9335d	1126
c054b8dd-f66c-401d-9a8e-b3a962f30165	1067
c055737d-3e4f-4f85-8483-efa29350c020	1240
c06f41d0-076a-4c8e-b998-614add08546e	305
c072fe2e-0930-4126-aa22-4e03fd9566a6	1084
c0783483-6edd-4244-8f9e-6df53aca4d7e	1325
c07af54c-dcae-4649-b6cd-63336516692e	1473
c07b188c-2910-423d-a39d-da8df47ef1f0	1069
c08a1acd-0af5-4a4a-a25e-56c54e30d100	1059
c0916fbf-e18f-4fc9-9c50-ce136052391f	140
c0a5a5ee-4ef2-40f5-ba73-b9d309fcce4f	1858
c0a8c0ca-43e8-4c2c-92e1-34e6c1325890	2261
c0ab5c74-058c-4ba2-89e0-c28bb03ae188	1108
c0b82bf9-eb03-4fc5-8cb5-21bde1820596	990
c0bca7e7-5346-401a-bb05-f8907296e96f	1040
c0d79fc6-d8da-4cce-a301-76a78fa561aa	1145
c0eacd9c-1a48-4fc0-8f70-a6465284dbaf	803
c0f2b98c-5d7f-4af6-9445-bca6267c33f4	1339
c0f56b3b-3b9b-4a02-919a-80587e4fde90	1073
c0ff1add-5567-4f92-9944-7afed36e61a6	2525
c101a688-2b55-469e-8792-b2cdc4b09cf3	357
c10378bc-8cb6-488e-a7f4-6e53d3bd53fe	55
c10cd219-f746-4af6-90f8-5c61ccf4f1e3	970
c113d0f2-8d65-4063-885b-897eac733dab	2102
c117e1ad-a562-4f42-a244-492553baed93	1194
c1255729-52c2-4c4b-85e9-fec5a78287f5	1123
c12c06f5-36d9-4f77-9b1b-66cb4ea283d8	1124
c13b64f2-d430-4ee3-9b0b-ddc3cb095cdf	1268
c14a9659-b54a-4918-92b7-851a72bafd56	1113
c14c80fd-74e5-4a2c-91a1-8f84bb5bcac3	1032
c155440d-f2b0-438e-9e21-d5eba8f1ef8b	1592
c15fc9fc-2c93-46c8-8d67-e358374572f8	1090
c16796cc-a336-4f62-8568-01c7f85f789d	1054
c1687c84-62d0-4cb8-a689-d3ef33480f5c	2253
c171fa5d-6e4f-4117-b210-ab3e7e8c45a0	1139
c1733922-89f7-46b9-ba39-c1ecb5f86bf7	535
c173e55b-eb0c-4f57-b633-e4231fdb41dc	1032
c1754c92-0a5e-430e-8f53-0e1d06a43995	1335
c17b17fe-e3f9-4db3-918c-2910ae8a9d74	838
c18d00f1-50b8-4798-b4a8-7156372eec99	2248
c1935bf3-fc4c-45e9-9363-9a9a8e18c4af	1041
c194f0c2-6816-438e-8387-c86e74c41bdc	956
c1a24919-86db-46ed-9f32-c909fe6fc70d	1014
c1abe3f9-5d34-46fe-97a5-40a6e30541af	1261
c1ace9c6-8ca2-405c-8f2b-c6c54241beef	1062
c1b6a0f9-6bc7-42bf-b033-c744ffc1e124	926
c1b73976-2340-4666-9325-ff74aee5947b	943
c1b7c4c5-c256-450f-8c53-cd61de8db49f	706
c1b9c995-5c64-4fc3-bd7c-dd130d739f99	1481
c1cccc8d-0387-4416-8aca-28dbdebda8ca	1034
c1d52fb8-d27f-4b7b-bea3-36a6df5e6d4e	392
c1d612d9-3d62-41ee-83d8-1d20695c0f6d	1008
c1ddc2d2-15cf-49b8-ae29-922ed29aca13	1033
c1df305b-0894-403b-afea-db44d670ecb7	1517
c1e106a5-4658-441b-a4cc-78bdf749ea1d	1604
c1e40175-36fd-4f5c-8251-ba38b192731e	1225
c1eac07e-8a72-47df-abd1-13cea971b1aa	313
c1ecbc7d-798f-4072-bd10-88808007951c	1277
c1f0dd3b-f17f-49a9-a5fe-f759479a4972	815
c1f2222d-6817-4791-8f7e-f26de697fd70	2148
c1f40115-4542-46e9-8130-1f47eeb0020b	1294
c1f7510d-5316-4621-bccc-f8d4372c8370	1070
c1fa2a6a-c53e-4b8b-bb92-ee37d69b3a95	1057
c2000779-bb41-46fe-85e8-5aebda38df79	1080
c202b7c8-b573-4b94-8bc1-ee36ac70d7b0	1366
c208f1af-3481-4280-b79c-a392fc3786d4	24401
c218046e-1ada-4961-91e3-50c0c24119c0	2091
c21a1a87-4ff5-43c2-82f8-df4974cc180b	1074
c2277552-2469-4aea-a4b3-99d5d3224f4a	349
c229df5f-d051-4972-8969-aa8af41bc34b	1476
c22e4645-3b06-404a-b1b6-44237f357795	1233
c2311c15-63ec-472f-b1bf-f7f419489ebc	1059
c232c430-8044-4160-9776-2d5f58666606	1020
c234f358-5b9c-4db0-85b4-3780271608aa	2157
c2390f5e-2920-49d6-b5c2-d68e9f9aa6ea	991
c2416e70-5d34-4100-8d97-d0cd66611d86	1390
c24a079b-ca68-4c01-95e0-290ed135e3e4	1065
c25887b9-88b0-4607-8d1d-94e0cf36c3ef	1012
c259f37a-8fb8-4075-8e72-5f5be9697818	1058
c25a7717-1542-4c52-abb0-eecc51881771	1251
c25ab0b7-dd86-4b86-bdde-ea5d8792f165	489
c26665e6-c279-4b6b-8079-329f4c071bcf	1095
c26de750-c7c9-4fe1-b6f2-5a5419e93b88	1072
c270d9c9-17b9-4bd0-b5f4-1aa5b55d65f0	1427
c273fdfe-aebf-45e5-91cb-c5cc268ff73f	1085
c278d2be-8a37-4f3e-8dfd-e413aca32c63	1094
c27b6e0f-294f-4900-980f-a6d32d1d02f0	1063
c28348e6-96b8-4835-8228-dfd1e131b790	2476
c28381a3-89b5-488a-943f-776f66603766	373
c2930636-e7b5-42b4-8d89-3ae572c5f79b	925
c297e000-9d38-4085-9e88-796fcedc601c	2422
c2a29097-6aea-4a97-808c-8d6b3b81737f	1138
c2ad409e-3dff-4ed8-a716-7b40897eaeb9	147
c2b727a8-86f9-407c-a364-5b0fa10c7115	1373
c2ba826d-ab19-4119-8b54-47218e75a15d	1017
c2baa02b-e828-4de4-a5dc-01d3817f909d	533
c2bdd5d6-70dc-4017-b3ec-d578a7fa19fa	1038
c2ca386d-f1e6-4dd2-9bbe-24df4ed889e8	521
c2d7ddbd-7e59-4d04-8321-46c1b566cd26	1367
c2e31885-04aa-43d2-a51a-8e9733511a10	1020
c2f49b9c-bd39-4aac-9b88-deca7e928344	1079
c2f90ece-721e-473a-8230-4386c28d4656	1385
c30a7c07-bc73-4f5b-9b98-7d9243b5a69f	2081
c31fc6af-5c6a-4078-9667-37fb9d06a1f4	1308
c320f0dd-2660-4747-a32c-040bd0e55f3a	229
c3211ae8-ea46-44b6-8cd7-3b57b2be6c47	1393
c3319c89-5a58-4ee2-8d91-4fe4ab813b02	972
c34015df-d5f2-43ed-a51f-00b68aa7f23b	996
c3531030-dc69-4529-88e3-8b08c8d56f50	1075
c3544a50-db8b-486e-ac74-ce17b760b9ea	953
c35ed65d-a3b5-47a3-afc9-eb82d04b9ab2	1306
c360bcbd-0e19-4caf-83aa-23b9eca4b068	206
c37586a0-ad0d-42a6-ab3f-b8847be313b6	1079
c3802c2c-514c-4f46-b4d8-a58f958413a3	571
c38157a1-d506-4a72-9f33-6eb2b4e0d10d	1336
c381a644-d337-408e-b7b5-547ab6044b8e	1121
c39d6b57-103f-44bc-9d27-b481bd7dbb35	2016
c3a13593-0f71-40b7-b391-92d8caf9a8e3	2612
c3a4abaa-d44f-4009-8969-7ebb22a51853	960
c3aaa162-99c3-407c-aa5c-d3b79d3ddf4c	965
c3b2b454-654e-45e2-bc1c-dfe8a189030a	1068
c3b5d64c-4145-4b08-b0ce-9442fd476559	1052
c3b68f4d-d55f-42db-92d8-6661a4272c42	1096
c3b84661-ccb2-4058-a9e8-2e49d4efabf7	1104
c3bce7bf-c9df-4803-8c55-f2ff79cf4624	1144
c3c4f3c8-97a4-42b9-b345-3ddafa6cd891	376
c3c9f60a-7486-48b3-987f-4ad6ea5bb8ef	1078
c3dbf0bd-3eb3-4f89-bd54-828e1d5fd21a	1316
c3ddb16e-48e4-46c8-b871-b95bca907c9c	615
c3df3b59-7e9c-4340-a7c7-d8e6d79ed947	1064
c3df3fab-1ece-48c7-9e4b-88743c094f9d	996
c3e081b8-dd1b-49e2-808e-1453360dff09	1059
c3e52b1a-76b4-4650-8032-164301860e45	1024
c3e8e9c9-c76c-49fa-b2c0-a8f1fd80ec0d	151
c3eb41ad-5010-4807-baad-efaa17c64226	1074
c3eda97f-372a-4123-bf22-e34e0c261de1	20
c3edfd4a-cc11-46f9-b714-d6f9340a219c	538
c40604f2-5ce3-4df5-83d0-88386ce58260	1068
c409e27d-ee3e-4b54-b04d-5dc618e9955d	1067
c40d970c-23af-418f-a7e5-c357ec0d7630	1060
c415e058-edf9-4bc6-83af-62f2b6a4fc2a	1401
c41bc928-1a05-4ba9-b907-0b300716d06d	7276
c429f913-dda3-4cba-8e64-68e0f160b7f1	1037
c4301ff4-16b2-4a61-8a80-1efa6bb0438c	1566
c431e2bf-d29a-471c-839c-2e9d8d957697	655
c43ae519-fa89-445d-b7dd-dfb9fc2877b5	1239
c43cf94b-c34b-41e3-a0a0-d45b0ba5d4bb	1135
c43f6904-9327-4610-8153-d4169052136c	1199
c4420d49-782a-4d0c-b3c1-54aea1717aba	1378
c44f0aba-9441-4aa1-bb97-493288e21fc5	898
c4547c73-e67b-4b72-b0c8-a8d695857fee	287
c455b7a0-6a8c-4284-bebb-157392972579	1123
c4585ba5-6fe7-4101-89bc-ce3e5791f798	1015
c45f4129-8541-4dee-92ce-284ff5c0201a	2870
c4640948-3113-46e6-bb46-1871782159da	1140
c469c99e-152d-46d9-bea5-744092ce691d	1085
c46a1b5c-8fb0-4d4f-b6f5-58be328196d8	1264
c475c23d-3ff0-40d0-9c71-b36c9a034c1b	1046
c480028f-99d2-4709-ae42-7ab65e4fd4d2	1137
c484a48c-8d02-4832-99ea-6640d3ab3812	1797
c4879138-e0bf-4f26-88ba-bf80b4190c92	2101
c48ae9fc-927e-4fe1-8e0f-7e722fabc040	1381
c48bb652-741c-4c10-a36e-0ca481dd3a07	2080
c4943bea-4b2e-47e1-87c7-fbb8aed22974	1063
c499e155-6690-4306-b81b-00353f881d1e	1112
c4bc6786-f6ce-47fb-b2e2-b19cc1220a25	1070
c4c1ee13-f71f-4a83-8582-c06425d9096b	1083
c4cc9e8f-4df8-494c-b2bb-f7a72b7a2196	886
c4d25ae9-482c-450e-8d55-1c1c256b4bfe	1069
c4d295a9-e1af-4971-94c5-fc6bbf443e01	1276
c4e2647a-c80e-4d1a-b23f-f47d1bea515c	2370
c4e2c0cf-5af0-4527-a4e4-6bbc2cf3aa6c	621
c4ec06b5-26c8-4a9b-a3b6-d5034b2c1704	1049
c4f8c59d-f729-4183-9db2-19c799427327	1074
c5045627-a15b-4bfc-8cea-661976b531ae	1093
c50a2523-0ea0-4d4a-a13f-cf5f75759e7a	1071
c50b050f-eb93-4c2b-8415-52666b9f0f4c	309
c50baeb9-468e-4523-9fcb-f105a8cdc64b	1078
c5163f6a-ba26-4304-81d0-5aa72ccf84b0	1073
c516fa70-0398-46e8-a47d-f4b6487e33f0	919
c51a9f56-14b2-4e19-8152-5deaa5b4dad9	1066
c51e059d-a843-4738-b5db-dd06b557be96	841
c52072ea-de71-4c68-8f9d-7c86a613470d	956
c527ebb2-df6a-48d2-9bd9-a78d14aedb12	1307
c52a84a8-5073-480c-a735-877a6a585273	1125
c52c8fff-4f1e-41ca-ae45-b39ef8d352d3	998
c533f86a-7402-4c8d-a449-730c30a017a1	1079
c540a2b8-4e4a-418b-bfcb-e05f6042dd0c	955
c5448729-7a5e-487e-9390-6e7886bb430a	405
c54ed4db-1874-4aa3-97b9-ea3792e9e9b9	686
c553cb63-9339-4cb9-aa08-b90f63041f5b	341
c55d3676-fe4a-4f0c-8e72-9b5fc24866cd	981
c55e89d8-b2b8-4456-beca-df16b11cca48	1371
c563cb93-d494-4f5c-bd91-9464d0940f57	1102
c5659102-0a97-4312-9db8-62447cb41a16	1068
c568b12e-19fb-40a9-9ede-c79fee3f7785	1262
c56badce-80aa-4682-b1f1-f4a4e32e4d3d	1470
c5736f2c-54c0-43c2-afd7-1fd4a8d780e4	1252
c5833e94-3f36-4633-aa98-95dd50ad6b34	622
c58d4244-24df-4824-8b24-08dec7321077	928
c59868b9-223b-43cd-be92-78df93faca2b	700
c5a6a702-12bd-42d1-a137-23ac79a71953	1001
c5a6bd7c-5a67-4635-a7aa-7ac88740c25e	1069
c5c83d96-a0b5-4948-b43a-b96ceded5f62	476
c5d7e0a6-02ac-4055-884c-aec1cae7df5e	1349
c5dc77af-3c95-405f-98e6-35e49ee8ba1a	1316
c5fb1578-6528-42bb-b94e-2d7d3eacf819	1290
c5fba08d-8c26-4c6a-8f71-f5e85e21fb19	1156
c5fed116-4b5a-46f6-9188-cf1f193cd677	1065
c6000e05-e5a7-4834-86b5-6f945796c70f	303
c606eafd-f09b-4504-af3f-2cc25abd6249	1027
c608020d-ce64-4f20-a4d3-7f66e1b67fe7	1101
c60cc956-bdd3-42be-ba2a-099def213cb3	1064
c613e518-5485-4df7-a179-680a055a26f2	1079
c61ec6f6-6cc0-47f1-9e56-58d965845503	1099
c61f4774-e402-4db0-be77-abca31a7a38d	1156
c6298e57-a193-4eea-9847-400d99618d7a	1099
c62cd0fe-1da6-4c1f-85a6-d0ed563dba09	1055
c62d7592-1c41-4195-9794-6be2840e5769	361
c643ec52-0c52-4fce-8026-3a059072e9e3	1030
c64f2f8d-7404-4d7b-8f10-b066f84f5c44	2194
c6515816-2295-4624-94eb-acb40e405dd6	1140
c6539a17-404e-4b18-887e-66b5505fbaf2	1081
c653bfd6-b764-42da-ab91-f151a8a02dc8	1065
c656450b-6fba-418a-a250-4a29d3c07e9d	1307
c65929e2-d46d-4cc3-b4e5-d6162f0f21dc	2151
c6779836-a75e-4fa8-8de0-2051e9a96620	1023
c67b7e1a-94a6-43bd-bed9-0ef50c9b22d4	559
c6859ba2-9411-457e-b37d-20b0611d5d52	1388
c68b0170-a2d5-4903-9bfa-e32a040b55b8	1051
c68c635f-d970-42b9-82e1-bb621783a873	1001
c68f2b05-f7fe-4604-a507-242536b73fba	1130
c6915a14-c4d1-4071-951f-380954d7229c	1002
c69451ab-2af9-436b-bd54-8a69101069d7	1101
c697a818-e52c-4a19-a970-42b9bcd51ab9	1099
c6a1a08e-673d-4377-9bd0-8a83518efed1	1365
c6a6c471-dd00-40b4-be14-1330dcc6f249	1189
c6ab95c4-f432-4dab-82bc-1c3ee69d16dc	2139
c6b6169b-5930-4ba2-a797-5608f06ee8d9	1144
c6c24882-9fe3-4425-8200-5d83188ab26e	128
c6c5a0c8-caa7-40e8-91cd-672678da7783	1191
c6c62690-1244-4ee2-b447-35b796b1c8ae	290
c6c98192-90e1-4b40-9b5e-5d45ad80467c	951
c6d9f4b6-4a4e-478d-8ede-319b228b5e40	706
c6e47be0-e6a6-4dd3-b9fe-86d907084022	1336
c6eefe5f-a362-4bec-981e-2a8f1bccedd9	999
c6f5df22-0029-46a0-a6ba-bf57b3fc9941	1470
c6fb11b2-51a3-4a9b-b0ef-092c785908f6	1143
c6fc3991-804f-4c47-9fdc-6d9e88fa6b69	1102
c70a5fe2-2c97-4210-8547-6e02e74e8096	1066
c70b20ed-b330-4d6e-8e3a-14736be572a9	1138
c711a2f2-7fb9-48a8-8ea0-67f7c17ba9c1	1068
c7138383-334d-4c25-b3e3-f402351ae02c	1042
c7191b52-4f13-43c6-b27f-8df6c7ace886	323
c71be02d-883a-44e9-a3da-a3e613056b54	970
c71d4dc0-a994-4b50-a60e-7651d3579765	1460
c71d959f-0cb1-4e37-8980-82a52d041daa	7074
c7230af8-0ebe-4087-8ca7-ca8339a1a2ff	1366
c728a6df-afbb-4cfd-bc62-c7f210165797	1076
c729559b-6e7f-4ef3-b748-2e9252dff4af	1024
c72ee2ac-3d64-4736-85b0-1ddcc7e60aa4	1125
c731561f-f345-454a-a8ab-70e61a37e8cc	1000
c731ca2a-4d4f-4b0c-a656-d61a53052222	2452
c7385e70-b0ce-417c-a866-7f134f1c1ae1	1045
c7393a1a-6a30-406c-a99d-6223bdd33555	1053
c73ebc92-4013-4e82-ab43-edb635f86d76	1056
c747e604-f3e3-451c-b196-04760e9e7ba5	1047
c7485f6d-e753-466e-9bb6-1edbe76717b4	1250
c759c8d8-2082-4110-bf07-a846accab251	1459
c75eac98-10d8-47c8-b251-ea8a86536c1a	1002
c767e038-e3e6-4e81-a577-1dfff34e73e1	490
c7772d1a-2f4d-436a-a893-211c0faef1e0	1376
c783a67c-c352-4449-80f1-75b37a33f9d4	224
c7861eab-97cf-4d53-a32a-7312c047bc72	1079
c789ec24-30ed-4823-b205-fcfb8370df67	1064
c78aee98-3e7d-4527-b10a-0f24ba8de125	1077
c78b64f7-0f16-4fbc-a5f5-696cfb9bb1c0	1222
c78b777f-2f27-4dfd-9a84-78c69bea3679	1084
c791caed-27dd-4c32-80ba-4acb35e09316	1428
c795ce5e-8224-48fe-b459-38ba968b30ca	2398
c79683a2-6b1e-4ac6-a5ee-9fc2afbdb6a6	1034
c7ac349c-6506-4ca4-88a7-95e487eb086e	1135
c7ad602e-319a-4545-9d7c-eae41164ad84	2169
c7b0432d-2af4-4272-bb77-4e1b0137afaa	1080
c7b6e2bc-92f8-439c-b038-5402302060a0	704
c7b7dd7c-965d-4aa0-9164-7688df1f7048	1051
c7b8d55f-5350-489f-b311-5c214796d018	1409
c7bbe7ac-7d21-4327-81d4-d9e771c7e0ed	1098
c7c764b2-a869-42b8-90dc-ffd89c0faa3b	412
c7c85af3-f54c-45b5-8615-af9584ea3ef0	1044
c7ca04f7-d7a0-4693-bec1-bedc503e642a	2330
c7cb7154-3062-4090-9535-d4b055928f85	1048
c7d030a2-923c-4b93-93d4-b3494654f457	724
c7e3000d-16bb-4324-baad-27eeda6afca2	1260
c7e42111-01e9-4e2e-b59d-1744ea293500	992
c7e84f61-5e95-4b4e-be5d-576e9c378401	1058
c7eae69f-e453-42ea-be78-f73ca38aa7eb	1075
c7f28219-c499-47b6-b0a1-39aefc49e8dc	1061
c7faf515-fa51-4d3c-8c13-cc554392f005	1098
c80aec86-ce9e-49b2-af32-84c50cfc67ac	1239
c8185216-a3fb-4386-be86-ccb3f83a47e7	1047
c81896c9-60ef-471f-b9e6-2db5cb4224ef	1074
c82355fb-9ceb-4270-bd58-57fcde1442e9	1229
c8248461-960d-4fa1-8a73-2e7022e118d3	1059
c82bf620-524c-4601-a3a5-a5d92c4b15e5	1063
c82f3eb4-8caa-4303-9948-c68948a3d716	376
c83ba541-1212-48ee-b97d-a97c18b6b296	1122
c83d5681-d4ab-4cfc-8e15-98b6c89ce6a7	1064
c84236a2-95d4-4598-899c-7a1f95e0e0d9	1246
c84a6e77-de92-4060-a73d-eca01eab3a1b	839
c84e1961-8568-435a-94bf-a41893e8b395	1067
c84fe419-8c9d-416b-8dea-50a92d971027	1061
c851bbf3-7aeb-4d6b-9ebb-43c51fa408eb	1042
c85235cf-1e28-43d6-b179-72e9f59c047a	1819
c85aa886-2ddd-4a60-b37f-404e2265c63a	1337
c85f5f4c-480a-4910-b475-56b0642f309b	663
c87b64a1-b2c1-4112-b049-60fab105c731	922
c88225af-26b4-435e-a63c-17db7fc65132	997
c88e1629-08c8-4dae-91f2-32f5acab681e	1255
c88e2bb1-883a-4c04-b1d0-27eeb2b95fd3	1236
c89138f6-dbfa-47f2-b3c7-c2f1435d00b1	1209
c8929247-0998-4408-a3bf-8ee8994901fc	1294
c895e55a-e64d-4531-b0d5-35363c16d8ca	1240
c89a5d58-5d82-469e-b870-2fdacaa881a8	2248
c8b36160-0849-4e1a-8822-cdd67ed518a6	1013
c8b4ec55-3f66-47d1-bb13-c5b33383d99b	225
c8b792b2-e022-4d1a-a410-8be5864705dc	1065
c8bf0e94-c2c5-4f1f-851e-6a53a76e8a41	1291
c8c696c1-5e28-4389-a2cb-391045d1898f	1030
c8dcf999-3214-420c-9f24-ee1ccd4a80aa	999
c8e04e6b-b6c9-4bee-9b8d-e2ee8ed0f4c9	1090
c8e92b44-bb66-4cf6-bc41-4a03a8fb825f	1023
c90e1425-1284-4afc-bf35-0bb74a996b47	1204
c91621c6-9797-4687-9f64-1063ebbfae82	983
c9187885-57c5-4cd7-8af4-a0ec03c76a32	1062
c926ec7b-0bcb-4bf9-b20a-06d6b0202f5c	1090
c92f08c3-301b-4816-b82b-e30f9f073360	571
c931b0b0-ad81-40dc-ad8d-63c5509a104f	1126
c9334b37-ebce-484b-8ab0-23170c9b99b6	1076
c93d809d-a171-4d86-a7ab-110ddc25f44a	1008
c94041e2-c2df-4926-a9f0-8457b442fd80	1022
c953344d-7493-484c-af60-3ab021939755	1053
c9566628-1558-416b-977b-73b89c686cf9	293
c960830f-2aae-4083-93b5-e661b9d2cc03	200
c9637209-e204-483b-a068-f9352da3d839	440
c96584e8-7205-4da1-94ea-24703f35648a	1269
c96746fb-8bc9-42a1-8116-e21e3eb84140	1080
c96b45d3-ee58-469b-a1f0-6e437b91d602	942
c973105e-d79f-46ca-bab2-42af088bf860	704
c97a915e-a312-4b39-8538-3e07d3a8e817	1248
c97bea30-58bf-4a5f-b395-54a2d3e09829	328
c97de444-a17e-4d06-9595-021175e476fd	996
c982ca4a-b56b-41de-bdbf-cdafaba1c360	335
c9848a0f-ad65-4033-8dbe-d3234506b455	1153
c99d3b01-01b7-4f43-afec-59e506624643	1043
c99d619f-7872-48bc-a317-59ed4aba45c2	1071
c9a95bc8-a77e-4c75-b857-9c56d7e19b72	993
c9ad2e7d-80a1-4d64-b708-fad9082994d4	1079
c9c04370-792b-458e-ab44-3634032a0cef	1325
c9cf765b-3222-45ee-a4e8-2c8535adad37	310
c9d1d82f-fe85-4960-aac7-17df45beedfe	1017
c9d41752-4228-4c16-98e9-04214b651721	1036
c9e6f009-be50-4de2-99ec-e8b9fa0feaca	554
c9f1bbe6-8d57-4343-bacf-f3633082990d	959
c9f372e8-ce78-4360-9da3-b9c9bc828fc3	2087
c9f5a180-50df-44c8-8495-c1e0d55fa1d0	797
c9fd3c2c-3db0-4d82-8d56-925ac1ad807b	1028
c9fe3883-3c16-4611-a683-258be8d52050	1041
ca1c6ac7-72db-47cd-9cc6-2ac368b01cf6	313
ca1e22b6-dcca-410d-b2d7-b9a8a30c8a81	610
ca1eb72b-5c4b-4be7-ac4e-41f159a38c96	1187
ca2ba32c-90e3-43b0-ac8c-106d5d7c9d39	959
ca40520b-4ede-404c-a1bf-02b2c26a25f5	1062
ca4c1b5c-7904-41a3-85c8-60f5e8ebfd94	2004
ca4d00a0-3f90-4a25-8548-6b7224842246	1035
ca585eac-518b-4ab6-9555-89c5abcff147	991
ca5d85c5-766e-4ac1-9937-d1e29f4b8201	1006
ca60b792-177a-41f0-b2eb-8d948e73ea97	1087
ca61cbb8-7f05-452d-8e38-c3af6771c5f1	1089
ca62eea7-c461-418d-aec4-3a8409d6046e	1366
ca682050-2086-4fb2-98fc-da12954cf5d0	449
ca6ed8a0-9cc6-499f-9d9a-cd8df85bc60c	983
ca750b08-96d6-4ae6-9a02-fe00bd5adc9d	1063
ca7a677b-5b84-446f-98cf-fef399714c2d	1367
ca7b9060-db75-452a-96b0-9ce6cacf354f	726
ca7ef772-8882-4ef4-89f7-fdbc0c95b2e7	2226
ca84d592-8ab2-4142-8651-c1dab06d333c	283
ca930bcf-0706-480f-9499-d2d7b7a41eac	1066
caa073ce-4ee1-4f2e-bf4f-cf4f15582a32	306
caa3fa59-4fad-4b51-a107-bd8ca7b33804	623
caabbbd5-baf1-4766-a697-10a4927d3bc1	1133
cac197aa-5ae7-48a6-9ee0-1059bd992b48	208
cade5aa0-71f1-4d38-86b4-2a4ddae0c4e8	367
cae315d8-6dbe-4be1-bd93-098a2b01e0d9	2248
caf54e18-caff-4ff7-8f2d-ecd1db5e47c7	724
caf6d9a7-ce75-4861-b430-2bd2eaa1b07f	1057
caf9669a-58b2-41d3-919a-dcf35b06cba0	667
cb058ad4-611f-4c1c-ae67-ccf2d3a0ee93	152009
cb098227-0bbd-4fae-b3fb-0344283a201d	360
cb1d5dce-52b8-4504-b2e0-019125f159cd	777
cb1db9fc-d7b7-409f-8830-c4019cc09ec7	1089
cb209b6d-6a90-478b-95e8-c6ba8afbbafa	1076
cb20f159-6661-470a-b386-64b6a87d9a30	572
cb2ae0a4-11b1-4b34-8d02-1265a4bc208c	1293
cb337e6b-58c8-4bba-9bfb-c3d48bfe7526	1321
cb3536db-1480-491d-bb84-acca4c4396c0	1034
cb3be31b-b68f-4802-adfa-30c73cb57eb0	3981
cb42dbdc-120c-4ee7-93b4-e0c0647c1466	915
cb47f479-0c40-46b7-bb1e-9f89a32d6e61	1052
cb5943e6-22cb-4d2c-b2fa-596e1514b919	1044
cb5b519f-154b-4852-a10a-b8b151b13743	1061
cb663d19-a889-45b8-841f-b61af65aa452	212
cb6ee7b0-1579-423d-aed7-0f77904c6bc3	1069
cb720860-f82a-4934-896e-8b920afd7d92	1472
cb7495a3-ca9f-471c-9a33-db31622d01d9	1057
cb8ed322-a172-4065-ba31-ee3c9379d4f8	1428
cb90a47a-c7db-41bf-9d64-3b9d6f5ede25	2417
cb91686e-3ccf-4e7d-b4cc-c925f6bede58	1371
cb919796-0666-411a-80ad-4a6bd0749407	1724
cb952c6c-1e33-420b-9831-15efbad39461	1005
cb9da08c-dd29-448b-8ae4-1f30652949bc	1017
cba131bf-4b06-4288-831e-be65e9367504	1060
cbafe14f-bc96-49ca-a5a8-4fa9f8e5db65	1064
cbb0308d-046f-4191-bf9c-d072c36cb115	1419
cbb6508c-de12-4878-8aa4-322476eee08a	113
cbbae13f-e43c-4191-b59d-e26b1757a03e	1028
cbce7a86-b0fb-47c8-b405-8a3e09055a72	1100
cbd3afa3-52e3-4efd-aca5-e132ab35fc49	2260
cbdff416-5065-4cc8-9c6c-2fae2d2675e5	2210
cbe1738b-e6a4-4426-9642-f369fe105966	1431
cbe5b3d6-3112-4220-99b8-9e230e9d589a	849
cbede2c2-6ead-4b52-8b9f-b1251e18c499	1208
cc04568e-566a-4bb8-8c50-709992ca2c1e	1201
cc138bde-5ddc-4fd0-9c17-ab29f8653b67	1070
cc175648-8f69-46a6-91f2-7f85c4aba45d	1078
cc1d05f6-b58c-4cef-8f49-cc882c3c6584	1021
cc208f64-b914-4740-ac42-486e21655548	1040
cc264c7d-29ca-42f3-a3fc-133be7bef5fd	1031
cc2b2518-f863-4011-a8a1-e372bcfb5226	1067
cc3573cf-06ec-414a-8ba3-e4be0e2e72f4	1046
cc37cf08-9264-4a3f-961c-666fefe860fa	966
cc3d6abb-7b25-4329-9ebe-93b6a31fd0b9	987
cc400fa0-17a2-440f-8722-c77f624de2f0	948
cc45c7d5-7110-4e95-a1af-4a15b2737654	994
cc488ec8-eccc-4386-8d2e-c200a63f4eff	1059
cc4a7c90-9012-4544-ad48-e83b903133d2	1117
cc57abed-041d-4823-9386-39dcd55393fb	1100
cc611d45-2705-45b4-8234-831d24f0ba89	1035
cc6c7387-798e-4854-bea5-3dc3290898fe	965
cc7d3096-6dc5-4f47-9e49-a115802a0b57	1059
cc868568-f655-4b88-949e-5f57983c7587	1177
cc8ed264-9b9f-48d5-be95-c3ccef3c4ec8	1244
cc992970-a18b-4393-b899-f13d3ec684cb	406
cca11d05-3ba1-4e90-b0fb-920865dd9243	2206
cca765de-e525-4f1a-8467-a003c03e8a25	472
ccaae72e-2bd8-4304-9e6e-13110ba0ba1c	1138
ccb59b93-c663-4dcc-81c1-b653411a77f7	1244
ccbaa433-049f-47a4-91bf-8143947ad28c	1064
ccd51c35-a56d-45d3-a996-5cea1b74e36a	1077
ccf3468d-d64e-4416-beeb-11537a28ba50	943
ccf5e022-d344-41ea-b107-3198d0543efe	265
ccf87cb3-e2cb-4a6f-9101-2f8f0d09927b	929
ccf96e9a-ee05-4f80-a5ca-cd4c3c1d6156	944
ccfd38c7-c479-4550-a05e-38284b14c26f	1112
ccfdf8ce-b57a-46c8-9966-172161224eb2	1175
cd010356-0873-4931-8bd5-c0b6dad54143	1551
cd026976-4a5a-4e29-b550-dc0d718aec81	598
cd097499-10b1-4890-9b75-d4937918d503	985
cd11bd09-6ae6-4cb8-a141-199e9ca588bf	1105
cd39235b-7663-496d-b62f-b90d24d0987b	1434
cd402f43-d785-4cd8-b482-bb0175275a6b	982
cd472bef-599a-454a-bebb-a859eace2d90	245
cd4a1695-5396-42e1-acd5-2e3453797849	1486
cd537933-7dc3-48b7-bb13-2745f3e03040	996
cd54f42d-7ef1-4529-9c7f-f6302cf8921c	1014
cd55d6d8-4c8a-46f6-88a8-d25c8ac64726	1073
cd560552-6e0a-4d99-803e-b476c49867c5	1086
cd566baf-7a21-4baa-9b02-ed54a7168896	1061
cd58c62a-30b8-4c4d-a928-13b6036110b3	2126
cd5cf215-7949-44f7-8e6f-876d5aacfe51	1146
cd5e4fc7-d8f9-46e5-bbea-6b5c1107a808	1060
cd60660c-50b5-4fa6-9d9e-fadd12582a02	987
cd61a7c8-0357-4819-9450-40bdfdc2bc5e	1251
cd684722-b513-4161-8b92-52f85563dcb4	1078
cd737f02-f127-45a2-b886-df3468283f9e	1114
cd86bad0-f2b5-4943-bd98-5db45b1fbbbc	1096
cd886045-3789-487f-a077-d68b942de058	1278
cd8963ed-b6ed-4bf3-93bf-a1a983c32775	1233
cd8b3efc-cdaa-4d79-af2e-f739b4a305ab	1090
cd94dc4d-d9df-44c0-9be4-1671a36efe17	1005
cda5a5af-039d-4c9b-88e0-3f08ae735c0e	1098
cda68788-11be-4c5c-a2d5-3c4217075d5b	1450
cda9fba1-25bb-4937-a637-7bd3b30b8498	1238
cdadfde7-52e7-4f1f-a587-05e72b04ced6	1421
cdcee233-4bca-45ee-a48c-37011f491d23	1052
cddcb26a-44d0-4775-bf6e-716dcc4b1490	1369
cde248de-19d3-421f-b538-4470cb0ddacc	1252
cdf0d81a-dabc-413c-b613-475b9e826e83	1071
cdf6c470-0bd4-4aca-b108-40d438edd874	1066
cdf7fe6d-a815-485c-9f1d-80b5dc623dd7	1033
cdf8be21-5bd8-4264-b254-f702cd84c2d4	1358
cdf98285-2420-4257-8f43-1770cc35a925	368
ce0eebda-5baa-41f1-97e9-bf98a58118c0	1077
ce28e573-e736-4e97-b46f-ff92d29ece4e	310
ce32ce26-15ba-4442-be77-3ccb557da04a	1418
ce3639b4-8719-4248-acde-33fcfb79914f	1065
ce491d25-c308-4d2f-b813-41d6152d34a9	217
ce4f38e5-3fe7-463d-9056-c805d6b439e6	1262
ce56cb1e-8cf5-4981-925a-9e4cb30ad426	1086
ce65a1c4-f4c4-40bb-90dc-b1714d6ce175	1121
ce69b0c0-142f-477b-ae8a-d8e789bbd4d6	232
ce6bf556-a6b2-423f-b3cf-dc9723167618	464
ce722cef-2273-4ce4-860f-806365288716	1077
ce75b6a8-91c0-4178-a76a-11bc1fe83445	1019
ce7b3605-1b49-4b02-b358-bcaa1f23b231	1127
ce7dc970-14bb-4aad-8b9c-e2c055c4c2e8	1062
ce7e5a13-a383-4402-b9a5-7b55dcc5618a	1116
ce80ed61-2b92-4f46-a01b-4b3bc4be8efd	1075
ce83ae47-dc32-4762-a835-4c17d2ff1464	1068
ce9cba40-c10a-47b5-a99d-452d6795b452	357
cea83b6c-fc96-466b-9f3d-3220114ce0f2	430
ceb8a2cf-f8bd-42e9-9b63-1d33f046eacc	1086
cebd76b6-eec0-4317-93fc-523986c24eb6	1088
cec0ba76-f6bc-4af0-a644-45a9b299090b	1051
cec48565-6abb-46fd-93cf-1c4a245456a9	1130
cecd0037-6f0d-4e0a-bf4f-a06f9f15f14a	1350
cecfa3d7-2d0b-48bf-8243-a92343098e37	521
ced0b8fd-1663-46cd-a5e5-07022abc8fd5	246
ced2660c-ae71-40e6-a62e-14e36684bce6	1276
ced57edb-81d0-40f4-be08-8b3dee9deab1	1344
ced9d79b-9dda-40ae-880a-614efebb442a	2144
cee35e5d-6a0d-4de2-a75d-5b96eef6b3d5	1417
cee7985e-f22c-43ec-a538-c6a9658be6a9	1130
cefb4a70-9893-4370-92b9-5f1d2a6c0e7d	1069
cefdbb2d-3963-494b-92e2-4a409e0df0ea	676
cf058a92-0550-4f6c-b2ab-fa2767f5bfc0	327
cf0d20bb-80ed-4f00-88e3-220efd0904d3	1020
cf0d7f3c-2055-4b32-8057-c073e121747d	1370
cf29b821-390e-4766-8205-1ea3cbfe8e16	631
cf2fd02a-e762-48fa-87bd-efa5bdae96f5	1057
cf393d44-32ed-48b8-8bed-8704bd4f647d	310
cf438608-21d9-4cb3-a231-afea0d3fd36b	752
cf4411a0-5a2b-4097-83d5-9bb60418d7e3	1145
cf447584-57bf-40fb-8988-6c9faed4a602	2725
cf45d1a9-04ca-4dba-bc8f-67659b59097b	1238
cf495f73-deb1-4dd2-98fe-235948a3d0fd	1077
cf4b26f2-46dd-47e3-b669-652d4fb0f206	1083
cf4e503d-f2b7-467e-892e-41a07c013c3a	1065
cf4fdd5c-cd00-4512-b201-33d166940760	1276
cf540da1-1042-4075-9b28-a88a06b27ff8	1261
cf5cc2a9-5c7e-4239-8467-f29a4d4b8a89	1254
cf60beca-ffde-4413-8726-b1a56e3102d8	637
cf6cc359-d5d5-4872-b6e8-73fe8fb35b6c	1945
cf70a074-2cd4-40d5-a514-0fe6db5be074	1433
cf7ddeac-9f18-47a8-9c7b-3a5951ae50d2	1424
cf84dda0-99fb-4738-9769-7fdcbe3e6621	305
cf87efef-1e45-436b-aace-27f30ef329e2	666
cf8a1dbe-eafd-4554-b0b1-f2e7a63e0716	1065
cf8e855a-484c-42b6-99c7-8dca78921dd2	1277
cf911847-32ce-45ce-85f7-70175ac0dd2c	1333
cf938c51-5d84-4ced-990a-22182de16a1a	2347
cf966859-78d0-45ef-9b83-da0b7447acf4	124
cf9aa85e-a725-4f43-a29b-865b7ef6a6eb	2236
cf9b8382-eaf6-4780-89b2-dacaeb3dfec1	1171
cf9d9dc2-cdc1-4839-91c4-d5037bbbe73b	252
cfb47ab0-8a0e-4ac0-8951-3eeee705bf97	1318
cfb4faf7-1626-48c7-8075-d2afb0626824	998
cfb4fb56-6078-49b8-87f3-cc061f26c040	826
cfbcc413-bab1-4241-ba24-9745b50d922b	998
cfbe82f0-c4ba-45b3-9512-d96feb8f59e5	1033
cfc0e445-b64c-45de-9674-db7f1d148178	941
cfc125ef-2fad-45b1-b7af-35ee361056bd	1076
cfc6c41f-e475-4110-b18c-0690cfebae15	544
cfcf585b-ab32-4e10-8b4a-9561334e17f8	1074
cfd08e28-112e-4db7-a676-ec81e91bfc69	1236
cfd2b4d9-132b-4d8c-9dc6-a46a9989024d	1039
cfdd0e54-856d-4fd0-810a-2190eac604c0	1145
cff080ac-4a0d-4361-a7db-ae899e70d03e	985
cff66de3-98f2-4201-aa16-6783f058ed52	1123
cff7873c-8bfb-460f-8ddd-58c1e4286a7c	1004
cff926a3-a0d9-49f1-a353-85507ac5c0f1	985
cffd14f0-609e-47af-9adb-4ca8a6c183f9	1022
d002dce3-f159-4bb6-a6ca-79e22d553f7d	1067
d00b9bee-a55e-4db4-91ce-92e036494ac6	2027
d0103b2b-bb13-40a2-ae75-81a78246bfde	1081
d01ad8e9-db2b-4ec6-94a2-04e8a7aa051c	1105
d01f2a8a-09f1-41e1-969d-7cfb85952942	239
d020fe5f-5b2e-4ed8-bb9c-0f14837dd4e4	1097
d0212d06-343b-4fd1-80fa-3d0c89f24303	2140
d023d9bd-5d93-448a-ad1a-62234cf2dc9d	2101
d0280ef2-5a37-4a15-9b3e-ae37c569c92f	1052
d0441885-a1c7-4269-8026-f8a0f6f70617	1071
d0449da3-0463-48b5-a537-407d6d39d5d3	1310
d0470fc5-3d81-4bd0-ac52-c99e7197ea33	1065
d04c0ebb-4646-4e59-83a0-f308e4de823d	1308
d04eef5e-a1b5-4f41-87fb-b97b241f44bd	1392
d058f203-25d8-49ba-ac08-9cfdd967b05f	1060
d05d1087-dd5d-4bb0-8ec8-7beb7d0cf347	2611
d05fbc8d-7258-4fa3-8ed1-834ae84bfea2	1075
d06facee-bcc0-4235-8cd9-31bcee3419d6	1063
d07278b9-8502-4724-ac39-1da307bafdab	1035
d07abedc-9b59-42ca-9960-e01772a3f1be	2074
d0899729-df6c-42f7-816f-c9bde3125dd7	1086
d08bab33-b059-484e-a7a8-f2f6ac2a98bb	18669
d091b94a-12c7-4855-bdb4-a1687773c7a6	974
d0934221-8a12-4aad-953e-9893a6eb1a53	1065
d09bf962-4b35-46ee-a939-ba4fad3f211d	2142
d0b80cd4-0fef-4880-aefc-1dd9609bfe8e	1068
d0b96810-c155-4dd5-a95d-8a8509e74675	1143
d0c07e6e-b180-42ff-94d5-4a7a5f61179a	1138
d0d67128-bb8d-4a5d-87ee-c3552e04da66	1062
d0dc467b-730c-481d-9e30-af1d4005af82	1065
d0e95d88-6bb2-4814-bda5-832f1d066531	536
d0eaccb7-d196-46d6-89c2-39fb60959e0c	1552
d0ebc8ec-72b3-4f97-b608-f7813fac6b1f	1053
d0f560ac-0336-49b8-86dd-173aa6c36cfe	1082
d0f82eb0-d86d-47b3-8b6f-ffb8096cacf3	537
d0fdc23f-ec7e-4ffb-82b6-c7fdbed5feda	1084
d101d1fd-b97b-4fdd-8373-4de2509fa0c8	973
d1050e76-61cd-47e4-b6ed-60769c12e937	830
d1057004-f807-4c1e-b1f3-a05f29b6b8ff	309
d10c6b0e-f086-43f5-944d-a550e100489e	993
d10de248-a0bc-4fc9-8869-b0643b6dad68	1054
d10f2b6c-ccc0-4e8b-93d1-074aea046644	763
d11631b9-3a55-487e-b147-55987da43875	1106
d1219245-ae01-462b-804e-7a7883f750e1	1067
d129a95c-9823-4be8-ae82-a5c74850f5af	983
d132ce31-b154-4eee-b96c-8d132771d5b1	1400
d14a7805-ae73-4ded-b986-9837a9b9a7a2	330
d154378e-b017-4d95-9369-02e436ca3461	1055
d155de7b-a00a-4b20-902c-5c10b6cafced	450
d1590b00-9b95-43bb-a3ba-7f7e5c8e6c8d	1088
d15e1e93-e898-4503-af8c-c2f01c83a20a	1113
d164c048-981e-4493-adb6-c29ee5850d83	1010
d16b159f-0aaf-4aaa-a245-f2bfc376b96e	689
d16dbcab-d6e5-4afe-bf27-6e1e8ab66bd2	1060
d16e49c5-2199-4652-a2c1-000612cdfa4c	1031
d17136fd-ff13-438d-8422-de6cbdbedeec	1049
d17b3b31-4610-4ffc-9a51-f4dad488463d	1627
d18ee71f-0eb0-44a0-8ba5-4836b3307940	2241
d199a191-a87c-429d-9b81-27eaba0d7a1f	1007
d1aaefd9-ce2b-4263-8e9f-5cb98a606231	1230
d1ac4ccf-a3a5-4264-b416-96fefe913bfb	789
d1b02744-21db-4c1e-a4c9-7549ba1f1d12	341
d1b0a26e-1347-4320-a6b9-63e1fe562e30	2205
d1b8dc9f-feca-453e-a888-3ba68b2579b0	1113
d1b8e2ec-76e4-4552-b70f-c1260fabc483	968
d1be316a-b587-4923-91ec-995e5dd85ed5	1123
d1c12d31-3c48-49cd-b484-3c67608f98dc	1038
d1c3f45b-7bc1-4b3f-9979-7414e8232369	2306
d1ccb3a4-4959-461e-8c2a-a2a08955f19c	312
d1cf1303-d167-4508-93b3-7230078892b9	258
d1d07374-9175-45f3-ba20-64f5b2b166e0	1171
d1d1994d-d7e5-41b3-af47-de58d5168998	981
d1d43ded-7271-4f0b-a9dc-dae907788e38	1083
d1d60d9d-5edc-49e0-b9ef-19d3989fce20	1055
d1d642bb-39b1-4944-97cc-67fd6b63d8c4	340
d1e67333-09e5-4529-b6ac-7b2c75b31ffc	1113
d1e8f095-022a-4200-b2f7-d4554ed9a05d	1054
d1efb98a-8ed2-4d78-9826-c874c5fdf94d	1043
d1f8a2d3-f961-48da-84a9-96ab3a3c144f	618
d2006167-0837-4da0-987c-98007e4878a6	367
d203366e-3ddd-4b92-b5d1-b2db0b372c05	1328
d2076f8f-70d7-47dc-aa43-da9d3313c9e3	1055
d20ab6c2-740c-487b-8870-6d31a01f3ae6	1091
d20d8bfe-b645-469b-90ff-96fec439b381	1065
d21344fa-8db2-4ffd-b8f2-fde9d0799e75	1079
d216a3ea-8258-4caa-88cf-40d8737d3f56	1095
d219849c-3426-4d9f-9c5c-ef00c75d9bf3	1074
d22abb59-9bc1-454b-89bf-a95429181b29	1391
d22bf926-ccac-4c75-ac42-87b34a740899	1187
d23415ef-555f-4c22-844a-eab510328683	1143
d23c89b1-59a4-44fa-9622-79f8f665002f	1575
d244316e-d88c-4756-9f93-5401a5c5a538	545
d2455222-18d4-4e5d-9dba-e6b70037ae70	1587
d24cc830-a804-441b-8275-95cfd63a86e8	310
d24ccc47-959a-4047-a6ea-35c5db22aab5	1120
d25dd27f-714f-4e15-af91-5653f103d430	1054
d25ee3bd-6cd2-4582-89a9-57dfe7976300	1084
d268936c-0e82-4e7d-9f55-f01dd3d9a6ff	720
d27308b7-61df-4f9c-98c2-455a049463c0	1110
d285fe04-7885-4bcf-aabe-620e4c9b4e6e	538
d28df2b5-dd55-4980-bd7a-d78ffae52f66	1004
d29b47bc-d4d1-4d91-b779-389607c4c4dc	1205
d29f6eef-9853-40a5-9e10-db2bb41a347c	1080
d2b36635-e5af-4243-b66f-315b16437164	514
d2b3b26e-2634-4321-a100-b46241ae3c07	1062
d2b3ffca-80be-49c5-954e-1bbdd35a0596	1036
d2bd1253-50c6-47df-9a34-a5988ae3feb0	1444
d2bdc013-7fe8-4e25-a24a-71328084b875	1105
d2c74bc6-17f5-4fc3-a103-c93f51b506f4	1122
d2c8d0c4-3afe-4ad5-bb77-2ebc3f855ce9	2140
d2ca8172-2ffb-4d20-a7fb-d77eaf7e5004	911
d2daa3cf-ebc0-4616-820c-e32063623130	1058
d2dbec22-5730-4631-9be9-5cf6628ed311	1132
d2ea32b9-1a01-44b4-8532-7f4181471d87	1073
d2fb70ae-4e74-42ac-ad5a-23aced63d1d5	1077
d2fc3043-a4b7-49d8-bc45-f0660808dc2e	1070
d2fe8f78-7057-49ba-bd4d-0badb03e7572	979
d2ff59c0-3f95-403c-9086-dcac587a2010	1430
d303866b-12c8-47c9-9757-fe716ee16c42	1072
d31065cc-ffd1-4e65-8784-8dae0c78fc24	1605
d31d0ab4-f1ce-47da-b633-241091e29617	1671
d31e7a44-5371-4dbc-b770-daa8ef18036e	613
d32dd47d-8647-4d5f-86cb-c587542d60ad	1011
d32fbdf2-deb9-4cef-bf83-62690a4766c0	1303
d3333218-6e6c-441a-a763-0ace35944966	1110
d3360495-8cfc-4c0b-96c5-6a75a5781b48	1205
d33ae255-c2fe-4fb4-9635-dc5a1f1905d5	1088
d33e82af-1d3d-4e7c-b324-1a24f705e0da	1001
d3490ef4-ea82-4c9e-bc0f-a48ce004e87e	1020
d34c39d6-9fb1-43db-8a12-1a2ae10239cd	2418
d3525a9e-4e3a-496e-9061-f710092d985f	309
d358944b-1fa4-4da8-8ea7-37a2e5ad1179	1445
d35f303c-71a8-4461-bd33-897904065966	1004
d361d08e-9c58-4b8b-8763-77e9e7838643	1047
d362a6b2-84c8-49c2-a192-bfb9ec2d663f	1073
d36322ba-0594-462f-98dc-1bf774a2b52e	1404
d3672270-b35b-4f42-9488-31f218941ba8	2512
d36b7560-99fb-4c85-b0ce-954ab7004d78	1069
d371903a-f18e-4fe8-a972-e9a52bdc21cc	1155
d374ae99-d429-4ef2-b49c-9f229935b0a5	1385
d3764af4-012a-469b-ae31-f0423143fe62	1073
d37b547b-489d-42ad-82c6-a205d5a69136	1093
d3804b74-b149-48c0-99f4-62c68d66b120	1004
d38aab74-f61d-4e14-b66e-e080ac9424ee	1069
d38be0e1-dd33-4db4-97b4-d8ab6c75de90	1062
d38c2332-721a-42eb-87ec-d742262bc3b9	776
d39191dc-b2e1-45f0-b927-288d4500919e	1077
d392e9fd-c254-4089-bf44-54ee2992cc3d	1236
d393afd0-ea34-4101-8baf-1fa713bef678	775
d3a5110c-4422-4657-80cb-f679cbb31d01	1106
d3a5921e-61e1-48a1-8e91-00d34a17a4b7	1084
d3b13edc-4624-4d25-b433-9b9e2ac86b35	406
d3b56275-e660-46ed-b719-0b63e032d6ee	1095
d3b9ceb4-9be2-4c74-a5d0-5ccc14734b7e	537
d3b9eaa4-ac3c-4ada-867c-b0133d6b19b9	1067
d3c17b5c-42b2-402a-bbc5-0f8ac7ad6deb	1215
d3cfdddc-6ffd-4ab5-988a-1e77d70e1fae	1062
d3d5d4bd-3605-4856-ba8d-35b87765d6a3	301
d3dafeb8-da8f-4618-b467-081faebbd628	1072
d3dc155e-3e8d-4330-8478-6f3fe1f57069	1080
d3dc4e56-97f2-4c06-827b-bb1c1c36695f	1005
d3df357e-78f0-412d-be8f-14ea284d4805	1099
d3e47169-233a-42b7-8008-edc878128e29	1107
d3e97a7f-6823-4a41-b9f9-27c261b386f6	1146
d3f38f67-2c85-4d5d-9fa1-b70730a6b60a	884
d3ff64b8-ded1-403f-8823-b7353b4e721c	1045
d4007065-1f3b-4cf0-a7e1-5ab4efc9b12f	883
d402e0c3-5000-4bca-a812-c74f008f9047	939
d408a97c-afc8-43f9-8b92-acb99c8776e5	1212
d41284e3-cfa9-4e43-97da-61587827c75b	1068
d4173955-0ec4-4b69-bac4-6a079a945835	1057
d41aa07f-0d54-44bc-aea4-10707e0863ec	1037
d4246d01-004e-4352-824b-a02316729a02	1292
d425e909-015f-47b0-bbab-ba6d2a42aa8b	972
d42b4a48-f784-4562-8249-106edea18eeb	1249
d42f474d-5cb1-4aa9-a4e1-a6cc3ac1c3b4	1057
d435de28-028f-43ba-8d4a-31fa4a32d93b	1423
d437ebfa-db83-40f6-adcb-8e14bf1fc189	1076
d43e8f4f-24d4-4fa0-9034-e810223ce02b	1048
d43eb29b-9f7b-4992-8a8c-0b0d13d1d476	1082
d4426c01-2098-4d42-a82b-e72c3c0c7238	1115
d445de1f-1d66-4b7d-91a1-0ac5d15e0905	1083
d4461d89-d34f-4e32-b6d0-63e11b753e10	1382
d4465e0d-1275-47c9-84a9-f6786430c4e4	1059
d45de96b-ab1b-4b31-94f6-76f46cce81c3	1295
d4686c1f-bd8b-4c15-ae64-d58992eb471a	1061
d468ab11-4ec2-464f-856c-3371b2448da8	1692
d46a0663-fc5a-4a10-8763-fb3d692d6792	1554
d4735bb9-6532-4057-b92d-8e1695e094ac	1116
d478b1f8-9467-49f9-8c5e-74abb0842c59	1108
d4799d8c-fd10-4baf-ab9f-e686195019fa	2468
d47dca7f-71f5-46ee-acbf-1926df564ce7	1269
d48d9410-4ea3-48d7-81e8-27e112d9aff7	1061
d491cd7e-f4cd-4f4e-b381-a9474e6c038a	1085
d49cf037-8220-45c8-9d65-dfc81fd7e1cf	2218
d4b58599-8842-467c-a1ba-b082852b40f6	1058
d4b6269e-542b-4d97-a836-cf25088e75aa	1062
d4c73955-afcf-4d76-a86a-f5cf9dc3e4a6	1054
d4cac259-e8ea-4c1d-9934-7986e8b6e5fc	404
d4d0ee14-6ba4-48cf-948e-fdeaea8d32d5	1224
d4d37ed2-cc81-4948-a700-0b39a1c71f7a	1075
d4de0a45-64e4-4563-b091-1d71b16fb73a	1400
d4debe2f-e9a1-4282-9035-0d37edb972e0	1016
d4e48cc6-f62d-47b8-a66c-bd403dad1a48	957
d4e5a2c0-1069-4509-b3e3-cbec232b82c7	1060
d4e7ebbd-c9e2-4c98-a89d-738430084b72	1241
d4e8802b-c90f-42a5-8b82-18c66ae81da8	1072
d4f6f4d5-9fe7-4ac3-b3db-e3944054a06f	1213
d50e9ca6-1b75-4be9-b3aa-15354942abbe	1030
d50f32c3-25ee-471c-8afe-5cb7ff98cf39	2044
d51c5ce1-504b-4d08-aa14-c77696b07ce8	391
d521b3fb-ef4e-4ab6-8e11-2f0839afc834	2144
d526df84-53cf-4e88-aa99-4c933b561b34	1277
d5379de7-2472-4d50-87db-fc00ff9182a4	1468
d53e5250-8370-4b44-986e-c95c1b7dbffb	1061
d5406dc8-2266-4335-a234-7dd0f8a645fb	1065
d544dbe3-8545-4033-ac9a-2505ee220f18	1682
d5492a1e-6360-4d05-8183-1d08b2e2a604	312
d54e40cc-e90c-464d-9b12-4056d32a0c30	1100
d55439b7-9583-4c09-9627-1ee9ac0075cf	1239
d55dc99c-ab7f-4620-aa31-ecfb3657ca2e	334
d5642690-9e06-437b-abdd-ebc96f26b3da	1056
d5673658-50ae-4cc5-b0c5-1db85b9b82f8	942
d572afe5-fb4c-4ce5-897e-67f01c04df03	266
d58bd7f2-3077-426d-a57e-90437e09e8dc	1135
d590c9a9-943e-4087-9005-57205d15c385	1380
d5997f7f-a172-4849-800a-0aaaf0c39767	1061
d59d5f49-04cf-4d59-9f75-775617a1e481	1436
d5a29704-1dc4-4b22-b10e-c5c7b1267efe	999
d5a6fd3d-4845-4651-8096-8eef5d9cc077	1064
d5aefe86-cfed-422a-a2cf-9cd563650f8b	1445
d5b236d4-a2a1-48fa-b640-b743f7df4763	1064
d5babf82-1b1d-4f82-9f5d-b8c03e6fbe20	251
d5d5e978-18d1-4cbe-a5f7-a5f06b7096c5	1242
d5dd3224-9b4e-48ac-b018-b64faec83fdb	488
d5e4b290-b6f0-4aec-be29-782315e96ca2	1051
d5e92809-46a8-443b-bb5a-fccb805ea924	4873
d5f1a3d5-3612-4596-a433-4e6032c72050	1286
d5fb55ec-4da7-4482-960e-6e76c0ed1392	1096
d5ff3d40-c02f-44b0-9b95-b2edbc97d003	309
d6016f18-0eff-48aa-adf9-acf02e7a4ce6	2141
d617f89d-8e48-42ed-8ae3-2805d35ff5fe	2088
d6185e9a-644c-4f03-83fd-a77bf3012a18	1312
d618ad07-9bb3-4916-863f-08c7e8c77503	218
d6256589-cf69-40cd-969b-b5a576bcde9c	507
d62bcfbe-0b48-4d69-be34-cd875eb16a9a	964
d62d5c7e-3730-45e1-a14a-12a8990f5080	2104
d62eb931-8de0-4095-838d-a1253a49349e	1366
d63aaa8d-2628-429b-8355-107ba1ddb1c4	1078
d63dd371-0437-44c4-a034-5f3b50240433	1094
d63dedf1-d4ca-4a96-8b99-386ca70a0139	375
d64d9819-f8cf-4d0a-8b70-2fa7a4be2944	1048
d6515ac5-572f-40b6-b23e-e4cddcc75911	1070
d651f723-902c-4549-9da8-eb7c47543e41	970
d65268e7-a401-42ea-9105-7264b5300bee	1083
d65332f5-7e05-4b4b-9554-9d340422e21c	534
d65bf62e-7716-4a3b-a2ef-22b846323400	1345
d65e1e1e-c0eb-48e0-ad04-e2229272787d	1079
d65ea2ab-4dc9-4d54-ad16-d5fc14bd20cb	278
d66de4c6-e082-4801-a76b-2500d5aa0739	1027
d67ada0b-255a-4c33-a70f-9384d9517060	1087
d67b8981-88ce-44e3-8f78-5a2517ecba88	1066
d693f82d-0eaf-4b7c-9264-c749f178947b	1123
d6a53a6f-37e5-4cc6-b2f7-02b3f15a1ea1	996
d6abaa0a-998c-4d9d-a18e-5c01fa794617	930
d6b44696-dcf4-4566-88e9-72b19520590a	310
d6b487c6-0e30-419f-912e-85a22814b67b	497
d6bf69ac-c03e-4e6e-b9c9-23b38e53cde3	306
d6d35678-349a-427c-acf3-1b976c970e4c	1764
d6d8d743-e977-439a-85d4-1355791e4b8e	1115
d6dbd34b-aa37-4202-be78-c6c6b71326d8	1097
d6dd91fc-219e-41dd-adfc-7e7035a45375	1060
d6de0fec-ecb8-44b3-b048-dbcce37f3536	1062
d6e08f45-6428-488d-9fa0-f3a981e8b9e1	61
d6e48d4e-0050-4744-8994-b285cf4e728c	282
d6e5e954-e911-46aa-9508-420e818b4acc	1053
d6e82c22-35a7-47c3-a271-7c06dfea80b7	660
d6f17ba2-9607-46bb-847f-ae21ed01f400	1415
d6f94a08-e3d0-4e02-a843-244fa04f7241	1110
d700ebde-0e3f-485a-9226-3958033d0b19	1046
d7035404-c3c0-45ae-88c0-0457de3fcfd6	1731
d70444bf-a547-4134-bf03-34791d781b09	1059
d70b8a9c-a522-401f-8835-fb347e1af6c1	1182
d718b9b4-9def-4854-aed1-103a2b6a154f	2293
d72ea186-7176-4f58-9bb3-d3c025daf1fa	1078
d740efa6-ec18-43f5-9e42-bb2bebf0aed5	1000
d741e56b-b175-45f9-bc7b-fd3cb9a23cf0	265
d74b11f5-3218-4a28-aa20-a94639143819	1012
d755fafd-ca67-435e-ab0a-a4c31744954a	1075
d75b6014-f8b7-460c-809d-6084b3c74e41	1162
d764267a-6089-413e-92d0-0ad3ef7d635a	401
d764922b-5a12-4cd3-aa83-8dae629f5f84	1498
d768b8d4-eae7-4ef4-af58-2eff767d181d	972
d76dd4a8-7dcd-45a2-b2f4-51ac1edf84b5	540
d76f7742-5d5b-4ce2-9473-f6132b8c3e7c	1075
d770770f-38c5-4677-a78a-0a5ca2524f45	1059
d772f468-f3c9-4a2c-bf39-7ec027ca35b1	1068
d7744c81-a37f-4a1b-9435-c256fd899d09	866
d77e355f-59ef-4145-9e0a-9903d6b07735	1054
d78e6e67-b054-4ec4-916e-f953c923581b	1413
d78f661e-4e69-4f34-a4c2-3e993070742d	1253
d7919eb2-6352-4c2f-8af6-611c1ca44fd8	1092
d793dcde-5355-4ce0-a928-84395f5077e1	1020
d79df8b5-8dfe-4188-b01d-56c142bfb88b	1083
d7a69935-0b75-425f-9195-a638a5033a83	1040
d7ab6248-122e-4223-a91f-1a1b81278e37	977
d7b0a6a2-82e8-4c90-bfb9-5f23d1180f8f	2144
d7b527a0-59c3-4b3e-8788-825d5d650f5d	970
d7b965ab-27b6-48ea-898b-ac147042796c	1236
d7c2aad6-7814-4ab9-b6cf-877331812eb1	1136
d7dec081-78fc-4802-8cd1-178719832892	1006
d7e22f09-2c1f-4564-8b57-ad3d3d419a03	1020
d7e4cc26-f609-4efc-aeb3-c84121cb64a7	1017
d7e93842-6447-48ec-af03-e9710ec21af8	1070
d7ede5dd-9081-4164-81e6-fb6e2413b2a6	1137
d7fe7eaa-1959-4c9b-8980-82605704b5fa	1082
d808b95b-939f-46ea-9b77-a4b32dc777b9	949
d8102bd8-b47a-4411-9542-d1e4485b4113	2310
d81134c6-b58b-4a41-9469-b9420bfcd107	1209
d81c222a-3bfc-4577-a87d-569a9313bec1	1063
d8323791-4e21-49fc-b9f8-0ee11618050a	932
d8379f8f-4c5c-481f-9035-339f3b470a8d	1080
d839b85a-e189-404f-9851-a292da14f8db	1027
d83b8c12-97c9-4de5-a4ec-c9024b80511a	1061
d841436b-b210-4a2d-aad3-4bd5cbdb9820	1077
d84d6909-1e07-4cef-a1bf-37c4e05af50e	2461
d852fc14-0ed7-4f25-914d-019e60f554ee	1066
d859712b-3497-495e-9fc4-31ccc378c91d	1657
d876279e-5fd4-4cdb-bdde-5fc411f1651f	1043
d8841388-a376-45d1-93dc-008403cedb1a	489
d8858b95-227d-426d-88d9-d3ccbaec8bf6	261
d8914cfc-749c-412a-bece-b167a898abcb	1076
d897a4ef-1787-4dac-a5c3-c4e47f45a329	1261
d89ba2d4-4fc2-4b5e-a7f9-a127db4e04eb	510
d8a3dad7-6f6c-4fb8-903a-9b2b912d83ea	1064
d8b4a638-c79b-46b0-9a81-e79df4180785	424
d8b9258c-8cf9-4747-84b7-46bc77d07346	1035
d8bd356a-dfdf-43fe-85a2-a978d5ec9a66	180
d8d675ca-c7db-40d9-baf0-6b2e8bd1516e	1063
d8dce3c4-6e19-4d3e-b0ed-8e936acd092e	1104
d8f16e58-7fad-4774-b9e6-4438bee3af03	1059
d8f22a8c-8187-458c-99f4-613222afc5d3	2137
d8f4148d-1f1d-4b3c-a070-e540f43a8227	16276
d8fa2ae6-7f75-4697-a131-0e017b737b97	1012
d8fb86a2-c286-4963-b739-d416fa454486	1085
d900e551-910d-4a59-83ad-2a021bf78ca0	1062
d909b988-5a1f-462a-91d6-3305558b1924	729
d9136a11-5c70-4e4d-80c4-d783e037e764	1078
d92292f3-cd89-4b19-810d-e5b9fbe395b1	1029
d923082e-8235-4c65-815d-9a3e1155e267	968
d925c5d5-e87d-4980-9e12-ef190f7e5aa6	1054
d928ce87-a690-4217-90bd-42eca28601df	2170
d938cd9b-58b6-4c04-b1e8-f6d1bddcb943	1074
d93e7afc-a431-4186-9f83-1b6dd379c40f	962
d94637f3-5626-46c0-aef5-e1720b531966	1070
d949ab2d-8d13-4585-b758-b15adc7d7a24	1052
d950dc17-1a29-497e-bbc8-280e510b445c	975
d953c391-5eea-44c1-8997-723af7be312b	1347
d95e030d-757c-4655-afd1-49b5ca2e2c57	1133
d961cb6e-fb54-4094-a703-84941b1d9964	1097
d973664f-151a-4ebd-a24b-bafe4247d16f	1283
d974db5b-744f-4aba-bc7e-9cb7b774a9cd	1377
d985b757-03a8-4701-a18d-e9c70434d81b	1103
d98d254e-a697-435a-9615-df9212663bde	1377
d990c21a-ab3a-4cb8-8f91-31766f101220	1522
d9a36a7e-7273-471d-bcd8-6f667c6c6de0	237
d9a55540-890c-421e-97ba-ec6b49e428e7	1410
d9b57da6-5cbc-4def-8f37-ad2486cb544e	732
d9ba38a0-1b7c-449d-8dc1-320c0085c659	1141
d9c14cd4-2a83-4cbd-9556-f648fe8635f5	604
d9c2ccf8-319e-4960-a2f9-d7bec064fcb7	961
d9c8ddd5-ab21-4986-8cfc-a9d5b23a2a38	964
d9ca8033-1c9f-48f9-b248-d3a3b08fb161	1071
d9cc1c0f-0ec7-4874-94a5-c37f078ddbcd	992
d9d06928-70d1-4f03-89e3-0bfb760bf077	1063
d9d1de2e-acc1-44d4-b1a9-5bb86ae65dbb	2104
d9d31038-5efe-4e67-b9b8-19bcb637a704	959
d9d88560-fc3a-49f2-960b-7fbb9cf597f8	619
d9dee32a-2f6a-4f93-bdc1-96743f5c2bb6	1003
d9e60dad-77a7-4a90-a490-85f4bc0ba1ae	2691
d9e96368-c932-4dc2-b6cd-ae44e7444335	1067
d9ef77dc-1d29-44b0-b090-401e0fe8213c	283
d9f19b0a-0d35-41d7-aa14-a7e7c5d91f0c	1836
da031aa8-6126-43f8-9120-cbe345ace854	1072
da093c74-d9e2-4cea-bf5b-ea0bd0bf0694	246
da113ccb-f1b3-421c-9a6c-fca658c306c8	2265
da18a0b9-d8cf-40fe-84f7-f5e36123a6ca	1009
da1cb2e0-5db4-4c87-b19a-518808f3bee5	1060
da2067b7-0e3d-4392-95c2-f21c57107286	1103
da31e9c4-4f99-4e57-93fe-6ab63729798d	1501
da325af9-5adc-42ab-8478-4476ebcda847	1217
da34a2fb-df18-4932-8f41-34dcf97f8c71	1081
da37137b-27e3-4fd1-910e-c31697065192	1130
da41c34f-b3ef-457d-ae1b-8fc7745a2821	2690
da4c0231-f7e5-497d-9083-98314226e448	993
da51fc9a-556f-4475-9353-a37d566ee2f1	836
da5a8a52-86be-4a8a-9198-b12ed2df4c96	258
da5de6dd-e305-4c40-9ea4-d88393cbc288	1138
da62e869-24e0-468b-bb86-26d5c7c2314b	1535
da65185b-dcf5-485d-b974-2ab66f45124d	985
da65eb1b-625e-419f-9346-3710518b1ee9	1081
da690bc8-29a5-4d7d-9fa0-cdc7d9df4a07	1058
da6c6ff1-6638-42bc-b87c-b12f2423b2b1	1392
da6ed35a-5382-4632-a0fb-dfa4b3753472	1066
da76c789-0be9-4676-9504-9a33128b1eff	1073
da79a8ba-8c34-42a4-819c-dc765ad2a3d0	1788
da7a3273-3b48-43c2-8e9a-e6bedec6395f	953
da7ab09e-4284-4c4a-b97d-1508936a7656	1078
da837074-113c-4687-8d21-73318123c559	1449
da83d071-d8c9-4a7c-a34c-9dceb166380e	966
da8f6f6e-7638-4f01-9186-8d1f90949244	783
da9279da-b5d7-4fab-b1eb-4b5d7aa5ccb3	1016
da968c05-e520-41d7-ba27-e213a8bb826e	1002
daad4c00-4667-4256-ba01-6b17e30644e4	1131
dab780d8-0668-4d45-852e-cdaca6aaf68a	1047
dac1b71c-7ffb-4264-868b-e2498702e568	996
dac4449e-7899-4bc3-b4f4-7954cb555c9a	1049
dac8667d-c7b8-44c8-9123-5acbb663d89f	1128
daceef10-a63c-4f41-b894-a4e3c0220840	545
dad2f62e-3fcd-494e-9ac3-ede2fa57c3ed	2510
dae3295e-47a6-43da-9b85-c51fa87ca998	235
daea6860-d2ec-4a27-b788-26e0044cb4b3	2266
daeb164b-5fb1-48fe-af2d-ed2b2bb333e9	590
daf3470e-1d9a-406a-b9be-9ca06702e15f	462
daf6f362-db96-4b98-a007-23ed6b48ce58	1071
dafc5029-a32d-4a4b-bbde-53853422190d	1251
db04e562-4405-4568-b174-c0ed6751cd24	954
db0cef64-39b3-4f27-bfe5-62a1f8323e10	1195
db166212-aefd-4a87-a80d-ca7e8730d1bd	995
db18a546-f209-407a-a71a-3f2474fd1a24	462
db1ceba9-16bd-40f5-9378-5f29b2144741	1088
db21a426-6a25-4954-8e94-09470d0bfcf2	1066
db22732d-82b5-4225-a9c4-39070e05ff76	1071
db2b1699-853f-495f-9fb3-3d110cd0928a	492
db2eee2f-96bc-474b-953a-07bbdf3ec1ee	1962
db309c8c-c833-49ae-b15d-99c6ed261e44	1057
db354534-3638-4e4b-adda-0952f0817f40	492
db3f58ec-b659-4085-b582-13fd54c26cc7	726
db3f8f00-3a9f-4706-968d-773f31da19ae	1070
db4288ea-d2c1-4c7e-abda-83afb1f4ad20	1252
db459a57-cd98-4b55-bcdb-35f939961d1d	1280
db4fb4cf-f339-46ab-bc66-0c6af738e75c	567
db53d884-caa5-4f4d-b349-ac79f6d15616	938
db5cd4fe-6372-4058-bf9a-1aa88d2bcabb	118
db60012a-3cde-456c-9e0f-1c9ad1c26b1e	1065
db6c33eb-8d77-44cb-9cab-80cee99cf43f	1111
db71c4de-a514-4d5d-a615-522fc29c2696	445
db7ef5f0-6f52-4b16-bc6d-df1bea98b91f	717
db7f6a4d-53d5-4c42-be0d-cb7007e6a0cf	1150
db822656-475b-44c9-a666-7bc1fd5e8c47	910
db95449b-d925-4c5f-b001-32855dfb83e3	1198
db991e9f-4ff2-45af-84cc-1996c2e1a6b8	1303
db9c8871-7a98-4bcd-ba27-54653773d627	1390
dba4e3f8-252c-4707-b0b6-b51b25b57bab	1087
dba510ee-6d97-4964-82e5-ef5288fcb6c6	983
dba8fbe0-aeac-4d2e-a6b5-a37a7b3fd2f6	1046
dbae0fee-02e1-47f0-9d33-74cac626f3f4	1242
dbb8e901-f253-4759-8513-ddc8a5ee257f	992
dbbe3a3a-2936-4bb1-9fd9-3d59a90a1b1a	536
dbcd38e0-59a1-403e-a9ae-20eda1b07712	599
dbde15a3-db07-4c14-81ca-437446a80952	1896
dbde95ca-7b0a-4f05-bcc2-7a5e8e3d6bb8	2239
dbdf288f-f9b8-4d53-bfb1-8a92cd0a08b7	1038
dbf65a12-bf8d-475f-8465-aece0a0f778f	1343
dbf835c1-3661-4127-a148-f42b9b758af8	1131
dbfaae2c-bf14-4aea-b7e9-a21d60cf2bb9	1043
dc017c30-babc-48ab-a35a-01c94acfca10	2466
dc049bec-1c23-4d4d-9694-191d7833a7b9	1053
dc0c574b-f731-47f4-84aa-6aa77d125f6e	1185
dc11791d-5fb0-4235-abd5-48a3fbd4a238	1298
dc16a5f4-5a9a-462f-8562-9ef2cc10488d	1078
dc25a6ee-40d5-4c34-805c-bc5a93737529	1117
dc2ae379-27dd-472d-9122-098620566266	1077
dc2cc1bc-474b-481e-9eef-14ccf7dff298	1181
dc351924-a2ef-44f4-a689-33a9d6b2f337	933
dc3c29a4-86a2-4487-b58d-db058b108da2	2343
dc4af0c2-16ee-4fa3-bb69-188e73a7b8de	958
dc4e26ae-974b-4269-ae4f-fa22dfe01cd7	404
dc4e778d-ad85-4b33-9bb7-5ef1a4bd8c75	950
dc57de76-ebdc-4500-90ee-d312d67f290e	531
dc5e15e3-e2a5-48cf-8577-0b1f97469d45	2100
dc63d46d-7a1b-45b4-8945-c9d45b58a4be	285
dc6795dc-9af6-46f5-9554-6736f2054cd2	715
dc6e9ae5-c9a8-4530-9e0c-b63537c3b3a5	1249
dc749c1a-a711-4d2b-90fd-9c585dc30160	1118
dc76b41d-aed8-431d-a87c-aee20f345aac	1963
dc84a98d-3496-4f7a-9d6f-c4b25629d606	1075
dc88d0ac-2731-4d9c-a1b5-fbf5b8d5cf22	1100
dc94ea67-35c6-4ca0-829d-8fa45dc8be64	869
dc98e5c1-f520-4d79-a87c-ac7915ea182e	1076
dc9d0c74-1574-4450-b247-284f973939d7	509
dca246ec-3da6-4476-8add-27535d96fe48	1471
dca6cfc3-35a3-4e71-8118-df5c498507ab	2224
dca94ca4-675e-4c0d-b780-322366d24059	1880
dca98b20-0aed-4598-96f9-1c06762a6d74	231
dcab2731-8c70-4b61-906b-7bf1099f33dc	995
dcaddffb-b9b3-4b10-bb4f-5f02a3308298	1028
dcc0f0f9-ddc7-42a6-93de-21ce81f5acab	1020
dcc91e34-af2c-465f-9550-fec1dfadfb9c	1106
dcddb6d3-acca-45a9-8d82-02b3d3d55779	1245
dcf09954-dc67-4c22-b95d-6e9c4dcecf7e	1128
dcff57fc-dcf5-4b68-bdfb-afd19c67b91e	1013
dd0134ec-f7a2-4bac-a463-0d9c768f9277	1056
dd05cfa9-3c9a-433c-8c0d-9232b8497bc7	1066
dd07ce79-7d32-4614-92fa-f4c3733abc2a	1008
dd14fa88-68f1-4532-9fe4-6f2bea9e838c	1094
dd27c480-4877-4264-9633-23ccd8b94aab	1022
dd3b7cb8-ae6b-4dfa-8337-aa44193e8330	472
dd3d2e25-5596-4d2f-af2f-e5eea5067839	1356
dd47eb30-5a8c-4315-8831-8918d7a630da	1021
dd5402bf-fd9e-4e05-8058-79a6c1d281ec	1008
dd5c6e64-344b-492f-81c3-7e84c9627e9b	490
dd5e8f4c-c202-4a37-b6dd-2f8d359154d1	1636
dd65e613-2367-4846-8006-f6d6e0fdab15	1411
dd6c4365-160c-4a59-81f2-dce44cb7fc17	1066
dd72e90b-6c1b-477d-a070-7e34ff283897	1059
dd73dba9-e40a-4df4-a83d-02ebf23c2a30	609
dd8151e9-c8d5-4d92-91ec-b2f7faf624f1	959
dd85e1cd-0f93-4f34-82bf-3bc4661e12f8	1068
dd88c8d1-e31f-41fd-8764-db1fa5d1dc43	1145
dd8902c8-d30b-4a2b-bcba-e0be658700c6	1094
dd94bd72-057d-43f2-9778-f23a94d598d6	622
dd98ce44-9390-4437-90b0-9ee057eb8a4c	105
dd9b20fa-8a62-4da7-97c3-9c1087a14a5e	1051
dd9eff95-e323-4920-9f90-dcfd2acdeee7	1059
dda52510-b61f-4973-9cab-3c35e94d478e	1220
dda8327d-6182-4e7d-aed1-d54a8999211c	1076
ddadfa94-abe2-49a1-a4dd-b4bee79e7540	977
ddb19262-d4c1-46a8-b2ec-9d670c7b40bb	1051
ddba5ba4-7abc-4e62-adfa-96c06d9c188f	1080
ddcc5b18-f950-4f8d-8408-7c05a167de88	467
ddcd67d6-63a4-4ca3-a592-a219bf90d1d2	1113
ddd6f0a2-22be-4eb9-af32-cf41503bc47f	1357
ddd71c60-31bc-4404-9be6-e02f624662c4	488
dddf76a4-e307-4533-b2d7-d20cef5641a1	1151
ddf08ef1-a6c2-4be5-a0d5-d403578ead58	1078
ddf8ecce-323c-49dc-8c3d-0cbe56976988	1318
ddf9710b-0522-4251-8728-cdde1b5227cb	1134
de012785-28aa-498c-a663-9c9fd97951f7	1072
de0ec89d-4224-4929-a601-a6e3c89e830f	1025
de17bdd2-dfbe-4d2f-84b6-0f6e01581e67	1072
de1b9839-016a-432e-8edb-1a7d86eaf99e	1015
de234025-9a4a-45e0-b383-688d3e868ef9	1074
de24640a-4c70-43ec-8e00-5175dd438f59	2271
de3a6a9e-7d2e-4bce-a5af-40d20ff406f5	1057
de3c6a3b-8bc2-4c91-bad7-db8769d05a22	1370
de59dfe6-2f9b-4342-88ed-b45090a2b23b	358
de624259-bf23-42d3-8884-92e4a645acb9	1043
de63d146-6fe5-4837-8695-69703f70b6f9	1069
de703d52-aa1d-4904-bdcd-3cdea73254d2	532
de71692d-de66-4f75-9de3-8e929db18d05	2257
de756b22-9170-4b53-84ea-a97606d4887f	1058
de7d5844-93ad-4974-b40a-21a03d817edc	1069
de883fe9-4b6b-4415-9e74-83b9c37d5685	1679
de90a542-9d7e-43f5-bf18-7e9aa215341a	1350
de961002-20bc-409e-90db-9bdbcbed6a41	1909
dea1e170-ad1d-4358-b21f-800331f2650c	2126
deaaacb0-0020-4a49-a6a2-896d6ba60e30	1069
deafeca7-5ac3-4786-822f-9aba9edda575	1170
debc3131-7ece-445a-b777-0f6122bb3229	1052
debc6af8-c337-4149-b001-a01b382ab6f9	1125
dec81415-d2c5-42bf-9962-7735edc11b54	1365
decd6bbf-634a-4788-9368-7a707af3deb5	1072
decebf2c-c8c4-49bf-8fb0-59cf71b33592	1068
decf3bcc-03c2-4fe1-a538-5e38f5d8b0a8	1323
ded1427f-d62d-412e-819c-d1f926b17645	2290
ded34081-8bc3-418d-88f5-aec10f1ce570	453
dedd72f2-79d2-453c-a2ac-1fb1c26752b3	1010
dedffde4-999e-4f0a-b5cf-1360412e32bb	1372
deea647a-cf52-4a19-be93-65a8d4320256	396
def91141-1825-4886-81c2-f8f910456836	996
defe59b1-ca92-42a2-b968-b69e5ab72a0c	957
df0bcc7b-e4c3-4bec-bd26-c2d54e2f92b0	2211
df1c2424-901f-4176-8e1e-eb1cea3c650f	1722
df1d49cd-8ef2-4434-af80-f87e8ec5b048	295
df1f9f56-b0ca-46f5-8b47-5a8186231e81	1049
df37a74d-7294-4a0c-be05-9651ec87f1fb	1070
df3d501d-1710-4545-a31a-c2e1580e9fa8	1134
df49ef2a-822c-4c1d-8451-82ab0500b1bb	995
df5983db-62a2-416b-a8b0-f4d6bf959d5c	311
df5cc4d4-7c9e-4dee-81c8-d609e784e2da	315
df639a33-a101-4b00-8a57-0959be41517d	1054
df6b245d-b4b5-47b1-a718-9354224adf47	1009
df87f437-5418-45e6-8944-6c1443f6114c	255
df9f8b93-fd93-49bb-bbf8-86e1ed336c00	889
dfa1566d-4632-401d-bfe2-b044eafebd79	1067
dfa177a7-7834-4be6-bb4e-9a7790a958e0	1173
dfb91ec8-be83-4dc6-9ad4-8e1daae053d7	1081
dfbadda9-ee22-4d69-840b-4a5f5aabcc1f	1067
dfbade51-5abe-4cf9-bd8f-437c48b65fa7	285
dfd27f41-b1c9-4e03-ab62-9a04675dbf9e	2214
dfd79678-b308-4d35-b586-a051d9bf71dd	1039
dfdadeae-cfb2-4419-8699-7b02915a917a	2276
dfdcbe83-1c9f-4a7c-8525-7773b95732eb	307
dfdceb3a-cef2-4057-b565-1f083898aa97	284
dfeef235-8787-4e68-a9c1-27632769880d	1098
dfeff3e1-52f7-4afb-900c-28e6e0399415	1116
dff2724f-a7dc-4c51-acd8-fe7531fc4f31	394
dff44540-5058-49ba-be52-d6341c8adca6	1023
dff5b53f-6573-49ac-8fb1-4b4e7d937ebe	2251
dffad026-7ead-49b4-9bd7-e90d8904b87b	1064
dffb3c36-e821-4011-b3f8-1406794637e2	1077
dffbc4cc-87c1-412c-9014-024611d0dc25	1042
dffbcda0-33c3-4a1f-9217-127eb9b7f89e	1249
e000c85a-2ff5-42c8-8f07-1bbf194e4cac	1078
e0055d27-ceea-4d76-af02-7a5d0a213e6b	1034
e00eeeb2-8367-4ed9-8de9-80bea5178de6	1137
e014ea2b-220e-4cb1-a50e-d9f9a04cbb23	930
e01ebf49-4747-4b75-bae8-5c99daf529db	1069
e02f17a5-06be-4685-9587-7652302e5465	1192
e03325db-c8de-49a5-aa10-4b35a7126f75	1037
e0349d3a-7e10-4388-ad2f-3ec58c9ffc5c	1242
e038dfe8-c5d4-4116-b17a-c7afcd13bb76	1069
e03e4817-c227-4fb2-88cb-5313bfd189dc	1075
e0418d01-329c-4f12-962a-1cc5ef4b1780	1059
e0509873-d3e0-47c1-953c-f7b7918bf743	410
e054f797-ec43-4db4-9160-f2bcdf033126	1070
e058e561-b3ac-4cf5-aea6-55622773d334	240
e063e46e-e536-4a19-8a9b-9c1dc32443ad	1065
e068c05b-c5ac-4b38-b605-801c78b6c0bd	1066
e06f67f0-13b0-4704-a156-6787bb72301b	900
e074490c-cab0-4d55-9d5d-71ce670ea7e0	1047
e07d1265-8d1e-4c82-aca8-88e07c3fd495	1151
e086c1e9-af40-47e7-a656-a05a00d2c0bd	318
e0880847-4200-4e32-9a12-6594791bfaef	1061
e08ec84e-60fe-46eb-9c18-25028b96a19a	2053
e08f2482-d15e-4e3e-8f34-14dcf2029582	1066
e0915974-9387-4068-9c99-8d123e67856c	613
e095c32b-f636-49cb-8b85-4ff2bbdbb9bd	1031
e098ea38-66cf-4fc2-88b0-f64832190cbf	1021
e09be541-0e31-4c84-b062-2041afb4b586	1021
e0a99c50-9b96-4456-880e-42b938b6e19c	1079
e0a9a1f8-102a-42dc-a948-901e9f749b81	1059
e0af6ab4-a48a-4f8d-8e2e-486f86f75c83	1063
e0b5c474-c6fe-4a14-8ce0-6bff50377001	1082
e0bf5326-c305-4be8-b9f3-52f1693741ce	1074
e0c2e6fb-d585-4672-9046-2f3d3f6f880a	1620
e0c689b2-9025-4f63-9998-050128dd706e	1073
e0d6765a-2e20-4487-b055-21b9c4b67a7e	948
e0d7f290-6aa1-4b09-8191-51b7d228aae5	2145
e0da411b-5549-4a57-8985-1ceb55ebc3ec	1058
e0e062f6-8bbb-4a0c-8bc1-d6a88095f19b	1079
e0e298e7-a998-4beb-a2c7-38b7c3e11ea2	1292
e0ec15ef-c256-48c2-a9b3-44399c3938cc	1263
e0ecb966-ffc2-481c-844b-1c8f80334d34	1056
e0f05b28-50ad-4031-85d0-78f14df593da	1207
e0f46fa9-a08e-462c-ad17-4c469b2e999a	1120
e0fbb3a0-b034-4dd4-bedd-52376257b56b	827
e10538e2-e8a0-464d-9995-feee1ebee533	686
e1094d60-fea0-4625-b006-b222ac211682	1067
e112720a-b86b-4185-baff-d62bf7fa854a	1067
e1185fa6-2f6e-4410-9ebd-30f06009d262	784
e120e623-4109-4917-aa37-9a9626c0a5ac	975
e1241e94-a89d-436d-b860-81c3dcd232b2	243
e12df8e9-8e81-4c85-ab9c-9cb16050f2b1	1244
e12e57f3-c3c6-410e-89ad-77bf705bcdf6	971
e1335c59-ed4c-40e9-b3d4-d42359dd7391	1067
e13706d6-755c-4dbf-a711-1dfcfe22bce3	1068
e14455d2-7ef6-4b2c-84d1-bd2e65f25910	367
e14a1f49-e140-4276-9e51-bb3f302eb688	1076
e15676ec-45fd-4864-90a3-00055c3890bf	628
e15f8ae2-9e99-4a97-a2fd-b25f8e21d6f8	2170
e17014cc-c5bf-455b-8145-dd6761da78a4	1289
e170c190-cff9-4264-acc4-e2b50bd76a92	889
e17604ad-7c5a-4590-8880-2eb9484ffdcb	1201
e179b100-55b1-4086-a6ea-d09bb20c6260	1067
e17da999-39a8-4038-852a-be82eb137178	1056
e17fdb96-2a90-4389-951c-6a8ad0adaf89	1089
e1a448ad-1ad9-49c7-9917-99a1cebe2ac6	1006
e1ae275c-1cd3-45de-ab6e-52ed70097519	1135
e1bbf92d-04cd-4ef9-93bb-c51f9d3acfe9	1063
e1bf6efb-61ff-4f28-92c0-c796113250e0	1199
e1c5d00f-de1e-43b9-91ac-d67f9fb18067	2528
e1c76a48-4032-4c5b-93a8-ab621a2bf006	1064
e1cb50e3-a887-4044-83a0-d715b755c850	1307
e1cd129c-9913-42d0-bc51-1ea299f43626	1302
e1de8e3a-9fae-45e3-a11d-0a180052bc6b	1007
e1e0c573-7a20-4169-a6da-84b5ed5ddbf4	905
e1e739e4-bec7-4541-ab1a-6d9a5889b5e1	1039
e1ea8a14-2420-4975-9d44-e3b478107c86	1257
e1fc0207-94fa-4eef-8a88-0be837bd12dd	1076
e20052fd-348f-4c58-8953-3b4c51436a3e	1318
e2029cc7-00af-459d-b028-1cb0f5e01d4a	1079
e208bbc3-06a2-4df8-95f3-a8e2b960057d	1028
e211bfb6-b9b9-4f3c-a636-eea03f0d9985	980
e21e407c-3fba-4f4e-9e50-b1315704ccc3	467
e21eca79-efef-431c-b6b1-7533ea4d9bc0	5532
e221a491-383d-4c41-9098-9d55a1c0df61	2367
e23c94cb-7add-450d-b8c7-892ab0079213	1054
e240abad-c99a-4999-b399-645508f8fce1	2457
e248db5c-5619-4411-9d61-086d7b9196c7	567
e2552a29-a7f5-4692-ac53-75e5e03a239a	373
e259e8d7-3a80-413f-a9f7-5170a214c641	1345
e25ab504-87b0-4ab2-bf1b-4ed3337d525b	2242
e25ed8d0-fcef-4b27-965e-1f32203fd720	2082
e2612271-081c-49bf-a363-b6c964979f9c	1081
e266176e-e73a-45a2-bbce-30113acb0623	2185
e26adaac-2353-43eb-af80-157f4a51c6a1	1049
e271f3ac-aec6-495b-88af-f5c0beb21721	1031
e27a0780-570b-456e-b459-b28be066bd3c	1251
e28b34c5-696e-4172-9f81-1651872cea34	1122
e296d42c-f836-4fe1-b289-c45f954d6fc9	1027
e2976ced-743b-4c8e-964d-0f6f90458235	1062
e29bccb0-4e40-44e2-8609-dea59867ac06	1083
e2a21a90-f2d2-4275-a0b0-beabebabde6b	1003
e2a525c6-c6c4-4044-b9ca-bc330905f540	1057
e2a7805f-7a29-4b6b-8791-c0192191a145	1226
e2a81b73-7fb0-4c41-9278-3e8b39d788e8	1046
e2b49c9d-0769-46e4-aca4-a0bb27ced637	1036
e2c2e060-2325-4675-9091-3e723ae3a0ca	1055
e2c44e57-10ca-469c-9a99-bc0d176020f7	1243
e2c4b8c2-849c-4baa-8d08-9449b370c3d8	1051
e2c950e1-45c0-46d3-89b4-29fd5771a374	1296
e2cf26d9-7d5a-4af2-98e2-d2eed639260b	1070
e2d1a6b8-9f23-4b08-932c-f11d0ec0e92e	969
e2d35fad-a556-4095-824c-18d547e8b024	2134
e2dc2535-fa05-43dd-8820-78784b9a8294	1170
e2e8ca81-e878-4f51-aca6-bcaeef2056b9	1054
e2f50a5c-c9a1-4004-962f-3d7fee9689ee	1068
e2f567e0-afa2-4d12-87c5-82e47132e41e	1008
e2f621c2-e14e-46c7-a837-cb3f2d5bd746	1108
e2f6236b-4aa9-428a-a0f4-416676236267	1030
e2f88d92-22a4-4afb-b0b5-d197b44fc5b5	1384
e2fb6edb-ebc3-4e8d-98eb-cbcc523e50fa	554
e2fc042f-d0c5-4a4c-9215-4becd377763d	1147
e3001af6-0c8f-4e26-9ab5-b7cf506d42f3	2452
e3038032-cf83-41f1-bc97-30a93c93487a	1894
e30f1a20-4257-4bbc-ae93-d9c8842dce78	1064
e3128072-f262-46ac-bfe1-fa5d5e95009a	1074
e315257d-7f45-49b4-8607-5ededf5264d7	1075
e320a46f-f926-40fb-8bcb-8cea074b898e	1242
e3349c89-ebbe-4135-8b5f-b3e22f72da40	1195
e33a78e0-423d-4f59-a94b-018a76f6af00	1020
e34bd410-6b99-47e9-a4d1-a353633eb264	1040
e34edda6-7162-4704-8e0f-1b8e31829152	1083
e35bfaa3-a0ca-444f-89cb-5a79cc1dd8da	1059
e35c80ac-bd28-4e75-b582-90ef910ab0f1	1062
e362af48-464c-4232-ba9a-da0e48ae3f00	1110
e3664219-1b61-4934-98ab-51946f94b5a6	1361
e366ab9d-23a3-435d-8408-8cc1db56cc0c	841
e36948df-74ce-4d79-9ca4-b1d57e4ae52c	1208
e36cc736-e15d-44c7-adb2-f110dfc8132a	1087
e36e9017-d641-42ea-a61b-ac9ac3c3f16e	1249
e36effe1-1e07-4b0d-ace9-a8c46b70b665	377
e377d83f-2352-421e-bede-bff9c7e16b8e	296
e38258bf-2629-401c-84f7-3a88b0411d81	2169
e38285b4-1a1b-47bb-a1a0-df570246a7b4	2070
e38e6e53-9e18-4780-805c-59d51fa83376	11295
e39089fb-a145-455f-9ce7-17e6d9e5d21a	1154
e390d5b1-8277-4ddd-a4f7-b437bb4df368	985
e391c95d-78f8-4e52-8040-8bc9e8244f7b	556
e3981364-f4b0-44b0-8cb5-8d11459fb823	1068
e3985148-5193-4ac8-a124-7f4afe1a493a	1038
e398fedf-427b-4fb0-a559-5cbb00818e92	1067
e39ca81d-32b3-461e-b2e6-5e596c170c8c	186
e3a77c4b-ee05-4183-aade-9dda302c6b9a	1066
e3b0287a-8896-4cb2-9aa6-07253cdb965a	1069
e3b67353-bc4c-407f-b900-debc2ae6607d	1512
e3b8235f-11e9-4575-a7ea-b329e682d1e9	1108
e3bfdf70-6cb0-4056-8a8f-75d7c72d69d9	1083
e3c51080-aad3-4b23-adfd-d8bfef35743a	982
e3cfde74-315d-454f-b2d5-dfefac8cd9bd	1007
e3d703f4-4e70-4a89-9084-c1edb4676a85	955
e3ddaa9b-7341-49bc-a8ff-97f4e1e76bad	1092
e3df881c-3e9f-44d2-abef-9b42e643f069	1303
e3e209b8-8122-4e06-a79c-50caa1b30300	1179
e3e562a0-681c-4358-865a-1389889c6f9f	1014
e3ed1c2c-a274-4721-a4ab-e01387b969e7	1050
e3edb069-a979-44b7-bc71-9a8399186567	340
e3f0b938-4664-4872-b82f-acdf74b2ea22	2513
e3f2d88d-9fe0-40d8-9385-b20341a5f241	1060
e3f414f1-8502-4582-bbe7-e4e044300c9d	1176
e4012706-4fce-4632-b6f9-641777bbe7c6	538
e40b9a14-de63-4b96-be14-55de68cd8803	240
e41622c4-2fc2-420f-addf-03057a79aeb1	454
e41b4e1e-a0d4-4c8b-9e72-c927db520be0	1132
e425aa1a-2e75-4cc1-aaef-55aadc5fd8b6	933
e438229f-8448-4143-bbbe-5c548a62814d	1043
e4395b45-874c-470f-aa45-6772b6d805cb	1033
e448680d-e72a-409c-bcd4-00a9cdd6babb	1035
e44ac2dc-34b6-43af-8bc2-7b6f0198be08	1392
e44e9f1e-b2fd-463c-aaab-3cefeff0344d	1628
e4541142-484a-41be-815a-bdb1ac302648	1071
e457d678-1953-4c2a-a2a6-ce5788ba3d1e	1104
e45b02dc-7d6e-4200-99ca-0fb61936dcba	1182
e4604367-34f4-4794-aa59-0e92d3f2025f	1059
e468a173-ed4e-47e2-8db5-380e31ef1e96	1395
e46cc6c6-b7ae-4718-9852-cf8375acf899	1235
e46cd06d-d1c0-402e-a146-8a851c49a1c6	1464
e46e3d6a-c7cd-43ee-8fc9-8eb6856dfd68	212
e4763f87-d99f-4d75-9ea2-649d1ad092ec	1141
e47660c4-ab57-4838-ac32-87a07d85dba8	767
e476710c-c2f2-4ffd-8f7a-b12634b26d29	1062
e4769532-0ae4-44e2-b035-b37cbc154e53	1253
e47b61b2-2ff5-42b1-8e0f-e32cc91faab6	1059
e47b8d72-e58e-4b0b-b726-1c03417126ad	1064
e48059e6-076c-4689-8e09-21fd13c05e25	1058
e49f5b7e-a905-4abd-8453-874a5dde0e6a	1087
e4a28673-bf4e-4ae8-a635-9c9b26cdbd3c	1346
e4a4d464-8dbb-4c16-b680-62ff2a770c4e	1275
e4aed505-2ab3-4234-9903-0966328dbdd5	1077
e4bf3eb9-28d2-445c-9ff1-7feee66a6fb3	1073
e4c30847-bfbc-4008-b31f-4f65fd1d491a	508
e4c566bf-4297-4391-b1aa-4b8da858a498	1064
e4c5db89-0690-465f-baaa-41ce011079b4	954
e4ccaa0e-f63a-4af3-8e48-6e4ca14a31de	1770
e4d65eda-1d84-4fd3-893d-1dac780fd75c	1277
e4deca67-b1c1-4549-8114-d2eb8c77e928	115
e4deee61-83d0-4acf-b38b-2a0faa88f266	1111
e4e1ae54-6776-4035-93f9-ae710e63998a	948
e4e275a3-abab-4d0a-b758-367d6d672cf2	1074
e4e841ec-239f-4536-a57b-1e017e78cb96	1086
e4ebb4da-94fe-480b-821b-4a53cd603cdc	1992
e4fadb1a-9c62-4565-bea0-9c9743462a4f	1079
e5058b2e-8f70-4470-95b9-b74c84413d19	1063
e5094b06-b9cc-4fe9-a628-8129ab458d1c	1101
e509d97e-4e5b-420d-8e75-0dc948f1df20	1165
e50ce282-8aea-4f5a-ae27-ab3f710943f8	2136
e51b678b-4e02-4832-8380-f1a961763947	1071
e52f55fc-572e-420e-b1f5-5244379f30d6	1068
e532fdca-ff8b-48cb-a8d4-61670fc9bd6d	1133
e5406501-dfc6-4f69-abe0-21e1d75945da	1054
e54fcdae-87e7-4bbe-9dcd-be33b0d3d20e	1144
e55b9451-6995-447f-acb3-5830c88217a9	1066
e55c969a-b084-45f5-b1db-856028118a73	1152
e55d1243-009e-4160-8cf5-33b9face7814	1037
e55dae38-5b64-41c6-803e-ec8fb5468815	1080
e5633cd1-e1f1-4021-9d18-6d27701781a8	959
e56451e3-59d2-488e-ac2f-c913ed410179	995
e565be3c-bad8-458a-8b94-374e51586f57	455
e586c265-bd32-4386-b8a3-c729d9b1bad3	1069
e588a1de-c565-4541-b831-d3453a2028a0	1017
e593f8fa-b761-4f08-8672-5d88b06fdcdd	1057
e5a6ddf5-5646-4297-a108-b07713b91d08	532
e5ada5c9-af0e-44b5-90ec-35da3e50eaa1	1387
e5adccc6-d353-4672-a3d2-e107a1eeb302	1079
e5b9c703-d8b4-4dcd-927f-d15497da3174	1238
e5d667a0-3f22-4f1f-b7ef-fcab5af40f3e	3094
e5d85e6d-b481-4d22-95a8-0e54ac88eb6e	1063
e5e555a2-70fd-48aa-9b53-d6d6c0ce2f34	110
e5ecab04-1dc0-470d-9991-abdb016b77c0	1096
e5ee3dab-0daf-440f-8497-5bf3dc950a01	1251
e5f37d7b-c07c-4658-be76-96e11fe55937	1391
e5f7a2ed-9eaf-4a4a-a2f8-9982cd9e9b96	1243
e5fb986c-af4d-41b1-926f-1c6ceab7a4a5	2142
e5fcd4a3-f7cc-48c9-8ffb-96b5d9f72ee3	1365
e6010a1f-b4d4-4fba-aa47-243c0c1c216d	1334
e60296c2-6e52-409b-9e24-2a7bed0bde2a	1081
e60e4e35-6195-49bb-b095-7cea5b08b867	1078
e620f6c5-b5cf-491b-9225-8da6adbfd36a	1071
e62137b7-1cde-4689-87f1-47b9d01cc5f1	2140
e623c5c0-f27d-4523-9075-a3e9eb3a29bd	1026
e63b9088-1959-4db5-8f84-9ba68a097199	360
e643ebd0-68ed-4f01-9ce5-0e7b9d975d2b	1056
e64497a6-df50-403f-9e02-11566847fa1a	1008
e653b448-73ea-4ad2-ab64-d9c6837f5993	971
e659ab3a-d848-41f3-ab8d-aa89b68c3f4b	2141
e65ec93e-4cf3-4090-b742-8c89fece25be	1429
e6665938-9db7-470a-bb2b-33cb8feb1fe9	1123
e667d159-f13e-4322-a1f4-af8f9d285d87	1190
e66b77db-5c3b-4db3-9785-37b10e983e96	1052
e66c4aba-e042-4c9c-adb6-d2a28bbe8d19	1191
e6714bf2-ab63-468d-9f3c-fdb9d1a48de1	1124
e671b8c0-52a6-4fc8-9d94-a61ed8959fd2	1069
e6768c49-d7b7-4114-8bca-d711ae921e23	1060
e67c0eed-898a-49d9-b527-c6de6782f2eb	1043
e6811842-0174-4a3d-9c66-e0462675b05e	1135
e685dbe9-511d-43e9-8205-26eb90545275	1121
e68bbdb1-f451-4b11-a251-5a19ee335655	1382
e6931088-e86b-486c-b294-bc8f300787c4	1061
e69559d7-1b8c-4a02-8da7-bc0f178a1108	386
e69c8351-ea1c-4577-b792-e2d17ba3ad0f	2581
e69d1a2b-b565-468d-9c50-1613d66e317b	1054
e6a0b456-fb65-4d19-b87e-16b295992623	2193
e6af1e63-9488-45e9-83cc-821df6359fd3	19661
e6be55c3-ceab-4a8a-af71-2e27d39b13c0	1041
e6c0c221-0663-421f-bd31-04f00e5b8547	1059
e6d1ee25-5af6-4baa-87f0-9b6b3400d22f	1062
e6d69359-90e7-4aa2-bce3-25e0243da1da	911
e6ee4743-e682-4cbd-986a-ed967a92b78e	1026
e6f5b902-f0d4-439a-8fb7-d463fd6e698f	1056
e6f77b15-3f14-40d3-a061-15e9bbbc8260	1227
e706d8fb-85dc-4899-9bb3-bbf211d4c3d4	1057
e708d591-8889-4372-8a35-efdc68b44623	1290
e71aaff0-ce1f-4432-8cb3-9bd7507403c7	658
e72804b2-e6e7-4d5b-9a58-a65f71bd2002	1076
e72bf388-a48c-4cb1-8476-36b8bfb6cc7a	387
e73550ca-c613-4424-bd57-799dc7def23d	1018
e7516e61-d9d7-49c3-97a3-e6d1c438c062	2460
e757986d-42f7-4c52-a2fc-7c8da5e2f99f	1222
e75b9ad1-858c-4acc-9a22-3ed0e79ae23e	999
e764e09a-dc21-4c8c-bb8a-38f42b65b8d3	1001
e7655074-7911-4e6c-997c-44775f7f033b	1248
e766927d-eaf4-46cb-8f2d-e34bc070cb8e	1186
e7729be2-ef4e-4338-b4f1-e8d27ffc75b0	1012
e77af17f-ab48-412b-bb4d-151eb9bc53e8	1045
e77c7d79-b378-424c-9fbd-6c72fe584869	264
e7892ae3-da85-457c-b5ae-faf00df95ad6	965
e78c884d-3e27-413c-bc79-af4a7eeb83fd	1195
e790289b-c996-4d5b-a37f-79fcabb91e94	705
e79402e1-5733-4357-b5e2-6a7fc0a1d924	1068
e796bbf4-4cf5-4031-bd73-1463f3efb065	1076
e798adca-355e-42d2-b317-3f0109029471	2272
e79994d5-225a-4b2f-b7a5-f7c5c41341b3	973
e7a36198-4030-4af0-8e29-b3e6b5d9f59b	535
e7a78e1f-53ad-4231-b0b1-aa235274bd49	1083
e7ac1ff9-e939-47e8-86e6-92cbd14a7b69	256
e7b31713-1a81-4323-a122-54152ddc2157	408
e7b5f7be-332a-47c3-a084-58e9465a5286	1055
e7bd03be-3694-4e3c-8765-0dae36893ba1	1087
e7d2972e-c0d9-48f2-a0cb-45ca5c293b40	234
e7d5b10e-07f4-4358-a837-eeff03e7fc2a	847
e7e4763b-24be-41ac-b25e-0628be8fd9f9	1244
e7f1d2fe-ca5a-465d-8493-17ab7adf1949	1049
e7f5935a-6494-4bf8-87d0-41ae8f3e9d5a	317
e7f6d43f-65e3-472f-a692-b47a15481c39	669
e7fec832-64d9-42e1-87b0-538cbaabe036	1252
e7fed7fa-a6e4-4f49-89ee-dfb82742146e	1309
e801af80-4d0c-49fe-bbe8-573c0631cb53	238
e808f83c-30e8-4b84-9cf2-504545878ee2	1330
e80cd864-9733-4f66-bd21-fb26df12cdc6	165
e819ab7c-d7cf-432d-8293-c1f5d7df4e60	991
e825cba3-f57b-4366-a371-de03c67af917	438
e82c0b52-8ffa-445c-90ef-00c3fa0987ff	1005
e8467bf0-a20b-4390-b1ac-aeb0efb83c42	1464
e8520ebc-f665-4fe5-b4d0-c65e0a5147da	1655
e85defbf-7be0-47db-9999-9f3e54147261	1073
e8608b1f-11ee-4513-b428-db1fc3a2f06b	1044
e8615c6c-6379-4969-82a0-2dfc87be945b	1070
e861e125-b834-4fb0-bc13-41ee1a805dda	1063
e8621b25-b8cf-4070-b601-ccdcd0918cbd	1062
e86d3a87-b91d-4ae2-8413-42b875f4954d	1094
e87227b9-15ef-4daa-82fe-6443c6ca5562	1015
e8895b4f-782a-443e-a674-0c08a4334c4a	1062
e889e172-312e-4366-bca2-7c053d6bf21e	1126
e88c5cce-bf68-410e-94c1-441d310b23c7	1028
e891457b-c89f-474d-b3c9-1103c242434f	1437
e891d9fc-6510-4d68-adec-b0b16703518a	1061
e898b348-6ff1-4994-bf86-2518a43ee4c0	1064
e899f2f6-2b3d-4e2c-8d68-78944555c5c9	956
e8a822eb-a785-466f-a865-afff3c6450b1	799
e8aabb7e-6cc1-448b-adcd-3742b0a50b16	625
e8ae0d14-c37c-4090-9c9f-fe00557cec72	1092
e8b57327-6a8c-4289-b70f-020e5958dbf3	990
e8b823f7-d4c6-482f-8f73-a830ca9acc1e	1117
e8ba8e51-15f4-4024-9642-0a0d67c7ab86	987
e8be79d3-2d28-4e4c-bcbf-8e9561479b13	974
e8c510b8-1398-4deb-905f-e2754fed0942	1043
e8cdf62d-09bc-42d1-b46a-2ce554c4ef1a	1058
e8d80318-39d4-408d-b05e-fd9f9fbe4d85	977
e8e0a39d-a1ad-4476-b279-ae74d02242e7	721
e8e1f146-d220-4b35-95b6-c6c5381354cb	1083
e8ef0469-5f2c-4187-b958-0ebd3a77b4e4	1383
e8f59285-22d4-4e16-a5f4-e8228d42964c	965
e8f766be-bdc6-48e7-ab1c-145156189c07	720
e9011b98-e40b-4fa6-9ae5-7ee6bd604440	2100
e9011fe5-6ed6-4672-992e-01a04cbbc00d	1088
e913b935-8c16-45e5-9b2c-c180fbe1678d	772
e9141b13-5755-4a0c-8b74-6712cf7556d5	4146
e918cd48-21bc-47ee-b2b6-2ca4b56b0c47	1559
e9231339-1f8e-43c3-9a30-dbd1bc6f80c2	963
e925c260-7660-4b5c-bc6d-304d3cb443b7	1142
e9270f01-2eea-4e08-b5bd-2db45af5abaa	1302
e92e194e-f554-4e14-ad91-f923cbbf35b6	1224
e9376477-9680-40c7-9c9a-fdd924d40840	1073
e9452941-f505-46bb-9aa5-739b55e1bb17	1073
e94839cc-6af1-4366-8d79-bdddc6e68cc8	955
e954bcaa-a8bd-402f-bcbb-8b93ffc66b15	1056
e95609c6-6615-463e-bb42-d40eaf9eefc0	248
e960b552-b81c-45c0-975e-93e4cf01e32c	1100
e964d24c-2bc9-4195-a569-7250c937823b	1082
e96b2289-b705-45a6-9492-091581c1d7db	1082
e9706986-d2a2-4de2-9477-396815571811	1043
e979f714-5ae7-4d49-a001-9c5156fcfb07	1084
e987a8b3-379b-47a4-af74-94828f2a8ebd	1120
e99aa085-d3c5-4e66-b7f7-b9e89b6fe84d	466
e99b3f60-b03a-41b4-9811-a255fe30d5ed	945
e9a51998-5a93-4dd9-abfd-21bf8a34cb23	1068
e9a8ba44-3eda-4c3d-bed3-d090fb61f131	1079
e9afa7c4-3eff-490e-b405-c7523de6cd8d	1042
e9b334fa-5de5-4eb4-83c8-b899ce9800e4	1030
e9b60bbe-eb79-4283-a244-8b13eb865efd	909
e9b67705-ce7a-467e-a34f-9e9cf4bcde37	1068
e9b76087-60d1-4af6-a78a-053fc224f17b	1186
e9c518ea-a5d8-4502-93b1-3a7ea24a0cb6	4475
e9c6f9ad-a2fc-4447-9c94-8987618d211a	1096
e9caeb98-e437-46e5-9f70-457d901ffec3	684
e9cb84fb-e1d4-4f5e-913c-c8a494e7ebad	554
e9cc4a3a-591c-4c48-b5e6-55e6035c511e	1038
e9d844e9-6115-4e01-8e0a-1d2ab2e9a490	730
e9f4200c-6885-4c87-b292-af2c2347a096	390
ea011d1f-66bd-47c1-b5a8-94eddd69a7b9	1095
ea03689a-2b6f-4979-b936-bc2ba98a57f4	1062
ea13e17a-9186-465c-afc9-ebc6247e51e8	1586
ea15188e-73ad-41d8-9870-b224ece248fe	1061
ea20ceb8-7d4e-4510-89e7-036def491075	1210
ea27d6cf-1c16-4701-905b-44c53cacb7d5	1114
ea39fb66-f26f-4db7-8595-16f977ca8e95	17
ea406e84-583c-47d7-873f-5a40beccb25e	1119
ea4fbff4-82ed-4dd2-9327-9d258ea483de	1031
ea558f48-80dd-437a-a107-b19e0d1dc23b	2146
ea56f6de-3773-48b2-b703-502dec533b8b	1308
ea58fae4-2cda-4045-8f2d-aa782c349c00	408
ea5f7a89-b840-4679-9d51-a4bce1d43a69	1166
ea5fa12d-9e56-4fb8-ae78-07027f7c2ee3	979
ea64d810-c167-4342-956d-0c51db2c3f4f	1022
ea6503dc-743f-47aa-800a-c66160070ba3	1073
ea65c9ec-8a0d-49a7-af1a-9256a00e0ecb	1075
ea69539d-c659-4c4b-9adf-6590b170fae8	925
ea7cb698-19e8-419b-ab16-4c9d22b85586	1225
ea81e18e-c4ac-4d0e-9328-993b671a936e	1500
ea87afa7-b173-4088-bf53-1d47dd37adda	1237
ea8b7077-fb81-4e8c-bacb-2dbbc5ba5fd9	1053
ea8e305a-a556-4d74-b16f-9a7885cf5291	1243
eaa6d817-bd48-4d90-bbe8-89e055ff699e	1380
eab02440-12c1-44d5-b631-f49fcbc29fc2	1097
eabf6c9c-9897-4b1b-b095-864153cbcea5	1365
eac27a1f-590b-4bb9-8c31-f8fed492e7f9	1088
eac47f51-c5f0-48c5-ba87-ad50cdd35b55	287
eac5d3eb-a96f-4a34-8b67-284ac6b24ee9	972
eadcf427-0e0a-4127-8d09-aaaa56d944b9	1325
eaded35c-3b31-40b1-8803-ef0f4495c2d3	1163
eadfceb5-2ca4-454a-aa45-ab94f9ce9008	1824
eae4b2b1-e3a0-4a89-a04d-bfefae648901	1481
eae5bd6f-9af3-4896-9b1d-1cec83711761	267
eaedea66-9343-42fa-9732-f22d39c7acb0	725
eaf040af-b38a-4469-926a-ea9bd50ee83f	1160
eaf955fa-e3fc-4059-82d7-fefbc565ddac	1071
eafa1d19-019f-4ed6-8a0a-29c6cc16398a	1041
eb0017c8-7d97-4bbe-ba6c-c9b0ca10f758	1248
eb1a782d-ec13-407a-b90d-b89daff8722a	821
eb1d30fd-523e-49e0-8ceb-2a3266f62f15	1348
eb2b0214-4ced-4982-8594-19050d155afb	1073
eb3031d1-32d4-4833-8140-0623d10cbe61	1071
eb3f5c2e-af1c-4112-b772-32dcb061c4c2	490
eb4b31bd-ec65-492f-b688-a8336bd1bded	1037
eb6055aa-4392-485d-a0c4-100507352b2f	655
eb7b2297-b6c1-437b-9628-47d113fd477f	163
eb7e622a-f03e-4b60-a1ae-8628b27df761	1100
eb801543-2e11-4615-8535-82b78da3f3a4	731
eb865107-390e-4a42-9bac-f915157d9041	1076
eb86a548-7fe3-4c25-b151-c8f453803996	1065
eb90a4c2-b979-4dac-b8d4-5fc280b848d7	1134
eb971711-727d-4476-9c26-e247c5438577	1079
eb98c997-ee52-477a-940d-b5617b83f3eb	1111
eba8bd95-82dc-4732-922d-cc31e992517e	1078
ebaac8e0-b174-40db-a478-531d798760f4	1430
ebc070ca-80d0-459f-99cf-3ce0a933df14	2196
ebd5d405-1701-477b-b8b6-cc0cf34a5724	1073
ebd8e279-eb2c-4999-a4d0-c20bd4081fd3	1054
ebf5147a-68e3-4bdc-873b-ba4a69ca72c7	1075
ec00f070-eaed-4af9-a79e-9ed84ae5d4a7	574
ec02d4a2-fb2a-4731-975e-2530e7b51418	630
ec0eac5c-6fd8-4489-b991-a18038a665fd	1160
ec2a2e10-ce5c-4621-b6e2-050b5a11e290	757
ec2d9e5e-e397-450f-b6ae-26f1a7551117	1042
ec391dec-ffff-49e9-98c1-da6731ccca11	406
ec3dd5f1-0981-401b-81d7-51dfd29ba9e7	1373
ec42b32b-4b27-49fd-a43a-679368472972	992
ec6966d3-c979-42e0-b7f1-5b1d3bba2668	1104
ec6f40e9-099b-4677-9ffe-30b3ec35d521	369
ec827bc1-e8af-492b-a640-7781b915d5e6	253
ec921d79-7c8f-43e3-a709-bc8bfcc964c6	1818
ec9ce6bf-56b5-421e-beac-4fc3640f3ad6	1253
ecbeaadb-c135-4f73-bd46-72f334a7c726	1132
ecbeb8fc-3a14-4570-a613-be49652bf3e5	1299
ecc5517b-bd3f-48cc-a80a-d26c6049fe5f	85
ecd0cc72-cac9-46e3-aff6-4b1f7e3a2881	259
ecd7c058-116a-4630-91f3-b6ba61c21cbe	1018
ece0702f-e27b-4903-8045-3247aea75131	1064
ece4f6ce-9c01-4820-b547-fcb9fb0320dc	1059
ecef8979-bf3d-486c-aab7-01564ef950ad	1232
ecefb862-52e1-4c4a-8d41-3a28206b80ff	1082
ecf20fab-1e30-4bb8-909f-49d112794495	478
ecf373f8-9a54-48b7-9c96-2dfa6a776507	1273
ecf3b1aa-71ca-443c-91ce-f29acf7fbe9c	1355
ecf65cc6-ec83-4128-968d-54544d1d3bc5	2274
ecf712bd-d386-44fc-881e-0a5210b95ece	1059
ed03a906-3df4-449b-985e-0f07ca3cb495	1361
ed07f217-2730-4346-b47e-7f22ea646a3c	2145
ed16fba0-48cd-4919-b24f-90544a29a12f	1044
ed1b95cd-bfec-4f25-a876-15549b353309	1070
ed1c5d68-e0ab-45d0-a615-2cb3055f36db	2333
ed24834d-e91e-4327-994f-4b16d191b815	1110
ed29fcc7-31b4-4fa1-b206-a86f15d0dff5	1061
ed31c89c-c058-4a8f-b55e-db1ea4226392	401
ed31de40-6b8e-4918-8271-ecc6dd3759b9	1304
ed363ac9-66bc-498d-b647-ff7c000651b7	1254
ed3aef28-4087-4e7f-9fc9-440bc829c073	236
ed46efdc-3a1b-450e-8bed-b84a91195490	1380
ed504639-5b7d-4e55-bc98-580a0c092cdd	1100
ed5362bf-bd98-4092-a847-07392fd3779a	1046
ed5a3d85-07ce-4ff8-88d0-e177f62f62a3	1536
ed5f6694-f5ee-40cf-bebf-087415984ef3	1091
ed62e144-ce3d-431b-b04e-84202f8538bc	832
ed6813d4-48e5-4ccc-bfa8-5b81117bca31	1227
ed6915ea-0e0a-465a-bedc-b77d6c279926	993
ed6b207b-c22f-4ed3-9c20-b16898f49c23	136
ed6f6bd9-3a9b-487e-a467-91daf87bb998	1536
ed745df8-dace-406e-b2af-b09304779da6	1419
ed8bacb9-c57e-4490-ad02-f28454cc097f	1097
ed8bbae0-0362-4e61-af26-c618bf068d48	486
ed945b43-b84c-4f06-903d-39bd895d82c1	443
ed98b03b-e854-443c-b292-d1e975b871f8	872
eda3739a-7008-4b72-88da-d10837460d32	265
edab792d-3b47-475d-8e16-86a8df23b35a	1076
edad5015-8431-4ddd-8b24-91d3c18af4d4	1314
edb66d01-16a3-419b-91af-9db95b2056b7	1281
edb87b79-43c0-46ef-96e6-b62448af3e45	1095
edd44dc0-cbae-4cc1-96cd-92889423a057	125
eddaeb4e-fb59-4218-8450-2148c8729990	1043
eddbdc62-0d37-49ca-905c-bc7ad2587cf1	852
edef43cd-b616-43fe-8942-496d199acecb	1336
edf55b8a-3430-4e01-b774-64a123323d2f	1276
edf6abdb-d313-4616-ad5b-d972fb046231	494
ee0800d3-9fac-4b02-93cd-a9243eaf2518	1177
ee167e16-152a-4b60-a534-232d18e4f31b	729
ee1a8aa8-825b-4ead-87ef-74abc0c8cfef	1065
ee2088ac-ba5a-4d0b-9ba9-98e03a8f5561	1106
ee24224e-1a43-4a43-bb45-f8dec1436955	231
ee2443a4-136c-4608-837b-94925cb623ea	2217
ee2698c2-a752-4930-9160-455066bc6109	971
ee2f7fd7-b3d4-4b6c-ac1a-8031066033c2	1075
ee367d82-1521-4d84-9c90-28de93cd5a64	975
ee379cf5-a784-4eac-9db6-fe73234c16e3	1058
ee3bdb99-f140-46ac-9280-de8ae37651ca	987
ee4b2fe2-b82f-447f-9312-178091677756	1402
ee522b1c-cf1d-4fab-93f4-9e7c38babde6	330
ee5ac85f-d6c4-4aa7-bf4b-81f803144d67	1052
ee5c82b3-ea78-404c-9b46-5a2418b2d4b1	1077
ee69ea4e-0a81-441d-8f09-a64f846f68be	1056
ee735a26-cbaf-4985-8836-7eea136beac2	856
ee7894e7-2d46-4d78-ba83-1b9bfb4bc6dd	989
ee7b9795-e3f4-40d2-a731-cf4e5e82f37e	894
ee7e82f1-58a3-4991-bd8d-9ac807be8fb5	325
ee93ea44-84a7-4356-b074-863137e67b35	1021
ee9eb9b7-a5f3-424b-8af7-784060807c43	1074
eea0275c-7a99-4c64-9f1d-65ffe2a12123	1619
eea6e5d1-f906-40ef-9f23-64fa1a0392db	1236
eeadaef3-0681-4052-b852-943578eeb832	1068
eec09af3-7037-4e75-bc59-38bb672f982b	1220
eec8161b-ebca-4e37-88ee-8a2d3c44d12f	1314
eeddfb56-3399-4145-922f-841a694be18f	1000
eee3d068-971b-4b5f-9149-a9354a53c5ad	1001
eee431ad-23b4-457d-9f7d-e81aafab797b	941
eee8f442-6044-4d93-9167-cc1194da9b15	1057
eeecb443-f325-4f2f-b620-97474ad6669d	466
eef91505-6cb5-491b-a91a-6e072610d3f2	623
eefc810c-ae57-4d06-ba20-bc4c2494ea95	1000
ef09a87c-fc9f-4dc3-b435-f86648480605	1047
ef0b7798-1264-4f45-9ca4-eed77dafe2a7	1350
ef0e8634-fcd4-463c-80c3-e3b3f41859c2	1035
ef1bc97f-5229-46d2-b82c-1fb4cbc19fff	1046
ef25b0ce-9189-472e-89b0-d63c5d44bd2f	1663
ef25e684-d06e-4227-81a2-c0f18db98367	165
ef2a2b7c-0c07-49a2-b896-58731a3b1e10	310
ef2cca94-8762-47f4-8189-6407b363462c	235
ef35611a-a8f0-4f6b-a46b-e788d10fd9cb	911
ef381b89-efd0-4e28-9c1a-5f64ed1cd8f5	1312
ef4ee886-2363-47cb-9ca7-8db60a392020	1066
ef52b632-8100-428d-9914-29fdef3e52d1	1062
ef5c01c9-f19c-48be-87a5-4b114397653e	1030
ef5de629-8b27-4dff-b75c-f4545bb6f436	320
ef68922f-d2d5-45af-b1a8-27837b38a980	2125
ef699e65-ce34-4bfe-8f9d-de4ae61c2d57	1092
ef73c81e-289d-4e47-b49c-c92e380a54d2	668
ef7745c4-2d4e-4cd8-9144-0897aa930ebb	282
ef7c1d2b-5694-49a0-bf47-d0e316beb21d	1015
ef7e107d-4c1c-4888-9ea9-6ce98b850ae5	1078
ef7f8cb6-c041-48b8-ba22-6cf6a5f2f695	1093
ef9346d7-f054-4e6c-804c-c8db99bd21fb	1056
ef957502-d8b7-40a1-bf06-492edcb185b3	1363
ef98dd73-49c7-45ed-85df-d1562923c04e	239
efa1c6d2-095e-4b9a-9e66-c7381aaa8437	970
efa2aa55-1f6a-4338-b9b1-5b9e280adf0e	986
efb6e444-9c50-4642-95ef-157cfcb9ad66	1151
efba2331-a12f-4b42-a9c4-bcc4e1911228	388
efbe402a-26b6-46ed-966d-e10d75748dda	1140
efbe990a-1177-429b-b56e-c2e2227af677	1260
efc0e3bc-dcb1-4ee8-b6b4-c9a454eed24c	968
efc16e91-ebba-4c6a-8cd9-3948e2607d09	1069
efc1d997-6e67-4584-b2be-d72196993cbd	1055
efc85d9b-4bd5-4d05-b913-d5b1c505eaba	1028
efcd041b-b472-4cc4-bbbc-0b396e75ef40	1471
efd2e2f5-31a0-4a7c-a1a2-adaf5fe33364	1007
efdab3b8-b937-4a84-8aff-6ba830ceb0dd	257
efdb52fc-a9e9-492d-949b-e2061974cf17	1248
efdbd10e-89b1-4ccf-911d-260d846aa6ec	1508
efdef331-08dc-4c0f-8b1f-3b5459c9c47a	1068
efdf5ec7-495e-4943-a6b7-24a363f45f1b	1252
efe70d11-5b96-4e58-b744-f7c0618bf723	258
effa6e6f-d8e6-4e5b-83be-8e45af7b0c49	312
effdb269-9dbc-4624-8352-86949486f20f	2507
f003bbbb-ab25-4fc2-8ae9-18cc7eb4101d	2079
f006ddf9-50d0-47a9-a96f-4448bd706cb7	2141
f00f5c3f-b78a-4a90-b0f4-ef9b89a7542c	546
f0129849-e5c0-46de-b506-7e291b0f6d7c	2962
f0133908-bcd8-4ab3-9647-751465fd415b	490
f026b4b9-c866-405d-b66a-da1309d162d6	1066
f02ca7a8-d8b4-4cf4-9429-d36c63a73b4f	307
f02ef372-1510-45be-99e7-d666d95103a3	1388
f035da89-0d37-4917-8c94-11c69e457d2e	1191
f04353a2-c190-4180-b652-d61c1cf8916b	2278
f0483984-3fba-4af9-865c-e682194f53fa	2022
f052e817-3380-496c-9fab-5b91dbd23184	1061
f056f2a3-965d-4d9a-bf6e-c9d006e7817b	1084
f0623e4d-c33c-4ad4-9759-8c239db9bb2d	1170
f066a269-7bd2-4c5b-bf90-4b0103b080dd	1047
f06c73ca-8aba-4d2e-b4e8-c1ab766dc442	1091
f0752070-3468-425a-9e22-3ca17950d7a9	1188
f0782c99-1f96-4b24-a796-f3923492d122	1048
f0791703-840a-4034-bc0d-1efc885c229d	1077
f07b3275-3b46-4939-b49c-52bd302a624d	1180
f07d6084-40ae-44f5-98fe-8a65d174598f	1050
f0831b16-9c77-4b89-90ba-dc39ceab1d12	1113
f08c129e-d8c7-4600-8c26-a29e9bf42a4c	1110
f08c2ed8-9371-464a-b6f2-dae42a8afe29	1006
f08e8251-1675-49d4-aa86-f166f935a3b9	531
f08f9782-b301-47e1-833c-780df97b077b	1360
f09816ec-1e7a-4d0e-8eab-8b8040a48a68	89
f09a1c3c-2bda-4fe6-b46f-04f95cc85862	1080
f0aa7432-f76d-4ea9-b8f3-05196dff98bf	1397
f0b6a36b-96c2-4bba-9a02-70a0f30c9118	254
f0bbd408-db44-4c72-ab93-99bb1d3f1623	157
f0c15db4-3f4f-484f-aaa6-1b2444c4a2f5	1379
f0d4122a-d8f1-40bc-8f06-13fa72d77200	985
f0d776a8-3e39-4fce-ac0a-3b2237f3edf8	998
f0e6c5bc-e84b-4acd-acc3-d9722151356e	809
f0eac1c2-fa4c-49c7-8ed2-10215df06fa1	1120
f0eddf6f-9db0-41d2-a870-3d168e871da4	303
f0fc618a-02ac-4936-a995-24fdc37c0888	1099
f0ffd546-c3b1-428a-9086-3c39695fabbd	677
f10e7d4b-2c91-4a75-b20d-48872bb73f16	1079
f10f2e04-e7e4-4fd4-b9b5-725c80b7af14	238
f11a074c-72bd-40a7-96f1-084c67c99f3d	1062
f12bd2a6-9b56-4d93-b56a-db0b042934b9	878
f12d3137-d256-4836-b9a4-f421db8831f6	969
f1315a1b-43bf-47a2-a0a2-409110128261	1071
f134d095-8b6f-4f91-b13e-5e135868c8e6	1120
f13a5db8-20da-4748-9925-e863b28eb660	1130
f13ddeb8-a730-40de-a8ed-cb776c06dfd3	992
f142deb4-5803-4cfe-b096-7434614bbb39	1036
f14dfd83-852f-4508-82d8-8c194d74b4a9	988
f14ee86a-b26f-4386-b14e-7bc0e8b0e2c8	882
f15d99ab-470c-44fd-a2ca-777528b91bdf	1077
f15e46eb-1aec-41af-8bbd-16461906fa16	1394
f16be8c9-c08b-4c2e-8ef0-14e8fd1c67c7	1062
f16cb261-d285-4aae-9d5c-42acd940b0f4	724
f179010f-2e9d-4525-bb4a-7ae5f55e50f9	1288
f17b7944-dfe5-45fc-951d-d7ea039549fe	433
f183cbe1-0a4e-4661-87e8-ee31c6be3c9b	1088
f18d58b4-a2df-49b7-8b6e-5c6d65045f57	1068
f1938595-5a4f-4df3-afe6-d488f3233a44	1374
f199bf56-3dc8-4550-aa13-810136735ed3	1190
f19d455b-e5a8-4550-b106-782e27f658ee	233
f1a055a2-6b98-4ada-affb-203fedc341d2	1074
f1a49c63-c43d-47af-ac85-bdae1b0743ab	932
f1a8dc12-d860-4f98-8466-eecb3c491efc	1080
f1b98400-a54f-4a2d-bfec-e2a8db532cbe	1304
f1c0a5bf-11fb-4a2b-9a36-59389825223c	1438
f1c22686-cca5-4b58-87b9-ed281cb25d22	172
f1d7a6f8-78cb-447c-919c-a9db9e95c479	886
f1e260f8-0d28-448f-96ac-7be6d815e423	1451
f1f7b246-e7f7-4ba1-8f77-d99862162f35	1054
f200bfd5-6ed2-4744-810f-7ce54413d3d1	586
f2071a1d-03d9-4385-88cb-ef3deb7367dc	1266
f20935bb-4fa9-4447-adf8-735eaa8a1161	1149
f212bb12-7d4e-416a-b735-193d891e38b2	1050
f217b983-0b2c-4be8-84b4-68a4d5654f81	1123
f2183b63-0faf-45cf-ada1-f5c849cdd29a	989
f23f533e-c876-4f0a-a067-f41002bf181b	1056
f246e535-b928-47b6-9fd9-44dc3577d6ea	982
f24ca392-d9df-48b9-804c-330c45aab27d	401
f24d1b07-7f87-4266-8e7a-7cd3b7d2e744	1495
f252efb6-b21a-4e25-9fc7-45b2c7efb19f	1283
f25e14f6-7419-4a56-b92e-6cb1166faed2	1385
f2646040-f03f-4ba9-b4ae-0431ae40a695	1039
f2697b0d-b6ce-4020-be06-e2138c0e4608	1033
f26a87c3-eea0-43b5-ae24-737c1afda7f8	1404
f272118c-3639-45fb-84a7-4dd3d8f1f279	1259
f27a61ca-6d37-4161-9977-3e9573d81e2e	1372
f27d9832-8cae-4e5c-b706-6dcffc80d257	1116
f27dd714-abd4-479a-9693-189071e6514b	1135
f27e15ab-76ca-411c-bd21-577a34fa109f	1421
f28a8150-b9e9-4790-8d94-fb97647b8cd2	977
f28bc3c9-59f9-405d-a9f3-032f537be5eb	1350
f2930135-3351-48aa-96b2-f0177a8fd880	2253
f295d67d-05fe-42b6-86dc-4d6cab39a3dc	1092
f297334b-4428-41fd-96aa-9955b9cfb219	988
f2aa6a35-fa0f-43a7-84cf-c92732e19af8	561
f2c1124e-a42b-49f8-bfd8-598f94d216bf	774
f2c35a23-8604-4428-a75e-7d5b0e2859ad	775
f2c55ac7-50c5-4839-9875-8de02d851c57	1242
f2ce6534-86f7-4986-96e6-a665bbc1a819	1258
f2dae4e9-2dfc-49c2-9841-7421554f37bc	1053
f2de9cdd-21cb-486b-99a5-84d970495eeb	1013
f2e939d3-64cd-4b1c-b9c5-aadc8c5fd871	1069
f2e9b8fb-e2e9-4e56-a3cd-dd0475847c13	1348
f2ecd48d-34f6-4671-9f38-170cf73db6c8	243
f2f405d3-cda9-4ca9-876f-0919bd33a6ad	824
f2fd0fb9-ec58-4150-b001-cdfd377861c7	1071
f307a027-0a3b-445f-a1ae-97fddbf5beb7	1082
f308c3fd-b1e4-48aa-8a77-899295c83519	1728
f30dfdbe-5e6a-496e-b8de-84c2cde953e3	1236
f30e9545-6bd6-45ff-bff5-45f2a37c83a7	1221
f31d6308-bf03-4692-acad-b8babe3e1149	2485
f31d8f81-93d7-4619-baea-64f2b4190035	870
f31e6a67-e778-4f3e-8f7f-fa2313e4a897	1845
f320d76e-2533-4bef-9e2d-fb4ccdc64b99	1021
f34cc6ce-651a-495a-878c-3eda0ba323e7	1076
f35471bf-b165-4db9-8e96-123456f373d3	1265
f3651b9b-2db8-49a2-a29e-1c89f5abbb4e	1355
f36fe691-71c9-440e-a7b8-9adbc6fdd504	1514
f3714d39-d973-419c-96d2-91b79e57fee2	1020
f390c92b-7a64-4331-9805-f41c9af67502	1029
f39520cb-0747-474f-86cb-dba498615b6d	1054
f3a9ea1e-327c-4608-9823-3bc766c0f2df	1112
f3ac20fe-8186-4cc1-8aef-9e81953972a5	1069
f3b81100-08a5-4ecd-8c0a-b5710294b163	2163
f3c89d15-5325-4934-b940-2db65ad23bf5	2123
f3d0d1f8-ca59-4fa7-926a-d16d73898d5c	1191
f3d200f0-2b32-4131-b47f-702034e0db98	1510
f3d82135-5c04-497e-aa69-e1f626eb0263	1020
f3d99e44-dd63-4fbd-80e5-a20bc1f1c587	1246
f3dd0386-559a-4db7-a652-a0d91c6e07e4	1038
f3df7ee8-6df3-46f0-a900-cc5aab974366	1091
f3e20ef2-261a-4eb5-b066-d10dd16ab610	1070
f3eb540a-589f-497b-8de7-11ec80b079c7	4997
f3f1d7d0-6779-44fb-9465-f7ad1b4873c8	1326
f3f45b38-4507-4109-b1e2-45622dac5555	1392
f40359cf-9f1c-453b-a7e5-c505f5d8cb4b	1050
f404eba7-8e98-4d0e-9bdd-5f798830dc81	1314
f4057767-fdd5-4253-abfa-aeb156c06e10	1056
f40e815a-e772-4644-bed6-81f134150671	1020
f4100dd2-39cc-4280-b9af-f2f639e3b151	1143
f41dd554-e5e6-44e4-90f9-ba90b32705fe	1132
f41dde3f-bf7c-4ef7-96f0-8631f7e9d42b	1136
f420d3b4-cb7a-46d6-99de-ba0ebbd968e4	1141
f428e100-52f0-486c-92dd-fe815fe7a33c	1007
f4361fae-39f1-4431-8548-2bd3713e1059	1052
f437af6d-7a1f-46aa-87e2-33acd058f9bf	1059
f43b6735-1db4-497b-93ee-badabd948ae0	2223
f43bef72-a960-491e-847d-cec961ad3744	949
f43feb29-6749-47af-94df-c485ce0e9409	1060
f44a5dad-5aaf-4b17-88f7-b0e509f845db	1024
f45557a8-c50b-4511-a753-197e002a482a	1109
f455d891-e148-4a27-a6bf-68a18116ae33	1101
f456c4c0-ac87-46e0-b5ba-111cf662b269	1063
f464b0c1-de3e-4bf0-912d-b45945b95d72	1095
f4696946-b677-4422-a76b-e9c7301eff22	1002
f482b0f6-21f9-434b-a794-b879b9b794c9	1087
f4b3e944-8747-47b6-8e03-699881dab1ba	2293
f4b3ebd4-637a-4133-b202-c659c3472d4a	1240
f4bf58f9-598e-4db8-8f5e-aa79cc1ef05c	1017
f4c6afd5-fae6-4aca-9ff4-a21171500dd5	1888
f4fd91dd-4809-4f7e-9d23-4e53679dec57	1014
f502ab12-2ca1-4f1c-9c7f-7a9440c9b643	1051
f503b74e-5caa-45b3-99cd-543976688536	1076
f504eb16-a2e6-48bb-ba18-4f0da64cc415	1121
f50ab5eb-4d33-403a-98a4-99528aebb3c2	1109
f50d6ea2-7260-48ed-b887-7a8a5daae83b	899
f512d4b9-ff8d-4785-b219-20240bdf6cae	546
f51d6636-2e1a-4da8-a897-cb935a68a98a	1085
f51f8332-cad0-431e-b3a4-444eb1a16f3f	1082
f52f3d33-13be-4dec-b2a0-2d8d378dd948	1038
f530b038-a149-4809-9194-2c55ece39c17	1150
f5318852-5992-4901-9691-e4c141140016	1101
f53426e0-3018-4727-b90f-77e9214a5575	986
f53ffff2-b82c-46a5-9f04-cf1b943d5af7	1121
f543890a-5e88-40c0-a2da-45842c4f7e3d	1065
f55f904c-09dc-4905-825f-613aa76ed0a4	1048
f564ac01-b3af-4258-a8f4-aee89a96c85a	1035
f5665471-fe9a-42fe-91ff-fc160e1ad1eb	1085
f56909b0-8673-42e5-92ec-6c22e07edc4f	1102
f56c5330-d0f8-49b8-8054-9909d798ce6a	995
f5829df3-a0ee-4bc9-b612-f55b476eb88a	357
f59789e7-dd53-409e-b39d-929db23821e2	2522
f59f5f08-c22b-42e2-bb38-97b7306f1970	1069
f5a11ceb-cb1b-4d26-bb3b-6d25765664e5	770
f5a4134a-a1b6-4051-b99f-2b3bd67b55ec	954
f5a41fd1-0501-4e88-983a-69ababa6bc2b	962
f5afe5a8-963d-4810-b0ee-d28fb6cdf5bd	358
f5b2c828-303b-4112-bdca-e270f45307f8	1224
f5bbd49d-0518-4c27-a9d4-4e89ab0342e8	1110
f5c55f6b-5483-428f-aeef-52b9c4e50eaf	233
f5c95556-45b5-4c72-b8ad-23b7141b854d	1306
f5d51ff2-07ee-4492-9b43-0f1ff7e3e90c	1144
f5df3a80-6d99-49f6-9e69-f2177f60320b	2290
f5df8978-4690-40b4-aa82-fcead6105914	1090
f5e09d37-fd57-4887-9816-7975387b7aa9	1277
f5e191e7-d0aa-4d1c-8c38-c76fe7c91ae7	396
f5fac52d-d160-4617-b24b-6d264c59322a	1067
f5fdd7f5-66f4-4ac9-8af2-f212e8308742	1077
f606acf2-d480-4679-b95f-a295a32e0c3e	1094
f614a5b9-1e8e-4d03-90d2-a0a13540781b	2217
f61a4e99-45dd-46e3-8d45-7a7fa4f82f5f	1025
f61fa0fc-e8ae-4df3-a2a0-f47935c6a071	1062
f61fbdae-ba9d-4249-92fc-6662f8cbdc1f	1066
f621071c-debb-44b9-8ebb-3ac988b370e9	1079
f6267b8e-3b07-4cf1-b590-c5c7816618e5	1118
f6289b14-db15-4a00-80e9-cd71de425e74	903
f629d86d-59ec-4e6a-a0c5-553670006eef	693
f63572ad-55f9-4c67-8c0e-042c490e9f7c	1046
f63a2371-4113-4582-9a86-9a16ee03b316	1248
f642ecb2-561e-4b05-a18d-25b8501a008b	1000
f64cc92f-4c37-4197-8dd3-ee19f98943f3	1067
f65954a2-2cce-47fa-a539-bc6adcfdf64e	845
f65a3701-1baa-4b89-bdcf-a19545922271	1014
f665a0e5-26ee-4240-a0da-401347e75429	1131
f66fad2e-1302-4c17-9bc5-b2a57bf1a73e	1394
f67d41d7-7717-4132-a381-c0bd4a682bb8	237
f67faa87-cf5e-4f19-a318-9e3b86c5dd34	2278
f68d0e9c-ffee-4b3a-abd1-b40ad513e22c	176
f68fc9da-628e-426b-9d72-6a564c940e99	953
f69ae16e-8367-45d7-9905-3c1f0fdfe641	1517
f6ad8dd4-f55e-4134-a8a9-ce994efd5168	710
f6b361eb-ba2c-4c63-90cb-432b82b49abc	1053
f6c59a86-c6ca-4cc0-84e1-ae1e53575f03	976
f6ca260e-1b99-4db2-bc10-e93a1ac9bb87	1257
f6d1d85d-d07a-4de1-b657-633527c2c97a	1101
f6d36c07-3e69-409d-9f59-ca4db09b3f30	1114
f6d452d1-a142-4cce-808f-32951b83f221	1242
f6daa530-417f-4584-8d68-61a1e8a2bf53	994
f6df233d-0a86-4b9b-bf3a-dd6d80dd0671	1058
f6e0885b-1f6b-4bac-9c4b-d82dc1064945	1059
f6e19a8f-6452-4e88-99ad-33a3738e0990	1082
f6e41d89-44e9-47d3-9594-a908e8708cdc	629
f6e42d3f-c3da-41d7-9af0-15bc2fca585d	1062
f6f90f6a-7db5-481f-adea-045ed47bc582	1225
f6f99dfb-b1c6-465e-a24f-b117f5e2dac5	1065
f7007033-1833-4552-80f4-8b39bc571132	1222
f703212e-008e-42b4-b9f6-5bc02c7169c8	396
f70eae46-6e48-4845-ae46-ea8db4adcd08	994
f7120172-8690-4609-b06d-e574ff842ae7	671
f72dd76e-8fd9-4b64-bc3d-d1e7a58b97b1	1044
f73bf0c9-740f-4718-8f76-c08f4c84c51d	720
f73c757d-3720-44e2-bc4a-dd749b76666b	1390
f73f4507-19d8-4fd3-b2c5-c8b737989bb5	1008
f74dcb57-7e90-4582-9246-af73f349efac	901
f7514c25-18ca-4bf9-951b-ba7274e59535	988
f753dbe5-1b22-4942-bbda-1ce8afa2d82f	1074
f757b6e3-d4d7-46e5-851f-522e40f9b7d8	1071
f75a5140-3eb6-498d-a327-ee528f86f4ff	2267
f7638966-b21d-42ec-b4ff-78fdeae7a971	205
f77565ad-17a4-4a1d-b3b5-22287ff3f72a	2216
f77cbbed-490d-4026-9bbe-ce34d13fb350	615
f781170a-429d-457e-8c27-f22e85bfa876	1068
f7815366-d986-4998-985f-5cb85a88a168	1057
f782be14-b64e-45fa-ba4c-8f1345206db2	1777
f786dfbc-b01a-4840-9541-a0bece56fe86	1055
f7987dc1-afd6-46d9-b8f4-4cb36b8b6c99	1072
f7a5aac3-d572-4838-990c-789209cc16d5	1530
f7a5d774-10e5-44a3-a5f8-cc2463162aa5	482
f7a7a504-ca5f-4b80-ba0c-e48246388108	1072
f7b1d074-d500-4f8d-95de-209595b3a191	788
f7b2df14-8aea-4726-9f14-b027c3e2b738	1063
f7b46811-047e-468b-9910-f622cb7af057	2096
f7b5a02e-0899-45f9-b5a0-ab4887136ae7	1012
f7b90bfd-bbad-484a-bac7-b83637c36710	1059
f7b9137c-9a7c-4eaf-82ac-2c022e706552	1083
f7bf1db2-4c4e-41ac-b88f-06d2bbc7abea	1039
f7c0e290-209d-4911-a705-a281dab63c67	1067
f7c21159-19c7-4973-a6c1-28ac27346be6	2151
f7c8344a-8e08-44c1-a948-5ee7b44b137d	652
f7de5114-92a6-4346-9730-db33d6541d64	1076
f7e48878-8a0c-40db-bafd-96ab75ec1517	1031
f7e51c13-7c3b-4112-9d2e-655eee087a21	1095
f7ea319b-f97a-45b4-aa65-0f137b46c2aa	1063
f805c432-e5eb-4899-9ad8-e1f2b55839ec	1221
f80c1913-8c9e-4ab3-aae5-7092f70c579b	1106
f8128a43-9564-4d6b-b72f-72dd158bf4fc	1033
f816e8ac-59e5-4513-9536-91a7f0ed73df	1257
f82cd3e3-8dd3-4e0a-821c-dd41caf65ef4	1050
f841dbd2-f800-49a0-b357-041c41d977b3	1066
f857b671-5720-4262-99e2-01009a5fd7b5	401
f85a00dc-a59b-4870-b1de-d635e572130f	1030
f869fc8e-f159-4079-bb3d-91a2d1afe2a1	892
f887e164-7015-4336-978d-b914a90b45ec	1500
f88c17f3-f6f8-456f-9e4b-986020e24b37	361
f88e6a24-2c23-4a0a-a303-3a474b759cb1	838
f8929c93-2b96-4e1a-b3bc-4b17c600d749	1085
f8a05bf5-b506-4244-8413-da4c7c0ba2bf	1000
f8a6c0e6-ed06-4a6a-8a27-a693b1c0b88c	1241
f8b9cc5d-7515-47e6-848e-8f33b0449b2c	979
f8c1156c-8065-472e-9def-ec28838f9b58	1164
f8c2127b-19bd-482b-8230-f8101ceb82ab	2002
f8ced5b4-cd9d-4db9-9d50-d9f929218388	1077
f8d2cbaf-831f-44a2-8206-3bd12e5c1059	1196
f8dbcbc3-3a83-49bb-a6a3-a8210467a5aa	854
f9013750-d098-4cfe-b3e6-47784b41f3e5	1060
f9086525-726c-4c5f-84c0-4ccfcfdb8f5e	602
f90ff768-f61f-4f73-ae5b-8bd24e2eec5c	379
f91127c9-c3fe-46dd-adaf-c9a253584d68	2317
f91a55c6-e875-46ef-8836-92eb313afee0	2456
f91dced1-a8ab-4d70-b397-58c0fffe32f3	1136
f92260cd-abf9-4c09-b424-4f2f08762559	1082
f923c4ee-e232-4def-b20d-bd1170b4e6d7	962
f9261d4f-bbb7-416e-8ca4-68b6c66a0f59	1204
f932570a-d9d4-47ed-925d-9c646364b2a2	489
f936bcf2-1f40-4cb2-85c6-59b5717a0c45	1070
f9398f79-8e0d-4cb7-add1-37a29ab0b562	1032
f93b6624-9fb6-4f4f-bc3b-8ff0b2c99361	1212
f93db7dc-d778-4f63-aa69-7357ea686cd6	1143
f93ea23c-eb5b-4149-94b0-b8c29e7fa3f0	1093
f94c6b3d-451d-412a-a7a0-bf8c8d0f4504	352
f953ef13-3043-4ef3-9829-5f23290194ae	353
f95ab37c-5964-40dd-917d-802ad48c7488	1146
f9623a08-67bf-40be-95ca-bd51f671ea53	1058
f9629ab3-c3a9-4a49-b663-bf0e4f281a29	1017
f96e1e4b-fe57-4a95-876c-4273ed174e76	541
f979df14-761e-4dea-8687-b4218aa77d5c	1136
f97a8de3-098d-4ebc-a278-fe74a165955e	858
f97f14c0-8b1b-4031-b6d5-5bbb766b7c96	1061
f981656b-e368-48ce-8444-f9c50016df15	1058
f98237e2-c3ed-4f0e-a82b-308f34be3a20	1141
f9853351-b808-4675-b26b-37403db829b5	391
f9970a3a-8359-456a-a186-c5e4548541cf	1125
f99dcab1-202f-489d-91fe-46890b525dac	2052
f99f97fd-5c70-4fb5-98fe-bb6b5f8c68b0	1159
f9a31a65-455c-47ae-b23f-ff6ebb06aafd	1135
f9a53f7b-e759-4b9e-a343-0b3e40e1000b	1075
f9a9ed14-a365-4a21-b150-2c8f08cdc77f	1073
f9ae0d91-2446-44ae-ae48-f40f3e48ef38	2302
f9b333be-7a8c-48a2-87e2-37b90863b257	1169
f9b43d85-f092-4d70-a68b-b4557149b9bc	1359
f9b69e2f-a110-47c4-bea6-7de186f5164f	984
f9bb624c-8209-4129-9bdf-5dbe69af9368	1081
f9c77d58-70ef-4a22-af45-b1f563f7da6c	1067
f9d1866d-56bd-451e-95dc-1a8b74774b47	1231
f9dd031e-a646-4a6b-9329-6c5f7680eb01	1025
fa02182f-7d04-43b7-832d-b45c8c666ce4	921
fa079021-2a7e-4411-b67d-ec91d789a28c	1119
fa0c4ba4-dc85-43ec-a739-7c10d5446b87	1073
fa1e444f-aad6-4fb2-b332-4c98d196948d	1078
fa282544-cb29-4494-b06e-00e8ef09035f	2619
fa2f28b7-eb48-451d-b463-0f7a64b5b804	1057
fa302557-54b2-4a0b-9b19-856d98caa63f	1079
fa313583-104e-4b8f-9d71-85459eeb7499	687
fa3418c1-7c42-4448-a275-995473ce545a	1054
fa38f13d-1938-431a-a90e-c8566f6b5a1b	1125
fa395776-f14f-475c-ba24-91480afaaf8d	979
fa3b416f-cb44-4f91-8aed-8721fe94dba2	54
fa4b1f72-ce17-4641-ac38-2711b74696ba	1145
fa53e494-a7d7-43a0-81c1-459d2b7ce415	1064
fa5e2229-c331-4dc2-8342-faf5b2a4e83b	1080
fa648b72-25cd-48d1-ad97-3096dc3a3812	1055
fa68881c-6a20-4288-9211-7c102511a08a	1017
fa6da34a-044b-4798-ada6-1c86917a597b	2464
fa6f4715-9e04-4437-9ef7-9e72f1a24898	1127
fa7611f9-2642-476e-8c77-048fb59346a3	1064
fa76af05-4f83-4fcf-b7a6-be1e0f8b64bc	2456
fa7b0bba-ea04-4c37-9e0e-e9945f5ac04f	1128
fa7c9018-f1b5-4baf-9378-2a21675f2e8a	1051
fa81f8f5-c732-4aa1-a6d2-1762d6ad37e0	1044
fa847f1a-efa5-4310-b95d-f883052739b7	1014
fa956a74-3d12-4e14-8a6a-575be7daeca8	1082
fa983763-ec0d-4068-bbce-a202e4ca2ff0	991
faa06fe3-a6e0-488f-918b-4102ad84b257	367
faa3576a-b466-4bb3-b8d9-37a2def96d10	1997
faac62b0-8f9b-43a7-8b6e-77c6c0b5f66b	1516
fab25b83-da77-44ee-93bd-cb58e28ee36a	1085
fac1e7ea-8c12-4e1c-8c97-abef13a82002	519
fac6b0f3-1b0d-4e7f-b496-0dc8b9193d38	1062
faccf0c3-e634-4c7f-8279-8ba67759f06b	1062
fad6180d-0941-4012-8c09-45c27f7c0608	958
fae22c3e-fded-4d5b-aaab-a60566afdd97	1125
fae6a78c-12fd-40f3-8532-4a1cfa568baf	1071
faf86d2b-5924-4a34-b043-a82be0e9e4c3	1038
faf9a30e-f98a-4289-8b7c-69c176628c33	980
fafc37a4-07cd-4719-b938-3d74ff99a2cd	1033
fb08210b-f1aa-4ed3-8b74-586336973384	940
fb0d4c1e-285a-4f7a-8e95-14a4d5b29444	902
fb1896c2-9891-4dac-830b-1d0d86439679	2076
fb236a78-98fb-459e-930b-03e58f2c56b4	1190
fb2480f3-0452-4851-bf1e-4f041138ce24	1080
fb33795c-99b1-41d4-a7d8-5be8070aa085	1257
fb3ba57d-6e66-4af2-a380-ea945e219542	931
fb3e8f70-6976-4d7a-b310-daeff05db335	974
fb42419b-5a33-4af3-8a09-272f01a88118	1463
fb42605c-d341-4500-965f-1e474e3ed8b4	1039
fb4e8b70-0919-4ed7-b574-4438afca82d7	1071
fb588103-3580-4c84-b5ec-2c9f189352a6	1058
fb5a23f6-c639-4e8b-9924-5b6e51fc88ff	1211
fb5e88aa-9ef2-4225-8f64-6c36f1d482b7	360
fb768281-6659-40e9-96cc-485f49e55402	1075
fb809ba2-027a-4acb-a169-3aaf0356173a	1053
fb847f00-64f4-486e-94aa-b3a213a9b22e	975
fb88e974-90d0-4f52-ace2-c19babca033b	1061
fb8d8f91-8d49-453b-a749-191b615840fc	1047
fb940cfc-ac58-48da-b1cd-08f910f0eb93	1249
fb9b7f9f-c3c1-4c0f-874e-fea30bf102bd	1345
fba996ab-b6cd-45ad-aaa8-a7b04bc25256	1047
fbaea437-6dfd-4d40-92fd-32b202c3b1c0	1085
fbb3a014-4b1a-4ae8-b792-1f8b9a8324ea	1034
fbbefe95-18ae-4174-9c82-d30c0fb1e54b	220
fbc173ac-541f-4518-a769-c701f80efc13	1122
fbcfc160-e844-435d-b65d-f57e8d85872b	1059
fbd21f8b-44ad-4ed7-a52a-c8e2722d5e1f	4695
fbd65988-a598-4134-90c2-8873f17aa9b7	1009
fbdd5a0c-31bc-42b3-a856-9963d55051b5	305
fbdf207b-c1b8-426d-ba9f-5f99bb1d2647	1183
fbe75e2a-d830-4de7-9fcc-25c32176f7f7	1122
fbed5176-e88b-4906-8366-677c3681822c	907
fbf02d7f-b9f2-4b3b-8f4a-377aba58d41c	1074
fc0628ea-d4e9-4f3f-ae0f-8019e94907bb	1049
fc0dfd9e-7bf9-442c-88ec-d9cd0d82ae54	4007
fc103e80-aea0-43d9-973b-774fb04a3fd1	355
fc181786-2b7e-4651-a5ec-31caf0c8ede2	402
fc200174-d83f-4d16-a4c5-3c1b110be3df	245
fc232ae4-4751-41b7-919b-0f57bdab6e0a	1055
fc260c32-9dcb-41d9-96e9-f044e4000f93	894
fc2fb4be-8287-43cc-8961-8ee8814a5e4e	1093
fc368f21-f558-4ef2-8d78-eb69a6f868af	1071
fc3e4f22-3cdb-4255-a1e2-9f1f114b9536	404
fc3edb47-9df0-4677-aab8-f30b80c466f3	368
fc516291-7888-46e1-b6bf-abf7b8dec75e	492
fc5d8035-9234-411a-ba44-827c292d001f	2422
fc8915e3-5924-48a8-a6bb-80f7c4a82bad	438
fc8e0cc0-34a5-4785-9c1b-f5f0bd4de071	1061
fc919151-1e32-4203-aec3-d72728903202	280
fc91db86-b4f8-4162-8b3e-4d53dea3da65	1242
fc91fd13-69f1-4971-a991-443d5c25f50d	381
fca2be4d-de15-475a-b2d6-6b0bc79bd6c1	1241
fca6ec2c-9b0c-4e2c-938b-058769464107	693
fcb07ea7-1373-425d-8166-d8328b08457a	1056
fcb274e5-f950-4a34-862f-46b53474eb1d	449
fcb32b76-3066-45a0-a638-88296c8087a0	1482
fcbd72aa-0940-475c-be3d-21c30646c4e6	439
fcc5c923-a75b-4627-b0d3-e5743fdfa331	2010
fcc9cc1c-6c06-44f6-a689-3c567523e975	1066
fcc9d3bf-90b1-4d73-967b-5ba88e1514d2	1098
fcd1576b-1e7a-4d87-98e6-78ba392f47e2	1080
fcd70f33-3b08-4e3d-acca-27ca0bfc27b8	1122
fcde2281-8443-4043-828d-aa5a6b0b37e5	1063
fcdf5e8c-5ffd-404d-9374-f10372ef020e	1007
fce7b9e1-8773-4e32-8ccb-6bfcd58cc433	1226
fce81752-2cb8-44c3-a400-32bf48115b8d	1125
fce8e847-7c29-43ca-86af-d5c27b8e750f	1075
fceb97aa-f881-4ffc-8cbc-38db2fe8efe2	1090
fcf4af49-c41c-4e11-90d3-75b2ebeeac72	1069
fd0322db-b0df-4d57-a12f-98f25e9d9b50	1060
fd049dbe-5440-456e-aa99-130cb40d4f3d	1045
fd062987-9955-4404-834c-46b24af8af1a	1041
fd0892f0-7e42-49e4-a24e-19bf40915182	192
fd1511ab-d35a-4712-a880-b272bcc5334f	1081
fd193ab1-2afa-4256-8086-f3af0c0f901c	659
fd276c10-b3f1-458d-9d69-5624dca6583e	1120
fd3068e2-6b5b-49c2-ab27-b8df11c21e1e	1058
fd395889-9a16-4fe1-a894-bd30ea123f57	1142
fd59ffae-58b6-4c68-b0c3-531a52a0388e	1116
fd60033c-1cbf-4161-9bb2-f0ec63bc5974	364
fd6102df-36a9-48e1-8d73-2ddaa8bf24e8	1048
fd68199c-348a-4e00-b71a-028cafac9919	576
fd74bfcd-7e21-4bc7-973f-abad5188edd7	1067
fd7c175c-17eb-4ddd-a425-321eb4e1d6f4	1453
fd83d737-ccf3-49d2-b89f-5dc7bd07b0ab	549
fd84f3d9-2ada-4190-b977-43af99ee7504	548
fd8817c0-5f97-4a7a-8c8d-5d94b36d1825	1073
fd94ae68-2124-409f-89d7-3c01bd04d262	1067
fd9a180a-52fc-4429-8f85-9fb1433feceb	385
fda78c64-bb56-463d-bca6-219c3acad26a	1047
fda945e2-c1d5-435c-ad52-1c9a777fcbe2	1142
fdabee1e-b117-4431-857b-ec289e095f3a	1065
fdafb8a9-e18b-47b9-bc8e-65d908500613	1054
fdb30fda-669e-4082-adc1-cb22b74d391e	1208
fdc18148-b44b-43eb-8b71-05245d5df5df	979
fdcc74e2-1178-4cea-aa0b-81c1b7d4cc7a	1017
fdd0c0fa-d4a6-4965-81e3-0012ac1bb6de	1066
fdd44309-2c2a-410b-9db9-c74c4ee03504	843
fdd888a1-6093-4743-83fb-2abc1a08116d	312
fde06910-0956-4cb2-bffe-941e7050fc0f	1148
fdea69dc-86ff-4e9f-a67e-ddbfe5d037b4	1052
fdec9451-69c3-40aa-9021-fcdc6a05a1e4	1394
fdfdfacc-490c-420d-a757-4c2a579d8423	911
fe07f6a6-4bec-4edb-bb62-c06fa63e2b46	335
fe1837c3-d3ee-4a07-9c00-60ff0d7eec7d	964
fe237f28-3667-4dc1-a238-cdb774cd8ddd	1131
fe286166-c68f-44d8-81e7-d5f915e9d7dc	1069
fe2f11a9-7f71-48a5-b3f7-0395ae64716f	2141
fe32d978-8760-4769-917a-4c0429f4310b	990
fe3483e3-be3f-4489-ab11-ade6f41106dd	2169
fe3bd870-fcf3-440b-b42b-c2c157a16b8f	2020
fe419cc2-6705-4d17-811e-3cad84bfad76	1064
fe5c1f7a-21ed-4e99-8846-15bc18a46191	985
fe5d9ee0-1f4e-4c54-95f7-0bfd2c3ce431	1194
fe638b8b-1a33-4b40-bc9c-70f08c51e6d2	1089
fe65d601-66b6-4b55-a11b-181f2eb5b60f	1256
fe68bd5f-170d-4ea0-ba4c-7f0728bd2dfc	1178
fe6fe584-1f28-473c-9ce5-caffea324ee3	2549
fe7fbf6b-b387-40ec-90b0-26fa3e01a143	285
fe8322ef-5bf5-4a1c-b04f-b788d02daacc	1354
fe94f019-af88-4a06-880d-73c3368bc9d8	1185
fea73c48-fbfb-4056-a378-02bc73446d5f	1043
fea87478-5d44-4364-9c6a-07ad55e28337	1103
fead8074-3c9e-411d-b24c-e8958eca9d2b	2189
fecd08f9-112b-46e2-a4c6-6ed44b2c1d67	1034
fece9a71-0b24-4b0e-9b03-49c686e44fd8	1142
fed5a4f4-e638-45d0-86da-e8fa9b73b47a	395
feda2ee8-454c-4ee1-81d8-61160d733835	281
fee78b55-5ed0-48cd-8aef-5a1f5cfda6a8	882
fef0a1a9-487b-4e1d-8254-94bdfa741536	404
fefd5589-b51b-4e18-ae95-29cc1562599f	965
ff0c16f2-9290-4df3-97e4-9e89776980fc	1549
ff12f972-6c60-4f42-821f-a82b41f93de7	1057
ff13e2a1-4659-4e93-b221-efb92292edfd	408
ff267a92-26e1-479b-9957-9eb88bf4692e	1031
ff2d94a4-53a0-4092-8317-db7416decd2c	1390
ff4c9cfc-2572-4dfd-880c-35b840902408	232
ff50af3d-e1cb-4781-8142-e43d1bec13ac	1047
ff538475-2280-45d2-9f5d-7fdb6247a5fd	1279
ff58c6fe-d379-4d15-baf4-46e15e428848	1185
ff5cefb8-d756-4eda-adc9-f04f98cc477a	364
ff61cd01-a8cf-47a1-9932-3daf295704db	1058
ff697f28-a936-4542-8f9c-c897094d4665	1131
ff72f88b-3d2d-4d4d-9673-f9053ee0986e	779
ff774cb2-1e3c-4ec2-b110-5c5b42465bd4	1074
ff78cebb-337c-4184-a268-02c0e37c380a	140
ff7f4231-6ab8-48ca-9018-8c3fcd89e989	1072
ff8d935e-7da7-4614-9e4a-9f4b8f75d899	1248
ff918fde-41d9-4528-9397-0250aceb1e77	1052
ff9819b8-da2f-4235-b412-bca1aad8c6ae	405
ff9c5665-6821-4768-8f83-9321e70d6a11	1290
ff9d59e5-127d-4bf4-ae88-fc188b8d1a3b	64
ffa2b1aa-22af-4a70-9427-c90bb14a6a3c	1080
ffaea023-998f-4704-a19e-14e2ea8da354	1079
ffbfdbbb-b7bd-4d47-a744-980a9d2995c2	1067
ffc0b5b1-5dfc-4486-ac15-eb7bdfc76a5a	1039
ffc5882f-6a97-47ad-b707-b5fb88631725	2171
ffca9181-0931-45f7-9f66-5eae0f2a016e	1045
ffe0a2b5-3ae4-4a63-b1b2-e8d54c836548	1387
ffef212f-b308-42cc-84ea-364483ae9660	1060
fff760bd-50bb-41dd-964f-f999854827e6	1092
